9000 0 0 1
1545 1630 5
1545 7745 10
7619 7745 9
1630 5760 4
3001 7745 8
6921 7619 8
6036 7745 6
5760 7913 5
1568 6036 8
1630 3383 1
1568 8605 3
1545 2975 3
6921 7214 3
1545 6670 1
5760 8460 7
1630 5561 10
2975 4116 8
5625 5760 3
1258 2975 4
28 1545 3
1806 5561 2
1806 4124 1
7048 7619 10
4124 8112 1
28 4067 6
4116 5227 8
2326 5227 9
6198 8112 8
5760 8727 9
3993 7745 3
1568 3913 5
5625 7560 8
4116 8864 7
233 3383 4
5331 8112 1
2975 8780 9
4117 5331 3
406 8727 6
461 4116 6
3847 5625 9
3458 7619 5
5406 5561 7
1806 5788 5
7745 8385 4
3781 7214 2
2475 3993 1
759 8605 9
4080 5625 7
1505 5331 8
731 4116 8
5413 7048 8
7619 8731 9
5561 5848 6
3993 6296 5
3458 3919 9
5748 6036 1
572 7560 6
4067 4485 4
1210 5227 3
5561 6490 1
4124 6861 7
2183 4117 5
172 4067 4
406 3298 9
6928 7560 4
3251 6921 10
1962 6921 8
301 1806 2
5788 8190 2
177 3993 3
4218 8780 1
903 8385 10
406 1421 1
125 1962 5
3413 3781 4
301 8357 10
1105 4485 2
1630 4238 1
8460 8562 1
461 7027 3
3847 8957 2
5612 6861 5
2975 3589 5
662 5612 2
3635 6921 2
1313 5625 10
1640 3589 1
1420 7619 8
5748 7103 6
5149 6490 8
3635 8012 1
3589 3702 5
172 244 2
4021 8562 8
1258 4950 5
3781 8186 1
1545 8925 8
5066 6670 6
2470 3413 2
4970 5227 7
2453 6928 3
4818 8780 8
194 4117 10
1210 5631 9
2458 5612 7
164 1421 6
3554 6036 6
5227 5907 10
8112 8730 8
2903 4117 9
7913 8171 10
1545 2441 1
2470 7114 9
662 3553 10
3589 6084 4
560 6490 1
7943 8780 9
2458 7574 4
2903 4585 8
560 1219 7
825 4021 10
3589 5636 9
2441 6307 10
124 3554 8
601 5625 4
2773 5227 10
316 5760 6
3458 6817 8
897 7103 3
2977 8190 2
1219 2534 7
2475 7368 1
4067 6501 4
1348 1545 8
7214 8464 2
2398 2475 5
2977 3590 4
5631 6448 3
1962 4430 8
661 8780 3
3383 5759 5
601 4589 3
406 2527 7
316 6453 10
4503 8171 7
1258 8167 4
560 8268 10
2747 5907 1
2037 5331 9
1806 8557 6
172 7001 1
1545 7183 7
903 5925 8
661 6643 5
6198 8733 6
194 7290 9
1313 6293 9
2903 4275 2
3459 3913 5
2872 6643 1
809 8186 2
2872 7190 8
5331 5976 8
7192 8385 1
28 2153 5
3447 6036 9
461 3131 3
1893 2153 7
5413 6930 9
809 3825 4
560 5382 1
3274 6921 9
530 7001 5
8557 8695 10
2527 7429 2
788 4503 10
3913 6003 10
731 2900 8
2453 4212 5
7146 7619 6
316 5874 4
560 4675 3
2515 4950 9
468 731 8
1350 3251 2
6382 7048 8
541 8171 8
2747 3470 9
1586 7114 8
825 8274 4
5227 6071 3
7074 8274 4
4067 5520 2
5760 6581 7
244 1741 9
1568 5414 5
7429 8298 5
233 4684 4
825 1185 10
1568 8591 9
2007 4238 3
2991 3413 5
6327 8730 1
6490 7439 7
2037 6698 10
3638 5149 6
3448 6036 7
2436 8591 1
8562 8928 9
4443 5520 9
1520 7290 4
23 4443 4
1640 5790 7
1441 8562 5
983 3298 8
4069 5748 4
4117 5992 8
1595 5612 4
2561 4117 5
5664 6817 2
5253 5406 4
4732 6817 4
2561 3377 5
983 3662 9
560 7551 9
7619 8044 8
5018 6453 1
1210 5051 3
2037 6939 2
2336 3589 2
2104 4818 6
3259 7560 9
5367 8957 5
23 6414 3
1350 1561 5
5413 6195 6
1618 6921 9
3988 7192 2
7082 7114 9
2201 5018 6
983 2615 4
2561 7357 7
6119 7027 4
3796 8044 10
6327 7998 7
1004 7745 10
1815 3251 8
1760 5066 5
1785 8695 5
5941 8780 4
2900 7112 1
2007 7868 10
4552 8044 9
5489 7998 6
825 5567 10
1345 8780 8
8190 8907 5
2532 3377 9
2955 6928 9
7271 8928 3
6581 8124 7
1741 3082 7
4067 5887 3
3318 7439 6
3131 6859 7
1595 3574 5
2689 8190 5
5980 6670 6
1314 8112 3
3919 5659 9
7001 7379 4
4443 6950 10
6185 8298 5
7048 8847 4
6003 7335 7
1581 5227 8
1630 5546 6
2386 2955 7
3207 5066 2
3693 7913 4
8211 8733 4
8115 8186 7
3626 4430 4
177 2445 4
7679 8695 8
5520 7113 4
1520 6765 6
7842 8124 5
541 6561 7
4212 5099 4
164 550 9
4765 5887 1
5925 6996 7
2747 5603 7
4497 5612 9
2153 8535 7
2036 8780 6
4069 8048 9
2027 6453 7
2428 8727 7
1152 5018 8
3570 7103 1
1502 3259 9
1122 6501 5
1143 8186 8
5390 7429 6
2903 3561 7
1502 1897 6
5907 6213 5
825 7269 5
651 5759 9
5066 6872 10
827 7998 1
2201 7080 2
301 5604 3
23 6705 7
28 2869 2
5006 8730 2
845 6198 1
5149 6540 2
1122 8216 10
4893 7335 4
2202 6296 1
2453 6051 7
1210 5274 2
2445 5481 6
5361 8733 5
5269 5992 6
4117 6687 2
3726 8190 7
7429 8899 8
4672 8957 5
5586 7082 10
5424 8211 10
3912 7429 5
2731 4672 4
1783 2104 5
1502 7028 4
172 1055 10
194 6158 10
5874 7364 8
6687 7877 10
2442 5567 5
990 1568 5
4117 6441 4
2056 6939 7
1351 2515 6
8211 8262 9
871 1568 3
605 845 7
4443 6922 3
1790 5760 10
5479 5980 8
163 177 6
28 4660 9
3702 3845 10
906 1897 10
1329 5481 1
4408 4950 7
6211 7080 3
3590 5711 7
316 4799 3
3516 7074 9
3555 8730 5
2949 3726 8
825 8154 9
3340 8864 2
1420 2603 3
4534 5331 4
5481 8555 1
2915 8591 5
5760 6799 4
3773 7114 5
244 8238 2
1143 4065 8
5051 8796 4
2883 8557 8
2884 6414 4
4275 5403 7
2326 6689 4
1258 3802 5
6765 8233 3
530 4530 3
163 3388 3
560 5061 5
5647 5874 10
2020 8460 1
1520 8536 6
1771 3626 2
3693 4243 9
1851 3555 7
316 7308 7
1441 2053 6
913 1893 5
6940 8211 8
3001 5295 4
4799 7655 1
5925 6124 9
651 3791 4
1420 4237 4
3590 5139 2
1520 2010 1
1185 5463 5
249 6185 4
2347 6950 7
2731 3636 10
2502 7439 1
1323 3413 1
1208 5711 4
4769 6928 10
4503 8461 10
6861 7508 1
735 1790 10
1505 4577 4
1482 6195 2
2304 8731 4
1586 7306 4
164 2679 10
3354 6211 7
2276 2475 5
2336 3403 5
1851 7243 6
3298 7720 5
1935 4080 6
3298 4907 4
316 5283 7
5103 7439 9
876 6293 10
4684 6208 7
2260 5760 10
81 8591 6
51 7508 8
3117 7146 3
740 3845 7
4497 5311 6
4159 4238 5
5103 6260 5
116 301 5
2204 4950 7
2224 4732 4
3802 6527 6
7955 8262 3
1208 3111 3
1630 8882 7
2968 7842 1
5647 8838 5
2517 4067 6
4681 6382 7
2137 3459 8
172 5849 5
5331 7447 1
2386 3960 2
4893 6665 9
3738 7508 5
1348 4995 9
3738 7386 1
710 2977 5
1055 2764 2
1528 1760 9
1911 8727 4
1568 2077 10
2326 4391 10
2104 4373 5
4553 5848 4
1948 2202 6
1911 2054 9
3470 7020 7
7465 8882 5
1314 8618 4
2037 8846 9
4117 6728 6
4675 5724 10
3554 8125 2
4324 8730 6
3018 6872 2
5149 7165 10
3217 6453 1
6114 7001 3
2447 4243 7
1806 5884 10
1545 7391 9
7605 8171 5
8233 8384 6
96 5790 2
2968 4820 2
2248 6928 7
1185 7409 7
2788 4065 1
2135 7868 6
1511 6581 8
109 7190 9
2248 7951 7
5856 8555 9
1369 3574 6
1441 8439 5
4138 5390 2
4380 8048 4
601 1701 3
4978 8048 10
2532 5074 9
5382 7761 9
3151 3913 8
2534 5423 2
5149 5864 4
8262 8291 9
5594 6501 3
2689 8917 10
2385 5546 4
3872 4769 4
3280 3638 8
1581 5778 8
96 6767 1
2322 5864 3
5081 6195 1
3359 5253 1
2053 2061 5
7716 8384 4
4807 8555 4
4135 6119 2
4552 5465 2
4326 4769 10
1138 4765 9
4497 7814 6
759 8514 5
1851 8930 5
8618 8650 4
3845 8991 2
4978 8109 2
933 6859 3
3354 7607 1
6213 7247 7
3063 4080 2
4159 6355 9
1348 2483 3
1545 4198 4
3251 3878 3
1080 6198 3
787 7447 9
937 5647 7
2061 4986 8
5772 6211 1
2260 6915 10
4135 8583 4
563 7720 8
809 7525 1
640 2731 2
1630 4085 10
4534 6604 5
1351 5891 4
892 3151 2
2285 2773 8
1418 7409 4
4579 6448 9
3223 6124 6
3555 7126 5
3663 7290 10
4408 6899 6
1468 2561 2
96 5064 3
4357 7308 5
6563 7112 9
1710 8124 5
2572 6414 10
3825 7625 10
4069 7637 9
1249 7080 1
781 6540 7
4818 7023 3
1897 7858 3
1761 7114 9
759 5441 6
5416 5980 9
6393 7465 5
2054 6860 2
6817 7360 3
236 6114 7
2077 2936 10
5142 8562 2
371 8211 7
1491 5424 9
1586 3853 3
3878 6846 9
3223 7053 2
5440 8238 6
2146 8125 1
1948 3360 2
2238 8907 1
1004 4912 8
1258 1961 4
6307 7188 8
5772 7860 10
683 8044 10
4415 8384 10
640 3234 1
1771 1807 7
7721 8618 7
7655 8120 5
2224 7518 2
1179 6604 1
3207 6620 2
1105 2986 8
4243 6151 2
792 8557 10
3930 4373 3
2061 2555 8
4340 7183 7
4373 8901 4
1809 3223 7
7904 8115 8
4552 5315 5
3131 6636 7
5018 8480 4
2285 7928 6
4666 7188 2
371 8792 4
2135 7012 7
7692 8291 8
2869 7450 7
895 6689 9
1060 8591 4
2441 3486 10
3403 8474 10
249 4325 3
3252 4325 9
2797 6213 7
3802 5690 8
8178 8731 10
3637 3930 2
1350 8212 8
2179 5760 10
2350 2442 6
579 3930 4
919 6767 10
4739 4820 1
3529 4238 3
5567 6476 6
1630 8414 4
236 2701 1
1632 6665 5
3223 4077 6
5231 8727 3
3532 7074 8
1152 4914 1
1790 2577 8
5055 5891 3
4021 6606 2
4675 5619 10
3443 7560 7
449 4218 9
1751 8695 3
1772 8048 3
3570 7255 5
1741 8027 3
572 4388 2
640 4600 6
1331 1948 8
2968 7100 3
6689 7614 10
6158 8193 2
228 316 9
2833 7113 6
96 3866 2
3001 5795 7
5693 8618 6
1706 7951 9
7255 8183 1
1402 5311 3
8321 8733 9
3469 7360 7
7716 8860 9
5013 8012 4
1241 8838 1
371 3832 6
6874 7998 6
683 4242 5
1287 8864 4
4212 5391 4
3674 7447 1
3102 6665 8
3903 8461 2
2238 7934 5
1706 6893 1
773 8838 10
3693 8764 9
833 1441 3
6620 8819 5
2747 7437 3
5269 6639 2
1761 6354 6
2883 6250 9
2968 3608 5
1628 7955 2
2224 2942 5
2178 2502 7
1628 7758 5
3006 7955 5
1511 6136 2
3111 3661 2
1459 8048 9
6540 7700 5
3903 8539 6
572 5237 5
6124 7545 1
277 5887 9
1915 3413 2
5605 8115 5
1536 1948 1
2056 6035 2
5594 6492 10
4963 6846 2
501 3853 6
1374 2532 3
5089 5625 2
4021 6440 6
236 7064 2
7745 8827 7
4801 5416 2
2986 7659 3
809 3894 10
3234 8986 8
1241 1467 9
5263 6604 4
6164 6198 5
43 6355 3
735 4629 4
731 1539 3
2546 6393 2
560 4359 9
2797 2972 6
640 3566 5
5089 8416 5
3852 7192 4
5649 8274 8
913 7530 7
2777 4085 8
5893 8384 8
552 8321 3
3542 5481 9
1308 5283 6
2440 5760 6
6035 6537 5
6739 8193 4
1669 7053 4
3638 8101 10
2181 3726 3
1454 7560 4
6620 7916 5
1429 4116 7
767 3298 7
2179 8343 7
692 7868 6
1296 2322 8
1179 4560 5
5748 7484 10
3457 4739 9
3084 5055 8
81 5940 4
1531 6527 8
3802 5834 8
2181 8533 1
2589 8535 9
7440 7607 9
1259 1785 1
5925 8887 10
3996 4503 3
7023 8726 5
560 8119 1
4159 8367 4
5493 5647 4
87 4138 5
5014 5231 9
3223 7707 3
4477 5006 4
116 7966 7
271 8416 1
5514 8860 7
6169 7429 4
1938 6915 1
4579 5995 6
5854 8321 9
6203 8461 1
809 6568 2
2632 2884 2
3752 7368 10
2097 7966 8
1555 3752 3
1150 2061 4
3363 7943 3
3534 6448 9
1314 5241 3
7 461 8
3600 8731 7
5188 5980 5
7386 8462 2
2978 8268 5
892 1283 2
2027 6017 6
773 1288 7
228 963 1
2047 2986 9
3469 6564 5
3663 7783 10
6051 7392 10
3663 5369 2
6353 6540 10
4391 7396 3
1531 2100 7
2900 4794 10
829 6561 1
5598 8048 8
5891 7326 8
271 5446 5
5452 7386 4
5891 8363 6
538 7080 4
668 2689 5
3006 5480 6
2428 6287 8
6283 7326 6
1172 6860 5
2165 7082 8
1575 1790 3
710 5156 9
1589 6287 7
1864 2440 5
1369 6305 4
3628 6665 3
2417 2445 4
1911 2351 5
2165 8748 5
3662 4933 10
6283 6729 6
2004 2903 2
5248 8796 4
3782 4986 3
87 6150 7
1607 6213 7
6346 7716 2
6078 8899 1
5756 7916 1
582 4970 5
2920 8764 8
6036 6254 7
5156 8885 1
1468 6725 6
1067 5479 3
1434 2679 10
194 2862 4
7720 8831 4
3470 8872 4
584 2053 2
785 7396 6
8439 8853 3
2327 7955 8
3919 4431 7
5662 6725 6
2515 3402 5
1502 3256 2
5842 8731 3
827 3502 9
3914 6078 8
3884 6899 8
651 4428 6
6817 7543 6
6226 6260 8
2004 7007 7
2434 5018 3
6316 6930 2
1472 1628 9
6254 6348 7
2955 5068 1
3919 8104 2
3080 4739 5
4495 7048 7
3363 3677 5
5567 7522 9
1179 2433 6
278 6017 6
4699 8533 5
4497 5898 5
7024 7943 8
4995 6889 6
7737 7966 3
1640 8518 7
2977 6645 6
955 4914 8
7041 7450 2
1135 1402 9
4276 4553 10
1464 6254 6
6750 8727 2
6765 7070 8
5095 7966 5
7 7102 6
224 6492 6
673 5647 3
371 2467 8
2560 4117 2
1237 1710 2
1135 8043 3
2453 5045 1
5793 7574 9
563 6768 9
3745 6211 2
4380 6709 2
4732 6282 3
2789 5636 1
4265 8012 6
1468 2297 5
2021 2202 8
2769 4589 3
1528 2766 2
4730 8474 6
2336 3728 9
6490 7918 3
3318 7374 7
6750 7978 10
6361 8125 10
4835 8044 9
3508 4732 3
334 8171 1
2428 5943 8
2391 2458 8
1467 3451 1
4094 6203 10
3360 8617 7
3936 6872 9
579 670 10
774 2047 10
596 5907 6
3193 3608 7
5068 7217 6
1647 4681 7
563 5063 8
3592 6921 3
1288 2371 2
1060 5841 2
2089 6564 5
2762 7269 8
3354 5803 4
3508 6166 5
1441 2749 7
4147 8899 3
1150 7338 10
1520 3106 10
2699 7437 2
2615 4395 2
2078 3080 10
200 3001 4
3091 3825 3
867 5237 5
1304 3091 3
7102 8894 1
2679 6471 6
5520 6869 10
183 7255 4
3082 6057 5
5070 6316 6
2391 5642 3
1148 5976 8
6561 6749 6
4732 8390 3
1440 1454 9
1772 6809 3
1457 3791 7
1459 7210 5
208 271 3
3592 4367 4
5514 5716 9
3433 5907 4
3943 7877 10
4028 4395 2
7858 8131 4
1789 6768 1
2178 6285 6
4138 6600 4
1505 4378 10
4228 8928 9
501 4752 8
142 6119 4
3183 5063 10
5711 7820 5
164 3199 4
5089 7011 10
2765 6195 1
3529 6831 6
4692 8464 3
7988 8650 4
2248 7220 5
2441 4008 6
1399 5311 5
703 5061 9
3005 7126 1
3117 6068 1
3532 4136 10
4401 6250 1
1545 7622 3
3836 7518 1
8357 8850 5
5545 6355 4
163 487 7
7440 8756 2
1149 1815 3
3796 7932 6
5790 8469 3
3878 6236 9
1060 5040 10
3662 7142 10
11 1150 8
5961 6150 5
2150 2986 10
70 7114 2
2442 6694 10
995 2560 6
5064 8759 8
4181 6527 5
5783 8414 4
172 1527 10
4123 7820 3
2698 5874 8
8466 8748 8
3799 7247 1
2210 7860 3
228 649 9
3252 5533 4
5473 7112 1
2441 2511 8
4426 6124 4
685 2978 1
1418 7473 10
4600 5623 4
1399 6340 7
1952 3018 5
1348 4960 4
6307 6700 4
5925 7684 10
3516 4087 3
5081 6969 5
5925 7085 9
6213 7221 10
6537 7018 1
1283 3465 2
4218 6046 1
3111 4819 1
908 2447 6
2458 6023 1
1326 7619 8
5391 8427 8
3459 8627 1
5623 8489 7
1326 5333 10
1890 8109 3
2378 5647 1
6023 7211 9
678 7364 5
3468 6689 7
337 3151 3
4116 4532 3
2305 5040 4
208 8491 6
5893 7549 1
963 2252 6
3737 5013 2
7280 8120 3
2393 6490 4
1389 1441 6
6355 6751 4
1566 7545 4
3005 5082 2
937 2376 7
2935 3193 2
1632 2937 6
2138 4807 7
2343 2749 1
1760 2330 7
685 7704 5
2043 3936 8
781 2332 5
124 7237 7
8816 8838 4
2227 3782 6
1561 8226 5
3227 4950 3
5153 8101 6
5382 7732 4
3619 5051 3
3271 7998 2
2502 6018 9
584 5128 8
906 5543 10
1253 1785 3
2350 3349 4
1429 1835 2
193 8907 7
1713 2021 6
3913 7239 1
6791 7637 8
2890 6600 4
6312 8262 1
6054 7074 2
3463 5748 2
919 6794 5
4481 8115 2
661 6251 4
3252 8932 1
2077 2411 6
2654 3781 7
1092 8427 4
2135 6433 2
3132 7679 8
1013 8171 7
1290 5315 9
4680 5995 7
3125 5662 5
6018 8577 6
165 6700 6
7942 8583 3
981 5893 8
5612 6400 9
4105 5361 3
2684 7951 6
3252 3711 9
4296 6036 5
5182 8535 3
7973 8816 2
5040 5981 10
3693 5426 10
975 6023 10
873 7103 2
5570 7934 5
497 7379 8
5424 7869 8
3508 6520 4
1210 6014 3
4660 7947 5
101 4732 8
248 371 6
4514 4801 9
1459 5284 3
5382 5883 8
624 1288 3
3348 7545 6
5598 8643 8
1155 1259 7
6739 8647 3
5854 6903 6
6822 8027 7
2780 7918 6
4765 7618 8
5263 8349 6
4587 6817 5
497 7425 7
4268 8178 6
4670 7447 1
2470 2724 10
2378 4939 5
2204 3819 2
4087 5073 10
1296 2610 6
2883 8358 8
7457 8027 2
5414 7853 8
1886 3693 3
1509 3252 9
6638 8171 7
4426 7571 1
1389 8806 7
6701 8780 4
2768 5841 2
5981 8902 7
2260 2427 5
1717 4893 8
1283 5009 5
5365 7368 4
890 2285 3
4681 4886 1
7211 8168 1
1434 2830 4
774 8511 6
4104 8439 6
2743 5604 3
5013 6720 8
2233 2447 8
4516 5018 9
6533 7659 7
1552 7027 9
1541 5295 7
144 8167 6
1632 4302 9
5625 6117 3
1607 5971 2
3903 6058 5
906 3579 2
194 1142 7
691 5925 6
2830 8855 7
4766 6400 1
4986 5105 4
5613 6285 3
1369 7010 7
4353 5424 3
87 8940 9
6331 6861 7
6527 8295 5
7549 7855 10
1287 1622 1
965 6046 5
1701 4513 10
164 3257 5
6537 8281 1
3354 3809 9
1155 7986 2
2135 5611 8
1595 7658 2
163 7740 6
8116 8991 7
8562 8858 6
1618 7293 10
2677 7877 3
550 5743 5
584 3846 5
7041 7154 4
7330 8226 8
2014 7217 6
7100 7728 7
2436 7849 10
2343 8664 6
2302 5772 8
4085 4483 8
2447 7494 10
379 2955 7
3877 6017 10
5480 7231 5
362 2137 10
362 3699 7
2199 7637 10
5206 8838 1
5888 6564 5
5567 8164 4
5064 6628 6
2634 3846 5
126 1911 5
4790 6490 2
3430 7842 1
2700 6057 10
678 3888 10
6367 6893 7
1122 1856 6
1632 3331 2
5653 8643 7
1147 5594 6
4539 6665 1
7217 8332 4
177 3740 2
2344 8414 2
3764 3845 6
177 8472 2
3318 6953 4
2427 3462 6
171 3626 7
3751 5842 5
7074 7790 8
1902 5849 7
4516 7661 3
3825 6365 1
3751 8996 10
742 4065 1
2731 7901 3
2199 8919 7
895 8640 6
629 5533 10
3826 4326 2
6804 8855 6
2239 8764 7
3252 5173 4
5095 6650 10
5129 5142 9
5189 8838 10
376 4483 10
5055 8208 4
5074 8420 4
1624 5546 10
5369 8516 6
716 3413 10
4305 4835 9
2942 3742 9
3519 5153 5
1925 7183 1
4444 8384 10
5162 8183 4
1902 4800 10
1103 5636 7
6023 6300 7
197 6846 1
1585 7684 9
4135 4723 7
66 4380 4
1253 4908 5
263 6639 4
5440 8019 6
5060 6846 2
3210 3318 3
8645 8664 10
7042 7237 4
845 7334 6
5653 8362 4
2788 3961 3
540 955 5
739 2165 10
914 4800 10
4302 6253 10
3570 6656 4
5097 7571 10
2391 8599 7
4460 6750 4
1212 8131 3
965 8823 9
2546 5918 5
1261 2434 5
1331 4609 7
4135 4365 7
1552 8245 9
1713 5399 6
4893 7910 2
383 6213 10
3216 5783 3
4021 8263 7
2723 8044 8
4819 7672 2
1948 8007 3
1531 7828 10
3311 5139 8
1830 2104 4
3690 6953 3
4063 8907 1
337 6094 2
2561 5572 4
6881 8238 7
649 1689 4
4222 5440 4
2033 3448 1
6331 8448 4
2436 8580 9
1772 7394 4
3585 3764 7
5878 6859 1
540 4750 3
846 1856 6
2975 5912 10
669 5940 2
8358 8839 5
3930 4385 7
6019 6036 7
1644 6151 10
2585 4539 8
1152 6912 1
3102 3471 6
5508 8416 4
5097 8581 7
4893 6508 10
5419 8887 8
3131 4421 5
1055 2132 2
1350 2469 1
337 3466 8
2701 5096 2
1152 4899 9
3800 7543 10
1426 7790 7
2043 4602 2
3316 7560 8
4551 7855 6
725 2398 2
3459 7022 9
753 8363 3
796 2743 2
2721 8112 5
5230 6084 3
3977 6869 7
1511 4944 7
1585 4445 4
773 4849 1
1259 3641 8
1903 6492 9
4223 6698 4
6224 7855 2
796 2264 10
2968 3362 1
773 3692 4
2634 3302 5
4008 8742 4
1436 4629 2
2774 7860 1
4936 8591 8
2632 2844 8
740 8407 6
809 7563 5
1462 2371 4
2067 8131 10
2016 3457 2
2517 6104 7
7093 8298 3
275 3662 9
4950 6584 4
1287 5405 1
1589 4309 5
1713 7816 1
2824 8384 8
4218 4838 10
1624 3164 9
3624 4212 2
1105 5624 7
2555 5410 9
2490 3692 3
3111 5846 8
4166 8281 10
1528 5771 3
1709 5631 6
1859 4579 8
4412 5790 4
503 5361 7
5031 5508 5
6533 7812 5
2673 6300 5
6729 6981 3
379 2237 6
637 906 10
4600 8774 2
2867 2977 3
3764 4205 4
4587 6156 3
1138 2790 10
2224 7724 8
243 6382 5
208 2659 5
5310 8907 6
5182 8502 10
1282 2332 2
2329 5586 10
871 4191 2
2260 4125 5
168 759 5
874 4008 9
2425 8533 3
966 2447 2
80 1589 6
5109 5391 3
4919 6869 1
6041 7684 1
4301 4680 2
2673 4826 5
1431 1961 8
3117 6591 3
1566 3330 8
3801 5315 4
4369 6282 5
22 5061 4
6414 8052 2
2181 4597 1
6749 8293 1
874 5091 7
4719 8858 3
3003 3207 5
735 7536 3
1747 4222 1
1331 1448 8
2386 3020 4
4970 8921 10
69 8112 3
853 1208 1
2927 5142 8
4951 6940 4
2351 6032 5
1208 8749 8
3704 5064 3
3101 8882 9
1146 3448 6
1457 7118 7
1709 8287 1
7090 7858 9
3457 5287 8
6891 7368 3
2883 5320 7
855 3465 1
6849 8178 2
2628 6057 10
4356 8599 7
398 6414 10
4801 6991 5
2791 4356 10
5206 6717 2
1302 5031 1
8084 8332 9
2445 5327 5
1751 3347 10
5121 7618 5
286 7998 9
4147 7160 3
2128 6283 7
7321 8183 5
7935 8885 5
219 8343 9
1644 8436 4
2260 4638 7
3189 8119 8
1531 2158 8
3996 7585 6
3394 4481 1
2764 4047 8
1302 3094 3
6353 6593 3
5521 8902 5
1713 7489 3
2635 7721 7
143 6636 8
1234 1348 6
8070 8742 7
1178 3394 6
2654 4590 1
3647 7812 1
144 8037 8
4308 6665 2
5382 8979 2
746 7010 8
1501 7374 7
3744 8806 4
864 7146 6
1785 4825 6
927 1142 4
2007 8587 9
1712 4301 5
1811 8831 4
7580 8533 6
697 6591 10
96 3556 6
5410 8873 1
5015 6203 4
4291 8104 10
4990 6767 4
143 3085 10
5006 7281 6
4790 6621 8
1142 4847 10
563 748 4
4857 6561 10
4304 7338 2
6583 8027 7
1640 8134 10
2589 3168 5
3675 7574 2
2054 6675 8
5748 6313 7
3784 8780 3
1797 2467 2
586 5631 3
2386 8884 9
72 3280 6
5910 8268 5
2298 4085 10
11 1321 7
1448 1643 6
2326 8422 2
3572 8986 1
5440 8635 7
6633 7659 1
6192 6751 8
1520 6787 2
2862 8417 7
2264 8840 2
2370 5440 9
5690 8000 8
4357 7741 1
741 1313 10
5490 7360 6
3451 4955 6
2391 3422 1
2833 7519 9
5500 7217 5
142 5265 3
582 8773 5
3099 8957 6
3293 5391 6
3193 7134 9
1457 8432 8
2749 4688 4
4552 8243 10
4423 5311 9
4919 6499 5
1121 7519 5
1212 5119 7
153 4378 1
3846 4627 3
560 2787 2
773 3423 6
1143 2578 9
3052 7868 8
981 2029 8
1288 5368 10
97 2350 2
3241 5561 6
406 6335 7
6518 6620 7
4714 8792 6
5414 8757 5
1601 8243 1
892 911 7
1303 4799 8
7759 8125 8
1215 1253 2
2078 2225 9
2529 7519 6
5 8650 8
3387 7955 4
2721 4416 10
6276 8115 5
208 976 4
6768 8459 5
1624 5381 2
5533 7390 6
2988 6717 9
2633 4600 9
1142 1263 10
955 5278 1
5424 8658 8
2148 7913 9
4579 4830 3
2084 2915 7
4356 6634 6
337 1705 5
301 4153 9
3872 5851 8
2434 8231 10
1244 6874 1
2018 3457 6
2658 4899 7
1627 7858 5
4182 7074 3
4495 4679 6
3646 6203 7
5927 7704 9
5771 6233 7
1467 1908 6
1935 7558 8
4987 8432 9
2358 4629 8
1911 7049 10
2150 4581 4
65 530 8
1706 3460 4
116 388 9
5154 7732 9
6885 8044 9
3452 3470 3
2204 4152 2
4182 6167 2
5018 5398 1
2067 8797 3
560 4199 2
3674 5914 4
792 851 8
4100 4105 4
586 8025 9
1283 2944 4
3462 8289 5
2679 6602 10
3125 8225 5
1432 3961 8
3733 7607 8
1375 6158 1
3561 4208 8
2373 4600 7
7918 8867 9
1431 4311 4
1468 4140 8
3502 7373 6
4152 8713 8
215 792 7
7852 8007 6
853 4451 8
4419 5156 7
1838 7942 6
3217 8410 7
1348 1904 9
337 4547 7
5743 8547 6
1632 4880 10
4878 4908 7
7481 8019 8
5222 5227 2
5444 6156 2
2475 4333 6
4435 8439 10
4835 7468 5
3561 8498 7
4063 7004 5
1261 3953 9
3743 7545 3
3117 3759 5
2089 3296 1
2677 8209 3
1389 5806 8
504 4431 9
5885 7439 6
853 3518 3
1828 5295 4
1440 4884 4
5981 6710 1
975 5718 5
5927 6555 9
1675 8291 5
3241 5111 8
2043 8574 1
2633 5400 5
3492 8233 2
1285 7558 6
5819 6600 4
2927 7276 3
1367 5545 5
5933 7231 7
1696 1706 3
972 7607 3
1890 4509 1
1477 6717 10
3930 6666 10
4421 8235 2
1917 5980 7
1864 5030 1
3229 3800 9
1432 4211 9
834 1345 6
1323 8959 10
1277 7321 6
256 8647 8
4963 7984 8
3244 7457 4
4766 6644 1
4140 5456 1
1644 7172 1
6143 7571 3
3655 8461 6
1932 5061 8
316 2845 3
3462 6173 4
3207 7559 10
2211 3359 2
2313 8349 5
2615 8949 1
171 6439 8
4566 8461 2
1024 6046 3
4069 4086 2
4752 6103 8
3868 7457 2
1992 7440 2
3229 3417 7
3930 5250 5
5452 8962 10
3894 6376 3
4670 6478 8
3052 3350 4
895 3317 8
2560 5682 8
191 892 7
2125 4340 10
1983 3462 5
112 7916 6
846 3096 10
334 8039 9
6400 7043 3
1140 6035 3
2297 6605 4
5671 7928 7
180 7855 5
3640 5089 1
1451 3298 9
1170 8233 9
3408 5414 7
5616 6017 5
1092 6538 7
7170 8164 4
2773 6455 8
783 5414 4
2326 6398 6
22 6927 1
286 775 8
2237 8571 6
3489 4670 9
709 5367 2
3443 6291 9
2371 8871 1
4278 7102 7
2198 7978 10
80 2110 4
3401 8539 2
3459 7378 10
5743 8629 5
4710 8533 4
5375 7306 3
669 5233 5
337 8381 2
6316 8428 3
988 6058 10
2234 3993 9
1115 6817 1
2220 7465 7
1049 4443 10
4644 8211 10
6642 8894 1
6829 7276 3
3461 6119 4
7637 7987 1
1497 8827 9
4301 5696 7
6003 8671 7
2787 3613 10
3554 4586 6
2318 6665 8
4724 4825 3
316 1123 6
4262 6305 7
1113 2285 2
4382 7481 5
208 3308 3
2607 5878 6
1472 3392 10
235 1948 9
2378 6077 9
4602 4678 7
737 4117 9
19 7543 3
1807 2367 5
1835 5302 2
6006 6872 4
7561 8358 7
4155 4380 5
101 424 10
125 1160 4
1497 7398 2
2322 6406 6
8720 8894 10
3799 7236 9
1435 8587 7
1345 8392 10
738 1420 7
4069 7793 9
2217 5940 1
2978 8166 7
2768 5746 6
3809 4850 7
904 6739 1
1068 2318 6
7404 8921 6
3262 7679 1
2783 4382 9
2698 5195 8
3810 4970 9
3553 4954 9
1239 4765 9
819 8780 10
2833 3723 1
23 2232 3
53 4532 2
3808 8580 3
5031 8151 4
3561 6029 4
853 2905 9
6504 7481 4
3822 6504 5
1301 3888 10
2691 7293 1
742 5828 4
4262 5285 6
2483 3586 4
2824 5384 7
281 8193 1
522 5819 6
449 5326 7
2680 2935 10
4125 6322 7
1581 2495 7
6162 8605 6
680 4514 1
1379 3377 6
3168 4361 10
3418 8167 4
5888 6326 10
4924 6504 5
3313 5925 7
2937 4438 7
4559 8671 10
4994 6490 4
7053 8702 6
1491 2214 1
5883 6589 9
2561 3573 6
1459 7583 1
3776 5662 6
5426 7801 6
4703 5711 3
864 6834 2
5520 6715 4
5394 6860 10
3589 5330 1
3101 4049 8
434 2632 1
2867 7731 6
3575 3728 8
8084 8335 9
2789 8821 8
1259 7564 8
3337 6633 3
4815 7918 5
593 8840 8
449 1233 1
5128 5433 5
4976 5154 9
3331 6318 6
1797 6987 10
1545 6959 4
5014 6048 6
2819 2830 4
1532 4302 7
6303 8925 8
8599 8935 8
2475 5679 6
3702 4360 7
2457 6636 2
5291 7271 9
540 7771 2
452 3728 3
1789 5101 6
7866 8436 3
1013 6465 3
3298 7164 10
563 3920 8
4327 6600 7
1019 5105 1
6639 7538 6
360 7192 8
1029 3674 4
8228 8780 10
1354 1789 2
3007 3836 7
2262 8154 9
4919 5808 4
16 5227 7
3919 4562 8
4196 5405 10
3091 5350 8
8004 8571 5
1828 4260 5
564 3251 6
6922 8169 5
1595 7138 7
6125 8343 2
8009 8235 9
2169 5851 3
2043 8277 2
385 5263 3
1044 5128 6
1420 8777 10
1096 6768 8
469 1212 9
5463 8668 10
1433 6739 1
6455 7412 1
299 981 3
5972 7142 3
7054 8720 6
3460 8537 9
2691 8457 7
2712 3006 5
1311 7409 10
5980 8710 9
5543 7967 9
1163 2232 2
3637 7337 6
5582 7916 5
1311 8205 3
5756 6498 10
2696 4021 5
4735 6077 2
2017 7447 3
6220 7901 2
652 7188 3
2097 8110 2
281 5106 4
1039 1457 4
171 247 5
604 4419 1
3489 7520 7
4437 7853 5
2336 7764 6
8227 8233 5
2417 2751 5
3733 7674 5
2510 6158 6
2991 6713 9
265 5842 2
2309 7928 4
1754 5441 5
3422 4701 4
5718 8554 4
908 1006 10
1547 7866 10
1640 4779 9
168 528 2
2615 3739 2
1476 5854 6
1807 2954 9
3713 8562 8
943 3489 3
1350 8978 5
2749 8951 2
3469 6380 9
4346 8511 5
2457 6880 2
2939 6119 2
5603 6743 3
4967 6203 4
5997 7741 7
2026 8562 1
2150 4234 3
1589 2854 1
2841 8930 10
4024 4205 3
1444 5365 1
976 1250 6
59 2132 1
2563 5426 5
5402 8461 8
1529 7658 3
1663 2927 1
1595 6145 6
4388 8156 1
442 2233 1
2731 4864 10
6455 6684 10
5738 8774 9
4214 5662 6
6194 7525 9
4198 6882 9
3137 4590 10
2255 7935 1
4071 7563 6
3791 6274 3
1393 3936 2
1622 8942 10
2924 8384 5
937 6772 8
7695 8439 8
449 7703 5
3123 4308 1
4012 4124 6
1541 1758 2
3941 8996 4
1451 2476 2
2820 3728 7
620 1160 1
2841 6100 6
2627 4735 3
3607 5907 9
342 4222 9
4703 4928 9
7029 8902 10
3816 8183 3
6166 8674 6
1918 7934 8
663 7334 7
2477 5724 1
7047 8742 10
2866 6591 10
1558 5473 4
1758 6747 6
6326 8652 7
5091 8471 5
4002 7812 6
401 2841 8
4222 4450 4
256 7725 5
3941 5822 4
179 2150 6
4012 6877 5
1301 7627 6
1515 4094 5
3675 5209 4
3680 8119 2
1893 6718 2
5474 5878 9
3256 8312 3
5364 7172 1
1758 2286 7
2326 8276 2
1624 7268 7
235 4937 2
5530 7321 2
3743 5427 8
5545 6043 8
67 3853 5
2344 3864 2
563 3093 8
3280 7311 9
3434 4430 9
5727 6355 10
2084 2733 3
380 6645 6
746 7870 6
5258 7741 10
1148 5656 4
5087 7390 1
2869 4519 9
1925 7723 6
6100 8556 5
6084 8342 5
4311 8570 6
3853 7156 5
3742 6074 8
5081 7376 10
3955 8243 4
2470 3456 6
2546 5358 3
5694 6666 1
6162 8192 5
648 6100 8
1857 6899 2
1367 7575 1
5854 7696 10
1467 8136 2
2712 8638 4
1767 4684 9
4115 7326 6
3942 5943 3
208 484 5
3803 4553 4
4382 4621 5
4365 7094 2
3216 7302 10
7275 7558 2
3585 6761 6
5179 8884 4
4180 8858 7
3448 6418 10
233 8221 1
564 6397 6
488 3085 1
2920 6238 6
2002 3349 10
13 164 10
3073 4701 8
2259 7396 8
5476 7012 3
54 5015 4
22 146 6
3347 4840 6
4317 7740 5
978 8872 1
1323 6264 2
2835 6885 1
2944 5408 9
4430 8139 2
4941 5514 8
5783 8738 4
2325 5941 1
1439 8120 6
1772 8197 10
108 4159 6
4513 8697 1
1907 6151 2
6287 7329 6
3480 3866 1
3678 5508 1
627 8605 1
2378 8350 1
1160 7501 6
3928 5154 3
345 7910 5
2664 6282 3
8060 8134 6
1531 5944 4
4430 6792 8
3556 8890 8
2970 5690 8
834 8788 3
2975 5960 4
6198 6511 1
1406 8697 3
3460 6186 3
8039 8475 10
4208 8394 1
4420 7536 1
407 2327 3
5456 6277 5
7765 8890 2
3252 4836 6
2563 3278 1
1446 1509 6
1352 8112 7
6224 6456 10
3133 5925 9
261 6765 10
2018 6611 3
2813 8190 1
4047 6760 1
3456 5169 2
891 5545 5
2932 4586 8
2179 8294 8
4715 5980 8
4688 8320 7
2086 7849 4
1014 6253 6
709 7474 2
3183 4718 1
2393 7250 4
185 6846 2
4785 8921 6
594 2698 5
4212 4400 10
6809 8254 6
3248 4739 10
1705 3300 7
3791 8077 10
3422 6887 1
3285 5907 9
4955 7908 8
1826 7085 4
4009 6950 8
895 8348 7
3420 5433 2
5926 6125 7
906 6574 1
919 2168 5
4656 8416 4
6428 8780 4
3471 4467 2
6650 8718 10
1173 1439 10
1856 4510 4
6548 7543 6
436 3953 5
894 3117 5
3310 5933 9
3430 5058 6
322 2138 5
2511 5797 1
903 5144 2
281 1895 9
528 6430 6
2749 4458 2
1140 4631 5
1300 5227 6
180 1887 8
1622 7592 6
2713 5248 7
2511 7586 6
2933 5690 8
4027 5727 4
2452 2986 5
685 3336 2
4644 8903 7
2597 7023 3
3828 8555 3
538 1888 10
3119 7113 1
1657 7074 10
1611 4340 4
1729 3996 5
4954 6060 7
661 4287 8
1227 6029 6
4588 8537 5
487 7446 2
3288 7545 8
3723 4349 2
4293 4963 1
6279 8268 8
2205 7852 2
2033 3269 8
1558 3255 10
1792 3459 8
7564 8338 7
2799 3451 3
3713 6515 1
5040 5226 5
680 7353 3
2033 8087 6
351 4656 4
901 6725 7
3630 4380 4
5487 5980 7
4823 6312 6
1021 1502 9
2078 3196 5
594 4452 10
8033 8554 5
5724 8400 10
5465 7733 5
2696 2763 8
691 5259 3
3005 8812 5
2390 2452 9
3592 3824 6
6441 7888 6
698 3836 1
144 2060 7
2575 4818 3
4451 8681 3
1861 6602 8
4378 7748 9
327 8295 9
3586 7288 1
3572 7983 5
682 2411 2
4585 7686 1
3747 8554 2
2261 5394 7
7586 8814 2
2979 4361 5
6305 8889 1
6371 8885 1
6259 7353 5
981 7722 8
647 7280 9
3808 6943 3
329 8448 6
7918 8430 5
3699 5466 10
836 4577 1
4423 8152 9
741 1530 9
6661 6915 7
3737 4107 3
1170 2539 1
540 1940 10
5427 5855 2
7047 8353 10
1239 1376 6
3839 7012 4
3100 5797 9
4135 7635 6
3627 8533 6
3149 3451 9
4963 7923 6
3273 8959 2
1751 2292 5
5746 8091 6
1460 6226 2
1004 7767 6
6996 8478 10
3475 5980 5
3395 6186 4
1451 4771 6
3616 7457 3
4215 5961 6
3023 8025 5
5334 6869 1
4878 5562 10
30 5631 7
4196 8068 5
7779 8459 7
7474 8920 7
576 4884 10
6591 7874 9
70 2948 8
3018 5956 5
1648 2948 8
884 5885 5
851 6545 7
1359 6799 5
6742 8792 4
3253 6478 6
6821 8860 4
2061 3979 5
2529 3113 7
4575 7868 7
4411 6036 3
2872 4404 10
4513 4545 3
2796 8921 5
530 4264 10
6666 7992 2
748 7562 8
6340 7834 5
2487 7053 7
8529 8733 3
2319 6143 10
7345 7519 1
754 1491 3
3493 6638 6
1690 1887 2
1298 2220 5
2204 5434 6
42 1482 8
4679 8006 7
3733 8725 3
274 6606 10
4421 8284 2
101 3478 1
5019 5433 10
108 3247 3
2700 4901 3
2241 6312 4
1707 1826 4
41 6809 7
3308 6599 4
1444 3424 5
4511 7635 2
6508 6894 8
2681 4790 9
4438 5392 3
2370 6746 5
3898 5992 2
3136 5543 2
2691 8734 5
1531 8680 4
87 7693 6
5460 6656 1
3043 6125 9
6018 8399 2
794 5416 7
1746 2169 1
2320 2515 2
409 2017 7
230 8940 5
1920 8263 4
6564 7667 10
3831 8727 2
3875 4115 9
6303 6483 6
2428 7713 9
2320 7219 7
4967 7205 10
2298 7578 9
3252 3766 4
262 2920 1
4465 8788 9
2261 6457 3
2662 6794 3
916 7866 2
199 247 6
5848 6851 10
2330 7738 5
6864 7172 1
364 6527 9
7771 8761 4
4852 7275 1
4081 6991 3
7378 8616 5
4004 5427 6
43 7194 5
814 3575 8
2147 7934 9
5045 5608 7
1444 3224 4
5381 6484 7
2550 6928 10
3241 4693 9
3614 7368 10
1161 5365 6
4303 4779 8
697 1349 2
7489 8408 10
3333 8227 4
5063 8685 9
2615 3705 9
7545 8450 4
7712 7869 10
4451 5537 10
2027 3188 8
5835 8555 5
2704 6739 3
3082 5208 7
49 6318 6
1402 4259 5
207 3759 2
5492 7114 9
1517 4198 9
4550 6636 6
235 8313 8
3102 8707 1
1447 4562 9
4735 4822 3
2967 6259 9
5438 8254 6
6156 7567 6
2268 8430 7
1650 2211 5
1912 6260 7
4140 6422 6
4862 8216 3
783 8301 2
3084 8633 2
4153 4321 9
2020 3305 7
6824 8650 9
5649 6895 7
6193 8733 3
754 4192 5
6290 7998 4
1003 3759 7
7851 8650 2
3188 5002 7
3423 4671 8
1287 3089 10
1394 3542 1
5319 7790 2
2947 8921 10
6621 8623 5
3452 5879 6
5910 8479 4
322 2052 7
722 2632 5
43 612 7
7223 8991 7
1566 5651 7
6095 7010 8
2146 5599 1
775 6442 7
3928 8661 4
165 1588 3
742 6685 4
4096 5608 2
2033 5115 7
4029 4699 7
1871 8245 1
3451 8803 7
218 2367 8
1669 6519 4
4136 7656 1
5424 5548 8
852 3492 3
1598 4021 1
742 2189 9
2862 4898 7
3259 8163 3
2035 7494 2
5142 6696 9
2110 7568 8
2490 4093 3
395 2749 4
353 6376 5
3493 8929 6
5421 8764 3
1103 8760 7
3572 7715 9
489 2867 5
5693 5753 3
2160 7614 8
3674 7498 1
197 4139 6
1445 5149 5
6762 7074 3
1143 5821 9
2669 8448 4
1303 6935 7
936 8235 1
4522 5423 10
4028 7433 2
49 6956 3
892 4500 2
994 6398 7
1569 8533 3
219 4658 7
4799 5120 6
4144 8119 6
3384 5394 8
4656 8896 10
4986 7925 1
61 4465 9
6605 6779 5
2370 4922 2
958 8991 4
1052 3943 6
6343 8390 4
4630 8164 3
6190 8761 9
2257 5933 8
1667 8823 7
2767 6760 10
1044 2600 7
1981 8295 10
200 3220 1
7330 8701 8
2180 6895 6
461 8383 9
1670 4262 7
1260 6831 10
4110 4415 1
249 2855 10
503 4599 9
3352 4545 9
2625 3402 3
4121 5603 5
3614 5143 8
1249 5942 7
4228 6302 4
126 2124 4
5877 6233 8
93 7172 9
3744 5670 1
2422 4559 10
2400 3193 4
441 3359 6
8627 8970 7
5463 7274 10
5756 6489 2
2790 3515 3
2018 5750 10
6455 6522 10
1492 5887 9
1455 7239 8
5108 5230 5
2299 6164 7
6583 7197 1
56 5679 9
1302 3449 6
3584 8025 9
877 4450 1
2037 2727 4
2371 2809 4
793 4215 4
2726 2777 8
6216 6371 6
2137 5602 2
895 7670 7
4732 7651 8
2495 5303 6
1090 2386 2
2373 5522 5
59 952 4
2440 6712 6
1863 3063 5
4427 4445 2
489 4876 8
6694 7898 5
7355 8060 3
515 5849 6
1790 3397 2
3991 5616 5
6476 8258 9
3862 8713 4
586 3419 9
4183 4530 6
891 1936 10
97 7393 6
3515 8165 4
4191 6097 7
3081 5912 9
1409 5783 9
69 5092 6
7876 7998 10
436 2129 6
3335 8773 5
2111 3193 1
1197 6666 10
1811 5820 10
2878 5089 6
994 3141 1
5987 8358 6
7340 8959 7
1138 1383 7
2148 7556 8
708 3333 1
6167 8032 4
2764 6267 6
3015 6453 5
146 1382 2
2047 2552 1
642 5092 6
4138 6525 4
4918 5073 10
4876 8433 6
6333 7686 3
1602 6518 6
6305 8180 8
5631 6179 7
4849 7382 5
4600 7744 10
5112 8757 3
1492 4070 1
3678 8375 3
3826 7997 1
324 1611 9
4953 6164 5
4817 7154 3
2609 6880 9
5122 7983 10
2045 2428 1
2501 5530 9
5040 6993 8
1707 5600 5
3543 3930 7
6832 8713 3
4052 4483 10
2221 8831 7
697 5184 8
4814 5476 6
5604 6671 3
3172 8112 1
2005 6606 8
4118 8907 8
959 4218 2
2233 8455 8
274 2914 1
905 2988 3
286 671 6
2426 5291 4
5337 7085 5
5830 5912 9
1290 1762 4
2097 6015 1
3626 5683 3
3686 6029 3
1382 5996 5
1659 4265 4
4874 5819 8
3280 7087 5
2021 7589 7
965 8590 5
95 8109 4
1013 6854 6
4578 6376 6
4888 8115 4
994 2073 5
7018 7873 8
703 6392 6
153 4119 8
518 8320 5
2743 4687 10
1575 7098 7
3720 7758 8
7741 8779 6
6355 6446 7
1104 4242 7
691 5776 10
4345 8537 9
1772 6631 8
2621 7172 9
1529 2185 8
112 6444 4
449 3768 9
1989 5508 9
28 4079 1
3752 4741 6
1921 5287 1
611 2813 8
178 504 7
1449 8432 2
201 6728 10
59 5376 9
2560 4350 1
2681 2913 8
4180 8230 10
1112 3247 1
5679 6087 8
5327 7346 1
7700 8129 2
4505 6751 8
907 6713 7
1333 3189 4
1918 8067 10
168 2745 4
943 5622 10
3621 5834 4
416 4551 8
1491 4737 6
497 6387 7
4094 4506 3
999 4888 9
6495 7306 2
1536 5483 4
5090 8860 4
173 5058 6
5684 7918 9
8291 8859 6
1406 6938 8
1369 4246 7
1011 1435 7
211 6779 2
7655 7803 3
1739 6698 2
2275 8764 1
2974 6361 9
173 8972 9
1803 4876 7
2569 3832 9
6163 7860 9
2307 4815 1
1531 7775 3
2116 8019 8
1139 3570 10
28 7045 1
1266 5662 2
7018 8204 2
3508 5033 8
1448 2369 10
2480 3350 3
1616 7306 5
3271 6485 7
4123 6748 7
4900 5530 6
1383 3645 4
5476 7599 2
91 3424 9
4899 5909 9
994 4315 6
1545 8160 7
1760 3071 8
584 7926 8
538 7885 3
2351 8147 10
3331 8185 9
5295 7603 5
376 2166 9
3134 8225 3
198 2179 5
1000 8962 9
704 2883 3
3106 6957 3
127 5384 8
4141 4995 1
472 2351 5
3146 4483 1
1103 5920 1
2010 7939 10
4244 8850 7
3402 7717 8
286 8040 6
3674 8441 2
93 4856 10
642 858 6
1498 3824 9
6905 8119 1
918 8814 1
2390 8213 7
4096 7805 8
2005 5676 3
2931 7779 9
160 3919 8
6199 7093 8
1866 4349 1
1179 7897 4
3864 7336 1
3613 7802 7
913 8545 1
2400 4576 5
6270 6729 5
7678 7869 2
2886 6355 9
5933 8229 2
1081 2701 9
428 7308 5
6941 7188 5
4305 8866 1
8343 8732 8
5480 6310 7
2401 8320 7
3651 6173 4
317 1864 6
345 7344 2
4587 8306 8
3821 8658 10
4932 8695 7
6 4243 4
868 1375 6
3148 8131 4
5504 5514 3
1931 7357 10
2463 4192 9
112 6089 3
4385 4570 7
5727 7856 6
3544 8643 10
7759 8099 10
2084 3918 4
1980 6689 4
14 8432 1
315 2483 5
98 3728 2
5251 5608 1
1372 7599 2
3219 8821 8
4791 7866 8
7963 8313 6
2914 4263 6
5320 8746 1
1762 2509 7
2636 5841 10
4579 7055 1
5576 6440 2
1486 4262 7
469 2337 2
1744 6465 8
3440 6656 1
1833 6264 9
723 7114 5
5074 6888 7
764 2320 6
4428 7527 10
1546 2442 8
1950 2422 7
2604 8400 8
663 3648 9
1460 6812 9
4136 8492 7
5319 8842 10
1698 8441 6
2334 2820 6
5277 7220 10
1867 7988 4
4723 6925 1
1798 2844 7
8748 8820 8
709 3070 9
5380 8827 6
11 2095 1
4629 8175 1
3548 4918 7
3363 4992 10
1690 4328 1
7440 7754 4
8356 8668 7
3134 3755 6
4594 5103 2
1226 1331 1
3157 4516 4
2309 4601 4
2936 7606 8
6449 6991 10
1302 2718 9
2662 4088 1
263 3902 2
3954 4893 8
3503 7404 6
1303 3729 5
3314 6151 4
1068 6155 5
907 7234 2
5813 7575 3
3071 5765 9
1002 2043 10
3980 8461 4
1534 5399 1
7281 8911 9
4346 7296 3
886 5846 8
2136 4327 3
2959 5398 8
3745 5199 8
3183 8137 9
2319 6534 6
832 7947 5
4516 7962 3
2051 3613 4
2579 5980 8
2310 3102 7
2239 6543 2
3892 4497 2
4144 5304 10
247 6202 9
3334 5115 2
1185 3076 7
491 6987 5
2406 6540 2
2965 7027 6
1241 8809 10
2503 4586 7
4172 7603 6
3945 5466 4
697 6280 8
1376 5420 3
3661 7766 4
2645 3465 4
2128 2953 5
6558 8390 8
1528 2512 3
4199 7482 2
176 401 4
1965 5898 10
6616 8702 3
7690 8044 7
4880 5042 5
5731 8348 3
1234 8157 5
5943 8010 1
3381 6456 1
1182 3884 4
1139 7240 9
3052 5673 8
1823 7696 5
297 5421 1
921 4087 2
3744 5178 7
2005 3226 4
825 5166 4
3330 8673 1
975 3952 1
2642 6522 3
6043 7132 5
6705 8549 1
1867 2065 1
8586 8806 6
5271 7876 10
1900 8972 3
463 7468 5
3006 4659 10
3158 7239 4
6501 7826 7
4511 5062 6
4068 6750 7
4989 5594 9
3556 3925 8
5795 8086 7
4260 6045 5
3376 3828 4
2351 6805 5
5403 7539 2
8082 8225 4
2435 3043 7
70 4573 7
748 5629 10
1006 5908 9
3822 3923 4
3901 7275 3
5428 6296 6
4208 7588 1
2687 8738 9
4297 6940 7
5812 7728 6
6642 8133 9
1575 8174 4
3147 5521 7
2793 7812 1
6551 8417 2
164 7417 9
1486 2279 7
4027 6330 4
2075 5427 2
6547 7330 3
1717 8210 10
508 7686 7
258 6696 7
3522 4155 7
4518 8164 10
3797 4658 8
3799 8391 9
18 5760 4
1388 6700 9
619 2309 1
6727 6851 2
342 4109 4
6185 8172 9
2111 2736 8
5156 8553 1
6179 8625 6
5717 6583 6
275 830 7
2125 8494 3
23 7405 3
2840 6996 3
420 4138 8
5679 8411 2
4229 7409 3
1321 4154 10
5030 8743 2
122 1021 8
188 7439 3
8316 8391 1
1350 4887 6
5448 5602 5
3975 8037 6
528 4221 8
2225 7699 1
6837 7913 7
882 3383 7
4296 4366 7
1629 7519 9
693 6006 2
3325 6729 5
2232 6883 2
453 2883 4
7162 7599 8
3157 4130 5
380 6008 5
834 4171 4
342 5777 7
3054 5400 8
564 2342 5
491 1674 10
4603 4710 10
3080 7362 4
3923 8103 6
862 972 5
1314 4943 7
627 6681 6
1103 5811 5
1613 6922 4
3084 6999 3
6015 8490 1
1359 4721 3
582 2274 2
2932 3299 8
1068 4271 10
197 8365 10
3757 7070 9
2571 4503 5
4210 4276 9
4481 6711 7
2019 2138 5
6366 7326 10
4794 6468 5
1379 8655 4
3747 5039 5
340 2185 2
709 1577 1
802 1902 7
560 6575 5
8281 8543 9
5687 6045 10
6019 7570 9
6036 8195 3
1135 5921 9
910 8979 4
1700 4735 2
444 1586 4
2022 8363 3
1675 3539 1
291 4986 9
1147 7739 10
7165 8564 7
3019 7575 5
2035 5516 7
503 8232 6
4402 5101 3
774 6668 3
1518 2065 2
449 818 8
4842 7100 2
1000 5417 1
4823 5439 7
594 4980 10
2011 6428 8
2286 8444 4
872 7518 4
875 6035 8
2028 7745 8
5357 5636 2
3066 4172 1
7296 8438 4
5238 5694 1
5857 8697 4
2067 6871 9
3663 4798 10
6145 8790 8
3120 8197 5
5884 6272 7
4494 8885 7
5209 7233 8
978 2145 6
2044 4688 8
871 2540 9
4316 6283 7
819 5825 1
4970 6990 6
1542 8116 1
2641 5562 4
2480 4972 1
419 972 4
501 924 8
4716 5428 9
4216 8168 5
2640 3006 8
3193 8482 2
3313 7597 4
6303 8958 9
880 2169 1
1005 2483 7
1239 3681 5
5194 8847 8
5378 6280 9
3620 4242 9
5188 6918 9
554 3759 9
3204 4815 3
445 4672 5
3294 5825 3
4983 6533 10
1286 6593 3
3058 5105 6
2463 3827 2
691 2250 7
229 2458 1
3115 5153 7
16 4232 6
4782 5846 10
2429 4986 1
3825 4533 7
7348 7522 6
2129 8331 7
3098 7353 2
1113 6005 5
1748 8685 6
2699 6237 5
927 5749 4
2809 3472 8
347 7987 4
747 2292 3
6221 7860 3
2875 7379 10
2027 4496 8
2978 6049 6
1641 1700 8
1904 6239 4
4844 5173 1
334 6800 5
5238 8423 5
6383 8185 5
4158 5746 8
1101 2700 8
5174 8748 3
1962 2194 4
3488 4566 2
2266 6666 10
3308 5314 10
4708 7192 4
4850 7650 8
2388 2972 2
4805 7425 1
5248 5805 1
413 704 8
6244 6387 4
5676 8521 2
258 3477 10
7697 7765 3
2271 7539 5
7697 8002 9
1810 2202 8
994 1108 4
2268 4090 4
5278 6615 10
1183 5427 6
2734 4221 3
5557 8193 1
2586 8650 10
777 5156 4
2975 3067 8
248 3583 7
3361 8168 10
1739 3524 6
8473 8853 3
1109 6418 9
2942 2989 6
2532 6965 2
5640 6277 9
5539 7731 1
4102 8136 3
3139 3348 3
2487 4179 5
1698 3625 4
3878 5114 5
91 8477 1
3420 6998 8
2339 5822 4
2722 7054 4
2121 7520 8
2080 5206 2
1673 3704 9
1550 6821 6
503 3039 2
1912 5698 6
218 881 1
1464 2186 9
216 3066 5
4188 7966 8
6666 7199 9
3544 5355 1
7235 8803 6
1652 1936 3
881 3056 10
3539 5766 3
1131 4805 7
4452 5900 4
131 3827 8
1372 2094 3
4950 5702 10
4325 5809 9
2649 5099 1
2779 3094 9
1096 8249 5
6955 8788 6
4193 6322 3
2682 3073 6
2793 5970 5
3147 7931 6
7884 8473 4
5150 7293 5
4296 5894 9
2726 8769 1
6160 8420 8
830 2484 8
3560 6805 6
3563 8190 2
3862 4663 3
3542 6549 3
894 1638 9
3595 6239 3
3964 5483 2
1039 3161 6
5721 6834 2
4719 6197 6
4602 7850 8
3614 8886 10
1938 3426 9
1461 5283 10
5481 7195 3
868 8308 6
3933 5285 10
4675 7905 2
2016 8418 3
224 3527 1
609 3054 4
6408 7417 9
2269 3647 7
5072 8312 5
1946 7070 3
1943 4004 6
2841 8698 10
1267 3955 3
4115 8744 4
1449 6692 2
5980 8624 9
2325 5695 7
5855 5958 4
1577 7470 5
3548 3639 10
1329 2535 6
737 8950 3
2360 8917 8
722 5672 9
4457 5106 10
5949 5976 8
3616 7532 1
2557 2855 1
3787 4027 6
2954 3932 10
893 8365 7
2779 5587 4
3945 5590 1
1963 4423 4
6687 8440 5
781 5094 3
1771 5729 8
722 5978 10
2987 3469 4
2650 3007 4
1642 8461 6
5900 8095 7
1687 7758 10
1851 6976 2
3662 7773 5
2556 8112 7
77 661 5
3680 5017 4
354 2019 8
4109 6417 10
4127 5392 1
2697 3651 10
2123 8951 10
3194 7042 2
7112 8745 5
7791 8185 1
1462 7298 5
780 1932 3
677 8212 9
680 8029 8
6841 7355 3
1915 6076 6
2047 6196 5
6924 8381 9
474 4566 5
3936 6913 2
5156 5235 9
2488 8006 1
1696 3896 3
1712 1718 8
1410 6611 3
2189 7021 10
7503 8707 9
1721 6696 9
3805 5033 4
5793 7408 8
1697 6918 7
6485 8815 8
4833 6684 1
522 5469 7
3363 8310 5
127 4015 7
618 3216 7
3336 4934 3
659 7619 2
3102 8722 2
6577 6834 4
166 6367 6
7840 8466 8
5381 7313 8
4155 8379 4
3461 5668 2
3375 5153 1
4533 6878 3
4078 7160 1
2937 7148 10
8281 8588 4
4400 4610 10
178 1953 10
6583 7843 4
187 3269 7
2856 7391 6
4025 5718 10
627 2665 4
3640 6061 7
760 5327 6
2985 5233 7
1100 2701 4
3622 4325 2
687 7745 8
4079 6647 9
849 7693 1
5247 6156 6
3515 4999 1
5633 5683 7
288 7607 8
4227 7064 1
684 8464 4
108 1194 2
174 3350 7
4288 5629 10
3699 6594 1
42 3982 7
72 2941 1
4253 5972 1
2572 6262 6
5118 8625 4
2045 2946 7
2134 8165 1
7637 8585 3
3534 3786 8
3405 7703 7
5178 7069 1
340 5170 1
3680 7890 9
2512 7091 1
2619 6397 1
1184 7396 6
5799 8556 5
234 3459 2
343 4445 1
2528 6589 2
683 5418 1
2263 3751 3
5562 6181 2
1669 2296 3
3871 4244 9
453 2858 8
4815 7971 7
7458 7667 5
2060 2489 4
3979 7475 8
8027 8273 9
2376 6183 4
804 5668 1
6662 7851 9
676 4411 2
2277 8760 2
4447 6346 10
2557 4352 3
1808 5251 7
3955 6425 7
1971 8553 10
3480 5913 6
5373 8535 5
407 6773 10
2879 4986 3
3871 8199 4
2791 6975 5
973 7562 4
3996 8636 2
2344 4319 7
5064 7687 5
737 6553 8
2124 8122 7
4349 8275 1
4306 8190 10
3311 4702 10
6352 8743 1
106 5365 5
5771 8517 8
2525 8812 9
2672 2780 8
5613 6137 7
11 5726 9
1589 3986 6
3311 6386 8
3777 5653 3
96 4747 4
1191 8342 6
1720 5097 10
1068 6426 4
1522 4656 2
5106 8376 2
1908 2626 9
2099 4110 9
249 7415 4
1953 7665 10
506 8175 8
1108 2127 3
3375 4046 7
3346 7679 2
5615 6495 7
3747 9000 7
1178 6646 1
2407 3809 8
8066 8774 6
8307 8471 3
1912 8828 6
8307 8863 2
665 6408 3
1042 5179 6
7845 8698 3
230 8544 2
3570 8794 1
7254 8119 7
5478 7484 2
7018 8711 10
1273 2257 10
5431 8743 5
1601 4548 7
2427 6189 4
1669 2419 6
463 2761 1
3480 7056 4
82 2682 1
792 5704 7
3247 8750 3
1711 7021 6
1757 8427 8
1205 5465 9
804 2837 10
4926 6270 4
4746 7963 6
3491 8701 7
4347 7717 10
4011 7773 6
3477 8431 7
2531 5894 1
1710 6784 2
4500 5686 2
485 5394 9
3604 5539 7
3404 3808 6
2774 3214 2
122 2451 6
577 6675 7
2462 4522 3
1772 5028 5
4675 5644 4
6174 8450 10
5727 7533 4
3794 7692 4
624 6948 2
1047 4874 4
1747 7400 6
3513 6718 10
850 4819 3
861 3862 6
3804 4025 5
3913 7252 3
5933 7649 1
1914 2440 7
2260 7349 2
1690 2387 3
3111 6299 4
6757 7484 6
68 8643 7
4995 5243 8
485 4652 6
4992 6263 10
4199 6122 3
4919 7995 4
6137 6691 10
327 4858 6
1149 2877 5
285 316 1
5108 7206 8
6980 8095 6
6456 7365 1
6179 6884 1
5555 6547 8
2899 3928 8
3621 6875 5
5390 6629 10
1215 5858 7
237 8557 6
3787 4728 5
6296 8315 4
7722 8751 10
6582 7722 5
2315 8794 1
169 265 8
8015 8756 10
7687 8915 10
164 4464 5
3773 4686 10
3255 5219 2
3830 7564 9
13 511 3
1453 4716 8
1572 6456 1
4048 4798 3
4944 6070 4
4605 8970 10
1394 1493 2
3234 6835 6
1626 6193 1
5550 8744 4
892 3291 1
1336 6005 1
1395 4395 5
1505 3807 4
2084 8325 1
1055 2730 10
1915 6350 3
343 5934 9
4260 8330 3
117 1431 2
977 4116 5
829 3915 2
627 8021 6
790 8819 3
262 7125 8
5041 8321 10
2176 6762 5
4238 5999 6
3982 8236 8
7711 8773 5
1014 8107 10
8514 8573 10
3821 6332 8
4308 5297 7
7873 8336 10
2112 4675 5
1097 6534 5
3840 6950 10
5447 7973 5
2728 7522 6
8080 8957 6
5824 8788 3
1627 3357 1
2968 8206 3
1928 7276 10
4521 7731 3
4635 6611 8
2697 3438 6
5153 7472 3
3044 7029 9
6595 7400 9
7296 7957 10
40 6418 5
6732 8698 2
5447 6132 10
796 6230 6
2079 8350 4
1627 8622 1
1130 2780 8
2128 7550 7
4065 8526 7
4949 8417 1
356 3468 5
1987 6346 7
203 2939 9
2853 6456 9
1576 3443 6
914 5242 10
2266 5832 5
248 3657 1
4765 5589 9
1894 3274 8
5225 7080 9
731 6106 2
239 1903 3
4221 4251 4
6824 7736 1
1890 5928 7
2456 2974 5
320 5971 8
6115 6950 4
3919 6678 3
1134 7098 5
3303 7997 7
3661 5125 8
87 2892 6
5752 6912 5
2802 7398 4
211 5000 5
5620 8152 6
2648 8183 4
4953 8114 2
6010 7214 1
2425 2521 9
4367 4685 5
6639 7119 1
7252 8548 4
2736 7099 6
6826 8573 2
3613 3863 3
69 7796 2
5149 6112 9
1848 3039 2
2239 6298 8
3554 3698 7
3584 8177 8
171 6362 9
999 5853 6
6914 8942 5
3192 8494 2
5581 8006 4
2041 6750 10
3336 4039 7
905 8592 6
7379 7706 1
2669 4544 1
146 1343 10
314 6446 2
1161 7317 1
1820 6727 6
5378 8676 6
945 6882 1
1769 6668 4
25 7963 6
2906 8482 7
1926 7868 1
3445 7382 5
1188 4444 9
386 5557 1
5594 7772 8
1201 4238 10
1029 3694 3
3556 8532 9
2271 3558 6
3255 4387 3
5410 8904 8
4110 8657 10
1497 6337 2
2218 6980 5
4153 5339 10
4165 7925 1
549 4539 4
205 1449 4
4475 5907 1
5816 7100 10
963 6688 4
3183 6047 5
2820 4018 3
3029 3229 9
1299 8185 5
1767 4738 1
114 3316 9
4057 7851 8
692 7863 10
7131 7210 10
1873 6846 6
36 2734 10
1416 6272 9
4106 7918 7
4098 6914 3
1335 2927 9
4410 7093 4
593 5100 4
40 516 2
4347 7702 7
2211 5187 9
322 2098 1
5208 8856 6
1497 5845 1
4055 7995 8
3551 8350 8
2447 8602 9
5233 7000 2
1279 7916 5
2810 4141 8
3199 7222 10
81 4273 7
3240 7731 3
2418 3020 9
721 6350 5
4107 8934 9
2487 4389 1
4313 5225 5
513 4349 3
4635 6571 3
4394 7672 5
662 1319 2
863 8907 2
2901 6895 1
593 3691 8
4822 5953 5
855 6467 3
2279 6001 3
759 931 1
2194 7096 10
556 1215 6
500 6303 10
2569 5198 5
3255 4184 5
7677 8788 4
4801 5496 3
271 1133 8
7935 8913 9
828 8545 1
1862 6543 7
8305 8390 2
853 7517 2
8749 8908 1
5386 7543 5
1426 1858 4
207 8059 9
1202 4680 9
178 4441 9
5980 6394 7
5153 5761 7
469 4344 6
2004 4523 1
2898 5019 4
3517 6684 5
5730 5879 10
1400 4887 5
4762 7955 3
5065 6893 3
336 5230 9
1312 6015 8
990 8507 5
2192 4847 8
1455 4468 10
4258 8761 4
1537 7988 4
3880 7520 5
6274 7579 5
1166 4210 2
2546 7601 1
5834 6384 7
644 5441 2
899 7392 4
1990 4954 8
2791 7207 10
5547 6822 2
3416 8532 8
4868 5247 8
3032 3936 4
1308 2413 2
2081 4849 4
3439 3733 6
2593 5434 6
4866 8325 7
2736 4613 7
4326 5734 3
38 3738 9
149 6293 5
8325 8974 2
84 131 4
2505 2745 9
282 4260 7
3524 5524 4
5546 7789 7
2225 4407 2
5094 6532 1
787 1978 10
3453 7160 4
1466 8233 9
2900 4034 7
775 3612 2
1390 6884 7
1975 4183 10
3225 4317 3
6337 7300 4
4674 5695 7
1857 5085 1
4079 4910 10
2428 4368 5
4914 8869 5
75 2835 4
6598 7696 3
2674 6166 8
1021 7780 4
3827 4084 3
2025 8796 3
3693 7555 10
1393 5374 1
551 2679 1
2043 6368 9
4480 4805 7
803 5251 5
3236 5594 1
1393 1661 1
3340 4239 3
6372 7473 10
577 8576 6
2517 5831 3
695 7349 5
5055 5823 10
1953 4041 6
5467 6084 5
1618 6516 3
3817 5765 1
2505 8805 8
4952 6940 3
5065 7244 7
3112 6710 6
1578 8428 6
3399 4955 5
5467 7331 9
1209 7243 3
3018 6771 4
550 3088 7
241 1375 10
5178 8248 1
4622 6035 3
4179 6030 4
5893 7534 6
3728 4383 6
720 6117 6
4024 4295 9
848 8312 9
1532 3591 7
8693 8743 8
1412 4990 10
7536 8453 3
364 7929 6
277 2925 3
971 4765 2
3359 8552 9
638 5811 7
3078 7973 4
613 5225 3
7434 7758 8
608 4268 6
2645 5273 3
2481 4769 4
392 5647 5
1886 4163 7
5532 6430 1
4321 7895 2
3340 7129 6
2637 2749 7
177 1633 1
3876 8043 6
2421 7298 4
2672 8135 6
7400 7823 3
3577 6406 10
5026 8894 1
1080 6945 6
2869 8038 10
4496 6416 5
1573 5524 4
217 7925 3
397 8139 4
4040 6070 2
1057 7160 3
2055 6921 7
3264 7126 8
1731 4349 3
3590 6075 8
3007 8739 5
3479 8183 6
7211 8687 1
2038 5198 4
4447 5436 8
103 5063 4
1109 3187 3
4313 6686 3
3054 4111 6
1164 8867 2
2422 5412 8
4028 7636 10
2890 7847 10
814 3407 7
2292 6560 4
7545 7794 10
3352 4654 1
3805 4756 10
590 6327 6
2193 8410 2
3507 6444 8
529 1628 5
862 8813 7
2286 2717 10
2025 2171 3
4332 7393 4
3882 4243 9
1597 5416 8
1257 1700 6
3121 5694 3
2539 3476 3
3814 6831 5
4810 6915 9
3071 6134 7
6798 7154 3
3006 4891 8
2557 4614 7
874 6297 8
2023 8904 2
1369 7954 8
2344 5725 5
807 4365 6
1033 5961 3
316 5775 8
2377 4109 8
123 7494 2
4836 5922 1
251 6490 2
474 5401 6
4761 5384 9
450 5799 3
1713 4280 6
2330 3938 5
5746 5875 4
324 3973 5
338 6914 6
6604 6902 1
243 2703 4
5412 7584 10
2013 7866 10
6030 8678 7
2955 5675 1
2889 4460 6
3442 8547 7
1866 6459 3
3432 4685 7
1002 3095 5
472 5345 4
3590 3706 2
224 7003 7
3948 5857 3
3807 8933 2
595 8400 2
389 3081 6
1285 7015 9
3364 5766 7
5386 6539 9
1601 8758 8
5158 6162 4
2739 4522 4
2023 7150 3
2091 4477 8
4562 8608 7
2710 2913 9
4090 8862 5
2334 5328 6
1374 6828 3
2479 2563 6
759 7756 8
6078 8155 6
3846 8998 4
1951 6145 3
2456 5213 2
723 2015 4
6152 8816 6
2252 4455 10
1027 2696 7
4586 8024 4
2045 7639 3
3473 4188 8
812 8573 2
6159 8037 2
1343 7006 9
1875 7724 1
2138 4225 9
351 1937 8
3160 4426 1
2768 8968 1
608 7936 4
5119 5527 6
5459 8336 2
3209 8012 4
4368 4758 4
1389 3107 2
2603 6952 10
2637 4596 9
89 218 7
5355 6073 5
1017 3119 7
745 8332 1
1938 2685 6
432 8019 6
11 5437 1
6051 8078 8
2707 4154 5
2078 6989 10
839 1990 2
1377 8576 4
5430 5696 8
5285 6399 1
2413 4436 2
2589 8982 1
1876 8032 3
1411 8029 7
4088 8985 9
3683 7725 2
8048 8328 1
235 761 6
870 7908 7
3693 7526 4
592 1806 10
5854 8132 7
4933 8030 3
890 1605 9
355 4305 5
4905 7271 9
262 1570 9
5539 5932 3
3883 4728 3
5169 7167 3
219 4977 2
3790 5109 8
3609 6104 6
2155 7364 10
3419 4792 2
7606 8090 2
3729 8499 4
3393 6043 8
4690 7570 7
52 4510 2
1706 2191 7
1966 6584 2
218 2893 2
5154 7613 9
1917 7946 9
2161 8263 8
889 6163 9
2945 3739 8
2030 4130 2
3374 7939 9
957 2844 4
5185 5251 5
2103 7473 1
4473 5208 2
7436 8544 4
1855 2783 3
5035 7995 9
237 4476 5
2923 7125 3
4768 6871 8
2244 5557 1
5921 6597 5
3574 4759 8
7833 8157 10
2567 6701 1
790 7215 8
2662 6786 5
695 6479 3
2940 3825 7
253 4587 5
473 7607 5
7386 7902 7
1547 5710 10
3195 8821 10
6864 8615 4
7825 8186 7
1754 2782 5
4992 5356 2
1816 6353 3
208 6147 3
3318 6657 9
4677 6125 8
3042 5679 1
2914 4572 6
1926 3128 5
2767 8292 9
1397 3733 1
456 4232 7
7293 8412 8
2161 3818 5
643 5790 8
3775 4976 10
79 5291 9
4609 5076 8
6001 7266 4
4940 6715 10
3275 4771 3
7470 7784 7
3009 8273 10
2148 5697 10
1387 1461 1
5492 7342 9
3720 8811 6
5448 6188 9
4470 8122 5
3281 6084 10
1769 6964 6
6956 8347 7
1893 8370 1
2941 6222 8
1022 2180 2
1933 8119 4
3162 3766 2
1244 5903 1
4527 8562 9
7553 8490 5
5843 7966 3
4746 8941 4
2560 6011 8
2976 8811 9
919 4824 3
498 3591 10
4613 8770 4
72 6031 5
2393 2638 1
7432 8588 8
5879 6217 1
2075 5688 3
1734 4288 6
405 8450 5
7399 8720 10
4188 7075 9
2446 7412 4
1341 4034 10
1090 5079 1
2662 4528 8
4136 5256 2
5747 7170 5
2927 7452 6
5094 7257 7
4123 4625 6
834 6813 7
1551 7405 1
4759 5689 5
1358 5374 1
454 3113 10
242 2260 5
7145 7311 8
70 1883 4
664 8591 2
4081 8071 7
115 5835 3
359 4609 3
5420 5638 10
5435 8921 2
1210 3672 10
6823 7790 5
1792 7497 3
3273 6039 3
4350 6640 7
4265 6389 9
1401 8164 6
586 1525 10
1454 6556 10
7708 8998 7
1227 8785 7
5944 6341 6
2232 6410 5
6576 8533 7
7497 7809 2
5588 6998 8
5594 5945 9
2963 5625 7
2393 5773 7
1635 4259 6
1338 4216 2
4123 5817 6
7210 7709 4
80 3197 8
6208 8861 9
3212 5002 10
6014 8481 9
1907 7960 6
7728 7854 3
758 3975 8
1189 3516 8
4943 7424 9
2473 7306 6
4774 5094 6
7195 7251 2
2332 4881 6
5369 7388 9
187 6573 5
5269 6059 5
1206 6192 5
3159 5017 1
5889 6957 10
5347 7656 3
1077 8137 9
413 8653 3
1140 7285 8
6508 7566 10
4422 5679 8
2674 7314 7
1058 1705 5
6028 6202 8
1632 3567 3
1415 3209 8
3115 3427 3
2670 7687 6
708 7577 3
5721 7893 4
5740 7290 8
4771 7224 4
4232 7894 7
3196 6542 3
1320 4260 10
3286 3479 4
1730 1838 1
5951 7239 3
352 2347 2
1801 7132 9
2117 8982 5
5927 8807 6
4185 8107 4
7926 8386 5
3633 6213 8
4697 8453 8
5584 7874 7
3531 6193 4
1922 4681 4
154 8204 4
4379 4572 8
967 5748 8
752 1178 4
65 6063 7
654 1226 1
1916 7434 2
248 3562 2
3962 8940 10
1699 6094 6
3207 7524 2
6211 8337 8
1870 3070 10
3339 4090 2
930 4040 7
3553 7261 5
1319 4472 9
878 5357 2
446 1184 10
2462 6724 10
1211 6583 3
7001 7238 7
1373 6540 2
1393 3509 10
2383 4180 6
452 1084 10
5060 6090 4
5454 6987 6
275 5989 3
3903 7200 4
4811 5173 2
455 4308 5
2513 3073 6
1134 5102 7
2976 4770 6
7637 8989 7
8570 8662 10
3245 3579 8
5544 8934 4
1815 2046 3
5121 6679 10
3019 5359 10
444 7454 8
5590 6256 9
6504 8179 10
6606 7196 8
2589 4796 8
876 7380 8
5555 7128 2
6070 8069 10
1518 3097 9
3875 8458 1
933 5275 9
3587 5997 10
7780 8487 1
1920 1968 9
704 7488 7
4914 7604 6
255 1058 1
4428 5005 4
1482 6209 9
6006 8196 9
2100 3391 2
3882 6845 10
811 3566 10
199 707 1
3320 7744 2
1612 6922 9
3771 5064 4
1916 5577 1
346 7390 9
4325 6142 2
6833 7360 6
553 2452 9
4619 5889 7
1371 4117 5
1010 6006 10
682 7479 9
2229 6990 3
778 3562 6
6804 7089 2
1778 2305 9
6143 7915 10
1171 5590 7
5445 6691 2
218 542 4
4146 7895 8
4556 7670 6
63 3755 6
800 7150 3
490 7489 5
809 5239 4
2893 4334 8
3308 6292 6
2151 5718 5
277 7185 2
6761 8826 10
5607 6152 5
152 2204 5
4925 6594 3
4656 5630 2
1049 8512 2
1905 7020 1
1037 8236 6
2919 4635 1
2477 8368 9
1174 8370 8
849 7037 2
500 5281 6
3382 6771 4
6610 6670 6
980 5285 4
4818 6796 1
7045 8568 6
1113 7486 7
709 5728 4
1868 5594 6
3216 6411 9
6513 8738 5
649 8927 3
7421 8383 1
1022 4712 3
5085 7685 10
6781 7796 3
573 1415 6
7012 7270 8
5267 6068 5
4058 6600 10
1039 2415 9
868 2287 8
719 5297 3
4233 5112 7
704 7912 8
2802 8140 7
1067 3856 7
7250 8992 9
1556 3434 2
5023 8907 3
3723 5183 1
3579 5117 1
5108 6673 7
3536 5656 3
4304 4890 3
498 7191 3
2840 3351 10
3709 5821 6
4850 6204 10
1020 8066 10
3109 3539 7
3817 4019 10
1937 2222 5
3582 4967 6
3749 3786 6
1936 7105 6
3588 4065 6
1599 7020 5
2880 4115 4
2259 5784 9
4368 8096 6
2397 5364 4
1458 4100 2
1277 8008 6
4224 5620 9
3377 7203 3
250 8422 6
1253 1465 9
3171 3197 9
3189 7371 3
4058 8649 1
780 960 6
7913 8834 6
847 6150 3
2391 4633 1
761 8922 6
2920 5513 3
4238 4860 7
2051 6703 8
1938 2971 6
1597 6936 3
6018 8971 4
618 7786 4
4318 8367 3
2142 3005 9
3387 5255 8
417 8779 5
435 3816 7
6386 8789 9
1854 8847 4
417 2705 5
1357 5662 8
5255 7883 1
1318 6444 4
1604 4539 3
7082 8141 9
1512 1515 8
2507 8258 3
5802 7771 2
1088 3620 2
6602 7598 1
4470 8719 9
3415 5910 6
1908 6580 2
6624 6804 6
4919 8836 10
8152 8905 3
1576 5292 6
3700 3709 6
2562 4588 9
57 8899 1
2753 6548 9
2099 8083 4
7491 8298 7
4750 6810 6
109 3319 4
2794 5368 1
2119 4553 1
1440 8754 8
3079 5434 7
1577 2403 10
1445 3879 7
2435 2592 3
113 5989 2
4352 8398 5
1527 3546 3
1195 8273 4
3987 5315 6
3634 8294 10
6270 7375 7
1115 1796 8
576 2831 1
3514 6322 10
2155 7938 10
6135 8441 1
3607 3789 6
3034 6155 8
2415 4931 8
1987 3500 10
2119 7875 8
3457 5501 5
561 3440 2
513 8366 6
5113 5912 4
7524 8767 5
5910 7120 3
4676 7622 3
4833 6618 1
1152 6407 1
2046 2431 6
2099 5911 9
1444 4252 6
5501 7844 4
1984 4181 9
305 1410 1
2656 8927 9
2531 8818 8
1191 1651 8
3056 7846 2
8608 8765 4
2839 8681 5
240 8687 5
1419 7364 10
1223 6490 7
3897 6520 9
2389 4380 4
517 8617 8
882 5699 3
1372 5618 4
2111 6612 4
1889 6739 2
327 4966 6
1246 6718 1
4340 5147 7
7475 8596 8
1098 2900 1
6015 6517 9
379 8188 4
85 916 7
2183 6554 6
1581 8534 4
4348 4893 10
7053 7945 1
3741 5189 10
6337 8100 9
6661 8937 2
939 1713 9
1186 5927 5
2751 5351 6
5909 6443 1
2497 5265 6
4056 6953 1
582 3409 2
7563 8126 10
117 5535 1
233 5037 6
1577 6754 5
5522 6390 7
6956 7175 7
1281 6883 5
2795 6576 2
7292 8774 4
6009 8457 5
1979 5795 8
2453 3036 10
4759 8686 1
2 7858 3
2196 2872 4
5371 7563 8
5345 7493 7
636 2161 5
1104 1681 3
1746 3934 8
372 746 1
5514 6129 4
8325 8817 6
786 8082 6
685 1038 3
405 8217 5
3329 4288 10
1417 2481 2
5678 5857 4
2722 3431 1
6840 6964 7
278 7426 5
3986 7982 2
150 2988 7
3470 6232 10
5490 6357 10
3590 7777 8
4420 6424 9
1966 4033 8
1824 4866 7
499 3172 9
5469 5658 2
6774 8978 7
6155 8483 8
3974 8353 1
4683 8197 5
4572 4832 2
4200 6365 10
1808 2223 1
351 1427 2
1343 1794 1
1913 8922 10
1919 2332 1
2823 8814 5
2616 8568 1
2111 8443 8
495 4573 4
3220 4916 8
5286 8384 9
6397 6838 9
6501 8017 4
6286 7759 4
3785 5380 7
820 2264 2
836 5458 4
2954 7097 1
2823 5024 6
1008 3720 10
5600 7617 10
145 2749 10
3841 8850 8
7700 8984 1
1803 4331 2
1578 7226 10
4684 6092 8
1619 7205 5
2479 2591 5
1849 2053 6
5163 5188 5
2908 6874 2
2531 7807 4
2328 3245 2
3782 7727 10
4264 7515 7
6 2486 8
5807 6476 9
1671 8348 3
1482 6667 7
1117 2604 5
5609 6577 5
6252 7429 5
7548 7849 9
3220 8352 3
1060 8176 6
3450 5976 4
4334 6146 5
668 2695 2
4554 8681 7
6626 6633 5
1797 2852 7
1033 4323 3
2860 6310 6
1977 4832 8
1880 4495 5
2498 7784 4
4212 5979 5
4944 8824 7
4290 5285 2
1409 2228 4
508 5299 7
670 2675 6
3467 8125 1
4425 5806 6
796 1180 9
3990 7200 4
506 1795 5
6297 7535 1
2488 8395 6
5179 8688 6
69 7101 7
2390 6719 5
567 2002 5
3515 5798 8
104 7840 9
841 8068 4
3747 7663 2
1523 7146 10
2580 8796 8
47 530 4
3330 8876 1
1910 3450 3
2317 6159 10
323 2204 9
2042 3259 2
3284 4589 3
1018 3563 10
2726 6377 10
5083 5263 1
1004 5360 8
1049 2778 6
2068 8411 10
2264 8142 7
160 7232 2
1542 6949 9
1716 2124 4
2826 6117 4
2451 8034 2
4691 8758 2
1942 3042 7
2937 6693 4
546 2487 1
4402 8404 6
7525 8113 3
4731 7392 4
7383 7585 1
3473 8851 7
772 4822 4
3386 7276 2
4445 4650 10
2249 8216 5
288 4520 6
783 8639 7
2814 4451 10
600 601 10
1255 6828 3
4209 8420 1
6091 8805 5
1195 5511 4
873 3490 7
3463 6579 6
6083 7404 8
1106 7586 4
756 1455 8
5000 7641 10
1665 2697 7
1385 5426 8
549 6172 7
6204 6783 6
810 5275 9
5573 6717 7
5895 7928 1
1817 6166 8
2716 8210 1
2158 2876 7
1336 6413 10
6071 7970 4
4286 7064 1
5501 8527 3
845 1752 5
4169 6365 4
1300 7369 6
389 3727 7
6048 7857 10
968 7744 7
528 6524 5
4944 5685 5
5320 6113 2
2462 6072 9
7 2921 3
6294 8805 9
5445 6559 4
1212 7040 3
2457 4515 10
1111 2512 2
6697 8661 10
4547 6909 5
3293 4190 9
4047 7177 3
2955 7476 3
141 2826 1
2707 6139 3
2371 5639 5
3713 6404 5
865 2030 6
696 5909 6
2035 6086 1
4644 8001 5
3819 7542 7
3214 5012 4
2957 4825 6
1737 5076 7
3533 8748 1
3345 8529 10
2710 4661 4
307 5267 8
3550 5473 9
238 1460 9
736 6167 6
6566 6624 10
1323 6105 10
4199 6494 8
709 1885 4
2559 3519 9
6788 7926 9
2460 5910 10
3837 6468 4
2802 5994 8
3497 5474 4
1108 5963 2
3154 3468 9
2134 6246 2
2259 5551 7
6114 6654 7
5613 7127 2
7768 8461 5
485 7544 6
886 7509 2
2144 6573 10
7208 7820 9
4302 5145 8
2424 4850 6
499 6974 1
1531 4108 1
718 3529 6
1329 4882 9
3576 5435 5
128 2435 1
4072 5031 4
2482 2687 6
1691 4154 9
6723 8168 9
2965 8641 1
11 4764 6
3835 7254 10
4903 7723 4
2438 4631 1
5948 6222 4
1798 8058 9
860 7759 7
1697 6373 9
2021 6338 5
3728 7350 4
1109 3186 1
2382 6471 9
1420 5946 9
6984 8227 10
6743 7411 4
778 1839 8
4995 7445 6
912 6104 1
4045 8884 1
2260 4608 10
5036 5189 10
1768 7004 8
5831 6908 4
331 5831 1
589 8306 2
412 8867 7
3886 7191 9
2657 8827 8
3377 3435 10
7017 8186 10
7413 8330 10
4653 6518 7
5121 8102 1
4931 6745 5
3314 5559 4
7098 8783 1
3243 8432 6
4517 6043 9
4161 4552 6
867 2167 2
4139 7249 9
1927 8104 5
1855 5366 1
3184 7369 6
5871 6662 7
3224 5592 10
1424 6638 6
7038 8602 6
5023 5957 5
5052 8627 1
315 7159 1
3534 7587 3
2250 4875 8
1475 7690 5
2582 8950 2
1084 3656 2
476 4260 8
7032 8867 2
1219 3059 5
6880 7565 4
4734 8662 3
4322 6352 3
7053 8604 4
3441 5154 10
2279 8868 7
2752 5023 3
4492 7194 9
2170 5824 7
157 5478 10
1580 8455 5
4220 8179 4
3445 3483 1
140 8901 3
2689 8374 6
1534 6614 8
5621 7252 2
1244 8551 6
7985 8710 3
1083 5275 6
3858 8080 8
6224 7867 5
323 7139 8
1891 8048 8
1210 5047 3
1224 7566 10
6962 7716 3
2876 6215 9
27 1889 10
4068 7977 2
5865 6455 6
1750 3141 7
804 3596 9
7965 8310 4
4035 8083 2
4030 8856 3
3851 6646 6
2534 7590 7
404 7898 3
2673 6102 2
397 6120 4
3957 6307 4
6675 7389 5
157 4375 7
3086 8268 10
2286 7914 1
543 7820 5
5003 8680 10
1758 5506 7
945 7227 1
7913 8895 5
2340 6927 6
4332 4363 1
155 8507 2
4690 5220 10
7010 8098 2
6448 6722 3
5846 8799 4
89 292 7
3079 4563 4
2671 5803 4
603 5572 5
1506 7796 2
43 4283 7
4655 7868 3
6281 8386 2
4744 4864 1
4278 8138 10
2 806 4
2088 7825 10
3376 7591 4
1256 3388 6
5678 6140 6
71 753 10
15 1771 3
4992 8389 5
3713 7180 8
5716 7241 1
1547 5224 9
1854 8463 8
1471 4227 6
4649 5433 3
5619 6080 4
1292 5452 5
6715 8345 5
1917 7435 9
1520 7057 3
4803 6545 3
2268 7647 6
1270 7220 8
6809 7600 7
7631 8338 8
6966 7306 2
165 5637 4
430 6560 3
8455 8778 9
1488 6335 6
1562 7172 2
3300 3521 5
3855 8514 5
4365 8447 3
1074 4412 8
8109 8735 6
2344 7933 1
915 4166 2
3518 7061 5
1492 4743 1
1456 3836 4
3604 4083 7
2396 8734 4
7347 8059 3
3615 8321 9
5798 7228 8
889 5396 2
6533 7602 5
5187 7969 2
3428 7585 5
167 738 5
2272 6428 8
4396 7942 2
2596 7206 4
1139 1695 8
7431 7842 9
823 1263 9
206 2734 2
7 726 7
2236 8052 3
1823 8877 1
2203 3483 6
4764 5796 10
3896 8696 2
5346 7001 2
458 7447 3
595 8150 4
4903 6245 3
2970 6000 3
200 8397 5
4810 8266 4
6996 8630 5
5708 8853 1
4222 8049 9
3847 6716 2
2156 5142 6
3120 7438 3
6173 6960 5
898 4732 8
5006 6763 8
2890 5965 4
4131 9000 8
567 2256 4
1473 2100 8
3559 4111 6
1510 2274 2
1736 3082 3
4425 8425 6
4583 5291 1
7929 8579 3
2231 5476 5
677 2430 8
1415 1850 3
5195 6470 2
1030 1747 6
4913 5434 10
5445 6356 8
182 8743 5
862 5191 4
67 5288 10
1055 4897 1
1033 1786 3
5522 8708 1
5826 6147 1
6997 8067 7
4767 7868 5
2787 5984 6
3512 8842 2
910 5221 6
5146 6593 9
8314 8819 5
921 6323 8
2190 2656 4
927 6972 4
6004 6598 6
2357 6476 7
7706 8728 9
8509 8616 8
6733 7334 9
384 563 3
7361 8381 1
2303 3080 4
1862 8041 2
2832 5118 10
311 6008 10
7734 8463 7
606 5303 9
2222 6329 10
3166 4552 10
3404 6585 5
704 8148 2
1105 8202 2
114 1181 9
242 2076 6
2243 3726 4
2479 4668 6
1524 8418 8
2514 8797 4
5370 7142 5
6498 8598 9
7169 7744 9
4186 6894 3
918 3530 4
7574 8716 2
936 3998 9
285 8854 9
7682 8492 4
1441 3057 8
3020 7193 6
1713 8832 2
3127 6372 7
321 5017 1
1814 7093 4
7721 8476 5
728 4847 8
717 774 4
788 7646 10
798 7290 5
29 3816 8
5500 5892 1
2382 6243 6
330 347 9
4129 5506 4
8530 8882 5
424 7297 8
2334 2420 7
920 4115 4
977 3944 4
3228 4530 5
178 8721 2
3855 5140 1
5426 7325 3
236 4869 9
3007 3911 8
1590 7223 6
1168 5356 9
6946 7756 7
839 8256 10
4640 8043 2
833 5057 2
1962 7370 9
1328 6561 4
2171 7632 9
4500 7496 3
5066 6093 4
3846 4178 2
4029 5986 4
92 3336 5
3785 6848 6
7059 7740 1
794 1450 9
1077 8108 3
4676 8497 10
129 6400 10
4268 7107 2
6208 8369 1
2926 4357 3
7588 8567 7
4335 4901 8
1443 4941 4
1195 4017 10
347 3026 6
6178 7995 2
1988 5760 9
5418 8964 4
1592 3392 4
390 5846 3
8217 8870 4
1665 1766 9
717 5902 5
364 4307 9
4993 8206 3
5224 6853 8
3478 3769 4
1245 1875 7
5069 6504 6
6374 8398 7
439 7655 4
3369 5414 3
170 2814 6
3181 8903 6
1066 4008 10
4209 8700 4
3707 5331 9
1178 4628 1
3332 5337 7
6227 7396 2
376 6896 1
2247 8115 1
669 6027 2
1051 1147 2
5713 7577 7
3855 7993 5
1451 7062 9
1656 8331 3
6024 7525 8
751 5726 6
5091 7529 5
89 7076 4
1783 5038 6
2585 4020 4
3745 4176 10
674 7946 8
5802 6268 3
2589 3716 4
3652 7632 10
2941 5791 7
778 7467 9
574 1244 8
1111 7616 1
4801 5804 7
1930 4766 9
2845 8050 4
863 1600 2
4599 6570 10
2862 8283 1
668 7537 4
4386 5351 10
3662 4781 9
2176 5881 6
2460 6375 1
7215 8239 6
1747 3890 1
1262 6407 5
3469 8837 8
696 3951 1
4413 8940 2
4012 6900 10
6475 6882 8
3928 6157 4
1301 8682 3
4716 8445 2
3259 7387 10
6932 7723 7
6279 7710 1
4145 7266 4
3431 8280 6
866 2641 3
2519 5496 7
6583 7615 6
180 7959 5
4053 5283 4
7188 8360 4
3339 7463 2
4995 6033 10
1484 8356 7
7214 8339 9
2517 6847 5
3397 8753 8
6458 8392 7
2671 8224 5
6844 7383 4
1544 5942 10
4440 6305 10
6020 8049 7
3686 5389 6
1044 4855 5
4679 8503 4
2985 4277 1
2656 8776 7
7253 8863 5
1753 4944 10
3697 7398 10
968 1317 6
4142 4633 7
849 7273 8
7835 7951 10
4677 5829 1
7780 8334 3
2548 5893 5
6272 6505 5
6016 7119 4
2187 8233 1
3103 3479 6
7338 8170 1
6825 8238 4
4799 6967 6
5696 5709 3
5374 5525 6
988 7013 9
271 6819 6
441 4997 4
1781 3194 9
2772 6028 7
537 1464 5
4906 6051 4
3389 6560 10
1871 6994 4
348 4295 6
4483 8373 8
5129 5876 10
132 8681 4
5534 7197 9
4110 6735 7
148 5174 6
286 5021 10
2823 4736 4
785 996 5
102 6602 6
8519 8713 5
7816 8954 2
177 4207 10
6469 6732 8
1952 3717 3
4557 7472 3
3651 4060 9
4236 6386 7
959 8053 5
1963 5762 10
7063 8040 3
5098 6310 2
2352 3589 3
7362 7377 9
4408 4529 1
32 3764 9
1419 8409 4
78 1152 2
4561 6122 9
6609 7232 1
8442 8647 10
5217 6119 6
1357 6730 6
139 4534 9
4606 6670 6
4218 7996 4
3436 7000 5
2320 4230 4
1623 8562 9
53 6309 1
1401 2049 1
533 6551 4
7822 8894 10
7558 7964 8
4171 6228 3
1568 7940 4
3403 6714 7
2102 5413 2
2335 5653 3
2675 2917 8
4016 5198 4
2981 4166 7
1830 6627 2
3063 7880 5
3602 4818 3
6172 6770 10
49 840 8
5658 7886 5
2427 5950 8
120 5694 9
3526 5459 4
2468 3332 7
576 2554 3
672 3919 7
4988 5433 7
2133 8984 10
5159 8811 1
1246 5723 5
1724 6516 7
6178 8665 5
3438 7755 10
1661 4930 4
1604 8288 6
525 1729 1
4424 6563 9
4512 5811 8
2790 7401 5
1620 5900 10
5016 5222 1
5157 7281 1
7833 8651 5
4897 8128 7
4790 7595 8
1384 4046 5
7427 7639 2
5416 8670 3
792 5449 4
3108 5069 7
8432 8909 6
2182 7501 1
431 3628 3
3027 5337 3
4214 7137 8
864 1800 2
2410 6539 4
4859 8727 3
279 7489 7
2169 4014 4
413 932 6
5838 5918 3
7861 8853 4
4153 8406 9
10 56 7
4115 4837 9
998 8627 7
6801 7925 4
7727 8064 10
1027 4466 4
1112 3306 6
2846 6508 3
550 2523 6
6582 6632 9
639 4691 2
196 4385 6
44 2681 9
651 766 9
5610 6799 2
1948 8318 7
965 1898 2
2688 3945 7
5898 7323 3
2688 4733 7
7977 8865 7
90 4500 2
59 565 8
6621 8542 4
3591 6923 5
2432 6532 3
5697 8329 1
5218 7801 9
1521 4518 3
249 7666 4
3788 5198 8
3545 8095 6
600 5601 2
3639 6111 6
313 3951 3
5237 6098 2
4341 7085 3
1045 2342 1
1397 7937 7
2582 3239 3
6279 6744 6
6889 7168 5
2278 7801 6
1528 2887 9
157 1693 3
1640 5785 3
5092 5137 9
1397 4911 6
4160 4513 7
2914 6529 8
4998 8521 3
3194 6865 1
6165 8370 3
844 3681 5
241 5635 9
904 3051 4
3589 7310 6
4270 8687 8
2330 3292 3
554 7212 2
1949 3805 6
7318 8840 10
954 2872 2
3701 4681 2
193 2601 10
2439 3095 1
2966 5883 6
5876 8606 10
3386 7671 6
643 4399 5
3779 4500 2
5939 8163 6
3975 5962 7
2778 3270 1
4195 6501 3
3997 4344 9
871 3605 3
539 8339 5
599 3752 7
3372 7314 6
1763 6375 10
4003 5373 2
1200 6749 1
923 6291 10
181 6946 8
1899 8115 7
31 2751 4
4809 4860 1
3471 5868 8
7148 7662 10
3841 4783 5
782 1671 6
3254 3709 6
4554 5938 6
6654 7899 6
3500 3682 4
4770 4870 7
224 6623 1
335 8460 2
2609 8505 6
5528 7650 3
461 3185 10
1520 7111 3
2744 4058 8
3926 5576 8
1891 4279 5
6042 7300 4
714 5656 1
7638 8301 1
5354 8348 1
3205 7172 10
6808 7200 9
2581 4361 2
950 3154 10
2933 7066 10
6739 8822 2
158 2456 8
3340 7291 6
2219 5598 9
3619 3710 5
1502 6131 3
1725 7761 4
2561 3272 9
431 1702 7
6540 8184 2
758 3180 3
5083 5324 4
4003 4471 7
2770 8474 4
7628 7721 4
86 3575 10
4 1029 4
2078 8621 8
1961 6625 1
859 3789 5
985 4515 10
1365 2480 6
143 1404 2
1236 8511 6
686 1029 6
1944 5811 3
930 6450 7
4162 8125 10
319 3300 2
4242 5579 9
3218 7214 7
615 6513 8
457 3570 5
2209 6019 3
7491 8663 6
3092 6694 2
8333 8509 8
4117 8485 10
5251 7141 1
587 5441 1
2462 7451 1
5130 5326 6
3131 3385 5
4891 7050 5
5745 8927 9
566 5304 4
270 4124 3
3941 7919 4
3200 4697 5
4087 6674 2
1198 4394 3
3766 5681 7
4183 7927 7
3797 4097 3
3462 6487 9
2646 5738 9
3890 8791 7
3474 6080 5
2369 6790 9
3975 5228 6
5568 6787 3
3285 5536 2
4520 7124 3
5896 8539 9
3377 7701 4
553 1165 6
3152 5557 2
4330 4547 8
2838 8884 9
5816 7019 1
803 6929 5
7406 8410 9
1370 7844 5
8036 8370 2
5209 6436 8
6151 6497 4
3022 3692 3
4320 6058 5
1137 2677 3
3018 4827 6
6363 6560 4
2245 2875 7
952 2836 10
1288 6496 8
6980 7900 9
541 3597 1
370 7129 8
4535 6939 9
6 382 9
1639 6245 7
3981 8640 2
4828 8581 9
7855 8614 2
6034 8058 1
883 2937 8
2893 3813 8
4760 4987 4
664 8593 6
2268 7871 2
243 7456 1
303 8232 5
726 7430 6
4474 6921 8
5876 6630 8
1970 4783 3
1603 5226 2
1314 3670 5
421 7344 1
427 8770 9
2290 8397 7
6336 7456 4
619 3068 10
1878 2390 7
1089 5545 10
227 6645 9
3314 4555 4
200 8729 1
2985 7264 5
928 3934 7
3155 7641 1
6319 8321 3
8191 8884 7
4460 8023 4
1128 5848 5
1252 7145 9
3748 4002 6
96 3263 5
2683 6233 8
2363 8443 7
3606 8245 3
1967 8170 1
2847 8436 8
2028 8451 2
7031 8363 9
2474 7571 4
2459 2844 4
1192 6166 1
3935 7867 2
5228 6503 5
5440 7620 6
7002 8044 1
2736 4662 3
823 5936 6
1848 8684 6
1509 6541 4
2157 8134 7
5132 7699 10
5221 6855 7
3129 5370 2
3328 4803 10
202 6373 9
2263 2817 6
4414 7276 7
1644 7485 6
1210 1685 10
1345 7974 7
2984 3220 2
5160 6962 7
7248 8193 5
2704 3174 5
2943 3172 10
6376 8632 7
2267 8148 10
1553 5795 4
1161 8918 6
4490 7437 6
495 548 6
4861 7604 5
1800 8246 9
40 1129 10
439 1495 8
4249 7457 4
1177 6072 8
6064 6817 4
4030 7277 7
1070 1702 8
1897 7034 10
5463 7554 8
1785 5342 3
1909 2432 9
2788 8619 10
3056 8486 6
2692 7055 2
604 1779 6
4462 8211 8
470 7812 8
4187 4424 6
4473 6592 10
5748 6507 9
3 6583 2
5915 6492 10
7750 8338 5
4771 4793 6
1976 4977 9
7414 8904 2
607 2772 5
3317 3976 10
3014 6287 1
2189 7657 3
5512 6845 6
2239 5652 5
1455 7079 1
418 5623 4
1995 8428 6
4916 6738 5
4757 6057 4
2760 5622 10
3652 7623 7
4715 5155 10
5030 7278 1
1264 6071 1
7267 8608 3
1529 7975 9
5534 7746 9
1745 5384 1
456 7044 9
4866 5552 2
22 1403 10
4210 7088 6
1345 2784 8
666 2944 9
3202 8949 1
3849 5820 2
2056 5919 3
7722 8200 9
2783 3971 8
2583 7486 10
42 2215 5
5788 7025 9
2233 3398 5
4354 5957 5
1303 2668 2
7541 8027 1
2053 5442 3
1304 5318 8
2567 3173 4
768 975 7
6598 8449 1
6278 8996 8
4564 6563 7
2864 5035 6
1877 2974 10
3192 5663 9
6231 6693 6
648 6168 3
481 2180 10
6932 7282 9
4964 6941 6
1596 3274 3
1326 8510 3
1269 3226 2
869 4599 5
6188 8898 3
4241 7622 5
2986 4371 4
7464 7822 2
2115 4241 5
3613 6766 6
1605 2725 5
7275 8747 1
6448 8251 9
5218 5316 8
1515 3668 9
1662 6078 1
3304 6948 10
2992 5403 4
2092 6106 1
1743 7794 8
4737 4996 10
160 3838 2
3238 6216 6
1060 3963 1
4715 5578 10
5323 6804 7
602 3236 10
4980 7316 6
1926 8242 3
55 7098 6
3373 5324 4
3254 4531 4
6660 8086 4
5056 6950 1
773 5379 2
3181 6910 6
4161 4217 5
831 1747 10
7945 8435 5
4073 6518 10
6982 7464 6
2008 2968 1
4631 8300 2
4498 6440 8
3052 5190 6
1854 5575 1
2563 5309 1
8268 8468 10
6971 7684 8
7582 8148 7
1443 8952 1
3181 8768 1
4368 7800 4
5325 7617 8
4160 4197 10
2262 4795 8
2957 5781 1
450 4877 9
980 3312 9
2730 6776 9
3793 7482 2
5982 7228 5
1654 7141 2
2978 7640 3
2534 2652 6
7305 8044 10
3160 7294 10
2369 7612 7
1496 4233 1
2251 7203 10
1358 1680 7
3436 5654 10
2874 8225 9
962 8873 6
5801 7323 7
6379 6999 4
2271 2536 3
1811 3366 5
7658 8162 1
1690 2863 2
254 2747 10
716 5847 9
368 6765 6
3164 5422 6
1559 5277 1
278 4247 9
778 1837 10
4907 4923 4
349 3884 6
6184 7931 2
2756 7732 3
4509 8377 6
5432 8489 5
3591 7608 5
1367 5236 4
1439 6963 7
2063 5970 5
1114 7340 1
6104 7681 5
2307 2368 8
5172 6298 4
4524 7923 4
1550 2558 5
3854 4603 6
5742 8485 9
1243 6727 10
3770 5009 10
11 6176 9
4388 4604 9
4532 5852 10
4496 6311 6
3811 4373 7
3721 6220 5
341 666 8
2750 6689 3
940 5788 3
7145 7356 2
9 1707 7
3834 8273 3
3120 8995 9
1982 4795 3
4267 8502 3
4166 6038 7
4465 6578 4
1303 6053 10
4866 7309 9
1925 8054 1
3002 4760 1
947 2880 1
3302 6755 3
184 2264 9
1214 2400 7
4973 6831 4
7115 8190 9
1337 5594 5
4618 6196 4
837 6281 8
2573 2903 1
2537 6416 8
7128 8946 4
5956 8969 2
2258 8414 8
6225 7227 5
7735 8834 7
4181 7948 5
1792 8467 2
969 5241 5
626 892 4
3506 5489 8
4186 7186 9
259 4680 3
4215 7461 10
2943 6704 8
33 3785 4
4976 5138 1
1677 4824 9
1935 7680 3
1722 3531 8
776 4830 5
738 4006 9
5758 7525 3
3658 7388 6
2762 6473 3
2658 4753 6
5526 5694 10
118 4379 7
40 8672 5
3324 7185 9
1609 2682 3
4572 7837 3
3566 8755 5
20 8668 1
1576 1901 4
5179 6512 7
21 1185 5
3079 5632 10
1846 3420 6
2654 5947 4
1234 1825 6
1206 8118 2
8762 8799 9
8018 8048 9
1607 5906 3
7185 7643 1
1071 8573 8
1061 1108 7
3067 7122 6
4164 4684 4
1658 7211 5
3039 7116 6
1141 5333 2
2294 8581 4
355 946 8
4052 8844 4
4606 6764 5
1329 4740 1
3919 8804 5
671 6562 7
2690 3426 10
610 1495 6
5683 8966 4
7663 8560 5
1273 3429 4
1102 1713 10
6973 8647 8
872 1500 4
1146 7184 4
2448 5846 3
1947 8755 7
1712 6269 3
3451 8654 8
593 6958 8
3801 5870 1
466 5076 7
1320 7511 8
6456 7130 4
2885 7142 8
3774 6316 6
4269 7969 4
3019 7848 1
750 8614 10
2517 4689 8
6951 8408 7
4353 6149 9
272 6925 4
1551 3011 1
1042 6451 3
343 1519 5
8575 8986 1
4688 8437 7
605 4873 9
8223 8889 9
6106 6314 1
1224 6740 8
7616 8309 6
1223 2478 1
3188 8578 7
245 8721 4
3716 6793 10
1827 5417 3
2659 8524 10
3851 6514 3
546 3494 8
3618 5206 6
5263 6271 9
1695 7428 1
5970 8594 4
1765 8151 5
2626 7552 10
1920 8888 3
299 8525 9
4508 7100 2
1034 7376 9
3190 8790 4
4290 4592 7
4418 5936 9
556 5669 10
367 7619 4
2913 7095 1
1901 5959 4
1871 4971 10
5014 8841 1
6069 7003 6
3495 8441 6
6587 8385 4
4249 5088 8
4795 5497 3
319 6536 4
3773 7320 9
375 4971 4
378 470 9
2067 5148 4
6634 8558 2
1099 8422 5
6431 8374 3
1941 3771 2
523 5473 10
2507 3664 5
5993 8803 1
2499 7362 8
5478 5780 4
2809 3528 2
122 7256 6
2164 7164 7
1125 7329 6
1424 2599 2
7477 8989 6
1327 5622 7
6023 6247 2
3414 6791 4
1470 7118 5
2821 8543 1
2500 8377 3
3672 7324 3
1881 6627 9
86 5969 8
1537 2379 1
3101 8926 1
2776 5662 9
2391 8222 1
1785 4231 6
2200 8749 6
33 1378 2
1088 5411 5
5352 6747 10
2701 6726 9
1912 3261 3
3017 4265 5
72 1064 2
429 3955 9
3734 7771 5
2195 6019 5
2009 5851 5
479 7234 4
3483 4343 2
8237 8512 8
2324 6668 1
3806 4431 3
3219 7523 10
8612 8866 6
4099 5586 2
981 5985 8
4151 6823 1
6229 6267 10
5127 8021 5
1234 7067 7
276 1544 5
3402 8595 2
451 6032 4
1997 3212 2
3913 5859 5
2256 5254 1
7092 7957 7
571 8872 10
2140 8112 8
5059 6893 6
2363 4948 9
514 7962 9
461 7492 8
639 2404 2
2803 6024 8
1991 7482 8
3005 3859 1
1876 6926 1
4137 6794 2
1888 7730 1
5899 7651 7
2307 5322 7
6368 7991 2
3603 6124 2
761 5968 4
3893 4589 3
2169 7689 5
7423 7529 4
2767 3565 6
2523 5336 7
1434 2612 8
1477 3040 1
3268 8813 1
5613 7410 3
697 1247 10
3908 8764 8
700 2585 4
204 446 7
4147 6466 5
506 1428 9
4815 6472 9
4700 5562 1
3070 3857 4
896 2612 4
3737 6676 5
1412 7289 5
1732 7883 9
7269 7961 1
5316 7174 4
272 2226 6
2797 7872 9
2624 7888 8
2319 6108 2
4445 4695 1
2393 7204 5
1527 2574 7
3190 5301 5
5240 5709 8
8212 8354 2
907 7133 4
3587 4064 6
166 6873 6
2154 6996 8
2359 4064 4
5883 6284 1
1809 3916 4
1066 2454 1
1082 6604 1
1598 6153 6
1891 4567 7
2757 5894 4
1706 5207 1
4302 8975 10
5309 6385 2
832 5349 10
437 6841 7
1028 5230 3
3544 8891 8
1905 7202 4
816 5155 2
2565 3473 6
1527 8960 5
2843 5052 6
4007 8211 7
2368 3156 7
3062 6832 10
4541 4635 8
5409 8571 8
4376 6428 5
1324 5656 5
4098 6806 7
4432 5003 5
7081 8358 6
3457 6434 9
5770 8397 6
147 3298 6
6140 6474 5
2112 2595 4
11 283 2
1478 3923 7
270 5886 7
1462 1985 3
1774 4869 1
1334 4877 1
2108 3324 1
3306 7785 5
133 4218 6
2354 7555 1
6831 8393 8
2566 4629 2
4921 5368 8
4143 7256 1
1278 3982 4
3313 6759 5
4357 7123 8
3161 8144 2
5284 7005 10
3327 5685 8
2276 8405 10
2962 5547 4
7722 8546 2
5137 5866 9
1776 6577 2
2601 5661 7
5300 5354 2
1087 2555 2
7065 7931 10
3147 8218 7
2175 6003 8
1422 8847 4
753 5983 7
4068 8656 5
4351 6152 7
7184 8610 4
559 8873 8
3456 8597 5
3422 7882 8
4205 4707 8
2630 3011 4
4668 8299 2
2686 8532 2
3378 7661 10
5488 8174 2
7594 8726 5
1840 7434 7
3860 6844 6
1095 3545 3
1814 5167 3
4733 6334 2
222 7320 8
2103 4620 7
6998 7787 2
5272 7603 1
2904 7169 5
1579 7758 5
1472 6364 9
2200 4646 10
1411 5201 10
4656 5141 9
306 3818 6
1791 4925 7
2132 6758 10
361 6333 4
3543 4962 6
3929 4302 9
5268 5874 4
5132 7633 5
619 4036 9
7068 8652 3
1412 3322 6
1003 5583 2
2160 5737 8
3109 6907 2
4740 5549 10
1154 5552 4
2348 4376 1
5637 5667 5
4361 6429 2
876 4776 8
3105 7692 4
2177 5318 2
4096 8143 3
3204 6992 8
1176 1651 10
4908 5955 8
2996 4596 3
7873 8062 4
982 6319 8
1692 7935 10
1555 8253 7
6397 6488 2
3754 5725 4
4864 6109 9
1823 4947 7
6675 6682 3
4945 6716 6
5886 8501 4
4162 4645 8
2950 4327 3
2109 8918 7
6886 8041 8
4332 8717 5
1 6615 3
2604 2888 5
1762 7581 7
3324 4292 8
2062 8834 9
2154 8522 3
2297 6752 8
5643 6341 4
1668 2797 10
1026 7937 7
4643 4962 1
5157 8704 5
4302 8572 8
996 2524 8
2657 8983 8
811 5569 9
842 3888 5
48 1673 6
7772 8611 2
4726 8122 4
5072 7198 8
1610 7731 9
110 2974 9
2730 8452 3
61 5916 10
6007 6824 1
399 7550 7
2481 4482 3
3771 6461 1
2208 7298 9
1582 6826 7
1944 4889 4
799 5842 7
4834 7364 10
1237 2622 5
782 6622 5
107 4209 5
52 1666 3
3504 5824 3
1260 7827 8
4668 8247 3
3590 5244 9
373 6274 9
1594 7141 1
4388 4632 7
2295 7916 5
3573 7815 4
4655 7216 6
1380 7684 7
5189 5739 9
2162 5233 6
2461 7400 1
223 1259 6
5001 6860 2
2270 3185 6
856 6036 6
630 8224 9
1742 2237 8
3989 5147 8
4226 5138 5
6395 7231 9
3904 8251 7
64 6960 3
4507 4519 3
2203 7163 7
4166 8296 10
5104 7394 6
5354 7455 10
1608 5881 6
2037 5464 4
2412 3766 10
6972 7016 10
6503 8520 1
5046 6512 6
795 5278 4
1241 3995 9
164 5393 1
1564 8529 6
5299 7419 5
1442 7097 9
7853 8182 10
5335 8392 8
982 1025 5
3485 8030 8
2754 4575 3
461 8207 2
1462 8297 5
3116 8287 9
526 7148 7
892 5882 8
3606 6273 1
6448 6986 6
2615 2916 5
2100 6358 8
739 2118 8
3499 8529 4
2526 3995 10
7830 8343 9
5054 7207 7
3391 5176 7
1338 4037 1
90 4872 6
6321 7583 9
6051 8203 10
5632 6968 3
2775 8179 7
3950 5068 4
8013 8555 7
195 8921 10
90 7035 2
3201 5357 6
2257 6118 10
522 8706 2
2891 7723 1
2887 3295 7
268 6726 3
673 1126 2
4789 4908 8
3088 5714 4
2688 8380 1
2313 6731 6
4372 5416 1
1724 5554 5
6258 7054 7
3453 6937 4
7367 8904 8
397 5181 4
2152 4270 10
7280 8014 10
1229 5140 5
3165 8283 7
6577 8426 8
483 7873 5
7154 8990 4
4392 6618 10
73 7215 2
1824 2291 2
5286 7343 8
1705 7547 6
1035 4702 2
2819 8924 9
701 6418 10
358 4387 8
244 4956 5
2651 6111 8
415 4817 9
1242 5003 9
2063 8943 6
2969 5781 5
5667 7811 1
5264 8444 8
2275 7453 10
5910 7384 1
2629 6899 7
1240 5054 6
1948 3041 9
8012 8269 3
3920 5180 6
487 1682 6
5419 6862 10
4539 5757 5
210 5492 7
1010 4595 2
1625 4976 4
900 7590 6
5126 7032 9
4644 5707 7
2103 2859 8
3581 7253 8
5569 6128 9
1467 5135 3
3696 7511 3
36 6116 7
4218 4979 1
1861 6339 4
2227 3715 3
2822 5089 1
2955 6082 9
917 3389 5
4300 8440 3
4975 7851 8
4692 4787 8
2364 6592 5
3954 6085 8
3250 8245 6
5952 6628 7
6349 7860 3
4270 7797 8
991 3109 2
5526 5531 3
721 7752 7
4118 8508 9
891 4965 7
411 6093 8
3788 3891 6
2816 8474 8
1066 2059 7
1854 8916 1
3060 5143 8
608 6486 1
4917 8885 7
3152 8252 10
1755 5137 7
5453 7637 1
3 6347 10
4026 7857 10
3343 4890 2
1208 6530 5
4536 4868 5
3215 4967 10
674 2443 3
2659 6569 9
740 8550 6
186 3699 3
34 8430 9
2918 5922 4
1367 2289 7
1203 1589 2
3445 7448 3
414 3036 2
460 3672 1
627 5973 7
204 4885 7
1496 2494 3
671 7642 5
1054 8068 4
690 8281 4
3987 8401 2
2805 6346 8
6532 8852 6
4322 8690 4
3657 4148 3
2909 5237 10
3478 4867 1
1210 2508 8
901 7999 8
4922 8620 9
696 5343 9
233 6110 2
3824 6445 7
729 4621 2
5186 6497 1
3593 5316 7
2907 8171 10
4529 7624 10
4050 8426 3
4788 8237 1
1121 5645 9
3884 6301 7
1468 5863 10
5119 5873 2
484 8667 5
6677 7898 3
4203 6353 2
2454 5839 3
1777 6691 4
887 6693 4
368 732 6
197 5397 5
3456 7881 4
1836 3838 3
4759 7648 3
1088 4023 7
2137 5494 7
930 2409 6
1428 6405 8
1069 2559 5
5071 5547 6
481 7307 7
705 6819 1
1426 5904 7
1048 2016 7
534 8223 7
578 3243 3
5723 7153 3
2180 3653 7
195 4841 4
479 6706 6
2815 3936 6
6348 8666 1
3343 6235 1
3716 5197 3
1132 7939 8
3290 5902 2
5560 7689 5
3461 7315 6
2031 6252 6
2772 5383 6
449 3730 1
15 6669 4
599 8541 5
2497 8465 1
3171 5966 10
4749 5251 5
4434 8452 8
2096 7932 4
7373 7819 9
4098 8845 2
1207 3479 9
3462 8947 1
549 2720 6
7573 7849 10
478 2582 6
7275 7778 8
4876 6961 1
4339 8722 3
3437 4016 1
5563 8616 6
2321 7697 4
6830 6929 5
2973 3662 10
4018 8304 5
5691 7736 4
3991 7865 10
3437 7058 10
2582 3035 2
5069 7810 7
4843 5209 6
1229 3767 6
8022 8904 10
1070 2323 8
6246 8801 2
6222 6653 8
2701 3501 2
1512 5270 3
3246 5188 6
10 7832 4
3671 5600 8
1812 4859 3
4058 6978 7
6265 7535 10
979 3989 4
6710 8715 10
2676 8785 10
4657 8886 9
1423 3849 4
5751 6238 8
5991 7801 1
638 4704 2
3140 3478 1
2940 6780 3
2125 6205 6
668 2024 7
393 5434 3
6247 8419 10
6614 7381 4
4755 5855 3
3655 7719 6
1141 7422 1
426 6877 7
5212 8064 1
2849 6877 5
1506 6050 5
1073 4944 1
3010 7240 9
344 4234 9
111 6417 10
4315 8712 4
208 3541 5
1045 7121 9
3289 5288 5
2378 3411 5
2346 3382 7
6343 6378 2
4092 6720 1
4261 5125 4
8280 8825 6
3622 4446 8
6632 7762 3
5591 8507 5
1062 7562 4
2551 3477 6
179 2732 3
2270 4486 3
4172 8250 10
1102 6603 1
5046 8484 3
1413 2335 1
4356 7478 5
1507 7130 2
421 2372 6
302 3467 2
831 1998 1
1683 3976 3
3519 6827 3
6970 7423 10
2692 5216 7
3650 8746 4
4213 6029 8
708 4647 6
2126 3463 9
76 8901 4
3547 6260 2
4890 8055 9
2889 7629 8
2106 6620 1
3846 8874 10
3488 4284 7
786 6289 8
747 5262 5
1445 3276 6
5903 6493 6
377 1967 4
7688 8917 5
3994 6930 1
1213 6792 1
2923 8931 10
220 5449 6
3441 4821 7
2714 6924 3
8382 8461 2
2558 3537 4
1733 4798 3
1091 5028 1
3824 8569 9
1157 7544 7
4839 7081 2
2643 3285 3
307 7339 2
165 387 10
3694 5307 1
808 4731 8
336 7906 7
3340 6995 9
8073 8491 2
457 6067 2
4969 7832 5
6004 6242 1
3288 4929 2
1251 8567 7
3880 8187 6
5457 8668 5
7818 7901 1
196 1340 8
388 953 6
383 7714 6
1546 5827 8
918 3144 5
5178 8265 7
491 4637 1
55 6130 9
3850 5391 3
5312 7533 2
6402 6770 1
7528 8573 10
1740 2645 6
246 4995 8
6258 7272 6
345 5650 7
2021 8892 8
2482 7817 10
5176 6979 6
7636 7821 7
4543 6727 1
1736 1879 7
8010 8047 4
990 3008 9
4624 6045 6
2113 4388 9
147 3282 1
3524 4272 10
4346 6191 4
1485 7932 10
6369 7627 8
50 4764 5
1266 4582 8
1225 4188 6
3122 5820 6
289 2391 10
3755 6919 8
1651 4648 5
3629 8785 10
2823 4745 2
3268 3906 8
290 7771 4
5584 7395 5
6973 8413 7
4951 7944 6
3719 7554 4
2498 3873 9
4802 8417 3
7617 8955 5
6412 6884 10
6022 7744 7
1030 4981 5
609 5564 8
2547 7003 9
7354 8131 5
301 4274 6
518 1339 6
1414 5537 5
2392 8084 4
505 5224 2
2005 3756 7
3459 3708 10
601 4634 1
2126 5234 7
2101 8142 7
5861 6485 4
569 3381 7
3929 7596 9
366 3801 6
119 2401 5
5499 6436 1
394 1243 8
4792 7838 8
7104 7762 5
5107 6877 3
5736 7048 9
5523 7475 5
7739 7782 4
4013 5739 3
1427 2083 4
2781 3276 4
993 6963 3
293 8200 2
408 2296 4
2898 6879 6
100 2067 1
2082 5762 8
897 5677 4
5341 7423 1
3909 7827 10
885 1375 6
879 6591 6
4144 8434 3
3930 4806 7
715 2536 3
2013 7683 1
1643 8513 9
3231 7811 2
2915 2999 8
833 6649 10
2011 3153 5
403 7361 8
2538 8029 7
211 6803 6
462 1778 5
330 3167 2
1573 6795 10
3301 5520 1
1426 6388 2
2930 8099 6
706 6548 5
6491 8594 8
1770 2373 5
659 763 5
1819 8251 6
3729 4751 8
6858 8256 8
6655 8411 3
2974 4074 3
5592 6785 3
308 2632 7
2268 6977 6
1958 7252 8
2345 4197 1
183 7593 10
666 3030 1
1216 8935 4
1955 4685 1
422 2106 2
4934 8198 8
69 8351 8
3750 5875 8
1327 6138 5
929 4096 4
59 7181 3
252 4822 9
1144 2033 10
2466 7146 9
3740 4848 4
2607 5484 6
1271 5819 7
311 8703 8
973 3870 9
667 1468 10
1571 7560 7
2811 6710 6
2430 5034 8
2307 4591 10
99 2024 3
339 3160 3
841 6275 7
4694 7547 7
658 1629 4
2300 3674 9
2991 3907 2
2216 5259 1
2173 6569 6
1548 2630 3
2680 5211 8
3851 4615 3
2131 4768 5
3688 4110 5
5655 7558 5
1913 4403 5
557 7107 5
2286 5308 10
6039 6526 6
4015 8388 9
7086 7605 2
3956 8418 8
1001 4994 5
3175 7794 9
1482 7229 2
1624 8528 10
4871 6312 2
532 2690 6
448 1092 10
7257 7889 3
1012 7096 10
681 2503 4
3367 8405 4
3065 5285 2
5304 8282 6
2817 7510 7
3687 4646 6
769 7580 3
1034 1153 4
4202 7559 9
1514 3255 2
3274 3365 4
7060 8187 2
255 3761 3
3535 7148 4
972 3170 5
974 1441 9
4332 5596 3
5597 6849 8
473 2301 2
1118 8599 5
1 4853 2
1673 4338 9
2681 3315 4
1492 3400 6
5261 6448 9
4405 4770 9
935 3800 8
3601 4835 10
2983 5658 10
1119 3573 6
2075 5165 7
946 7157 4
5772 6782 2
5223 8826 5
4021 4248 8
4779 7459 7
5890 8984 8
3664 7287 6
1991 6255 5
484 502 6
4769 4851 7
4808 6242 5
646 6529 2
3314 7449 7
7328 8331 1
3356 7696 3
8313 8835 7
2265 2342 10
3557 4452 1
4419 4961 10
1494 7138 4
5281 5541 3
1364 5710 4
5680 8401 5
88 1815 3
3279 8008 6
2735 4880 7
7254 8563 6
1194 6818 10
2380 7150 2
520 6887 2
1584 4708 10
2120 8842 4
325 3282 7
56 1934 6
103 5786 6
6552 8482 10
261 8051 1
2960 5707 6
1634 6685 9
2152 7621 8
4415 6025 10
5289 5795 7
2302 2798 3
1824 6427 9
904 7976 7
3567 4442 6
3287 6633 8
2715 2736 3
5252 7966 7
4374 6793 7
3221 7288 4
5752 8679 7
4268 6856 9
3732 8104 6
3523 4802 9
67 679 6
2162 7072 3
7996 8045 1
8215 8621 7
3467 6904 5
1818 1876 8
408 3861 2
3736 5681 9
175 5426 2
4777 5788 2
6557 6918 2
1860 4741 10
1788 7115 9
4857 6983 2
2355 3875 9
29 5011 3
3013 7825 6
6594 6863 8
2240 7939 5
7145 8988 2
3946 6184 6
623 2080 6
6832 7743 4
6107 6885 9
3972 4056 3
5212 5542 1
1236 3143 1
3076 5648 4
4484 5708 6
5822 7286 1
5396 8322 7
1555 7341 1
629 7495 8
1561 2951 3
7668 8564 3
1818 2786 1
703 1232 9
3211 4582 10
3474 7729 2
3568 5600 5
482 6407 4
2312 4817 7
4730 5306 10
267 5845 8
5755 7396 1
2596 2748 8
4355 6404 6
903 3867 7
673 5867 7
357 7410 7
4449 6579 7
6516 6550 7
1522 3464 2
3562 8705 7
4805 5214 7
1206 6699 4
1621 1654 1
84 8496 6
1280 4427 3
6631 8429 6
4314 8483 7
926 8156 2
948 7725 7
4194 6953 2
3637 7265 5
4711 8828 3
1552 2207 2
3290 8500 8
3829 4273 10
675 2199 2
5437 6521 1
7471 7602 2
7601 8378 5
784 2525 10
464 3328 3
96 8637 6
391 4868 8
6429 8106 8
1151 6611 10
6571 8692 6
4095 6475 2
4584 4962 5
8493 8931 3
3693 8689 1
2064 6196 7
6249 7556 5
5574 6729 8
4409 8662 2
1055 7990 5
2493 5913 9
5200 8528 7
3977 7751 5
5044 7744 6
4013 4022 10
4611 7011 5
1276 8822 1
909 7127 5
4754 6314 5
297 8063 9
198 4763 1
1756 3197 9
1018 2807 10
526 7073 9
6304 6471 1
2388 7921 3
2602 8828 8
560 6088 1
5792 7076 10
5923 6537 6
2436 5491 8
2568 5776 1
3232 6570 10
7072 7609 8
843 1451 10
581 7238 10
4021 6201 2
3069 3434 3
2965 7444 2
4336 6966 2
2630 4266 3
8052 8741 7
4569 8001 3
4895 6805 7
2240 8565 4
1844 2468 2
2404 3564 5
2065 8504 1
5395 7925 8
2381 6551 9
3961 6464 10
1469 5386 2
904 3380 1
6666 7572 1
1212 7911 8
2828 5598 3
3257 3631 1
854 5489 8
964 1528 6
5369 6241 4
3110 6039 7
1481 4086 8
5032 8720 4
689 4153 5
3227 3260 5
2143 2181 9
5502 6094 3
7876 8849 4
702 5423 2
3168 7051 1
2066 5030 2
4300 8631 9
1446 5266 6
1637 2799 8
4091 6960 10
1749 6111 8
318 2292 10
472 2584 10
1386 8060 6
5548 7757 3
1230 6929 3
4904 7353 8
2518 5693 5
632 7780 4
1145 8254 8
2912 8039 4
688 8048 9
5127 7770 4
4834 5837 8
6437 8946 7
1382 6502 2
698 4804 5
2811 5171 7
2335 8241 1
939 3689 8
1146 6161 9
1889 7694 9
3179 5521 10
4007 5175 7
5482 8052 4
403 7351 8
45 4582 10
345 2338 2
6652 7734 5
977 6901 10
3966 6696 8
2522 4969 8
1630 6648 3
1829 2171 5
19 2496 8
5152 8922 6
374 5651 3
628 4517 9
973 2614 6
2919 7531 5
1939 4737 1
3206 8186 2
641 7194 9
3881 4481 1
4559 5192 2
506 3309 9
2463 2848 3
1421 2785 2
1346 8529 7
4466 7949 3
780 6462 5
1538 4039 4
2122 3754 8
232 8985 3
5477 7051 5
547 1638 4
8025 8075 8
1759 5427 5
4178 5517 10
3703 8233 1
1609 5407 3
3834 6401 3
2316 4954 2
588 1628 9
3030 5276 6
2792 4643 5
3905 8903 10
1408 3320 1
2235 8632 7
1156 7814 5
2606 6696 3
1490 8455 9
3758 4093 1
957 6608 3
1694 5253 8
5717 8723 6
3944 4126 1
4250 5273 6
2221 3390 8
1523 4076 5
485 4865 8
1125 1923 6
3163 7819 7
3249 4798 10
846 4103 4
3520 7243 10
124 1565 2
1330 5400 9
2163 2953 3
4157 8195 7
1429 2362 3
475 2481 5
653 8519 4
723 3642 5
1322 7391 6
3558 6890 8
3368 8132 9
7516 8476 4
3410 3858 6
4895 6180 5
942 8759 9
3427 7653 9
284 2351 3
6895 7078 4
2437 4552 3
679 1560 6
60 6924 5
3567 3823 7
3792 4586 4
4059 7323 3
4570 6876 7
4598 8455 6
5614 7581 3
5931 6329 2
349 3307 10
2758 7142 3
1970 8691 7
93 5754 2
3866 6452 10
3037 3190 2
2834 6449 6
2493 5313 9
3756 7008 8
3230 4136 8
949 4860 2
1288 2958 5
902 7542 4
1297 8926 10
536 8412 1
3910 6019 9
5363 5762 10
1817 8566 5
3685 4913 4
1462 5627 5
3490 4299 9
5475 6666 9
3026 7407 8
1242 5387 8
3481 5584 4
4691 7808 3
2897 3332 3
1020 8589 1
2465 7773 2
2934 8391 1
5134 8203 8
712 7142 5
591 7544 10
2514 3578 3
5269 7136 10
1726 1937 4
2576 4703 10
2637 3842 1
8117 8226 6
360 7071 9
519 1354 5
780 2172 3
881 4337 4
6217 8634 10
3283 6018 6
2667 5596 9
5672 8319 10
6900 7654 1
6556 7981 10
2292 6126 4
2842 7850 4
839 7158 10
4540 6774 10
4909 8634 4
304 1144 8
1941 5733 1
1536 7084 5
6264 6481 6
3302 5086 8
161 6205 9
1837 6308 7
2680 6756 9
1398 5095 9
7042 8219 6
545 8169 7
8344 8801 3
2808 7101 7
2542 3595 5
1252 2491 3
3242 5042 5
544 6431 8
1229 7284 7
4384 6681 7
1972 2727 2
363 3901 8
4920 6312 4
6824 7891 4
3072 4106 8
2070 4523 3
4210 7009 8
4390 6809 10
3191 7423 6
2069 8459 8
787 6572 5
1360 2946 3
951 6193 9
661 6898 9
557 6370 8
5741 6405 4
5607 7747 9
2481 5988 7
2655 3674 2
5464 5967 9
191 2594 6
727 7832 6
1780 7955 2
2103 6223 10
4255 5548 6
4171 7319 7
1065 4986 3
1805 2657 5
2952 3734 9
1268 1895 3
598 6751 10
749 4117 1
2504 6543 2
2491 4173 8
744 8171 9
5538 6153 6
1577 6328 4
6285 7372 3
2713 5293 1
5929 7008 3
1704 4158 8
4459 5192 4
5066 5305 2
2587 4217 6
1510 3763 9
1086 6001 4
5722 6319 8
1838 5425 2
927 2414 1
1295 3806 6
3176 5355 10
7962 8194 5
2740 5409 8
3970 5749 1
3594 4029 7
1912 5022 9
2617 5218 4
660 8860 5
5646 6684 4
944 3723 10
6225 8035 4
3621 7026 7
1672 8587 7
8324 8710 1
1437 4761 6
3145 4953 1
3871 7359 9
1221 6537 9
2245 7106 7
2659 5084 6
6631 8271 8
3878 4854 10
711 7863 6
6640 8234 4
2647 8498 9
1533 7745 3
7236 7920 6
80 2230 2
2341 5848 9
4537 4732 3
1567 2976 2
3569 7908 1
4617 5591 3
2166 4289 3
5701 7519 2
5315 8914 2
1028 6789 3
7420 7857 2
7763 8854 9
4600 4616 9
1155 8660 4
8583 8857 4
5 2801 8
2189 4942 7
1079 6334 8
607 1344 5
6219 6247 5
159 4732 8
767 2058 1
3773 7490 7
221 1383 5
1107 5032 10
3669 7647 1
2545 7990 9
259 6619 10
763 3899 8
2812 6263 9
5862 6457 7
1783 3142 1
8398 8875 5
1986 2749 7
2738 4218 10
3978 8811 6
126 8515 5
4580 5309 3
4233 5905 7
2434 3379 5
1480 6444 6
643 5215 1
981 4673 1
687 4294 4
2645 5634 3
6449 8326 8
82 8264 10
1465 5706 7
3053 6196 2
286 3484 9
3870 7246 3
3046 5741 6
1124 4793 1
1939 6144 6
4123 6359 7
668 8939 10
2339 6737 6
5601 8740 7
634 3427 7
5790 6218 1
1075 6747 10
3598 6058 9
477 4182 10
3038 4277 5
1148 3016 9
8531 8684 1
492 6665 5
1503 3794 1
6428 8626 8
2034 6084 5
3294 5700 8
6175 8390 5
2132 8628 9
2742 6819 4
3482 6780 10
4807 5844 9
6753 8194 2
2384 8049 7
905 1316 5
6680 7583 9
6432 8293 8
404 4504 9
2506 4424 7
5397 8396 10
621 8166 4
1882 7069 1
2085 3524 5
1270 6234 1
291 5067 3
6815 7306 9
4933 8424 2
1189 3208 10
764 2012 6
190 2682 3
956 4363 3
2253 8984 6
6302 7664 9
4909 6044 1
6301 8146 10
2110 7403 2
5619 8121 3
2316 8290 6
3899 5332 1
5872 5888 8
1716 4623 5
2113 5280 4
3000 5834 3
2334 4892 2
4128 7165 3
2618 6579 3
3340 4101 1
653 2449 5
3045 8992 3
3728 8161 7
909 1325 7
185 8092 4
5070 5998 10
5708 8506 6
6807 8144 7
1078 5140 5
1391 7671 9
1407 2290 4
4491 6834 6
3474 6026 3
3816 4525 1
3820 6746 7
1620 8181 9
6546 8628 8
2129 7718 2
5441 5657 7
2050 6572 10
5964 8064 8
3277 4623 7
3061 5412 10
7149 7577 8
4641 7908 9
296 8374 5
1714 7981 1
1636 6301 5
410 7643 1
4684 8026 9
3931 6470 9
2731 7841 6
1252 1549 10
43 3762 5
7196 7753 1
4047 6947 3
3323 8281 8
3265 7055 4
6148 7375 9
1546 3949 1
606 6797 5
4149 8543 2
120 2755 2
2197 3414 2
4281 5522 4
3355 8233 7
1359 3659 3
1124 6052 2
6012 7224 8
3686 4717 10
2806 4444 5
1374 5800 6
5660 6028 1
2246 6859 4
1228 8331 5
6481 8956 3
4064 7576 9
6 5008 2
1631 6927 2
2856 3684 10
4051 6364 8
5703 6005 5
3812 6623 8
1831 6534 3
2881 3066 4
4938 5390 3
4542 6341 9
951 2829 6
614 2494 8
2871 8539 9
6930 7295 1
1792 2964 7
5796 7924 5
5191 6802 1
4641 8011 1
1289 1429 3
1567 7416 10
3571 5976 2
1719 6725 3
5377 5597 2
4927 5459 1
2282 2972 9
1392 3756 9
420 6081 3
6141 8219 2
983 6586 10
2628 8669 10
4987 6836 3
5297 8279 10
616 3878 4
2298 7352 5
2214 2516 3
1132 3455 9
2709 7219 10
4729 5951 4
226 8867 7
3338 8568 3
2232 7135 2
3235 8806 2
513 824 5
3548 7052 7
1133 8648 4
6194 7673 8
1348 3833 9
5928 6320 9
1884 2888 6
2000 3647 5
1430 6618 5
2994 3592 4
623 3753 7
2787 3959 3
1064 1996 10
198 1347 3
5048 6236 6
4469 4589 5
1489 8192 3
1366 6703 1
2366 2793 2
407 7110 8
480 7020 7
4370 5786 2
1380 2090 6
1804 8902 5
5816 8149 7
3908 7187 3
5935 6828 7
1127 5469 7
1512 7262 2
3158 8016 8
4669 7355 10
2998 6183 3
6509 6589 4
527 6213 10
8779 8802 8
4705 6340 1
5520 7953 8
213 1525 4
4531 6683 6
1993 7132 1
5027 7080 6
2347 4698 2
3915 7385 1
6974 8267 9
2582 8897 3
1041 4013 8
2265 6261 4
2862 8965 10
884 8766 8
4153 8056 10
6758 8775 4
1238 6395 7
657 8950 1
5372 6953 2
3967 4190 4
580 4045 1
5210 5427 6
3552 4059 4
302 8286 8
1843 5999 3
622 5976 5
557 6240 6
501 3203 8
2057 3123 6
323 7213 7
2520 8852 5
1487 1920 10
3778 6798 9
2270 6257 10
8731 8906 10
1793 4040 8
2003 5589 8
3348 7333 5
6596 8113 10
3210 5815 2
3580 3587 8
2877 6403 9
1747 7769 5
3887 7627 9
888 7700 8
3926 7788 2
1302 1516 3
5455 6425 5
1233 8699 4
1159 8045 7
4731 7283 5
6617 7270 6
3521 3917 6
3444 6082 4
536 3496 5
1472 2361 5
1204 5040 1
4670 6342 8
1991 8061 3
4358 6172 9
2188 6905 5
3315 8088 1
4247 6777 4
2416 8630 6
1262 4538 2
779 6301 4
4740 5529 8
1615 5258 1
328 7674 6
1725 6056 5
1678 5103 2
3644 4707 1
3839 4001 1
1291 5706 4
1951 5246 4
4869 4879 5
825 8923 10
7469 8126 8
4889 6200 6
6990 7189 8
6820 7684 3
3439 7922 10
5505 8616 7
1860 2873 7
6430 8737 3
4089 4093 6
2423 2777 7
2334 8072 9
156 163 8
2783 8976 7
1621 7831 10
1614 7628 3
448 7645 2
273 1949 3
1507 7397 6
4974 8975 7
231 4756 4
4969 7502 2
509 2084 2
1679 3102 8
264 5107 6
7792 8502 4
5290 8517 10
8 2422 9
5205 7477 6
5402 8607 6
789 3739 5
986 1364 9
3198 3656 5
2698 7749 7
5700 8881 5
3639 7521 8
1542 2564 4
4786 4891 3
4863 8491 8
539 5025 4
58 4762 7
1906 3744 4
7698 8163 6
2897 5131 5
196 4285 2
5491 7726 7
817 2351 3
1053 5616 6
5719 7524 3
3892 6127 5
246 2107 6
1102 4982 9
1243 3021 2
4726 6850 4
585 1287 8
6528 7820 2
7142 8402 6
1363 8620 8
2660 2705 4
6548 7611 10
2997 5386 7
5321 7840 10
3222 6966 4
112 2071 6
1563 7531 3
5395 5974 5
4902 7220 7
4925 7514 4
3405 8677 10
7083 7111 10
411 2868 3
3714 4567 6
5818 8689 5
7482 8798 8
3772 4981 8
3925 4568 1
2644 4627 2
1032 5902 5
635 8650 2
1023 7119 9
1072 3609 8
396 5788 5
821 1855 4
4605 6381 10
260 4755 8
5617 5681 4
2671 4245 2
1305 8058 8
1283 8987 6
1091 5744 4
3090 4564 5
3367 4377 8
5329 6192 1
6360 7773 7
4443 6843 3
4958 7995 8
970 8819 8
2827 5370 3
4355 6187 6
4811 8781 7
1220 2742 2
2780 2861 1
5764 7911 9
1452 7682 3
1093 6399 1
6532 7994 6
510 7131 1
192 8932 3
429 8201 4
1788 2678 2
6933 7375 3
440 4933 6
583 3839 1
17 8623 6
1457 8285 10
4050 7039 1
7454 8079 4
1033 1187 8
310 5812 2
6310 7258 8
6870 8950 8
2663 3095 9
326 4569 9
5957 6658 1
3219 3844 1
6249 7806 2
4017 4487 10
3049 4779 3
5319 6214 6
3666 8798 5
3657 8097 10
593 1368 8
1046 8747 10
4461 7431 5
3718 4614 2
5712 7211 7
1397 8257 7
4344 8609 4
19 7279 4
2146 8372 8
121 1358 4
2978 3344 4
495 3795 4
5279 8881 7
4450 5880 7
3581 6324 6
2367 8081 5
3405 4935 9
743 5185 10
180 2605 2
214 2634 10
4946 5742 6
1502 8261 8
1812 7760 1
3919 6769 2
4204 4520 2
521 5321 5
4130 7480 3
2811 5470 10
5565 6849 6
4172 7171 4
6118 6931 1
3528 8772 6
5715 7238 9
1574 7649 8
3803 7332 3
263 597 10
3112 5860 10
1474 5114 6
2716 6897 8
5825 6288 2
5598 8795 3
707 5338 6
3670 4488 7
5965 7626 7
423 2682 6
3829 6248 9
1355 5562 8
476 1957 2
3848 5997 8
899 5443 2
6370 8145 3
705 7958 5
4764 5705 7
7046 8901 8
978 3540 5
2370 4038 9
333 8015 4
6721 8479 3
671 4720 8
1791 2693 10
2530 2803 2
6664 8573 9
4740 5077 9
5471 8208 9
2990 5310 8
2223 8123 8
2227 3525 9
1682 3765 10
2982 8525 3
5816 7903 1
822 3570 1
1906 5232 8
1147 2353 6
2297 2804 2
7201 7731 3
694 6782 3
2589 3266 5
4348 6911 1
565 770 9
5767 6757 1
2553 8742 4
1332 1632 2
8752 8809 7
4370 6567 3
2105 6313 6
1723 3247 5
2273 8781 7
1043 1721 3
1718 3028 1
3939 8423 8
2242 5087 2
8736 8988 4
3237 6507 3
4367 5296 5
5057 6917 7
5394 6734 5
1994 2721 8
1158 7247 6
4342 8759 5
168 2280 9
2445 3649 9
568 6999 10
189 6720 3
294 2992 10
130 4372 3
2702 4090 2
56 4812 1
2284 6946 8
6679 7327 10
1064 6154 6
4344 8561 5
1050 4200 4
1009 6282 8
3150 5313 9
7166 7680 9
1037 5558 7
6419 7985 3
3731 8064 1
4819 6934 3
1813 2758 2
5078 6432 10
7535 8675 9
838 1605 3
734 4693 6
3169 7736 9
2088 2402 9
740 2399 1
2741 8615 1
4305 7776 7
6535 8068 2
208 8361 6
890 5164 1
1196 8657 6
8065 8996 9
219 4429 7
1421 2375 4
6839 8543 1
3047 6796 3
362 6531 2
3430 7930 2
535 5740 8
1540 6603 4
638 8912 10
7056 7742 8
1947 5518 3
1845 3811 7
7420 8973 5
409 6814 5
3267 7113 4
2174 8847 6
7179 8290 4
174 1307 8
6707 7070 4
5498 6861 4
1254 7927 2
4866 7569 5
3511 8717 1
4810 6421 4
1860 8967 10
332 1651 2
235 7209 10
266 2061 9
739 2694 5
973 1557 6
3722 8930 9
3178 6004 1
2944 8999 10
7418 8314 3
2929 7869 7
3077 7063 3
35 7056 2
4508 7442 2
699 6390 7
2972 5509 3
1130 2254 9
2590 2810 1
773 4433 5
4626 5653 3
2598 6081 3
1869 7308 7
724 6392 6
5114 8454 9
3783 6473 3
2635 8355 8
2895 8196 9
1590 4061 7
2159 2343 10
756 4201 3
8263 8278 8
1834 2699 10
4120 6093 2
3756 6942 6
2204 7813 2
6501 7263 5
5566 6742 6
2631 3501 1
8076 8531 4
1802 2152 4
5917 8141 8
3165 3746 7
6590 7375 9
5595 7611 1
2729 6618 7
3940 7294 7
2262 4031 4
771 3257 4
4732 7151 9
2136 6096 2
5553 7891 5
1879 3924 8
3342 4988 7
7497 8763 1
4839 6663 7
5075 7347 9
639 5193 6
1160 8843 5
3883 6351 7
935 2818 5
36 4312 1
440 7968 1
6824 8642 10
8319 8601 9
1649 8788 7
2588 2827 7
8848 8851 1
808 3538 6
2281 6646 3
1706 7669 1
4785 5641 9
997 3879 3
2269 6325 5
1016 4605 1
1136 7654 1
1562 8694 3
1516 4636 10
4856 8787 3
3695 3961 7
8313 8810 2
3354 8340 4
6101 7617 10
3358 8363 5
2639 8856 8
2890 3895 3
645 1338 9
1222 6204 6
1617 8783 4
788 6065 3
2880 4329 5
1405 7656 4
1967 2040 1
1190 7707 5
3323 6641 8
4414 5782 8
4043 6371 10
3440 7462 10
7199 7705 5
2293 5965 1
864 1463 9
4257 7224 7
1520 6736 2
46 142 1
1676 3290 9
3064 7114 7
4150 4859 6
4066 7825 4
467 4873 5
105 3800 6
2956 5210 1
6066 7749 4
2039 4812 7
6182 6717 2
1725 6306 5
5853 6315 1
714 3885 5
1534 7634 9
5606 7351 5
2087 7945 2
2394 5303 9
5007 8781 9
5878 8158 2
14 4829 3
3472 7909 1
3798 4677 5
5526 7546 4
4775 7439 2
2708 5370 7
1252 7917 10
2032 3378 1
2445 8244 6
4877 5763 1
736 7176 5
551 8977 2
5814 6909 5
1769 5249 6
968 5344 5
551 6510 4
2443 6177 3
3672 8259 1
5774 6157 1
4646 8327 5
851 3725 3
27 7218 7
4800 6985 4
1272 2635 1
135 1829 4
1031 8052 6
2799 5340 8
3454 5813 6
3135 7943 3
7630 8239 8
5088 7979 9
984 4365 3
2706 7760 3
1491 5692 1
1265 7090 6
5720 6228 1
4484 5787 2
880 4546 8
1063 4031 3
1281 7972 4
844 7507 5
4831 5834 6
257 4492 9
486 8243 8
3995 4174 8
2451 5593 2
7304 8172 6
2545 6079 7
1381 3486 4
4206 8427 3
3867 4235 10
3199 5930 9
1734 5954 10
7159 7907 1
1782 7974 9
5674 8283 3
4152 7557 9
8551 8603 2
374 4526 8
3048 4137 2
294 1892 9
6892 7006 3
4108 7140 3
113 5260 3
355 3611 2
1499 4173 8
7799 7807 6
1568 7691 10
7121 7774 7
1187 1974 5
987 6850 2
3686 8153 10
3204 5486 3
4032 8999 4
242 3031 1
3679 4488 9
1593 2059 4
6967 7109 4
3727 8808 3
4552 4706 9
1877 6344 5
4689 8786 1
3869 6824 5
4404 5836 4
5185 6944 5
6690 8625 6
6703 8240 1
155 8538 6
1611 4114 9
2272 3075 9
3012 5793 6
300 3750 2
1535 3490 9
5510 5645 4
5497 6207 3
3639 8540 4
7670 8709 9
496 6899 3
1735 4951 1
96 138 2
6678 8403 8
2289 5515 8
3157 4549 9
2170 5123 6
1185 4189 5
1085 4138 10
8323 8972 6
765 1824 7
451 7483 1
1896 5561 1
6420 8805 2
1339 1822 1
1591 8109 3
6435 8770 2
848 6170 6
786 4593 7
7299 8118 3
1989 5571 4
5247 7230 6
4112 8463 10
5665 7742 3
902 4727 9
1162 4238 6
6132 8800 8
4968 5407 4
1727 2218 1
7195 8495 3
5632 7242 3
3485 3510 6
375 8900 4
3617 4436 2
197 3673 3
1205 4005 7
1029 5282 1
6572 8470 6
3371 7922 6
3438 3968 7
4133 4717 1
2224 5461 9
3411 7402 4
74 7730 5
2556 5556 7
3999 7538 3
1773 3194 8
3213 4394 5
772 8771 4
3696 4778 1
1583 8674 5
3050 3601 2
1694 8644 7
1110 8838 1
225 2376 1
3654 7070 2
5472 7820 9
1017 4156 4
836 1945 2
5202 5619 6
1980 7879 10
5294 7719 1
811 2485 4
593 8127 9
5450 8562 5
3297 5565 9
3074 8078 9
934 1912 10
437 465 1
2314 3766 9
1686 6427 8
5196 8132 5
6778 8438 1
4122 5963 10
826 2923 3
3889 4023 5
483 8582 2
584 5768 3
494 6706 9
1218 3248 9
1248 8168 6
4985 8844 10
3900 6494 8
1097 3921 3
7487 8687 10
376 791 7
879 3760 2
454 7644 3
3947 6876 9
2328 3412 10
1532 2661 4
2851 5105 1
2928 3698 6
433 2659 1
3323 4713 3
4219 8097 2
3183 8659 3
2800 6208 8
1842 8592 8
3859 8981 10
617 7410 10
7363 8428 6
3865 4854 10
3006 5468 2
1516 6391 1
438 7416 5
134 6647 3
4987 5462 4
271 4797 1
2492 8623 6
4639 7546 10
426 2543 9
1959 8316 4
2356 4384 7
743 1116 2
1185 5901 7
2311 7331 8
3104 4015 2
2766 7675 6
2308 8390 2
1714 3927 7
3776 5503 2
1482 8963 2
1653 8091 4
4230 4364 5
5053 5138 4
5229 8097 5
762 6757 1
5585 7935 3
2662 7259 1
3942 4298 3
625 3586 6
1137 7804 9
2746 7553 7
4665 6609 4
1075 1832 8
5537 8105 1
2910 8617 7
365 6303 8
4362 5531 10
443 1311 1
5294 5833 7
4174 4725 9
3985 4332 6
1396 5909 6
968 1554 5
4959 6443 5
1697 8046 10
921 2405 1
3701 7862 4
915 3396 9
5897 8715 10
2372 6816 5
3918 8111 6
893 1852 6
4784 7185 3
7312 8063 7
1608 2857 10
786 2961 5
7514 7950 6
938 5730 7
3106 4448 4
4222 5203 9
84 4168 8
232 6607 1
5666 8766 7
1695 2001 6
961 3919 6
2444 7376 5
2037 6040 1
1545 7460 8
137 4892 7
5340 8883 10
6470 7303 8
1645 2851 3
298 5221 4
6383 6866 2
3194 3258 8
2236 7117 8
1499 5810 10
1646 4306 3
3339 5869 2
4942 6454 3
3724 8225 5
7859 8249 7
2472 7745 9
5651 7033 7
7806 8346 10
1231 2442 3
850 7260 3
732 1853 7
1193 2538 8
83 4812 3
3321 6198 9
3965 6373 5
497 7824 6
5004 5300 4
1441 4310 4
555 4581 7
579 8980 3
4411 8784 4
1708 8437 9
4153 7505 8
713 7251 6
608 5050 8
1459 5924 6
1504 3972 2
4334 4493 10
493 6459 6
2825 3429 4
4381 7646 4
1823 4664 3
1936 4748 9
559 8994 8
8031 8195 1
1641 8938 3
312 2411 7
753 1821 3
4858 6447 1
2894 3989 5
1015 2561 2
4038 7989 4
2449 7513 5
1275 2145 5
287 6728 8
6955 7499 1
1620 5451 3
2072 3716 3
5632 8057 10
1979 3815 9
5404 6656 9
650 6701 3
5426 7839 7
670 5317 3
415 5507 5
5574 7829 10
1883 2759 6
2093 7664 10
1924 5352 9
1703 6994 3
1322 6672 8
4502 4723 6
835 7750 7
1764 5017 2
2867 6477 2
8559 8921 2
2772 6588 10
3928 4722 5
306 7225 10
5735 7949 3
12 4866 9
2333 6151 10
62 1132 2
1479 2171 6
5177 8352 7
2343 8523 6
3166 5010 3
2719 6509 6
805 7381 9
857 7857 6
4782 7161 9
2451 5977 6
3425 7637 1
6906 7642 4
151 4633 9
748 6651 10
1315 6064 7
4885 5628 5
6481 8421 6
4291 8387 1
3487 6793 7
1964 8087 9
4000 6431 7
2114 5074 9
7236 8446 1
2480 4132 8
7036 7292 2
815 2421 6
3406 7926 8
3945 6415 8
7308 7887 8
244 1684 3
5761 8093 10
6062 6218 1
8220 8871 8
2112 2139 7
6455 7878 5
5769 7138 1
1350 8028 8
1175 5289 3
2390 2464 10
3904 4984 5
902 8085 4
146 5362 7
87 8159 7
1983 8364 1
4846 7820 10
938 3643 1
2306 8306 10
367 8270 8
4417 7198 4
1303 2283 8
1510 1841 8
1075 7030 2
7952 8356 7
2365 6265 7
1769 5161 7
1561 1847 3
6206 8073 10
6506 7280 8
3130 6917 5
1268 7178 8
5347 5415 8
1775 5817 9
3649 5348 6
3350 4682 3
6912 7108 2
3413 5626 3
3623 8665 7
2680 6013 10
2263 3182 3
6655 8317 9
4521 8893 10
2141 5351 10
209 5966 4
3446 7680 5
3898 8600 5
2114 2653 8
2896 4184 10
1688 3391 10
2253 7610 9
553 6842 8
2805 7941 6
6463 6950 6
269 1682 2
4053 8584 5
3911 5029 9
1871 7155 8
4134 8434 10
5049 7952 2
1973 8765 10
402 4081 8
6482 8943 10
4480 5353 7
6985 7147 3
2672 3370 1
4194 5794 9
445 6695 9
212 7786 8
1569 4773 3
4839 8724 4
1274 5616 5
2434 4439 7
2555 3055 2
3087 5548 8
1728 4646 4
6055 8686 1
1606 2171 3
3593 8961 8
3663 5080 3
381 5920 3
4240 5547 1
843 2882 5
185 3326 4
7724 8936 10
1457 4571 1
4957 5510 5
4538 8782 9
2851 8173 9
1626 4256 1
1076 2052 10
1217 5211 6
1874 5046 2
730 4452 9
471 6827 10
4062 4212 10
7838 8953 3
3835 4991 9
3140 3983 7
309 4273 1
4651 6624 6
2544 3200 8
3695 7660 4
2494 7443 10
2980 3537 5
2213 2753 6
2236 4478 7
1040 7188 4
75 6500 4
1317 7540 6
2349 2796 7
1508 4404 2
3712 5108 10
2771 3471 7
864 1956 10
5731 8415 3
1889 6480 4
507 7641 8
3776 6867 8
5975 8882 6
1120 3434 7
4140 6212 7
2666 7931 4
4642 5070 7
5922 8094 7
6371 6659 10
3468 7781 5
524 747 10
2089 2570 8
4741 7144 5
257 5257 3
7173 8210 3
962 8646 4
6285 6868 2
37 6768 9
3138 5017 9
6613 8871 1
5385 8823 4
5642 7506 1
145 3114 2
1238 8020 8
1284 2161 4
3614 8829 5
4782 6121 5
1479 3676 10
801 5024 3
5601 5937 6
7300 8830 2
4054 8919 1
4045 5850 6
3090 6775 4
1020 1294 8
1892 3124 9
733 5560 6
1019 1056 10
2288 7524 9
2911 3405 10
2212 6494 3
3083 4207 3
3804 6438 9
1199 5139 7
1543 4411 10
5511 6637 10
2737 4402 2
4456 8277 2
515 5116 5
989 2700 8
3667 8882 7
1508 4813 9
4462 8613 7
7475 8993 8
1738 2616 6
4583 8371 9
2188 2850 1
2687 3118 8
1872 7706 8
2331 4992 9
3334 8945 9
1787 7367 4
1865 2751 3
2902 5360 4
2712 4479 5
3685 8878 4
4466 8879 6
531 8027 1
1309 4871 7
4883 7775 8
447 8451 5
4010 7800 1
5168 6658 4
1715 4745 5
2006 8538 10
1954 7453 8
5676 5990 4
825 4558 6
2048 6131 8
3660 8506 3
6996 7182 10
6409 8400 4
6772 7795 10
2031 3353 8
7680 8714 7
8752 8880 3
1874 4397 9
3476 6601 1
2076 2541 7
3848 6171 2
1425 6077 6
1293 5281 3
5896 7301 3
7466 8973 7
7360 8074 7
2711 8500 7
2074 3073 5
3126 8601 2
6988 7009 5
4915 6906 5
2601 4453 10
3600 4170 6
1235 3764 5
2302 6708 8
6573 6811 10
5388 8014 5
1169 3090 7
2753 4282 4
4772 7114 10
3790 6916 2
3498 4298 8
1108 8793 9
3632 5620 8
206 295 1
5504 6741 10
94 230 1
3033 7577 8
887 4463 1
4082 6596 8
594 3922 3
162 5273 1
1513 2131 7
4816 8877 3
575 4787 9
3618 3984 6
2865 4559 7
1559 4607 8
7500 7917 8
1855 5093 5
656 7954 10
1857 4113 5
1167 7766 4
3806 6266 3
2408 7715 8
1587 7400 3
3233 6411 10
1483 7162 6
2611 7821 6
655 8514 2
3937 7775 8
4203 8910 6
4441 6460 3
5707 8255 3
5914 6920 6
2620 4545 9
974 4894 5
717 3025 2
2472 3610 2
483 2374 1
4406 5063 8
4254 8696 6
2266 5124 5
3421 7303 2
4042 6156 4
1173 7980 10
2870 8325 4
3780 6563 3
5133 6150 2
156 4565 4
359 755 2
1361 5793 3
2512 4075 1
274 5204 6
236 6317 10
3521 6037 10
1074 6099 6
3023 3341 3
2533 2589 4
4439 8456 4
6752 7366 3
1131 2922 2
2728 2938 3
2450 6328 6
1306 7036 3
400 2458 9
1580 3735 3
4476 8214 9
5460 7896 1
2099 8042 3
570 5040 9
7974 8948 8
1659 8341 8
2184 6822 10
2645 7652 1
4780 6171 2
3004 3644 2
4288 6423 6
4501 7712 4
3843 8591 6
2584 5779 1
4778 8944 8
6382 7798 9
1338 6002 7
2149 4906 5
3835 4398 3
350 8113 8
2206 8214 7
1660 8151 7
2549 3519 5
4845 5424 10
1960 2310 4
1965 5110 10
5732 8229 6
579 1929 4
1999 2353 10
880 1655 8
7358 7541 10
7108 8130 7
2613 4070 5
941 3298 2
416 3992 3
1384 6954 7
458 7956 1
5519 8875 2
3717 4896 5
5429 8400 3
39 1936 8
3139 8833 7
4454 7349 3
8311 8449 6
5840 6174 7
992 2299 9
3068 3177 3
813 3792 4
536 8089 9
2674 7441 9
151 5540 9
1626 7836 8
1784 8371 6
1664 2636 9
4335 6852 3
562 5259 6
3874 7511 7
2471 6033 9
3814 4612 10
663 6021 6
425 916 10
2608 5682 10
459 4029 9
5302 7014 8
4129 8189 10
5867 8359 6
369 6827 3
4057 8302 9
1495 2130 6
4486 7504 6
1007 4821 4
1094 4217 5
1401 4742 8
797 4994 6
2479 8997 9
4257 6544 4
5151 6675 5
4044 7837 10
4499 6146 7
1036 1501 6
542 6295 7
4131 7512 10
26 6969 10
2187 8005 6
2995 8400 6
5577 8303 8
395 5580 10
6238 8003 9
558 8669 3
4663 6396 6
1085 8272 6
2607 5020 4
4489 6360 4
2367 7245 4
5932 6123 9
2107 6702 1
4393 8821 8
5164 5245 5
2993 3373 10
2435 7322 1
925 6847 9
1969 6909 7
757 1083 3
1526 6531 7
3958 8284 8
3505 6833 1
3665 5058 9
631 6114 8
5060 6523 7
136 7345 6
2837 3024 5
3599 8283 9
174 512 1
280 4714 6
1362 8126 4
1799 8512 9
2467 5485 5
1704 4696 7
1356 5611 10
270 1438 8
2395 5470 5
6345 7002 3
2470 3969 8
6376 6635 8
7143 7286 7
1940 8488 5
4676 5789 6
2915 7676 6
4177 6965 8
4761 7864 8
4667 4702 4
1520 5298 9
4606 5495 8
1473 8683 2
739 7152 10
4209 7077 2
5043 6847 2
4709 6030 6
136 6210 9
1972 4167 1
3385 7892 3
1476 8260 2
4574 8834 3
1251 3549 5
1310 8279 8
5575 6565 3
2623 8140 2
1059 3827 8
4898 6857 5
4175 5389 9
3533 6133 2
4209 5136 1
633 8068 10
1353 6105 2
2455 7486 6
24 3073 6
922 2657 7
217 1342 9
2820 5508 5
1361 5672 2
396 435 6
6777 8759 8
6163 7762 9
1358 1788 6
2574 2738 10
4382 8278 9
420 3643 9
3805 5974 1
1651 3255 8
5487 7381 5
4162 4388 9
3989 7630 3
7358 8026 3
2417 7753 6
3770 6125 7
2888 6518 10
932 8161 9
1088 4531 9
1097 5120 2
3387 3765 10
925 3172 1
1562 2342 5
1923 4737 2
753 3299 5
4294 4822 9
6316 8648 4
5044 8711 2
2277 5492 3
7989 8062 1
1846 5302 9
2383 7349 3
4614 8049 2
1212 5333 2
2994 8891 7
1798 8023 4
11 8325 6
8617 8749 3
1445 4169 1
7713 8591 3
115 3474 5
1546 1779 10
2786 8454 9
2019 8141 6
1172 5185 7
750 6736 3
3146 5268 3
2030 4321 2
553 4115 1
2267 8672 3
1797 2164 6
4073 5245 8
5774 6205 7
1870 2540 2
3490 8439 10
1910 8005 7
3255 3865 8
1252 2136 6
1118 2005 6
2454 8366 9
2650 6967 7
614 3803 2
3410 3997 8
4235 7593 10
2352 8672 8
5391 7509 7
6158 7146 3
3740 8536 5
4861 7182 1
1699 8973 8
740 2941 3
7602 7935 7
859 8429 6
3377 5220 5
92 2953 9
2535 2567 5
352 3433 7
1174 7022 4
415 5029 5
2480 3507 8
6005 6113 2
7034 7319 6
7728 8612 10
5135 8011 1
1648 7859 4
5562 8373 9
2965 7627 10
2885 5710 4
84 3681 7
351 2355 9
1059 7671 2
1759 6896 1
3792 4564 10
6649 8596 6
2183 7327 3
2320 5280 2
2160 4294 10
822 2420 4
4639 6538 9
1449 1840 8
821 4967 10
1702 2126 2
1646 7285 7
1183 4533 5
2538 4825 7
135 8381 7
1606 5845 5
1111 4958 2
130 8476 10
2703 4285 7
37 737 6
666 906 6
8259 8752 3
1591 3299 5
2529 3420 3
3011 3857 9
4676 6958 6
7091 8078 3
6796 7132 7
145 4452 5
1602 3865 8
5699 8675 4
2199 5796 4
2868 3723 4
925 5068 1
945 1657 7
387 3309 1
490 3879 2
2498 6933 4
144 1186 9
4062 6353 9
6615 7886 7
1986 8323 3
755 8706 8
6733 7854 2
4912 7375 9
147 8068 9
1583 2706 6
7995 8087 3
581 4210 7
5167 5967 6
3718 8099 5
1240 1827 6
5371 7071 4
699 3586 1
1353 3236 7
230 8350 10
2134 6624 9
1361 5502 1
1935 7854 2
389 7338 6
2687 4304 3
161 3384 6
1235 5268 4
2034 5227 3
1314 5438 2
1721 3191 9
2996 8042 8
1195 5465 8
4376 7880 2
469 8417 1
2158 4789 5
1856 7065 7
3732 7853 10
4470 6246 7
2626 6680 1
2662 2814 6
5002 5641 10
2039 5115 6
6375 6700 9
3492 3600 2
314 3787 2
2225 3064 6
1146 6918 7
7440 7685 2
7132 7905 10
5543 7013 1
7867 8270 5
2079 2705 8
235 6187 5
2419 4728 2
1295 2599 1
2612 7393 9
1087 2098 6
2321 7910 9
4685 7850 7
5110 5379 3
906 5308 9
2533 5341 4
2318 2972 9
6586 8579 6
2617 5562 8
455 3362 8
5677 7081 10
3836 8525 3
2031 8515 8
687 4042 4
1399 4724 9
1255 3157 7
1290 5382 4
3863 8240 10
5604 8383 1
659 4267 3
782 5615 8
5550 8657 1
817 7774 6
1246 5882 3
6492 6569 10
7604 7675 5
546 6165 4
2325 5012 9
363 1442 6
1869 8176 8
3396 8975 7
1018 8129 6
2908 8176 1
5712 7957 2
2397 8159 2
5534 7008 10
1816 4421 7
86 2465 9
8055 8759 4
277 684 5
22 3213 8
6535 7602 4
520 2396 5
7289 8870 8
1625 7339 3
95 1189 7
7095 8992 5
6915 8056 5
2171 2963 2
1156 5736 2
439 1651 7
4044 8214 1
5432 7520 5
3966 7360 1
2837 6607 4
1203 1965 9
3446 8179 2
1058 8997 8
2096 2344 2
1853 7226 7
1032 5084 2
1395 8867 5
2964 7255 2
388 2299 10
706 4295 9
669 7479 4
3930 8677 1
3843 3897 7
174 3554 9
4068 8921 3
3075 8943 6
1294 4570 2
693 5555 7
157 8510 10
287 1700 2
3885 4150 9
2922 6128 6
2745 5109 1
2363 2733 10
304 8953 1
538 7283 3
1061 7436 9
27 8907 8
34 252 1
897 6405 1
2749 5554 9
5204 8422 2
1651 7832 4
1505 5601 10
3967 4963 3
741 1892 8
6897 6946 7
1760 3209 2
3431 5214 4
1432 7496 7
4595 5401 1
3279 3767 8
78 485 9
1734 5715 3
4986 5410 6
4142 5783 5
1111 2039 10
3747 8747 2
2465 5681 2
3889 6257 9
1009 3834 4
1504 5828 1
2162 5770 2
2127 5395 7
3098 4027 2
5964 6264 3
4180 5419 4
1073 2091 7
694 808 2
6684 7268 2
1319 8958 4
2975 8112 1
4538 6866 3
7805 8515 9
976 2401 10
2314 4671 9
429 7293 6
1080 3013 3
4945 7043 7
343 1207 2
755 2431 8
5102 6369 10
3722 6245 8
3708 8192 8
4741 8214 8
557 2466 3
5762 5891 2
1459 7179 3
560 8809 8
1803 2519 2
1142 7467 1
1746 7519 7
142 8098 6
4235 4956 7
222 6635 9
2252 6707 9
6673 8259 9
2222 2830 7
2429 3728 4
1186 5675 8
1080 1860 9
4666 6469 1
2690 5723 1
5317 6734 9
4357 4910 8
4258 5708 8
3015 5436 10
384 8228 9
4882 7885 5
2819 4216 7
3769 4331 9
2367 2705 10
3514 6740 1
683 793 10
2149 3269 5
5724 8087 9
4548 8496 7
3952 7044 8
4286 4290 7
2584 4425 3
6595 7764 10
2847 5383 10
7047 8763 7
3777 7356 5
5560 6320 1
3840 4148 2
1986 4826 2
6589 7694 8
109 8835 3
706 8847 5
618 5928 3
538 2708 7
300 6847 5
3680 8141 3
3059 6651 7
6395 6575 3
240 5435 5
2491 6928 7
1737 4254 1
7848 8220 7
4752 8719 3
5582 7813 8
690 901 10
3178 8912 10
1506 2621 4
383 7669 5
920 3916 8
271 5628 7
5587 5801 7
942 7273 9
2217 2379 9
1954 4029 5
2627 4348 1
7167 8034 3
3717 5657 2
814 8407 6
561 6765 4
1214 5956 9
4143 7647 4
3800 8647 3
5252 6264 8
4753 8911 4
898 3315 1
4288 8632 3
1078 8899 7
1325 2044 5
6810 8902 3
2701 3790 5
2646 7217 8
1154 5103 4
1695 3193 7
285 4324 2
5605 8784 3
6254 7806 7
1479 4626 6
939 8087 10
4196 6036 4
2627 4869 6
608 7950 6
5236 5847 7
668 8561 1
2362 5653 2
2482 5887 5
6029 8346 3
2821 5701 2
2475 2697 9
958 5960 1
2668 6830 8
5289 6831 7
708 2359 2
2345 3499 10
7410 7630 8
6166 6439 6
3407 4941 6
771 989 3
663 6461 6
551 2738 7
3193 3897 9
1952 4237 5
312 8983 2
75 5057 6
7133 7337 3
454 4030 6
188 3567 4
1948 8802 6
2746 4126 3
217 6823 7
2143 4195 1
728 6103 1
1189 5635 6
2523 8532 7
2006 8078 10
1183 6999 3
3457 6693 8
547 6228 9
4288 6747 5
2966 5641 4
4035 6693 5
3217 4297 2
4914 8659 3
3182 4998 5
4276 5521 2
2312 6175 6
444 3246 10
4929 5924 6
3115 7793 4
267 7193 2
2244 2651 5
4006 4146 7
394 783 1
4703 8963 1
6871 8831 2
2672 5261 8
4451 8088 6
3499 5152 10
7288 7609 3
1638 8758 1
1973 6184 4
3934 5158 4
897 6688 5
6765 6871 4
1372 3863 6
6739 8517 10
4017 8014 4
2477 4531 8
1492 7597 5
5057 6702 5
5035 7879 4
902 4616 1
3447 4260 4
2983 4618 3
811 7041 10
6515 7988 7
1770 3056 10
3044 4020 10
2729 4392 3
821 4455 6
3309 8130 2
7396 7569 8
1099 8978 8
1560 5223 10
1120 1727 3
1676 4061 5
114 5414 3
1490 2669 10
2095 7569 4
5255 8303 5
3067 6394 10
3571 5740 6
5291 7065 10
750 3432 7
4025 5405 5
2852 2883 3
3528 5354 5
798 6586 9
2167 3611 6
3011 8295 9
2367 3893 4
6077 6716 2
3654 5877 6
1254 8202 9
2646 6487 3
174 3597 5
771 4541 4
4904 8158 5
3975 6433 3
6713 8662 10
1118 1747 6
5216 8049 8
4316 6603 9
2471 4528 1
7679 8700 9
359 8417 5
4263 5003 2
7332 7653 6
6058 7939 2
3194 4585 10
5455 8239 9
1072 7291 2
3762 4748 6
1059 2795 1
5137 8565 2
719 2805 1
2924 3343 3
5875 6718 7
5022 7152 8
2571 5852 6
1094 4264 4
200 4228 4
625 3643 9
808 6995 7
780 3964 3
1247 5981 9
1181 3572 5
6520 7232 9
3712 8321 9
2089 6048 2
3448 4767 2
1404 7877 2
2051 4499 5
4982 5141 10
3383 6731 1
1787 5021 7
843 1470 6
6786 8311 6
1435 8352 4
1481 2505 7
4839 5526 3
3094 4885 4
902 5060 8
3004 8217 8
2631 6972 5
2572 8724 9
2483 8357 6
873 3991 2
681 4749 8
4301 8285 9
3565 7833 6
6968 7381 2
3566 6734 8
5470 7793 4
1764 3750 5
4356 6427 1
5924 7587 9
2492 4062 8
2524 4199 5
1948 2013 9
489 6173 4
2488 6968 10
884 3989 4
4633 7010 3
3586 8560 8
5313 5452 5
1516 4389 7
1505 2127 9
8487 8777 5
4553 7072 8
2746 4431 10
1716 6897 2
4654 6337 10
1286 5959 10
4177 6581 3
4951 6394 7
3922 7788 8
6919 8905 7
7085 8056 1
133 2037 8
5144 6144 10
6800 7896 5
1376 1953 7
314 4121 5
995 5774 8
2823 4323 7
3496 8941 1
229 4024 1
3035 8791 2
6889 8642 8
4809 4885 6
2451 2659 1
5219 7198 9
1045 4847 4
3432 7293 8
5058 8783 4
1822 8832 9
5451 6330 9
2914 4283 8
1654 4354 9
5342 6539 6
3994 4392 10
3009 4222 2
894 5371 9
3258 8011 9
1359 3153 8
7046 7277 6
3460 5485 3
2306 8522 3
1232 1460 7
1561 1595 8
5771 8703 2
4667 5109 5
6192 6629 2
1273 5191 4
2296 2648 1
389 2043 4
5213 7808 8
2301 6274 5
3862 8094 4
826 1420 6
3272 3358 4
735 5529 4
5284 6081 2
827 6253 2
1092 3600 3
3152 3915 4
5740 6745 9
1637 8307 6
3241 6899 9
5048 7492 8
1356 8339 9
1374 6308 3
2140 7872 9
346 1807 1
1838 7961 10
3026 8204 8
224 2103 4
1435 5180 3
2127 4094 5
161 4904 10
7010 8899 8
1264 7892 2
8853 8945 10
149 7483 1
1659 5341 4
2691 8255 8
2211 8459 3
1043 4621 9
4285 8228 2
5060 7050 10
69 2327 7
4036 5939 7
4670 7102 1
21 2430 2
263 8233 6
5048 7261 7
2256 8688 5
6846 8764 1
181 2065 6
3420 8269 1
3541 8643 4
3944 4798 10
1813 6705 4
4656 8868 10
6338 8708 5
4176 4930 10
5755 6379 6
1345 3360 2
7133 7314 6
5124 7120 6
1291 2144 3
1747 5806 7
2534 2947 5
474 2589 6
4759 6633 8
1503 2495 7
763 8423 2
2078 2100 6
648 5513 3
1210 6590 3
4426 7660 7
5544 6635 4
4631 6279 7
158 8851 7
1107 5609 7
4198 6327 6
2773 8490 9
1160 6398 4
1750 5738 1
1911 2644 3
2903 3885 8
492 3710 10
174 6460 7
635 7627 8
863 3892 1
2659 8868 8
6103 6609 4
4409 5326 6
3223 4263 5
581 5747 1
4019 7384 8
2348 2492 8
2942 3136 3
388 2915 10
1237 3397 4
1935 3420 8
1333 6002 7
1368 2683 3
3910 4725 9
7846 8662 5
2036 5465 9
797 1485 9
2678 6204 8
4360 6280 6
1958 4795 9
2139 4244 1
3830 5535 5
1627 3780 6
5189 7460 5
4168 6917 5
6699 8235 8
3844 4979 4
2667 6638 7
4164 8588 4
3606 4591 6
513 2295 3
3555 4197 2
1510 4940 5
889 1419 9
4134 4670 4
1143 7081 5
4376 7225 2
4145 6095 10
6953 6963 10
4397 7534 6
6831 8594 5
889 6150 4
2843 8550 1
2037 5431 10
2134 4634 8
1616 3505 3
3365 7342 10
5300 6228 2
1140 1512 8
5853 6802 4
4849 8912 8
289 4493 7
5069 5466 7
3647 4124 2
1357 8684 9
3391 3543 7
4139 8876 4
293 1811 6
3113 8098 9
3162 3352 7
2421 6905 1
1665 4674 5
2721 7022 1
321 7291 1
742 1882 10
262 545 9
6367 7031 5
1442 4641 7
867 8962 7
2222 3785 10
1749 7259 1
3970 4570 10
5251 8046 10
1602 3303 10
2152 3337 7
245 3840 5
1424 5339 5
1652 4306 1
4177 8852 2
255 4587 2
1889 2134 4
4406 7198 9
279 1024 7
1363 2480 9
4014 8156 8
3866 7023 2
3441 4042 10
2627 8299 8
164 8651 5
7361 8604 5
2949 6134 7
907 8453 5
4860 7006 7
2245 8509 10
1054 6626 1
6770 7663 4
3190 3287 2
799 995 3
4168 4549 8
2247 4081 6
729 6458 3
4283 5759 6
137 3163 5
45 859 6
3221 4408 6
3288 4831 10
734 5173 5
6911 7638 8
519 4167 4
335 3035 2
4447 4700 5
3908 4895 4
2044 4800 7
6106 6896 3
2434 5082 2
4842 8936 7
3593 6272 5
835 5992 5
4449 8899 7
1928 2266 2
6956 7792 4
2250 2614 7
746 4162 6
4426 7658 3
568 3158 8
3149 4586 1
1142 2281 10
225 3379 9
4460 5479 7
1610 5924 9
192 4723 7
2075 3299 10
513 3836 4
1811 6635 3
3011 7453 3
398 8994 10
3559 7679 7
3280 4969 3
649 3750 9
7437 8308 5
1628 4890 7
3081 4178 4
1292 1929 6
5412 7889 10
5405 8955 3
5970 8830 6
1947 6812 4
1164 6022 6
2 1760 6
2689 5838 8
4062 5768 8
3615 3915 9
1103 3775 10
593 7621 9
394 4484 4
4831 6086 10
2773 6819 4
618 3871 2
6491 7462 5
4217 8758 6
439 3372 5
5598 8604 4
3431 8504 1
296 8245 7
4251 8142 10
355 3954 8
6344 8779 4
1422 4173 8
449 2596 4
2237 7932 6
1084 1816 2
1239 6548 6
3092 8258 6
423 6948 6
1176 8419 4
3036 3945 6
1632 3294 10
1509 4817 10
1584 7295 2
844 7888 9
2938 7100 5
4780 5832 7
337 2343 6
2607 6950 3
5329 6580 7
3959 8995 3
4398 4813 8
709 5216 10
3766 8884 3
1213 4157 6
5443 6300 7
416 2113 5
5271 8492 9
3585 3926 1
549 2516 9
6981 8552 4
2775 3194 3
2910 7881 10
1315 5004 9
2382 3179 3
2062 5169 2
4051 4681 7
478 4054 9
4941 5142 2
926 5375 9
1191 6707 7
720 6381 4
6433 6820 1
562 898 1
7200 8621 9
6035 8715 3
1067 2237 7
1503 6006 5
1323 3530 10
69 7764 1
3436 3918 3
2522 2590 7
5275 8278 1
1108 4125 8
4434 7654 3
3168 6554 9
420 8918 10
3076 6605 8
4922 5945 10
3974 7758 1
1457 6699 6
1994 6622 4
972 4451 3
581 7639 10
350 4380 5
1167 5179 1
1030 6908 9
2369 2718 7
4968 6435 4
4742 8159 7
2608 5423 10
4139 5991 9
435 7203 3
3707 5512 1
74 5977 5
218 5002 9
568 2565 9
1296 4290 9
4535 8550 3
6346 8445 7
2764 7628 3
1902 1973 10
2296 2772 3
3433 4591 8
4026 5906 4
1740 6022 9
2434 4024 8
6811 8390 10
6340 8692 3
128 6246 9
3553 4170 5
321 7437 6
1388 5589 9
3181 6137 7
579 3695 6
1582 8651 9
521 2055 1
2650 6499 6
4849 8519 8
5539 7233 5
1479 7241 10
6559 8241 5
975 8587 6
1541 7554 7
3729 5273 4
3068 8849 6
3442 5400 3
7 2254 10
603 2417 10
1726 6903 7
1483 4231 2
567 3269 1
37 7480 7
905 1739 6
1183 1882 5
2666 6923 8
1253 4368 3
5426 6138 10
1669 4940 3
2732 4315 3
1008 8924 3
7427 8957 8
4978 5546 8
3462 4755 10
2429 8226 3
4777 5376 5
1394 5982 1
6774 8819 5
2069 6156 9
1045 4883 9
2185 7527 3
182 7991 6
4563 6172 8
4071 8902 3
6289 8608 4
2799 6059 5
2497 8347 3
3983 5131 8
2262 3050 5
3401 3645 3
4142 7246 2
7448 8852 5
1001 8200 1
1515 7648 6
5349 7543 8
2436 5729 8
270 8507 10
4530 6021 10
502 6556 2
4030 7866 8
2906 7971 2
2736 4355 8
4710 6025 4
4097 5660 9
5224 5763 8
2913 7140 10
1432 3581 7
4235 4751 3
8402 8675 3
3120 5636 1
1774 3637 6
3276 7023 10
2036 7864 2
2823 3069 4
1501 4008 5
4629 6024 2
936 4782 6
63 5590 6
2713 3914 9
4052 4096 10
741 3472 5
2279 8953 10
5300 6984 5
452 527 3
1361 5346 9
2364 8497 8
953 5910 7
5025 8388 3
5770 8554 8
2209 6476 5
3678 8380 1
985 8141 10
3400 7190 6
2305 5590 9
2640 5568 1
5373 7050 9
4956 6174 4
3755 8559 8
904 1652 8
1316 8621 8
8508 8680 1
1569 5641 5
2582 8435 10
4028 6034 6
870 4213 3
3170 3549 2
1494 4888 5
7516 8666 5
1526 8475 5
5033 8941 10
2140 2821 1
5107 5270 5
1440 3314 2
4566 8389 3
1426 4171 5
6227 7764 10
716 5040 3
1858 4032 9
638 8742 3
947 5140 2
3404 5792 10
5714 6463 3
3696 8656 5
1339 4611 3
3838 6767 9
2245 3717 8
1853 6411 1
4388 7176 9
850 8342 8
523 4788 6
923 3703 4
4238 8304 9
1449 2901 3
2918 8932 5
4460 7604 2
2436 8372 1
950 4065 3
7432 7959 10
981 3718 2
3502 7194 5
1105 8374 6
3849 7341 3
1349 3785 10
1180 5630 1
5961 7245 8
6287 8256 10
821 1609 10
5653 8964 1
2953 7847 7
5773 6238 1
7453 8853 4
3015 4816 6
5103 7463 5
1463 6780 7
6703 8802 3
1284 3124 6
804 4734 9
2716 7575 9
1615 2647 9
760 3789 1
734 4671 2
3317 5144 10
599 5186 1
3677 4148 2
120 4071 1
1120 2182 3
3744 3746 1
2901 8110 4
682 914 9
4915 4994 6
1869 3688 6
3867 8650 1
1204 3985 9
415 3357 5
3371 7366 8
1668 2739 1
2836 4765 3
5285 7983 9
3135 8593 3
642 4446 7
3535 5350 1
1674 8876 2
1183 7932 1
1818 4358 1
934 2205 2
6800 7096 5
2130 2174 2
4088 5476 5
306 5762 7
2859 4664 6
6251 8150 10
5125 5341 5
2865 6738 7
4692 5128 9
5093 5572 3
4071 7690 10
144 4963 3
199 5166 3
4071 7304 5
229 1096 2
2370 6195 7
2102 8200 2
1955 7400 5
2272 2876 10
4251 4900 8
942 6516 6
4421 7694 3
2535 4849 4
2168 4331 4
310 588 7
4321 5025 9
1189 8169 7
2163 2352 6
2077 7327 4
1418 3540 3
3592 5383 8
2229 6919 1
2354 5976 7
1251 6351 5
730 6399 5
744 1051 3
1180 4615 3
2785 3012 10
525 830 6
4532 6003 1
4069 8408 9
1428 1613 10
727 8017 6
305 2943 6
1248 2318 3
226 8411 9
1562 6638 10
2937 5250 3
4773 5545 4
557 3385 3
4070 7742 1
713 1902 3
1587 5035 7
891 3719 2
4393 8444 1
2879 7039 3
2562 4742 2
3081 4434 8
468 7093 7
1560 1931 6
5828 6280 3
396 3664 2
2687 8513 7
5385 6504 6
4918 8547 5
6182 8523 4
327 6745 5
2494 7426 2
4844 6572 9
2326 3375 7
5238 8201 9
551 6004 8
3483 4066 5
5619 5751 10
4888 5764 9
2595 5699 2
11 8599 9
7700 8946 8
983 8211 3
389 8789 5
6546 7111 10
4920 5389 2
7294 7856 5
207 3221 1
3109 6565 8
2711 2913 2
1944 4173 3
2344 4591 10
2469 7994 7
7074 8540 5
6224 7562 4
6165 7440 1
8242 8454 10
1542 6623 7
2154 2919 3
1788 3253 1
3826 4500 3
708 3048 5
2838 2940 2
1237 3396 10
4880 8086 7
871 2342 10
3735 5161 4
794 3676 9
1094 4473 6
3550 6933 5
3989 8561 10
632 4286 1
2048 5650 6
6141 8468 8
759 8597 3
2008 7318 3
835 6598 4
6007 8513 10
3910 5917 5
5144 5751 8
1924 3968 8
1429 2664 7
789 3205 3
2805 3123 8
4470 7914 9
2612 7317 5
4364 5477 1
2222 5720 10
5703 7904 7
1948 4067 9
1048 1648 2
4044 7680 8
3555 6483 1
515 3529 3
934 5646 9
2182 7474 1
6385 6967 7
5172 8238 2
2734 4886 6
6619 8998 2
1096 3994 4
1197 1391 9
6547 6676 7
3104 8751 4
330 1337 6
6754 7429 6
3582 4872 9
1363 3810 1
4531 4724 2
4964 5660 5
4917 5468 3
1064 4015 10
5279 5846 6
7867 8461 10
3218 5040 4
3972 8220 7
605 7572 10
3438 5454 8
2195 3523 1
4091 8263 7
2350 6658 3
1776 4796 2
7462 8506 6
3565 7341 7
1008 4060 7
2167 5672 9
1608 2697 7
5541 6624 10
3442 8386 4
239 4672 3
2173 4056 9
2866 4761 9
683 3562 10
416 4621 10
4023 5381 9
52 2246 10
4868 7292 3
3796 6300 5
4807 8401 4
2777 4710 9
3644 7494 10
3659 8081 4
4886 5739 8
1290 7818 4
3767 4951 10
279 4042 2
321 1726 6
1647 8745 4
4595 5232 4
2057 6183 1
3042 3088 1
1261 8418 5
925 5623 3
287 884 5
5208 5224 4
507 5417 8
3135 4009 4
2362 4286 4
5953 7008 1
2713 6918 1
5605 7368 10
3097 5216 2
212 3006 9
5214 7910 9
254 2316 9
1127 4200 9
393 1855 8
99 4635 9
2652 3732 5
2721 5569 9
762 1224 1
1935 7701 6
2446 6147 9
7613 8287 6
287 8475 5
2714 3621 3
2155 4337 6
222 1523 9
56 4231 4
2018 3861 7
1094 2184 1
1584 6877 8
73 4665 4
2335 8719 6
127 5636 2
3237 4592 10
3145 6206 6
511 7363 4
650 3748 4
4314 4642 8
352 5617 6
1604 1754 5
2757 5952 1
2551 7739 5
33 2608 8
538 3186 8
4325 8467 2
261 2605 5
3398 4763 7
4814 4901 9
5050 8368 10
2590 4194 6
315 4096 2
2402 5276 3
1441 8636 3
4247 5034 6
2003 4731 1
3906 4501 3
3598 7100 10
3554 3789 4
2055 6035 6
6429 7872 8
3920 4730 5
280 4368 4
2809 5815 1
5999 8838 8
2906 3299 7
2244 8086 2
3088 7087 5
1939 7368 4
76 3160 7
301 4633 9
6654 7125 9
1072 5267 8
589 5400 9
1534 4659 3
6596 7073 3
4605 7503 5
5272 7078 8
4150 8750 3
3429 8540 2
482 4231 7
665 7943 2
2846 2961 1
2001 6828 9
2990 8204 7
4455 5783 1
1473 3961 4
1629 2798 9
2084 6344 10
897 3630 6
2305 8234 8
5 1981 3
1945 8890 6
1209 5189 3
3673 4069 2
1195 8698 3
600 2087 10
2919 2931 6
7 5505 10
190 7416 9
908 5698 6
3726 5199 7
4086 8733 5
621 7635 6
1660 1665 10
505 1130 7
1026 8725 3
434 523 6
3220 3496 4
2510 6671 7
3771 7356 7
2683 5299 10
366 5131 1
925 4475 1
1051 3078 7
5825 7941 6
2847 6987 6
3816 3852 8
4021 4571 10
4979 6240 10
1080 4791 6
3187 4247 9
982 6616 7
5261 5729 1
3392 7792 5
526 3718 3
2009 7650 4
1948 6348 9
831 4955 6
1799 4819 6
5657 7560 10
4472 5989 5
2487 4663 4
1019 4752 2
4878 7119 10
7463 8984 2
3165 6736 10
3745 6295 3
2036 2799 7
751 4130 2
2065 7377 1
1470 2855 8
4108 8742 5
3911 6483 8
412 4255 9
6343 6541 8
193 5075 7
2934 4465 5
2046 8655 9
3542 6680 9
3103 5491 1
1529 4067 9
2152 3975 1
4514 6235 8
3949 5282 5
603 3467 2
5435 7074 6
3075 8936 6
1312 2777 7
5063 5473 1
3800 5278 8
3706 4451 8
2723 7777 3
1070 5046 7
2455 8850 9
18 3932 4
180 2582 10
6537 8581 4
6286 7819 6
2380 3551 10
2900 5561 10
6004 6997 3
2850 7167 1
2093 7833 9
5457 7061 6
567 2388 5
2663 3846 5
1004 4101 7
339 1944 4
2665 8495 7
2904 7060 4
884 3210 3
563 4094 8
8234 8374 7
5754 6899 1
4413 4881 1
1977 3318 9
1831 3547 8
6991 8809 9
5735 8891 8
4848 8390 4
2074 3732 10
340 5623 7
3356 4935 4
1949 5613 3
2835 4761 5
447 5520 3
4182 5793 5
3402 6156 5
3110 8651 9
6765 7511 4
2019 4052 5
771 1251 7
5151 8909 8
409 8749 8
4732 6660 4
194 1529 5
4103 8964 2
1592 6017 8
485 4574 5
4066 6913 10
1489 3712 4
1559 7454 5
76 7735 8
983 6924 10
3772 5873 6
5387 7509 8
2861 7978 3
3605 6880 10
3913 6104 2
1695 1812 2
1035 7783 4
749 6336 7
1940 3774 3
1369 3841 9
4029 7542 9
2062 7148 5
3423 5147 5
916 2180 4
1107 5048 10
2255 6709 9
522 2291 10
5027 5712 3
5790 8066 4
4043 7546 3
7516 7775 2
3787 5792 6
7970 8800 1
470 4729 9
1189 8354 5
80 3231 1
7315 8148 9
5744 6494 1
440 650 1
2258 2513 3
611 8625 3
879 4507 8
7063 8364 7
6614 6986 10
3053 5593 10
1765 4644 5
1887 8461 8
3666 6476 10
3645 8470 2
3199 7924 5
6336 7019 1
3316 3422 2
5024 6702 3
167 2461 2
1649 6624 7
5747 5827 7
2731 5106 8
4768 6639 2
1488 3106 4
3106 4550 7
1441 3815 8
249 4290 2
1059 6051 6
3374 5450 10
1174 2968 4
1519 1541 4
3894 8564 3
1109 1376 10
1351 3094 9
4706 7074 10
4759 6123 4
4617 8834 8
5530 8271 2
6001 8740 10
1880 8141 8
568 8166 5
1482 2370 6
4833 8755 1
3556 6055 9
104 3336 7
1193 6260 2
2175 5444 2
6186 8825 9
146 4458 9
2879 3101 8
1192 3025 9
448 904 4
2427 4987 8
1065 3010 1
4096 7431 1
546 4976 8
6202 6369 10
3839 6665 2
2004 4995 4
556 6865 1
4105 6250 10
6118 7340 7
4982 6115 2
5335 7500 4
609 6389 9
2285 6882 5
1207 3405 4
3358 5925 3
5022 6473 8
2315 6193 8
3899 7635 8
6465 8510 3
1266 7063 7
6929 8927 1
1120 4261 4
2272 6031 4
896 2306 9
871 929 1
5310 5972 5
3136 6545 8
893 6889 1
3033 7932 4
2672 5009 10
2058 2812 8
2635 3382 5
5555 7028 6
2511 2524 5
6183 8405 2
4128 5034 3
5090 7916 9
1820 2580 10
1607 7402 8
1928 4078 8
3908 8331 2
811 3596 9
970 5143 8
378 4861 2
1099 1560 1
5303 6672 5
2005 8014 1
7545 8326 9
1497 4731 7
4406 6524 3
4375 8724 9
327 3546 7
2465 3235 1
3436 4696 6
2790 5311 7
5286 7932 3
2105 2818 9
2773 6733 7
5189 7824 7
2200 3115 10
603 1206 3
1507 7431 1
6089 6524 6
2363 8789 1
4424 8128 5
685 1406 1
1824 3447 7
3103 7001 5
1131 1768 4
1663 3962 1
1588 6091 4
5295 8769 9
1432 2838 3
1830 2774 5
3092 3130 10
6504 7394 10
3495 8723 7
5516 6111 10
2456 2476 5
6585 8024 4
4751 6347 2
1862 5380 6
7523 8559 9
409 5046 6
3463 8295 5
360 7130 10
2406 3698 6
5085 7189 9
2682 4782 9
5579 6407 6
5990 7456 2
3186 6279 10
838 5674 8
1206 7007 8
6167 6915 4
8264 8779 10
64 7837 10
5018 8215 9
2666 8642 6
6886 8404 2
6109 7387 1
1374 7018 9
680 6210 1
319 491 2
532 5745 9
893 7182 6
1058 3446 5
1736 2383 1
5170 8074 6
4468 8166 6
2490 6930 5
788 875 4
2969 8386 5
6474 8525 7
162 3169 9
2940 4910 2
2354 4086 5
1504 2742 7
3725 7706 4
4536 8682 3
3935 4694 1
4801 7834 9
4761 5540 10
4468 4859 9
5993 7416 5
5231 8485 5
639 6866 9
2773 4204 9
2428 4763 3
3205 4397 7
3097 5451 2
477 4205 10
1103 5267 5
7751 8118 7
1706 2415 10
3616 4740 7
2061 3656 10
4521 5665 6
164 7396 1
1427 6681 3
3071 3938 4
4268 4703 5
2000 2763 3
4958 5859 7
690 2424 7
2697 8568 1
3195 5545 6
369 4226 3
3086 6170 8
574 835 7
3844 6773 10
2859 7493 8
580 3384 4
3256 8948 3
1456 8395 4
3876 7580 7
4115 6291 1
3826 3899 10
5378 8373 1
761 1473 2
3804 5746 6
5310 5945 8
931 1930 2
4179 7516 1
7106 7562 2
3595 7470 6
2095 5636 7
3732 8304 10
43 1106 6
3017 4360 1
6600 7575 2
2702 6597 5
4583 5235 5
1150 2145 5
4935 7029 6
1169 7212 3
824 3157 6
944 1374 8
3401 4223 10
6722 6871 8
5774 6513 5
2625 6896 9
1532 4620 4
4070 6745 4
8095 8180 8
686 1439 4
680 8478 3
1363 4334 4
7055 8151 9
137 8063 6
6812 7369 2
2727 8591 9
3884 7254 6
6163 8463 9
750 3786 3
283 4527 3
3639 3765 6
3123 7009 10
202 8368 4
4475 8473 2
1857 2918 3
4725 6507 1
4442 5104 7
103 7085 6
1613 8927 9
3917 4417 3
2983 7757 2
174 4952 2
170 2572 3
1178 5871 1
6470 8544 10
766 7134 5
2863 4319 2
6313 8031 8
4258 6448 6
3027 3402 6
2363 6952 9
1740 5931 10
6109 7521 4
1850 3275 4
3418 4966 9
1447 2494 4
444 6663 3
7920 8414 5
5049 5170 5
5157 8434 10
1856 4493 4
3770 4031 4
1339 2593 5
749 1151 10
2045 2390 1
6001 7482 7
3337 8417 3
3862 7922 7
653 5711 7
3962 8299 2
1764 4158 2
4703 7327 7
1034 2193 8
2369 4281 9
3630 6045 6
5134 6818 3
2928 4966 2
4366 8270 8
964 1494 7
3931 7083 4
2851 4357 9
184 4201 6
5023 5773 5
3346 5447 1
2967 4966 8
840 4569 5
2063 4022 9
323 3642 7
1443 8581 10
2603 8471 2
4446 8482 4
5187 8920 10
1816 3676 4
829 7769 2
758 1876 9
5670 5908 1
3661 5421 2
659 8366 5
3195 8994 8
2269 3636 2
5919 6117 6
2127 4642 1
350 4157 2
2921 3713 1
3416 6635 5
4679 7562 5
2571 7593 4
163 2343 8
6523 8677 3
7744 7939 6
4696 7974 2
1030 3012 6
1710 8292 9
3196 5602 10
3100 7506 2
2844 3511 1
5199 5483 6
2319 2592 1
1627 7626 7
1007 5119 5
3632 7053 8
2160 5769 9
3054 4612 10
2323 4710 4
2479 6165 10
785 6481 10
3267 3965 4
1305 3679 7
2230 2446 4
419 8069 2
6860 7588 4
6550 7363 3
6733 7884 9
5025 5924 8
5370 5804 9
2454 7921 5
1861 8693 4
5889 6898 7
5468 7464 1
2103 2394 7
5023 8029 6
1307 8139 3
5389 7316 7
1771 8081 8
3179 6973 9
2211 8095 3
1728 6168 3
273 5252 2
5601 5843 1
7716 7802 4
3631 8305 3
3832 4131 4
984 6739 5
2698 7744 10
1700 4470 1
1721 8196 10
1782 7121 8
5593 6728 9
7265 7283 8
5860 7984 1
2785 3161 10
5047 5494 3
381 4856 6
1726 7941 2
5260 6393 1
1946 5162 9
3940 8432 1
3928 8399 6
571 6623 10
135 4265 8
4782 6714 3
2731 7890 5
223 1602 1
2391 3935 3
7319 8235 1
66 3412 5
4882 7255 8
2199 3718 3
1689 5466 4
1024 6202 2
2893 7080 8
1806 3608 9
2940 4810 8
2027 3519 5
6510 8515 8
5630 8130 5
3200 6846 7
2506 2867 1
1458 7393 9
4616 5200 6
248 5959 7
2012 7785 6
662 5766 1
3897 8720 2
2342 4486 9
1744 6028 1
5053 8353 3
2344 3499 2
515 8370 10
2907 4797 10
896 3857 5
2326 6628 7
5951 7065 4
2158 5327 7
2660 8116 3
93 5160 5
172 839 9
3667 4194 4
5717 6210 5
8621 8634 9
712 2032 6
4446 8999 9
3668 8607 5
2117 2428 3
2221 2425 9
2273 5730 1
1442 4452 1
1031 1754 1
606 1865 4
439 5489 8
3520 6201 6
5915 8871 1
158 4315 6
3346 6516 8
1324 3893 7
5250 8196 9
2676 4223 3
4181 7496 3
3559 3998 2
5484 6655 9
437 629 9
1115 3218 10
699 3428 6
384 1694 1
2976 3942 8
2738 3103 7
749 8436 4
2028 4420 1
3099 5103 3
2115 4975 5
302 6371 9
97 216 3
5673 7380 1
2595 5957 3
3264 4975 7
495 8349 2
1999 4915 10
3106 5821 5
6197 7693 4
896 2749 6
1558 3864 6
634 5159 1
1242 8064 10
4475 8863 8
836 4733 5
2429 5231 1
7350 7477 7
1951 3490 3
4150 7940 1
2411 8029 7
5408 7099 10
1670 5447 3
1485 4651 8
374 8645 1
2630 7305 1
2311 3391 1
1984 3280 10
2545 2737 7
2405 7575 3
3925 5668 2
2205 4156 4
392 3238 7
1076 4474 6
825 5481 9
238 1806 4
2109 4024 6
4648 4825 5
4063 8946 4
5 1100 6
5062 6671 3
3691 7764 1
4902 8630 8
404 4036 6
3604 4946 7
381 1822 10
2737 6294 8
276 2925 1
3582 7683 2
7473 8015 6
6410 7978 9
4373 8078 3
2253 5310 10
1054 7551 9
1167 2954 1
860 1494 6
4391 4717 4
510 8768 1
2163 5582 6
280 8567 8
729 6886 6
316 8261 8
4178 5022 6
1853 4897 10
4365 7491 1
4952 6360 3
2525 7454 4
1501 8814 1
6749 8324 2
4078 5299 10
4107 8924 8
3887 6595 7
3765 3769 7
4632 5420 6
5986 7646 3
2100 8844 2
4416 7975 5
2953 6158 7
1213 4814 2
7502 8994 7
501 8088 6
3275 6574 7
3233 5062 3
5565 7496 9
3090 3835 8
7516 8410 6
912 2109 4
1950 4826 6
3464 8696 5
2338 2875 6
3796 5861 8
670 3734 3
755 5966 7
141 7203 8
481 5219 1
2463 8043 3
576 945 7
6690 7579 10
6468 7902 2
2722 4009 4
5326 8385 9
782 6377 5
4124 8538 6
3354 5148 5
2606 3658 5
1375 2953 8
6863 7255 6
862 8055 10
164 6025 7
5329 5508 2
1710 3693 1
2135 3390 9
1169 7286 8
605 3673 5
5438 8954 7
459 5179 8
6005 6779 3
923 4034 3
410 8506 3
2505 8358 2
2006 3568 8
4326 7349 7
2831 3043 9
2673 3260 7
2095 6296 6
3256 4040 6
3469 5655 2
145 3419 9
2657 3095 8
3788 8594 4
3292 3918 5
4265 8762 10
3120 4637 2
217 1602 1
2029 3387 10
1125 8136 2
5491 8370 5
3715 5098 5
5416 8815 6
1513 8094 9
5337 7318 10
1166 2975 5
2931 3374 6
5792 5833 3
2250 2349 2
169 2230 1
7531 8678 8
754 5881 8
6560 7748 9
2487 7186 1
4423 8309 7
3153 5728 4
2567 4096 9
4768 4858 3
1993 8142 2
258 5513 7
4492 4604 8
1110 4901 1
3504 3531 1
2356 5074 6
1666 1691 3
2283 8280 1
781 3044 6
3196 5545 5
7242 8288 6
2294 8550 9
5590 8204 10
535 4655 5
1001 1476 9
4546 8815 6
2307 7129 5
7701 8272 9
560 8621 2
3046 3760 5
5910 6494 6
2962 3275 4
3857 8508 8
266 6914 10
5763 7575 8
1727 7711 4
3591 3913 6
489 1747 5
1109 3743 10
2041 2318 1
6788 7629 2
1578 3397 3
614 7322 7
2445 8144 3
7380 8004 2
4367 5040 10
2653 8257 6
4819 4891 10
4292 8461 6
3305 7675 2
1500 2731 9
4029 4250 8
1396 5404 8
3328 8508 1
2210 7923 1
2879 4109 4
2732 4907 7
7768 8406 3
598 4895 9
4717 6683 1
827 2246 6
4372 7125 7
71 2294 10
385 7517 2
3086 5157 4
3549 5599 6
168 2122 9
2805 4903 4
1431 7165 6
688 2836 8
1372 8355 6
1230 6769 3
6182 7952 5
3637 7649 10
4592 5940 4
2665 2732 9
4829 7413 10
43 5851 8
6398 8434 10
4247 8103 8
290 4210 6
1484 3964 8
2773 6272 2
4076 7471 3
559 5151 4
1527 5122 10
4881 7041 10
525 1767 6
2595 5424 1
1238 5004 7
3172 6981 3
3 6981 4
2998 8706 7
2523 8843 2
6142 7237 7
1217 7215 4
1382 6248 10
2378 4102 8
3516 3661 4
393 6504 3
5228 8422 5
2660 5943 3
1737 7058 7
1679 2091 7
475 1850 10
1932 3975 8
1085 8854 2
2596 5638 3
1440 4834 3
386 7748 4
5211 6427 2
5220 5872 10
3064 6236 7
781 3491 3
1275 8062 2
2074 8781 5
387 1091 2
7659 8665 2
6839 8482 7
5999 6471 7
279 3619 9
5089 5348 8
2542 6154 1
6665 8116 10
1388 5047 5
568 5949 9
3478 5920 4
3299 4204 6
3200 8336 10
4961 5112 3
1357 1978 7
5886 7986 5
237 6634 3
4346 6140 1
716 6004 10
5676 8068 5
2701 3410 7
2575 7962 2
886 5049 3
3087 5925 2
6013 6744 8
4557 4883 6
1900 3958 4
7340 8677 4
7160 8611 2
4792 8381 10
4368 8574 4
6689 6859 6
1199 4870 9
748 1872 5
8644 8693 8
348 6647 4
4665 8569 6
4721 6400 6
113 8817 3
3463 5560 8
269 5126 1
4364 8643 5
400 966 9
2221 7913 5
1322 1325 10
3978 4260 4
5592 6805 4
4586 7406 2
2386 8994 10
1329 4583 9
1997 6769 7
1370 4191 6
2902 5086 8
1677 5754 10
1234 4819 2
4336 4409 6
3458 5356 9
2255 7821 5
3754 7170 10
4367 7943 8
4081 8823 2
867 1491 5
2708 8277 2
4347 6728 2
5009 6284 2
6873 8379 6
208 5674 5
924 1520 1
3702 5664 1
2997 3608 2
5113 6543 6
2275 3699 8
1997 5002 3
2387 6455 5
2614 4678 2
6301 6302 3
4622 7640 8
4029 6281 10
4710 5740 4
4707 8317 6
596 8310 7
5213 5587 3
2908 4514 5
1172 5025 4
3853 4277 6
421 7304 10
1666 1996 1
130 8588 10
5356 8350 7
2574 8220 2
4255 6627 4
2099 7085 10
324 5208 1
2307 3910 7
2628 8728 6
1721 4960 3
2579 7450 7
86 6026 4
2099 8689 9
5030 7393 2
4565 6438 9
2189 8964 6
474 6959 10
536 6161 7
5685 8979 6
1222 2224 4
2094 3313 5
3467 5900 8
898 1689 10
649 8857 6
2045 8835 1
6048 8185 1
5459 8165 3
2970 5820 2
2750 3417 5
6386 8809 5
3368 3724 2
1072 3971 3
5019 7801 2
4138 8171 9
3164 7215 8
690 1304 2
3294 5088 2
6386 8344 4
7672 7798 1
128 2969 4
1239 4695 4
3205 5052 9
2703 2974 7
5502 6317 5
78 2642 1
2082 8099 9
849 5459 8
236 3977 5
5077 6810 5
1937 2729 1
992 6029 7
4520 4749 2
3441 7799 3
2802 7809 6
559 7647 8
771 4527 5
3320 3811 4
1025 4267 5
1689 3094 1
548 1461 7
2900 6878 4
9 4660 5
1529 7502 9
1142 2050 8
133 1207 10
4922 5321 9
1709 7443 3
4908 4959 8
6042 7790 7
4719 8116 4
2822 8785 9
286 7544 9
1163 7269 2
1006 8180 1
4360 4814 7
1980 5192 5
1184 1381 7
1626 6836 6
5302 6904 2
3681 7039 7
3520 3806 4
3562 4822 8
1411 3435 8
2054 5119 2
7223 8087 10
5600 6861 5
323 6525 8
4359 8751 9
1916 8194 9
7141 8226 8
1088 8454 9
3438 6493 5
3373 6185 8
3454 5147 7
2344 3213 9
1225 5940 1
7664 7744 7
2625 4947 6
1097 1625 9
11 2708 1
2871 6527 4
1335 3619 6
3056 4453 9
1839 8286 1
1052 7197 3
271 7221 9
685 3450 7
259 662 7
858 2114 1
709 5244 2
517 4167 6
998 8261 1
1964 4933 8
3252 7901 10
5383 5909 10
1251 4957 10
2074 7360 4
2086 4152 2
6268 8884 10
5385 5628 9
6136 7882 8
1980 6823 7
1626 8115 3
1739 1847 5
492 4775 5
4738 8270 5
1197 8687 4
268 6710 2
1766 3825 9
5047 7108 4
1687 3008 6
4022 5086 4
1714 4528 3
2052 7365 10
428 1926 1
831 7658 7
192 2353 2
4165 6297 6
1268 6053 4
3360 7254 1
2202 7219 7
2576 2960 1
3202 3289 1
2353 8621 5
4362 5911 6
3408 8209 3
5526 6360 4
1897 5011 4
424 8226 8
3415 5022 7
3363 5004 5
4925 5412 9
6978 8065 2
5376 8527 4
3763 5066 10
2522 4133 6
4089 5408 1
2125 3885 10
2561 2814 1
2728 6568 6
5737 7321 1
7804 8146 5
6432 7858 1
1216 6795 3
3910 7142 10
4625 6725 1
1877 5353 3
1372 1933 10
681 8936 5
455 8338 6
2485 8918 1
2179 3422 8
2899 3411 4
1455 3578 5
7964 8328 4
2234 3584 5
1616 3426 7
4614 5207 9
1936 5365 4
2269 2957 9
2800 5265 1
1880 6245 1
559 3324 4
6750 7842 8
5905 8004 1
1153 4532 9
2316 8313 5
3084 4222 7
1197 8637 4
121 2174 5
395 8833 1
931 8802 3
1127 7841 3
5169 5317 8
3532 8869 6
2667 3225 5
2320 5027 5
3976 6243 7
4525 7843 10
12 1200 9
3099 6278 4
181 8033 10
3280 3614 4
372 8652 5
1210 7662 10
1829 3937 7
1736 6928 3
50 4018 1
3440 5496 2
208 3334 2
131 989 3
1023 5579 10
1433 7267 5
2401 6993 1
1257 5981 1
5313 7699 2
2066 8028 7
8474 8881 4
6251 6627 1
444 6680 5
5478 8373 8
7510 8609 8
4659 8504 8
3011 4614 6
5187 5590 1
2998 5094 4
489 1042 10
741 6426 4
4397 7866 9
2109 6177 2
4158 4218 7
1338 2929 3
3015 6320 8
5188 5598 4
1545 3671 6
67 2683 5
1329 2772 3
981 3712 3
1546 4548 7
1529 4126 3
3881 8953 6
3214 6749 3
5176 6895 10
4112 7084 3
2498 5755 8
2316 3898 3
5840 8807 3
3185 5059 2
3660 3946 9
1490 6809 9
1585 5637 8
6938 7008 4
56 134 5
2718 7124 1
6702 7198 7
4341 4922 3
1448 4413 8
2569 5165 5
4106 4225 4
689 1979 6
1263 2346 7
1156 5532 8
6349 6890 10
3496 5750 10
2568 4197 7
4734 7643 6
1257 1450 6
5987 6999 1
1783 6195 2
1428 6612 2
426 1485 9
4763 6927 2
2034 6179 2
749 4017 10
3490 5001 1
5936 6112 3
2977 4827 1
3694 3892 5
3373 7794 9
1109 5545 7
4451 4763 6
67 3633 2
3668 3947 10
4481 6013 5
183 763 5
841 7550 8
2909 4235 3
1405 8478 4
743 7758 2
201 1980 2
810 1085 9
339 1375 6
4739 5373 5
2117 7243 1
2978 5641 3
357 4752 1
3559 3835 5
3 7716 5
1811 6499 6
5424 5611 4
2029 2988 5
685 7984 5
7391 8732 3
3555 7985 2
277 6272 3
5021 8249 5
4883 4976 6
927 4295 4
6732 8764 10
1735 4181 10
3672 8094 9
810 2059 1
3220 7456 1
2045 8264 1
1805 6492 3
5106 7640 10
1113 5935 6
4179 5085 3
4863 8576 10
2721 3191 2
1373 7988 8
1214 3787 1
5197 7659 3
405 7942 3
1591 6206 3
1311 6265 3
1141 5650 6
1744 3329 3
878 4441 7
2304 3583 5
3662 8988 4
7270 7813 3
2177 3312 5
3425 4588 10
1552 2024 4
4698 6524 8
1063 2241 7
3186 6408 4
6643 7460 2
1569 7628 3
165 2068 5
1731 7610 3
2696 5322 4
1049 1343 7
3398 8189 6
3527 3920 3
432 2307 7
1223 6403 7
1022 2089 5
2807 3484 4
2257 8982 3
5023 7236 4
1914 6789 8
8490 8608 4
8401 8427 10
417 1068 7
493 3722 5
1071 5871 2
6224 7713 2
5432 6567 9
2664 3659 5
4199 8785 7
3306 4117 5
391 2337 6
1005 5190 3
1583 2952 8
8241 8862 10
3984 7488 6
7510 8961 2
4506 4690 5
1823 3633 2
1472 2934 6
2961 6718 4
336 3302 8
1023 7462 8
2422 6257 1
96 1897 3
4533 4773 4
3165 7233 8
26 4454 3
2511 4608 3
10 5096 5
1290 1856 9
1368 7656 10
6243 8310 6
631 7385 1
2054 3216 1
1149 3692 4
2794 5588 8
2315 4835 10
5009 7427 10
2484 4167 1
2650 8257 9
2181 8862 10
4521 8228 4
480 7638 6
1048 6814 3
4664 6523 10
1523 7265 8
1109 8683 10
5774 6922 1
2656 8047 8
1118 2051 3
326 636 9
3640 8426 8
5488 5901 3
3030 5760 7
930 3260 4
307 7180 1
634 5387 7
190 4666 3
3015 4995 4
3639 4395 8
4483 6994 10
7628 8584 4
2190 5688 1
567 906 1
1076 4744 3
7288 8849 10
3389 4051 5
4140 4262 6
4186 5812 5
814 3043 4
1603 6629 1
2190 5720 7
3908 7710 3
2438 8926 6
962 4351 8
1492 7003 6
308 3406 6
42 798 9
1601 2923 3
2092 7492 8
3191 3589 2
5920 8705 9
1636 2678 10
2663 5704 3
588 8071 2
1705 7725 7
2253 5174 8
1513 7088 6
3111 4979 3
2630 7095 8
778 8325 8
1653 2867 10
97 210 5
4573 7671 4
5875 6448 5
5066 7081 2
1039 5402 1
81 2513 2
422 3861 1
3945 4988 5
4607 6870 6
2270 4745 8
458 3901 3
2569 8874 6
5774 7786 8
497 4381 9
4700 6046 8
3012 7769 7
372 4279 2
1191 6603 10
2420 8019 3
1688 2751 6
7796 8057 2
71 6049 6
2881 5394 7
292 2800 10
1180 3083 8
705 1461 3
687 4362 1
2101 8185 7
4894 6312 7
11 5804 2
3428 5284 8
3489 6737 3
719 5220 9
4483 6831 8
4761 5959 5
4007 7491 7
2613 8677 5
2329 3570 1
712 1398 1
6231 7682 1
442 2656 6
4090 6213 10
3958 6572 1
4560 7260 6
3073 6990 10
4128 5435 5
4293 6691 2
389 8962 3
590 2680 7
3228 4980 1
4518 8523 4
2318 6519 3
1762 8304 5
598 7153 10
1693 7992 8
2904 5194 4
165 756 6
853 5420 10
6058 7897 3
3908 8482 5
402 8057 10
1225 5363 5
1668 3058 4
564 5212 5
3641 3979 5
3863 8158 6
3092 4183 2
4799 6842 7
6419 7220 4
826 4282 1
3809 6665 3
1366 2518 2
3734 7286 10
3234 3406 3
831 7513 4
905 4589 8
5053 5216 4
1788 6592 9
3006 6462 2
1025 5797 7
5399 5859 2
5303 8261 5
6894 7811 6
2565 5860 6
2417 7170 2
605 6696 8
205 5443 2
2840 5081 10
1506 1726 4
5672 7109 10
1462 6682 1
3886 7322 6
633 6414 6
3066 8275 5
1838 4995 10
893 3349 7
1161 5855 5
10 4555 6
223 8774 7
1667 8627 2
1634 5613 8
2001 3731 8
2092 5475 4
4978 8791 8
3144 5444 3
4373 4564 3
4661 7771 3
4278 5558 5
2070 4437 9
2626 4190 10
4157 8278 10
4323 5094 7
8022 8306 7
1587 4122 6
1118 1491 10
901 5630 4
2016 4215 6
2876 3206 5
185 4186 9
1903 4960 2
1208 2845 7
5554 8464 3
3730 4990 5
2882 6995 7
6301 7662 6
2757 4532 6
112 8714 6
5325 8677 6
1260 7553 2
2175 2732 7
3765 6465 6
3793 6832 9
4387 7137 10
2607 8044 8
2548 5297 6
6595 8570 9
4576 6827 2
1560 6077 2
3551 8980 8
741 6543 3
4669 7460 2
1836 6587 2
2227 5469 6
3419 8781 2
3453 4619 3
5747 8433 4
3075 8652 4
4380 8247 10
1086 3450 6
7207 8496 3
3850 6549 8
7744 8775 2
4005 8187 2
5060 5707 8
621 3662 8
1557 3190 5
221 5090 3
330 614 9
6312 6751 4
2106 5004 2
138 4674 1
747 3947 6
4897 8989 2
4981 5430 5
2350 4782 4
2733 4700 10
5664 6740 4
196 4319 5
2316 4394 4
3654 8820 7
4393 8319 8
3323 6171 9
3451 6148 5
4256 8723 7
2115 6814 2
566 8654 5
1746 1824 6
480 3095 10
2012 7664 5
435 3360 6
2435 4553 1
5325 5903 10
1287 6021 2
872 1142 5
4546 6095 4
883 3532 9
1330 1510 1
2101 3375 10
617 1370 6
97 8321 9
4390 4851 4
6977 8788 6
1281 3324 1
3703 4008 1
4342 5871 9
3671 7365 6
646 5507 6
807 7904 1
2660 7711 1
2385 2552 2
1451 4565 2
696 4945 7
683 1167 9
295 4434 8
6586 8051 7
2784 7232 3
3967 4881 6
520 7307 6
1562 7292 9
2073 7183 8
4863 7009 6
1048 7208 4
1987 5577 3
1517 2802 7
4560 5754 3
3153 6004 10
5748 7363 2
2245 2556 9
3543 5889 2
4310 8090 8
1646 3888 2
1699 8277 10
1286 3337 5
3493 8589 6
4832 5832 1
5580 6546 2
4319 8475 3
276 6822 3
1154 5232 9
635 1473 1
8152 8595 2
6455 6471 5
4915 5557 6
780 5845 6
1561 4661 1
627 4773 6
49 8097 6
1110 4028 7
1181 4318 9
1805 3555 2
167 741 2
5657 8918 2
1980 7551 7
6887 7797 9
4294 6827 3
5001 7561 8
5717 7948 3
675 2458 1
817 3452 5
6948 7111 2
76 4128 3
3401 4132 8
772 8910 9
4474 6471 2
544 8035 3
15 1995 5
471 4245 1
4849 8624 1
3766 4016 8
1074 2196 3
1451 2130 8
1676 2565 4
3051 7050 4
771 6586 3
2190 4064 9
1381 5293 6
3403 4665 8
1844 4445 5
872 4112 2
4953 7447 4
2936 7634 3
2171 4518 3
515 2385 2
132 4048 7
2074 8667 10
3431 3622 4
4920 5848 7
3116 6024 5
180 1301 3
3260 6010 1
6752 8207 6
2684 4099 4
1513 7120 8
1381 6048 3
3465 4484 8
1382 1801 7
4024 5484 8
3152 6032 10
6601 8074 2
557 6188 7
6826 6839 6
284 390 4
1820 1857 7
1862 7391 10
1977 3286 1
433 8114 5
812 1838 8
1704 5628 6
3644 5393 4
3038 5286 6
862 1631 6
2153 5767 1
854 5626 10
1363 8539 6
1579 3442 2
1272 5901 1
2744 5646 4
4877 5913 2
1280 2060 9
4196 4265 1
2714 6200 2
2863 7944 5
3214 4538 8
6505 8891 2
2103 3132 5
3470 5458 8
3393 4576 3
2142 5392 8
4873 7808 10
7594 8247 7
3676 8727 10
33 2967 5
2509 4223 9
3512 6988 5
409 3688 10
3367 8521 10
2931 6543 10
7942 8717 3
3201 5538 8
2567 3801 10
2662 7684 6
1188 1926 4
527 5140 5
1590 1686 5
7889 8393 10
5973 7491 10
1018 2255 9
2094 8701 2
375 6094 6
3476 8984 7
710 1606 10
4902 6561 4
6167 7285 10
2938 3190 5
2184 3982 6
4398 6917 4
2793 5365 3
175 2158 2
852 8009 7
969 6640 3
2464 5708 9
4802 4869 3
5406 7312 6
190 6093 2
3252 3888 6
5241 8146 4
742 2707 10
4238 6037 5
669 1873 10
3221 5237 1
363 4887 6
1609 4469 8
7846 8163 4
4253 6085 10
78 8370 7
4167 6475 5
4829 7003 1
3381 3833 3
1425 2861 2
1580 7324 5
7018 7985 8
6017 8456 4
1266 5630 5
38 6265 4
7457 7764 4
1917 7540 6
5046 8628 6
3656 8595 10
323 4498 2
4445 4559 1
4547 5685 6
6962 8351 2
699 5456 7
2402 4031 3
655 3963 2
226 4410 5
696 1156 1
3780 4574 6
4759 8302 1
1005 2136 7
4418 5121 1
1866 6064 8
550 3081 5
1591 2694 8
5925 8222 9
6162 6498 6
3064 7277 5
303 8582 10
2117 3511 5
1855 3282 6
1342 6927 1
4468 6253 4
1492 5397 1
3573 8880 7
3692 4076 6
5873 8638 10
186 6127 2
2562 5137 1
4293 6872 5
341 5495 9
737 7773 1
3599 6007 5
3725 4077 7
2974 5564 6
3265 7341 10
4083 8485 7
1518 5610 1
1430 7196 7
7568 8363 7
20 3770 4
2677 7463 2
444 2994 10
1375 7338 6
635 2798 7
3620 3894 2
1949 7855 9
226 1222 7
4627 4655 8
2916 4742 1
5377 5555 1
1694 6198 8
1329 2262 5
2812 4106 5
2651 6813 8
1721 6868 7
1856 4471 3
1064 1507 3
4327 8439 9
4217 5540 8
1136 4998 8
386 5930 4
2685 3923 10
104 4978 8
2486 6460 3
5137 6716 9
2680 3032 4
989 6083 5
3054 4836 8
5436 6180 8
3339 5547 7
2213 3027 9
5335 5666 2
6053 7402 6
3255 4161 8
4 8804 1
577 1825 9
372 8416 3
6403 8347 2
2374 4562 3
5194 5423 2
3003 8268 10
2292 5641 1
2619 3174 7
1795 5823 7
2952 4928 1
2392 6949 3
4443 5693 6
5286 7722 3
4050 8008 5
701 2113 9
750 8868 10
4732 4989 8
3677 5013 4
6285 8198 4
4423 8307 2
3397 8115 4
1922 2390 2
2797 8989 2
492 3242 7
4715 6415 7
2593 3417 1
1488 6247 6
2011 7434 7
1869 3798 9
815 3607 6
2685 7395 6
255 2416 4
1340 4143 8
2866 4120 9
587 3638 3
1360 3843 1
1172 5750 9
7224 8707 10
6330 6543 10
1486 7206 6
2480 8618 5
3914 6380 2
2355 4498 5
1762 8368 6
1009 7701 9
1202 7339 10
1197 4494 10
329 1431 2
322 401 10
4761 8805 4
874 7879 7
2663 4781 9
419 7678 6
4894 8396 7
1739 2426 4
3320 8256 6
688 2165 2
553 6565 3
2924 8400 3
1249 5368 1
4015 4828 8
2342 5067 3
4386 7278 6
5675 6580 5
3707 6761 8
1485 3882 8
2109 7520 10
399 6009 5
908 1993 3
861 7018 4
5500 8925 8
4301 4358 10
2039 8087 4
1294 7414 3
7513 7756 9
429 5614 9
4466 6633 10
1329 3420 1
1340 7788 6
1508 6411 4
719 1440 6
814 7594 3
807 6585 5
1258 5295 1
1929 7083 4
3391 4230 6
4220 4873 2
1200 4647 9
2043 5571 9
5332 8904 10
1631 2401 2
5347 8279 5
668 4597 7
1018 7719 8
1559 2440 8
6958 7818 9
7767 8455 3
3378 7528 7
1255 6563 3
1608 8977 8
652 3680 10
2162 7682 5
4893 6663 6
1196 3299 5
6254 7848 2
6056 7573 3
6487 7354 9
1845 2765 5
904 7775 8
4341 7018 2
1359 3326 10
3803 3827 2
1807 3540 6
1692 3243 2
6271 7937 6
3194 5063 9
2659 5678 9
3459 7164 8
2929 6871 2
8594 8610 8
4419 8079 7
3809 6034 7
892 4102 9
519 2093 5
4041 6236 10
2354 5089 6
3221 5384 7
466 3161 8
3793 5263 1
1163 6831 6
6589 8893 5
4277 4751 9
1859 5114 7
4999 5434 3
2224 2307 2
2519 6120 4
4364 6510 5
1903 4608 3
5564 7791 3
5159 5586 6
1744 2656 6
1143 3095 7
717 8964 8
504 5799 7
4689 5598 1
1435 8850 5
3409 7825 6
3109 4679 9
5662 5707 1
2252 2782 7
7565 7714 4
1493 5608 7
2905 3906 7
3499 3642 10
1923 8253 5
1518 5366 2
6827 8310 7
1422 2332 3
1456 1843 5
1602 4323 1
4782 6876 2
3819 4694 5
3601 5929 2
7651 8023 10
3256 5096 8
7900 8841 8
3344 7029 4
3648 5685 6
1368 5299 9
616 7916 8
4066 7056 2
2044 4507 5
1505 3319 3
2088 8417 2
1112 6316 6
2251 7358 7
743 7613 4
183 2361 3
1540 4720 4
2056 6890 8
200 5579 5
4747 8561 2
1213 5068 4
1705 3626 4
942 6986 8
2225 6055 2
3908 8560 8
1359 2124 2
2882 5360 2
5153 5460 4
2689 3735 7
2005 3196 1
4456 6637 10
4455 5606 4
4546 6089 2
3598 7661 2
4932 5818 10
1265 8088 7
2181 7382 3
4047 5105 5
164 2148 10
3838 4747 9
3948 5035 5
4282 6561 8
3524 3667 7
2473 2686 5
4528 8240 9
520 6802 5
1463 7841 8
1433 7088 10
1090 7287 10
3681 7489 7
1756 8092 4
1501 3585 10
2391 4231 2
392 4863 3
1824 3386 7
2543 5054 2
1957 3400 8
256 3369 9
5019 6815 5
2887 3260 10
3437 5344 10
3447 8800 4
2955 3381 5
4424 7694 8
4212 8858 8
4743 7344 9
6582 7703 8
1225 5508 2
2137 8738 3
1077 2699 10
5544 7546 6
1230 1988 4
1831 6402 7
2611 7323 6
4161 8883 1
2435 8791 7
4846 7451 7
4519 4807 8
5213 8352 1
5185 6023 8
469 1194 4
5459 5474 6
3536 7767 6
702 7026 6
2339 4467 2
3727 5071 3
6319 7232 4
5104 7043 1
2626 6161 6
532 3489 10
2846 5754 10
3190 7552 10
662 1106 9
2620 7103 10
3902 5070 5
1311 6880 5
1304 7419 5
4326 8473 5
1519 8936 8
5417 6952 4
3603 5317 1
2732 7647 9
1647 2242 4
1105 3123 10
2668 5565 8
1119 3353 6
760 1615 8
1517 7091 7
1571 7808 9
2800 7498 2
2602 7113 1
1363 2418 2
4324 6402 6
648 1092 4
4581 6595 10
386 4391 1
1578 5360 10
1553 2978 4
5252 8813 3
2142 6799 4
256 7744 10
171 2622 3
2867 8969 9
6393 7498 7
2238 6773 6
2648 7450 5
443 5357 7
107 5090 5
2789 4596 9
5968 7399 2
4577 7091 7
1640 2988 8
2454 5002 9
4753 6796 2
756 2216 3
4115 5717 4
1443 2426 6
2892 3317 2
5839 8786 2
2758 4476 9
3517 5152 7
3494 6761 5
701 4701 6
5266 6709 3
2664 8038 1
3039 4998 4
5398 6622 8
959 3076 9
2651 4622 2
1020 7961 9
776 2233 1
2822 7113 7
516 4477 6
5014 5542 8
264 7255 8
2023 6094 4
426 7469 7
4432 5506 7
1435 7721 2
1433 6575 6
1218 2318 2
6373 6968 10
4248 5227 4
31 3408 7
2549 5061 5
1219 2984 6
5379 5903 8
589 3376 5
1802 8221 1
1397 7068 2
3928 6073 6
4059 5157 8
3156 5352 9
2710 6070 6
4985 5504 1
2825 4744 1
3966 4986 5
3088 3913 9
345 3042 3
3285 6128 5
2622 8583 4
7712 7907 1
2514 5425 9
7682 8361 5
1258 1806 5
1793 4772 9
5150 7082 6
2062 3062 6
3212 7349 4
282 5096 10
928 2433 9
4044 5710 7
3954 6998 5
2355 3009 9
158 1414 6
507 3801 10
4947 8254 10
4075 5915 5
3580 8561 3
3194 7091 4
955 3379 5
4785 5111 1
6963 6964 3
4586 7496 8
239 6909 2
1785 5779 4
1980 6931 10
3541 6122 2
2462 2669 6
2763 4685 6
7779 7800 8
4490 7892 9
700 2878 7
2936 3014 8
2209 8194 7
464 1898 10
2976 8452 4
3224 5652 5
4029 6139 2
6423 8143 8
469 2981 10
5468 7887 10
2830 6976 4
679 1530 8
7501 7670 4
2899 6451 7
1357 2675 9
3609 7918 10
2380 5727 10
7594 7675 9
2691 4554 10
3771 8091 2
93 2342 5
1274 1683 10
5008 7964 7
8523 8556 7
3990 5461 8
243 4384 7
2503 8087 7
930 1617 9
4720 7704 9
5926 6068 5
3121 8084 3
499 3260 6
4167 5604 2
1294 7985 6
1414 8905 2
6161 7081 10
181 488 5
801 7315 10
173 2329 7
1193 6858 1
1094 6669 6
1335 3342 8
2847 4948 3
6537 7798 9
85 3633 9
1639 5749 4
4327 7743 1
6265 6313 6
5447 5521 5
7611 8752 8
3445 4220 4
1499 8759 2
1020 1537 5
1722 4255 7
2506 7038 5
5188 8525 2
36 2846 10
1558 8933 6
5410 6340 4
2950 5439 10
1253 2986 7
1605 3217 9
1173 2150 7
2552 7600 2
522 2631 2
2367 3181 7
214 5232 9
3438 7247 6
2298 4067 2
2500 3509 2
942 6005 7
4223 4918 3
933 7222 7
276 3444 8
4021 8292 1
3129 6217 4
6112 6843 2
4815 7244 7
2941 6105 3
3073 5284 9
4113 8767 10
2257 8739 8
1230 7459 10
258 2189 1
3735 5118 9
2131 5186 9
3549 4716 7
3083 8284 8
4442 5222 10
3383 3469 5
3437 4857 10
5760 7390 10
3211 8603 8
1013 7209 10
5174 5956 6
3650 4936 4
1619 1765 9
3034 7932 5
1849 6842 2
6606 7803 1
4696 4848 3
955 8667 2
6502 6695 7
4550 7797 5
4468 5951 7
7570 8858 2
5232 7183 9
162 2249 10
2477 7451 4
1115 4172 10
162 2303 2
2745 3271 1
864 1444 3
3195 5503 2
795 3347 3
1024 5405 3
3668 4406 1
3319 6352 8
3950 5114 6
575 4569 5
6228 8553 2
4575 7096 4
6839 7663 5
3245 3959 10
3851 5459 4
192 2088 6
5662 6774 1
1215 3051 1
746 1146 1
3542 6839 3
645 4295 6
1465 4622 2
3532 6310 6
4073 4209 4
3185 8837 9
7511 8389 2
593 8368 5
4081 4999 8
3071 5302 10
4901 4981 3
954 7030 2
3135 6493 9
2579 6628 7
3721 4402 9
7070 8333 10
209 3589 10
2766 5297 5
2825 3958 9
6056 8068 6
197 5411 4
2401 8454 7
2525 2881 4
2934 5507 3
846 4932 3
6666 8133 5
3709 5403 1
115 7374 6
5817 8373 4
3894 8531 1
3968 4691 3
756 6104 1
7588 8316 9
3611 6774 1
1142 8504 4
2789 3556 8
557 6935 10
92 2777 1
6418 7031 5
8026 8070 5
2794 5196 10
5122 8642 6
5343 7952 4
254 6739 10
3915 7994 10
4700 5130 6
2163 6570 6
6585 7797 8
1621 8409 3
1900 5969 4
546 7863 5
3389 7191 3
1851 6645 9
2973 4878 4
1630 4761 3
1261 1424 7
4534 6808 2
5564 8956 8
4182 6739 6
1714 2618 2
3804 3905 9
3082 3878 5
2118 2758 9
263 6966 7
1438 6851 7
3982 7381 10
5719 6641 5
5953 8252 10
7575 8678 2
235 4024 1
5139 8759 3
2378 2676 9
579 1761 4
6081 8066 1
468 669 5
5226 6129 8
4893 8396 5
4217 5519 1
1669 4650 1
418 2266 9
4909 6950 1
1300 4819 6
4561 7069 5
3882 7519 6
4047 6688 7
3491 8460 6
77 2751 10
913 4864 2
3509 5517 9
4790 5587 7
5991 8873 6
56 8065 2
1414 4523 8
2980 4069 1
71 213 7
453 8254 7
4858 5460 2
3037 3084 8
3689 6603 5
7600 7663 4
1270 2632 8
6179 8821 2
4126 5904 2
5020 5110 6
5198 7757 8
3116 5271 7
1250 5440 5
3994 6165 2
6109 7690 6
4844 6624 2
3855 8219 3
1370 4907 10
1165 2992 3
5630 6582 3
3421 5528 8
4234 6377 7
4292 7608 6
5226 5734 7
234 1930 8
368 3140 9
3178 7958 10
3320 8371 9
4732 7394 2
2370 2990 5
1723 2811 6
6169 8907 3
1037 8864 8
6911 8149 4
6354 7759 8
1018 1265 5
1231 2690 5
1937 4789 10
5135 8046 9
3410 5952 10
1368 2056 9
5062 5320 4
1161 6459 8
243 552 8
1200 1608 1
5420 8208 9
1068 3668 5
3663 7820 5
8185 8956 3
4177 6481 7
1075 7985 7
3964 4268 7
340 2713 5
3100 6895 8
2235 3830 4
667 4629 6
2372 4894 2
2530 8131 4
4212 6635 4
1788 7673 1
1037 8804 8
3524 7322 9
160 1807 5
1057 5745 8
1190 6270 2
1608 4137 10
1357 3539 9
614 6541 10
3549 8668 7
2539 7184 1
5924 6639 2
2488 5651 3
5723 6577 8
35 2287 9
7593 8396 3
5038 5790 10
552 821 6
469 7901 3
7042 7763 3
682 5234 6
484 4362 2
1526 1789 8
1300 7043 1
3443 5259 10
3210 8677 6
579 3053 5
2005 5400 6
3750 6768 6
2847 3867 1
300 555 9
3963 4099 3
4219 5613 7
5337 7066 3
911 1233 8
1326 5781 7
2687 3212 9
4476 4481 2
1125 4692 6
3345 5884 3
2887 4991 4
1017 6777 4
2297 7683 7
5112 6048 7
5819 6143 10
3641 7428 2
5807 6790 5
2184 4639 7
2860 7920 5
561 8422 9
2952 4946 6
6206 6998 10
6005 7203 4
476 6069 7
2785 3013 2
94 7723 9
3582 8340 10
3626 5954 2
1541 7286 3
5503 8696 4
1626 7473 9
1311 6272 10
5152 8240 1
7984 8342 6
7991 8100 7
1030 7748 7
3730 5840 5
301 5020 7
3897 5516 5
2551 5942 5
2824 4196 2
3864 5069 3
982 8295 1
2588 2938 5
2319 5829 4
546 5570 7
3985 5623 6
3568 3825 1
5222 5554 1
1281 6936 2
2638 5991 7
6149 6738 7
2706 8401 3
2101 7673 4
6682 8099 10
846 7085 10
5843 6274 9
4766 4856 8
759 2179 5
8056 8385 9
846 4797 1
7142 8850 5
5454 8663 10
3915 5908 1
2288 5584 6
4898 7854 4
5361 6005 6
1411 3620 4
793 4181 2
2315 5536 1
4769 6769 8
3849 8348 6
2805 8589 8
4537 7170 7
2051 8734 7
1957 4741 5
5203 6037 7
2578 5637 10
3872 7588 7
2520 7602 2
156 1030 6
1906 4859 2
84 3643 2
4389 5432 3
5736 5990 5
266 5352 8
4177 4420 5
5598 6895 10
5365 5745 8
2490 3286 10
6044 6826 3
390 2115 3
1096 7112 3
3289 3679 10
2120 3447 8
2976 7668 10
2309 5883 3
2328 4457 7
1764 6934 3
4103 5003 3
1716 5479 5
17 7486 3
893 2716 1
3823 5558 10
3467 4041 3
1787 1795 3
6884 7861 10
2091 8462 3
1524 6207 2
4528 5976 8
5589 6530 4
8245 8809 4
2794 3962 6
5037 5965 1
1331 6006 7
2400 4305 5
3821 6725 6
1578 1672 8
946 2887 1
1400 5503 3
1621 1687 9
2354 4205 10
3204 6314 8
448 4075 7
6111 8531 5
2966 4913 9
1575 7239 7
2721 5714 6
1878 8824 8
166 7279 3
2967 5607 6
129 6234 5
1193 2409 3
2982 5904 9
786 2857 3
5612 8696 1
2130 4327 5
4207 5183 4
7190 7688 8
5149 8437 3
5360 6490 4
3221 4915 7
1396 5860 6
5995 6411 2
2294 5806 9
2566 6625 7
220 3880 5
2341 2838 10
88 8423 10
2204 3241 4
1330 8707 1
5953 6527 3
1442 3860 2
3195 8928 1
753 2770 4
2511 4616 3
952 6107 10
3654 8391 4
4826 4851 2
2086 8993 9
2745 3844 5
344 8201 9
191 3363 2
1119 1370 2
4082 5776 5
2225 6792 9
4 4419 10
2006 7654 6
2907 3656 5
2581 5254 10
7892 8923 4
5979 8193 10
1070 2056 9
7984 8383 7
1024 2735 9
4767 5651 7
2243 2889 5
2086 4382 4
641 8621 3
4238 6364 1
2913 7484 5
6133 7718 2
694 6214 5
3016 5554 7
2454 2988 6
3139 4281 1
925 6816 4
3082 6426 3
1522 6574 4
7140 8446 6
6366 7371 6
1279 3289 10
1469 6254 3
2271 6270 4
2544 4568 10
6555 8195 4
3186 5129 1
2695 8942 7
1055 1735 2
540 7599 9
2274 5164 9
748 904 1
1197 1600 1
1864 2849 5
2215 5866 3
372 7882 4
2618 7667 1
3157 6053 3
6763 7760 3
118 6725 1
1650 5871 7
1747 4005 3
5429 7848 10
1305 2074 5
4918 5600 9
3320 8379 4
3602 5239 9
1142 5364 4
1033 2297 1
572 3168 5
1205 4485 9
6622 6871 8
793 6075 1
2779 7208 8
4196 7612 2
5415 6508 10
3504 5125 10
3933 8731 2
969 4724 3
998 2903 1
2757 3594 2
3462 8636 5
1399 6062 1
900 3782 1
717 4794 4
459 6028 7
4627 4901 3
1945 8473 4
3697 6312 5
1296 8629 1
6709 8997 4
622 5662 4
353 4827 1
944 6411 7
3129 4781 10
1667 8451 9
4978 5337 3
7872 7940 4
414 3494 1
3427 8042 8
878 8790 9
4189 8424 4
126 4413 8
612 8715 6
2314 7163 5
1493 7742 10
3582 5959 9
3270 7243 2
234 7328 7
2665 2808 4
5016 6386 5
2903 3088 8
6286 7108 5
1556 4821 8
3215 7018 4
2791 3774 4
4987 8729 2
3697 4103 4
4924 8585 9
2343 4247 2
6949 7230 8
4047 5078 3
2725 7915 10
6439 7262 10
448 5240 6
268 2824 10
3345 3544 2
2888 4532 2
2512 7680 4
6648 8693 4
2055 6684 5
2671 5134 1
6782 6956 5
4563 7309 6
4056 4737 6
184 265 1
6226 8427 1
3098 7901 1
507 7869 10
4580 5893 10
1000 7120 8
6875 8955 5
1649 1726 6
3205 4224 8
2098 5022 4
598 3402 5
1470 3712 10
5250 8563 2
3207 3648 3
5648 7953 8
629 5498 1
1005 6060 10
4168 5788 1
402 1614 10
1605 1673 7
1084 1186 9
2121 4283 7
7877 8558 5
1842 2419 5
2514 4923 1
6227 8894 2
2966 8703 2
1256 4773 8
352 2153 2
4263 4406 10
988 6993 6
3480 8187 3
2775 7314 3
1654 5205 4
1563 5587 7
4689 6611 5
65 2695 6
3055 6759 3
3283 3831 1
3155 5922 4
361 2709 7
2041 2527 1
3236 6939 5
3084 4420 5
727 8010 9
6106 6868 1
2384 8949 7
2230 6713 6
2159 7316 2
6912 8195 5
407 497 8
4699 5703 7
1891 1918 4
765 1763 3
422 4241 5
1121 5785 1
4192 4769 8
3033 8716 3
3032 6871 1
4074 6625 3
1027 2943 6
730 2002 2
1075 7513 2
4588 6320 10
5123 8389 2
3046 6424 1
4202 4543 7
2984 8070 7
363 6382 10
631 5439 1
3424 5997 4
3790 5248 7
546 1559 7
1800 5194 4
4303 5063 10
2354 2491 6
1286 4701 6
4718 6851 6
4124 6727 9
3980 4832 10
3056 5428 2
4235 6845 8
246 8885 7
3638 6081 7
857 5236 1
3846 5632 6
3070 5317 3
267 8663 6
5058 8526 1
3267 7600 2
3265 7294 7
50 3609 7
1197 8132 9
5264 8311 4
3904 6389 7
6374 8876 10
986 1868 8
2164 2310 3
1623 1937 1
388 4524 10
5946 6577 2
4558 6662 7
1386 1874 6
3996 6939 6
2244 5283 8
2495 2696 3
5005 6679 9
4018 5899 7
3455 7324 1
4567 8178 5
246 6789 1
4128 7758 7
1535 7628 8
2032 4668 10
5487 5651 7
613 6614 5
3162 5982 5
65 5138 2
3819 6504 5
5095 7098 4
552 6449 10
776 4866 10
683 5661 7
3905 7518 9
61 4822 8
5582 8641 2
3605 4043 6
6621 7567 2
2410 6641 9
1300 4998 2
4041 6050 2
3044 4557 4
200 5631 8
3477 3735 5
6921 7713 1
5235 5583 6
1277 1923 10
1646 2056 4
27 3936 6
483 6710 8
149 745 6
2367 6614 7
3074 5803 6
3505 4805 6
348 4268 2
2413 5521 6
3 2938 1
1722 4572 7
3 8876 6
2447 5962 5
2160 3058 8
5428 5431 7
972 6970 1
1856 2532 7
3244 7740 10
4168 5022 6
134 838 5
1751 5165 3
364 4328 8
295 1454 4
6091 8283 9
6165 6285 8
1072 5179 4
856 6594 2
2385 5585 10
3656 5476 1
1081 6645 4
180 4010 1
2503 3517 5
168 7976 3
4155 5366 8
7595 8309 10
7874 8116 9
660 4009 1
4549 5843 2
156 2295 7
8766 8984 2
3575 5320 7
4255 5629 3
781 4588 4
664 3788 7
3153 8717 3
4841 8621 3
5218 8092 2
203 1034 3
789 2772 4
1014 8843 7
7825 8096 9
2861 7867 2
65 7131 2
2251 7632 4
4099 5151 9
1575 4858 8
2367 8745 4
4580 8321 8
1841 1937 4
4719 5560 1
5330 5881 4
2057 5614 4
932 7456 3
2674 8545 1
767 2509 8
3217 7879 1
3312 8963 1
1242 1513 6
5336 8242 3
5576 7670 2
2570 8939 7
4435 8671 9
163 1371 1
1018 4869 7
4075 4494 5
2063 2925 8
2696 5349 8
3151 5250 7
6705 7057 10
1223 6065 5
4301 7924 10
2825 3999 1
700 8707 1
7356 8574 3
972 5550 7
4823 6804 9
1811 5891 5
3797 4606 10
1209 1866 3
5333 6830 3
2828 4766 10
732 4768 7
3257 4108 7
1138 6188 9
1078 3821 6
1664 8004 3
5660 7109 9
1094 3048 10
6636 8957 4
422 5328 3
5107 5512 5
5745 7380 8
4618 8291 10
3195 8834 7
183 372 3
1904 4525 2
4884 5591 2
1448 1563 4
3419 7576 8
691 7477 5
4525 4595 2
1382 7982 1
7104 7554 9
1081 2624 4
4331 7566 10
4255 5898 8
4487 8844 3
3981 7072 4
991 6951 8
3133 7126 2
1031 5087 1
5847 5959 6
1177 4863 7
3549 6862 9
326 3783 9
6980 8519 10
4542 6574 4
1911 6057 9
3847 8596 6
7290 8241 8
225 5145 3
2400 6932 8
4269 8580 6
2272 8557 2
4369 8001 8
6933 7962 3
2955 7244 4
3593 4047 8
3364 4287 9
3476 5840 7
1195 6968 9
1721 7294 9
4904 7447 10
5467 6770 8
1591 6854 6
5011 8182 5
604 1329 2
951 3589 7
3060 8469 1
1981 5261 5
2127 8445 9
7121 8497 2
7478 8537 9
2575 8509 8
1770 1949 9
2293 5597 10
981 4129 8
5479 7167 7
5670 8680 1
6619 7510 6
609 4876 4
840 2321 4
1495 5919 8
3646 6018 5
1750 2485 5
6114 6607 6
4365 7473 2
471 1784 5
2711 4674 8
6035 6563 2
4359 5141 10
1695 4871 9
99 1336 5
2978 7929 6
2775 5409 10
3548 6299 2
4138 7250 9
3485 5060 7
838 6752 3
3240 6564 1
7381 8693 3
1915 7540 5
5748 6668 4
311 3585 8
4006 5520 4
3130 4773 1
4741 8247 1
2401 8912 2
2235 6405 8
6746 8269 6
2709 3732 5
1015 5172 9
5751 7716 10
419 1620 3
1902 2624 8
1990 5556 7
3869 7716 3
821 5681 3
1933 3616 10
3732 5195 6
5496 5681 8
4240 8400 9
2301 7806 7
911 6313 6
145 5161 5
5846 5919 10
7453 8653 5
5197 6672 9
4557 7568 7
5057 8071 1
1729 3200 4
2625 2672 4
481 3984 9
1974 7473 5
2388 5972 7
927 7150 8
932 2088 2
949 4776 4
949 2252 3
3840 7163 5
1714 7705 3
1927 5343 10
3114 4411 5
2795 6493 8
1836 5031 1
2611 5122 7
2499 8534 9
2541 4034 6
4635 8521 10
1683 4985 7
4612 5663 5
37 489 6
2360 5889 5
4368 5615 1
919 6474 6
7915 8944 6
356 4063 2
4912 5085 4
1764 1833 8
1732 3881 9
4921 6286 1
5591 8513 4
1630 3842 7
4564 5304 7
5006 8638 8
3022 6130 6
4168 6582 9
2649 4064 4
355 8957 4
1661 5698 4
2254 8288 1
2122 7651 4
2607 6398 4
1308 7415 6
2346 4617 8
3623 8521 9
360 6949 5
2822 3332 3
2655 7137 7
1833 8089 5
4293 4518 6
7260 7569 5
6655 8582 5
2830 4245 5
2144 3342 5
3624 6937 2
654 7081 1
2235 2373 4
4194 6593 3
3190 5236 2
4907 6526 4
7727 8770 4
1687 7878 5
3659 5852 3
4058 7585 8
2820 8182 7
766 2397 9
7370 7554 9
1161 4369 4
517 3711 4
888 8635 7
193 3676 4
5463 7955 6
1638 7673 4
1540 3868 5
1755 6490 4
2286 4660 7
1899 6903 5
3221 3340 8
4957 5051 7
3632 6482 9
1016 1305 5
5767 7791 5
3574 4345 1
976 3518 6
2731 7899 8
2192 2889 3
8610 8956 1
4250 8091 2
935 4470 3
6733 8840 2
620 746 1
4843 4844 5
5208 5223 1
4933 6103 4
3301 6810 5
224 7793 6
4934 6288 6
5929 7326 9
2252 3653 5
645 7685 6
1171 4138 8
214 2237 1
8737 8998 5
2354 4642 6
451 4655 7
4209 8266 2
4357 7697 1
4392 4731 8
2352 8528 3
1064 4704 9
1517 2128 2
3325 6354 10
7051 8563 6
2710 7304 5
4973 5479 8
6838 8021 1
1912 8906 1
345 5330 10
791 1817 4
790 3084 5
84 4743 7
4739 4875 7
4266 4509 8
2145 8205 9
4602 7366 6
1515 3556 5
4047 5103 9
2692 7310 10
390 2530 10
1446 2777 9
495 1857 7
222 5627 2
1964 5089 5
846 1196 4
3160 8300 4
5477 6033 8
3977 8774 10
4137 4294 5
3616 4539 9
3150 7518 2
3180 5150 7
4622 7595 7
2319 5587 4
6871 8450 4
2064 3910 6
4488 5522 8
5991 7971 1
517 1089 8
888 2707 7
1686 4597 10
4790 8919 4
4216 7077 8
6871 8842 9
533 4827 3
967 1903 4
1798 8753 2
1020 8209 10
1847 5948 8
6137 7156 2
6448 8014 4
5842 8210 4
6277 7542 5
5233 7544 1
1282 3490 4
1254 5567 1
1640 5512 7
2925 6273 2
5045 8835 8
458 1947 3
1378 5104 3
2097 2343 4
1423 6097 3
1371 4762 4
199 6373 9
3923 4892 6
6021 7215 9
234 915 4
5366 5621 9
1517 6421 3
1002 3836 7
540 1256 5
2018 7512 1
48 8639 6
174 8147 2
1823 6186 9
4167 5698 1
2082 8969 10
4449 6352 6
5884 8480 8
1631 3850 1
3040 6115 8
775 6551 8
1914 4701 9
436 4504 1
2009 5636 4
2411 8138 5
853 6454 10
5619 8857 1
1580 4471 10
589 1732 6
1012 5782 6
4191 5184 6
3904 7914 5
244 2433 3
609 3610 2
1384 3795 3
6842 7970 5
4702 5614 7
4081 6366 7
3723 4501 7
2698 7354 1
2664 4220 5
2944 6572 1
2365 3123 8
1458 6242 8
4038 5167 2
8283 8478 9
1496 3908 4
1704 2966 8
6676 8073 7
1507 3427 2
3069 3638 4
6685 7390 10
4187 5094 7
5053 5185 7
2404 4685 4
2048 2250 2
5775 6148 3
3269 3579 10
1294 4328 5
435 3641 3
850 4033 7
1627 2591 9
1307 5992 4
1540 2309 5
1149 6446 5
1997 7943 1
2881 4570 9
1227 5901 3
3781 7730 10
4414 5569 1
2203 6014 7
130 3030 6
819 8548 10
2698 3256 3
2066 7001 6
2447 3790 4
1754 4660 2
4350 6701 9
1310 6777 2
2988 4043 3
2403 5095 5
802 2960 1
753 2814 4
5256 7849 7
1708 2764 9
384 2971 9
1036 4110 5
1686 8490 7
552 8079 6
1813 6159 3
2478 4401 10
3693 7892 5
5979 7088 3
3970 7103 4
3616 5209 9
3208 8607 3
4836 8958 5
4262 5867 5
2643 5915 9
1544 3333 7
2582 6415 3
7913 8594 1
6456 8847 9
3777 5365 1
1795 5108 2
3865 7782 9
991 6869 10
156 2207 8
3966 4522 4
1036 6026 9
240 3930 3
851 2538 9
1428 1716 4
3558 5220 4
1485 6439 3
605 7347 2
3450 6959 4
1990 3742 3
1098 8878 2
2630 8900 8
1587 6581 5
2443 5012 3
6894 8480 6
990 1781 5
6506 8096 4
7872 8458 7
4882 5780 8
211 4272 6
1935 4549 5
4884 5691 8
2356 8847 2
216 441 7
2792 8223 7
2056 2517 1
329 3632 10
2931 7059 4
291 1577 4
4961 5739 9
2623 5214 4
2052 6648 8
826 3895 7
3767 4546 3
4071 8983 7
4153 5570 8
1825 8790 8
2685 5791 8
4145 5252 9
5237 7105 8
5386 5910 2
1335 2603 1
383 6827 2
940 8224 8
681 3878 8
1558 7242 2
68 7311 5
3851 4997 8
1455 8593 1
2573 8487 6
3124 6775 6
1661 8071 8
1998 2239 3
940 8542 6
692 2310 3
4216 7806 2
1355 8441 4
1618 6450 5
495 4392 10
2227 6492 6
1964 4971 3
2677 4642 5
142 429 9
4771 7981 5
3559 7307 1
1453 7440 2
2216 4066 6
2986 7434 3
1825 3007 8
3312 4914 10
1998 8905 4
2144 3741 4
4366 6258 4
4701 8943 9
367 2330 2
2548 6452 5
24 2099 9
3179 8670 2
7754 8325 10
3526 5386 5
3367 4360 10
1315 3283 8
891 5647 2
863 6141 5
436 885 4
5323 8987 5
4248 5540 9
1839 5100 2
94 8471 6
4416 5263 7
2524 3022 8
504 3258 7
587 3413 7
897 1848 1
1334 5523 8
2760 8753 7
2428 4846 2
2677 3013 8
2386 6692 8
1809 6556 9
1774 6629 1
3170 4719 6
4166 7647 7
3288 7154 5
3763 6889 5
2619 5009 3
4456 7204 4
2398 5352 9
96 7772 1
2930 4079 1
1411 1623 10
1279 8270 7
1513 1667 3
773 3685 7
4727 5226 8
86 4531 2
1075 3756 9
859 6771 4
3925 4468 7
1043 3587 2
3477 5132 7
1191 5239 5
1568 3049 1
2361 7143 5
2499 3291 10
715 2839 10
4541 5479 1
640 2518 7
3088 3433 10
1434 7798 10
3837 5366 5
2766 7389 4
266 7572 4
782 5423 9
115 217 2
5531 7533 8
3022 3606 7
106 7054 3
2328 8139 9
1672 2335 3
33 5601 7
5219 5340 2
2373 8109 9
1167 4430 9
167 7850 5
907 3435 8
658 2238 6
4514 6867 1
1049 2964 4
990 5891 7
4140 5795 9
6340 7631 7
354 3854 8
5001 7219 3
307 6618 1
681 901 3
2339 4150 8
1111 1851 2
493 881 5
426 3925 9
1310 6401 6
5512 6798 9
1601 3335 1
141 362 6
5997 7574 1
5840 7170 3
634 8715 5
2184 5567 8
1190 8673 4
1865 8593 9
6415 8680 2
6480 8369 1
6698 7324 4
1552 4028 9
5900 7068 10
4471 4771 4
666 8171 6
68 7599 8
1677 4658 9
3460 3594 1
4934 6854 5
2379 3619 1
5318 6522 7
1232 3855 2
4177 5457 10
4690 6284 10
2881 3252 7
409 5342 2
3646 4396 3
932 5749 7
2019 6586 4
4437 7965 1
764 5409 1
3212 6610 9
713 7149 4
2647 8802 6
2118 5676 4
318 4630 2
2691 6439 2
2802 4187 3
1298 8595 6
1750 5947 10
4423 6544 3
7164 8913 8
4279 7576 8
3247 4241 4
61 5193 6
942 1980 10
4384 4617 1
4553 4561 3
5248 7527 6
130 8450 1
3858 4603 8
2706 6620 1
632 4811 1
1579 1711 6
6327 7129 7
5261 7928 2
2605 4516 5
3911 7644 6
3924 6532 9
2441 7853 7
2999 3477 10
1936 1947 4
760 3538 3
841 3694 4
3677 5031 5
3196 4949 3
2804 6493 6
256 2968 6
5726 6355 2
4188 6190 8
740 5810 8
1840 3388 4
1255 7092 7
447 5459 4
3749 8272 3
3835 6200 7
5152 6857 7
4894 6440 2
2364 5032 10
3287 8641 1
4484 6683 5
252 374 8
2926 8010 10
1437 2037 9
2667 3558 5
3075 5003 5
66 6167 5
806 2962 8
336 3274 4
1426 3221 9
1503 5228 2
1756 3966 8
619 7342 8
1908 2867 1
809 5662 2
927 5017 4
7612 8270 3
1084 3379 7
2473 4322 9
1152 2998 9
1232 2753 10
2089 2991 10
1777 3115 7
1808 2092 8
2035 3610 5
2597 4909 5
3924 4942 5
1834 2171 2
2052 3623 10
125 3698 8
3220 7450 1
2403 4293 1
2373 3234 7
5174 8862 7
3360 5212 2
1569 2582 1
4862 7180 10
3643 6791 4
4258 5100 8
469 875 7
535 1392 7
2525 3256 2
7024 8604 3
5785 8900 10
144 8268 2
570 4980 2
1327 8043 5
1423 2300 9
5521 5648 3
2567 6428 7
3981 6848 3
2935 3904 5
2599 3710 7
5785 7116 2
757 814 7
6349 8620 1
1948 4766 1
6026 8273 1
495 2604 8
3498 8324 7
4986 5994 6
3474 4673 4
4232 4535 9
988 5653 10
1081 5951 5
3345 8035 10
1055 8971 10
376 7569 8
361 5299 9
2279 6710 3
4774 6832 1
1454 3968 3
3174 7442 10
4954 7028 9
2781 3653 3
3237 7003 7
1230 2327 4
2082 8016 5
743 8392 8
2864 5478 8
7455 8505 9
1381 2439 2
1719 2683 9
71 3437 10
4912 6442 3
2924 8911 5
183 5448 6
3072 5115 3
1240 6244 7
782 8577 4
806 1245 5
2822 8351 2
2890 3297 3
1659 5199 9
4457 7864 2
119 4595 2
4434 8696 3
38 3909 2
492 4220 2
1570 7594 9
7044 8181 2
2267 3133 7
8188 8237 10
1095 1745 2
930 4900 10
4935 5434 3
541 7120 3
4678 7866 7
1273 3693 8
1988 2806 7
3278 8219 3
935 8370 9
3773 8322 9
831 2300 7
1494 8849 10
4154 8785 7
4396 6710 6
290 606 7
817 1429 4
2609 6104 6
7411 8382 10
7059 8417 9
3214 3272 8
5237 8686 4
2605 2635 9
2978 5179 6
3492 5301 5
3294 4215 10
3279 5308 6
270 1401 7
3157 4651 8
4188 5111 8
391 2633 9
1616 7355 10
1586 7831 5
4234 5309 4
1380 4485 4
798 7143 5
3078 3577 9
4914 6879 3
349 7375 3
126 4072 10
2590 4294 1
1717 2273 2
3478 8545 2
3454 5226 5
1106 1603 2
2778 5708 6
3511 6646 5
1039 1173 1
3944 8105 7
6718 8255 6
215 2949 3
1664 6732 9
28 8996 3
5164 6501 7
3190 3805 7
2357 6840 3
2517 5660 6
104 3080 4
2399 7445 7
3226 5287 6
485 8300 8
2878 7222 8
3493 5997 8
2087 3639 1
4232 6010 9
4177 4795 9
91 8764 10
1178 5241 8
2246 2734 4
2402 3645 1
52 8637 8
1856 4197 3
1606 6639 10
4570 5306 2
3603 3732 1
2293 4502 6
8567 8750 5
765 837 10
494 3283 7
656 1049 7
984 1983 2
4706 4788 3
6874 7312 2
4568 4781 3
3522 7661 10
1925 1936 1
1961 2956 4
6763 7317 6
2930 5454 5
1647 4821 10
3191 7456 2
725 5820 7
2492 8848 9
937 2255 3
502 8696 4
3880 5297 9
4824 8736 7
2066 5138 4
209 2712 1
2447 5564 5
1367 1601 4
1986 3187 2
3238 3694 2
284 8309 1
990 4376 10
3530 5176 3
5197 6034 7
1155 2977 2
2463 7816 1
7429 8117 8
406 2675 4
5244 8930 2
2395 8757 6
600 771 10
3270 8864 10
1802 3645 7
619 1784 6
6069 7243 10
5111 5735 1
6348 8819 2
2300 8163 5
7471 8723 2
3272 3682 4
7827 8340 1
3109 8355 10
668 3564 9
193 7139 3
5788 7696 4
4616 4937 9
4919 4971 3
1899 8126 10
1391 6413 5
2472 5537 9
421 5949 1
13 5816 9
1874 6126 5
3807 4910 8
136 5426 5
1444 1684 2
1938 4057 6
4146 4319 4
1690 5219 2
3003 3623 3
311 596 2
5264 5789 3
203 4138 7
4901 6521 6
5168 8661 2
221 2736 10
4164 7454 6
3478 5822 2
1496 8435 5
2393 3523 10
2236 7987 4
1907 5425 2
1743 4612 9
7601 8541 3
840 5674 10
3717 7576 5
3508 7250 5
1811 2658 7
3207 6806 3
3620 3880 1
3075 6605 5
4465 4487 4
5782 6391 7
4531 5746 5
962 3913 4
2566 3735 4
2705 4226 6
2459 6055 2
4247 5625 10
3885 4089 1
6664 8722 6
3206 4376 5
1269 3411 4
582 2295 9
1174 4926 6
2012 3597 9
3552 4955 9
923 4649 8
2262 6221 3
5503 6674 2
1480 3154 2
3527 8483 10
60 7002 10
30 2698 8
1485 1624 1
3878 6006 10
4 3595 2
1735 4049 1
3681 4688 6
2949 4992 10
4314 4811 6
2691 8906 6
1218 3412 7
1818 5657 9
1006 2449 9
717 8223 5
13 293 3
2540 2873 10
537 1723 1
676 1111 1
3018 4953 3
1115 1848 5
5107 6367 10
4004 4489 6
5182 5198 7
2461 3667 9
2520 4768 1
1528 8337 1
2448 2611 9
1916 2356 8
4513 8665 7
5073 8675 6
7242 8483 9
3189 5578 6
7824 8654 4
313 1451 10
1366 7782 4
2778 5955 10
264 8887 1
3941 4017 10
817 5050 6
817 1687 2
223 2354 1
769 2168 8
1404 3265 6
946 4466 6
4339 7781 7
275 4653 8
316 5249 7
3409 5466 1
2686 3488 4
3291 7738 7
7048 7171 10
1704 5186 8
2969 7270 10
830 4983 3
1878 4042 2
2684 4314 9
1719 7090 6
4329 7709 4
6317 8857 9
3048 3562 6
3034 4511 2
2061 5905 6
3451 4081 2
1086 3421 10
6247 8095 5
3356 4316 5
4288 6785 2
719 6232 1
4332 7606 10
6276 8530 2
4302 8687 9
4537 7382 7
710 1884 2
2954 7104 2
3061 8401 10
712 7019 5
7400 7544 10
232 802 8
6020 8391 8
860 3341 6
4675 7654 1
820 1572 10
4470 5795 10
3385 6210 6
6238 7838 3
2959 8185 9
5751 7413 2
1979 8302 7
8323 8580 3
163 3420 8
1266 2225 3
3677 3684 4
2799 2960 4
1604 3019 3
3241 7165 5
3028 3283 2
1421 4210 5
2860 3201 8
748 993 10
1410 7688 5
6889 8870 1
3763 7005 2
1695 2961 2
2685 2716 3
3167 5569 10
1266 3373 5
5625 6073 3
1548 8306 7
3346 8693 5
326 7263 6
2384 4638 5
4064 8206 5
7828 8657 7
6409 7297 10
4249 5620 4
4944 8109 8
328 5933 3
3038 3192 2
4193 5967 9
134 5320 4
3563 6814 2
2873 2995 7
3163 6509 8
578 7787 3
2761 3338 2
2482 4939 5
2021 2399 6
615 4634 9
417 937 2
4725 7725 6
5167 8558 2
1105 1924 9
5422 8866 5
2883 4778 2
78 6964 4
3219 3547 9
3394 8433 7
4096 8641 4
3773 8170 8
43 5229 1
211 3570 8
1301 5599 3
6690 8834 7
89 2562 2
184 5481 10
875 7074 5
3945 7174 5
4052 4948 6
3107 3222 2
3486 5703 7
3901 8239 10
1831 7768 6
1738 4406 3
5017 8621 1
651 8381 6
19 1205 2
247 6863 2
4203 6544 3
1503 2792 8
1021 7439 7
4442 6947 6
3714 5557 5
1120 5132 5
1085 1974 3
8083 8144 7
4865 7043 5
716 7559 10
3971 8315 6
7766 8565 8
2035 4748 1
2875 4147 2
2575 8816 9
6874 8847 6
6981 8141 3
2544 4455 5
75 131 3
1606 2697 6
3082 5159 7
2283 3396 10
3069 6791 2
6113 8576 2
2732 8788 1
3233 4591 10
2015 4469 6
7020 7201 6
2232 4316 5
3382 4221 4
2931 3596 7
255 8489 2
613 3673 4
8407 8527 6
4811 6186 5
5168 7249 5
6973 8360 6
2112 3154 8
6867 8928 2
2065 3321 9
6074 8771 10
1932 5433 9
3614 6916 6
910 1602 7
515 4069 8
5780 8395 9
3179 7040 5
272 7869 1
1513 4806 9
1647 7134 8
159 7171 8
1338 2291 3
1221 1552 3
914 4627 5
941 3948 7
1522 2792 9
1884 8280 2
4757 6127 10
7 1700 10
3119 5767 10
993 2870 10
4230 5136 6
2533 5095 4
3968 4017 10
4583 4896 2
2836 6963 9
355 4931 7
450 4004 3
4919 8900 6
1208 8988 10
2504 8099 6
1148 8295 7
5928 8025 1
538 2572 7
3099 3726 5
1265 8704 9
757 4179 10
2449 6913 1
1803 7721 1
6348 8380 9
1218 7711 6
6921 7166 3
3370 4498 5
334 3110 9
3989 7501 8
3067 6742 1
1788 4085 1
2196 2787 9
7108 8264 4
1959 4681 9
5895 6663 6
4780 6744 1
4712 7581 9
4941 5551 5
2659 4514 2
1189 3428 10
385 4150 2
3566 5904 7
6103 6639 1
663 1189 10
3580 8478 1
1431 5461 4
3544 8605 7
3669 5138 3
3927 5695 1
1559 3633 1
7009 7251 3
2382 3490 4
6648 7514 4
4006 7488 9
5354 7944 4
374 2827 10
338 5737 4
721 3668 1
4521 8750 4
4162 7955 7
3981 6425 9
940 2367 3
2682 6600 4
1130 2444 6
3183 6190 8
1157 2814 8
3908 8017 1
1494 2361 5
1362 2262 4
2394 8473 10
1903 2134 5
733 8099 8
453 5425 6
1265 3207 7
240 5766 2
4215 8547 7
5563 5725 2
2887 5804 4
5239 6545 6
5170 7124 1
1522 5029 1
6113 7968 5
2982 5700 5
1196 3296 4
149 2125 6
3226 7211 1
84 5515 10
914 2934 9
156 8790 8
201 7142 3
3714 3726 9
6373 6745 4
585 8098 10
798 3316 4
1010 5410 3
1714 2126 6
4359 7114 9
1441 3893 2
377 7774 3
3389 5546 8
1735 4817 3
909 4192 3
1734 2420 7
1411 2674 8
1437 7637 7
6424 6934 8
2325 8152 6
559 1883 1
645 946 5
1568 4775 1
2669 7792 7
27 1261 10
2695 8259 4
1253 1341 10
1280 5187 1
2983 5148 5
5040 5918 3
344 2661 4
2243 3693 5
5355 7013 6
3248 3936 4
877 5912 4
4114 4230 4
736 984 10
687 2937 9
4046 4377 9
2525 6058 8
1984 5278 9
2208 5678 6
780 8965 2
1317 6327 4
2512 8339 6
454 7230 5
6028 6724 2
2061 7623 7
2403 3766 1
2391 4447 4
4660 6899 5
871 3053 2
1824 8427 2
894 1369 1
2626 7160 5
320 5035 2
18 2418 9
2591 6992 2
1199 5141 8
4426 6095 5
3532 5437 1
2441 2765 10
3409 4326 3
3607 4512 10
5419 7762 6
5740 6296 7
86 4968 6
4070 5571 9
2466 5601 2
3729 6485 1
1509 1710 3
1635 2960 10
3131 4594 2
2141 3602 8
265 8835 9
313 1187 5
2066 5267 9
440 2565 9
4871 5390 10
21 2830 3
5603 6146 9
75 1876 7
4799 6198 3
3517 8981 4
3518 3526 5
5119 7320 8
3302 7444 1
2888 7514 10
3322 7010 10
7125 8746 3
2177 3396 8
4753 6215 6
5355 8160 8
1385 4841 5
1181 1399 9
1424 5827 4
3749 3837 5
162 4038 8
6387 8265 8
48 5536 3
5338 5764 8
2685 5823 5
4282 5849 7
5 37 1
819 7566 1
1362 5415 3
194 1357 9
2318 2866 8
5005 6135 3
1125 2516 8
555 2841 9
3337 7000 2
1420 7331 6
1951 6464 5
1975 8031 2
3008 5943 4
2349 4505 10
527 4105 1
33 2800 1
901 3935 2
1181 1346 10
3233 6928 6
2501 5537 7
3450 4786 8
452 1094 2
2096 6507 5
1982 8995 9
1386 4811 5
4815 6399 6
3184 4720 5
2959 3854 5
4709 8946 9
2510 4830 8
3170 4608 8
2040 4242 6
714 5015 1
3968 6598 7
3958 5912 9
7840 8826 1
1743 2336 7
1633 5270 9
1035 4599 5
2939 3330 10
3887 4764 10
651 1325 7
3006 4831 9
7173 8542 5
1565 2462 1
418 3023 7
2333 5235 1
2628 5208 4
6013 8864 3
5410 6570 7
1065 5573 8
2187 5708 9
5648 7395 8
2725 5520 2
171 4589 6
1445 2108 6
4604 5904 9
5921 6343 9
3255 3881 3
1397 4021 8
1571 3523 7
4826 8567 6
266 6568 8
6056 8920 4
568 2266 7
1257 6302 3
1705 8645 9
3535 6430 6
2107 3295 9
655 2632 7
1181 1683 8
1059 5421 8
5113 7881 5
4001 4023 7
659 8543 9
385 747 8
7695 8536 7
6112 6397 4
3654 8859 6
3245 4865 5
2590 8923 5
6554 8129 5
152 4244 1
2300 3259 9
4319 7478 7
1321 7973 10
73 7265 1
2378 6273 3
5134 8971 7
6204 7069 8
4431 6983 8
1989 5150 8
746 3153 5
5432 7247 6
723 5278 1
5154 7312 4
3214 8702 5
3943 4884 3
2003 3309 8
1107 5117 7
819 2772 5
2407 8654 6
273 849 1
770 3578 10
2824 6807 10
6392 8975 7
2813 6128 5
5147 7302 7
975 7851 2
484 2006 1
1 3945 3
7279 8302 6
6376 8878 10
2100 4635 10
195 2018 4
3766 5329 7
2785 4186 2
366 2646 4
1149 7667 3
3202 7597 6
368 4227 5
3400 3946 10
2439 8802 7
55 4706 9
3425 7479 4
79 8639 10
1546 8367 9
4401 4561 6
69 2603 8
481 2384 7
2020 6121 10
1971 8895 9
673 8481 9
1432 3126 6
1953 3927 9
1769 2147 3
2623 4731 9
1136 2604 10
1755 2804 3
1075 2039 1
4043 5331 7
835 6085 5
1039 7453 7
7006 7965 2
1111 5029 2
476 1320 9
1331 7606 6
1653 4171 2
2101 3463 7
972 1082 4
6335 7252 4
2813 4431 6
7641 8240 7
4845 6076 6
1644 4857 3
3831 8258 10
1309 4551 2
1023 1039 3
828 7285 6
2628 4229 8
4855 5629 4
3907 6599 2
5547 7208 2
3256 6012 5
2355 2691 3
532 4689 4
4129 7322 1
1846 2789 6
2688 8490 9
182 2339 10
57 7949 8
3895 4864 10
3557 7866 8
1155 8819 2
1890 3725 3
2146 5500 1
1076 1128 9
942 5696 4
5359 6504 9
825 7888 8
3277 7524 4
1933 8409 4
4806 6844 9
1752 6899 6
3466 7699 1
865 6374 4
4514 5859 7
2416 5702 1
3212 5140 3
585 3086 9
5731 6022 4
342 2224 1
557 8478 5
2994 4157 10
1073 2683 5
1214 7313 4
3948 4346 1
1287 6466 9
4388 4901 1
3051 4099 2
4250 5165 4
172 7713 3
287 1789 6
2219 3516 4
310 1211 7
2847 2942 9
6658 7031 7
4556 5675 4
5452 8320 6
2194 8095 6
4993 5902 2
1770 8214 6
5851 6581 3
1411 8022 4
163 7290 1
4172 6536 1
5157 7714 2
5414 5766 3
8070 8959 3
1368 1887 7
1203 5984 10
2629 7372 5
3444 6293 3
4707 7676 6
2974 3789 6
4097 8669 8
4246 6873 3
61 7163 5
383 4763 1
1887 6378 5
355 2410 9
1596 1990 2
3213 6460 4
4352 7991 4
6290 7951 9
656 1156 9
3067 8743 7
2079 5135 9
5253 6984 7
4593 6405 9
2199 3432 7
505 5918 7
3223 5626 8
4224 5288 9
4740 5072 2
6929 6993 8
1014 2270 8
2368 8615 6
4040 7911 1
3044 7844 5
272 2738 1
112 1819 10
5003 8003 7
2060 7857 8
2852 5351 9
4829 6498 9
1610 6026 1
3380 3580 10
1555 3178 3
1162 1432 9
2528 4384 5
27 3108 9
2881 4276 8
5297 8263 10
2951 4530 8
858 1350 5
1467 7881 8
3473 5003 6
4267 7319 10
4930 8357 6
389 1299 2
1693 6015 9
3604 5791 10
1037 5244 10
5403 6747 7
5138 8286 6
1461 1677 7
630 642 2
2065 8047 10
4480 8821 8
5106 5242 10
616 4994 10
1807 3896 7
1306 6617 5
3125 3243 2
94 7914 6
1367 7670 6
1993 3141 1
3093 8753 4
1321 1747 9
4721 7373 9
1429 3159 8
4031 8100 5
1327 4282 3
3927 4658 10
91 4477 1
2622 2808 2
3567 4097 7
961 5660 8
168 4769 3
3956 6021 1
2233 6760 2
5674 7410 9
789 1050 5
7987 8917 9
551 2118 5
1539 1594 1
1080 4184 4
4495 6021 2
1502 4245 7
1483 2494 7
2290 8842 6
2604 5465 7
450 5249 10
1916 6253 7
7535 7568 1
6667 6766 8
1783 2029 3
251 2019 3
1721 4769 4
3084 5566 2
2911 3229 5
1810 4566 2
1874 7004 3
1629 4235 9
1866 5406 9
2093 6221 7
3542 4052 2
3544 6402 10
146 7549 5
1321 3108 9
1834 5751 7
690 1951 8
499 2849 9
8590 8785 2
7333 7418 6
148 3146 3
1291 2137 6
3003 5812 1
1466 6830 3
7282 8759 6
7534 8645 9
2666 8003 10
3365 6607 3
1606 5510 4
5139 7633 1
5519 8867 3
3050 7869 5
5366 6219 3
3957 8636 2
1717 7524 9
2033 6001 3
5765 7298 3
3247 7400 2
1351 8015 5
4057 8263 3
971 3734 9
6861 8576 6
4689 5133 3
3116 3458 4
5817 6321 6
2239 2382 8
879 5708 7
2499 7034 8
3779 4676 3
1711 3225 9
6105 6787 6
1617 2981 5
1935 6759 2
1922 6885 7
1609 4907 2
1896 2607 2
2614 3884 8
2382 3121 7
1652 7866 9
2264 8471 6
417 7833 10
242 2609 1
783 4154 2
5614 7230 6
1622 2348 10
1295 2193 2
6073 8194 5
3539 5823 8
6298 8796 5
4065 7708 6
3439 6318 10
171 550 9
1372 4633 1
1638 6255 8
3887 5473 3
2243 8152 6
4827 6052 5
2378 6952 5
952 8031 5
2201 2876 5
3556 4809 9
1322 8354 1
167 3938 2
4060 8350 3
5859 8900 2
2243 7376 10
5114 6656 5
725 794 3
642 7164 10
2232 3761 6
84 6448 6
4400 5347 5
177 7579 10
1824 4402 6
349 5434 3
5988 6544 6
8005 8252 7
1389 3578 3
7356 7619 3
2102 6609 2
181 6561 9
3288 4909 8
4452 6939 10
719 7891 6
3564 5545 4
4052 7575 9
1646 6279 8
1649 6250 7
5444 6662 2
1583 3694 6
4962 8688 7
2061 2404 3
4438 8563 2
1546 8279 4
4651 5979 6
569 3908 9
2615 5755 9
7132 7815 4
2787 4936 3
7656 8110 3
251 786 10
4998 5953 8
5188 5442 10
392 5970 9
4438 8477 1
4603 8916 4
291 3736 5
4004 7819 10
6878 8770 2
4230 7377 2
1249 6721 5
3737 6147 6
769 3606 7
5430 7506 6
2282 4664 6
1339 4128 10
4452 6972 7
1326 2240 7
2126 5465 5
1878 1998 6
6983 7763 5
1008 3319 8
552 3747 7
4458 8207 3
1964 4634 1
1376 1600 6
1479 2748 1
827 1443 3
989 5554 5
7333 7408 3
2224 2671 8
3931 8314 6
5433 7431 5
1060 2494 3
3214 4126 8
774 1036 9
2104 6432 2
5637 8590 8
2772 4217 8
4670 5145 10
5710 7392 10
4220 5724 7
3354 5580 2
5669 7120 7
3876 5870 6
2987 7891 7
564 2989 4
1007 2717 2
7785 7798 8
886 2479 2
2588 7521 4
1645 1962 5
3921 6799 4
2873 4200 9
784 6699 1
3382 5446 4
797 4813 10
3284 7468 6
1003 1030 10
5105 5338 8
4308 4832 3
733 3558 2
6524 6960 4
3739 5312 9
868 2314 3
2596 3182 10
503 2599 4
6472 8644 8
675 1280 4
1118 2759 4
3318 8207 3
848 6634 5
98 3474 7
5735 8491 6
1862 7595 7
1638 3958 10
1443 2531 6
5193 8286 6
686 4795 6
6243 8219 4
1790 3187 7
8334 8988 1
2410 6199 3
5831 8421 9
426 7584 6
4939 5502 2
1126 2610 2
488 8107 10
6396 6625 1
1596 7052 6
5199 6665 1
4541 5834 1
5693 7701 4
1834 3618 1
1843 6225 8
1299 7560 9
1356 4524 6
5005 6466 10
6847 6886 8
952 3232 3
3988 4277 4
2058 5045 1
834 1107 6
2184 6642 1
4788 5516 5
779 4721 3
5111 5399 1
2267 8157 1
5438 7197 9
184 5275 1
1495 4349 8
136 3414 5
6372 8690 1
1871 4429 10
2431 3161 7
1104 3123 8
810 6784 3
4501 5035 5
4351 7014 6
5344 5447 2
2393 4415 5
3714 4015 4
7490 8117 7
222 4939 5
142 2925 1
7711 8168 7
1414 1416 9
865 1032 10
1559 6350 3
6913 7832 7
1869 5324 7
987 4883 9
5151 5944 7
3882 4990 6
846 7069 1
6477 6784 7
735 3806 9
1355 6188 2
312 3427 6
342 2702 1
3226 8608 8
441 8505 4
1051 5383 2
5613 7665 7
2294 3224 8
7455 7506 6
922 8785 9
251 5881 1
442 5534 7
6288 8902 1
449 8671 2
4008 5646 6
1603 3871 10
733 2430 4
2381 7216 3
2901 5180 9
694 2446 4
868 6769 8
4920 6715 5
2940 4340 3
1707 4810 6
1140 7443 10
3338 5014 8
3273 6013 5
478 7811 10
3306 5877 5
6156 7651 10
3386 5770 6
1599 2218 9
1975 3637 1
1141 4491 9
341 1135 1
4859 6879 5
3988 8879 9
284 5902 4
435 5685 9
1299 2256 4
2414 6663 3
430 1853 7
2113 5941 10
54 4830 9
4937 8402 5
5538 5895 1
1246 7666 9
3571 7248 2
2760 5621 8
1861 6688 5
703 2664 10
1469 5658 9
508 7242 7
967 2756 9
5162 6676 6
735 4834 1
5442 7097 1
4007 8917 2
4150 6346 9
8190 8803 7
1551 8590 4
2632 5648 10
5118 7944 10
782 8877 9
3174 3979 8
1215 6679 9
441 6489 4
2053 5151 5
3389 5563 6
5068 5809 8
4792 6471 8
5926 7980 9
6097 7651 4
5134 8121 6
6185 8546 9
2002 8570 5
6111 7143 7
538 6270 2
1621 2163 1
2112 6523 4
6547 7910 1
3003 6546 1
4099 5103 3
2236 2528 7
3842 7344 8
6018 8226 8
848 5277 2
989 7147 9
1034 8698 4
5175 7894 4
1718 8957 2
2264 5845 4
391 796 8
810 2639 7
3749 4809 10
89 7501 2
95 8697 7
4087 8909 2
7357 7978 2
4337 4814 4
2225 3574 1
5056 5441 10
2106 5518 9
691 841 10
2075 4039 3
4960 8208 1
2039 5578 8
1417 4712 1
2431 5882 6
4972 7994 1
1597 7765 9
236 7704 10
3695 5798 1
1998 7367 4
4948 6544 6
1417 8735 4
290 1351 6
1498 8461 6
5208 6203 1
3287 5155 6
4302 8083 9
4975 8578 6
2461 8331 9
5163 5909 2
3157 3473 6
2750 5122 7
685 4179 6
3733 4459 9
3743 6207 1
194 6736 10
216 5586 3
3913 5347 10
870 1708 2
141 1739 6
1084 7677 1
1866 8593 2
1130 2817 4
1109 6440 2
4877 5549 8
1119 3213 10
2874 4049 6
1966 4964 4
3092 4678 6
4450 8129 4
1783 8916 1
7120 7718 5
1189 8366 6
833 6487 10
1509 4478 5
614 8160 10
1347 4502 4
6165 8075 9
990 7533 10
2972 4318 4
4671 5096 1
3954 5118 1
936 2577 4
207 2134 9
31 3360 1
425 2384 6
711 6375 6
6039 6722 10
1511 7882 9
2570 4399 8
4498 8989 10
2620 3381 2
119 4137 10
4581 6887 5
2030 4564 3
6308 6386 2
5594 7154 3
1776 2710 2
1918 2909 6
3160 7245 9
1704 2532 3
612 782 9
125 1260 10
1666 3124 5
3973 4995 4
5571 8781 10
2677 6914 4
2490 5244 3
2605 4011 2
2380 2661 10
3248 6258 7
4964 6372 1
2236 2932 5
756 7770 7
1348 2399 3
5191 5746 10
612 5421 7
1492 4517 1
2998 7297 3
469 5227 5
5330 7334 6
1808 7672 2
3778 8589 1
5271 8710 2
431 8913 9
3282 4287 3
205 7688 5
462 4190 2
5546 8117 3
321 3634 9
782 4861 4
103 2902 4
6515 8807 9
3384 5832 7
1343 3017 6
643 940 7
1945 8778 3
4151 5411 2
868 4827 5
1604 7734 5
3414 4887 2
1159 2263 1
3712 7086 1
3344 6314 4
4388 8663 8
165 1515 7
910 4973 3
563 1017 4
7485 7691 5
6866 8791 7
4301 7635 1
1780 4540 9
1670 2374 7
2188 2564 6
534 2323 5
702 4382 4
1429 2315 5
8848 8985 4
3094 8304 6
3396 7914 4
2272 5397 8
1981 3354 2
65 4183 7
3521 6203 7
2939 8993 6
6926 8016 1
3568 4273 7
2699 3326 5
1946 8585 6
3826 4731 9
861 4244 7
1282 7565 1
2388 3598 1
4548 5634 7
1271 3623 8
3646 7419 6
5753 8208 3
4760 8248 1
3582 8389 2
2233 3331 4
715 7367 4
1831 5313 8
55 2492 6
5079 5353 1
1999 2527 10
212 5598 7
3327 5376 8
2272 4212 5
429 3931 9
2367 4422 5
2862 3989 7
4691 8009 10
1371 2450 1
2329 7646 8
3587 5579 2
4969 5961 6
2802 7657 5
3368 8323 10
2324 6285 1
2520 7084 7
1433 7090 6
2157 8085 1
2466 6732 1
726 2321 7
2625 5543 1
1915 8198 8
1712 8452 9
6063 8980 3
6278 8505 3
1651 3626 3
4591 6803 2
2244 4086 5
214 1522 7
205 5883 10
237 2922 4
3333 5803 10
3752 6925 4
2415 4718 7
1148 1995 6
6254 6714 2
3902 6681 10
1988 6344 1
4071 5101 3
1396 5835 9
2084 2667 7
4599 6926 1
2785 5160 4
3777 4126 7
4678 5103 9
407 5704 7
736 5515 2
2994 5117 2
7884 8963 2
1767 2209 8
226 3228 2
4814 6210 2
2032 7030 7
3451 8925 5
3092 8682 7
956 5038 1
1152 5583 6
3807 5674 8
5016 5391 7
3837 4395 9
2255 4891 1
122 5811 1
5211 7927 2
288 1929 9
703 2691 7
1422 6308 6
2029 6334 3
135 4094 4
392 8527 9
2056 6223 9
2632 6452 10
6408 7815 6
3035 4080 7
2374 6483 7
1619 6625 6
567 4961 2
5713 7481 7
242 3369 4
4406 4513 5
1299 4718 1
6037 7501 1
2351 5064 7
5252 6901 7
2703 3846 3
2080 4523 9
1136 1378 4
775 5918 10
2819 5802 6
2596 4086 1
1534 8138 5
2697 6369 5
1468 2295 10
3110 7786 4
7202 7848 8
2061 4899 2
766 3836 10
2063 5855 1
368 5000 3
2651 8158 5
4185 4388 5
1261 2401 9
418 2323 2
2210 6894 6
973 7396 2
830 2154 2
1315 3358 7
5635 5882 6
2334 6044 8
802 3146 4
2317 2809 8
4326 4539 5
176 7300 8
2186 7696 6
4056 5919 2
4885 6025 4
3982 4782 8
3907 5702 4
753 5151 1
1324 3510 4
2111 8502 4
7044 7627 8
2661 4704 8
1386 5612 5
1757 5272 3
650 4479 1
4185 7991 3
804 2857 9
1672 2923 9
1371 2908 9
1045 6371 4
1838 6893 5
6932 7818 5
5514 6315 5
2932 7426 7
5023 5601 1
2115 3703 6
5416 6503 2
5608 7760 7
1965 7128 5
321 3072 8
1089 7153 9
4572 8316 8
141 3545 4
5637 8843 6
2467 4349 3
2176 6658 9
1857 2591 8
5056 5133 6
6984 7470 4
3913 6071 3
1179 7584 1
2727 3771 3
2254 5214 1
3568 7569 7
2897 5566 7
3676 4370 1
2066 4877 5
4821 6678 8
2087 4998 7
6495 8150 5
1523 8868 8
1331 2061 10
436 4579 3
4451 4904 3
225 4555 4
7400 8361 3
2428 3178 5
2324 4155 4
1237 5195 9
2328 3299 7
2558 4775 2
5237 5425 7
102 5125 3
4878 6404 4
5585 6186 5
4902 6494 10
2869 5432 9
6718 7975 1
6123 6392 1
1365 7428 3
2558 7837 10
3379 7970 10
7245 8052 5
677 2037 9
1681 8884 7
3860 6461 4
5202 7022 6
3561 5875 1
194 2350 3
8323 8652 7
5027 5218 5
1960 3151 3
4426 6762 10
1377 3969 9
6159 8191 8
4234 4656 8
6472 6964 4
1949 6165 1
4264 5776 5
2862 3153 10
3521 8162 2
2709 7263 1
250 2217 3
3948 8166 5
1391 2689 9
4075 7520 6
2563 6055 8
370 5670 6
133 1345 5
1661 5124 4
567 2402 7
709 5442 10
2808 8135 7
422 3533 10
22 4190 9
2230 3850 8
2474 6389 9
6808 7438 5
3690 6454 9
1398 5643 8
6810 7124 9
3086 3764 2
1861 8488 5
1324 2637 4
284 7970 5
6550 7144 5
2350 3642 7
1219 2016 8
1420 2942 4
4048 4053 8
1485 3843 6
818 5418 3
2356 8501 3
6158 7149 6
133 2395 3
7527 8133 6
1864 2458 10
7259 8313 7
609 4679 5
94 3975 8
507 1867 2
6077 8491 8
4004 7998 10
432 1248 4
2669 5056 9
974 1481 8
2290 2634 1
52 2501 10
8320 8970 7
45 724 7
3394 5028 10
3113 6892 4
3267 4492 1
1425 4939 4
7454 7560 5
1262 2278 10
2380 4515 2
562 1440 7
2897 8171 4
1377 1805 2
6860 7220 5
58 2346 10
222 606 6
5152 5565 2
1895 4424 3
2178 3492 9
867 2713 6
631 8422 9
1426 3838 2
3247 8934 1
1562 1855 2
1059 6527 1
1082 1954 1
1647 7376 2
1783 4824 10
3837 5405 7
1494 5427 3
6207 6886 10
1617 6264 6
5370 5868 4
2527 8361 10
6010 6032 1
927 2204 9
3998 7689 9
2822 8102 1
3467 8355 4
4566 5627 7
4764 8412 6
2558 7808 5
6488 7417 9
651 6321 1
595 1305 1
436 7163 8
2626 3372 5
453 8695 8
840 2483 7
6448 7407 1
4843 5180 7
3107 5060 6
3731 6921 5
1313 4247 8
1717 4039 8
1626 5111 1
2776 7991 4
5662 5802 5
6116 7084 1
1362 8516 7
6261 6586 10
1187 3179 7
900 7907 4
6628 8007 8
3655 5497 3
7417 8535 10
2124 3316 9
21 2819 10
254 6265 6
4067 8914 9
3612 3835 5
6589 8279 6
1308 6655 3
3513 4129 9
199 4129 8
1077 4890 10
3553 4148 3
4425 6452 2
1427 7424 8
1329 3994 8
420 7802 3
929 7041 6
3168 7525 1
1438 4282 2
6473 7561 7
211 8522 1
1484 2534 7
2745 7506 9
3358 4111 8
1306 5303 5
328 7506 1
333 4915 1
111 3232 8
902 8404 2
1361 1698 5
2863 4745 2
3538 3613 2
3886 7843 6
568 2763 1
2512 3475 7
1457 5156 4
5002 7967 2
3259 7572 3
3190 7706 10
681 6302 5
3358 3527 5
7076 8045 10
2223 2893 5
8357 8682 9
2560 7428 6
3912 4780 7
5413 8609 4
3591 7133 5
1758 3664 3
120 6809 10
2251 5366 10
3502 4576 1
419 3154 8
122 6166 6
6186 6716 10
7174 8517 2
4884 6189 3
2211 8051 4
2924 8792 10
5403 6926 7
3880 5670 8
3362 4018 3
4331 7625 8
1499 2734 5
854 4798 2
1576 5876 2
458 6891 3
601 2626 9
2340 5543 2
2405 3850 4
309 3856 4
3714 5442 1
2186 8787 4
4453 5815 7
1465 7890 3
559 4957 2
6727 7139 3
305 7471 6
4876 6377 6
5813 8011 1
1935 8150 9
748 4294 5
3907 8662 5
2136 8744 5
3355 4152 2
1466 2716 7
1186 4407 9
1014 2028 2
64 5414 2
5366 8141 10
1048 5036 2
3375 4262 4
361 889 10
1437 6851 9
69 167 8
923 3229 2
1304 7570 1
2793 4664 8
3201 7069 8
1072 1686 8
2304 2591 10
102 5496 1
906 7528 6
2850 7694 5
6146 6290 5
3383 4520 4
4762 6893 6
3828 8280 8
1653 8603 8
4776 8112 10
2770 5824 8
5922 5965 8
3736 7117 10
2778 4095 7
2501 8051 1
6130 7782 9
5451 5544 4
3036 3734 5
3555 7314 5
6541 8036 6
937 6696 7
315 8343 5
400 2855 4
5010 7610 10
7913 8437 1
2082 4445 1
650 6927 5
2170 7722 4
4497 8000 10
2345 7420 9
893 7769 10
788 5428 6
7155 7749 2
4261 4399 4
1737 8297 7
6271 6390 1
3914 5446 7
1294 4238 5
133 6951 4
5314 7852 4
4244 6914 4
4091 4943 1
389 7798 4
4760 7130 1
2073 4734 5
5788 7929 3
865 5012 3
2102 4385 3
1380 8684 1
7325 8794 7
4440 7170 8
1748 4676 9
5110 7652 5
3520 6506 7
3956 4744 10
2056 4644 9
4477 8965 8
1072 3066 7
3330 5577 7
2639 2781 2
441 5137 4
5344 7045 8
1947 8825 10
2 8518 5
3080 7676 2
2001 8073 3
4088 8769 9
6833 8722 8
2427 8983 9
2891 6223 2
2473 5813 1
223 8267 7
3811 7249 3
4564 7493 8
964 4317 1
981 1509 10
518 6693 6
5125 7577 5
5393 7871 1
4889 5475 3
2114 8806 9
1795 6096 3
1359 4369 10
5205 6955 10
1993 8120 6
2656 6099 10
1977 4251 8
383 2065 10
1141 8393 8
1333 5659 6
2752 2969 1
3555 7526 2
2997 5592 4
4508 5063 1
319 2866 6
50 4917 10
4374 7110 5
1115 2813 5
232 2137 8
7498 7527 8
653 2924 3
1038 4332 5
4731 7271 7
3986 6502 1
1306 7560 6
3913 6338 9
1516 2873 9
2362 6357 2
5888 6929 3
1450 6267 3
3824 5340 1
1862 4050 3
2303 3885 3
2623 2814 5
157 7850 5
2922 3046 7
31 6246 8
2590 5087 2
7210 7310 8
1193 4453 8
1944 4017 1
10 6335 2
1699 5690 8
1948 3877 9
3101 5925 2
5150 7856 3
452 7602 4
393 8138 10
5879 6962 2
4919 6990 2
948 4423 5
4874 6302 7
512 2455 4
4415 4900 1
751 5489 4
445 1965 6
321 4342 10
3963 4012 8
2231 2734 1
1048 3472 4
1431 3594 3
861 4476 8
5299 8595 7
1306 2104 3
3441 6771 3
3421 8755 3
4997 7266 5
1200 8744 9
4708 5469 5
1419 8806 5
1699 3282 6
428 2186 1
1969 4668 8
1838 6984 5
1855 5527 10
3918 8672 10
5215 5817 5
2482 5509 10
3587 4278 10
3035 3227 3
977 7552 3
4856 5305 9
830 1703 5
5529 7261 1
4163 8239 5
6631 7560 9
2106 8543 2
5503 8518 7
941 3856 2
5444 6835 10
2857 4569 2
2621 4056 4
1539 8487 7
193 3545 4
5270 8608 5
1039 3476 9
2719 4873 1
4539 5207 3
1369 6583 7
1603 8959 3
3572 5269 7
1666 2852 5
5697 7734 2
1227 7661 5
1853 7643 1
3623 4647 8
4695 7668 8
3981 4562 7
4725 5516 1
1761 3820 10
1107 4801 1
2277 5683 8
303 7901 6
12 576 6
2404 2620 4
4584 8981 7
3912 4284 5
1598 6468 7
4092 4354 1
2862 5229 5
5319 5707 9
1513 5530 5
2535 8524 8
5485 8170 4
5707 8419 6
4054 8035 7
238 4567 10
2554 5471 6
2647 6625 8
3063 7556 4
2896 8898 10
4909 7758 7
3860 7163 1
2515 4458 7
1659 4823 6
5450 8628 1
1629 3030 5
1210 1856 10
1051 7426 7
330 4811 3
333 6366 3
3043 7478 6
5148 8193 5
2088 8336 6
2353 4891 10
1799 5128 1
2243 5178 9
23 5013 10
1126 5949 7
5351 5889 1
604 6273 5
2908 3926 5
1073 3990 1
3015 4659 1
628 4399 9
414 5879 9
2570 4777 5
4597 6720 10
2042 2961 2
5652 7466 5
5793 7963 1
383 8340 3
4722 7658 2
1177 8075 2
415 1084 3
670 1862 10
333 3988 3
2089 4684 4
4433 8533 4
561 2015 3
3338 5795 6
3912 7768 1
4409 8766 9
2002 4919 2
1976 6149 4
987 8452 5
1498 3941 5
1091 6974 7
458 7335 4
10 2874 8
8486 8771 6
1576 8422 4
229 5371 7
2266 6115 8
4015 4325 9
2042 5763 3
2576 8942 8
1876 2467 2
4506 8464 8
965 1378 1
3756 4846 4
4519 5131 5
4260 4934 2
6455 8292 8
3967 8672 4
2561 5197 9
1261 2360 2
1658 6708 10
5247 5987 7
3499 6603 6
1168 7738 5
519 1484 5
5580 6956 2
1907 3155 7
1742 8416 4
2033 6551 4
1015 5308 5
7832 8099 5
3715 5124 10
3212 4047 10
1676 3947 9
1491 5513 7
2678 3694 9
4384 8079 10
1184 6580 9
1764 6238 8
7653 8820 5
677 2382 9
561 965 6
1787 8147 10
1782 2910 2
2311 2374 5
2817 3244 6
617 2699 6
5635 8828 9
1125 6085 9
1513 2018 6
1246 6450 2
1160 2678 5
2227 4014 1
1028 3050 8
295 4115 2
1262 4727 9
5551 5913 4
3776 8762 7
629 6244 10
3001 3316 3
3624 6443 5
5568 6465 6
8613 8825 7
6195 7639 2
4889 8099 2
957 5465 8
1505 2091 5
1479 7294 2
5117 6323 7
960 7972 8
2288 5521 1
2476 5090 8
1237 3191 9
977 3706 5
8140 8429 5
1754 3172 4
1929 3321 8
1731 3685 3
2128 3133 8
4729 5653 3
5526 6795 7
3337 5015 8
4935 6556 8
1563 4377 5
6469 7608 2
292 754 4
559 5858 5
2526 4849 4
7125 7556 10
4101 4915 2
716 8124 7
2137 2910 4
480 2820 5
1135 3319 5
1012 4091 10
1300 5613 8
2648 8612 10
3413 5393 7
74 5468 1
3170 5361 6
297 3274 2
4969 8958 7
1319 5739 10
1171 7967 10
3891 6933 4
5105 5853 8
6290 8607 5
1333 3174 3
6815 8493 2
432 4834 7
5656 6579 4
2853 6340 10
394 8956 8
2136 7902 2
761 5717 2
2023 3184 1
4506 6656 3
2295 6065 1
993 5224 2
6531 6951 1
1474 5587 2
7691 8495 5
2939 6593 6
1781 3374 10
3029 4334 10
4837 5052 8
1794 3261 5
5306 7139 3
6247 7596 1
984 4205 8
91 8004 1
555 8349 1
1637 7082 1
1431 7709 10
2980 4242 8
908 3291 8
3520 7401 8
2773 8504 9
665 3580 4
1544 2210 1
1394 4961 4
254 2830 10
2659 3941 1
2811 5348 5
3489 8843 10
4721 8300 2
3910 6692 8
4157 5483 2
1588 1654 10
1660 4993 3
3535 5518 3
2611 2761 6
5377 6236 5
1595 3774 8
881 8851 8
649 5288 5
3402 8996 9
7752 7923 9
1106 4852 4
2248 8732 6
4586 8681 4
1003 4555 5
202 223 1
1241 4090 10
274 6003 8
1790 4350 9
2492 8353 3
5145 5258 3
3579 5177 10
4123 4694 6
994 4554 8
169 769 6
4999 5952 4
485 1885 9
2288 6643 4
987 2207 8
3693 6596 6
2496 2644 1
1123 4363 4
1839 6049 1
1965 4388 9
3844 5745 6
3795 7743 8
551 3280 4
5976 8824 7
681 4005 7
2340 8956 5
3551 6857 8
7993 8319 4
8347 8674 5
1048 3410 9
2966 4360 2
826 3223 7
1283 2022 10
2007 3532 6
5644 8631 5
2316 4847 2
3901 7788 7
6450 7931 10
3758 8674 6
2724 5798 3
5243 8934 7
22 1563 3
3563 4186 4
3433 6912 5
4335 4402 10
242 7867 1
31 6130 9
20 5753 8
982 6984 9
1255 8570 5
102 3055 6
2735 8796 7
4599 5265 10
560 3641 9
673 8224 9
1981 5633 4
2727 3096 2
2183 4578 4
3385 7848 5
3372 5930 8
2810 3354 5
2794 7715 2
42 4899 9
1386 6925 10
192 4124 4
3473 5956 1
2829 3716 5
883 5408 10
1549 4705 4
1727 3937 2
2834 6242 10
6129 6348 8
2376 3527 8
3037 6381 9
6135 8993 5
1943 8905 3
1779 7580 8
1932 8065 8
1074 3874 10
3794 7839 6
6655 7584 7
572 2194 8
4539 8230 4
4283 4284 1
4002 6579 4
1951 2301 4
2022 2469 10
4629 7947 4
2028 3081 9
1630 8640 6
636 4160 5
3793 7465 1
888 3563 5
261 5785 2
4831 5473 2
552 2771 5
1494 6090 7
5978 8645 6
7245 8497 3
5696 6405 2
2380 4891 7
83 5587 5
3079 7377 5
2114 4056 5
2436 5366 7
4249 8326 6
1791 4416 6
1617 3684 6
2881 6099 7
2156 4607 5
3177 7378 9
4573 5366 5
2064 5905 4
4523 6840 10
3230 3764 7
2746 3801 5
5971 8443 6
1649 4551 9
3214 5271 8
3335 8398 8
4875 6494 2
4776 6408 7
5702 6035 7
2990 3677 7
188 4909 6
912 3398 5
2776 8462 2
1079 1882 6
177 2491 6
8384 8483 9
2006 2642 1
309 1252 10
1982 7133 8
296 4526 9
1203 6833 10
1725 8887 7
1898 5352 4
5986 8119 8
1934 8361 7
352 3647 5
6876 7571 10
149 1644 4
3256 4213 9
1322 3972 10
2069 5967 10
1380 5132 8
2639 7954 9
664 3656 5
2972 3325 5
4483 5525 7
2603 8940 2
3874 3948 5
458 1606 5
6448 8950 4
2155 7422 6
463 2779 5
536 1741 6
7224 7764 1
806 6090 4
972 4113 6
3316 4918 4
1497 8246 3
1032 4968 8
1730 5899 10
2790 7564 4
664 3648 7
1305 7231 2
2302 6569 1
707 1323 2
2713 6415 8
7586 7838 5
4133 7937 4
5313 8863 1
6010 8298 7
763 4368 7
1466 5357 7
2521 6599 3
4190 6064 10
7773 8273 9
3090 5405 3
4258 4318 4
6481 6992 9
4325 8347 7
2890 3824 7
3409 8052 6
4658 8366 7
5127 7195 5
2373 8312 5
3103 5778 7
1072 2072 2
6217 7558 5
2496 3824 9
4005 5740 4
277 6773 6
1683 4498 4
676 887 6
2511 7757 9
5500 7120 7
2361 8499 6
981 6266 1
1901 3755 7
1266 3408 5
2134 8678 9
4139 5495 9
8637 8749 10
4586 5324 2
1237 3232 10
4222 6658 4
5007 6230 7
2441 3332 4
4803 6446 4
750 3154 4
3872 3985 9
4403 8978 10
1802 8872 7
3950 7251 10
2143 5016 4
1694 5089 7
1921 5547 10
1081 5453 8
986 4306 7
486 3198 5
2758 6171 6
2807 8243 3
6091 6677 1
7390 7969 8
2227 7142 6
5753 8089 9
1131 1502 3
2124 5104 5
2977 8886 7
1353 2977 3
5526 6287 4
7684 8773 8
2665 7265 4
3603 7970 2
261 1669 1
5003 5410 5
3039 7788 8
1822 6826 9
6532 7439 10
1407 4756 9
134 8915 2
6925 8285 3
2298 5323 10
1565 3486 8
7473 7754 5
981 6391 4
1426 8899 1
1983 3554 5
4391 4466 6
707 8843 6
397 7064 2
652 1609 4
4596 5930 4
2431 7757 4
1437 3004 5
2105 7882 3
2187 3968 6
4033 5978 2
1759 5337 8
1543 1590 1
4537 7585 2
943 5530 10
3697 8223 2
2601 7891 5
3375 3523 3
2572 5184 2
2559 6369 8
6110 8830 6
841 8660 10
69 5467 10
2476 7534 7
1055 2611 10
2454 5562 9
1077 4993 10
6997 7151 4
6256 6764 7
1086 5183 1
1669 2173 6
9 8223 9
984 2081 1
2733 2922 3
680 3802 9
1500 7480 10
1458 2843 7
1541 8683 4
2495 3143 1
3068 7629 9
811 5054 8
1897 4417 1
4485 4583 1
1017 3321 1
1179 3694 10
8101 8529 6
6115 6903 4
2513 5287 7
412 8600 5
772 5247 9
4370 8750 6
1611 4762 6
2390 4435 6
607 4364 1
325 5387 10
3725 5884 10
2038 6859 9
4847 5589 8
587 4543 7
1182 7640 4
873 4789 10
824 5863 4
1559 3197 2
1112 2073 8
1462 4287 10
2377 7071 1
1694 5222 8
3213 8799 7
2027 3184 4
112 3286 5
63 3071 3
2777 5339 4
7543 8215 8
5239 6568 10
3764 6315 6
1331 2813 10
2166 5496 2
248 2921 4
3154 5989 9
3598 6943 1
2191 2896 6
50 8108 1
3865 4730 4
1239 3050 7
2489 3987 2
3104 7405 10
1035 4602 10
1706 6119 4
5561 6752 5
3141 5106 5
1037 2067 2
3867 4727 10
2018 8785 4
5347 5669 4
1031 6913 2
5220 5906 8
2873 7780 7
1156 5542 3
171 1487 9
3865 6112 8
2372 4867 8
211 4397 5
3367 5200 3
5465 7301 6
2295 4125 3
4241 5378 1
142 1727 6
5362 7269 2
854 5545 4
3481 5851 5
6117 6826 8
178 8693 8
685 5555 8
2112 5644 8
2687 7179 4
2026 6316 2
749 6232 5
787 5175 10
2295 4708 2
1660 5926 1
1435 7685 7
1827 6811 9
3358 8033 6
931 5287 1
5056 7283 6
5014 6034 2
2284 3093 9
3955 8309 4
961 5952 2
2363 8299 10
1565 4177 6
1096 8847 7
189 589 4
2428 3401 7
1193 2765 8
879 5251 4
5151 6754 5
2162 3754 6
2101 2686 9
362 4897 4
6698 8352 5
226 5349 3
92 7023 10
4858 7459 4
3181 5647 3
818 1457 4
5002 5149 1
6047 6176 5
609 3732 5
184 3556 3
4239 5322 2
3193 5660 10
443 1622 3
2074 8914 9
234 2526 7
1770 3779 5
602 8011 4
5659 8870 3
2995 4177 8
3761 8918 5
891 8760 10
5302 6710 7
4081 5718 4
1677 2093 6
743 5388 5
2877 4954 4
2330 4459 5
3996 7722 10
3762 4958 8
220 5295 8
1140 7966 7
4173 4339 2
474 1789 6
2192 7738 7
3570 6241 2
2072 4136 6
2326 4032 6
2095 8805 8
1069 3589 1
2925 3043 1
4244 6152 10
2506 3391 8
6193 8860 3
1791 8665 5
6232 7873 5
1643 7750 4
30 868 3
3051 3727 10
5118 5459 10
2277 4341 5
4039 5244 9
1524 4263 9
2540 5516 8
5616 8524 3
1243 2676 3
1443 1985 7
3978 4000 9
4824 8436 9
4135 5396 9
3235 6913 2
7346 8861 3
2007 8480 3
1945 5594 3
2801 8953 8
181 5649 3
906 6546 2
2093 2385 9
2660 4852 8
1958 8054 1
963 5499 10
1443 6446 2
3651 5061 4
3920 5744 3
928 5050 3
3939 8510 3
2451 2577 2
656 5619 4
5719 8875 1
2009 4317 3
4715 4950 10
403 2158 2
3714 5248 9
6574 8847 2
1077 2190 7
1812 7190 8
1041 5813 4
7681 7802 9
5420 6034 2
1874 4270 10
495 4221 9
1043 4910 1
892 1942 10
6410 7748 4
508 5583 2
2538 3339 9
4755 8154 6
4762 5159 6
1051 4564 7
2109 3983 2
6088 6141 10
742 1071 6
5116 5399 2
406 2472 9
1016 8608 10
5341 6166 5
1816 6591 7
334 5750 10
1218 7318 10
213 4607 7
4941 8421 9
2651 4135 5
1173 3368 3
3529 6808 10
228 4935 7
5589 7701 2
5001 7439 7
1837 6362 2
6577 6640 8
5560 7845 7
1580 7834 9
5154 7210 5
1629 7965 2
1222 2128 2
2688 2842 3
6383 6591 3
2858 2905 8
1773 8044 1
1771 7704 2
100 2209 9
827 2550 9
2406 5447 4
6211 6484 8
2768 5699 4
3392 8937 5
4957 6388 6
1684 7288 7
2719 6781 6
3213 7723 6
4150 5297 1
3751 8303 7
6991 8839 1
2864 3016 7
3904 5417 10
1325 6277 1
4512 8013 4
177 1058 8
7598 8758 5
3609 6354 1
1583 2691 5
712 5999 8
1750 3534 4
642 6643 2
3864 5351 1
4573 5054 4
200 7579 8
964 8126 7
5024 6174 5
5176 8562 4
4115 5627 6
6026 7258 10
6421 8335 8
792 3324 9
3269 6757 2
408 6174 10
3032 3254 6
1991 6139 6
3520 7088 9
2915 6222 10
78 3982 9
728 4165 9
5592 7265 5
4500 8185 8
2240 7528 1
1456 4291 3
6886 7075 6
3003 8545 2
3181 5470 4
1353 8099 4
1000 8144 1
5260 6726 1
1259 5806 2
860 2906 6
4116 6741 2
627 5680 4
3558 5626 4
5129 8910 10
297 5757 7
2186 4985 5
3288 7694 3
4806 8247 7
6780 8551 7
1121 4384 10
1049 1275 5
5397 6297 10
3872 8458 1
3546 5584 6
4784 8245 4
5273 8051 7
7591 8391 9
4632 4893 5
4986 8993 5
2017 3844 9
2433 8729 9
1556 2313 9
2562 4985 3
3871 7021 2
682 6584 9
3335 3912 3
2111 5508 2
937 3795 6
2363 3509 4
1100 1507 9
469 6480 4
1871 4664 9
5737 8274 9
7788 7804 7
2114 4325 3
3769 7543 8
5897 8089 8
3169 4596 8
1575 2888 3
2704 4376 4
2458 5569 7
1220 1652 3
5426 7566 2
3309 4082 9
3061 6257 7
4050 6633 10
3905 7624 7
2283 8757 9
4494 7506 2
5399 6249 3
2677 6818 7
6833 8313 10
3142 7758 9
3509 4639 7
1587 5099 7
4175 6108 6
3549 3774 6
3038 4031 10
5069 7177 6
3274 6746 3
652 5239 7
4163 4485 5
1086 5125 9
6547 8575 8
248 2218 1
6654 7630 2
3181 4576 1
2750 7054 5
944 2732 7
1046 5153 4
681 2863 5
1610 5222 10
4883 8145 9
2599 4323 3
604 3810 7
780 4966 3
1350 8414 10
3215 4401 8
3428 7868 1
4466 4893 6
2055 2977 2
3538 4047 5
2424 4498 5
2103 2900 3
3374 3597 9
807 1831 4
8541 8772 6
4710 8506 10
95 1352 5
1266 6221 1
245 4246 1
568 4572 6
3806 8132 9
3124 4450 1
5083 7508 10
1546 8037 2
3000 4702 6
742 3424 9
2451 3070 10
5080 7517 4
3504 5486 8
176 3659 1
3871 8779 2
716 2561 10
1514 7085 10
2256 6807 4
2473 4845 4
2261 2911 10
3542 8665 2
1857 2321 2
2524 4928 7
3591 4952 7
2789 3881 8
5593 7159 7
4746 5274 5
4244 7626 6
3936 5267 5
3823 7729 2
2888 3885 1
3443 6192 4
4706 6307 9
5499 7344 6
394 2992 8
1450 8185 6
874 8473 3
10 4102 4
2934 4962 10
4357 6033 2
708 2716 2
1059 4228 9
631 2700 5
572 4685 6
1652 6899 10
4398 4810 9
3091 4649 2
256 8849 4
4012 5143 7
7046 7992 8
4614 8266 6
3245 3864 7
3660 3816 8
1705 8944 9
2063 7502 6
3388 5956 6
3932 5332 1
1246 4890 3
1802 6353 10
844 3763 8
1854 8165 3
3523 8312 1
4446 5267 9
2676 2760 4
2284 6335 8
4328 5418 5
1358 4358 8
2579 4960 3
2018 4663 8
3738 6430 10
2430 3950 9
2429 8378 6
421 5978 7
145 3655 10
1666 4195 7
2369 8168 2
1087 5656 9
3915 6666 8
6088 6598 3
2374 5581 5
1742 3506 5
2439 3955 5
2291 7131 2
230 5649 5
5696 6469 4
4007 4478 9
2010 8263 4
8052 8880 2
7057 8407 7
7 4815 3
101 8276 1
2908 8719 7
3378 6918 9
1069 3841 7
2151 3614 6
1960 5043 4
3958 5973 2
8258 8883 6
1319 2249 3
3778 4057 6
3442 4584 5
5352 5557 9
921 4453 8
331 3111 7
1633 6755 4
3588 8139 10
8559 8901 10
2348 5025 9
5514 6965 6
5880 7211 10
6425 8616 1
3352 8299 7
4979 8907 5
292 3179 3
1310 6255 7
2326 4802 7
2378 3247 4
5154 5180 2
5273 5626 2
6451 6742 6
3454 8455 4
14 1684 7
1329 8477 3
1153 8769 2
186 6260 9
1263 4132 5
2790 8844 4
4473 5894 9
5717 6351 8
272 4337 3
5778 6700 5
466 5456 7
5251 7747 3
2359 4175 3
5811 7609 7
5622 7840 7
1479 7431 10
1086 1736 4
329 761 9
2499 8690 7
530 5901 1
2575 6635 5
1055 4909 3
1926 6810 10
3260 8346 5
1640 2615 6
1672 8783 1
3119 4427 2
2171 6262 7
4291 7961 2
2917 3755 5
4653 6083 10
2554 5215 9
1454 5767 4
5074 8702 10
185 8861 8
3594 4809 7
345 1968 7
3249 7687 1
1443 4143 1
3003 7212 10
1360 3641 7
4487 8569 9
4722 8431 1
5344 5630 3
3693 6495 2
3771 6130 1
257 2124 6
2240 3310 10
3037 8974 10
829 8560 10
391 5434 7
3758 6040 10
2407 3339 10
6065 6230 4
2474 7002 8
3496 6208 1
457 3305 7
8128 8410 10
3039 6340 10
4186 4810 2
2621 4010 5
3795 4871 8
1495 7092 7
2425 2775 10
5324 7395 1
2117 2581 7
2719 5479 8
2973 3891 7
1100 6923 8
3863 7566 1
2173 6188 9
3275 7272 2
4074 4193 7
682 8673 6
656 7944 4
4969 6351 8
998 4745 6
609 3506 5
1582 1918 3
2270 8540 8
2788 5467 1
221 5155 2
3709 4667 5
4855 8149 2
1384 8386 5
3875 4072 10
1226 3555 3
259 8976 9
1322 3558 6
3889 8520 5
229 6830 2
1483 5232 7
2777 7118 1
3814 5819 3
1247 5007 1
5929 7501 9
186 3136 6
5309 8884 8
474 823 9
1420 4632 4
6948 7666 8
3118 3364 2
1361 3991 8
1695 4073 1
1754 2175 5
5342 6235 1
1693 2899 1
1729 1742 2
2370 6341 9
1430 6840 9
6776 8535 3
2458 5107 10
1049 4032 4
2263 4177 6
5333 5487 6
3750 6555 9
3171 8593 2
2452 5827 9
2878 3710 4
1442 2108 6
1768 5761 6
2382 3188 3
3014 7959 10
4337 4412 6
2700 4407 8
2212 3720 6
3014 7188 1
3356 5013 6
4162 4559 4
2743 3448 8
2221 5692 4
1184 1999 1
320 3031 10
3579 6102 7
2165 2767 6
431 4913 8
2976 7396 4
1233 3648 7
669 7263 3
914 3339 10
896 7707 10
2219 4291 6
507 8863 5
4872 8435 7
33 7597 7
3319 4522 10
1921 4280 3
5760 8493 7
1880 8861 7
1657 6491 6
4406 8840 8
4479 7525 4
1428 4179 10
5182 6496 7
1758 8021 2
6978 8814 2
2843 5975 10
3060 7250 5
3625 3771 10
3099 6012 3
1600 7211 5
1964 7209 3
426 2974 9
1539 7239 4
3005 4234 8
3049 8755 10
3291 3755 8
81 4041 6
3390 6278 7
4222 7539 8
1099 2760 6
2777 2986 3
4432 7068 10
1394 6212 7
4313 5984 2
378 6856 8
4868 6553 6
1721 4131 3
4880 7784 9
62 2071 9
624 2054 2
917 8461 1
1472 1754 7
1235 6512 8
2310 7303 7
1193 4986 9
5254 7181 10
2563 6837 2
956 4320 2
3014 4018 1
3119 6286 4
1792 5628 2
3677 8309 5
4651 6988 2
5753 8650 2
756 3874 2
6230 6332 10
2221 7337 6
4438 6807 10
7022 7228 6
4547 7330 9
284 8514 10
1219 1893 6
3038 5226 3
143 1891 3
6611 8506 1
1692 3821 9
4520 7386 7
391 8193 5
2471 5337 10
283 5103 3
2892 8499 6
3067 7229 7
6035 6377 10
628 3422 5
345 8086 3
2074 8460 7
443 4177 10
781 4933 9
7489 8021 9
4966 5547 5
14 3842 9
2193 2646 2
314 3753 8
2736 3752 5
2679 3356 1
3762 4318 3
3556 7681 6
132 323 1
452 3495 3
2336 6771 9
3821 5665 5
617 3871 3
5028 7892 2
3286 3430 6
2696 7540 4
3948 5688 2
4664 6771 3
7515 8862 10
6216 7632 1
411 2184 10
682 4437 5
1625 2230 3
332 4681 2
7652 8244 3
807 5273 4
3670 4921 10
2432 8688 10
3628 8508 3
5750 6597 5
2782 4026 2
2077 6598 9
4943 7148 9
1079 4201 10
939 3063 10
4804 6691 5
4604 5623 6
2 2413 7
5002 6086 7
4258 5162 2
4815 5530 8
528 2147 4
1407 3413 3
3920 8895 7
4202 6579 3
3827 8989 8
932 7172 8
911 1318 1
6711 8586 4
1136 7953 1
3127 4156 9
898 2303 3
53 589 8
1316 7170 7
5870 7185 2
1231 3501 1
1969 6072 5
1592 5225 7
2152 3210 4
3296 4188 9
7896 8244 6
4510 8417 3
135 4646 5
4298 5219 8
2542 4514 5
3756 5732 4
649 2493 10
7594 7940 3
3187 8186 8
5446 6687 8
1212 4135 7
959 2496 9
6897 7187 7
814 1249 1
6291 8087 3
2531 2600 10
6240 7213 4
2871 7829 5
351 3851 3
6284 7424 9
5864 8954 4
795 1963 3
4007 6949 4
2662 3811 5
2440 2897 2
3032 8879 6
4670 5171 4
1053 6001 10
1656 8283 4
4505 7307 3
1568 5336 2
463 3879 3
1295 2923 4
1656 5033 10
1465 1567 8
3873 7469 1
3352 8986 6
2342 4617 4
36 7734 10
2464 4989 6
6376 7667 5
3116 3649 10
5388 5493 9
657 3796 5
791 1215 1
2359 7511 6
568 3845 6
858 6082 1
1320 6598 8
6186 7828 7
3845 8198 7
4536 6283 3
6241 6551 3
3450 5506 4
1623 6608 7
4342 6284 7
1645 3360 9
4263 4586 4
2928 6246 7
3741 6262 6
5800 6715 7
3451 8496 1
3002 3634 8
876 1543 9
3345 5953 1
1682 5806 4
1151 7308 7
3240 7821 3
2352 6999 3
718 6751 8
1976 5527 10
3373 6455 5
1233 7543 10
2436 4281 4
8452 8598 4
5447 5526 3
2014 2156 8
2163 8079 8
2373 4985 10
267 8622 4
162 6078 10
4007 5559 8
194 8801 6
7260 7515 1
973 1789 9
332 851 8
6270 6701 6
169 290 10
6466 8997 4
2847 3437 10
3864 6950 9
2945 3961 1
3370 3818 9
4975 5958 1
3262 6511 9
1533 4520 3
3950 8934 6
1875 7369 6
3566 4567 8
3464 7572 1
1712 2056 7
1366 6653 4
3342 3648 2
3074 5145 6
4747 8848 1
2352 3200 10
4483 5762 1
1080 3566 8
132 3448 1
1147 4773 7
3049 7162 10
6668 6871 5
7166 7344 6
5222 6094 3
5872 7890 2
5206 7805 6
1918 5232 5
2975 5267 5
5255 5658 1
2340 3112 3
3919 5487 8
4232 8266 9
871 1682 4
5116 6887 4
943 4309 2
65 1481 1
4288 4579 1
978 3512 1
4694 8882 8
6401 8629 10
4178 8979 9
6615 8081 9
851 5522 3
2347 4557 5
2928 6821 10
1025 6233 7
3234 5937 3
3812 5151 3
5269 6463 7
5225 5865 4
418 2709 7
1592 3977 4
2128 8949 8
1278 1316 1
3396 6368 6
5837 7449 4
4207 4408 7
5888 6140 5
230 5481 4
2343 5278 2
323 5035 8
4726 8968 9
526 1262 10
2406 2585 9
223 368 6
3800 5878 6
2612 6185 1
4518 5662 2
2929 5340 7
5435 5690 8
2236 7081 9
47 4006 10
1861 5343 8
4368 8554 3
1557 2417 10
5819 7594 7
2576 4062 4
1167 1788 9
3788 8182 5
2487 4849 5
3426 8683 7
3056 6401 8
5567 8921 8
259 8499 8
1917 5710 10
3893 5703 9
2131 4794 4
1280 3750 1
593 1803 4
5759 5789 4
4299 6704 9
2185 2222 9
3169 5012 5
1997 8420 9
2834 5909 6
29 7538 8
6538 8390 1
92 8368 5
7159 8862 10
1004 4892 9
1867 6105 7
1585 5370 9
2278 7799 10
5105 7104 8
827 7990 6
4812 7623 3
3816 5211 10
6888 7472 8
7783 7991 7
3609 7226 9
95 4239 10
608 6511 6
356 4422 9
1679 3204 3
4174 7821 1
5322 7348 6
1003 5100 2
2427 8112 3
2224 6942 7
1976 8883 5
631 5417 9
908 8918 2
5599 8550 1
7142 7538 8
4368 8452 7
3738 7025 3
973 4155 7
5606 6946 10
3443 6688 10
5563 5922 4
2997 3920 3
949 7731 2
4117 6651 5
3798 7400 5
1328 4446 7
3272 4651 3
5129 7910 8
175 1459 5
4401 8842 2
464 3860 8
2726 5730 7
215 6909 7
1884 3212 7
2168 8815 7
2788 6917 8
962 8380 9
2731 3730 8
4054 7803 2
4055 5025 2
3694 5097 2
4705 6450 3
194 2884 7
2345 3969 5
4700 5171 3
1769 8912 3
4391 7123 2
85 5736 6
3031 3455 3
3721 5030 7
3177 5322 1
4453 8885 3
6859 8244 2
1174 1415 1
1720 2091 8
459 7022 10
401 5205 3
1868 4341 4
5245 6437 2
4615 8468 2
6427 7869 3
1093 2659 4
5815 6823 8
2028 5679 5
5555 8314 1
1607 5666 1
508 1851 8
640 3323 4
2684 5503 7
623 6728 8
5880 5984 5
136 3798 5
132 2194 3
5252 7413 8
4325 8192 5
4419 8856 1
4764 5230 8
3523 8566 8
3658 4847 1
563 2963 10
2396 4622 4
1512 4324 6
761 5726 3
1316 1704 3
2792 8180 3
5085 6616 5
4974 8892 2
891 7452 2
386 3296 3
258 2715 1
2015 5416 3
413 5248 3
6596 8512 1
3110 7522 8
3265 3671 9
5196 5762 8
2761 4589 4
4390 8976 7
3942 6340 7
1464 4496 3
5129 8322 8
444 2244 3
3663 4332 6
1618 4830 3
2030 7309 2
2719 4778 8
2260 3510 9
604 5743 1
106 4849 2
3203 6611 4
233 5552 2
4881 7270 7
617 3548 7
4013 6083 1
2247 7645 6
582 6706 1
7095 7100 5
1877 4383 9
3677 6430 7
2681 3169 8
449 2250 7
5350 5423 3
3570 3840 4
3106 7020 3
5297 6301 9
26 7194 3
90 4983 9
5216 7459 5
2587 4550 6
1376 8386 5
54 879 5
2476 7427 5
2036 2739 4
7609 8233 6
3646 6130 3
3805 5099 3
1576 8980 5
1819 6815 10
1391 3334 7
1390 4892 5
3589 7533 7
8 4774 8
2814 5891 3
3236 4711 1
5661 5684 5
4334 7626 1
198 5885 6
4669 5546 1
1052 6433 3
1463 4837 5
1026 5839 7
729 2872 1
901 3778 6
5115 5522 4
3852 3997 1
4764 7867 10
2364 5380 3
1020 3713 6
4471 6962 8
2764 6661 9
1198 3132 3
449 3419 8
1630 2469 10
5116 6990 2
1540 1703 9
3150 4518 2
4582 4755 2
3495 5420 4
7900 8020 5
143 8871 1
5286 6743 7
1697 7935 7
1077 1700 6
3238 5564 8
5247 8967 4
1205 7290 4
2386 3268 8
3250 6260 10
1057 7129 7
3641 8408 5
2451 6782 1
2214 3821 2
2558 8204 9
3179 7355 3
3831 5657 7
2307 5100 3
1063 1982 7
5090 8572 4
2659 5932 7
1089 4784 9
2113 8352 2
5049 7757 10
2586 5131 1
339 704 9
1678 2340 10
672 5239 2
3359 7123 2
5635 5874 8
1625 3100 4
4724 7249 8
727 8026 7
3677 4846 2
5705 6082 6
2363 3690 1
3161 8644 1
6940 8534 8
2055 7669 6
219 6264 4
494 5836 4
279 1036 8
3325 3534 1
404 666 8
2046 6626 7
2364 7503 4
1395 8483 3
58 4862 9
1726 3407 6
783 1701 6
5031 8721 4
2436 5072 8
379 3026 1
213 4619 10
41 7264 8
4550 7512 5
923 4301 7
142 8387 7
1739 5023 2
1519 2553 7
6305 8563 10
2902 5689 3
4433 4924 1
5384 8746 6
6010 8509 4
724 7511 6
6161 7004 3
5297 6471 2
1333 2211 1
46 8696 7
3234 5863 3
3952 4985 2
3525 8930 5
3097 4565 4
6117 6633 5
5182 7480 7
1056 8425 5
6445 7238 2
1162 1428 9
6698 6827 10
7805 8194 10
2029 5422 6
780 4003 10
380 4950 2
1949 6876 5
1909 4775 6
1763 3389 5
1916 6313 5
3260 8896 6
5050 7074 9
5336 6755 4
2878 7725 3
3619 7998 2
434 6494 4
788 8317 1
6763 7482 9
3837 4452 7
427 3513 7
2245 6385 10
4275 8063 1
1896 5505 7
4938 5940 2
680 7422 6
3046 5329 4
1718 8839 5
3378 4876 10
3404 4166 10
8116 8125 6
3805 6839 10
5162 6160 5
1455 2577 2
4601 5232 5
1333 1817 4
1412 4127 2
2078 7102 2
2550 3768 5
893 5670 6
3343 7876 9
1404 4562 1
173 4978 8
1926 3033 6
1998 3975 6
7254 7343 9
1586 6271 9
5809 8510 4
678 3507 8
145 686 9
1610 5899 2
1263 8552 4
14 6674 5
2871 5228 7
1370 3754 4
1788 5677 3
1392 2873 5
6137 8057 3
2941 7322 8
4730 6577 10
305 4211 9
574 1450 10
3865 5765 2
381 6517 4
7510 8995 8
1325 2314 2
216 833 7
1014 2242 8
1292 8713 1
7278 9000 7
5390 8914 6
2408 5140 7
5699 6556 6
269 4430 8
5593 5712 1
2750 8477 5
3623 7390 7
2285 2813 9
1893 5397 7
972 2507 8
1288 3690 1
3750 8483 2
3400 5816 4
4437 7789 9
2513 3124 3
3142 4880 10
1334 3022 8
3732 5003 6
8255 8522 4
1517 2536 6
962 2060 10
1310 7140 1
4861 8963 4
7607 7663 7
185 430 3
3242 8808 4
5039 7472 10
603 1925 9
1076 4410 10
3194 5173 4
1636 4117 4
4387 6555 5
6909 8477 5
528 4555 6
4221 4497 6
3400 8969 8
6777 7426 6
4614 6082 9
3021 4572 5
3199 8504 6
3583 4807 7
3557 7190 10
2301 3110 4
1452 2778 3
711 3987 5
53 3204 5
5344 8859 5
5144 6767 8
3101 5966 3
2936 5346 1
6682 7786 8
2540 3187 4
1712 4312 4
2185 4759 7
5285 6989 10
3991 5848 4
2871 3819 7
1453 2831 9
167 8103 2
487 1934 4
3763 7028 5
7116 8863 5
2576 2598 8
5030 5229 8
5386 7144 5
631 4449 8
5360 6202 8
1187 5489 8
4796 5130 1
1442 5803 5
853 3399 6
2764 7754 1
2551 6965 9
3347 5953 9
2472 7138 2
3868 3919 2
346 5181 8
620 5189 2
1128 5664 5
4843 8150 2
2698 7121 10
2120 5434 1
249 7323 4
7598 8997 9
3756 8324 9
2023 8843 4
100 8424 8
4079 8809 9
1694 7282 1
3337 7633 8
895 7443 8
927 1369 1
312 7218 6
1948 1959 8
2284 6812 10
2436 7493 9
729 1396 8
1916 5148 5
990 4601 8
3286 5508 9
3518 4970 10
5431 7173 2
3535 7445 9
3796 3950 8
3961 7203 7
1501 4784 6
1142 4227 5
2807 6594 9
5605 8224 5
1461 8805 6
4207 8268 7
52 8570 6
704 8088 2
769 6796 1
4751 5138 8
4609 7641 4
543 6548 3
5822 6001 5
465 1039 6
4899 5618 10
2465 6898 5
4400 4573 8
1426 7205 6
1876 2175 1
7961 8538 8
8173 8980 1
2153 6688 9
1928 5937 7
1566 5537 3
4080 5398 4
6970 8017 4
271 2160 1
4612 7518 5
7199 7553 10
3833 8288 5
6559 7428 1
5369 5981 8
614 5150 3
1172 1955 8
1286 1416 7
1274 8036 10
764 4382 9
4576 7341 1
2130 3690 3
3120 6339 1
494 8044 6
4944 5706 6
2207 7675 3
5972 6434 6
642 5534 9
4694 5372 3
5237 7552 1
1025 3327 9
1914 8810 5
4943 5644 2
3174 5590 10
5648 6185 10
2238 3089 6
3871 5020 8
1163 6598 1
368 5671 7
5150 5311 10
1645 3886 9
1919 4879 7
2486 6133 10
7516 8045 9
347 7408 4
1704 2983 6
1605 4789 8
1405 1436 1
680 4196 7
1743 3337 1
2099 2385 1
3707 5463 9
267 4334 1
5502 8677 7
4306 4683 1
3986 8839 8
4360 7948 9
3416 7117 6
4973 6437 10
3547 6536 7
3044 4693 5
1329 2505 1
336 3304 6
6344 8865 7
2165 5735 9
1544 2589 10
4293 5573 2
464 7644 10
723 2017 9
1694 7436 9
1878 7967 3
559 1615 8
753 4789 7
2784 5920 5
3050 5882 7
2985 3467 1
3467 3727 6
1098 3565 8
6168 7801 6
1120 3185 8
689 4326 3
91 3286 6
1203 2842 3
5328 7489 2
637 7633 7
3309 6892 10
4220 4743 2
3557 8979 3
4645 6477 8
1013 6301 1
3999 8437 2
3477 4757 8
329 5819 3
5575 7580 10
4115 6829 6
1276 1592 8
5613 6225 3
3674 6624 9
5543 7112 1
2162 3847 2
8232 8688 2
1066 4328 9
503 7042 10
3441 6703 8
2254 7189 2
3951 5453 3
4300 5465 2
1015 3596 5
6193 7357 8
6300 8345 6
3971 6494 3
3047 5506 10
4429 5317 3
1358 5379 6
4957 8221 7
4565 6530 5
3238 3534 7
425 7039 5
4767 6689 1
4018 4223 3
400 5051 1
8140 8646 6
125 6881 1
1013 4297 4
8054 8445 7
3143 7025 1
3689 5106 1
2114 4089 10
4376 4389 6
2073 4638 2
3281 4695 9
2533 5304 9
5369 8458 5
1954 5705 8
2912 8811 3
118 8470 8
1841 5458 4
447 5012 1
4465 7764 4
4487 6030 3
2917 4658 4
443 8291 6
5199 7491 4
2192 4773 8
124 6712 9
4469 4746 9
4033 7218 2
3185 3588 7
5776 7282 9
3776 5751 4
3108 7615 10
5575 7764 7
852 7834 8
146 2434 5
2438 2692 4
4795 5721 9
1919 3337 9
3449 6217 10
1429 7619 10
989 4723 1
3984 4405 4
5542 8028 8
821 1272 5
4824 8728 6
967 5233 6
329 4004 10
4857 4986 3
2412 3372 10
4872 5798 1
8247 8630 9
5827 8867 6
4389 8181 1
302 2750 8
755 5658 10
154 5019 3
2523 5860 4
6008 7147 1
4095 8756 10
1754 3367 3
388 990 9
4475 8174 5
4067 7956 9
3889 4082 10
1242 5981 4
3219 8642 4
2786 5526 4
5277 6950 2
3082 7507 2
7140 8382 4
2468 3117 4
1623 2583 6
4916 7807 10
4748 6230 7
348 1032 6
537 8381 7
2603 6344 10
1030 5312 6
454 6121 1
1748 6108 1
3082 8925 10
1801 7651 7
172 868 7
1400 3774 5
4414 6894 2
5550 7088 4
4583 7489 1
3906 7562 5
2845 7168 8
1299 2079 10
353 6332 4
4726 7795 4
3934 6033 7
3911 5418 8
1717 8545 9
3088 8274 8
2552 7260 4
658 2380 6
925 3210 5
2111 2567 10
473 8552 5
2807 2931 4
1938 5065 8
4945 6782 5
2931 6247 10
67 4075 8
1085 2239 10
1081 3234 3
2987 5122 8
68 2288 7
2489 3592 7
616 6516 9
2519 6768 5
1916 2729 8
7283 7426 5
6108 7834 7
1696 8256 10
836 3417 4
1546 1932 6
3359 3572 8
150 2604 6
532 4516 2
6588 8155 1
1928 7286 7
6443 7142 9
6741 7317 6
1772 4627 3
7375 7399 5
2185 4832 3
6391 7763 2
1972 5444 6
2776 7337 7
76 5470 10
4428 7945 5
5393 8289 8
455 7329 7
7582 7882 5
3557 7501 3
2943 7555 10
3482 6153 7
2731 6387 5
728 4956 6
2746 6249 5
2700 3593 6
4307 6876 4
490 4630 3
1294 2496 5
1807 5111 9
5005 8019 2
5904 7554 10
3164 8917 4
3897 7123 2
852 4944 1
1480 8493 6
3882 6772 6
276 2099 5
2455 4358 7
2784 8276 4
5182 5386 7
80 4193 2
3710 6803 6
5419 8990 5
1134 5229 3
1370 1976 3
924 2777 2
1028 6746 9
2019 3898 3
1932 6345 9
89 1257 9
4412 8289 7
3995 5307 2
3106 8310 1
2144 4136 1
796 4608 8
1500 5570 3
5571 6041 5
1423 1595 7
4156 7555 4
2701 3699 7
1461 3049 2
404 8631 10
5233 7146 4
3117 4284 4
4041 5030 6
1067 5793 6
2770 6063 6
4898 8530 6
4219 4448 2
3182 3570 1
5492 8170 5
869 4269 5
1409 4231 6
3583 5220 3
1878 5997 7
1093 8308 2
995 5081 7
642 5858 5
3290 8793 7
1736 8789 6
2856 6891 1
2082 3880 5
5639 7047 5
1313 7576 4
801 2343 8
592 3599 10
1222 1871 7
3012 6726 6
474 5606 7
265 1372 6
814 1379 2
3388 8274 2
5207 7639 5
1340 6990 6
6399 8778 2
148 3489 8
4376 6996 3
4921 6199 3
890 5754 1
7042 7710 9
1654 5749 1
2262 5772 2
254 1740 3
4384 7450 4
922 3156 8
3771 7306 2
1736 2225 4
8067 8958 7
5620 7170 1
4197 7586 8
1010 4772 9
4215 6874 1
1477 1981 10
5660 8939 5
5175 6487 5
3008 4938 10
3498 8763 7
109 8642 6
2622 5578 5
4340 4465 3
4829 6887 5
6367 7284 7
2267 6338 10
3479 4198 3
513 5957 3
3674 8729 5
2271 8844 5
2531 6369 4
6152 7778 9
3023 3331 8
6985 7469 3
1828 4863 4
601 1551 9
6738 7009 6
4041 7550 10
2668 7880 6
6416 8394 8
6248 6809 4
4616 7023 4
755 2353 9
195 965 9
4980 6096 5
5225 5460 2
4040 4137 8
170 1530 2
1427 5255 1
4643 7738 5
185 3961 5
4584 5573 4
3271 4040 6
1704 4266 4
3124 8101 3
112 7996 4
581 2076 9
2344 2979 2
789 5906 1
5175 6703 8
721 4631 9
1027 5304 1
2420 2958 3
2511 4964 6
1549 2708 5
5821 6128 6
5150 6765 8
2209 7686 8
1710 2101 7
4613 5567 9
3949 5042 9
4935 5005 1
2371 6155 5
374 549 1
7845 7891 1
7293 8980 4
5932 8577 6
569 5839 4
1489 4478 2
2514 4590 9
3606 8948 4
2903 5260 9
6581 7651 2
2325 5620 6
1896 3924 3
2244 5282 6
4640 4918 10
4014 6629 1
2939 8382 5
4150 6448 2
2046 4525 8
2073 8980 9
2362 3672 8
1478 2514 7
2456 4546 6
534 7848 3
2156 8507 3
56 260 2
273 4273 1
326 2781 6
208 2395 7
2280 3155 5
1931 2478 7
5299 7528 2
5161 6100 3
3973 8019 3
3600 7240 6
6293 7414 5
3054 8075 10
413 7029 8
4277 7963 8
5125 7969 9
2938 3685 4
4913 4982 3
4086 5543 4
2527 8930 7
118 1268 9
2719 3532 8
5190 6317 8
1714 3942 5
5500 7494 8
507 3895 9
8481 8593 9
638 7759 10
331 2195 5
2700 4133 8
4474 7006 5
4226 8056 8
6602 6950 7
2522 3393 7
2691 7853 2
964 2712 2
3744 4355 5
1856 5970 4
420 2313 7
3162 6319 8
5161 8099 9
274 7254 2
1602 6119 4
6446 6774 10
5890 5927 1
214 7090 7
3711 6287 5
1523 4450 2
2314 4745 1
7779 8023 9
1548 8819 5
3398 7007 9
1539 4940 2
3712 7992 1
826 2398 3
775 4354 3
5016 6149 3
743 8451 4
2755 3823 2
835 4729 5
3150 7360 7
2254 2674 8
4682 5048 9
4698 8062 2
3455 4520 9
18 1350 6
242 1306 8
4531 5676 4
1284 4910 3
5447 7178 9
7938 8094 6
3786 6378 4
13 4576 7
977 5339 2
5603 7531 1
1590 3239 7
2055 2926 5
3252 6670 7
2251 2293 2
810 7028 5
272 3514 8
579 5098 1
3597 5563 10
3196 6560 7
6349 8679 10
74 4101 3
102 7136 1
6104 6434 1
77 3628 3
1480 2606 1
1165 4976 5
2583 3508 7
873 3175 8
2179 3040 3
3120 7928 3
905 3680 6
2255 6022 7
5556 7312 1
4855 7720 9
7762 8269 3
2083 8997 3
2887 5323 2
1653 4334 10
3242 5083 1
1477 2828 10
5792 6145 4
5994 7674 8
840 7286 9
4372 6879 9
1648 3770 8
6970 8660 1
4381 8749 9
1164 2332 1
4938 7245 10
1396 4164 2
4072 5128 2
1894 5594 6
2113 5709 1
1046 4334 8
5917 7923 6
220 3634 1
3035 7632 7
5740 8687 10
440 1329 5
1769 3573 6
1675 4239 6
1661 5445 5
4546 6161 3
486 4001 7
5980 8035 1
1753 2726 7
1576 5082 6
3961 4052 9
1534 2222 7
1879 7313 5
1607 2757 2
5895 8861 4
3298 8089 8
2300 5529 10
210 2358 10
2320 2701 9
961 1661 7
3846 5539 6
3508 3571 7
2955 5447 7
1890 3356 8
5142 5192 9
6385 6454 6
4962 8881 3
1576 8798 9
277 1956 9
258 8850 7
3456 6086 2
5330 6929 8
280 2499 10
657 2920 8
797 2483 1
839 3257 6
6480 7241 10
4242 5325 8
1836 6634 5
106 6263 7
3705 5397 1
94 4692 1
3267 5440 5
2058 5252 10
492 4889 3
6329 8305 9
8252 8270 3
430 6952 8
62 3434 1
5315 6637 1
3368 3610 5
1896 2967 2
3385 5463 2
1386 1716 9
3428 7055 2
197 7473 7
1042 1513 3
5762 7968 4
2165 6672 4
1935 8728 5
868 2589 7
4119 8855 7
2268 5489 3
1148 2138 4
2585 4028 9
4565 6874 5
2090 6491 7
3400 4546 9
457 4163 10
874 6915 8
1280 2571 8
3208 4457 9
2791 5797 10
4056 8309 10
16 4918 6
5690 6032 5
1868 5565 7
4709 6959 3
2951 3290 8
4890 4931 10
3522 7940 6
2500 7300 10
4880 7922 8
3201 7909 6
4541 6590 8
2311 4487 2
1658 7815 4
5929 8890 1
3087 5422 3
220 8429 8
1707 2804 4
98 1223 3
2540 6076 9
413 8769 7
422 4368 6
228 3817 1
3105 8993 3
2813 8193 10
5516 7905 9
1864 6744 2
2344 8796 10
397 6319 8
1652 4826 1
609 1831 9
5686 8610 9
742 2254 9
1629 4301 3
6175 6464 8
2320 5054 7
4746 5514 4
1644 5366 5
1681 6646 4
461 3201 10
5718 6171 5
3673 6797 6
2135 3690 7
4853 4942 4
4404 5781 1
4177 8691 4
1663 1970 2
2376 8182 2
1868 5224 10
12 4045 8
1939 5377 5
12 2179 9
7003 7728 2
1868 5214 5
5424 8437 3
1577 5592 5
1979 5129 3
5234 6038 8
9 6930 5
107 6957 7
3084 5794 4
5349 6913 2
5914 8117 10
1442 6984 4
1504 6494 4
3228 6761 9
2863 4253 1
6400 6668 9
1521 4331 7
4047 5707 3
4700 7231 6
1894 7746 3
223 8650 5
6550 7168 2
695 1186 8
4202 6109 1
4591 6246 3
5378 6083 2
1939 5209 4
1759 3750 8
4155 6585 3
609 3497 3
1253 3699 4
2098 6173 6
4731 7076 7
302 3368 9
2208 5658 6
1354 4393 2
3978 4321 1
1732 4868 4
6502 6558 6
7129 8352 3
135 8154 9
784 6787 3
1321 3555 7
320 8538 9
2233 8717 8
6092 8076 6
4824 5650 4
5854 7508 6
5784 6583 2
3775 4319 8
1175 7523 4
4231 6854 8
7185 8481 1
6210 8295 3
793 5156 1
2384 7840 10
1922 3754 9
2262 4772 10
2631 7808 7
1896 6651 6
6399 7055 9
2801 5104 8
7220 7880 10
737 8119 2
1931 8149 10
1328 1563 6
4786 8574 2
1647 3176 8
1437 8108 2
2003 5695 5
1155 8502 3
3494 7432 5
13 834 1
1575 4798 7
2317 3435 2
1420 6125 8
1323 8213 7
6790 7492 6
1998 5371 10
589 819 3
1001 7921 1
1933 6541 2
3999 8566 3
790 3342 4
1307 5288 3
7043 8043 8
5071 6968 8
3921 5372 3
4281 8363 1
1223 2142 3
1666 4782 4
171 2292 5
4098 8723 10
2699 4374 4
6489 6712 6
2777 4775 7
7539 7796 8
185 3353 6
5085 8525 8
2422 7647 9
1931 6908 1
19 4997 5
2410 8649 4
3646 6433 2
4467 8003 4
5903 7190 4
3815 3955 10
3669 7217 7
6067 7404 8
1583 6556 4
2239 3554 9
3823 5449 2
3544 5035 2
5008 5327 6
555 1175 7
2961 4260 1
3006 4236 7
1301 8715 7
3136 5518 2
5506 6076 3
4140 4962 8
6811 7019 10
2111 3578 9
2112 3617 1
4386 8989 10
3368 4776 7
542 3258 1
741 4371 7
3286 5398 3
466 5929 8
3824 7463 8
741 2329 2
2646 3407 1
6593 6776 7
1977 6114 1
754 2242 4
3395 3869 2
1365 2550 8
5578 5730 9
1446 2980 4
4108 5773 9
4156 5455 2
2093 7980 8
3377 8086 10
99 1021 2
898 1980 4
895 3139 1
8296 8945 2
1580 7494 8
90 5443 5
4102 4676 9
2178 3194 9
2399 6500 6
5227 7497 4
1010 8230 7
1956 2471 3
565 4809 10
3029 6225 3
6038 8737 1
3243 7031 9
367 6217 5
5891 6954 10
2691 2707 8
3406 8075 3
1687 8861 9
8086 8712 2
3603 4843 3
2818 4292 1
4921 8593 3
4604 8945 6
4341 8040 1
4908 8408 9
1343 6273 2
149 1646 8
1035 8304 8
6845 6953 7
3715 6569 5
674 2925 8
179 8169 5
403 820 6
2008 4570 4
1407 7070 7
488 4633 2
1627 4690 7
947 5582 10
527 7880 4
6199 8319 9
2679 8635 6
5549 7475 8
3055 4941 4
4149 7122 6
1643 8129 1
3637 6876 1
713 8247 1
1111 3105 6
1390 4016 8
3823 7809 10
1165 2704 6
8000 8159 10
1353 5412 5
6191 8808 4
2642 3363 2
3043 6761 6
4322 7298 6
5459 8015 6
3956 7590 5
2858 3499 3
7080 8230 8
7086 8904 7
4937 6512 5
4794 6624 4
2703 8105 9
1882 5776 10
1529 2384 9
8075 8892 7
4837 8311 6
1736 6776 8
4951 6281 1
4140 5367 7
1153 8839 10
432 1518 1
3907 5117 1
2225 5847 4
3327 3999 1
1150 7217 4
2645 8999 5
643 2011 2
3713 5613 3
422 2616 10
2949 7196 9
1329 6500 7
3710 6737 1
971 7939 8
4738 5544 5
6470 7029 2
138 6410 7
1686 3522 8
3112 3441 5
1516 2645 3
4666 5668 8
3076 7802 9
4532 6680 7
4554 5001 6
3211 4104 7
788 5845 1
1306 7821 5
176 2521 5
4828 6515 4
2541 5941 9
162 5683 4
1054 4473 5
1983 2292 4
689 3808 1
2144 7845 1
7606 8692 7
1612 5420 4
3630 6134 10
5117 5141 10
287 4598 2
3129 8967 9
4489 6563 2
1167 2545 5
330 4293 5
2276 6746 5
3726 4664 8
2907 3698 5
709 5243 5
746 4935 7
3931 6055 2
1181 4241 3
998 1119 3
966 5993 9
3227 6777 9
402 4726 6
8343 8992 6
3440 3696 9
739 2646 4
50 8496 8
54 515 6
7147 7307 10
6353 8276 2
1109 4780 2
1445 3020 6
5641 5645 5
535 2191 5
1962 2103 2
4850 6482 4
4825 6002 5
3330 4172 7
1663 2794 5
5876 7389 6
1813 3671 9
6577 7192 4
2849 8337 1
2244 7034 4
3277 5221 5
4616 6993 2
5644 6153 8
1763 3457 5
139 4610 1
1738 8030 2
6851 8281 7
3703 3763 3
4925 6883 4
124 1091 8
776 4958 7
417 5324 6
8033 8615 4
5712 6192 6
2072 5904 2
5205 7895 2
2758 3420 1
2044 2214 1
472 2058 6
6716 6831 3
1559 7032 3
5988 6668 8
8162 8490 6
724 8476 6
2591 5503 6
4835 8036 8
1315 6111 10
145 3957 7
4043 4593 3
1644 2203 8
7707 8468 3
423 1748 6
836 5422 5
6193 6652 3
250 5889 7
87 7608 6
298 8557 10
1803 7823 9
2710 4099 5
4528 5184 10
1705 5016 4
940 6764 9
7057 7573 10
1263 7063 9
2389 8141 7
4418 6253 10
8333 8724 9
3126 5791 1
5971 6383 7
775 5156 6
97 6831 10
2111 7220 4
6440 6926 7
999 5486 1
5685 5762 9
163 1562 7
5556 6806 2
4307 7034 1
3731 6842 3
734 2617 10
2380 5225 10
529 4827 9
2223 7129 5
2287 6653 7
2541 2593 4
2163 4705 10
2109 5096 4
1163 2406 4
1656 8895 10
2014 4105 3
1789 4393 2
3224 5543 8
3907 6008 9
2617 4838 10
3086 6713 4
2553 4889 9
777 6669 7
2300 7282 1
1095 7095 4
3046 7164 3
260 7475 7
3192 6964 6
3933 6374 6
851 5632 6
6593 8874 7
5784 8351 5
1845 5595 6
1751 2315 10
917 7081 6
1435 6134 9
974 5626 9
4511 7555 1
1767 5754 7
1419 2902 4
2702 8374 2
1110 8684 9
5731 6531 6
2068 8095 6
2840 7958 1
1621 4053 10
1947 4747 8
2326 2970 3
3293 4212 4
1118 3688 4
4945 8733 2
1105 2995 10
1003 4125 7
3040 8969 5
2397 7432 4
1607 5182 1
3007 3526 4
1886 6622 7
1122 8789 3
894 1968 3
134 8983 8
5339 8821 1
4668 6923 4
1397 8079 2
3292 7558 6
5392 7560 5
5621 6197 4
4228 5703 7
2460 2512 2
953 3615 5
3097 6165 4
133 5816 4
1821 4487 7
1163 8954 7
4016 5979 1
6468 6937 10
3359 7420 3
501 2836 10
2260 8863 4
3838 8016 2
45 1911 9
3008 3568 2
390 3122 6
2854 7906 5
6792 7172 3
6088 8963 9
2095 7999 6
4689 5939 5
23 8986 6
94 6350 4
3570 4890 10
4132 5567 8
1072 6491 3
1697 8469 9
5825 7057 7
1492 5306 3
1336 7314 5
5664 6783 2
1997 3714 3
4695 7829 2
138 1545 4
3311 7275 8
4395 7852 10
2729 4210 6
2573 7122 6
3690 6794 5
5914 8611 7
361 4856 3
1303 1703 8
3822 7242 4
2058 3924 9
3251 3956 7
5036 5810 2
6495 8730 10
1055 2779 5
451 2749 8
1287 5354 3
6642 8286 1
386 6416 4
4307 8311 6
4972 8859 5
5092 7588 8
234 260 5
6325 8710 10
1179 6739 8
455 4178 2
5599 7955 8
2604 2808 4
1267 5847 5
195 7220 1
4750 8262 3
160 4697 9
5531 7183 8
1592 1982 8
668 8437 3
1536 6167 4
1424 5525 1
302 6115 2
885 4837 9
1987 2956 8
423 2904 4
3471 7383 6
6790 8074 6
2930 3794 1
209 4662 2
390 8013 10
600 997 10
57 5158 3
232 5327 9
1566 2233 7
3824 4760 5
603 1630 5
2120 7554 4
1818 3399 6
1472 5100 3
3907 6280 2
2720 5959 7
5801 7932 2
2922 7119 6
4449 4595 2
201 2072 8
2131 7765 8
3970 8464 5
4136 8797 9
187 4392 7
3344 5821 1
2605 5705 6
2276 5032 10
2943 6599 1
7116 7814 10
2791 6045 8
362 5749 9
1238 6415 10
4889 8920 2
888 1080 1
771 7490 3
2259 6374 10
651 1211 7
3997 5740 3
3089 3387 1
4041 4069 6
190 5972 5
3294 4994 1
1735 6232 9
2306 4733 4
4240 4919 6
2614 5784 6
159 8734 1
2421 7913 4
3252 4250 1
3888 4958 3
4712 6361 7
2121 4799 4
4507 4614 6
2886 3946 2
1149 8786 3
259 2059 3
1603 3420 9
3368 5646 6
1075 7461 1
2738 6970 4
1467 2214 6
839 1116 1
6243 8725 1
1041 3847 8
1370 8002 5
712 8231 3
1315 7007 10
823 1058 5
305 4153 7
494 8303 1
5521 5693 7
358 4322 6
3373 6010 2
44 5559 1
795 2867 3
34 3621 2
4334 8844 10
6013 6503 6
3563 6351 10
3228 7510 7
4747 8036 5
3295 3859 2
3364 3837 8
5063 7007 6
6560 7172 5
3652 4785 2
2455 6311 5
175 3250 8
2737 8107 9
2066 2910 5
653 8239 1
910 6526 6
6401 8723 6
601 3316 6
429 2519 7
463 6001 7
4289 6029 10
1824 2148 4
319 3580 8
4581 8620 2
905 2478 7
1651 5047 5
8283 8955 4
2633 8081 5
1373 2955 3
1496 8096 6
2710 5238 2
1617 5931 7
7082 7432 2
4305 5382 7
1398 3490 6
2271 8860 7
2335 5415 7
2272 2789 4
2169 2542 6
2210 7129 9
6454 7481 2
8663 8965 10
494 2485 4
3214 8552 1
715 7785 9
5733 8367 2
7175 8890 1
3339 3909 3
3428 6857 8
2813 8055 5
1670 3299 8
3695 4111 1
4759 6232 7
1182 3809 5
2771 5164 2
2287 7881 2
3058 4267 4
5339 5700 1
3751 6166 5
1272 6382 10
2223 2275 4
5700 7835 8
5402 5704 8
2165 6030 9
7100 8643 8
2674 7069 5
7905 8271 4
668 3685 8
1485 7200 3
1742 1991 9
5445 8458 2
1713 6087 7
6648 7628 6
2872 7819 4
6884 8570 8
983 5909 2
2315 4811 4
1302 7668 10
994 1234 6
5614 6809 8
2058 7463 9
1432 8896 7
3936 5664 1
2282 6583 6
3859 4676 1
1147 2862 3
6573 6755 3
5008 8111 8
5468 6144 8
1285 7975 4
2145 4583 1
850 5081 7
4448 6289 6
1380 4637 5
7453 8683 8
2825 5085 2
1789 8219 3
44 918 8
5578 7048 10
960 8045 4
2821 8077 6
4405 5383 2
633 6402 5
1067 7754 10
4541 5324 5
95 6659 1
2940 3171 2
698 2418 7
728 2467 3
2483 2529 1
1566 5410 3
410 824 10
2087 6213 9
63 6737 9
5262 6403 5
2811 8775 5
2941 5025 8
2395 2550 4
308 8080 10
136 1780 9
4948 8728 6
1287 5194 8
2062 4884 9
2417 5160 6
1286 4859 5
3941 6664 2
958 1800 6
1219 4009 6
1839 5487 3
4229 7006 5
3886 5384 3
4292 5386 6
1511 4527 9
1079 5371 6
1032 4748 9
2023 2201 5
3490 4125 5
1630 4300 10
6113 6316 10
2519 3830 6
492 3792 8
2934 8625 3
2030 2822 9
2216 5031 9
3905 7441 7
5252 7073 4
4478 5926 7
4527 8216 2
1094 3774 2
4206 7889 7
2654 8798 2
6099 8855 3
967 1245 9
5083 8884 8
782 1940 5
1057 2184 8
5696 8773 1
1223 3181 1
4395 7249 6
1003 4747 8
633 5808 9
1190 2098 1
423 7133 8
84 7642 6
5181 6444 2
6060 6561 5
2555 2741 9
895 3540 8
5556 7754 8
1793 8305 6
2606 4237 6
482 4174 2
5106 6661 5
30 8063 1
1670 1985 6
2537 6256 1
5615 6951 2
1615 3542 2
1889 3655 10
2551 6019 8
2483 4140 7
703 1734 1
638 6098 10
69 5777 10
3706 6083 8
2351 7131 5
357 1886 3
371 1357 6
5906 8251 2
3330 7380 3
401 3221 10
3905 6372 4
1304 1596 2
3655 7637 7
1088 3236 5
3965 5344 7
2009 2713 4
2328 2589 7
8098 8852 10
2830 5011 4
307 8252 5
5629 6637 2
61 3824 9
957 6567 2
1734 5560 7
1096 3474 3
849 7290 6
312 4055 6
254 2038 10
2311 6792 1
1221 6860 8
3543 3849 10
3625 8043 3
1920 6602 1
1264 3151 1
4885 7778 9
794 6934 10
243 5229 9
2692 8977 5
549 3076 9
4116 7208 10
4351 7255 10
1052 4374 2
1252 2694 10
1780 4614 9
2450 4347 8
369 5084 4
4324 7575 4
2292 3975 10
4389 6174 7
3952 4875 1
7445 7893 1
5250 7574 10
5435 5577 1
397 2447 10
2206 5743 10
4430 5211 2
2762 7553 2
7756 8383 1
528 4249 4
2154 4324 3
1309 1809 10
1750 5266 6
4096 7361 9
2009 3088 9
1582 4067 9
2279 4116 3
832 8671 8
1385 3861 6
6413 6676 3
3815 6173 4
3458 4613 7
3036 5545 10
570 777 4
242 5920 1
2069 5145 1
3442 4530 9
4895 5614 9
5802 8899 10
4784 7051 8
2915 5701 9
6783 8083 3
3563 8392 4
1062 3104 7
2304 6808 9
1700 8541 3
1800 6471 7
3352 5307 4
5543 8702 10
30 5971 7
349 4982 5
5768 7786 4
160 8253 7
4054 8478 8
706 4117 7
583 1787 7
549 3983 8
449 4898 6
1412 7974 4
473 7217 6
172 1408 6
2086 5288 3
3531 3901 5
2166 3331 8
2570 7183 3
1085 4560 10
2242 2842 8
1150 4850 5
2521 8890 7
5156 6137 7
4138 8061 7
4012 4455 5
5400 8877 2
3511 4811 9
2745 5996 8
4839 5286 7
6058 7085 5
4357 7364 7
711 5705 6
4468 6072 8
2905 3002 7
4806 4878 6
7321 7575 9
262 4659 3
5750 8554 2
3276 4661 7
2413 6002 5
2199 8973 7
1711 3974 9
3382 5073 8
2310 3191 5
2586 8205 10
939 2407 5
1508 8153 5
639 2322 10
86 7161 4
125 7488 2
4584 8389 4
4426 5577 5
1384 5753 9
3803 6778 10
5953 8819 4
5473 7473 5
993 6297 8
1446 1721 1
1849 6035 2
2838 5325 9
1164 2689 8
3636 5419 9
211 6074 1
561 3764 6
2547 5848 5
2115 4495 10
2170 5083 1
3851 8435 7
140 4107 1
1305 3236 9
4662 7328 6
4274 7069 10
3504 7847 9
5052 6167 3
1819 3752 8
3678 7900 6
2131 7692 7
2466 7574 5
2164 2581 3
1499 4443 4
5808 7002 6
4867 6721 4
3396 3935 9
2831 7474 2
1003 5292 6
5871 8292 9
2180 5151 6
3023 7950 3
2346 8600 6
1318 2608 5
4681 5886 1
2857 6906 3
5159 7745 7
4685 7017 1
6675 7080 3
960 1190 7
1681 2181 8
1552 8436 7
59 7760 10
2584 3001 9
283 296 4
2063 2945 5
2333 8470 4
941 3252 4
2281 2880 2
1489 5496 9
5618 6743 1
356 510 3
758 2579 5
4736 8605 5
99 2381 5
5301 7779 7
3618 6199 4
6477 7112 4
223 4023 3
1715 4764 1
880 1180 6
1 3628 1
2276 7836 5
292 7892 10
3665 6554 9
4793 8123 6
5613 6535 1
3651 5772 7
2272 8933 3
1031 5167 3
1084 3402 10
311 5071 3
97 700 1
2155 4076 10
863 8695 6
2731 5489 2
1801 8540 1
3980 6714 3
4256 4831 1
1006 3110 5
2522 8626 3
4739 4808 4
2171 2542 6
5975 6438 3
3459 5947 2
3504 4451 9
7257 7457 2
4113 4999 3
2812 4696 6
3961 5286 4
5627 6610 6
2437 4445 5
5325 8603 8
1248 2155 10
2203 7356 2
865 8420 6
5587 8681 2
672 3239 4
2043 5119 8
458 5364 3
2864 2965 10
3717 6048 7
3518 3838 10
373 4629 8
4551 8577 6
2403 8778 3
1143 5728 10
1212 5666 7
6671 8359 6
4157 5763 2
1367 7107 5
179 6420 6
2444 7947 2
3518 6141 9
6491 7318 5
1440 8859 3
395 8242 5
4385 6615 8
2200 7391 1
4573 6535 6
3597 5439 9
563 3817 9
181 4942 5
5902 5936 2
4595 8943 2
1844 4481 5
2465 6402 2
2710 3606 10
347 4587 2
4645 6996 2
3245 3660 8
2811 5236 2
66 6693 10
3740 6145 7
1926 6311 5
1562 6608 10
4401 8296 8
505 8587 3
3988 6929 6
872 4245 2
2955 4403 1
489 7860 1
339 1858 4
5062 6710 9
3484 7167 8
1153 3176 6
48 4011 5
3699 7081 7
602 4484 1
91 4690 2
119 5361 1
150 8559 2
487 8441 9
3958 7796 6
4441 5733 10
3773 3834 6
2818 6785 5
860 4862 6
872 6592 5
1472 1643 10
1465 2895 5
1630 6690 5
3589 8844 5
5114 8801 2
4825 7299 8
2818 7170 2
3093 6669 6
415 6433 1
1868 5152 2
4103 6911 10
2228 4925 2
1461 4608 4
3352 4059 10
5486 5953 1
7596 8115 3
1651 3606 8
2188 5642 10
592 853 4
50 4116 4
7565 8738 10
4161 8025 1
2585 5504 4
4282 8762 10
2205 8759 5
1483 8910 3
6441 8649 4
3553 6709 3
2483 5238 4
353 464 10
2227 8649 5
868 1967 9
862 4068 2
647 8562 8
1171 5409 9
2396 8936 1
837 1277 8
1946 6944 7
970 4720 8
2657 4200 5
8283 8743 3
1707 2987 1
2774 6563 7
5689 6872 1
6361 8602 7
383 1807 2
1120 1636 1
4625 8839 2
3900 6884 3
886 3093 8
5133 6787 10
2513 8851 10
828 7969 6
2097 2415 1
637 4266 7
5253 6919 8
1037 5609 3
2811 8434 8
4738 6090 2
1217 7731 9
2386 7422 2
3997 4185 5
2193 3752 3
4798 7664 4
1250 1257 10
508 2640 8
1498 3278 2
928 3783 6
1784 2420 4
88 1619 2
1278 6587 4
6224 8221 6
396 8174 9
951 4036 1
886 1127 6
1510 2842 1
7509 8555 7
2176 7825 8
3285 7376 8
1695 7041 3
1864 4087 4
1237 6746 1
887 2657 1
1147 8958 6
3952 6430 5
2859 5621 3
5748 7399 7
3473 6878 6
3397 7009 1
1579 4868 4
490 2566 3
612 7243 6
488 4814 10
2762 3920 3
3249 4401 5
3970 6149 9
669 6024 2
1081 6278 5
5859 8118 3
1585 6323 8
311 4161 6
2501 7866 3
1837 3659 2
317 886 6
2985 4461 9
4343 5741 8
3852 8792 4
4583 7909 10
699 809 10
1063 4602 6
684 4246 6
2964 4836 5
2864 4991 1
4278 8671 1
1864 2501 2
1531 2614 4
4690 6433 1
4705 5554 5
3937 5536 1
1440 4781 6
192 6035 7
2564 3536 6
6169 7485 6
1951 8648 4
5195 6313 2
3144 8460 10
5628 7731 9
3773 4500 10
3663 6239 8
3052 5742 6
885 6322 4
1355 2735 10
849 2535 6
1121 3148 10
4331 6795 8
222 8888 5
1427 2460 1
645 1365 8
755 2258 4
520 7261 1
2147 3316 6
1838 3171 2
1721 6266 2
234 1381 1
2564 5435 2
1110 8708 7
1881 5735 4
263 4730 6
654 3924 10
2881 3903 7
5222 5719 3
2923 7635 10
2475 5418 3
4418 7269 5
2662 3255 1
4020 6537 8
4799 7729 4
3583 4101 3
3714 8911 9
3061 4694 3
3896 5298 6
863 7295 7
4147 5993 4
1904 7442 5
888 6547 10
1146 8579 5
1034 2843 10
4599 5532 6
1868 3129 6
4326 6375 3
5573 7586 7
901 7806 10
3478 3490 9
3460 7147 2
3997 4588 3
1722 3788 7
2055 5098 3
2246 4970 2
992 3490 6
1617 3307 10
5495 7917 6
6868 8340 9
2427 5678 8
6442 6618 5
4169 5890 3
2174 4192 8
1004 7019 9
872 4064 3
1284 2983 1
6594 6904 7
577 676 6
1645 4670 9
3571 4779 10
1302 5924 9
4081 5621 10
1420 2943 5
4307 6149 5
291 7437 6
3499 6696 6
8088 8675 6
651 5260 2
1601 4402 5
1970 4570 8
613 7441 3
1812 4054 1
5456 8418 1
1835 5214 10
1756 8048 5
820 903 2
6401 8437 6
121 4512 4
7338 8166 5
6474 8382 6
5074 8752 3
2730 7275 6
5546 8170 4
1402 3012 1
2321 4815 1
5518 8956 1
4109 4988 9
1358 3911 6
2654 5417 3
90 3147 1
2967 5108 3
837 5263 1
2252 2666 1
5771 8772 5
5500 8089 10
280 2336 4
3160 4181 3
1002 3407 3
8061 8435 4
2212 4195 7
4287 4623 6
4257 6538 2
3413 5490 9
2443 7422 1
419 8721 1
4248 5717 6
7346 8463 2
2364 4019 4
6053 8312 2
4931 5692 7
3292 8464 2
2462 6322 8
1707 4066 5
2270 4755 10
8469 8579 5
2256 3726 5
5737 6942 8
2600 4287 4
591 2408 6
2853 3793 9
183 851 1
6149 8070 8
3048 5258 7
20 5341 9
2489 3114 9
3027 5162 10
2943 3986 3
1451 5664 5
5460 6081 9
905 8662 2
8027 8084 10
683 5145 5
8727 8990 6
22 8332 8
3468 3859 6
4701 7474 7
728 2613 2
2027 4379 10
1506 4092 10
1860 2583 5
4468 8544 8
6998 8796 3
2946 8825 1
2258 8537 5
1295 1574 3
7630 8712 5
1917 3186 6
2149 5278 9
4888 4931 6
501 8633 1
6116 7478 2
2009 6765 5
3969 4195 5
3120 8507 6
3231 5418 1
1314 2686 3
513 8439 10
2841 7120 10
681 5669 10
1163 5630 9
2618 5597 5
3365 7305 2
3335 6283 9
1564 2218 9
170 2535 9
3033 4963 6
3121 7266 6
8185 8228 8
723 2369 7
3020 4838 9
4867 5903 7
425 2823 7
1907 2840 1
4522 5081 8
1243 4152 4
4962 5934 10
556 1977 2
3569 4512 6
1456 8698 7
2777 8596 1
2702 7517 8
3822 3913 1
4586 4776 3
3143 4525 2
184 429 9
812 6731 3
1883 2547 9
1434 7710 2
2821 8265 4
2810 5481 8
486 1862 5
383 4907 10
1700 7695 10
595 1608 5
1303 8321 6
732 3783 7
4927 7370 4
3786 5503 5
2474 5970 10
1231 7225 7
1115 8502 9
4416 7811 9
4712 5510 1
2778 3701 2
1602 4241 2
4131 4167 3
803 1665 7
2299 2829 9
3508 4133 7
5185 8836 2
260 5739 6
6484 8903 10
1969 8486 9
4895 8571 1
1316 7692 7
3052 4862 10
4135 4843 1
1013 4523 5
2646 4398 1
2701 2859 8
2221 3047 10
703 6164 4
555 2321 3
101 8249 10
122 6831 8
2998 4538 4
1973 8917 5
3683 4932 2
375 5614 10
2018 2661 6
4639 7211 9
3148 8448 2
240 8813 2
471 1968 9
708 5365 9
1951 6430 2
618 7865 4
6988 8251 3
4860 6730 1
1507 4896 4
3318 6585 1
907 2517 1
2320 7185 6
1454 6849 4
4597 4723 3
5018 6269 5
2345 8955 2
6104 7558 7
3624 4776 1
4496 6555 4
5192 6680 5
396 2349 7
3377 8760 3
3487 6378 1
387 7794 6
285 3695 9
564 6646 2
785 1509 4
5712 8831 4
3358 4569 6
1026 7469 4
4211 6658 4
5094 5928 7
2107 8738 3
6781 8130 8
645 3730 3
1513 3459 2
1967 2646 9
2319 5444 7
1274 8535 4
1177 2249 5
7005 8660 1
8055 8120 2
2799 6245 6
5808 7414 6
3290 7998 8
2121 5252 8
345 4997 10
2621 7911 1
5178 5456 3
1377 4386 6
2829 8502 5
4867 4962 3
1089 7283 6
1841 3336 7
953 1155 6
7919 8657 8
4016 7814 7
309 7552 2
6947 7104 2
4024 5608 2
1920 6020 8
151 3677 2
4939 8044 4
1278 6786 4
4824 8342 5
4744 8639 4
4401 8626 8
1001 5556 6
1602 8188 5
1133 3790 9
2473 8641 8
5935 7696 3
5411 6784 8
816 5177 6
5921 8822 5
1263 6503 4
3295 8319 1
1691 8931 10
3362 5900 4
7745 8177 3
4077 6343 2
442 8587 7
41 6990 10
2390 6194 5
529 5381 3
3692 3923 1
1574 7264 2
6926 7366 2
376 5738 4
2102 2341 1
2135 3202 9
4076 5494 7
3663 4278 1
4063 6927 8
4126 7269 5
2767 6143 7
3598 8112 1
436 3530 2
1512 3667 4
617 4685 5
1457 2479 3
3794 6788 2
5657 8175 10
2253 2370 5
3633 3973 2
913 4053 6
2041 2137 7
6570 8711 2
8453 8898 7
4969 7555 5
2637 4995 10
400 886 1
3485 6624 2
767 3838 3
5967 8792 6
5913 8657 9
348 5751 9
1253 6506 10
6 1079 10
4025 7904 9
503 2578 7
108 3599 4
2936 3159 9
1444 2022 9
4027 8530 1
8593 8691 7
3124 5236 10
3885 8606 2
3057 6282 3
1351 5020 4
2587 3747 5
2853 4513 9
587 2055 7
653 5538 10
3843 4666 4
4325 8481 9
3694 8695 4
873 1508 3
448 4206 6
799 2569 7
3713 7966 8
5201 5637 7
654 4262 6
1580 6387 7
1953 3012 6
5794 7641 10
916 6391 7
3352 5165 1
2531 3084 10
2381 4138 10
1061 4005 9
3989 7251 9
6355 8264 4
4332 8450 3
1893 5630 9
1575 7141 1
771 7205 2
8 6454 10
410 2981 7
966 3294 3
414 6235 6
3214 4009 8
1757 6817 5
4066 6444 9
4049 5484 9
5473 8487 7
3067 5731 1
1326 8330 9
2937 7358 2
2440 2766 2
3422 4539 9
3183 3275 5
3479 7323 1
2428 7041 10
3045 4861 9
3606 6927 1
2019 6496 10
10 3974 1
10 2944 6
2837 3769 4
3809 7292 5
1924 8331 8
280 6133 8
270 4610 8
8059 8126 8
3134 3965 1
827 7645 7
1097 4385 10
1660 7836 9
6181 7239 6
537 2415 9
4671 6228 10
4129 4740 6
1075 5374 7
844 2229 3
562 8851 3
1651 4223 9
1517 8118 8
477 7833 8
1841 2794 8
2117 6294 7
7443 7576 7
1642 5433 3
7831 8145 8
177 8395 3
650 4885 2
3207 4764 8
5132 7413 10
5165 7460 4
1435 4816 6
4804 7362 2
5930 8157 9
3958 5414 8
8286 8417 3
2951 3759 5
2911 3978 10
2479 4786 2
985 4393 4
873 940 10
963 7721 1
3393 8053 8
6279 7385 6
1219 1936 6
1166 1986 2
6797 8235 7
375 3281 7
2511 4145 7
9 2579 7
1310 7880 1
1818 5355 8
3761 6380 8
3436 5763 9
1494 2204 3
6315 6918 2
1004 4155 2
1381 5956 9
1023 7074 8
4234 5228 9
225 5044 7
2897 3728 9
3707 4323 2
59 7393 5
2436 4921 6
238 4498 6
6242 8266 1
1932 4044 1
764 7265 7
1211 3697 7
2004 2215 10
4488 5619 5
2406 3660 6
591 1177 7
692 6332 2
1315 5524 8
977 4695 8
1155 6598 6
4890 6616 7
1693 5443 5
2268 5527 6
2232 6307 10
1441 7443 9
3896 5481 4
204 3596 10
1231 4638 8
25 2355 10
6093 7621 1
191 8202 3
5556 8929 4
1662 6470 7
425 3929 2
4541 5603 9
3771 4157 5
2873 4088 4
536 4340 8
3336 8864 7
6927 7856 1
7125 8567 4
5691 6175 1
1541 8852 6
7669 7900 10
2140 6069 4
3596 5091 9
1115 3819 8
2721 8788 3
2048 2943 9
644 4433 8
284 7779 9
6029 7597 8
2204 2997 8
5206 5318 7
6407 8279 9
2438 2885 9
3160 3360 1
4393 8697 5
3524 7393 8
811 7500 10
1939 3778 8
3988 8252 2
2351 5288 2
638 8888 10
3956 8935 2
215 634 8
2194 8403 3
508 1622 7
3707 4388 10
6672 7460 4
442 1791 2
5994 6693 6
4439 4631 3
1731 2365 8
316 8718 2
7093 7541 5
1260 5858 9
2768 5519 5
2332 7828 2
2398 7057 5
4708 4775 3
309 1989 2
1166 6899 1
1277 3462 6
5214 7315 8
4116 7112 9
3505 4484 5
2863 7926 3
3887 8243 5
2670 4167 4
7229 7684 2
11 742 10
601 3744 4
3944 5634 8
5483 8360 1
3521 8504 1
5424 5818 10
1985 7763 8
1056 4559 3
2374 3122 10
2455 8887 1
1066 6771 3
2576 4675 3
477 5604 6
942 7967 10
4186 8670 5
4425 7362 6
1694 7418 8
1068 3285 10
2676 6678 7
1279 2930 1
2103 4343 2
1664 3914 1
3197 3766 7
5557 8556 4
4633 8632 2
690 5910 8
417 1616 2
1951 4391 1
1193 8195 8
5990 7307 8
1573 3569 3
2036 3085 4
422 5204 3
1514 8781 3
1259 4737 7
2961 6548 9
1592 6583 9
1677 6928 10
2720 7441 3
5844 6981 6
2142 6867 5
5841 6361 7
4591 6003 9
2540 3955 3
1149 2580 2
6967 8484 3
848 5390 4
6457 8190 7
195 8355 5
3179 6450 6
465 4526 2
1595 4636 10
2682 5803 2
991 6109 9
4092 8667 9
4075 7534 9
3468 6597 2
5717 7423 3
5258 7543 7
679 4209 4
3460 7421 6
630 883 4
3644 6177 3
3196 4817 7
2068 3469 3
6234 7699 3
5225 8286 5
1235 1297 5
2477 6040 5
1510 1884 6
1408 1608 6
49 8289 1
1541 8481 7
6339 7288 4
78 5645 3
5778 8146 5
6527 6975 7
5101 7482 2
7584 7850 10
287 8391 8
7241 7883 7
1948 4686 4
765 2831 8
3688 5340 9
6504 8032 10
8144 8952 1
3 3147 9
715 3541 8
2955 4035 8
3596 4290 1
1101 3442 6
315 1482 2
829 1726 7
4567 5032 7
798 3572 9
4303 8406 1
3557 4603 1
6038 8158 4
5970 8312 1
2278 3644 10
2629 8192 9
613 2677 3
1638 5284 2
1814 7565 5
1379 5801 8
860 1813 10
1468 2453 10
5484 7128 10
826 7743 4
1995 8072 5
1306 5172 7
7551 8811 8
2894 5643 4
3721 5135 6
3264 8593 5
3952 7702 5
1575 4131 10
4540 6644 7
1242 5037 9
7260 7683 7
2401 2548 8
1181 3495 6
3648 6297 2
378 8969 10
6857 8602 1
3624 6556 3
1173 7490 3
1674 7143 9
2105 2359 2
346 5314 7
366 7783 6
7123 8050 7
2162 6221 3
3962 5116 7
3283 4811 10
2009 3955 7
1931 5661 4
436 1527 5
644 5919 3
245 1336 1
1719 7370 7
519 2638 1
4141 7170 7
7381 8285 4
260 3690 2
3741 4377 7
1026 4437 1
2405 3642 4
502 2440 5
3995 5553 6
6104 7866 4
2333 6337 9
3817 6959 9
1450 6469 10
2635 6132 2
4529 5547 2
3436 7195 3
5994 7990 7
2218 4726 6
4087 6113 4
1741 6896 4
221 944 8
2369 5192 2
1695 4039 1
681 7344 6
7131 7512 6
126 7766 7
2625 8597 9
2368 5054 4
6007 6452 7
2418 4679 6
2161 8415 4
7533 7754 10
2637 7114 6
2589 5665 7
2308 7201 9
4173 4645 8
5741 8072 5
1452 5169 10
5564 8600 3
2163 2552 9
532 3709 8
7333 8554 6
4804 7730 3
3177 7493 1
4195 5165 1
693 6756 2
3439 5494 9
988 3422 2
1165 6374 5
2937 7209 5
8861 8975 5
1305 2098 1
4016 8407 3
2001 8573 4
5917 8088 10
5575 7222 4
2313 2828 5
4273 7013 3
4222 6849 5
2422 8874 10
6741 7411 6
3176 4476 5
361 700 4
1180 4430 3
8432 8646 8
7207 7333 2
1882 5883 3
505 1156 1
6352 6621 7
5942 8901 4
276 5573 2
4337 4617 2
4738 6615 3
3485 4355 10
4998 8742 6
7179 7573 2
4630 4678 6
5213 7596 3
762 4135 8
1497 3928 6
991 5485 5
4045 4988 1
1907 4280 8
861 8611 3
487 5227 6
3077 5381 9
358 1980 8
1681 6666 3
7603 7757 8
5127 5562 4
1132 1179 9
2244 4193 6
2705 6968 5
2495 7540 3
4277 5943 10
3461 7805 5
1645 7761 9
769 7775 7
1397 5323 3
1016 7671 5
1622 3504 9
2592 8730 9
5445 5750 2
152 8266 7
1669 5639 5
3970 8344 1
7204 8247 1
1895 4845 8
6325 7089 8
114 7458 8
5981 8306 3
2019 2443 9
3602 4395 3
158 6128 2
715 6723 5
2269 7351 9
3333 6552 5
5169 6389 3
3101 8936 6
1995 2246 4
2990 7905 3
2868 5026 5
824 5177 4
1665 2326 1
78 4377 2
5206 6152 9
3125 5224 3
3233 4295 3
7374 7493 5
824 1659 7
2689 8766 7
1682 7487 4
4577 7863 3
1979 5878 3
1835 8880 4
458 634 6
1149 8718 2
1156 6715 2
1655 7427 6
892 1689 10
3199 5694 9
4711 6133 9
3495 7952 7
3638 6571 6
5663 5741 7
877 6621 4
1336 8621 2
4374 5474 9
1262 1323 4
5393 6506 9
1590 5535 4
3907 6743 7
3117 7788 10
3085 5216 9
4147 4230 1
635 6063 2
5871 6627 3
2875 8075 5
1673 5631 9
5186 8937 3
4799 8834 8
563 1225 8
4141 4254 10
2263 5875 8
1498 1849 4
110 4282 7
270 8906 6
4397 6321 9
1739 4385 8
3400 7886 7
731 1965 7
499 4246 3
6525 8771 8
2786 6549 8
1865 2112 10
57 1215 7
5655 7380 1
4482 5154 6
4463 7138 7
1350 3869 3
3175 4695 1
2580 5069 1
3713 6331 7
4995 8432 2
794 5627 3
2382 8842 2
5334 6300 7
76 7685 7
3803 4335 7
1315 1431 10
3380 5208 8
3062 6549 7
4445 7296 10
879 8852 8
232 1521 6
5844 6776 9
599 7551 2
2975 3345 2
2470 4294 9
3864 4475 8
3127 6617 9
595 6348 4
2648 7967 9
2076 6620 5
4998 7515 9
1188 3020 4
2495 2789 5
6674 7420 2
1729 7063 1
3700 3809 7
4880 7223 1
2572 8913 6
301 2224 4
829 2986 10
3828 3892 8
3482 4548 2
5278 7230 3
1234 8650 1
2928 4681 7
4412 8801 6
5508 7307 3
1702 6357 7
471 5420 10
3900 7341 3
6567 8232 3
3852 4877 10
2176 4452 6
4904 8027 6
3795 7233 10
981 4356 10
6243 7602 5
7150 7371 6
695 3031 9
2246 7589 4
854 5718 8
531 1663 2
4868 7898 6
277 5720 4
1249 4354 1
3263 7277 3
896 8598 7
561 6640 5
3485 4900 2
3192 4510 4
2617 5360 3
963 1249 8
2580 8733 4
1152 1353 4
2779 7342 6
2367 6151 1
329 7497 7
2613 3771 6
7446 8268 4
4644 5196 9
1593 5867 5
1380 4830 6
1001 3867 5
2351 3405 10
5427 7305 2
2682 7782 1
3098 6590 3
3502 8477 7
2419 5767 8
5282 8746 4
4328 5408 1
2145 4038 4
891 1773 9
4687 8161 9
2049 4826 8
518 5139 7
1134 4568 10
2061 8495 4
3737 7120 9
3449 4387 6
501 7433 5
250 5624 6
920 4841 1
4614 5852 1
1467 6002 4
4165 7706 6
545 1272 4
3200 6053 3
1935 8533 3
7055 8944 10
6768 7487 1
2118 6073 6
7180 7230 9
498 528 9
6930 7703 4
4659 5417 4
263 7671 5
3262 4713 5
1779 5577 3
5380 8489 3
5531 8032 8
1298 5464 7
1679 4021 9
2488 4007 1
8597 8899 10
1506 7115 8
1251 5498 1
2737 6003 3
640 3410 5
1572 8369 10
3113 4106 8
4656 5655 10
544 1645 9
5546 7759 5
5695 8539 4
4552 8821 10
2593 4220 1
3090 3926 6
5314 8753 3
1614 7442 3
2616 3606 1
2113 3059 5
4316 6476 3
6496 8117 7
4710 7187 3
1738 6343 6
40 3187 3
6585 7342 8
4032 8065 8
3343 7138 10
1155 1707 9
435 4592 10
5003 7164 2
400 3252 6
3136 4216 3
4161 6955 2
288 7791 4
6535 7441 10
1898 3576 3
2396 5989 9
2432 7719 4
611 7331 10
1608 2435 2
1230 2982 5
1442 3807 7
5948 8054 4
1408 6586 1
789 4310 10
2250 5417 5
4088 6566 8
4904 5958 1
58 4480 7
5648 8846 1
1073 5800 6
3282 3827 7
4266 5831 2
3681 8759 3
1943 6994 9
737 4587 3
4118 7348 7
3417 3838 5
5435 8626 2
3460 7173 1
5082 5643 10
4635 7167 4
2696 4938 6
2755 7676 4
3045 4562 1
4197 7184 7
1168 4017 2
3140 8751 10
1095 7284 7
1480 5292 7
3755 4357 3
5877 7171 4
5580 6463 3
55 6951 9
5169 5181 2
342 4949 4
1926 8718 9
1832 6781 5
2117 7060 7
311 1373 3
5502 8636 9
2454 7503 3
814 2861 8
1473 3309 6
2725 3745 6
4691 7973 7
3265 3944 1
2791 5059 10
1045 3570 1
5296 7105 6
2551 3621 6
1949 5094 3
5000 8921 10
9 3663 6
2760 4493 6
3204 7955 7
1786 4965 9
2948 5598 3
1321 1880 8
818 6117 3
5752 8061 3
894 7429 6
4484 8503 3
2515 6089 7
2649 4185 2
6499 7733 8
3849 7027 7
5596 7031 10
3736 5032 5
2745 6900 7
5193 7927 4
2484 8783 9
3484 4034 9
3831 4789 5
3172 4201 1
2328 8171 6
946 1832 4
174 3515 4
1566 6715 7
583 4104 10
2890 3396 8
1942 2831 4
3700 4409 8
5160 5565 6
2510 5364 7
1881 7603 4
2447 3052 8
6181 6533 8
6632 8228 4
3901 7312 10
1300 7516 10
748 5444 5
7207 7256 8
981 7262 10
4573 6832 1
616 949 3
3957 3958 5
1105 2619 8
6929 8555 1
4189 5806 6
7781 8443 1
687 3866 10
7000 8395 6
5364 6864 4
3042 7294 10
3976 6616 4
6009 6819 10
270 3469 2
778 1123 4
617 7658 2
6217 7072 1
4530 7599 9
2989 3928 5
5450 7890 7
1959 2194 3
1385 1574 5
3140 8457 5
1908 5441 4
2882 5397 5
349 1105 6
1951 5519 8
5510 8921 3
4708 8792 8
4379 7282 6
771 3164 10
2768 5770 3
2258 4399 8
3243 6498 9
1105 2733 6
2209 6177 4
1553 1670 5
4636 4863 5
2228 7063 5
1636 6294 4
3887 5403 8
4621 5819 1
2111 8200 5
1834 7954 6
5051 6999 2
1443 6189 5
5030 5073 4
2643 4338 2
1420 5719 6
2840 8121 5
8089 8158 6
5897 6741 2
3941 5250 10
402 4343 5
1394 4778 6
3406 5004 1
4774 6256 10
3515 5712 5
6768 7950 10
1674 2839 4
3938 8321 10
581 6373 1
3408 6293 2
5235 8289 7
1650 3418 5
2369 5260 10
2980 5205 9
728 1265 7
5473 6045 2
344 4142 8
1821 6775 5
4790 5044 10
1070 3776 5
7533 8661 2
1428 5672 6
3347 5947 6
3582 5187 3
5330 8604 3
6325 7754 8
3163 4586 1
8684 8721 3
41 148 8
1230 7431 1
3539 5080 2
269 8952 3
6458 8656 2
1110 3056 4
741 1509 8
3511 8921 1
4154 6062 5
8113 8878 1
1353 5916 1
2740 7533 1
2200 4346 7
194 4689 6
996 1908 10
921 5422 4
1638 4715 3
2112 7418 4
149 1812 5
891 7366 6
3258 4820 4
5017 7534 9
3935 5006 6
382 2452 5
2729 2769 9
2633 5359 9
7769 8045 3
2600 2922 8
1232 4462 4
4878 5486 5
3451 7300 9
1176 4616 3
4803 6695 9
1923 2390 1
1654 6165 7
1725 7352 8
1752 6859 8
2722 2888 7
681 6972 6
1478 3144 9
2838 8965 4
2804 8742 6
66 674 5
4458 5758 2
346 4803 1
2177 6211 4
4224 8620 3
1903 4632 1
634 4343 4
2580 3354 5
3242 6970 9
2100 8527 8
4352 4860 5
893 5404 9
871 6381 10
5248 8087 2
2218 7601 3
2611 7058 9
479 3460 2
1052 8352 8
1350 5139 9
1328 1372 3
905 8192 1
1965 6521 4
142 7565 6
5085 5270 7
866 4394 6
3137 8939 9
420 1183 5
3399 4150 8
680 4916 4
2314 5658 1
1898 7531 10
4070 8294 3
5181 7014 8
154 1078 10
2899 4800 2
964 7082 2
3965 4708 5
2606 8522 4
911 5600 7
989 5867 4
2530 3622 4
926 2780 3
1632 6362 9
4186 7671 6
4409 6941 7
6436 7454 3
2724 4409 3
2343 7626 5
1378 4380 6
5424 7319 7
79 7807 10
2190 2872 1
2306 2401 7
643 1669 2
2238 8067 10
1454 5314 5
3323 6237 6
2102 8306 5
2243 7423 6
1613 3233 5
3168 3318 1
117 7941 4
2321 4840 3
371 5444 2
4800 8127 1
2516 7246 4
2242 2386 2
7088 8748 8
1239 8965 5
3001 5908 3
4314 5984 10
818 2611 2
46 560 7
2396 2403 3
891 7579 9
2270 6202 10
459 1545 3
5073 7803 8
3828 7154 2
5635 6548 8
1398 4913 1
2865 3762 5
1907 4188 8
2752 5978 10
1864 3894 4
499 5514 8
4129 4595 1
700 7373 8
2055 6534 8
1500 5758 5
1256 4223 1
5050 8228 4
466 8523 3
4839 8143 1
575 3680 8
4068 8734 2
7900 8589 9
2573 6968 8
896 4880 7
4523 6121 4
107 5565 1
5426 6461 4
2192 4754 5
1938 3925 1
3924 8570 10
1239 7498 6
5408 6313 7
1690 4298 10
1076 4395 8
3897 8462 1
4125 6589 4
6817 7387 2
6235 8659 5
509 4860 4
2434 8081 8
10 2120 8
4561 8742 5
1234 8164 5
1100 3792 4
2080 8391 1
464 3172 5
4571 5765 1
5327 6734 3
108 657 7
1496 2455 3
1866 7208 1
3979 6392 10
3729 4484 4
1382 3467 8
1738 8024 4
5107 6444 7
5177 5789 2
557 7007 6
2315 3352 3
4663 8270 10
3304 5276 6
1619 8389 8
589 5292 7
556 5607 1
1316 4316 1
979 3211 7
5316 7149 4
2692 7314 1
8034 8807 10
7673 8011 3
3363 8981 6
4503 5521 2
556 2343 4
2731 4230 10
6251 7015 3
111 3426 7
4096 6441 10
4071 4637 10
7558 8862 1
4556 8900 10
4396 8972 4
1783 6086 10
2112 8149 2
2208 5538 9
535 6010 6
1085 7610 2
3770 4910 1
1303 5858 8
61 7917 5
3971 8277 4
1666 4576 1
924 6691 6
2486 4593 4
1539 7129 10
455 2894 1
1915 4865 5
264 5506 3
3919 7400 8
3557 8524 7
2023 3620 9
1309 4506 2
1927 3647 10
1075 4845 2
4908 7557 6
3513 8934 2
1980 8710 7
1501 3444 4
3593 3970 1
1047 6713 2
2122 3414 1
1998 4975 1
3666 6920 10
3006 4526 3
710 6089 10
1911 7480 6
2030 8916 7
646 791 2
986 8145 5
4127 5648 8
4429 5720 6
5545 8921 2
4511 5605 3
4890 6620 1
4442 5395 7
6821 7017 3
2296 8114 3
253 6770 2
3373 3519 5
6165 7284 3
3003 5434 8
6586 8040 10
7152 8056 2
5876 7042 5
1232 1950 2
3933 7525 9
58 3260 2
2461 4240 1
3321 8923 9
4811 7480 6
769 2064 4
3366 4405 8
3305 3955 1
4540 5217 2
1330 2609 9
7088 7517 3
3033 3644 5
4460 7686 9
2672 7666 9
383 1291 7
3819 7698 8
1900 3691 10
4852 8312 7
195 928 8
4243 6500 2
4495 8557 6
3858 8998 3
971 2902 6
2666 6688 8
1503 7808 8
328 4827 7
460 6100 2
395 4213 10
6899 7071 9
2383 5241 5
2732 6425 10
5431 7414 7
402 6980 8
4618 8010 4
6867 7259 8
99 6922 6
7173 7213 6
6745 8411 4
4417 6393 10
2319 4660 10
1962 6862 9
1761 4043 10
2058 4491 1
326 5297 6
3539 4656 4
3368 7259 4
604 1043 10
503 661 1
6739 8390 9
5991 8896 3
2252 8771 5
1423 8699 8
1977 8237 8
301 4122 4
6248 7937 6
1629 7478 6
814 7029 9
1364 1660 5
2072 5597 6
4764 7850 5
6617 6968 6
893 1250 3
4860 6752 1
3515 7031 8
4059 6048 9
4533 5713 1
1784 3848 1
2663 6247 5
1890 4481 10
5254 5583 5
962 6836 9
449 3594 10
1230 6995 9
3329 6009 1
4052 4951 10
2440 4877 7
2372 4831 8
982 8639 10
2763 7433 6
2248 8017 10
294 6926 7
3268 3832 6
4387 7993 5
5250 5251 3
1243 2392 5
2462 4703 10
5935 8142 6
7133 7329 10
173 7145 7
2022 2039 2
7167 8785 5
2704 5183 8
5636 8425 5
4199 5110 10
2803 5453 1
5424 8431 4
7739 8115 8
1925 4192 5
629 4993 5
8719 8807 7
3636 6252 4
3872 6617 2
16 7194 7
450 6260 1
1289 8122 10
363 1311 10
2196 2774 10
1185 8249 3
5520 7140 8
4223 6120 7
700 4180 2
965 8627 6
3256 8124 7
1826 8093 1
1263 5691 5
4576 4664 2
2892 6022 4
3044 3721 7
12 668 7
3650 7878 3
6856 8524 8
1959 7676 8
2152 4490 1
567 4624 10
1997 8143 3
1125 5718 8
105 4441 9
1629 6453 4
4275 6016 2
1391 3323 10
2606 4910 5
1465 2768 4
2603 8017 7
7101 7760 4
135 670 8
686 5415 1
1752 4011 4
2655 6553 9
2211 3281 7
1655 8870 1
2842 8767 10
2647 4604 6
1241 5992 10
421 6014 9
5130 8874 3
4719 5148 7
3940 6002 2
554 1881 3
1436 3130 8
261 2253 5
2526 3854 2
5672 6025 8
5159 8052 1
1650 7263 9
2507 5584 5
7100 8953 1
5415 5606 3
2037 4372 7
2155 4788 4
4705 8882 9
8118 8221 2
3641 5081 10
2999 3361 10
667 5680 3
2378 2731 9
1190 6375 7
1980 4955 5
1134 3910 6
1237 2855 9
1243 6039 6
1842 8606 1
707 8656 7
4846 6059 5
6412 8570 9
79 1206 9
523 2584 1
899 2255 10
4278 4683 10
3400 7654 2
780 5371 5
77 884 1
3251 4919 6
1577 1583 4
508 559 1
3267 7582 5
1074 5739 10
2972 5074 5
2504 2623 1
968 8360 2
2267 5619 6
4171 6788 6
7438 8578 3
298 4790 8
73 5722 4
3381 6645 2
4496 6491 2
4485 5297 3
2394 4271 6
3523 4414 1
2347 8650 4
2765 3568 1
1428 8502 8
1664 3061 7
6249 8515 4
804 4744 5
6610 6864 8
63 7823 8
3885 4228 10
1706 6897 4
340 3190 6
1404 8408 10
867 8038 2
1007 7588 2
883 8739 3
1116 6576 2
2957 5153 1
3746 7943 9
1910 4736 10
7743 8067 3
1906 4489 4
5030 6408 6
2529 4738 10
2338 6440 9
1753 8977 4
88 8378 9
298 5013 6
3598 8618 5
4843 5072 9
124 2776 5
8268 8373 8
891 8927 6
3025 4886 6
731 3675 2
2123 8318 6
3830 7374 3
2015 3561 9
621 5060 5
1157 3920 1
1583 3290 1
215 4844 6
3280 8992 7
3712 7212 1
5375 8121 2
4009 5617 4
810 1529 2
4525 6721 1
2343 6063 3
1495 2835 10
62 7202 4
1142 6695 6
402 509 3
3361 8282 6
415 6383 7
313 719 10
776 3498 7
763 2285 2
1700 5612 1
4707 4817 9
372 5721 8
6744 8946 5
1733 2444 5
345 2884 4
2456 4747 7
3411 7966 8
1009 2526 8
22 6495 2
2787 5578 7
3721 7261 6
573 2555 8
716 916 9
2825 7095 10
3660 3694 9
2261 3894 9
3800 4113 10
91 357 8
5333 5405 4
444 7766 1
7648 8416 2
379 3654 3
4792 6078 9
3689 5639 3
6941 7733 7
4290 7652 1
5021 7200 6
1060 7940 8
1581 6497 10
505 2803 2
751 4716 7
1274 2105 8
312 2868 3
2745 4597 3
2033 5638 4
1001 5700 1
2162 3186 1
5182 7436 8
2633 3691 7
5703 8691 1
735 4616 5
535 7071 2
5292 5516 4
3101 5685 7
493 4134 3
6227 6927 4
4760 5214 10
1074 1384 8
263 4952 2
2562 3141 8
287 6786 4
82 4284 6
2439 6458 1
2455 8299 6
2031 4645 10
2199 4736 6
533 3952 6
291 3427 4
3485 4565 6
1416 8669 2
152 8403 8
6861 8717 3
3407 6805 6
496 7297 6
2672 4837 3
6043 6370 7
3614 6172 2
1236 2699 6
1578 7526 6
629 2116 1
2731 7982 3
3924 5567 9
4722 8061 2
2050 6646 5
5739 7098 9
6932 8298 4
1141 5201 6
6255 8745 2
4905 5094 8
1066 3699 8
3718 7785 7
2532 8359 2
2702 5792 9
1127 1682 7
4253 8183 1
2864 3955 2
1658 4601 7
4847 7746 7
2744 4950 7
7975 8608 7
617 8841 6
1180 7753 5
15 1784 4
2574 5893 5
1260 6422 4
6450 7610 8
1686 4705 1
1397 5420 8
613 7529 7
4906 5350 7
2128 5423 6
2261 6603 7
5960 8413 7
634 8621 4
2965 7712 10
192 4901 5
98 1698 1
3705 8475 5
2039 2129 5
931 1477 4
2495 8046 7
3610 7658 1
3827 5109 3
3624 8243 1
3612 8591 10
965 7790 9
1809 6290 7
48 1955 2
3925 4310 4
792 5617 9
124 6409 9
3694 4948 2
4153 8811 4
4593 5974 10
2999 5869 9
1845 2116 6
7462 8077 9
3813 5783 10
4556 6640 10
4745 6778 4
111 4456 9
2497 8381 8
1074 2160 3
3357 4353 4
915 3257 6
7451 8335 4
3720 5361 4
1163 2615 10
2897 4084 4
148 4353 6
13 1742 8
1324 8001 8
4700 5651 8
3455 7384 10
2933 5623 9
1120 8594 2
1266 4700 9
1356 2671 9
833 1421 10
1637 3902 2
1722 3297 5
7882 8528 5
3110 3684 1
605 1689 1
4508 8062 2
2886 8500 2
350 7346 4
6088 8408 6
868 1919 4
6182 8778 6
1751 2492 9
5686 7108 6
702 2299 4
3654 4349 5
1451 1662 8
1931 2385 8
3078 4533 2
3185 5308 2
86 7605 5
1376 2657 8
5378 8273 4
257 3639 10
1678 4791 9
1685 3768 7
612 1371 9
3590 4602 8
48 610 4
3301 8577 5
785 2640 6
988 8373 9
763 4226 6
4128 8362 8
7368 7533 4
4660 6568 7
7340 8113 2
4015 8917 10
1639 4828 4
398 7074 5
3262 6215 6
1227 1816 10
6516 8546 3
2281 3807 7
3672 4595 1
6042 7613 2
859 2854 4
2194 5940 8
6315 8321 6
6139 8565 10
1669 5789 6
3681 3856 9
1679 5011 4
4185 6177 3
4801 6201 5
6621 8665 10
2915 6645 3
4792 5232 3
2814 4278 8
26 1226 8
6755 8502 10
970 6989 8
3352 6130 8
5172 8625 10
1988 4356 5
2832 5545 1
5607 5823 2
8156 8250 8
7919 8982 8
1555 2384 4
2228 4258 8
3220 6829 8
1101 3556 6
6229 8637 10
912 4824 10
1260 3033 2
3265 3997 1
4269 5852 4
920 8159 7
3460 8228 10
4694 8973 8
2772 8424 6
378 2977 2
2590 5256 4
1473 5278 1
3634 6929 5
962 8076 4
4802 7092 7
5140 5927 8
1657 3373 2
4492 4569 5
556 697 6
2831 6188 6
255 2670 8
6216 6930 9
3222 4675 2
2425 4118 6
693 6321 3
1097 1936 9
4871 7297 5
110 8141 1
2629 6134 1
1654 3677 9
2259 4690 10
2225 4573 8
1804 2880 8
5089 8725 7
434 6363 3
906 961 6
2822 8218 1
3876 8864 7
4459 5302 7
4192 8365 3
3073 6799 4
1208 2300 1
4312 8018 9
1201 8530 3
1814 7384 9
6202 7889 9
3025 4670 10
2376 4764 9
21 739 8
2805 7182 2
1181 2461 4
363 1731 10
2813 7388 1
3537 7760 8
1914 5840 2
2354 3943 3
564 4952 1
6795 8906 6
1891 4921 10
5228 8875 3
4165 7912 5
803 4170 1
838 6772 3
389 2557 4
5850 6199 3
2847 8793 2
1132 3607 5
3983 3993 1
1488 2692 6
2971 3542 3
54 233 9
2628 7448 8
404 4630 9
4731 5196 7
726 8784 8
51 7081 3
142 6212 7
707 7592 1
1578 4627 1
5361 6365 7
55 3670 4
1420 8274 9
4511 6197 7
3987 5369 8
1009 4961 5
1878 2433 9
5255 8427 9
1001 1431 9
4886 7794 10
53 2941 2
5112 6430 10
4141 5332 6
552 5064 3
926 8555 10
3065 5160 10
529 1340 1
204 3767 3
1011 3580 2
5181 8912 6
2581 4092 8
6140 7770 6
5884 7520 3
4237 6879 3
1536 3942 4
1754 2067 9
2545 8713 5
4322 4498 10
5481 6001 8
1892 5452 9
933 1970 7
1557 5822 2
1166 6715 3
2860 4106 1
538 8876 8
2686 3731 10
309 8013 4
934 2779 5
4225 4514 1
2522 3310 7
3256 8841 9
4241 6667 7
2758 4586 5
4971 5279 6
4031 5067 7
1590 5982 6
3332 7628 5
1745 7546 8
3669 6620 5
8598 8921 9
1367 4549 9
3470 5277 3
258 1193 4
769 2820 2
1263 5103 3
956 6515 5
394 2043 3
1394 8197 3
2562 6083 10
8643 8886 2
3707 5789 7
1145 8630 7
534 2407 9
3858 4467 3
2575 2875 2
2323 5727 10
3589 7053 4
6836 7512 9
41 730 8
83 6586 7
3116 8746 4
4211 5522 7
4100 5228 10
3559 8728 2
6064 8150 5
306 2356 6
3286 5074 4
464 970 4
4339 7583 2
3811 7870 5
377 428 3
2186 2804 7
2036 2625 4
2335 4935 3
3753 4078 4
82 7951 1
3066 3085 1
5483 8542 4
3740 3907 4
4510 7721 5
1427 3216 9
4882 4942 2
4893 5405 9
1306 2246 2
2440 7350 3
1012 6204 8
4476 5224 6
1005 2300 2
1540 6440 9
4119 6099 9
2219 5443 3
5518 5553 7
1650 7183 10
5047 8848 4
417 1689 1
1119 4618 3
3238 5399 2
790 8628 4
429 7774 4
2812 8405 3
7400 7742 9
1466 2245 7
2044 6068 8
2808 3938 5
2104 7874 4
4434 6866 4
1592 2387 9
3919 4741 2
21 3522 1
5981 8773 9
6322 8594 3
799 2825 1
752 7081 7
2550 7785 9
1001 1274 7
1744 3290 4
1616 4083 1
2128 4855 6
1165 7913 10
1151 7900 6
1622 2972 5
4009 7885 3
894 5244 9
5846 8599 6
3026 8648 1
1802 6798 10
5928 7745 9
1925 4711 10
5126 5392 8
3377 5694 7
6098 8586 3
6590 8108 10
2196 5305 8
1720 5128 1
4548 5168 1
81 5287 10
2763 4059 7
4439 8721 7
2641 5146 10
256 6619 8
126 8607 9
463 4384 10
7111 8199 6
1460 5716 10
1485 6882 10
1673 4556 10
205 1789 4
5 8104 7
1325 2084 5
2526 6561 4
405 4346 4
741 2933 1
3956 7570 2
5520 7629 3
4789 8276 9
2974 4339 7
2421 3254 7
2475 7637 1
1626 7752 2
607 6582 5
4962 7365 4
1355 6889 2
4297 8819 1
2490 7154 1
1345 3639 4
3405 7455 6
2964 4411 3
7315 7655 2
1939 7307 5
1622 6457 7
521 7572 6
7182 7899 4
1903 3276 9
256 4084 4
4650 7962 10
5162 8965 4
973 3298 3
4312 6348 3
529 8676 5
2490 5471 8
4376 6235 6
3079 8362 10
1363 3477 6
669 6110 8
1834 5476 2
2620 5517 10
1635 2390 8
585 2138 10
1615 6842 3
565 4969 10
2147 2988 7
1111 3718 6
3724 5613 4
7069 8708 4
2408 6282 1
353 6999 2
1829 7240 1
7353 8682 9
6492 8382 1
2373 6818 3
1930 5176 6
199 1164 7
2028 7660 2
438 4764 10
4245 4427 6
914 8262 10
59 6659 6
450 3883 4
5537 5599 6
637 3751 1
7009 8143 6
2414 8353 10
4380 4571 3
4699 7636 2
200 6217 5
1503 5000 2
347 7544 3
103 282 3
6987 8569 2
6 243 3
688 8831 3
4173 4477 2
4736 8233 2
1496 6486 9
3650 7505 10
2597 5522 10
1405 7520 6
2849 8563 7
70 7112 9
3019 3408 8
669 2905 10
1114 7550 10
3331 7033 2
4066 5465 1
3931 8154 4
2283 8647 4
1839 2500 6
145 3296 1
58 5562 10
6628 7463 2
616 8201 3
3714 4066 1
1011 8709 4
1738 7493 3
1823 4128 8
2690 4508 10
5017 5257 6
3660 4084 3
8335 8910 3
7000 7334 8
4253 6587 5
4204 6258 8
1528 2860 2
1735 8118 4
2607 6783 10
2060 5609 3
1151 4576 4
2929 4164 8
500 5417 8
1593 8513 7
42 2430 1
556 6985 4
4419 5741 10
1669 3415 9
643 903 5
3262 7683 5
185 1027 5
3730 3749 2
1135 8509 5
1490 6110 3
2079 3038 8
2642 8438 4
4634 6712 6
556 4328 1
541 6513 10
1285 2530 3
243 1991 6
2557 7284 1
4772 7847 8
705 1219 1
1450 7234 9
3934 4632 6
5792 7525 9
806 5882 10
3061 5634 3
2553 6357 5
2672 4728 5
4194 8874 5
182 6685 6
4068 8904 2
1041 2747 7
1264 2586 1
227 8971 9
3813 7982 4
293 7374 8
6290 7777 4
1970 5780 9
6366 7508 4
231 8254 7
2096 2729 7
4245 7145 10
226 8805 8
1072 2266 3
5677 6136 5
2557 6697 3
4094 5567 4
3341 6909 3
224 2522 7
2776 7447 7
6945 8804 7
128 1020 2
756 2238 7
1552 4304 6
8329 8946 8
2395 5986 2
5631 8687 7
2224 2649 8
1148 4122 7
884 5530 8
7151 8804 3
5351 8538 8
31 67 5
2111 5731 8
2214 3228 7
1913 2574 7
4564 7415 8
1528 6622 7
1477 2120 8
793 6613 3
4364 4603 1
1627 7645 6
3050 5423 2
3696 4477 1
1697 6018 7
888 5867 9
909 1115 9
7658 8047 4
3681 3925 9
2078 3510 8
5380 7625 3
892 7556 3
260 8992 2
2941 6799 2
3157 8976 3
201 1544 2
409 5156 8
2812 6795 1
909 6526 9
460 4000 7
396 896 2
1062 5969 8
4958 5138 3
1993 4983 6
1346 7383 10
667 8433 7
7790 8263 1
2282 5216 7
3979 6977 5
1490 5358 8
1031 8852 6
420 7630 5
411 7374 4
3046 4079 7
802 4580 9
4448 5253 8
4991 7328 9
1558 2075 3
4847 5669 6
2824 7847 7
1099 8405 6
1924 8839 6
1771 1871 5
3656 4810 4
5611 7978 1
6454 6543 4
5149 5430 1
4566 5569 10
3224 4460 1
3416 3875 6
2009 3707 1
860 2231 3
4075 5333 7
3112 3995 3
3109 8680 8
779 3636 10
3356 3445 9
5600 6404 1
4319 4985 7
2168 4560 7
1659 2454 7
6079 8876 6
638 7487 8
6264 7989 7
1942 8089 8
281 6499 1
1016 5864 10
198 7045 5
2922 5191 1
3929 3952 3
6030 8049 5
3177 6507 10
4109 5797 7
1911 2122 4
1413 4747 8
3603 8109 3
2297 7615 3
6641 7061 3
3406 8390 8
1941 8971 4
1833 8188 5
3103 7809 8
6115 7417 9
6183 8491 1
2690 6272 9
3835 8313 8
963 2359 4
3320 6671 4
1380 3709 9
2132 4583 1
1895 6454 2
3243 7536 2
2814 7017 1
2999 5846 6
5164 5653 2
1874 3810 5
2375 7643 10
1105 5890 4
955 8029 5
2515 3892 1
3784 6497 7
931 3435 9
2471 7026 6
2165 4453 9
3062 5749 3
2455 3005 2
6986 7838 8
2942 7243 4
1439 8543 6
327 3262 7
4928 5079 5
3225 7311 6
8552 8797 1
2342 4329 7
5015 7065 10
1792 5193 1
851 5128 5
164 981 7
2302 2672 9
6618 6814 8
1571 4175 9
3615 7265 4
4667 5969 10
257 7021 5
2692 3557 10
1976 5175 5
5447 8306 6
4219 8132 7
2638 5563 6
691 7723 6
3914 5091 5
2349 4253 10
1676 5706 3
173 2034 5
1466 2385 7
69 613 1
496 8638 5
1068 6137 5
747 8982 9
3121 4564 6
5098 5373 3
2794 4860 1
61 8978 2
6431 8597 6
5162 8414 10
915 8038 3
1117 4669 8
76 4521 4
587 6967 1
1698 3343 1
928 6465 5
261 5165 5
3237 6670 9
3378 7183 5
597 6006 1
3572 6161 6
5983 8357 2
881 5737 3
7456 7957 2
189 3875 9
349 4367 3
640 8290 2
3597 5882 2
1745 7596 5
3878 8245 1
2916 6255 9
1029 1950 3
1226 4193 8
7384 7473 8
7022 8518 3
6050 6146 2
3847 8804 7
775 1882 4
6902 7328 8
5334 7532 9
2465 3052 6
6061 6466 6
3966 4893 7
3854 5515 7
1435 5758 10
1991 8777 5
922 6812 4
2191 2420 1
2223 2845 7
1028 3983 8
2801 8209 7
1758 4926 6
92 4123 6
3124 4101 3
6721 8594 1
2717 3854 2
2061 4672 5
1594 4946 8
5785 8303 8
5349 8195 2
4215 8255 2
450 3668 3
4690 5058 10
6583 8133 6
5268 8136 6
4194 7450 10
6396 7062 4
3963 5573 3
1189 8831 2
4999 5271 2
1834 6379 3
4188 7110 10
4885 8582 5
2426 5442 2
3575 4106 8
1105 8900 6
1966 8822 9
93 7912 4
747 2555 1
3872 5389 8
345 6911 2
1373 7040 7
2772 2956 5
6069 7537 8
7013 8583 7
2267 6903 10
1419 6474 9
1286 1784 6
1658 4949 2
1663 3201 7
831 7857 3
4101 4920 4
3079 4559 2
3468 8123 3
1933 4979 1
983 7972 1
1123 8499 7
6195 8877 5
514 1923 3
4015 6878 5
7724 8645 3
6987 8658 6
2925 6224 7
3298 7602 9
2158 2215 3
1967 2508 8
6008 6952 4
1512 8727 3
2589 5841 3
833 5262 7
2332 8447 9
332 8634 4
2538 3915 6
6215 7160 4
1748 5656 5
1858 5768 7
5895 7725 1
2364 5753 8
179 3612 3
740 1464 1
2331 5868 8
2723 4693 1
374 5340 1
2329 3935 10
3618 6211 8
867 1812 3
6983 7537 3
357 5461 6
295 6025 1
304 2252 9
3658 5947 3
291 808 10
1845 6763 8
264 4463 10
2257 4579 10
3897 4104 7
7147 8154 7
988 4085 7
1407 5713 7
2673 4326 3
7650 8156 8
1324 8388 3
286 6933 7
977 3902 1
558 4436 7
445 7325 9
873 5268 6
3861 6362 3
2860 7203 10
2173 6372 8
2668 2964 4
440 2124 2
2168 3027 10
2885 3256 6
1854 5248 6
194 1957 5
3396 5735 9
5911 6214 5
1629 2823 2
358 5130 1
2105 4211 2
948 4244 10
2226 3122 4
6177 7642 4
3818 8328 7
6329 7579 5
3703 4717 7
417 504 1
1769 7721 4
6011 6742 4
6054 8789 8
4328 5020 2
565 3304 4
2096 3111 8
2988 5266 6
3021 6122 1
2628 2852 10
3598 5782 9
1522 5778 9
2488 5686 7
2691 3881 2
120 1569 1
2629 3061 3
2115 2622 2
6216 6564 9
4984 6375 1
4688 5515 1
723 3138 8
1454 5977 4
3794 4327 5
4941 5295 9
3274 5028 9
1000 7065 6
1341 4881 4
2701 6763 8
4243 5929 6
4125 4674 4
220 1966 4
6963 7408 6
8067 8211 3
1848 3291 8
6608 8919 5
2874 5117 1
338 7467 6
2277 6398 5
3690 5851 3
8504 8574 6
1012 1418 5
6723 8429 6
7243 7892 7
2513 5913 3
4664 6118 9
4744 6084 10
2578 4272 1
6110 7917 5
4532 6069 3
2428 6581 3
720 2811 3
3270 8893 5
3613 7947 6
131 2824 3
3237 7463 6
1655 3768 9
243 2024 10
3501 3553 6
2238 8253 7
3189 6286 4
2529 6582 2
618 6333 8
6936 8771 1
3509 5533 9
237 7208 3
4257 5368 7
2024 2289 9
5830 7784 9
449 5972 2
2950 8202 9
457 5432 5
6240 8058 10
1088 4854 2
5684 8827 7
2326 5244 10
580 1898 3
811 7997 1
135 2249 8
6227 6556 10
1661 4928 3
2355 3673 1
1355 6154 2
2201 3765 4
4382 7622 6
5299 7341 5
4098 4164 5
3350 3455 5
2074 5837 3
946 1597 1
4478 8631 8
2987 4773 9
1704 7147 2
4251 6791 4
6880 7674 3
4276 6018 9
1014 6492 1
2112 2215 6
7299 8522 3
2030 4376 9
3289 5189 3
3391 4611 10
1756 2968 10
1829 4366 6
680 1562 3
3989 5414 8
1532 5173 4
3665 7005 7
5891 6548 2
2830 3012 1
2366 2991 3
1403 7906 3
1433 3373 5
594 7824 5
383 6317 7
1348 3601 1
734 5969 4
109 7216 7
762 7717 6
1567 5958 3
585 1338 10
6116 7239 4
2366 8790 8
930 5237 6
6246 8539 7
6787 7653 9
1066 5293 10
4188 4888 1
1150 3635 1
1365 4689 2
286 2950 10
2731 4982 3
1030 1578 8
1734 3382 10
5599 5624 5
3136 6020 4
5797 6320 10
3718 4747 5
4019 8423 9
3144 7114 4
1513 4429 9
823 6647 6
4224 6447 4
2549 3920 5
1572 2722 5
1380 8784 10
2536 7112 3
6698 8141 4
3053 5439 10
2289 7776 4
3642 8428 9
905 2186 6
6376 6418 4
2095 2823 5
2489 7667 4
4524 9000 6
3030 8855 2
2596 5635 9
396 7059 7
6637 6991 9
1188 7436 4
53 3995 7
964 3990 1
3985 7831 2
1418 3954 3
6277 6583 9
3563 4181 10
3400 7907 2
1802 6890 1
1116 6562 3
3409 4292 4
793 6510 7
8 5098 8
375 8661 1
3428 7918 5
3411 6198 7
628 6299 9
2966 7755 4
2055 8626 8
2113 3261 6
891 3591 8
1428 5637 8
2969 3565 2
4970 6141 10
633 2717 2
2566 3411 1
3873 5069 8
896 5060 9
3739 5972 2
2447 6495 10
4652 6918 3
3896 6542 10
407 544 5
1003 8721 10
2411 3673 4
4865 5578 9
457 7473 1
6518 8339 3
2852 3405 3
2309 4019 7
329 5822 6
682 7832 5
2415 3449 7
319 2133 3
5845 6857 10
6110 7532 10
4161 4817 10
3389 4897 3
3309 4147 2
3263 5739 1
3140 8860 7
906 7367 2
2121 3227 1
3307 6291 1
3977 6330 2
2840 4962 10
142 6223 8
1969 2834 2
683 5924 10
2216 3883 3
2674 3405 8
3083 3173 1
6115 6582 2
526 3845 8
2757 3888 2
5593 5740 5
6923 7455 3
961 6970 4
1051 1575 7
6249 8474 4
2739 4021 2
1160 1884 4
3717 4610 3
3279 4695 5
3269 5080 10
315 8646 5
5250 8036 5
280 1643 9
4559 8468 1
8340 8562 9
1354 8766 10
2297 5453 7
981 8622 4
721 2304 7
2233 4101 6
7823 8338 1
2855 7170 6
5018 8345 3
3097 4471 3
4026 5634 2
7146 8048 8
506 1856 3
4548 5137 5
3029 7959 9
1610 5320 3
3700 6662 6
591 2948 1
4378 4431 10
8013 8609 3
5345 6182 5
4712 8508 1
6610 8225 5
2150 8513 9
769 885 9
1461 5845 6
4330 5790 9
3096 3346 5
4587 5644 5
4276 7024 8
1650 5619 10
450 3237 2
3774 6531 3
4481 6864 5
1458 1939 8
4669 5926 5
7410 8924 9
1985 6266 2
6123 8887 9
1137 7356 10
2889 4409 6
5498 6373 9
1743 7830 8
2842 8860 6
5313 7057 6
4248 6769 8
4609 5030 10
3306 5324 2
4006 4862 1
228 8958 5
3636 6212 6
5873 8061 8
7791 8832 9
968 8991 4
4552 8544 5
2207 2661 3
2863 8176 7
921 1207 10
981 2030 8
2774 6921 5
766 806 6
456 2913 1
1446 6385 6
833 6725 5
2374 7039 3
2376 8201 7
4702 6274 7
2005 4875 2
2826 6220 2
947 3838 8
5173 5291 4
3360 5423 1
2027 2765 3
1888 4786 3
6671 8726 8
1593 3177 6
1439 1915 7
4369 7073 5
3626 4387 4
80 2556 4
5293 7051 7
1241 1847 2
5027 5486 3
3446 6094 2
4049 5940 9
617 8659 8
791 7916 8
745 4639 1
4763 8691 9
3272 4516 9
3990 6167 5
172 2595 2
2030 6877 5
1747 4697 9
725 3567 5
5325 6252 10
3245 4583 1
1126 2251 7
5807 6399 5
1486 5747 7
6443 7945 5
925 7189 2
1120 5179 6
6146 6694 5
4653 7750 2
124 7436 8
900 1240 4
2709 8898 9
821 7638 2
3898 6383 3
1837 8832 3
1463 4215 1
2244 2986 1
935 999 9
1538 8021 2
2337 3892 1
279 2255 10
113 6747 7
198 3357 10
2611 6480 1
1351 5644 7
3640 4050 2
590 3616 8
135 1816 3
4633 5665 4
5201 5314 1
5406 5451 1
2973 5737 6
338 4956 10
7901 8125 9
1439 3432 10
991 4937 10
687 2270 3
430 4166 1
639 6948 1
303 7106 8
2955 3883 1
229 838 4
766 4414 3
39 7183 3
644 791 9
2330 4316 4
3781 5607 1
4961 5770 6
3549 4794 8
698 4202 5
2073 5655 9
4080 5517 2
1032 7051 5
2682 6594 8
5723 5941 5
5111 5486 10
2340 5099 2
2850 6651 5
2544 3647 1
638 5866 1
3880 6609 8
2973 4933 3
2469 8492 1
1097 5165 3
4001 6928 9
1879 7179 8
5287 7230 10
2039 2373 1
7094 7404 5
2186 5893 5
4399 7298 10
2398 2706 1
642 3069 6
1939 5742 2
646 1467 7
4831 5662 8
1530 5651 7
2554 8671 10
237 2089 8
3141 8589 5
2559 7546 6
353 6921 3
2493 4568 2
2910 6426 7
5168 6133 10
73 2974 8
2532 6142 9
6036 8185 2
58 3183 8
565 3502 10
783 959 10
1380 6013 10
7068 8229 2
2593 4989 8
621 940 4
4754 8887 7
5644 7356 1
1440 8985 4
362 3082 1
4636 5528 2
128 4772 5
6876 8722 3
1625 8059 9
1319 5255 6
1994 2252 7
2860 3752 10
1749 3554 1
6147 6723 10
2216 8822 1
3487 4010 2
1804 3981 6
1521 2499 3
1714 5909 7
3940 8500 6
393 7269 2
6346 8903 4
908 7159 7
2694 4559 7
195 5935 3
4191 6285 3
1760 2705 8
3507 6914 10
1824 3661 3
3068 5711 2
2086 3666 2
1117 6346 6
3296 7155 4
7734 8320 4
626 5286 2
378 654 2
1851 3333 2
7337 8128 10
5292 8671 4
2642 4723 9
274 8396 4
4367 7668 7
588 2992 2
3223 5258 1
4881 8756 7
3756 4842 9
2331 6094 1
1311 2586 9
3467 6203 7
1301 6373 7
4890 5717 4
5979 8147 6
2404 4149 3
2543 7856 4
2028 2306 7
4819 5960 1
5 3491 4
3785 8034 5
4153 5863 4
1224 5091 6
1707 4634 4
617 3381 8
4124 4141 10
444 5515 8
2687 5655 5
4104 5712 4
3219 5000 5
668 836 3
1359 2737 5
3339 4896 9
937 8925 7
1279 2040 6
1592 3244 2
3041 8534 4
2169 4055 5
248 6155 3
3182 3578 1
1963 4301 7
1264 7939 2
172 1561 5
5067 7272 7
1792 5681 4
146 7766 2
1709 4838 10
1398 5729 10
1516 5437 7
704 8261 1
6318 7525 9
608 6690 2
439 6761 4
1766 4480 3
3252 3433 6
5175 5508 9
2067 5120 7
4614 6467 7
10 5882 6
345 2898 5
1125 1910 7
5168 6681 10
2953 6926 10
260 3038 8
1980 4910 1
656 5493 8
363 2984 9
1583 1936 1
4269 6044 3
5126 5476 10
1618 7824 7
2855 8461 10
2895 4659 10
1769 4541 7
5426 5686 8
3014 7206 6
7294 8871 1
1059 1786 8
5717 6388 4
697 9000 7
7949 8003 7
4411 8094 9
1326 2448 7
657 4169 9
1877 3800 8
1417 2233 4
116 5607 4
3550 4634 10
3612 7204 3
2125 3238 6
2190 2618 9
6393 7063 6
3103 8594 1
4481 7159 10
1511 5176 4
452 1684 8
4904 5118 6
3400 3657 9
6794 7494 3
1893 2995 9
3020 8527 9
1379 5833 4
2391 7452 4
479 3296 8
5497 8229 5
678 683 8
3951 7297 1
1082 7106 7
7087 8043 4
4134 7878 1
7128 7326 2
1675 4500 10
3022 6447 2
2597 7204 2
1529 8626 6
1945 4647 4
2323 7084 10
642 3457 5
1025 4244 9
2517 5296 5
2137 2253 9
5360 6820 4
5054 5379 10
5440 8839 8
3277 3773 7
5774 6036 2
4324 7851 2
6296 7184 4
1201 6286 2
3733 8388 3
1064 3871 1
8073 8101 9
3071 4925 6
5811 6024 6
3162 3647 1
128 4938 6
235 1600 10
843 3810 2
446 1240 10
3870 4624 5
4755 7568 2
1284 7953 7
76 8055 7
3160 5999 8
164 746 10
1739 5177 3
944 3041 9
4194 4744 7
2586 8535 6
3053 3559 9
634 1248 1
3670 8555 2
973 4848 5
3662 4320 8
4590 8395 5
1131 8173 3
2911 7071 7
257 7694 4
2984 6253 9
1091 5410 4
2570 4139 1
7912 8717 9
2257 5311 7
3538 5224 1
424 1667 9
964 2524 7
1259 7768 7
132 4512 6
7884 8692 1
215 337 4
4105 7442 2
3585 4184 6
3246 6249 3
45 5372 6
3658 5037 8
2974 8342 9
6605 8879 1
788 3041 4
2695 4826 7
5864 7571 10
1041 2769 1
6472 7338 3
1259 6817 1
5638 6807 10
437 3312 7
4908 8987 4
3337 3757 8
590 4221 5
4383 7030 2
7593 8972 3
2397 5863 5
228 362 4
1666 5853 7
6071 7639 6
1209 4370 10
5890 8512 8
3371 7925 8
3157 5247 7
2418 5950 9
41 2220 4
7833 8310 6
4292 8049 4
4074 5898 9
1579 1667 2
1723 2313 3
6942 7417 7
738 8387 4
2711 7124 3
861 6946 1
4894 6388 5
2839 8596 7
544 1865 6
4113 7297 8
4347 5653 8
5172 7909 2
2057 6590 4
829 7929 3
4021 6333 2
148 8965 8
2710 8200 10
4526 5609 5
5798 6272 1
5801 8546 5
4923 5742 9
1517 2729 9
3852 5247 4
2768 3153 5
183 4353 8
6537 7573 8
588 4370 4
3479 6642 6
3040 3085 5
3953 4412 9
1561 7416 3
1432 5092 9
1007 7909 6
3524 4850 4
6096 7456 9
6197 6380 4
2380 7986 2
6370 7389 7
4753 6554 3
2008 8806 4
3052 7199 6
3921 6663 7
3810 5585 4
1857 2921 7
365 3781 10
708 1451 3
1546 8691 7
3503 5378 5
3846 5629 8
4571 6400 2
4747 6975 5
2060 2190 4
3703 7472 7
6119 8435 1
8308 8905 3
2384 2807 3
2920 5516 7
4186 4247 7
58 7845 1
3226 7836 4
4996 8513 1
3544 6101 6
5554 8941 10
2855 5163 8
1222 3542 6
7522 8976 8
1921 5937 2
6049 7653 2
6384 7005 3
413 5374 5
67 5638 6
881 5427 7
1997 5815 9
1331 8307 2
1733 7551 3
1128 2479 3
4081 7323 8
1983 3922 7
3317 4787 8
1919 1969 10
1248 3657 3
124 2727 3
1207 4249 6
4402 4806 3
444 7653 2
4894 5085 1
1053 3558 5
4916 5259 7
2193 4405 2
3100 7337 7
652 1482 7
6315 8604 2
687 7526 6
3812 5138 5
297 4076 7
3939 6979 6
3198 4870 8
4778 4959 5
6794 7957 5
1824 3274 6
7688 7919 5
4499 4713 7
955 6536 2
7167 8741 4
2087 4379 7
1829 6308 9
2414 4223 4
1578 6543 9
2024 5461 1
464 5748 1
992 5060 5
3384 7420 2
3381 3444 9
4772 8034 2
459 4358 4
4566 5617 7
1142 8256 9
1226 2863 9
242 986 10
7130 8785 4
2622 2654 3
1140 1251 3
363 8560 6
794 1347 5
4704 8020 5
2209 8071 6
4238 7460 6
3487 8688 4
561 4774 6
5158 8133 5
2746 6868 7
2175 5376 9
2065 7186 2
750 3173 9
4223 4602 9
4533 5328 8
2302 4351 8
870 6190 4
3629 4166 2
1205 7848 2
265 1411 3
1859 3614 3
3177 5215 3
1262 2369 10
1037 4581 5
768 7595 1
4755 7272 8
1939 5378 1
2969 4070 10
1263 8061 1
4809 8106 8
668 3194 7
4090 4701 10
2115 8324 1
3497 3958 7
1101 7256 6
188 4941 8
1197 2381 3
3488 5984 4
3029 4362 3
694 4901 5
5259 8133 4
4131 5846 10
1488 2307 9
3670 8645 6
4508 7330 1
1221 1719 8
3548 6820 8
5583 8454 2
2038 5609 8
2126 4427 3
5722 5979 4
2038 5758 2
10 563 10
1669 2679 5
1557 5618 5
299 1664 2
4113 5115 3
2801 3119 9
2309 5398 4
6541 8270 3
4803 5889 3
1051 6307 5
7510 8919 3
5677 6243 4
4679 8775 6
1855 2435 5
7462 8923 4
5103 5408 7
5358 7159 5
2444 7859 8
251 705 7
5532 7179 10
485 4354 2
1050 5691 5
1724 5563 1
2669 8650 6
2755 5300 7
7592 7923 6
1226 3588 3
1412 4631 9
5443 7796 3
1223 8781 6
3642 4833 4
4016 4171 9
3184 5323 4
806 7875 5
7881 8621 8
1240 2367 5
2238 2897 2
1373 6098 9
721 912 2
4298 5665 7
5731 8270 5
1127 1566 5
133 6377 7
2817 4687 6
2072 4413 4
2185 6713 9
333 3429 4
2150 5558 5
1837 7037 2
7007 7239 7
2194 8485 3
4885 7817 3
5061 5781 6
898 1825 3
3727 7708 10
2096 7446 2
1583 3045 5
1713 4662 3
3366 4703 6
1567 2287 7
2352 5703 10
3705 5757 6
2723 7543 1
177 8241 10
1637 8198 10
2132 8538 10
1273 4657 4
2683 3530 8
5774 7311 2
5997 7572 7
1580 5284 6
7912 8125 8
3512 8882 1
1147 4750 8
510 2905 3
3449 8154 7
1357 7949 8
4160 8968 1
1180 1330 9
3376 7640 2
1630 4129 2
1330 8867 3
6727 7057 5
1677 2736 8
1242 3558 10
3428 6688 4
4809 6023 1
1002 8023 6
3070 8720 5
2911 8040 9
5915 6507 4
272 5215 10
2637 4865 1
979 2794 3
2527 8632 6
4671 4913 7
4992 5993 5
7594 8538 3
262 8630 6
959 5780 3
4249 7308 5
1201 8045 8
518 5831 8
2775 7565 4
1390 6194 3
674 1720 2
393 3786 6
2342 3239 10
2023 4383 8
3594 8845 7
3037 4266 5
727 6909 5
3003 6386 3
5248 5949 10
5709 6738 5
3514 5709 9
3158 8434 10
622 4865 1
704 3082 3
4728 5840 7
1444 2592 8
2036 2551 4
1862 6251 6
1487 4390 8
4450 4554 7
1223 3621 4
1859 7093 10
973 6641 1
4540 5118 7
478 8852 8
4848 8763 4
4627 7816 1
355 870 3
1716 2656 10
505 4257 3
6735 7199 10
403 2288 6
266 2180 3
1752 5265 3
1232 4323 2
1669 2796 8
2685 5044 8
5030 5733 1
756 5394 2
2899 8577 1
4175 7789 10
1595 7040 9
1836 6893 7
6591 8700 10
2025 8060 4
2946 4156 6
4297 6200 1
3878 4858 10
5247 5989 10
6183 6687 5
3977 5584 9
4825 6815 4
4467 4574 8
2599 8332 6
555 3799 6
783 1637 8
2309 8595 5
2746 7447 1
2424 3148 9
1676 6955 10
1787 6715 7
1620 6340 7
1413 5997 5
3043 4520 2
106 4357 9
2947 4454 1
3165 5242 4
4168 4171 8
3755 5529 1
855 4452 6
3487 3954 3
325 1583 4
4634 6195 6
1817 7614 3
808 8789 1
673 3240 10
884 5418 10
4758 5164 7
1843 4594 10
311 1746 8
4538 7527 5
1063 8541 10
5088 6441 3
238 3429 3
812 1208 3
4030 7469 9
2316 3170 3
3442 5732 9
449 8654 5
818 6411 3
4315 7820 2
3143 5282 2
7864 8233 10
374 1375 4
1297 2290 1
1245 5907 10
6075 6225 9
759 5155 3
3530 6247 5
327 1588 10
4246 5510 3
1463 2464 9
2758 4461 3
5998 6606 4
2956 3538 2
3390 4241 6
5112 7066 7
1552 3418 6
255 1809 6
3111 3838 10
1967 5734 1
3323 4643 9
4269 6277 3
2415 3766 7
3775 4297 4
393 5284 4
3334 7104 8
378 1933 6
1233 8448 2
637 4452 10
3872 5286 7
1379 6651 8
3316 7886 4
5400 5422 9
2315 4916 6
162 5728 2
266 845 8
5906 6376 5
5495 7391 4
143 8559 10
7788 7811 4
1328 3323 9
6366 8045 4
517 4122 5
526 3358 6
6749 8537 8
2185 7390 2
3852 7441 6
1131 4062 1
2730 6116 6
2187 3938 6
5622 6451 3
2070 7363 7
4307 5069 5
3391 6441 2
4915 6732 7
1394 1841 10
1787 3971 10
6733 7505 2
2280 5999 4
2200 3172 3
311 5662 8
506 5331 4
1317 4240 2
851 1684 5
633 4436 9
568 1014 2
1602 3030 2
1398 2456 4
5072 7737 4
1069 3990 6
2890 6129 5
1278 2990 7
1164 6710 5
1201 2527 7
6615 7579 10
1808 4733 6
960 4766 10
2368 7768 5
718 6052 9
2445 4470 2
4725 6371 7
5367 7427 1
25 7087 2
1921 4341 4
584 5042 4
715 7978 4
563 4762 8
1915 2548 9
5409 8149 3
672 673 7
5737 8728 2
1441 5207 5
2586 5071 5
3589 4313 4
2853 3510 7
1351 2455 4
451 4536 3
6266 8665 2
2117 5486 9
3486 8135 10
400 8096 6
2964 5964 2
2054 8626 9
1689 2836 4
301 5226 1
595 2355 3
516 3443 9
2428 8170 8
2164 7002 7
1365 6407 1
1764 5371 10
533 700 9
395 4421 9
3543 8747 4
1475 4499 1
1919 4325 10
4695 6650 1
5309 5742 2
4646 5768 2
1101 3372 1
557 5544 2
2506 2923 2
4550 5744 10
2608 5368 4
7778 8549 6
7532 8605 3
3938 8886 2
2480 5240 8
248 329 5
1981 6164 6
3979 4806 1
1594 5042 1
1379 2627 9
3681 6886 6
1167 1724 3
2338 7563 10
24 871 8
2435 7094 4
3017 3935 1
5896 7321 8
5146 8164 9
2525 6415 9
141 324 6
4511 7894 8
4614 8564 2
3215 5425 8
2600 5961 2
4390 6545 6
5043 5375 6
379 1643 6
2821 7883 1
5428 8695 10
5747 7326 8
3302 3973 10
702 8680 3
7944 8618 4
7201 8371 8
957 5154 7
520 6970 4
728 1056 6
2615 6778 3
1508 2031 5
3159 4728 6
355 1678 9
5136 7697 7
3502 6319 10
689 7878 3
3081 6517 9
963 3962 7
4308 4553 3
1330 8721 8
85 473 8
1101 3560 3
5232 5758 6
342 906 9
1595 4153 3
4526 4543 5
3752 5268 1
3705 4059 5
1579 4951 7
38 2874 7
3164 4390 9
3647 4235 10
3774 3880 7
520 6220 9
2782 3756 1
1169 2072 8
6648 8526 5
276 3749 5
3944 6265 1
6958 7372 7
3806 8733 6
1797 4735 7
2875 4225 5
1874 2393 10
3667 5338 1
3896 7966 2
1677 6917 8
1502 6446 2
4323 4523 4
3034 3822 9
109 7606 10
152 2786 8
88 142 1
854 1430 1
889 3378 2
2040 4195 7
918 8345 10
3037 5293 4
2164 5664 3
1908 3130 7
130 3929 5
423 4419 7
2304 8277 7
2768 6901 10
5521 8160 6
4257 5667 6
3431 3972 5
2909 3114 1
4408 7014 6
1347 3227 8
5751 6288 5
3372 4578 5
5072 8531 3
3230 3578 2
2395 8246 10
770 6475 2
5446 5977 6
335 5136 5
2059 2260 2
4143 4395 4
699 4949 6
4723 8998 5
1144 4011 1
2177 4754 1
2394 5054 10
3703 5420 5
98 1546 6
447 1606 2
2083 2405 10
215 4003 6
1241 5986 3
973 2969 8
1438 3796 8
3422 5522 1
6481 7551 4
1083 6111 9
5707 7258 2
4644 7383 9
350 6694 10
1923 8988 7
6903 8224 2
4893 6167 8
448 8287 3
953 4038 6
944 7559 4
974 4017 5
2338 2402 1
769 5550 4
2032 6271 4
1355 3634 4
2042 5913 5
120 4361 4
6475 8511 6
5498 7703 6
1131 6872 8
5912 7471 10
5458 6578 9
370 7008 6
6232 7825 2
2520 5138 2
1677 3030 10
608 7171 1
4661 8545 5
560 3813 3
67 3772 7
3827 6007 5
177 3953 5
7948 8364 6
3811 6598 8
3819 6723 1
7861 8307 3
222 3973 10
4229 8494 4
7358 8611 6
7786 8946 2
2298 3900 10
1145 1839 7
1928 6639 3
983 4749 9
3063 5490 9
2375 8199 5
2263 3359 3
5054 6169 5
845 4107 2
1591 3093 4
2229 6697 10
5231 7614 4
5611 7603 5
7202 7833 10
3992 6673 8
91 1038 10
6054 8526 5
40 3709 1
12 4929 2
694 4217 10
857 2402 8
1498 5913 3
1606 3545 1
6277 7814 9
2217 3837 1
676 4850 10
2560 2984 7
6868 7833 3
819 7606 3
1220 2028 8
2721 3093 5
535 6380 7
8788 8860 2
377 6715 9
8432 8777 9
2417 5761 10
7275 7534 4
1271 5196 8
1718 8958 1
2649 7720 8
762 2471 8
5338 8908 4
201 1584 1
1390 2099 6
1842 3374 10
620 5704 1
6407 8681 2
7804 8513 5
6906 7009 5
2412 4238 1
1680 7443 3
2607 3782 4
2005 5931 10
3435 3819 3
817 1903 4
197 6230 4
881 5300 8
1196 7846 3
118 2546 2
3929 6242 5
122 4977 8
410 8783 6
3290 7465 2
3134 8104 8
5888 6336 7
873 3381 6
2089 8451 2
3176 4757 2
4301 6450 7
790 2944 6
1238 4256 7
156 6712 7
2329 4610 2
1060 4726 1
167 6610 4
3229 6112 6
367 8613 7
4973 7187 8
2794 3605 8
4546 8985 3
1148 3484 3
3258 3337 4
330 1824 5
6830 8011 9
2353 8883 1
1249 1405 10
966 1583 8
90 8553 10
2924 5705 3
4724 7499 10
317 6561 5
2422 4604 3
1435 4772 10
4116 7535 8
900 3307 2
1792 2085 1
5503 7637 1
5189 7686 1
2850 5056 5
57 7860 4
3911 6541 4
430 8234 6
3691 4288 2
54 200 7
300 2417 2
417 6908 6
1853 3380 3
5718 8550 6
637 1263 2
7533 8481 7
4314 5756 2
2938 4811 6
894 6299 9
2050 8023 8
1647 6475 7
452 1310 4
5219 8644 7
1196 7545 2
220 8147 2
3843 7160 9
6753 7844 4
5856 5924 1
4213 6509 5
3401 6915 1
70 5240 4
3812 8820 10
283 2952 7
3060 8011 7
1428 5058 1
2099 6035 5
1732 4334 4
3708 4262 2
885 6131 7
4012 5212 4
67 1152 7
1672 5150 4
5839 6250 8
578 8151 1
2112 8477 9
3476 6415 10
2870 4905 7
571 8323 2
4434 5162 3
3946 8760 6
3375 4096 1
1875 5216 6
5881 7884 8
2889 5824 7
1639 2914 5
2044 8046 5
124 495 3
1217 7081 1
108 283 2
6308 6798 8
1086 1758 1
790 2519 4
4241 5367 2
401 5815 4
1743 5649 2
2226 4825 8
1328 7517 9
1830 6662 2
3297 4738 2
2816 5717 2
5176 5939 4
1951 6576 6
407 5081 8
3656 8438 8
2940 4968 5
8095 8750 3
7293 8947 7
5601 7299 7
1291 7609 4
1829 2732 7
2857 5497 2
7079 7516 10
6722 8647 5
4367 8827 5
726 8115 3
1210 3499 3
2958 3260 1
1861 2721 8
676 5264 10
613 2466 9
5757 8124 9
1269 3396 10
2244 2903 7
2785 4488 4
276 5056 1
4933 7533 2
4047 7598 2
2729 7082 8
1977 3463 7
3359 3824 9
1697 7318 2
1146 8356 2
2474 2820 8
3252 6808 10
912 7865 9
5 2881 3
2881 7952 1
1759 5066 1
2162 4901 10
1051 2388 9
230 4214 4
7593 7717 2
4343 6561 1
5519 6224 5
1551 2114 1
441 1396 2
218 237 7
3815 4479 4
6099 6398 4
2926 4851 2
104 7041 6
101 8096 10
3826 5451 4
44 8019 2
1727 2993 4
2243 3291 3
5008 6044 1
3302 6752 4
6078 7906 8
3946 8389 5
3043 5021 5
1767 4351 7
3644 4976 7
1176 1892 3
5637 5953 9
1126 4329 1
5572 6921 10
2114 4427 5
1754 5869 7
6443 6826 5
3441 7453 7
238 4476 10
2687 5225 3
2404 2481 7
1926 4904 2
1744 7351 3
352 5510 3
2705 8987 2
2472 4568 9
3864 8444 2
3021 3882 2
928 6985 9
3468 5301 2
571 2615 8
1997 4588 10
268 5091 3
2604 4535 2
360 1053 4
236 5435 9
8412 8849 10
5914 8370 5
410 2028 6
1365 5480 8
2270 4620 10
4643 8081 2
69 7115 2
2477 5977 10
434 6823 9
1780 4522 6
2556 4840 3
4675 7627 4
564 5055 6
4105 4409 7
3915 4548 5
428 2409 2
1941 4234 2
277 4623 6
1986 3743 8
141 4571 9
636 4796 5
5645 7260 9
1477 4339 6
2625 5892 4
4468 4605 4
4821 5249 3
2421 7529 9
5212 7242 9
4148 5066 5
4460 8936 5
2823 5702 9
801 8628 7
136 6910 1
1474 8198 10
4479 4682 8
2496 4447 10
2782 6843 4
5928 7684 6
8465 8863 5
441 459 1
4678 5707 8
1241 6809 1
4100 8214 4
5251 8051 8
4145 8616 1
3754 5833 9
1856 7254 3
3413 4217 9
1478 5965 9
5126 7404 3
683 5269 8
1107 4747 10
1687 8561 9
1184 2365 4
2070 4107 2
273 5479 10
1653 4361 10
4282 7204 7
1044 7038 2
3778 6251 7
2177 6725 2
2783 4884 10
1488 5686 3
1623 7741 3
4745 5233 10
1254 6206 2
4363 5172 7
3791 8599 2
6366 6375 7
5279 7784 8
1073 2901 2
1904 7074 3
834 6765 8
4832 4939 3
296 8623 8
1316 7002 5
4551 6103 4
5064 5579 5
3514 4627 10
2983 7051 1
6338 8992 3
4365 8795 8
248 1041 2
4728 7682 10
3609 5795 8
787 2704 9
4036 7476 4
192 1172 2
639 2930 7
4568 6842 1
4227 7009 3
2303 5324 4
735 1638 10
1110 3042 10
6110 8155 8
5021 7602 9
4042 7261 8
2042 2566 6
4769 6656 1
3041 5744 4
3249 7405 8
3520 4748 7
1496 3625 9
2972 6867 10
3421 7759 8
3055 4160 10
2082 2746 9
1486 7201 4
2379 5329 9
3926 7555 10
3196 5147 8
35 1253 3
5679 6708 3
4604 8042 6
819 1051 4
908 6317 2
4452 8393 4
1430 7469 7
1295 8405 4
98 803 8
467 5088 10
4178 7776 1
2623 6136 6
2127 3404 10
2360 6134 6
2771 7160 7
1960 8196 2
2664 8486 7
2123 3524 9
5778 6857 7
3342 4039 10
3325 4973 1
1498 6802 9
4186 8184 6
3990 5309 9
3444 6294 7
3839 7569 8
4842 7244 3
549 7707 9
746 6568 8
2106 7369 5
786 1211 7
5939 6014 6
3204 6142 1
2433 8645 2
2377 6650 2
1947 3100 8
5208 8583 9
225 6897 2
4958 5703 3
4531 6618 3
2630 6160 4
866 6994 3
306 7108 2
8351 8546 2
435 4298 8
5004 6194 6
5652 8919 9
2519 3523 2
281 1245 3
1237 2237 4
2014 6929 7
1542 4479 9
678 6522 9
1516 5097 2
1408 1595 9
1270 5754 4
6801 7699 4
1209 2801 2
7110 8932 2
2219 4120 7
270 6095 5
190 4388 5
1023 3175 3
2641 7637 4
1519 1832 8
807 6133 4
3392 8976 5
1579 6048 3
4621 5539 7
115 8585 3
7378 8238 4
1756 2737 8
4544 7174 3
189 5861 1
1733 3072 6
2427 5319 9
1849 5332 1
2362 3277 6
2899 8463 7
16 6784 2
3271 4331 5
1201 4029 5
6710 7172 7
2282 5975 8
5481 8080 2
2708 5343 5
3296 6453 9
1086 4493 2
3897 8316 10
1278 6883 4
1486 3972 10
2595 2915 10
1957 4924 4
941 4149 8
520 4061 5
6956 7655 6
4768 8854 6
1620 1872 9
3351 7494 5
4562 8224 8
3490 7165 10
4895 5755 5
4240 6317 7
1351 7841 3
1738 2506 6
4650 6886 7
5957 6372 5
95 7212 5
1516 3188 3
345 5696 6
327 6678 5
1797 4579 6
945 3616 4
2008 4662 6
4059 5002 6
4703 7216 5
1824 2969 4
1811 2793 5
2622 6756 5
2795 7514 10
2877 4264 7
3433 5375 9
2146 8212 3
2369 8591 6
665 2340 3
2048 5946 1
2044 3551 4
3060 4949 10
2374 8601 9
4177 7613 4
4726 5700 5
2649 8275 1
2471 7300 3
245 5480 9
1 3995 6
467 7703 4
1102 8931 7
3129 4578 5
1950 3955 5
74 4960 5
1258 4737 1
197 8110 3
2977 3183 10
1977 7729 5
4075 4848 6
109 3114 3
130 8069 9
1243 1967 1
6803 7602 1
2143 8877 2
2893 3946 4
2915 8328 3
4668 8143 4
1891 2753 2
3461 6328 8
1871 2843 9
5141 7774 6
619 7494 8
5425 7981 9
93 1733 3
516 5657 10
4342 4766 10
4530 5430 5
3261 3405 6
496 1771 5
620 4431 10
1069 4560 8
4705 7936 10
2356 5657 5
76 881 2
5615 7789 3
2640 7738 8
3116 4668 7
1002 4484 5
3397 7339 1
4384 6404 5
535 2776 5
3869 4135 7
6300 8815 5
3750 6497 4
5846 7328 2
302 7504 4
2820 4755 7
5706 8076 3
849 2240 9
2639 4336 2
552 7896 10
4335 6379 9
4282 4375 1
777 2409 9
4537 7062 7
5137 7498 8
1815 3349 3
1514 7577 3
2583 6197 10
3910 4557 4
4912 7096 4
3557 4345 4
3325 5012 9
1426 4155 3
5955 6029 2
5218 8747 3
394 3722 7
1575 8041 8
6020 6809 7
223 3009 10
2023 4502 1
231 6081 2
2912 3006 3
811 1614 4
3086 3575 5
3763 3989 1
3737 5546 1
2200 2493 9
2624 6585 4
710 4769 2
4679 6495 8
239 6706 5
282 2237 10
2468 3503 6
1902 5643 2
2836 6487 1
2670 2808 8
7624 8917 1
4266 4581 4
3721 4043 8
2772 7172 8
3828 8180 5
5411 8783 3
5136 8789 8
3093 4928 3
5520 8207 7
3152 8394 4
1118 3830 2
893 3458 9
3009 3477 3
1489 8346 7
5461 7190 8
482 5631 1
61 5737 1
3739 6997 10
3793 5562 6
3876 6381 10
1025 1644 7
6465 7949 4
5954 8367 8
1473 2612 8
4176 6310 7
1125 2476 9
357 4019 7
1748 5623 9
2377 8874 5
2866 7432 3
1273 2507 3
1071 2996 1
279 8667 8
1690 1923 7
5291 7772 6
2140 4018 4
2688 5807 7
6886 7635 10
3213 7700 4
6731 7969 5
2900 8210 7
494 3677 3
5154 7647 6
3222 5616 1
2543 3476 7
1123 2110 1
1075 3076 2
1455 1972 6
5338 6419 3
3112 4981 10
5960 6838 10
2143 7356 6
1861 4607 1
1005 4649 4
6197 8204 4
4276 5223 3
2011 7935 4
4152 7859 4
3381 4394 7
4549 7309 10
612 3702 3
1118 7781 8
5639 6087 1
1149 7424 10
3857 4615 9
5442 8515 2
1803 1963 3
2291 3086 1
4664 7003 7
3241 3924 7
2492 5078 1
3884 4760 4
627 6591 7
5573 5790 5
1716 5617 2
940 1012 2
3055 8953 6
6 2091 10
24 6867 1
358 828 1
2035 5426 8
24 5165 7
2293 7078 1
5993 7644 4
1535 7312 5
290 1832 9
3744 8813 2
738 4656 8
1823 8939 7
1194 4114 9
558 2389 6
2445 4271 6
588 2164 2
7661 7776 5
8375 8561 6
7008 7918 9
6138 7668 7
3168 6080 2
1805 4057 8
3459 4291 4
2701 7549 5
260 2466 6
6220 6754 4
1565 8282 10
899 5473 5
48 5914 5
4405 5785 6
3039 3361 1
788 8216 7
912 2618 4
3626 5709 10
7635 7893 4
715 4460 2
2458 7030 3
4066 6769 1
2006 8473 1
405 2928 3
4942 5334 5
1387 5708 4
1041 6467 7
340 3493 10
826 1906 8
5992 7927 6
872 2836 3
2913 5932 2
4910 6426 1
2228 6406 5
556 8144 1
6575 7520 2
157 3962 6
1795 8623 2
4115 7256 2
717 5784 5
3013 3735 1
7190 8161 9
204 743 1
3999 8348 10
1244 3435 7
2514 6724 3
6803 7887 3
204 7115 5
1745 4994 6
2514 6809 5
138 3169 2
608 2386 1
4071 5254 4
2999 4398 1
5590 8587 8
394 3053 1
2402 6735 10
3596 8560 4
255 2968 3
4555 6329 8
1545 5387 4
465 1623 10
1492 2746 8
296 1411 10
6064 7524 10
2344 7541 8
2516 8748 5
7119 7426 8
592 5711 8
5645 8299 3
4380 4674 3
1171 6031 6
1964 8307 10
794 5739 3
3046 7027 4
3258 5726 10
2632 7091 10
3072 5805 3
2203 7230 9
4464 5098 4
3098 4171 5
1389 8059 4
7571 8226 7
61 7408 7
560 1047 9
2543 3259 3
365 2311 2
1333 2135 5
1336 5500 7
2435 8898 7
6222 7654 3
672 1663 2
699 8582 5
2060 5636 9
4683 4826 1
1318 6817 6
309 2443 5
173 7955 6
1085 3013 3
1050 3306 10
274 1602 1
1814 8978 8
3122 7144 6
775 5588 2
3878 5096 7
3280 7518 3
3281 6025 9
5370 6976 5
3340 3371 3
1410 5312 5
969 1842 3
1190 4375 8
7103 8593 7
6084 7986 4
4273 7250 2
30 2653 10
2937 6865 2
5999 8314 6
475 3554 4
268 5865 3
5340 5728 4
3258 7266 10
2778 4513 2
273 388 4
1137 4661 3
3430 6767 7
2619 2676 2
2159 8373 10
1238 5256 3
478 2238 8
4684 8790 8
1560 2696 1
1074 8168 7
1170 6055 2
4340 5154 5
666 4389 1
6537 7033 10
5493 5544 7
4005 6438 3
271 3522 8
881 6943 2
1005 5528 2
909 2661 9
5078 5144 2
3777 4227 4
2246 3749 10
5172 5492 9
5619 6927 2
5595 6357 7
1050 5912 5
1332 2987 9
2206 2875 1
16 5314 1
1582 4023 6
758 8950 1
2144 3729 8
615 3682 8
2116 2774 5
3207 3494 10
4467 7516 5
1294 8983 8
7717 8731 2
2039 2505 6
4426 5540 9
121 1955 8
4608 7814 1
1106 4536 2
860 5482 2
939 5704 6
14 5266 3
2193 6974 2
3310 5136 8
5157 5589 5
2335 7576 4
310 7253 10
5397 8722 8
473 4968 10
3336 3609 4
1261 4926 2
1360 8995 3
3293 5445 10
2229 8537 8
3271 5537 10
2276 7293 10
638 4117 5
1587 4177 1
918 1936 8
1188 7246 6
41 5658 10
6348 8097 10
2877 7298 2
1566 8843 1
3005 7663 4
1083 3344 2
733 1982 10
1567 4702 4
295 5930 6
3950 4983 3
1954 2611 4
5984 6066 6
884 6157 3
2029 4673 8
2700 4016 8
413 4770 3
5237 6092 4
417 5486 9
5108 8565 10
4085 4355 10
1161 6430 1
675 5573 1
714 5154 9
4860 6913 5
3022 4543 3
3032 3245 2
4154 7560 2
5620 8367 3
4537 5440 6
5420 7979 9
1969 6906 10
661 2676 7
1485 5776 5
4591 5159 2
3737 8220 2
2187 6768 3
5382 7422 10
3576 7865 7
5115 8930 6
3232 4406 7
5675 6126 1
4065 5853 7
3314 3527 6
8000 8295 3
5207 6045 7
4663 6194 3
3110 6334 6
4481 8934 7
583 7649 1
900 7497 8
2083 5113 4
1183 3176 7
8 7134 2
3656 7951 2
2340 5238 7
1378 2847 2
1195 3825 5
2859 5474 4
2084 3119 5
3940 8245 10
8495 8774 4
5212 8075 2
2960 8905 3
1697 8244 4
2784 6949 9
1870 3360 6
618 6317 6
946 2115 1
2158 7696 2
4381 6264 10
5732 5880 9
324 1820 8
941 1077 2
4864 5354 10
3442 5018 8
4251 5174 9
2717 6847 4
2201 5008 5
5231 6726 5
3809 5731 5
2060 6618 1
1642 5552 1
2548 4829 9
925 8353 1
1430 3920 8
4683 7723 3
3706 7364 8
97 1492 1
4290 8428 1
3060 3483 10
1852 7776 6
1030 4741 1
127 1110 9
3880 7931 6
4578 6600 10
1432 4558 5
2916 3359 8
1390 3902 6
792 1925 1
2690 8700 3
2099 3292 1
284 4831 10
1523 4855 6
1099 8984 3
2838 5057 5
34 5014 9
2538 5901 4
4285 5793 6
3548 8821 8
3563 5802 3
2034 8015 1
6858 6860 5
1623 3067 3
5119 7886 2
2622 7565 6
5326 5334 8
4229 8505 1
2414 8224 7
5105 5712 1
4232 8347 1
83 5760 9
204 2225 5
1720 8110 6
4191 8920 5
480 8274 1
6938 8792 9
1278 3534 3
2073 4452 8
4929 8457 1
3834 5119 7
5282 8580 1
689 4980 2
5560 6003 5
2316 4981 10
1870 7919 8
933 4578 2
538 2246 9
5824 7944 3
906 6768 5
1718 4401 3
2539 6552 3
17 1756 5
128 6334 4
33 4908 5
2121 3044 7
1630 5753 5
5260 7517 4
1040 2690 3
423 4104 4
449 4989 9
1103 1370 1
2750 6612 6
1255 8659 10
4765 7192 10
1552 5047 6
7204 7436 8
587 3978 6
7971 8052 10
7374 7650 1
440 2978 7
4743 7080 4
3259 6576 4
163 4489 1
1269 6584 8
1953 2821 3
6352 8199 10
3393 6622 8
3555 8459 2
2335 7340 10
7946 8938 10
3523 7259 5
4870 4909 6
4577 4680 1
2905 4193 1
3264 7629 9
3499 3856 3
3936 5631 4
5191 8136 9
4601 8185 7
297 6638 7
3574 4115 7
531 859 1
1850 2101 9
614 8245 3
2980 6961 3
5637 6084 1
4051 6901 8
3231 3420 2
2705 8864 3
7100 8665 5
6215 7388 9
5626 7781 8
2796 8794 6
913 5682 7
3079 4180 2
4642 6790 9
1773 4927 10
1155 5474 10
5580 6024 5
1129 3268 2
3434 8711 7
2715 5080 7
415 5882 4
2294 5325 8
475 5167 6
5594 8584 4
1511 5854 6
3372 7955 1
1442 8715 10
153 4964 7
4834 6537 2
3322 3409 9
1918 8970 5
6374 8133 2
656 7836 1
1399 6178 9
489 2926 1
2285 5198 7
1036 2580 8
1214 6341 6
1152 2717 2
975 4984 7
2893 7415 3
107 1812 4
1218 3453 10
3307 7941 9
728 4227 6
379 5176 1
1629 7122 4
3806 4607 2
6985 8744 10
1323 6989 1
280 8089 7
2902 3803 5
5237 8573 6
1234 6939 5
6239 7503 6
718 8663 10
1248 8304 8
2131 5116 3
1355 3404 8
99 8365 3
5095 6656 7
2843 7014 7
2280 8613 4
1902 4777 5
2731 8834 4
2122 8024 8
7477 8829 8
3414 8699 6
3896 8608 7
1596 4150 9
350 823 2
7304 7456 8
2284 4474 9
4326 4626 10
661 6161 6
3986 6764 7
4202 6493 10
2032 8744 5
1866 5177 4
110 8507 10
6444 8368 8
2591 6774 1
1557 5838 5
156 8497 5
3917 5239 4
1019 5890 5
2361 5477 4
3514 5286 8
354 6114 7
15 5111 10
1725 6273 10
569 1460 7
395 8115 5
952 5121 3
264 5610 3
2050 3204 10
1979 6817 8
4121 8752 6
2240 3631 9
2233 6845 5
4185 4918 6
4042 7893 10
3458 8223 8
6885 7980 2
1544 4768 5
4306 8424 7
1758 4292 8
3946 4101 1
2524 5441 1
571 4276 8
1092 4018 9
4440 5703 9
7427 8368 7
2743 5112 4
315 6909 3
1348 5401 1
1959 6868 9
1457 4618 6
2637 5620 8
3646 4980 4
1283 6438 10
6885 7296 1
464 3859 5
3082 4323 5
1230 3306 10
947 2257 8
612 7652 7
1735 4665 3
3433 3479 5
506 8001 6
868 3522 10
3533 4762 8
46 4798 1
40 7635 10
2956 8356 7
1443 6518 6
2473 6890 1
1442 7714 1
6171 7305 7
2587 8021 2
6223 7064 9
1345 3087 8
694 3051 2
3307 8815 9
8249 8637 8
904 3550 3
1078 2031 6
4199 7365 5
453 1437 10
2082 8750 10
167 6114 1
2910 4134 1
6340 6451 1
2816 8422 2
2277 4090 6
1933 4472 6
358 2623 1
2331 8958 8
4519 5926 8
5295 6215 8
4684 4988 8
6045 7901 5
3060 6963 4
1762 6988 4
4384 7040 7
3833 6364 5
428 3744 3
3499 5069 2
7112 8063 8
7251 7795 5
5915 7097 8
550 6813 9
490 8794 4
4218 6195 10
3838 6854 4
1326 4649 6
2653 3515 2
3029 8716 1
3081 3877 5
1898 3526 1
1682 5526 5
6667 7816 6
2587 4017 5
4422 7414 10
3409 5781 10
1208 5055 1
658 8589 7
894 2480 1
735 1902 10
2238 3202 5
1186 8031 9
2620 8419 8
3205 4968 6
2323 2370 5
4543 4644 2
2697 6185 7
1702 2405 10
2106 2235 9
2634 4449 7
7628 8266 8
6587 7689 7
2909 6148 8
4624 6361 8
420 2883 6
1142 4701 8
4238 5734 5
3322 7788 4
1231 1889 7
4726 5792 1
912 5776 8
3274 4118 2
4094 7090 6
471 973 9
5277 5431 7
1593 7050 8
1054 5423 3
2912 8085 7
5838 8833 5
2360 3678 7
4235 8718 8
2538 5790 5
184 2729 6
2112 2294 9
4718 4950 1
2452 5396 5
3835 6793 5
4435 5580 3
3489 4243 7
2105 8924 6
2907 7025 1
974 3616 7
3306 5906 3
5326 8740 9
470 8286 8
2232 3677 4
529 1651 7
1813 3448 3
2596 6072 7
563 8086 5
5041 7996 8
4920 5768 6
2099 6289 9
522 2002 10
4743 6488 3
113 4326 5
2904 5429 2
6013 6289 8
1973 3296 6
716 3449 8
3258 7927 3
299 392 6
795 906 1
5378 6139 4
901 1048 4
1857 4857 1
3838 6997 7
3560 6903 10
2374 7474 5
465 6596 7
313 4178 3
598 8528 5
26 999 4
1933 4952 6
372 5413 4
803 2710 5
2207 2880 10
382 5401 1
3109 3399 6
358 3276 3
2074 5741 3
5460 5911 9
1601 7059 9
2483 3212 7
3652 5672 7
3000 4113 9
6690 7016 4
1268 5494 8
4699 6087 1
1419 2482 10
3905 6531 10
5395 8051 5
5081 6889 1
320 2397 1
5231 5388 4
1158 2776 7
259 2296 3
802 2069 8
3470 6810 10
1418 3705 3
1940 6581 6
3351 4944 10
5180 5307 3
4508 8930 9
4532 5200 6
1553 7631 8
3034 3140 7
210 478 1
875 5800 1
5003 5788 8
529 5491 1
5466 6624 10
2497 7995 8
4950 7416 3
2615 5912 9
3330 4866 10
236 1420 7
3006 6403 2
2865 4651 7
1887 4964 1
2671 3048 6
1368 5576 8
1395 2175 3
2711 3218 3
4887 7454 2
2970 5076 2
2697 4321 6
3080 6561 7
83 3641 10
723 7760 7
227 8035 3
825 906 8
7361 8364 3
2803 6437 2
265 3472 5
160 8876 3
3112 3822 2
488 8095 6
1525 5637 8
4178 7519 9
1783 2736 4
3231 3605 1
590 8463 7
656 3973 10
888 3108 6
1140 5461 1
801 6756 4
2124 4521 3
4714 6670 9
2146 2464 1
4882 5672 5
3496 4987 2
2893 5957 3
1926 4265 6
5075 5645 3
243 7792 8
5118 6096 3
1064 4420 5
305 6040 6
5575 6769 3
2364 3155 10
2404 7011 5
8159 8577 9
3566 8731 7
2311 2607 10
2286 2487 3
453 2331 8
7032 8833 3
1621 3336 1
2075 6358 9
169 3428 10
5566 6413 8
5763 8697 9
839 1400 5
3614 4322 1
3353 4769 5
365 5866 6
1925 5605 5
1394 4949 1
1730 8569 4
2871 7319 1
6392 6477 9
3835 4715 10
2819 6415 6
5680 8667 6
1526 7291 3
2190 6271 7
1798 2194 3
1006 3652 2
3088 4312 8
3054 4293 5
4608 6864 5
2513 5172 9
3068 7648 3
2749 6273 4
755 5873 2
4812 7423 8
4394 6394 6
361 5876 5
2411 6027 10
680 1060 8
1410 8630 10
3625 7391 9
3914 7931 6
2576 6977 2
3116 8461 6
4256 5661 7
7199 7204 6
701 1310 9
3818 7978 10
3625 5235 4
435 2388 7
3347 6013 4
983 3771 5
5091 8596 8
2396 3156 1
4042 7641 3
711 3777 9
5272 5393 3
5649 7243 7
2415 7230 8
773 6038 10
2866 6052 8
2287 2350 2
3106 7235 1
2779 3604 6
2885 3241 8
3907 6729 2
5225 5964 10
3592 8003 5
4547 5076 6
1592 4241 5
1949 7716 1
1534 2820 6
1307 1783 1
4197 8675 3
649 5045 2
2801 6039 2
1652 2495 5
531 3948 5
5269 7261 3
1939 8819 9
3873 4276 1
2343 2495 8
2936 4693 7
4977 6112 2
2981 6929 4
5195 6954 3
4903 8178 8
5124 6622 1
332 6561 5
4514 4584 8
628 3668 4
4490 4960 9
5012 8775 6
3361 4346 4
3310 4208 5
3180 3191 4
3155 3432 5
2798 7769 5
926 2437 6
5641 7588 7
25 5813 5
983 4484 10
5719 6237 10
4379 4741 1
2353 5291 8
2427 6617 7
329 3363 2
5470 8734 8
4042 5424 1
3715 5978 10
7132 7223 9
1512 6984 6
2586 4959 1
3701 3750 10
954 1318 1
179 3935 3
6910 8315 10
456 8688 6
275 4562 7
444 3484 2
1858 3447 2
4725 8652 4
7151 8189 8
831 873 9
237 1972 6
648 5245 3
1718 4141 8
1364 4987 2
4518 8252 4
4512 6426 10
5866 7227 4
4229 6444 5
431 4803 8
203 7353 7
1787 1963 10
4889 6306 2
2154 6643 1
1749 5093 4
5017 5481 4
978 4893 7
633 6842 4
4680 6206 9
2107 8628 8
2897 4841 3
1933 4676 2
4956 7465 5
2317 4529 6
7567 8758 4
6248 7387 7
2316 4838 2
3147 3245 10
125 6893 5
217 1067 8
6553 7439 7
3007 8945 10
2657 8859 1
1098 6102 3
830 6211 7
2312 6834 7
1143 7803 1
5312 6422 9
2474 2957 8
3562 4995 1
1508 6891 4
298 7627 5
2197 5759 6
774 1016 2
1997 7460 2
1304 5430 7
7273 7573 2
2576 3864 3
2412 3276 1
5572 8264 7
718 5052 4
994 4300 10
661 7806 9
6944 8251 5
2023 4732 7
4547 8367 2
2275 7823 2
1729 4169 5
254 6413 5
2510 8052 9
7241 7480 9
2719 6790 4
3405 6211 9
682 2931 3
107 8834 3
846 3154 4
315 7414 2
3162 5449 9
5275 6923 4
1185 2874 6
489 8746 9
2651 3885 6
485 737 9
100 8752 9
7111 7907 9
2245 2255 5
3149 7285 6
3156 3705 2
3956 6330 3
400 7824 2
2866 3588 10
928 6743 1
1492 4900 9
736 7758 3
583 5502 8
3836 5317 6
472 2414 4
2767 8250 1
1647 6417 5
5730 7035 8
4719 5557 7
153 6457 6
3124 6566 6
2418 5700 2
1353 6832 9
4796 6222 6
4652 4873 8
994 4152 5
677 5262 2
732 2291 10
2226 3407 2
4372 5257 2
1228 8174 3
5574 5690 8
6170 7118 3
2510 3139 3
1052 1452 3
5418 7800 5
1332 7580 3
6030 7318 4
5415 7694 2
3047 5416 5
278 4413 3
3382 7782 7
2443 6463 10
4988 6797 4
2194 6516 1
386 7705 1
1589 3370 8
1738 5802 5
847 3657 3
1787 5572 3
4125 7709 10
6724 7683 7
43 5260 5
3289 6023 10
137 1603 5
1 7702 2
151 8611 9
1413 8289 2
22 5666 8
1138 3763 10
1529 2203 3
6971 7343 10
4889 5670 2
1779 8265 4
4426 8961 1
1285 8190 9
974 8999 3
4419 5394 3
7441 8881 10
611 4047 1
552 5589 3
1760 3462 5
342 6063 4
4148 5110 2
53 3907 2
3364 4322 10
3357 3594 7
2160 3751 9
1661 4183 7
2241 3772 4
3859 4399 9
4141 4505 10
2627 4678 3
4995 7441 7
4860 5493 7
5404 6411 1
2933 8489 5
1619 3802 4
6395 8474 10
935 3020 9
4907 4958 6
2801 3804 8
7736 8656 10
1983 6532 2
3469 7660 2
8067 8097 6
5187 5541 6
4503 7052 5
3684 4100 3
997 6913 9
60 5291 10
4069 5411 4
1086 2760 6
293 1273 9
5689 8028 8
7297 8593 3
1581 5794 1
3959 5671 4
566 7498 1
3296 4216 8
1400 4886 1
1174 2700 2
1851 5123 6
5459 8807 9
1414 4871 2
3198 8424 9
7279 8839 1
2360 5687 3
5387 8255 3
4714 6513 10
2705 5006 5
3077 7715 9
5892 6728 1
3791 6778 1
1716 4046 3
5415 8744 6
1801 3373 3
4602 6615 2
5408 8904 8
2977 8590 5
1183 6451 2
188 6554 4
173 6932 2
734 3063 1
327 3322 5
3739 4107 7
764 4007 2
6621 6901 9
2487 8986 9
5419 8005 10
1972 3053 4
5168 8147 6
5726 6639 5
2568 7907 7
5859 8538 7
41 6507 7
4457 5880 8
1755 3516 7
876 2652 1
1918 3873 4
1230 6216 9
2253 2605 6
2191 7215 7
358 7898 7
5521 7225 10
1163 4115 10
5917 7032 9
5846 7552 9
2039 8755 9
798 2676 3
4977 6271 10
1565 8229 6
1414 6445 10
1457 7691 5
1018 1388 1
676 6678 4
4697 5451 6
946 5006 8
4391 5272 9
4793 5588 5
1116 6330 6
1591 7197 8
1985 4776 1
2384 7890 7
7168 7793 6
3928 5312 7
2284 5329 1
8490 8857 2
44 1152 8
3308 4987 2
3380 3922 5
1417 1867 3
3681 5771 3
3692 7732 3
990 3036 10
3755 7230 7
944 7658 5
3439 5246 1
1677 4027 4
2007 5674 9
4015 5635 9
1567 5784 10
713 3194 6
7266 8400 5
1746 2777 5
4104 7777 6
3542 5721 3
2358 2833 10
5017 8423 3
4928 5288 7
3292 8845 6
20 1196 7
4108 8947 8
3963 5624 2
3072 4850 1
1288 4740 10
2934 4123 8
7132 8910 3
473 2261 4
1908 3371 2
2999 5398 6
2715 8801 3
3066 3741 3
801 2497 8
4344 5194 3
5167 5553 4
2727 7566 9
3966 7877 1
1144 6670 2
2608 4888 6
1449 4817 5
402 5813 6
3496 5783 5
475 3702 9
161 7215 6
4479 4504 8
6368 6730 7
2107 3497 8
2365 4576 3
1386 7416 8
344 7220 10
868 7486 8
579 4150 4
6566 8975 5
1923 1934 1
1071 5221 4
824 3515 2
3176 4946 10
720 7486 8
5486 8874 8
976 4545 6
3990 7267 4
5290 8219 10
5276 6629 2
1499 2328 5
2296 8295 7
50 4711 9
641 6734 3
2352 2597 1
2481 5741 1
1507 2442 4
3347 6672 5
2262 5567 9
6041 7695 9
2478 8539 3
213 6370 7
1839 6551 9
945 4055 9
1519 5337 4
4639 6950 9
1846 4967 2
161 7051 8
3677 5077 9
2088 4364 9
8893 8961 4
1811 7816 8
3389 4203 7
6248 7272 2
529 4034 3
3373 6110 3
226 1303 6
4023 4563 5
2691 4764 8
1112 8304 2
2021 6487 1
4350 8221 2
3495 5445 2
2790 7198 5
2226 8216 5
2295 3409 5
2307 2849 5
2408 5404 8
2790 6744 6
1555 2160 8
1077 6226 1
2963 7009 10
2715 7285 1
2235 5951 3
962 2213 6
1280 7456 4
96 3540 10
3226 5795 4
877 1173 7
867 7876 6
1926 8259 2
2081 2428 5
2473 5409 8
3466 3809 4
1818 6134 2
5770 6331 2
1015 8316 4
3572 6531 1
1049 1431 8
1758 7499 8
1429 4842 2
4594 6595 7
4755 7879 6
2293 5712 9
1501 8636 2
709 8826 9
4681 6554 10
984 3640 9
1970 2822 4
1413 1573 2
514 7759 8
1070 2341 5
1450 4567 10
356 5825 3
961 1811 9
6322 6351 7
7193 8944 9
4962 6075 4
278 8337 2
346 4114 4
691 4312 1
495 1977 5
738 2022 6
2471 3666 1
2569 3634 7
401 6875 9
5760 8748 9
5354 6284 4
6154 7945 1
8410 8629 3
113 4740 4
744 5308 1
2603 7981 5
2291 3940 1
1438 6561 3
1001 1067 4
2774 3515 8
4758 4820 5
3824 8077 6
3098 6103 7
2619 2768 7
558 4164 9
1416 7185 3
2036 3587 7
3240 5780 2
5499 6877 1
1125 6248 9
2133 5815 2
72 101 7
2702 2738 3
1713 3593 2
2218 2622 9
150 2753 5
5938 6303 7
511 5281 7
2943 5212 10
4946 5144 9
5336 7614 2
7329 7834 8
348 8133 2
2101 4407 7
776 3258 9
5434 5572 3
49 1907 1
479 7788 10
670 5360 6
1780 4735 7
2839 7003 2
2108 2258 2
2593 7323 9
2489 8510 10
10 6168 6
3976 4282 9
5298 5920 2
5460 5894 1
3646 4287 5
1541 5537 10
7463 8640 10
3444 7038 1
7462 8294 1
2795 8800 6
1987 2790 7
1139 2648 5
1315 8999 6
2064 4480 6
7396 8253 6
1757 3637 7
3457 5701 10
1043 1491 1
4479 6435 9
5496 6660 8
6504 8318 5
8523 8624 9
1115 1550 1
8155 8249 7
5211 7796 9
1462 2378 6
1386 7912 1
2941 4488 6
3274 8203 9
2047 6095 4
3227 4492 4
79 3348 3
1922 1985 5
1199 6409 5
7299 8906 4
164 7780 10
441 3931 2
4762 8613 3
300 6598 4
64 4748 6
377 3838 4
6490 8177 9
1981 3193 5
3164 4079 4
4117 6455 2
4117 6479 10
2845 7444 6
609 7867 10
3748 5510 8
3990 8028 3
6813 7426 5
47 7249 4
4054 6407 6
7998 8637 3
3918 4045 6
2031 5743 3
4122 5358 5
1742 6336 8
3002 4738 8
908 8651 2
703 8033 6
415 5308 7
739 2101 4
858 6558 7
253 7632 8
1847 2045 5
6541 8860 5
1024 6320 10
1019 3100 8
498 1855 8
3625 4734 4
1427 1752 6
833 6527 6
3226 6914 8
280 1936 8
7486 8404 9
6848 8667 5
2863 7357 2
3053 6762 2
3254 5337 6
2956 4147 5
2609 3289 1
4387 8443 6
422 7306 10
105 1774 8
2264 2898 1
368 1120 4
4463 4791 9
214 2182 8
2142 7033 2
263 2397 6
5964 7860 3
3234 4895 8
1505 6818 10
2572 6093 7
1543 6454 6
334 5650 3
2272 5478 10
1571 4251 1
3224 3338 1
6147 8041 8
4083 6015 6
2166 5378 3
3205 5762 6
8488 8645 10
6 3178 8
6223 7097 2
4113 4167 2
3456 8202 8
1961 3031 4
4650 7228 9
2291 6263 7
4564 4759 3
3190 4675 9
4824 5990 8
1676 3717 6
4893 8341 9
1844 4638 2
1436 3197 3
4162 5081 4
1481 5605 1
4100 6478 7
6471 7041 7
268 5675 5
1518 4186 7
778 5636 5
2891 5381 10
3829 3871 3
546 4461 4
1668 6857 8
4981 6339 6
3882 6641 3
10 1164 3
3325 4468 2
937 957 3
19 577 7
1670 4465 5
843 7000 5
1634 5043 10
564 4133 2
6412 8315 7
4826 6456 6
1709 6157 8
2980 3981 8
1607 5003 3
3518 8764 7
5046 6292 7
1253 1489 8
4672 8545 9
830 5811 8
6436 7760 6
1662 5185 8
724 2666 1
467 5633 9
6348 7325 2
94 2654 10
4009 4234 4
3810 6494 9
3303 4589 4
2968 3533 9
183 837 6
313 2023 8
5323 7695 1
2976 7664 3
3121 7879 8
4442 5869 3
1190 1304 8
1887 6011 5
5223 5356 2
1338 5606 8
4265 5144 6
3766 4380 9
1511 5314 7
929 4340 5
778 3320 1
2261 3824 3
5719 8171 2
1495 2098 8
3857 7586 3
5671 8454 1
326 4069 6
1216 6460 2
1592 6840 4
239 7627 2
1352 2416 8
3346 5382 10
305 1030 2
1109 3671 7
8287 8666 2
5223 6572 4
3931 7489 3
1461 7378 5
132 2569 1
1057 3615 3
1415 3185 2
3341 8554 9
5488 8631 6
5253 6270 5
113 2676 6
640 7989 9
2947 3460 10
4091 6291 2
1474 2651 6
3172 4110 2
1496 2934 1
5450 7594 1
8490 8994 7
1053 5780 7
2198 4225 5
6066 8260 3
2282 8040 1
356 435 9
3737 4874 9
959 4871 6
1262 2942 3
205 1666 9
2674 5544 9
4171 4592 2
669 7967 6
5065 8072 4
2789 5940 6
3753 8017 7
375 815 2
1843 5414 4
4659 6886 3
672 3429 8
4654 8221 6
7584 8480 9
623 6684 4
3784 3926 6
3745 5864 10
3865 8259 2
744 6802 1
3761 5627 5
4022 8458 8
95 3161 3
991 1572 1
2433 5149 8
2399 6570 4
5461 7719 7
4712 7023 5
883 2412 1
419 4889 9
2764 3191 9
73 2679 4
6122 6733 6
350 5295 1
2758 8268 10
4604 7791 8
2073 8080 3
1186 5345 6
3000 3715 10
1 3704 7
2800 5571 8
1000 3913 7
5584 7899 8
6260 7924 6
6915 7003 6
1521 8808 9
475 5096 6
1841 8723 9
891 1438 6
3518 6110 1
6735 8094 9
364 6482 5
1603 5392 1
4542 7415 5
1439 5269 3
3349 3894 2
3300 5662 10
2538 4262 7
1987 5925 4
3395 7022 9
1527 2589 6
7996 8047 8
3511 6810 10
8360 8801 2
3237 7298 6
5534 5967 9
1923 8517 9
6654 7293 9
3853 7930 6
1541 6572 9
1758 8142 8
229 3246 2
762 7549 3
867 4116 9
2371 3897 6
3188 5751 2
279 3549 9
6881 7947 5
2244 2852 8
606 6044 7
8366 8732 1
2516 4681 5
3445 7006 3
817 3398 6
1753 6587 7
3163 8870 5
3658 7804 2
2253 3687 9
312 4450 5
1377 6600 6
3829 5078 9
2307 3284 6
6 7506 5
2060 5786 3
5636 8141 9
2089 6160 5
3847 8446 5
3234 7962 1
2288 7586 3
1042 2473 6
3302 6271 6
2184 4136 4
2464 4026 1
4968 5262 3
2286 3351 10
1158 1706 3
5254 5296 2
5 1884 4
685 2883 6
7155 7224 2
516 3986 2
963 3124 6
1721 8586 1
899 2914 7
766 1415 4
1145 6183 3
763 7666 6
1315 2556 1
4112 4485 2
3377 7117 10
3719 7245 5
2125 5912 7
3194 3197 5
5874 8727 2
2190 7346 7
51 363 5
1125 1501 1
6964 7754 9
3127 7460 2
3898 8631 2
4245 5635 10
2015 6323 1
2047 2734 9
2131 6404 9
1264 3975 4
857 994 8
4853 7114 3
4963 6271 6
231 7912 8
429 8285 4
7011 7733 8
4165 4738 2
228 379 1
6279 6409 5
3758 4124 6
1944 2635 7
2946 3681 5
1770 8616 7
694 5073 4
2496 2812 4
3939 5135 2
3440 8225 1
558 795 3
2555 5408 8
1693 4149 7
633 7221 2
557 8487 3
707 3414 3
2400 5565 9
3039 6153 9
4733 6779 3
959 1485 7
1708 7949 8
6040 8000 10
1012 6217 6
4553 5734 5
293 324 3
44 1773 5
478 5238 3
2551 4601 8
1844 2580 1
927 8320 8
6 3223 6
5344 5583 7
1312 1632 1
423 2072 4
5325 6923 8
8619 8892 4
3455 5358 10
498 5847 10
5023 8171 10
130 1664 6
782 5559 3
459 6818 3
3548 8733 3
5907 6440 10
2157 5303 2
1578 1869 6
3122 7108 6
796 2622 3
476 8294 9
2492 7403 9
2183 7708 7
4716 8545 6
1866 4492 7
2244 7138 10
118 8193 1
1046 3896 9
3363 7990 3
4901 7627 1
1353 4586 8
2006 2737 7
4926 4955 8
4 1915 1
3767 4537 5
4180 7944 3
2261 5208 4
2228 5615 3
748 8488 6
1557 7677 9
3206 5812 8
1875 6286 10
1472 1717 10
3051 8868 8
2704 3862 7
1140 1776 4
489 3948 4
154 7308 7
1765 8330 8
154 1921 4
1658 5498 2
6714 8485 7
3063 5906 6
2890 4619 2
4888 6069 8
3269 4944 10
4479 5378 2
1051 8528 8
83 7205 4
1436 2115 3
1557 6426 9
1980 5470 8
4853 8409 4
1026 7096 4
1835 3423 8
859 4296 4
3573 6169 5
2614 4463 4
2328 8291 6
763 3834 1
1390 4786 2
327 2260 10
4407 6836 3
3899 8181 3
1802 3232 10
2427 7227 4
1651 3915 2
2929 5762 6
4866 7745 9
1924 8263 3
2174 7677 2
1204 8454 1
3184 8967 10
5367 6368 6
88 659 6
3940 7370 4
2513 7997 4
3536 7140 10
2529 7445 1
3627 3749 1
5698 6993 7
4802 6965 6
4722 6185 6
1262 5077 6
3514 3825 1
6489 6980 4
2502 5980 8
6102 6268 3
151 3347 1
707 4807 10
3314 3473 1
6352 6724 1
3468 5102 2
1465 2018 2
6834 8767 8
3376 7198 3
3143 5200 2
5471 5638 5
84 2094 7
3463 3709 2
3895 4964 2
8016 8531 5
5142 7871 9
7009 8403 5
3772 5644 1
2397 8280 1
2204 5497 3
3987 5515 3
3918 9000 7
588 5276 6
478 3009 5
1691 4818 1
2140 8547 6
5568 8129 9
2651 3754 3
83 3868 4
390 8774 3
5137 8284 9
5993 8210 6
584 8692 4
5235 8248 7
1029 4975 10
1411 5601 10
5363 7070 10
4859 8328 6
1358 7155 2
4018 5743 10
6500 8216 1
1714 4516 6
231 1613 6
866 7795 4
785 7741 4
2814 3065 7
644 6833 2
303 2985 8
5619 5624 8
2941 4240 5
2226 3357 8
7304 8082 6
1638 7941 4
1032 6317 9
3786 4425 8
2455 3901 7
2019 6757 10
745 4964 9
1928 4122 10
4168 8005 7
3875 5385 10
3403 8196 8
3022 4424 8
2011 4008 10
54 1524 2
4117 6900 9
4237 5092 9
317 7042 8
147 4895 4
763 833 2
1882 4458 10
1552 5494 9
2007 6722 10
533 984 8
2204 5520 9
4038 4184 6
3232 6914 8
1334 5599 8
2363 6926 4
403 2999 6
355 4065 8
3660 8891 3
990 1632 2
6386 6686 8
3909 7425 9
3382 5461 4
123 2866 10
3778 4250 5
1836 7134 5
3953 8641 8
2312 8067 3
355 1040 1
4826 6480 5
4688 5621 8
675 6254 2
4745 6435 9
6005 8270 5
1837 6918 9
2106 6242 10
3820 7025 1
7120 8689 5
2024 5515 1
5023 6592 10
4088 5640 8
192 1013 4
6233 6524 5
149 3375 9
302 5486 4
1510 6672 1
225 8861 5
767 2905 2
4912 6053 6
1183 3721 6
2549 8416 1
2971 4669 4
2973 6244 2
5688 7630 10
8411 8828 2
2546 6066 9
4556 6814 3
1416 2461 5
1670 5547 6
225 5229 7
1035 6475 7
189 6700 6
2109 7416 9
516 5115 1
5483 6242 5
2103 3489 3
768 850 1
1006 6821 9
4494 8870 8
262 1903 1
2516 5973 10
646 5946 6
1467 4329 1
48 3377 3
4047 8327 3
273 7731 7
2466 8238 7
2293 4256 4
2099 3639 9
270 1955 7
5432 8942 9
4459 7262 7
2823 5842 5
3053 5811 4
2460 4535 7
3268 7039 2
493 1221 6
110 7069 1
3843 6887 8
1446 4896 1
1466 2782 9
671 5746 7
3720 4887 4
1409 8161 10
3499 8854 1
4314 7445 6
3940 5632 9
3469 3578 6
1462 2472 5
4838 7376 4
5820 8018 7
2130 2405 2
560 3997 9
2002 5365 2
913 1516 3
137 6595 4
5558 8570 9
3784 5141 1
1108 4695 10
269 4416 3
42 7119 8
3664 6796 9
3087 7289 1
257 7627 5
6136 8554 2
1764 2127 5
3876 6891 9
4898 5012 10
321 1996 2
1049 7806 8
1128 3751 5
562 1108 9
5610 8391 3
536 7716 2
1874 3316 4
8296 8605 7
1270 2889 9
2163 8663 6
1123 2778 10
4678 5013 1
1288 5239 1
1032 4765 6
69 6532 8
1987 2883 4
4866 6023 1
5488 5533 10
2873 7648 2
622 3840 3
3703 7108 4
626 1404 2
3600 7498 10
773 2553 4
7369 7522 4
468 1726 9
386 4121 1
2217 8954 10
2383 4337 8
327 5140 8
5027 8123 4
3044 4609 5
679 2143 9
3404 7855 9
2275 5564 8
3074 8693 5
3817 7233 10
5110 8817 5
2498 7289 1
4345 5384 8
6119 8065 9
4100 7691 5
2912 4389 9
3350 6443 7
2824 5269 3
4058 7720 8
623 3855 5
338 7314 5
3258 8010 4
75 7326 6
2538 3616 9
1878 7370 8
782 2304 2
6680 6992 9
301 5027 2
392 2272 5
2061 3507 1
3448 6547 9
6803 8914 3
106 2011 6
856 6145 6
2379 5635 5
549 2320 8
3510 5156 8
3119 3295 8
542 6070 1
3387 5128 3
1733 2954 9
3128 4251 2
4978 7737 8
3328 5781 4
4250 8412 2
3007 5230 5
2608 3382 3
186 3130 9
5169 8754 4
650 3014 3
3549 5181 4
3063 3645 3
661 6456 5
3313 4429 2
1724 4151 6
5085 5808 7
668 8046 4
4539 7880 7
6656 6690 2
7535 8413 4
5695 7493 10
3293 8643 9
5805 7696 2
3186 6956 2
3736 6355 8
1015 6802 10
1525 5506 3
3530 4149 8
370 7467 8
2227 4618 9
93 1495 4
417 7418 9
3771 5082 7
3061 3178 3
2331 6700 5
3632 5423 2
4539 8529 7
1533 4159 1
820 8084 3
3740 8240 6
3944 5464 6
785 1822 6
2466 2677 9
2639 4615 2
2358 6143 8
4632 5598 7
5041 6075 2
1435 4291 5
5112 5363 7
1905 3239 9
6157 6535 2
4354 4940 3
2321 2592 2
4209 8794 10
812 6685 7
6973 7203 10
3300 4080 10
3718 5599 1
4442 8018 1
8545 8737 3
6807 7471 6
1748 4687 6
552 6609 2
1094 4281 4
1459 5689 1
4972 5471 3
499 3240 9
3928 6309 7
4368 7476 3
3722 6308 3
5943 6677 6
4354 5154 3
5688 6881 1
1664 3892 4
4403 5476 2
3357 3667 5
3653 8908 8
425 796 3
493 8983 9
4679 6675 4
5675 8768 8
285 1577 10
302 2193 1
386 8340 8
3065 6551 10
761 3191 2
952 6730 10
539 854 7
3042 3063 6
756 4699 1
7932 8689 3
2468 5332 4
2013 3614 9
3046 4025 6
3877 5649 2
1760 1975 7
4687 6059 3
1113 8334 10
3419 3661 3
4897 6329 3
4009 7868 5
1572 2191 10
3050 8392 7
2107 7192 8
4346 6443 4
1395 7387 3
3190 7759 5
1587 3298 6
867 5721 5
626 1377 2
753 8161 8
3229 3973 6
981 6078 9
1980 2066 5
3334 6580 8
4050 4505 10
1904 5160 6
5130 8566 7
1025 7865 2
547 6471 7
2488 5657 6
3809 6475 2
1178 5264 1
902 6401 10
2316 3506 8
1699 8512 6
6210 7734 4
5163 5464 5
5150 6433 1
5226 5746 4
2036 7098 1
915 1857 5
172 2412 1
2380 4431 1
30 717 7
1392 3314 1
5732 8944 3
6808 7083 9
5457 8582 9
2142 4509 10
2994 6401 1
502 5234 5
3397 4672 8
1645 2465 2
4599 8154 6
4521 8212 8
2542 8479 6
2325 5185 6
1484 7069 4
1047 8508 1
341 3466 6
1872 4427 5
7060 7775 10
1290 3373 2
4806 5495 4
1855 3266 9
665 1589 7
636 6546 8
5505 7625 4
5406 7613 7
3952 8635 5
2692 3455 6
2287 3139 8
1285 7599 7
450 4459 10
4220 5602 10
2120 3703 8
2424 4449 1
5992 6375 8
369 1158 8
4388 6753 5
984 6107 2
936 5552 1
596 4552 10
251 2477 9
3623 4014 8
4471 5248 6
7777 8526 1
3573 8924 5
6106 8398 5
3857 4819 7
3285 4061 5
2732 5130 4
5387 6281 7
5949 7396 5
3368 4182 9
4469 4941 3
1127 6101 9
4623 5293 2
1706 8405 7
338 3063 8
1805 8793 2
690 8293 6
855 4204 8
1030 6299 7
6473 7210 8
409 2145 6
1999 8620 4
2580 4753 6
3758 7762 3
1796 6961 10
5165 6497 1
1446 7249 5
2922 7540 3
2972 7302 10
3378 4620 6
1393 6351 10
3714 5351 2
1654 2791 1
1880 4049 6
277 2424 10
5508 5730 6
2226 8254 7
1788 4502 9
856 4630 4
3483 6258 9
5276 8792 4
1299 5943 2
5191 6479 3
82 5239 3
98 4620 9
4747 7948 1
3491 4268 9
3379 7323 6
429 3325 7
4272 5234 10
1492 8931 2
2673 7405 9
130 2318 5
1446 3309 3
2594 3562 4
745 7646 8
7661 8146 9
4877 6271 7
2869 4186 2
1991 2906 2
1037 2741 10
215 8473 4
1695 8960 9
5705 7383 7
3804 4838 4
1029 6630 5
457 5912 9
3352 8180 9
1020 8289 6
6642 8236 2
1877 5220 6
546 5076 5
1674 2551 8
7278 8790 6
4747 5834 8
779 8805 7
2592 5582 3
3053 4449 10
6972 7303 2
3927 4994 8
349 1528 1
4082 5938 6
1140 4458 1
1634 5998 9
2758 3595 4
3287 7136 3
99 8076 7
7195 8219 1
635 5761 8
21 6304 4
5783 7627 9
1670 4353 8
491 6132 3
1848 2569 6
784 3660 10
5381 7278 8
1099 3987 5
6740 7602 4
4697 7917 1
2067 6388 9
567 7005 9
3607 6631 7
3902 4817 4
2722 3573 10
3723 6007 9
815 2643 9
1151 1409 6
8162 8454 10
2692 5792 5
3123 5473 2
4569 5437 5
4249 6783 6
1638 7984 2
5129 8868 10
