7000 0 0 1
2085 3075 6
477 2085 8
2085 4425 2
2323 4425 8
2323 4187 8
2323 5533 8
477 4919 10
2323 3766 10
1335 2323 5
707 4919 9
1335 6476 5
707 6856 7
707 4427 9
4427 4586 5
6183 6856 1
707 2198 5
4586 6035 6
707 5655 5
1754 4586 4
2085 4557 5
707 5279 1
3197 6476 4
1946 3766 10
382 5533 3
3075 6040 10
1321 5655 7
3856 6040 3
4422 4425 2
4187 6188 3
4187 6462 2
5160 6188 4
2199 4557 1
382 5538 3
1108 3856 8
931 6462 10
498 707 6
707 2524 10
6476 6527 1
2085 5892 2
2085 5097 4
2103 5097 1
1335 1591 3
2103 2273 8
1754 4408 3
2085 4693 4
1174 5655 8
1125 6476 2
1086 3856 2
4187 5117 10
3792 3856 6
284 4427 7
284 2454 5
3075 5410 1
1591 4322 10
2198 4081 10
4586 5999 1
6035 6603 4
592 1946 4
592 2043 6
4962 6462 9
498 3937 4
2199 2562 5
1161 2199 6
3375 3766 8
1354 5097 6
2528 4919 6
1230 6035 9
672 4919 8
3149 4187 1
1161 4077 1
3616 4557 4
2294 3149 3
284 3399 7
920 6035 5
3960 6476 6
592 3801 8
431 3375 3
6188 6231 9
1581 3075 6
1108 5132 6
5410 5822 5
6076 6188 4
2715 3616 4
5448 6183 7
2198 2212 3
2043 3700 10
3197 6791 10
3937 5851 3
3427 5892 5
3517 5448 7
1988 2524 5
253 6856 8
1569 5892 6
1108 6068 8
1759 3937 4
4705 5655 3
760 3937 7
1581 3136 4
707 3021 6
310 3197 5
498 3201 7
748 3149 4
1108 3384 10
1174 6064 7
3384 4872 4
3136 4921 8
319 4557 5
3197 4153 2
2703 5538 5
1033 2103 2
1086 6723 7
1161 2540 5
5009 6076 4
3032 4427 9
1569 4208 3
431 3123 4
1858 2323 9
1101 5533 6
5675 6791 9
1321 2156 4
602 6856 2
310 2332 8
1465 2703 10
2124 2199 5
971 1569 4
2208 5117 5
4322 6799 3
3064 5655 1
5117 5861 10
4427 5341 4
2216 2273 6
5448 6089 7
264 6527 1
4693 6261 9
4229 4962 8
3219 6261 6
1086 4628 8
2273 3754 2
2124 3815 4
2528 3003 3
4586 5415 7
2263 6231 5
3149 4609 8
1754 4692 10
76 3064 7
310 3825 10
161 5655 8
1486 3754 1
1101 1804 9
1569 2745 8
1335 3527 4
1858 5853 10
3306 5410 7
3071 3517 5
4082 6035 1
2486 4082 5
3384 5552 9
76 3181 8
930 5861 7
3399 6099 6
2486 5687 7
1930 4586 8
589 3075 5
310 1436 7
2630 3960 6
5009 5163 1
3075 4266 3
310 5543 9
1052 3201 1
4557 4759 4
5097 6546 6
994 4266 8
1858 1977 4
76 2280 10
4037 5279 1
2398 2486 8
931 4121 4
3637 4692 4
229 6603 3
3552 4872 3
1930 6135 7
4791 6856 4
116 4962 6
292 4791 5
431 1651 4
3375 3762 3
293 5279 4
161 3585 5
253 762 6
2273 2698 7
4884 5861 5
2037 4791 1
1569 6421 2
1391 1988 4
4693 5026 7
2280 5225 5
3168 6799 6
249 2540 6
382 647 1
2103 3309 10
2294 6269 10
3217 6791 3
2696 6603 1
293 6329 4
602 5882 1
1578 6462 1
319 5577 6
3623 4962 9
1848 6231 5
3623 6293 1
931 3322 3
4322 5023 3
4121 5367 9
1086 2355 2
3003 5927 4
1804 6343 3
5009 6976 3
667 4884 3
95 1436 3
189 1578 7
719 4208 3
1230 2569 5
189 5666 7
3312 6040 2
1443 4077 6
607 1436 8
1110 6976 1
1539 3197 3
2909 3517 1
4427 5109 4
890 3527 10
4356 5026 7
1988 4282 5
1977 4601 3
3375 3532 5
431 1155 1
264 4900 1
95 4555 8
4601 5607 3
445 1110 7
1651 4214 10
382 6907 9
3181 4696 4
1174 6829 3
1206 1754 2
5341 6313 3
1359 2454 7
4425 6975 1
5851 6652 6
2280 6575 5
1183 1581 5
930 1686 9
5629 6261 8
2208 6882 7
2818 3136 3
514 3637 5
3312 4887 3
1804 6735 5
161 1519 9
472 1858 4
5038 6135 2
496 6975 10
1033 5139 7
1686 3238 2
2569 4286 4
5577 6390 6
2487 5533 7
815 1804 6
3801 5383 1
2254 5410 8
2645 6856 6
2645 4938 5
1759 2150 1
2273 5136 9
4566 4609 10
942 4557 9
3149 6317 10
2251 3197 5
3306 6274 2
2645 5504 10
157 4356 3
161 3325 1
4515 5882 10
1391 5368 8
1391 2225 6
1988 3998 1
256 3136 2
607 5347 8
4356 6013 7
3659 5552 1
762 4418 10
1149 3792 7
5933 6261 6
2696 5137 1
5347 5714 5
589 1214 3
672 6673 1
2225 4940 5
5853 6927 10
931 5750 6
1443 6296 3
5861 6817 9
2451 3754 3
3792 4524 8
1316 2199 7
2216 3871 3
968 3801 4
4034 4938 6
5892 6005 2
1161 2466 1
2879 4229 9
2150 6270 8
667 4805 9
4603 6856 8
647 6646 6
2540 4663 3
3298 5023 7
665 707 1
1391 4413 7
4229 5981 1
347 4425 9
2637 3552 6
498 1962 9
2577 6188 6
1214 2194 9
4681 6927 1
581 4408 6
1354 5080 4
994 6562 8
465 5109 10
1519 5573 6
3375 6072 7
3687 6183 6
2697 6317 1
2156 2278 3
319 5324 6
6273 6927 9
2637 5348 10
1391 3935 9
1321 1834 6
3309 5309 2
1589 3527 5
2195 6421 6
2175 3659 6
672 2445 2
1739 3123 9
2704 4515 6
1436 4334 6
5861 6684 6
1848 5159 4
1804 4203 4
1230 2801 8
2696 5010 4
914 5026 1
1959 5750 9
2082 3659 1
2527 3687 3
1052 2420 2
1320 6273 9
2048 6856 10
3123 6731 9
2251 6154 7
1676 4121 7
1114 2451 9
1033 3714 10
3253 5347 1
1448 3960 2
4603 6209 7
2745 5308 9
968 6887 9
3399 4097 7
4940 5052 4
1739 6136 8
3032 4985 1
3522 4214 4
2493 4628 2
433 2194 6
3328 4187 10
129 2355 7
3871 3975 7
748 6930 2
1676 4719 4
365 581 7
842 2466 6
1959 2027 2
2192 4427 5
2282 5367 1
4112 4681 6
5995 6209 5
1110 4243 7
678 2715 6
2537 4077 8
544 4759 1
4561 6927 6
1391 6434 4
2660 4153 10
1566 4121 3
665 3711 6
5671 6527 1
2818 6446 2
3219 6939 3
5831 6976 6
961 4900 2
4282 4508 3
914 2479 4
3166 6735 7
129 299 9
2816 5159 10
6188 6491 2
4444 4805 5
2175 5200 7
4141 6261 3
2682 5367 3
472 2209 8
500 4693 5
1849 5159 9
581 1723 10
3373 4887 4
2276 3168 4
1686 3336 7
477 2614 4
644 2278 7
2225 4765 1
75 3253 4
2682 5759 6
2156 5067 1
4427 5215 10
2633 4884 7
90 6562 8
4872 5467 6
2855 4282 3
3478 5573 4
2704 3159 8
5671 6565 3
1455 5552 1
3754 6841 9
4141 4450 6
3616 5342 9
3168 6362 2
1209 6273 3
2131 2696 3
2152 6841 10
476 667 9
310 2140 1
5117 5827 1
3182 3975 7
2388 4566 7
3005 5827 8
4077 4321 7
220 2263 5
2273 3370 1
3278 6270 2
5666 6583 8
942 6664 2
2785 3182 2
719 6568 10
1120 3064 1
1321 3234 2
496 4146 5
3855 3937 9
76 1511 2
4571 5097 8
2027 3546 8
3687 3797 7
1569 6913 9
154 6546 5
1774 5655 1
1711 4693 4
5655 6903 2
2380 3714 1
5160 5614 2
717 3217 6
1213 2704 7
3234 5537 9
1164 5927 2
2886 5995 5
1719 5467 1
1006 5995 5
2152 2583 3
4773 6887 2
3904 4112 8
20 5687 1
1737 6434 10
1174 2084 8
3244 3797 7
1144 1354 6
5594 5750 1
220 1384 7
2051 6927 5
1676 6275 4
1586 6275 5
1727 4693 2
2225 6541 7
3014 3182 10
2124 4314 4
2967 5367 5
3585 5694 6
1001 1316 5
4940 6966 8
714 3815 3
2037 3482 5
1230 5930 10
1711 4209 5
3637 4052 8
2485 4187 10
4716 6541 8
793 2630 10
3219 3317 9
4586 5230 3
965 2273 8
4450 4544 3
2201 6462 1
2466 3224 6
646 4693 2
2733 4153 5
5892 6514 9
6807 6887 6
465 5238 10
2745 6758 10
4153 5276 5
189 587 6
735 4515 9
3526 5215 7
905 4919 5
2933 6261 2
2556 4696 8
4266 5085 7
5225 5503 9
3560 5347 3
1161 1421 6
1994 6089 4
3579 6817 10
3224 3296 5
1922 5714 4
2124 3424 3
3005 3944 5
1539 3447 9
4601 6438 10
748 6420 1
735 4644 2
1922 6494 2
3032 3430 1
914 6268 10
365 4183 9
4081 6835 2
2355 6988 10
5436 6136 3
1113 2208 3
223 5137 10
5559 6035 5
2380 4856 2
748 2403 1
1712 2263 6
3731 4566 8
2673 6494 8
2886 3039 5
1183 6569 5
1183 4059 5
2166 6731 6
5276 6319 6
1155 6445 1
1353 2192 5
1384 4568 6
2816 5401 9
994 1697 3
1249 6319 6
2781 3825 3
3317 4136 1
2427 5552 3
90 2935 3
2673 6009 7
5369 6188 4
157 6628 7
4289 6268 1
2427 4990 1
119 1946 4
3785 5614 10
638 5559 7
3915 5999 8
1455 5313 7
914 1689 9
5326 5666 5
292 6574 5
5155 6569 2
2881 3384 3
1333 5831 6
231 6275 6
1324 6664 10
2733 3593 8
1617 2082 6
1719 6185 10
2276 2381 6
1654 5543 4
1378 4081 1
4681 6532 3
3296 4032 4
5314 6421 9
3312 5127 2
1114 6981 6
747 4413 2
3825 4378 4
1450 2614 9
1832 5927 3
4568 5222 4
3731 4161 1
4352 6273 10
3579 6645 8
3244 3666 1
3653 3714 5
189 6309 4
1120 6895 9
665 3135 6
900 2562 9
95 1454 10
93 3623 3
5436 5929 4
231 6744 6
2280 6363 3
1569 2830 5
3577 4146 6
76 6630 10
1101 5598 8
5129 5448 1
5225 6288 6
2582 5503 1
4334 5372 3
581 2838 3
968 4563 7
717 906 9
587 4581 2
5629 5652 6
368 6568 9
896 1321 2
2828 3815 5
2630 4307 4
2733 6592 7
477 6303 9
4681 6931 8
1674 3336 9
2051 3578 5
2388 3304 7
157 6043 10
201 735 7
1913 3623 8
735 6410 5
5890 6799 3
3430 3663 5
3197 4812 7
3676 4032 2
2234 5666 1
509 6652 8
1391 4217 3
2648 5308 2
1700 6035 1
4965 6076 4
1363 2886 4
2361 3427 5
1321 4967 9
4082 5532 3
3278 6860 6
3725 6628 9
76 4452 8
1041 3637 9
823 3616 5
5139 5171 4
2051 2792 4
747 6782 2
1052 6409 7
2292 6491 10
790 1391 7
4348 5598 7
310 2377 3
1988 5998 9
2330 3306 7
5349 6541 4
5222 5253 9
3302 5038 6
463 5410 3
2637 6732 6
1590 6603 6
1020 5127 6
1274 2801 5
890 1658 4
4875 5225 10
4427 5965 1
2047 5132 3
5678 6068 2
2889 3234 8
2216 6763 2
6035 6842 9
4601 5115 9
678 2963 2
110 719 1
2318 4938 6
905 2978 8
791 4032 4
1547 3253 5
5795 5965 4
4990 5479 8
790 4815 8
1416 1913 9
5163 5895 6
1333 6786 9
364 6317 1
914 6942 5
2398 4467 8
2037 6614 8
4384 5795 4
1092 4097 10
3317 3413 6
5132 6619 4
1105 3306 8
161 1294 10
5023 6260 5
1036 1155 5
911 2673 2
5313 5721 8
3899 6532 10
6313 6977 5
2047 5804 1
2652 6575 8
1010 6835 10
264 4786 7
1114 1874 9
2377 5405 5
1032 4032 6
514 1924 4
2102 5097 9
292 598 3
161 2243 5
20 2784 9
2025 3687 1
3235 4408 6
2152 6292 6
758 4566 7
189 1168 1
6193 6860 9
3893 6005 5
4805 5812 1
249 5695 4
5998 6554 5
1284 3676 10
2442 4425 2
766 2537 1
3486 4544 10
3575 4141 5
4932 5253 7
1266 3302 9
6041 6723 6
592 2258 3
2313 5598 5
3607 3766 4
2537 5983 6
933 5341 1
231 1716 6
2156 6708 4
1110 2642 6
563 766 9
815 5516 5
5754 5998 8
766 4310 2
3175 6988 8
3161 5822 3
3548 5598 3
1417 2703 5
6133 6541 10
2152 5092 9
6040 6886 6
930 3953 2
1086 6106 4
2916 5795 6
2702 5538 1
759 5023 2
428 1834 10
5970 6527 8
287 6041 1
366 793 9
2785 3621 9
1845 1848 7
719 2222 6
2976 3478 10
4063 4217 9
3108 4965 7
823 2759 1
442 5410 5
4289 5661 10
2773 6907 1
3479 6744 8
384 1737 2
3325 6059 1
607 1885 3
1020 4565 1
798 942 3
3168 3580 4
2280 2597 2
5759 6085 6
5673 5831 5
3334 6708 4
1034 3792 1
5383 6899 6
1716 3671 9
1113 2141 3
4884 6888 10
4900 6727 4
1421 5050 10
4566 4669 5
249 2950 10
1541 2102 7
1094 6009 1
3563 6575 5
766 5907 2
1826 3478 4
1320 2123 2
1930 5688 6
463 6998 5
2053 2388 8
1488 6554 7
636 6799 7
3354 5324 7
1020 2095 5
382 389 6
1052 6117 5
5105 6309 2
4705 4755 10
4628 6846 7
1965 3197 9
1566 3266 4
3259 4059 2
1658 3246 4
1581 1854 2
1653 5230 5
2691 4081 10
2759 3122 1
1691 4052 8
256 3863 6
3332 4121 5
2582 2591 3
5263 6630 1
643 3168 3
4986 5117 4
90 2342 1
167 3003 9
1174 2357 10
4426 4887 7
3336 3600 1
3790 5372 10
3157 4097 7
815 2279 4
115 1832 2
1 75 3
485 4034 3
1079 3863 9
1443 5226 4
1438 6630 8
90 2965 5
2095 6585 3
2080 2398 6
1930 6891 5
900 2606 2
3253 5659 8
86 1774 9
498 3000 3
3182 6795 5
5006 5105 10
1920 3336 10
2255 4962 1
2778 4356 6
2318 2382 8
1113 5390 5
1676 5604 4
2675 6135 2
157 1554 10
4356 4687 3
2947 4214 2
2276 5495 3
2108 6268 5
3872 4644 9
3626 6133 2
161 4688 9
5092 5450 8
1990 2255 9
3021 6391 3
1323 6260 8
2517 3309 7
2508 4986 4
514 1306 2
5355 6841 7
4919 6144 6
2158 2642 3
2014 4334 3
498 6251 3
1849 1855 5
1921 4884 7
717 1030 9
1206 6600 1
1977 2107 8
2287 3334 10
886 3711 5
1922 5501 6
2722 3253 2
3542 5067 9
431 4754 1
993 6391 6
4448 4884 3
2258 5118 2
3012 6144 6
4161 6501 6
1753 3937 4
3298 5262 2
2397 5532 9
255 4037 1
9 2445 8
3805 6600 9
1214 6200 5
4081 5179 7
2487 2999 10
3211 3542 2
1054 4603 1
717 5684 1
1643 5754 6
1001 1355 8
2205 6085 4
2370 5533 5
3149 5099 5
1774 2350 4
996 1092 9
2781 6590 6
2014 6211 4
500 4114 5
1164 2840 10
2048 5125 1
1998 3370 10
2225 5954 8
1886 5538 1
2691 5494 9
1845 6115 10
1113 3945 9
4504 5614 8
1676 4863 8
5744 6085 7
3482 4691 3
1552 4571 9
3088 4628 1
534 3944 10
2967 5297 6
50 6446 1
4006 4986 2
876 4705 2
5010 6427 2
2033 6541 1
5170 6494 3
3258 4229 5
2967 5319 5
5132 5772 4
3808 5537 9
1908 6998 8
766 1764 8
674 5714 4
935 3825 3
3585 5110 8
2025 5536 8
1405 1539 8
1617 3006 1
805 3135 3
5484 6903 8
1438 4143 6
886 2769 9
3097 3235 7
5372 5646 1
2015 2205 3
1266 3680 3
6180 6735 5
3361 5105 1
1533 2276 1
509 4855 4
2032 2263 7
3510 6099 2
1442 5222 8
3451 5995 2
2442 6802 9
3413 5361 2
4611 6445 5
5464 5495 3
745 971 9
1292 6585 1
5009 6943 6
3414 6410 3
399 445 3
2589 5467 10
2335 3238 4
3021 4022 10
2912 6317 4
4124 6841 10
1651 5884 10
3217 4528 5
4010 6887 3
4178 6059 1
389 4018 8
445 1833 2
336 428 1
2422 5646 1
6023 6106 9
4570 5598 1
2060 2466 10
1689 6237 4
168 5010 1
4791 5619 10
6363 6668 4
5263 6271 8
4535 5097 5
1974 4755 9
336 2146 3
3486 3905 7
3680 6395 8
464 4528 8
6240 6446 3
420 2166 3
2427 6216 8
2140 2853 9
3915 5989 1
4740 5721 10
1563 1930 3
846 2745 9
3426 5954 9
1321 5112 5
3795 6592 5
168 4079 6
1739 2062 10
1055 6723 10
1209 4347 10
1354 6831 3
5361 5512 1
3726 5812 4
361 5467 4
2368 6939 7
717 984 9
3488 4203 5
1174 1824 7
2924 6998 6
762 1268 10
1219 3626 5
2827 2976 10
1389 2881 9
2201 4047 9
3068 6988 3
800 6135 4
82 6723 1
2828 3689 10
566 2696 9
2160 4705 2
3003 3693 7
5324 5809 10
3687 6379 1
2051 2436 6
993 2878 9
4921 6134 5
3558 5117 6
6059 6107 9
3358 4321 2
3679 6269 6
4118 5536 8
115 242 3
168 197 1
1930 1992 10
2011 4183 4
1542 2335 5
3066 5253 9
672 2099 9
2332 4670 2
2385 6068 1
971 2795 6
280 4611 2
4692 6337 9
255 2024 3
1271 4081 3
707 6905 2
5504 6521 7
4571 6120 8
2147 3039 6
1716 1843 6
434 6089 3
3575 6370 5
1060 5552 1
2107 3443 4
1795 5687 8
1987 3552 8
1067 2527 3
1160 2420 5
815 4100 7
3003 6289 7
4266 4315 5
5152 5604 6
4465 6592 1
2785 3985 9
4696 5260 10
822 4178 1
4111 4153 6
979 6115 2
1454 1483 4
647 3344 8
3219 4458 3
3725 4526 7
4321 5249 4
3332 3755 3
95 6252 8
390 1054 1
2728 3766 6
2209 6838 5
788 4586 5
2114 4571 5
2604 5552 5
3467 5112 4
747 3515 4
1395 4209 10
1294 5676 9
2793 3871 2
796 6275 10
3354 6800 7
3087 4146 5
2274 4052 8
3930 3960 8
905 1251 6
3225 5436 8
1542 4294 5
2765 6269 9
223 3297 8
1998 3401 7
444 5652 7
4605 5125 1
6041 6197 9
868 2140 9
1541 4643 4
857 1753 1
5571 6476 5
2588 4557 2
1788 3012 6
2810 6802 5
371 6891 4
384 4050 10
133 3306 10
1249 1871 1
1020 6718 5
1261 2702 5
1706 2397 2
1726 5661 9
365 4445 5
3244 3500 2
1404 6438 5
1880 1908 2
913 4413 5
3948 4605 4
4887 5460 4
1435 5436 5
379 6059 4
3680 5235 7
4746 5200 1
1179 3244 1
2487 3966 5
1681 3725 8
4924 6619 9
2580 4450 7
1266 2472 6
341 4294 8
4771 6791 3
3087 5728 5
2854 5023 10
3580 6621 2
1765 2194 5
35 6791 6
4172 6445 1
50 1692 9
964 6197 5
913 3976 5
3568 4082 8
3815 5758 8
544 2748 10
894 6200 3
798 4103 2
4016 4146 4
1515 3003 9
1241 3302 3
3244 4499 3
2147 2616 8
4947 5092 7
2035 5661 8
485 5857 3
2939 3935 8
4786 5300 10
4480 6799 4
115 396 9
5890 5972 9
578 2225 7
1369 2445 4
599 678 7
4691 5869 3
806 4771 6
3208 3945 4
643 5021 6
4229 5800 8
5170 6471 1
1110 2246 8
319 338 1
5739 6040 6
155 1435 9
2278 5490 7
242 4645 4
1832 3049 9
2061 4716 10
859 6343 9
5200 5722 9
3373 5046 4
4408 6031 8
5914 6930 10
147 2614 9
663 3358 9
155 6965 3
3039 5483 3
2327 2769 3
471 5857 9
2422 5564 7
47 5995 6
2402 4322 4
1068 2660 9
1292 3854 5
514 5269 1
9 5555 4
607 4011 7
2099 2787 8
2562 4963 7
2722 5334 5
5102 5659 1
255 3949 10
4356 5945 4
3001 5129 10
4812 5844 4
2304 4754 2
2426 5448 9
3136 4244 10
2943 3003 9
914 4891 6
1756 2582 4
2558 5326 8
4691 6643 10
961 5579 3
749 1369 1
2352 6758 6
562 2697 10
256 3705 9
6198 6981 9
3147 4863 7
5340 6296 10
1325 6293 3
2481 6799 9
2282 4573 8
3864 4408 1
904 4644 8
141 4884 6
3075 3369 10
5080 6853 9
2632 6023 9
4347 4796 7
2781 4604 10
3568 4968 3
3687 4787 4
285 6313 9
2122 3224 8
1055 6983 7
3905 4132 3
3905 3974 4
3410 4010 9
1094 6805 6
3546 5980 2
1723 2681 3
389 1419 5
3170 6931 2
4294 5793 3
3219 3890 10
666 2254 5
790 6474 6
2096 3005 10
663 6422 4
41 1114 4
857 4134 1
2062 3901 8
2385 3465 8
1486 5270 10
1060 5043 4
853 5552 3
2437 3006 1
123 6154 7
667 5951 4
645 1854 4
1916 2976 7
3593 5446 4
5619 6030 9
2035 3480 6
2673 5813 2
2526 5945 6
996 6431 6
1833 2553 9
4811 5851 10
5451 6514 5
2391 6988 8
161 2565 7
3949 6229 2
665 3107 5
1054 2700 4
2061 3261 6
1067 5130 8
1369 2825 3
661 3049 9
2070 4052 3
1363 1626 6
2758 3297 8
167 1931 7
1697 4133 5
1952 3021 4
1323 4527 5
581 2400 2
4153 5289 4
3975 5183 4
2886 5969 8
2642 5897 3
2021 5995 3
129 3767 7
1848 2186 1
2044 6585 2
4846 6031 1
3489 6630 6
2332 4041 9
4256 6975 7
1110 2463 2
2251 6328 10
2721 5676 5
439 6895 6
79 6395 9
604 5369 2
3185 3945 2
3391 6574 8
3041 5415 6
4693 5993 9
69 6527 5
3021 6157 9
610 5604 2
335 6569 10
1431 3170 8
1726 6381 4
3005 6523 6
2306 4508 3
209 5721 7
498 2872 5
1317 1654 5
1010 2491 3
1367 6592 4
1325 3299 7
3251 5827 2
3197 4810 6
1478 5892 4
5297 5880 10
1921 6710 1
162 6040 8
255 5439 9
578 5781 2
2287 2788 8
1703 1974 2
2225 2483 10
82 3786 9
1987 6849 10
3473 6180 1
786 6319 2
32 2818 8
1417 6529 10
4304 4746 4
3176 6494 8
935 4027 9
1362 1591 3
3021 4665 1
509 1838 6
3325 3879 7
489 5795 9
1461 5405 5
1335 6647 9
4805 6262 3
2589 3596 5
3593 5742 8
1132 4568 9
2146 3280 1
253 5403 3
3015 4812 2
2094 3945 3
2479 6997 1
4112 4272 10
679 5598 8
4850 5537 2
2722 6671 4
965 4129 8
1240 3767 10
1729 4041 6
4361 6541 3
1253 6410 7
4882 5552 7
1023 2243 2
3710 4334 1
5436 5509 1
3850 6198 8
608 3960 7
5343 5930 4
5695 6320 3
1045 3370 9
2886 5443 4
1708 4669 3
4268 6303 1
3735 4229 9
2485 5743 3
868 4827 9
4544 6641 8
2237 5170 8
3142 6099 5
3395 6805 3
4589 5759 8
509 605 1
775 1552 6
4465 4784 3
124 3871 1
2132 2243 8
1272 4565 9
4600 5155 6
391 853 10
1320 5456 6
5804 6525 7
581 1396 8
1405 4767 3
1779 3558 5
1849 2647 1
240 2043 1
3414 5274 7
275 6240 9
503 4445 8
1113 6428 8
1240 2395 8
2397 6003 7
984 1007 4
165 496 4
5310 6268 9
394 5383 2
1972 5484 7
1718 6072 6
82 260 9
790 1624 1
6054 6927 5
4415 4863 9
1488 4157 9
2537 3980 4
6378 6428 2
86 5019 3
2456 2508 9
4022 6534 1
4466 6275 7
128 1779 3
277 6913 4
4097 4459 8
2194 3249 5
2597 4391 5
4302 6188 4
155 3740 2
846 5246 1
1607 6491 10
4527 6376 10
1773 6727 3
2553 4085 3
2225 2761 7
3717 5509 5
1843 2813 10
278 5129 2
1435 2378 10
471 2128 5
3877 5861 4
1333 5966 8
4081 5441 2
5262 5585 5
6018 6320 10
1845 5333 9
285 4460 6
2854 3884 1
4243 4288 8
5372 6039 6
269 3142 10
269 1281 4
1587 3064 2
1020 4830 6
1389 6450 4
141 2167 8
3032 5301 8
4361 5596 1
275 3368 10
890 3699 3
4508 6128 6
165 4880 2
4705 5645 7
2026 6600 1
3 6188 1
4676 5721 3
3123 3862 8
157 3581 4
5484 6654 8
4183 4379 4
4506 6183 6
3413 3900 3
139 679 3
2543 5343 5
2082 5818 10
4603 4867 10
448 6621 10
1468 4018 3
2082 3206 1
1578 6472 2
2378 5056 7
1424 5857 1
2239 5439 10
77 6886 2
5758 6804 5
2757 6313 2
6270 6596 10
490 6200 2
2150 5470 9
5105 5551 10
866 1586 3
1924 3965 6
1019 3871 3
2601 3577 1
3854 6105 3
1346 5551 7
4993 5410 3
1553 2785 8
2370 4698 4
1114 2735 9
1438 2613 7
3471 5334 1
2026 6737 6
1775 2208 5
961 3444 8
5509 6602 8
1305 4450 10
3767 5540 6
84 1718 1
1166 2335 7
1633 1700 2
3671 5665 1
235 3600 10
2166 4970 1
4353 5235 2
209 1017 6
349 1708 10
1281 3051 8
4719 5381 4
1617 3483 4
2815 4361 9
1240 4475 6
1284 5764 6
2524 6716 5
1586 2874 8
5675 6511 1
5349 5940 2
1389 6875 10
139 6393 6
3032 6555 9
4573 6974 9
31 2380 2
924 3122 7
2370 3125 3
4321 5325 6
1795 1817 7
2037 3289 6
492 6237 3
1939 2792 6
3985 4858 6
744 6319 3
4791 5994 3
2377 6730 3
141 2249 6
3217 6498 3
384 2075 6
2353 3680 1
3358 3836 1
2317 6099 8
1929 3948 7
4312 6018 8
5253 6669 3
614 5795 3
3158 5467 6
1989 2582 1
760 1112 10
2015 6356 10
2825 5392 10
2255 5856 1
3280 5566 2
505 2660 7
2224 2939 7
5805 6596 1
3974 6535 9
1030 6803 3
1223 2703 8
647 3397 4
5245 6023 7
517 4111 7
1726 5774 9
2263 3508 7
2203 5933 1
3368 4412 4
1934 4229 5
996 2088 5
2553 5024 3
5230 6721 10
1135 1924 2
1239 4310 7
4669 6011 7
476 2552 5
737 4408 5
3201 4231 1
1663 4141 9
922 2205 5
790 3783 7
1151 1965 2
4492 6105 9
1689 4712 5
1729 5065 10
1391 5900 3
3331 4294 10
2622 5319 1
1691 2611 2
2195 5906 3
4932 6580 4
3473 5330 8
1916 4447 5
5661 6765 2
6554 6561 10
759 2139 9
5644 6853 9
2645 6816 6
219 1754 5
2553 5091 7
505 5022 6
5092 5677 3
2225 3092 4
1 5280 8
3881 4426 10
500 5209 6
3087 3505 8
4919 6695 8
84 208 4
2965 4420 7
3299 6057 1
1817 4363 3
2724 4740 3
3244 5910 6
5375 6802 2
617 4034 7
1163 1697 10
124 1602 4
1143 2140 7
5040 6154 3
584 6209 4
1041 4895 4
1559 4891 6
748 2221 2
1563 1743 7
4141 5973 10
74 2043 4
3977 5972 1
6421 6507 5
154 1909 4
299 2719 8
2588 6766 5
2289 4112 6
1404 5821 3
815 3119 9
256 2126 10
1429 2675 5
1294 3466 8
2919 5021 9
500 1300 4
821 3015 7
4582 6229 8
380 2924 8
439 1666 7
2500 2838 8
2128 4259 4
129 1130 10
1201 2697 9
5814 6668 9
285 6720 4
2916 6122 1
2598 3546 10
582 5804 4
3804 6474 2
259 5772 9
4887 4989 2
2911 5460 2
349 2298 9
1766 6799 7
3249 5126 2
4734 5436 7
5267 6409 1
544 5344 5
1058 6596 5
4810 5683 10
121 5159 5
1504 2491 4
2794 4037 3
4542 6664 7
1339 2728 8
2463 2631 3
3329 5125 3
1317 6366 9
364 732 1
3575 5875 6
3684 6710 5
4716 5144 7
397 2212 10
364 4341 1
503 561 10
3713 6064 9
4099 4256 3
635 6791 4
1038 5585 9
472 2570 5
4116 5646 7
5781 6609 10
2113 3331 8
3299 6688 7
2219 4875 9
5498 6296 10
945 5132 8
671 1429 10
3306 6424 7
3672 6356 3
803 6275 7
3370 6674 9
5271 6009 2
4691 5803 2
2577 3514 6
3503 6183 4
1581 6067 5
127 2037 2
1953 2107 5
1775 5028 4
1504 2873 5
874 5821 7
3413 3823 9
58 4103 6
2577 6759 10
782 5659 7
598 6672 2
1517 2243 7
1832 4490 2
886 6305 5
2561 5276 8
5503 6566 3
3866 5536 4
1007 5705 4
188 2810 4
6122 6659 5
230 5115 3
2849 3510 6
71 1316 1
2784 4587 1
1885 2093 8
4497 6716 10
4861 5945 7
2963 3019 5
2719 6051 5
1356 6737 1
4587 6515 2
1128 1838 5
357 1718 8
50 998 2
2483 5785 3
307 3005 4
965 1375 4
6236 6786 2
464 6833 2
3048 5110 5
1207 6596 5
864 6882 3
3642 5537 10
2050 4425 5
1824 2428 8
5880 5987 7
3688 4124 3
3914 6005 2
1968 3585 6
1590 1598 9
1553 6017 5
768 5577 4
2591 4403 8
2199 4706 7
158 6759 8
6144 6537 8
2537 5747 3
86 621 2
5367 5905 2
5850 6270 2
129 6754 8
1477 3546 10
4054 4570 8
2274 3554 5
3152 5671 1
1633 5492 4
4154 5688 6
2581 3558 4
3978 4266 4
3850 4937 6
3155 5361 4
1274 1742 2
747 2148 9
209 2610 4
994 5606 10
6535 6890 3
1855 6733 3
3048 3760 6
467 4880 3
382 5058 1
669 5369 1
3006 5133 7
2208 3639 10
928 1759 10
135 581 8
3560 3963 3
3653 6698 6
1393 6422 7
371 4155 3
4183 4847 8
3890 6090 10
338 3909 1
2002 3526 7
100 5993 7
822 2767 6
4973 6647 4
821 5865 4
598 4440 3
2132 5616 4
1160 3218 8
617 657 6
433 6284 9
1840 4805 6
3374 4740 9
2142 6303 1
4644 4838 6
2827 4338 10
3361 6783 10
3055 3444 4
2692 6144 4
3182 4086 2
6132 6534 10
2505 2943 1
3335 5361 6
753 6337 4
778 4460 9
2096 5757 3
1160 3538 7
5067 6166 5
6056 6791 3
967 4754 8
3333 5183 4
1674 6167 2
68 5085 4
2170 2342 5
3469 4475 8
1405 5241 3
5192 5980 1
665 1576 4
503 6206 1
48 4155 5
5490 6845 9
622 6895 3
32 5864 9
186 5300 6
6014 6135 4
4349 5046 8
364 6071 2
2558 6570 7
1349 5361 7
464 3037 1
593 6011 2
2194 3694 3
100 5242 1
1779 6607 3
1038 2010 3
155 6344 9
2779 2939 8
1308 6057 4
1871 2638 8
2260 6450 5
3482 4726 7
2484 6621 4
3653 4488 6
3720 5498 7
829 2698 7
1045 6885 1
4678 5470 5
743 3414 3
2493 4235 2
1952 2111 7
2427 6843 3
1059 5683 6
1051 5058 10
2505 4739 9
500 4655 10
3071 5251 10
3092 6164 6
1153 6831 8
1225 3414 6
84 1337 4
3139 5381 2
2276 3146 4
2431 5109 1
299 6411 9
3726 4899 6
3431 6646 2
1164 5103 1
2407 4938 7
2189 6450 4
429 5744 9
1858 3990 10
3530 5993 1
760 5120 1
1183 2708 6
1939 5272 4
5112 6062 1
2208 3083 10
4236 5927 9
664 3871 8
3158 3582 10
1337 2191 7
534 1722 6
2370 5668 9
63 4947 2
2481 4917 4
4373 5341 7
4901 5661 5
1648 4097 6
1542 3082 3
3321 6117 1
1727 6540 2
3814 5110 1
319 5511 7
397 5921 5
3166 6926 9
2525 5415 8
3381 4965 3
1273 2719 2
3755 4462 9
4565 5148 4
1590 2803 9
1591 5434 3
1046 3370 4
1032 3216 6
442 6989 7
2581 3773 1
5907 5975 2
3088 4252 8
4909 5665 3
312 2011 1
530 5330 3
4361 6945 9
3426 4935 4
3358 6904 1
1455 3891 7
15 3424 5
1607 3172 10
3031 3066 1
2111 2910 5
1845 1950 8
2118 4121 8
2302 6284 8
1766 3846 10
1128 4946 4
3889 6672 1
4949 6229 8
1712 5370 8
1195 3580 6
3392 3424 4
4823 5091 9
4307 4752 3
559 2479 1
1483 5320 6
336 1638 1
3532 4441 10
3361 3729 2
3375 6676 8
1824 5530 7
3499 5040 10
176 5869 4
285 3204 2
760 4087 6
3527 6968 3
1163 5095 7
1080 3037 7
6164 6533 6
1723 6405 6
3168 5335 5
439 2937 3
589 6364 1
2192 5493 1
2034 2249 2
1329 2148 5
795 3392 4
3282 5813 8
2621 5065 2
4737 6106 5
2916 6925 7
771 4993 7
5038 6928 4
4148 4771 6
5056 6439 8
4160 5659 5
4023 4347 1
4589 6196 3
2152 2711 10
3555 6731 10
1039 6260 5
2451 2608 3
256 6725 7
3528 3899 3
457 6527 10
1161 2829 8
635 6130 1
5267 6142 6
2233 2289 6
1488 6883 2
1026 6185 5
5038 6689 3
1840 6173 3
2480 2765 6
1174 2892 6
2235 5369 1
2650 5655 5
581 895 10
578 2324 9
1057 2139 6
1083 3306 6
1872 2402 8
788 6276 9
253 576 9
555 4600 7
1214 1782 6
4310 4945 4
2064 6671 4
462 2318 8
426 6997 4
1657 2118 7
1272 5151 9
2298 3069 8
996 2119 6
6218 6305 2
850 1977 2
2147 6352 3
1332 3720 3
2352 4147 2
505 550 1
424 1553 5
4970 5444 8
3155 4910 8
3108 6748 8
2767 4234 8
4659 6735 5
933 3093 3
189 1836 1
2509 6090 1
1097 1586 7
1538 4063 5
6439 6598 3
1305 3287 8
900 6656 9
1683 2648 6
989 5058 10
2243 3073 1
4362 6427 8
55 5099 1
2287 4306 6
5137 6456 3
1614 3486 1
5335 6995 5
389 6914 4
102 3123 4
719 1933 7
2157 3773 1
778 1770 7
2249 4652 5
432 2613 2
2456 4776 7
829 5959 6
2758 2799 10
1618 6370 9
790 6029 9
3717 5829 9
6470 6754 4
5022 5438 10
3615 4678 10
105 5759 6
2391 4381 9
189 1799 8
1325 5213 7
3616 6964 9
427 5451 10
183 6803 1
828 2123 5
1066 6939 4
1035 2735 6
923 4973 8
341 6419 8
2194 2202 6
4446 5467 10
1795 2315 10
2239 6623 3
2247 5334 8
1376 6603 7
6563 6603 9
3504 4378 9
2974 4726 10
2290 3302 3
442 6960 4
1370 4103 5
1268 6246 7
3790 5752 7
155 1828 1
1363 2458 9
581 2266 5
1654 3379 7
1204 1924 8
1690 1988 7
3185 4438 8
442 2022 3
1508 3700 1
2010 6506 5
428 4700 6
686 745 5
4334 6314 1
424 1878 6
939 4965 8
6018 6430 6
5666 6512 3
2106 2724 5
2818 4219 8
5503 5944 3
661 5104 9
2080 4088 1
3191 5415 3
4116 5636 9
2950 3372 3
2867 5822 5
3321 5586 8
292 6589 6
453 5875 5
2201 6092 8
1443 3347 6
1916 2238 1
2150 3964 5
493 6422 4
391 410 1
1522 5133 10
1718 3084 10
1369 2155 2
2691 2926 2
4818 5927 9
4188 4895 5
1997 4970 8
4447 4854 9
1182 1431 4
4655 5640 9
1554 3509 7
985 1683 5
1390 1959 2
1759 5567 5
2659 4420 10
1026 5258 2
1184 2426 4
3857 5532 3
1723 3446 1
2877 4910 1
788 1322 7
2442 6052 3
2657 3368 1
3999 5267 8
3640 4243 4
55 1907 3
2021 5662 7
1659 2274 5
2972 6507 5
1363 3931 4
722 6766 5
1760 3854 1
3206 4794 3
220 1380 4
3603 4508 1
1208 3216 3
1973 5999 5
117 284 10
6048 6695 5
555 3366 1
873 3626 6
550 4690 6
605 6281 4
505 2789 3
2745 5214 9
2991 3693 3
2256 6013 6
422 1438 10
1782 6257 3
5216 5750 6
223 3357 4
1031 3856 10
267 3071 10
3466 3757 9
487 2788 10
1701 4691 6
1035 6510 7
1478 4738 5
2201 4569 7
2209 3262 6
598 624 6
74 860 10
5280 5904 3
5 2361 7
352 5129 7
1590 5955 6
3119 4344 2
5575 6592 3
654 3234 5
3578 4814 7
1082 3504 3
1674 6221 10
1902 2279 6
4347 4583 2
1646 1826 7
4402 6014 4
3671 5854 6
2580 5903 10
1039 6301 2
4270 4850 10
622 3053 8
2186 3535 1
334 3615 10
1199 3688 7
5600 6574 6
1393 5191 4
3199 3204 10
465 3833 10
339 5998 2
1968 6558 9
511 2381 6
4336 6887 2
102 5018 6
830 874 8
4392 6117 2
2582 3402 2
3136 3160 9
30 2235 9
1890 4132 8
561 3972 8
2493 6828 7
4715 5065 2
1070 4663 5
2755 5688 9
963 6943 3
3639 4843 7
401 759 2
4101 6296 9
428 3539 9
178 894 6
147 5729 10
5363 6410 8
1496 6718 8
4293 6051 6
4785 6907 10
3213 6804 7
4022 5631 3
2784 3024 7
2818 4311 5
4408 6204 5
2965 3378 9
686 2661 1
2738 3729 10
2943 4456 7
923 6753 3
95 4225 10
874 4242 4
2686 5494 3
4553 6344 4
1424 3231 8
1203 4160 1
2582 5264 1
3678 5927 4
5446 6584 7
2762 3679 6
1628 1766 3
1554 4257 2
4510 4676 10
1007 2866 8
5028 5265 5
1744 5880 4
1046 1178 9
311 4312 6
4392 4813 9
3242 3578 7
2237 3376 3
370 4940 5
535 2107 8
2530 6289 2
4707 4726 2
1073 6379 4
4588 6498 1
2961 3637 8
919 967 3
230 658 8
81 5080 4
5502 6546 7
4491 5906 10
2119 4912 1
1113 6212 1
46 5006 9
331 4268 3
518 2175 3
1987 5992 4
2222 5353 4
2382 4622 10
1025 6130 9
1160 2421 3
5774 6006 1
2379 4229 2
5998 6825 1
796 3095 6
1444 5065 10
1955 5503 4
1003 3051 3
4822 5192 9
54 3336 9
4815 6705 5
3118 5297 5
1703 3534 8
1732 4032 8
1669 4413 1
2396 3231 2
5875 6789 5
2999 6353 9
4702 6623 7
4659 6435 3
3231 6864 5
5794 6261 1
3399 6604 9
4142 6092 8
1305 4842 7
4422 5816 9
1725 5456 4
6175 6843 3
1459 4322 6
3251 5808 4
1297 5415 1
2959 4381 6
4768 4830 10
2304 6069 5
3432 4707 1
2332 3193 4
709 2673 8
1777 4811 5
1379 4362 8
3389 5503 10
4384 5574 5
496 3818 7
4292 6527 1
3444 6680 2
1017 3050 10
3154 3978 3
1228 2260 7
4776 6297 7
2624 3659 4
3116 3399 8
3173 4079 3
3985 4443 7
6038 6185 2
1981 3948 10
302 2583 4
1893 5861 6
3537 5906 8
784 3235 9
1843 5114 8
2499 4497 6
1861 6035 6
3711 6333 6
201 3057 8
3769 6754 3
4080 4696 3
4743 4990 2
312 3533 1
1237 4901 5
1758 5814 6
1442 2903 4
5490 6008 3
918 5214 9
998 6392 2
311 6355 2
1398 5222 4
1966 4628 4
1858 5323 3
1592 6411 3
4042 4450 9
47 1409 2
5095 5219 2
901 3146 7
5311 5744 6
2461 4081 2
332 4571 9
3005 4319 8
2509 3995 4
586 5043 7
4834 5666 7
1777 5037 1
2675 5613 6
724 1332 2
2693 4257 9
2278 4671 2
530 1875 2
3357 6495 3
3365 6173 2
5026 5145 6
758 5720 7
4715 6286 2
1255 2638 7
3854 5485 6
4759 6170 9
2691 3018 8
2404 4566 4
315 1614 8
1435 3133 4
3158 6406 6
3608 6583 1
1410 4946 9
2285 6569 9
3048 5877 7
1098 6030 9
2094 2980 3
2598 6322 8
2967 5549 1
589 4375 8
1686 4170 9
463 1285 3
2816 5891 6
5310 5408 4
4124 5649 7
1471 4381 4
2999 4654 9
1897 4644 2
904 4641 4
3561 3607 9
857 4594 1
369 6525 6
6161 6197 8
4319 6701 4
2667 4097 8
366 4576 1
198 3528 9
958 3503 4
850 4245 8
658 1361 9
2198 4751 8
6279 6589 3
1013 6023 5
1323 2000 5
2853 6940 8
1899 5516 1
3972 5322 4
1257 4912 2
220 1334 8
5208 6802 4
1272 4717 3
3563 5658 1
4008 4785 2
1345 1754 5
874 6189 4
3797 6049 6
3640 5713 8
5586 5765 10
2909 3472 6
3235 3968 6
285 6760 8
2460 2552 6
2577 2820 1
4445 5463 3
4656 5980 3
4801 5483 6
4399 5652 10
418 3280 2
232 5446 7
4486 6134 5
1706 5964 8
2367 4716 5
4547 4696 5
3622 5028 9
3884 5284 4
2784 4131 7
2024 4044 6
60 6890 6
1397 5056 5
1144 3849 8
117 5261 7
3600 6050 1
1710 2648 2
5239 6343 3
562 1925 8
41 2100 4
1324 4009 1
821 2197 5
3527 6986 1
1475 3219 7
1925 6002 10
253 510 8
4631 5907 2
1430 2604 1
1592 6813 3
293 683 8
1543 1602 7
3990 5210 10
5513 5900 7
5274 6165 7
546 6600 1
2112 3146 7
520 933 10
5692 6439 3
5019 5100 3
1416 4837 9
5415 6448 1
1951 2972 5
873 4914 7
1355 4084 5
4620 4837 2
4379 5873 3
240 4487 5
488 4234 7
2653 5688 2
585 3972 4
3296 5499 1
2772 6052 1
1255 5466 5
4485 5772 5
2676 5646 8
5976 6419 7
1690 6564 1
4007 5945 8
3142 6184 1
4151 6175 4
1461 3257 6
1964 5856 3
6231 6832 4
2606 5899 8
3556 6216 1
471 3383 7
1170 2692 6
647 698 5
2719 6083 2
3841 5772 2
1231 6314 2
102 6870 8
3403 3451 10
4454 6584 6
1633 2727 4
805 3363 10
3782 4219 5
2009 2426 5
3157 4283 4
6002 6266 8
94 1125 2
3363 6902 10
2032 2217 10
885 3403 1
638 1449 2
3467 4809 7
866 4264 1
6094 6945 7
106 3478 6
73 859 4
180 2606 1
3394 5897 9
5199 6813 10
803 1089 4
331 6225 7
1434 4466 8
135 2896 10
3645 6236 10
2567 5945 2
1332 5776 5
2976 4470 5
2222 6012 7
4311 4332 6
5722 6475 4
861 3402 10
3145 6144 7
5565 6049 2
4337 6355 3
1405 3417 5
171 1128 1
1146 1380 10
950 6621 3
1008 2715 5
1854 6248 10
3855 4277 3
4361 4682 4
969 1981 3
1921 2555 10
1995 4111 9
2047 3445 10
4039 5940 1
2762 3789 7
2315 4879 7
2385 3026 6
4048 4252 2
267 6016 6
1773 6547 7
174 2589 3
1694 4234 10
621 1574 10
4714 5856 1
2350 3117 1
396 6963 10
4047 5871 6
2436 2602 10
3050 5556 2
2965 4679 1
4735 5895 2
1223 2228 1
2589 5190 7
5389 6783 2
671 3438 9
2808 5742 8
2032 4753 10
4810 5047 1
1099 3073 1
2025 3610 4
2137 5330 6
3797 4162 3
1384 6616 10
2493 3675 1
2679 2855 6
4272 6767 8
5839 6813 1
1294 4138 7
77 6880 5
4920 5022 3
3375 6639 4
3108 3294 4
1134 6723 8
475 5980 8
496 3290 6
2630 3821 5
2347 3855 10
2423 3537 7
3646 5114 1
6104 6580 5
523 2454 7
900 3867 6
4539 5118 1
1376 2328 7
1627 6759 1
1292 6781 2
2953 4443 6
209 1671 8
3891 6704 5
22 868 4
644 2312 1
3467 6045 8
4909 5418 8
1520 3133 9
419 1671 5
3058 6296 1
2107 2811 3
2828 4667 2
1238 6322 3
453 1150 7
1375 3721 3
1297 5922 9
3712 6353 3
989 6850 2
6039 6961 9
4036 6041 7
708 1824 9
1930 5461 9
536 714 6
2734 5381 4
1228 1827 1
3657 4707 3
2059 2601 6
1443 5111 2
1156 3325 8
2184 6981 7
758 4721 10
347 731 2
2111 4849 7
1278 4008 8
264 3269 6
2173 5827 7
1182 6114 7
4910 5657 10
1754 4370 7
3214 5226 9
590 6271 8
3373 3764 5
2417 6005 4
2001 4452 6
1525 6977 4
5819 6846 1
2682 5034 2
1519 6779 2
2143 3075 5
1983 3726 2
2288 3792 10
1095 3901 1
3528 6299 5
68 1311 2
2788 4635 8
4731 6541 4
5335 6597 8
4095 4568 9
3146 3449 6
1463 4555 5
3044 5418 9
564 1764 6
5734 5819 3
2923 6456 7
5112 6916 1
2064 6347 2
4289 4799 1
4190 5743 1
305 3395 10
6243 6961 5
2794 5162 9
2508 4933 3
56 913 2
181 3224 8
442 6172 10
181 4703 2
1163 1767 8
1075 2328 7
5104 6581 1
5017 5114 7
1666 6455 8
1161 2775 5
2238 5358 8
4052 4625 5
1668 3558 10
4879 6549 1
3067 6843 9
2788 5243 4
2639 4830 5
8 5018 7
344 2377 4
133 5979 1
1477 5031 2
3408 5314 6
2476 4791 7
860 3047 5
1398 6383 5
494 4231 2
50 2862 6
1929 2383 6
3253 3490 2
1936 2352 5
2035 6509 7
2867 3364 6
254 1691 9
3006 3587 6
5619 6400 7
2234 3691 2
3263 4625 3
938 3335 1
1247 6305 9
1911 3344 9
4838 5413 2
800 5175 3
1752 2892 4
1551 5226 2
1013 1530 1
266 4526 2
4440 5458 5
1438 2360 9
531 3720 10
1486 4672 5
701 6286 4
1064 6989 3
4498 6942 6
4820 5776 5
3789 4615 5
1877 2601 9
3658 5408 6
1483 1595 4
2823 2939 10
2566 4967 8
4164 4576 5
1533 4599 10
2279 2291 3
4531 6835 6
2408 4740 5
784 5988 4
2808 6667 9
4041 5883 4
2231 5683 8
519 1962 6
1691 2920 4
2328 5469 8
3071 6970 8
4714 5217 7
1050 1753 7
1897 5791 10
1362 2392 1
280 3664 3
3921 6570 10
1734 3369 2
5140 6117 3
427 6531 1
3032 3327 3
187 6600 1
4127 4968 1
116 4580 10
2578 3075 7
790 2579 9
5984 6583 1
359 5171 3
3832 5662 9
1936 5063 4
2783 4438 7
5774 6461 8
3645 4562 9
102 6690 2
1936 5593 1
2937 5423 9
5132 5595 7
5230 6228 6
610 3707 9
1819 3694 2
3057 6401 6
2563 3972 2
3111 3575 5
3337 4338 9
797 2715 8
1976 2965 9
1309 4565 6
5441 5761 1
520 4053 3
4142 5648 10
786 6374 10
4659 6047 5
1023 5568 5
11 434 7
332 4096 9
731 3455 10
833 5869 9
6051 6404 9
1964 5211 6
2707 3577 9
471 6869 2
1880 6650 1
6157 6492 3
484 1539 2
3014 4387 3
2061 3476 10
1079 5633 2
1765 6282 3
145 429 8
3832 6610 6
1706 1956 10
4795 5330 2
5421 5614 7
5474 5905 4
1849 2138 1
1674 3638 3
1514 4042 6
4991 5043 7
467 6186 8
3886 4834 4
3369 5060 7
815 5029 6
5115 6060 7
190 6533 1
1978 6943 3
2126 5286 1
487 2253 5
660 3168 5
5813 6447 10
2350 6109 7
4285 5655 1
2136 5439 1
1873 3336 6
4355 4933 7
4420 6912 2
2711 6874 7
2351 5566 9
3234 4607 8
3706 4672 10
77 1513 4
1957 4805 2
872 3808 3
4143 5937 7
2484 6191 4
2962 4082 2
5844 6911 4
2972 5075 9
2624 6168 6
1707 2060 2
1446 5368 7
3582 3824 10
3427 5681 9
696 5975 8
649 762 8
1308 5101 8
1380 2998 2
1209 4179 5
2053 5641 1
803 4833 6
582 723 1
4583 4666 3
5989 6479 9
5207 6534 1
714 956 10
4132 4546 7
1405 6084 6
5467 5815 4
775 1358 7
6186 6387 1
5322 5371 4
4032 5962 1
1279 2657 7
1265 4895 7
3188 4672 3
4494 5513 8
4231 4674 4
28 1530 2
1385 6185 10
782 1338 3
3103 5742 5
2159 6383 6
2675 3276 4
832 3161 8
2118 2848 3
2311 6084 2
2124 6478 10
919 6947 10
6693 6833 10
514 3860 3
4548 5235 1
1381 4160 4
1764 4728 9
4283 4951 6
116 2270 1
6055 6590 3
1068 6287 2
482 1059 5
2096 5203 9
2950 5124 4
3323 6989 10
789 4625 4
161 2154 6
5214 5497 4
3675 4708 7
2049 6931 4
1417 2938 6
46 5622 5
4630 5552 8
579 5568 7
1034 1048 6
544 1145 1
2618 4900 4
3552 3748 7
3216 4870 10
2475 4361 5
2288 3988 4
2117 3782 4
961 5638 7
1695 2476 7
4017 5678 7
868 1157 9
114 1089 4
1101 4404 3
2225 6524 8
1444 4578 7
3326 6183 8
693 4408 5
225 5126 9
3119 5174 5
1722 2236 9
143 3395 1
1077 2783 9
1031 1837 6
1509 5929 10
749 6551 6
2377 6171 10
2000 6847 8
1129 2645 9
4801 5181 7
216 4286 10
4653 4818 8
421 520 4
3258 4280 4
4076 4286 5
1288 2095 5
260 4180 4
636 2663 10
2274 3835 6
3006 6884 10
576 4482 4
1902 3620 10
173 6537 10
3402 6776 3
4670 5027 4
3614 6509 4
2081 2631 4
70 3620 3
632 6476 8
6014 6863 3
5961 6850 7
5881 6023 7
2524 2949 6
35 392 1
673 2829 7
5602 6614 3
1909 2534 5
4739 5860 9
4019 6574 10
4848 5140 1
3392 4925 3
4985 5592 10
2422 6897 10
1019 4549 10
1473 3097 8
519 539 7
4161 4836 1
4668 6566 10
495 1624 6
2654 4932 5
3706 4296 2
672 1445 7
3667 6320 5
542 4467 10
60 2901 8
5249 6697 9
1280 6455 6
3787 6562 6
2773 3898 7
4775 6568 9
907 2014 5
5223 6439 6
308 3638 9
874 4886 3
3942 5160 6
1834 6957 4
2571 4731 10
1203 6034 8
3406 4257 9
3894 4968 7
4707 6205 4
5393 6057 9
5010 6934 2
1252 6758 5
563 2346 9
6524 6922 5
6195 6963 3
1369 6263 9
920 1814 9
319 5295 3
477 1859 4
2014 5138 8
164 5897 5
4370 5240 6
742 3294 7
4632 6289 5
441 3789 5
2637 6432 4
284 3010 1
4095 6290 5
5428 6434 4
2234 5380 3
2317 6097 10
1416 3474 10
3058 5069 2
5858 5906 9
3689 4228 6
3808 6179 6
5572 6695 5
4416 5543 6
1861 3592 9
466 1743 1
4068 4676 7
5577 6611 1
1667 1871 8
3010 4808 1
749 6468 7
4436 6942 1
2112 5632 2
3654 6251 8
578 6500 5
1668 3529 5
2503 4047 2
918 2859 10
921 4712 3
2855 3174 8
1417 2172 2
1359 6359 9
1275 6052 6
4225 5476 2
5612 6805 9
5098 6055 6
2096 6567 8
6003 6785 3
451 5355 6
1710 4956 10
3220 4755 6
2047 5033 5
5421 5885 3
2584 3368 6
5765 6761 2
2633 4434 7
259 5122 9
2754 4738 10
272 1987 3
4992 6062 8
1051 2007 8
4455 6229 6
782 4807 7
752 1465 10
1118 6195 9
67 589 2
4312 4851 9
733 6049 10
113 5028 2
94 5008 4
368 1914 4
5613 6278 6
5341 6881 10
2512 6995 10
4079 4923 9
1095 1640 3
1403 1431 8
2508 4471 7
2510 4506 1
63 4942 4
670 6257 1
881 3174 9
4355 6954 8
1517 5601 3
3102 6047 3
2208 5539 1
909 3965 1
4071 4622 4
4701 6776 4
587 3485 10
3517 6466 10
3219 5599 8
3430 4742 1
267 3241 8
364 4439 9
3543 4858 9
6428 6984 6
1163 2791 5
674 6151 5
5739 6065 4
3339 6144 10
538 4448 4
615 2132 6
2123 3016 5
43 942 2
2260 2842 1
3697 6390 2
1163 1629 10
248 2062 5
1840 4290 6
1632 4949 6
1750 6216 3
2466 6836 8
685 4986 7
829 3704 1
6643 6834 6
2087 4190 4
5521 5921 9
2074 5326 3
891 918 1
638 4980 7
3392 5406 2
2460 2535 1
4553 5365 5
3244 5035 1
4497 6233 2
3436 6843 5
3769 5590 7
2675 5016 2
722 6123 4
2574 6689 9
597 3379 6
759 3810 1
1252 2625 6
2900 6614 4
1452 6554 2
5197 6584 5
266 5282 3
1019 4083 7
117 3346 2
1656 6786 4
2489 5320 6
2666 3032 9
4311 5679 6
3588 5844 7
4226 5530 6
957 6880 1
69 3022 6
1249 3243 3
2721 5312 7
3503 4733 5
2682 6920 4
2156 4758 5
2899 5311 2
696 5500 2
4138 4360 6
2540 3110 3
2266 2843 9
3554 6155 5
1874 3196 4
1661 3786 3
3971 6106 2
2056 4285 9
2527 3831 5
3057 5589 7
1607 4191 9
3057 5618 9
548 5861 1
1994 6194 3
3913 6114 6
2519 6189 2
1705 3084 1
102 1736 9
2709 5191 6
640 4307 2
377 3329 2
1380 2067 2
2263 3059 1
1349 3277 8
1279 3202 8
267 3794 6
2283 5170 6
1512 2118 10
910 2288 10
1230 1283 7
146 1066 8
4747 6471 10
1607 3906 1
176 403 9
2105 2606 3
3137 4455 9
1160 1944 3
2317 3198 2
5791 6442 1
914 2948 9
4449 6533 9
785 4353 7
128 1917 2
2696 2906 4
1976 6862 10
2828 3303 4
4778 6271 1
4986 5507 7
2964 6583 8
3410 6944 2
6649 6841 1
1716 6751 10
4294 4359 7
229 1622 3
572 6667 3
2867 4591 1
3387 6387 1
849 1068 2
3810 4021 10
1059 6346 6
408 4160 8
912 2170 10
3091 5225 1
4214 4950 8
2563 2956 7
716 5594 1
2874 5084 10
1556 2199 1
1873 2826 7
3194 5099 6
2700 6932 10
5673 6224 2
1350 2631 1
289 1039 1
3328 5779 5
1701 6244 9
615 3798 2
450 6462 9
3119 5735 1
1136 6185 9
1096 1486 6
1632 4342 1
2806 6753 9
4314 4551 6
3471 6959 7
3748 5452 2
2876 6237 2
1634 2431 10
2796 4752 9
589 1189 6
945 2841 7
48 5362 3
4146 4756 7
5248 5467 2
768 3838 8
4881 5210 4
4712 6217 7
1228 5399 4
4072 6305 2
1830 4691 10
1445 6949 8
2339 2631 1
5741 6598 1
3107 4869 9
2631 3056 9
2337 5975 7
1118 1585 10
5249 5252 10
1565 6561 3
1472 3699 5
2589 3348 2
2714 6881 6
2399 4452 3
1175 4586 8
1283 5715 6
1156 1217 2
727 5683 9
1769 4752 9
1220 4707 10
742 6367 3
466 5627 4
720 1089 6
3610 3743 5
2571 3647 9
211 6583 3
2673 6000 2
1329 5724 9
6393 6694 2
462 1342 2
776 6031 3
692 3857 6
472 2012 6
992 2919 4
1539 2857 1
4771 6033 8
2079 5821 8
1959 5407 3
5111 5686 5
2149 6133 6
2476 3765 6
3921 4004 10
5707 6008 6
386 2510 10
3222 5295 7
2244 2613 3
3815 4201 4
1255 1901 8
2232 4121 2
3720 4483 2
2714 5587 5
1594 5728 4
4112 4182 2
3578 5642 1
3224 6971 8
5325 6148 7
179 2961 7
3542 4749 6
4199 5492 5
1059 5701 8
4338 5003 6
730 1933 9
128 5453 6
5114 5396 3
3520 5033 4
3113 6875 9
240 4760 1
2952 3424 10
4062 5964 6
2465 4307 4
1817 3778 5
193 332 4
5018 5212 1
156 1723 8
2658 4899 10
2749 5349 4
2685 3091 6
3571 4743 4
2897 3971 7
5979 6025 2
2150 4202 1
180 6892 8
2423 4273 2
4292 5435 1
2177 5200 1
4947 6985 6
291 4450 1
1746 4938 2
2514 6290 6
381 6167 10
2904 6269 1
936 3893 8
588 4118 4
1819 5161 9
171 2252 1
2594 6376 10
1032 3650 10
3321 4074 6
3615 4493 2
7 5714 6
1788 6978 1
2333 4843 5
4351 6833 7
823 6579 2
302 1524 6
78 6030 1
1139 6195 8
33 3049 2
2857 6770 7
654 1811 1
1251 3501 4
3855 4550 3
2173 5769 10
2662 5138 9
1754 3400 2
218 1782 5
843 1405 4
4257 5337 9
1387 6475 10
421 6958 4
3470 6891 4
3560 6126 10
4812 5025 4
3306 6415 6
643 6208 10
4539 4780 9
449 6580 9
4401 6841 7
1953 3195 8
234 4448 10
4556 5270 10
1829 4611 5
868 3405 5
2966 3787 8
4174 4809 8
481 6068 4
1397 6101 6
1768 4535 7
1023 5811 1
4278 6942 8
2182 5118 3
944 1209 3
1692 5054 10
823 3802 9
1318 5586 5
1709 4714 10
2785 3737 6
642 3658 8
1864 6650 8
908 4721 8
3105 4881 2
5253 6093 8
1207 2515 1
465 1616 7
781 5260 6
3769 6239 10
1990 6249 10
701 4532 7
3934 4566 5
5648 6162 2
2403 6508 10
34 3934 6
161 3812 7
3509 4284 7
904 6336 1
5850 6666 9
3840 5199 2
4753 6402 8
198 2134 1
5563 6561 1
691 2158 7
4293 5457 6
1003 4650 3
4526 5949 2
5073 5490 7
536 2269 8
2069 2095 10
5115 6588 8
216 2640 7
2749 3779 3
5776 6993 1
657 3570 7
3558 4015 4
1103 6899 5
2982 3552 10
3299 5087 5
1420 3707 2
4918 5850 8
332 1735 9
1919 3697 3
1465 3896 10
2979 5724 6
3770 5657 4
1666 5780 6
41 682 10
3757 6354 2
1678 2920 2
867 3855 7
2740 4050 3
5500 6967 4
1742 1841 3
4370 6773 6
81 5751 6
3062 6964 8
1311 3926 6
3957 5530 7
3503 3924 5
1349 6143 3
5861 6826 6
1937 2889 7
2024 5977 3
665 2443 10
3088 6190 6
671 2804 8
3055 4196 5
2080 4484 7
1993 5563 8
1739 5275 8
632 1926 9
1711 2928 9
552 3976 4
5092 6517 8
4092 4229 7
177 5102 5
1696 4912 4
3737 5766 8
161 5057 9
1559 3380 10
3592 6199 6
47 2533 3
1985 5362 4
606 1513 2
3025 6975 5
3463 3689 2
4552 6472 1
4029 4044 4
163 2232 10
5128 6072 2
552 6536 9
515 3891 5
336 5247 8
797 5974 7
3131 5995 7
165 5578 4
1025 4432 8
224 2048 4
2260 3256 10
654 5468 6
1312 1978 5
108 843 7
473 3706 7
42 2877 10
3508 4789 7
4395 6975 5
227 4036 3
3342 3520 2
406 5018 9
2659 2771 1
6211 6740 3
1653 4298 10
3508 4636 7
1998 2942 1
2297 4712 4
2156 5201 6
1991 5159 10
134 5904 9
3191 5531 7
359 5712 9
763 3517 1
1656 5786 7
2917 4214 3
328 6045 4
4675 5337 8
6712 6727 5
2038 6466 1
320 4225 4
1886 4649 7
3833 5291 5
2238 3212 5
2917 5505 8
3516 6492 10
2275 6208 7
949 3331 3
1985 6436 1
1737 3349 6
4474 5766 8
2735 4680 5
2527 3340 10
2265 3846 9
1977 5901 5
2150 3008 9
4621 5353 1
494 6412 6
500 573 9
481 5417 1
3970 5969 1
912 1418 10
454 2203 10
3034 5401 10
88 1691 7
4319 4461 9
326 6344 6
3001 6061 4
2545 2624 3
2157 3352 2
2034 5946 6
2177 5802 5
3257 5318 5
1900 5260 5
4676 5624 8
677 2285 10
5579 6550 4
800 2930 5
388 1658 8
2733 5489 2
2816 4969 10
3885 6270 4
4020 5752 3
2395 6755 3
2989 5739 5
1626 6752 1
1311 2644 1
3550 6650 6
1405 3572 5
352 5187 4
2568 5406 1
1809 5084 6
3641 3823 10
2642 5108 5
3923 4348 1
3077 4715 6
2895 4535 7
2992 6284 1
6321 6971 5
1620 3872 9
3203 4458 4
161 4744 3
2598 4883 6
2899 5471 2
4514 4669 6
4684 5201 9
5210 6091 10
266 4265 10
183 6254 9
214 5280 8
247 3671 7
184 673 6
3269 6158 7
2613 3597 2
1783 4663 9
2324 5550 6
1946 2888 1
4184 4716 7
5848 6523 3
5028 5154 7
3145 6429 9
636 2760 3
1837 3448 1
3465 6397 10
649 2831 3
1929 3230 9
3634 6970 6
1333 2430 8
67 1480 2
2486 6423 6
1526 3321 8
227 1460 9
2960 6144 7
955 1265 4
4072 5968 5
1555 6712 3
1855 6465 4
3968 4343 7
6618 6971 9
1831 2212 4
4346 5856 9
3647 4982 2
1405 6637 4
1275 5394 9
4563 6837 6
1512 3602 8
2357 5426 5
3844 6197 8
1600 5212 9
2913 4785 5
3156 3451 7
1544 6248 5
5611 6698 3
894 3774 7
1200 3782 5
3439 6957 9
793 5506 10
379 5093 7
1208 2817 7
2597 3662 3
4459 5233 10
90 4397 10
845 4687 6
913 6372 5
4466 5915 5
723 3796 7
4216 5483 8
398 3131 7
3150 3426 6
252 6142 1
2585 2647 3
2700 6675 6
1867 3243 5
25 5565 2
1631 5539 5
2930 5237 10
4725 5641 1
99 4050 2
2033 5287 1
3587 4158 1
3575 6658 7
2844 3439 3
2275 2415 9
1442 1453 3
1728 4426 9
529 4544 5
3518 5108 6
2694 4363 3
5045 5507 2
1484 2361 6
5630 6164 10
2649 6981 5
2270 4093 3
644 3144 2
4225 6857 1
1949 6630 2
3696 6887 9
5447 6297 8
3942 6226 4
2040 5750 8
829 2296 6
920 1076 9
5610 6029 6
4425 6559 2
254 3184 5
4581 6553 1
3487 6105 10
1663 1664 5
1712 3983 4
3827 5240 9
3044 6990 1
2807 3641 4
232 1969 5
1142 1651 5
1012 2330 9
418 3046 7
962 2582 3
987 2499 10
2395 3511 2
1165 2956 2
4586 4806 8
2916 5674 5
3012 3148 1
6054 6810 10
1905 6748 1
4728 4922 8
4820 5558 1
855 2820 3
999 5658 1
1583 5067 10
3709 5087 5
642 954 6
41 3753 8
4072 5768 7
4520 4989 9
5079 6581 5
6371 6975 3
3277 6750 5
3250 4887 5
5764 6469 4
1830 3512 10
727 1749 3
2037 6365 10
3827 6683 2
3626 6522 3
1567 3349 7
611 4899 3
474 5722 9
4255 6721 9
381 5620 2
5058 6042 5
2850 3327 9
1902 5773 8
116 1649 8
2415 5378 5
645 6951 1
3869 4242 9
1605 5406 10
1535 1875 3
2642 4171 4
1897 3386 9
1545 4698 4
3895 5946 1
3386 6516 3
1231 6015 1
3207 6831 1
1695 5385 9
6352 6642 6
1027 3410 1
4756 5935 10
3291 3706 10
1023 4317 3
1073 6651 2
1443 4233 1
1945 1956 3
952 3974 3
2234 6036 9
51 6907 6
642 1796 6
3516 6473 4
70 5963 3
3990 6485 4
1175 2814 4
5488 6436 7
2031 3517 6
1159 6200 5
623 2056 7
751 5276 5
1199 5000 4
3727 5485 2
1194 5038 2
3539 5379 5
128 947 1
6079 6387 8
4834 4996 9
515 6272 10
3412 4188 10
3086 4688 2
5141 6260 5
1049 3700 5
3388 6880 3
860 2523 10
1272 1464 10
6674 6906 2
2925 3303 2
1124 1356 8
3519 5856 10
610 1527 9
2448 2917 9
2553 4175 8
5245 6987 4
779 4550 7
5771 5805 6
1554 4078 6
1827 2957 8
77 4941 10
3208 4788 7
3421 5640 3
938 1414 3
2426 3035 6
3407 4969 8
2525 5360 4
4054 4596 2
138 1591 7
5430 6568 3
1867 5958 2
982 5854 6
5742 6539 8
246 3379 5
189 3028 6
177 2168 9
3831 4222 8
2450 2926 1
4347 4720 8
1727 4031 7
2869 6932 5
3790 3892 5
1950 6182 8
750 4087 7
1676 4305 7
929 6723 8
1146 6202 6
3204 6295 6
465 5425 8
5447 5792 6
2837 5970 4
4420 4704 7
1856 6282 7
1555 2005 4
4107 6834 6
4408 4657 9
3027 3886 10
1588 5599 2
887 2886 4
1921 2121 6
1623 4171 8
311 5978 9
3544 6885 1
3741 5209 6
2094 3416 9
5337 6768 8
2098 6960 10
3318 6942 3
5613 6929 2
951 6191 8
2407 4001 3
2258 3127 5
4023 4239 1
2883 6765 5
3123 4339 7
5928 6043 7
819 5489 2
2757 6734 8
1839 6604 10
2011 5693 2
509 2218 3
956 3617 5
3041 3630 5
5175 6215 3
3704 5840 7
363 3019 7
4279 6880 7
1374 4059 2
3587 3660 2
3986 6985 7
2634 3815 9
2287 4683 3
2974 4469 1
911 6724 8
1346 4713 8
1781 6990 1
3322 6839 6
811 5624 4
4331 4812 3
1008 5548 2
4493 5621 6
137 6568 6
637 4935 5
646 6413 7
6590 6982 8
412 3181 2
4147 5061 2
195 2421 6
1796 4888 6
2526 5541 6
431 6234 4
4584 6055 2
409 6347 9
3420 4735 2
5046 5982 4
5231 5479 5
5481 6200 8
6417 6673 6
1209 3121 9
561 1100 4
4962 5041 7
292 4177 1
2335 4979 7
2331 4015 3
1750 3681 7
3005 4699 6
1960 4175 5
2435 5286 2
582 1803 7
1362 4757 1
569 6107 1
4955 5132 8
3217 4974 2
232 3338 10
4124 4651 2
1961 3161 6
1351 4675 5
6112 6886 3
222 3369 8
1328 1681 3
3683 5112 6
4802 4836 3
306 1803 8
1295 2228 6
4059 4382 2
3670 4001 6
1383 6034 7
5102 5896 2
5277 6205 2
1825 2525 10
809 3258 10
5954 6662 4
3681 3830 9
1141 5485 10
2479 4014 6
914 2927 8
5043 5798 6
4523 6987 9
2988 5974 8
3246 3393 10
2328 6264 6
3338 4519 6
3096 4311 8
868 5561 2
1188 6983 2
61 947 10
1893 1932 9
419 3939 4
411 5289 6
1538 4274 9
700 3597 9
1301 2948 7
2344 3482 8
220 2845 5
2626 6170 10
2695 4925 10
2537 5007 5
1702 3579 7
750 1154 4
4609 5281 4
522 4552 5
3221 6795 4
1881 2933 8
6201 6379 5
788 3910 5
864 5351 1
2771 4120 3
951 4567 10
1420 2226 6
1489 5613 4
1899 5004 2
5350 5754 9
3002 5892 10
414 4235 6
3314 3414 10
1280 2281 7
1001 2338 1
3563 6351 10
5354 6430 9
716 3192 8
1204 3633 3
3770 5703 6
1957 5196 1
2839 4229 6
3040 3206 4
1671 5700 4
1614 4648 4
186 6526 6
540 1877 5
3535 4616 6
2821 4338 10
4028 5813 1
351 1522 2
1778 4375 2
743 2494 2
1142 1412 3
3694 5374 9
1094 1365 8
2294 6894 9
2754 6075 2
1216 4645 3
5545 5622 8
4100 6788 6
1635 3175 9
2993 5133 8
4038 4273 7
1414 2190 8
380 5942 5
384 5789 6
1616 4135 2
2931 5655 6
2732 5444 4
709 756 10
2828 5833 4
1389 4167 9
44 476 10
1497 2754 9
2089 2566 5
460 6553 1
3033 3694 3
2204 2420 10
4347 6325 7
1884 3366 10
279 3480 4
2453 2943 6
1792 5007 8
436 4867 5
211 4213 4
4205 5358 7
466 875 7
1547 5952 8
1432 4353 3
5777 6913 4
1322 2620 5
2411 4532 8
558 5047 3
2013 5375 5
5082 5563 7
5324 6660 9
1023 1532 8
2439 2565 3
5036 5313 10
29 3384 7
480 6289 2
5240 5725 7
5427 6708 8
2557 5318 10
347 609 8
4816 6485 6
2379 3701 5
1595 5480 9
3875 4968 9
901 2812 2
1081 5703 8
1126 3810 4
4051 6732 2
138 1889 1
2349 4404 1
4296 6070 7
6286 6808 7
587 6806 10
541 3291 6
2470 3638 1
354 6539 3
2973 4141 2
31 1291 5
857 5654 8
1730 4740 2
5086 5160 5
2861 4134 5
3166 5717 8
5143 5461 2
1751 6628 10
1227 5024 6
778 5667 6
2592 5190 9
2795 4372 10
5670 6155 3
5523 6930 6
3312 5886 5
5832 6347 6
3824 4308 2
2783 5830 3
424 774 7
1703 4030 6
5408 6259 3
4964 5265 4
515 6797 5
2381 2529 6
3336 6728 4
3031 5986 4
6123 6996 1
973 2703 1
959 3818 7
1650 1988 4
1459 2786 7
5417 5608 8
3997 6470 3
5015 6730 1
2455 4583 8
6507 6809 6
1033 5852 6
202 4787 5
1435 5042 4
1838 2847 6
2344 4533 3
285 4898 7
3334 4398 6
1703 1918 6
375 1917 9
3020 3505 7
3042 5933 5
1025 4271 2
3315 5813 6
647 2546 1
6150 6912 9
1531 2233 3
2569 4559 4
1997 6323 4
5 1790 6
1894 3646 9
307 4368 3
1361 5176 7
346 3439 6
1072 2075 8
2566 5011 10
2176 6623 5
2145 4010 1
3299 4709 8
2456 4612 6
3545 6730 10
2299 6351 3
521 4029 4
6121 6325 6
1026 6605 6
2671 4510 1
313 4799 4
435 4448 3
5258 6909 6
2864 6986 8
2320 6913 5
378 4331 4
1537 2577 4
2751 4018 2
2951 4924 3
2154 2220 6
178 2329 7
5747 6108 3
5644 6608 9
1476 6971 9
1220 1549 2
1590 5433 7
4602 5231 8
5863 6664 10
4817 6514 8
3828 5035 6
812 4556 9
5339 6038 8
772 2694 4
2207 5118 9
1014 4716 8
6260 6653 8
2927 6739 9
3347 4840 10
173 294 8
5140 6207 5
1724 2117 8
437 5659 4
1864 6129 4
5420 6643 1
4149 5279 9
462 2262 3
1313 4620 4
2362 3585 5
2635 5977 8
1644 3445 7
5801 6047 4
5878 6727 10
1802 5604 1
3355 6964 3
322 3482 8
1597 1824 9
6107 6851 2
354 5767 6
20 4091 9
399 1315 6
4218 5533 9
135 948 7
1336 3689 7
344 4577 7
6020 6281 7
1483 3292 5
3199 5956 7
963 1234 10
1498 6646 2
5619 5948 8
5655 6950 1
69 4957 8
4101 5745 1
238 6114 5
870 4412 2
494 641 7
4532 4878 6
774 3742 9
3139 5048 8
644 3888 3
110 3141 7
1504 4540 9
4138 4380 5
1681 3275 8
2140 6991 1
2418 4153 1
3861 4290 3
694 4162 2
3237 6611 5
2029 6727 10
922 5032 2
2438 6510 10
474 1546 4
52 6356 4
3316 6228 3
2353 5732 6
416 6432 2
2153 5240 5
2185 3482 5
578 4105 2
647 2819 2
569 1903 1
3911 5641 1
1490 4753 4
1345 3085 2
926 1754 6
2096 6557 3
1310 2663 5
2657 3456 8
1092 5731 6
19 4199 9
5109 6594 4
2880 6075 3
471 5836 6
3806 4737 5
3929 5375 10
2636 4359 1
1672 3577 3
2585 3551 8
1721 6608 10
679 3453 1
1662 3287 10
5131 5480 5
1310 3054 2
6637 6746 1
4828 5759 6
5012 5692 5
1783 6177 8
3127 6213 6
5145 5391 5
2148 6001 3
1281 3536 8
1132 5749 4
3011 5344 9
3587 5893 2
1916 3270 7
2237 5967 1
5088 6412 10
1213 4374 7
1445 3072 9
1154 2248 3
3603 4988 1
3631 4353 9
399 1699 6
1259 4570 7
3350 4029 6
1400 5852 10
3391 3928 2
2851 2880 4
6666 6821 10
4060 4124 9
1967 2794 10
1686 3574 4
1154 5135 2
2787 3458 1
1416 6787 6
2482 3836 8
3781 5725 4
5720 6488 1
1347 6957 9
1217 2063 9
479 4014 2
1887 3001 2
1968 3341 7
4543 6115 8
25 1853 7
302 2413 5
2825 3128 9
3960 6879 9
4392 6798 9
3031 5218 1
3328 4572 9
4424 5989 1
3460 6406 3
1857 6413 10
4078 6528 2
2922 5989 7
2028 6275 10
5603 6447 10
2246 2369 6
1947 3774 6
2960 4585 2
60 4276 6
2468 5483 3
899 3633 5
92 4519 2
405 2814 6
374 490 7
729 4636 2
237 6014 4
3233 5725 6
2606 5835 5
4564 6157 10
2014 6548 8
955 2036 4
2488 3526 4
1754 6792 10
3873 6807 4
2866 5278 1
4288 6790 1
2314 3123 5
2093 4329 8
3874 5484 10
1116 5038 9
3615 5053 7
1637 6645 8
296 1320 9
113 2990 3
1056 3439 7
357 1326 5
5350 6098 4
3780 5335 9
3669 5269 2
1021 3197 10
545 939 7
486 1129 9
2936 4004 7
3247 6065 4
6004 6799 3
2228 6220 10
261 1845 9
6137 6567 4
1822 2346 7
2613 5472 4
3570 5491 1
860 4393 6
5898 6126 7
477 2144 8
4877 6781 5
88 960 2
2028 6345 10
2289 4931 7
1569 5828 4
1848 6749 6
90 848 2
1679 6390 4
3357 3842 2
2765 3268 6
134 3771 3
5031 5072 5
4036 6578 5
2791 5316 9
3605 6465 7
2003 3401 1
1018 4143 8
1943 6017 9
1314 6618 2
968 2884 7
4868 6652 10
248 400 2
3776 3913 6
528 3650 1
2852 6694 10
358 6468 9
3761 6049 6
467 6181 9
1238 4915 6
5524 6580 8
316 4716 4
3581 3950 1
2826 2984 4
5579 6923 3
93 2683 7
1980 5559 7
5975 6591 1
2284 6056 7
2697 4221 1
2004 3755 2
4927 5467 2
1713 5638 4
4998 6874 8
4079 5184 1
554 4872 3
3212 5409 2
4468 6905 9
2108 3870 1
4335 6374 2
1344 4585 1
5514 6907 8
4058 5949 5
1158 4019 4
877 4980 4
2611 4385 1
1389 3190 4
6001 6866 8
638 6632 3
1606 3182 1
493 5934 7
1586 5609 10
250 5594 2
1009 1549 3
3815 6256 3
681 5242 9
5696 6162 2
370 6242 1
1089 4269 5
496 4040 1
139 1296 3
72 2759 10
4681 6871 10
1134 6019 5
3165 3986 1
4126 5072 5
3814 4122 1
580 1907 9
1593 3684 3
5069 6617 10
4039 4204 8
3828 4984 2
2879 4748 4
2582 3686 6
2449 4382 7
198 5584 4
3806 6294 3
2685 5806 2
1827 3377 4
1870 2318 3
4163 6884 3
2620 3308 3
3604 5075 4
366 2690 4
104 2961 1
274 498 8
2135 5484 8
39 5891 8
1488 6327 6
5909 6404 1
5860 6665 3
27 4672 6
3895 5583 6
4466 4907 10
194 2848 8
795 3586 2
1203 4495 3
4090 6847 7
1410 2550 3
697 4380 6
1181 3706 7
301 1480 5
3670 6245 2
439 3260 8
1712 3718 10
5727 6659 2
870 2824 9
4673 5973 1
1847 4116 3
1938 5695 3
1617 3611 8
1598 4608 1
1109 6142 4
2595 5776 1
3198 5305 7
3706 4070 1
12 1166 6
1377 6455 9
1488 2386 7
130 3964 2
2035 5985 9
2550 5157 4
540 2345 1
1027 2641 3
2133 6136 9
231 2300 3
795 4150 2
1405 3962 10
159 5937 1
1509 2358 8
1999 2640 6
140 5930 1
727 5404 10
3186 5223 5
1612 6723 7
353 5016 2
604 2941 4
4247 5886 8
755 4204 3
1797 2799 5
4906 5878 10
2104 4809 8
595 5277 2
2794 4507 1
2021 2390 2
1504 2600 9
2283 6867 9
1443 6103 3
3109 3935 8
3445 5442 4
85 984 9
2054 6351 6
946 5407 3
2771 3648 5
2127 3808 4
3956 4644 1
387 5608 7
4580 5887 3
304 6297 10
886 3437 1
4203 6407 1
3822 4029 8
4933 6715 9
4506 5626 8
3981 5903 2
983 2269 6
56 80 10
2945 5348 5
1983 4421 1
156 2575 1
472 1677 5
2210 4838 8
1443 6858 9
632 4779 4
156 2619 8
1904 2792 6
4245 6078 1
2393 6562 1
4493 6948 10
3223 3533 6
2229 5766 7
4072 4237 7
1325 4123 10
5224 6894 10
1351 5733 1
519 3310 10
4056 4883 1
4327 6795 10
402 762 9
2016 5095 7
2077 3208 10
743 2464 4
4765 6238 1
1013 5908 2
25 6504 10
1462 5821 5
2743 3198 10
1234 4766 7
5793 6125 3
2264 4143 5
2943 5440 3
657 1665 1
1691 2457 8
18 790 3
1329 4948 5
3610 3784 1
2741 3186 3
894 4318 8
1709 2921 10
886 1794 2
1543 3732 10
5210 6077 8
5566 6386 7
1035 6552 9
794 4855 6
337 2069 10
840 1161 2
600 3647 10
2855 4534 8
5489 5926 10
5739 6153 7
1139 1426 2
245 5717 10
667 4354 9
633 5538 1
3217 5916 10
3428 5409 7
2476 3061 5
5364 6150 4
2612 4559 6
711 5766 9
1166 6793 9
1258 3976 7
2079 2293 5
4549 6087 10
992 1771 1
5496 6364 4
1319 4085 7
732 4267 2
3888 5920 3
3004 4088 2
2309 6721 1
1587 4902 2
1689 4873 6
1895 6798 6
1844 6720 6
1928 5773 4
3587 4614 3
867 1619 8
1328 6626 3
464 1793 3
1469 5210 10
1231 6627 5
1834 6572 8
1191 6728 7
5198 5882 6
728 6998 7
558 4831 8
5285 5629 7
6346 6876 5
986 3310 3
1587 1761 3
4303 5208 5
1733 2107 3
387 1458 8
933 2713 4
5091 6576 1
3923 5298 2
5534 6121 8
1931 4943 7
1196 1292 1
8 502 8
3573 6575 1
6121 6159 9
1087 3027 6
779 5879 3
1879 6117 1
867 6147 5
3788 5460 1
5201 6685 6
4986 6582 3
965 6467 5
2882 3184 1
72 2424 8
1680 6392 8
173 360 7
594 5728 1
6611 6820 7
2392 3367 9
4066 5137 6
4486 6707 1
1797 5119 9
2266 5617 6
3855 4575 5
2676 6394 2
1847 6545 1
4661 5269 6
832 3569 4
225 4677 2
1121 5191 2
884 1324 4
688 6529 4
556 1703 4
4939 5530 7
2506 3679 5
4053 5266 1
1074 1931 10
1102 4753 9
4447 4936 5
924 4223 1
2342 2447 1
41 5299 5
1847 4453 10
3225 4772 3
1677 3922 2
460 1621 2
3088 6484 2
1797 3933 10
1401 5839 5
4211 4883 6
5359 5963 2
964 5783 8
567 2119 7
2498 2935 5
1219 5889 7
522 4433 1
2744 6628 7
3955 6698 3
1211 4849 9
6151 6398 7
1123 3581 2
2065 6301 8
6075 6116 7
1312 4781 10
4186 6264 10
3458 5345 4
2109 3369 1
321 6488 4
923 3272 2
3498 5359 9
2316 3815 4
68 852 8
5445 6500 5
2459 6779 6
5177 5262 6
142 448 10
2086 4535 3
1796 3629 6
3797 6606 6
1855 5730 2
440 4424 3
2865 2989 7
19 333 8
902 6198 6
5501 5950 1
1029 6161 4
5395 5641 2
1836 6877 5
2735 6267 1
342 4672 9
1715 3832 7
2723 3762 10
982 3468 7
2280 4333 3
1228 5486 1
17 5640 6
239 1622 8
1639 4670 1
718 3033 1
4640 6132 3
1285 6300 4
2596 3522 5
4904 6705 9
3724 5100 6
1740 6084 5
376 2138 10
1402 5816 5
327 4077 8
2617 4092 9
966 5239 2
5459 5905 9
3991 5313 9
3009 3597 7
4129 6631 9
3715 3949 1
6399 6749 1
4595 5154 4
2592 2836 4
3121 4248 5
745 1065 1
2758 5941 1
4447 5228 3
1371 2004 1
220 1276 4
1698 4078 4
1152 2347 9
1549 6729 2
2797 5608 1
2601 4894 8
1085 6787 6
4260 4447 4
225 4369 2
384 6794 4
1298 6018 9
879 3804 2
1499 3358 8
1980 3733 1
4868 5615 2
1406 6841 1
4366 5003 10
1547 3829 6
614 6304 6
3774 4627 5
457 3837 1
767 3384 8
1407 3669 2
1423 5524 4
1832 4530 9
1231 5356 3
3210 5497 2
890 3979 8
824 5421 5
4727 5905 7
4401 6440 2
404 5850 10
568 3797 5
1377 2504 3
1167 1908 1
1763 3139 5
507 5583 1
3021 6678 2
837 2645 9
6383 6933 1
2123 3423 5
1641 2252 7
4501 5350 7
4521 5831 1
1789 3998 10
371 1800 6
2326 4846 4
2324 3682 3
629 5766 2
5380 6451 6
1137 5752 3
4377 5603 2
2761 5158 3
2396 5518 3
148 3068 4
2050 5384 10
800 5682 9
1786 6517 6
2394 6614 1
4917 6160 3
557 5240 5
4155 6840 7
3859 6114 10
3492 5564 2
483 6206 3
872 4166 4
2776 6103 5
2001 3820 3
2149 6811 8
658 5996 9
4912 6457 5
4639 5854 3
770 5585 1
558 3274 1
3648 4978 9
16 465 10
2881 3845 6
2770 4221 3
745 3584 8
699 5009 4
1228 2416 10
3378 3708 2
2742 3960 5
785 3506 10
4924 5432 2
3656 6106 1
580 1518 8
1823 1991 9
3516 3938 7
2961 5923 1
2656 4010 7
619 2889 8
847 5138 7
5956 6335 2
4006 4961 8
4084 4350 8
1861 5165 7
1884 3126 9
4664 4991 5
2462 4727 4
5377 6997 2
1594 5346 2
1594 4240 10
1327 6196 1
3881 4944 1
4464 5962 1
4233 4954 1
2746 6789 7
183 2725 6
3519 3702 8
1174 5049 3
2109 2712 6
1198 6996 6
1586 1798 5
1711 6331 7
1613 6391 4
186 6775 6
628 5644 6
2179 4721 1
2759 6757 10
4102 5155 3
2717 5995 2
3433 5543 6
676 4751 2
1215 4356 4
1785 2225 8
490 1090 4
3316 6713 5
3354 5685 5
97 536 10
3945 4367 2
2686 5150 1
1613 5702 2
2463 6178 5
1728 5938 7
1458 5387 4
736 1407 3
2674 5356 10
705 1009 2
1442 3750 8
3370 6711 10
6471 6848 7
2232 2977 8
5748 6528 2
640 2206 6
281 646 7
1220 2307 4
2145 4774 3
3523 4284 9
1952 3655 10
5721 6315 5
2542 3575 1
898 2462 1
1771 2471 9
2701 2963 3
1568 3256 4
1892 4228 10
3151 6054 8
558 1122 2
5925 6447 5
4493 4538 8
2169 6707 7
4322 6691 3
3738 5685 8
1749 5719 7
3622 4638 6
30 2473 7
2368 4364 5
3795 5755 2
2867 6486 8
2213 3266 8
1682 5159 10
4676 6980 10
1803 5943 4
1774 2501 9
1267 6735 10
3046 4394 6
2646 6641 8
255 2798 10
1678 6702 4
66 4331 4
2141 4889 7
124 5650 8
2338 2406 8
1289 2064 3
646 5588 6
2576 4915 3
1350 4390 2
790 3411 7
137 1246 7
3634 6505 4
2834 4698 4
51 6324 3
5988 6938 1
2780 4394 10
2079 5597 1
3096 6007 9
34 3240 8
1455 5847 10
3397 5094 10
1548 5850 10
1527 6499 7
1071 4672 7
5411 6406 7
470 2748 7
4733 5746 3
186 1550 6
357 3065 6
3673 5280 7
5917 6072 5
612 6887 7
4635 5931 3
446 4743 2
2592 5957 10
2669 3593 1
1846 3581 2
245 3124 3
426 917 7
2846 6881 2
1745 5733 6
4527 6513 8
1411 6746 7
863 5985 8
872 5487 4
1695 6844 9
6028 6691 8
3759 5900 3
2868 5445 7
229 5001 3
559 3652 8
3615 5756 2
888 6628 5
4759 6458 5
3249 4724 7
3074 4569 10
3134 3544 10
3007 6225 9
1927 6224 10
1226 5031 6
2433 6928 9
5231 6298 7
2211 2978 7
459 4594 1
1458 6096 10
4357 5007 3
5432 6601 10
1258 6490 1
2574 5560 8
252 3868 10
1490 2969 5
655 2255 4
829 6620 3
2968 4895 8
1540 3640 6
1950 3800 6
3839 5453 4
3131 5817 7
2547 5380 2
675 692 7
4826 6383 7
408 5227 2
948 990 2
975 6003 2
4351 6452 9
2485 3422 2
3668 6621 9
3178 6488 4
4896 5640 7
2551 5684 1
3866 4212 6
3313 5492 2
3396 5741 2
1365 2343 2
116 2325 6
461 4771 7
5619 6638 10
1873 3758 1
483 5107 1
1610 1845 2
5526 6231 7
5894 6721 10
1851 2304 5
3273 5004 8
3115 5087 2
3566 6524 9
3189 4573 3
1611 3326 9
2571 2603 3
725 3154 10
592 2587 8
4470 6326 1
3866 4479 9
5220 6942 4
4286 6082 2
1910 3582 7
3828 5796 10
6359 6769 4
178 4835 4
113 2975 3
745 6380 2
4892 5448 10
2072 5124 3
3594 4307 8
1382 3035 7
1190 5319 1
2643 5159 4
1510 1861 8
4237 4320 3
1666 1810 7
1777 6187 8
2642 5519 3
712 3054 5
570 3729 4
5051 5590 9
2767 3356 5
1363 5090 3
3734 4343 1
3334 3958 6
1361 6308 9
3088 6482 9
3 831 5
1114 2607 9
2514 3994 2
4143 4874 7
4965 5902 9
1163 5874 5
665 3817 3
3890 3952 1
5990 6161 9
2702 3098 4
1362 1451 2
1092 3912 7
1582 5931 8
2996 6048 1
257 5963 4
8 4316 4
4246 5441 5
1000 3193 6
6389 6785 7
1835 4779 4
532 2816 6
2581 5605 8
1506 6078 10
5787 5943 2
2229 2809 7
2795 4763 2
66 373 3
5165 5625 2
5953 6317 5
383 5853 5
1052 2446 7
5336 5514 3
3747 5284 4
4598 5878 3
1178 4864 1
109 3866 6
2001 4908 5
1784 6583 6
2414 6049 8
1160 3540 3
4803 5818 9
2655 2912 10
6277 6869 2
2101 5298 8
2285 3461 5
5036 6454 5
4923 5527 7
3722 5743 8
126 6792 4
2111 6571 10
4022 6449 10
2663 5169 4
1454 6762 6
924 1192 9
1315 4819 5
1325 4414 4
3442 4970 9
1631 5647 2
2774 5340 8
3328 6872 2
4328 4921 8
3512 3644 10
3899 4253 1
2729 6383 4
3158 4323 1
430 2282 3
972 2206 1
3935 5737 9
2376 3054 3
2242 4784 1
233 4062 1
650 1831 4
487 4732 1
4876 5364 1
6340 6423 4
72 3029 3
934 1328 4
647 4457 2
435 1503 10
3341 4430 8
2958 3342 3
1428 4891 3
6479 6686 1
1222 6383 5
639 2367 1
1488 2894 1
3600 4428 2
1741 2725 10
2215 6905 2
1203 4646 1
199 850 3
731 3848 8
1799 2068 4
1021 6999 7
317 4058 7
1245 2298 2
739 5514 9
395 4767 2
820 5896 5
896 2245 5
1789 2875 2
2670 5267 6
309 6072 4
4582 6219 8
1782 1984 2
2152 3104 7
575 2602 5
5302 5611 9
207 6393 3
4916 6234 6
1086 1457 7
4303 5123 6
2330 5997 10
3288 6651 2
5950 6742 3
4307 5304 7
1100 4094 2
1914 6745 6
3019 3793 3
251 4412 7
1501 1727 10
4959 6810 4
4364 5306 5
2051 5876 10
196 4774 8
1048 6113 8
372 3393 3
1888 3939 3
4894 6384 4
3776 5293 5
236 3914 3
1283 5710 5
1558 4136 4
4710 6226 4
1190 4232 1
368 1570 2
945 4152 2
420 5868 2
2174 3544 6
4637 5744 10
565 2996 5
4963 5234 7
1069 3019 8
47 2405 6
732 4227 9
3429 6566 2
4747 5332 2
4525 4993 8
2196 3631 2
178 3286 1
2215 6706 4
4764 4901 5
263 4350 8
6012 6232 10
1717 3364 10
801 4721 6
2006 3725 4
3674 6990 2
1757 4337 1
3300 6300 2
1481 6869 9
765 6472 1
3810 5775 8
5761 5826 8
4196 6573 4
1010 2747 9
1399 1559 6
3401 3853 9
2573 3486 9
2385 4185 5
4261 5184 9
3613 3727 2
4179 4723 9
5464 6898 10
5204 5541 2
425 5126 9
3048 3791 10
3102 4952 4
4617 5560 1
210 5966 7
1807 5589 1
4973 6214 5
496 4841 10
478 1719 10
2837 6741 3
1677 5020 1
457 6350 2
538 3441 5
853 6163 10
795 851 5
3335 6629 9
4840 6969 1
3566 5257 5
4265 4518 9
1576 5419 10
3304 4505 3
4035 6019 4
59 1019 2
3735 6661 5
2650 6622 7
7 1487 10
5217 6692 8
141 1891 9
1180 4587 4
1583 3595 6
5221 5514 2
838 1023 8
6373 6438 6
1119 6870 5
878 4614 1
1037 2404 2
1196 1364 7
2652 5188 5
2187 4422 10
1807 2019 7
1085 6247 5
1115 1478 3
1673 4229 9
297 5407 6
2166 6027 5
3627 6960 5
967 4119 8
3703 4978 4
995 4757 6
1004 5686 10
4128 5828 7
2856 3814 1
2748 3601 2
2561 6348 2
1929 6141 4
1645 2610 8
173 4442 10
2918 3222 8
345 6858 9
12 2303 6
3968 5454 1
1063 6540 7
508 4059 7
3386 6066 2
90 5843 9
1567 6784 4
1933 3440 4
1205 4909 4
2126 6818 1
1412 1816 1
5268 6689 3
5674 6972 7
468 1973 9
3438 6146 7
129 417 7
859 3450 8
902 3425 9
5653 5804 10
4687 6037 10
166 4951 10
4579 5588 3
3328 3858 6
2666 6644 6
955 1042 2
2237 2730 4
4101 6053 2
5321 6430 1
2042 6000 10
3852 6112 7
467 5422 7
802 1945 4
3655 4711 7
6556 6904 5
4310 5376 3
3078 6007 6
5795 6747 6
2497 5653 8
1648 3319 10
1841 6192 7
889 3021 8
4071 4173 1
3632 4705 5
4322 4613 5
2731 4368 7
1852 3309 10
1912 2378 10
111 5238 2
5083 5899 5
4540 6709 10
2277 5413 9
526 6494 1
2751 6169 6
369 1456 4
2871 3478 8
740 3938 6
3636 6247 8
2994 3586 9
3215 6389 6
1857 6830 7
2203 4301 1
360 4741 8
1061 2422 3
6806 6814 9
4302 6520 10
722 6145 9
988 3288 4
4629 6558 1
2328 6801 5
2090 3921 10
438 2686 3
4258 6163 2
279 5331 7
2716 3355 9
2937 6203 8
5621 5799 6
4263 6829 2
3236 3304 9
2007 5834 4
5718 5910 4
3155 6824 10
1280 6696 10
841 5917 4
407 4998 9
760 799 6
807 2906 3
5274 6896 7
792 3091 8
399 3618 7
4456 5147 5
116 5327 10
2185 4419 1
5016 6719 6
3761 5542 3
781 2954 3
2046 2897 8
5569 5904 1
2387 6626 6
5075 6414 3
217 1520 2
3493 4167 2
1016 1128 2
40 6041 5
1635 2410 10
2086 5366 8
2213 2434 10
3432 5529 9
1972 5030 10
3169 3211 4
115 3454 6
1019 4193 9
3192 5704 7
612 6635 10
2332 3583 5
1078 4342 9
2204 6444 3
3456 4287 4
590 3464 5
5149 5344 9
632 6223 6
738 3159 3
2073 2942 5
1527 3495 9
3143 4807 4
3036 5621 2
858 6374 8
5139 5723 10
3887 5094 10
1236 6490 3
2225 4913 10
2586 3602 9
6795 6873 4
3553 5345 1
3353 3430 6
3885 4061 7
3954 4838 2
5863 6369 4
1818 5313 2
5771 6815 4
3947 6623 3
4303 5911 1
1572 1707 9
904 3811 1
2087 6518 4
77 6726 10
3021 6778 6
3834 6820 6
2536 5114 10
1734 4106 2
429 2898 6
3730 6077 8
2110 2489 6
300 2503 7
203 4153 10
263 1516 5
3252 5565 4
594 1494 9
2245 2389 3
1821 3870 8
5446 5639 7
2532 5199 9
3345 4676 1
1697 1866 2
3160 6073 4
755 3685 4
2720 6971 8
2629 3302 10
3224 6149 2
3033 3728 9
1813 3814 2
2121 6756 3
926 5913 4
728 6497 6
1751 3187 10
212 3024 1
4369 5074 2
4273 5071 5
1107 3321 2
557 2710 1
4926 5343 4
1269 2626 8
2538 6439 7
1603 5284 7
273 3077 5
835 1902 10
3854 4729 4
2413 4159 7
682 6258 3
2509 4500 1
2178 3517 10
3100 5251 5
1240 3897 10
6026 6097 2
2641 3557 3
867 1958 2
744 5872 7
2806 3283 6
2364 5631 5
413 3913 6
2458 3475 10
1541 5849 8
4860 5886 7
1806 2856 7
970 1817 8
3275 5557 4
865 6289 1
288 5830 2
2641 4324 9
4424 4623 4
1453 4140 1
175 906 3
879 3635 7
2413 6593 6
3704 5870 4
990 4045 1
571 1220 4
497 1178 2
3501 4958 3
1972 5473 5
577 6540 2
5280 6119 7
3042 3606 10
587 3494 6
5161 6777 8
522 616 2
20 5691 3
4 3464 2
423 949 1
3927 5348 10
4018 4026 2
2661 6519 8
687 5622 3
2692 5195 4
892 3608 5
2363 2969 1
5211 5770 5
243 5162 9
795 1491 4
53 3236 7
2502 4252 1
1271 2946 5
2599 3687 9
573 4513 10
4401 4558 5
1274 6736 7
1970 4245 1
741 3673 2
745 5328 8
3751 6874 9
2394 6924 2
324 6475 7
1857 4389 10
2573 6489 4
1870 4626 2
4139 5816 4
5177 5841 5
358 5778 5
5325 5429 6
125 4209 3
152 1480 10
1308 4610 8
3551 4309 9
3387 5283 4
5890 6530 7
1216 5449 3
2107 2227 6
1131 2064 4
923 1343 2
1283 6936 10
1278 6425 4
420 6655 8
817 4876 3
2372 5427 10
2193 3705 9
3452 3762 10
2017 6600 1
2356 4180 7
4977 5298 6
325 6996 6
4622 6956 3
3052 5751 10
190 3932 6
1907 1963 5
216 5544 7
2143 4411 10
2401 6065 10
991 2592 5
1313 2340 9
1110 2214 1
3186 3768 10
3490 3649 3
4349 4435 4
3180 6166 6
1524 6481 8
3608 6280 8
2858 6071 9
2347 5838 5
1470 4101 2
4417 4912 1
3840 3917 8
4618 5009 5
2354 2400 3
4189 5644 7
1099 4593 6
2981 3231 10
600 1415 8
1244 6546 2
5083 6586 10
407 827 5
2286 3266 7
588 3719 6
638 1687 5
1640 3265 6
422 4522 1
270 4378 5
3816 5258 5
5983 6118 1
3378 4297 8
977 2407 3
1577 4199 10
1097 2764 7
2984 4358 10
352 4238 4
452 4956 8
4828 6086 7
1185 3788 4
5066 6137 10
4199 5303 8
1229 6778 9
652 6887 6
4526 5168 9
136 4070 9
4005 6583 6
2057 3560 3
4507 6868 7
925 4965 4
6415 6624 4
1197 1621 4
3921 4249 3
1468 2041 7
338 6852 5
3993 5008 2
761 1938 4
3725 4995 4
1805 5653 1
721 2900 10
732 2987 9
5525 5767 1
584 1625 6
4774 5402 3
1286 6454 7
4545 6940 3
3626 6306 2
3415 4461 2
3936 6462 10
2905 6853 1
836 3300 4
4455 4782 4
5013 6719 10
980 1880 8
3942 6138 7
2677 2855 1
845 3989 7
5295 5788 3
3045 5603 3
1580 3234 1
2407 4893 2
2587 3285 10
1738 6727 4
4130 5728 7
3521 4989 3
1500 6956 2
504 6331 5
3037 4994 4
148 715 6
1521 6581 9
3611 4254 5
170 3938 9
290 3339 6
295 4522 10
4093 4220 9
1652 3026 1
3967 6597 8
3081 3764 7
1571 1990 2
1138 2715 4
967 4198 6
3545 5888 3
1518 6917 1
3690 6987 2
2075 5462 2
7 6714 9
1015 6801 3
704 6094 8
4762 5474 9
2469 5483 6
3281 5491 2
2947 4033 6
151 3005 3
1218 4518 8
103 2912 10
204 1333 4
394 2907 8
5933 6893 3
3665 6064 9
1762 4937 9
6493 6790 6
2887 4335 3
932 4078 9
185 4564 2
1814 3038 6
2944 5368 8
1608 2854 2
192 924 9
2248 5635 10
5084 5520 2
702 2814 10
710 3787 10
1862 6366 7
1444 3398 8
3961 5927 10
299 2241 10
2918 5716 9
997 1676 6
6203 6962 1
493 591 1
302 3343 5
126 2689 1
1864 2750 7
3559 5470 2
1106 2916 4
891 3311 10
75 6102 3
815 6994 4
1713 1747 9
1677 6140 1
5153 5197 3
4241 6988 10
355 5092 6
5288 5955 10
4435 6496 6
4227 6634 6
803 1787 5
458 1142 7
944 1975 9
3264 6593 8
4634 4692 3
3323 6953 9
1334 6156 4
1801 2675 8
2036 5400 10
1704 6476 7
4405 5131 8
190 551 9
4429 6290 5
603 6434 8
2538 3819 7
3070 6688 2
4002 5380 10
2455 2718 1
1996 5620 3
2053 5373 6
2419 5234 5
2966 5581 1
2777 3555 1
769 3115 9
634 3278 3
226 4648 2
1352 1956 3
520 6081 1
312 1043 2
1820 4053 7
3120 3333 8
4495 5186 4
5412 6059 8
1948 4523 8
706 2977 6
4112 4647 8
153 4543 10
2654 3132 1
213 347 2
228 375 2
4442 4536 1
2965 5553 9
5698 6846 4
4230 5537 2
825 3730 10
2050 3457 1
306 2474 1
491 4752 4
1245 3254 1
1863 4655 6
1351 2891 6
2285 4024 4
2564 5962 2
6 6038 6
2852 5062 7
3718 3807 1
1475 5643 6
141 4281 1
1618 5357 6
3501 3876 8
4582 4865 7
244 6758 6
825 6408 6
1596 6183 2
2003 3772 8
1524 6330 10
1101 4972 5
64 1763 3
115 4844 6
4000 4023 6
2530 4516 8
921 1171 1
3063 3191 4
3723 4992 10
1499 3502 6
4262 5306 1
3350 3351 9
731 5782 3
200 2249 2
3883 5316 7
3349 5173 6
1915 4182 3
1036 6889 10
2688 6532 6
2191 2986 5
964 4181 5
1724 2802 10
1226 1601 7
335 4800 9
6275 6717 9
2672 4270 10
4169 4243 5
681 4423 4
3907 5474 1
2531 3776 10
3271 6390 4
1601 3418 1
4278 6919 3
2324 2366 9
757 6495 8
4233 6230 3
6188 6283 6
4317 6878 8
1248 5355 7
1559 3089 6
2566 4251 7
577 4386 4
1334 2572 6
323 5243 7
1772 2024 9
3167 4756 2
1172 1705 6
690 3738 1
2583 4736 1
303 6140 10
4606 5119 9
269 5656 8
1176 3649 2
5820 6842 10
1560 4965 8
1714 5714 10
1479 6387 2
1786 5292 6
2322 4867 4
1630 2416 9
3931 5180 9
1741 4839 6
4104 6646 5
2651 5613 4
1884 3382 9
4230 6544 9
829 1688 9
1866 2559 2
1893 5478 2
525 2121 2
3081 4345 10
3114 6002 5
167 456 6
4666 5576 3
2471 2705 10
2726 4940 4
1747 2171 10
3695 5543 6
857 2890 2
2778 4662 3
964 5116 3
2701 6992 1
5221 5338 2
3084 6307 2
549 6571 2
3624 6695 9
621 4137 8
120 2398 5
2097 2630 4
4326 4729 4
5664 6721 1
87 6728 2
4730 6857 5
5178 6017 1
1263 3942 2
317 3547 6
734 6541 5
1282 1452 9
2997 3931 3
3281 5763 3
299 4156 6
500 3903 9
6703 6763 5
2892 3916 2
2752 4607 3
182 464 6
412 3491 4
916 3774 1
2850 5475 8
3998 5591 5
1125 4871 9
21 6851 1
4925 6316 4
1348 6251 7
2420 5193 2
3382 4597 3
3615 5076 8
5382 6106 6
40 4406 3
340 4183 5
1358 4929 6
3837 5991 8
1493 5976 1
1427 5799 2
1186 2727 2
356 1497 10
2609 4072 8
5236 6194 3
3280 6095 6
4113 6128 7
843 5172 1
5047 6250 4
3878 6505 6
1336 4797 3
151 1210 9
5049 6774 6
2675 6915 5
1224 6650 7
3404 5067 2
3399 6946 10
3028 3153 3
1425 2722 9
3971 5824 7
95 1507 9
2039 3702 7
1304 3637 5
940 1920 7
880 4458 8
1567 2627 10
498 4098 2
2554 3086 2
118 4952 7
1246 6952 6
3591 5251 6
1392 2561 6
866 3163 7
2800 4483 4
4435 6854 1
134 2971 6
5397 5470 1
49 2340 8
651 4533 10
974 6103 4
1875 6032 8
3369 3524 8
2088 2161 4
3693 6063 8
5736 6214 1
642 3628 1
2053 6375 10
2444 5675 2
4674 6822 1
1904 5823 4
1373 3511 4
215 6913 10
3359 3392 5
1215 6339 2
3749 3816 5
2295 4814 7
2191 5078 6
1315 4371 8
221 4638 9
3298 6338 5
3584 3612 9
3541 5820 6
2908 4384 2
1536 4944 3
1088 3318 6
3688 6859 9
1273 5711 10
627 4139 5
3090 4021 6
1262 4020 3
2443 5855 8
1584 6304 5
5081 6830 4
1600 4981 6
4055 6244 3
2129 5782 7
1093 1516 5
1940 3818 3
272 5634 8
3865 4811 1
1307 4854 7
5149 6487 5
3882 6070 2
1791 1918 1
362 4239 8
2576 3177 4
2076 3521 7
588 3080 6
1162 5888 5
2804 6241 9
726 4714 5
2756 4252 1
4255 6935 1
5709 5975 4
4125 5921 4
765 6460 4
5510 6547 10
6281 6480 7
1684 2558 6
5134 6147 8
268 4399 9
1394 3389 2
172 2901 6
473 1340 1
741 5146 2
1295 2932 6
1319 4987 3
763 6543 3
5702 6780 9
5738 6690 9
3459 6282 6
1476 4476 6
329 2824 1
5282 6918 4
393 6248 4
3138 3430 1
4100 4829 3
746 1592 3
3662 4330 2
1285 6124 9
4517 4959 9
3964 4660 10
155 3813 1
598 839 5
133 2066 6
3752 6070 6
5727 5932 5
1865 2000 5
3577 4295 5
2720 4750 7
5229 5293 2
4112 6477 1
513 4090 5
6361 6447 4
711 5189 1
2122 2240 5
74 560 10
2750 5156 5
2739 4806 4
1808 4190 2
172 1502 5
1351 6310 9
1997 3941 4
289 4168 1
3908 4644 10
3034 5167 1
1133 6104 5
2331 4472 4
3018 3996 6
1409 2334 6
706 3943 9
3232 4542 7
3755 4299 10
1201 4685 3
6705 6823 8
3636 4477 9
1604 5620 9
924 1954 2
194 6443 5
2615 5297 2
1513 5329 1
5101 5307 10
1949 1982 7
547 3036 5
2310 3869 10
1670 5243 9
2706 4028 1
1870 6738 3
2521 4453 3
3324 5896 9
1243 6927 7
1492 4994 8
3716 6496 3
1935 4992 5
5883 6901 8
568 2030 8
2215 4983 10
574 2005 6
1372 6660 6
2130 5445 1
198 5680 7
2704 4511 1
89 775 8
596 6647 2
57 5776 3
2333 2513 2
4222 6058 6
3293 3963 9
4311 6127 5
1856 2020 5
5344 5562 7
82 4165 5
672 3179 7
1341 3120 2
6087 6403 6
3846 4976 2
2964 3692 9
626 5464 9
777 4764 2
1979 2090 3
13 5130 6
1693 4213 5
1979 3745 5
5697 6028 1
5142 5809 5
1049 4046 3
1928 2763 1
2083 3679 8
2441 6521 7
1912 3076 5
385 3653 5
464 6722 5
465 1561 1
3148 5005 4
484 2478 7
593 2055 8
2737 6042 7
2201 5259 10
3227 5468 3
2371 2673 9
5058 6332 2
1529 6646 8
2168 4503 8
1202 6668 10
1256 4182 2
1528 3416 8
3840 4407 10
4034 5699 10
4695 6063 5
3419 6803 3
150 6768 5
4512 5816 10
941 1689 3
927 1829 6
3339 5273 8
856 2884 6
294 5660 9
562 1482 4
4035 4210 8
665 5939 4
2668 5856 5
4182 5002 7
699 5846 4
2613 4866 10
2745 5689 3
455 3105 7
1883 3404 8
2516 4678 10
3536 4934 8
501 3016 10
3451 5113 6
30 314 3
2810 4013 8
1340 1562 5
2853 3920 4
144 3400 2
844 5589 4
1867 5164 4
1826 3305 8
1927 5386 8
1413 1744 1
384 4509 2
5126 6538 2
1293 2232 6
2399 4777 10
348 3220 10
1564 6292 2
316 4206 8
3320 5027 9
5706 6256 2
4848 5096 1
2200 6727 6
3698 6043 7
3777 4882 7
167 6210 10
3528 3576 6
4077 4489 5
1763 4437 4
318 6810 9
6312 6628 1
654 6453 7
3371 3926 7
5223 6441 8
3975 5388 1
860 1882 3
6488 6743 2
834 2001 3
3279 3537 5
2908 5206 3
1396 4463 2
1386 3488 4
1433 4104 9
2601 6941 6
1896 3326 4
1011 3529 5
4969 5477 2
2164 6743 2
2305 3124 1
813 4157 9
1159 5842 5
5570 6179 4
3641 5546 3
4073 4127 2
3248 6725 6
3255 4594 4
4821 6029 5
1876 5916 1
2268 4941 6
3256 6861 9
473 1177 5
4250 6590 4
839 4410 9
1292 5936 7
112 6762 2
276 5763 5
4993 5244 1
2994 5924 2
1193 4702 10
212 5580 5
5807 6674 4
53 3183 6
31 5623 7
2091 5045 1
2180 3032 9
2295 3590 1
2539 3097 1
2467 4253 8
205 3766 1
4376 5201 6
137 5416 7
1388 5812 2
2495 2698 2
3653 4783 2
1044 5380 4
6179 6855 8
362 2687 10
780 2874 4
1607 5352 3
1771 1941 10
3516 6502 2
2193 5628 4
862 6646 5
810 2184 6
2297 3651 5
2901 4025 8
289 2181 10
4745 6806 3
2734 6265 4
1183 1573 6
91 4048 5
191 626 5
3094 5573 4
860 6764 5
4633 5258 6
3668 4825 7
4936 6463 2
4097 6648 10
258 6892 4
1883 4905 1
2940 6765 7
2163 3195 2
783 6881 3
516 1463 4
713 1289 3
2259 3298 10
4999 6974 4
2623 5448 10
2301 4826 2
5144 5185 2
5862 6117 4
488 601 2
976 3381 1
2165 5704 9
1040 4636 4
3431 4115 1
469 6762 3
3763 6913 6
4234 5106 4
981 2896 7
2469 6921 5
6599 6963 3
1886 4592 2
1893 3677 2
3625 3930 5
2656 3239 5
563 4194 2
937 2801 6
2915 6508 7
2264 4065 10
4146 5398 2
3531 5595 10
4804 5251 6
2432 4143 10
680 3474 4
1098 4686 9
344 6174 8
5039 6340 3
3200 4210 3
242 5837 4
17 286 2
1971 3543 6
2416 6483 10
1530 5482 9
1860 6656 8
3507 6375 8
1270 6930 9
4718 6557 5
2577 4824 5
3375 6612 1
29 630 8
1491 5672 3
1379 6044 6
23 857 1
1660 4875 2
3001 5068 4
2 2325 7
3918 4059 9
646 5077 9
2590 5667 9
1233 3801 3
1053 4269 1
2678 4208 5
3078 3736 2
6577 6975 7
3922 5960 3
2162 3475 6
3023 6295 8
816 2004 3
915 2975 5
388 2092 5
519 1290 10
5424 6628 6
3052 4770 2
5726 6800 4
4754 5535 9
2308 3595 10
3609 3975 7
2060 2833 10
686 1127 9
1562 6349 9
2782 6328 10
1268 6110 5
1647 4258 6
5146 5194 5
5740 6070 7
2638 6542 1
1264 6011 8
620 5665 8
3394 4642 10
3079 3552 1
1557 3876 9
2936 6663 8
1833 5517 4
336 6464 5
4453 4857 4
2155 4930 1
3746 4822 8
2178 3564 8
645 1330 3
2721 5554 2
1422 2174 4
241 3764 1
750 882 5
3390 5207 9
4043 4229 7
4049 5517 5
117 4195 10
4313 6035 8
3859 4207 7
4215 5950 9
3245 5326 2
2560 2682 9
298 3917 2
2522 6018 7
1523 4538 1
4854 6021 9
2518 4209 2
787 4235 3
689 1785 9
409 3462 9
808 865 3
3701 6311 4
6152 6735 4
1162 6699 5
618 2068 9
2768 3272 1
59 2822 4
14 652 8
6022 6971 5
491 2230 3
1015 6625 10
1222 2250 1
2429 4391 5
3385 4945 2
107 1840 10
444 3984 10
1173 2222 6
1473 2520 9
367 2317 5
2790 4768 7
6307 6613 2
447 1067 2
1062 1263 6
4079 5866 7
3853 5790 9
320 3599 8
3661 4630 1
262 3569 9
1303 4168 10
1068 4478 9
5294 5322 3
895 2544 1
3565 6457 3
2440 3357 5
3435 4548 2
2036 2548 2
1140 4323 2
1828 4903 6
4431 4675 8
2599 4890 8
3884 4176 6
695 6072 7
619 2680 3
551 4624 9
430 6677 4
2418 3307 10
187 1615 9
2766 5553 5
1698 3295 6
1776 3510 6
2144 6426 7
1140 4590 5
1860 6046 3
1594 4110 7
4607 5784 8
583 4051 8
4499 6088 6
2115 5418 3
1983 3130 7
5522 6160 1
1035 5637 1
1884 5515 7
45 4547 8
2955 3556 8
221 6010 3
893 3623 5
4793 6737 8
2384 4348 1
591 4897 7
1868 5551 4
4984 5845 5
978 5293 2
1104 1388 2
1069 3229 4
1368 4004 8
2985 4264 10
26 2474 5
79 1111 6
6681 6920 6
1373 6074 10
129 6973 3
656 1779 9
3612 4769 2
2920 4473 1
295 1850 1
5809 5867 2
2607 3973 10
339 2684 4
3643 4316 4
3207 4971 5
2252 5059 10
1599 3127 5
2196 4340 6
3042 3987 1
149 3016 6
1195 4658 5
553 1610 5
10 2597 10
1942 6703 7
1232 6136 9
32 684 8
1488 3362 9
522 5232 1
1357 6924 2
3060 4377 8
2463 4109 5
1950 5296 5
2934 5560 10
1441 2002 6
4722 5272 10
1302 6109 6
537 6764 4
350 4468 3
4945 5014 9
725 1084 5
2929 4673 10
129 897 6
5405 5690 6
4619 6224 10
4213 4300 7
3967 5810 5
312 1360 6
703 1068 9
501 5465 2
2549 6897 10
5250 5302 3
3114 4200 8
4761 6887 7
2943 3919 5
3017 6155 3
818 3059 9
2805 5268 1
4064 4591 1
1986 2352 2
5880 6900 7
1755 1781 6
1113 5089 1
96 4333 10
36 3636 3
883 3749 6
795 6865 1
639 6100 8
764 3523 10
1474 4899 2
568 2736 2
3342 3525 10
1022 2534 7
1366 4039 10
653 1446 6
6490 6979 3
2797 2832 1
1925 4885 2
2223 6376 5
668 3608 10
37 2803 6
625 976 7
6169 6503 3
2507 4968 5
4108 6753 5
3598 3855 6
381 4792 8
3770 6640 2
3885 6388 10
822 6358 1
3353 6657 9
2319 2813 4
2210 3744 4
35 2412 10
2615 5651 4
2231 3301 1
2274 4365 8
2094 3205 5
814 4835 8
3496 3532 7
1430 2664 4
4222 5256 2
283 2110 9
1002 3002 2
988 1440 4
1864 3409 7
122 3765 6
4496 6708 6
1539 2970 8
4376 4554 4
915 1505 3
636 1005 8
5547 6057 7
4914 6595 10
2835 3307 4
187 804 7
625 5121 7
4057 5988 10
2459 6334 2
1685 3808 7
3959 4773 5
670 1675 3
2341 4985 6
2315 6382 3
3166 4451 4
6529 6819 6
1842 6719 4
2720 3140 10
5308 6111 8
840 4383 1
4286 5663 10
773 6452 10
203 6687 8
4862 6410 10
1221 5844 9
2550 3226 10
4997 5483 10
3360 4372 2
1160 2699 5
2045 2845 7
2983 5946 3
3969 5381 9
3424 5455 3
2675 6560 9
101 1443 9
2183 5330 1
579 2870 5
953 4461 8
3310 4975 9
954 6796 7
282 6420 10
4090 4928 8
5316 6285 3
1410 2272 4
1812 6393 9
1495 4103 9
2864 6368 1
3013 3685 2
1244 2373 6
2076 5437 3
640 5762 2
1260 2211 3
17 3775 3
4667 6139 10
2166 2365 1
1796 6910 1
593 5825 6
1299 2400 1
1692 3043 10
2326 6341 1
2502 4145 7
1720 3879 10
3112 5449 8
2172 5202 10
947 6433 5
1415 6418 3
4689 6791 7
1439 3327 7
2914 6435 2
1094 2052 4
1609 5128 6
733 5255 10
2826 6291 7
2158 6772 5
4224 5028 8
6700 6957 7
2724 4966 8
1466 2773 3
645 871 6
1780 2625 3
1046 1242 2
1254 1753 6
4502 5191 7
127 1575 4
4151 4529 6
4325 5032 7
1551 6377 10
4832 4924 6
2885 4553 1
4089 5749 3
3843 4776 4
2023 2839 1
5290 6958 2
5574 6255 5
2935 5919 1
3686 4852 9
1909 4291 9
161 206 2
1467 3336 5
3803 4730 6
132 6718 10
2374 4336 8
344 2375 6
1047 1947 6
2631 3562 3
3271 4798 6
3284 5779 9
869 2526 10
2541 5324 3
870 5508 8
4396 4932 3
2271 4520 6
1669 7000 2
5044 6486 6
2188 5090 1
2153 3946 4
1851 5947 2
4067 5989 1
2267 3717 3
508 3434 9
3716 5182 6
3106 5616 4
2261 2274 2
4121 5918 9
812 2628 5
1028 3815 8
1923 5950 10
2151 2537 8
3670 4275 7
2018 2994 1
926 2490 1
5254 5474 1
3915 6416 8
3951 6653 5
666 6615 3
24 3855 3
4886 6459 6
3739 6605 4
4420 6222 10
1534 5006 3
1911 6176 5
3471 5414 8
2924 4117 2
267 3880 3
4012 4078 7
215 2257 7
135 3513 5
1167 6636 5
512 1356 5
2116 5133 6
1936 3099 2
4537 5801 7
1655 3499 7
2058 3778 9
4075 6657 6
160 1532 2
6188 6633 3
3330 6653 1
243 4400 7
1169 2809 6
2183 4144 1
2008 3238 5
2013 3477 6
2492 6303 7
4911 6326 3
1060 4069 9
3987 5669 1
1250 1711 4
1473 3162 7
903 6261 3
4016 4953 9
6483 6682 6
1731 4684 9
3995 5760 9
2321 5475 7
4338 5971 4
38 2459 4
1148 5573 8
1117 3334 1
83 86 5
1890 2995 5
619 6235 3
1220 4960 2
3267 3638 6
324 4541 5
1959 3992 6
524 2434 10
2980 6587 1
5528 6090 6
3567 6211 7
1235 5310 1
4574 6848 8
6180 6253 8
1898 6072 4
4296 4853 1
3007 4845 2
2409 3848 4
826 5575 2
3307 6360 3
4853 6955 6
888 6227 3
343 2716 7
2100 6437 5
1975 5205 1
2348 3871 10
533 4672 10
638 1331 10
3848 6131 2
1277 3787 7
3209 3857 2
3817 6318 1
3273 5753 1
4258 6771 5
2318 4697 3
613 4495 6
1617 2893 6
2451 2902 3
6075 6908 4
281 4197 6
662 808 7
659 3783 6
786 6812 6
3457 6396 2
62 1274 3
1147 2217 4
271 5946 4
740 1485 6
3940 4933 6
3756 6374 8
443 4806 1
1447 1622 8
4075 5797 9
1869 3615 4
3261 3799 5
3129 3287 1
4478 6024 4
2452 6831 4
1575 6937 10
169 3437 3
3902 6349 1
4538 5166 3
2540 6302 7
499 1793 1
1636 2280 8
1408 4759 1
2120 6541 8
5315 6032 6
3452 3619 2
1598 5708 8
506 1968 8
3164 5893 1
649 1579 4
2336 2877 6
3484 4707 5
2511 3615 8
2794 4409 1
773 2125 10
2359 3737 6
772 2753 1
1065 1091 10
2078 6527 6
3847 6378 8
1843 3982 6
4129 4790 9
2665 6279 8
4694 5863 8
6635 6670 7
65 1989 10
4367 4388 1
3589 3642 9
2648 4481 7
3093 5431 2
365 2425 6
2001 5317 7
3497 5720 1
1815 5328 4
3474 4003 7
648 6312 8
265 1382 4
3450 5859 9
2605 6539 5
131 3107 3
754 867 7
4391 5912 7
3207 3481 7
943 4833 2
1481 3826 4
1642 3459 6
6357 6738 8
1914 5055 7
1437 1576 9
123 4560 9
2863 4453 2
3374 6080 8
2477 3518 10
527 3051 10
3724 3851 4
1378 6385 10
854 6917 7
3925 6522 3
2593 6231 9
3424 5064 9
3228 5968 7
2480 4859 6
2468 2860 10
1212 6553 8
841 6679 7
3804 5582 4
4192 4643 5
4279 5070 8
98 5866 9
3549 5602 7
1287 6877 5
3171 5550 2
4093 6827 3
697 1024 3
3030 5513 9
394 3809 3
577 1906 3
405 3101 10
2568 6342 10
631 2609 7
330 3471 4
1187 5271 3
2071 5555 9
1476 1748 4
415 2380 1
543 1298 9
2496 3321 1
1304 4298 2
2882 3398 7
190 953 4
3607 4970 3
239 1042 8
952 1846 7
4640 6642 8
2771 6682 3
1735 4727 9
1225 1262 10
3699 5393 2
180 5226 6
3378 5841 1
377 878 10
2246 3551 1
1770 1988 2
3370 6830 8
3845 5915 10
956 4881 7
6351 6534 1
387 3407 2
639 658 6
707 1052 2
3561 6490 4
1270 2298 8
869 2480 7
604 2137 4
4599 6268 2
1418 5103 4
115 6731 5
5262 6835 9
3347 4196 5
5746 5958 9
810 5986 2
429 1413 6
1342 3047 3
4088 4723 8
4962 5584 1
205 4277 9
5543 6131 10
2476 4004 7
1512 5876 10
3331 4084 1
1336 1880 2
5188 6556 7
3490 5150 10
1235 2424 6
2657 4757 7
670 1057 2
5213 5807 8
2729 5624 9
1577 2472 2
2953 4188 3
1886 2630 10
922 2553 1
715 1272 7
714 6866 5
801 6301 9
5528 6572 10
1740 2873 2
2753 5193 10
4357 4771 2
3140 3832 10
743 4349 6
4715 5288 9
4221 4737 8
174 5399 5
3972 6191 4
1114 2872 7
1716 3820 9
1075 3738 2
3171 6374 8
6381 6765 1
840 3748 6
4792 6775 9
5004 6498 4
284 3387 10
867 1772 6
3880 5255 10
4232 6275 7
3286 4276 6
2858 4510 6
1665 2614 6
295 3726 8
5419 5481 10
856 936 10
324 1879 9
3768 6053 1
1917 5714 9
460 3046 10
2751 4202 7
3391 6405 8
1866 4281 8
2531 6468 1
856 5262 3
599 4552 3
2857 5311 3
341 2250 6
700 1781 9
1655 3513 4
2017 5197 6
4125 4250 9
1868 2680 7
722 2376 6
2386 3386 6
1767 5657 2
3351 5532 4
2226 6614 3
636 5604 5
3196 6295 10
1517 4062 9
1985 4583 7
332 1404 1
1821 5071 1
3514 6331 6
918 3610 8
530 6232 5
102 6280 4
4569 6810 10
490 3704 2
1633 5993 3
3217 6641 5
1605 2973 8
4930 5212 3
4214 5665 10
4646 6398 6
2897 4462 4
1726 2595 2
3597 3766 3
1294 1595 10
2648 6470 8
2224 3135 1
676 4022 2
1366 4834 8
1566 4567 2
2749 3369 1
163 3459 2
2132 4788 5
555 2106 3
2557 3162 5
6264 6914 7
3574 6623 5
4416 6957 5
98 241 8
2597 5477 10
793 4718 9
534 1319 6
1554 1891 3
5958 6408 9
4510 5023 1
2541 2779 10
332 3861 10
69 4585 2
5569 6948 1
2414 6482 8
1331 4034 2
1896 2645 5
5652 6794 8
4562 5613 1
1913 3736 1
441 1488 4
2290 2671 4
3579 5721 4
102 4727 9
607 5443 10
614 756 1
5524 6221 3
3607 6317 7
863 6816 6
1295 4172 10
4056 4548 7
4160 5074 7
3583 5584 1
735 2780 5
1644 4131 4
184 4452 4
304 2904 8
605 6764 7
5307 5594 9
2923 6934 2
1302 2233 9
252 3770 2
1317 3819 5
4071 4907 10
2296 3529 5
1998 6301 8
223 4868 1
6075 6405 3
1238 5318 6
1070 5471 9
2826 5468 6
2456 6335 10
753 6945 10
2453 5531 5
1047 2667 3
110 1174 2
4741 6795 2
1944 2829 6
1723 3709 9
917 4367 5
2857 4184 6
595 5781 9
3017 6662 6
2181 2748 5
4498 4499 9
1592 2143 2
5339 6963 4
3551 6868 9
3261 3301 2
57 4082 5
337 2661 3
4072 4087 9
491 5092 8
3156 4228 7
905 5906 7
2488 5134 3
1629 2504 5
4871 4981 2
1723 3032 7
226 3494 6
698 1299 3
902 1901 5
2743 3892 6
3455 6861 10
4216 5936 1
1952 5943 9
1511 5571 10
2854 3021 6
2721 5492 1
91 1038 7
744 1066 5
1349 1763 1
1436 2230 1
1345 6449 10
2998 5265 10
447 6974 4
2286 3040 6
2162 5743 3
3994 6892 1
1899 6198 8
3299 6444 2
989 2030 9
4288 5128 9
4704 5180 2
1686 4782 9
5991 6925 10
2015 6577 3
4932 6944 4
487 1802 9
2484 2798 5
4345 5630 6
4274 4417 2
1194 6463 9
3373 3479 3
287 1241 6
1558 4073 8
4517 6973 2
396 3994 8
2639 6659 7
4351 5476 9
330 1453 5
5247 5833 10
5425 5637 7
520 1173 3
3940 4383 3
1280 3343 2
943 5822 9
3557 6216 3
6728 6888 1
1867 3196 10
1468 3247 8
2526 5392 6
2876 4205 3
674 2529 6
4840 5690 1
3500 5982 6
5418 5757 7
4539 6133 6
4026 5341 9
3126 5670 1
374 5350 2
4824 5162 9
2232 4713 4
667 1713 4
3458 4588 10
86 598 5
4092 6239 8
4908 5685 3
984 4183 8
4324 5832 9
954 5730 6
2616 3426 3
5528 6911 1
1953 3606 2
3301 5712 10
1085 4376 3
3244 3559 1
2647 4344 3
957 4433 1
3649 5008 6
3340 4784 9
3239 6077 3
2334 6754 9
188 2853 8
4063 5255 1
1220 6423 10
5986 6532 9
3219 4628 10
1097 2472 7
159 6079 9
117 5710 2
6467 6724 5
754 836 2
4363 6299 5
3859 4101 6
3263 6881 1
4600 6493 3
872 6105 4
329 1716 7
698 4199 7
817 2168 9
335 4378 1
389 3417 7
3666 6137 8
4491 4530 9
850 5485 1
2272 6176 4
1725 4497 4
1007 2846 2
2219 5871 1
3326 3896 3
1748 2911 1
443 4543 1
3495 4495 5
4676 4728 9
966 1035 9
876 1043 6
284 6838 1
1429 4230 3
863 5783 9
1494 1809 9
5050 6444 3
163 4061 9
2048 6124 5
3134 6555 8
3801 5124 8
807 1308 7
558 4700 3
2494 6488 4
4399 6076 8
632 3302 5
182 2505 10
928 2910 8
4222 6280 10
62 2363 4
1183 4116 10
4578 5583 10
2740 5358 5
1373 5489 5
2549 6382 10
3002 5859 10
449 4121 9
5162 5744 10
3124 5844 9
2733 4397 10
4172 6768 7
1676 3418 9
1386 6327 3
3786 6820 5
3070 4274 8
2879 5690 5
247 2582 5
2317 6295 8
3428 5578 1
3701 5220 10
889 3107 7
483 825 1
2708 5821 2
5189 6423 5
96 2040 8
718 4827 4
1049 3098 3
730 868 8
3481 4235 1
402 5797 1
2459 5103 8
4417 5292 1
2647 3454 5
5167 5668 7
3092 4273 5
481 5764 1
1016 2969 9
4113 6901 10
616 1292 9
3659 4767 10
792 5666 6
4314 6050 7
2418 6134 10
309 2618 9
4514 6253 4
3401 6037 1
2934 3679 10
3104 6559 3
1465 4115 10
1638 5417 8
888 5521 3
1011 4834 3
141 993 6
735 3487 4
2145 4997 3
2980 6700 5
2724 6845 4
960 4142 6
2345 5911 4
384 1589 10
147 6196 3
1948 2617 6
570 2355 7
1578 5512 2
306 1076 8
1074 5737 4
1627 2487 5
570 3591 4
2819 5503 10
2684 5922 2
71 4506 1
3664 6904 4
338 1501 6
2042 4174 8
3140 5830 6
1407 1905 1
3491 4409 3
2387 5888 2
3933 4990 1
4431 5031 5
3084 4520 8
3871 5736 2
2829 3031 7
2228 4495 7
2653 5477 6
621 5700 10
1973 6762 10
1375 3820 7
501 6995 1
532 4624 7
1388 3439 3
5714 6921 1
4602 5542 7
163 2682 8
1146 1469 5
4504 4903 9
4974 5329 6
3824 4216 6
579 6573 4
1115 6924 4
1630 6464 4
3371 4356 7
406 3868 6
870 6579 8
3375 5435 5
4037 5896 8
2596 2734 1
237 1378 4
1906 6780 5
909 4479 9
1500 2363 1
2039 4247 5
1449 3459 5
2690 3436 2
1096 5185 10
3362 4026 7
1460 5445 2
1459 1824 8
3572 6000 1
4167 5122 9
2694 5068 9
1483 2218 8
296 2882 2
6428 6459 6
1613 4387 1
2233 3209 10
2053 2901 7
1942 3823 2
827 2967 3
6335 6556 9
2666 2846 8
212 4435 7
336 4492 1
3142 6433 3
3418 5109 2
4071 4227 2
2563 4270 6
762 3723 4
886 3176 5
3706 4443 4
3542 6840 4
509 1260 10
4776 5171 6
3542 4785 6
1107 1377 9
2325 3701 5
17 799 3
3308 5469 7
1763 2831 1
2472 6965 1
2000 2908 10
477 3032 9
991 3834 6
4360 6014 2
1125 3194 8
1641 2034 9
153 3620 3
2324 5383 1
3066 4185 10
82 4291 6
176 1357 10
2720 5733 6
606 3147 3
861 3158 6
4041 4387 1
508 3867 7
5374 6713 10
2861 5808 10
3787 3801 3
812 4674 7
618 742 10
4311 5411 10
866 3757 1
3502 6859 10
284 770 8
1181 3860 4
380 5713 2
3570 5802 8
3000 4671 10
5876 5980 6
2616 4557 7
386 6445 2
1504 3719 6
2973 5920 3
2871 3414 4
2313 4994 6
821 1037 6
676 1833 5
2177 5225 1
1757 3114 6
347 3233 4
4066 4939 3
4642 5630 8
249 5283 1
830 2366 10
769 2056 1
3530 5948 7
295 3241 2
233 6233 10
2772 5851 1
365 5302 1
2769 5272 6
1316 2859 10
3117 4664 8
2765 5183 9
1948 2578 1
6034 6719 8
580 6944 10
1882 5364 2
2864 4317 7
2556 4260 9
1099 2831 4
1348 4415 8
6243 6759 9
4709 6658 7
5561 6257 5
3142 4279 5
2789 6788 10
544 1546 1
427 1043 9
3971 6762 9
604 4124 7
1774 4302 1
3161 6614 1
3396 6743 9
2462 3426 3
1539 2613 3
1864 3210 3
833 3571 1
2778 6637 3
554 5454 6
988 3400 5
4503 6232 3
2574 4863 4
3166 3517 3
2789 5788 5
3186 4558 10
3367 6279 8
1241 1666 7
346 3326 5
1148 2148 7
3046 4140 5
1067 1607 8
1462 1712 5
165 4462 9
91 3272 3
3184 5385 2
853 3216 10
1918 2666 4
2930 4054 5
47 1328 5
54 2152 1
552 6206 9
1443 6504 2
1231 3333 8
5381 5748 8
1196 3051 10
2855 4149 9
3058 3475 5
1661 3610 3
1612 3392 1
1678 6344 1
2006 5204 1
2119 4112 1
854 5282 6
1851 2370 6
776 6653 1
3103 6051 3
4768 4843 9
3611 5375 10
3730 6410 9
1717 3231 9
914 6056 2
678 4864 2
2022 4248 1
3050 5980 9
3246 6160 9
2716 4872 8
28 2938 1
2380 5312 8
3393 6720 8
3043 4935 10
2112 4722 4
78 4391 7
731 3115 5
643 1049 10
103 132 9
1751 1796 10
1545 4466 5
472 996 10
984 5419 10
4720 5606 5
4619 6442 1
4978 6948 2
4272 6664 5
1488 2263 5
2666 6690 4
1599 1982 5
1091 4786 4
2 200 6
3909 4542 5
2786 4513 2
394 4210 8
1645 5276 8
2377 4531 2
343 1081 5
1447 5172 1
4506 5303 10
104 6315 3
4609 6693 2
5421 5427 8
1307 3998 6
1229 5649 8
127 367 4
137 3744 8
1783 4028 1
715 1793 9
3283 5021 7
1883 2550 10
698 989 5
346 6645 7
3916 4518 7
2597 3830 6
285 3667 5
475 1958 2
3214 4592 7
1405 3868 1
152 2963 8
3260 5465 5
4847 6048 2
325 2997 1
2034 5407 8
3773 4381 8
2333 2722 7
515 6161 10
3295 4433 9
4665 4998 4
238 5417 4
1581 4150 5
144 3247 6
2011 4583 10
1554 5757 8
2419 3377 6
3628 6765 5
2707 2796 8
2846 5110 8
1658 5197 3
3077 3579 9
4848 4857 7
383 929 6
1604 3267 10
2662 3270 3
3201 6763 1
774 1929 4
2425 3603 6
910 4287 4
274 2078 9
1091 5274 10
3707 4129 3
2505 3555 10
2573 5983 3
4825 6507 1
3720 5260 9
2253 5675 2
3795 5117 5
3884 6026 7
1276 2288 2
202 3101 2
5408 5986 2
2249 3764 8
2474 6896 7
4799 6423 7
1423 4581 4
2282 5095 7
1790 3438 7
2058 6421 1
1033 4579 3
4847 6820 9
2748 3710 8
2280 2947 6
97 5067 2
799 3237 8
2102 4310 9
1755 3782 5
158 2084 9
1674 2119 6
3922 6397 2
1099 6578 9
5864 6632 2
985 5436 4
1020 3680 5
3971 3992 3
683 6546 6
17 3921 5
1962 2009 9
1748 5304 6
2206 5926 5
976 2962 3
5749 5949 3
254 3969 4
3247 4158 4
808 3952 6
4019 6817 1
933 2925 9
3854 5546 9
1365 1382 7
614 3633 7
4468 6718 8
3370 5749 5
1065 4123 8
2280 6338 7
4440 4878 1
86 5815 7
2335 6804 8
2261 4564 5
508 1052 7
3537 4581 8
1388 4558 5
4559 5451 10
3127 4448 6
2239 5381 8
2257 3091 5
4703 4832 2
4126 4568 4
605 6438 8
227 6488 3
1765 5804 9
3866 6678 1
1583 2711 10
2621 4612 9
191 2082 7
228 4332 5
1633 4512 7
3580 5229 5
1176 1542 1
3142 4738 3
317 1289 8
1050 2265 1
1411 2843 3
2804 6669 3
876 4129 10
846 4650 5
1568 2687 4
578 5477 10
5210 5722 9
1344 3966 3
1247 5781 9
3943 5752 7
1520 2445 9
5941 6875 4
191 6385 3
2817 3364 8
140 3781 8
4266 5369 10
1176 3597 4
6624 6910 10
4854 6815 9
1029 6888 2
3575 4531 2
1443 1720 3
682 6109 8
2149 5160 5
5161 5845 2
2018 6543 10
2816 3157 6
1365 5731 8
2157 4678 4
4541 6204 9
4432 6695 4
1221 4247 9
859 4781 3
2090 6548 3
1406 5458 4
1753 2836 7
1507 5616 3
487 5648 2
1954 5304 2
3348 5770 7
567 2209 6
3896 6776 1
3761 3834 8
198 4815 1
395 6780 8
73 2509 1
5530 6448 6
558 2467 10
1793 4741 9
5439 5820 5
4559 5366 3
1897 5552 3
128 6786 10
113 2963 5
1973 3721 10
1734 1894 4
2088 3059 6
3097 5643 5
797 3292 2
3811 5931 7
433 4095 7
4735 6974 9
4585 5025 4
460 848 8
2161 5932 5
4442 4797 4
850 1117 6
99 3481 2
4147 6744 9
2694 6432 7
1414 2840 10
2615 5075 9
2250 2792 8
2046 4203 3
990 6676 10
1415 1983 7
3763 5571 3
2251 3486 5
814 925 5
1978 2471 1
44 4728 1
5491 6794 6
324 1212 4
194 5508 7
259 2124 7
863 1854 1
3035 5649 5
4742 5097 9
5185 6518 7
1932 2707 6
1201 2941 9
1683 6293 5
730 5940 4
312 820 3
937 1911 6
1066 5292 4
1400 4429 10
1632 6381 5
1156 1342 8
220 1616 4
958 5642 9
1463 6165 3
1120 4553 2
4840 6425 9
1266 4066 1
2217 3914 7
2695 5817 10
3645 6609 3
3253 6019 10
1107 2532 8
851 4454 1
4723 5364 8
220 6975 7
4038 6789 3
4993 5847 1
438 2816 7
2495 3098 6
2450 6403 9
3114 5470 6
1577 6038 1
4466 5441 4
2605 5911 5
1778 2377 7
468 661 1
2194 4701 9
2327 4615 7
432 2039 10
4007 6847 2
209 3312 5
1981 4212 8
3777 6473 2
2898 3013 6
813 6398 1
783 5562 10
116 4758 1
1247 1325 10
1624 4286 1
1337 6948 9
1098 5214 4
2723 4320 6
689 1811 1
1743 3873 8
4247 5433 1
739 963 1
155 6356 4
3916 4522 10
3676 6408 1
673 2727 5
978 5247 9
419 2703 2
1473 6605 3
1700 2999 4
392 4166 9
5687 6413 6
543 6776 6
6665 6750 2
2268 3204 2
849 1909 9
997 5892 6
1273 4497 6
2218 5175 7
3678 4167 3
3465 5628 5
149 5418 6
53 3585 6
3854 6249 4
3444 3759 9
978 1686 4
3800 5442 9
6013 6851 3
1190 4320 1
2673 5637 2
2573 5846 5
959 3049 10
5716 6285 5
649 4436 6
1388 4956 3
5366 6881 2
813 1605 6
1522 3657 9
2949 6254 5
1618 4145 9
2747 4427 9
208 5251 3
3223 6519 4
3520 5173 8
3140 4387 1
312 1593 1
1028 6664 1
2953 3585 5
346 1522 8
2408 4279 3
979 4073 2
854 5204 5
1475 2642 7
200 4130 4
3981 4343 6
3743 5369 10
4057 5048 2
11 6512 1
5211 6273 8
1651 4344 6
2749 4189 9
710 6495 6
370 5309 10
6056 6152 7
252 5874 6
2776 6472 5
3165 6139 7
2486 5090 4
4779 6540 1
5169 6541 6
1369 3922 4
337 2120 10
211 4028 8
3843 6041 5
1471 5849 5
1601 2789 7
2271 5251 5
4706 4925 7
2250 2563 2
1852 4813 7
4136 4878 1
4220 5670 7
456 6262 3
3095 3844 4
1520 5483 10
3952 6327 4
4318 6909 7
490 1662 6
3218 6918 10
1461 3508 4
593 1657 4
4124 5538 9
3114 4199 4
5988 6749 2
3072 6000 2
4261 4675 8
190 1010 10
174 4291 3
1336 5046 7
1449 2797 4
1182 6165 8
438 4795 1
4473 5195 8
4412 4449 2
4646 6155 4
1688 3946 4
1815 2965 3
1703 4952 6
2421 4373 2
2032 2675 9
3516 4511 6
3751 6474 9
2167 5478 1
4946 5403 5
745 5324 5
2506 3470 5
1541 3453 7
1477 5247 4
4778 6752 7
527 3461 7
1895 5275 2
393 1664 3
1833 3960 8
4661 4796 5
2822 5030 6
544 2329 10
2200 5046 5
930 4097 8
765 5659 3
3190 3683 10
2276 3823 4
6018 6477 9
1148 4092 2
1776 5141 2
1048 4317 7
4122 6901 8
4634 6675 10
4374 6860 2
1558 2429 4
259 6340 4
283 3232 7
1754 2826 3
1580 5392 7
264 6066 10
1254 3428 9
498 636 1
1358 1572 5
5271 6962 5
6289 6334 4
2601 3018 4
5586 6135 2
2061 6817 9
1661 3942 6
691 4330 6
3118 5165 7
247 2069 7
491 1271 1
2897 3949 1
4978 6550 7
627 4173 4
352 4477 2
3735 5368 4
2810 6308 6
2434 5617 3
644 6615 10
2114 3383 9
3927 5935 8
2027 4916 1
4448 6361 7
3028 4985 7
1389 4255 1
2402 2957 1
4702 6691 9
2046 4595 9
2034 4328 3
703 2038 8
2377 5586 9
341 4938 5
1513 3990 6
2519 5048 9
3121 5300 5
3102 4380 2
4762 6438 4
975 3593 10
726 1801 3
5089 6499 10
2530 4269 1
285 4449 8
5172 6607 5
1016 6744 1
1654 2432 10
4023 4271 3
5199 5704 7
4365 5136 1
1502 6441 7
78 2054 8
775 4958 2
4235 4276 9
2257 6991 10
86 3950 7
826 2981 9
517 2886 1
924 1980 1
1915 6501 4
3772 4654 2
1238 1702 3
3599 6758 6
1958 6053 8
499 1199 7
700 1826 6
331 2335 6
1463 5016 10
1246 3659 3
705 5161 5
4632 6417 7
1304 3141 5
3828 4800 1
2506 5547 10
2222 6808 3
426 4358 3
6078 6786 1
1620 3667 3
4323 6445 6
3905 4526 2
3962 6773 9
2804 3334 9
4890 5869 10
6338 6495 1
1142 2306 8
5704 6358 6
6107 6184 6
2390 3050 10
506 2365 8
891 3977 10
5076 6218 8
292 749 4
1030 5577 10
4457 5242 9
1201 1986 1
264 4235 8
4450 6333 1
1089 4027 9
3246 6893 3
4329 5939 6
982 6214 9
2406 6557 7
1758 6891 7
2613 5781 1
4153 6201 4
5592 6298 6
6127 6448 10
1188 6678 2
3582 6226 10
4556 6342 10
3869 5930 7
937 4984 6
169 395 8
912 1278 5
33 1628 4
3043 4463 3
522 6423 7
704 2653 9
2049 5780 4
2091 5686 5
3145 6879 1
1910 4601 5
439 5278 1
402 3286 6
1534 6153 9
2151 6328 5
3490 4812 10
917 2743 5
5709 6931 6
3540 5853 8
1580 6510 2
6337 6468 10
318 2249 9
3470 5295 5
1290 4312 6
150 2327 3
662 1716 5
2541 2756 9
2554 4625 4
285 2743 9
1526 6797 4
3374 5333 10
5428 5583 3
3932 4425 6
1060 3475 6
4750 5649 7
2041 5777 1
2179 2740 9
1628 6743 5
3074 6635 9
958 1962 10
4053 6035 10
4610 5744 10
3655 5815 8
3429 5796 9
460 6308 5
789 2693 10
423 6217 3
757 769 10
5850 6213 4
511 4481 3
5839 6198 4
1652 1876 2
321 1432 5
269 5621 3
2054 2546 4
5332 6551 8
1759 3949 10
246 3885 10
3676 6903 1
864 6329 10
5456 6814 9
3575 5684 5
1430 4658 6
1300 3614 6
1768 5819 6
443 2732 10
865 5751 4
2350 4494 6
422 2904 4
303 483 2
3346 6116 2
4327 6133 3
1297 3300 4
6797 6913 9
6374 6610 8
3052 3721 6
1726 6146 6
342 5154 8
3727 5614 3
190 4100 4
84 1680 2
1365 4184 2
5896 6399 5
1724 3111 9
3554 5640 8
3284 6745 1
1448 6148 4
635 5442 9
3448 6146 6
4164 6946 9
232 3679 10
1049 6600 3
5361 5647 4
839 4310 1
2926 5597 4
1868 5067 1
2085 2790 1
1774 5070 10
569 3688 7
2573 5393 8
2615 5556 2
3044 6278 2
1395 3133 2
599 2120 10
2881 6903 4
1423 1740 2
3544 3548 8
2167 3534 3
324 2220 6
3600 6930 5
1722 1895 6
650 3753 1
4204 6334 8
2574 5209 3
1131 3853 3
1534 6848 4
3952 5509 4
653 3953 9
2621 5595 9
4019 4195 4
2648 2870 5
4113 4457 3
3727 6776 4
1869 5318 9
40 1178 5
798 3260 1
181 5413 6
4442 5894 9
147 1826 10
2329 4102 6
4298 5773 8
1310 6776 5
4806 6574 2
77 6787 4
2043 2416 7
1184 1771 5
2143 2402 3
2593 3025 6
3288 4651 4
298 5189 3
2034 5782 6
887 2328 5
278 4555 6
2118 5769 9
2984 3364 4
4562 6900 8
2026 4231 4
1503 3104 2
1866 2907 2
937 5301 9
2006 2559 1
3759 5409 2
5373 6051 1
1700 4523 8
3934 5195 7
6327 6801 10
3721 6499 7
1881 6395 10
2331 5587 7
354 2402 3
390 4890 8
3801 4246 4
855 4222 5
1995 3184 8
1186 5805 1
2580 4715 1
2034 5037 9
377 4583 3
1071 2192 10
1530 3440 9
962 5275 8
2893 4093 6
3188 4947 7
592 5745 4
210 4947 10
1281 1791 2
5106 5692 7
4064 4283 4
5245 6355 8
395 1163 3
4999 6835 3
3792 3814 7
3988 4487 8
2976 5211 2
2529 2839 7
3312 5301 4
1036 6171 3
3715 4684 7
3324 4265 9
203 1021 10
3705 6510 3
1460 2593 7
4717 5505 8
724 2376 1
2260 3975 3
4780 6196 10
2100 4275 4
16 541 3
5225 5595 1
97 1875 7
1372 2600 1
1274 3529 7
1768 3034 1
3952 4017 6
3874 5565 9
2849 6659 1
266 3828 7
3523 6978 10
2743 6316 7
4244 5945 3
3264 6575 1
3367 3668 5
3485 6813 6
3467 3915 1
999 5955 3
158 1576 6
4189 5936 9
932 6577 8
633 4551 8
3803 6270 3
293 4793 6
5156 6324 3
1327 1446 10
1483 3440 4
155 4946 1
3676 4083 6
1294 5704 3
722 4481 7
5132 6111 8
3943 4107 10
1086 1340 8
16 2593 9
4852 5106 5
548 5825 5
1096 2850 2
4791 5019 6
5052 5794 9
1819 6824 2
498 3219 9
186 373 1
210 4734 5
3591 3749 9
4046 4549 2
2068 4003 9
85 3457 8
1584 6412 1
927 4580 10
2857 5489 6
696 4032 9
1957 3785 6
1433 6874 4
471 3662 3
737 2454 1
2672 3475 9
2397 6586 4
31 2174 8
1130 3348 2
3764 5419 3
332 3060 1
1683 5425 1
385 4946 2
6 4001 10
1648 4832 10
742 2121 6
2034 3892 4
464 4090 6
2186 4970 7
621 3176 9
571 1858 10
1919 5656 5
2773 6195 2
133 5641 3
605 4084 1
1262 3811 3
3099 5732 9
2546 4440 2
4598 6759 1
358 3821 1
1870 3637 1
4014 6992 3
600 2489 1
5444 6389 5
1546 2151 4
3663 4509 8
3073 6495 5
2297 5633 10
2510 2993 7
341 3310 5
4884 6749 5
1326 1735 8
866 5215 8
594 5881 7
4749 5041 9
4854 5492 4
4031 6344 2
4017 5620 1
424 4645 3
3921 6126 8
2387 4103 9
1502 2396 8
2911 6532 1
1145 1587 5
3809 6711 7
370 1750 4
1525 2022 10
1551 6405 10
3705 5905 1
2163 3008 9
271 6986 10
3396 6948 4
256 5877 10
1011 6758 10
19 1125 2
3151 4982 3
4361 4985 8
845 848 4
5513 5857 8
1301 4151 5
3489 3675 4
2223 4399 9
2284 6443 5
1217 1926 1
4147 5383 4
422 1651 4
62 1663 6
1400 5190 8
3139 3468 4
4283 5929 8
4132 4860 4
218 6867 5
2903 4828 2
4531 6624 7
2259 6376 9
2825 5485 7
5030 6726 9
1450 2430 8
1415 4776 3
1440 4411 2
1456 6339 9
1338 5591 3
2423 4817 8
1018 2259 3
980 6220 3
3731 3875 10
4695 6247 8
3677 5077 10
3599 4375 5
2250 5326 1
2152 3010 7
3442 4191 3
2146 5379 1
1507 6114 3
5012 6162 3
4402 5702 1
1571 6662 1
1767 3743 3
5779 6718 10
1223 6953 10
2043 4733 8
48 2730 2
1057 4737 4
5798 5864 4
1777 4061 6
5393 6661 10
3836 5861 7
836 1352 9
4185 4605 6
2503 3508 5
6047 6966 2
10 1606 7
3039 4548 5
4591 5816 10
2325 3862 8
480 4737 6
3130 5426 4
1336 3595 3
459 629 2
575 5227 5
2233 3939 10
2879 3270 8
872 3363 9
4983 5938 6
863 2460 3
1335 3498 5
4487 6855 6
1468 4282 3
443 3884 5
4380 6620 1
2323 3253 7
1647 3035 9
1238 2204 8
2026 5879 10
2263 4723 10
1876 4115 9
6054 6285 5
897 2489 3
2267 3709 4
3447 5164 5
863 1973 1
558 6828 10
252 801 8
2762 3873 6
1084 3208 1
768 3195 8
2871 6131 5
1693 5472 1
1240 4375 9
1695 5305 5
641 4664 10
1790 2579 4
3136 3270 4
1052 5457 6
357 703 7
1862 2199 10
3061 4193 10
3363 5918 7
492 3526 4
1019 4254 5
1258 6025 6
206 235 4
1333 6893 2
265 4803 2
508 1369 10
835 4702 6
190 1146 2
499 1319 2
517 1048 9
3513 3952 8
4489 5886 4
2416 3871 4
1111 3873 2
612 642 6
4312 4598 7
1776 3739 5
1161 1312 7
1756 5810 10
1489 2747 10
1017 5399 3
1624 3972 8
263 1182 8
4441 4663 9
704 1451 6
2379 6256 10
2826 3213 1
2950 4413 6
2747 6737 10
5025 6934 1
870 2566 2
5015 5223 5
5747 5949 5
1844 3763 10
4445 6731 8
982 2380 2
821 839 1
5990 6163 5
2877 4652 6
4477 5782 1
1730 1757 1
482 3694 6
3378 6760 3
1448 3693 2
1628 4050 8
3606 6211 7
1349 1890 8
5414 6348 6
1489 4206 4
3537 6037 1
2762 4796 7
558 3910 8
4132 6895 2
1113 1546 5
417 5163 4
1062 1278 8
640 4134 7
1306 5152 10
2555 5105 10
4440 4548 1
393 6526 2
2926 4645 10
85 3529 7
5226 6234 1
409 3701 9
1930 2440 5
5113 6205 10
4568 4812 10
4120 4892 6
2500 4338 3
37 3844 9
389 1503 7
692 1264 5
1803 2605 6
1791 4143 4
2607 3172 5
3701 5844 3
5110 5216 4
2062 2813 8
4486 6857 1
316 5989 1
4435 5704 4
157 5503 9
4354 6028 5
1070 5974 2
5317 6373 1
4752 5338 1
303 3359 8
3981 6461 9
3510 6533 5
1746 2457 6
1834 2499 9
1128 4797 4
3956 6681 9
437 1597 6
1931 6161 6
3976 5313 10
3791 5493 4
3986 6745 5
1187 6145 5
125 3311 2
2837 5302 7
1687 5282 8
3191 6901 5
1517 5342 5
2266 5863 4
4143 5382 1
1190 5787 2
2209 3430 5
2017 4519 9
1593 4483 10
5551 6255 1
892 2949 9
4656 5085 2
1172 1871 9
3356 3569 8
271 543 8
2009 3905 4
3995 5278 9
4126 6777 10
4449 6847 5
1341 5020 2
1432 4981 7
11 897 2
448 2535 7
3138 6289 10
339 1193 2
699 2564 7
1981 2325 8
2375 2716 5
4350 6463 3
2139 4915 2
1628 5374 9
2584 3553 4
5058 6720 2
1537 4360 1
182 5030 1
2499 6674 10
545 3644 6
271 3641 10
2498 6510 5
3191 4848 8
351 779 9
3759 4193 7
5163 6788 1
5359 6704 9
432 4046 10
4718 5041 4
2471 6663 8
2630 3028 5
2091 6549 6
1427 6649 9
6475 6596 5
1431 4818 3
1068 2109 8
1991 2493 5
118 5517 9
5431 6191 2
707 1446 4
1447 6140 8
606 6619 3
464 4410 7
1178 4541 1
67 6434 2
29 1588 9
3113 6295 4
1277 4767 9
4547 5289 2
1152 1245 5
55 4494 7
1574 6082 4
3567 4606 2
200 2956 4
1242 2825 6
2489 4515 10
4558 4813 4
3391 5491 7
804 3780 2
274 1846 4
252 3946 4
5056 6118 6
887 2701 3
279 2728 4
3689 6231 10
1363 2901 5
1250 2794 5
94 897 7
4805 6975 6
913 3275 1
3164 5539 5
4893 4895 6
2630 5395 4
1090 4082 8
2616 5433 7
749 3921 6
254 3856 7
5990 6112 10
4429 6203 5
2001 6500 3
1118 3967 5
3492 5997 3
3745 4086 4
5198 5527 10
1089 2450 1
531 3425 4
192 4692 7
3513 3530 7
787 1516 1
690 6183 5
32 856 7
364 3437 6
1488 5088 1
313 5476 3
909 3258 2
1007 4401 2
1364 4222 9
2289 4768 1
3059 3735 2
6147 6652 9
257 675 10
2682 4022 9
3224 5492 6
400 5530 10
1392 2704 2
5826 6442 10
918 1679 1
390 3877 6
3729 6852 8
807 3540 3
1164 1661 3
2386 2485 6
536 2771 3
771 1082 6
2271 2357 7
1796 6617 3
1863 5481 10
3028 6403 7
2745 4040 2
4582 4615 9
984 2726 10
1713 5909 1
2564 5330 8
2339 4620 7
1263 3847 8
1994 5369 9
1260 3934 2
2817 6126 1
794 2688 5
373 5632 10
4264 5242 4
6246 6604 1
3083 3481 3
1735 2271 9
1619 4428 6
4479 6813 3
2917 4053 9
2078 4548 3
2329 5048 7
6098 6229 2
1165 4786 9
1065 2935 7
3199 6676 6
664 2586 4
1792 5328 3
746 2409 1
994 3427 8
4655 6153 7
1546 2188 6
1069 2138 9
2688 6556 6
1401 2931 7
1660 3611 10
5065 5129 6
1945 2610 5
3904 6508 9
160 2344 8
1700 2109 1
4809 6998 6
4440 6496 10
1919 3281 7
1506 3839 1
2638 2656 2
899 6708 1
2069 3182 3
1690 5527 2
2950 4231 5
2400 5493 2
1220 3849 8
55 599 3
726 783 8
3951 5787 9
2064 3988 8
3862 4142 10
1326 2840 5
1885 4224 7
1470 3852 3
2334 3180 8
2201 3054 2
4077 6831 2
3904 6507 5
3279 6313 1
3208 6324 5
469 3290 2
4020 4061 5
1986 5888 5
2144 5551 9
515 4909 1
2507 3907 3
2998 4801 3
4220 4255 7
5930 6079 3
1305 6442 8
528 5855 6
1391 2749 4
827 4084 8
1239 2747 2
1434 6245 4
89 4552 3
2618 2878 8
1020 6679 2
1835 3915 9
3378 5300 5
5477 6053 7
1289 2381 10
329 4662 4
4865 5088 5
3378 6918 1
1189 4782 4
2163 2952 9
4538 5443 3
2032 6131 7
5550 6946 8
2578 5691 3
2369 4814 3
2041 6054 4
3885 5072 4
4208 4967 4
4349 4357 4
3843 4023 2
1680 2303 4
2571 5193 9
674 4800 1
4424 5579 8
1482 2674 9
2694 4185 5
3264 5797 9
1257 3184 9
3257 6992 9
3327 4473 9
1400 6418 4
5455 6952 8
1822 4364 10
3060 6321 9
2761 3989 6
461 5957 6
1352 4116 6
1704 2489 3
477 4584 2
1783 3020 8
828 6637 4
575 3558 10
3033 4749 10
3627 3929 9
1302 3224 4
3231 4608 5
3852 5524 8
2574 5294 7
3335 6333 9
1727 6179 1
912 5404 8
1705 2745 10
1031 2206 5
1091 4341 10
328 1616 1
2994 3370 2
4192 6684 5
621 3570 7
2081 2864 1
3221 6872 10
1277 4963 6
377 6067 4
1589 3546 2
4367 6245 10
2904 5068 9
6936 6992 3
3696 4621 10
2583 5137 7
1524 5609 4
4391 4676 2
3717 5934 5
356 5716 4
3197 6104 10
1841 2199 6
734 1747 5
5530 5758 7
3674 3921 6
3828 5366 8
1150 1473 8
3768 5516 2
115 584 2
3767 5172 2
2489 6332 2
1669 3204 9
1039 4647 7
238 5749 6
2696 6136 7
3463 5224 2
345 4423 3
2036 6333 2
1378 3334 1
3641 6964 5
5274 6302 3
1224 5316 5
826 1064 6
363 4410 8
3119 6704 6
1921 3224 5
2598 3014 7
369 2066 7
955 3584 8
1904 3924 3
4334 4883 8
4787 5824 5
441 879 4
3081 6684 9
3508 5892 1
3934 5000 7
3440 3935 7
6219 6311 8
1928 6538 10
3425 6968 10
2157 5569 9
3326 5505 1
6241 6843 10
5313 5357 2
2299 4033 2
914 3765 9
641 1471 9
4648 5057 3
4236 5720 2
125 3168 10
3161 4457 1
827 2259 10
430 1392 2
924 4315 4
1265 4680 1
935 6691 9
3164 4919 1
2202 2806 10
3838 5827 9
1262 3143 9
1421 6319 1
1892 3865 10
1861 3963 7
997 6084 3
6695 6921 3
109 2190 5
3839 5658 10
836 2378 3
2532 6265 2
5987 6275 6
4887 6666 9
1083 2839 8
493 2645 5
693 2750 3
295 4244 4
3358 5164 8
5240 6581 5
843 4437 8
1684 6022 9
4350 6182 5
1489 2484 9
3862 5203 4
38 3985 7
3309 4324 1
2506 3994 8
3129 3165 8
741 1224 9
894 4693 6
2621 6806 9
2022 4461 2
4549 6296 6
1601 1781 4
2377 6136 9
2114 4939 6
1609 4727 4
3821 5529 6
4188 6746 2
6364 6798 5
3381 5849 6
1132 6325 1
2811 5230 10
891 5976 9
5373 5497 3
5381 6595 2
3847 6896 10
1094 5293 1
5205 6051 6
1180 1840 2
99 1191 3
5025 5233 1
333 4160 5
4664 6760 6
2500 6879 6
48 2736 8
986 6868 9
3812 6300 4
1045 1110 7
2020 5052 8
5537 6950 5
4072 5609 3
3571 4760 5
1657 2715 7
1963 2356 2
444 6585 10
1200 2386 7
1863 3421 10
2242 4246 7
3085 5742 7
33 3007 5
2783 4549 3
3855 5141 7
4186 6716 1
1999 6175 7
3296 4221 6
5884 6548 5
2356 6678 3
3521 4550 10
4291 5286 7
878 4159 2
1281 5546 8
5547 6744 10
237 2974 10
4829 6931 4
4261 5286 6
561 1287 4
3610 3997 6
508 4868 5
2213 5386 7
1090 3583 3
551 6830 6
33 6275 3
3389 3759 1
854 6519 10
1596 2031 1
3222 5907 9
93 758 1
4001 4638 5
275 3968 4
5313 6273 5
1264 4641 5
1404 5486 8
1167 1678 8
192 6502 1
3129 3573 3
1988 5990 4
2770 5976 9
3270 3392 7
3388 5100 7
866 5039 2
4022 4661 1
2415 5209 7
2369 4226 4
2435 3429 9
1826 4066 4
3793 5267 2
1282 2165 9
2387 6687 10
715 5509 5
1409 2478 2
1411 1912 6
2826 6910 4
4831 5351 10
184 6455 7
2756 6774 1
4443 4567 1
3013 3857 6
4078 5572 9
821 6209 8
4618 4686 1
558 1387 2
957 2776 10
1717 2563 5
1025 1057 8
3748 3757 5
118 2669 1
6053 6562 1
554 1404 10
1356 4655 2
2351 4899 3
3298 5577 5
2283 3393 2
5661 6407 6
4988 5270 6
2610 3965 6
2441 4096 6
5239 6109 4
1646 2939 8
1242 3570 7
1090 1545 5
594 5185 10
721 5829 1
1747 6828 7
1042 2629 3
30 1165 8
795 924 5
296 1758 3
5491 5926 8
1258 4318 9
1944 6810 1
1163 3733 2
1554 3843 8
496 6974 9
4170 5735 1
5414 6448 3
5488 5519 3
2643 6691 5
5845 6534 1
3055 5261 9
633 5169 2
478 5353 5
2987 4230 5
3388 6718 4
2994 6007 9
2206 4789 10
4556 4727 7
787 6848 2
808 5141 8
167 292 8
5196 6131 4
4662 5810 10
348 5781 10
1592 4119 9
2635 5006 2
319 1320 8
269 5487 2
1263 4243 2
1333 2022 5
4579 6506 2
4039 4145 6
1039 1847 5
885 2370 5
1251 6670 5
2123 6866 9
1686 4277 9
1253 4623 3
1675 5729 7
1158 5780 2
1849 3340 4
287 6086 6
3748 3871 5
1045 1873 3
1039 1215 4
903 3791 2
96 6373 6
844 3140 6
5014 6560 5
352 3259 5
7 2773 10
1994 6004 7
4368 4425 2
974 1871 7
1031 5838 6
2375 5965 1
1569 5418 6
728 5199 6
3729 4904 1
1074 4456 8
1182 3407 2
4449 5244 9
2249 3888 5
4648 4978 7
3322 4008 9
3997 6703 8
1053 4131 10
3247 5555 8
2254 6697 10
217 2545 6
390 5950 2
1725 3910 10
470 4447 4
4396 5078 7
665 6283 6
2549 2653 8
802 3750 7
2670 4706 4
5756 6946 8
2249 4968 2
1304 3054 8
3711 5010 8
2512 2957 6
669 6861 8
336 879 2
3098 5939 7
1276 6614 3
4307 5396 1
634 1936 5
1973 3611 7
723 2561 6
933 1011 7
1135 4147 10
507 2473 6
2798 6530 2
3176 4903 6
2917 5350 9
3848 5657 3
2489 3420 10
416 625 9
1963 2368 10
5781 6227 8
593 3882 1
5603 5671 10
490 5100 7
1708 5551 4
1094 3313 7
3653 4241 6
2040 5254 6
5665 5863 10
1609 3233 2
1834 5338 4
4422 6862 1
116 3386 8
2643 4352 6
915 3431 8
5719 5861 8
390 3743 8
3410 4087 6
1506 2933 8
2840 2873 10
1271 2549 5
553 2754 8
6016 6886 10
2823 3293 3
3515 4284 2
1726 2967 8
2221 2767 5
2659 3159 1
1143 3044 8
2546 6687 9
4148 5954 3
2947 6579 4
33 3062 5
1828 6400 4
32 5255 5
2014 4099 6
816 1054 5
4039 6902 5
633 4161 6
3815 4992 2
614 6133 8
264 4883 1
2213 4595 4
1433 2686 6
34 3769 1
200 4600 4
1067 2132 4
1957 5852 6
4498 4973 1
346 1285 4
899 2289 9
4022 5877 4
5 5174 4
295 3653 8
1915 3344 4
5774 6444 6
83 1916 6
593 5349 3
3935 5357 7
2098 4300 4
4138 6627 7
1792 2411 10
1960 2598 10
3238 6875 5
4321 4821 3
719 3974 6
3543 5514 2
728 3348 6
3153 6331 8
1108 5600 8
2360 5989 9
778 3403 4
2135 4068 5
4027 5220 10
100 6940 3
1746 3111 10
1254 6392 7
1213 6022 4
2386 6637 9
1530 6515 10
2205 4444 7
2781 2992 6
3423 6353 6
690 4980 10
485 4823 10
523 4148 5
1195 3398 4
4946 6224 2
2336 3732 5
2653 6438 4
6905 6972 5
4245 6098 10
4754 6445 7
57 1882 5
1220 1558 5
838 6963 7
2334 4969 7
908 2433 2
29 6589 2
1159 4746 10
570 4347 1
4558 5617 3
277 3219 9
751 5509 2
2973 4196 5
1784 5065 5
2355 4373 7
895 5887 10
5138 5415 10
4226 5803 6
194 3816 3
5111 5849 10
398 5206 4
2928 3924 2
879 6330 8
1135 4659 4
242 1878 5
1560 2221 7
3557 5105 7
2805 5512 1
1651 6107 3
3401 3971 10
419 2166 1
1516 4611 7
3776 4398 9
6474 6536 1
388 3550 7
559 4972 8
700 2669 10
6107 6683 10
2767 2953 2
1788 5996 4
1636 3685 9
646 6142 8
5834 6753 7
2937 3254 6
3296 5883 6
2477 3698 3
3626 6064 8
738 1743 10
1987 4462 1
1195 4322 2
2028 5438 7
4265 5490 4
4280 5632 3
4181 5527 8
2876 4413 2
586 2981 2
111 3593 6
1050 4979 2
316 3631 6
86 5982 2
1155 3841 6
3147 6248 9
829 3145 8
1022 3116 8
4310 5174 9
745 4382 9
2159 6150 7
904 6555 4
2273 3122 8
2539 3261 3
358 5015 4
827 6293 1
655 5921 5
2345 3954 3
2909 6553 10
1096 4479 3
2174 3540 1
1519 5466 1
3369 5093 3
1531 4928 2
1190 6571 8
2817 6202 7
2278 6975 9
189 5664 6
1921 5027 8
1654 2365 1
2719 4671 7
4535 5510 1
3825 4817 9
244 763 7
625 2255 10
2494 3329 3
1319 3657 5
3512 5092 4
682 1875 8
5658 6178 1
1099 3694 6
3260 6815 7
459 1585 8
6156 6423 8
292 2714 8
1003 4503 8
707 6292 1
2045 5573 1
17 720 9
855 5286 2
2685 2692 3
4035 6341 1
3818 4629 1
4222 6193 5
764 2000 3
3152 6433 6
1698 2622 8
4662 6498 4
2216 6133 5
3512 5998 1
520 2370 7
2467 4145 8
798 2955 4
979 6603 9
1700 4923 1
2560 2893 5
1483 2594 3
969 2236 8
1043 6877 7
32 2636 1
644 3082 2
2663 5003 1
2669 4361 4
5981 6640 8
1250 2999 2
5657 6217 8
6018 6217 6
3288 5436 3
2393 5045 8
1892 5616 2
3393 4804 8
4056 5833 10
1279 3798 9
729 3221 8
2297 4462 2
3004 5119 2
3226 3275 5
3075 5345 9
3143 3847 6
963 5512 1
1676 5076 2
705 3503 8
3590 5427 8
2301 5688 6
1153 4737 7
4491 5796 6
50 3852 9
4388 5392 10
372 1502 10
3488 3951 8
1408 6590 8
733 3586 3
532 6133 6
2097 2278 2
827 934 9
894 4711 9
2376 3832 6
2230 2323 8
3555 3588 10
533 1042 3
3272 5516 8
659 5590 9
1711 5365 6
6492 6772 1
3005 3482 5
374 3874 9
3522 4707 1
751 3243 3
5332 5499 2
1659 6698 7
1418 4552 2
1813 5600 1
2018 2093 9
641 6775 1
1035 3142 3
2052 4978 3
3858 4319 9
2972 4758 1
3961 5649 3
122 891 5
333 4457 4
3930 5969 1
2716 3387 3
5276 6466 7
1412 2330 1
942 3523 8
4213 5374 5
2767 4013 2
1871 2900 6
920 6967 9
3840 6990 10
3895 5803 3
360 3736 4
3169 4189 8
2660 4011 7
1958 4402 7
3203 4823 4
900 4079 2
556 6819 10
1702 4736 2
815 1515 6
6617 6859 4
1539 1723 6
2504 6525 1
1915 5648 6
226 5445 2
2658 6895 6
2560 3663 7
639 6462 6
1877 3433 8
425 4478 3
3907 5647 5
1470 6365 6
2352 6515 9
1614 2161 10
1677 6285 6
2098 6410 8
505 6391 6
3013 6430 2
4139 5670 7
4268 6094 9
2258 3418 6
1236 1560 2
2418 5852 7
1225 1601 9
4511 6302 9
2901 4175 9
2419 4000 7
4925 5295 10
745 2874 3
3071 4912 9
6231 6934 9
2197 3098 1
2780 5908 9
2013 4258 10
3259 4799 7
509 2917 7
3868 6403 10
4457 4674 9
522 4750 6
1489 2615 6
207 4981 1
721 790 4
978 3501 6
2184 6247 5
394 612 4
304 2274 9
464 2987 8
912 1325 8
3907 6322 6
1281 5090 8
212 4752 10
1254 2406 7
2577 3600 3
1728 2852 7
2781 3829 3
2635 5295 8
2827 6058 2
1777 6643 1
1650 2407 2
4040 5887 6
318 3312 7
390 4550 6
3327 6243 3
159 6512 7
4797 5868 4
1600 2072 2
5392 6455 8
323 1417 7
3560 4405 5
2324 3976 6
4691 6960 10
512 5368 8
1822 4156 1
3715 5855 1
4956 5061 3
1748 2744 8
358 3223 1
394 6562 6
4524 5227 9
4092 6523 4
4710 4769 9
242 5200 9
132 2530 4
4157 5911 3
2090 5619 2
4300 5753 7
2261 4224 8
493 1050 1
167 2512 2
4895 6575 3
4947 5390 10
1588 6757 9
995 2010 6
3645 6056 9
261 926 1
541 5420 3
3954 5350 10
2021 5684 3
445 5437 4
200 5531 10
255 3620 7
41 4142 10
764 1585 7
204 2571 3
806 5093 3
780 3165 6
3230 3998 3
1584 6528 2
2931 4452 1
535 6843 1
830 6794 7
436 1152 7
6187 6771 5
2631 2737 10
4362 5868 1
1609 6789 4
5950 6403 2
1719 4703 3
1764 2278 7
82 3440 5
1026 2424 6
2148 3416 2
75 4552 5
5733 6198 8
6049 6982 9
1590 4469 2
206 3955 4
4111 5133 9
6103 6460 7
2464 3015 5
2672 4891 10
54 2520 3
2543 6265 5
3660 5111 5
655 3777 7
2524 4095 1
724 3665 10
67 4303 6
3339 3518 8
403 5401 7
1645 2480 2
4465 6723 6
523 1610 6
6314 6968 10
465 4273 8
3411 3712 5
1628 6745 3
3825 6900 10
142 2270 1
2846 6387 6
6209 6822 7
2364 3543 1
1218 4300 10
1817 6252 4
1772 3739 4
1883 2210 4
5576 5644 6
2224 3614 3
2603 3478 1
4105 5592 7
3928 4700 5
4816 5093 9
1305 4130 9
1946 3755 6
2788 6545 7
4086 6074 4
3200 5907 6
2067 4130 6
936 1176 7
329 357 1
604 6421 7
209 3431 2
6352 6765 2
666 1865 9
3620 3707 4
2060 4950 7
2073 3347 9
1976 3350 7
5497 6440 1
2804 2963 8
2696 6093 3
4192 6636 10
734 1382 4
6305 6385 8
4470 5029 8
3358 5634 6
627 4323 5
859 5100 4
2768 6612 1
666 4604 6
455 6624 2
3546 5758 5
3873 4338 5
5387 5623 9
4160 5954 9
575 4615 9
3446 4402 3
407 5071 6
565 1393 8
1409 5300 7
6586 6746 5
149 5848 9
5168 6826 5
1265 6003 9
1006 2660 7
1167 4489 3
3552 6773 10
375 2429 3
810 1017 6
384 3473 3
1097 3587 2
2458 3507 10
1713 3366 2
1466 2421 7
1476 5398 8
246 2337 5
4331 5903 4
1178 4196 2
3891 6085 2
377 927 3
1537 5007 9
769 2082 5
681 6657 7
3799 4809 3
2626 6925 1
1909 3921 10
1386 4812 7
2222 5319 3
1066 2146 8
1323 2633 6
2173 5613 2
3547 5832 6
3136 3634 1
2712 5870 4
625 3551 10
4455 6905 1
2201 4864 4
1250 1591 4
5141 6250 1
1181 5699 3
1251 6829 3
1089 3912 7
2783 3663 2
831 6880 1
1438 6962 7
1998 5199 1
1742 3978 9
2557 5693 1
1552 2539 9
1869 2258 6
1578 4793 3
2090 5072 6
2355 3452 8
1208 3508 3
5600 6672 5
5908 6895 8
365 5051 4
2113 6175 4
1611 3517 4
1871 1936 3
2973 6833 10
1212 4719 9
226 5468 9
4775 5768 4
3416 5257 10
4186 6266 8
1874 3012 10
776 5531 8
4764 4912 8
674 6564 9
730 4741 2
404 4538 10
1360 3465 10
1492 4517 5
1356 4914 3
1778 6107 1
302 2098 5
3471 3636 10
3977 5005 10
5215 6092 7
1256 1710 2
440 6987 10
6528 6930 5
390 589 8
4182 5076 1
2088 3178 10
134 5614 1
2763 3805 8
914 5117 6
5694 5947 8
516 2974 6
497 659 1
769 776 6
5409 6059 5
5003 6464 10
2583 4745 7
620 1966 9
2825 6658 7
1468 4819 10
2847 5304 10
694 5389 6
521 6049 7
2940 4710 7
3203 5442 9
3221 5716 8
132 4941 3
1515 4833 2
796 2451 9
89 4935 6
292 1477 9
1741 5929 1
45 508 10
4770 5975 1
6412 6911 8
1574 4196 7
1414 3511 9
2539 3973 2
1908 6562 10
3923 4385 9
2393 4838 2
2253 2734 7
5086 6323 6
497 1280 6
2104 2910 7
4845 5021 4
1198 4143 5
2473 2559 5
2243 6269 3
1398 2110 2
1800 2093 3
750 3701 9
2659 4991 9
6606 6791 3
1341 1549 8
6369 6721 10
168 6127 7
234 6116 6
1818 3364 5
3510 3900 9
2666 2683 10
2643 4796 2
1497 6944 9
3276 4585 2
3577 5933 9
789 1824 10
4574 6390 9
859 4826 3
2459 6428 2
5432 6209 9
1534 3704 9
117 4217 8
395 6747 5
341 3152 8
1426 2326 5
5500 5595 6
1127 5861 8
1033 1170 2
1601 5454 10
1799 5663 4
1302 5519 9
2809 6694 1
4725 5973 4
4261 6869 6
631 4654 2
2084 3942 2
3320 4198 2
2408 4757 4
2851 4831 5
1125 1867 8
211 4383 4
3790 3911 10
1816 2807 5
558 6248 5
2362 2583 4
1529 4019 1
593 1286 6
4848 6131 1
2301 5700 3
962 3833 8
5845 6323 4
2424 3431 1
1283 3392 1
272 5087 5
4188 6117 5
6097 6098 3
6175 6687 3
529 3931 5
1432 6974 2
3133 4846 5
5019 5967 10
4800 5867 2
1218 3486 6
3575 4821 2
265 521 7
182 6195 8
1117 5371 5
1618 4448 8
291 4429 9
2978 3884 4
4030 5057 9
131 1420 8
3092 3881 8
5377 5629 9
6018 6970 3
1720 2932 6
1024 3419 9
2458 3251 9
439 2185 4
3320 5994 6
1020 5005 10
141 2317 3
2502 5058 4
4152 4358 10
3147 6378 9
4269 6319 2
677 4296 2
2493 2635 10
994 4344 1
958 2072 2
3498 4745 4
539 6680 9
2960 4117 10
255 5754 10
2482 2615 2
1809 6193 4
1619 1690 8
5601 6404 5
2587 2824 6
1291 5923 6
113 1605 3
3404 6134 5
4102 5104 4
4174 4303 6
2116 6900 5
1374 5488 5
3891 6195 7
4062 6363 9
4323 6873 2
5320 6228 6
3946 4636 6
823 4260 2
4790 6028 7
4898 6890 2
5406 5867 5
2739 3063 4
3570 5298 2
1167 2902 4
982 6301 2
3381 6004 10
4234 6276 1
1772 1803 9
119 3614 3
1473 2624 2
1068 3310 4
1458 3534 1
4301 6514 1
1923 6510 10
4015 4580 1
1165 2957 3
1978 3340 3
5217 6172 5
876 3270 7
229 2239 1
2 6917 8
4813 5930 3
486 5035 7
405 3935 7
4025 6410 2
3596 5737 2
819 5148 3
79 183 8
5970 6648 1
2744 4229 4
1757 6355 4
395 2341 2
1057 1713 4
3729 4648 10
508 3076 8
2987 3543 3
3144 5251 1
86 4506 3
916 3661 9
4419 4892 5
2165 6661 4
2886 4274 7
5272 6695 10
1442 2517 3
4181 4752 10
764 3262 4
224 1707 2
2626 4664 5
1352 2216 9
2924 5116 9
2019 4183 9
851 3982 8
3616 4978 3
4015 4607 4
1194 1895 10
3116 6309 7
3037 3079 10
730 6455 7
2114 5577 4
18 1933 1
158 317 2
2451 4590 8
541 1587 6
3681 3718 3
3442 4721 6
1704 3779 10
737 3688 10
1981 5327 10
5023 6093 6
1965 2400 7
1546 2296 1
3250 5043 10
3838 5517 6
2844 6794 6
4678 6584 8
864 4838 8
2058 5645 1
2410 2538 6
38 1977 3
1266 6106 8
85 1782 4
796 5809 2
1055 1064 1
3179 5712 2
2009 2541 8
5989 6854 5
1712 4711 6
1911 2405 5
1786 3535 8
1526 4719 6
5350 6451 2
1235 2325 2
739 2184 2
2616 2645 2
4238 5261 8
3421 4596 4
1776 3276 3
607 5450 8
442 2965 4
5145 6273 10
507 2005 7
1436 3642 9
2071 6340 1
3077 3412 9
274 902 2
2290 4304 1
3045 4504 5
1806 5279 2
2457 3879 5
1545 2279 2
2430 6680 6
2613 3602 4
1116 3521 4
1901 4690 3
486 4747 1
1912 2201 8
3893 4632 6
1113 2085 8
172 1625 9
35 2483 1
2364 2598 7
1434 6334 8
2406 4960 3
2065 5345 2
1169 5207 10
711 2429 9
3439 3682 2
1214 3526 8
1378 4841 10
1076 3254 9
2270 4915 2
10 6474 5
2544 4518 7
4612 4794 2
3360 5826 5
3525 5486 7
1967 3826 5
3448 4870 7
1949 6432 9
778 1412 9
2437 4321 7
2611 6194 9
2878 4401 5
4277 5002 2
3818 5974 5
6472 6716 2
1019 4964 5
498 6314 2
2872 6405 3
912 1790 1
1324 4726 9
702 6743 10
1692 3283 4
841 4768 8
2304 6957 6
558 710 4
1025 1483 10
92 3920 5
1754 5472 7
505 824 1
943 5229 2
386 4909 5
2099 6349 8
1945 3097 10
1335 3862 4
2188 5054 10
723 6525 5
3776 4573 5
1103 6862 5
2351 3275 9
2095 3623 3
782 4152 7
4205 6878 10
1417 2386 1
2363 4329 9
184 2208 3
2067 4127 4
5065 5124 5
1049 3330 3
93 6886 10
4146 5302 3
2584 3083 7
1402 6956 4
1630 3798 2
3888 5751 4
2470 6077 1
256 6668 3
4540 4739 10
2452 6185 3
1773 5896 4
4170 4211 1
1594 6096 8
257 6339 10
2065 4174 7
3293 6463 10
4471 4767 10
3439 4631 10
3352 5732 9
2571 5298 6
1113 2019 5
2008 6862 1
2631 4462 3
4134 5882 6
6043 6108 10
6124 6249 5
1298 3497 10
1464 2083 6
1502 1797 7
61 1295 9
1416 2192 5
5775 6453 1
2012 3202 2
2470 4926 5
371 2794 8
4510 5489 9
3106 6830 7
560 2468 4
2910 3278 9
452 1449 3
1161 4264 8
2922 6883 5
3047 3152 9
868 4160 7
3619 6017 6
302 2366 1
81 5593 3
2952 3749 2
506 1388 7
1774 2012 2
994 1817 9
744 4753 4
635 4503 5
1091 6543 10
6518 6770 7
198 4172 10
183 865 6
503 1142 5
2038 3406 3
1755 2466 7
4400 5721 4
2564 5482 1
354 2869 4
2294 4380 1
1053 2441 1
3144 5825 5
1157 2872 8
5651 6637 6
4176 5875 2
413 6215 5
1354 2314 2
5503 6799 4
1030 6343 5
566 4971 6
2900 4015 4
3767 4103 5
204 5926 9
2716 5496 8
10 3630 7
285 6694 4
890 1319 9
3571 5060 3
3180 5492 6
853 3294 7
2939 3883 7
513 1130 7
5758 6852 4
3860 5282 9
1115 5398 9
3502 6669 7
317 5697 9
1943 5874 8
6430 6691 1
1185 5567 2
3080 3256 1
1620 5575 1
2385 5625 9
922 5279 8
156 4462 8
1417 3992 7
1251 6745 7
2525 4587 1
784 1491 8
3886 5922 4
1781 4683 10
5318 6462 9
1187 1237 10
2497 6681 8
3941 5028 7
798 6510 2
3380 5326 6
1210 3411 3
2857 6905 10
480 1669 9
4214 6691 7
1191 6677 7
1743 2201 5
2009 2382 7
4390 6525 6
1288 6811 3
4211 6529 6
3529 4806 9
3424 6802 2
998 6083 8
1445 5031 6
342 731 7
396 6618 4
929 4682 2
2567 6924 8
1368 6171 2
2952 4334 1
582 2225 6
856 6820 5
779 2630 7
3282 4688 2
3091 3112 3
2221 6896 9
1676 5753 9
3708 4154 3
1916 2485 1
2111 6292 5
3448 4003 8
2023 3176 6
3490 4203 7
2949 4089 3
3419 4579 2
4936 6576 9
360 6989 10
1626 4087 7
677 3722 1
1230 2894 1
4115 4157 6
4675 4994 10
1999 2546 6
5553 6006 6
1517 5038 1
4341 6859 9
2163 2776 7
939 4677 9
3698 6605 6
2391 5256 2
2363 5860 7
2334 6575 9
767 6342 3
4132 5470 1
4070 6790 6
4647 6450 7
2625 5910 1
365 4292 3
2598 4270 8
599 3991 7
627 6856 3
5875 6411 2
4869 6990 3
2051 2389 1
2685 5981 4
4112 6256 8
726 3131 3
2635 6619 6
4621 4919 4
1386 5094 4
2742 6397 6
1951 5893 9
377 421 6
680 1872 2
689 4167 1
5862 6464 8
174 3643 4
3436 6788 6
112 3740 3
1418 4537 7
670 6090 5
5906 6894 6
3915 3922 10
1200 4466 10
1344 5323 6
1326 5105 7
280 2716 5
2128 4239 7
268 5759 7
517 6809 7
2907 5222 4
1555 4476 3
957 3747 1
3410 5747 3
10 5456 5
4211 5833 4
1996 2512 6
944 6885 5
3182 4175 8
1869 4779 8
3165 4566 5
878 1096 5
1239 1492 7
1771 2744 1
4118 5800 5
6601 6946 8
3044 6074 1
1317 5209 10
2654 6500 7
250 6671 8
2281 5365 10
1110 5269 10
4246 4255 9
4520 6358 1
1156 3368 4
1484 2706 7
406 1832 3
4162 4567 8
920 6680 9
2138 6042 8
284 6116 3
2389 4582 1
592 4674 6
524 3079 5
4801 5879 3
441 6949 9
1587 6806 9
860 5295 2
1548 5277 3
2313 4725 9
3702 4613 8
784 6960 8
432 4951 3
507 2791 7
1340 5979 3
2497 3609 7
3761 4604 10
2470 3025 6
184 337 3
1437 4787 6
2084 4729 7
1047 4695 9
525 4202 9
929 1669 8
392 5761 10
936 2552 3
3173 4600 3
1549 6625 10
3848 7000 7
1090 3816 1
5114 5526 1
2481 4520 8
386 5861 4
2528 6593 6
1564 2423 8
869 5609 3
1275 4087 10
2010 3263 4
1408 6768 10
87 1288 8
2738 3523 7
1436 4089 8
173 3559 4
5234 5882 6
4491 5665 9
1892 2881 2
4526 5400 4
867 6173 9
3146 3909 7
2007 5835 5
3325 3957 10
1890 6584 2
3954 5425 4
666 2610 2
2752 5079 1
2395 4778 4
463 1673 2
84 2763 5
137 6727 1
4182 4357 5
1503 1890 8
1579 4471 5
5530 6737 8
4235 6513 10
3413 6081 8
1220 2922 9
630 2546 9
2280 4316 8
112 3928 10
3386 3853 10
569 1807 5
415 5717 1
5938 6618 10
3357 3603 5
3146 4179 9
3193 4141 4
379 6731 7
4666 6051 6
136 466 1
2781 5257 1
4376 5553 6
820 1595 6
3403 5398 1
2871 6759 7
1004 1072 1
2533 4496 10
2716 3325 2
251 4316 6
1774 2510 7
904 3481 2
1409 6084 7
838 6433 2
3587 5751 8
5037 5891 10
1311 2276 5
4573 6139 9
3118 5216 4
165 2688 10
5375 6374 10
2021 4934 9
333 700 3
3402 6461 4
85 4881 5
573 3513 10
1700 6094 5
146 316 5
2427 2879 10
535 4190 9
1642 3238 10
742 5998 4
448 6361 5
211 1903 7
2305 4658 1
828 2119 4
1914 6284 8
2529 4739 2
2446 2714 6
2926 6722 8
3016 4674 3
259 905 4
157 1537 10
96 1976 8
750 3327 7
1390 3952 2
6958 6987 7
816 2028 8
1756 6898 1
686 5412 6
2076 2756 2
2488 5419 2
512 3287 8
2877 4134 5
3258 6810 5
1011 3087 9
2654 4223 9
3320 5099 10
615 4005 3
315 3911 6
250 2278 10
1 1682 6
1873 5791 3
4482 5271 3
400 6796 5
341 1634 6
2004 3306 6
3264 5056 9
398 1075 6
1116 4142 3
1712 2510 9
3744 6182 10
2039 5563 9
608 4573 9
3610 5650 5
649 2675 10
3200 4245 10
1760 3500 1
3344 6775 3
417 6438 6
1411 4138 8
230 2182 6
2938 3215 10
919 3956 2
781 6290 10
182 567 2
2698 4671 4
2043 3763 7
2690 3530 8
1388 2223 6
3123 5591 6
3098 4487 3
371 3964 10
5336 6485 10
4389 6074 3
3782 6263 6
2194 6705 2
46 5877 1
2277 5110 5
3905 5653 5
6757 6964 1
6516 6951 8
3021 5707 8
3409 4621 2
2046 5437 1
2921 4672 7
2248 5271 9
3808 3892 4
3551 4368 9
2684 5532 3
2202 2289 6
937 3615 1
5695 6002 5
323 4130 6
583 2685 9
1001 3234 2
420 2912 7
5813 5866 10
758 1813 2
190 6271 7
672 3458 6
3411 4420 9
2273 3429 9
3987 6803 1
516 6509 10
261 720 7
906 5780 1
1541 5347 4
3807 6200 5
272 1446 3
2825 6119 10
1222 2301 8
1234 2847 8
273 5779 9
3099 3770 3
1490 4014 6
4465 5058 6
2121 3247 3
452 2355 4
3641 5495 5
1448 6324 5
1088 2448 8
2512 6895 10
3181 4330 8
1670 3873 7
538 3708 1
349 5595 3
2492 3582 2
2992 4008 4
2048 4563 3
5907 6123 7
4316 6667 2
2462 6163 6
2596 3482 7
4141 4488 6
1061 2937 3
425 6652 7
1875 5263 1
3627 4607 9
4229 5627 5
2168 6621 3
1196 3220 8
6391 6678 7
5445 6852 8
3546 5930 1
570 6829 3
1999 4245 7
1735 3838 8
3132 3736 5
576 891 5
4199 4597 5
375 2570 8
4382 5076 5
3486 6288 10
944 994 5
275 4874 3
1193 6529 7
2423 4687 10
1556 6800 3
795 1831 5
2620 4589 3
3488 5785 9
2204 4082 9
2918 3677 4
1153 6053 9
6352 6529 10
2482 5778 1
4854 6357 1
370 784 5
3647 4774 8
509 3610 4
3605 5602 5
2275 6197 10
306 4528 2
272 6685 3
6064 6504 9
1679 2648 7
2799 5925 4
4213 5809 7
3378 4690 6
3902 5478 1
5715 6430 9
2025 2468 5
1462 3423 1
604 5783 3
509 4196 6
475 1017 3
2538 4487 6
3624 5193 4
3533 4288 4
833 3577 1
1466 2569 10
831 4521 7
273 1023 3
3368 5999 4
281 3224 6
1129 5204 8
401 1286 2
4876 6737 10
2460 6648 9
4914 5031 2
3185 4836 10
3222 6227 1
2170 3634 3
4567 5968 3
431 4116 10
5016 5277 8
4655 5743 9
43 2348 9
1491 5439 6
1256 6451 9
577 2156 4
480 5627 8
1114 2840 6
1412 2529 10
1438 2353 1
2105 2116 4
4142 5492 3
4583 4764 3
3739 4104 1
4071 5060 5
1431 4093 9
438 2210 4
924 2128 4
2831 4334 10
2867 4365 1
1012 5472 3
71 3387 7
1515 6360 6
582 3498 4
5772 6281 2
1130 4848 4
851 1935 9
4910 5748 1
161 6442 10
3891 5301 4
1004 5797 1
1616 5043 8
631 3311 4
1370 2627 8
219 1770 9
340 2644 2
138 4929 4
4828 6093 8
3241 4043 1
3492 4179 2
3821 3995 5
3823 4813 5
596 3141 2
3487 6672 10
332 5486 1
3823 4630 6
5383 6003 9
2692 6823 3
1918 3033 10
1278 6831 3
5506 6670 2
2827 3567 1
1028 2543 4
924 2560 7
2499 4694 2
2476 3624 9
982 2290 7
5030 6757 9
456 2509 5
2533 5743 1
4698 6970 2
2701 4357 8
100 6323 3
2918 5581 2
6457 6574 5
3755 5729 4
3646 4675 6
1896 6720 7
1993 2053 6
2156 4507 4
479 2149 6
4933 6131 2
1298 1534 6
3084 6299 9
887 5616 6
336 2306 5
2904 3953 9
3410 5434 9
7 13 8
3755 6469 6
638 3362 1
335 680 4
548 3318 8
2667 2722 1
3775 5663 1
1660 4190 2
2378 6989 1
765 6015 5
515 2022 2
121 4993 1
2847 3411 2
2394 3722 6
1234 6154 7
2552 4379 2
2507 6390 2
4370 4857 3
2277 2516 3
244 6881 10
3196 5415 2
610 3704 7
894 5422 9
931 6437 1
134 677 2
1655 6844 10
319 4022 3
211 3547 3
998 5969 6
2175 6028 2
5618 6291 9
2728 5426 10
1758 2436 5
1991 6246 9
775 1265 9
3289 5895 8
214 378 3
301 5053 6
2327 2900 8
1535 4035 1
1605 1823 4
1628 2819 6
560 5887 9
2730 2946 2
457 3399 4
261 3684 6
744 6938 3
627 3391 5
889 4390 1
3079 6146 9
4451 5346 10
5115 5906 5
214 1213 8
3434 5891 4
2393 2563 9
2928 3426 4
112 1043 9
969 1297 4
6618 6805 5
2140 5564 2
903 1698 7
557 6629 2
224 6841 9
2983 3910 3
617 1403 10
1652 2086 1
1912 4514 2
2368 3347 9
3245 6495 3
4167 4785 6
3631 3788 7
1687 4045 7
1958 6563 2
3616 4574 10
1745 5424 1
3250 3626 10
399 1043 8
2139 2849 9
635 5172 8
271 1632 1
5599 6371 5
866 2541 7
3632 3777 4
1872 4853 2
1176 3721 4
2242 2416 9
4571 5045 8
820 4196 2
2497 6041 1
1312 6941 3
2506 3828 4
1337 2207 9
4882 6874 6
2729 4804 7
963 3250 3
5232 6488 2
2046 6980 5
644 1953 6
938 5138 5
3442 3636 8
3654 4993 4
279 720 5
4087 5206 2
2209 6663 1
2253 2866 9
3927 6233 6
2285 4459 6
2047 5904 5
700 6407 6
3068 6768 3
1621 5198 1
2060 6023 6
2366 4026 2
1555 2890 5
5409 6925 8
2051 2347 5
5063 6501 1
5659 6957 8
572 5866 6
1216 2975 3
1759 4658 6
948 2855 3
512 850 8
652 2319 9
889 1153 8
2793 3852 1
162 6180 5
1539 5894 4
966 3029 3
4296 5992 2
2528 4256 4
1789 3868 3
932 1596 1
423 1096 8
2832 3867 1
2977 6391 10
684 889 2
903 4758 6
1370 3339 6
1770 5517 5
2279 6161 5
4298 6168 10
3103 6007 2
962 2467 3
1107 4814 7
5808 6426 5
3762 5618 6
1035 5309 6
2058 5099 2
3633 4095 3
211 1068 4
689 5409 1
779 4029 5
1391 3933 8
1076 6519 1
995 6600 5
138 4111 2
2158 3526 3
3569 5909 8
4097 6647 8
1085 2044 7
2787 4951 9
3722 5579 6
1446 2998 5
3158 6000 2
658 2192 10
1082 4274 9
14 3259 2
1709 2780 6
224 3679 6
3258 4980 7
1202 3744 2
3493 5945 8
881 2339 1
354 1518 10
85 336 9
4470 4881 4
4541 5496 6
3565 5590 1
702 4075 8
1900 3992 2
537 5279 2
891 3296 2
953 1909 9
764 3611 10
1043 1101 7
2389 4372 7
636 995 1
926 1964 6
2102 3001 5
88 3197 4
2772 6433 3
81 1730 2
835 4569 4
347 3511 9
791 4786 8
3044 3382 8
2670 6327 9
2764 3787 8
661 3592 3
2163 6427 10
1730 3744 1
75 3769 3
4761 6843 2
2407 5183 6
3951 5254 9
549 2387 7
3212 3312 5
1147 3046 10
4266 5775 8
610 5761 3
1719 5573 10
2546 3087 6
3637 6598 8
541 6846 1
2921 6068 6
749 5218 1
1346 5382 1
4859 6296 9
2494 5715 9
1353 4541 5
4779 6573 10
82 3146 3
190 5859 1
4579 5637 3
2655 3382 8
2601 5511 10
1245 4624 9
867 4609 7
1716 6941 5
5121 6485 4
139 1743 8
838 3781 1
3767 6803 4
2802 3269 7
2477 4363 3
2240 5328 6
706 5504 10
1007 5625 10
104 4097 10
42 1636 1
3311 4182 7
4702 5070 5
1748 2339 7
3223 4045 4
2778 6244 2
952 2181 4
2671 2687 6
736 3485 6
1685 5310 7
1575 5763 7
955 4410 10
4166 5740 10
427 1748 4
1915 4118 7
3532 4888 10
2415 5451 4
3486 5360 8
132 1067 3
4984 5226 3
2236 3632 3
59 5997 1
1751 6728 7
1642 4241 10
794 6246 10
2647 6494 7
494 1305 5
2226 6623 1
3204 6561 3
2143 4486 8
2041 3654 5
1697 6739 6
2003 4220 10
1654 6744 6
2012 5729 5
2756 3358 9
2564 6769 3
2630 3724 10
880 1905 7
212 2014 4
1198 3927 8
4211 4415 10
6437 6609 2
311 4672 3
1683 3382 6
4209 6097 5
2721 4420 2
6134 6630 1
1457 3846 10
3234 4637 9
691 3292 4
2760 3943 4
3371 4278 4
824 1351 5
170 5994 1
6375 6974 1
3465 3499 6
2184 4179 8
2917 3630 5
3319 3952 7
1559 6195 8
500 2578 8
3539 5889 8
1123 3931 9
3982 6982 2
4558 6202 8
1924 3003 4
4681 6108 4
883 2969 4
1116 3981 8
3432 5073 4
4248 5048 7
1421 2262 7
1725 3102 3
263 5712 4
1333 3056 10
5434 6488 10
1242 3537 8
515 3436 8
2746 5537 9
2437 3819 8
838 2000 10
5705 6495 4
2616 2908 9
1175 2878 10
1804 5028 3
5622 6132 2
2027 6728 2
5472 6753 7
313 6396 6
2496 2837 6
3461 5589 6
893 6173 7
4022 6678 2
6152 6713 6
2109 2377 8
345 6339 7
46 59 6
3797 5053 8
818 2998 10
1751 2282 10
1196 5909 10
495 1291 6
5470 6410 3
4526 4564 9
835 1157 7
3113 6504 8
4962 5360 10
87 1099 6
4245 5218 9
2801 6097 5
2799 6934 2
1024 6891 1
2526 6308 4
3357 6296 10
2113 3112 1
2616 5270 9
3800 6221 6
1624 6947 9
3236 3252 3
34 6106 2
1038 6851 7
2058 3256 7
802 5409 5
2813 5313 8
3279 5528 1
2465 2532 6
3368 3611 9
2111 2422 7
121 1623 4
1951 2802 10
193 3043 2
5337 6925 8
6044 6893 8
1032 2260 5
1757 4570 7
508 1769 1
4127 4265 9
2408 5477 3
1496 5024 5
2350 5334 7
157 3046 10
2139 5510 4
3177 6896 10
2472 3157 6
4066 4288 2
3088 4422 5
1134 4621 8
5763 6767 9
2210 5694 5
1831 3136 3
2751 6684 6
6339 6578 6
24 2479 4
762 2769 9
2770 3900 1
1197 5793 10
592 1638 10
908 1157 1
805 5204 2
2016 4349 2
904 2664 9
1639 4504 10
5245 6761 8
6395 6849 1
5521 6656 6
1636 2748 8
2761 4814 5
2755 4796 8
2255 4712 1
2786 3202 3
3790 4830 6
2194 5948 8
3582 6642 10
3168 6566 9
815 2823 1
3109 5499 9
3430 5711 9
2256 6863 7
682 4527 7
2709 4926 8
4511 4606 1
903 6660 8
2030 3150 4
1057 1520 2
523 2293 5
1355 3729 9
847 4004 9
1527 3370 3
2434 3489 6
778 1075 6
359 4631 1
2943 4866 5
3171 3296 8
1124 6418 3
818 4066 1
1826 4316 4
1145 3347 9
564 660 8
5074 6660 3
3776 6753 3
46 632 7
3567 3781 2
3362 3675 6
1394 6325 4
693 2067 4
321 2241 5
2590 4930 3
64 6635 10
1124 4169 9
4567 6823 2
4325 5771 3
3378 4867 10
5051 6395 8
3042 6130 5
2087 6058 3
4059 6269 5
799 5219 10
167 5079 7
3671 6104 6
4606 6422 9
2810 4075 4
2350 3535 1
476 1938 4
3597 5198 8
4191 5033 10
3260 4007 9
4466 6014 6
545 2755 7
4165 5110 5
4120 4312 6
2218 2891 6
4449 6060 2
1222 6581 4
250 604 1
5520 6128 1
3658 5958 5
1416 1481 10
4141 4628 2
221 4559 6
13 6158 9
108 3546 8
150 312 9
4481 5637 3
2274 3841 7
3447 4063 9
4433 6485 9
1556 4450 6
3166 4183 4
4095 5918 3
1575 5989 2
1885 5127 7
341 4562 5
1954 5392 7
3352 4633 7
555 4487 8
3829 4369 5
1198 3196 4
1823 6000 6
5108 5768 1
584 5725 2
3114 3616 1
5065 6400 7
539 546 10
1883 5165 4
4132 6781 1
899 6151 4
2333 6152 3
5886 6324 1
2183 4120 10
5298 6877 8
174 2734 7
527 2742 6
5249 6844 9
3832 4299 5
1477 2277 6
1771 3033 7
3259 4708 6
730 3911 1
654 4630 8
647 2442 8
2325 4764 9
304 3619 1
2551 4910 5
1630 6860 4
1902 4268 6
396 1255 4
3285 5574 6
4140 4855 7
3031 3402 2
1484 6623 4
952 6669 8
1595 6424 2
374 2474 5
379 4639 4
2577 6220 9
1643 6925 4
2031 4377 5
43 1415 5
4394 4587 4
2578 5713 5
2654 6448 1
48 3705 9
1510 6298 8
1688 3330 6
5429 6820 5
1002 1622 6
5307 6859 3
6204 6622 5
3489 5581 4
1531 4521 3
1894 6604 6
4743 4970 10
3950 5882 10
956 6291 2
4484 4603 2
106 4067 10
1031 5559 1
4062 4348 6
38 6721 5
4532 5350 2
2218 3341 5
2161 2652 3
941 5544 4
5312 6292 9
3317 6296 3
5106 6714 7
2016 2046 6
1889 3326 2
166 6356 9
3250 5683 9
3665 3814 1
1394 5978 2
215 6507 7
2223 3129 5
4980 5549 2
1975 4576 6
775 6908 4
3584 5524 3
333 6321 2
4731 6144 2
302 3231 2
3195 4471 7
3215 5473 7
163 4413 7
4395 4724 2
491 4833 6
287 6485 6
3945 5575 2
981 4472 8
1254 2103 4
5264 6216 8
3044 6695 5
5941 6036 3
1470 3040 2
608 6699 10
4070 4283 4
2262 5203 4
1508 6659 8
864 2670 10
605 5477 9
1521 4722 6
999 4667 6
314 6082 3
1805 5272 8
3145 4736 7
3002 5617 9
1978 4356 1
189 1074 9
1257 6993 2
544 702 6
2000 2134 6
1714 1958 1
3432 5700 6
2763 6564 1
5473 5959 1
1161 6053 1
1757 6763 10
1234 5747 2
338 5970 8
1563 3488 3
656 1088 2
1277 4880 10
716 6490 1
4806 5664 9
738 4222 4
1586 2676 6
3236 5836 8
2584 6226 3
4252 4961 8
2841 5386 3
660 6123 1
5322 5594 6
3971 5124 2
2302 5347 8
741 2389 8
3396 4961 6
3579 4640 10
1814 3422 9
1014 4242 8
2439 6058 4
2139 2196 8
2441 6902 1
2488 4476 1
5987 6062 9
202 2663 6
2049 6940 3
52 3235 2
1059 1589 1
2987 3447 10
497 2416 10
124 5506 3
1534 3008 6
1917 5520 6
2408 4475 1
2558 4634 8
767 3859 3
741 1496 9
1925 2384 6
4405 5806 8
2548 4619 6
2072 5512 7
1115 1853 4
4870 5418 8
4751 5964 1
45 3239 3
348 633 3
675 4712 1
2950 6559 8
1314 6431 7
2063 6459 7
1838 3776 8
470 5311 1
141 1708 8
4795 5477 5
552 6255 6
4215 6648 4
3198 6832 1
1320 3316 3
5147 6204 4
206 3882 9
886 6368 1
549 4298 6
6438 6845 7
2180 3236 4
4258 5710 2
1287 3277 9
2106 3572 8
708 3006 4
1840 4992 4
1169 3753 3
3681 4316 4
2188 5452 8
308 6368 10
4942 6448 8
2450 6920 8
4022 4411 5
248 4370 5
3493 3597 8
1652 2435 9
2600 4486 3
2454 5236 6
281 6083 7
2584 6145 1
354 1008 1
3593 6566 8
1841 2326 7
194 4121 4
4628 5219 5
3564 4582 9
1972 4384 6
2929 3542 9
2577 6118 1
1490 3640 3
240 6144 9
5460 6029 5
985 4297 10
3344 4484 4
1469 2174 9
2995 6750 4
5939 6478 9
1353 3175 4
5395 5780 9
926 2382 3
1537 3556 9
243 4258 5
1888 2548 9
1454 4343 6
2549 6887 8
3425 5705 10
5879 6565 1
6029 6192 10
3377 6214 1
1317 2194 3
3842 6378 3
1999 6673 4
256 3417 5
4624 5307 6
2470 5871 5
1399 4572 4
5129 5171 2
949 5849 6
2010 4099 10
4539 5028 3
3701 5647 10
2926 6819 4
1042 4883 9
4624 4690 2
3982 5559 7
3671 4373 4
564 3563 4
4369 4710 4
4068 4152 1
2363 3810 5
649 2362 6
3980 4566 9
1068 5273 1
2415 5496 2
84 3927 4
851 1556 6
6213 6368 9
985 1625 7
2807 3568 7
631 1830 9
1743 2967 7
3064 5966 6
147 3732 3
1916 5671 10
2905 6961 10
2427 4466 3
3543 3827 10
3636 6775 10
1736 2125 8
1700 5861 5
3477 3570 8
246 5457 10
6297 6812 5
4311 6994 7
482 1722 5
318 3183 6
972 1498 8
1436 3428 10
63 3760 2
2848 3971 6
4715 5461 1
3622 5913 5
3348 3825 5
2092 4251 6
1893 5333 6
4016 6960 6
224 4436 10
25 4002 8
1622 6054 6
3129 6788 6
3891 4898 10
5464 6391 3
1677 4409 6
329 5897 5
1514 4654 1
5711 5819 3
205 3072 9
112 5349 8
189 6977 4
2357 6051 2
2480 3713 7
736 1036 8
5026 6313 7
4613 5012 10
2647 6118 4
1527 1947 4
109 1185 9
120 3819 8
215 1089 8
2909 5457 8
1141 4504 2
1578 3361 5
1408 6494 7
3596 3619 3
1739 2539 8
228 4622 3
1806 6124 1
2084 2444 7
1702 1791 5
2352 2430 9
4040 6442 4
32 3329 1
4986 6941 7
884 3480 8
1511 3103 1
1794 5110 4
1515 2571 7
398 2072 7
2749 6982 1
1947 2935 3
3393 3583 5
1112 5005 10
2334 5043 2
3196 4866 3
2943 5863 7
87 2060 5
54 6230 8
2410 2874 9
4862 6972 6
1790 3870 10
318 4980 9
3189 5364 6
1167 2136 8
2756 4339 3
4750 4912 8
3729 5843 9
304 2366 10
1138 2617 5
582 6617 10
450 4013 2
4977 6982 5
1299 3951 8
1299 5106 4
1318 4768 6
5860 6967 10
80 6011 10
961 4109 3
4524 5878 9
5575 6786 8
4463 5752 2
3375 5091 3
1065 6794 2
243 3910 5
538 3829 6
1189 6024 2
1156 3131 5
5276 5942 2
708 4824 6
42 4310 5
827 5325 7
3480 6554 4
1999 2767 7
209 1611 10
350 3904 10
547 2067 4
4410 4678 10
95 3113 9
1815 3145 1
2679 4494 2
5853 5878 6
1660 4227 2
1196 3475 9
1752 2554 2
943 6134 7
958 4223 3
2323 2601 10
1344 5290 7
4125 5088 6
199 751 10
1440 4071 7
4402 6959 10
195 3056 9
1124 1318 8
479 4451 9
1518 6332 10
828 6772 2
1494 1959 6
203 4628 2
2825 6550 1
361 5830 10
3766 5074 4
5122 6507 2
5312 6893 7
476 5872 6
232 4262 10
3471 6360 8
3893 5838 3
2298 3258 2
801 5907 1
310 6482 7
4420 6151 3
637 652 6
423 452 5
2353 2676 8
598 1288 6
1910 4988 3
234 6354 6
3500 3504 7
2335 4958 8
1202 6688 7
5184 6821 3
1773 4315 1
1514 5739 2
1357 3855 4
829 3512 7
2446 3874 7
1566 4683 2
1667 3732 7
1839 6195 1
293 2083 3
3462 4952 7
3558 4579 2
3312 4032 7
3135 6589 4
4110 5117 3
3543 6020 3
3907 6988 4
2741 5358 2
2596 2775 3
1998 2592 2
2881 3168 9
2172 6233 4
1587 4397 4
3404 5913 2
2361 3098 10
3281 3666 10
1463 6155 8
4600 4815 5
575 6153 2
1204 3545 9
3632 6985 5
145 4207 4
1342 5295 4
625 3355 5
2334 4209 1
2989 3117 5
1344 2145 4
1808 3506 5
2047 4897 3
90 2939 10
4857 5289 3
3638 3721 2
1683 2586 8
3368 4165 8
1666 2507 1
4114 4322 10
3046 5501 3
256 5765 9
3016 4000 1
930 6009 3
4569 5488 6
1915 6736 3
198 1107 4
201 5071 9
1787 6384 3
2107 2277 8
518 2369 10
2300 6595 7
2276 6251 3
4260 4984 9
357 5998 10
3888 4456 4
3661 4332 9
1725 3020 10
1349 1383 6
1159 3172 7
4171 4898 1
4419 6897 7
15 1457 2
255 3474 10
1088 2773 1
3172 3653 8
1545 2084 1
1095 2047 3
2886 4631 5
1570 2878 4
1442 2080 1
19 6114 8
4195 6755 3
3487 3681 9
5468 6637 1
753 5469 8
867 6545 2
4755 5058 8
1667 3135 9
932 6852 10
2597 3560 9
1936 3497 6
3519 3608 10
1937 6099 4
2793 2877 5
1921 5224 2
4824 6652 2
3835 6594 10
826 1473 2
2121 3004 1
1583 5012 7
3334 5408 6
2449 3023 4
3519 5619 5
281 2311 2
121 4485 7
5578 6079 1
2390 5877 1
2778 5499 1
2481 3275 3
1657 3573 2
2473 4859 9
2197 5942 2
2189 4379 1
868 2688 10
698 6669 3
3600 4458 5
1518 5831 5
3328 3835 1
4126 4701 3
3678 6607 10
324 2074 9
3437 4938 6
2828 4189 2
2755 4111 1
2390 3202 7
3089 4349 7
1659 3596 3
2590 4387 1
5749 6725 4
718 1411 9
369 2553 7
1708 6773 4
1053 3359 6
4585 5679 7
3028 4984 1
2501 3765 7
225 3056 3
3772 4623 9
788 4799 10
1001 1367 10
1287 2867 6
1252 2636 7
136 2639 8
1095 5563 9
4428 6432 1
771 3282 3
2263 2624 7
1344 6452 5
256 3455 8
1961 5343 8
164 5123 2
1074 1376 2
2911 4417 5
3775 5208 5
3771 4131 3
2012 4893 7
1933 2078 6
2721 3605 7
3366 6256 10
4027 6978 2
258 2918 9
2447 4123 4
148 1566 3
2336 6337 4
2929 6765 1
1442 6315 7
2828 5695 5
4189 6281 10
810 2805 1
182 295 2
480 6539 5
1163 2973 8
5945 6101 4
1166 6604 6
684 3832 2
1906 2524 2
4062 5523 8
605 4092 4
392 5682 5
87 3029 4
5053 6479 8
252 6214 9
140 626 10
2381 3564 1
103 4681 2
4184 5598 6
3235 4696 1
2229 3912 9
64 5278 4
907 1260 9
1274 5395 6
5356 5995 8
4778 5519 2
125 920 10
3451 5233 4
4465 5094 9
2776 2835 10
962 4869 10
3786 6309 4
532 5528 10
2477 3456 8
4267 6299 7
850 927 6
1477 4750 8
1584 5859 4
880 4077 3
1765 2668 1
2979 4015 8
2173 4443 7
3434 6414 9
5984 6272 1
5186 6890 4
1305 2419 7
4683 5628 3
3291 3854 4
3398 4972 2
4104 5701 9
4846 5362 4
1627 6313 5
6016 6063 4
5179 5649 4
3307 6518 5
2673 6760 6
3079 3980 1
1207 6702 3
2633 4075 4
4124 4745 5
1980 3178 5
5393 6207 4
2327 4283 1
3246 5827 4
655 4024 8
303 3687 2
1374 2724 1
5315 5751 7
3967 4987 2
2090 2816 4
702 6388 8
556 1542 4
2276 3320 8
6020 6466 5
1490 6591 1
4311 4480 10
4456 6628 1
3995 4103 6
974 4272 3
2486 2906 8
3703 4283 7
3463 5724 8
224 478 5
4127 6656 3
2208 4060 3
1485 4397 4
2673 6147 6
2394 5532 1
1265 2014 3
128 1801 7
1749 5604 2
1760 6159 5
1087 6315 2
1020 5295 8
2264 3188 6
1089 5599 1
236 6124 7
427 3298 2
1523 2313 9
973 6771 5
2665 4182 1
3939 6052 2
848 3875 10
1438 2776 8
1920 2217 2
1082 3316 2
3229 6071 4
2221 2297 2
941 5173 9
2168 6702 4
6461 6610 9
507 3798 5
1098 4891 5
228 2468 10
702 6435 7
178 3275 4
3408 4740 5
283 1495 8
220 4148 1
794 884 2
236 4325 5
2111 4578 5
1171 1907 5
4733 5850 7
4801 6452 4
1767 5014 7
2479 3891 8
923 3403 10
5907 6150 5
1089 4893 2
1312 5701 5
3690 6398 6
2517 6314 8
5556 6347 10
2236 3680 8
2869 6450 5
5551 5795 2
86 781 1
537 1014 2
1687 2947 1
6668 6714 4
4088 6497 8
2217 3084 9
3276 6716 1
79 4097 8
855 2144 4
539 1071 5
896 4634 4
33 2606 1
1188 4833 9
63 4252 10
3249 4065 1
898 1301 8
4631 5687 2
1899 2449 6
3339 5968 5
2800 6144 6
3752 5781 3
5339 6592 4
4473 6962 2
798 6470 4
3735 3838 6
2971 3031 7
726 1298 10
262 2267 10
1468 3516 4
3827 4586 3
3439 4931 7
4234 5072 2
355 4353 1
2924 3425 10
2643 5897 10
6552 6970 5
2843 4935 6
3817 5581 8
2354 3277 4
1184 5645 4
3286 4007 7
3079 5465 9
2369 5225 3
1186 4043 1
577 3681 2
2417 2812 1
86 1203 2
1744 6779 10
882 3669 3
1911 5902 7
2227 2843 2
3467 5502 4
3768 5875 6
1061 3435 1
6604 6923 1
3619 6668 3
2757 6170 8
407 2495 4
1286 5261 8
492 3106 5
1076 4577 8
1011 4363 10
44 509 3
2510 3688 1
2847 3570 5
591 1886 5
1950 2837 4
4223 6206 8
1475 4422 9
3515 5264 1
743 1255 7
3122 5905 7
2131 2794 5
689 2253 4
85 4198 5
2862 5951 5
2736 6242 1
2043 2125 5
146 3138 10
511 3220 6
1647 6925 2
3821 4251 3
1932 5138 2
27 6438 1
1121 2743 9
1436 2405 1
2913 3658 1
677 1838 3
5780 6060 3
2384 6840 1
4453 6185 8
64 2502 9
2528 4011 8
5416 6030 8
2648 4627 7
2681 5021 3
954 3609 7
2687 4664 6
899 6396 6
312 6398 7
4842 6925 10
3854 4495 5
3458 5401 9
1358 5130 3
4010 6442 7
2999 6593 4
701 6992 6
736 5281 3
638 3782 10
589 2549 4
838 3436 1
2344 3248 10
3304 4639 7
3006 4207 9
1996 5878 5
2760 5607 2
413 4214 1
4020 4907 5
2333 2569 10
3308 6611 2
2766 3027 10
4310 6890 10
259 2552 10
3990 4771 8
106 6010 4
5466 5765 3
1107 3902 9
734 3173 3
1769 4624 1
516 4679 9
279 394 10
3046 6121 2
1639 3949 7
1709 6413 3
2739 4237 6
86 4115 9
1862 2645 10
34 4134 10
856 2896 10
4935 6473 9
3782 4578 7
1783 2246 6
4284 6175 10
3179 3263 6
362 2930 3
3267 6168 6
1899 3842 5
2128 3589 7
4924 6512 4
1183 3713 8
1573 5669 10
1297 1508 5
1104 6003 4
5580 6201 10
2625 5480 4
3343 5272 4
3791 5513 8
104 3407 6
4326 4964 8
993 2405 5
838 3461 8
6811 6981 9
312 1280 2
4040 4966 3
658 1044 5
366 4076 8
4517 4655 10
1882 3366 3
648 5987 6
2282 2853 8
2223 2855 8
2640 6105 2
2337 2917 10
846 6441 3
1614 6954 3
1214 6971 6
1728 5047 7
970 5066 1
502 4414 10
4548 6038 9
1247 3229 9
1524 1928 1
5272 6939 4
1728 3547 10
4236 6314 10
2327 2545 3
2286 4035 5
4334 5258 4
455 2871 2
14 3777 8
1861 1945 6
808 5357 9
802 3016 5
571 1237 7
4030 5455 9
2677 4327 7
3986 5148 10
2234 5301 10
1728 6768 9
2842 3216 1
3030 6726 1
2213 2855 10
4636 5248 7
246 3488 5
3648 5288 5
1531 4711 2
3991 6401 8
4541 6288 6
3911 4167 3
3515 5371 5
3149 6101 3
3688 3998 6
1031 6274 9
1566 5079 5
3528 6292 9
3083 6225 6
2733 4763 2
4782 5244 4
6616 6866 10
3008 5019 6
3188 4434 10
2751 4009 2
2328 4518 10
3834 6167 1
3491 3602 3
1655 4506 6
28 3979 7
4145 4592 2
5786 6733 1
1359 5449 10
1104 3187 7
3412 6671 8
824 5412 6
469 3864 4
1501 4342 6
2522 4051 8
1043 5873 8
104 1300 3
3274 4674 4
4588 5361 10
3632 4169 2
760 1586 9
2400 2644 5
1958 3033 3
6147 6251 4
1821 3420 3
2737 3477 7
1860 2815 1
596 1870 2
2448 3136 7
1799 5877 1
1161 6433 7
2018 5991 8
2145 2911 5
4077 5844 10
2650 3081 7
899 5282 10
3354 6834 3
2530 6116 8
3755 4594 4
3457 6171 5
6189 6967 2
47 1847 3
3719 6239 6
735 2782 8
1367 4047 1
3901 6255 7
3498 6141 8
2481 6296 3
1149 6928 7
1759 4483 1
3945 4513 6
3923 4302 6
2913 3351 1
1389 6744 1
3097 3256 10
3344 5489 7
3047 6219 10
3221 5233 8
1251 3473 4
1733 6625 5
206 2336 9
335 5416 2
3112 6652 4
1552 4126 7
2718 3089 10
2390 6217 2
342 3242 8
1863 4418 7
4006 5171 7
200 3378 9
2395 2996 9
2714 3902 8
1152 6276 2
4349 6051 6
393 4649 3
2868 3082 9
1602 5210 1
2489 6294 2
2534 6965 1
1919 5402 10
6497 6950 6
642 6707 8
3892 5409 7
1110 2360 6
5151 5289 4
759 4883 3
2000 2185 10
2042 6328 3
3326 4600 2
835 5834 7
462 4209 4
1710 3035 8
117 2724 3
466 2082 5
1862 2714 7
5467 6963 8
1336 3223 6
2744 6194 9
2326 6733 4
272 2233 3
1124 4780 3
1934 3878 4
527 3385 8
1428 2887 1
1237 2188 8
175 3026 6
394 6404 7
3478 4323 2
3122 6325 2
1555 1960 2
1933 4270 9
567 5389 10
5423 6762 3
3065 4498 5
3368 3460 5
2736 2830 9
110 4444 5
4442 6946 1
3365 4107 8
5577 6801 4
5494 5816 4
1196 5321 4
4 1989 6
4839 4975 1
685 5692 10
1071 5132 1
5178 5229 6
3495 3552 4
502 6073 10
1728 2743 1
1994 2761 2
2404 5170 2
3379 6949 5
6071 6509 1
283 5782 2
3630 5765 9
4679 5986 6
318 6131 3
2283 4048 2
1428 3279 2
663 4530 3
58 6238 2
2444 3777 2
3216 6249 10
315 1063 1
158 2317 6
5826 5830 3
924 1535 3
496 4350 3
221 3567 10
615 6150 10
155 213 3
227 6840 1
4849 5258 9
374 6207 7
683 5208 9
2684 3852 1
3637 3975 3
2261 4244 9
66 4017 5
6406 6432 9
1505 3095 9
1646 4729 9
1760 5823 7
1346 3249 2
4197 6979 9
423 4681 6
1353 5626 2
1219 2329 7
1368 4154 3
1476 2230 5
4613 5304 2
968 4208 4
2183 5487 3
57 2914 10
3452 4324 4
216 1924 1
1959 3784 2
453 4052 6
985 5715 7
3267 5401 9
53 4429 10
2143 5116 10
4141 5087 5
118 1373 8
379 2237 5
5302 6516 1
984 1463 3
1807 6541 2
2104 6021 3
3642 5740 2
4997 5845 5
3071 4910 9
6168 6467 1
6389 6731 9
1172 3136 8
742 5593 10
281 6073 7
1172 4611 7
1717 2539 9
947 3089 4
1069 2788 1
4021 5444 7
6242 6654 4
1903 4503 4
1551 2624 3
2031 4405 2
3366 5364 3
1232 1461 6
1920 3951 5
4182 6481 8
1517 2701 10
1886 4973 4
4260 4376 5
432 1670 5
19 3045 10
6313 6517 1
2105 5876 10
4907 6821 5
4452 6184 1
1639 4232 4
1947 4516 9
5002 5420 2
1859 5840 7
1229 6432 7
6123 6601 7
1510 2625 10
2350 5552 10
2330 5268 2
810 1352 7
657 3907 3
4610 5794 10
529 671 8
2458 3965 2
773 4804 8
881 3300 8
1791 4586 8
4852 5252 6
1480 1615 6
1255 6287 6
3974 4312 1
703 2635 5
613 6140 3
5337 5586 7
822 6158 1
861 2552 4
2340 4356 3
4661 5388 9
2731 3322 4
3852 5814 2
1433 3701 5
3296 6618 2
4282 5293 5
939 6096 1
1092 2484 3
596 4114 4
2813 3599 8
1624 2606 4
3672 5850 4
575 1317 8
1877 3809 8
230 3944 1
1105 3535 4
1775 3359 4
1509 6627 3
424 4686 6
4155 5798 5
2367 3848 9
1258 1513 2
292 1223 10
3416 4653 1
3694 6646 7
3896 3920 5
2228 4013 7
369 4368 7
5018 5712 4
3318 6457 8
2619 5415 1
618 2479 9
1276 2460 10
5083 6766 9
6643 6715 2
1020 1641 3
2528 4656 7
184 4165 2
2087 6689 2
6617 6749 10
4411 6664 1
1953 6842 1
994 3595 10
1828 4734 5
2643 3844 2
610 4174 3
828 2133 9
4477 5061 1
3190 4186 10
710 2109 8
3277 4662 9
3314 4457 4
2099 5729 6
1383 1907 9
600 4390 1
1447 5135 9
1737 6357 9
3625 5807 10
6289 6450 7
1658 3484 10
2987 3081 5
5663 6045 8
3602 6579 3
1711 2827 1
822 5304 4
2831 4185 6
542 2499 7
1321 2789 9
911 5351 2
1352 2218 9
1358 6329 8
1886 1993 5
5389 5911 8
4643 5375 1
2902 3784 5
841 6726 4
295 670 6
1710 5622 8
701 1684 8
324 1800 8
1453 5441 8
3724 6759 2
3556 4068 3
1776 3765 9
2659 6398 10
4166 6585 7
2632 4012 3
725 6397 1
1711 5738 8
879 6594 1
2475 6045 3
1350 4945 7
495 2181 3
1008 5883 9
223 1374 2
3091 4958 4
4482 5576 2
2886 3797 4
3813 4647 7
1828 2410 3
3023 4550 2
3295 3805 9
3636 6587 7
1503 3571 3
4648 5989 3
457 5319 9
1276 6199 5
3024 5624 5
3359 5234 1
1821 2669 5
3610 6155 6
121 3011 7
1743 2933 1
5387 6923 8
3362 4579 5
1559 1859 8
1696 4550 8
3647 3810 9
278 3069 2
4855 6961 5
1998 5200 5
254 3204 5
2013 2019 10
454 6712 4
388 5348 7
473 1523 3
590 2661 4
3811 4956 2
895 2158 2
771 4088 1
2125 4993 8
218 5231 7
1190 2190 2
3575 6645 1
698 4903 10
2336 2607 2
1349 4838 10
2664 3287 10
2316 5351 1
1440 2887 3
1026 5910 2
2627 5671 5
2353 3903 3
1920 5643 10
1086 6154 7
1731 1937 3
1558 2794 3
1690 1820 1
5194 5921 10
2050 6616 1
3305 6122 3
174 6116 9
1589 3688 9
2621 6005 9
570 1147 1
4320 4665 7
2290 2981 9
1097 4405 9
492 2450 6
3241 3387 5
968 1038 9
1710 3560 10
2353 3694 6
685 2790 5
5702 5765 6
4413 6211 5
913 2722 1
3858 6727 4
238 948 1
4043 5098 6
3191 3776 6
16 2834 2
4874 5371 2
2196 5856 4
2312 6920 2
572 3486 5
2831 3722 9
1546 4334 8
2802 5657 3
2402 6473 4
1182 1186 2
614 3738 10
4906 5907 9
3286 4057 2
58 638 2
423 3748 2
1583 1725 6
1961 4663 8
371 1848 8
386 833 4
1586 1805 6
715 3420 2
2927 6030 9
399 4430 4
370 3901 5
2296 3559 9
3572 4815 4
2169 6867 2
4581 6019 7
1276 2384 8
13 5006 4
2859 6505 10
265 3805 10
6477 6934 9
334 3576 2
3212 4323 9
2798 6799 1
3213 3538 5
554 2713 6
132 851 4
3237 6009 6
955 2878 8
1161 3158 3
2511 3166 5
3574 5082 2
1312 4726 9
930 3050 9
1056 3179 3
3356 3946 5
1053 3168 1
1551 2413 7
3670 4467 6
5270 6415 9
1920 6978 7
744 5579 9
381 2787 6
2962 4150 8
3023 3437 1
3857 6050 9
2643 5947 2
159 1063 10
1333 2071 4
5315 6900 3
1319 4572 9
4564 6708 1
1245 6147 2
2532 4934 8
2487 3158 6
3814 5201 5
3836 5887 9
4068 4261 3
2488 3713 3
2567 4497 2
6378 6430 5
2285 5064 2
1169 4350 7
4956 5448 8
788 2220 8
2770 4890 7
2305 4610 7
1601 4820 2
4279 4504 8
1215 5674 6
205 2925 7
2418 3182 9
1229 1863 3
3700 4732 6
49 5125 7
68 2579 2
1654 4843 2
3881 5755 10
4412 5961 2
3653 4712 8
6228 6922 5
2058 2619 4
90 318 2
2944 6382 10
2402 6257 8
4620 6671 4
2117 4415 4
2714 3501 4
4108 4905 9
2425 6486 10
1433 2815 6
3752 6737 2
2794 6230 2
825 5235 1
2272 3904 7
2702 5492 6
68 4226 10
248 3766 10
1528 4500 8
1868 2882 1
2784 3869 9
411 2256 10
3286 4805 10
4642 6566 4
4496 4500 10
2529 2689 6
3499 4813 10
2010 3940 5
3690 6053 8
1359 1502 4
1508 2686 2
460 4889 8
3021 5549 3
1337 4117 5
2297 4261 10
4837 5906 7
4002 6263 9
384 2593 5
79 454 4
648 4964 2
6252 6819 8
1446 3572 1
299 3183 4
81 3776 10
2367 3441 10
851 4808 4
2603 5595 10
651 4878 8
1704 4725 1
2181 5213 9
5326 6477 1
2186 4809 4
867 4342 6
2344 2696 6
2355 2981 7
3610 5732 5
2656 4267 9
411 4119 8
2979 3396 8
1666 3954 3
532 1314 3
1789 2921 6
692 5121 5
841 1182 10
729 1872 3
1066 3207 8
1460 6776 10
1579 4753 6
5138 5540 2
2066 6657 4
4829 6410 9
4019 6900 6
3672 5704 10
2116 5457 6
2074 3679 8
647 2618 8
1236 1590 7
2687 3347 6
471 2315 1
1910 5228 8
1752 4536 3
4743 5552 3
1239 5724 10
4084 4447 3
1855 5842 7
1 1129 2
1772 3890 5
1139 2222 8
4625 5664 10
704 5658 1
1057 5977 1
2174 3612 7
3512 6670 1
1091 3205 2
1229 1945 6
1058 3632 3
3736 5084 7
1060 4874 3
167 5283 9
2809 4083 8
2639 3519 3
2592 4513 8
43 3850 4
2021 4354 2
580 1700 3
226 5411 9
1375 4716 9
397 475 3
2022 4751 1
1098 2281 5
552 4611 6
2763 4440 3
4609 6005 10
4851 6813 6
1058 3585 6
365 2754 2
2003 6163 1
117 620 4
3812 4474 10
3487 6131 9
1608 5470 9
3150 4465 1
1387 3060 2
3229 4106 1
2882 6421 10
4609 5657 6
2188 3217 8
4286 5736 3
25 1344 9
1713 5973 6
2962 3038 10
4932 5819 1
1428 5880 1
1957 4119 1
951 3732 3
6066 6683 3
1014 4384 9
2194 6226 4
3172 6381 10
3083 3213 9
641 1111 8
2028 5606 1
5450 6217 4
951 3328 5
2294 5424 8
3620 5663 10
4027 5207 9
5715 6403 9
1634 4135 2
2658 3145 3
2272 5871 4
1941 6819 8
4552 6826 2
1501 2535 7
342 1852 5
133 3014 9
3448 5345 6
494 2222 9
3990 4435 8
3108 3272 4
2877 5316 6
955 2430 4
4369 6196 6
250 3516 5
203 3860 10
3890 6913 1
5969 6322 1
889 2142 5
5590 6397 10
2130 3375 6
2262 2277 8
551 6894 5
1122 5475 2
4168 6883 6
1512 6145 2
58 2545 6
2830 4116 1
5548 6300 4
1133 5413 2
670 6211 4
1889 2566 10
3769 6345 7
2075 3048 3
384 1043 6
3478 5831 1
3389 3658 6
3323 5781 3
2971 3428 10
2543 6797 3
2388 4964 6
76 656 1
1057 3594 7
4707 6401 3
458 4339 6
1864 2219 9
3858 4158 5
763 4395 10
683 5843 2
2570 4244 10
543 2736 10
6108 6995 8
307 1546 6
4880 5593 7
3624 6370 9
4974 5572 8
2021 5535 1
4280 4628 7
122 3359 1
5 4275 5
1173 2491 7
2535 3570 6
197 4321 10
3563 4952 1
3618 5516 2
2378 3918 3
2165 3856 8
2532 6098 7
4447 6232 10
578 5616 8
159 5867 6
3183 6249 6
3122 4201 1
1771 2913 4
1575 4214 2
6269 6692 8
1957 4342 8
805 5867 6
2058 5588 2
1476 6726 1
3860 6538 10
261 3573 7
2856 5149 7
753 6385 6
642 1229 1
1358 3605 8
5205 6707 1
932 1939 2
1179 3043 9
3561 4892 8
4560 4880 9
502 2236 2
2257 3457 6
289 5567 5
629 6506 4
2535 3805 7
4241 4693 2
328 432 3
3896 6106 4
5621 6745 4
1678 6736 7
2115 5012 8
2767 5958 1
333 2790 7
2574 3048 7
456 1691 3
2189 5009 7
911 6795 8
1608 2341 8
2130 6275 8
1478 5312 1
391 5676 3
3795 4383 3
2332 2789 8
3207 5576 10
2212 2376 8
248 1255 1
1181 4387 7
4181 5670 2
773 5177 2
1629 3098 8
884 5321 10
21 6052 2
4814 5623 7
821 4537 9
4748 6484 8
991 5908 6
2381 4972 10
401 5402 10
3536 4185 2
2141 4385 4
1185 6461 1
2362 3906 8
1445 1684 1
658 5524 4
2202 3911 8
5227 6160 1
2628 3987 3
996 4589 7
277 1120 1
3003 6174 8
5277 6029 4
567 3244 5
308 5957 2
1561 2282 7
3558 6835 10
1329 4391 7
4071 4605 9
235 3514 6
1326 5476 9
3711 5592 10
201 293 2
2770 4663 2
3459 6103 10
4972 5455 4
816 2253 6
4337 5765 7
224 2158 1
2232 4507 4
4181 5671 8
3516 5048 10
5714 6161 3
1298 5509 2
1398 4070 2
2053 5723 2
6243 6755 10
283 869 10
1627 6732 1
7 423 3
1028 4668 5
4032 4383 5
3230 3590 7
485 4073 5
3010 3109 3
1464 4738 3
5633 6242 8
2870 6569 2
2275 5816 6
5343 6263 9
629 4479 6
2991 6852 9
6233 6662 6
758 6988 4
874 1372 2
3536 6004 5
1082 6563 5
1887 4495 3
4623 5800 3
1883 5940 7
336 5773 5
6143 6896 7
445 2487 8
2240 4784 1
2721 4920 8
3330 4027 1
2691 6870 4
433 577 8
240 2623 9
3519 5857 9
1034 1660 6
1204 6672 1
1438 6746 10
4252 6425 4
1356 6113 1
2079 2200 5
832 6171 6
1779 6298 2
889 4122 4
2249 6215 2
764 2306 6
4354 6478 8
1643 5368 3
3099 3364 5
50 2446 9
151 1805 6
717 3643 4
2286 3177 8
1357 2400 6
966 6078 7
116 3671 4
1310 3004 7
3889 6347 2
225 3557 1
4067 4724 4
992 5074 2
3032 3119 2
2035 6110 6
813 5016 9
3880 4611 9
619 3345 5
1288 2304 1
3502 4248 1
6224 6369 10
1965 5465 1
2555 3802 7
335 2771 4
1792 6177 10
849 6759 2
864 2587 1
29 3396 8
3635 5083 6
1407 6269 9
930 2086 10
5816 6409 8
3010 4423 1
288 1221 9
5371 5563 8
3882 5065 4
1682 5240 3
4007 4382 3
2210 6063 7
1123 3272 1
2099 6876 10
2053 2645 9
367 2041 4
672 4761 3
926 4322 5
5564 5860 10
1434 2232 5
2221 3755 3
4447 5434 5
1713 2084 1
3477 6123 8
4567 5160 6
2378 6148 7
1309 2053 1
2187 2778 9
2599 4922 7
2545 4557 3
147 4154 7
757 4968 9
1423 2475 4
2605 5611 5
1571 2633 5
3558 6744 10
4514 4571 7
2000 5256 4
336 383 10
3367 5071 1
5910 6152 10
630 5991 6
1798 2715 5
2620 4845 2
1594 3611 10
2318 2570 2
2425 3568 7
3522 4595 2
6296 6894 5
2615 2892 3
2593 4370 3
776 936 6
134 603 7
873 6046 6
1807 6699 7
3712 6478 6
4138 5326 7
2580 4952 7
474 3225 7
270 737 7
1746 3169 5
546 3516 9
3123 4206 4
4915 6751 8
315 5773 2
2130 4221 4
4340 5793 5
4596 4998 8
1421 5843 2
4032 6712 6
6234 6465 3
1436 3627 1
2596 4662 2
3352 4218 10
3751 4309 1
3573 4733 2
863 3723 7
4743 6763 8
1802 5157 8
2147 5795 10
319 1187 7
86 4603 3
763 1764 6
3037 6031 5
2788 6702 1
1911 6180 7
5090 5937 3
2420 5728 6
5906 6393 10
5151 5923 5
3180 3631 5
2099 2720 8
72 447 2
914 6462 10
1454 4975 4
5727 6539 10
818 1865 10
3218 5440 3
1800 1865 3
1172 3614 7
592 6946 10
652 3032 7
2415 5493 6
73 782 6
4356 5371 3
1325 3898 6
43 2328 4
1080 5092 1
1575 1595 7
804 6860 3
2848 3149 9
2650 3720 3
4478 5371 10
784 3468 9
4663 5630 5
2830 5447 1
136 274 6
304 6117 5
267 6140 10
166 5388 7
2156 3283 4
1402 4663 9
915 1405 4
6815 6841 7
3439 6000 10
3986 4499 7
507 854 8
1112 5934 9
4627 5313 4
1852 3661 2
55 5127 2
2558 6050 4
3315 5168 9
1321 4086 6
4546 6511 4
2510 4112 6
2456 6773 7
5862 6781 2
251 6031 3
1999 3577 10
948 3513 6
401 3703 3
516 3104 10
4439 4979 9
1194 6836 4
1588 3207 10
725 6593 7
251 6392 10
742 6498 2
983 2630 6
830 3354 3
4316 6162 7
440 3987 1
546 941 7
1588 3911 5
300 842 8
984 1289 6
545 1586 10
92 5370 1
6486 6799 6
2102 5418 8
3582 6694 10
1058 1732 9
1157 3318 2
5356 6191 2
683 6310 6
4208 5297 1
716 3753 4
1015 3772 1
137 6903 8
7 6335 2
3004 3873 1
1078 3918 8
2017 3929 6
2791 2803 10
2178 3682 6
1547 4716 8
3979 6852 5
30 1953 10
355 1181 6
1855 6206 6
759 4526 1
933 1679 4
1511 5548 2
663 5714 5
1746 1797 2
1380 2728 1
3273 6317 1
934 3096 2
128 3684 4
864 1761 2
2165 5323 4
1733 5853 2
5469 6144 6
423 3119 9
6309 6326 9
3115 5862 9
764 2062 7
1140 1729 8
3697 4561 7
4675 5392 8
889 3644 7
1172 6580 6
4047 6597 6
25 1923 2
4785 5668 5
1546 2325 5
5852 5919 6
174 2552 6
2268 2747 8
4633 4922 7
602 2711 10
193 4632 6
83 6575 5
650 6483 1
1822 2065 1
5032 5934 6
3854 6416 7
415 2212 3
3717 6890 4
4374 5145 4
4146 4950 8
893 6272 4
1750 3776 1
896 3274 3
111 6753 10
890 2327 1
1422 4139 4
1816 3006 1
1097 4407 8
1140 6041 8
5721 6663 5
2928 3371 6
2079 4309 7
2118 2313 5
2144 4148 6
3141 3387 4
1441 5595 1
4500 4856 2
484 1960 6
1578 1655 10
1779 6832 8
1544 6705 10
5653 6139 1
557 5655 10
60 4578 8
2455 4682 9
2256 6593 8
366 1615 10
4908 6947 7
2142 3274 8
1737 3593 6
1672 2674 6
5017 5444 2
4771 5269 10
3023 4632 1
1015 6854 9
2324 6430 7
4723 6747 9
3702 4783 10
5381 5390 4
1821 5879 6
600 5593 4
135 558 10
2983 4838 3
725 4980 6
1901 5120 2
980 5393 9
4483 4796 6
1879 5598 7
755 4687 2
6298 6943 9
2599 4338 3
150 4647 4
1622 3147 10
2027 3360 9
1860 5986 4
953 1014 5
2696 3809 10
5905 6691 9
2482 2754 5
13 2378 10
171 3456 9
20 5330 5
4029 5731 2
1257 5276 3
105 5435 1
633 1635 4
1455 2399 5
2036 3874 10
1137 2611 10
2639 6063 5
778 4996 1
501 731 7
3579 3799 9
365 3036 6
1054 6641 4
3008 6032 8
2144 5737 3
3419 6940 9
3365 4715 2
3084 5924 4
1145 2254 10
3955 6790 2
295 1263 5
4834 6056 2
827 5175 4
1571 4170 6
530 2317 8
5348 6956 9
3464 5533 3
729 4341 5
3172 6482 3
2552 2800 4
299 1992 9
1181 1910 9
1333 3708 2
826 5718 10
4574 6185 7
3948 5264 3
1899 3728 2
3822 5522 8
2490 4427 2
2487 3708 7
1030 5627 2
480 4881 5
3895 4959 5
144 2500 2
819 3879 10
112 5439 2
4305 4481 3
3750 4341 9
1208 6940 5
792 4374 6
3996 6529 3
2876 4425 10
1326 6290 8
3656 6931 6
911 1879 10
69 951 3
976 4694 1
723 3491 4
743 4422 3
4453 5450 2
2482 6773 3
1079 2506 1
583 1883 5
1871 4634 4
2038 2767 8
730 4443 5
5117 6005 3
4593 5503 6
2811 3219 10
262 3176 5
471 3320 7
5559 6760 9
1936 2874 8
2 3191 5
664 4101 5
1651 6204 5
4133 4969 1
186 2125 3
3555 5910 1
1076 5484 3
1404 4095 3
1163 4003 5
6438 6861 10
914 2170 8
2052 6682 2
3282 6984 9
2114 5041 4
2889 3495 6
1254 6926 2
1303 2340 6
1338 2566 9
65 1262 1
4134 5731 9
3668 3719 5
3242 4075 1
3952 4282 10
289 2715 3
1945 3934 10
796 6536 6
3839 6755 8
744 5617 2
329 1639 3
2424 3334 10
3391 3930 2
2251 5375 7
5180 5477 8
11 5989 2
182 761 5
3642 5337 1
1046 1109 8
6466 6925 4
799 2644 3
2412 3142 4
2168 2648 8
4644 5730 1
2048 6729 2
961 1285 10
3102 3468 2
149 1643 4
515 2699 9
1440 1947 1
418 692 6
52 3970 9
3181 6384 5
4373 6483 3
2932 3799 7
3320 6636 9
4497 5110 8
789 2643 5
901 2978 9
1588 3701 3
1237 4259 10
1552 2303 9
147 625 8
2050 3189 7
1514 3097 8
5066 5239 9
5503 5919 1
2507 3451 10
5015 5256 9
4732 6013 3
2164 4427 7
2642 3979 9
1416 3646 10
3540 3869 1
2083 2722 5
312 4789 5
1876 2148 3
3512 6045 10
2797 4748 2
3425 3803 6
3685 4650 5
38 3493 3
2037 5068 7
3695 6896 1
1163 3333 10
4503 4617 8
985 4233 9
87 567 6
4199 5979 2
1742 5188 6
419 2554 3
618 5019 2
4687 5044 7
700 4052 5
2615 6586 4
4024 5328 4
251 2450 1
4773 4920 9
1467 5489 1
802 5035 10
50 4432 2
3076 5058 7
350 3424 9
3726 5226 2
952 2269 2
3012 6758 1
574 3338 1
1086 1860 2
1336 6405 5
2538 6693 6
2193 3414 8
2175 3921 2
2267 5900 2
233 5384 3
4226 4636 9
3658 3809 8
609 6164 6
3248 4391 7
509 4320 8
367 5566 8
4426 5887 2
1774 1999 5
719 850 6
2018 6477 3
617 1341 4
4416 6471 1
845 6816 9
2587 4433 4
2060 6467 10
5110 5714 3
2314 5833 4
1764 1925 8
2376 4430 9
1767 2781 2
1530 5022 7
4030 6626 8
1095 3066 7
986 3515 4
406 6786 6
3286 5376 2
4091 4565 2
4753 6403 2
1239 5189 6
511 518 1
6366 6507 5
404 4016 6
2798 4582 9
4482 6542 8
1812 3657 5
3133 6114 3
4555 6351 2
3380 3469 9
463 4710 3
253 3014 7
1471 5130 10
100 524 7
319 6423 2
1128 4376 2
1860 4228 7
3750 6977 5
3245 4230 1
1381 1603 10
2474 6169 5
3596 5761 1
1846 5311 8
675 3198 7
998 2536 3
4047 4988 4
1436 4829 7
3402 6014 8
501 1960 1
4170 5311 7
4571 6303 1
3082 6396 1
5958 6484 10
3131 4240 1
149 3605 3
825 5844 3
1131 6592 6
417 5705 3
3006 4561 9
3203 6147 1
4228 5095 1
3136 4889 5
839 5062 5
2035 6167 3
316 2380 8
1280 4769 7
6035 6458 2
2103 2703 5
3107 5840 8
3490 4345 8
3577 5958 9
2574 3609 2
2987 3170 5
638 2161 9
5382 5440 10
3061 6818 10
2918 5472 9
1039 3230 7
3631 3733 2
4941 5114 8
2080 4681 4
1973 6318 6
249 5929 6
924 4295 9
2156 4449 7
755 4743 3
642 5153 8
3711 6638 1
3521 5659 1
2303 3039 6
3245 4182 1
2707 3977 6
3650 4829 10
2025 2862 1
1982 3963 9
1555 4072 1
2119 2492 6
3193 6472 5
4673 4930 1
1212 3268 3
2191 5733 3
937 1031 7
4052 5790 7
3061 4477 2
4672 6721 8
1499 2567 5
1749 3949 1
4321 6570 5
4608 5643 6
2935 3163 9
4196 4401 8
675 5460 3
852 2804 7
732 3424 9
1425 4769 9
3833 5596 9
1611 6494 9
5019 5799 1
76 2978 2
1707 2383 3
6207 6663 7
2314 3059 3
1958 5829 10
631 1468 8
146 4157 9
4722 5312 4
873 1500 6
3067 5912 5
1751 2733 4
1487 6122 6
1759 6671 2
1828 4740 6
1460 1792 1
3430 5007 10
241 6434 1
4132 6263 4
3640 6983 9
309 3373 5
4204 6530 8
996 6160 6
2013 2682 8
5480 6105 2
403 1083 10
22 1454 10
623 3764 1
992 5617 3
739 4350 5
5104 5139 3
1720 3606 4
2511 6210 5
2951 3281 6
1749 4758 2
4718 5734 3
1252 1948 4
1286 2020 9
4605 5904 7
990 6084 3
4414 5533 4
4486 4783 7
288 3345 3
2718 4577 4
1649 6368 4
3508 3624 10
2164 3145 8
644 5111 8
1967 2951 8
2555 2780 3
4303 5125 5
959 5554 9
279 2184 7
2443 4608 9
799 4937 4
510 1014 8
830 5858 5
3487 6693 10
773 4948 8
297 3031 3
2506 4795 4
4638 6804 1
3237 6754 6
75 4601 10
3891 5765 4
784 1004 8
3144 6556 6
450 3160 2
3427 6393 4
1236 3616 3
189 1735 9
2074 6646 4
2011 2944 10
1971 2178 4
4408 5720 10
4612 5526 6
2791 6023 7
4597 6087 6
1636 3353 7
1676 2561 8
208 4592 5
4132 4515 4
4848 6682 7
2832 4950 6
2516 4010 3
4432 5119 6
376 2355 9
1027 1099 9
634 3218 5
774 3139 10
3858 4541 4
2776 6390 2
4468 5380 10
4512 6525 1
978 3685 10
3378 5084 4
512 4223 2
1811 4305 6
3446 4476 1
56 3915 4
765 2878 7
1115 3865 7
1639 5330 5
4517 5518 9
1740 5507 6
2017 5891 9
6616 6656 1
1887 2270 9
975 1755 1
4129 5717 10
1282 2878 10
5953 6423 9
2657 3976 9
635 3775 1
3502 6359 8
1308 2964 9
37 2092 8
2950 4672 1
1489 2212 10
2638 6578 4
3688 6356 1
672 5246 8
3409 4924 3
1416 2779 10
1377 6806 4
364 3453 5
3834 5375 4
1387 6582 5
21 545 3
5678 5904 7
335 2942 5
1678 2619 2
4695 4971 4
1767 2729 1
216 5085 2
836 1970 3
1108 3346 2
2046 3996 1
2399 5041 6
541 6188 5
2440 6307 6
1865 2344 2
6343 6831 7
1433 2406 2
1999 4314 3
1024 2841 4
4434 6875 8
6227 6740 8
228 4088 2
1834 6890 10
1181 3827 3
821 2522 7
1243 3172 4
845 4805 9
1377 5539 7
2801 6519 1
2284 3986 7
396 2322 2
1315 4836 10
1072 6559 2
470 3168 4
1595 5722 1
138 5675 4
1129 2667 4
4209 4636 8
2064 6211 5
3638 6345 7
2466 5420 1
1642 5680 9
3747 4756 6
2918 5124 1
37 6944 8
2375 6123 3
4915 5905 7
1433 4054 9
1999 4825 10
2031 2660 7
2214 4885 3
517 2188 3
6261 6501 3
707 6309 10
3765 6306 3
3243 4868 5
1480 2493 7
3173 3202 7
1112 4445 6
3021 3160 9
1735 3088 2
4012 6166 5
286 3456 9
660 5684 7
2509 6281 1
3382 3846 6
792 4486 2
1147 3159 9
1959 3324 4
4824 5793 8
438 2900 10
1149 2732 6
268 3314 9
916 2629 3
1274 4498 10
1013 4648 2
1889 2760 10
1121 6214 5
2049 2281 2
3708 6879 9
3884 5631 9
1197 4438 10
2015 5089 3
1607 4003 10
1016 1377 3
2377 4502 2
2330 5541 1
1824 3758 8
753 1264 5
2902 4004 1
3199 6720 6
4825 5292 7
103 2486 6
6336 6435 2
2172 4169 8
3038 6173 9
2082 4783 5
2344 6619 7
3124 5991 9
622 1550 3
629 857 5
3632 4743 3
653 6194 5
989 1973 7
2442 4665 2
444 6632 3
4537 6320 4
1446 5395 1
5673 6941 2
792 3002 5
1779 2758 7
5248 6585 3
2480 3456 2
2071 6366 4
3375 5881 4
776 1985 5
133 5679 7
343 2930 5
3272 6125 5
6617 6635 10
294 5398 7
417 2440 6
1835 5871 1
2001 5431 1
2215 5045 2
522 6577 7
2503 6768 7
4287 5763 4
2619 5866 1
127 131 8
239 3068 5
3572 4055 4
12 4962 3
4624 5070 9
2806 3844 1
3093 3900 6
3676 5074 4
2157 4126 10
3612 6680 7
3541 3760 6
430 4934 8
2264 4171 3
415 4962 4
888 6035 1
1382 6339 2
1296 1733 10
4382 4918 4
2978 6410 3
2568 3476 9
2784 6963 4
327 6281 8
1183 1875 3
1020 2873 2
625 6564 3
59 1424 5
358 4965 10
784 4693 10
2089 2768 7
4892 5382 2
1728 4690 6
5418 6706 9
879 6833 3
1487 2303 3
2021 6201 3
5521 6009 6
2610 3493 8
555 1103 1
450 3861 9
3349 6668 6
3143 5344 8
343 728 3
22 2773 7
3989 4076 2
5899 6030 2
15 4227 1
2395 5189 9
4709 5006 7
834 2844 5
563 3641 5
4258 6570 8
5213 5812 6
4417 5390 4
641 2192 3
980 4824 7
101 3328 4
4135 5676 5
628 1111 1
1119 3207 10
787 3841 8
2117 2415 8
848 5542 7
4740 5474 1
658 3276 10
208 4135 9
3053 4281 1
1290 4556 8
2263 3979 10
2222 3629 8
269 3506 10
3662 5999 10
1534 2411 9
2833 6892 10
3347 6671 4
3102 4770 6
1022 6473 5
2312 5894 3
2755 6227 1
1965 2914 5
2533 3075 2
3515 4474 8
3199 5496 4
887 5865 1
3242 3591 3
645 801 10
3477 5842 9
1375 4192 7
4308 5639 10
4291 6067 7
2828 4272 10
5797 6518 6
178 3770 5
1942 4784 4
1044 4376 3
1736 4237 2
4217 4457 4
18 3402 2
1220 3404 7
761 1658 5
291 3891 8
2032 6104 4
521 4608 1
992 3752 1
4343 4754 4
3003 5453 8
4173 5007 10
582 2145 6
1329 2549 6
5442 5934 5
2233 4113 2
4684 6830 6
1684 3083 10
5481 6045 4
752 1045 10
5082 6088 9
1291 3171 10
1907 6395 9
2237 6677 9
5034 5255 1
588 2186 7
5358 5823 6
3318 4253 5
2462 4802 8
4320 4492 8
4137 6156 8
521 4401 5
263 3464 3
1425 4591 1
890 977 7
1222 1264 5
1526 3744 2
3138 6590 7
1247 4097 10
5081 6368 1
1704 2971 7
3072 4494 3
2972 3187 5
3503 6166 1
101 5018 3
696 4812 3
2024 5480 1
837 3867 10
4422 5265 2
742 5426 7
4071 6567 9
1174 2352 3
1046 6842 6
3057 3686 8
1395 1877 4
3705 4913 10
648 4066 6
47 4570 3
702 2345 7
3575 5723 2
3451 3500 7
775 1967 8
1912 3131 8
4210 6473 5
2107 2808 1
1547 3461 2
1900 6957 7
2386 4045 7
808 2180 6
3656 6814 5
3640 5169 10
1687 6999 9
1263 2638 6
3975 4923 8
1965 2228 9
1542 5743 10
2290 2550 1
1955 6408 4
1316 2827 5
1960 5598 8
3010 4693 1
677 2487 4
2677 3648 2
1261 1399 1
617 6204 7
2828 6129 10
385 3283 1
3959 4377 5
3102 3587 5
4438 4884 3
3637 6345 5
188 388 1
2763 5723 9
850 2549 10
5080 6118 5
3050 4035 3
1854 2156 3
1219 3393 3
2011 5972 1
5451 6281 7
4959 5314 9
2087 4752 6
1160 1196 4
4259 5526 9
1265 4868 2
643 2368 5
472 3935 7
77 6584 2
3401 5153 6
2870 4693 4
2764 3726 4
166 2937 3
1186 4087 3
1755 5263 2
4402 4603 6
1027 2472 6
4068 4608 10
3115 4340 8
330 1192 3
2502 3853 6
2024 4070 2
3323 4326 8
2078 2577 8
2086 2216 2
3471 5542 4
142 1683 4
377 2629 4
5289 6911 9
130 4923 5
161 2465 6
558 5999 4
1025 2698 1
1997 5156 4
2575 5071 8
3547 3677 8
573 3180 7
1965 1992 1
653 6319 2
2979 3622 2
1385 3035 1
1017 5707 4
445 1390 1
4801 6203 8
4341 5020 9
2207 6328 2
4581 5094 9
5204 5913 6
110 4769 1
964 6845 4
287 2518 7
2754 2832 9
677 2423 3
2036 3184 7
2360 3071 4
1114 3348 9
1228 6134 9
3222 5633 6
1296 3443 4
349 3248 10
1647 2285 6
1324 1862 7
2245 5820 3
2646 4965 8
723 1012 6
349 6114 7
204 4708 9
258 2886 5
3130 5692 9
5450 5842 5
6493 6958 7
3869 4658 9
4475 6008 5
893 1026 3
3416 4403 3
689 1866 4
1836 3976 8
904 5199 6
1943 4439 5
2023 3262 2
2487 4367 5
508 2560 5
2924 3261 7
151 1109 8
3416 3498 3
3358 5258 10
4544 5939 10
2563 5949 1
3328 6311 6
913 2680 3
3304 5166 3
2647 5939 10
1445 4197 1
2408 2946 3
4826 5193 9
2296 4760 10
2066 3252 5
4601 5305 7
2448 3288 3
1659 3365 5
852 6669 6
4362 5263 8
2170 5398 1
1139 4751 1
148 541 2
749 759 7
774 5526 4
2176 6025 6
670 794 1
1542 5781 7
556 815 5
1356 3960 10
1039 5505 10
136 5570 8
4685 6691 1
2737 4463 7
3370 5835 10
228 2174 3
317 3376 5
2618 4252 1
5 3302 7
1972 3407 10
4181 6539 6
99 4441 10
319 6898 7
2822 4551 7
454 3570 3
1718 4647 6
1038 3050 2
2841 4608 8
2089 2802 2
3340 3623 3
174 4427 4
1780 4464 10
1604 6679 7
1810 1998 8
2736 6278 5
569 3392 3
2368 5068 3
3341 3448 9
4875 6748 6
1888 3754 3
30 6917 6
4649 6554 8
613 6449 10
1756 3954 2
3119 6260 6
2316 4929 1
848 4294 8
132 5975 5
896 6198 7
2536 3479 8
5933 6369 4
4017 4222 9
827 3048 3
365 3616 3
780 1831 9
3580 4047 10
4825 5397 9
970 1152 7
3332 4626 5
1963 3971 6
2687 5075 4
5120 5423 4
908 5739 9
4333 4443 5
4701 5769 2
1974 6219 3
3401 6490 7
4062 6257 1
310 1760 3
2269 2777 2
557 3257 1
1629 4982 4
419 1674 9
486 4476 2
1793 6486 7
4534 5705 9
4847 5885 4
5006 6182 3
3813 3839 6
686 5533 9
454 4479 9
3723 6962 7
1368 4721 1
198 1261 3
565 6594 3
5615 6996 7
2427 5570 10
91 1905 10
5051 5317 1
454 481 3
2480 6814 1
1729 3806 4
2652 4763 1
1662 4103 2
4210 5487 8
1825 2656 8
6332 6578 8
4426 6413 1
555 1956 2
3084 4873 4
264 2848 6
3426 6459 4
389 3010 8
4832 6519 5
1672 2730 9
6031 6691 1
5667 5928 2
4438 5814 3
515 4204 2
2687 3086 7
3284 4372 4
2049 2123 7
3659 4336 5
2372 6890 1
1764 4822 9
1809 3696 8
2346 4433 7
5056 5799 8
4006 4306 3
4438 6401 6
1055 3372 5
720 1572 5
5335 5892 8
5146 6082 7
5585 6399 9
1136 2982 9
2674 6416 6
3033 3090 3
2038 4191 2
1605 4651 9
2822 3540 6
1137 4148 6
2758 3932 10
4660 5583 6
1592 2297 10
415 6599 4
5475 6669 8
936 6697 1
2060 6111 9
3822 6921 9
599 4338 8
2567 5897 10
2357 2548 7
1803 1854 2
3251 4492 10
1169 5987 1
1413 3367 1
2396 3170 1
361 3351 1
144 481 7
1781 4472 7
4524 5185 8
2592 2618 8
430 3507 10
704 6242 8
3473 3855 3
4397 6191 4
3627 6644 3
2601 5782 7
1073 5025 3
2399 6099 6
1798 6112 1
3714 5676 7
2654 4232 6
4791 5213 5
442 6259 2
1572 4128 4
1646 5514 2
3141 5292 2
2204 2827 9
2395 4531 10
3462 4649 5
3466 4724 5
3335 3342 10
2414 2425 9
616 3326 2
5193 6128 1
4177 5477 4
5849 6099 6
2940 3305 4
2923 4993 9
1118 3595 5
2386 6193 1
4252 5546 3
4027 6638 2
2263 6303 8
3667 3738 10
1249 2998 9
4585 5069 6
4839 5780 6
4097 4409 9
4713 6127 1
4357 6504 10
268 5947 3
2013 4123 7
1719 3584 4
2981 6723 6
3856 5710 7
1366 4035 10
1345 5267 10
4214 6615 2
489 3718 1
3913 5165 2
5767 6716 2
2227 5364 4
1743 6965 7
2849 4882 2
3112 4050 7
2806 3444 10
3956 4575 10
3458 6602 8
4648 4989 6
778 4183 8
2369 6798 1
3383 3659 7
1857 6778 5
2368 4061 3
1140 3918 10
1504 6739 6
922 2282 9
2666 3153 10
1159 4578 9
1922 2081 3
1858 4260 6
2665 3782 8
1258 4818 9
4009 4592 9
2446 3044 1
1325 2486 1
4303 4326 3
1772 1851 2
2397 2903 5
2101 3094 7
1629 5232 5
59 469 9
1066 1098 2
197 272 2
482 4698 2
990 2317 7
5365 5657 3
547 1574 8
1749 3535 10
2020 4127 3
2056 4655 5
227 2563 4
3882 5569 4
1064 2787 5
1466 2312 2
870 1564 4
3962 4285 2
3304 3932 10
2085 5896 9
4227 4339 7
2499 5653 2
313 3007 3
326 6012 9
3219 4701 3
5771 6505 9
125 2190 2
940 4793 9
475 2716 10
2478 5083 2
3761 5766 4
4893 5594 4
949 1967 7
2483 6009 9
39 4278 8
4879 6611 2
3509 5250 3
4127 5704 8
2059 4303 8
435 5819 2
1471 4271 7
6436 6620 9
2016 4522 4
3853 6219 8
2039 4221 9
1646 4638 8
4459 5891 6
4503 5157 9
2430 3707 6
4162 5753 7
1263 1819 7
2082 4386 1
682 4834 6
694 4420 2
2441 6387 3
2431 4438 2
130 4028 5
3343 6051 8
3850 5481 4
3407 5410 1
732 3423 2
1933 6359 7
4934 5330 3
793 5443 5
2108 2570 3
381 1556 7
3895 5511 9
1876 5489 2
2833 3941 5
2226 6657 1
1738 3172 4
291 2716 5
1218 3080 8
744 5274 8
3762 5486 6
1801 4489 1
5899 6472 5
1320 1483 9
1641 4391 8
1754 1758 6
2094 2669 5
4597 4739 3
4607 5699 1
2647 5240 7
160 4279 1
3851 5970 5
283 3441 5
1073 2950 8
1495 2388 10
2172 2942 2
1748 4719 3
1119 5583 9
575 3816 4
4524 6176 5
2157 6357 3
5793 6154 3
446 5101 4
3088 3512 6
2046 4236 10
1895 1901 6
1763 3742 4
829 4149 1
1429 3602 5
887 5800 10
829 4286 2
625 6589 10
2190 2400 4
1819 6523 3
523 4974 3
4567 4762 6
2734 4496 7
762 6678 8
2430 5785 4
1437 6759 3
3198 6464 9
1567 3696 1
3867 3915 6
2425 5233 7
3505 3929 10
3996 4148 8
1393 2406 5
2075 5844 8
1028 1270 8
4868 4976 2
4832 5131 4
4651 5431 5
6138 6812 8
4265 5862 1
225 6809 4
3563 5427 3
1539 1958 2
1131 2230 5
4401 5919 6
1235 2542 3
1019 6010 5
1550 5256 10
3072 4293 3
1400 4087 6
1044 6894 10
249 3522 4
3410 5215 5
1048 5387 1
1263 2229 10
4517 6294 7
1525 5553 5
320 5815 6
3319 5574 3
6435 6521 1
2126 2940 10
2934 4795 7
929 4980 1
728 5648 6
281 5559 7
45 5122 2
879 3514 5
4120 4218 8
733 4652 6
1063 5928 10
1982 6325 1
909 1168 3
19 2473 9
709 4630 3
1206 4854 9
773 5661 9
2782 6414 9
2365 6231 9
6259 6478 9
798 3877 2
3055 4372 2
1390 4397 1
54 5305 2
2594 5558 9
59 2429 4
3572 3776 5
1194 1242 5
214 3418 2
3163 6380 9
2008 3507 3
2275 6069 3
539 5354 7
2458 6335 10
3073 4482 10
4105 5757 8
5708 6258 3
1330 3670 4
4409 6067 2
967 2415 8
4180 6902 7
226 1477 7
1677 2715 6
940 2838 5
1917 4057 4
3853 4100 6
297 6376 4
763 1280 8
919 6114 3
2895 5125 2
1913 2551 6
354 1929 7
3416 5830 2
187 341 2
720 3604 3
2506 3240 2
79 2623 3
2264 3560 3
377 6939 1
151 5750 5
1943 6465 5
3736 5210 7
1051 3364 5
245 2032 8
1280 2597 9
71 4167 9
636 2577 10
234 761 1
1353 6915 5
3822 4985 3
438 4438 9
718 4710 6
435 3336 7
2336 2612 9
6169 6575 1
3613 4237 10
2287 4971 4
1899 3924 5
4612 4979 1
436 1304 1
992 5212 1
403 6957 10
1646 5184 2
642 2840 1
6029 6941 8
36 2000 5
2088 2399 7
946 2043 10
2822 3079 5
226 4125 3
674 790 6
4090 6166 10
328 6260 4
216 4552 1
903 4660 10
191 5368 6
2846 2891 6
2377 4277 7
4550 6812 9
2237 2914 2
2223 4441 4
834 2098 5
510 1842 6
37 1340 3
2091 5649 10
1098 2664 8
4240 5374 3
3281 6258 4
1421 2051 5
3313 6806 6
3110 3607 1
1363 1918 8
6016 6316 8
807 1050 4
713 3220 3
1967 6782 5
2716 3984 6
2596 5402 8
161 5230 1
1027 2941 6
4409 6995 6
1459 6941 6
4222 4420 3
1485 4911 10
2232 5113 6
2510 6819 2
2598 4808 9
3491 5017 6
1557 2084 10
2178 4730 4
2766 4379 8
4378 6870 8
4245 5398 6
631 4632 4
1480 6664 3
2386 4755 2
933 3961 7
3355 5806 2
5072 5825 9
3277 5344 2
2762 3736 5
1167 2909 3
5857 6305 5
2850 2863 4
552 817 2
875 955 8
3233 3894 2
918 1577 4
3285 3503 8
6476 6826 2
3954 4609 1
2543 5315 4
2778 5051 8
2402 6575 10
1295 4892 4
1698 3511 10
2880 3619 6
1976 4723 7
522 1664 4
3092 6880 8
2950 3680 1
1037 5736 2
2597 3364 3
450 5427 6
2850 5412 6
891 5869 2
1368 2772 8
486 6906 3
2264 5138 7
1221 6851 4
842 3529 3
1555 2310 8
150 5168 5
782 1442 9
2715 4436 8
3352 6565 1
3628 4511 5
823 4457 6
5669 6349 8
2032 3318 3
1000 3763 3
602 4380 1
612 6175 4
1452 4375 8
2357 5609 10
1553 5841 7
3675 5174 6
3015 6864 8
297 1829 6
6088 6167 5
3188 6529 2
2577 3287 2
4232 5241 3
4996 6639 9
979 1417 5
1022 3531 3
1315 4364 4
164 2132 10
986 4194 8
2481 6850 2
1465 5604 8
1898 3134 5
5035 5727 9
553 6781 2
2396 2785 1
53 2268 6
3613 4783 6
1966 6799 7
3157 3572 3
2913 5829 3
1096 3768 9
2098 4912 2
2110 3771 8
1928 2587 9
3868 5395 9
347 4223 4
2533 5572 6
648 1531 9
4006 4632 1
4455 6361 4
5182 6535 5
3603 4148 10
1860 1980 3
886 6128 5
1251 2165 8
2981 4576 1
3905 5775 5
3659 4423 6
1379 3708 1
2467 4419 3
2462 3129 5
2244 2905 8
3139 6600 9
5037 5987 7
2785 4270 9
4331 4754 4
5801 6174 2
1607 6349 9
5527 6571 10
2254 3937 7
1226 5643 10
2502 3467 2
1613 6098 3
142 5253 9
2368 4439 9
589 3633 5
2930 3981 8
3252 4295 5
782 4390 7
1213 6024 2
861 1043 2
1937 2784 1
1498 2293 1
5543 6378 4
3585 3994 10
1229 6396 5
835 3761 3
1725 3183 7
5547 5755 8
980 1588 6
859 4690 3
316 1608 6
851 3803 6
1230 3873 3
788 4868 4
1167 4472 8
3408 3939 10
3767 6166 9
64 3556 3
4993 5407 1
2513 5126 4
3449 3604 9
3846 5240 1
2745 5878 8
947 4308 3
5380 6647 9
1241 2994 3
3631 5937 8
317 4517 7
3153 5121 6
1637 6259 7
303 2545 1
292 6805 5
5179 5648 3
3444 4222 3
3394 6178 4
4261 4881 6
3068 4514 2
746 4186 7
642 1700 4
2013 5153 9
3405 6935 4
4319 6612 3
45 2897 4
5440 5626 10
2854 3513 6
2187 6148 1
2678 4402 10
768 2524 10
1431 4095 4
2456 2684 10
382 6385 7
1634 3953 3
478 1328 9
36 6903 1
6379 6527 5
2215 3396 5
2732 6074 8
2814 6384 6
3871 5057 9
3763 4862 7
3878 4315 4
493 3849 3
978 2456 1
1995 3011 3
3457 4135 10
2698 6376 7
1917 5974 3
2531 4229 7
3946 6893 10
2239 4995 2
2621 3664 9
3358 3842 1
1648 4605 1
1790 2642 1
2905 3255 1
1358 4651 6
494 2994 9
1626 6460 4
5961 6032 4
3148 6510 10
4767 6131 9
785 1342 7
2157 2924 7
2571 2661 3
106 792 2
1086 3080 8
818 4720 1
2132 3779 8
2630 5146 6
3421 6411 10
2905 5382 9
1173 6351 10
2273 6070 1
1721 6954 8
2388 3945 7
1267 1415 5
2072 3461 3
441 4795 5
615 1124 5
558 2454 2
2750 3588 4
1093 2696 9
675 5398 8
2926 6518 5
4094 6829 4
2139 4680 1
694 1170 7
3910 4174 5
2245 3987 10
500 2363 7
1860 4774 4
761 5942 6
6100 6881 4
729 5547 8
3121 4924 1
1477 4568 1
355 6415 5
3930 5066 7
2819 3955 10
761 2717 3
3635 6796 4
1242 4831 9
143 3397 6
3706 4089 3
2299 6457 9
232 2098 6
671 4818 3
1816 5539 1
1890 5274 3
610 2639 5
477 881 5
291 3506 1
3145 4641 3
1387 1457 6
701 3789 2
741 4988 9
312 4183 1
634 6099 2
81 709 3
400 5747 6
994 3596 10
1411 5773 2
3224 5948 4
4307 5862 7
1000 1171 1
2726 3358 3
3751 4221 1
3653 4332 4
2994 4164 10
109 2196 2
1768 4318 9
2088 2959 3
2862 5166 10
2010 5414 7
2686 3577 4
3658 4924 2
3055 5401 5
758 3852 8
1322 6667 10
1933 3510 2
2414 4575 2
2419 5894 6
3235 3665 6
51 549 5
2429 2521 1
474 3583 1
3081 4540 7
255 5978 6
3592 4816 4
2838 4009 1
3490 4561 8
49 3189 8
1965 2423 7
1321 4048 2
246 1368 5
4864 5354 10
2944 4674 1
3601 5248 7
1381 6399 3
319 1646 7
341 4680 5
1275 3182 3
1330 2224 9
1547 2294 3
18 5100 6
2759 4736 10
253 3084 4
1144 6141 1
1324 1905 8
1101 6053 6
437 5932 8
3369 6247 6
1787 6251 8
4311 4813 10
4408 5948 8
1880 2579 8
4354 5162 10
2772 4646 4
1059 3716 6
1668 6558 6
3646 4145 6
2093 3305 8
1078 3287 8
795 6250 5
1467 6743 5
1805 3808 9
1319 3865 4
26 1934 6
3265 5201 10
257 1245 5
3079 4528 3
3235 3543 9
339 2579 8
2143 6624 4
5112 6987 5
495 4542 9
2055 3190 9
1985 5244 5
3831 5259 1
3044 5443 7
1315 5605 9
1388 5016 3
292 5409 9
978 1217 2
4078 4099 2
2253 2300 9
3194 6973 4
2508 2784 7
326 6984 9
1503 4146 1
256 2604 4
2004 4017 5
1761 1842 5
3422 4847 2
2573 4562 2
5860 6187 4
9 3318 8
1475 5126 8
3550 6165 3
3454 5239 10
3085 3607 8
5167 5616 5
4104 6788 7
1727 3047 6
1333 2999 1
31 5706 7
3856 5537 6
26 2506 6
30 6452 7
1133 4236 6
1094 3130 9
231 495 9
1245 3126 3
471 3431 3
230 1044 5
550 5206 4
5 3649 1
401 6801 6
4134 4245 9
4733 5314 1
1084 2759 10
529 3346 4
3274 4659 3
2107 6919 6
1937 5323 9
1867 5504 7
1923 5212 5
438 2936 4
496 6652 7
3915 4051 4
4582 6296 8
578 2388 9
3708 6555 6
1101 4430 8
3133 3391 9
4082 6871 1
3975 5830 6
846 2506 1
1018 3392 6
5248 5851 8
1813 6614 10
2060 3705 5
3851 4506 1
1217 4271 3
2478 4935 7
1464 4529 9
2260 4027 9
977 2315 7
409 4211 10
3271 3807 1
148 6038 1
3211 3566 5
143 3477 3
781 4550 3
2934 6030 10
3740 4021 2
606 1172 3
2264 4152 9
3068 5217 7
794 3078 4
241 2759 1
3027 6040 3
1915 6647 2
784 5734 6
2813 6791 9
3568 4514 6
4026 4277 9
694 2271 3
2964 4445 1
5152 6101 4
2291 2982 7
297 6244 10
1630 3276 3
2344 2950 6
853 4091 10
5326 6657 5
1349 2594 4
1991 5903 10
2689 6556 3
5017 5728 10
5015 5364 4
2856 5364 4
1516 2408 6
3299 4263 8
391 5584 7
214 1298 7
4270 5719 9
4291 5479 7
4089 4541 9
829 6694 4
860 5789 3
4197 6609 7
1586 6922 6
2228 2909 1
588 5674 5
717 783 3
2877 5861 5
2053 6895 3
4522 5577 10
4119 4434 9
1832 3073 8
3291 4267 5
4080 6236 9
2268 2341 8
1982 3593 1
378 3334 10
4088 5569 8
118 4715 4
202 3878 3
944 6138 9
3240 6628 9
148 4631 6
1007 4828 3
1778 3995 3
2140 5931 3
1820 1848 6
786 6220 8
5265 6984 2
1271 1766 9
530 947 1
1527 6985 1
2901 5177 2
542 6126 4
5751 6946 6
2353 3237 8
5040 5472 4
2049 6800 7
543 545 9
3862 4283 2
2295 5610 7
1893 5572 3
526 2974 1
1887 3300 7
4865 5020 5
351 6827 10
475 1996 3
2629 4381 8
2998 5105 8
4588 6654 10
205 6481 4
6231 6242 5
2037 6643 3
767 3716 2
950 3294 2
1905 3212 9
177 2040 8
5889 6596 5
117 425 4
556 1246 10
4327 6922 7
156 4275 1
151 4643 1
400 2622 2
5084 5483 1
5456 6469 6
973 2042 6
1087 1769 9
3749 5276 10
2833 3814 6
1050 5520 5
1839 3530 5
5855 6513 2
5165 6167 2
2454 4234 9
990 4084 6
1837 4114 4
116 1297 9
805 1441 4
3858 6295 2
4132 5226 9
1629 2956 7
634 1902 4
1879 2880 3
777 3061 8
4190 5371 3
70 5172 4
3707 3941 4
873 6191 3
2295 5639 5
301 3818 10
2178 5494 4
360 4652 7
2159 2328 3
3315 6037 5
609 769 3
6427 6619 7
4411 4506 10
383 497 4
2428 6085 6
659 1023 2
4534 4973 9
6266 6759 2
786 5393 8
373 5877 2
2039 4263 6
470 5869 7
5758 6686 10
945 3870 1
2942 4311 5
2010 2302 4
2190 3216 10
2719 2981 2
5309 6712 7
2317 3849 9
1621 5794 2
1021 6561 5
1922 3798 8
1040 4951 7
626 3915 7
494 1972 4
2109 5452 6
409 6111 3
127 1634 1
1021 3823 9
2211 3840 10
2342 4859 2
1187 4209 8
716 6194 4
140 6375 5
40 398 9
4025 6969 2
3746 4242 4
4916 5893 1
2897 3285 1
4521 6349 3
411 1693 2
2623 3438 4
1346 6356 9
1981 6420 2
1605 6959 1
1628 5909 4
914 5777 4
6168 6528 10
3711 5976 5
4521 5975 10
1406 4674 8
7 6126 5
761 6206 2
1777 5943 10
1641 3857 5
2339 5167 7
3725 4113 10
3444 6210 8
2529 4520 5
1894 5080 10
252 3668 10
3348 3606 1
479 2163 5
806 5844 5
1412 5703 3
2492 5475 1
1689 5790 9
396 6862 7
1964 4123 8
1737 2958 10
641 4080 1
1363 5904 8
18 1030 10
1496 6006 4
3703 5507 2
1833 2049 6
2342 3583 7
1119 6362 9
3461 4435 4
743 5969 4
4454 6229 7
743 819 7
997 3361 2
4031 4804 2
6284 6636 7
3424 5040 6
635 2014 9
884 5366 8
3977 6493 1
5303 6343 9
2205 3293 5
1905 6069 2
3480 3739 2
2460 5875 2
136 6727 7
3905 5806 8
4118 6379 10
72 6361 4
3041 4244 5
907 6351 1
2342 4581 3
2265 3796 3
1156 3422 3
2325 5628 8
680 1322 9
1795 4565 5
2715 4226 4
2819 3458 10
1 4427 10
5395 6355 9
1240 2847 3
2065 5835 4
3940 3977 8
1016 1434 5
5385 5790 5
4938 6334 9
2842 3328 9
1822 4874 6
761 5598 7
2217 6018 6
2445 2540 3
149 5195 10
876 3199 10
1916 4966 4
532 1054 10
2909 3403 2
350 951 3
312 3825 3
2844 3768 4
4300 6151 1
1173 2609 2
3032 5440 10
5480 6760 5
2244 5095 5
2597 5973 8
5082 5423 10
623 6137 2
4839 6678 3
496 2039 4
1568 4172 1
1533 5634 2
90 2757 2
2537 3679 6
6310 6464 7
2896 4758 10
2578 3726 7
2159 6429 6
3365 4824 10
485 6760 7
1085 6828 8
2273 4682 8
729 5188 6
2841 4197 6
2447 2789 8
2304 5708 2
3992 6193 7
1808 2325 1
2560 4749 4
1160 3957 8
1078 1241 5
202 4532 4
1926 2541 5
1827 6865 3
2433 3014 5
2572 3081 10
4655 5291 8
1428 2338 5
1191 3602 4
137 5241 5
1146 6619 1
3078 3668 2
1492 1995 5
732 5075 6
497 1388 1
17 4098 6
3163 6371 2
562 4468 1
1023 1550 2
394 4211 3
815 2042 2
895 6187 10
4815 6563 7
4287 4662 7
1105 1711 4
1056 1333 4
298 1121 5
1813 6607 10
4506 6785 8
4569 4813 1
3452 4515 2
114 2236 3
2883 5761 5
2307 6789 10
2006 2531 5
4730 5651 5
1033 6612 4
2385 3730 8
4571 4799 5
477 4948 4
1478 1742 4
350 6967 8
2851 6420 8
1276 1536 4
2042 4684 2
2339 4314 2
4119 4608 2
801 6071 2
2394 6818 2
2505 4476 9
1496 4727 2
77 646 3
1574 5198 10
930 2716 3
6689 6882 1
2973 4832 7
2818 5628 10
478 4659 3
2159 4205 8
3235 5130 10
2198 3242 2
6854 6958 3
6103 6894 8
3077 4988 4
2553 5165 9
6303 6497 6
3926 5702 3
836 3565 3
3336 6794 3
3177 6201 6
469 4540 10
1340 6950 8
1477 3930 4
2256 5819 6
525 823 2
1917 5010 2
3297 6894 6
5012 6258 4
134 638 2
4119 5335 1
3316 4513 10
937 5841 2
1652 5573 7
1141 2247 4
2034 5461 10
1115 5593 2
2142 5439 10
3247 5763 7
3659 4416 4
4719 6223 9
3071 3152 6
1868 2529 5
4855 5243 9
1322 4292 1
2071 3488 5
79 4664 4
2558 4423 3
1394 3429 9
3936 6920 7
656 2370 8
3405 5785 9
1737 5026 10
552 6625 6
3344 3640 2
2599 2909 3
46 3438 8
20 3430 6
793 2208 10
1755 3320 2
13 552 4
224 3648 8
1301 1554 10
682 4491 5
1779 3253 4
209 4320 10
1134 3794 3
2024 3554 4
5889 6785 1
3868 5307 6
5075 5859 9
1972 2767 3
2665 3911 2
204 4554 3
539 2250 5
2645 4377 5
3444 4265 5
3656 5999 10
2429 5385 6
97 3232 4
3187 5682 6
2790 4914 7
3858 5925 10
794 1847 10
4203 4488 10
3187 3375 6
3716 4672 7
646 5557 1
992 2417 8
4017 4394 7
2022 5573 9
843 4865 7
483 4598 10
2515 2963 4
929 5320 2
2036 2750 8
810 4105 4
56 2871 2
1509 6188 7
5766 6565 5
2709 3508 9
2042 5152 4
5644 6787 4
2080 3148 2
2098 2201 8
5418 6451 10
5324 6906 5
5056 6910 4
339 1318 1
3973 4989 6
449 2519 3
2339 4616 6
791 4563 7
229 3347 6
2772 6539 2
846 2983 5
3559 5830 7
417 4041 8
2366 3201 6
5012 6686 2
104 4552 3
679 3063 9
4195 5867 4
1759 4272 7
1038 5051 4
2000 6730 9
920 3077 8
5029 6712 2
1235 3938 4
868 3559 5
3927 5838 6
4038 6326 1
3765 6117 8
1871 6822 10
1370 4172 3
3700 5235 3
4461 5860 8
4292 6852 4
1138 5452 6
4832 4913 3
4681 6369 7
3048 4257 6
2688 5547 10
2637 3405 3
833 1285 7
1649 6364 2
3407 4637 9
1158 5161 9
110 5843 7
2108 6503 1
2464 5838 3
138 6289 5
275 5719 5
425 3371 3
4632 6463 8
4325 4801 2
5511 5760 4
3943 4658 10
4572 6608 4
673 3964 4
5004 6883 7
2238 5105 2
513 6341 3
1033 3474 6
1568 5211 2
2044 3524 1
2061 6198 7
187 3912 8
1092 4023 10
989 5016 9
314 4451 5
2887 4209 5
2546 3806 4
3569 3780 4
4042 5934 8
3112 3727 2
1363 6885 2
5284 5350 5
736 2324 2
132 2846 1
3064 4211 2
420 1953 5
2701 5399 1
396 6490 5
3603 5460 6
1015 4822 10
3892 6061 1
1751 3545 2
1182 6156 3
3688 5062 3
2177 5882 5
1867 3432 2
1344 4662 8
1036 3628 6
2976 3658 6
147 976 10
1415 6942 5
2299 5329 6
1533 2528 1
502 1897 5
3326 5626 10
613 943 8
4172 5129 1
870 2483 8
543 4285 8
1438 4999 10
642 3020 10
440 2377 3
2504 3986 4
3065 6971 9
5028 5365 2
1022 1173 7
3671 4921 6
4431 5808 1
3763 6581 10
661 4364 10
4576 6798 8
6383 6888 10
3569 4434 8
2883 4187 2
1082 1559 5
4316 5122 4
4698 5691 8
4699 6914 6
31 951 5
903 1625 1
1062 6972 2
929 4937 10
3817 6047 7
3018 4270 2
2988 6091 8
3039 6399 1
1530 3981 8
3353 5389 9
3250 3443 6
278 3569 2
5934 6373 8
6406 6420 3
4058 4734 3
4068 5909 1
482 5816 1
1313 4579 5
430 4131 4
1189 3166 9
206 4960 9
2792 4057 8
3612 5830 7
3579 5052 2
3699 4239 3
3701 3951 5
2854 6782 6
1867 3708 1
1388 3873 3
1164 2215 6
2106 6230 10
1506 4955 5
2259 3872 2
4111 4334 8
1548 3850 1
3154 6230 7
39 4613 10
258 922 7
4597 5096 5
147 4195 7
6600 6601 10
965 1990 7
841 4083 5
1171 2493 3
2801 4158 3
1150 4461 4
2450 2520 4
3159 5150 2
5546 6848 3
683 5873 3
2651 4081 3
2959 3644 1
113 2323 10
1422 1798 10
930 6056 10
945 6996 9
3292 5107 9
1814 2861 2
379 2515 6
226 6938 2
3027 4659 6
3416 4173 6
2129 2197 4
1294 5421 3
3165 4715 6
1783 6291 1
596 4427 2
1616 4470 3
3152 4256 4
315 2927 9
3173 5533 1
488 4512 9
803 1570 7
3204 6757 5
3288 4107 4
1124 5296 2
945 1648 5
590 4443 5
1822 5777 9
920 4487 2
635 3429 2
2304 3217 9
1389 4711 5
1584 3795 6
5900 6671 10
1503 3543 4
2628 6891 2
125 1905 1
2556 3651 6
1492 5921 10
2647 4192 3
422 4989 2
5060 6912 6
245 5821 1
3678 3983 9
909 2168 10
2843 3841 6
4088 5660 9
2731 3958 10
497 642 8
2225 2629 8
523 3100 10
4907 6729 5
1247 4115 3
6534 6575 8
3487 4418 3
1257 2737 6
2046 5677 1
3793 4182 4
3558 6220 7
6516 6977 3
1236 1243 6
593 4876 7
164 1961 5
1151 2353 7
3266 6848 7
1635 4744 9
3814 6052 7
1991 3011 8
1246 3945 2
1705 2673 4
1129 2952 2
1165 6483 1
658 6533 2
1866 6876 1
1357 3526 10
1458 5676 2
2841 3101 1
301 5568 4
2722 3619 9
1808 6025 6
3289 4951 8
815 6766 8
3709 3839 6
3289 4667 1
1078 3992 1
2708 6420 7
1368 5173 8
1100 4694 7
606 4104 2
2836 4214 8
4527 5849 3
1206 4447 1
1229 4174 6
1926 4179 2
797 6123 6
2641 6863 1
659 3108 1
3582 4886 2
4365 5529 3
615 4804 9
1605 3340 10
1482 2854 8
5333 6939 2
1863 6659 5
266 6939 9
2724 4698 4
2202 4824 5
2017 4008 5
1216 5315 10
419 3612 1
256 6757 1
421 1184 9
3884 6264 8
258 490 4
1675 6247 7
2145 3946 8
284 848 2
3192 6989 1
2566 3268 10
847 2202 4
4182 5862 8
2092 5239 5
81 3418 1
3285 4051 2
3422 3560 10
1040 5923 10
1229 2299 7
3782 5597 4
925 2368 4
2793 5989 7
3818 6672 3
2368 4034 4
203 2210 5
5480 6217 2
617 1639 5
1610 4232 5
3908 4171 6
6432 6875 6
3535 4086 2
1268 3995 7
572 3722 8
2216 5183 7
4901 5022 8
2807 4605 2
5356 6187 10
938 6146 10
346 5678 2
781 4633 3
1177 1761 6
1525 4601 8
2391 4435 8
2044 3228 6
5240 6910 6
2045 2546 4
3760 4738 8
4002 5209 9
1219 5091 9
2075 5370 6
1839 3416 7
307 2287 6
2496 6211 5
3301 6067 8
2524 3794 10
662 5642 9
4533 4638 5
923 6330 7
2512 6171 4
1022 6621 8
5667 6065 6
2539 5953 9
1830 3878 4
3302 5192 2
1852 5355 5
6384 6622 4
2522 5694 7
2639 6904 6
1939 5230 4
2504 2917 2
5810 6005 4
3842 6414 9
240 778 9
215 3474 6
1853 5920 9
3388 4467 3
1176 4267 2
1705 2776 9
3808 6989 4
1868 2501 7
157 3853 7
2183 4799 2
2516 3265 4
1331 6235 4
1770 2940 6
1117 1958 1
3295 5037 6
3280 5146 3
2407 5682 8
2963 6400 2
3344 3465 3
2009 4507 10
3301 4311 9
3470 4707 6
2167 4000 10
447 639 3
2103 6133 5
453 1535 8
1495 4147 10
86 6689 3
1318 5981 9
3347 6276 4
5037 5521 10
340 1556 9
642 2714 2
1320 3240 1
125 3109 3
4064 5149 6
1861 2774 8
1635 4348 8
1765 2736 4
3142 4547 5
3216 5716 6
2226 3419 8
1521 3408 10
1711 3950 1
2653 5725 9
1407 4913 10
327 6922 6
1323 3472 8
5123 6447 10
162 3795 4
3455 5114 5
1028 3136 8
1064 6632 3
755 3609 3
2157 6402 10
600 762 10
96 2087 7
3155 3590 1
866 4233 8
3186 4416 10
1954 3011 10
3910 6748 8
2326 5944 2
951 5383 6
509 4953 1
2829 6307 7
1609 6608 3
3147 4800 9
1067 1363 9
4145 6506 10
2049 4344 7
3766 6932 5
3259 4961 5
2599 5404 2
2583 6084 6
962 1006 7
4784 4917 5
3544 6541 9
3979 5492 8
644 974 6
557 6911 3
3408 6354 2
4951 6092 8
847 4470 9
2505 3910 1
2327 5829 2
2581 4239 7
3679 5375 8
4868 5667 7
100 1984 7
1164 2694 2
2388 4317 4
275 1147 1
1956 2641 8
4147 5355 1
3087 6898 3
1712 4899 9
3865 6684 2
1940 2166 4
868 6438 7
473 4357 1
1978 4394 7
578 3519 1
2400 2710 2
4380 4934 10
1445 3820 8
3022 5085 5
871 5656 9
3540 3964 2
1571 4425 7
3883 5194 5
4921 5133 10
2176 6526 10
1421 4956 2
4433 5719 7
3242 6571 6
2754 6817 9
987 3935 9
3157 4871 10
1486 4439 8
5962 6115 2
3033 6583 6
1084 2020 4
3013 5167 8
407 4118 4
2316 3997 6
80 6709 9
1788 2735 4
27 2806 1
1282 3513 4
2375 4055 2
852 5709 8
4248 5576 4
4171 4894 2
330 2516 7
2868 3791 5
3065 3507 10
1202 1466 1
5037 6934 5
1825 1969 9
34 1800 2
625 3849 6
3005 5214 2
970 1014 9
4265 6690 6
77 1359 9
915 2580 7
2604 6449 2
1622 3490 7
2245 4494 2
718 3692 1
6481 6595 10
111 5777 6
2275 6702 9
4124 6041 5
2823 4555 9
2837 3984 10
1834 3413 3
4518 5456 7
3420 3846 2
4243 6213 6
908 6073 2
866 5459 2
1751 3415 7
3216 4182 4
1813 3246 4
1022 1833 4
1529 3665 3
304 3188 3
2839 3257 7
4747 4909 3
4581 6899 6
412 3087 3
169 1810 7
500 3229 9
1356 6349 5
5586 5847 2
1072 6905 6
2482 6334 2
4215 6335 9
3008 5586 4
1888 2226 7
3075 5256 5
1247 4696 7
2298 3975 5
5257 5424 2
162 813 7
5151 6453 6
4518 4862 1
1251 1691 7
1122 6221 8
877 2378 10
416 2383 8
465 1240 4
2348 3793 1
3534 3998 7
806 4793 8
3042 5672 9
2262 3151 8
2445 2910 7
2314 4407 1
1519 3401 8
4102 4374 10
995 1951 10
875 3264 2
3307 6296 7
1729 3856 5
610 1388 10
3040 5528 6
312 3457 1
4423 5813 8
2681 3389 2
341 3682 6
5324 6401 10
1188 6581 9
4799 6268 1
2435 3396 4
231 2114 8
3671 5481 5
3233 4114 6
4579 5759 7
711 2798 6
780 1780 10
2058 6192 9
4702 5707 9
239 4505 9
2330 4438 3
4665 6585 5
1731 5273 4
2616 6342 8
4308 6643 1
4064 5367 10
306 5969 5
1355 1807 1
3407 3871 4
1579 1998 8
638 2677 10
1231 2246 6
3824 5081 2
673 3698 3
52 2268 6
4557 4662 3
967 4052 6
6434 6899 10
3021 4450 8
1082 3740 1
1673 2473 9
6583 6898 10
3295 6859 5
1734 2648 2
1363 2788 8
1323 3187 5
2901 3618 10
895 966 8
814 4620 2
4680 5819 2
614 2351 7
2727 5644 10
1574 2503 7
5240 6624 8
933 4942 4
1048 3239 9
806 2007 7
3689 6970 3
1054 3805 1
231 4938 10
5618 6045 6
4159 4244 7
3944 5778 3
1878 2722 2
3014 4634 7
27 3946 6
102 5844 7
3307 4230 6
4022 4317 9
2384 3325 2
5271 5500 4
817 2098 1
1112 3617 6
1936 6000 9
1339 4024 6
1112 3364 2
3841 4804 4
673 1650 10
15 1333 7
315 4698 1
152 1229 10
2744 6849 4
3032 6265 9
1097 4399 5
3360 5957 10
339 5067 8
898 2181 8
1400 4204 3
1289 1967 1
626 2144 3
1001 3472 6
1592 6735 1
3149 4456 1
1961 3680 6
1128 3545 7
1879 4124 10
3327 3665 5
5343 6101 2
1566 4663 2
1494 6539 8
2996 3218 6
2750 3606 4
2385 4592 4
4651 5273 4
3202 3490 5
1953 5881 10
1993 4808 5
3106 6909 2
177 4200 9
4094 6968 8
2907 5798 9
854 1001 9
1033 2230 5
5058 5629 4
1523 2244 8
1913 5919 2
303 6504 6
5265 6058 10
2560 4838 10
4508 5034 2
2624 4983 5
2570 5105 7
2396 6248 2
865 2492 2
1273 4113 9
5957 6342 2
1325 3057 2
2285 3537 5
1659 4526 2
1002 4144 7
1742 3132 2
2072 6517 4
2110 5229 2
1148 2168 2
2789 6655 3
2016 4556 6
1357 2766 6
529 1068 9
572 5608 5
4320 5034 9
289 4714 6
993 3563 4
1449 5316 4
407 6363 10
2543 4011 2
3661 5916 7
852 3715 5
4971 5920 8
2184 3900 7
2533 5020 2
5446 5538 1
1062 5312 8
381 5797 1
2486 2983 7
5292 5367 3
854 6226 10
1488 6550 1
5877 6620 1
404 4585 9
2093 5206 1
480 3442 3
5404 6913 7
448 504 1
721 6699 6
129 3194 7
2281 3834 6
2723 4559 1
622 3522 5
1964 1986 7
3712 4355 2
1120 4245 1
3581 4135 2
1404 3456 3
3172 4882 5
1792 3672 4
4452 4561 5
3921 4180 3
1310 5707 6
2011 3332 2
1305 2520 6
195 1328 10
4610 4836 5
1333 5880 10
1086 4084 7
368 3682 10
5348 6390 8
1334 3699 6
4565 6327 1
236 660 9
1782 3061 10
4970 6487 5
4363 4575 3
1380 3360 9
3689 6070 1
341 1418 1
2821 4720 9
3042 4803 9
4241 6226 4
1279 3852 8
4525 4971 5
3841 6174 9
1822 4676 10
3586 4465 1
681 2978 1
288 1300 6
2449 2842 2
591 1372 9
2587 2591 8
3484 5181 5
2930 6085 9
2413 3628 2
2568 3482 6
847 2333 10
5719 6124 9
4022 5432 6
683 5424 3
2846 5744 4
1033 1447 3
1582 2758 7
2919 3598 9
4102 6643 4
1215 3449 1
3685 5297 10
992 1889 3
5922 6700 8
527 3855 6
3626 5493 2
5427 6878 5
1678 4356 5
1439 4131 9
1038 3354 7
832 5758 8
2449 6617 7
3896 5508 9
717 2210 7
1009 6842 1
5140 5901 9
22 3399 4
492 1761 2
1007 2648 1
733 2647 9
622 6837 1
1537 4059 7
3059 6562 9
4334 6386 10
1425 3574 5
2035 2567 3
4270 5124 10
3111 6056 6
2494 3226 7
2066 6618 4
3395 5556 7
1189 3786 5
142 1564 6
3928 5817 10
549 1755 3
1332 3291 7
2580 5774 4
2169 2913 8
4262 4906 3
2707 4917 4
2373 6131 1
29 658 8
2860 4860 8
4420 5816 8
976 5271 2
1273 2166 2
202 247 8
2264 6188 9
2745 4801 2
2712 3838 9
1773 2169 4
102 2963 3
2164 4330 5
4176 5066 5
685 5942 9
3900 5354 4
2434 2995 6
1354 5496 5
454 6190 8
936 3195 5
3019 6575 3
1510 6116 8
127 5999 1
2514 3610 10
1666 3301 2
621 1679 5
1839 2650 1
1457 4793 7
1487 6775 9
216 3541 7
3573 5581 5
96 2937 7
3212 3699 9
3541 4470 5
2921 3527 8
3889 6136 2
923 4520 5
975 2895 4
2848 3942 8
541 4890 9
1930 2561 1
680 4454 6
2848 5253 9
3279 4862 8
420 3026 8
4903 6760 9
4053 4207 8
2802 5396 6
1016 2737 10
663 2950 3
1578 6394 4
4573 4872 7
1859 3099 8
2905 5884 7
1209 3267 1
2795 5077 4
626 6470 2
6566 6783 6
570 6481 1
4506 4875 8
1511 5896 4
1416 3138 9
1510 5576 1
4463 5054 10
1900 2642 5
2970 5535 7
498 3778 4
3294 5556 9
301 3525 9
3828 4822 7
1366 1572 3
1160 6799 5
1607 5425 7
1657 3781 4
8 6757 4
44 6367 4
2754 4841 7
252 6899 7
3514 3767 8
370 2047 2
6101 6594 2
4554 5049 7
161 432 10
381 4829 3
242 4218 1
325 4464 3
4434 6336 9
1093 4485 1
4369 6092 4
2321 6110 9
1144 4260 9
591 1913 5
2066 2747 5
488 2544 3
1366 1528 9
2481 3762 5
136 732 9
493 1887 4
417 1716 10
2670 5834 5
159 3324 1
3341 4470 10
2013 3352 9
3019 4452 3
4710 4955 5
2127 3438 6
1453 3448 9
3537 4815 2
1704 3470 3
2144 5303 7
157 1091 7
2324 6826 4
5476 6303 8
3784 6740 3
415 4412 10
2282 3395 8
55 4036 10
5306 5465 1
1168 2942 3
3458 6216 10
4024 6895 10
2335 5738 8
4097 5207 1
1804 1984 2
4756 6702 1
111 1241 8
1652 4725 3
4367 4692 2
223 396 9
1540 3829 7
2110 4549 3
816 4643 10
6654 6727 10
2914 3695 3
383 6959 4
1228 4473 3
453 4082 4
3729 5275 10
1615 6200 10
2871 6415 3
3031 5337 3
964 3862 1
3330 6032 7
709 6841 10
4528 4799 1
2119 5491 2
1103 2690 2
943 6757 3
217 4884 8
745 5125 2
1652 2053 4
219 4053 6
1278 2925 7
1562 2231 6
2384 3220 9
4075 5469 2
1490 4242 7
2476 5493 4
140 1154 6
870 6016 9
2516 3653 5
3401 5568 5
3808 4485 3
5363 5894 6
3947 6567 3
2970 4394 6
1541 3171 4
5415 5721 6
1028 2011 3
1421 3421 2
2152 2457 3
454 5758 7
3690 5157 5
871 3983 4
3923 4931 7
4181 4195 4
5255 6052 5
1759 6627 9
2057 4659 4
296 5054 6
3217 3471 4
2238 3817 2
1696 3867 9
3974 5887 6
1380 6463 6
3649 4064 4
3986 5208 6
3319 6837 8
1152 2597 10
2334 4157 7
1225 6125 7
1318 3005 8
1635 6980 10
1290 2380 5
144 1829 4
1952 2172 9
1262 5795 3
39 1814 8
1612 3803 6
786 4248 2
153 378 5
739 5884 7
160 5869 5
3534 5741 9
289 4876 6
57 4729 3
2455 2839 3
3315 4216 10
1572 6371 7
1374 3696 6
285 1567 8
22 2983 5
257 980 5
592 6621 7
2210 3818 10
76 1764 6
4731 6518 3
3039 4065 10
3413 4186 6
3730 3799 6
455 5420 5
568 3095 4
2176 4569 4
430 4685 2
5002 6003 9
1976 3045 9
76 6734 4
4356 6071 3
3485 4883 3
5556 5825 5
1694 6503 2
1209 4426 7
2076 4168 1
5359 5597 7
5121 5960 8
3197 3565 7
2167 3729 4
6550 6699 8
2414 6939 2
103 6964 6
2691 3185 4
410 5299 9
6319 6778 8
916 1341 1
1242 1378 6
1329 5735 7
2570 3674 6
802 5184 6
3072 6009 5
3739 3868 10
1611 3003 4
2004 6794 9
3929 5894 1
2878 4270 1
1415 6672 10
834 6547 8
3250 4090 5
620 5644 10
1945 2771 8
2159 4520 6
3698 4832 7
2643 2670 1
1753 3386 7
2772 4014 10
1075 3661 8
100 1572 2
4190 5688 10
565 1468 8
67 5734 9
549 2004 3
1151 4815 9
2749 5726 1
1025 6438 5
2245 3635 2
1938 6441 10
1247 4522 5
362 5763 6
2373 4715 4
1018 2208 9
2009 3210 10
837 2352 2
20 6528 8
571 1563 7
2758 4094 3
1090 3775 9
1779 3663 8
3896 4352 9
1673 6712 1
17 6088 10
3308 3930 5
112 5521 8
1660 4107 7
1115 3228 6
2095 5915 5
3398 4024 2
1363 4580 6
365 780 2
3855 4813 2
2663 6438 9
11 2654 9
120 1936 4
5350 6724 4
1436 2810 10
4953 6838 6
3005 5246 3
1193 3116 1
2929 4264 5
142 5975 4
5560 6432 10
4057 5933 2
195 1133 9
3264 6336 8
532 6538 10
2423 2899 8
2292 4866 9
3430 4292 3
1264 4657 9
316 6718 6
478 3958 1
1611 2924 1
3415 5255 5
314 3926 4
1421 2496 1
1468 1719 1
983 5502 5
3100 6956 10
1585 5913 1
3273 6274 7
384 3549 8
1670 2857 8
2944 3587 9
3506 4871 7
192 3901 4
3217 4427 8
464 5569 9
418 2075 4
116 4154 2
2646 6521 7
1794 2115 7
4646 4680 10
2510 4439 4
4094 4444 5
2893 4271 2
989 3817 10
77 4700 9
189 1889 2
257 3230 10
1118 3393 4
971 6124 8
3055 4884 3
450 3280 8
2011 3373 1
2662 4998 7
88 2005 3
5579 6834 7
5095 5326 1
4800 5395 5
2821 3279 10
2823 5164 2
2458 3579 7
938 6203 6
1040 4930 5
4923 6832 10
2153 3808 2
3179 6580 9
822 5106 8
1977 2598 6
1233 3740 5
2074 3664 9
2823 5413 5
2551 6911 7
114 6145 3
234 5674 5
1370 4888 8
4185 5039 8
178 6007 1
2726 2987 4
6100 6327 6
1034 4456 5
230 1009 4
962 4552 7
1398 6232 5
1511 6965 8
3037 4822 3
2365 5284 1
1005 1681 3
3933 5677 7
1580 5670 1
2188 5873 3
4419 6363 1
321 1691 8
1916 2993 9
558 5043 7
3185 3914 7
2383 4309 4
3571 3854 10
1218 6638 9
2568 6013 10
540 4077 7
418 4813 3
727 1326 10
396 4736 9
2772 6584 2
6012 6376 7
1031 1933 7
3026 4878 8
2394 5704 3
1855 5380 2
1763 2074 1
2543 2567 8
1006 3630 4
1252 2345 6
1151 6573 5
1763 3415 3
1855 5801 1
3091 4942 10
4771 6396 8
2425 4167 4
699 3864 2
1100 2040 1
3722 6271 4
72 428 4
2201 6595 2
101 2023 1
4304 6257 5
2678 5942 10
5358 5472 6
4031 5589 5
508 1162 3
3975 5278 8
1394 3450 9
2574 6838 1
638 5698 4
2243 4988 9
2131 3530 2
2582 2820 10
1944 6990 7
3787 4505 8
2013 6862 3
239 4820 2
2237 4752 1
4370 5886 10
164 4037 6
5786 5875 7
2840 5843 9
2537 5342 10
5040 6247 6
3708 4413 5
3353 3572 6
5707 5749 8
2891 3472 2
2572 4126 10
817 5893 7
1506 3215 5
818 2543 8
253 444 1
4508 5712 4
2606 5390 2
2224 4536 8
2730 3571 9
2779 5896 7
1050 4602 4
2091 6048 7
6693 6878 4
2049 4379 3
374 2064 6
2530 5259 3
5026 5802 6
5479 6411 3
3557 4672 2
1857 3962 3
34 639 1
312 6649 2
6589 6774 2
1193 2132 9
3935 6406 5
4042 4566 8
2432 5590 2
2620 3869 1
3075 4177 10
2043 2774 6
1778 2896 8
1058 4908 5
2641 3963 7
959 5302 4
3639 3723 6
144 5767 9
1523 5426 9
3006 4262 6
1985 4163 6
837 4574 6
1238 5368 6
1456 3068 6
2127 6055 10
1631 2694 5
1373 6463 3
1555 2796 8
1888 5992 6
1372 3108 10
3197 3374 5
2058 2190 10
2071 3212 8
3044 4181 7
2975 5263 8
5617 6647 5
682 4930 1
6230 6725 10
989 1776 9
1642 6257 3
1223 5503 1
1515 2436 9
231 3466 2
4442 6324 10
1358 4050 1
713 3189 8
4240 5818 3
4204 5370 4
1024 4617 9
302 5533 3
524 2283 6
2037 2538 2
676 2919 8
1064 2680 4
3862 5723 5
422 2174 1
1495 4346 1
1795 6926 4
2036 5821 2
3730 5583 2
308 4674 3
1504 6546 4
1214 1535 9
3613 5836 9
4518 5801 5
5885 6306 7
4093 4196 3
1845 2055 3
2990 5031 8
3307 3527 3
1894 3007 2
2536 4604 10
4668 6131 7
1584 6111 7
222 3578 1
2505 4834 5
1922 4424 8
2678 5358 1
3906 4892 9
1665 4632 3
363 2403 1
1182 6288 2
4500 4914 10
898 4300 8
5368 5946 6
3023 3029 10
3011 3416 7
3057 4466 5
1333 1520 8
355 1933 10
4859 6420 5
3056 4725 3
2118 2577 4
964 4411 5
1287 4501 4
3930 5489 2
3165 6490 8
920 2996 7
4994 5744 8
2801 4482 1
867 2195 1
2443 3671 6
4461 6401 4
1446 3725 8
434 448 4
2432 3113 9
3740 4845 4
215 2841 5
206 1192 6
2409 3157 3
1288 4181 1
3218 4348 1
1463 4544 9
207 5441 4
2126 5168 6
733 2412 7
837 5972 7
412 2862 6
1321 4614 9
4601 4909 5
1892 5311 9
3630 4388 3
6346 6622 10
195 6900 4
117 5078 3
391 4587 4
1534 6026 1
950 5712 2
4236 5978 2
1542 6393 5
3897 4817 3
1221 4793 2
53 5216 8
6424 6482 7
1312 5592 4
177 5302 7
4373 6002 3
3085 6114 9
1952 2573 6
388 1768 9
2277 5033 8
2684 4273 6
2457 6408 3
6455 6478 9
3708 6154 2
3847 5994 9
614 3189 9
2683 6462 6
316 6026 8
3511 3562 8
3302 5749 5
3002 6094 2
1241 3928 10
1996 5243 1
1888 2811 7
989 2637 7
3349 5373 10
347 3295 1
708 2837 1
1067 3712 3
15 1051 2
524 597 3
3056 4824 9
4827 5121 9
1677 3263 4
614 6421 5
2708 6253 6
1908 5366 10
361 3235 9
2150 5001 8
1607 5556 9
3657 5712 6
3864 5417 5
1458 3391 9
3785 4672 4
3408 4726 2
2056 3531 7
650 3134 1
5763 6987 8
327 6085 1
4884 6590 3
2255 6802 4
548 3850 6
848 1080 7
1305 3953 8
883 4268 7
3547 6005 4
323 601 7
3181 3793 8
4204 5745 2
526 2143 1
5297 6418 10
2764 3423 5
1820 3095 1
4796 6321 6
2356 3236 5
1858 5736 9
4848 5205 8
3079 5500 7
6067 6415 3
1271 6500 10
1263 3203 9
4321 5867 10
29 1271 7
967 4842 4
4098 6280 8
6717 6841 7
79 312 10
442 4290 7
1313 3311 10
3653 3667 5
2897 3145 8
4700 6291 4
2166 3164 10
6103 6107 10
3478 4199 8
2762 3272 3
2605 4381 9
622 2970 5
890 6604 4
550 4694 1
1872 5792 9
3938 6228 3
3243 4962 3
6424 6817 10
6111 6675 6
5234 5678 8
1928 6006 8
4640 6408 9
570 3814 9
1245 6665 6
319 1898 9
465 1579 10
3324 5756 2
608 5823 6
2666 6151 3
137 6009 4
1179 6140 3
3987 5404 2
1160 5492 3
1612 4768 9
1357 4640 8
1012 2755 2
2890 4963 2
494 4244 10
3878 4685 3
1043 6587 2
1925 2275 6
128 2398 5
781 994 10
4735 5988 6
3610 4878 1
1022 1728 4
1833 4204 4
624 4323 3
1401 1463 9
711 3406 8
2476 4910 6
2268 3629 6
2571 6350 3
703 6942 5
5872 6380 6
3006 5546 9
2729 6579 7
4849 6772 10
863 4866 8
348 4057 1
198 1999 8
1111 3433 3
1849 3098 7
1341 4447 3
1406 2868 6
1042 2486 10
2437 6748 4
95 1775 3
976 4475 2
6245 6312 7
158 6143 5
2212 4432 3
2924 6077 7
2646 5172 1
4190 5538 2
2235 2756 5
779 3071 1
1856 5683 3
3579 4390 5
1242 3594 4
1719 3078 9
1131 1171 6
1900 4186 6
4330 6055 1
5678 6769 7
4813 4909 9
467 2285 10
1320 5163 5
2922 5317 5
2188 2516 8
5612 6337 1
3950 5279 2
4106 6335 7
381 3700 1
4606 6636 6
3161 4405 9
4532 6038 1
1376 1706 3
2701 5800 4
3900 5575 6
625 5397 6
497 3782 1
2419 2773 4
1108 5109 3
1322 4054 9
684 3076 9
2020 4528 8
1503 4855 5
540 6864 3
2437 3215 6
1282 3334 5
1386 1881 1
464 1828 8
696 3813 8
1230 4678 2
1068 1155 9
3082 5512 5
1266 1876 3
2808 2974 9
1292 6995 10
2932 4115 2
1114 5906 2
4529 6387 5
1057 3110 4
2854 4182 9
1502 2791 10
2063 5783 5
2488 3820 6
3577 4763 5
602 2727 10
422 2936 8
5858 6412 9
103 5669 6
2024 5241 6
2255 4893 6
2920 5935 9
1599 2902 9
1017 2942 10
1825 3985 4
197 5426 5
3533 6697 2
2651 3004 2
657 3356 10
671 6445 8
1871 5789 7
1076 3134 10
319 1344 1
3956 6591 1
396 3763 4
574 4955 8
2119 4918 9
2642 5585 9
2718 3935 10
1742 1780 9
3088 5982 10
1362 5265 7
5762 6358 1
391 3317 1
3886 3993 6
3153 6430 4
1837 1963 2
429 4265 7
2370 2910 2
774 6386 2
2688 3174 5
732 5437 9
2716 6933 1
331 2178 9
118 1690 8
3422 3594 10
2723 6632 4
1533 3270 2
350 5474 10
5125 5522 7
1240 3751 1
259 3081 2
1710 3082 2
1824 6347 8
2087 2954 1
781 3714 10
1473 4657 1
353 2914 4
375 2013 7
933 3242 9
1131 2262 2
288 6473 7
1461 5030 8
746 6648 3
1726 2590 3
713 6743 8
1554 4171 2
1212 3817 7
1096 4790 6
11 6277 7
814 4001 2
1115 5309 9
1383 4022 7
2782 5092 1
1546 4805 3
1583 5460 2
1693 4916 8
3898 4696 1
1406 2025 10
314 6672 2
659 1510 4
2729 5680 5
3314 5939 1
2852 5410 8
2441 6459 10
2072 6081 5
1838 4925 2
3603 5349 10
4728 5784 9
5818 6452 8
2543 3358 8
2006 2910 2
280 1114 6
208 2002 10
3970 6320 1
414 749 5
497 3934 7
1668 6218 7
1643 5925 5
878 4626 8
787 6698 1
2433 4086 10
2278 2344 10
4126 5593 4
1867 6291 7
4243 5079 10
3092 6314 6
2458 3704 5
334 3209 9
4408 5637 6
1200 5886 2
3616 4090 1
4410 5256 2
5718 6378 9
5463 6073 8
6003 6195 4
2627 6688 1
224 6454 3
601 1746 1
1782 3562 5
6369 6521 5
3234 6973 6
1942 4872 8
4470 6906 9
3398 3804 5
1270 1670 3
2284 6864 3
4163 5612 8
2646 3116 7
6248 6328 5
677 3019 5
1517 4651 4
1779 2428 5
3460 3793 2
1933 3223 4
361 3715 2
1446 5462 4
2988 3157 6
516 5018 5
285 3428 6
366 6694 2
719 2370 5
925 1243 7
3626 4715 2
2290 4145 3
4302 6011 8
4753 6928 6
258 4040 5
137 481 2
1516 6275 2
1990 4732 10
2929 4684 10
2212 5196 10
5046 6234 8
2827 5572 8
770 1860 3
2554 3989 10
3533 5715 8
1364 2789 8
2718 6959 1
95 1391 7
4834 5099 3
2866 3171 2
4446 6718 4
2879 5195 7
962 1988 10
1228 5980 5
6582 6624 4
1815 6806 3
2225 3118 3
3445 6648 2
6008 6217 8
2835 6330 5
2577 5791 4
222 1174 9
5460 6486 8
2006 6310 5
3662 5768 8
330 4764 1
4603 5487 8
806 4775 9
961 4341 7
805 6042 6
4408 5066 8
1920 2704 8
2859 4821 9
3383 4187 2
4538 5818 5
3885 4981 6
2789 3631 2
61 3061 7
740 6258 10
2562 6239 2
747 5075 5
953 2062 10
2777 4164 6
4362 6237 2
2617 3221 6
2925 4518 1
5080 5584 1
1678 4773 1
242 5363 10
1268 6979 1
2022 3811 4
2482 4036 5
4298 6821 10
1138 2386 9
685 3501 2
2422 3143 5
957 4921 9
1451 2301 3
2371 5107 7
2715 4974 1
2878 3436 1
5389 5632 4
521 3563 6
1943 4112 6
2652 4476 5
1285 6681 2
3540 3606 5
3406 4165 10
5213 6597 3
2233 3043 2
726 1211 8
5671 6653 2
345 5360 7
6631 6990 6
765 4092 2
1720 1758 9
439 619 3
2381 2408 10
2537 4447 9
2481 3019 4
65 81 5
1042 5143 2
1628 2958 2
1945 6083 2
3253 6018 4
6161 6246 5
965 1671 1
3445 4250 2
4444 6870 9
2054 6449 9
3998 4817 5
2527 6552 5
3964 5656 4
3874 5230 6
1808 2942 7
1337 2823 3
673 6429 4
3470 5932 6
669 1299 9
3896 4114 10
3252 3510 3
362 4744 3
1779 4435 10
1119 3039 6
1314 5423 10
6580 6676 5
2119 4371 9
2965 3625 8
3486 5175 9
472 3110 6
362 1340 2
214 4147 9
28 2451 2
799 5477 5
256 3882 5
2558 3393 6
5520 6298 3
1114 3122 6
325 2691 3
209 5118 4
3147 5541 2
2756 3471 3
2287 6774 3
134 5545 7
4634 6745 8
3158 6908 2
5268 6881 5
2228 5897 4
1207 3174 7
3419 3541 6
383 625 6
1028 3227 3
106 4272 7
1432 5540 8
1938 2379 6
3954 5104 4
2042 5553 8
4449 5368 3
2965 4523 2
818 2256 2
2021 3056 2
1374 1744 3
2275 3600 1
280 1531 10
984 5354 6
1591 4561 8
1362 5233 7
3647 3994 1
4049 4228 7
909 3630 6
4883 6772 6
548 5868 5
1065 2114 5
93 278 2
4095 5223 5
2730 4567 6
3639 5031 6
3035 3641 6
582 1988 10
1505 2581 6
1458 4737 10
3304 4519 2
5119 6096 1
2656 4137 2
242 2819 7
4870 5929 9
3527 6888 7
4764 5800 10
4 1485 3
3409 6196 9
3229 3877 5
5557 5689 8
1296 2274 3
3889 4516 3
6142 6720 5
4169 4407 4
2718 6809 6
1457 2020 1
1960 6172 7
76 1485 1
767 2323 8
1347 4764 4
3797 4763 5
1453 5571 6
2031 4226 7
3767 5258 10
679 4389 5
259 5201 10
1731 3445 2
2347 3689 8
950 2337 7
1760 2067 6
28 2811 9
554 4956 8
2787 3740 6
3868 3966 8
1307 3357 4
2006 3079 8
1135 1684 3
2169 3630 8
1543 2612 5
2672 4520 9
7 4041 5
2416 2661 5
863 1838 8
3238 6941 10
3002 5469 7
356 4677 9
4741 6324 4
1285 2573 2
1944 2430 8
1000 1126 1
1141 4228 10
1392 5756 8
4202 5914 7
3974 4195 5
3659 6263 10
4025 4282 2
2970 4501 6
5080 5874 10
3181 4851 4
2176 6411 6
158 483 1
2298 3626 5
190 6950 5
526 4816 4
237 3714 8
1140 5932 7
1098 4779 2
821 5842 5
2866 2888 3
2783 6426 2
4138 5181 3
340 4138 5
590 2573 1
1489 4604 2
842 3643 6
2235 4581 4
2838 5049 5
903 1982 4
954 1321 2
2815 5354 5
424 3361 8
3680 4330 6
2906 5702 5
4094 6560 9
5106 5744 10
277 1844 7
17 2613 6
5846 6061 8
6214 6312 1
341 1332 10
2067 2833 6
2628 5478 8
278 3077 8
1076 2989 1
775 6601 1
4132 6611 7
204 1275 8
3252 5601 1
4423 4957 9
5019 6680 7
5218 6833 7
929 1426 1
4127 5881 2
3124 5350 1
1620 2053 5
3342 4058 9
297 5169 7
5974 6981 5
485 1417 5
625 5789 2
3553 4916 7
3642 6671 9
217 2290 4
2501 3798 10
3683 4454 10
142 3284 3
1708 4958 10
2527 4578 1
590 2080 8
1004 2611 1
945 5200 7
345 2425 5
2775 3199 5
3937 6229 3
1110 1948 9
418 6311 5
2044 3079 1
6750 6955 7
1277 1362 10
2827 3412 2
386 2457 10
3027 4135 6
323 1596 10
1435 3386 2
377 2322 8
4973 5318 3
382 5799 6
3498 4162 9
1396 2320 1
59 1818 6
1861 2125 7
4808 6651 7
2912 6805 1
3051 4317 6
3572 6259 1
2339 5464 8
746 1994 7
606 4762 7
4395 6986 4
2444 6013 4
1844 2245 2
4349 5211 1
5144 5776 5
3468 3650 6
1701 2504 2
171 4279 5
5556 6276 7
2236 6042 4
3998 4255 7
2699 6088 3
1605 1804 1
3321 3462 4
267 3202 9
1538 4586 3
3698 5083 7
5251 5356 8
5199 6275 1
1461 6307 8
51 3377 1
904 2281 6
787 5049 9
2487 2944 1
3330 4658 5
1125 3078 10
6440 6950 4
2221 3461 10
700 5182 7
591 6384 6
1925 5107 8
3121 3368 7
1824 5594 6
871 3202 1
177 1983 2
3530 5908 7
2493 6023 1
1237 3998 6
3566 4507 7
1763 2441 2
3076 4447 2
1602 6723 3
1388 5707 7
4189 5466 8
4248 6427 4
516 1169 8
1997 4753 10
5030 5195 6
1363 5001 4
3164 5965 9
2897 4971 1
365 1557 8
1614 6691 6
934 3844 3
4918 5499 7
4574 6688 10
3082 6053 9
538 1622 9
4786 4827 4
797 4135 3
161 309 2
1135 2699 6
1463 2926 1
3375 4919 8
421 6460 4
3715 4549 1
3375 4307 3
1994 6750 7
96 949 1
659 4006 8
5250 5802 10
3980 5034 6
3352 4150 1
2171 6735 7
1433 4143 7
3171 5832 1
5064 6332 3
1308 2629 8
3236 6174 10
3302 4139 6
1568 6047 2
77 6749 10
5049 6665 5
580 4989 8
3629 5981 1
2384 6731 4
2863 2949 9
3467 6123 5
1946 4611 7
789 2859 3
1780 6728 4
4622 5281 9
165 4916 10
878 1861 3
712 1931 1
2862 5599 3
1736 2747 4
2025 3271 1
2457 2526 9
6 4074 4
3865 6592 8
957 4877 10
760 2611 5
4574 4688 3
863 3576 3
1317 6453 5
1972 4038 3
460 4477 3
540 5442 6
2890 4449 7
198 2497 1
3314 3770 1
1579 6201 2
2534 3022 4
718 3581 10
2659 5667 1
1073 3445 5
1767 2672 10
1755 5913 9
1824 3443 10
173 5367 7
425 659 10
3601 4121 1
1531 2879 7
1358 5152 1
3135 3171 2
2361 4330 4
2341 4594 5
1299 4547 7
3572 4043 5
1945 3742 4
413 5967 8
548 1606 1
2193 5228 7
2270 5058 5
492 2178 3
83 4067 6
2426 5197 8
3433 4944 7
2565 4490 8
3334 6883 8
5328 5923 7
2099 3052 5
4551 4714 4
654 901 9
1087 1806 10
216 6063 8
1376 3534 5
2368 3215 2
1635 5234 8
4609 5016 2
1313 4103 1
3280 4688 5
1035 1961 9
2435 6229 3
1523 4157 6
404 6822 3
120 3518 5
521 3667 2
3399 5365 7
14 1727 4
321 4302 2
2392 3716 9
1951 3967 8
5770 6838 4
297 992 5
3093 3581 4
443 3385 2
1095 3804 1
926 1192 6
245 1571 7
141 6689 5
2395 6097 6
343 3409 10
226 3548 5
655 6778 1
2560 3757 1
4049 4318 3
430 3800 9
621 5991 4
115 3386 6
116 2360 4
513 6339 9
1019 2777 8
3942 4237 6
507 6125 7
996 4041 2
1310 3583 8
2270 4346 8
1673 3047 7
1121 6430 10
5879 6452 7
3349 4193 9
3619 6124 8
4402 4753 7
1477 3287 9
1796 5941 6
1699 3556 2
1598 6395 6
4403 4494 6
1732 4596 5
4242 6623 4
3965 5795 3
1821 3481 7
814 4834 7
2591 5212 7
3329 5071 5
1348 5792 1
673 2304 6
3454 4698 7
4258 5536 3
434 1390 4
134 2281 1
400 3189 4
4673 5371 6
4397 6033 10
61 1519 5
4969 6991 3
774 4996 4
3714 6697 8
5494 6943 8
2925 3100 4
3743 3747 3
2861 6193 10
1363 1710 7
50 5692 1
4654 4776 1
662 2129 6
1900 4476 10
2985 4103 1
2573 6986 1
3361 5940 8
1408 2970 6
3384 6041 6
2784 3149 1
2972 3107 10
1205 4159 4
2868 6752 3
4698 6616 10
2221 4749 2
4368 5063 5
2259 5726 1
1475 4125 3
5197 6537 7
320 6917 2
3949 6699 5
2115 3238 7
5964 6483 1
6621 6638 5
1503 6164 4
1859 3227 2
1962 5432 6
3062 4997 1
3632 5343 6
3557 3851 9
1581 5638 2
4501 6730 9
5072 6108 2
1474 4122 1
3445 6602 10
3049 4073 4
2009 2264 1
1392 5312 7
821 5514 4
963 5552 6
2309 4000 7
1917 5374 4
5229 5643 3
6320 6679 7
1530 3305 6
2059 6812 10
1423 4724 1
3415 4002 1
1292 2654 7
2801 5777 9
691 3416 7
994 5407 1
1433 2756 1
2055 4478 9
4252 4827 1
2266 6952 10
1845 6245 7
43 3158 10
4245 5094 4
4676 6622 1
6428 6519 8
851 6916 8
5038 5646 1
5566 6793 9
482 4553 6
40 4806 3
2562 5746 3
2236 3861 7
3957 6761 1
297 2999 1
537 1096 5
2659 6847 6
1146 4602 7
4083 4997 3
98 5098 6
316 6976 4
4653 5915 2
4121 6291 9
4018 4677 2
1044 2536 9
3837 5302 2
1212 3203 9
482 5090 6
338 3069 7
387 3402 9
3034 6755 6
1632 4958 2
2523 5235 8
845 6209 3
3925 4934 8
3175 3365 10
2443 3597 10
3692 4577 5
2528 5799 5
3120 4287 3
967 5675 2
2229 4005 9
2126 6468 7
3661 4329 8
871 4390 8
8 1036 6
1880 2542 8
2465 6465 6
1112 3687 7
287 4873 3
283 489 6
3079 6816 3
821 4764 10
4481 4642 10
1121 2154 8
1790 5111 7
4065 4112 3
1652 2431 10
2477 3316 2
2140 3423 5
5817 6858 3
1480 2869 2
369 721 2
1209 5907 8
3840 6864 2
1563 1770 10
4465 4636 3
2918 2944 10
1899 2028 6
2095 6894 6
4373 5699 2
373 3473 10
3327 4383 2
1043 2614 3
2662 3125 5
1499 4042 5
1269 4448 9
3014 3349 6
2844 4619 1
5408 6049 6
155 1296 8
3922 5221 8
3998 4674 3
4662 6493 8
4336 6334 6
1485 4735 2
4631 6996 7
2401 5598 4
475 2439 9
464 4324 8
3850 6530 10
485 4825 10
474 4985 3
1027 4396 7
472 2765 2
3686 6907 3
111 6538 1
2579 5076 9
513 5373 2
1054 2290 2
1659 6172 4
1413 4694 10
2199 4085 3
443 4420 10
1719 5318 6
4334 5570 5
1951 5944 8
1068 6212 4
1385 1559 4
58 4147 3
2580 6219 2
1409 3446 4
5836 6594 9
229 4092 4
3034 3505 7
3042 6454 2
816 4596 8
270 1101 1
2950 6375 7
2739 6977 1
719 2612 1
3594 5082 9
2303 3916 4
4417 4501 5
2846 5921 8
461 6288 1
1153 1565 8
64 5461 9
4688 4713 10
997 6705 5
4846 5466 9
1296 4924 4
2154 4525 1
709 6025 7
4297 5630 7
1718 2173 3
808 1431 5
1308 1449 5
3365 5785 6
2297 5799 9
1100 2237 8
1947 3102 10
4482 6618 1
4066 6195 2
196 650 2
2927 4505 4
740 1689 10
55 5415 9
372 2286 7
1301 6666 8
1957 5098 10
2059 5824 3
3701 4188 5
652 6009 8
1980 3523 2
292 1766 2
2996 5380 9
562 984 7
4459 6625 2
4711 6577 6
698 5445 3
798 2307 1
206 6185 4
1107 2790 3
1881 2286 1
3602 6245 9
458 651 2
1839 6554 9
3645 5502 7
1069 3655 4
2516 5028 7
697 6980 4
548 4881 2
2254 5840 7
3633 5398 10
2028 5724 7
1647 6542 3
1359 1876 4
1286 2105 4
5875 6162 8
3381 5947 10
446 2211 2
3632 6099 2
3914 3988 7
3803 5612 3
2341 5960 2
348 904 10
83 3425 5
357 920 4
1575 2956 8
625 1022 9
3999 6058 8
3206 5461 2
2632 2816 6
2611 5363 8
1799 5015 3
5823 6848 5
1262 3504 1
3500 4120 10
281 5194 2
13 2348 9
556 5166 7
2520 4846 5
1669 2147 9
2956 3946 5
1097 4628 1
2496 5519 8
1079 4061 4
1207 1651 9
506 6399 3
935 5601 6
527 1894 10
224 3263 7
1162 5039 8
167 2626 2
4991 6052 7
47 146 6
3102 6847 3
6676 6809 1
1625 4681 6
878 1192 10
369 4157 7
4653 5058 9
4137 5672 10
3699 5746 9
1665 3834 5
5045 6625 9
641 1875 1
4739 6509 2
184 6579 7
5040 6973 6
1618 1653 5
1674 5791 4
808 4888 5
661 1698 3
1732 6907 4
2750 5990 5
2957 6625 5
383 621 4
473 5627 3
1790 1840 4
449 891 7
2066 3367 4
1251 4931 5
1224 3118 7
173 514 5
4521 5920 4
2800 6275 8
1495 2310 7
1153 1916 6
4139 5840 1
3783 4815 1
3670 4598 8
1965 5412 8
901 1208 2
3582 6347 4
22 4537 4
5161 5887 1
2545 3226 9
1484 2864 8
243 3014 10
2595 5771 6
4586 5549 10
2136 3350 6
3632 5788 10
4047 5191 9
2363 6737 2
1549 2526 3
414 4568 5
1081 4336 8
2342 3672 2
2421 2697 9
5542 6346 10
3109 6277 7
50 2126 8
4270 4714 9
1625 5389 1
3254 4293 2
1168 6001 8
6349 6825 8
2314 3432 3
1426 3955 9
2871 6164 1
2659 3972 1
2256 2502 8
1995 5356 4
2463 5505 3
976 1550 6
965 2569 5
103 3900 2
2612 3565 4
3684 6071 8
1409 6634 6
543 3977 5
2765 3596 1
2861 4372 7
508 5517 3
5794 6098 10
3314 4538 10
1275 6112 9
2421 6480 2
4169 5837 9
1921 2526 6
801 5740 6
6013 6220 1
523 4554 8
3245 4451 5
5034 5488 2
3440 4558 7
2971 4034 5
3783 6916 5
1398 5149 5
3542 6189 10
2200 4588 10
740 1746 7
416 1036 6
665 2907 5
1998 4201 8
5242 5632 5
4876 6016 10
4723 5249 1
227 6295 1
2076 4699 1
4990 6767 1
471 6087 6
1467 3187 3
460 1067 5
4366 5984 6
2682 5847 10
3041 6648 5
1053 5426 3
2860 3085 4
338 413 6
897 4411 6
1333 6807 6
4430 5557 4
436 1668 10
1682 5481 9
2010 3829 9
794 1107 8
762 2171 9
532 6633 1
59 451 5
1838 3669 7
2144 6630 9
2494 6653 8
2372 6786 9
2939 5811 1
215 1672 2
1275 4582 1
1758 3713 4
1149 5658 6
3753 6630 9
1303 2412 5
4181 5798 1
1682 4253 2
3133 3459 3
2736 3578 3
800 4492 8
146 3172 1
2165 6391 10
2851 5228 10
3082 6219 7
744 2636 1
840 5558 2
1981 4257 4
4196 6586 1
1003 3246 3
2161 6156 1
587 3761 9
6015 6502 1
2198 4524 3
1641 5966 4
5696 6155 1
2301 4614 10
1156 4243 4
3310 3493 2
2211 5592 8
2773 4627 4
414 5991 3
3448 4343 1
1482 2194 10
2646 3756 6
1332 5598 6
823 1371 8
315 3798 7
3260 4402 8
1833 5144 6
2946 5441 8
2191 5950 9
3758 3790 7
3616 3801 8
3981 4355 8
523 2937 8
206 3498 1
815 5684 1
545 1304 6
2409 4479 6
1796 6403 4
3744 4333 8
3155 4981 6
86 4204 2
2593 2809 5
4226 5229 1
1363 2812 7
2198 4712 6
4429 5483 5
3406 3568 4
2294 2365 10
1371 1376 10
3825 5733 10
105 3672 8
5137 6537 6
3501 3533 2
2001 6835 10
2215 2501 4
5241 6961 6
4059 5672 5
2103 5426 8
5443 5698 7
2319 6775 9
2333 3784 4
2018 4690 6
310 6721 3
3038 6513 5
2683 6574 3
2393 6132 7
3598 6778 2
856 1169 3
1133 5479 5
1915 4753 3
1409 6991 3
3647 6788 3
3561 6803 5
819 2644 3
1231 2910 7
2648 4065 7
1582 4185 1
1924 3411 10
4155 4324 8
235 4323 10
2029 4197 8
853 954 7
4825 5128 10
2959 3259 2
1799 2922 4
2963 6503 4
2958 3070 5
1753 3832 4
1531 5006 7
1687 5357 5
5567 6914 6
4260 4910 5
143 3573 4
704 2014 1
1541 1571 3
3818 4135 5
1829 6409 5
5582 6088 1
1688 6193 6
4273 4645 2
3463 5947 9
788 3979 10
1549 6860 7
3409 5513 3
1688 5674 10
1573 6550 6
3838 4550 3
1427 3472 7
5227 5947 7
545 1160 6
1349 2686 8
2175 3450 2
3034 4103 1
2748 3496 8
485 1410 2
758 4808 4
2256 4458 8
3776 4669 8
2441 4482 7
4635 5332 1
2715 3735 7
651 6475 2
2193 3198 9
3121 3165 7
611 1749 8
217 6065 7
729 5450 2
3588 6920 10
3449 3747 3
3439 3595 10
2025 2269 10
639 4863 7
2397 5605 8
3818 5477 3
1110 6061 8
1941 4357 3
1849 1946 9
2022 4081 6
582 4558 9
5441 5652 5
1445 5550 1
3298 3841 7
5 4325 7
2075 3758 3
3073 3559 7
683 4113 2
2816 3082 9
2761 4926 5
313 2165 5
3334 4425 6
3379 5790 6
981 1526 7
446 2362 3
675 2852 3
1135 2533 2
853 869 3
175 1252 8
3251 5075 8
3195 5126 10
868 3390 7
2408 6232 4
3050 5760 5
1308 3622 9
3008 5587 10
282 6779 8
674 2443 10
2317 6229 7
4414 6681 8
4644 6252 1
958 5692 5
4653 5791 7
1642 2389 1
3476 6874 5
3196 6786 1
2760 3628 4
101 2493 3
60 3451 3
1887 2264 8
2976 5545 9
4462 6550 1
994 1664 5
143 1237 3
2262 2768 6
1355 5531 4
2454 3515 10
1407 3584 10
1157 5382 1
3869 6034 2
5785 6457 9
1775 4605 4
1917 4814 3
3906 6784 7
2114 5851 10
2363 4281 10
126 3540 1
2118 4039 4
1015 3730 5
1658 3662 8
3379 4125 8
580 2414 2
1408 3673 5
5400 5604 8
4628 5521 7
2879 2947 10
487 5288 2
529 4042 5
1703 5865 5
1030 5136 9
1822 4775 3
245 2744 10
1038 5463 5
613 6416 4
1566 5059 8
402 5414 10
2504 5602 1
2357 3193 9
1448 3726 4
768 2256 8
2786 4689 10
782 1614 7
3980 5108 8
94 5798 4
1683 4252 1
2891 5242 8
6155 6663 1
1954 4065 1
4109 4609 3
2314 6208 1
1053 2809 8
3593 5231 6
4696 6118 7
1516 3536 1
4350 5369 5
2491 3210 9
4283 6853 7
189 313 1
1950 2112 8
1004 2301 5
4323 5709 6
3454 6566 4
3835 4528 7
2894 3393 8
1521 6549 7
967 3260 8
1702 2996 5
3563 4999 10
1133 5736 5
2300 3865 7
2183 6735 2
3010 6413 4
665 3476 1
1530 2151 8
1108 5087 9
3454 6222 3
4050 6444 2
1987 4840 9
2630 5168 2
881 988 8
2495 2912 5
491 1449 3
3194 4515 2
3597 3873 10
2098 6944 3
714 4058 2
4198 4698 7
511 5992 6
681 1778 5
5109 5580 4
1278 3141 10
200 315 7
5058 5804 9
156 2987 7
707 6200 8
2196 4162 2
843 3314 4
720 4239 4
3679 3708 4
1019 4764 6
1188 3897 2
607 4286 7
430 1829 9
3530 4603 9
4208 5254 5
2395 4153 4
1855 6422 1
4999 5829 3
1588 6999 1
1174 3833 5
4635 4927 7
4293 6031 1
2895 6859 2
2776 5283 4
1107 2864 5
1170 3354 3
4905 6738 3
661 1682 4
1892 2572 1
4567 5778 8
54 3927 7
1654 1710 9
88 457 3
4977 6772 1
1306 6630 9
2414 2756 5
763 4339 4
270 6144 9
1423 2441 1
68 1449 7
5427 5913 3
4385 5971 7
2226 2305 5
3821 4812 10
3200 3252 4
2644 3706 5
1242 6062 8
1699 3963 5
3509 4404 10
1514 4820 4
3887 5472 5
1848 3785 3
675 6351 1
3043 4742 10
704 4601 9
663 6008 7
184 986 1
509 1965 1
2861 5714 9
435 3475 3
1079 4689 1
596 5308 10
4475 6162 1
480 3414 2
3594 5724 3
19 208 2
4326 6166 2
1185 1896 3
570 2870 9
4636 5090 5
2819 4149 7
86 4244 3
635 5916 2
6639 6730 6
1687 4265 7
2464 5871 4
206 3922 3
1525 6156 2
2123 6093 1
514 713 1
4571 6799 3
3644 5594 10
4818 5365 3
2177 2905 4
459 6790 1
3170 4827 9
4609 4859 9
4338 5079 5
670 1989 9
457 1024 2
1238 5843 10
2834 4052 4
5294 6150 5
4842 6481 7
232 1707 9
440 2842 5
3123 4116 6
3431 6480 1
2873 6513 10
571 1699 8
1481 4639 2
4254 6021 4
1166 2413 9
3384 4558 7
1469 5702 1
671 1262 10
2826 5058 1
1081 6789 3
3196 3450 8
2261 3586 9
5184 6000 5
1806 4118 2
1352 2264 5
3807 4379 6
1715 6172 10
2933 5155 10
384 4983 6
1668 6348 1
3087 6164 10
2338 3233 8
2481 3588 3
1948 3932 6
2764 4141 4
548 4708 9
476 6774 5
618 4309 4
1603 2703 4
1165 3310 1
1109 1721 9
2891 6547 10
3983 5979 8
726 3859 1
1754 6693 9
2364 2986 2
2855 5283 10
1825 3761 10
4183 4431 10
4317 6990 8
1147 5665 5
2057 3277 4
791 1377 7
1611 6708 9
2246 6739 5
2864 5328 8
2166 4717 2
476 6725 6
2087 2475 1
1741 4870 10
2699 3385 5
5995 6974 2
1076 5075 3
2230 4702 10
167 6666 7
3983 5632 4
2263 3784 5
91 3975 2
5841 5906 1
4153 4269 3
1145 3423 2
524 4419 7
3151 5955 10
300 5759 1
1520 4459 6
648 1289 6
6090 6668 2
3440 6713 10
977 5683 1
1492 2296 8
2851 3785 3
2770 5654 6
685 1565 4
958 1929 8
3823 5598 6
3295 6346 8
2051 3990 10
2270 3033 10
4881 6394 9
106 2651 9
2692 6483 5
537 3442 4
5231 6673 1
3979 6918 2
3022 3592 3
86 671 4
397 623 2
3573 4738 9
2279 5179 8
1738 3085 10
719 1416 10
1427 4605 4
4604 6139 4
497 5421 7
3588 5598 1
1763 4097 3
2532 3459 5
1890 4340 9
1868 3623 10
2766 3795 5
818 1674 9
2664 3479 9
1737 2585 10
1466 1829 5
2369 2686 9
456 3762 1
811 4961 4
1350 6920 9
889 921 9
2747 5688 7
1232 3948 5
4913 5090 2
2141 5152 9
946 3753 5
4429 4686 7
5014 5034 2
987 3963 10
862 2605 1
100 3298 9
4148 4190 10
1664 2768 4
983 5696 8
3502 6812 4
130 1419 1
1058 2264 10
1775 2279 8
1148 5183 3
1803 5555 1
39 4889 1
853 3077 4
2382 6206 9
2603 4514 8
5388 5636 3
2829 6946 4
1548 6021 1
942 3084 8
1719 6155 10
661 5215 9
4682 5361 4
479 1311 7
3054 5151 8
498 4778 10
5181 5433 10
1363 3967 6
631 3178 3
1577 1689 7
2538 3160 6
1781 4307 10
668 1672 4
363 5950 7
4287 5618 7
827 998 1
1421 4399 10
2123 6213 3
4195 6912 8
3482 5053 8
1198 6342 3
1811 5074 7
777 815 8
5182 5685 4
606 5990 10
1712 5531 9
1114 6998 4
1741 5755 8
3512 5781 2
3889 5002 8
2021 6925 9
2061 2387 4
1209 5637 3
4171 4526 1
2875 6600 1
1792 4884 8
4658 4813 1
4469 6951 8
9 43 7
3509 3868 8
3111 4096 1
3532 4780 4
2052 6644 3
3225 4287 6
3595 6698 6
3405 6916 5
289 2563 2
677 1646 9
5826 6834 2
973 1720 10
808 3606 5
2572 4483 9
3638 5925 8
566 2403 4
280 3537 2
1274 3348 8
1352 3455 1
5202 6058 10
1235 6775 7
1569 2634 6
3157 4873 4
3657 5945 9
178 5744 7
1105 5834 4
2845 3458 9
2941 4158 3
2449 6156 10
1327 1490 8
1813 3869 8
4209 6249 3
1943 6382 7
1583 5863 10
186 3484 1
2148 6483 9
3146 4752 2
1356 1831 4
795 4405 2
4984 5906 8
2067 3483 3
216 5361 3
1229 4259 8
4272 5735 9
168 1083 8
2527 3077 6
362 6433 3
897 1308 10
2968 6767 8
3466 3960 9
1024 5741 8
2324 3138 9
2185 4096 7
248 2040 4
1151 3945 5
1211 4704 6
2972 3055 3
6767 6970 2
2470 2791 1
957 5141 2
5101 5324 9
288 298 2
1285 2348 4
4254 6336 4
1429 4396 6
458 6841 1
3592 4125 9
1622 2001 2
4213 5301 2
3378 5892 10
185 1141 4
319 4784 10
1172 6949 7
2072 6483 9
1233 5642 8
818 2395 3
1868 2326 8
3041 6701 3
238 6571 4
291 4108 10
3082 6173 6
894 3103 6
1172 2598 1
1486 6914 6
3987 6356 5
1358 4128 9
934 1920 8
1744 2934 2
1282 2298 10
2567 6971 3
3750 4088 5
3657 5890 10
3962 5220 9
150 276 8
2780 3524 8
1325 1603 8
1604 2918 3
180 3044 9
180 1257 7
386 5445 10
1108 4829 2
3891 4256 9
1596 4677 5
4443 5738 2
1151 2860 9
5729 6254 1
3555 5935 8
856 2840 1
1370 2559 3
3448 6270 8
1536 3909 8
2917 3050 8
3904 5412 6
211 6748 9
3702 4762 4
1010 2367 2
3630 6004 5
2275 5323 5
619 3988 9
3772 3952 5
459 4392 8
3572 5297 10
2002 5028 1
189 1798 4
1494 4815 4
2748 3482 1
4205 5498 10
1649 6312 10
1685 6258 6
117 4687 10
3047 3671 7
48 5896 6
1900 4378 3
146 4584 5
4490 4714 2
2074 5117 3
1328 1453 4
539 3580 7
2304 4037 8
120 3255 7
4500 5600 3
1012 1367 2
1538 1806 9
1207 1261 4
2459 4738 8
4710 6379 10
1638 3882 4
265 4739 2
1602 3337 8
856 3095 8
1985 2170 7
5018 5635 6
2865 6131 10
4254 6999 3
560 4530 1
1975 2351 5
635 3092 10
2002 5190 7
3390 6781 7
4480 5840 6
3263 7000 10
5613 5770 6
2846 6010 4
3766 6259 4
380 1291 4
6151 6610 2
22 1533 1
236 1870 3
1982 3266 4
3438 6309 9
3368 3638 2
2882 4736 10
55 313 1
2626 3867 9
2026 4529 4
3014 6595 6
1008 2193 6
786 2975 10
123 3358 7
4090 4173 5
5479 6355 8
419 2447 9
3585 6048 6
2223 6592 7
2089 2099 1
499 5165 10
562 6585 7
566 5823 9
158 3379 6
1631 6400 10
2144 4479 5
670 4880 4
3159 5221 7
5261 6500 10
3284 5822 4
1784 5265 7
1306 2526 10
2423 2483 3
2428 3505 1
1474 3341 4
2059 3350 8
3735 6906 1
5902 5957 6
5607 6099 3
256 3558 1
1860 3570 5
3936 5452 5
1217 3787 6
199 2387 3
1706 4336 1
2421 6573 3
3299 6823 5
3229 5619 7
1264 3390 2
926 5356 5
712 4924 9
867 1152 6
567 5881 5
1263 5634 8
259 1351 9
1312 1951 9
549 2374 7
1363 6175 10
778 6025 5
2100 4272 4
938 2633 7
1102 1568 9
6541 6598 4
1641 2621 8
2 4658 1
4362 5616 10
3548 4572 9
871 3884 8
2183 6693 3
4351 5798 5
152 4838 8
5706 6460 10
3062 3949 7
104 4156 3
5221 6656 8
2468 3554 8
5988 6837 10
2288 5148 8
3194 5124 2
2980 6407 10
2224 4467 10
3149 4530 6
3568 4883 3
1658 3681 4
1439 1963 4
39 2796 10
812 5285 1
3901 4009 9
2996 3649 6
2078 5958 4
3554 6587 4
1644 2397 8
1807 2629 9
1027 6984 1
1712 4309 5
1285 4829 6
1049 2927 10
858 3040 6
1994 6129 9
2157 6960 6
709 2269 10
877 6816 1
318 1720 2
3503 5209 4
2156 4738 1
139 2552 1
1420 2177 6
1700 3738 6
54 6178 3
808 5318 2
461 2413 2
3091 3560 6
1793 3552 5
706 5724 7
153 356 1
5986 6120 3
1494 2593 6
1712 6387 4
422 1617 2
2936 6038 2
3450 5979 4
81 651 5
4037 4505 10
951 2650 6
962 2315 6
5201 5959 4
1858 5246 10
3809 4754 7
26 1379 10
3076 3161 3
5502 6641 5
1677 2745 9
985 4089 7
293 5580 5
262 1997 1
1741 5111 1
6430 6991 6
2385 4312 10
6648 6795 2
390 4020 7
2067 2843 2
3258 4392 5
561 3253 3
4407 5547 1
322 5191 7
2549 4699 4
3962 4168 6
2856 4218 6
2926 5433 2
934 6922 7
292 3539 7
1427 5638 5
4593 5441 7
1582 3069 3
1432 1621 1
1451 4377 9
542 3391 4
317 705 3
75 1559 2
823 2843 4
4331 6089 2
908 4734 7
921 6958 2
5226 6254 4
2155 5060 1
4161 4481 2
1708 2497 6
1248 5225 2
127 1644 3
2239 2998 9
1864 1975 10
2002 5000 2
3461 4575 10
5706 6685 9
3334 5814 5
3602 4796 3
850 5464 1
90 5859 7
635 749 1
4601 5272 3
1104 4732 8
1229 4844 1
3957 4528 10
2922 5427 8
604 1143 9
4047 6498 10
239 932 6
19 1825 9
289 2859 10
868 5434 1
92 4449 10
3726 6010 10
233 1859 8
3689 5873 3
3467 4165 8
2043 5006 8
322 725 8
302 3753 8
1797 4076 4
3250 4703 10
164 4178 3
1032 4433 8
3860 6958 5
4541 5920 4
6788 6989 3
2014 5358 3
3379 5342 8
3523 6214 1
2610 6091 5
1658 3723 1
533 6580 6
1010 2382 10
1937 4186 8
3349 4010 6
2842 4541 2
1471 3405 2
3254 6365 7
1495 3847 6
414 4353 4
2407 6313 9
755 4833 1
769 4036 6
1531 5133 7
1861 3639 6
3032 3918 10
5074 6708 1
4569 6820 9
477 2598 2
180 262 10
5035 5704 5
202 1370 5
1327 3219 7
3196 5098 6
263 5981 4
1208 5347 10
46 711 6
5870 6727 2
400 2787 3
200 5326 8
3104 5105 9
432 2648 7
2547 6181 8
927 1981 10
569 2903 10
3768 4821 5
1627 5496 2
99 489 4
1242 6402 4
6580 6876 3
2053 6717 1
1510 4115 7
3 2317 2
1787 3886 7
545 1830 7
3474 5978 4
2629 4776 5
2901 2915 4
2732 5919 4
1587 4920 10
5542 6750 6
2135 4665 2
3974 6140 4
3754 4529 8
3810 4955 7
3070 6549 8
4403 6530 1
895 1548 2
122 3687 5
1452 1733 9
4663 5795 7
2367 6638 7
4539 5164 6
902 6256 10
954 2627 7
3025 6105 10
2187 5180 4
914 6218 1
23 1083 5
2039 5968 8
3131 4011 3
1487 4571 5
1188 2169 6
4309 6293 1
629 6758 5
1715 4948 10
2344 5376 8
467 3493 3
2842 3778 6
2212 4296 9
3121 5508 7
4186 5537 2
589 4423 2
429 3853 7
2161 5317 6
914 3987 1
1514 3792 9
1301 3930 1
4505 4723 8
4923 5718 3
3899 4589 7
3208 6084 8
796 2422 3
4389 6509 3
5088 6275 1
2428 4969 10
801 4156 8
2872 3554 4
2773 5281 7
3376 5870 2
1977 6647 4
2620 4370 7
2487 5555 8
3618 4208 2
1508 3226 7
1188 6349 9
2987 6399 4
1683 4353 10
693 5662 5
4174 4519 4
1565 2163 7
5036 6334 8
657 5543 6
903 3552 2
1768 2109 8
4352 4455 9
219 1244 5
3070 3630 7
976 1608 9
3574 4297 5
5470 6694 1
1170 2123 1
2410 3674 9
2791 4104 8
3926 5070 1
2541 6861 6
197 3320 3
156 864 7
3669 6683 4
3387 5289 3
3444 4785 10
1246 3028 3
1298 6024 5
1139 2822 4
1054 2682 10
1399 3680 10
5522 6813 2
4908 5898 10
4091 6410 5
543 4489 8
748 2146 4
3162 5368 6
930 1106 5
2673 3135 5
1942 6322 1
1650 6306 10
2476 5394 7
3440 4152 8
841 6125 10
1315 3244 3
3756 5446 8
2692 5584 4
2198 3443 3
5591 6561 1
3127 4012 1
710 3019 7
4181 5008 1
1828 2253 6
938 1507 7
44 5506 10
135 2856 7
366 3683 5
370 1169 7
1646 5589 2
1664 3752 2
4082 5479 9
504 6064 4
5234 6199 9
594 2100 7
4765 6541 7
3827 4506 2
3148 3272 10
1225 5530 7
171 1020 6
2247 5317 10
636 3517 8
1024 6417 10
4095 4837 4
2915 4619 7
3358 4182 2
510 4011 1
4157 5650 4
4050 4426 7
3692 6787 4
107 5724 5
3155 4190 6
3740 4642 8
199 6931 3
2591 6177 3
67 5349 8
730 3185 8
5650 6080 4
1711 4793 8
515 2269 3
1885 3164 8
3720 4575 7
4786 6674 8
2022 3247 8
4773 5525 4
851 3950 4
1795 2122 6
2558 5142 8
5922 6814 9
4671 5055 10
1537 2919 10
4585 5332 10
2741 2781 9
3196 5367 9
27 1738 5
1975 4416 8
1101 5890 8
2928 2995 5
1107 1590 10
3905 5475 6
3174 6203 7
3252 4716 6
1270 4733 3
2854 6826 7
987 5738 2
1536 2819 5
5041 5459 1
646 1082 7
837 4970 9
2323 2506 7
1083 1169 3
5559 6171 2
1339 2205 2
2093 2129 9
518 5822 3
4225 5020 6
2712 4229 5
2653 3665 10
1308 5902 4
657 4444 8
2724 3026 3
4063 4946 1
42 1275 2
3167 4011 1
1125 1178 2
198 5991 9
3394 6906 4
2663 3428 8
2438 4249 10
4487 5983 2
2470 5696 9
1783 6037 5
992 6671 5
1928 3366 3
1329 3204 4
2688 5886 6
1631 2705 8
3147 6808 1
2246 4082 5
1312 4936 8
4562 6998 8
3444 5439 7
3485 6285 3
2028 2386 8
1480 1814 3
1123 3348 6
2823 5691 3
2386 3337 2
2968 6426 3
6517 6668 7
686 5664 4
3852 3912 4
129 1937 8
4327 4756 2
1357 4176 5
4471 4962 4
1196 6126 6
1860 2622 6
3473 4742 1
4006 6092 8
872 3847 6
4444 4992 10
1099 3604 2
4898 6760 8
38 1474 7
6008 6993 1
2103 2191 10
11 6574 5
145 3117 1
3477 3765 5
4471 6686 8
975 2682 1
2699 3028 4
317 4902 8
1216 5412 6
3649 5859 6
608 3148 8
4935 6166 9
585 3418 2
1944 2204 7
260 854 2
2459 2598 7
3240 3369 10
1889 5432 2
633 4759 9
445 4079 7
3412 5681 8
2014 6730 1
1887 4450 8
5503 6608 8
3126 5118 5
37 1119 3
2854 3514 10
4429 6640 3
3570 5012 7
1563 3392 10
75 5439 8
2885 3044 6
799 1304 1
360 5060 8
2159 6418 9
2667 6391 6
2032 5732 6
1829 3340 10
2341 6311 9
1006 1148 4
3270 4691 9
895 4934 3
2027 2543 8
4658 6196 6
810 6361 7
3892 4149 10
4195 5471 9
1202 6452 4
955 1784 9
1520 4797 3
1595 4032 8
2440 5229 6
4335 4455 2
6109 6746 9
4074 5366 6
1941 2338 6
1106 1354 2
134 481 4
980 4652 5
1620 5063 7
418 3832 8
2167 4057 2
5042 6475 10
996 5915 1
379 3355 8
1951 3974 1
1007 3224 5
1172 5363 10
28 2767 9
2715 5040 4
255 3072 3
238 4534 3
1598 1874 4
972 2827 5
2722 2838 4
745 3330 5
3187 4059 4
1534 2605 7
2378 6963 7
945 2743 8
1341 6342 7
507 5628 9
5234 6383 5
3496 5652 5
2989 3530 3
2861 4490 1
3606 4222 1
1354 5357 5
2996 5739 4
229 1049 2
1981 2018 1
1163 1647 4
4981 6205 1
3937 5953 8
4649 6907 8
3306 4232 10
3816 5092 1
341 5519 4
2517 2685 5
566 2935 8
2040 3124 7
667 1481 10
1403 6524 9
5714 6965 7
1130 1144 10
4018 4507 8
1049 1525 1
250 1010 3
5504 6455 7
1996 4021 2
963 1952 10
608 4792 4
5512 6282 10
790 6817 5
1140 5487 7
2978 4841 6
1308 5741 1
2995 4499 5
763 1658 5
5368 6297 3
213 831 5
631 1151 7
5535 6535 5
814 2240 7
1089 3582 7
2253 4428 7
2652 6655 2
1761 3635 1
72 769 6
6713 6881 7
3119 4760 4
1301 2078 2
221 2895 4
2016 2591 6
312 3575 2
140 1104 10
1214 2762 10
311 406 9
1044 6832 9
5845 6658 10
4868 6041 7
2417 5211 4
1916 5429 4
288 2734 1
1487 1738 8
6030 6912 3
3085 4092 5
4264 6803 7
502 5142 9
297 1630 3
5200 5661 9
2656 2964 8
541 6929 1
248 6665 4
3593 5181 8
856 1846 8
1781 3076 8
3650 4426 6
865 3916 9
2533 4669 9
3570 6283 1
474 3396 4
1577 2496 8
3207 5071 10
1068 3242 6
1637 2516 7
3654 4165 2
3601 6760 8
2514 3773 5
2715 4445 10
2777 4378 1
1857 6362 9
1126 5878 1
236 4042 3
5166 5825 7
2393 3964 10
1327 1905 1
1966 5176 3
981 1579 8
2518 3904 5
1704 1996 7
3455 3742 5
2321 4451 4
2958 4291 2
3716 6537 8
1235 4773 6
1167 6971 5
657 4763 7
4978 5505 4
2385 6240 9
1688 3380 9
2532 6825 6
4231 5744 7
4055 4797 5
4830 4846 10
3104 4487 8
4259 6578 4
5228 5731 7
2079 6613 1
3596 6189 3
78 4924 5
5170 5537 9
2170 3571 1
90 3798 8
3271 4754 10
275 6236 7
694 746 10
2878 4858 1
3834 4525 10
2239 4705 6
247 4943 5
145 2431 9
1622 3423 2
975 2049 3
3584 5684 6
143 4313 8
1616 2528 4
2485 3131 6
2577 6597 1
3203 5791 7
258 3125 7
1632 5995 5
164 5506 2
5322 6188 1
5122 5438 4
308 5833 3
793 5469 8
562 6699 4
335 6736 2
1313 5332 8
4118 6115 1
1172 3236 2
2279 5361 5
2278 5773 3
3356 5011 5
3188 5791 7
2475 5718 1
89 3391 8
1177 2224 4
2144 5587 1
667 1089 2
750 846 3
1646 6225 4
3098 3692 6
3045 6824 5
496 5783 1
2641 6313 4
1993 2378 2
3976 4197 7
13 5544 7
3591 3729 9
4131 5395 4
3339 5125 10
616 5805 2
160 5922 2
748 996 4
1757 6113 8
5943 6305 2
5353 6042 5
2304 5085 1
1732 6061 1
3779 4253 9
3565 5911 1
4816 6964 1
1557 5083 2
508 4276 3
2736 4406 3
245 6703 3
4163 4626 6
1402 2373 2
2411 2680 9
5095 6288 4
5302 5833 8
2029 2980 1
2404 3008 5
4419 5746 9
4311 4942 7
3215 3851 2
1616 5246 2
2464 6340 6
2506 6074 1
3821 4714 1
1510 2884 5
4657 5424 7
5122 6401 8
3776 4854 8
4137 6630 5
2850 4240 7
5260 6797 7
1520 3908 3
2582 3469 9
3079 3841 7
1952 3186 4
879 3535 8
3681 3786 9
263 6438 9
2692 3598 9
3839 4187 10
2919 3671 9
2264 6436 10
3720 4413 8
4071 4519 4
3482 5276 7
2118 2293 6
4329 6598 5
2270 6210 8
3023 6164 8
1893 3290 7
4908 5480 7
2126 3817 8
646 1175 1
204 4804 7
4925 5631 8
74 4708 10
3421 6430 3
1162 4399 5
5928 6924 10
814 6825 7
2187 6105 9
1443 5208 8
1462 4301 8
3386 3775 9
1285 2720 6
3575 4526 1
2471 3261 6
3151 4463 7
946 4644 6
331 2246 2
4588 5866 9
3727 3932 10
2315 4480 9
2634 5112 5
1300 4341 1
1748 3984 9
1442 6312 9
1689 6918 4
1481 2270 6
1145 6527 4
1315 4130 9
4610 6857 2
4678 5118 2
3666 6101 9
177 4593 5
103 2515 4
480 839 3
2948 6646 3
2364 4742 3
4466 4622 4
760 2624 9
1614 5977 1
242 1016 8
22 2193 10
2627 6719 7
907 4548 1
3217 4689 2
6398 6534 5
2465 6916 6
157 5062 3
46 3290 2
49 2681 9
825 4499 9
2174 4378 7
4149 5963 9
4762 5981 7
451 4622 10
4299 6918 9
2885 6881 4
2798 2949 6
3600 5035 4
2507 4270 8
1724 1974 6
3449 6801 10
2163 3944 10
1607 4012 10
1823 6388 4
1112 1991 7
939 1720 6
1204 3289 5
1439 2313 10
982 6176 4
1418 5590 5
2418 2508 9
3621 5820 7
538 1167 2
2902 2914 7
4159 6992 9
2418 4017 9
2186 5764 5
4161 5222 9
267 2608 4
2087 5135 9
1833 3023 1
794 6409 6
410 2001 6
4185 6115 2
963 3758 4
2095 6350 4
38 4105 2
934 2814 4
3250 5664 2
4000 6101 4
78 6061 2
610 3952 8
5499 6943 2
5060 5150 2
6301 6342 6
3193 4025 10
180 2436 9
2272 2426 4
4803 4953 9
1301 1648 2
63 6043 6
1782 4318 9
2009 2604 2
216 594 8
5231 6966 9
5310 6125 7
4512 5728 5
1775 3367 4
121 2249 1
1486 4426 9
1720 5734 10
2697 2943 5
2407 3691 2
4407 6854 1
2453 4779 9
1260 6028 2
628 4788 7
3367 4160 2
1255 6094 2
4724 6382 3
3150 4390 9
2772 3593 3
2462 2848 4
1893 2768 5
141 1640 5
920 6993 5
221 823 10
2464 5537 5
301 5539 5
1731 1872 8
490 6311 1
912 5621 4
808 1099 3
4727 6189 10
571 3403 3
4627 5568 1
3820 4348 3
2459 4568 6
468 3619 9
4153 5540 10
4778 5115 1
1399 2563 1
3256 5393 5
1230 3631 8
4818 4887 1
2060 3671 1
1720 6004 9
5231 5934 5
886 3880 4
2591 3498 3
822 4259 7
372 3681 1
63 1709 6
2507 5683 6
1521 3015 8
712 4520 1
3932 5654 4
3180 6558 4
3863 6431 4
4538 6106 4
744 4793 10
123 421 8
524 5587 5
1054 6203 10
3852 6680 9
526 4103 7
1934 6363 6
4157 4871 6
1146 2245 4
3379 5714 5
1486 2111 10
327 3753 10
3376 5638 9
3533 5239 1
3734 6558 10
419 5876 4
2637 5782 1
2752 5763 4
1440 3457 3
575 658 3
1746 2779 6
644 3793 3
1925 2403 5
2029 3604 10
225 3015 1
1408 6940 7
1971 4172 7
3947 6771 4
377 3915 8
4524 5174 3
4712 5574 3
2736 3521 6
1482 4688 8
136 3838 3
1366 6071 8
2691 6606 2
612 3434 2
1778 4152 8
1568 2959 2
685 6216 8
5040 5785 2
2456 5508 8
3457 6791 10
2021 3944 2
287 4238 7
429 2480 4
4658 6388 6
1161 6963 3
631 4438 2
1764 1983 6
3800 5965 6
2959 6659 3
1842 6788 5
3400 6285 3
2075 6638 7
1036 5384 3
706 1052 10
554 5773 5
1394 4753 10
16 2221 1
140 4863 9
2464 5752 8
466 515 6
3541 4598 6
4335 5115 5
2914 4362 4
1201 5051 1
2806 3418 4
4855 5018 9
76 2948 10
710 5954 6
849 6366 5
3721 4598 8
426 4950 6
1729 3086 7
16 195 10
5379 5638 10
84 3418 10
1386 5555 4
204 3802 2
905 1886 9
1686 4750 2
2605 6653 3
549 2245 6
2584 4336 10
6508 6539 7
205 4872 6
484 3692 1
1415 1560 10
941 2938 10
1856 5154 6
2006 6161 6
2847 6577 1
2093 5889 2
1274 3135 3
1696 4841 5
25 6520 3
2426 6514 7
1751 2421 10
1389 6631 7
940 4489 6
931 3207 8
556 4367 8
3895 5194 4
4750 5499 1
5938 6997 9
3163 3520 5
237 6631 7
2817 6186 3
2852 5784 4
3056 3794 8
325 1759 7
4353 6967 7
1457 1861 4
3702 6746 3
555 6004 7
1036 5655 7
3340 4968 10
1023 6380 5
1375 2772 2
1642 5122 4
3628 6767 10
2081 6029 4
1750 3780 7
1322 3392 5
1559 3764 9
549 1431 10
3530 4889 8
2138 4245 6
2366 3191 5
4200 4755 6
6762 6933 1
3176 3715 5
3507 3877 10
2981 3539 5
5556 6269 8
600 3917 2
5406 6647 5
950 5430 6
1268 5434 10
742 3315 10
2189 5621 10
20 4467 7
1028 4586 9
719 5593 4
582 2491 5
3065 6948 9
2206 6853 1
855 4145 7
441 3148 2
1229 1823 9
417 4044 7
1059 1698 6
1835 3234 10
2060 3067 4
3970 5102 7
1050 6511 7
2613 3521 10
2021 3065 9
1488 3216 6
38 919 1
2709 5345 8
4016 4722 8
3403 4732 3
1647 2316 3
1118 3697 9
894 3530 6
2741 3245 6
1453 6801 2
3237 6697 5
274 2838 1
1329 2873 10
994 4220 8
317 4234 3
1382 5932 2
1026 1385 9
567 4456 10
1331 3241 7
2759 5789 1
2814 5950 3
2783 4647 8
3669 5906 6
2120 4406 8
757 3284 8
2730 5151 2
449 1979 7
1323 3936 4
755 2732 6
1710 6473 4
5528 6048 5
2190 5232 9
1388 3877 4
453 6261 6
1048 5344 9
782 4021 6
898 1586 3
732 3375 6
1367 3690 7
2108 2334 9
3529 4250 5
3420 4229 6
398 4800 10
581 6117 3
260 1548 2
1614 3257 7
6096 6163 6
943 6388 7
1858 3778 9
2458 2477 1
1527 3875 9
5221 5334 5
1315 4640 1
4416 4909 2
4902 6623 2
2355 5584 10
1029 5422 2
159 5130 3
857 4710 9
1558 3150 5
1318 2873 7
1101 6452 4
982 6235 7
448 1380 3
143 1248 3
4135 5032 9
2910 6725 8
1135 1205 9
1722 4118 2
4793 6756 2
2838 4696 6
3200 6094 5
144 3524 8
277 6075 7
3742 4211 4
790 2073 5
1282 5326 3
2735 3151 1
1511 3087 9
178 5041 1
3924 4621 5
507 6777 10
1444 6195 5
2440 2937 2
5291 5948 2
780 2010 2
1892 4906 8
2991 3092 4
4129 4622 3
2946 5017 9
6515 6941 1
158 1499 8
5245 5309 7
454 723 3
5062 6363 2
3173 5420 9
2345 6047 9
3039 3780 1
1728 6687 5
3963 6489 10
1039 2907 1
531 3510 8
4379 5092 10
1413 2896 2
1355 1873 2
2 2841 2
1367 4051 6
2291 4118 7
703 2547 2
1405 6166 3
2966 6781 3
4091 5348 6
1343 2357 7
2304 3651 5
2607 4240 2
935 6832 4
2570 4964 2
196 2898 9
3824 5277 8
2934 5923 9
552 4356 3
2326 3750 5
1149 3976 3
3081 3593 6
3192 3267 7
3124 4231 5
193 2578 1
509 1360 8
2297 4362 2
4511 5869 7
1211 6867 1
333 4127 7
3606 4857 7
295 794 1
5978 6775 4
791 4323 2
3663 5617 2
2044 6626 6
3970 4014 6
5159 5756 8
409 3405 1
1141 2185 1
2845 6522 3
930 4045 2
799 2059 8
1334 5636 10
2024 3194 4
1776 1909 4
4943 5406 1
1301 2059 7
2056 4073 2
163 4775 5
3228 3952 10
252 6734 6
332 1597 4
2529 6683 4
3556 6740 4
3803 4992 8
1486 2699 6
4822 5535 2
3161 5148 2
318 3121 7
1045 6270 5
1862 6928 7
1180 3119 1
3875 4225 5
4927 5705 5
232 3491 3
2799 3790 6
302 5067 8
784 1760 1
2732 4550 7
3683 5887 1
3894 5075 10
2946 3400 8
1139 2917 5
594 1482 6
284 1184 10
2100 2913 10
732 4140 8
236 509 8
1611 2556 6
1363 6709 9
1359 3425 2
1481 5298 5
3169 5750 2
3857 4103 3
1077 1849 9
1209 4981 5
2806 4093 5
1402 2538 3
3315 6737 7
797 6821 10
2810 5537 2
47 4153 1
356 5776 3
52 663 10
470 2340 10
3151 3635 1
5712 5906 4
505 935 8
2851 3665 5
19 936 8
1640 3034 10
4117 6441 5
2038 6701 4
574 3948 6
21 127 9
436 4469 3
349 4139 4
1348 2627 9
531 3682 2
1647 3691 6
2896 5433 10
2464 3135 4
1312 1412 4
879 6993 4
1511 2667 2
193 1187 5
2358 3937 9
631 4485 10
1887 4284 8
231 4926 9
1315 1683 5
2477 6133 7
992 2762 7
4020 5280 5
1621 6320 7
4832 5816 1
2642 4852 4
681 6107 8
487 5752 8
78 326 7
3020 4464 3
2766 3508 6
3141 6459 6
4261 4582 3
1486 3808 3
365 859 3
2995 3708 4
4648 6424 5
840 1678 1
1906 2593 4
1634 1796 6
2156 4084 7
1702 2107 7
2033 3768 6
129 4020 1
1411 1482 9
81 4826 7
545 2594 9
730 3597 3
2501 4726 1
4702 5254 2
54 6317 5
2887 4178 4
1107 5305 6
1110 5806 6
3248 4658 6
231 5667 8
388 1839 9
589 977 2
3762 6551 9
2503 6353 10
2781 2832 1
659 4368 9
2859 5186 7
557 6009 7
1987 4534 1
3266 4471 7
3710 4557 4
108 3905 1
3195 5374 8
230 3889 7
297 2468 3
3893 6038 10
1479 3188 10
6212 6496 8
605 6720 8
2425 5945 10
2891 5253 10
4247 4452 6
1817 4556 6
595 3660 3
215 2957 4
2441 4604 6
805 3268 1
269 4152 7
2000 5650 9
1325 2979 2
387 1635 10
3579 5863 6
1631 3355 10
1616 3969 10
951 6729 2
3703 5496 8
847 1856 10
4000 5039 8
760 6701 10
112 4723 7
1613 5019 5
1308 6168 5
23 93 8
1653 6631 4
1255 5472 6
920 2379 7
274 6334 8
1793 3162 9
387 4319 7
491 6786 8
3900 4495 2
228 4842 9
1640 3323 7
544 4746 1
443 6193 1
202 5708 9
2764 4705 2
2529 3542 6
2510 4493 2
4519 6403 5
4580 5775 8
1616 2847 1
1863 3444 1
3210 5331 2
2297 6733 7
3556 5165 3
466 2622 5
6394 6433 8
1315 4932 1
19 544 6
2525 3979 2
2359 5841 1
1047 1360 3
1199 5937 10
4109 5847 9
3385 3939 10
2811 5395 7
204 2540 6
4596 5446 10
2156 6345 9
2942 5000 2
2304 5602 8
828 2734 9
3 1381 10
1801 5987 4
282 3972 4
344 4392 5
1910 5903 4
1157 3283 3
2661 2916 3
1975 5581 7
5141 6349 6
24 1102 6
190 3121 10
396 1274 1
1520 2708 4
2308 6954 4
3838 4984 6
1387 4912 4
3047 4710 6
660 6657 8
1254 4991 10
1755 2747 4
1644 4104 7
5422 5833 9
1267 2450 5
2617 3304 7
719 3446 9
5434 6112 1
2333 5810 2
785 4555 1
2082 6945 10
3263 4104 5
3576 4786 4
411 5312 2
2788 5722 7
3311 4549 1
1336 3745 7
1542 4584 6
3847 6162 9
1089 3417 2
2350 3438 6
1280 2097 5
213 1589 2
1710 2118 3
3442 4544 10
885 2326 3
859 2364 10
2059 3329 3
1047 1528 7
2222 6265 4
2539 4225 7
3241 3617 6
3772 6409 5
1713 2096 5
2877 5611 9
713 3440 4
690 1903 6
900 4737 7
3390 4746 1
68 5707 3
2254 4220 6
2219 5971 8
3054 5535 6
1438 3800 4
2618 5941 8
1259 1539 4
1677 2197 7
2064 6763 3
103 1835 10
2282 5239 9
3138 6477 4
223 4207 8
59 939 3
801 2965 3
2657 6642 2
1415 6550 8
74 853 1
5309 5434 9
1134 3406 1
2331 2723 3
38 4847 3
2660 5353 7
3055 5170 9
939 2676 1
4131 5176 1
5706 6021 2
1494 4836 10
4168 6171 6
3635 6883 1
1120 2254 1
613 1176 5
2401 6166 3
1881 2366 9
1592 2640 6
1140 6790 8
1218 5463 1
5993 6328 9
3630 4725 2
1557 2102 9
3809 5488 10
156 1678 7
1542 6505 5
1132 3831 5
1359 4412 9
1348 2069 5
1474 3030 8
558 3856 10
6147 6462 9
2745 5814 7
2350 4149 6
278 6215 3
2995 5643 6
3033 5461 1
930 2491 3
497 3938 2
5281 5385 8
189 6820 7
1123 1855 4
1246 2559 6
250 3444 5
1403 4289 7
2861 5032 10
404 1567 9
799 6596 2
590 6832 3
1657 5937 10
4957 6902 1
3819 6342 5
2220 3859 4
4669 6318 3
3087 4026 5
3069 3520 4
1658 4798 10
1590 3196 3
4455 5465 3
1031 4625 4
2516 5649 3
2544 3784 1
1264 2379 8
5904 6496 7
499 4111 7
4769 5661 10
884 5500 1
3097 6753 9
192 2564 9
2603 5443 2
919 4835 1
1920 2276 7
502 2470 6
4761 6239 3
1716 3626 2
5723 6176 7
5331 6286 1
403 4503 1
1082 2440 10
1917 4381 1
1525 3346 7
3286 3534 7
5016 5160 9
730 1675 4
4268 6141 8
4774 6158 6
4073 5869 3
83 2133 1
2719 4382 3
2923 6380 4
1162 3409 2
801 5518 2
1386 3351 3
271 2886 6
233 3472 5
3303 6011 6
1267 2987 6
3717 4261 2
1183 6329 7
716 4559 2
2714 4293 3
971 3599 9
330 4973 4
2050 5139 10
2130 5972 8
2740 3982 2
5058 6469 8
894 6073 10
117 6898 3
1185 2356 5
3488 4090 4
3682 3736 6
319 4684 8
3183 3990 1
6370 6605 2
2474 5845 5
2547 5253 7
5370 5780 8
386 1989 9
4242 5857 5
1856 6352 8
2637 2717 3
1117 2488 10
349 746 6
1015 3991 9
5699 6934 2
534 4850 1
708 2418 2
3159 6887 1
2661 2801 9
1247 4221 9
5549 6981 4
4588 6529 2
4070 5162 4
680 6281 10
4103 6094 7
1878 4799 2
1017 4472 3
1001 2775 10
431 2822 10
2172 4810 10
2880 3837 1
2784 4484 9
4529 6478 7
634 3878 2
2227 4876 5
652 2925 2
139 859 1
2562 3089 5
1906 5881 8
299 1947 4
2635 6857 8
807 3322 10
5808 6064 5
385 3782 5
4473 6877 3
511 5779 10
1679 1900 6
478 674 8
818 2668 1
894 6249 9
4220 5773 2
3670 5164 8
2242 3091 7
2674 4271 7
3024 4592 5
4490 6878 10
3127 3516 10
1230 4126 7
625 1201 6
3288 5976 5
1214 2462 1
4385 4835 9
916 2016 5
728 1287 2
855 6950 3
5009 5088 7
1707 3837 9
2398 4201 10
357 5660 8
2317 5349 2
4852 6621 2
1189 1349 4
1916 3537 2
1667 5157 2
469 1045 6
2533 4628 2
5465 6559 7
1980 2771 9
905 2633 5
4061 4790 1
3269 5339 8
945 2442 8
666 2131 8
2526 4197 10
2934 3807 1
4131 4285 3
861 6236 8
1761 2700 1
4981 6004 8
530 2102 3
400 2120 4
829 4329 9
2929 3794 8
2952 5395 10
887 6353 8
310 3622 7
2169 5798 5
974 3694 10
2975 3410 1
4207 6442 10
2953 3729 10
5846 6688 8
320 4706 1
1606 3461 3
1489 6346 9
97 1838 7
2052 5836 5
1152 4634 7
1275 5414 1
1785 5371 5
2659 2884 8
505 4733 1
1045 6464 1
761 2767 8
3442 4446 10
172 3908 7
336 4505 6
26 882 1
1361 4339 10
1804 1827 9
656 2358 4
2747 3544 7
4157 5612 8
4542 5382 1
666 1322 3
1919 3204 4
304 1811 2
1820 2215 10
2766 4910 3
1310 3971 2
5579 5583 10
888 2741 4
1561 1606 5
3994 4557 5
4755 6457 10
3208 4899 2
615 5522 6
1037 3437 3
764 3557 10
2276 6494 6
1294 4663 1
3499 6991 3
58 6912 10
2371 3768 8
4386 6155 9
3432 5193 6
513 6650 3
96 1601 10
2639 4491 10
1644 4225 9
508 3661 3
1133 5970 6
2644 6981 10
876 5241 9
4408 5319 8
3958 4292 3
469 2160 8
2006 2213 6
5973 6237 9
833 2353 4
86 3365 8
929 5904 1
1699 1737 3
2041 5397 9
3484 6196 9
986 2865 6
1978 6774 6
1825 2933 2
2379 6275 5
1571 6035 1
199 6128 2
3638 3659 8
415 3817 3
3391 4953 1
1846 4446 8
63 3073 8
4358 5571 7
342 2605 9
1248 2758 7
1964 5609 10
781 6356 2
41 4689 9
762 2975 8
2751 4573 6
3454 5596 7
3041 4532 10
2191 3073 6
3666 6222 3
5660 6948 5
709 5903 10
4177 4728 2
1829 4789 4
3477 4905 4
4783 5884 4
2914 5731 9
2253 3476 10
381 923 3
35 6288 4
2101 2753 8
6235 6653 9
3453 6565 2
4414 5913 9
3989 4611 7
3641 6976 2
825 5276 1
1106 4116 5
3295 5260 2
1270 4306 5
1848 5311 9
1015 6129 10
3123 3630 9
2536 4557 4
847 6806 5
3123 4568 8
456 5058 7
963 4307 5
4414 5374 7
3604 4664 1
2677 4064 5
1528 5517 2
2534 5989 2
6425 6603 3
333 3192 2
5249 6612 2
1710 4253 3
4936 5336 10
319 5934 5
951 4041 7
2924 6527 1
4517 6107 2
279 1559 2
35 4781 1
1359 3533 3
4048 4806 2
1641 2452 6
758 2976 2
25 1850 5
716 3450 6
1059 4540 5
4002 6327 1
4158 4665 3
12 1228 3
4653 5271 4
1259 2444 6
1351 1830 9
1177 2527 7
2196 2208 7
4110 6336 3
2314 4657 6
2368 5120 2
769 4862 3
3201 4560 8
4412 6827 1
2460 6577 8
1106 6781 8
4 3356 6
374 4510 7
907 6299 2
4801 6109 7
249 618 10
3066 6506 6
2433 6193 8
764 4588 4
173 5750 9
683 1898 6
3584 6428 3
3237 3401 8
5764 6888 6
5166 5338 3
1920 4117 9
1279 1868 3
393 3330 9
2572 3046 7
2190 4212 2
603 923 9
658 3955 8
1239 2947 7
1421 2373 8
4208 4985 1
317 5262 2
5681 6626 4
4665 5698 4
3771 6657 3
1061 4007 1
1126 3597 10
527 2056 3
2823 2863 9
3142 4023 2
3904 6102 4
1430 3281 4
2310 4600 3
1405 3419 3
1858 6127 6
2900 4677 3
3264 3356 5
2072 6053 5
1151 2038 7
2056 3712 2
3155 4472 9
1914 4751 9
3283 5693 1
276 2657 2
70 637 8
965 6025 2
2360 2448 1
2063 3648 7
2696 4289 3
270 6520 2
662 2646 3
1749 2684 4
1222 4393 10
2325 3136 7
2634 6895 9
1728 5437 7
4299 6746 5
250 6972 6
1610 2207 5
3556 4197 2
974 3670 9
4020 4224 4
3373 4392 8
2706 5001 2
3512 6063 6
4071 4794 3
222 6054 2
52 6815 3
2426 6999 7
474 4082 7
3346 3810 8
1 5698 4
5158 6870 6
4325 5737 7
950 6426 9
2454 2710 6
1866 2808 1
204 6776 2
92 1831 7
199 4422 4
446 4997 1
2552 3947 6
1390 5525 9
4413 5750 10
4852 5580 1
4190 5687 3
565 3448 6
786 3058 4
1370 3512 9
1650 1663 5
205 1883 3
672 4643 4
4509 5618 2
2409 5290 5
3684 4473 3
2286 5899 2
465 5941 4
533 1216 9
2406 4565 10
668 6598 7
3381 4819 1
1893 6756 3
223 1036 4
1160 1436 5
5469 6132 3
698 3728 4
168 4498 2
213 3208 10
2315 5611 1
1289 5081 5
657 2005 3
3442 3988 9
2129 2404 8
1178 2281 5
2300 3483 1
321 1425 2
96 722 5
34 6104 6
4834 5870 9
5698 6496 6
3871 6651 6
838 6044 8
3367 4376 8
949 4160 2
4219 5005 1
2785 4771 4
2574 4643 2
125 6692 6
1007 5088 2
3431 5030 6
3600 3959 7
594 5859 6
883 1446 2
1117 5942 6
900 6403 4
823 964 2
1067 4222 9
1446 6119 3
1163 5368 4
4423 6342 10
992 4768 3
1912 2690 10
3360 4637 6
1945 4473 7
5822 5945 4
1736 6719 4
1944 5007 3
4599 5414 3
1755 5844 7
1436 4881 4
4770 4809 3
1015 4905 5
770 1732 9
357 2414 8
1401 2462 7
197 4763 7
3038 5241 4
270 1864 1
146 6237 5
702 2718 8
2293 5986 5
361 1687 7
997 5171 7
974 4742 8
3754 6698 5
1074 1200 9
4210 6297 4
3411 4942 4
348 1106 2
414 5937 8
4639 5431 9
4990 6417 1
1402 6558 6
1157 6254 1
3411 4356 6
1067 5637 5
1398 5747 8
5933 6864 4
4112 4756 2
3061 5880 2
3166 5455 9
4804 4905 6
2512 6740 5
1418 3216 6
4083 5228 4
2251 3096 4
17 6007 5
675 5321 1
1172 2808 6
2539 3511 8
3033 6327 2
1926 6490 5
2528 5791 8
4527 6024 10
2711 3015 7
1626 3863 6
2129 2192 7
580 6658 2
3533 4049 1
2069 3144 7
1752 2726 3
2795 4550 5
4653 5525 3
408 4825 6
1746 4284 10
3278 6711 8
3715 4361 7
216 568 2
1939 4216 6
2631 3857 6
895 4352 2
374 2115 1
4100 5817 6
1655 4323 10
3312 5524 1
2478 3621 10
344 5812 5
1015 1188 8
1328 3346 10
2664 3591 6
2365 3210 4
2202 4941 3
1771 2186 5
2561 5583 10
5162 6132 8
1031 1738 9
2259 2774 7
587 2525 4
3189 4524 9
2925 5804 5
5912 6200 7
125 2002 10
3731 5663 1
38 2668 1
5148 6170 4
4717 5021 1
1614 3740 7
689 3904 2
3215 5453 9
4473 6361 8
3520 4412 7
1531 3362 6
3051 5851 4
3681 5704 5
629 841 7
4878 6294 8
4095 4292 9
10 4369 9
4466 5961 1
569 3193 2
4387 4674 6
4028 6199 8
1122 2606 1
4755 6259 3
423 3661 2
4639 6979 8
112 5822 5
918 6345 2
1227 6158 6
506 4108 9
5896 5921 9
4497 6175 8
1889 3359 8
924 5149 10
433 1753 5
5764 5823 2
3420 5639 6
735 3294 2
62 277 3
2168 5767 3
1264 5823 8
694 5946 8
1405 3697 9
2891 5179 10
3693 5757 5
3789 4554 6
1985 2001 7
1054 5191 5
128 2793 5
2600 4689 10
1411 3293 10
4475 5429 2
1985 5784 6
1631 3073 8
2541 2978 8
638 5688 1
1728 3190 1
5438 6952 7
1540 5681 2
2674 2749 1
2487 5302 8
660 4658 6
1930 4153 10
6065 6067 10
4087 4160 6
2035 2365 7
805 3522 2
1583 3779 9
1884 6654 9
3067 3356 4
76 4271 7
2912 3181 3
4025 4187 8
2577 3550 2
302 6401 8
3073 5298 10
2348 4031 1
3309 3835 9
4952 5095 3
505 5025 7
2602 6491 3
2861 4624 2
1521 3295 3
952 2317 6
370 3652 5
1429 2496 8
5740 5775 7
4036 6931 10
2476 4567 6
3151 5381 1
375 1951 7
420 2375 5
3994 5916 1
4384 4852 1
2763 5077 6
4043 4588 10
1309 6088 2
1347 2954 9
5546 6156 8
2809 3434 2
1384 6840 4
2525 5790 6
1354 3798 9
4424 4877 5
2264 3228 1
351 554 7
5397 5404 10
2324 6583 9
193 6016 6
586 667 7
3817 6982 10
468 1496 8
664 1233 6
1226 4774 3
3399 4613 5
3472 4627 5
2591 2949 7
1041 6233 4
1633 4605 3
2767 4354 7
3651 4888 10
1244 4642 3
1053 3312 8
1182 5877 3
2199 4694 7
4956 5330 1
867 3804 2
4910 6304 9
185 3137 6
2205 5747 7
1111 5578 4
1650 5471 1
1892 4733 4
5019 6987 1
1070 1414 7
2321 4069 5
1065 5647 4
241 2179 10
513 3057 8
538 6780 2
1744 2587 8
1627 6885 2
701 3564 5
1961 6516 7
451 2673 5
1533 4013 3
886 4141 5
766 4249 4
5287 5859 7
274 5701 1
3154 6540 10
2499 3698 5
1756 6370 10
4090 5951 8
5005 5407 8
1277 4536 2
1075 4533 6
2582 3414 3
1237 4105 4
1841 4850 10
571 3715 1
2086 6981 8
3709 5372 2
300 2428 9
871 2010 3
606 2108 8
1890 3899 3
3704 6945 4
131 3627 5
1596 3439 9
1125 5854 2
2099 5137 9
2600 5339 7
2269 4168 1
5496 6692 2
459 1831 10
3338 3563 8
657 4784 3
2465 5014 4
1148 1399 9
3819 6950 3
4957 6745 9
2961 6043 1
1996 5135 3
72 2251 6
767 5895 7
4981 5741 8
1390 3334 10
2155 2181 4
1175 5863 3
5807 6306 1
595 3802 2
4315 4733 2
1023 2317 3
2812 6112 4
1863 3686 2
1362 1809 2
2365 4432 3
1723 4514 4
2278 6919 8
504 2046 9
3129 6123 5
2755 5121 4
1115 5707 2
1705 1855 9
2651 5974 8
5835 6430 10
4095 4222 8
2231 3229 10
391 1527 2
3283 5723 4
3755 3851 4
4691 5910 1
2911 4052 9
1507 6805 2
2717 3204 8
333 3886 9
705 853 4
1618 6191 1
1630 4583 7
2238 3614 9
4990 6775 8
2923 5426 2
631 5030 6
4482 5528 9
2296 6243 3
318 2830 3
2826 5472 10
2861 6681 1
3081 4377 2
4424 4753 4
2153 6689 3
562 4016 5
3237 4482 4
3644 3953 2
4073 6458 4
133 1156 2
507 4069 6
250 5661 1
4367 6935 3
1670 3398 5
1844 4743 1
4526 5907 8
3082 5159 8
2926 5316 5
139 3816 10
157 2556 6
2038 4756 9
3538 5236 1
311 6369 5
94 6506 2
1416 3282 8
321 4021 10
4917 5452 7
340 3638 9
2697 3641 1
4876 6191 7
703 5874 8
455 481 10
924 4290 10
2615 5227 4
402 941 6
1547 6833 6
2607 6083 8
1033 1705 1
802 2890 9
839 4590 7
5630 6646 5
947 3917 1
709 1302 4
79 6418 3
3091 5889 5
911 2178 9
3261 5936 1
351 3185 2
2349 2838 7
229 1095 1
2471 4539 2
1438 2283 4
245 3486 8
4557 6424 4
2823 4838 4
2152 3054 9
942 4717 7
2296 3189 5
1426 2526 8
514 3528 7
2331 3713 6
64 762 7
1395 5417 6
1089 1334 7
1813 2020 3
2320 5165 3
5807 6133 10
338 5067 10
911 1762 9
6499 6688 5
2203 4673 5
162 3219 9
959 2072 3
2587 5623 10
2890 6529 5
356 1447 9
2124 3258 5
276 1723 2
2468 3179 8
3061 5214 1
2162 5546 1
519 1296 1
1502 6035 8
3238 6097 10
1709 4537 7
1462 2472 8
1411 1562 5
3239 3758 8
4866 6164 6
2477 6123 8
2495 4269 7
4633 4971 4
1182 5046 9
412 6677 10
3777 4438 4
428 501 4
3772 4681 2
3353 5642 1
3273 5145 4
1485 2438 9
3224 3427 5
4322 6101 7
1311 3504 6
1497 1845 6
4726 5274 4
4055 6916 3
2050 2453 5
3417 4686 8
1497 1734 3
2690 6073 10
383 4591 2
4579 5519 7
4139 6226 9
318 701 9
96 3601 5
5172 5566 1
1244 3134 3
2628 6438 1
2401 6597 4
2097 3890 4
5965 6848 2
2262 4083 3
1718 4711 5
1152 6759 3
1112 5609 2
666 6396 9
2160 6432 9
2307 4189 6
1268 2323 1
4842 5847 2
761 2559 7
1681 6719 4
3099 4675 2
981 5529 1
448 4747 1
23 5736 2
1 1441 7
159 5656 6
2556 3556 10
1417 3205 10
1326 3822 9
2737 2788 2
1551 4277 6
4112 6757 3
3280 3429 7
217 1823 6
3982 6972 10
1371 2697 1
4442 5950 6
206 866 6
2049 6448 5
5034 5648 3
2239 6760 7
1244 6394 8
330 5920 9
2982 4414 8
3740 5751 6
1706 4280 2
879 6855 4
2068 4047 10
3688 4377 6
3362 3398 5
1540 4562 6
1677 4965 4
4989 5965 4
5325 6292 4
2854 5300 1
5036 5923 8
3649 6199 9
4407 4578 5
1305 2628 8
2563 3203 3
5410 6430 10
1691 3003 8
1093 2979 9
2837 3102 10
1988 6065 1
865 2988 10
62 1852 7
4477 6934 3
311 536 10
433 1625 5
845 3835 4
5451 5853 2
3647 4694 10
4042 6231 3
12 3591 10
2643 4801 2
388 3039 3
4839 4902 8
2709 3799 9
5446 6979 4
1126 1324 1
726 4706 1
961 3100 3
2747 3271 6
819 1117 2
309 937 10
2004 5896 4
418 573 4
3023 5443 6
4748 6539 8
2328 3542 3
2761 4903 4
606 4842 5
1135 1648 7
270 5605 7
627 6452 2
2989 3246 10
559 2676 4
5698 5936 6
6540 6805 5
1084 1748 10
2303 6392 9
1157 5131 7
937 4021 2
1472 3414 9
3188 4419 10
2788 4292 9
1502 6423 10
2102 5450 7
4258 5981 9
3295 4160 10
5283 5577 3
2529 6090 8
345 919 8
2701 4471 5
3386 3391 5
3356 6027 6
4369 5101 3
369 2183 7
5920 5935 9
802 4341 4
4269 4365 9
2178 4722 7
2555 4073 3
582 5688 5
4359 6279 10
329 2523 9
461 2847 10
2312 4082 7
2410 4120 5
4114 6898 2
993 1099 10
3232 6730 2
2551 3367 1
3335 4485 3
1288 2252 4
2305 3370 2
1010 1865 5
1706 3640 10
894 3234 7
4790 6485 5
3796 5163 7
1000 6497 6
673 4825 2
741 2157 4
418 504 4
1766 4022 5
83 337 4
4999 5025 10
2715 4678 5
4393 5981 3
2265 3006 1
3494 5153 9
478 6029 3
2646 3264 3
662 5796 9
1767 6667 1
8 4132 1
2526 6469 2
1745 2790 4
3949 5866 8
3186 5768 9
5564 6521 4
3658 6474 1
3178 6595 9
1009 4063 7
3200 3873 5
3486 3875 9
3486 6253 8
1732 2072 1
3638 3875 9
1145 2148 8
601 3003 1
3692 4026 8
3094 4068 4
1194 1947 6
2879 4803 7
782 5855 7
3763 4409 9
92 4010 7
1977 3369 3
3336 5423 10
5319 6223 4
4131 4244 5
6502 6540 4
2558 5930 2
4397 6071 2
1618 2520 6
2887 6635 4
2820 5989 2
338 6566 2
3249 6437 9
2656 5804 1
2240 3515 8
1630 5946 10
659 1705 1
325 3380 5
1855 3910 9
569 5496 2
3689 3694 3
349 3594 3
5465 6297 2
4247 5820 3
236 1448 9
4124 5645 3
56 4149 4
1055 5369 5
1917 6622 6
1560 3328 1
517 3923 5
597 6831 9
90 372 1
1052 4313 5
2980 5900 4
4949 5893 2
4716 6841 4
1064 1090 8
301 6126 7
3799 6648 1
619 3217 8
603 5813 3
1979 3986 1
802 1059 10
3934 4401 9
126 4314 6
1811 2474 3
1104 6707 5
1236 3396 1
1263 2088 4
1055 2422 3
1177 1938 10
773 6352 3
2718 3887 2
3441 3708 9
2100 4006 5
427 1713 3
5740 6559 10
942 2196 1
3298 5571 1
1697 3931 4
633 4726 8
3178 5827 10
2563 3082 8
2183 5444 7
1090 3999 8
3373 6726 3
1646 3553 8
678 2184 7
2614 3253 9
356 4221 5
1811 5123 6
793 4647 7
1796 3031 9
4434 5293 10
3475 6580 5
4556 4761 5
3329 5371 7
4491 5205 9
1492 2001 2
4454 6052 4
3368 4766 9
121 5368 7
2322 3206 7
2048 3170 3
226 2349 7
2224 3780 3
4931 6475 3
649 3182 2
1433 3051 9
1127 6216 5
3888 6337 9
1490 5344 4
1636 1664 7
1104 1162 10
998 2448 7
4148 6691 8
2388 5667 9
379 3254 1
2787 6668 7
1294 4519 1
6111 6882 3
1915 2778 8
936 6226 9
4152 5173 1
1080 3004 7
3365 3492 6
5635 5885 5
4181 5698 2
664 2207 1
251 1761 2
1590 6418 7
5202 6305 6
953 3750 8
4393 5789 8
881 2029 4
6152 6399 5
293 1472 8
2445 3187 4
1350 4231 2
1117 4686 5
2987 3614 6
1410 4263 4
510 4853 2
4841 5923 9
1130 2550 1
2580 5915 6
1069 6834 5
2424 5168 5
1665 5893 6
6845 6957 8
3059 6533 10
2288 6836 7
3923 5783 4
1040 3358 4
2071 3363 7
4150 6830 3
4388 6030 5
178 2432 8
886 5545 10
6025 6196 1
846 2340 5
3836 4219 3
3817 4299 1
4476 6629 10
448 1784 1
306 6437 10
3791 6296 4
5922 6274 8
1256 6749 10
2724 3485 2
1795 5671 1
1785 3272 6
18 3210 9
3295 5333 3
3565 5735 4
2166 4812 5
444 2713 9
1009 2597 10
3152 5545 5
3425 6446 3
1065 6590 10
1075 5347 3
1295 3142 5
1650 5113 2
3281 5590 2
1908 4511 6
3215 6288 9
2203 4482 4
3049 4701 5
1104 4313 4
4415 6230 9
2101 2929 9
2532 3568 5
1937 4052 6
2892 3060 3
2817 5676 8
4175 5021 9
975 4716 4
3391 4564 8
2602 3576 5
1543 6955 1
154 3325 4
653 6077 4
1660 2190 4
1263 6901 4
1624 4108 2
1550 1876 1
4698 6289 5
2752 4464 8
3053 6953 6
1162 5561 9
2463 6078 7
1612 3085 5
4062 4655 10
109 6151 8
1912 2129 6
1828 2355 8
1040 5478 5
3533 3962 10
2983 6153 5
1938 5357 1
2796 4410 7
1902 1955 3
5527 6348 5
4445 5152 5
3329 3442 3
64 4964 1
2102 3177 8
806 4251 10
4270 4379 8
5277 6580 6
1645 2057 7
521 2608 3
490 4496 5
6297 6894 2
3206 3645 6
4345 4697 10
1632 3988 8
3315 6964 6
4080 4176 10
1676 2431 9
1360 2614 2
3550 4863 9
942 5777 6
3572 6688 9
2581 5594 2
819 2122 1
4279 5322 8
2638 6388 9
3675 6650 3
3246 4438 2
259 722 2
1658 6139 8
1382 1398 5
2508 6934 1
2056 3829 2
616 3037 10
990 2244 10
2357 3716 6
36 987 9
5131 5139 4
1226 6816 3
4534 5979 7
1612 3623 5
5527 6557 5
678 1699 5
140 2901 7
5378 6541 10
240 5941 1
496 4994 10
5798 6277 8
1553 1648 7
2207 6863 3
27 6333 10
1640 4008 8
305 407 1
1263 3723 1
3499 5656 8
512 4528 1
2450 3741 7
4114 4271 9
5563 6174 1
1417 4300 10
2983 4373 6
1063 1162 5
1108 4627 8
3339 4585 4
2388 4142 8
2464 3077 2
1340 3438 9
5357 5529 9
787 6754 6
2064 5294 6
6156 6706 9
1736 3748 8
5072 6352 1
2546 3297 1
2021 4385 9
1723 6195 4
1308 6857 1
456 6044 3
594 4517 2
423 3446 10
141 2818 9
3047 3056 1
902 4981 8
102 5885 1
4909 5634 10
2244 5723 3
2008 4811 8
892 2298 8
3468 6354 6
1644 5287 2
784 4507 1
4668 5720 3
5446 5830 6
760 3082 6
2973 3806 4
982 5676 4
625 3217 6
1422 6870 7
1818 2785 10
1783 4629 8
2915 3382 2
3195 4869 5
3408 3565 8
4540 5005 1
1815 4749 3
2639 4701 3
376 1712 9
945 1359 4
1601 6515 9
4206 6636 1
1555 5569 2
2155 5706 8
298 550 7
2239 4265 6
2976 6782 2
2993 5534 8
2269 4846 6
1410 3725 2
6570 6628 8
2823 5648 4
882 5266 2
1989 4411 5
1105 5447 7
902 3264 5
72 5711 5
1676 6997 5
4085 6864 1
5742 6714 1
2587 5845 7
120 1276 8
2692 5320 7
357 4149 9
1907 5335 2
729 6464 7
1984 2823 9
1623 2458 3
310 3435 4
259 3550 8
1320 6526 9
810 1013 3
2016 4006 7
1061 6816 3
21 2409 3
2589 5575 1
1115 3561 6
2129 4735 4
762 4080 2
2976 6603 6
1372 3058 6
3265 5839 6
879 4476 5
1864 3474 6
353 4498 8
417 4871 2
1106 4858 3
2731 2865 3
1605 5726 2
1071 1430 10
912 1405 6
1953 3547 8
1742 4490 10
4301 4940 3
3011 3636 9
204 4195 9
6716 6797 6
658 6819 2
2292 6768 8
2869 3982 10
1442 2722 6
4531 5246 6
359 6474 1
563 2214 4
4265 6048 7
1066 2972 6
1480 4329 7
3031 6002 2
563 571 2
3728 5432 1
1340 2451 1
2652 6412 4
4927 6367 9
242 3849 7
3211 6481 3
886 2272 8
4441 6583 1
1273 2348 3
881 2650 9
3705 5734 1
2309 4789 7
1283 1587 10
1188 1640 1
1561 3020 6
4272 4558 6
244 2827 10
6273 6906 10
2396 4610 1
4455 5512 9
2094 4685 2
551 1516 6
1613 5146 6
1550 5731 8
2046 3951 8
227 1382 9
931 3845 10
2051 6555 2
488 4260 4
6602 6999 5
70 2031 1
1910 3788 2
2753 5518 8
1145 4452 7
5320 5796 2
638 3902 8
3740 4258 6
3378 5333 7
159 2679 9
3497 5454 1
1815 5293 7
2159 4136 7
529 1462 9
911 2530 9
448 2940 3
310 6149 3
2715 4227 7
3947 5275 8
1270 1758 6
1412 2274 3
867 6442 8
2394 2480 4
3617 5031 3
3403 5099 7
2121 6269 8
2695 3342 7
3299 3913 4
1499 2803 1
50 130 7
1268 2041 7
4339 5620 9
3799 6922 3
2217 3925 5
695 5036 1
779 6523 9
620 4199 2
2385 4256 1
1494 4227 1
2162 3401 3
1382 2335 1
2163 3173 10
637 5992 9
268 2331 4
1234 1935 9
2614 4220 10
1421 5559 8
1519 1833 9
454 2906 5
342 1015 2
379 3055 3
1428 5516 2
3328 6652 7
5434 6074 2
269 4493 2
728 3440 9
596 1240 10
352 815 6
274 2215 8
3059 5940 6
4806 6034 8
517 671 9
212 5731 3
2351 4800 2
1408 6776 8
683 1163 2
1804 6043 6
4071 4277 2
2327 3564 10
4571 4956 8
2470 5796 5
620 3126 6
1557 1792 10
3818 6330 3
1871 3676 5
6068 6794 1
3245 5923 1
1786 2001 10
693 1747 5
2482 5871 9
3776 5100 7
2614 6812 8
464 1210 3
2679 4500 10
3264 5242 8
3859 4249 4
2832 3978 8
2936 6545 8
548 4328 5
3610 5048 8
2971 3514 2
1061 2328 1
1381 2107 8
131 2478 2
4175 5570 5
4101 4465 1
425 2613 10
658 3083 7
106 4437 2
4042 6223 2
3936 4571 3
2692 6577 5
2706 3696 2
225 3808 6
2926 6659 2
853 5525 9
3318 3755 4
358 3601 10
3082 5721 4
1278 3906 5
1800 6006 10
1233 3583 7
761 998 5
3331 5347 5
944 6087 9
4768 6855 10
365 1452 2
4124 4472 7
111 4103 5
2224 4428 6
198 3033 10
636 4244 10
722 6030 5
81 5166 7
356 2022 8
2476 5453 9
1182 5032 7
3200 3465 9
1842 2896 9
14 19 10
896 4747 10
2329 4413 7
1858 6379 3
4692 6048 2
219 5781 1
241 4434 1
1087 2648 3
1924 1960 3
3002 5596 2
1184 5300 1
1573 1886 2
4556 5876 3
1808 4742 10
1865 3683 6
6204 6429 7
525 4171 8
5041 6878 8
2119 4034 2
2124 4372 10
1166 3366 5
4653 6403 8
3814 6297 9
1638 2511 6
1901 2787 3
38 4238 8
1796 3095 6
1568 2579 9
2414 5600 10
1676 3817 8
965 1781 2
4420 6281 1
1376 4700 4
2573 3974 7
276 1342 4
742 4705 8
1919 6803 10
1468 2415 10
2316 3129 5
3770 5375 5
2177 4414 4
3283 4417 5
4537 6020 3
3942 5218 7
4308 4545 7
1345 6446 8
5070 6423 3
4200 6881 3
3156 5445 8
1113 2753 3
681 5802 10
210 3952 9
1825 3565 3
2821 4085 10
929 6285 7
3146 4764 6
678 5172 8
597 1858 5
1816 4123 1
4020 4277 1
18 2389 5
2511 6166 2
518 5810 2
1368 6151 5
48 5782 10
5817 6862 6
1551 4086 9
4487 5891 1
4399 4514 10
2916 3681 10
1787 5558 3
3540 4258 7
393 5412 6
104 6497 7
1112 1641 2
221 6437 7
2862 4513 10
769 1601 2
511 3309 9
488 4377 9
575 4616 3
4467 5887 3
534 710 6
3775 6364 1
3236 5083 1
2059 4452 6
4098 6578 9
1584 4314 10
2119 5089 9
4496 5450 10
227 6004 1
2236 5431 2
906 2283 7
2241 5879 5
2741 4718 6
190 394 3
549 5385 2
2487 6160 10
538 6390 6
1109 4193 6
3817 5031 5
146 4490 4
3682 5061 7
5292 6953 7
6453 6823 1
2415 5903 5
835 5645 8
159 2649 4
467 4906 4
584 1728 8
2243 4677 6
2707 3533 9
3813 5135 3
1091 2563 5
3085 3583 8
2748 6201 1
2177 4599 8
2621 6263 2
2605 6071 4
648 5112 9
1832 3287 2
1182 1335 6
5048 5157 6
644 1790 6
1672 2056 9
1323 6497 4
2547 4402 2
3574 3818 2
2252 2616 9
1876 3134 5
788 1966 2
6170 6424 4
2084 3124 4
2432 2785 9
130 4027 2
316 1987 8
2541 4290 4
3245 5502 5
2840 6298 8
2387 4953 4
1351 4480 8
2094 6569 9
2463 2555 2
2942 4463 6
2612 4812 7
5801 5812 4
6000 6212 9
1823 2697 9
2415 3020 2
2352 3558 7
371 2010 6
1063 3259 1
3159 5322 7
3830 6666 4
2256 6968 8
2150 2425 5
1891 3267 9
1305 6193 6
4511 4851 6
3988 6178 6
4129 5968 2
3624 4426 6
1226 6306 9
719 2713 1
579 5309 1
1769 2203 8
2834 3339 10
416 2244 5
2659 5313 10
229 1810 1
1138 5214 8
1443 5338 7
2687 5655 3
2164 3651 5
636 1693 3
4387 5133 6
5340 5510 8
2717 6692 7
893 3199 4
1436 1913 1
1212 4360 6
845 5657 8
202 1286 9
3518 4153 3
2926 3942 9
2281 5811 9
4178 6299 5
153 782 4
1421 6644 3
2687 6907 10
5236 6330 7
2781 5831 10
3614 5238 10
1562 6131 10
3526 3750 3
75 788 2
755 2565 8
2891 5595 1
3687 6448 1
600 5276 4
2140 4975 9
6333 6432 9
2327 2482 6
6706 6752 8
2361 5120 3
1872 5083 1
142 4151 3
1014 6374 3
4238 5596 3
63 4497 1
1392 3658 10
1494 6004 9
622 4762 7
5680 6772 8
2761 5531 4
1449 4549 5
3765 6238 2
2051 5179 4
1240 2374 1
6198 6895 1
1940 5469 10
4524 5208 1
217 4430 9
2172 6685 2
6772 6810 1
376 3516 8
2058 5939 7
1111 5856 1
1084 4838 8
5013 5583 7
1387 4526 10
2520 4254 7
638 4646 8
188 253 4
1173 2321 5
801 4538 5
2291 3302 7
3357 5859 6
1387 2796 6
369 2772 5
3297 4832 3
372 5008 8
5276 6084 5
4503 5329 9
2031 4636 5
1424 6152 8
1323 3687 9
2939 5356 4
1763 3680 8
3399 5161 9
757 2893 1
1219 4116 5
4793 6499 7
3560 4928 1
2400 4590 8
1259 2713 4
515 5131 9
2624 3391 9
2997 6928 2
1083 6844 5
1037 3374 2
5760 5800 6
329 813 5
1341 1711 10
383 4498 2
5498 6116 4
1240 5837 10
720 1706 8
1560 3213 9
2205 2641 5
1136 4589 8
199 984 10
208 6190 10
6236 6822 9
2499 4018 9
5227 5627 5
2604 5530 5
1061 2508 3
852 4764 2
3180 4481 3
1205 2529 8
571 5344 8
4260 5726 8
652 1795 10
2259 3705 5
987 1170 10
2202 3535 3
389 674 9
843 1633 5
3519 3863 8
3998 6357 3
2114 6918 2
2292 5433 6
757 5062 2
292 2151 6
3767 4902 3
848 4367 6
3 3631 7
3345 4417 9
72 6214 7
1558 1862 4
5824 6831 7
155 327 8
5007 6312 4
1573 2572 6
2954 5323 7
421 5660 1
2331 6235 9
1073 6569 2
2946 5207 8
3653 3804 7
4996 6528 8
373 4351 1
524 2321 6
953 4436 8
3782 4766 3
2349 4700 9
4537 6220 9
323 703 4
3455 6345 4
4755 6661 8
4151 4650 6
4371 5975 9
4881 5953 9
3701 5937 1
4593 4706 4
3266 5472 8
547 4909 8
541 4507 2
1219 1500 5
94 4250 4
5620 6508 10
475 6215 9
3911 5418 7
5471 5997 9
2588 5801 5
548 6775 8
1260 3711 7
3659 6947 6
679 3464 2
5341 6081 3
4800 5662 3
309 1182 3
1749 4603 8
732 6976 7
325 2763 1
846 3237 3
2692 6633 8
5250 5599 9
1668 5746 4
4069 6988 4
1903 5825 7
1412 5079 2
3513 5214 3
3849 3863 3
3995 5762 2
1315 4294 6
4617 5497 5
350 1357 4
1993 4125 7
1664 2242 10
2002 4960 1
1048 4730 7
4028 6393 1
4873 6089 2
5166 6647 4
2563 4664 9
4013 5557 8
1054 3438 5
3469 3954 6
3043 5126 3
1498 6526 6
2225 6394 6
4786 6799 3
1132 3217 5
3592 5886 3
1392 4966 7
256 1074 8
1807 6318 3
5646 6461 7
3358 4384 5
3875 4478 4
521 963 2
193 4694 5
46 2518 10
724 5382 2
622 3407 6
188 4605 6
1852 2079 7
94 1233 5
6568 6989 6
3173 3683 9
2034 3502 1
413 4698 5
3096 3520 8
4877 5867 2
1435 1709 6
974 3494 1
3194 6173 4
756 3619 9
1577 5009 3
1218 2947 9
181 4431 6
1256 6194 8
4761 5990 5
3731 4599 1
3103 6946 7
127 3447 8
686 6500 1
4738 6777 8
2248 4242 3
2074 3412 1
16 6304 6
2289 3549 10
3320 6478 9
2827 4666 8
473 1707 1
2236 2596 4
5004 6629 9
4023 5247 5
3237 6882 9
577 3911 8
279 2672 4
198 4309 2
1007 2585 6
6130 6337 6
4148 5484 9
4239 7000 1
4371 6606 2
2699 6672 2
6019 6398 7
1269 4613 5
6013 6209 9
6008 6216 1
1833 5165 1
4639 6967 9
4515 5202 9
2138 2552 6
768 2207 9
2392 3953 9
250 4440 4
542 2391 4
2021 6734 6
5170 5988 6
1950 2528 1
2358 2639 4
2801 4140 5
1523 6270 6
837 3654 9
3582 5405 8
3249 6140 7
704 3380 1
2979 4240 7
117 1451 1
3325 4063 2
887 2059 6
5727 5843 10
3690 5525 2
606 6759 10
2809 3115 8
3587 6533 4
253 4304 2
2006 6267 10
2848 3660 7
2743 4651 2
1066 3203 10
1841 6151 6
281 816 3
3908 4414 5
1938 5437 5
2769 5430 9
2494 3106 2
6088 6812 1
5048 6151 5
756 3963 6
2877 3742 7
5587 6046 3
1689 1845 10
3192 4193 5
877 1959 9
1633 1694 9
3928 5210 7
6157 6531 4
3146 4552 10
4335 6463 3
224 5030 8
3113 6472 10
2726 6190 3
2020 2859 7
714 3312 8
6216 6429 2
456 6853 4
3092 4742 4
4300 5941 8
2146 4140 3
3319 4918 1
3571 3896 8
3483 3749 9
84 3629 3
2025 6990 2
2967 5554 1
3196 6085 1
1205 4650 2
3285 4964 7
4169 6430 2
444 1365 9
865 1077 3
2336 2668 5
2193 3006 8
2893 4052 5
4164 6734 10
3103 3440 5
47 3083 2
1807 5692 4
1131 2017 8
4225 4456 8
5384 6043 8
2050 5368 10
2531 3030 5
837 2587 3
3387 3683 10
1812 3946 5
3231 3832 4
508 4806 1
6240 6825 7
2543 4816 9
70 3265 1
2143 4246 9
551 3172 10
4732 5954 10
1379 6662 8
2670 6967 9
629 6010 6
4563 6231 1
3806 4035 3
5607 6094 10
561 2548 4
1572 1870 9
1169 6112 9
2414 5300 2
3210 5600 10
3141 3465 1
973 3499 8
2413 4987 10
1062 1653 2
635 1678 4
2 5907 7
5520 6650 10
2404 4019 2
4967 6917 3
572 6286 2
961 6927 10
2622 5449 9
2234 4983 6
4057 6916 3
2383 6279 8
3621 6743 2
5726 6609 6
2674 4389 10
4296 6323 2
999 4051 10
119 2041 2
14 3907 3
344 5843 9
1657 3493 7
3107 4605 2
2723 3553 4
4107 5432 3
2683 4283 2
3769 6803 5
5161 5190 7
922 4100 9
1360 4113 1
31 3885 3
1401 3532 5
3663 6802 6
28 319 4
367 3100 3
2250 3700 4
5527 6340 1
221 3496 8
1797 2398 5
4098 5610 7
890 3096 6
294 3661 6
4331 6602 4
3352 5367 7
4527 5343 2
4984 6444 10
4098 4606 10
4559 5845 2
884 6501 7
3899 6652 3
2026 2948 1
2532 3220 2
224 6163 6
4169 6268 4
1741 6048 7
739 3606 7
266 2115 6
2724 6820 5
2809 2972 3
4678 6850 7
1570 4428 7
3879 3998 9
3068 4089 8
3336 3454 8
453 1907 3
757 6372 10
34 2535 10
179 2989 4
2246 6567 5
4873 5201 3
268 348 1
257 2686 8
987 3284 8
3424 5281 1
2134 3482 2
122 2282 9
2692 6102 6
4707 6156 6
2402 6393 6
4600 5150 10
3260 3754 10
2760 3338 6
1965 2826 7
977 3021 9
1445 5382 3
2622 4103 6
5742 6521 4
2426 6565 6
551 2395 10
2304 2366 1
3013 4129 6
1269 4144 5
2992 3059 5
508 3505 6
157 6473 8
4001 6852 5
4528 5286 9
4497 5580 7
1847 3564 5
2827 3460 9
4892 6492 3
2025 6455 5
4684 5911 2
3016 6371 4
330 2533 4
1636 5813 9
2520 5946 7
851 4650 1
1503 2197 3
5591 6065 2
1183 5169 8
2976 5117 10
1852 4013 4
530 4785 9
1849 4683 8
3929 5187 3
3478 5423 2
345 5339 2
4755 6036 8
568 6814 8
578 6871 5
430 5271 10
5780 6435 7
1008 1429 8
1190 4504 10
41 49 8
4742 6549 5
425 2800 8
1725 2165 7
1570 3014 8
1821 2755 7
5523 5740 5
857 1666 9
2684 3841 9
5407 5589 10
681 1177 3
5865 6818 7
2647 4741 10
1627 4706 9
2039 6826 9
1063 2979 5
4051 4882 8
1464 5607 9
4655 4692 7
1002 4401 9
729 5938 1
1831 2008 9
305 2552 1
4872 4998 5
1801 6796 2
2042 5475 2
593 1927 7
614 670 5
799 4257 1
2288 6920 5
917 6340 7
2258 5442 10
2128 6027 3
2281 5064 7
4052 6647 2
3163 6291 1
656 1065 1
4213 6476 2
1376 4966 8
1297 3679 1
4484 6464 5
2764 4712 7
34 5895 1
830 1923 10
2260 3677 2
883 2206 7
1375 6041 4
2224 3997 7
457 3508 1
724 4645 3
5739 6513 9
2094 5334 3
1421 6341 5
2618 6378 2
2914 4748 6
363 6670 10
1494 2623 7
1763 5006 3
1163 6694 1
1135 1506 2
1958 5421 1
1257 1791 9
3867 5957 4
2048 6440 10
1316 5620 7
4294 4587 4
1269 4933 6
2441 2495 3
6678 6955 7
1575 5896 3
477 1519 4
3561 3564 1
356 3735 10
3381 4419 6
3166 3844 5
3601 6296 5
901 5756 4
1248 3467 8
1576 5562 10
3293 5609 6
4130 4505 6
3074 6769 6
3520 6564 4
1077 5695 8
2073 3277 9
1507 5274 4
2435 3672 6
1293 5960 7
2022 6329 6
2527 3532 8
1261 6888 1
2375 4139 8
2621 4918 10
3322 5063 7
1985 4097 9
2121 4920 8
108 6966 9
388 6854 3
3267 6780 3
2353 4288 1
1392 6287 7
1540 5283 5
1841 6457 4
633 1523 5
3366 6380 1
2892 3335 5
2166 3262 3
1962 6619 8
4033 5378 9
4594 6396 9
1188 4517 1
1186 5433 4
4203 6834 7
2555 5725 1
747 1054 5
1042 2633 10
2487 4610 3
1048 2410 8
5486 6432 9
2046 6757 6
3277 4963 7
3277 4878 6
2246 3660 5
921 2540 3
1133 2871 9
2056 2993 3
4775 4961 9
2185 2726 4
4205 6538 8
1107 2386 5
800 4112 1
4032 5874 9
3187 5103 3
4195 4569 8
5204 5267 9
3413 5638 3
545 3233 6
551 6181 1
1241 6871 5
3608 6923 1
3104 5943 3
860 4476 3
5556 6294 3
1244 6697 8
3103 6469 3
1047 4439 9
2210 6986 8
2371 5270 7
1399 1876 3
5787 6383 4
3293 4595 2
3446 4002 3
4733 6140 6
1289 5184 6
591 2041 2
1322 6897 9
3420 5275 7
366 692 10
5815 6970 6
419 3262 6
95 5779 1
794 2553 8
3665 6038 10
2697 3240 4
460 3889 3
793 4077 7
2397 2710 5
1649 3786 2
2210 3824 6
4615 6627 1
1725 2719 2
962 1386 4
5242 5780 9
389 3742 5
4132 5938 9
3093 4678 8
250 1836 9
2529 5854 7
487 3565 7
3048 4461 5
63 4235 8
4899 6653 4
1985 4354 4
6595 6700 7
1382 4870 2
3948 4968 6
2753 5910 9
5477 6238 8
5140 6233 6
2296 2923 10
474 980 4
1929 3951 2
27 206 6
4727 6043 9
3295 4020 8
3313 3662 3
23 4551 3
1360 6234 6
4049 4438 8
2664 5764 8
1994 2672 8
1195 1907 8
49 1826 5
488 5176 10
2764 5403 6
2711 5293 4
2976 4111 2
2344 6311 10
4812 6226 9
3696 6985 8
2573 6108 5
890 3334 1
4079 4186 8
1884 2068 5
1155 1193 10
875 1211 8
5056 6463 8
4736 4837 1
3134 6658 5
1396 6659 4
1366 4343 5
4021 5661 4
1278 1983 1
2789 6207 6
783 6949 5
801 5579 8
35 906 7
3881 5482 8
494 4871 1
2557 4094 6
5206 5516 1
2935 4855 4
1929 6346 10
6405 6508 3
1045 5798 8
3364 6619 7
1925 4533 4
3088 5150 6
122 6864 6
1431 2201 1
1749 5044 6
2948 3025 2
2775 6613 3
545 2986 7
382 6959 5
497 5412 6
703 5517 10
2159 5672 6
2537 2889 5
1327 6157 5
494 4309 8
706 2435 2
4388 5596 5
359 4500 9
227 5030 8
1001 5388 8
5 1654 5
1561 4718 3
3256 6044 3
1203 6348 2
3038 3997 5
501 2898 1
1533 3847 6
3553 4064 5
2811 5257 5
211 941 9
3662 4886 7
1551 3290 5
3069 3483 8
1399 6970 4
1790 3451 5
794 4052 5
417 5216 9
3512 3596 3
1678 4093 4
248 6492 6
1357 5788 6
1588 2321 7
5263 6062 4
3286 3354 1
4282 6123 6
947 3462 10
817 5262 1
1240 4206 8
4137 5020 8
1301 5806 8
5752 6191 6
3957 6566 10
5245 5507 7
440 852 10
1371 4199 2
979 4271 1
376 5823 1
679 1545 8
747 811 1
1155 1345 5
797 2833 2
6512 6582 1
1353 5597 2
710 5472 8
3468 6709 4
816 3995 8
3387 5304 9
89 1454 5
2888 3252 2
14 1333 9
855 2569 7
1992 4580 3
679 2219 2
133 3260 4
1435 6354 2
4537 5424 9
1291 4438 9
290 6769 5
3617 4843 1
271 2508 4
3573 6991 4
1259 1479 10
35 6390 5
4383 6279 6
2574 4010 1
4504 5922 2
3950 5341 4
282 4298 9
1433 2256 7
1898 5489 10
4457 5727 5
644 3565 8
3421 4571 9
3548 4110 9
2128 6178 7
54 4160 8
186 4321 9
4115 4353 1
881 984 1
1903 2408 7
2138 4515 10
2275 4402 7
1163 6072 3
5755 5952 8
4244 6030 3
3235 4518 6
3519 6980 8
3958 6855 8
108 241 4
652 681 1
406 908 8
1404 5110 6
2361 6557 10
1165 2853 7
4693 5569 1
2634 3003 9
711 3398 10
1760 6580 1
1536 4395 5
1941 3215 10
576 1138 3
340 4536 8
3141 4964 8
4024 4286 10
72 186 7
5851 5865 8
1141 2722 3
466 479 7
1525 4570 2
138 2596 1
229 3661 1
887 4108 2
1375 2971 2
654 3378 4
4560 6988 1
648 3121 3
2574 3673 5
3862 5239 5
1010 4328 8
769 6240 2
237 6892 8
4874 5969 10
1237 2301 10
327 4805 6
2694 4916 3
3123 6271 6
1 2006 4
5481 5673 1
4657 6068 1
656 2590 6
3534 6945 7
5177 6826 6
1198 4892 6
1248 3448 3
328 1673 5
1270 4366 7
1211 6770 10
3021 5071 9
1536 3326 1
4428 6362 1
735 6369 5
2635 5780 4
5624 5959 9
1085 4232 10
829 1406 4
2485 2585 1
987 4550 10
1447 6894 7
4802 6674 1
1420 3081 6
2108 5604 8
4591 6414 7
1730 3276 10
614 5314 4
2846 4405 4
373 5540 7
1335 5305 8
916 5117 1
999 3348 3
6160 6556 2
984 5923 6
1008 2235 9
1242 1288 4
982 5659 1
2686 2858 7
3290 3910 3
4038 4971 8
2509 6455 4
2753 3567 7
2531 3334 1
1285 2089 1
1663 4535 4
4534 6370 5
2020 5020 6
1526 3297 7
4146 5416 3
639 6913 8
450 6875 9
3687 3917 9
216 2737 5
223 1303 7
1320 6113 6
731 3594 10
415 4643 7
741 6623 8
6324 6478 8
109 6297 8
4372 5101 8
223 4930 6
1199 3625 6
297 521 2
2680 4945 4
1715 3626 6
514 2399 5
3 6822 2
283 1179 4
1013 3470 3
3334 5430 5
4116 4515 1
1222 3805 3
1752 5363 7
1222 3542 1
674 6021 7
3465 5488 10
805 5921 8
984 1520 5
1255 1383 8
3591 4631 6
4371 4836 7
1794 3870 6
3095 6584 9
762 4951 8
357 6634 9
1524 4246 9
1380 1980 9
3567 5308 4
181 5172 2
1932 3198 7
3807 5287 5
5209 5303 8
1117 3273 4
5544 6966 7
2971 3111 10
123 482 1
4326 4544 3
1529 3585 5
3938 5961 3
6535 6548 2
1314 2876 9
2761 3171 6
4151 6406 9
3540 6853 6
375 5496 5
3392 3556 8
3410 4304 10
427 2450 5
2982 5827 2
1654 1853 4
6216 6323 9
1910 5006 8
6734 6964 6
1200 2806 2
1969 4834 3
384 4198 7
363 2538 6
1691 3633 2
3145 4668 1
2203 6084 1
1119 2410 2
274 2073 10
21 2276 7
2181 2967 4
3415 4731 9
4070 4338 3
1893 4910 4
2760 3119 10
822 1025 1
4282 4341 5
2601 3583 7
2603 3298 4
771 1276 1
1471 2751 2
3244 5589 6
5246 6509 7
2365 3537 1
71 4343 7
1696 4465 3
2857 6726 1
1343 6827 6
649 2940 7
2108 2697 2
1384 5511 8
2626 4084 7
5123 5858 1
6422 6641 2
3844 5774 7
4412 5920 6
1158 3675 10
551 1996 7
2948 2975 5
2302 6133 2
4722 4959 7
2100 3467 10
3059 3150 7
206 4943 7
2094 2745 3
1900 1976 10
1419 6298 2
2140 4883 7
2278 4591 8
3134 6809 6
625 3157 10
4918 5290 6
1956 3541 9
1587 5267 6
5130 5850 9
525 5652 1
1845 6392 6
1487 1717 5
797 3198 5
4161 4177 1
1547 3388 2
2851 3707 9
3259 5369 10
4645 6506 10
2054 3903 9
22 4454 2
2509 5903 6
6236 6289 9
219 4190 5
742 2519 5
4323 6803 9
5963 6462 3
396 456 3
285 637 8
2085 6428 10
1616 1724 6
2276 4722 10
2935 3250 5
804 2379 4
2635 4708 2
551 6988 7
4302 5344 5
2057 4931 3
498 6297 3
2133 3140 2
1934 2689 5
362 1875 2
3089 6918 2
1646 1970 4
3848 6004 2
1610 6904 7
787 4042 7
2228 3371 6
4008 4750 4
3944 6598 2
103 4593 9
461 5713 9
2078 3122 10
906 4369 2
128 3654 4
713 1553 3
2983 3041 2
1714 3407 5
1246 5597 7
1880 4036 4
2754 4608 3
401 2801 2
1806 5010 6
1549 6791 7
1275 2027 7
1243 2282 5
769 2741 8
2951 3939 8
1838 2535 2
3455 6122 8
2872 3888 6
2528 6402 1
4267 6551 10
2320 3326 3
3006 3298 5
755 1709 1
1071 2417 8
1877 3774 2
2076 2155 2
875 5635 5
794 2946 1
831 877 1
1774 2004 6
300 5069 5
1748 6562 3
2725 4212 1
1419 6214 7
3290 5134 6
15 3808 6
2755 6937 5
2836 3028 2
4437 6291 4
5461 6729 1
304 4229 6
1185 4394 10
808 1848 2
205 2197 5
4159 6783 10
2971 3714 6
2979 5232 2
4558 6863 2
972 2279 3
3528 6214 7
3738 4453 9
427 4228 2
2830 3985 3
1360 2309 7
3658 5459 7
600 4576 3
1694 2783 7
2149 4897 1
640 3220 3
1786 5038 5
2088 2366 9
762 4591 1
2334 2885 10
4030 6454 5
1884 2192 1
4365 5306 1
3406 4362 7
1418 3597 8
1384 5352 8
553 3032 5
4166 4316 6
3435 3492 5
2792 5994 2
728 6051 4
5309 6766 10
48 3059 2
2018 2874 4
3066 5488 6
1550 4646 3
365 4560 8
1213 6990 3
1107 6875 5
6517 6753 10
790 1848 8
4738 5262 5
1177 1820 4
2006 3617 9
1776 2812 1
2442 6735 1
1515 4863 5
715 5230 7
2631 3772 1
329 3730 7
3810 4103 3
4480 4887 6
60 790 7
2927 3701 5
283 3425 10
572 3415 4
1991 5578 3
95 1772 4
2988 6945 8
2623 4081 1
540 4623 9
3298 4359 9
277 354 3
877 6953 7
5149 5430 6
859 3314 5
3002 4405 6
1596 3210 10
946 3988 4
1088 1418 9
5295 5879 1
4329 5231 8
757 5052 8
226 5415 2
1092 1157 10
1833 6925 4
991 3550 2
3838 4353 1
2456 3635 10
493 4672 3
3746 4730 4
782 1438 4
3077 3323 9
1618 4242 4
1503 3105 1
548 5096 6
2891 5433 10
541 5028 3
2343 4328 4
3149 5040 8
2701 5663 7
1587 4673 5
2526 5950 2
2583 4444 1
1257 5625 7
2256 5694 9
4276 4453 5
889 2026 10
2523 6929 1
1171 2703 5
1868 2698 7
4064 5494 2
2813 6731 8
1405 6849 5
5677 6440 8
2653 3317 9
3191 6649 6
3003 4935 8
1140 5855 2
2018 4660 2
4465 6810 2
1082 2101 3
1945 5083 10
4005 4116 9
1124 3466 5
379 5935 10
481 6159 2
94 4635 9
900 3257 2
3765 3877 6
898 2445 7
2276 3949 2
34 1988 9
3906 4441 5
2600 2610 3
1180 5081 6
4758 6740 2
396 6875 10
428 5345 4
2733 3855 1
884 5308 5
745 5052 6
2152 6311 2
3485 4619 5
982 5630 4
1666 2676 3
984 1444 2
3054 3812 5
49 665 7
2575 6572 8
2844 3208 8
287 2393 5
99 444 2
3707 5597 7
2905 3441 5
2612 2751 5
2024 5460 9
75 3836 9
2123 2844 1
2016 5355 8
2077 3762 8
2347 3019 7
411 4037 2
1665 3314 2
1418 1467 3
3409 3792 3
1356 5336 4
1555 5895 5
2436 4306 9
4460 6337 2
203 6942 10
538 4686 5
369 2059 8
3182 5060 2
14 5786 3
1022 6584 9
1097 3488 5
5054 6867 10
2687 5294 4
2287 6876 6
1421 3691 6
140 6492 8
3184 3546 1
2799 3693 6
987 2054 4
5912 5953 7
4092 6074 4
570 998 9
3310 4603 4
1404 4467 3
860 2899 2
125 5655 10
1635 2127 3
2007 3997 2
3089 4284 1
1880 2230 9
6160 6526 3
1176 5746 9
256 6602 6
759 4802 9
4573 5068 6
1434 5297 9
1257 4090 7
1140 3830 4
4310 6872 7
3379 4205 1
3406 5028 6
2415 4141 3
226 581 5
1843 3812 8
1551 1609 10
1166 3477 1
3714 4015 3
8 2578 10
571 5314 8
218 5143 8
2000 5440 6
5355 5949 2
3061 6539 2
927 5545 4
2549 6312 8
2748 3299 3
1897 4126 8
3919 4963 6
3958 6586 7
675 6946 7
1075 4728 10
3858 4669 10
120 4034 3
2463 6955 7
4233 6323 8
2247 3337 6
2780 5428 10
3427 6557 9
2359 3972 8
1323 4131 5
5242 6766 2
2075 2315 6
1714 2115 10
2257 3294 3
579 2196 8
2715 6829 3
2395 3331 8
2163 6649 5
4664 6662 10
3783 6914 6
2521 6530 7
2488 5232 3
291 3346 6
1412 2522 5
604 5765 9
5303 6535 8
909 5004 3
3102 4762 1
84 4595 4
356 4435 5
2795 3139 10
540 5845 7
1737 2299 5
1155 1175 1
2441 5106 5
877 4585 5
676 6799 4
991 6940 8
2591 3703 1
1298 5897 7
2685 2971 10
175 1857 9
160 2058 5
1647 5223 7
224 4439 8
2651 5566 10
2877 5171 1
2751 5405 7
5930 5957 8
1015 6109 7
926 5263 9
924 4298 10
3273 5870 10
3553 4937 7
3203 3388 3
659 1367 2
32 6072 2
4440 5166 2
3273 6907 4
281 3033 6
182 1449 4
641 4696 10
1889 3412 5
324 708 8
3129 5223 4
1444 5888 2
1342 4304 9
1842 5020 1
4909 5073 5
488 1240 6
4866 6334 1
1123 5522 9
1221 6040 9
1836 4632 1
4632 6554 7
2879 4455 7
813 5110 1
1553 5039 1
1282 5199 6
4377 5249 1
270 2115 10
3130 5321 4
2759 6538 6
2992 4831 10
2505 5245 2
2918 6855 1
358 4128 6
1317 3481 2
2244 4642 6
2039 6100 3
700 4995 3
3735 4221 10
716 1069 1
92 3677 6
118 2496 10
435 6432 2
106 531 9
1032 4733 4
2272 3421 7
2206 2557 9
2134 6456 4
2754 6299 6
1095 4897 7
587 2060 2
1103 1657 6
3230 6790 4
4388 6591 2
618 6741 10
2980 6058 4
3681 5756 9
3380 4241 5
6547 6648 5
271 1679 9
471 3220 3
192 6799 9
1308 5817 9
4346 5424 8
317 4005 8
1384 4418 9
1035 5693 5
2225 3106 9
609 1674 2
886 5738 8
2941 4515 7
3471 3788 4
1371 6452 4
5513 6624 5
4072 5223 2
1193 4661 10
21 1330 7
849 2214 1
1012 6170 3
169 6786 1
3545 4396 1
1885 3913 9
1598 2248 9
378 5767 4
1605 2523 4
776 4947 5
617 1545 6
875 4175 5
388 4308 7
2031 6811 4
138 4302 3
2438 3711 4
1010 3609 1
1626 3679 10
3453 5778 1
1625 1690 4
5535 5914 2
1074 2938 6
1250 1384 3
615 1654 2
4009 4366 10
2114 4944 6
338 5939 7
428 4888 3
2580 4375 4
1419 3402 1
268 5259 1
626 6086 10
1594 5631 6
2307 3210 6
1749 3880 8
6008 6332 3
1557 3050 9
4004 4196 9
1607 1695 10
1847 5170 7
5171 5782 10
4453 5852 2
2979 5009 2
3434 6475 8
3514 4983 2
4756 6525 2
185 3782 7
1976 3255 8
1263 3772 5
381 2185 10
578 5093 7
3218 4885 3
2197 3613 7
1743 6373 9
1377 2826 2
4577 6797 8
2420 2674 4
1603 6080 1
2986 4000 6
526 5072 7
1413 5623 3
3697 5753 4
5683 6190 10
2511 2950 2
3111 3668 4
3859 4787 7
1151 5105 4
144 776 9
941 4814 2
877 2203 1
5440 6819 7
434 5757 6
6294 6775 9
673 703 5
1007 3185 1
3362 4816 8
987 1772 9
3887 6410 1
2012 3013 1
1501 3319 3
3418 4432 8
2570 3061 8
2120 3028 4
2785 2983 4
703 4149 2
2167 5473 3
1386 3000 2
2684 5849 1
694 6525 3
116 2991 4
4309 5644 9
2694 4659 8
1101 3791 4
2174 2322 2
1679 3535 6
3039 5526 5
1480 5340 2
3785 5786 7
3385 5169 3
5118 5899 3
996 5508 6
1487 1663 2
349 563 9
214 2805 8
2636 4904 4
2769 3341 9
2338 5354 1
2132 2730 10
2668 3848 7
262 285 3
1264 6326 5
3230 3916 1
36 2734 4
3559 5020 2
2502 4663 6
319 2230 9
1233 6208 5
657 4449 6
4459 6317 7
1204 1967 6
492 607 8
1373 2397 9
2569 4079 7
3501 5775 9
2346 4720 2
815 4449 4
2632 6599 3
514 2348 5
385 4724 3
2999 5867 10
1862 3178 7
5785 6542 1
4222 5242 5
2338 3166 3
4881 6835 3
1168 2438 5
3992 4160 6
5220 5687 8
147 2831 7
3443 5136 2
2406 4112 5
2668 3545 7
3586 6764 5
68 2055 5
1586 3559 4
2277 5045 6
1468 3096 1
2837 3530 1
1648 3975 5
2174 2388 2
2361 2868 6
4477 6986 5
3436 5442 6
2294 5043 10
3397 3947 2
3570 5334 1
270 1551 8
815 2003 6
6277 6965 3
656 6146 6
2830 6296 10
1930 2547 9
1746 3360 2
3016 5673 6
5151 5274 2
497 4111 6
1409 2053 1
2017 6110 4
2342 2994 10
202 3797 3
2576 2833 5
4701 5852 5
274 3733 5
4076 6629 4
5488 6232 6
4594 6676 10
3204 6612 5
605 5088 3
3341 5642 7
1189 4329 9
1887 6281 5
4256 4790 4
1270 6203 9
1875 4246 5
3584 4766 9
1231 2840 4
2160 4256 7
4289 5931 2
1475 6363 9
2083 6130 3
298 3767 9
453 5060 7
940 4596 4
3216 5747 6
490 3688 8
1987 5868 1
1097 4267 10
3773 3841 7
1971 5844 6
1118 3017 5
1362 4881 1
1232 3843 8
5748 5860 6
1071 2616 8
60 5113 8
4022 4472 6
1257 6965 10
2088 4468 7
3131 3908 2
606 4285 3
1369 5565 4
2058 3846 5
252 3078 10
2873 6560 9
348 2224 5
2585 3489 9
3130 4896 2
755 5402 7
907 2439 10
2856 6191 9
1665 5084 6
4729 6071 5
221 6468 3
5326 5635 7
3545 5944 9
130 4427 3
3101 6681 5
5145 6809 3
2099 2647 10
1501 3540 6
2880 4592 8
1836 2561 7
574 3940 4
5599 6519 3
5491 6349 4
954 2308 9
3076 3780 3
1439 3070 7
3789 4689 3
4815 5205 10
3317 5241 8
1558 5783 4
985 4979 1
2442 3438 4
1781 3232 9
4021 5260 9
515 3106 5
4340 6285 3
584 4553 6
1412 2661 7
439 3901 9
1504 3620 10
1873 4569 7
1171 4451 4
398 1207 2
6645 6920 4
2878 2907 6
4730 6913 1
4377 6943 8
1465 2024 4
1615 3601 6
5677 5884 2
3030 5664 7
3412 5341 5
2068 3674 2
414 691 1
959 4674 6
1117 6655 10
3173 5749 9
3773 6504 6
407 4507 5
1122 4492 6
6017 6283 10
818 4104 3
2854 6632 10
5732 6135 7
4136 4707 5
2678 6535 6
223 5367 9
2823 5864 2
4824 6276 6
2559 3503 5
3623 5929 4
2332 6461 2
5705 6748 7
4905 5948 5
2711 6693 9
2115 5231 9
276 5206 4
3886 4318 10
2253 4897 3
3940 4705 2
4770 6143 1
344 6103 2
1069 3320 9
301 1887 1
1019 2611 1
792 5050 8
1422 5734 5
89 6858 10
5215 5899 1
1744 6271 7
4203 4852 10
2462 4509 6
2030 2886 1
2669 5213 4
1754 5194 8
401 3874 6
557 3374 1
1033 3047 3
3715 4531 1
798 4053 2
1186 6097 7
4080 4113 7
5628 6537 3
4394 6988 4
5955 6082 10
257 796 4
4326 4687 8
4350 6892 1
2298 3521 8
529 5383 2
2335 6010 4
1044 4633 3
4515 5105 2
1090 4104 2
2459 3494 8
5421 5712 6
65 2143 6
1335 3725 2
4638 4968 3
3534 5501 2
1310 3122 2
2807 4426 10
3199 5730 4
264 5298 8
4660 5806 3
4284 4642 5
5479 6192 9
2108 4170 4
5519 6518 9
404 4156 2
2868 4359 1
1058 1490 10
1591 6415 1
2344 2581 9
18 3144 8
1732 3256 4
3269 3671 10
4817 6637 2
708 4758 3
3041 4988 8
271 6180 1
6509 6994 7
3579 3662 5
3313 6512 9
2218 3622 6
4796 6031 2
4244 4953 6
2300 2560 2
345 5046 8
87 230 4
334 1724 3
715 4176 5
5950 6878 7
2462 2512 6
784 4485 1
5086 5686 4
3353 3687 3
1221 3296 9
1896 2648 8
1153 2422 7
1083 5325 8
2046 6207 5
4036 5636 7
1033 6164 3
5661 6184 1
1584 5263 2
2437 4195 10
386 4304 1
320 5464 6
453 4917 5
2576 5714 5
2841 2856 5
2892 4935 10
1 3705 10
81 892 8
2823 4043 10
825 3742 4
2692 4205 4
1151 4041 3
384 402 10
305 5504 10
284 1113 8
1735 6879 9
1555 6192 10
4923 6514 6
828 5672 1
3581 6726 5
3766 4129 3
1262 1577 6
3215 5969 4
41 6212 5
1974 6421 8
370 2107 5
1325 4338 2
2578 6778 8
1764 2216 4
1770 5949 1
1468 3308 7
3356 3875 9
2101 3539 10
2366 6085 7
1247 3303 5
2019 2401 2
2021 2059 5
4418 5858 8
489 4055 2
3363 4956 7
1535 6255 2
1766 6673 4
3704 4708 3
467 6182 1
2900 3337 3
1520 6529 5
3941 4208 2
2311 4940 8
85 1894 9
2821 5527 2
1457 3449 1
2840 3237 1
5580 5722 6
5176 6140 9
2902 3007 1
2251 5340 6
959 1229 2
1012 5920 9
1882 4493 2
1368 3791 8
80 3217 3
1480 2630 2
1673 5616 2
3868 4851 6
987 1452 7
202 5568 10
1527 4373 3
4956 6405 5
3629 5524 6
2280 5028 1
4559 5707 3
630 5456 2
1753 6983 1
5267 6086 3
920 5828 1
2480 2833 9
2643 6278 9
2124 3287 4
1369 6274 5
1445 4765 2
6295 6813 6
796 6573 1
4061 4150 7
1036 4749 7
1369 3206 3
1167 5484 5
72 2671 6
3136 5782 6
5251 6759 1
1057 1748 1
1616 4564 6
1370 3855 8
1025 6668 6
1324 5820 10
1381 6573 5
1130 2293 2
2384 4910 7
2801 6960 2
198 5420 1
3139 6277 2
3294 6511 7
2014 5213 2
889 4293 1
4800 6386 3
553 4125 3
3343 4046 9
2300 5902 6
2738 6759 5
1301 3612 7
1722 5895 10
1710 5540 9
2552 2585 8
2540 5026 10
4 720 5
5619 6946 1
4044 4325 4
1928 5746 10
1306 3591 3
2066 4657 9
1749 2181 7
2399 3125 10
186 4271 2
3268 5219 6
3783 5019 2
941 1379 5
2940 6499 6
4553 4618 8
401 2072 1
1369 6957 3
2356 4801 5
1971 2000 5
4386 5074 4
2590 2942 9
1400 2819 9
4649 5182 8
512 2817 10
4661 6379 7
2082 4961 3
2980 3921 3
3358 6024 7
1463 2281 4
3784 4860 5
194 6133 9
3849 4632 5
5500 5891 6
1099 3562 3
3603 4437 2
2683 5952 5
3809 5358 1
377 4062 4
3669 3982 7
3526 4133 6
3673 6938 7
3261 4097 5
2758 6545 6
3906 4567 5
3629 5378 10
1134 4588 1
1151 3875 3
1103 4764 5
2248 6782 1
378 5501 1
2467 6674 8
111 6355 5
584 1388 2
3754 5433 2
5013 6261 5
631 4240 2
5250 6300 4
879 1955 1
1200 3997 7
500 6456 9
783 3463 8
732 3846 10
3196 4800 5
2270 4452 10
1589 3948 7
1068 4008 4
1429 3575 4
6651 6845 4
2101 6434 4
2200 3268 5
585 3269 8
2006 2931 6
2562 6891 5
2475 4993 9
1330 2299 6
2008 6615 9
1470 4960 7
161 3422 10
844 4596 8
1358 5281 8
759 1750 6
1299 6036 10
1330 6582 4
4648 5098 1
1682 5070 2
3263 6723 8
5394 6711 8
3153 4504 3
6323 6598 5
288 876 10
1059 1145 10
2157 2378 1
4220 5246 8
2753 6083 7
10 2894 5
241 6971 6
2205 2591 3
2540 4277 4
3385 4969 5
4053 4843 3
2298 6566 8
2463 4275 3
878 1310 5
3304 5627 7
265 2187 1
5045 5424 9
1901 2322 5
3500 6008 9
3455 4253 9
3254 4403 8
5564 6762 5
3731 6192 4
1745 3110 4
2117 6231 1
1100 3425 5
3428 6753 6
958 5999 6
2501 6461 10
1437 3238 9
1930 6710 2
3978 4959 4
68 4388 9
2458 5637 2
1424 3354 3
711 4349 1
4366 6812 8
2159 6837 6
269 3369 3
2448 2495 10
559 5124 7
2578 3167 2
660 6223 7
811 2650 10
1313 3334 2
1061 4906 4
966 4180 10
3566 6281 9
2673 5550 5
2152 2223 10
586 3831 3
1778 2022 1
3106 6261 1
1472 6348 4
880 6312 10
2287 2632 2
717 2979 8
3893 5926 4
3439 4781 7
612 889 5
283 3590 2
223 3338 4
2487 2924 4
4000 5364 6
1131 4650 6
1899 2142 10
1047 2325 3
4676 6154 9
1413 2975 4
613 5058 10
5355 5367 10
3257 6569 2
2138 2826 8
4715 4880 9
2773 3068 1
2186 3282 6
1557 3759 3
720 1148 7
770 2189 8
4766 6793 8
4625 6923 4
332 5265 3
92 1184 6
4074 6503 4
5515 6574 8
842 5278 1
2153 4333 6
513 4800 5
1552 3321 9
3779 6007 5
4668 6977 4
4234 6828 4
5271 6161 8
1835 4871 3
3035 4026 4
3754 6986 3
1243 6689 8
5204 6994 4
2418 3762 2
318 5631 9
2068 4830 6
776 3617 10
602 1221 1
2012 6426 1
1428 6701 7
3810 6498 10
1286 5131 5
1356 2281 8
4889 5696 7
1373 1888 9
5121 6351 6
3586 6298 5
4652 5790 1
3167 3600 8
4567 5711 4
1094 2196 6
22 593 5
1757 4968 4
4777 6635 8
612 2103 1
3546 3782 6
215 3804 5
3202 4375 10
5016 6219 2
2440 6632 3
1273 4702 1
1764 2782 3
2659 6389 3
1926 2727 3
2707 4551 2
1994 5033 10
111 3931 1
27 5136 8
115 1504 8
1842 2258 9
907 6775 5
740 1866 7
2186 2406 4
4325 5880 6
2064 5105 10
1335 2375 3
22 1483 10
3802 4164 5
596 3128 4
2297 2329 7
1197 6187 5
2115 4836 8
2373 5491 10
3101 6123 10
364 2684 4
4607 5077 7
281 2204 7
757 6240 8
1495 3606 10
4146 4790 8
1530 3527 7
465 1942 9
2988 5771 1
1314 1850 7
268 6453 8
747 5662 6
967 4236 8
831 2083 1
868 2402 5
2766 3755 6
2624 6708 8
2107 3175 4
731 5875 7
4639 6361 9
2512 6933 9
1626 5130 4
529 5110 5
395 808 8
1481 2616 8
692 6292 9
748 6917 6
2898 3178 7
2679 4167 10
4952 6743 6
1744 3093 2
258 4355 8
232 1875 8
4881 5164 1
2473 4118 9
3053 3643 5
3906 6702 6
3537 6977 4
1162 2480 9
212 4329 1
3174 4572 8
1702 1774 7
1985 2741 3
4382 5464 7
2568 6673 7
5054 6816 3
1653 6891 3
423 4371 7
1473 2036 7
1010 3887 9
695 4940 2
3493 3914 4
5582 6973 1
188 4841 5
3212 5556 9
194 5262 7
1295 1620 9
3288 3888 7
1759 5676 4
1046 6834 8
1254 1986 8
3722 3987 6
2470 6418 6
1739 5995 10
2562 2579 8
1284 6595 4
3987 5159 6
3807 5922 8
4021 4161 4
2370 4765 2
2077 3705 7
3435 6561 1
3975 4945 6
3216 3464 1
4224 6255 4
784 1780 3
4709 5400 3
1061 1902 6
237 4612 6
14 977 7
2012 4177 9
2039 5842 3
420 6148 3
4828 5513 5
136 5539 7
1638 5379 5
1841 2273 2
2263 5621 5
1801 3873 4
3288 4237 3
2361 4007 10
3821 6793 9
4787 5398 4
2752 6010 10
2498 3344 10
3901 5286 7
3836 4083 6
235 598 2
4073 4101 7
3942 4177 7
2190 2957 6
4410 6084 8
4851 6793 2
777 1233 5
1439 5979 1
927 4154 10
2503 4806 5
234 419 9
998 3840 2
3176 3789 8
265 6583 2
2731 5644 1
3618 6482 4
2336 5098 10
49 3604 8
204 1365 5
3668 4183 2
1479 2105 2
233 1990 5
1924 2629 2
365 4711 10
5314 6500 3
1158 3556 10
2711 3399 8
492 5098 10
6 5721 8
648 1019 9
2027 5033 10
1411 1557 3
6076 6888 2
2878 4964 8
1581 1727 3
535 3436 6
3137 5952 10
817 5724 2
1048 4961 2
1405 6107 10
835 1644 4
3513 4103 3
6350 6730 4
3234 4682 4
1056 4023 5
1335 3478 3
1102 3990 8
3112 4459 7
1274 2817 1
1743 4468 3
862 1644 1
2923 5898 2
446 1412 8
1148 1795 7
4133 6648 5
2294 2595 3
421 512 7
481 3616 5
2635 4444 8
4422 6172 10
3958 6548 10
1726 4211 9
1663 2731 7
1556 3789 5
2462 2594 2
2738 6187 10
2765 6225 3
4280 5988 5
1096 6886 2
3730 6197 8
230 3441 3
378 2551 5
2996 4782 10
3794 5452 7
770 2066 5
3245 4419 5
2427 5021 5
2796 6365 2
3136 4173 7
193 5960 2
2330 5931 10
1532 4942 7
1566 3260 1
3196 3957 9
2719 4656 7
3658 4143 10
3625 5680 1
3750 3820 1
777 4327 1
2241 5578 10
3108 4846 8
578 3048 5
97 547 4
2820 6395 8
1606 5036 6
3084 5012 10
858 5443 8
103 6779 10
3575 4936 8
2763 2955 4
897 2445 4
2933 4703 9
2681 6645 2
257 4900 10
4243 5278 6
1232 3194 9
3506 6592 5
1353 1504 4
44 3203 2
2862 5590 8
1899 3407 1
3567 6591 7
760 3857 6
4395 5421 9
3312 5999 2
3448 3654 3
1267 5667 2
1099 2370 3
668 1146 7
839 2566 7
5691 6894 3
530 5728 10
6103 6784 5
1182 2930 9
3250 4234 7
4250 5576 1
760 4991 4
3550 4786 9
76 3847 7
567 2439 8
5584 5885 1
5100 5662 5
171 734 7
4063 4116 9
2928 4324 7
3253 3263 8
3003 4748 9
2993 4760 8
1077 6382 7
462 641 8
3454 3999 1
888 6036 7
205 1718 1
2986 3674 7
2227 6475 1
970 6092 6
459 5616 2
2411 5649 2
1015 5426 5
2198 3797 6
428 1518 2
41 4868 9
5997 6272 7
3453 4553 8
2701 5049 2
3977 5794 4
2442 6498 7
2262 5822 7
3893 4258 3
3135 3495 6
1653 5133 1
452 6823 5
669 3444 3
995 4372 6
3131 3612 7
4355 5322 6
1815 6170 9
4563 4917 1
23 5353 1
882 6627 1
299 466 3
407 3525 8
65 618 6
1043 1847 2
4959 6688 4
3544 4247 10
6203 6656 8
3945 4629 7
4133 4206 1
426 2914 8
3363 6236 3
1424 3684 4
5719 6646 1
723 6932 1
4975 6576 1
1390 2872 8
1358 2705 2
542 5006 7
5298 5960 6
2063 3308 4
3533 4855 6
5473 6603 5
3709 5773 2
507 5070 8
2230 3717 1
2792 2934 5
420 1077 6
3035 3823 5
750 2729 4
707 6178 1
1495 6383 7
3376 3668 6
3050 4767 8
3088 4917 8
2710 2872 9
3913 4199 2
493 1890 3
43 1104 7
3864 6209 2
3606 4320 2
6451 6831 2
1226 2787 3
1846 2672 3
3373 4467 6
1639 5674 1
2040 3869 8
3223 3775 3
385 5681 8
1976 2627 8
3266 5183 10
189 2067 2
2908 6614 9
1414 2613 2
3758 6075 7
2300 2710 4
980 4891 9
2360 3763 5
3507 5355 8
4978 5393 4
78 818 5
1952 4917 9
3273 3526 3
2980 4093 1
3152 6009 9
4161 4901 3
6367 6773 8
5521 6849 2
527 2428 1
2274 5785 10
100 1515 10
5659 6165 4
4175 5127 9
784 4087 8
3062 3690 10
2101 2708 6
1081 3356 6
3594 4995 9
3081 6685 10
89 4353 4
1484 3959 1
3314 4245 3
4030 4679 6
4776 5077 7
1956 6787 9
3838 5218 1
4400 5117 4
2699 5008 9
3238 5327 9
2638 3411 6
1884 6371 6
285 5166 5
3973 6909 9
347 3431 5
952 6092 4
1097 3248 6
4103 6931 1
1251 2955 3
1798 2953 1
4676 4991 3
1566 2904 4
28 1991 8
1802 5038 5
2210 4485 3
2201 4597 9
691 5727 3
3411 5737 10
613 2803 5
2784 4742 3
2931 4709 2
1515 3567 7
598 2453 6
2795 4461 4
1129 1252 8
1131 3955 3
5281 5487 3
3645 5205 6
448 4728 7
4993 5816 1
2858 3316 4
2710 5734 6
790 3991 1
755 2926 8
643 2433 5
5806 6631 10
934 4850 5
417 6555 4
556 3090 2
2695 6288 9
3027 6340 1
68 1877 5
1113 5715 4
3970 5805 4
2995 4100 3
804 1198 3
3264 3880 3
3595 3756 5
3069 6190 5
1479 6914 2
1328 1824 6
3487 6617 2
868 4767 8
363 6576 6
1806 5290 9
4156 6589 1
6636 6762 9
716 1919 5
6058 6536 2
3935 6405 6
2140 2672 9
123 490 4
2944 5169 2
1713 2185 5
2898 3732 5
1984 3693 6
26 6206 6
838 3333 10
3101 5312 8
2776 4688 7
3351 3681 9
1864 5841 10
4087 4300 6
3197 3995 2
1195 3417 3
32 6173 5
1461 2538 7
4489 6546 2
2378 6743 7
1982 3898 1
549 4363 3
3523 3844 10
1430 5438 6
3182 5903 6
6463 6999 10
2155 6555 10
1848 5034 5
285 4778 3
3702 5723 7
2195 5444 7
4613 6574 6
2410 5674 10
1690 2650 5
1169 5959 5
2223 3110 1
1856 4914 7
1035 5826 9
775 1995 2
1093 5075 7
1086 5980 1
980 1630 3
2429 3426 1
5998 6129 9
2909 3666 5
6611 6981 3
1907 3209 5
1603 6671 1
3296 6874 1
4925 6542 1
907 6961 7
1450 3306 9
3562 4048 4
2878 3207 1
649 5367 5
2901 3383 4
5469 6520 9
2228 2430 9
992 2077 4
2096 5257 2
907 3366 3
190 3806 3
392 1744 3
3577 3930 6
2749 4814 7
113 6902 2
4032 4514 7
3187 5255 6
303 6435 10
2417 5201 8
3468 5085 3
1305 5232 2
1107 4842 8
316 5260 3
6433 6648 1
1080 4043 8
3274 4999 4
538 1654 8
2092 5849 8
5263 6984 10
1185 1341 9
551 1099 2
3652 4072 8
2847 6592 1
670 4774 3
640 4327 8
2212 3597 1
963 3954 2
2703 4311 1
2996 6553 6
799 1576 7
1682 4803 7
6022 6025 7
1198 2637 2
805 4193 1
2413 5205 6
4349 4890 6
579 2308 5
718 2637 6
2159 2992 5
336 1826 9
977 1628 7
2349 5260 1
2511 5984 8
1190 4899 6
2121 4267 2
2250 6285 3
3183 4364 5
3766 6698 3
4903 5514 6
1290 4595 8
2886 5574 8
129 4839 2
1087 6567 8
2482 3569 3
5442 5458 3
3723 3939 8
3941 6226 10
5699 5976 10
3207 5650 9
3007 3963 9
5392 6184 2
2555 6498 8
3238 6352 7
2459 2976 5
703 3676 7
1714 4072 8
2354 3797 9
7 339 8
460 4958 4
802 4466 10
4418 4556 6
2830 6180 6
3404 5234 7
417 4097 4
444 1618 2
4111 5257 6
5183 6274 1
714 5190 7
2948 3316 7
179 2472 7
128 2019 3
4907 6477 3
944 4766 9
390 3250 5
748 4089 6
931 3966 3
1946 4487 7
2321 5368 9
1261 1520 5
1427 3181 3
1425 4639 9
3477 4099 6
1050 5385 8
831 5222 2
1473 6842 2
3203 6727 6
4041 4211 5
2502 2621 2
3944 5596 8
997 1870 5
3275 6518 5
1134 5159 2
2592 3165 9
1963 5433 6
5941 6848 1
1025 2117 9
516 2853 4
667 4679 2
3890 4108 7
1917 6721 4
1075 3631 8
2798 3452 3
991 5994 5
417 1065 1
402 5431 9
5006 6521 5
3065 5143 8
496 1968 8
968 2239 1
1606 6022 5
96 1225 9
781 1344 2
1738 3793 10
2116 6045 6
4293 4480 7
1413 6677 2
3025 3086 1
3244 4626 4
1627 2637 3
550 4307 3
262 5826 4
1007 1316 5
3026 3586 2
4468 4728 6
1028 3890 2
1160 3717 8
442 1872 9
875 3246 2
3270 6537 4
146 740 2
121 2665 9
5488 6686 4
1799 2306 3
1875 4947 3
1070 2713 5
3686 6451 1
3327 3506 10
1457 6834 6
4535 5192 4
351 966 10
1036 5153 3
1323 4565 1
4829 5957 8
1054 3150 9
4359 5224 8
1994 2971 4
781 6874 9
3860 6238 3
1065 5997 6
5463 5806 9
3736 5974 3
3997 4672 4
2124 5237 6
1188 3798 9
1408 6555 7
10 2033 8
3200 6311 5
1763 3556 6
4592 4597 4
518 4329 7
4525 5346 8
881 1724 10
454 6793 6
1529 4952 8
1929 6941 8
793 1973 6
1941 6570 4
1445 6465 5
2402 6279 6
625 6814 6
662 1180 7
1097 6385 8
1596 5089 1
1136 1724 4
647 715 9
1814 6071 4
928 1495 5
3739 6167 7
1272 5362 1
2940 3369 1
2922 5368 3
1239 3979 9
3300 4073 2
2317 2609 3
4251 5087 4
1924 6738 2
1369 3749 1
2463 4123 1
3266 5055 3
1965 5300 7
1635 3170 9
1794 6908 3
3055 5875 2
4859 6330 10
187 5104 9
1906 6918 2
6742 6856 5
354 1113 7
1423 3739 9
1379 4669 2
265 2487 3
1672 6249 10
3086 6563 4
1727 5782 10
1463 1566 3
2827 6412 7
2038 6913 9
1767 2663 2
129 5385 8
1140 4605 9
5794 6187 10
215 4037 4
1478 5773 10
806 6213 5
1473 3909 9
3227 3834 7
2367 5659 7
1540 2069 2
4809 6027 4
235 6405 4
72 236 4
2802 3369 2
1673 3602 9
1263 5639 7
1209 1640 5
2127 3345 8
5175 6072 7
2746 4712 6
971 1097 4
3192 5652 2
2651 2956 3
4105 6526 2
1728 4493 7
6026 6271 7
2517 2750 10
2703 3010 4
1760 4207 2
1137 1571 10
2954 3688 6
702 5003 8
2918 5274 9
3523 5865 5
31 1815 1
3223 6918 8
2010 6727 3
1409 5943 2
362 3064 1
3810 5223 2
5195 6038 10
3131 4095 2
47 5248 1
707 5610 7
478 4682 9
1874 6227 3
687 5512 3
841 2511 1
4739 6927 5
1283 1915 9
576 4356 8
1408 4455 1
1959 2896 9
1792 5241 8
4979 6065 8
5000 5499 9
3980 6853 5
546 725 3
2157 3077 4
2482 3218 1
3664 3841 4
412 5837 7
2928 6779 1
3549 4713 8
5046 6547 5
2371 4277 2
728 3448 7
2666 3897 6
2472 5868 8
918 6587 4
526 5313 9
2366 5892 6
99 4076 3
656 2634 7
2038 6584 10
696 5489 4
535 974 7
4456 6809 1
2049 3544 9
5305 5482 3
3993 4389 2
1063 1422 10
1904 3903 7
828 6292 1
6402 6700 9
1190 6357 6
927 2557 7
3196 3985 6
2405 4031 7
330 3363 7
3074 6963 4
233 2837 4
3693 5831 1
2817 4477 9
1689 6753 4
5682 6729 10
3892 4064 3
2191 5761 4
101 4693 9
1997 5254 7
540 6216 1
1051 4628 9
1603 4075 6
4863 6121 4
814 1518 7
1014 1706 5
2953 5711 5
1608 4501 2
1618 3328 6
658 891 7
5454 5739 6
1191 6977 9
2463 6477 6
304 5064 10
4148 6751 6
2158 3839 3
4349 4709 10
699 3806 6
4218 6044 5
105 4235 9
4256 4422 7
808 4744 4
692 3422 10
325 3859 7
544 1625 7
4229 4423 9
2349 4675 3
1827 6704 4
4356 6502 7
1253 3148 1
2566 6214 6
3435 5876 1
5282 6736 5
801 3185 7
1400 6551 5
1086 2598 10
3288 4232 10
4322 6491 5
1501 5953 1
2887 4593 9
2529 3712 4
1662 4018 7
1222 3929 6
6443 6771 9
3666 6884 9
4376 6108 1
4656 5151 1
80 6012 9
503 2500 5
3564 4143 3
1114 1176 8
6722 6840 2
4990 5321 5
3410 4808 4
872 1757 9
3519 4177 8
5639 5886 4
233 4737 10
1213 1901 8
2100 4887 5
536 604 1
1023 3686 10
675 4187 7
6389 6913 4
1334 3156 10
3228 4612 8
4721 6129 4
188 4402 1
442 447 4
2248 6528 4
1062 4218 9
423 724 7
1025 2167 7
741 6791 4
2770 4873 2
528 5181 8
1626 4361 1
2384 6236 4
3307 3615 5
695 4536 7
3705 4385 9
1776 3019 9
2411 5165 2
1628 4328 5
2798 3857 3
961 2008 6
655 1500 1
4399 6554 7
191 4684 2
1604 3044 4
568 3530 7
1712 3965 6
2890 4157 9
1617 3649 6
4171 6388 5
1896 5416 8
5241 5800 2
1341 4838 4
1818 4236 8
1139 6857 3
4589 6109 3
1563 5630 8
4205 5105 9
1279 6814 4
6152 6248 9
556 1334 8
1886 4071 10
496 3397 1
550 2117 4
3534 4935 3
2759 4063 5
492 6737 8
705 2099 10
1062 5328 7
1379 3325 8
1010 6921 1
3990 5608 1
116 3348 7
792 5964 5
423 1242 2
3636 5038 1
1264 1592 7
3501 4508 9
3963 6757 1
2362 3269 3
2568 5739 8
1400 4337 10
3697 5262 8
254 991 9
4621 5087 5
2466 3963 5
3138 3750 4
2666 6569 8
1115 5445 4
10 1726 1
1056 2094 1
410 6464 7
6548 6666 2
4263 4909 7
955 1116 6
3933 6336 4
2195 6446 9
2890 6607 1
1647 6856 6
4457 5443 10
975 6679 4
2531 5518 3
1323 1869 5
853 4743 7
1236 2496 5
1683 2767 6
256 3512 4
414 6996 2
2595 5916 1
177 6188 6
3470 5599 2
1464 5272 2
1753 1989 3
6146 6904 7
530 6318 4
239 2398 3
3566 4313 3
5036 5985 4
2198 3420 3
2125 6765 9
322 3661 3
4072 4789 10
2103 3488 6
4157 6726 3
908 5368 5
1693 3556 10
1339 1432 9
1081 2729 1
2920 3662 9
4605 6056 9
18 1603 5
481 1057 7
482 2711 10
150 1486 1
359 1771 5
2236 5276 10
3569 5454 4
92 6880 3
3233 4190 4
1411 5495 9
2353 5718 8
3377 6263 4
1003 4127 9
242 6307 5
1078 2781 9
4567 6236 1
2400 2717 10
58 3568 2
4163 5524 8
5977 6390 1
3057 4167 10
862 5298 5
1301 6173 9
2146 4405 6
1879 5424 5
114 4389 9
464 3058 1
1844 4328 8
1077 2274 4
1609 6337 4
494 5393 9
1568 4944 6
2355 4698 4
4271 6100 3
3928 6066 2
101 108 4
3204 4230 3
125 4278 4
4646 6707 1
2590 4579 7
2685 4167 6
4981 6110 2
2449 3758 8
1875 3381 1
3586 6024 6
1750 2374 6
1831 6492 6
224 795 1
4080 5349 3
2011 2714 4
5972 6135 6
4097 6091 5
1550 2959 7
1960 4845 8
1807 3623 6
3452 4328 2
574 3968 10
2096 6419 7
4252 6059 9
480 2325 4
291 4034 2
2446 5151 5
2074 2752 2
5752 6450 8
5255 5634 8
4244 4989 1
3646 5536 2
811 1653 9
2386 6932 3
573 4465 7
2706 6783 5
4339 6112 2
1870 5172 4
1429 1497 5
2147 4283 10
5050 6309 6
1906 4833 8
4068 6250 8
5591 5886 3
527 1918 2
1740 6469 6
583 1428 6
3802 4619 5
2195 4726 5
133 1202 9
1875 3582 5
2070 6849 5
1189 6361 1
2186 4372 7
431 2928 9
5459 6923 5
1157 1879 8
1745 4364 10
2887 6132 1
1250 6261 4
64 701 6
4049 4303 10
1450 6466 2
1069 3195 9
1841 5744 6
2857 3671 6
2048 4398 7
1722 3782 7
3835 6805 9
3558 3944 5
527 2713 8
1138 3566 3
757 3517 2
1344 1629 2
3902 6654 3
123 4151 7
2918 3087 7
986 4117 3
1618 3981 3
4807 5315 1
792 6633 3
4226 5867 4
5236 5847 10
642 1444 5
347 393 6
2011 5273 9
407 549 1
4103 6742 10
294 2875 9
264 5005 2
3180 6392 9
3233 5037 6
4847 6409 10
658 4464 6
1374 6551 6
1625 3565 4
621 2551 2
386 5646 9
4656 5807 10
614 2838 10
3981 4764 4
659 3543 3
289 2379 7
880 1945 10
1110 3637 10
361 3703 4
2513 4315 3
750 4058 8
2 581 7
65 1065 8
2884 4587 3
2427 6353 3
1258 6553 10
2106 2224 2
3161 4059 3
504 788 7
3471 5318 4
2292 5269 9
826 2593 7
1069 4887 7
221 1703 5
3312 6128 8
3138 6046 7
191 4545 7
5961 6953 4
3908 4500 6
3003 4951 6
1374 5073 8
56 4952 2
4233 5397 10
1948 5841 8
1507 4420 10
556 939 4
1322 5387 6
86 6091 4
3080 3426 9
3316 5231 3
1942 3584 4
375 5856 8
3077 6244 7
6118 6657 6
599 2089 2
528 1653 9
1689 5489 10
3710 5129 4
670 3590 6
1418 6251 9
3796 3940 3
4557 6156 10
4448 6935 4
1516 3054 1
2144 4508 8
549 2728 2
528 6251 2
410 2940 3
3233 4756 5
3506 4427 1
364 814 4
2174 5470 8
586 6459 9
4396 6507 5
3143 5128 3
1613 1854 5
4997 5507 3
4294 5041 7
5137 6375 3
1400 5903 5
656 5948 5
535 4090 9
443 1416 9
2864 4101 7
340 3625 5
1771 4596 7
770 3543 5
3216 4632 5
3254 5918 9
103 4653 6
591 4660 5
1915 2025 7
1322 4209 1
1878 5444 7
1497 4306 6
1441 5753 9
4215 6957 10
2619 4304 3
5799 6641 5
2358 6545 4
3996 5487 3
2173 3514 8
1291 3868 8
114 1784 10
464 1528 1
3308 5699 10
2802 6245 8
1237 6099 9
1780 2588 10
156 1208 2
2653 2813 2
476 1978 6
2197 2385 2
3487 4093 2
3923 4248 9
580 6378 8
2122 6609 10
2781 3314 1
2154 6308 3
1315 2148 3
1961 2105 8
2775 5988 10
106 1861 5
1822 3916 7
4924 5472 7
2149 6690 3
3109 4298 9
998 4485 2
4899 5609 4
379 2828 3
3172 4931 6
2015 3461 2
4105 4947 10
438 1603 9
6551 6823 3
52 6906 10
2904 4143 6
5325 6477 7
2273 6227 6
3989 4582 8
1063 4944 10
1383 4318 2
4151 4965 7
3756 5313 4
4311 6578 8
1889 5148 7
736 2212 8
794 4288 10
3764 4295 3
564 6387 1
927 1958 4
73 442 3
5699 6771 1
4788 6224 9
2616 4521 10
2921 4253 6
103 2396 10
864 1575 1
4088 4146 2
6055 6373 10
1432 4525 6
1315 2646 8
519 1920 10
2123 3983 8
1646 1794 8
5036 6776 6
474 3368 3
2131 2267 4
1426 5152 2
3793 4316 7
3211 3724 9
1522 2163 1
1577 4387 7
2372 5973 10
441 6859 1
318 4839 1
2128 4075 3
2518 4287 8
80 1735 9
1398 3610 9
4645 6353 7
2811 5461 10
1990 3179 7
5395 5737 8
2162 3580 1
2179 6660 8
1910 4498 4
1759 3171 10
4386 5463 5
3565 4991 6
2945 6212 3
2546 3814 10
2628 4866 1
2492 6941 8
2119 6064 2
702 1863 10
1130 3636 8
2281 3181 10
3492 3845 10
3184 5412 6
587 1975 5
459 1089 8
2683 6036 1
352 638 4
1392 3390 4
4587 5503 9
1435 5954 3
2342 6488 3
1641 6854 10
2926 3180 10
1715 5600 4
3893 4012 2
937 3801 10
2994 4957 5
6247 6568 8
2536 3242 6
2883 4966 3
920 1381 6
609 3188 5
924 4329 5
2101 6264 3
3800 6468 9
783 6719 6
1375 4028 5
2832 4872 2
568 1328 2
1662 4868 5
1255 4770 3
4153 6141 1
2362 3117 1
5163 6768 4
2076 2259 3
2023 3631 6
819 1793 1
1254 1655 5
3726 5712 10
560 4431 4
190 4415 5
397 3575 9
1975 4097 10
850 953 9
538 4114 4
2101 5491 8
171 3947 9
1228 2390 7
620 5683 5
1158 5235 7
641 1076 6
2881 3417 6
1814 3822 10
754 3485 4
3460 4266 5
377 5502 9
332 6740 1
1612 5588 10
1789 3002 5
6258 6360 3
3464 4268 4
707 3026 10
2047 6882 9
294 2138 9
5202 5798 2
2712 4209 10
619 1275 5
537 4118 10
6056 6998 8
2881 3278 10
5907 6338 10
1191 6768 7
992 3526 9
3291 6416 7
3615 4748 6
2780 6299 6
2691 4418 9
3575 4672 1
1954 3067 10
682 6434 8
5212 5610 7
1269 3961 8
1900 5112 6
1985 2893 8
1653 3919 6
4089 5950 10
4480 5255 4
693 1372 1
1303 2722 9
5337 5528 7
3334 5991 4
268 3607 5
1004 4113 7
3053 4222 10
1477 2878 8
515 6451 2
1603 3815 10
4276 4621 8
3449 3977 5
2901 5302 6
2800 4010 4
5182 5401 4
1512 3219 5
1650 3011 2
2098 4608 6
1452 6790 1
662 5857 1
611 5040 4
3754 5338 8
2127 5047 5
2873 5454 5
3485 5603 8
644 850 4
2865 3781 1
2467 4669 3
368 1088 1
2532 2723 7
311 3108 5
1218 5548 2
2065 3207 9
2833 3227 4
221 3652 2
3524 4383 1
1678 2281 8
5406 6470 3
1114 4351 6
10 1639 10
3678 5679 7
168 4603 10
1550 3896 8
3724 4623 6
1088 2300 10
1978 5021 2
3588 4001 9
713 5071 2
3310 3515 7
2526 3172 9
936 2280 1
4303 6461 7
2955 5036 4
4747 6421 1
464 799 3
1713 3371 6
430 6872 6
2042 2907 8
4063 5732 3
516 3310 3
2428 4609 9
40 6043 3
256 645 5
1451 4657 7
154 6307 3
2105 4731 7
386 5814 3
603 2871 5
2075 5022 1
3974 4812 2
3343 5195 6
174 3619 6
2728 5183 3
1265 3324 1
4497 4717 9
773 6244 8
4142 4764 6
2216 4783 1
1187 2620 10
1937 2459 3
6056 6892 1
6178 6868 9
206 2126 6
1344 4242 1
6044 6905 10
717 3838 7
1055 1875 3
4761 5147 2
1229 4443 6
3764 5080 4
2241 5505 5
405 5747 10
109 1129 8
4540 4798 7
1564 5273 1
2166 4291 3
4250 5791 9
551 6641 1
2943 5568 10
1183 5419 4
4047 6782 1
3064 4278 7
703 4620 6
2400 4404 10
3098 6512 5
387 4964 4
160 5913 2
2715 2808 9
5698 6666 7
1304 5760 6
3652 4052 9
3001 5357 7
5291 6451 3
3082 4331 3
1664 3624 1
4451 6356 9
4436 5383 9
1940 2856 8
2478 2640 3
477 4505 9
2189 2526 3
3179 4537 5
3292 3880 4
2524 2535 9
1688 3437 6
854 6700 7
3159 4570 9
500 3505 5
405 2318 10
1765 6690 10
3085 4680 8
1382 2981 7
2652 4413 4
928 2063 5
3247 5862 10
2922 6649 3
3408 5409 5
1220 1731 8
834 1054 3
3468 5359 8
1802 3177 8
2848 5091 3
1078 6887 10
3412 6155 6
2210 5083 3
3467 6789 2
4213 4327 4
396 4195 3
931 2037 2
859 5150 7
2064 2468 8
1242 2122 9
242 3854 9
1061 5062 8
633 1338 8
433 2555 3
925 2979 8
1908 5544 8
267 3417 5
4146 5134 7
123 5849 3
350 2557 1
971 1176 9
4416 5821 2
3749 4720 5
2569 5332 2
2321 2465 9
531 5712 10
1646 1852 8
1629 1683 7
1921 2432 6
1961 3726 2
3346 6531 4
3617 5007 7
4609 6431 5
2356 2364 1
1469 3597 4
1401 1743 7
1610 3694 5
623 2040 5
179 500 7
4887 5222 8
17 3849 5
6442 6930 3
3760 6168 7
1595 2446 4
4574 6223 5
3096 6920 4
9 4846 3
5144 6328 3
3604 4192 10
1193 3952 10
83 4705 1
2447 3795 1
4265 6174 7
4764 4972 1
1953 5520 4
1670 6988 10
3848 6775 4
1750 3866 5
610 6995 7
2582 2651 6
2171 3683 4
4209 6760 9
190 4910 7
4094 6137 5
1091 2814 1
3128 6487 2
73 366 1
1894 3774 5
4506 4585 7
1081 1239 1
1370 6771 6
1028 3859 4
2316 5030 9
2628 6340 1
626 3001 4
3563 5070 2
516 2085 2
4239 4323 3
463 5011 10
4391 6079 4
2390 3994 5
865 2241 3
1579 5270 2
2131 6746 1
136 5748 9
553 2154 10
4461 5497 8
2493 3841 6
4112 5685 1
3524 3754 2
2547 5311 6
3992 4010 10
1123 2020 7
1426 5677 6
973 6323 5
2917 4443 10
3076 6986 6
1044 4041 8
734 891 8
27 344 6
1550 5087 4
1496 2234 5
778 915 8
4093 5066 10
1954 2538 3
704 3205 6
1078 2513 10
595 3716 5
4597 5965 3
1280 5561 10
532 1566 1
2309 5249 2
1685 4685 9
2377 5017 8
2145 5371 6
3482 5235 10
993 1719 2
1112 2223 3
3158 6022 6
1134 3280 6
269 2369 8
1781 4610 7
2914 4048 2
1873 4753 6
4115 6009 1
1151 1475 5
1322 5166 6
6915 6951 9
3574 4203 6
1038 6563 8
38 4789 6
2560 4654 1
2496 5014 6
1944 2917 1
2596 2913 5
5212 6177 8
2026 2789 2
3528 6231 5
518 5241 4
1271 6871 5
4166 6984 8
2907 5730 5
435 3771 1
1374 2122 9
4388 4510 8
617 1262 1
4381 5842 8
1606 6706 4
6100 6422 3
1024 6348 5
1790 3052 5
1204 5672 5
1235 1837 3
2255 5733 10
820 3409 5
344 5187 7
144 5155 4
1999 6339 10
1025 5123 1
1771 1948 9
1718 2819 9
1656 6549 8
4126 5421 6
3454 5654 5
4060 4138 4
6506 6742 3
3309 4903 5
528 7000 1
784 4267 1
1393 4553 2
2776 3040 1
863 6581 7
248 3117 6
1056 5549 6
2661 6297 4
261 6270 8
1915 2653 2
549 2456 4
3956 5397 6
3044 4853 9
1889 2363 8
2489 5884 4
2340 6793 1
846 6528 2
1895 4471 7
1436 2205 1
4346 4996 1
763 6048 4
685 3324 3
1973 5627 6
3309 4028 10
873 5437 6
1495 6901 3
2653 3121 9
3883 6206 3
5203 5651 8
1032 5504 9
654 2649 4
3145 3492 7
5901 6178 7
2871 4070 1
718 4900 7
2464 4283 4
548 2637 2
478 2682 10
1381 2741 1
1495 2241 1
1629 5952 2
2316 4211 10
371 6311 3
25 2745 9
2654 6893 9
1957 4801 2
245 1201 3
420 1925 1
2614 5407 10
1778 6789 2
1468 4403 9
98 2774 1
2986 3133 3
1059 2143 2
2984 5665 8
1535 4225 10
2688 4274 2
2986 6817 1
6377 6931 7
2075 5573 5
688 4636 10
4737 5036 10
1822 4381 10
1119 2557 2
463 3211 1
4429 5873 8
759 1820 4
2614 6919 10
1687 3235 8
985 2246 1
812 6316 8
615 3053 10
2833 6967 3
505 1406 3
4263 5367 9
693 3111 5
1925 5195 4
730 5041 6
180 4314 2
1737 2526 3
1344 1657 4
314 4091 2
5985 6574 9
3607 5936 3
133 149 8
1554 2455 2
1303 2655 6
886 1136 10
3003 4325 4
3929 3992 10
2127 5307 10
6662 6667 3
691 4577 6
2989 3495 1
1611 4490 9
1012 5138 2
2243 5311 9
2173 3350 1
2016 2678 2
4892 6465 1
231 3915 9
803 6833 6
1944 6945 6
3688 4512 2
3375 5021 6
257 4207 4
5076 6516 6
1288 2616 3
534 2075 4
2916 5309 2
3172 3227 10
1345 5329 9
3582 6179 6
4318 4968 10
1910 3907 2
3969 6234 8
1443 1624 7
2778 5709 7
3535 4128 8
1127 2532 4
1140 4219 2
1051 1653 5
1171 4465 7
303 6460 9
561 1127 4
344 958 2
417 2055 10
3074 3890 9
2523 3964 6
618 3011 1
1516 5231 4
624 1322 8
6391 6473 8
2220 5283 10
313 5516 6
1540 1823 5
1474 6862 1
1845 5982 3
3278 5057 6
34 3314 10
2343 3301 1
1039 2019 6
1537 1686 3
765 1211 9
3016 3606 6
1289 5635 1
5834 6339 2
169 1363 5
2195 5384 2
4803 6337 6
2995 3089 8
3782 6419 1
4980 5826 2
2466 5390 3
1184 3708 1
2617 5958 7
5025 5750 10
1857 5985 5
1091 1183 10
5127 5262 4
927 1418 8
475 617 8
710 5836 3
2522 5339 9
5564 6714 3
266 4606 2
5073 6629 1
3082 3868 8
915 2243 2
571 2585 1
3941 5568 6
172 1239 8
4410 4944 3
2314 6876 10
213 539 2
5671 6730 2
5431 6274 2
418 5525 4
2572 4534 4
3893 5238 7
5648 6379 1
2092 5450 4
3700 5561 9
628 1073 9
4026 6500 3
667 2485 2
2127 2772 7
192 3491 4
5999 6129 3
1585 6440 8
4584 5836 4
5986 6401 5
1113 2615 8
562 6660 6
3535 5243 6
2266 3083 8
261 501 1
3523 6637 2
5614 6221 8
4362 5918 9
6137 6364 8
653 3033 6
761 3791 1
461 3198 3
3897 5841 1
1984 2628 6
249 544 9
5207 5270 10
3751 4713 10
156 2489 9
1948 6638 10
4031 5169 7
3500 4148 5
2574 4145 7
2464 3954 9
992 2985 4
748 2123 7
845 6435 8
2341 5123 8
2221 4316 5
3514 5402 4
483 5967 3
1618 2084 1
2081 6129 8
1733 6983 6
2744 4502 7
740 3880 5
789 4469 6
3019 4242 10
738 1956 6
2410 6170 10
526 3140 2
629 6408 3
1362 1662 6
5178 5607 5
37 5078 3
563 2571 9
2318 6447 10
1306 5654 8
767 4190 2
1985 4476 8
815 5361 2
1470 2757 5
1 4929 2
1162 1395 6
965 3801 4
1754 3977 1
4429 4639 6
1111 2562 5
652 2422 8
2002 3951 5
1078 1195 2
107 2000 3
3212 3650 2
3393 5311 7
62 3816 6
1220 4361 7
2316 4213 9
205 6227 1
116 776 8
986 1534 9
1634 5777 4
2230 2243 10
3174 6004 10
3543 6069 3
320 908 7
6520 6728 1
2413 2457 4
448 1997 4
992 6167 6
1064 4136 10
926 5194 6
1588 1930 10
2844 3516 6
3233 4669 2
3611 6662 3
2377 4751 6
557 3671 10
3421 5442 9
4287 4328 10
3283 6136 8
3628 6111 3
2725 4893 3
2987 3176 1
609 1932 3
3287 6324 3
548 2646 5
390 6543 3
5098 6136 5
2331 2485 8
1918 4144 8
4319 5997 2
2757 6092 6
115 6578 6
4210 5327 1
2776 3411 9
2187 3083 2
3921 4734 6
2668 4034 7
3550 4451 4
359 6247 7
480 5580 6
126 2514 6
3783 5456 8
1099 4001 6
4087 6541 2
2601 3066 2
206 5200 8
2118 2566 7
3470 5554 3
101 3563 9
1638 3074 3
3857 4454 6
4614 6014 2
476 3484 3
1411 4682 4
879 1443 4
4033 5698 10
2155 2433 4
1126 6553 6
4932 5224 3
1552 1676 3
72 4702 1
2830 3827 2
665 1769 2
1231 3768 8
6263 6414 1
1206 6844 2
4367 5857 10
4238 5413 3
5580 6277 5
1517 5602 7
1130 2600 6
1796 5936 10
1536 4752 8
5610 5807 1
1591 5879 10
2121 2436 5
3351 3643 10
1784 3320 1
5280 5453 5
3323 4896 4
1682 6713 6
3671 4315 1
2008 2803 7
2620 6618 5
1848 5516 9
1629 4764 1
2015 3947 8
1218 2412 2
222 2872 1
154 4795 5
1236 6927 9
1671 5430 1
4951 6369 10
1041 5226 4
3017 5775 8
779 5451 4
1477 1809 5
817 840 1
343 3148 1
1402 6997 10
769 6840 9
1503 1854 1
957 6468 9
1221 3736 10
5818 6358 10
3941 4505 7
1327 3671 7
3976 6425 9
210 5400 10
701 3666 10
345 1620 2
1102 5150 8
3888 5460 9
5723 6095 10
1689 4264 9
6179 6797 1
1876 5897 2
1667 3339 7
1213 5023 7
4535 5556 6
643 4389 6
1922 3875 4
3025 3614 2
2979 3327 1
1745 2355 10
3043 5217 10
942 3232 5
1242 4891 6
352 3657 5
13 3411 10
1741 6913 5
2189 6039 2
5100 5476 5
1844 4233 10
2163 6240 6
527 2530 1
2392 4895 3
1793 2853 5
665 5418 7
240 4786 4
1241 5956 1
4360 4596 6
2781 6088 4
1662 2813 5
2008 6912 10
360 1531 2
1578 3829 4
2907 4184 5
1606 2638 6
3032 3445 1
884 2374 1
955 6623 9
2706 3039 3
986 1592 6
1019 6285 2
818 1113 9
3160 3377 6
2245 4332 9
4423 5883 2
4047 5081 6
3231 3610 1
441 2549 2
3635 6537 3
61 4547 2
3633 3691 4
2968 4734 6
5181 6532 3
4162 5174 2
3794 5229 7
1839 2100 1
2428 5568 10
1941 4498 2
3716 4365 9
3639 5983 3
2157 3805 7
2773 5075 4
1538 1766 7
689 1649 6
1485 2393 9
692 6122 3
353 433 3
5465 6339 5
1516 3262 1
3825 4571 7
4231 5763 4
1127 4275 1
2858 4588 3
129 3312 5
598 6339 6
1153 6700 10
3101 3241 9
747 4041 1
651 6450 4
1831 6227 5
4936 6057 10
3943 6982 2
3688 6687 2
309 3803 8
5384 5584 5
1180 5221 9
750 3984 5
2701 3693 1
3210 4832 8
3969 6824 1
3475 4141 6
6193 6756 7
1065 4879 1
1863 4918 4
622 2254 5
1710 2418 1
105 6765 4
776 1601 1
3222 3744 3
1809 5780 9
2809 4004 9
2146 5614 2
2015 2244 1
4643 5034 9
1228 3461 1
2048 5627 10
3835 4559 5
807 3205 7
752 4393 5
1830 2919 4
4581 6872 1
2825 5965 4
1519 6192 10
1456 2947 1
406 6257 5
855 3934 3
3188 3935 8
2113 2195 2
330 2931 6
353 1796 6
319 3846 7
828 3020 7
3652 6148 3
3143 4836 9
3403 3832 4
3223 5759 5
2939 3488 10
92 4131 1
544 3750 7
299 2234 8
5379 5548 2
3420 3701 2
3387 4560 8
5637 6161 9
235 433 5
1876 5392 5
92 1365 8
1518 4331 1
1982 2367 5
2963 4319 4
2091 5447 1
2962 3442 10
2124 6460 3
1150 3028 7
4026 4996 6
199 1282 8
557 4360 1
3138 5528 9
2128 6337 7
649 4609 7
5376 6020 5
101 6302 8
1455 6886 10
4653 5925 9
5945 6177 5
14 4030 8
2860 6043 5
4718 5434 3
4244 6459 7
1830 5975 4
13 4547 4
443 2662 7
925 5145 7
4252 6961 4
145 260 1
2235 2244 9
3662 6247 10
2627 5474 4
6219 6362 9
1064 3796 9
4248 5786 7
2339 5234 3
1664 6627 9
377 538 3
4346 6254 1
3899 4538 4
1499 5620 6
43 861 1
766 3444 7
31 6642 6
787 1525 4
1886 3636 7
1344 6771 1
3198 6310 3
67 4815 8
1605 6428 2
2233 5253 1
2585 4659 6
3442 4366 6
370 1917 5
988 4946 5
1825 6064 6
677 2038 1
343 1255 8
1034 1480 3
1694 4284 5
1947 2494 6
4069 4918 8
3668 3882 9
2234 4865 9
2157 3697 1
1691 4288 2
3404 4692 7
4498 6131 3
2795 6103 2
1408 3550 9
4533 4558 3
2703 6610 6
5319 5745 4
1424 4206 3
3285 3655 8
3450 6887 5
5641 5987 2
1153 2203 8
241 337 5
4681 6272 10
2482 3954 5
1410 1530 5
2796 5256 6
1044 2853 1
2953 2967 9
3505 3867 6
6290 6783 9
1291 2195 10
1728 6111 2
383 3203 10
3904 4429 5
1915 5142 2
1486 6393 2
53 523 9
57 4286 6
606 2333 8
2974 3039 10
2034 2820 3
580 4326 6
1029 1694 9
2672 6288 6
5761 6992 5
3398 3900 8
1975 3332 1
1228 3566 4
1657 4036 10
1843 3704 3
1714 2392 6
3178 4992 1
906 4183 10
3771 4429 8
1493 5189 1
572 4415 8
5703 6933 6
1098 6298 2
3831 4093 2
3915 6093 2
3654 5042 1
612 5572 6
700 3358 2
802 849 1
76 2555 10
4052 4194 7
1693 6084 9
3829 4588 10
1677 5739 9
919 6145 5
697 6903 9
1108 3948 3
1240 2039 1
4566 4678 1
1768 6814 9
1577 4907 9
3086 3108 4
3629 5320 7
1233 6987 5
460 6512 10
4212 5128 9
5709 6627 9
850 6180 7
1021 2478 3
829 6131 2
333 946 4
1514 4116 6
961 3357 7
557 4043 4
883 5395 9
2746 3722 7
36 1370 9
407 2587 6
2235 2424 5
243 6961 6
778 2358 10
2414 4951 5
4380 6616 6
3507 4559 2
6410 6906 7
1145 4441 10
908 2996 10
3426 5389 10
2432 6888 10
3903 5283 8
3846 5539 1
4953 5277 1
2895 5545 8
4105 4217 6
225 4035 4
561 4747 1
2610 4062 5
5429 6463 5
1063 3429 10
5392 5986 10
3188 6627 7
251 1871 7
2373 4528 8
2957 3839 8
2514 3804 2
2300 4228 4
1735 1978 10
1668 2460 8
4503 6588 9
1618 5225 7
1343 2891 1
3066 3612 3
739 2875 1
2308 4791 5
3056 5921 3
23 4287 8
2926 3718 4
445 2330 9
2858 3614 3
681 1864 3
1715 4993 7
1570 4857 3
779 2540 5
1153 6299 1
1377 4825 3
2855 5697 4
595 5964 5
2893 3768 3
2032 2733 9
3267 4850 4
5043 5571 4
2489 3694 8
5066 6283 1
1138 2428 1
3203 6832 4
1286 4657 1
2933 5510 9
2125 4992 8
422 713 7
4263 5612 9
2741 4330 7
1977 6289 4
5973 6927 8
960 6336 7
562 3715 8
251 3735 6
4300 4767 7
1097 2856 6
1841 5957 5
745 2837 1
4625 6008 7
1391 1425 7
46 4184 4
1302 6922 8
3262 4426 10
2466 6093 8
1688 3491 3
2302 2678 9
2700 4033 5
3523 3529 7
701 3989 3
1820 3801 3
493 5832 8
1707 3531 2
2342 4329 2
3079 4420 1
1140 1998 4
2823 6462 2
4600 6118 6
1386 2964 4
3552 6142 3
2856 3042 5
1931 4455 5
3054 5073 9
1609 4762 7
1549 4620 5
4258 6859 8
586 3807 3
1754 2578 1
407 6032 6
4353 6698 7
843 6141 2
1237 4195 5
683 3190 2
5224 6236 3
1733 6444 7
495 1891 7
3325 3530 8
256 1628 8
1663 4343 4
718 1834 3
1782 3845 2
1718 1811 8
2792 6135 8
1116 6086 6
1264 4135 6
2160 6524 1
2350 4086 9
725 1659 3
535 3639 3
1180 3089 5
41 1706 3
2477 5786 7
4110 6507 7
1058 2730 6
2369 6602 4
775 6230 3
1921 1945 2
3147 6011 1
4829 6163 1
1545 3009 6
1288 1910 10
506 2897 10
931 3168 7
3835 4573 2
305 5957 8
5598 6946 5
479 5552 1
3458 5732 2
1114 5596 9
1060 3871 7
4181 6370 7
78 6193 7
1201 3480 2
2174 2914 8
2633 5063 10
2312 5389 5
1605 5372 2
248 4612 6
4255 4616 8
2223 5374 8
2625 3953 6
3498 5063 7
5254 6256 2
20 5805 1
1226 3281 9
5633 6587 6
2745 4972 3
501 2151 7
4022 5460 3
2162 3206 7
579 2092 3
1593 4109 1
5330 5397 10
182 5384 2
3203 5526 5
1961 2247 6
1582 3472 5
26 3702 6
6004 6438 4
79 4125 4
655 3522 4
1913 4521 6
2112 4422 10
1873 2687 1
382 3497 2
790 6025 7
3807 5699 10
2513 5020 4
1125 6223 6
783 991 6
1514 1555 7
5742 6349 7
1422 2949 8
32 3289 8
652 2328 5
2990 4705 9
2012 2567 5
4769 5499 1
4759 4902 8
2845 6801 4
1966 6211 8
448 3458 8
1799 2128 5
5609 5622 2
1468 3277 4
981 1999 7
3809 3938 2
321 3719 4
2965 5349 8
635 6427 7
5299 6141 6
1853 5487 10
2052 6862 8
4660 6250 5
1452 3712 6
584 2463 4
680 892 10
1780 4717 9
1279 5492 3
1176 3189 2
1343 1537 7
2108 3927 6
418 2394 10
2423 6937 4
901 1673 5
1810 2109 5
2589 5058 9
4462 5367 8
4863 5433 3
904 3946 1
1346 1667 1
2412 4256 3
728 1840 9
1351 6294 6
5018 5382 2
4027 4220 6
4592 4676 3
2081 2876 5
4518 6183 2
1549 3443 7
2178 4687 7
4594 5334 7
711 1724 1
400 1669 9
5017 5782 7
250 1664 4
4325 6787 6
93 3284 4
1607 3337 6
383 1564 8
5790 6568 1
1011 2030 2
3387 6547 6
547 3344 9
4436 6755 8
104 5054 10
2830 2982 1
2525 6997 3
1601 3004 7
2901 5472 2
2848 6107 2
3403 4285 4
708 4646 10
4289 6437 1
2824 3510 2
1686 3500 4
2120 2984 1
502 2606 2
590 4714 10
1995 4845 6
447 2611 8
835 3804 8
1334 3190 8
1502 5545 8
3240 4274 2
3440 3609 10
2600 3107 7
1650 3986 5
2044 6063 9
1343 3503 4
2825 3042 5
3959 6430 3
594 4607 8
5376 6060 6
3433 3500 7
2432 4654 2
4843 4896 4
1168 1715 9
1636 4298 1
1001 4632 6
952 1681 9
2931 6261 4
5350 6957 2
3821 6015 6
1379 1802 3
196 3512 5
1127 5252 2
1617 4846 3
3838 6131 6
5594 5998 3
4176 6214 1
1211 3403 10
2532 3822 3
3369 4373 10
815 1658 10
2551 4924 8
1103 2271 6
2207 3607 6
273 2531 8
465 765 5
5429 5750 3
5840 5864 3
41 5006 1
556 1453 3
1808 3876 8
2313 6683 9
3105 3189 10
2865 6675 3
2818 6247 2
3078 5578 8
1680 3868 10
2903 3191 8
2397 4716 8
460 3872 9
23 5913 3
2871 4584 4
2623 4976 8
3284 4169 2
998 1906 2
3182 4871 3
2904 3394 5
1162 2031 2
605 3217 4
1709 4355 3
693 3648 8
734 4815 5
1610 5672 4
1724 4575 9
2936 4917 1
4093 4368 10
1928 3858 4
2058 4269 2
2856 6186 9
559 4591 8
924 3485 7
469 3464 4
1033 6534 3
1407 2556 9
1885 3539 1
922 1746 7
633 2362 3
2214 3336 2
92 4233 8
2382 3929 7
981 3128 1
3127 4508 3
1894 2453 7
607 3130 10
2752 5103 8
1559 5500 4
1819 2513 1
3154 5642 3
2766 4542 7
2982 5379 4
4937 6022 10
2884 4656 6
1064 1776 10
1479 6477 2
758 3360 2
880 5368 9
4428 5510 8
452 5746 6
765 2576 7
4749 5233 1
2704 2776 5
651 1220 10
759 2188 3
4712 5843 7
753 5234 1
2132 2627 10
1908 3888 7
1756 4772 6
358 4832 4
3342 4013 8
366 2491 3
654 1374 1
4634 6659 6
2478 6501 6
2569 2843 8
276 4469 1
2350 4296 10
3052 3216 8
384 4304 1
3973 4198 3
5175 5880 5
1765 4729 4
1617 4927 5
1478 2020 1
4663 5000 7
512 3836 7
1243 1667 4
3479 6604 7
5866 5888 6
374 4651 3
58 4093 5
2962 6235 10
6261 6999 2
3694 5511 3
2668 2976 5
99 4733 6
1781 5211 3
6640 6656 5
5930 6710 10
5201 5470 4
2039 3190 3
3240 3503 5
4304 4336 3
417 5143 9
16 3467 2
4454 6655 6
4957 5500 9
752 4361 10
5703 6501 8
435 4111 3
2883 3031 7
195 5497 7
317 5492 7
3220 4493 2
452 4544 3
3223 3973 4
1086 4299 9
242 2816 1
3190 4620 7
995 1440 4
371 4973 5
5138 5381 7
1919 2806 8
2331 3439 6
2511 3944 9
3344 6166 10
2937 4004 8
6111 6256 7
1769 2235 8
6170 6430 4
744 5903 2
784 2272 5
1289 4540 1
1613 2872 4
3012 3543 4
1973 6579 4
5090 5546 2
1839 3041 5
3980 4360 9
2342 4162 5
376 4135 7
5055 6021 8
2246 4775 3
1569 1868 3
1159 3293 6
1483 6534 3
1771 3646 7
3105 3353 1
2210 5355 5
2456 5384 4
623 2873 5
234 2733 4
1895 2923 6
57 6060 8
682 2118 10
3273 5261 9
4754 5365 8
1735 4292 3
5655 6989 6
4735 5056 10
1630 1963 7
1349 6137 9
1493 3841 8
3050 3929 7
2510 3810 6
4219 5934 6
5153 6161 9
1186 6266 4
392 3234 8
4758 4880 4
436 3009 7
5083 6138 4
977 3415 2
528 1928 10
3944 4599 1
2159 4201 1
1796 2907 3
4687 6817 1
1616 4287 9
1105 4872 4
406 4500 6
2183 4825 9
411 4071 2
2236 6212 6
989 4282 7
3721 6117 7
563 6310 9
1549 6643 5
5950 6896 10
3144 6341 1
2230 4022 1
4566 6739 5
2059 2412 10
1741 5677 6
2977 3470 10
2357 5878 4
4638 5303 1
539 811 5
277 3879 9
1396 2721 2
879 5052 6
4378 5532 3
5424 5491 9
585 4784 9
2812 5469 1
853 4228 8
2295 2944 10
82 3129 7
1798 6701 1
220 321 8
325 6057 1
6031 6988 7
2313 3337 10
925 3752 1
2533 4898 8
2277 4169 6
4269 5604 3
78 5107 9
4272 6464 4
1728 5826 5
872 6571 5
105 5224 6
5895 6660 10
1569 4410 1
2458 6499 10
3093 5254 8
2212 4813 7
320 2164 4
153 459 1
436 6958 4
365 6643 8
978 1386 2
4247 5699 7
744 6199 3
3762 6123 9
374 783 6
344 4712 9
1228 3922 1
88 2544 8
1523 2556 10
5353 6493 4
5870 6489 7
3422 6818 6
2988 6429 8
3315 5242 10
1864 6436 5
2050 6559 10
614 5555 6
1953 2751 3
1648 2501 5
131 4505 10
1037 1117 1
3106 3757 6
3857 5569 1
4075 4798 1
1180 2737 10
4571 5016 5
359 3820 1
2829 5040 7
4268 4998 3
1399 3927 10
14 4008 1
4820 6349 8
675 1508 4
689 1748 8
2675 6495 4
4510 4511 7
2345 3709 8
1500 6705 4
1830 2129 9
4831 5777 1
2088 5532 2
850 4889 6
2985 4086 5
2765 3389 3
121 4912 2
843 3384 3
2632 3803 6
1104 6932 7
2318 2771 10
133 2854 7
972 6167 2
903 5518 9
612 1861 10
1258 2871 4
4121 6006 1
5068 6219 6
770 3326 9
1095 5874 10
1649 3583 8
4488 6514 6
346 3263 3
1459 2296 9
5273 6113 4
1822 2567 7
95 1272 4
2324 4225 10
2746 6230 3
3312 3739 6
1611 5565 7
759 1601 1
1473 5674 5
3381 6058 3
1261 4565 2
2294 5410 4
2733 5241 7
2296 3038 5
3874 6802 5
2544 2786 1
289 1839 8
2925 4039 9
2200 3581 6
6087 6236 10
722 2562 10
2188 2439 3
1178 1310 6
1645 4069 1
1201 3998 10
302 6565 8
6249 6276 5
553 5071 4
236 5847 9
5301 5747 1
5644 6776 7
1755 3190 7
6377 6821 4
5032 5916 4
3373 3903 1
1568 6071 10
1310 2689 4
5296 5327 9
412 5554 4
1635 2431 9
4615 4765 2
203 6794 3
780 2013 5
383 1870 9
1709 2141 4
1294 4916 9
707 5639 9
2183 5876 5
1800 4118 8
3890 4277 2
2907 3483 6
3093 6129 3
3902 5991 4
844 5011 1
42 3771 6
400 5065 10
2650 6482 1
75 373 9
81 5233 8
919 1296 1
2856 3101 3
1716 1836 2
993 3712 5
1265 6593 4
1261 5789 8
99 5019 6
827 1011 1
2171 6204 8
1082 4678 5
2372 2612 4
917 5225 1
165 540 6
350 386 3
6149 6230 10
1699 3181 9
2664 4770 8
1118 1318 6
2192 4321 8
1146 2073 7
1604 5540 9
1341 5879 7
274 6443 2
3940 6225 9
47 4295 6
4882 4887 9
3021 3443 7
4417 5913 6
2877 5265 6
411 1488 10
1804 6119 4
6250 6430 4
2680 3871 2
927 3636 5
3125 3764 8
3461 4277 7
3410 4651 6
1629 5321 6
1080 1389 5
3668 5649 7
1364 4736 4
93 5174 5
613 1760 3
806 6477 7
2213 2667 1
2064 4720 9
570 639 4
964 1893 2
6478 6570 3
351 4300 1
580 4917 9
1224 6511 1
1167 2592 2
5996 6478 10
1406 2273 8
2358 6562 3
1727 3220 5
2714 6413 1
59 3981 9
2795 4993 4
1006 4572 7
173 723 4
4295 4887 1
4294 4577 1
822 994 3
938 3398 10
1024 6868 3
2882 4547 9
1797 3238 2
3289 5945 2
3025 3069 3
3214 6867 5
3842 4922 3
310 2938 4
5220 6572 8
5407 6136 10
3655 5605 9
1868 2409 5
386 6252 5
2870 3116 1
4086 5881 5
1207 5930 9
213 3429 1
4401 6341 3
1989 2930 7
957 1578 3
3979 4664 7
4718 6322 3
1810 6401 1
1199 6472 2
1060 1703 6
650 4860 4
2087 5732 2
1201 1495 5
5522 5582 2
3942 6529 5
541 2563 3
1512 3843 3
139 2389 5
4807 5916 3
2446 6725 5
385 2428 1
563 5751 10
5096 5201 2
1067 6471 10
62 5016 5
1657 4577 4
1418 3761 1
1362 2070 10
2577 4803 4
973 3836 9
338 2834 7
1760 5213 5
4894 6591 7
2476 5248 1
2960 4623 1
4147 5944 8
5897 6316 2
2777 6419 7
1567 2374 2
562 5127 9
1320 1432 9
3812 6161 10
2093 4057 2
934 4358 2
333 1799 2
2792 3074 8
3137 3262 1
2462 3427 9
2039 3916 6
5228 5385 9
6604 6831 1
1159 2775 8
2851 4773 7
698 1280 9
3398 6072 4
873 3019 9
5473 6686 2
2125 2627 10
5292 6416 10
1568 2857 2
345 4943 8
989 5175 3
729 6159 2
4068 5393 1
1643 3827 7
2543 4738 9
609 5098 4
2995 3117 4
3195 5839 3
3240 5208 4
1193 2790 8
1300 3310 4
4096 6884 5
2979 6393 7
4169 5997 3
3433 4826 9
901 4783 6
773 4862 7
4872 6808 10
57 2193 3
3127 5995 6
4565 5302 3
2794 6389 5
2987 6784 4
3143 5645 9
595 2403 10
3325 4116 7
1376 4368 1
2662 6875 6
3265 3362 10
1160 2902 6
894 1147 8
2605 3235 6
2277 3859 6
4438 6733 1
1892 6376 9
1524 3833 7
2969 6637 9
1953 6481 2
2047 6850 2
3642 3837 8
925 5346 4
6442 6811 1
2624 3960 7
2735 6946 4
3232 5888 4
2138 6979 7
4799 5401 2
1086 5233 2
3165 6943 10
795 5576 10
1853 5399 10
4246 4847 3
1707 5224 9
5749 6865 6
1586 6848 5
369 3006 6
5324 5649 3
645 1203 2
1470 2157 7
5132 5618 10
2862 5038 6
2907 3522 5
6855 6977 6
3572 4255 4
4371 6542 6
3565 4300 4
2226 4849 6
450 6145 5
1006 6287 7
2628 4720 1
1855 2020 4
4345 6099 10
3665 5169 5
2613 6100 10
2613 4678 2
3077 3219 10
3586 3856 3
775 1123 7
6085 6582 3
2724 4002 7
632 3644 7
1457 4709 8
1845 2417 5
5631 6433 2
1742 6303 6
3976 5111 10
1796 2560 5
1489 5920 5
4896 5671 7
1893 5311 6
256 5722 9
945 2803 5
3427 5248 8
317 3560 2
2058 2899 2
2053 6246 1
1922 5297 3
2361 3318 7
1691 2553 9
2765 4281 10
839 4782 4
1701 4436 6
4236 5779 2
1913 5401 7
2842 6685 10
5102 6788 10
1941 2453 7
3575 5483 10
6039 6977 5
2350 6089 5
3781 5880 7
512 1962 6
5725 5862 4
1298 4192 10
614 946 10
6275 6365 9
610 1293 1
2494 4126 9
2415 3465 9
3215 3654 3
1298 2906 1
3418 6635 7
2370 4011 10
5594 6377 8
2287 3526 4
2973 4293 5
648 1767 10
3265 3453 3
2173 6895 1
653 1240 6
2001 4508 8
1970 5629 8
3627 5843 9
2057 6768 5
3087 5112 4
5544 5646 8
382 5427 10
5670 6209 1
3950 4446 3
1495 3885 2
3515 4537 2
1843 3231 10
3895 6359 9
3479 5211 8
4567 5986 8
2344 6600 2
211 4128 2
3688 4462 7
4926 6573 5
158 4781 7
286 3672 10
2686 6529 1
2287 2782 3
4763 6815 10
3994 5034 2
502 2543 4
1884 4755 5
3066 3732 2
3259 3934 9
886 6615 9
3859 4305 7
5657 6931 3
891 2322 6
2825 3964 2
6235 6942 10
779 4992 10
1048 5401 8
2675 6919 7
1988 5833 7
2052 3062 8
699 2785 1
1111 4986 7
5663 5927 6
2954 6914 10
2922 3810 7
4626 5219 5
1947 2196 9
1528 5629 6
2273 5125 7
2863 5010 5
1951 3098 5
1709 6865 2
1796 3123 2
2283 5511 10
557 3781 5
4432 6029 3
1175 6849 10
2058 6023 2
2948 3353 10
3360 3650 9
828 3981 1
1644 4373 2
1488 3556 1
2648 5069 6
5378 5772 4
3835 6808 10
901 5008 3
1924 4213 5
2809 4659 4
1079 3456 2
2063 2246 7
3372 3756 7
3046 4634 9
317 1211 4
641 949 8
1167 5357 5
4418 4575 4
1577 3627 6
2298 4394 5
4559 5309 8
2927 6522 10
3180 6631 1
160 3672 8
1980 6102 8
4216 5554 2
315 889 6
555 1462 10
2679 3341 6
4066 4318 3
3290 5781 2
1403 4238 7
2565 5439 10
3245 5291 5
3050 4302 2
2350 6421 5
2800 5998 5
2946 5774 9
5532 5833 5
3451 4840 8
148 5270 2
242 5561 8
3678 3757 3
353 3656 7
6138 6355 8
1437 6484 10
4538 5638 8
2871 6507 4
2263 2589 1
2773 6767 8
5733 6945 6
1821 3637 5
3285 4791 9
2911 3206 6
182 196 6
969 3919 1
2790 3341 1
5080 6584 3
296 6703 2
497 3307 4
2943 6434 9
4258 4938 1
1392 3638 3
1027 6607 6
6199 6254 1
805 6143 6
450 2328 4
1599 2267 4
4674 6942 4
3990 6708 3
388 962 10
2877 4597 8
275 3938 2
2308 6831 8
1318 5354 8
3837 6042 1
2576 4301 7
3205 5848 5
1372 2895 10
3089 3347 8
4249 5673 7
5281 6813 4
1894 2008 8
234 5219 3
1576 6148 1
1438 2196 1
1506 4741 2
4217 4497 1
3733 6752 3
877 1715 1
2144 3537 4
1295 4164 9
1976 2010 6
4876 6656 1
758 1401 9
4097 4775 2
2590 4544 4
2096 4438 3
3885 5637 2
3673 5470 5
2805 3094 2
6001 6539 8
4299 6712 2
1505 4633 3
615 2541 7
2122 3725 8
2470 4870 2
704 2474 7
2029 2262 4
1143 4391 6
225 518 10
868 2743 5
5141 5770 3
3968 5711 3
560 3896 3
374 4227 9
1503 5983 3
246 2360 6
450 2290 6
1653 6752 3
1573 6374 1
433 1560 3
6286 6653 2
6502 6999 5
1706 4703 5
4597 5941 2
3966 5109 4
21 3600 1
294 6862 2
385 1080 8
4483 5809 7
2925 4487 10
3888 5214 9
997 5315 1
760 2120 8
3979 6745 7
866 4883 6
2041 4627 8
549 3011 8
3544 5143 6
5521 6252 3
3587 6144 4
965 1464 1
1921 6287 4
184 4148 8
2770 5995 7
303 2576 2
2398 5734 8
614 5754 6
396 4927 2
738 6923 8
1863 3419 1
679 3740 9
1001 6150 2
3391 4022 1
257 5185 9
861 4374 2
5639 6629 4
5243 6404 3
892 2402 5
2815 3851 5
1468 4275 5
808 3411 5
2715 6061 1
644 1144 4
2771 6216 7
617 4889 5
427 772 5
3444 5389 9
448 4507 6
3541 3951 1
4884 5532 4
2749 6256 10
5436 6721 10
3251 4922 7
6047 6474 7
1909 6122 3
2228 5742 7
2422 4235 10
4165 5553 8
2131 4120 8
1536 6912 9
3434 5337 9
1346 3077 3
1270 4872 2
3612 6409 6
1859 3604 10
869 1453 10
1309 4622 1
4403 6054 7
504 4663 5
5199 6405 5
4200 5478 5
2903 3855 4
3112 4036 7
2849 5788 8
3049 6336 8
1637 2281 9
2354 5503 4
3153 4603 8
2347 4396 1
1245 3729 10
2141 2251 9
805 2631 8
5063 5938 10
5737 5962 8
2896 4879 3
424 5793 8
377 4513 2
1061 1457 8
3121 4414 7
3057 5662 10
286 6530 7
3524 4266 5
3356 6892 6
458 4980 1
4610 5547 1
362 3581 3
989 4179 5
3476 4770 6
2210 4782 8
2036 2344 3
284 6124 8
2924 5100 5
1216 2794 10
3828 4047 1
2843 4272 4
2357 5723 7
3758 4601 5
702 900 1
1509 2346 9
1781 6869 6
6318 6907 10
293 2837 5
4453 5479 9
424 4924 8
1641 5097 5
1715 2138 1
536 2147 7
1478 1631 3
4542 6652 5
4635 5372 10
1939 4126 6
4051 6438 4
1733 1879 9
1372 1392 10
86 437 10
1262 3432 8
4820 6786 4
2683 6712 8
1872 5154 2
825 6413 5
1713 3305 4
547 1743 9
4870 6460 10
4120 4737 6
1541 1735 2
68 3929 8
528 1341 1
1296 3963 8
1689 1822 3
1768 2910 2
2817 6090 1
1970 4927 1
2597 4760 4
565 1412 8
4282 5149 2
2103 2336 2
3443 3998 4
823 6278 2
226 6374 8
2513 4870 10
4900 5294 4
2846 5177 2
1141 3058 8
1158 2283 8
1410 4512 2
1943 4291 6
1385 1826 10
990 1330 1
6166 6804 5
166 6066 1
3233 6251 10
4161 6760 9
2278 3899 9
1173 1185 9
2207 6872 8
2543 5250 8
3520 4518 3
2087 6159 8
1013 4870 3
1339 2978 1
3881 5326 7
419 512 7
270 3335 5
1186 5551 10
217 5268 3
1099 2112 8
86 5149 9
549 4280 3
739 2016 6
1747 6477 3
1280 4136 5
1728 3647 4
984 1633 7
257 4893 3
3330 4599 2
1187 6566 1
756 2212 9
898 1007 7
621 6493 1
887 3853 1
4712 5049 9
333 5892 6
5511 5966 1
46 6328 1
388 5120 7
4608 5909 1
2759 4990 2
964 2224 3
242 4340 5
1240 3342 6
1366 4447 4
276 3651 8
3192 4496 1
587 4701 8
348 840 6
566 1909 5
1713 4111 6
5808 6326 1
3161 5941 5
2022 5072 5
1224 5283 5
701 1986 10
4033 4400 3
3274 3281 8
1685 5697 5
205 5053 9
2066 3205 5
899 6692 5
84 156 3
2527 2866 9
732 3018 9
2457 3144 5
1991 5372 1
630 5350 3
5711 6416 10
2670 5306 1
2081 3003 4
5116 6340 8
3080 3614 7
2772 5250 10
5557 6440 2
430 6214 5
474 4256 5
3316 3507 7
3535 5691 6
247 3270 7
2599 3859 7
2041 4133 2
589 1568 3
3755 6513 7
5725 6556 2
1849 2563 10
4597 4723 5
979 2585 4
4225 5291 9
4721 4829 4
2924 3895 3
1323 4667 2
1454 6507 4
2114 2772 1
857 2704 8
1411 6813 2
4329 6264 9
1169 3677 4
4543 6953 7
2738 3887 9
4171 4333 2
137 3492 5
1172 3605 4
23 4914 3
1020 1892 2
5591 6046 7
5150 5397 9
1478 2202 1
4157 4575 4
412 4484 4
216 981 10
615 3756 9
2226 3099 1
860 4496 3
4853 6984 7
1630 6271 3
95 1037 9
1841 5571 1
1057 5560 10
1118 6021 2
745 1360 7
347 3002 8
1569 2717 1
597 1603 3
6637 6977 2
768 2628 1
5839 6251 7
6264 6272 4
206 858 7
3699 4714 3
1973 2402 4
2425 2559 4
342 4523 2
1749 6480 10
404 4695 4
2326 6608 6
5740 6920 4
2589 6780 8
445 1082 6
80 5003 6
1547 6014 5
1677 6722 8
1267 5046 2
1759 4146 9
2033 3157 5
1756 6381 9
2018 6302 9
1119 6952 6
5985 6126 2
3334 3922 8
1711 6753 2
3287 4954 9
111 1322 4
6306 6560 8
4009 4240 2
4724 6395 9
490 6150 10
2655 2914 1
2217 4339 2
1250 6590 9
5153 6622 7
219 2548 3
4366 4563 10
2227 5248 5
478 1011 5
4348 5852 10
2310 6819 7
5672 6590 7
1191 1883 10
4714 4832 6
67 2736 3
754 4938 9
2231 3220 7
1118 6696 8
6045 6273 2
1146 4478 8
3143 3798 8
1174 3922 3
1099 1531 1
357 5304 8
908 3342 2
6152 6711 5
156 6031 2
1160 4746 7
1708 2438 5
1688 4925 5
1331 2943 4
703 3886 1
3157 5704 1
3530 4852 6
4543 5480 1
349 3748 3
2837 4750 6
4706 6190 5
3764 6514 3
1208 3536 5
990 2013 2
1758 6970 2
3009 5508 3
4338 5242 5
1245 6069 7
2848 5177 1
1679 5127 6
2413 3471 5
1278 3306 7
164 1984 6
1197 3862 8
2229 4945 10
5426 5920 5
1031 6075 9
6278 6544 9
190 4038 8
3158 6446 9
2216 4467 9
3466 4521 4
2104 5447 4
3336 3740 5
688 2635 4
2795 5399 9
2931 6663 10
350 4400 1
1743 4131 10
5178 5713 2
1195 1911 8
3790 5455 7
857 4931 9
216 5735 5
679 4975 8
194 3161 4
4241 4745 9
177 6534 7
452 6609 9
430 6758 4
3912 5278 3
3158 5681 1
2049 3433 7
3370 6191 9
3561 6840 4
346 3143 4
489 5252 5
4167 6262 2
1706 6089 3
2610 3752 3
1484 6922 5
2040 4607 4
4756 5164 3
53 3580 4
407 2794 6
1276 4037 1
46 4451 3
3761 6951 1
1216 4885 8
310 2797 7
1439 5870 3
4455 4905 7
1369 2211 3
452 5064 5
2017 4168 3
1694 6116 8
4329 6886 7
276 5032 7
2903 3312 6
450 4810 3
3116 6304 2
1630 2130 7
164 2252 3
3333 3442 4
3885 6872 4
223 4247 1
3108 5763 3
2022 6106 3
687 5110 3
4385 6012 10
3741 5282 9
225 1752 1
458 3049 9
2706 6631 4
1661 3884 7
2584 6106 2
3546 6781 5
4294 6066 8
1173 2750 10
184 4918 10
599 6712 5
3027 4513 6
5250 6461 4
3046 3224 1
467 675 1
3835 6983 7
5325 6338 8
3017 3735 2
1732 5542 3
1153 4562 2
2983 5665 7
4882 5940 3
1837 2441 9
1617 5892 1
1765 2610 1
3065 4686 7
286 5235 10
2575 6008 4
4693 5382 9
2431 3098 5
1799 6318 8
2707 3473 10
3043 6969 8
698 1800 7
4077 5212 9
2316 3736 4
2932 3123 9
603 1231 8
2931 4775 3
2488 5952 9
3904 6715 1
6245 6725 1
1037 4441 4
4278 6707 7
3137 5033 1
3220 5968 2
1763 2492 2
3871 5950 9
4298 4421 10
5998 6778 3
2106 2790 4
363 3185 9
3963 5546 4
2413 4440 9
3224 5717 2
1371 6729 5
5056 6908 4
1614 1694 5
2152 3641 3
2008 2115 7
3486 3881 10
301 3580 3
4221 6169 2
3942 5178 1
1613 4525 8
717 5913 1
1588 4926 8
6777 6877 1
2455 4247 7
121 6180 6
1447 5186 2
1666 5296 1
2535 4593 7
4183 5311 10
5289 6803 4
362 5895 5
2010 3449 8
4463 5628 3
510 6020 1
2556 5522 8
202 6479 5
1892 3792 2
1344 5641 3
1081 4180 3
1734 4351 9
2190 2652 7
1546 5238 7
5872 6350 6
1487 3654 4
120 1442 9
1424 6249 10
3153 3419 2
182 4372 5
371 6272 4
2647 6800 5
599 2451 8
4088 4522 3
210 828 4
1143 2854 4
4249 5175 5
2538 3968 1
2160 4045 4
1905 5499 10
4119 4936 9
1521 1770 2
1770 5646 10
2674 3255 9
1399 3727 9
879 1845 4
3676 4616 1
1199 4590 3
591 4342 7
1378 3256 2
3802 4113 3
1997 6590 9
602 658 8
3226 5430 8
949 2269 3
2149 4251 9
1352 1856 7
2428 2432 7
4619 6033 3
368 4102 8
4344 5944 4
1056 3685 10
3044 5634 2
1633 6327 7
3037 6486 1
1954 4673 2
2147 3948 10
884 5671 2
2058 4072 3
3012 5229 5
2510 6413 6
4670 5398 3
1503 2526 7
754 2721 10
5881 6936 8
2671 5861 2
1898 3948 8
558 1702 1
2102 5495 8
4680 5480 8
125 1717 7
3033 4325 9
676 1496 1
2062 4066 4
1784 3588 10
5783 6711 7
4986 6622 7
6137 6850 1
315 4034 9
1559 6274 10
348 1484 4
922 6185 5
6103 6250 7
4851 5172 1
885 6228 10
1962 6391 4
239 3265 1
3094 4056 10
1134 5774 5
2670 6550 9
283 2441 10
560 1651 1
1006 4928 8
1469 2507 2
4117 5568 10
2604 3364 4
1913 6969 2
3740 4689 6
283 4344 4
427 3305 8
1125 2098 8
2121 6331 1
788 5034 9
4460 5839 7
1783 4713 3
1945 5302 1
2586 3858 6
21 2915 10
5947 6633 2
2668 6920 10
1802 2619 7
264 267 3
3735 5946 6
1899 4978 10
1678 6424 9
2864 4928 5
72 6342 1
425 6394 9
2083 2297 4
1565 3405 5
905 4979 7
3639 4340 10
2779 4481 5
3432 6072 3
3261 5433 1
3202 6689 9
677 4079 10
1449 3821 1
1478 5064 9
1562 2483 7
564 2306 7
849 6704 10
202 2891 3
1827 6272 5
5721 6274 5
378 1825 2
214 5751 2
240 4920 1
1196 6297 9
3538 4316 6
720 4820 2
587 4768 6
3696 5076 6
4639 6346 7
1311 3317 3
949 5003 8
804 4318 10
58 6479 7
4087 5404 7
203 6456 7
2863 6141 10
4419 6572 2
1246 6088 4
2357 3364 4
1494 3654 10
77 3174 3
113 6347 4
1925 4532 1
2748 6731 1
414 2107 8
1828 2040 1
2449 5068 9
282 1594 1
1042 4458 4
31 3042 8
1961 5660 7
2223 4729 8
676 2360 5
992 3881 10
1294 6114 9
3921 5210 3
762 2420 4
1147 6741 5
1503 1815 8
1443 4394 5
2664 5247 2
815 6928 3
1393 1547 6
4223 5249 9
2360 6019 6
3940 4272 10
198 407 3
2404 2814 5
1921 3051 5
326 2699 2
3079 6566 1
1648 3843 8
313 6195 1
499 3059 9
4552 4590 1
2049 4338 2
392 859 6
3940 5916 5
5495 5624 3
17 4164 5
4055 5906 1
4347 6563 1
2325 4390 4
1105 5906 9
4072 5297 5
2035 5412 3
3756 5296 6
596 4483 2
1212 3737 6
5583 5591 4
1175 3923 9
3074 5750 7
3168 3195 2
2236 6277 1
3269 6819 2
2266 3214 4
992 3384 7
801 3421 4
3869 3941 7
3013 6088 8
4677 6553 7
797 6033 8
4607 5863 9
2024 5177 5
226 2522 4
4327 6558 9
264 2018 5
169 1638 8
1797 4874 1
769 5522 8
1131 3223 3
5530 5559 10
3153 4136 10
2471 3827 4
2862 5294 10
1481 1833 1
1698 5249 5
1714 6054 3
5658 6268 7
4977 5673 7
2226 2240 9
3073 3584 2
2042 3946 5
2284 3023 4
249 4992 9
2825 5567 4
2001 2477 8
851 5232 5
472 2551 3
1362 3286 6
2109 2973 7
1020 4097 4
3199 3765 1
1061 5976 7
3381 6296 1
1048 6245 7
1921 3504 10
2003 2517 3
4099 4875 7
682 6187 5
2127 4772 5
4620 5518 1
1753 3893 5
437 5036 8
1429 2854 4
507 4218 10
1677 2803 1
3607 4736 10
1996 4430 5
3310 6323 7
4568 5285 10
2867 3929 4
297 1428 2
3134 5872 8
3719 4166 7
2290 4445 10
1366 1520 9
742 4118 9
1966 4751 4
1273 5121 2
1665 5223 5
103 4931 3
2072 5614 5
345 2880 3
2215 5767 6
553 1101 10
1321 4184 3
1966 5619 10
3724 6882 8
309 489 4
596 6782 8
2668 4903 9
1575 6087 7
341 5747 6
1295 3725 5
3907 6398 3
1595 4989 3
4490 5606 2
4474 6278 8
4142 5306 5
1297 2307 10
15 5246 1
571 2687 9
4683 4818 1
1103 6528 3
835 4550 6
4487 4656 1
1219 4905 5
1680 4037 2
1387 3429 1
3007 3167 9
2183 6068 3
918 4998 8
6196 6680 9
929 6325 4
2011 3088 10
2254 4055 10
2957 6915 6
640 6011 2
3090 4905 6
1142 2819 5
10 4158 3
3027 4082 8
372 3575 9
188 2183 2
807 3973 6
979 4208 10
896 3774 3
2118 2857 1
1610 3890 1
470 5861 2
4451 5491 5
611 6512 1
3942 6645 4
403 2313 7
551 1766 8
3621 5074 10
2985 5918 9
235 476 9
4184 6642 3
1116 6711 10
1252 4852 5
3671 6305 4
4469 5202 6
3588 4678 8
6157 6768 7
4557 5780 1
4185 5417 6
5163 6109 8
3869 5504 10
77 2868 2
2276 3969 9
2613 2997 1
37 5833 7
1009 2070 4
2463 3436 8
5563 5708 3
2167 5638 6
1647 2045 9
608 4302 2
4056 6632 9
2382 2665 10
951 5850 3
4376 5241 4
2004 2066 2
879 3619 7
3552 5619 10
469 6199 9
2249 4556 3
5254 6602 3
612 6618 2
480 4512 10
3167 3755 9
2812 4250 1
454 861 9
3612 4786 2
946 3456 4
702 5345 7
2630 3920 6
1251 3522 3
2814 5601 8
3724 4527 2
336 1037 3
3524 6096 9
2209 4304 10
610 3414 1
5879 6850 4
1962 5170 10
1961 5332 8
2584 2589 1
1129 2941 2
1026 5983 6
4737 5523 10
178 3785 4
1590 6684 7
549 2676 10
2751 3391 9
1067 4768 2
3303 4954 4
1884 2357 9
4628 5670 9
3125 3601 6
84 5785 10
4748 5900 7
11 2374 3
6333 6878 8
2403 6132 4
3515 6301 8
1318 4224 4
2469 3195 6
1126 6914 9
1495 5190 1
999 4356 3
2429 5663 1
2448 3535 6
2985 6835 8
2860 5683 1
3248 3525 7
1995 5958 8
1405 5049 10
2193 4849 3
1295 2619 4
5234 6152 3
764 1450 4
3961 4177 9
600 4663 2
2259 6133 4
3622 5767 5
3523 4422 3
2443 3484 10
420 3246 4
2998 4600 7
1350 3999 9
218 566 7
897 4963 9
2348 5500 2
700 3509 2
4519 4734 6
1674 2212 5
1586 6290 10
797 4102 6
2461 3852 6
4196 5209 7
3820 6927 8
358 4029 4
569 3093 8
797 5320 5
1360 6137 5
1539 6409 3
638 3041 8
3046 3971 5
471 4465 2
3379 3517 5
3670 5039 8
4286 6640 9
4350 6063 2
3923 6831 6
907 6167 7
3897 6887 8
1650 3421 5
162 2768 1
1797 3415 9
4763 4791 4
2637 3764 1
5914 6365 2
325 2784 5
1553 6569 6
3235 4287 3
541 2523 6
3980 6633 10
3902 5631 9
1434 2433 3
3417 6026 8
1952 3601 10
121 4724 8
2170 3530 4
5610 6109 3
385 6065 8
4120 4458 8
291 6195 10
1113 4078 5
1020 6696 10
4673 5664 9
699 6129 4
25 724 3
933 5026 8
3668 6840 6
826 6471 9
1344 2965 8
623 2925 3
5672 5708 6
2212 4818 1
2844 4682 6
2234 2689 2
1669 3002 3
5238 6109 4
2288 6263 8
1718 3697 4
4172 6467 8
990 3406 2
783 1682 7
3863 5804 4
4443 5266 8
1937 4173 7
254 1494 9
3888 3939 9
1460 2020 4
5259 5601 4
1717 2684 2
4448 4912 4
188 5272 4
5253 5397 8
84 3651 10
1625 3028 7
85 6075 10
2846 6259 8
3008 6332 10
2370 3411 6
429 583 2
3290 5060 6
2241 2441 6
4931 5092 1
1893 5438 7
3436 3461 4
1701 2235 4
537 1171 1
3700 5061 3
3541 4159 4
1790 4287 7
215 5469 5
889 2803 1
3560 3975 9
24 5041 9
3791 4720 3
505 3367 4
5714 6082 8
738 2263 9
840 3523 1
3306 3726 4
4859 6013 3
1253 1905 6
1226 6790 3
2157 2229 6
1047 6909 2
2875 3924 2
4971 5401 10
19 475 7
2195 2724 4
2215 5796 8
1104 3074 7
2519 4789 6
1602 4869 1
2862 5572 6
426 4360 10
338 1749 7
3812 6526 6
1197 3449 9
1988 2179 3
3287 6738 10
435 4161 3
3334 4972 2
130 5099 6
1204 3044 9
717 6854 4
532 975 10
4412 5013 4
5689 6082 4
3650 5569 2
6253 6578 6
2122 2618 1
1969 6937 8
72 6880 1
4757 6571 3
907 6855 4
319 2119 3
891 6514 10
1595 5610 1
3938 4834 6
891 6984 9
4068 4081 10
970 3048 1
1083 1626 3
241 6254 10
2200 3851 6
1974 6758 5
4000 6540 5
5842 6546 6
1117 1233 6
166 3977 7
3617 3771 1
1038 6688 9
650 1321 7
720 5949 10
590 2421 3
2040 3299 4
639 1833 5
6661 6767 3
4862 5243 7
2620 3068 6
876 4299 9
3488 5224 1
565 2527 7
2675 4204 4
201 5221 9
566 5359 1
455 2207 5
3295 4769 9
302 4336 6
910 3012 10
285 2124 3
58 2007 10
356 2728 6
17 1513 3
961 4388 7
4970 4992 10
765 4356 4
2398 2490 1
1817 6966 9
1191 5710 7
2436 3373 4
174 5728 4
713 5625 6
1688 3201 10
5159 6706 4
987 4451 6
1334 4463 1
1042 5204 5
2594 6020 7
4437 5605 1
3223 6598 10
4073 5983 8
6555 6913 5
1697 6443 8
1960 6807 3
1615 3147 2
5216 5669 10
5822 5946 3
957 3849 5
2442 6868 7
4125 6107 5
1856 2522 8
1309 3140 10
5522 6796 8
5092 6368 4
3216 6663 3
2853 5138 1
175 3943 5
2154 4286 5
2359 4637 4
393 6657 3
140 4816 3
1567 4058 5
1416 5335 2
5 2865 9
1672 4637 7
4014 4489 6
3174 3668 8
1717 3670 10
748 2870 9
1296 5715 6
4414 5593 8
1934 2055 5
3319 6064 5
3285 6712 3
3484 4662 1
2150 3358 9
2313 4684 4
4271 6617 6
3311 4992 9
1955 4759 3
162 2871 8
401 1095 3
395 4722 7
3737 5692 9
1347 3895 4
498 1021 2
3474 5138 4
2736 3360 10
361 1632 4
140 1980 2
90 4454 3
1318 3433 9
381 5210 9
2314 4291 8
3501 4915 1
4929 5467 2
775 4238 1
10 421 8
580 6432 5
2696 2938 7
2456 2681 1
3134 6195 9
34 3175 1
2115 3615 6
4586 6592 3
1676 4557 6
600 4502 5
4855 4944 6
2373 6327 6
4403 6564 6
2388 6057 7
5511 6232 7
284 6751 6
3243 4595 6
3163 6846 8
1851 5337 1
639 1418 3
3469 6373 2
455 5071 5
2992 3645 7
999 3985 3
417 2913 8
207 1290 4
576 1779 7
797 1315 10
4028 5064 9
985 2063 2
5301 5398 4
1273 1989 2
226 3916 2
808 4487 4
163 3738 2
331 1960 1
66 2715 9
3165 4232 4
3023 3990 1
1974 6883 1
4424 6349 7
2882 3094 4
1983 5562 10
4187 4673 6
1428 6239 8
822 2877 2
2153 6140 3
3050 4141 3
582 5187 8
1504 2607 5
1732 3059 4
865 3457 5
3131 3409 3
357 3205 8
421 876 1
4244 4880 6
1181 2161 10
579 6124 8
562 3838 1
1378 6966 8
2151 6304 2
410 4774 9
2817 5611 5
2024 4056 4
5448 6211 4
4498 4521 1
404 1943 9
4875 6908 6
3496 4650 5
3675 4802 9
1606 2694 4
1584 5165 9
1962 4674 6
1135 4432 4
247 3202 5
3789 6579 1
3448 5730 7
4212 6116 1
5405 5462 3
1610 2529 10
5827 6232 9
2249 3612 2
241 4019 8
3063 5518 1
5501 5714 1
2582 6843 3
2220 5940 4
1415 4013 3
1772 6215 10
3690 6152 7
4737 6248 2
1765 4953 4
119 2663 5
507 6843 9
481 1388 2
6035 6526 3
1249 6940 9
3096 3248 7
611 624 2
266 4659 9
5369 6013 6
3948 4541 8
1652 2580 9
3630 4391 8
633 4996 9
821 1006 5
1834 2647 1
2656 3076 7
758 4959 5
1079 3047 8
110 3357 9
3286 6752 8
617 3274 8
1220 6618 2
3857 6939 5
3764 3918 2
4662 6523 7
2569 5547 3
2029 3551 3
2872 6953 3
3762 5217 7
1245 2806 5
1791 6763 5
457 4426 7
855 5722 9
1276 4561 4
969 4607 5
3756 3799 7
444 6682 10
1314 1878 6
3661 4505 2
762 2644 7
5042 5057 5
2121 3502 9
983 2961 10
6251 6503 1
4411 5796 2
1654 4959 3
783 1537 9
3940 4266 1
2547 3600 7
125 4284 5
4360 6139 6
843 4511 5
2417 5215 2
574 730 9
3067 3331 1
3473 6681 2
780 6871 2
727 1668 2
2856 4693 6
2564 3982 5
1081 2203 4
2762 7000 8
4975 6908 2
2803 3987 2
526 4073 4
5815 6644 6
4689 6817 6
3589 6161 4
1828 4288 2
258 6446 2
831 6406 8
738 4087 7
4206 5184 1
5523 5846 7
3758 6688 7
2993 5410 8
1508 5271 10
693 6239 1
2126 4712 1
1112 2397 8
1301 4217 8
4660 6064 1
190 215 10
3503 5960 10
1253 4654 8
3226 6361 3
1320 2316 6
2678 4759 10
5402 6436 1
814 2431 5
5277 6279 8
3077 4194 8
1423 5096 4
1935 2463 10
2666 2879 6
325 1514 9
3588 6206 1
2885 4907 1
75 2043 6
846 5594 8
2593 2632 4
5446 6412 8
5233 6253 2
1667 4259 1
1400 6442 10
2236 4043 8
159 2618 2
1131 1741 2
6119 6355 5
5746 6879 6
892 1885 4
1132 4288 6
1047 1158 10
2384 3296 2
1170 3789 3
1720 1932 6
935 3822 10
135 1104 9
1405 2240 5
1546 2263 3
557 6595 5
385 4329 6
1667 2595 7
36 4020 10
14 6774 6
404 3739 3
1488 5735 1
951 3392 2
2324 2428 2
49 4124 6
5292 6447 1
1907 3464 1
841 3858 4
1236 6617 2
1479 6739 1
5462 6368 9
1992 4463 5
2304 2591 2
4147 5774 5
859 6511 4
5352 6785 9
5710 5813 1
1703 4053 1
5293 6956 4
2332 5523 6
70 3571 6
5992 6050 3
3832 3985 1
71 1101 5
2974 6671 7
3642 4254 4
2462 5002 3
1344 6073 5
3573 5501 7
315 4516 4
1044 1058 4
1400 5283 3
260 986 9
1546 2850 3
1028 2889 3
2677 2950 9
1846 4386 4
348 2981 9
1602 4321 8
4616 5739 5
880 2507 6
1128 1825 5
4352 6685 10
2187 2306 7
1012 3559 6
307 3944 5
1856 5237 10
667 3892 10
5730 6094 7
84 1609 7
6009 6023 1
3315 4562 10
5121 5826 1
276 1978 3
2315 2416 10
1972 6803 5
678 6238 6
4127 6480 5
189 1234 9
2284 5174 8
260 6445 3
37 2066 1
1934 2487 4
918 2811 7
1700 6010 6
3024 4664 7
2152 6174 10
2121 6033 3
1366 4579 7
825 1892 6
1691 3861 9
1754 5095 3
519 2722 4
4016 4786 9
2584 4016 4
2988 5589 4
2766 3939 6
1132 1892 6
73 421 4
3649 4225 8
611 5353 2
43 2245 7
1289 3943 8
5099 5344 1
1335 1582 10
3484 4959 5
2316 6872 9
1410 3311 3
2734 6798 8
1290 6361 6
463 4067 4
2125 3085 10
223 3246 6
4565 4947 6
301 566 5
2948 4063 6
126 6030 10
914 6566 1
469 1276 1
4183 4625 2
1109 6982 9
3832 5074 1
448 5049 3
3013 5159 3
864 2829 2
335 574 5
5361 5664 8
95 4083 8
4231 4488 6
1089 3895 2
2306 3412 7
431 457 8
1391 5841 8
2674 3934 8
861 3094 10
2120 4283 1
2400 6754 1
5123 6239 4
3258 5414 4
107 5550 5
279 3903 6
1237 2853 2
288 2628 4
1801 5217 8
4444 5908 6
1710 4494 8
5207 6746 8
2518 6273 5
4337 6905 8
996 4329 2
6219 6931 10
993 1671 6
250 1973 5
208 4606 3
3887 3926 1
1615 3501 4
104 6780 7
4061 5133 4
208 6295 9
585 1059 4
3272 3434 10
96 6444 4
4047 6598 8
379 3210 9
944 2286 3
2078 3409 7
756 4347 5
3417 5077 3
517 2044 4
1273 1318 8
423 4312 8
2008 2614 3
1540 2002 9
5628 6350 8
5413 5773 4
634 6830 10
1698 3822 7
1431 2821 7
805 2944 6
583 3028 5
2845 5877 8
4445 5355 6
3305 5556 7
5705 6457 9
357 3729 7
139 1710 10
1504 2508 9
3550 6259 8
489 6918 9
2967 4794 5
2746 4240 8
2846 4341 10
1842 3906 6
1979 2610 9
1999 6844 3
844 3000 1
684 2943 7
1758 4412 3
214 2430 4
686 1102 9
5348 6751 9
4873 5956 4
1059 1328 5
1615 5449 4
290 4527 2
5517 6183 8
2456 5182 2
1006 6855 4
1629 4730 2
1919 4458 10
658 3968 8
557 2027 2
2017 2472 5
610 5518 9
2686 3039 6
1833 4174 10
3507 4667 6
1851 3058 8
6067 6835 3
2114 6833 6
6023 6672 1
2837 5598 3
4994 6424 5
1935 3819 5
2383 4844 10
262 5484 10
938 1471 6
3648 4060 8
1340 4740 10
249 4379 7
387 5383 5
841 5852 6
536 3960 8
964 6367 4
2245 3684 10
3274 5651 2
76 4590 5
2239 4513 5
1052 6348 6
193 4897 8
3819 4273 2
261 6293 9
1535 3174 2
2453 5170 4
2366 3755 10
1365 2195 2
4826 5524 5
1590 3186 7
2168 3122 5
4439 4794 2
849 4667 6
3005 5021 2
1884 4207 7
3929 4989 9
3600 5208 10
2472 3687 7
3250 3960 2
5487 6555 6
2536 4198 8
2151 4101 4
5184 6366 5
1479 2837 9
4092 5182 9
750 3131 10
343 6047 4
1775 3458 6
20 2406 5
644 1382 10
1310 4576 1
198 3456 2
301 5521 8
109 3559 10
1090 3998 3
6224 6413 7
502 4082 6
1146 3595 9
4564 6237 7
3056 3396 2
43 5061 9
536 5307 2
151 6528 5
2678 3711 2
321 3396 10
2403 6010 1
1413 5903 4
3706 4000 2
4944 5443 5
1958 6669 4
2619 3052 2
1595 5635 2
3085 5119 9
10 1731 9
4109 4567 7
3454 5420 4
4579 6520 3
4139 5828 9
1030 5306 8
338 6053 1
2645 3595 2
228 1517 1
462 2657 2
6460 6810 10
1712 5074 2
2466 5684 2
1880 3282 3
1179 6330 10
2745 4225 2
847 2982 3
6081 6544 9
1688 6503 3
268 1616 1
445 6476 1
1563 2405 6
811 3246 1
3460 3599 7
5395 6115 3
1882 5351 9
3242 6935 4
113 3339 7
3307 5036 8
5041 5617 4
3821 4193 3
2365 6362 6
357 1187 3
1392 2619 3
14 5575 5
182 1608 6
1795 1966 5
184 5843 3
920 5228 10
4599 4817 8
588 6987 5
1605 2847 7
38 5521 6
108 1592 7
5489 6470 2
1299 6368 3
2866 3832 9
4495 6245 10
1416 3854 1
2842 4224 1
1150 1194 5
2298 4511 7
2812 5478 10
4746 6408 4
577 595 9
642 4512 8
908 4448 8
757 6861 4
2849 3416 8
3889 5097 6
5098 5263 1
311 6125 10
1305 1977 5
4996 6750 5
3308 5591 8
1168 4314 7
327 5752 9
1543 6875 8
3317 3696 5
1770 4535 1
1467 3030 5
1034 2570 9
635 2165 4
2211 5371 1
230 3597 7
3249 3481 10
37 3745 4
770 3935 1
489 2496 7
5831 5998 9
1689 3631 3
3127 4076 3
1584 2077 7
492 1572 1
3831 4502 8
3951 6897 2
6255 6832 1
454 2695 2
1534 6719 8
145 6711 10
21 3927 10
2066 3508 2
4682 6160 2
718 854 8
1723 6454 5
2762 2932 8
6446 6633 9
1869 3988 7
2485 2513 5
2550 2657 9
3536 5204 1
2249 2367 6
3206 5712 10
2344 2867 7
1646 6633 6
842 1505 6
3464 5168 10
2986 6052 5
4063 6118 8
344 574 5
4585 5756 7
1163 1770 6
3327 4243 6
2574 4527 2
2226 6392 3
340 1253 7
3562 4442 7
1851 4556 9
715 5927 1
2684 6961 2
186 1427 1
2226 2784 10
189 2875 8
5660 6826 8
3977 4536 3
3269 3654 9
2742 4751 7
595 628 4
377 3314 6
3348 5773 2
1556 6079 2
3035 5250 9
1815 6015 2
960 1363 1
714 5362 6
1803 6531 7
1236 1966 1
180 1090 1
2565 6386 7
448 1632 2
479 6339 9
5223 6939 9
358 2791 6
2154 6355 9
52 6361 2
1136 5223 1
872 6301 2
821 3509 4
1393 2428 5
1886 2306 4
2620 4474 1
1306 3532 3
5768 5945 5
1138 6847 2
2255 3311 7
3002 3595 5
1663 2706 1
1017 4790 2
584 4388 6
2915 3446 7
2451 3534 3
1971 2126 5
2462 6856 1
2999 3703 8
320 5115 5
3411 6053 7
860 3261 5
2619 4049 3
907 5959 6
2030 4143 6
3187 5061 9
170 3901 5
1605 5018 5
47 6621 6
2394 2886 1
2725 2816 4
2515 5831 2
4384 6642 6
5638 6758 1
4164 4344 10
3159 5715 9
2530 5554 7
204 516 5
2786 6834 10
906 5424 6
3295 3837 5
3109 6017 2
5 3227 9
1851 3259 7
5267 6263 5
579 2037 10
1030 3556 7
1307 3860 8
2357 6933 7
258 1446 7
1135 6432 6
467 5112 6
2293 4322 2
2640 3981 2
2013 4584 9
4080 4288 6
4804 6827 10
1948 3759 6
5327 5892 5
2207 6955 8
5368 6908 3
459 3100 9
354 2417 8
1224 4670 2
5473 6819 10
381 5005 3
3859 4958 1
4522 6599 7
4542 6724 5
1475 4672 5
2843 6331 6
472 2407 5
2057 4586 6
1022 6114 7
5988 6261 6
78 5020 3
1402 4905 3
3027 4045 10
2686 3684 3
2028 6363 5
503 6539 10
1540 5018 10
3010 6976 9
1440 1950 5
2024 4848 1
223 5644 3
679 6426 2
3227 5679 1
1284 4707 2
2235 2621 8
1505 5756 1
1958 2542 4
3516 3759 6
5130 5632 2
695 2778 5
3781 4984 10
323 4636 2
885 6305 9
3889 4885 2
70 5486 8
2044 4023 9
3005 4785 10
917 3292 2
211 4599 2
108 2747 1
354 4282 3
6013 6251 1
3046 3896 9
255 3708 5
659 1583 5
581 4669 2
547 989 6
3038 4109 10
5223 5915 9
3097 4493 1
1368 4123 10
301 2799 3
2272 3823 6
937 4928 2
499 2214 2
1244 4103 7
481 5373 8
927 2301 5
1317 5559 7
540 5483 1
327 2290 9
2221 2921 3
885 4502 5
1597 4909 2
714 3325 6
4991 5902 3
2983 3290 5
2206 3057 7
755 5725 10
2066 4135 3
2291 4383 5
1826 3725 2
2545 2681 6
1038 5614 2
55 5921 10
3106 4824 9
4 4677 9
1686 3834 3
2119 6538 7
742 3495 9
282 2908 8
987 1553 10
1823 3629 1
4937 6210 8
1129 5835 6
2934 4215 4
405 3024 3
5119 5517 9
535 600 3
2993 6152 1
1763 3033 9
3871 6692 2
1987 2050 7
3104 6235 3
1209 6858 1
2230 3024 2
4776 5575 5
435 4778 3
1795 2374 10
4346 6890 2
1774 3996 2
145 6699 9
2410 3484 2
1941 2646 2
2118 5499 1
4110 5743 1
1277 5828 7
2868 6450 10
2465 3195 7
6344 6359 2
2378 4697 9
2293 6330 9
4805 5297 3
1595 5856 3
30 1001 10
4339 6360 1
3046 3641 2
2196 6951 10
2428 5762 8
357 5043 6
3107 4350 5
2820 3207 9
625 5241 8
2698 3147 10
1113 6842 7
2754 6861 9
2339 3569 9
2271 2932 5
4969 5827 10
160 3839 3
3218 3793 10
584 1395 10
4314 5082 8
1568 5099 6
468 3924 1
2387 3113 6
1970 2040 8
5771 5992 2
1784 2322 6
2000 3385 10
2891 5816 1
522 3091 1
3063 6383 2
547 3447 8
4224 4300 5
2234 6537 7
4188 5514 7
2612 5978 5
6130 6162 8
4389 5264 4
1353 6115 1
5578 6824 7
1598 4863 10
481 3937 6
2890 3374 9
4509 6152 7
1024 5861 8
1353 1929 1
5121 6764 10
2016 5247 10
2468 3995 2
658 1920 4
2039 2098 9
10 3924 5
140 4907 3
1303 3886 8
1865 5092 10
2673 3296 9
3632 6389 10
129 6214 10
2916 6940 10
2451 4079 8
1928 3533 10
1758 3836 2
2565 5197 5
5969 6676 6
5949 6268 5
3981 6728 1
2513 6382 3
776 3324 6
3830 4530 4
5833 6314 1
427 5948 8
5413 5826 3
2250 3794 7
5255 6671 10
1928 5036 6
1292 4423 3
5136 5532 7
3653 4297 2
2578 3965 2
2733 3688 10
4896 5496 7
5716 5786 10
2252 3661 4
46 2868 8
752 3377 9
3749 6405 10
1598 3122 3
196 2319 4
1627 2895 8
3794 5982 8
3441 5525 9
1412 6582 9
2107 2481 4
1407 1576 9
3244 5106 1
3003 4317 9
4666 5600 1
740 1724 9
2468 4751 6
2377 4435 3
1090 4337 1
5746 6961 1
3660 6394 3
2221 4204 7
3379 6136 8
1737 2879 3
1070 4049 4
145 3480 5
542 2712 3
2075 3140 1
1982 3476 6
896 3210 5
1171 4405 4
1358 2030 10
1081 3499 9
612 1734 1
1993 4778 6
3557 6581 9
1730 5878 6
123 2750 5
169 1400 3
1508 3267 6
3884 4102 5
222 2010 3
367 2799 2
4321 5321 3
397 3479 4
2425 6178 1
2374 5500 10
1038 6190 5
4735 6043 4
3065 3925 1
5077 6298 7
1929 4175 7
4833 5153 7
3175 5135 1
3017 3660 6
2800 6279 6
4113 4961 4
626 1218 10
3078 3543 10
504 5401 10
906 2940 9
2024 3336 3
786 2707 9
3199 4876 7
415 1532 2
3987 5576 2
574 3175 7
4112 4830 7
357 4528 2
3919 4932 8
1744 4427 10
1343 2236 10
3698 5036 4
4023 4518 7
4934 5598 7
940 5025 10
47 988 4
3076 3219 1
1195 2533 6
102 3156 4
342 4973 1
565 5245 6
2258 4921 3
734 6666 3
2679 4540 2
4804 5661 8
581 5396 7
73 4363 8
3896 5450 8
1456 5358 8
3707 6452 7
4241 6970 7
4763 6192 8
902 1999 2
662 3377 6
988 6944 3
2949 4207 3
1042 4237 7
1687 3407 4
3432 3693 10
672 1711 3
1262 1676 2
3230 6287 3
2623 3334 10
2187 6406 8
3400 4728 2
1791 3576 2
745 824 8
2752 6642 5
5860 6104 10
4655 6045 2
53 516 7
249 2127 7
1377 4449 4
2850 3309 8
1417 6305 7
220 685 9
3468 6596 3
3444 3675 7
1304 5030 1
2004 6254 6
514 4227 5
1543 6670 1
197 4277 6
1392 4745 6
229 4295 6
3784 6048 9
2104 5750 4
1573 4579 8
1308 3345 5
5164 6628 6
661 6116 2
590 5983 2
3940 4825 6
3734 6555 9
2759 5372 5
3098 4720 1
343 1698 10
2259 2418 10
2572 2791 5
6215 6876 3
1880 4816 7
248 6902 6
1272 2130 9
5015 6592 6
387 5808 6
5033 5625 1
1902 6451 8
633 1363 5
1069 6822 6
1686 6073 10
387 1026 3
453 3244 9
442 4378 2
5071 6776 5
828 5350 7
3423 5121 1
230 3236 9
2992 6678 1
1090 5871 9
4242 4509 7
2079 3071 5
2372 3565 1
1400 5646 2
5696 6497 10
2176 2396 2
111 2473 10
424 735 9
1146 5552 5
820 6493 7
518 6064 1
4036 4984 4
1911 3917 5
513 4604 6
2352 6501 9
1290 2538 4
772 6918 10
1516 4011 7
1893 2544 7
1555 1920 2
445 5103 4
4194 4752 3
3010 4958 10
704 5138 2
1245 4409 6
2550 5530 6
607 5934 9
2859 4326 7
4493 5475 6
1133 4981 7
314 3993 8
1093 2880 2
2728 3305 2
3996 4452 9
344 5378 6
2061 5946 4
1621 5692 5
485 4795 1
4218 6999 9
4114 5975 10
87 1306 2
3217 6062 8
4613 5383 2
2841 2900 9
1857 5556 1
5422 6644 5
2435 6103 4
586 6021 10
2060 3347 4
1363 6905 8
1777 2431 4
3969 5223 3
3113 6072 2
2397 2906 7
2817 2954 8
443 6337 4
3568 4355 1
231 3004 8
2947 5851 1
2715 4781 7
4964 6500 5
1412 2277 10
2274 4475 3
2096 3435 8
2309 6176 4
1436 1865 1
2283 3400 9
900 1433 2
172 1170 9
1963 6453 6
1123 6599 6
1476 4019 4
3244 5851 8
301 6422 7
2790 3615 1
593 3356 10
756 1932 4
4448 5776 9
4215 6974 6
2097 4467 9
1415 4464 8
1859 6922 4
2118 6286 3
477 2891 10
2816 3283 2
996 3411 3
2971 3709 3
930 3754 1
2073 4789 7
1781 4056 9
2334 4670 1
2755 3043 9
1583 3610 7
1787 3846 6
1285 3136 9
123 1216 3
1232 4397 1
7 1438 7
1172 2208 8
971 3945 3
847 3177 7
1637 6784 9
819 2772 8
2975 5205 7
2447 3188 6
571 1467 6
849 1546 10
1527 5374 7
2102 3030 8
3008 6711 9
5780 6658 2
5693 6125 7
1065 2497 3
1993 3343 5
2858 3549 4
2208 5492 6
1429 4620 3
2692 3768 6
431 4496 8
2445 5788 7
853 5620 4
1397 6256 5
1958 2071 1
3229 3846 7
3398 5717 8
4522 6168 7
2200 5963 6
4108 6519 9
2968 5351 9
6405 6746 6
3603 4418 5
4124 6756 10
3425 5782 6
2442 5667 8
1499 6458 4
5559 6911 4
22 4089 10
4750 6009 3
694 1198 2
5784 6291 6
3009 6479 2
3658 4091 6
2163 3707 8
2074 6104 10
406 6538 4
707 1338 9
1435 5118 6
3922 3953 6
1286 6382 3
1559 3870 8
576 5817 3
1832 2875 8
1903 4115 2
104 1420 10
1294 1636 4
1083 2452 8
2246 4584 3
1394 1656 9
2693 3379 8
5904 5950 1
1061 5384 10
4814 6093 8
2351 3415 10
3998 6482 5
4075 4160 6
1210 3465 4
873 4107 8
16 2740 2
657 1065 2
1502 6600 3
1676 5405 4
2353 4361 2
2928 3446 4
4315 5881 4
2898 3656 3
3696 5050 6
407 5977 5
910 6022 9
3937 6427 3
1009 1261 6
3406 3983 7
2458 6272 9
817 2322 7
1446 6629 4
3047 4587 1
4236 5428 3
2664 4587 8
3470 4518 4
2230 2972 5
2205 5846 8
800 4393 7
3022 5515 1
1853 5216 8
4393 5881 1
2088 2174 6
4401 4488 4
574 4285 10
780 976 3
1086 1152 9
2079 4578 10
775 6996 2
172 416 2
3628 4935 5
1103 1713 4
4761 5212 7
4013 6302 7
6746 6771 10
4783 4910 8
1055 2989 6
1710 4760 10
415 664 2
4454 5710 6
211 3998 9
3692 5232 3
480 4079 3
2108 5955 7
3521 5199 7
1493 5782 5
5346 6143 8
1813 2114 9
2096 4871 10
2988 4881 1
1399 4361 3
5449 6973 1
3583 4169 7
1623 6172 6
1654 2993 8
67 980 6
814 2051 2
3404 5431 9
3464 6562 5
326 3988 2
2007 3820 2
4424 6296 5
14 2178 2
3309 3904 3
4763 6505 7
525 4750 5
3762 5668 8
11 1093 3
2143 2812 5
17 6650 4
3461 5428 4
2594 4931 8
934 1302 5
435 1744 2
1583 4039 10
1355 6647 10
4260 5594 10
1217 6643 7
3256 6762 1
1736 5177 8
28 3400 7
3301 6594 1
2760 5430 5
2895 5885 3
2370 6556 1
1728 6359 2
4407 5760 10
1953 2767 5
3057 5850 6
2166 4368 8
4348 6475 9
1284 1582 8
1259 4607 9
3905 6938 1
1873 3135 7
2685 6203 9
4905 6211 7
619 6999 6
638 5118 5
695 2510 1
3351 3829 8
4625 6120 2
912 2795 8
2165 6613 2
3862 6508 5
4393 5484 8
2820 5962 7
3414 3956 4
1661 4909 2
3382 6990 1
1399 3607 8
1131 4600 9
1790 2901 10
409 1184 7
1949 4437 10
92 5320 10
4211 4611 8
1116 6793 1
442 3117 7
1294 4839 3
1913 6762 4
2317 2839 3
6337 6725 1
4638 6336 2
1384 4744 2
1944 3268 3
486 983 2
146 5818 6
21 5920 9
517 518 10
354 1718 5
4975 6397 8
4976 6376 2
3284 3790 3
4369 4725 7
749 6501 1
292 2562 5
1052 4120 5
112 2873 6
3241 6774 7
499 1851 4
2566 3037 9
4685 5586 10
804 6425 8
5441 6522 10
5589 5982 1
6533 6670 7
872 3773 1
261 5749 6
2354 5579 4
3495 6553 7
1398 3407 10
395 1796 8
1157 3154 7
531 6365 8
2634 3734 9
1576 6150 1
2375 6316 1
5518 6000 1
617 3862 7
1191 2776 4
5868 6720 5
2676 3071 4
2766 6045 3
5551 6193 9
2651 3443 9
4270 5362 7
2841 3580 3
1744 4055 1
4977 4990 9
784 6805 6
5409 6064 1
2678 5026 4
514 1741 5
1864 3251 2
3529 4181 4
1512 4275 5
722 4164 5
3924 4990 6
736 4528 4
2042 2119 10
4940 5268 9
356 915 4
1138 2878 3
1943 4409 8
3589 4538 6
2404 6023 5
1500 3731 4
4851 6950 7
1275 6318 1
1948 6871 5
1337 3969 2
3341 3412 8
1254 4231 1
3300 4190 10
2722 3002 8
1258 6167 5
3191 5269 10
1726 2059 7
954 3651 6
2513 3068 7
432 4807 8
5428 6480 5
3118 5995 7
1925 3252 1
4006 6708 7
2394 3866 5
3601 3941 8
1499 5009 10
6271 6930 6
503 4312 10
3964 6151 7
258 4489 6
3064 3629 1
1665 3694 4
5319 5487 9
1442 1644 3
3725 3774 4
138 1342 9
830 910 1
3154 5218 10
157 3144 1
3385 5529 2
555 5217 1
5522 6211 5
3616 3998 8
1347 6998 6
1073 3533 7
2501 6769 10
1898 4770 9
899 1680 1
3837 6729 2
1263 1647 10
3761 4882 2
3954 6553 6
251 3508 1
5089 5633 6
881 1786 3
1489 6191 9
4674 6180 10
3698 5644 2
4004 4785 9
858 6455 10
4083 5493 2
1484 3322 10
1847 2877 9
483 3372 1
4727 5785 3
2018 2870 3
5708 5830 9
4022 5504 7
2232 3973 6
4468 6553 2
1389 4490 9
1790 5353 8
465 4573 1
1088 1281 3
3858 6846 7
3003 3690 2
4430 6980 9
2993 4493 8
3979 4915 8
3549 6064 3
2023 4885 8
411 962 10
2619 6360 3
1667 3170 9
1308 5990 5
4545 5239 9
4398 5621 3
711 5057 9
1621 6812 9
465 1628 5
122 4853 10
1073 4890 4
678 5536 5
5569 6146 5
1505 1894 3
3561 5340 6
3602 6706 10
257 5937 9
1191 3550 8
3553 5442 3
4459 6376 7
2309 4812 3
3275 3763 10
1561 5703 7
536 2477 5
760 2198 5
1388 4087 4
1954 2343 7
1812 6043 7
1756 2989 6
2813 4447 7
3616 6200 6
6288 6749 5
2342 4672 7
2653 3034 9
828 2469 5
3912 6806 8
4080 4477 1
3611 5339 10
817 1453 6
2762 4802 8
731 4046 2
791 3914 8
31 2754 10
2685 5346 9
4714 6206 10
5476 6154 10
5270 6909 5
2491 3377 7
315 2138 10
310 6450 4
88 2957 1
785 5295 2
371 2041 1
514 2398 8
2186 4324 8
1309 1330 1
253 3819 6
1791 2110 4
2259 3164 2
2580 2952 2
4347 6953 2
2870 5914 4
2398 6489 10
3154 5356 4
1667 5430 8
2979 4337 3
2279 4806 5
3882 4215 10
592 2545 8
3459 6444 4
4551 5856 6
300 1646 8
3378 6851 3
2624 2927 1
3795 4473 3
4142 4862 8
6661 6960 9
2285 4670 1
3796 4611 8
6157 6678 1
1624 4707 9
730 6410 7
4762 6276 3
1435 1769 8
259 4162 10
1452 6657 4
1291 1763 9
350 3878 4
3923 5535 4
33 3097 4
1114 2361 1
2436 4170 5
2360 4673 6
1130 3007 6
2315 3418 3
1609 2861 3
1950 3673 6
6114 6599 10
1081 4562 8
335 5181 3
946 3280 10
1876 4774 6
1497 1826 1
3929 4536 4
710 2507 2
1420 1867 9
2909 3343 10
1610 4732 4
2670 6768 4
4465 5204 1
3125 5309 6
1251 2805 7
2493 4361 5
749 5192 3
2281 6505 2
2690 5719 1
1313 1827 2
60 2183 6
564 4805 10
4154 4513 10
3120 6588 6
389 581 4
1185 2729 9
3506 5769 8
2586 3413 9
1372 2659 6
1918 6915 8
3100 4272 4
4600 6842 6
4680 5292 3
5766 6865 6
1152 1712 1
265 3066 1
2210 3941 7
3944 6411 5
3898 6489 2
2066 6395 6
903 3549 3
489 4262 3
2380 3553 2
811 3285 8
2454 4447 8
1699 2977 4
641 6882 4
463 6765 1
2733 4562 3
3762 6508 2
1204 4531 3
1460 1589 6
462 692 10
3834 4430 10
1109 5951 6
2244 2889 9
2788 3202 4
1379 1628 8
2599 5750 9
1032 5177 6
2010 2466 2
1629 6912 5
867 5109 9
6060 6523 3
1984 3271 4
748 3770 1
1453 6647 9
244 5893 9
3271 4390 7
1450 1793 8
779 805 9
1014 3082 4
932 2480 7
2171 4878 8
1730 4382 1
215 3901 2
364 5405 4
1038 5079 10
572 801 8
254 1360 9
1178 1679 1
4200 6539 1
4263 4335 10
3756 6983 9
1306 6904 3
1584 3065 2
2496 3392 8
5886 6577 5
1064 5917 8
550 1571 1
5355 6730 1
3888 4499 3
1615 5550 2
272 4504 4
322 2473 2
4089 4944 10
1196 4447 9
1682 3188 5
741 4659 10
4729 6787 6
2892 4000 4
223 314 2
685 5226 6
3778 6969 5
2991 6463 9
3618 4213 6
3965 4249 6
434 3999 3
124 495 7
270 807 10
3059 4058 2
173 4879 2
2242 6494 1
4616 5928 6
170 6459 7
3915 4218 9
428 6880 9
4154 6547 9
2660 3347 7
3042 4175 9
432 1137 10
1477 3410 1
2740 3835 5
1835 4308 7
92 1840 3
2406 4315 9
256 852 8
2632 5632 2
4575 6542 10
5706 6116 8
6019 6762 5
2798 6496 5
2568 3588 1
2315 2565 9
376 5616 4
2589 6867 10
1152 2317 10
253 1261 9
1987 4646 9
2044 5125 10
2085 6541 9
6369 6843 9
4382 6029 1
4946 5196 6
1985 3663 2
1099 6741 2
2134 4629 8
3215 6580 2
3880 5455 10
4159 6309 10
2042 3141 4
4334 4692 9
1288 1310 5
1648 4698 8
1539 3828 7
2532 3114 4
3022 4506 4
1438 6530 1
719 5461 8
4265 4433 4
3591 4687 8
686 6625 8
2064 3338 6
3897 6884 2
4264 6959 6
3749 5973 5
1901 3303 5
2371 2912 4
2769 6494 6
821 1100 5
2477 5820 6
3517 4413 8
4008 6951 3
1997 5980 8
2010 3582 5
3077 4054 1
840 4615 8
1466 2181 1
385 3233 7
5339 6372 9
2298 3410 3
4952 6614 9
3755 5806 3
3781 6230 6
177 5502 10
2864 3475 4
3080 5995 6
451 723 8
2826 6407 7
851 6061 10
2203 5911 9
3203 3204 7
240 1855 10
2208 6705 8
1606 2729 1
3491 5216 9
1639 1979 7
1809 4503 8
2433 5561 5
3219 4723 2
467 777 9
3101 5810 8
5726 6551 10
3165 3809 6
1779 4766 3
5324 6609 3
976 5556 5
846 2143 2
1750 4176 10
2015 4008 6
2334 2620 6
977 2376 2
3447 6924 1
4491 5991 5
4408 6023 9
1194 3818 8
6132 6585 2
1863 2873 3
2760 3234 7
1904 2129 8
404 2989 6
359 1918 6
199 3264 3
4073 5648 9
639 656 3
1670 6798 8
1551 2478 7
1451 4067 10
1309 2626 4
2454 2849 7
4375 6579 5
1227 5102 9
3081 3499 8
4323 4349 2
2405 5456 6
863 4484 5
2793 4512 5
21 5188 5
2655 3198 7
3558 6077 4
2800 2948 8
1 4895 1
1115 4791 2
5744 6170 2
3141 5117 2
3435 4767 10
4838 5152 2
730 2324 10
4629 5975 9
4574 6708 9
2612 6723 6
4480 4693 7
6314 6722 1
2069 4757 2
65 1248 9
5247 5672 1
5198 5865 7
476 2444 2
1129 1714 1
1084 5299 2
183 5805 10
5838 6781 8
3481 6644 2
233 3595 3
742 3922 7
145 4125 8
973 5133 7
1274 2703 5
2776 5446 3
5002 5265 4
1992 4796 4
2673 3731 5
5670 6467 8
34 1961 6
1129 6929 9
4585 6415 4
4317 5053 6
2154 6426 6
280 4232 1
2141 4201 3
2444 6324 3
2673 3152 5
4639 5505 2
4283 5520 2
3174 6392 6
1219 6971 8
135 3371 7
5137 6559 8
1762 3883 9
1945 6371 2
3313 3896 10
1503 3383 3
3196 6696 4
1025 3255 5
3318 4069 5
2573 3831 2
1422 2691 5
10 2963 2
2659 4000 7
2169 6998 4
2477 2846 9
1230 6336 9
1807 4205 3
5130 5240 9
528 1757 6
5491 5844 5
2013 3563 5
549 5797 10
630 723 5
1446 1661 2
3843 5034 9
1110 1983 2
3723 6134 10
2299 5157 4
351 2600 2
5438 6199 4
2770 4345 1
2338 5094 7
2035 3316 1
271 3668 4
3463 4270 6
1660 3594 4
2032 5074 7
650 4365 4
2978 3261 10
2874 5860 6
1512 3580 9
2987 3172 3
423 3836 1
2355 4405 6
5306 5380 9
555 2703 1
1629 2797 5
4663 5192 7
584 4800 9
1175 6431 4
1089 1234 8
4654 6894 10
3565 3846 4
24 6724 6
5916 6782 7
604 1875 4
1349 3904 4
1905 6627 4
331 1565 2
1031 2537 8
2353 4056 7
25 430 9
1084 4120 1
3164 5842 5
2469 4161 9
1049 5798 4
3391 3963 3
3958 4147 6
3383 5958 3
4044 4077 9
1463 5550 6
4489 6255 7
1875 6356 9
1411 4492 8
331 1536 7
1157 1627 8
1695 1898 9
2253 2985 4
720 2050 3
2281 2974 1
2135 2806 3
2898 6716 9
4044 5919 9
1167 3205 3
6056 6609 2
4444 4547 1
3406 5856 6
559 3023 9
2887 4691 9
1632 1871 10
1100 3804 3
188 6446 5
3687 6843 6
833 3342 4
178 676 5
6566 6901 2
5198 5234 2
322 3918 9
2262 3176 8
2457 2809 2
273 2986 3
132 2600 5
2276 2974 2
1778 3564 1
465 6715 6
3650 4373 1
4706 5683 8
6393 6960 6
215 2326 4
3299 3719 8
2694 5300 10
3327 5012 6
710 4212 8
1222 1229 2
1636 3284 6
21 1231 6
3060 5702 2
1356 3357 9
304 3645 9
221 803 5
2066 6480 3
2889 3320 5
1934 6028 8
1851 6309 8
4481 6393 1
4655 5648 4
1833 3585 10
5030 5226 4
1418 4477 2
1944 2752 3
821 1514 3
738 6476 2
3655 4354 8
1231 5234 8
3286 6729 9
3486 3697 4
339 1939 9
2771 3859 3
1133 1221 4
2417 3950 3
2823 3526 7
1466 4334 8
4693 6888 7
28 5621 8
1720 4686 5
1182 2788 3
4670 6824 9
470 3245 2
287 1450 10
6782 6881 3
330 1857 1
1419 3992 10
4768 6202 8
3483 6118 1
623 2991 8
1583 5178 2
4447 6951 6
101 3113 9
1046 2850 4
3477 5149 7
2246 6115 3
3641 6769 6
1131 3107 8
2872 4402 2
1999 5086 9
2789 4151 8
3077 3935 8
2324 4516 8
1028 3140 4
2060 2455 3
4297 4934 9
4938 6317 2
1312 4487 9
2881 6893 6
751 6310 6
2640 2908 9
3285 4903 3
3966 4597 5
5325 6539 9
2153 2559 10
1635 5307 5
3763 4550 9
4681 5976 10
2489 5695 8
2507 4592 3
6096 6638 5
3157 4710 7
3596 6257 1
840 1187 5
1931 6555 2
969 1674 7
4965 5332 7
2918 3930 8
4421 5081 7
850 1703 4
1402 6395 1
4647 5032 6
4754 5696 10
5568 6384 5
1159 1612 9
3037 3054 5
1663 5350 3
3839 5304 6
818 6480 2
1388 3968 1
3912 4427 7
3548 3730 3
1452 5783 3
486 6794 2
1226 6867 8
1746 2038 2
2201 2635 6
961 5144 8
3677 4106 9
918 6113 9
3446 4063 4
105 291 2
370 5552 10
473 855 8
2017 6329 8
133 2238 7
2273 5372 6
780 1453 3
915 4642 6
4612 6288 9
3986 5819 10
4880 4889 3
2959 3228 1
4323 6556 9
4143 4291 8
2229 4924 6
2800 2807 4
1477 6476 3
1320 6738 2
1233 5917 3
1211 1874 3
536 3503 1
1220 1232 7
425 5896 4
2638 4773 3
3834 3874 2
5744 6428 10
4031 6603 6
2373 3550 10
4563 6415 4
693 1554 9
2035 2059 10
1699 4670 10
31 1719 10
99 2148 7
912 2021 9
1399 1575 7
1687 1989 5
1484 4967 10
818 3838 9
3564 5218 2
568 6014 8
2108 5525 2
4854 5189 6
674 5479 3
800 1314 7
340 6258 2
3294 3659 7
2000 3777 6
3215 4619 8
6416 6924 8
2470 3404 9
2797 5768 5
186 2882 3
307 6825 2
2377 5762 2
4862 5594 8
3759 5541 7
1962 6755 1
2872 4038 5
2749 5281 1
2758 4289 7
344 2875 3
4374 5311 5
1201 4192 2
2981 4539 5
3733 4517 1
518 1935 4
3128 5885 9
993 3870 4
106 3338 4
2391 4292 4
711 2459 2
3444 3748 4
991 3623 1
3304 3525 7
1763 2842 3
727 6519 2
876 2442 8
4332 4377 1
1049 6978 1
4233 4455 5
1911 3340 2
1460 4854 4
3477 4754 9
5209 6989 1
632 2115 1
1417 3105 1
12 1459 10
1192 5890 2
4464 4657 3
2817 3913 8
291 796 5
347 1955 5
3010 4680 1
3300 3635 3
3558 3602 1
1113 2244 9
617 1105 10
4600 5546 8
1351 4343 3
3682 6532 8
471 5309 7
3982 4742 10
4381 6133 10
2560 3248 9
3595 6720 9
4046 5722 3
1215 5896 4
1674 4385 10
3995 5838 2
2460 5205 9
227 6985 5
78 1260 6
4234 4477 5
3636 4243 10
1705 2314 3
4562 5285 2
1705 6144 4
125 2860 8
5720 6619 7
254 3219 5
323 4178 5
4953 5933 6
4265 4748 2
1826 2044 9
4146 6995 3
325 5910 2
1440 1680 4
4498 5621 9
3183 4112 4
1406 4005 8
4571 5893 4
3794 5160 5
2041 6906 3
1698 3129 7
2125 5625 7
2757 4123 9
2208 6664 6
3131 5743 7
1312 5022 1
4387 5406 1
5696 6863 6
1200 4320 1
2618 5292 1
1112 5022 6
997 3139 9
146 4511 10
1180 6404 3
4568 5780 6
5102 5992 6
3845 4104 2
4027 5561 2
5528 6119 3
3136 6105 6
5170 5218 6
1749 4557 8
3492 5451 3
2529 4320 3
1 585 6
5329 5646 5
1478 4172 5
6286 6722 5
1218 4735 9
786 2635 3
2417 3724 3
1062 5476 4
4844 6877 5
3631 5903 3
2986 5789 1
992 2231 3
1300 6009 7
1005 2743 1
2543 3210 10
1507 3436 7
4768 5346 3
2834 5045 2
569 2388 5
1576 3774 6
203 3371 5
3350 6114 3
3543 5631 9
705 5232 10
1981 6699 9
181 2050 6
3334 5438 10
4025 4110 6
991 3322 8
1943 6077 4
550 5851 5
216 2217 1
3911 6220 10
3894 4648 7
1585 4976 7
3374 5792 3
748 2711 8
2190 2421 9
799 2485 3
2427 5979 8
6338 6475 5
546 6927 9
471 6759 4
1624 2320 6
3139 6773 9
4882 6269 1
2203 6031 6
2909 3325 7
2091 5340 7
2302 5298 4
1416 1728 1
6052 6157 2
2656 5816 3
1759 1762 2
1656 3295 4
1605 5870 6
1156 4501 3
2783 5920 4
4816 5961 7
1640 2829 6
826 6900 7
2866 2995 10
3716 6474 7
2697 5378 8
2862 4832 7
822 1607 8
3457 6532 2
761 4416 4
3019 4205 10
67 4273 10
5211 5518 3
2185 4097 10
1560 2791 4
297 4832 3
6567 6637 6
1392 1481 4
1922 4442 2
1494 5962 10
914 6379 4
4210 6646 8
506 5018 6
751 4754 8
1273 2358 3
3953 4720 9
806 5296 9
4671 6525 2
1699 5970 10
1090 1443 1
1764 3437 9
380 3311 9
1917 2967 6
1910 5031 8
930 2762 8
1517 4501 3
251 2760 8
2335 4266 2
1500 2904 8
4176 6716 3
2352 3010 8
596 3493 10
1322 5601 5
58 4499 8
2023 3020 7
1023 2670 4
1446 3818 3
3140 5640 10
1007 2875 7
2342 6380 3
1123 3133 9
1447 3384 1
3413 5100 1
1700 6493 3
4664 5309 2
488 1953 8
2602 6975 2
83 2186 4
2096 3497 4
2811 2910 2
4253 5522 5
1329 5548 3
3919 6624 2
1949 6885 1
2429 5419 9
5537 6971 2
1017 2313 7
3289 6813 9
1796 4533 6
3679 4883 1
2769 5835 9
3549 4894 1
670 5902 5
132 1241 5
604 4766 7
802 6903 1
1931 4392 4
366 4441 10
1901 3114 1
1097 5027 10
3125 6385 9
496 1741 10
6261 6295 1
1667 2192 7
3307 3931 3
2795 4242 8
2627 5726 1
250 2033 9
4092 4811 3
3329 4533 10
4260 6188 4
2021 2723 8
3538 3942 8
2911 5093 2
3448 4074 9
2924 5497 7
1296 3578 9
3037 3968 10
905 3625 7
3503 4938 4
2400 3202 9
3316 5601 3
2844 6170 4
3265 3441 4
1436 2133 6
1968 5783 10
2685 4072 6
4254 5153 7
2514 5678 10
1510 2778 4
3525 3599 10
424 5919 9
1800 6299 3
1603 2966 9
10 6904 2
1096 4519 1
2413 2697 10
4544 4972 7
1618 2605 6
4411 6600 7
2779 4508 3
2838 5047 7
2217 4866 6
3223 6642 9
1310 1976 6
1486 4332 6
3128 3766 3
4449 6011 7
1790 2214 2
1139 5388 10
2816 4040 5
1604 1708 6
4526 6821 8
765 1894 6
537 4426 7
1113 3287 1
1829 4468 9
598 5073 5
377 5116 9
3784 4223 3
1136 6594 9
3974 4929 6
4338 6774 8
3189 6385 7
23 2392 5
508 1088 3
627 3492 4
5213 6138 1
2201 5020 4
4227 6258 4
892 6090 4
2293 2879 1
672 4267 1
5080 5487 10
3851 5208 2
1135 3269 10
313 5375 4
2676 4275 7
2032 5054 10
2212 5003 2
4366 5367 6
3506 5841 2
4257 6999 5
3403 5851 3
1621 3457 6
4007 4645 2
3146 6080 10
298 3989 6
1696 3533 2
3299 5151 8
1648 4641 7
4516 6749 2
4879 5971 10
2414 4878 4
2147 4567 10
1813 2556 1
524 5462 1
6269 6342 4
2889 4844 3
2052 4226 10
4497 6470 3
2846 2900 1
6798 6914 9
2550 2870 6
1538 2056 4
840 2944 9
97 5447 3
3214 3650 10
2889 5592 4
2197 2781 7
1399 3975 8
445 2154 8
5580 6274 10
3563 5435 8
4210 6910 3
2035 3343 8
2838 6460 3
3481 5079 7
34 5386 3
645 4808 6
2191 3869 6
5068 5606 9
2387 6150 3
231 3965 2
2926 5529 5
3408 5722 8
2753 3290 5
943 4593 3
1726 6375 10
258 5438 7
895 2011 9
1667 6887 1
2244 6022 2
420 6941 1
3278 5591 4
1016 3885 5
1531 2450 3
439 5229 10
2253 6131 2
338 5365 4
2005 4673 7
420 2321 6
3225 6411 4
4923 5318 8
2451 6235 2
306 1281 5
4676 5467 6
3827 5296 10
1618 6958 5
947 4132 5
2113 4423 10
1897 2739 5
562 4293 7
5396 6939 4
2956 5282 1
1266 3200 6
340 4405 7
3345 4845 1
3717 4869 5
604 3927 9
880 5693 5
97 2647 10
4202 6055 10
1444 2617 1
3523 5275 6
1825 2675 1
1438 2615 8
1697 4779 3
6270 6853 1
2256 2510 5
702 2104 5
710 3153 9
2485 3877 1
2007 3640 8
75 1660 3
2271 4456 9
398 1912 6
3246 6074 7
515 1726 1
724 6854 7
3191 6512 8
1906 6942 1
815 966 5
1882 6408 2
1343 6486 2
4536 6690 1
1330 4277 7
2086 2675 6
2061 2780 4
4277 5772 3
2422 5785 3
1994 5303 4
1982 5769 6
530 4749 4
1805 3810 6
375 4253 7
2231 2773 2
3848 6048 3
76 5162 3
2475 3722 10
5120 6149 6
3396 4721 2
2289 3350 1
1679 2794 2
1289 1777 10
4759 5448 10
49 4329 3
2473 3889 8
923 6873 1
1144 4599 5
208 953 5
2382 4401 8
1480 5520 4
3139 6097 9
777 1662 4
83 6436 8
5595 5667 1
3930 6006 4
734 895 2
1210 3439 4
2227 4539 4
1716 4903 5
5557 6662 10
187 3545 10
3710 6257 7
1178 1918 9
997 2730 5
4456 6051 7
3042 4041 6
60 3797 6
6384 6393 10
2101 2960 1
6142 6819 4
2025 2607 5
6054 6111 7
1327 4751 3
887 2505 9
2499 3771 8
1376 5267 1
1721 3143 4
2924 3823 3
87 6647 2
1275 2295 6
1385 2345 7
4122 6192 3
3285 4432 8
430 4803 6
779 1210 2
2649 3313 8
1912 2484 7
335 4008 5
4404 4553 2
1671 3027 10
1786 2665 9
865 4908 10
4253 5429 4
353 967 2
5265 6825 3
786 1157 9
1459 6972 2
2489 5507 10
4294 4725 8
1684 3788 1
5271 5982 7
1274 5000 3
214 4346 1
639 1863 9
429 2510 1
1342 2358 10
3507 3745 4
3840 4682 6
1023 6652 1
303 5217 3
2219 2450 10
461 2583 8
3780 6119 8
2678 4807 5
934 5161 1
4894 5305 6
5158 6085 7
1410 3552 10
1392 3782 9
22 1231 9
775 5379 3
1866 2007 10
3293 3998 4
387 778 4
842 5338 1
3112 5855 1
4243 4785 10
2243 3747 5
2576 6281 2
2943 4055 9
962 5399 3
335 4858 5
1321 1891 3
1795 1938 10
1515 4898 10
2306 2915 5
1547 2568 9
4718 6390 3
3497 6872 2
858 1294 4
359 6362 10
783 4222 3
3749 5354 9
1843 4156 5
3009 3409 2
564 6085 7
5189 6095 2
4601 5518 9
1229 3316 1
4552 4573 1
1604 4727 6
2283 5333 8
789 3179 1
454 3609 7
575 787 10
3226 6915 9
3489 4026 5
1820 3473 6
3973 6202 2
470 1809 8
1306 2047 2
4323 5014 8
4158 5803 1
3955 6072 9
2337 3691 10
1348 4352 9
134 4746 5
3800 4160 2
1348 5120 10
2250 3712 3
842 867 8
2061 4751 8
620 4959 6
1400 3986 1
4244 4677 4
1081 5448 8
5974 6465 2
2068 5867 10
1497 2963 7
170 3143 5
1752 1822 3
505 1267 9
5211 6595 3
552 2279 10
4851 5462 3
2224 6265 9
3455 4160 3
3826 4152 3
1315 3002 6
792 5115 5
1877 2559 10
3836 4987 7
784 4798 6
736 2285 8
4745 5652 2
1904 5465 1
1742 6301 1
1291 3236 6
560 814 9
2271 4768 3
5028 5164 1
4531 5675 4
583 6577 8
629 2762 1
3219 5094 2
277 3025 4
443 3760 8
46 62 1
2204 5021 10
886 5112 7
21 2417 5
510 1039 2
301 4735 7
1818 5700 5
747 6354 3
2905 4233 1
35 3016 3
1354 4624 4
493 4845 2
5387 6322 7
54 2260 5
412 2373 10
16 1729 9
4671 5650 2
4782 5540 1
5109 5246 5
3329 5090 5
967 1857 8
3380 3639 7
842 2483 10
2248 3010 10
5920 6003 3
335 5486 7
4311 5159 4
3420 5293 4
1663 3024 5
128 5043 9
1084 5068 4
5545 6965 9
4315 5036 8
1607 1995 9
1122 2901 10
2130 3706 5
506 6002 5
4063 6218 8
143 828 6
3429 4861 10
1952 5202 7
71 6929 4
2984 6823 1
698 6532 9
2876 3795 8
4635 6945 8
1552 3806 5
3649 4262 3
2341 4197 3
271 492 6
1567 4299 5
4164 5112 8
1557 1822 7
3137 4761 3
216 6214 10
256 6596 8
2091 3360 1
969 4715 9
2008 5445 8
4251 5142 9
2592 3822 10
4626 5494 2
615 1555 4
1432 3235 6
3939 5312 3
2005 4962 9
752 896 2
3374 5232 1
688 6253 5
3721 5661 8
2633 4636 2
322 1224 10
3100 4610 4
1681 6013 1
3003 6015 10
3546 5933 1
920 6959 6
2225 5448 6
2458 5591 2
3905 6404 7
1165 2527 7
97 561 8
2072 3307 2
5819 6038 8
1958 5897 8
782 3867 8
1976 4338 10
2260 4084 6
311 4296 7
3578 4715 3
3356 3484 6
33 5832 5
1194 6698 3
3239 3843 6
3381 5431 4
692 2373 5
2938 6308 3
1259 1561 6
1419 3697 3
4701 4796 10
5159 6889 1
2637 6494 8
2839 6001 7
6165 6684 6
1535 3944 9
5684 6237 10
3178 3393 6
1690 2801 2
1363 3569 6
637 3130 2
80 5217 10
988 3429 1
281 4580 7
3731 5880 2
2830 4126 4
264 1372 7
3541 6289 8
3417 4498 9
1671 4760 2
190 6783 8
1067 1751 2
122 492 7
3475 6680 5
2347 3324 7
3550 5527 7
5778 6607 2
550 1528 6
33 464 10
2420 3338 2
3687 4910 3
4484 4553 9
3872 5109 10
3279 4764 10
1475 6488 8
477 4499 6
2027 3519 5
4731 6212 4
5659 6114 10
1853 5130 2
3043 3359 9
384 676 4
1369 5752 8
492 5000 9
859 1726 8
3296 5342 4
1226 3150 3
4297 5205 5
2944 5367 6
2500 5512 5
1322 5632 7
1207 3343 9
2878 3635 9
1666 5984 8
3390 5886 3
685 4841 9
854 2984 2
499 1593 5
3107 4732 1
3949 5081 9
493 2061 2
4727 6058 4
391 839 8
711 775 3
3751 6276 5
1849 5775 3
2892 3861 7
923 2850 6
325 6309 2
4545 5164 4
37 6748 4
2242 3050 10
3876 6259 7
153 6516 8
1178 1204 2
556 2583 10
61 6123 10
1396 5918 3
2837 5477 3
1761 1882 6
1352 6971 7
3308 5074 3
611 1686 8
2581 6583 4
369 4072 10
328 2873 4
2563 3969 10
210 335 5
1523 6665 8
1438 3638 9
1875 6957 4
2683 6204 3
674 1514 1
1610 5055 7
776 907 2
1421 4207 2
3597 4245 7
2519 4221 6
633 923 8
3155 4884 5
117 1305 10
4807 5443 1
4897 6781 2
3115 6694 6
3359 6385 9
2456 3417 2
1664 2502 6
102 2046 8
2804 4531 8
1836 3893 3
2849 4110 4
598 3702 6
762 5031 5
2861 4825 1
188 3609 8
1704 3904 6
1012 5049 2
334 802 6
2254 4861 9
567 6182 5
1802 2645 2
1934 6856 1
2170 6977 10
6436 6664 10
3823 5590 6
146 4890 9
3097 4182 9
85 1985 2
3801 3954 8
2066 4482 1
3729 5669 6
4209 6743 8
4987 5891 10
1781 6018 1
4331 4714 9
2578 5021 5
3656 4745 5
1786 6362 8
2236 3884 1
659 2684 3
2405 3241 9
4700 5553 5
4179 5544 4
625 5842 7
3684 5806 7
3819 5447 3
708 2478 4
49 1850 5
2017 6219 3
3450 4500 10
3107 4834 8
2376 6976 2
4474 6822 5
305 751 7
3299 6606 5
295 6499 3
1729 4396 2
3263 4036 3
2006 4736 1
1253 4008 8
1888 3854 4
1711 3562 4
3003 5172 9
988 3844 10
3290 6399 9
292 5518 9
1558 3486 5
2223 5269 10
3375 4455 4
989 6677 7
3217 4389 3
938 5147 3
1156 3914 8
1484 1830 8
5371 6975 1
3516 3602 10
1432 3699 2
4050 6642 1
1252 2736 6
5228 6967 9
721 6991 6
2358 5470 10
2834 5349 1
1045 3136 7
279 3392 6
28 6200 8
2169 3089 8
749 3726 9
2186 2757 9
2681 4164 9
1199 1635 2
1466 6629 5
3353 4450 2
1758 2839 3
640 5712 5
1932 2746 7
2169 3024 4
1564 2938 8
1703 1933 7
3426 5417 7
2408 2467 7
1182 1475 8
73 334 4
1950 5303 5
918 2734 6
3422 4918 5
1135 2777 4
1465 2835 10
1424 2968 7
4756 6303 10
819 2555 7
827 4743 1
189 6298 10
2040 3208 10
1063 4058 4
925 4044 1
591 4797 9
1800 3850 3
3179 5587 3
1983 6039 9
3231 6505 10
242 5656 7
4878 5542 5
917 3929 5
996 4519 8
13 711 1
1151 6808 6
457 2873 3
825 2155 2
753 2631 9
1557 3097 7
2212 2557 9
4028 4601 5
4711 6634 6
3663 3819 8
420 6612 4
2964 3359 4
1464 6513 7
2260 4038 6
2520 6992 9
635 2259 7
626 831 7
4360 5646 4
3923 4244 10
2741 5933 4
1506 4715 5
2379 3225 3
849 2749 10
4927 5592 9
1071 1817 10
1697 4323 2
4861 6599 5
3116 4908 4
3653 3950 4
515 4415 6
976 1954 7
6189 6358 3
785 2681 10
5781 6816 8
3203 6106 3
2231 4060 7
3495 6699 9
4519 5976 1
985 3392 3
3587 3786 9
4559 6924 3
1176 6415 5
1144 3604 10
775 3419 1
3277 6660 7
1232 3256 5
1955 5364 10
6297 6684 1
2946 6857 5
2738 4683 2
1296 2283 9
4751 5194 1
1763 2518 4
1763 5822 2
1362 3730 4
918 3169 8
1872 4009 7
3354 5060 1
5766 6958 7
511 1002 6
1230 1705 2
2925 5976 10
2165 4205 3
4160 5525 10
985 3797 10
494 3475 1
654 1320 6
4427 5196 6
195 3768 3
3122 4240 4
1838 4539 5
2541 3565 4
2374 3207 3
1110 4187 5
4863 6084 4
1037 6291 3
1916 5313 2
2974 6294 4
1004 3968 4
1202 1749 1
3877 5062 2
2045 5447 6
5760 6014 5
1657 1964 10
6099 6857 2
1458 2820 3
2014 2067 9
1411 4892 7
1076 1406 2
2104 4875 10
2995 3363 9
3994 4935 9
1426 1436 2
657 2244 1
3372 3498 4
3157 5277 8
1021 1905 7
2633 5484 1
1234 3435 5
166 487 6
739 6513 8
286 5040 4
1379 4709 9
1141 1569 5
4221 4924 4
1364 2200 8
2717 6528 5
551 5032 3
2333 3215 8
382 5909 7
498 6130 6
421 6094 2
2344 3960 10
2164 5956 2
5692 6402 2
2762 6209 8
1341 1425 1
3292 5015 6
6437 6674 7
2047 2739 6
859 4754 8
2486 4292 4
760 1827 1
1341 3309 10
1344 2305 2
888 1946 4
1968 2543 1
4259 4757 4
3365 6391 7
4529 4583 8
5227 6048 8
554 6462 10
1872 2204 3
633 6857 6
168 5112 2
386 2773 2
3645 5330 4
2977 4651 2
2979 5190 3
3142 4014 10
169 4950 1
11 2239 6
714 2807 10
827 5813 2
856 4939 7
1050 4571 1
1107 2922 2
170 1052 1
617 3679 3
2342 6453 8
3577 5293 2
705 1252 2
1822 2132 5
4206 6774 10
223 1019 5
943 2363 2
1199 3816 10
130 1577 8
1832 5915 4
1033 1576 4
3118 4393 5
2758 2908 2
1472 1879 1
349 2714 5
442 5609 7
374 2922 10
3366 3427 3
114 5892 10
3030 4368 6
1868 4649 5
2622 5465 3
3578 5697 7
3335 4662 9
585 3578 3
377 4721 2
4687 5024 1
662 2941 3
1344 6455 6
1015 3963 6
157 160 4
5533 6588 3
5406 6629 3
2688 4268 8
5377 6500 10
1564 2380 7
617 5936 10
405 5662 5
4440 5433 1
539 973 7
1085 3550 5
987 4730 8
702 5637 5
4071 4193 8
3480 4505 2
105 3800 4
3193 6600 8
166 2316 8
679 5375 5
3949 4501 7
43 3248 1
2570 5396 8
1361 2545 6
5424 5928 8
1681 5128 9
1479 4215 3
326 605 9
3737 4447 3
1068 2764 8
1527 5153 4
3586 5519 7
4428 6058 5
4793 5358 6
1209 2368 9
60 760 1
571 5008 1
243 4320 2
177 1605 9
3810 5295 1
3878 6537 5
828 6366 10
2192 5189 7
4544 4910 4
5620 6542 2
2774 6745 5
888 1493 7
457 3231 8
1224 3027 1
2540 6692 10
32 705 2
6323 6554 9
751 1396 2
295 3479 7
2896 3632 4
2560 3473 5
1641 3513 8
76 6811 5
985 4265 4
2747 6731 2
1422 2251 10
1333 3958 10
46 2460 8
2855 5627 9
1062 6874 5
3328 6013 8
3502 5563 5
1435 3610 4
4802 6520 5
3000 3519 5
3277 3385 4
302 3438 3
456 6629 3
3300 4614 5
2054 4176 7
3759 4191 7
4996 6977 10
436 5977 3
4027 5429 8
1881 2078 6
1851 2527 2
3478 5572 3
976 6198 1
1667 3011 10
3449 3476 3
3169 3999 1
1456 3467 8
2120 5588 4
2211 3853 5
2994 6827 8
3974 4260 10
2123 2948 9
50 5398 8
3648 6216 5
1039 4515 3
1231 4587 8
1808 3353 7
2112 2271 3
5235 5670 4
1518 2193 4
646 3805 5
4825 6536 1
801 3343 10
1011 3191 10
4940 6010 4
810 5895 7
4005 6580 7
1095 4540 10
1584 3828 2
3838 4471 7
2473 3600 9
4116 4127 4
181 707 5
4061 4115 6
595 1088 4
3534 3704 6
4738 5996 1
1103 5263 10
366 1690 3
2689 3616 9
6604 6956 2
3542 5564 1
2136 6069 9
1940 3369 4
1911 5547 1
4072 4670 3
605 986 7
1359 4137 4
348 6252 6
4211 5354 2
2272 2743 2
1164 2687 1
55 1548 6
3734 5299 3
423 980 7
4468 5798 10
1857 6471 9
872 2321 8
882 1158 1
678 983 10
2033 6389 7
4735 5104 6
1838 6346 5
1130 3733 4
2975 3388 6
5018 5168 5
2935 6977 10
1339 3037 1
4045 5860 4
2976 5778 8
1622 3128 5
3248 3289 10
5310 6956 2
1372 6587 3
863 6389 5
902 6225 8
5719 6619 7
4616 5224 7
2340 3270 10
1248 6221 1
2733 6104 2
32 1792 2
399 6910 8
1021 4810 9
1021 3542 7
646 4945 1
813 4707 8
1702 1880 5
3865 6285 3
1870 4546 6
1798 6149 4
1167 3885 5
1040 2286 2
187 3703 7
5566 5789 2
2624 3387 4
929 5229 7
2541 4835 8
5329 6938 7
1043 5271 2
2597 4311 9
1451 3914 3
1249 4484 2
1880 6803 3
4202 4980 4
5999 6318 8
772 5986 7
868 4394 1
45 816 2
2829 4724 9
865 3033 8
3810 6287 2
5717 6652 1
5383 6663 9
5207 6484 10
4514 6146 3
1880 2844 8
3232 6882 4
1348 2146 9
5937 6659 3
2125 3360 4
828 6611 3
1049 2368 2
4707 5549 1
1221 5364 8
2194 2646 5
2157 6366 2
549 6823 8
607 1000 7
1366 5163 8
4033 5421 7
3245 5761 1
1545 4046 4
4041 4677 8
76 3041 9
2944 5953 4
140 1082 7
142 4621 7
2827 4272 9
1552 5003 5
2946 5699 8
5442 6956 8
1675 5829 3
2520 6716 7
59 240 10
4799 6344 10
4061 5067 6
1399 1443 7
1358 3336 3
1279 4516 5
692 6698 8
5845 6480 5
2942 5378 10
410 3796 8
944 3914 9
2560 5641 8
125 5380 10
6420 6523 1
1535 6619 8
3786 5954 9
2442 4444 3
773 4306 8
1892 3740 4
1719 5092 9
2383 4635 10
867 2953 1
2911 5705 9
23 3339 10
811 2092 7
2769 3134 9
57 2820 5
1989 4423 6
907 6845 7
78 598 5
4080 6154 10
303 3311 5
2025 4386 8
2923 6450 7
3346 4697 1
3862 5659 10
3387 6996 1
1901 2717 1
900 1594 7
2804 3621 3
562 5450 10
2461 6688 5
3078 3288 8
1866 4213 6
1025 2348 10
1039 2441 3
299 3098 6
1537 6010 5
1289 3794 6
4127 6354 7
334 4228 5
364 2988 4
560 3231 5
971 4821 7
2024 5139 2
3412 6185 1
3890 5537 2
724 3040 7
411 1573 10
1808 5770 4
2626 6232 5
912 6196 3
620 2039 8
2698 5828 6
441 4657 6
4432 6351 9
920 1239 9
727 3378 8
2404 3750 7
2068 2379 7
2534 3627 1
1770 3511 6
1465 2066 1
3510 5607 2
5275 5595 6
553 3864 2
3199 3584 8
766 2382 4
3864 4142 3
5511 5675 10
2712 5951 4
58 4244 6
648 5507 9
1372 6290 3
3073 5882 2
720 1826 8
1670 6785 4
2054 3638 5
1184 2184 5
219 334 6
3472 3680 9
411 5722 6
3118 4656 8
3317 5049 7
1687 3185 3
2350 4488 7
302 6825 5
1311 6525 10
3784 3939 2
159 251 8
388 585 2
510 5660 1
901 3599 5
2982 5469 1
3736 6324 3
158 821 9
467 3590 2
1588 4724 2
920 4315 3
1119 4937 7
84 6337 3
879 880 4
3337 4897 1
892 5244 1
2587 2873 3
5652 6617 6
4439 4497 6
3441 6737 4
972 4282 4
2725 4880 10
427 718 1
1747 4219 9
1408 6619 4
3095 6862 8
656 3575 2
5321 6522 4
395 3104 1
946 6571 6
3858 4856 1
1104 6077 3
303 4669 9
1421 6094 2
2427 5293 8
1046 5045 10
5953 6895 9
326 3433 8
813 2275 7
3556 3703 5
4016 4128 7
3678 4518 1
3929 4756 8
5363 6516 5
2686 5458 6
29 4302 7
2539 2775 6
2058 5699 5
1518 6463 4
1416 6389 5
953 2348 3
3136 6527 9
2236 3305 6
4087 6243 10
3499 5888 2
4412 4470 5
3144 4409 3
371 5894 4
128 6205 10
5288 5824 3
567 4589 5
66 3264 7
1000 3916 8
3299 3423 7
1535 4679 3
1037 5800 1
90 3329 9
2082 5616 7
3373 5234 7
4550 5353 5
4537 6549 10
3447 5514 6
471 3794 8
1304 5533 5
874 6281 7
4405 6227 5
2750 4923 7
2509 4864 3
1194 1607 10
4848 5814 5
4239 6973 1
4930 6076 7
657 1873 8
2951 5588 3
5701 6129 8
1195 5765 5
984 2353 7
1646 4025 10
4966 5237 1
2682 5697 9
4130 5430 5
78 4626 2
4391 6595 9
3398 4985 9
4166 4534 7
754 6024 6
1472 2199 7
898 4998 7
5219 5483 7
411 556 3
3774 3857 5
876 2732 1
3595 6235 2
2007 5969 4
694 770 6
506 5834 1
2891 5690 7
3829 5525 4
2252 3547 6
1208 2951 4
1812 5386 4
2239 6987 9
2286 2660 7
1115 2829 8
4233 6943 6
2789 6664 7
1312 3313 3
1658 3273 3
844 3300 5
2946 5865 7
1411 1797 4
3835 4814 9
532 5769 8
999 6866 2
3047 4078 9
1540 5342 3
2714 6233 3
2112 3512 3
2592 5344 6
5649 6900 1
5395 6488 8
5304 5753 4
1194 3181 10
2713 3765 7
5540 6237 6
903 3846 7
5862 6066 6
986 2852 5
254 3558 7
1661 6306 3
2964 3807 4
981 5779 2
1583 4411 8
1357 4263 9
678 5595 1
1733 4221 5
3454 4321 6
3385 5459 2
876 2616 7
843 3860 4
1200 2601 6
2911 3201 3
492 2837 2
1143 5925 4
3667 5430 9
2327 5702 6
1435 5570 3
1323 4977 5
1614 5762 8
705 3543 4
5441 6615 7
452 3997 9
983 1432 4
3094 6755 4
672 3082 4
1997 3145 7
3497 4029 1
3406 5438 8
2133 3319 5
3602 5276 5
3915 6620 1
2019 5161 3
65 5139 1
189 6699 5
804 2873 6
1300 3124 2
156 578 6
2115 2130 2
2197 4736 2
1227 1806 4
6318 6675 4
3592 6023 7
594 2388 5
2431 6061 5
2078 5471 9
1193 4700 6
2902 3186 4
1024 1322 9
4607 6980 2
3771 6514 2
3555 6064 5
885 2944 4
4746 5860 1
4830 5993 4
407 1653 1
5227 6180 3
4201 5468 9
31 5610 8
3028 4793 7
2565 4509 9
1646 5174 7
641 6858 9
2260 6394 6
209 5148 5
4081 6554 1
4694 5591 8
807 1446 2
338 3071 7
2477 3462 6
1701 3429 10
4856 6084 4
462 4599 6
4080 4600 7
3804 5533 4
3773 4727 7
28 6331 6
3768 6148 10
388 2862 4
4860 5471 6
1201 3488 6
1699 2587 1
1803 6410 2
5553 5668 9
1810 4219 7
2450 4243 1
1023 1976 2
764 6333 1
2439 4308 3
2811 4048 2
4648 6559 10
205 1042 7
579 6860 1
833 3669 6
2197 2647 10
3423 5955 9
3713 4630 5
2239 3888 7
4330 4704 3
403 2169 4
968 2397 6
1701 4018 9
3986 6197 5
5789 5903 5
1860 3058 8
560 4607 8
3800 6006 4
1218 6332 8
2096 6979 3
1715 6523 10
605 3695 10
2354 6210 2
1049 4528 2
2807 4776 2
4425 6674 1
1552 5013 8
1352 4042 6
3405 6006 4
5182 5687 5
3141 6969 2
13 5825 1
901 6148 4
5351 6969 9
1493 2646 10
3195 3466 4
2202 3139 8
2357 4341 10
2188 2710 8
3401 4465 6
3400 3409 1
1350 3433 2
3299 3559 8
1919 2743 1
1491 4944 2
5234 6851 3
1110 3885 6
1406 5678 6
2209 4320 2
4978 5621 2
1076 1621 9
2128 3055 3
2215 4101 6
613 2765 10
4866 6957 4
1558 6231 10
1803 6146 9
957 5803 1
60 5959 9
2619 6407 10
1713 4439 8
1598 2608 3
1764 5833 5
3510 6391 5
1088 3641 9
5173 5479 3
1328 6506 10
4058 4585 1
2606 3328 4
1786 5019 6
2778 4164 10
2204 6012 9
2113 3686 5
2208 6841 7
3645 5832 6
2886 5875 7
1439 3071 5
1071 3085 6
2479 6556 3
309 4148 10
3 4664 1
346 4280 10
1734 3457 8
1783 5164 5
1353 5588 5
95 1455 7
2753 4616 1
4053 5460 7
4591 5329 10
4357 6992 8
1808 2681 1
455 2455 8
826 5707 9
1499 2237 4
2454 6740 1
26 6017 10
2569 4809 7
3769 6978 8
1903 6284 7
1296 2177 9
275 5761 6
711 1375 1
2360 5863 4
5206 5818 7
103 2108 3
1132 4255 10
446 6034 2
140 333 8
4429 4627 6
3375 4069 4
99 1577 7
2986 3666 2
1079 3096 3
2487 5577 2
608 1279 4
3116 5234 10
3792 3946 8
764 6450 1
2104 4957 6
1599 3064 8
2756 4733 8
3031 5857 4
1499 6593 2
3565 4649 7
2988 5013 7
310 5356 1
1333 6124 1
2329 2757 10
1333 4208 1
1487 1997 10
321 1501 6
1367 3895 3
2202 5633 8
1576 1914 3
1092 6201 8
5579 6135 5
3584 4869 10
3618 4603 7
887 1096 10
101 2528 5
287 4962 10
3930 4706 6
905 2947 1
1363 5873 7
2101 4911 5
3829 5900 1
529 4025 4
490 5304 2
3128 4426 4
3508 4904 4
1879 6032 7
2589 6051 5
2351 3056 5
2081 6818 9
1050 1971 1
1685 5445 3
2509 4184 1
1811 6354 7
1353 3887 5
2755 6357 3
1533 5683 9
1322 2294 9
5439 5445 10
565 3902 4
2455 6920 3
1527 4549 4
2123 4491 2
1382 1975 2
2629 3062 1
6345 6891 2
419 3907 1
531 2714 3
5628 6631 5
457 5765 4
1687 6262 9
546 4185 7
168 4122 5
1810 3659 6
2065 5501 2
3456 4173 4
3418 5579 4
416 2030 6
4070 4231 7
2125 6597 3
1598 6429 9
1773 3230 5
1525 3624 9
158 339 5
27 2780 2
5384 6889 10
3370 4318 7
943 5137 4
3261 4976 5
999 3625 1
2260 4792 8
2485 6387 7
473 5589 6
1848 5620 2
302 4958 3
2502 2780 5
4171 4916 4
1867 3127 10
3284 3400 4
3287 3466 3
860 5687 7
3789 4772 4
1490 6237 8
2457 4614 10
3228 4495 9
1465 1771 9
3257 3724 3
1940 4524 1
1633 3107 3
463 798 5
2794 3268 9
529 1382 9
2913 3706 7
4625 5611 5
2073 6722 4
4250 6395 9
1735 5571 5
857 2277 9
2998 5945 4
120 5317 6
2601 3059 7
2557 2837 9
2133 3553 9
805 6569 9
1184 5113 5
2657 5198 9
3388 5362 2
4213 4485 6
2325 2772 9
3920 6471 7
4942 5969 2
4264 6809 4
4647 5692 1
5706 6570 1
5891 6430 9
4294 6923 4
619 1625 2
4542 6775 7
654 4345 9
1533 2791 10
1934 2976 1
3856 5977 1
3560 5773 3
1917 5080 10
1028 4726 6
1261 3325 1
2763 6285 6
2064 4252 3
2467 6672 1
1618 6306 8
2143 5224 3
4408 5711 7
2956 4345 2
602 4244 3
3429 3862 1
1188 2167 8
3540 6931 6
250 2749 10
3867 5810 6
369 4930 2
2059 2877 2
1950 3174 9
3866 6839 9
692 4384 10
1173 3909 8
4564 5300 5
529 6251 10
268 4509 6
2319 7000 10
3854 6483 10
3139 6520 5
3881 6533 10
802 4130 4
871 2067 8
479 4217 2
683 6666 9
1723 5339 4
2498 3422 6
67 681 4
551 2961 2
655 669 5
20 5134 3
862 4066 3
2961 5983 1
1184 2854 3
1222 3552 1
1649 2865 2
139 244 3
3053 5987 8
18 3282 10
2932 4148 9
304 5734 1
4316 5264 4
1928 3063 1
4577 6096 1
77 5742 2
590 3699 2
809 2580 9
1110 2184 2
4079 6768 1
1001 1938 1
397 6019 2
5722 6191 4
1623 4809 10
807 3182 1
248 5048 5
1432 2215 9
2262 5864 3
1167 2695 7
1831 2909 7
4324 5713 1
331 3780 7
1931 4168 4
842 3367 10
1561 5944 8
532 4684 3
882 3327 4
1921 5081 7
1539 3841 3
482 2035 5
2955 6961 3
706 1949 9
895 2712 7
1249 1729 2
3914 5852 2
751 1842 2
1939 3396 3
814 4264 6
194 1500 9
938 3545 10
3603 4526 4
6252 6687 6
125 4963 6
2677 6174 5
2413 4214 3
3478 5782 5
4421 5372 5
492 3327 6
2173 2582 8
3870 6036 9
1113 1964 8
3077 6970 8
3525 5215 8
2971 3047 10
3200 6499 5
3068 4438 3
336 3554 2
4293 5431 9
3858 6819 5
2469 4522 5
620 2436 3
658 1567 7
3039 5806 9
1409 3421 8
2148 3671 6
3044 4397 9
3145 6076 2
346 2287 7
2808 4013 4
3401 5716 9
2386 4482 5
1508 2606 6
2708 5824 8
2916 6137 2
195 4085 10
3165 5339 9
2610 3964 2
4670 5824 7
1467 1814 7
1179 3647 7
2547 5720 7
977 3239 9
1657 3887 7
820 2358 5
1031 2100 3
2085 2700 9
3085 4102 3
498 3297 2
1216 3731 9
923 4219 4
3 136 4
1022 1145 5
2139 6483 4
3732 4970 2
905 1583 10
2819 4111 3
2025 5627 10
868 6829 3
1071 3202 4
1250 1903 5
2578 5359 4
1361 3952 1
2597 4468 4
2635 2718 4
133 2227 2
2062 2310 9
1650 2901 9
1435 4069 2
3410 3425 1
219 1701 1
4563 4657 7
4470 5736 8
1432 2911 7
631 5672 2
1198 3508 4
1547 6559 5
1008 1471 8
1365 4623 5
1838 4779 2
4386 5780 4
330 4428 7
5566 6601 1
3569 4873 6
583 4620 1
261 1506 1
6033 6824 7
2964 5450 1
1916 6710 8
2579 6605 7
6494 6710 7
1375 2564 10
929 3527 2
1404 3695 6
371 2460 7
5876 6193 5
4857 6448 2
1411 1434 5
2829 6205 7
1533 2636 3
1101 1749 4
1069 3406 1
1580 6695 2
475 1591 9
3644 6771 7
5679 6538 5
3904 4465 1
4947 6509 5
336 1739 5
617 1498 9
171 3144 7
3345 4694 2
5043 6230 5
1304 4169 8
5544 6366 7
757 5044 7
1620 5573 2
2731 5359 1
165 3089 9
66 2743 9
2281 5111 3
2030 5076 5
6005 6899 9
3920 5306 5
110 5144 2
3368 4498 5
1782 6707 4
239 5258 1
3056 6123 5
651 710 10
164 2961 3
756 2472 4
4170 4478 2
538 4091 3
2848 2932 9
1813 5295 3
6144 6334 8
1675 2427 2
1124 6440 9
1904 3852 5
2779 6646 1
635 6729 2
1620 5857 7
2845 3183 8
3440 5205 6
4161 4530 10
5391 6042 5
1885 6006 3
943 3699 10
2963 4836 10
3225 3249 6
1184 4806 8
2021 3781 8
850 6237 6
3052 6570 6
2284 6995 9
2924 6133 4
683 1030 6
2274 6318 2
2749 6670 6
867 6651 7
1954 2708 4
730 6260 1
1350 6163 8
3615 3882 4
3415 3699 8
921 2390 1
649 3744 9
694 2059 9
2338 4413 7
4644 5814 3
2941 3080 7
2491 3348 6
5694 5846 3
3635 6969 10
878 2811 2
2881 5424 10
934 4688 1
3040 3484 8
3489 5190 9
4085 4305 10
4046 4505 2
3336 6181 1
2299 6668 4
881 3657 5
6649 6687 2
1418 5557 6
1458 1935 4
1591 3821 4
856 2862 9
1012 4846 6
4658 5548 8
1912 5985 1
941 4007 6
1933 6152 8
2870 3001 3
2736 3204 4
2358 3763 4
3710 4283 9
3269 4389 1
1246 4227 2
197 6704 8
1034 6838 10
3874 5394 9
70 4494 8
353 1672 4
667 6875 10
3053 4832 2
3010 4677 9
3967 5882 3
874 1506 3
2759 5364 9
753 5020 2
1263 6346 4
744 3593 10
887 3389 9
4628 6683 3
3007 5503 6
839 5386 1
196 3964 1
289 2982 1
19 2086 10
2888 5377 10
1890 2790 8
442 2859 4
7 250 2
230 5892 1
4808 4870 9
3730 6216 6
4020 4966 10
444 927 8
962 3812 1
2071 5294 4
1485 2642 7
1107 5942 1
5040 6159 1
4560 5088 7
1784 5870 9
5718 6374 7
940 2532 3
2267 4219 5
1684 4722 5
373 6853 6
1240 6473 8
3008 3063 3
3182 5200 8
1040 3029 4
1035 6248 6
5210 5726 10
1072 3569 1
2378 6746 2
1506 3194 7
601 1782 2
2558 2989 8
2513 4922 7
3402 4630 8
1384 6058 1
4393 6614 2
1592 4172 3
259 3276 10
60 3439 6
3581 4609 1
480 6996 1
133 3168 2
1890 3141 7
1446 5240 5
644 1072 3
357 6460 7
2026 2752 3
4206 5427 8
3260 4747 5
2959 4411 3
4034 5771 2
5052 6877 10
2196 3736 6
170 3294 9
4550 6742 7
4054 4599 2
1736 4369 3
687 3359 8
335 6695 3
3932 4204 2
253 821 3
2573 4090 4
1726 3041 2
135 420 2
5712 6000 1
802 5038 4
2534 6673 7
2492 3338 1
1473 5924 3
1238 5098 6
3854 5617 6
2401 6955 3
1545 2213 3
4593 5199 3
767 1639 10
1362 3775 1
895 5889 9
3970 4910 10
2006 4437 2
137 1873 9
2731 4490 7
2434 2523 9
1618 6858 8
817 1621 5
189 4369 2
5470 5914 5
1226 1857 3
6133 6217 2
4572 5680 7
2120 5797 9
1480 2369 9
1594 4489 7
1450 6279 10
1451 2235 4
3585 5030 6
1898 3351 9
4157 4774 7
851 1501 5
5053 6465 2
688 4973 10
520 3764 7
1769 6202 1
2281 2933 8
999 6717 4
2746 4869 4
4286 5112 10
2237 3756 8
1075 4950 5
566 4017 5
5143 5532 5
2633 5298 10
6777 6808 2
1178 2212 1
435 4003 9
1081 4660 4
3522 5569 6
1667 3515 5
4336 4906 10
2716 4945 9
4376 6706 1
664 4375 10
2177 3294 7
305 2840 2
1035 6912 4
4120 6578 9
5333 6606 10
3359 6253 8
3142 3824 1
2000 3568 4
1468 3195 1
1301 4560 5
1848 3268 7
2107 2373 6
932 3692 10
1332 4012 3
3359 3825 5
5243 6229 9
815 6145 9
2053 6581 7
3969 6299 2
6544 6687 2
2429 4592 7
1277 6357 6
2288 3872 5
3029 3863 6
1259 4451 3
208 2432 4
4677 6284 7
219 2545 6
1244 5625 2
2509 4533 2
218 2078 7
816 1594 7
2619 3801 6
959 4118 8
614 5185 6
1433 1806 1
441 1908 2
204 6420 1
1380 2269 5
1665 4697 7
866 2676 10
2653 4641 10
139 2584 3
2170 4520 8
312 390 8
2126 6151 10
789 3024 1
2152 2945 3
1099 5513 1
1833 3902 9
4703 5925 1
2718 6012 1
3474 4482 5
1650 2630 2
4523 6761 9
1851 5434 10
380 3123 2
1092 1687 4
3441 3821 7
3156 3899 6
1087 2468 5
2021 2557 4
4008 4344 1
4821 5513 4
907 1417 7
70 5001 2
1835 3020 8
2692 6936 10
2335 5502 2
3805 5902 5
804 5279 2
4656 6808 1
2452 4456 5
1048 2463 8
2798 4822 3
1578 5993 2
231 4447 1
1843 4226 9
73 1964 3
881 3633 3
2222 2567 8
3456 3584 1
1550 6995 6
315 1946 7
136 6144 4
2383 3781 1
3821 6530 1
3658 4657 6
769 4765 8
4618 5484 9
3225 6828 5
3108 3276 4
465 6951 1
2123 6602 6
1873 6882 8
960 2929 9
2246 3402 10
826 5059 1
3472 4076 5
1766 5796 3
3341 6044 2
2861 6001 1
1125 2678 10
908 6301 5
375 3138 7
1295 1947 5
5088 6763 1
1112 3152 8
3127 6887 3
967 6072 9
45 5081 5
4487 5516 8
748 5396 6
2515 5813 9
2934 3900 8
3869 6702 1
398 3228 7
3797 6355 10
5468 6428 5
370 4610 7
399 1886 3
1409 6482 7
2643 4960 4
2448 3958 4
4334 6930 10
4891 6848 6
838 4546 1
1185 1994 2
1648 2663 9
2705 3448 3
1367 4246 10
3387 6536 10
20 952 7
2952 5167 1
3968 6681 3
4174 4552 4
340 3993 10
4108 6673 6
258 3819 3
5284 5352 3
1834 5103 5
4009 6907 8
5073 6266 3
2572 5152 9
689 2174 6
1587 2193 10
4552 5439 10
2519 3228 4
3147 6702 1
660 1015 7
2487 4880 8
1276 2653 4
64 4468 2
1218 1775 4
151 5340 6
1818 6074 9
2834 4367 8
4339 4408 6
4009 4791 8
452 4810 2
987 5239 3
3365 3708 5
2086 4380 9
2288 4558 10
4135 4197 9
2719 6896 4
5434 6172 8
1577 5910 4
1211 4430 10
3083 6678 4
2109 2753 6
437 4993 4
590 5070 3
3445 4479 8
1056 4945 1
615 4709 5
777 4112 4
1562 4818 2
1495 3322 2
2045 2856 9
4905 5660 7
4393 4411 6
731 5090 3
1459 3840 6
223 514 8
147 4675 8
1751 2523 6
4846 5016 5
5862 6533 9
874 5501 2
427 6975 7
5202 6638 3
3427 3709 2
1357 6289 9
3365 3768 10
904 1443 4
1729 3231 8
1244 2505 7
2775 4562 6
801 4188 10
1062 1638 5
3205 4480 3
159 3528 3
2243 2867 1
60 4173 7
4851 5076 9
3255 5635 1
879 2454 4
4048 5647 8
2278 5867 4
1453 4410 2
4257 6768 4
1320 5599 1
251 5626 3
6258 6968 10
1914 2726 10
796 3938 1
480 4191 8
3214 4603 3
1067 1227 1
1625 3845 9
2280 5142 4
195 307 10
1939 6936 1
6412 6829 5
1540 3132 1
1075 5239 4
844 2925 3
2520 3131 8
381 2182 8
2641 6473 1
2054 5624 1
246 3522 5
617 6706 4
3464 4177 1
1765 4166 5
469 6226 1
3753 6300 3
2806 3048 5
4324 6049 7
1977 2535 3
1886 6846 4
1487 5962 1
1606 5296 8
2249 3797 7
3585 3747 4
1965 2495 2
787 6741 7
140 902 9
5691 6931 2
3773 6428 5
3402 6947 5
596 984 7
2365 2818 7
566 2222 5
3274 4699 10
1883 4923 6
1143 3984 1
2452 4177 2
1507 6991 4
3559 6627 3
59 4373 2
1666 2456 4
1273 2145 6
1768 5697 5
2852 4461 1
1219 3273 7
390 3336 6
303 1472 4
1143 5695 5
2596 2824 1
814 5831 3
2330 6002 3
2546 5281 2
4037 6611 6
4116 6082 4
1136 6243 4
2300 6878 2
347 1897 7
166 5255 3
149 6097 6
2113 6455 4
3387 5727 4
3834 4304 9
6017 6617 4
875 6721 6
157 2473 4
1660 5876 5
2000 6550 5
1082 5401 7
944 1284 8
1224 2020 10
1346 1998 6
2671 5093 5
1883 2572 6
339 3456 8
1089 5249 10
3198 5668 3
962 5348 7
2659 6461 9
1683 6653 9
3309 4772 5
729 5299 7
314 5292 7
2807 3869 3
3975 6248 2
3295 5076 6
2504 6327 9
1785 5324 6
3618 4141 5
3010 6971 4
1898 4596 3
844 2309 6
2457 5272 1
3213 4869 5
1945 5546 9
862 4747 1
4207 4420 7
4978 5792 1
965 4877 8
2571 5687 9
1274 5273 3
1150 4633 9
2231 5137 2
3149 3581 4
1363 5170 2
3004 3744 7
2002 4573 8
558 5670 2
1528 4689 10
1675 4477 7
205 4409 2
6820 6878 2
5942 6746 8
1991 5200 9
5574 6088 2
1214 1609 5
1127 1154 10
3880 5027 9
2603 4535 6
3983 5973 7
3335 5652 1
4850 6592 6
1036 4374 1
1220 2880 10
3100 4408 3
2780 2839 3
516 3376 8
1068 3638 8
851 1730 1
669 5890 10
2869 5790 8
1820 2420 10
1842 4158 3
5763 6508 3
3840 4110 6
1381 2030 4
2886 4241 5
1318 1601 4
2360 5424 3
526 6670 3
3088 5466 9
2062 5622 4
1687 2357 8
3188 3217 1
1761 6369 1
1489 4147 6
1522 6883 5
2991 3054 3
4671 5791 1
4384 6071 8
476 6931 4
4131 5965 2
3313 4332 4
1931 3851 5
205 6045 3
212 4274 5
1918 5042 10
2797 5511 2
815 4563 4
218 4899 5
1411 6222 6
248 1015 9
3271 4366 9
2300 2967 7
6017 6538 4
2435 4145 7
4516 6506 5
256 5720 2
4217 6974 5
5109 6315 8
1921 3939 7
1803 4872 8
98 1155 3
3103 5840 9
2625 6422 8
2919 4451 8
2303 5679 8
1516 2416 1
1528 1621 5
3037 5643 2
999 4266 9
2914 2981 2
2297 3117 10
1199 4571 5
36 2978 7
3085 6980 6
3841 4974 3
4280 5887 3
1885 6735 8
4752 5663 5
770 5099 5
1568 2297 1
4051 5174 8
3254 6804 5
1943 2808 2
3466 4471 8
345 3681 8
1541 3967 8
4361 4439 10
703 2379 4
404 1538 1
3918 6482 1
975 3221 9
1718 3533 5
1158 1937 1
144 4740 6
437 618 1
5917 6740 2
2758 4631 5
329 1228 5
1866 4059 1
1876 2409 10
3246 3275 5
3859 6017 1
140 6210 6
2282 4000 8
1368 5415 9
879 2386 10
855 3000 1
3796 5963 2
6233 6288 1
3485 4092 3
2431 4040 2
3043 5387 3
3281 4154 1
3693 6034 5
2192 4128 2
374 2395 7
2943 4623 8
4057 6640 8
2407 5581 4
1986 3320 9
91 2912 5
224 2366 6
885 3252 8
1938 5631 4
1504 5931 4
1577 2024 6
21 3665 10
2860 5838 6
350 3409 10
4999 6138 10
1341 2071 2
916 3266 10
467 4002 6
5609 5724 4
1930 4735 3
638 4680 6
700 1970 7
1042 6391 3
3508 6798 8
1977 5735 10
1065 6503 10
1885 4158 7
1833 6941 3
888 5932 8
1798 2811 3
1413 2785 7
1113 4345 8
2288 5901 7
349 1010 5
674 6328 10
4136 6570 2
2314 4278 9
5520 6441 1
694 1260 10
4790 4955 3
1604 1970 10
3879 6313 4
801 1996 4
1652 4086 5
2790 3589 4
2671 6773 1
3826 5614 8
992 3091 2
2460 2829 6
5930 6380 4
797 1709 5
1190 3727 5
2294 3410 8
1940 3025 6
2832 3998 6
4730 5632 3
6 153 2
998 2697 2
3619 5659 7
928 2164 9
1553 5788 10
1296 2434 7
2375 3705 6
2578 4041 5
4673 6100 10
6578 6651 9
1994 4126 7
1778 3783 3
2997 5805 4
5041 5763 6
2170 2588 3
5558 5710 8
353 5082 9
3242 4380 10
1793 2297 4
1725 4008 3
2701 3648 4
13 1511 3
4021 5588 4
733 6022 4
1472 6210 6
1619 2498 7
135 2645 5
235 4993 7
1427 3061 6
1702 5892 6
2331 3231 5
3188 6138 3
6498 6571 9
6838 6873 7
205 2846 5
2627 5292 5
3497 6789 7
548 2497 5
3220 4832 5
2403 3417 6
3496 4664 4
1137 6894 8
1595 5526 4
3515 5831 4
2061 2110 3
4065 5797 10
2849 3862 4
675 5768 9
3965 6651 1
1686 6094 8
919 5089 9
4323 5050 10
2924 3397 6
1089 5629 2
2343 5053 1
3404 5094 5
3795 4697 9
2269 6099 9
3340 6646 5
510 6318 9
5457 6251 6
5362 6156 7
324 4320 5
2010 2052 10
2865 5539 5
1656 4567 2
625 4716 2
1470 2931 3
4589 5892 1
2806 3405 10
2851 4159 6
2045 6449 2
4462 6521 4
3509 5682 4
4995 5765 5
5194 5843 7
1752 2864 6
4956 5307 8
641 6493 3
2127 4760 8
1508 4528 9
2926 4669 6
513 5405 4
6798 6821 3
858 6604 9
2702 4846 1
304 2465 10
110 6763 10
2915 3472 7
993 2975 4
1364 2897 5
3535 3671 2
850 853 4
4158 6874 6
1175 3063 9
103 442 1
2298 5279 6
863 5314 5
216 4762 3
2072 2936 2
4295 4445 8
1352 6028 4
3798 6358 6
2424 6062 3
1391 6778 8
981 2559 3
614 4548 4
2122 2744 9
712 6643 10
1596 4572 6
153 4339 9
654 1120 3
1775 4440 4
3482 5314 10
216 420 5
3253 5059 4
6327 6446 5
2927 4942 4
2440 6098 7
2052 6804 10
1287 2501 8
575 2958 1
2167 5020 1
3427 5375 3
1622 4713 7
1521 3713 3
2030 6078 3
2469 3076 3
3013 3129 2
1757 4326 10
1160 5303 5
1651 3906 6
1909 5501 2
1346 4766 4
659 2780 5
3176 3959 6
620 3250 4
758 2647 10
6024 6578 8
128 3585 8
1011 5352 9
1720 4959 9
3951 4209 5
1674 3951 1
3564 6798 8
3209 5467 6
3427 5624 5
3354 3960 2
3969 5972 6
872 6232 4
2130 4289 6
2600 5006 2
1372 3277 8
1245 4465 4
3016 6247 2
1218 1254 8
5588 6335 5
4498 5592 6
5950 6524 6
1100 5840 5
1103 1700 2
1588 6740 3
943 5197 7
135 6984 8
783 2578 7
2814 3648 4
1223 2893 8
2649 5847 6
2436 3866 3
2425 2795 3
501 2457 10
2444 4502 4
3347 5262 3
2660 3969 3
3468 6655 7
989 6996 8
402 5114 7
1787 5620 6
1239 4027 1
2750 5388 8
3631 5856 7
4649 5132 9
1027 6486 1
5056 5717 3
781 1596 10
2613 4336 10
1343 2943 5
748 6812 4
4232 4622 6
2800 6337 7
1927 3463 6
1070 6028 10
2083 3011 4
4043 4281 6
2806 6227 7
1629 2019 8
4619 6606 10
3025 3103 8
65 2754 2
378 4662 2
3411 5264 4
1946 3805 6
6371 6954 8
514 4370 8
413 3711 1
254 5700 10
2249 4331 10
1869 5943 9
4226 5947 1
3023 6930 6
1110 3115 5
140 3874 2
2859 4062 2
6731 6732 5
3627 4429 6
4271 5684 1
504 3477 7
2343 4225 3
847 1196 1
465 5897 3
1153 1885 5
3921 5559 4
2943 3880 8
5511 5599 9
1495 4050 10
1982 6843 3
835 6707 1
2723 6235 7
3616 6011 10
1099 3970 7
739 3195 1
2085 3876 1
3490 4464 3
658 3676 3
3301 3804 5
1350 2915 5
3735 6198 3
2349 5112 1
659 840 2
2792 6531 1
1983 2910 2
1041 4044 8
1420 2365 9
1004 3894 1
3750 7000 6
93 4485 7
3450 6983 7
1988 4182 5
4582 5806 7
163 1526 8
453 5935 3
689 1668 2
303 6076 8
1138 5651 4
1659 3694 1
2081 3700 7
2482 2730 7
332 5587 7
1551 3430 10
475 5128 8
1815 2671 3
5361 5827 2
5651 6959 10
4964 6437 4
2617 4483 10
3433 4210 6
332 5046 10
3152 6927 5
1128 1155 2
548 2508 5
1780 6296 8
927 4911 9
199 5314 4
1139 4090 8
2016 6044 8
939 6416 4
914 6441 8
3553 5636 9
1110 3137 10
1957 5908 5
1810 4712 6
1695 2425 7
547 6324 5
1218 2767 7
3004 3992 3
4254 5574 1
1208 2269 10
730 4162 8
321 2135 5
78 2934 1
2731 4213 2
6300 6661 9
35 1993 7
3087 4907 3
303 4524 4
1506 5397 8
189 3271 10
2891 6429 4
6442 6477 6
1516 3835 5
1778 5294 2
3890 4261 9
658 4809 10
476 1424 5
3 4923 4
2418 2439 8
598 5701 3
2901 4633 8
905 1027 3
2514 3107 6
4249 6391 5
211 239 5
1737 3919 4
4157 4297 8
698 4233 8
4395 6801 8
3598 4503 7
1562 3670 9
2812 4619 4
6143 6962 7
1233 4419 3
3578 3643 6
4109 4578 7
2399 6638 5
287 3803 5
4305 5049 9
2121 4609 7
101 3397 3
381 6190 10
1209 4412 6
2210 5955 3
3071 4917 1
1565 3049 9
4498 6129 8
1754 3937 4
1711 3589 3
862 3431 10
2387 3192 3
793 3893 1
1333 6226 1
2178 6671 8
794 1278 6
4102 4450 6
3311 5611 2
1623 2214 4
1022 5081 8
3163 6140 10
3073 6271 7
4137 4413 2
723 3023 7
4150 5780 8
3250 3847 7
557 1678 4
2817 6797 10
1593 6272 4
724 1801 9
1690 5681 3
1806 6574 8
692 6178 9
459 2816 8
3699 4365 2
2881 4533 1
938 2561 6
1941 3446 7
1480 1589 8
3620 3962 4
4129 5253 6
739 5997 9
3720 4527 1
70 4568 2
2241 5651 4
1058 1210 5
1982 4381 5
1370 5955 2
2385 6325 1
922 3991 6
79 6113 5
2539 3025 6
6095 6923 4
989 2712 4
1691 3133 9
4085 6285 10
1601 4887 10
4115 6081 2
539 1905 9
1228 2794 2
4043 4604 6
918 5525 5
333 2557 7
1766 1833 8
2868 3220 7
376 6267 9
111 2334 10
2384 5634 10
2665 5319 9
862 1668 5
2511 6326 9
883 6267 9
3198 3732 10
2149 4322 1
360 6507 7
2668 3788 2
279 3374 6
953 6277 7
2469 4708 7
3776 5875 7
2924 4212 10
404 4826 6
2428 5333 8
906 5378 7
743 2895 10
1622 4645 5
1465 2545 1
2452 4603 8
1354 6788 5
148 3918 8
660 3236 9
3467 4532 4
216 2816 1
345 1333 4
2734 3534 2
57 668 4
294 2297 5
1319 5723 8
2192 4095 2
1734 3974 1
1151 2453 3
909 4132 8
555 3674 1
2007 4790 6
2552 3934 3
2011 5021 6
5112 5266 9
5265 5914 8
817 3649 2
639 4941 5
1286 5622 1
702 6038 8
565 5587 7
1181 4533 2
1057 1672 7
5528 6834 4
2958 6753 2
180 4038 9
3262 4613 5
1776 4395 1
3683 5010 5
29 3446 6
3790 6560 4
4269 4777 3
878 4670 9
1848 4837 5
637 3638 9
1357 2367 4
2664 4611 4
836 4108 10
1042 6575 6
525 5715 10
716 1764 1
2549 4262 4
4637 5529 1
408 1225 2
4076 4425 9
2566 4558 7
926 1149 8
1815 3621 9
2042 5776 1
3451 5645 7
3289 5954 3
507 1028 7
806 3727 3
195 2347 7
2488 5168 1
3459 6455 8
1350 1434 5
1151 4306 8
5818 6444 7
6771 6801 4
3491 4443 8
839 1383 2
4574 6440 3
4380 4475 5
2013 6399 2
3818 6207 1
2643 3715 3
1341 3944 3
1362 3203 4
6353 6876 5
261 2267 4
3986 4271 6
3948 4472 9
177 6652 8
3179 6300 1
3062 4894 5
189 2688 10
221 494 2
1484 2987 2
157 3586 1
1465 2029 3
394 5958 9
2670 5112 10
2908 6022 3
3547 3805 2
187 3806 9
1564 6448 2
2523 3420 10
3307 6695 1
448 1849 9
992 2233 5
2772 4527 3
38 2379 3
5129 5852 3
1200 1969 9
5441 6390 4
1237 2202 5
4666 4856 9
590 1448 8
5220 6452 8
412 3536 1
2399 2642 6
3537 6565 8
3730 5227 9
2251 3507 7
378 4046 5
577 2335 9
348 4968 9
1621 2961 3
5704 6941 4
1814 4639 4
1831 5266 5
1870 6398 4
4967 6759 6
229 2345 8
449 1255 4
743 3928 10
765 1077 7
729 1381 5
2275 3428 7
1911 3746 10
1334 4516 5
3318 6574 4
3979 6134 3
1354 5403 8
1299 4156 6
4377 6860 10
4900 5899 8
3822 5312 5
6119 6753 5
2702 3347 9
3491 5754 6
246 4123 4
5990 6406 3
4813 5908 4
4232 5654 4
1445 6915 3
691 800 5
2915 5598 4
4851 5831 1
200 1912 7
4107 5448 5
3154 4363 4
87 668 3
3973 6242 2
330 2670 10
542 5660 8
4675 4750 3
927 1461 6
3953 5857 7
364 6116 3
2508 2896 4
2793 2856 10
2657 3603 6
5467 6373 5
1752 5971 7
1120 5442 2
2190 4028 3
3443 6650 2
3358 5249 1
2369 3999 6
2118 2757 9
3677 4756 3
6006 6238 6
4401 6666 9
1776 5101 9
3257 4195 10
3047 5563 8
147 3470 5
3290 6205 4
1082 3233 2
75 3898 7
1067 2889 8
2022 5091 7
4340 6731 9
3281 3804 1
3793 6604 2
2501 6418 6
496 2506 3
4695 5612 8
125 4962 2
1289 2824 9
5102 5617 6
969 5234 9
1147 2718 8
3922 6925 10
1224 5028 2
576 6451 8
1187 4013 9
4104 6545 2
3986 4461 6
3763 6755 6
1660 5505 10
445 4917 10
4825 5621 4
339 2290 8
1355 5920 3
1580 5289 6
3484 6017 6
3089 4561 3
2147 5998 5
3098 4675 10
5651 6075 3
2075 5524 4
1073 4752 4
1321 1852 10
1401 6499 4
30 6912 2
4412 6689 3
2688 2716 9
555 3292 7
2964 5554 8
1298 1350 3
185 886 5
503 5606 10
893 6018 9
3343 3840 3
675 2752 2
2244 5980 8
3752 4659 3
5722 6310 9
3191 6269 1
497 4425 1
353 2861 1
1038 5576 5
2352 4150 4
948 2004 9
556 6524 5
4290 6229 2
3236 4624 9
4240 4444 8
1141 1265 3
2132 5494 9
2492 3431 7
464 3760 9
4989 6394 4
1877 3387 10
5002 6840 4
2185 2282 7
3147 6525 1
823 4162 5
2027 6146 5
918 6675 1
1922 4561 4
2141 3104 4
4116 6223 1
1487 2587 8
3303 3824 8
3231 4549 1
4123 6333 3
93 6137 6
802 4333 4
358 5123 5
552 2376 6
2816 3705 4
4339 4522 1
2485 3613 6
1529 4039 5
2113 6612 10
743 2413 9
2552 4538 4
2078 3597 8
4056 6209 6
907 6931 5
1676 6053 5
2907 4279 2
305 5970 1
3040 4828 7
1992 6048 4
1745 3826 1
64 3781 9
3225 5040 10
538 3855 2
192 323 8
4236 5466 2
2266 4241 5
3707 4340 8
1897 2477 2
1932 3713 4
3095 5468 6
1887 1938 10
522 1595 5
1405 2710 1
1803 3455 6
4114 5618 7
1156 4820 6
2131 5487 6
449 667 9
548 5446 1
128 4502 9
1557 5826 10
1196 5550 5
4954 5311 8
450 2718 4
5049 6301 8
2959 5290 1
2289 3830 1
1691 6143 3
1502 6912 10
4667 6116 6
1064 1921 8
5224 5686 4
525 724 1
1525 6445 5
5274 6154 10
715 2570 6
500 3980 1
926 5990 10
848 1832 7
2617 4888 8
3922 4844 2
3382 5573 8
950 5832 6
5921 6618 3
64 345 5
3233 4248 3
4549 5876 3
2096 5387 2
805 6000 9
2464 4819 9
3721 4179 2
2036 4061 2
437 5551 8
1203 6343 1
3781 5609 2
812 5560 7
3731 4453 7
3228 4277 4
4656 6870 1
737 1506 7
1415 3675 10
1911 6666 6
4827 5560 2
4388 5823 5
3505 3767 9
754 1697 1
3068 5959 6
242 4970 9
2991 3688 2
242 5677 7
4560 6038 7
3063 6028 2
3837 6688 8
681 5542 1
3345 4993 2
1214 4669 5
722 5757 2
911 3089 5
4087 4943 4
5493 5780 10
1747 6464 7
1689 6697 9
2588 5663 8
1548 6398 4
2015 3968 8
528 2820 4
1711 4785 4
4843 6668 4
2620 3077 10
5188 6392 9
1690 1977 2
277 1080 2
420 6011 9
392 6024 5
6206 6394 1
3517 3648 5
2646 3539 5
591 3732 8
5268 6313 4
3641 5416 4
3021 6172 3
13 2503 7
3779 4541 6
4907 5688 6
581 1806 5
2771 4931 9
165 1848 2
350 4525 7
6056 6085 1
1123 2297 1
3724 4520 10
2306 2359 3
272 3675 5
2244 6926 9
2237 2463 6
901 3121 1
512 4902 2
893 2396 7
2602 5078 9
422 3563 7
200 5224 7
2839 5637 7
660 2596 3
200 4488 5
2199 2668 5
2791 4630 7
3201 3996 10
393 631 5
776 3860 5
1152 4541 1
5466 6312 8
1611 2304 6
4260 6500 7
1319 3500 7
1838 3915 6
127 4459 1
3742 3986 2
3835 5918 3
468 2779 8
3299 5745 3
1152 2667 3
4660 5410 3
1036 4561 7
5303 5317 5
1409 6789 8
4538 5254 7
3616 4585 6
176 4264 10
3059 5718 3
5712 6815 8
2253 6848 7
3008 3753 10
3577 4468 1
2344 2495 7
1543 5526 6
3233 6618 8
2393 4191 3
2079 5512 3
985 6299 3
3618 4301 5
1557 4324 2
2978 5099 6
3574 6956 5
780 1973 3
2973 6590 1
3699 6265 8
2319 5615 3
2072 2288 1
115 2183 9
2343 4041 1
527 3323 5
640 1686 9
1095 3220 7
4980 5017 1
433 1333 6
3678 4221 4
673 1153 8
866 3036 8
3772 6157 8
6437 6514 5
918 1955 3
1330 4541 2
3807 6264 6
3019 4821 1
48 1569 9
2465 5341 8
1438 2434 3
1363 3900 8
6833 6932 5
1920 6569 5
3602 5426 6
864 3377 1
1071 4251 10
3688 5030 3
1037 2545 3
1746 5058 8
1296 1331 7
6209 6525 7
379 4214 1
1828 6097 10
1889 5570 8
1893 3894 7
1751 6564 10
2954 2966 9
1386 3952 3
4183 6252 1
1088 5481 2
297 762 4
5205 6100 2
3722 4843 1
473 4652 7
4680 5427 2
4190 5063 6
6018 6365 9
714 6556 1
746 2117 4
5197 5679 7
5204 5493 3
2286 2373 3
1868 3576 3
3270 6613 5
260 4291 4
1902 5384 5
1326 2927 2
2424 4915 5
3713 6093 7
762 5604 1
3606 4798 7
2251 2941 4
3073 3099 3
4055 6466 1
2423 6129 3
1327 3228 1
3338 4376 2
1303 5132 9
2288 4076 3
669 6613 3
3908 5658 8
3759 5982 1
2631 6672 2
786 1000 3
2398 4237 6
4278 6974 9
3153 6106 1
1456 4549 6
2210 5033 2
278 5325 9
3789 4711 1
2181 3751 2
3731 5820 9
1981 4041 8
261 6222 10
2116 2828 6
3071 3869 3
380 597 5
3722 4834 3
1253 1836 1
1563 2924 1
1495 2186 9
4335 5426 2
1645 3619 7
4263 4698 3
2346 4389 6
1217 5329 6
2020 6444 7
1685 5040 3
1260 4504 10
2530 4535 6
4311 4763 10
4206 6321 10
982 4101 3
5895 6199 8
4523 5276 7
3372 5173 6
1309 1761 4
2213 3419 8
4282 6153 4
2336 4153 3
1046 3152 6
259 1733 10
1084 1423 6
1159 6436 8
3013 4995 6
2349 2452 5
960 5215 3
3778 4755 1
2029 4752 10
117 3666 2
1559 2608 5
800 4054 9
1439 3040 9
686 2893 3
1482 3124 4
1069 1981 10
302 6012 4
3552 4068 2
3777 6508 2
1789 3382 3
1101 5046 4
1984 4711 2
1066 3561 1
1852 3324 4
354 1568 2
1890 3878 7
5727 6750 1
807 1481 9
1637 3927 4
260 1222 3
3708 4744 8
1149 5515 5
6731 6819 10
195 791 10
4861 6140 4
5195 5574 7
441 4752 8
2157 3932 3
143 2959 8
4181 5217 1
1318 6589 4
1198 1470 2
2754 4567 3
505 1686 1
125 5419 10
1583 4850 4
3257 5326 10
3449 4347 7
4677 4886 9
1588 1929 9
3162 3789 2
75 1051 5
5312 5579 9
2847 3949 8
1000 6692 3
5651 5665 4
932 5414 10
3656 6573 7
3360 4045 8
760 2973 7
430 3119 4
3658 5583 8
3820 4525 9
2705 3008 5
1010 2709 2
3313 5909 9
3219 4327 5
928 4677 4
3229 6680 8
3394 4860 7
1352 1489 6
831 904 7
2840 5718 4
447 2187 2
3276 4859 3
526 1476 6
1088 2044 10
3873 4623 7
5032 5149 3
3486 5376 4
5814 6300 8
4697 5230 4
3356 3357 1
5557 5644 6
172 4129 2
1262 6757 7
5591 6825 6
2727 4226 6
2048 2177 6
25 5286 2
1248 6938 3
954 4610 4
5016 6855 5
458 4649 3
1016 5240 2
908 6488 8
2993 6215 7
559 1231 7
2617 4237 7
1759 3578 1
3715 5954 8
609 686 1
5079 6287 6
2715 5089 5
2724 2823 2
2619 2794 10
730 5023 5
5540 6126 7
4788 5164 1
959 6871 10
120 5498 6
3666 4404 9
4953 5921 3
1995 3172 6
4182 4551 9
2290 4797 8
1846 4363 3
1461 6160 1
4872 6961 4
4390 5925 8
757 5914 6
2954 3355 3
238 1879 8
2086 5298 1
6567 6665 8
1391 4701 8
3379 6280 1
217 3441 1
3905 4489 3
530 3042 9
890 4579 4
2983 3967 1
1783 2058 4
2947 4028 10
1744 3576 1
4515 4940 7
169 3549 9
2930 3393 4
2248 6616 4
93 1380 4
3857 6314 3
4464 5391 2
890 4429 8
2326 2816 3
2210 4064 1
4308 6098 10
5597 6141 8
6244 6740 4
2087 6321 8
1654 2314 5
2943 2951 6
866 1232 4
2578 3240 6
1177 1581 2
522 2090 9
6605 6880 2
32 3360 1
1479 4794 5
1082 5259 5
4390 6643 8
1442 6066 5
773 3234 5
3333 5624 10
3941 5043 2
1144 4575 8
1083 6949 4
186 1578 9
2248 4126 5
3301 5000 10
2262 4532 6
5455 6678 4
2802 4397 2
1452 1824 10
1448 6811 8
87 4779 9
1700 1803 3
3706 6296 7
5537 5984 7
2478 4465 3
435 1090 10
2917 3043 3
4191 4963 8
1316 2538 3
2218 5556 4
303 5050 2
1053 6083 3
705 2977 7
3639 4938 7
2883 5564 7
4971 5262 1
3331 4587 7
3539 3958 5
3532 3931 9
169 4015 6
996 4346 1
5673 6562 7
1310 5129 8
1867 4589 4
2309 4607 2
2333 5790 1
967 2010 8
4905 6074 3
987 1532 3
1822 2366 9
1260 5407 3
3259 5729 6
475 5363 4
6 1835 6
1521 3370 3
3034 3314 2
459 2260 7
5382 5830 1
2720 4660 8
660 6799 9
2907 6591 5
1612 2843 10
3522 4891 7
4077 4191 3
1032 4900 6
1283 6353 7
1735 4828 1
1835 4675 6
1832 1864 5
2017 6271 9
565 5213 5
1222 4153 2
1207 2040 10
2441 3936 6
711 5107 6
3516 5068 9
38 785 7
271 789 7
2720 2847 5
2197 4785 6
2202 3236 7
1720 5864 8
79 1506 9
3264 3440 3
2010 6790 5
3435 5584 4
5923 6761 3
100 2032 4
995 1573 7
1985 6365 9
52 3734 1
5502 6152 7
552 4048 4
2097 2187 2
2606 5134 9
284 4719 10
1745 4683 4
4140 5905 7
3634 4492 9
833 1758 5
1079 6960 3
1569 6721 2
566 783 6
1436 5672 6
586 4633 7
2284 4599 9
768 6511 5
3122 4422 10
2248 2278 9
2686 6428 9
5053 6686 10
695 1164 4
4018 4352 4
2754 4648 9
701 784 2
2447 3042 4
42 4344 10
2842 3093 1
1325 3641 6
1806 4803 2
1127 5324 10
1098 2713 8
2723 3719 8
6793 6895 6
283 2416 2
1291 6683 10
1102 3354 3
1330 4273 9
3955 4575 6
2611 5305 9
1388 2204 9
476 3438 4
6594 6717 9
353 4595 4
162 3823 3
1938 4621 10
1117 2748 1
202 1357 6
1882 4812 4
84 3563 8
1620 3971 5
1948 5600 10
3364 4008 6
3827 6023 8
54 270 4
3421 6806 5
1502 3161 3
1103 4038 4
3438 4549 8
1836 2216 9
2285 3947 2
2291 4714 2
782 5841 3
816 1290 8
2652 6872 6
442 791 7
650 1974 4
2691 4650 1
152 1209 2
1462 3358 8
2390 5198 7
2092 5912 5
1427 4668 4
350 2061 10
1688 4711 5
5690 6589 1
3064 5573 1
2838 3322 4
670 6649 10
258 3756 7
640 5136 6
1674 5253 3
1364 5449 2
3328 6172 6
4288 5360 7
1103 2580 6
1020 2975 1
2049 4395 10
4244 4317 9
2339 3306 2
922 4761 9
636 5301 10
1424 5930 1
248 1639 9
1092 4704 7
3193 4589 1
3629 4653 2
691 3456 7
682 6287 8
545 992 3
4129 5500 10
750 6074 2
1667 3585 1
1305 4321 3
5135 6550 5
2534 6121 5
2788 3160 9
963 6135 1
2721 6376 2
570 3189 6
1935 2008 4
844 6653 10
6155 6225 5
4259 6804 2
426 5388 1
1647 2954 3
2235 4967 4
3013 4489 1
1371 3077 10
3797 6510 4
4465 5295 10
3206 4267 9
479 3980 10
5234 6725 2
1738 3915 5
1658 2957 7
6453 6829 1
270 6677 7
129 6816 3
4696 5772 1
281 3036 4
244 6038 10
627 3956 8
5437 6064 6
4944 6449 4
1646 6560 9
2183 6067 9
3283 4659 6
836 5534 9
129 1734 7
464 5446 10
2256 4667 1
3673 6023 10
4650 5403 9
4966 5308 9
1562 4196 1
2061 6381 9
409 3713 7
2459 6349 5
1408 4762 5
5569 5633 10
1448 4426 4
1971 4555 5
1268 5245 7
4159 5524 7
5081 6277 7
327 3961 3
6068 6432 8
940 1142 7
234 2049 6
1418 2401 7
633 1093 8
4280 4501 3
2701 4395 2
925 3991 9
2029 5431 8
1361 6124 9
369 4064 6
1212 2608 6
27 2263 6
3732 4635 5
5578 5715 3
1273 6115 9
489 4453 5
94 3829 2
187 4810 5
881 4723 7
689 3140 3
1530 6544 9
5703 6969 4
4084 6533 5
219 1054 6
440 2098 2
1240 1759 4
855 4338 10
1732 6641 7
1514 3808 2
3297 6341 4
1176 1851 2
4412 6860 2
1978 3282 7
1963 4683 5
6004 6882 2
3233 3470 10
1188 5812 4
2631 5972 9
3589 3881 2
430 4065 5
75 1305 6
3285 3582 1
4223 6423 3
9 5657 2
2975 3893 3
5293 5686 10
5593 6464 1
2231 3518 3
4733 5370 4
5987 6364 9
1228 2427 6
4442 5210 4
4483 6593 8
2968 6155 6
5564 6827 3
4056 4520 9
896 4134 2
4726 5221 1
997 3551 8
1463 3685 5
2465 6871 6
1426 4516 9
5274 5349 4
4781 5596 3
4629 6010 9
2204 6880 10
3227 6514 7
55 2168 4
701 906 5
1400 5131 9
1664 4333 5
369 5209 7
843 4463 3
1364 6042 6
3087 3654 4
3756 5233 7
3274 4286 10
5046 6804 6
3294 4760 4
4235 6537 4
297 5875 3
1796 3305 7
4117 4744 5
1477 5007 9
3027 3856 10
1532 1687 7
2234 4104 1
1186 3081 3
3852 5397 6
1410 3067 8
1913 2835 8
457 2359 6
384 757 7
1365 2851 8
1454 2677 1
2536 5448 10
366 2436 2
331 5954 8
2270 4384 1
481 3264 6
758 6539 10
2630 5473 10
1410 5678 8
5774 6168 5
4422 5055 8
3113 4396 4
1394 5713 6
1310 4287 8
4002 4729 7
2937 3162 6
2773 5656 9
1297 6623 4
3809 5019 10
1225 2109 10
1422 4606 4
2891 5407 9
4125 5255 9
4380 5428 2
205 2068 3
74 245 7
1437 5851 3
69 2154 5
1507 3289 10
1849 3758 10
1687 2603 5
2825 5610 7
3645 5410 9
3058 6083 8
26 2534 5
1536 3273 8
1189 4316 10
946 2119 9
4678 4776 8
2200 5288 7
1929 3390 2
4695 6006 7
2794 2843 10
1375 5069 9
3117 4002 2
2685 5395 6
1568 3253 3
2057 3266 4
471 1364 5
1269 4716 1
1709 2118 1
926 1083 4
2839 6808 2
4509 6284 4
2741 3548 8
2775 3459 8
4254 4902 2
4601 6524 2
994 3243 8
750 2170 10
3075 4830 3
3165 5541 6
1677 1810 7
808 1711 2
1058 4450 5
1711 6513 10
4651 4668 8
2994 3485 6
997 6321 9
343 6132 1
3944 5350 3
82 5501 8
2630 5172 6
6235 6756 10
5721 6498 8
3100 3246 9
483 5279 8
1725 4258 7
1764 4340 6
1204 5954 6
1710 2668 5
4719 5066 8
3052 3105 10
4216 5904 7
4439 5372 6
4284 5564 5
5868 6149 10
405 612 7
61 2263 10
807 1149 4
1497 5519 8
4866 5933 9
1299 3369 9
875 1838 3
1753 4513 2
1605 3510 5
1931 3583 9
6524 6661 4
3528 3647 5
560 1433 4
4931 5100 1
5053 6158 7
3143 6115 1
1279 4875 6
4157 5173 2
4544 6817 7
2632 5158 7
580 6572 2
1770 1929 9
1318 1413 8
1293 4316 6
1987 2814 5
2422 2813 3
3934 6081 8
2645 3915 7
2311 6985 1
711 4283 8
136 1390 4
3416 4388 10
1094 6078 8
3730 6598 9
267 6378 1
136 2328 8
2594 4907 6
186 5333 1
1993 2492 5
1120 1805 6
4830 4915 10
126 1345 5
2267 2500 3
5736 6552 6
618 4692 8
774 5179 2
1903 3565 8
1060 3022 6
651 887 7
4881 6262 9
3523 4562 9
406 4201 4
4525 4605 2
5857 6346 3
3453 3852 6
2504 4625 2
2248 6076 3
1964 5062 9
1168 6226 1
95 4213 10
2225 6675 4
1711 2869 9
2501 3416 10
438 6214 4
955 2401 1
1524 4964 5
1258 4183 7
399 2390 1
1540 3391 5
5023 5776 8
2398 5125 7
1008 4976 9
2631 5095 9
250 5675 8
313 819 10
5344 6468 8
682 2347 4
518 4488 7
3875 6512 5
4909 6120 5
1660 3746 2
1608 4407 10
1518 4102 3
1746 2939 8
1969 6156 2
836 5853 7
5416 6620 2
417 1569 7
1543 5290 1
1243 2975 6
1361 5931 7
4625 5113 10
5933 5998 9
942 6922 5
1403 6583 5
833 3181 10
1710 4083 2
1668 6440 1
1145 5325 3
3009 4110 2
3145 5485 10
3683 4852 3
618 5204 1
1738 2288 3
3762 5723 3
4362 5202 9
2459 6699 2
1554 4638 3
1015 2073 9
1120 6205 1
4122 5946 7
338 5945 5
5383 5385 4
540 6936 5
3248 5892 4
3626 5710 10
1880 3199 2
2719 5765 6
3275 6768 7
1419 4534 2
3195 5339 1
473 6481 3
922 5409 3
4170 6702 10
1169 4324 6
1124 4858 10
2662 4531 10
1949 4463 4
645 6559 7
3043 5059 10
514 4444 1
269 4378 6
3897 4048 4
3109 6015 8
5353 6972 10
1344 6515 6
823 1422 10
1501 2949 6
6129 6245 6
1180 5154 3
4975 5942 5
99 2251 10
1844 5712 2
2731 2969 6
1911 2055 3
2195 6626 9
3416 6590 7
3598 3802 7
231 737 9
1300 1763 8
27 3834 4
800 840 3
165 808 10
4340 6184 5
1045 4740 1
3163 3638 2
4349 5140 8
1092 2426 5
3470 6705 4
1186 4475 8
437 813 5
1165 2127 6
3506 3965 3
2284 4808 4
2907 3344 7
1156 1884 3
2441 2718 6
59 6528 3
931 3171 4
2348 5213 1
981 1120 10
6555 6649 9
3083 4042 10
1464 5810 3
965 2886 3
2056 2698 6
1485 2358 10
1049 4282 9
1210 5856 4
390 4784 4
2524 6651 4
3477 4027 2
1226 1986 8
1589 1825 2
1360 5668 10
3607 5446 1
935 4245 2
1264 3571 8
3063 5793 6
5000 5898 4
4741 5320 8
1432 2602 6
1271 1360 4
176 3165 9
3801 5497 1
2964 3435 10
4757 5342 3
4153 4352 4
577 2132 6
5697 6146 9
1266 1686 7
3882 5367 9
5475 6061 5
4915 5618 2
627 6724 2
2404 2652 3
1415 3492 9
3941 6340 1
1457 2953 3
2425 5236 3
2745 5839 4
3183 5370 3
2193 3387 3
3164 4635 3
2334 6735 5
629 3007 7
763 4312 5
2243 5644 7
18 6442 1
226 2124 8
6040 6667 10
3546 3910 1
4640 4755 3
2135 3194 10
1781 3290 3
4540 5824 7
1238 4976 5
397 5178 6
3002 6537 4
1312 1506 1
2927 3776 7
3442 5040 6
1450 1808 9
5198 5579 8
114 2024 1
2630 4177 4
637 1168 5
1091 5014 6
3634 6529 5
695 3886 10
5258 6229 3
2852 3991 8
1893 2651 2
2808 5314 2
1737 2201 4
1005 6544 1
3931 6897 2
1517 3907 6
2754 6683 5
1705 6968 1
2325 2430 9
98 384 3
4537 6575 10
1136 2898 7
1877 4867 2
521 3359 10
2154 3997 1
1291 5600 3
3286 6011 1
3295 4862 7
2228 6775 4
903 1660 6
92 2272 7
6102 6426 3
328 1041 6
4318 6966 1
4011 5117 7
1163 2796 3
809 2064 6
4283 6202 6
1213 5496 8
833 2694 5
3114 3597 2
570 3602 4
1121 4217 9
260 1059 9
33 2769 6
1825 3906 6
1352 5678 5
3230 6289 7
584 1871 5
6372 6822 4
397 4350 4
1762 3101 7
2560 5418 9
3581 6746 7
553 6547 7
182 4112 10
2888 6633 9
1012 6424 2
1062 4386 7
1379 2300 5
655 3533 5
5644 6984 8
3477 4410 8
4108 6965 4
639 4466 5
293 4431 6
2725 6559 3
944 4282 3
472 4746 7
2293 3138 3
4088 4547 4
2221 5873 1
4203 6716 6
2750 6658 8
3244 3520 9
3081 5239 1
4206 5158 9
1233 6442 3
2479 4566 10
2998 4732 1
1924 5837 4
3949 6088 4
1619 4001 8
3379 4296 6
860 4523 3
3038 4204 7
1763 2307 3
3565 6142 1
2050 3995 5
5081 5461 4
2463 5498 2
393 1953 7
1315 4528 7
1059 5596 7
3167 5247 5
1502 4405 6
4353 6800 3
4258 5021 2
1264 3629 6
3311 4419 5
1607 5462 8
5071 6815 4
1297 1318 2
3183 5941 5
167 3253 6
3497 5265 4
345 6950 9
413 6828 3
3801 4540 1
925 4742 8
298 5325 4
1361 4198 7
6298 6497 6
698 4002 5
1634 4968 5
222 4316 5
3615 4694 8
1415 4730 1
893 2842 7
3590 5608 6
808 6869 6
3049 6524 1
469 1709 2
806 2248 10
3826 4902 6
880 5379 1
4718 5466 5
442 5086 9
3322 4551 5
3032 5422 8
4814 5837 6
2090 4740 1
1532 4717 9
2049 3818 7
2538 4127 9
3842 4462 7
1100 3424 2
593 3739 7
1044 3014 2
1923 2743 2
3450 4016 3
766 1136 3
1922 2786 1
1188 6387 6
462 6510 3
1129 4822 2
1880 2364 7
224 3351 4
2844 3713 6
1662 3968 1
3505 4238 9
1364 1395 2
2613 3549 8
1618 4507 2
184 4131 5
1206 2939 3
2213 5575 3
4071 4441 4
56 948 5
6134 6369 5
2145 4895 7
791 5560 5
491 5795 2
3268 3907 7
528 2473 5
3010 3300 10
1998 4068 5
1715 4447 3
2044 3060 7
2385 4356 9
626 5661 1
1360 5269 10
4444 5450 7
1193 1440 7
1581 2158 9
1741 5910 10
771 5195 10
3576 4580 5
3127 3469 9
4014 6106 7
4601 6509 6
2176 5873 9
5208 6174 1
1071 4991 5
688 6130 6
3341 4744 9
2998 4393 7
1606 3127 3
404 2512 5
655 2128 4
1391 4860 7
214 331 7
2127 2561 9
9 3524 7
154 4779 1
695 2020 10
3701 5812 8
1278 6935 9
2733 2774 6
326 2350 1
1467 3374 10
20 121 4
1431 3350 5
342 1424 5
5891 6677 6
47 1600 6
4128 5366 4
1681 6654 3
4176 5224 8
1189 5416 10
342 393 4
2150 4894 7
3449 6457 7
3969 4080 7
1809 5627 3
118 2967 6
1024 3574 2
3593 5041 10
2028 4655 4
532 1222 8
2244 4022 6
1475 6491 5
611 4562 3
973 2304 7
2231 4032 4
2888 3662 9
1341 6653 1
355 2729 7
301 5398 1
1769 4104 9
628 4614 4
4222 6437 1
2331 6642 3
1482 5963 10
5495 6179 6
3005 5092 9
5613 6394 5
1198 1984 10
1601 4554 2
3245 5849 4
4221 5860 8
2043 3374 8
4491 5198 10
996 1441 7
5448 6615 6
315 5956 2
1941 5852 7
998 4251 3
294 2664 6
4321 4559 2
1482 6469 10
4054 4784 6
2857 3782 6
3247 6240 7
660 1854 10
1192 3276 5
3993 4478 2
5997 6325 3
1016 2492 7
2641 2648 10
953 6007 10
1737 4539 6
742 2282 4
2636 6973 1
575 5813 4
906 5419 10
3402 5808 3
957 6823 3
1277 6784 9
1 1237 8
1531 6337 3
1797 6435 10
3568 4739 5
3326 4379 1
178 2564 2
6063 6700 2
3073 3118 10
5766 6115 5
1291 2689 8
733 5855 3
832 1154 1
1385 1444 5
2178 4971 4
2775 4132 9
191 2059 2
4899 5327 3
4016 4410 1
3826 6435 9
4040 6087 10
5460 6230 1
5221 6788 6
3572 4143 8
3000 4575 4
1022 3517 6
3288 6030 10
1518 2111 9
2775 4689 10
1823 1853 3
190 2699 5
1458 6430 8
4396 5292 7
4213 6202 6
1720 4767 5
2829 5136 10
1240 5244 10
6406 6935 7
876 2109 7
3862 5231 7
1467 5381 9
531 2279 2
149 5569 7
4459 5354 9
500 5614 10
808 5298 8
3299 6800 2
6121 6832 1
324 1318 2
1246 1880 6
1790 3303 2
209 6967 6
1564 2274 1
2475 4081 4
627 2818 9
167 5491 6
1966 5113 4
312 3088 10
872 5138 9
2384 5351 8
1481 2510 5
3788 4742 1
3687 6636 8
2891 4744 6
585 4752 10
3097 5904 5
1316 5977 9
1232 6187 10
3400 6949 4
2515 4976 3
1580 6797 4
4018 4393 2
1252 1760 7
169 2574 5
4660 5316 8
3839 5942 5
3771 6954 9
1619 2083 3
1844 2655 2
1988 6123 6
5235 5469 9
3992 6668 6
4511 5523 10
4303 4879 4
1693 1704 10
2812 4239 6
1410 2379 9
3304 4252 4
4454 5507 5
4906 5056 7
1548 2384 4
2682 3174 5
2341 6910 2
248 2287 2
1403 1586 1
863 4216 1
2577 4600 7
927 4191 1
847 4199 5
438 4125 2
1324 5426 3
2069 4712 2
4946 5266 10
3287 5095 5
3326 4051 3
4538 6592 6
3960 6952 2
565 4086 10
4257 5204 2
882 1951 4
1252 4518 8
1248 6718 1
3775 4037 8
1097 1657 5
1539 4568 3
5100 5218 6
33 1746 2
3701 4895 3
308 1814 2
2687 4308 4
2919 6206 2
157 6933 9
575 4143 7
2645 6114 8
411 6063 2
1442 3035 6
660 2971 8
5196 6528 3
63 3958 3
1266 1769 10
5217 5249 1
2183 6400 2
4944 6079 6
580 1086 9
4601 4757 3
3774 3967 1
170 2421 5
3601 6882 2
2007 3552 7
1722 4612 5
3788 6356 2
150 629 2
3914 5370 10
1267 6601 7
1879 2415 6
2186 4985 10
5297 6205 9
6487 6817 5
457 921 10
2513 5632 2
1862 4461 5
1854 6313 1
344 4618 2
328 6543 4
842 4724 3
3587 6537 4
5620 5922 4
4733 6091 10
2476 5158 3
565 4884 5
1263 2985 10
172 4526 1
185 4495 1
3750 4983 3
2877 5579 4
5778 6048 9
1518 5190 8
434 6471 5
3050 3742 2
1114 1885 10
976 2077 3
902 5916 8
973 3578 9
1880 3397 3
2544 5357 6
2373 5318 5
472 1957 6
1786 4338 7
345 4635 6
2120 6117 5
6078 6299 1
884 2989 5
1371 2239 10
5772 6402 7
1102 3948 10
2366 6554 1
398 1079 1
1118 1658 10
1070 2519 7
16 3332 4
639 5008 2
940 6570 1
4441 6600 5
1267 2167 10
42 3808 9
77 335 9
3278 4778 10
2973 4265 5
4331 6468 1
1431 6234 1
1388 6375 5
2077 4638 8
1164 6934 10
2640 6354 3
2374 5499 2
1902 4921 5
30 4331 4
1681 1929 5
1067 3920 3
529 6366 4
1005 1864 4
1515 1609 5
1926 5378 9
3796 5992 4
1113 6189 7
4196 5838 4
503 2949 8
149 5003 8
6929 6931 2
307 4143 6
1274 2966 6
291 4820 10
3603 4121 6
3784 4291 3
163 4980 4
121 1283 9
3742 6729 7
251 6220 6
4177 5304 7
512 590 10
3255 3712 2
1958 6766 6
305 470 7
4098 6553 6
4660 6769 2
1717 6189 10
2728 5368 6
1746 2998 9
2555 3641 6
3766 6252 8
3767 3848 2
4227 6760 3
2335 5498 3
4001 5581 4
3740 5041 3
2302 3518 10
2238 3048 4
179 656 6
284 827 5
3064 6638 7
5624 6993 3
2769 5722 5
1614 5080 4
4467 5399 1
5793 6089 7
4874 5280 6
3255 6229 9
2708 4050 7
1474 2668 7
5679 5684 9
819 5054 4
3627 4518 7
3489 5395 9
1549 1617 7
1849 5205 1
3472 6353 4
2623 6569 10
733 4003 10
5193 6354 4
1977 6846 9
686 6594 1
3399 6212 4
845 5603 3
2454 3051 1
115 6525 6
3602 6768 2
1003 3009 5
1449 5045 1
4354 6898 7
5623 5792 6
1386 5378 7
109 891 10
2494 5263 4
1017 4137 9
4200 5817 7
1987 4209 8
4823 5258 8
829 1372 5
1563 5843 7
4069 4110 5
3092 3404 8
1456 1699 4
1598 3267 4
451 4707 7
1974 2816 8
2069 4373 10
1011 4996 7
389 2927 1
718 3540 2
1050 3225 5
31 4315 5
1239 5904 3
223 1599 1
426 2873 7
4271 5608 1
1853 4315 1
1206 5884 1
3037 5658 4
1188 2726 3
6615 6949 8
4569 6652 4
2252 4153 6
2914 4074 8
3388 3506 7
884 2489 6
4369 6915 10
2160 2671 4
2649 5583 3
1315 2366 2
193 4950 9
1987 5903 10
891 2750 8
952 1109 7
57 1916 2
5839 6751 1
1229 6360 10
5111 6087 3
5172 6879 1
2680 5608 9
5963 6281 1
603 2657 5
3849 6380 9
3677 4746 3
3870 4312 4
1667 5367 9
699 3511 10
2007 4088 1
1723 3529 3
1652 5523 1
403 1644 6
447 3322 2
387 4552 2
2233 2451 1
4703 6034 1
5380 6795 7
291 6044 6
2714 3637 1
3448 5128 2
1803 4204 8
1766 6273 5
1910 4843 10
808 6129 9
399 6412 4
5093 6197 2
1065 6637 2
1479 3370 2
1798 2818 1
4639 6564 7
620 6643 10
1710 3059 7
1370 2484 3
2610 2641 6
830 4729 2
14 2393 9
342 4404 6
3324 4172 9
1144 5622 4
2971 6869 1
505 1475 5
3323 3987 2
789 3055 10
599 5189 5
3330 6767 8
1878 2056 8
1330 6463 1
2090 4634 6
137 4923 4
1006 5715 2
4667 5604 3
894 2958 2
1240 6690 9
584 6625 5
325 1501 2
3559 3855 7
2464 2952 6
1741 2788 10
964 6173 5
2693 5806 2
3554 4853 9
478 2961 4
4660 6697 1
2360 3286 3
2453 4736 9
2429 3494 9
4979 5628 8
2020 2119 2
3245 3996 10
1504 4940 8
1119 3352 4
5548 6253 2
4288 4854 4
943 2846 4
5417 6001 4
1070 3657 2
1150 4240 1
2134 4978 8
5327 6515 7
685 4474 10
5458 6488 10
1771 6368 3
1902 4414 1
2244 5911 2
3341 5459 7
2486 5638 7
4744 6170 7
392 2648 8
1674 6456 10
169 3579 5
2780 3300 1
34 1559 8
37 529 2
1627 1782 4
3205 6776 2
1624 4883 7
2108 5273 4
3903 4435 7
2020 4010 2
2286 2522 4
1830 2908 10
2823 3196 5
3209 4089 6
4891 6234 9
2865 3389 8
283 1484 8
3155 5968 1
1249 6933 10
725 5765 2
1807 2385 2
1316 5915 1
1749 2612 6
726 2746 7
5403 6650 1
1098 1294 1
258 3257 9
3182 3667 8
3100 6677 9
1606 3684 9
3042 5298 8
2283 5358 10
3588 6126 4
761 5198 8
2086 4712 8
422 518 8
3653 4414 7
698 1200 5
2773 4624 1
2791 2831 4
2190 3229 7
3553 4689 7
2115 2746 9
2329 5077 2
2086 3966 6
4003 4570 7
742 2328 2
579 6438 1
347 2659 6
1265 5331 3
3268 6896 3
5807 6303 7
365 1833 2
571 2436 9
245 3629 3
722 3358 2
2219 5692 1
587 5998 10
5428 6828 8
545 3080 8
2491 5273 3
917 1103 5
4012 4210 10
4544 6447 10
3356 5699 5
2546 5194 10
527 3345 2
2216 4196 10
4462 6576 7
1263 4033 2
962 3903 4
332 4682 4
4970 6467 3
6120 6368 5
581 2798 8
231 6143 10
5466 6369 8
275 539 4
3590 4560 6
884 5411 7
1139 3171 6
2393 4795 3
713 5366 1
5 5739 3
4924 4948 2
98 4867 10
2669 2754 10
5010 6452 8
3579 5549 5
4081 6331 1
4733 6219 4
1341 1480 3
1267 1291 3
558 1328 7
3859 5690 2
918 3924 9
251 682 10
5014 6811 1
1129 3514 4
2660 6132 6
909 2702 8
628 5870 8
4476 6781 4
2511 6515 7
341 1899 1
2433 5170 10
5496 6119 9
1331 6335 6
2267 5446 7
4741 4844 2
2531 5675 6
6211 6495 6
4724 5674 9
3004 5865 6
6327 6417 9
1627 6018 7
3073 3666 9
4178 5360 1
2554 6761 4
1806 1845 8
1484 6436 6
455 6499 10
3832 5188 7
2654 3630 4
1844 3961 7
1159 5432 6
5198 6340 5
5302 6227 6
2460 4614 4
985 2015 1
988 5451 2
4181 4756 10
943 5931 2
3519 3800 10
2246 2406 6
220 5583 2
978 5014 4
1348 1638 1
134 1810 1
4146 5549 2
2052 2209 2
6460 6887 7
2206 2278 10
5037 5300 3
277 359 7
3734 4592 5
1505 2265 1
387 1580 6
564 1613 2
1559 3443 10
3190 4444 10
278 3689 9
1833 6395 5
4094 4113 9
1271 1357 4
5137 6380 6
3079 3147 5
1459 5715 10
1119 3342 7
1663 5605 3
572 2698 10
885 1915 9
831 3748 3
1139 3590 5
2032 4067 1
3899 6524 9
2576 6162 9
632 2734 4
1586 3874 6
811 6716 4
4321 6970 6
3843 5404 1
2841 5773 1
3667 4410 4
1446 2883 3
1042 1186 5
3974 4572 6
1713 6934 5
3927 4309 10
5077 6259 7
2561 4311 10
585 606 4
288 1082 4
1604 3951 2
274 3505 8
3967 5104 2
2251 3909 10
904 6071 4
2251 3889 9
5417 5828 5
533 738 5
557 2598 4
373 1166 7
6030 6066 9
1522 6309 1
5646 5728 7
2892 3656 9
298 1976 5
721 3017 3
3349 4636 1
35 3063 9
1101 6115 1
997 1896 3
1409 6343 1
1254 4951 1
150 3326 7
2107 2888 1
1248 4355 8
1784 6928 2
1558 2469 4
2488 2574 3
1311 1855 3
3258 4014 7
2934 5334 8
185 1636 10
4680 6600 10
160 1436 7
4344 5213 9
617 3920 4
2636 4431 2
1760 5099 2
1514 1697 6
4080 4912 2
1481 2292 8
4226 4500 8
4037 4829 2
5686 6349 8
667 5758 7
3800 4519 1
2909 6834 2
1794 2531 7
2053 2757 8
5957 6471 4
3692 5083 4
429 1997 1
1257 3338 6
3263 3962 4
2944 5019 7
2230 2887 1
3317 6856 7
1955 5522 7
932 6219 5
206 4875 8
1792 5963 3
1070 1444 5
4581 6392 8
6449 6585 4
20 2864 9
2844 4854 6
3800 6207 2
2885 5010 9
335 3123 7
1823 6865 8
229 354 9
1191 2671 10
340 4624 2
1063 3842 8
4808 6076 6
1165 2083 6
395 5063 7
4690 5506 2
970 2462 1
1498 6583 6
826 4731 8
420 1309 5
1054 2275 3
456 6259 8
3348 5532 7
2650 4208 8
1257 2656 6
2845 4392 2
3707 6593 1
1109 4301 4
2960 5460 5
879 3389 7
4159 4957 4
4301 5800 9
4078 4299 5
3040 4322 2
2984 6687 10
2391 3700 5
4767 6031 2
2075 6901 7
1977 6712 9
3147 3310 3
3897 5546 4
1235 3960 2
908 6002 6
4551 4660 2
1414 2081 8
1061 5072 4
2268 5430 4
2868 2926 1
384 964 4
2215 4449 6
116 5163 10
3644 4934 4
2026 6087 8
23 6635 7
2285 6610 7
6601 6983 6
289 6517 8
214 757 10
1319 6511 1
4598 4776 10
2044 2613 2
4124 5084 9
821 4935 7
5376 5850 2
3681 5439 3
1078 1687 2
1832 2995 4
4181 6434 10
1086 2325 5
896 5775 4
3041 4754 9
3081 5215 2
2787 5417 7
6450 6836 1
218 5603 8
5050 6419 5
2648 4732 1
5310 6421 8
562 3061 5
3205 5516 7
805 4493 9
3929 6017 5
1016 5808 7
3309 5464 10
3111 4511 6
4259 4872 4
428 4756 2
2666 4210 4
1251 1278 5
4930 5757 4
926 6406 10
4111 4883 5
3617 6246 4
1151 1245 6
5934 6660 4
3306 4070 4
1760 3882 6
1039 6682 1
4744 6279 8
1469 4330 1
5436 6992 2
165 3613 6
1849 5142 1
2114 4907 4
1323 2299 5
2714 3253 9
1784 5839 5
3395 4707 4
1395 2693 6
2941 5053 10
2616 6745 3
4108 4237 6
163 5496 6
2157 3480 10
273 881 5
757 6583 7
798 6889 9
968 2659 4
531 4640 10
1732 5770 8
5666 6034 3
3263 4795 1
312 1479 9
662 1758 7
1513 1861 7
329 2678 4
2394 5108 6
752 3047 3
4611 5180 10
3829 4418 4
2283 6831 10
2213 3788 8
2834 5865 2
1172 5532 1
5224 5525 2
1006 5810 7
1094 1383 5
1771 2981 9
978 5682 1
4047 4176 10
564 2642 2
3325 6388 3
2963 3871 7
4037 5222 4
1021 6122 1
4957 5870 6
6022 6766 7
941 5731 1
791 2224 8
245 6224 2
2072 2928 10
2533 6919 9
409 3628 4
1385 2282 3
571 5106 5
2332 3234 6
1878 2145 9
850 2443 7
1915 1925 2
3091 6716 10
2498 2644 9
1728 4314 9
855 5055 4
3633 6943 1
1222 4487 7
813 3958 10
446 4510 5
1939 3844 3
1599 6133 2
2749 6850 8
291 6403 7
45 3960 10
210 4906 3
3660 6771 10
3087 4681 5
3564 5090 7
1080 1950 4
1384 5668 4
1663 3694 1
2343 5503 1
4324 5024 1
4036 6066 10
278 5802 4
3520 4574 2
2050 5164 7
2614 6283 6
4143 5878 5
324 1145 10
249 630 7
468 1359 4
571 905 2
3722 4255 4
1744 3109 8
4665 6019 8
2334 2367 9
735 3619 8
2304 4208 7
5478 5771 7
1723 3385 3
1479 1860 6
587 5521 10
2786 5994 2
2606 5454 5
3753 5030 10
1275 5204 5
225 5197 2
1916 6667 10
384 2761 1
653 3639 10
76 2289 4
2099 6848 8
4380 5980 10
520 4865 10
3691 4248 7
3515 5682 8
3389 3809 5
2568 6951 3
116 6989 9
152 1994 4
863 4239 3
4205 6038 9
6450 6604 10
1742 2936 10
4386 6160 4
3623 4408 1
4149 4207 1
1302 3069 2
3141 4004 4
877 3600 6
4167 4935 8
1633 3435 1
733 2091 4
516 6962 4
375 5011 1
2327 4141 8
470 4526 5
2987 4578 2
1062 1183 8
1008 3068 4
1122 2534 8
4141 4331 9
2129 3989 10
2009 2878 5
3129 5165 5
89 2639 1
3296 4574 10
3175 5804 9
780 6081 4
2538 4260 5
2188 6622 5
484 3159 5
3745 4328 8
1754 3909 5
262 3629 3
1440 1748 5
3067 6851 7
2483 4943 9
1492 4999 10
2727 3138 4
1685 3531 2
2579 6026 10
3186 5650 4
3162 5611 10
1979 2811 6
2200 6518 8
4464 5106 2
525 3619 6
2969 4817 9
1554 2521 5
5059 6083 8
2909 6498 7
55 2110 4
2686 3152 4
4794 6474 6
1944 4682 8
2849 4952 7
1705 3068 9
2452 3261 7
18 5424 7
979 5523 6
1297 4649 8
9 3371 4
148 2506 6
1228 4171 4
2168 4538 1
1883 5786 7
3086 6754 9
3621 5657 3
1266 5036 4
1966 2584 3
2705 4164 3
376 701 4
725 4156 6
476 5588 1
2732 6522 2
1886 5223 3
2177 4291 1
3656 6691 6
1423 4208 3
415 524 5
4367 5264 1
94 1845 1
1042 6150 9
381 2769 10
3176 4686 2
2060 3405 5
1327 5925 5
2465 2467 9
646 751 6
1601 4819 6
336 5602 5
242 2205 1
4381 5200 5
4122 5590 8
883 5241 9
611 1789 7
128 4389 4
890 6816 8
5965 6067 6
1429 5366 2
2269 3000 5
2226 3836 5
941 1627 7
3382 6394 7
1019 6758 7
1214 4023 8
5295 6353 5
3222 3573 5
4869 6683 1
3524 3970 4
1603 4974 5
701 1682 3
5352 6926 3
1486 3037 9
719 3197 4
550 6845 2
1761 3438 6
689 2657 5
2050 2603 9
2594 3442 5
646 2714 1
1641 4989 4
251 6135 10
4104 4831 5
855 1183 10
3016 5446 10
1878 5759 8
2926 5684 7
109 2692 4
2185 3201 7
4963 6842 2
910 3031 6
4346 5843 2
545 1540 1
533 2253 10
5121 5688 2
99 3850 5
1010 6246 9
807 1852 2
761 6249 7
55 226 4
283 1727 8
868 6560 3
1624 4333 8
1223 4084 10
6139 6332 4
3520 4814 2
271 861 2
2425 4730 3
2550 4530 6
179 6106 3
197 790 8
2492 3188 7
809 1469 5
5330 6946 4
590 1226 10
1319 5981 8
3527 3750 8
685 6820 10
4662 6745 7
4304 5605 4
3388 4393 6
1095 5369 3
1156 2711 5
379 6037 2
787 2573 7
177 3507 3
2435 3615 6
6333 6672 9
430 2357 10
595 6269 7
2057 3537 2
2904 4480 9
3387 5109 10
2071 6900 3
1777 2867 1
158 5274 5
3957 5466 2
562 3811 1
1944 2491 5
1880 5408 4
1757 2072 1
1411 2295 3
1411 2245 5
3156 5168 5
2921 6373 10
18 6181 2
492 4894 2
2161 3447 1
194 1138 1
5404 6043 9
552 3758 4
2217 2230 1
2633 5235 7
3438 4513 1
957 5680 3
503 4446 10
5034 5967 5
2589 3631 6
1903 6073 1
311 3193 7
1025 4300 6
2762 6338 1
5286 5707 2
1958 2815 1
1226 4012 6
1899 5659 6
5377 5894 6
472 3613 5
2404 6141 2
4 1452 9
1868 6953 4
510 3601 6
3977 6605 6
3328 4256 8
4866 6569 7
3882 5329 4
1988 3682 1
919 2627 4
5634 6610 3
1122 2033 5
2118 3983 5
1159 3362 2
4330 6494 7
2185 6953 10
613 3089 1
2552 4691 4
2336 6587 1
5861 6645 7
2433 3606 5
2209 2481 6
67 2986 3
5863 6097 5
4418 6405 3
3251 5295 10
5810 6224 10
2967 6721 8
2747 4307 5
5171 6472 5
4165 5942 6
2197 4684 8
567 4896 6
1164 1181 6
772 1344 8
1787 3765 3
479 5006 10
894 4182 8
4057 6964 10
3657 5022 2
3698 4155 2
105 1477 4
2591 4847 2
2467 3543 1
3303 4746 2
2368 6677 7
3927 4525 2
765 2496 2
3251 6529 7
1118 5998 9
2813 3730 2
2771 2991 8
1960 2147 2
5894 6298 4
1296 5216 5
2972 6863 10
5161 6830 1
2939 4309 7
1934 4285 7
3857 6785 6
5671 6153 10
4519 6732 6
874 6928 7
2108 6051 3
4713 6919 8
3925 6513 9
3201 3694 5
2707 3319 6
4289 6529 3
3360 6391 7
4371 4883 2
1104 6750 4
764 5361 2
2218 2385 8
3764 6397 8
2202 2606 6
2661 3968 1
4064 4149 3
886 3796 3
802 4942 6
1511 2470 1
239 6283 7
2661 3561 7
516 3360 10
920 4604 6
1129 6331 4
683 4654 8
6425 6889 3
146 3230 9
983 4073 2
1832 4595 7
555 3685 6
1582 5300 5
3663 4543 1
2058 5554 2
259 6944 9
319 6645 7
1125 6740 10
5666 5836 5
2443 4693 9
991 4557 1
1735 5474 1
4150 6038 6
1224 3985 10
299 920 9
1787 3686 10
1218 6994 2
6466 6826 9
1927 3436 4
3600 5183 4
395 5448 4
2984 6946 5
1838 3947 5
842 1067 4
2500 4030 10
3204 4220 10
3596 4382 7
1222 3041 6
6133 6916 1
813 2952 1
1979 4229 5
1029 5891 4
864 4749 1
3919 4054 6
910 3721 8
1320 3347 8
643 4597 6
4691 5797 3
162 3274 1
1748 3948 7
4393 6641 2
53 6145 2
2362 2808 9
4474 4680 10
2990 4195 9
1959 2514 5
3391 6009 1
289 4407 4
5104 6967 6
991 5239 7
2569 6424 7
431 885 9
4696 6014 9
3074 4651 1
1398 6498 2
643 1186 3
5529 6952 2
5823 6575 10
4589 5185 4
330 2376 8
4499 5653 7
2844 4433 1
2734 5816 1
1020 5038 7
3643 4603 5
547 6501 1
2143 4781 1
3895 6540 7
1163 3300 3
826 3146 6
2389 2626 5
74 2890 3
2320 4107 5
303 416 8
3873 6606 1
346 1511 8
4043 5242 8
755 2104 1
2499 6497 9
897 1911 10
908 4687 9
2217 2820 2
3105 6688 4
1229 6319 8
686 4446 6
808 3799 9
98 2218 2
2275 5893 6
3317 3921 1
909 5440 9
2177 6942 1
4476 5751 2
2597 6159 6
451 5132 5
1039 3117 2
3539 4553 4
316 3021 10
3000 5160 4
1891 6328 5
1109 1466 10
1561 4710 10
767 1034 5
2448 5519 3
501 3608 10
2584 4407 4
1322 3599 2
3424 3832 5
1487 5442 5
1050 4853 7
2933 6301 3
2746 4511 7
262 418 5
2759 3720 3
1632 1986 4
2840 3491 4
2023 2383 6
3171 4000 7
2080 2538 7
155 5343 1
3518 5332 1
960 4303 8
2014 4928 10
1754 5923 1
719 1116 7
2206 3609 8
3238 3744 9
1383 3763 9
3243 5900 5
2946 4392 3
3207 5447 2
2573 6087 7
3667 6050 5
1174 6788 10
4249 4819 5
5602 6406 7
3366 3540 2
4726 4994 1
2143 3071 10
2106 3942 10
792 3214 4
196 4171 6
3222 6191 6
2263 6533 3
792 3497 3
1621 2247 1
1076 6754 10
2742 4888 4
2236 4760 7
2630 5336 10
2159 2517 1
1453 6279 5
2125 6843 10
5316 6225 8
2327 4234 4
2896 5745 10
127 1747 7
2489 2544 10
5054 5059 9
1601 4190 8
3838 4669 3
5682 6636 4
4036 4559 8
1060 6625 6
5869 6265 5
3570 5245 1
3889 3936 10
484 4210 2
681 3716 9
1654 1791 10
1566 3158 7
3980 5712 1
829 5309 1
2471 3910 1
1407 2292 10
2076 5611 4
2628 5248 5
3680 5905 2
1009 3933 2
3588 6958 4
1713 5508 2
348 4447 9
77 2112 2
4321 5744 7
2026 4321 4
950 2872 5
1153 3925 4
2925 6501 8
424 6599 2
2539 3573 9
3670 5969 6
1980 2752 7
302 4905 2
3360 3889 2
4653 6111 5
864 3168 3
43 6319 8
242 1941 10
2596 5705 3
646 4385 10
768 3492 10
212 4235 10
891 3640 3
462 3024 2
1710 3695 7
312 5483 6
429 6153 1
433 3864 6
5277 5810 4
113 1109 10
2844 3106 1
3532 4860 6
1571 2446 1
128 6026 3
2370 4149 1
1086 6684 6
6674 6777 5
566 3277 4
3098 3915 1
5554 6263 10
4643 4890 4
287 1223 1
727 4450 8
2071 4225 9
367 3310 2
1202 2282 7
3115 3553 2
3638 5486 5
1215 4594 10
711 5619 2
393 6824 2
848 2475 10
418 2023 5
628 6217 9
3822 6848 1
2997 4329 7
1369 2086 7
2509 4857 5
987 6280 6
3352 6099 10
2111 6724 2
4153 5739 8
1007 5092 4
3441 4334 8
6524 6970 5
3104 4507 7
1643 2334 10
3460 5953 10
3714 4061 6
147 6267 9
2222 3689 6
1208 3005 8
404 3812 9
3260 5031 9
5603 6853 9
725 1918 6
768 2844 1
281 4239 2
292 1398 9
4696 6058 5
2173 3278 9
2735 5695 3
521 5724 6
628 4775 10
3209 6313 5
2173 4266 1
261 3324 1
3243 6319 2
297 1975 9
2449 5247 4
2156 6994 3
1304 2036 8
1265 4639 1
4045 5197 8
406 4879 8
4710 5122 5
2734 4529 1
1534 2345 8
552 6275 3
2302 6255 9
3389 3532 9
1302 2254 9
2832 4129 8
3093 4594 1
1084 6142 1
1525 3601 4
2241 6288 1
85 5537 8
955 2160 7
1959 6269 4
942 1064 1
468 4165 8
1612 3451 1
2863 3407 1
1407 5833 7
2987 3874 8
338 782 2
1742 5665 8
1639 4880 6
1081 1227 7
2457 4255 1
1941 5354 7
2355 6449 7
3845 5231 8
1546 3332 2
1888 5480 3
417 5405 8
2874 4816 6
2633 6171 8
240 5108 4
393 3891 7
2969 4319 5
1970 3622 1
2768 4064 5
684 5625 4
2946 6283 1
634 6417 4
3359 6544 2
1551 3784 9
5739 6941 1
2343 4676 3
1437 5724 5
2093 4579 3
1708 5062 3
175 4887 10
517 5490 3
2603 5177 4
2129 2387 9
1136 1355 5
4068 4230 7
1764 3253 8
758 1861 9
2864 3937 9
3970 4992 10
1245 3977 10
894 1645 2
788 3002 6
3368 6623 5
2238 3661 6
468 1775 1
1873 4915 8
1031 5870 10
2095 2730 3
376 809 9
876 1775 8
1595 1617 1
4582 6218 6
1605 6562 10
356 2806 10
57 375 2
2301 2517 6
2752 6406 8
6052 6356 10
1576 3163 6
4057 5260 7
2338 2962 1
682 3162 7
345 6108 10
2550 2901 5
3368 5853 7
1773 2071 9
1977 4882 6
490 3326 4
25 5991 8
211 5201 3
2579 4276 1
2642 5139 10
2455 4086 7
2751 6677 10
835 1527 4
1909 6151 5
200 4590 2
442 6212 2
1458 1559 4
231 975 6
3975 4633 4
299 3940 5
3148 4357 4
662 5239 1
4261 5913 9
1678 4941 6
4044 6228 5
421 2554 9
1371 2581 1
3224 4540 5
4778 6660 8
583 4873 7
491 2841 9
4869 6456 5
1001 3405 1
931 3655 6
3072 3453 4
1814 4850 6
2126 2570 1
1422 6970 2
633 5548 10
1702 1960 7
10 5035 4
1509 5768 5
4999 6346 2
1010 6416 10
667 1669 4
1729 5009 9
3463 6392 9
1144 2570 5
5174 5980 2
4249 6337 9
821 1585 8
1518 6458 3
459 489 5
231 3932 7
376 5382 8
5870 6867 6
2216 6369 6
458 4926 4
2632 4851 5
4240 6776 9
1770 4337 9
419 747 3
3134 4283 8
3080 3400 1
1449 2578 2
1944 3248 4
1816 2227 3
2390 6693 3
567 1801 9
1189 5307 6
206 6326 2
635 3399 8
3312 5647 4
1069 3479 9
635 5309 9
125 2794 9
382 5195 2
4029 4912 4
3685 4401 5
1326 6908 8
1655 5700 4
1942 3422 5
2047 4869 5
249 6662 7
3458 5940 10
6144 6219 9
975 1546 6
1284 4676 6
2612 6982 5
3595 4120 9
1867 3192 7
3172 6618 9
2373 6857 7
2946 4528 1
2360 3899 9
2298 3149 9
1685 2990 6
4585 5120 5
184 2351 4
1851 4286 9
4668 5568 1
698 5813 9
3997 5065 7
3928 6127 7
469 1687 8
1820 5557 10
716 3230 9
2427 6511 6
542 6251 2
2798 2978 8
4889 5639 3
4574 6506 1
2287 4466 3
587 3795 4
162 3791 7
70 2324 10
4760 5909 6
1877 3334 1
1591 3391 8
2599 6122 7
5913 6127 4
2256 2274 3
308 1386 3
794 2958 3
1280 4202 4
30 3073 8
393 6143 8
417 3282 3
140 1907 3
2820 6455 10
1227 3777 6
700 6053 5
1589 2244 2
6231 6728 7
2331 5955 2
1751 2947 2
3438 3835 2
5409 5994 7
5374 6338 10
4392 5238 10
586 1088 2
387 1829 4
1782 4806 9
174 4220 5
2998 4385 6
1406 1968 1
557 4433 4
3137 4583 7
723 3028 6
4080 5011 3
3093 3247 1
633 1820 4
2002 3293 8
5636 6995 6
30 4998 9
1633 3163 4
3284 4790 2
935 5369 1
4416 4480 2
778 4147 4
1831 3586 5
144 1123 1
814 1355 1
2146 5697 1
4915 5590 9
840 1703 10
4087 4427 5
404 3383 10
2043 6457 8
1996 5931 2
596 2884 8
3945 6871 3
5241 5740 4
2857 3735 8
1973 5725 6
930 2426 9
698 2479 9
5533 6537 1
3083 5469 8
2208 3898 2
3425 4282 8
911 6806 5
3161 5873 10
2917 3449 8
649 2316 2
797 5232 4
2141 2239 4
2882 5645 8
742 1271 2
5968 6507 4
4566 5116 1
2363 3485 3
1609 4799 7
3924 5036 5
4972 6950 6
1300 1411 7
2752 6782 2
402 2948 10
4381 4609 3
1205 4843 2
92 6244 5
3482 4193 3
2460 3302 2
1768 3318 8
991 3771 2
598 5645 3
3092 3183 7
5129 6795 8
583 4255 6
3757 4222 9
1163 6107 6
672 3758 1
1133 2255 6
142 5191 5
1433 4021 1
1170 4512 6
3150 3900 9
2784 3709 4
2640 6859 5
5411 6205 10
4656 5801 10
2630 4948 7
1924 6283 5
307 3583 1
241 1440 1
595 3096 5
3864 5569 2
3767 3863 4
1620 4861 9
1910 4205 7
1411 3340 9
2096 4064 3
207 4364 8
106 1847 8
76 4568 1
441 4187 4
3764 6221 7
1958 6643 9
2844 3787 3
1195 2225 1
2712 6424 7
709 1817 5
1880 3424 9
77 1326 5
182 285 6
2661 4487 6
2371 5038 1
3898 6546 5
2265 6805 5
40 532 9
543 4389 9
4137 4853 4
5262 5759 5
2331 6112 2
422 6967 4
1601 6828 10
1535 4734 3
3810 4551 3
894 3118 8
1878 2176 9
1808 6321 6
363 6622 5
1761 2221 5
2100 3890 8
4400 6357 9
2702 5161 6
737 3388 5
1774 3802 5
202 1782 5
321 4577 2
1465 6900 4
98 2483 8
1954 5106 4
109 6752 5
755 4899 4
1079 2147 9
261 2579 7
2431 4202 1
1369 6016 4
189 451 7
1918 2388 4
187 3274 5
1178 1186 5
1289 1474 3
859 5832 9
2361 6647 10
5240 6894 9
2548 3546 9
1162 2500 1
3729 5252 1
1414 5237 8
1568 4825 5
2871 5919 4
701 1127 3
4191 5053 1
4501 5617 10
4600 6143 10
4217 6166 9
3643 3710 9
2946 6375 4
1763 6790 10
4239 5694 10
1383 5694 8
2580 6280 5
1069 1527 1
874 6439 7
4149 6621 4
1709 5343 6
1713 5289 3
257 4646 2
1104 5449 3
190 5259 5
4519 6350 1
2790 6593 1
1880 5981 1
411 2122 8
3782 6821 4
3805 6434 1
3153 6496 4
3965 5204 4
1458 3183 7
1381 1976 2
4336 4382 3
2649 5893 1
870 898 5
3059 5403 9
302 3171 1
285 4566 2
28 3035 2
2130 6389 2
1415 3428 3
3207 4393 7
1514 6266 7
1048 3101 10
2324 5027 10
3666 4235 3
5006 5785 2
905 5570 3
1852 6086 4
514 4933 3
671 4930 4
1563 4072 4
1128 1559 9
2978 4787 9
701 5394 8
2009 6425 8
1834 3796 10
401 1147 5
646 2079 9
800 3409 1
1318 3737 5
2982 6437 8
1152 6064 5
893 3045 2
1361 1597 6
5300 6279 7
3575 4089 7
2249 4950 2
4291 4529 7
378 4297 1
5325 6299 7
943 3209 10
3549 5946 2
2416 4525 1
19 6956 6
5843 6403 10
2000 3916 10
4429 6864 1
5142 5544 5
1634 5638 5
3989 5368 6
2492 3280 5
5390 6496 3
245 832 1
2081 6858 4
1226 3444 9
2254 6363 1
5379 6363 8
791 6536 6
5670 6645 5
881 3438 9
1313 5245 10
584 4264 4
1911 6118 3
432 3794 3
141 1760 6
1509 2981 9
3837 5934 4
2825 5708 9
1422 5265 3
4080 6893 3
350 5449 9
329 454 10
1031 2932 3
1108 4238 3
3492 3564 3
1615 1902 4
1304 4498 2
1061 1743 6
1843 6042 7
643 5436 2
1782 6725 7
2435 2939 10
1766 3965 1
3044 4516 10
4032 5247 9
2138 5235 3
1570 3927 8
5985 6538 9
814 6724 5
2655 4258 8
482 2501 8
4651 4920 2
3609 3885 6
3701 4269 6
2734 3936 2
2194 3774 9
5840 6756 6
1668 2983 4
1002 6099 3
349 4451 10
716 5962 4
2212 4625 1
3208 5871 5
387 3507 1
3287 5343 4
1997 6926 5
2634 6576 5
101 6353 3
2790 4853 10
5166 5936 8
2017 2314 5
945 4645 4
2571 6942 5
927 1968 2
314 3629 10
1892 4252 7
4690 5333 7
2573 6117 5
4727 5917 5
1781 6264 2
1251 5815 4
499 1935 7
1274 3041 2
2410 3855 3
2410 3731 10
694 6417 1
1314 5368 1
78 6381 5
2245 5084 9
3254 6710 7
177 761 5
1780 4083 9
4512 5023 3
5063 5327 6
1229 4808 2
1060 5716 7
951 2491 6
3608 6348 3
3487 6065 10
2211 6555 2
378 2990 8
994 4739 2
2526 6530 2
184 1614 3
122 4362 8
1412 4374 2
3733 5892 4
3832 4653 3
1160 5698 10
933 6352 9
2267 3854 10
270 6241 4
484 2873 5
703 6405 9
346 4880 9
2516 5002 3
3555 4981 8
2665 5354 7
2492 4549 1
4169 5067 6
1742 5045 2
336 2921 1
1511 1727 6
2129 4441 6
1752 3075 7
1995 4205 6
4178 6221 6
2449 6588 7
1000 5814 6
2346 3112 6
889 3194 1
2145 2483 5
1289 2476 5
2768 5890 3
3944 5005 3
2501 6224 3
3645 4758 9
1129 1492 5
4724 5591 9
5532 6637 10
2775 4044 7
1735 4739 1
5112 5233 10
126 3590 5
4537 4870 7
1756 4181 9
2720 4940 6
2120 2208 10
3399 4886 4
2387 3105 10
1941 3217 9
90 4722 3
2698 3016 10
2587 5387 1
4103 5572 6
507 3739 4
5751 6822 1
2169 3138 6
2634 3584 1
3938 4507 3
432 5314 1
2128 5611 10
4280 5738 4
2533 5249 7
798 4352 7
257 754 10
6134 6490 9
1860 4358 5
1424 3797 3
1217 4318 3
1750 3608 1
1917 2410 8
1801 2562 8
2757 3811 5
3182 5375 6
4117 5966 1
2554 6559 1
2644 5854 9
1204 1880 1
1332 5330 9
575 2332 9
332 678 4
3461 3518 3
96 1777 1
6404 6552 4
2580 4558 1
1281 4327 1
88 921 3
3768 6205 10
613 4523 4
823 3547 9
1095 6240 5
808 5382 7
1 4566 1
1519 5247 2
1219 4433 8
2383 6401 2
1552 5298 9
1169 4025 7
2885 5384 4
2375 2772 6
1260 3093 9
2492 3711 8
4877 6424 10
478 1257 9
2400 4774 3
3896 5667 8
3559 6157 8
2004 5247 2
3072 6285 5
1670 4556 5
1990 5107 4
1062 3351 6
1705 5109 4
3346 6812 8
100 5618 1
563 1984 7
1609 3068 10
3961 5846 7
840 4284 6
5612 6335 8
3443 6267 6
3970 5394 4
3605 5207 10
463 2354 3
926 5617 8
5370 6541 9
2686 2816 2
3527 3661 1
1170 4125 6
3267 6680 3
1228 3251 10
2949 4161 3
3781 5717 5
3018 5381 6
3294 3445 6
516 549 1
920 3742 10
3497 5011 4
1580 2748 7
3045 3807 4
5462 5847 6
5564 5887 2
5341 6010 2
1797 4730 2
2814 3321 7
502 4275 4
1795 2758 6
20 2449 2
2140 5836 10
149 5618 4
1965 5500 10
1708 4194 8
1460 1817 1
3653 5555 4
2083 4112 5
2974 3743 10
1496 2993 4
1171 2435 6
1631 5109 9
747 3782 9
1201 1561 2
1692 6207 3
3374 6289 10
3195 4488 6
528 3786 9
1235 5994 5
4645 5860 5
919 6588 7
1427 5038 3
5769 6568 3
4770 6540 1
2369 3996 10
595 4381 3
501 5965 3
3200 4858 6
5842 6553 3
782 6184 5
1640 3450 8
5421 5773 8
4246 6716 4
874 6304 8
225 5701 4
1973 3072 9
4717 4947 6
3101 5744 4
5124 6195 1
5202 5210 5
858 3142 9
1213 5779 5
4815 6753 8
858 4831 10
3724 6205 1
3011 6110 7
4788 6453 4
2829 4112 5
2980 5417 5
2034 5015 6
3489 4659 6
5396 5675 8
3452 3869 9
2317 6847 8
817 2046 10
4958 6936 9
1286 3442 10
927 6743 10
3631 5606 1
325 900 6
3004 3878 10
1129 1769 2
2208 4714 6
4601 5304 6
5865 6283 7
4348 6143 8
1649 4575 4
3458 4873 4
4887 6120 7
463 1488 9
576 3802 3
61 3475 8
2262 3862 3
495 2667 1
3 317 9
1286 1290 8
2273 2721 6
788 4753 7
670 5761 3
354 6528 1
1240 5563 3
937 2864 2
3493 3919 3
4987 5068 7
161 1405 10
2517 4196 3
3069 3100 1
1283 3942 10
4270 6019 2
1467 4604 7
1555 6283 2
2302 5703 5
3345 6993 9
4667 4777 5
1274 2623 5
5644 6148 1
2882 4288 4
459 6782 8
3554 5315 2
794 1332 1
2582 6715 3
864 887 2
3400 6763 5
2850 4796 5
1241 3047 6
4871 5322 3
3117 4702 3
1165 5277 3
2568 5060 4
1235 6783 10
1092 1147 2
5488 6864 7
2481 4941 4
3766 4369 6
434 5669 3
345 1387 10
2358 5337 7
2988 4697 4
4305 6428 9
972 6180 2
667 5569 1
5949 6624 7
458 6965 9
3562 6152 7
2836 6423 8
732 2707 4
5337 6501 3
805 3131 3
1879 2349 1
2118 2215 5
5011 5406 6
966 6661 10
33 2174 10
3752 4563 7
753 2557 9
2294 4230 1
1416 4822 8
2069 5089 1
1365 2903 7
472 3624 1
1869 5919 2
2711 6433 4
337 814 4
4749 6211 1
2063 6739 2
1641 3572 2
308 6736 6
1999 3655 3
1062 5861 6
1985 6952 8
2612 6927 10
4861 4929 7
4006 4074 6
3506 5103 10
2666 6961 3
966 1103 3
5000 6209 4
2907 6348 8
1837 2742 5
2308 3598 5
1629 2426 8
1291 6288 1
5 2423 3
4298 5723 2
4312 4939 2
3005 5199 5
3367 5412 7
1579 1701 8
3232 5690 1
394 4090 7
117 3658 4
546 3650 7
2511 3742 1
3643 4778 3
1444 5737 9
1572 2541 10
753 2999 7
254 4200 4
4019 5159 8
2241 5954 10
1043 6088 2
527 708 2
548 4597 8
128 1530 5
3244 6789 7
596 2007 6
1463 1556 5
3125 6115 6
2960 6225 7
4273 5206 3
5873 6844 8
2171 6187 9
622 4783 7
3385 5218 6
3425 3463 4
1680 2714 2
3084 3280 6
758 1059 6
567 1451 6
5425 5551 1
28 5570 1
1484 3963 8
2111 2168 7
2620 3805 9
989 2403 10
4650 5523 5
451 3005 8
3555 4265 6
736 1186 3
1239 1850 10
3266 6509 10
2602 3874 4
3970 6070 8
1673 2455 10
453 6222 6
972 5960 8
794 4728 9
3642 6801 2
107 5556 4
48 1660 4
2999 3017 4
1195 4257 1
3433 6092 10
2437 2586 9
5131 5476 6
664 1219 4
2433 4825 9
4025 4652 1
501 837 1
3108 4892 4
4459 5784 1
5959 6375 9
5964 6989 10
1160 4205 1
808 2532 2
2595 6545 9
1479 4765 2
3714 4755 2
6440 6882 2
4426 6364 2
448 3279 4
3679 6993 6
3517 6248 6
965 4880 9
561 2563 9
2239 6404 6
2075 5713 9
2619 5400 8
6695 6766 8
5261 6900 6
2584 6015 7
1259 6605 1
1803 5798 2
3032 6713 9
559 4826 8
3829 6615 9
3399 3572 1
1406 3651 7
3613 5948 7
3119 6782 10
4701 6731 5
3381 3609 1
4450 4944 6
1173 2538 3
2056 5668 7
4234 5925 9
2488 5579 9
143 3945 10
3685 6876 1
1210 1824 9
1170 6276 9
1427 4660 3
54 1717 5
3713 4850 4
870 5833 6
181 3483 10
4909 5349 5
4413 6886 8
1560 4470 7
1732 3390 1
3550 6867 5
3461 5972 7
2047 4131 9
3417 6365 7
2460 2773 3
365 2052 4
131 4862 5
176 1183 1
66 1246 9
1128 3845 4
2233 5350 5
800 4317 7
2640 2683 9
2507 4824 6
2166 3964 5
3958 5803 3
458 6675 4
1862 3708 1
6311 6719 6
2479 2638 7
279 568 4
3479 6946 5
2215 3471 3
5570 5691 9
636 6252 2
347 6648 3
441 6613 1
1911 5321 7
6482 6714 6
2964 3046 7
4072 6945 8
2869 4333 4
88 739 6
368 3419 1
147 3124 8
571 1067 4
31 5321 7
191 573 7
4320 5079 4
491 3003 4
4128 5256 6
2558 6192 5
905 4939 9
2249 2977 7
5851 6014 7
5314 6831 7
971 6192 1
706 3729 1
1556 5056 2
2275 4460 4
3208 5395 3
3986 5491 8
1783 4118 5
2151 5822 2
456 4188 10
1888 4376 7
4014 4328 9
6073 6359 9
1635 6265 9
1094 1128 2
2897 3953 3
400 1993 7
1161 5387 2
2643 2792 6
2558 6469 2
2287 5487 4
3773 5419 4
69 6917 1
17 263 4
3555 3824 9
1643 4038 2
3104 6456 3
2661 4693 2
1724 2007 7
1741 4923 7
642 3101 1
131 6807 2
2260 5353 4
4767 5846 2
3190 4407 2
2444 4101 10
84 4464 6
5236 6031 8
5000 6023 4
1626 6008 7
963 1569 3
3356 4899 9
492 2772 3
2595 4452 3
3284 6350 7
3102 4163 1
1553 4971 1
1763 4234 1
1770 5357 8
132 4628 2
3902 6629 1
1269 2875 9
2977 3889 1
1489 6027 7
93 3890 6
476 1115 3
3296 4318 9
4814 5050 5
4728 6383 8
3157 5953 2
314 2317 4
1948 3447 10
897 6423 8
2586 3486 2
11 4366 3
149 3019 2
2203 5213 9
5107 6856 5
3430 6469 1
450 6852 8
4344 5412 10
4801 4950 2
2699 6483 8
5035 6219 7
5285 5446 3
61 1500 10
1893 3998 4
2268 3473 9
6462 6865 6
364 1390 9
857 6260 3
734 3392 1
932 4024 6
3719 5237 3
5793 5807 6
574 3189 6
4963 5044 7
5117 6698 3
1126 3454 10
3360 6644 7
512 867 9
1855 6172 5
2647 4665 10
2678 4887 3
290 472 4
1263 5555 1
1270 6333 7
423 1661 9
411 5401 6
1834 5554 6
370 2066 6
2529 4331 8
1423 3395 3
2884 3721 7
1165 1670 7
2198 4284 5
4735 6084 2
3046 6960 7
395 2621 5
1434 2214 2
267 3238 1
865 3634 3
1155 1406 8
2957 4958 5
4719 5063 6
1223 5734 4
472 5568 1
417 4995 1
1449 2287 10
2743 2919 4
267 4882 7
2259 3393 2
2707 6960 5
974 3388 1
828 6642 4
2414 6782 2
1568 6209 4
526 6082 1
2246 3280 9
1756 1892 10
2421 3353 6
3433 6856 7
2134 3504 2
1654 4166 6
1410 4857 3
396 1870 3
393 931 9
1436 6679 10
1296 4526 9
2815 3333 8
174 3877 10
3177 3841 4
1884 1958 1
3056 5201 2
1017 5637 3
252 1023 7
3160 4527 1
3004 4592 8
1869 4140 4
989 1130 5
766 4535 6
593 1971 3
4285 6437 3
218 1856 6
4696 6263 1
1008 2620 4
4758 5803 6
2754 6434 4
541 3913 10
3223 4603 2
2254 3810 1
5024 6765 1
1457 3218 4
2290 3572 7
6777 6897 1
2675 3100 1
2266 2269 6
4959 5568 9
760 2856 8
4436 4925 4
1844 2339 8
376 796 2
1364 2967 10
2475 2600 8
5225 6735 3
3505 6570 8
636 5477 2
359 6251 7
1078 5188 2
4363 6910 10
1118 4204 2
2659 4148 7
4681 5755 3
2851 3056 10
4941 5284 5
3307 5721 9
3790 3898 4
5039 6480 1
868 3399 9
4271 6963 3
806 2149 9
85 6562 3
3178 6560 5
5466 6537 2
823 5504 6
1301 3643 3
739 5267 1
3169 4877 3
2622 5039 5
2142 5990 2
5073 6759 8
34 4034 10
241 1475 9
213 4609 8
1629 3556 3
42 6712 8
589 5576 9
1884 5300 5
1079 2109 9
125 2614 5
5352 6901 4
412 1927 9
4903 6191 8
2241 2487 1
2514 4507 7
1582 3676 2
2189 5624 2
4467 6377 7
2151 5670 8
4133 4319 2
2437 3659 3
4160 5975 9
2987 5201 8
4257 6335 2
1756 6998 10
1720 2098 3
1275 2881 5
1899 5501 2
2048 3581 5
792 4263 8
2852 6281 5
623 3849 7
2644 6278 10
1642 2938 7
1745 5636 9
1501 3917 10
1136 6100 5
1049 1208 6
2407 3498 6
496 970 6
523 5594 3
3087 4885 1
1549 6653 8
4030 5444 9
676 2023 10
5020 5485 6
3303 3544 9
2873 3010 1
2398 5408 9
600 1665 5
1245 1935 3
4048 5296 2
6004 6834 7
4766 6920 2
2127 3938 5
431 3655 9
1768 5518 2
5463 5864 7
5747 6013 8
4678 5607 6
1022 1143 8
522 3814 4
5588 6929 8
4221 4290 1
1596 4462 9
569 3269 2
397 2336 6
2353 3947 8
1514 3795 9
3682 5328 5
2785 3629 8
4238 5478 9
1575 4252 1
1485 4134 5
931 1118 10
585 1575 2
1986 3675 8
924 2315 6
1844 2371 7
3206 4962 3
2815 3652 9
4588 6777 3
539 5217 8
964 6588 7
345 1536 10
445 3292 5
3679 5028 5
804 2158 1
3261 3949 8
1819 2701 3
1317 6279 10
1873 5830 5
329 1270 1
3290 4431 3
2865 4636 9
25 3280 7
2599 6892 9
2943 5191 2
5308 6110 4
1727 4347 5
308 2551 7
3588 3615 4
2922 4344 3
4669 5731 2
1028 2242 10
3507 6215 5
2585 5715 3
3036 5495 6
2806 6469 4
83 2301 4
446 2405 1
364 1312 1
2952 5932 6
2251 2721 10
3967 5234 4
1735 4602 8
2282 5187 2
2561 6537 7
2435 5994 10
1837 5242 6
1144 3848 3
67 3551 7
1970 4344 6
1905 4422 1
2145 2548 4
1907 2993 6
4831 5100 8
1676 3927 2
1059 6743 1
3974 4995 3
3671 6655 8
1455 5594 9
3766 5195 6
6530 6822 5
381 3970 5
3367 5046 6
1340 4831 6
2428 5998 7
675 1407 7
2127 3741 3
703 2814 8
288 369 3
4096 5766 2
2799 3368 3
203 5483 1
2329 5503 1
323 6916 5
2217 4890 3
5191 6235 10
3127 6274 2
3864 6953 6
1115 2782 1
1479 6659 7
2483 5360 5
1384 2460 10
725 1191 2
3782 5026 3
2238 6331 4
1088 3862 9
264 370 2
2919 3537 6
1884 2565 3
1502 2939 1
2079 6642 7
1520 6839 4
1879 6190 4
107 5331 10
5201 6876 3
4895 6213 2
248 6224 6
2775 4045 8
4136 6808 8
3110 4327 3
1705 3564 8
1275 6530 10
657 4151 7
1078 6863 1
2053 3354 4
421 3927 1
5461 6449 8
2495 3991 1
1744 3790 4
2251 6428 9
3037 6167 2
188 4337 6
910 3013 1
1878 2763 2
4595 6970 5
1686 2065 1
4103 6505 10
295 543 9
347 3551 3
787 2273 1
3893 5503 7
3626 5881 3
2680 5706 5
4340 6674 9
640 4575 6
3146 4604 5
1025 6095 7
4004 5330 7
769 5790 9
2311 3153 4
1155 2791 8
332 6428 2
1052 6023 7
1333 5509 5
3708 5093 9
4296 5034 10
285 2133 9
1897 2103 1
2927 5898 9
1151 6611 5
1511 3754 10
1413 4776 4
435 5624 3
660 1822 5
3282 4707 10
5739 6112 3
699 5544 6
5192 5442 5
578 5343 1
1513 3051 5
1336 4727 9
4877 6026 1
2147 4208 7
3561 6468 2
1403 4809 3
973 3752 5
4586 4717 10
2780 6956 2
1015 5984 6
5270 6373 10
1477 5321 2
1755 6206 8
857 3696 7
2137 2687 7
874 1313 3
4400 6653 4
1625 6751 9
5567 6343 6
618 2543 8
268 6768 3
3752 6053 6
2131 6684 7
4600 5553 6
4233 6445 3
2975 3182 8
90 1783 7
4224 5749 1
833 6381 10
745 2669 9
1085 4701 1
1587 1705 7
1556 2067 1
4681 6852 10
1933 2643 4
600 687 6
1457 6813 4
5539 6092 10
1248 3188 1
3368 5428 4
1811 3167 7
4085 5491 4
2936 6874 9
2077 3711 1
2101 4912 1
143 2709 4
436 1439 2
195 402 2
2065 5515 9
337 1374 7
2692 2724 4
1564 4465 3
3143 4768 1
1289 4545 5
4638 6335 5
1091 1781 5
858 2445 2
2108 5117 7
284 2032 10
3222 4080 9
1439 2494 9
2229 2721 7
4161 6981 4
3078 4146 6
1759 1816 1
743 3602 4
1702 3185 2
1403 3698 6
2646 5378 3
1913 4801 4
1145 2395 8
1040 3376 9
2749 5930 4
3211 5073 7
22 1429 8
4474 4841 1
278 1342 5
576 2389 5
2182 6894 2
1295 4793 9
2806 3292 6
4185 5755 3
163 6262 1
578 3945 7
3667 6550 10
335 2202 8
6460 6623 10
542 1038 10
4124 6862 8
2280 5352 5
4124 4836 5
67 354 1
2771 4734 6
254 3269 5
1152 6863 1
1969 4510 6
1806 6863 7
4745 5826 5
6119 6902 6
530 5438 10
1037 6570 8
157 1411 8
2951 5318 8
2756 3541 5
3792 4149 4
1105 2481 9
887 1208 2
2120 4992 6
5165 5609 4
4668 6910 8
2818 5607 6
478 848 2
633 635 3
1287 4553 4
893 2066 1
1842 2259 6
2284 4719 6
502 2530 6
3707 6895 1
1827 2100 10
335 5536 2
2579 5432 9
1240 1936 1
2661 5465 5
691 3259 9
304 3301 4
3616 3780 6
2441 5718 7
4827 6157 2
656 5036 9
55 3483 1
1342 4593 9
268 4067 4
3229 3704 4
1997 5464 2
1759 6769 9
637 1918 8
372 5448 2
1250 1931 8
1812 6363 7
2775 5453 5
1665 3819 1
260 6574 5
4621 6840 2
1288 4228 3
1383 5372 7
1338 6315 5
1920 2093 7
4915 6697 10
4322 4526 7
2751 6538 6
3792 6183 8
1261 4904 9
708 4156 1
3528 6178 10
5831 6935 5
3905 4946 4
3658 4385 7
2760 4155 2
3622 4304 3
4740 6066 7
1612 2825 8
21 5043 10
17 4657 7
928 5443 3
789 2363 1
5878 6891 9
1565 4594 2
930 6684 9
2993 5855 9
3250 5321 7
1613 4655 6
29 1820 10
421 5036 1
2501 2907 5
2836 5794 7
1926 2459 8
1700 2147 4
4666 5633 2
4290 5607 5
300 1585 1
2685 6841 2
1599 6194 4
75 5974 1
996 1576 2
1948 2899 1
2148 2792 7
722 1048 5
3515 4877 3
1926 6110 9
4618 5223 9
4389 6536 7
628 4409 10
909 6154 5
2360 5403 10
1522 2635 8
3081 3316 4
3413 4085 9
1842 2509 4
3141 3750 8
1706 2358 6
154 3994 1
5797 6627 6
2385 3634 8
3049 5523 10
1188 3450 9
2023 5302 1
1354 6889 4
229 3565 10
3053 6418 2
568 1712 7
1652 5625 5
94 4240 2
2260 3866 7
167 3776 6
1900 4363 3
1218 5552 8
290 4000 3
1650 5004 3
3194 6552 9
1027 5434 10
1965 5380 5
5636 6729 6
1321 4659 9
3356 6481 7
133 1059 1
2256 4126 5
424 675 1
4413 4548 6
1783 4094 3
1780 5157 10
649 2541 6
2316 2522 6
2470 6173 2
1484 5895 3
1831 5194 1
954 2963 4
2118 5697 2
1182 4177 7
394 5750 1
3271 6405 5
4311 5965 6
1449 4742 7
1713 4641 7
1495 2939 2
5112 5151 6
672 4472 5
3506 5367 1
703 5150 1
6591 6705 9
350 368 9
1721 5192 7
88 3311 8
1523 2719 2
2435 3575 4
1381 4335 3
1130 4155 7
5805 6481 4
3540 5839 3
323 546 10
519 537 6
1047 6616 9
4339 5450 6
2121 4067 10
3039 6978 6
3414 5141 5
5020 6967 7
3256 6638 7
1275 4026 10
2199 2884 9
551 1746 1
1087 2120 6
2398 4561 7
5339 6293 9
907 5691 4
903 6997 10
475 5469 9
5881 6094 2
3082 4074 3
5267 5766 1
235 5121 2
1409 3886 9
278 4748 1
601 2679 1
4027 6438 7
709 6010 4
1428 5930 8
3029 3224 10
168 2901 9
2282 4873 10
4094 5804 4
2913 5648 6
2403 3342 8
359 5826 4
4368 6030 9
2237 6659 2
1318 3505 8
6535 6991 4
2542 4018 10
3618 4647 4
3094 5190 2
4166 6398 5
1114 6105 6
615 2256 6
519 802 7
247 2610 7
3720 6271 7
443 5269 2
2573 4731 7
2351 5832 4
1389 5879 1
2692 3377 2
2530 2661 8
2166 3274 8
2300 6776 4
1178 5778 6
901 4387 2
528 3655 10
1933 2052 10
5556 5795 10
554 6163 1
1489 3140 7
791 6586 5
1052 5628 5
4113 4196 1
64 6963 7
2790 4987 3
3118 3771 4
1383 2780 3
4143 6307 10
2145 5489 2
3955 6464 5
3486 6618 2
221 804 4
3886 5845 6
146 6532 5
3140 3377 6
3221 3612 3
999 2995 8
619 5075 8
6195 6600 5
1105 2190 1
1614 4609 5
2422 3688 4
1125 5521 4
1469 4831 9
2361 3154 1
2068 3020 2
6697 6949 10
421 4879 5
88 3371 4
3388 5181 10
1662 3849 4
379 2650 9
2939 6848 2
1939 4127 8
1492 5071 4
3529 5124 9
1980 5260 10
5790 6520 5
1512 5962 8
2770 4333 9
4656 5690 2
2276 3929 6
1391 2915 10
51 438 5
1733 3399 9
530 4214 7
3261 4179 6
612 865 5
960 4494 7
5230 6625 6
4077 5531 5
367 6304 8
2584 4014 3
337 4211 8
676 5014 2
4162 6303 3
3272 4319 10
2758 5932 7
2293 4396 9
1371 5776 2
1313 6868 6
4582 6991 3
6356 6677 5
1245 1542 1
1958 3358 3
4072 4287 1
1744 3330 3
1717 3834 2
2990 5332 10
454 2490 7
1167 3248 7
2531 5061 6
291 3460 8
2363 4137 5
5558 6631 4
1151 5943 6
3028 4055 3
1454 4828 2
734 1702 1
368 440 3
5448 5995 4
4508 4960 9
3470 4145 7
1768 2854 10
3668 3756 6
667 6515 4
3009 5890 8
1231 2944 5
4515 6495 3
3489 4627 5
445 5807 8
3620 5908 2
3480 6526 4
1313 2512 10
1517 5493 8
3285 6306 1
3573 6187 9
1688 4311 5
805 3912 7
1930 4462 9
66 5022 8
3125 6642 1
118 4666 2
6648 6713 7
1442 5296 2
2420 6408 8
3831 5516 2
264 1038 8
3125 4117 3
4450 6555 4
2470 4681 5
1794 2623 2
600 1497 2
2623 5052 2
4237 6524 5
814 3832 10
3138 3891 8
1287 4559 7
478 3049 7
218 6406 1
540 3533 2
1005 6439 2
3057 4484 6
1322 6638 10
2683 4405 2
413 1482 4
499 1353 9
3023 3058 6
5527 6302 10
3691 4607 10
1364 6678 9
4411 6087 5
1638 2955 1
1456 2780 4
1550 1974 8
729 6852 1
678 1508 8
4384 6353 3
5010 5288 10
5682 6472 7
1210 3974 6
1596 6204 4
1725 4727 6
472 752 1
2330 3215 9
430 1527 6
4436 6232 2
4005 5952 8
1474 1563 5
4454 4788 5
449 5455 8
814 1677 8
1499 4739 2
769 6467 6
4832 6772 9
2666 4715 7
246 5553 4
1763 4386 3
2147 6428 5
1316 4301 8
2544 3989 10
6292 6843 7
4743 5002 10
276 5935 7
1180 5313 3
4091 4673 4
2904 2981 7
3871 5036 1
1834 2901 3
480 2638 10
861 4601 2
4452 6798 4
3660 3730 8
100 3954 9
937 1871 4
3363 6897 8
4290 5152 3
2428 6398 6
2344 2763 9
2223 5502 5
6053 6709 6
1600 5740 3
5395 5411 1
3282 3589 2
918 2874 5
4772 5238 1
3376 4097 8
5065 5611 7
1414 5936 6
3666 4394 8
5514 6360 1
2434 2772 5
2477 4463 10
4807 6920 6
2098 3801 4
127 5166 4
2579 6553 2
718 1460 3
1540 3863 3
3921 4257 5
2728 6826 8
344 386 9
835 6806 9
5370 6700 4
18 2473 3
3056 4731 3
5383 6455 9
2772 6274 8
1131 4074 7
1045 2388 8
78 2374 6
425 3644 5
4362 6751 4
1350 3396 6
802 4349 1
1424 1461 7
1104 4447 7
771 6388 9
1685 2033 10
464 6759 1
2908 4266 10
2546 3890 6
2779 6507 2
3253 3860 4
3716 4866 6
5049 6809 10
4269 6218 5
327 895 4
3561 4055 10
1947 3387 1
323 522 8
641 2778 7
4880 5922 5
854 3510 7
720 2290 10
2322 3028 8
1611 5109 3
1375 4682 1
287 1244 5
909 4914 7
3280 5728 6
398 2566 9
6167 6592 2
5741 6855 6
849 5843 4
726 911 1
4665 5037 5
1544 6686 10
4086 6007 6
618 1561 1
3141 5515 7
3885 6234 1
457 4002 2
1876 2705 7
3554 5704 9
4477 4541 6
2367 6145 3
2210 2902 1
1268 4833 4
384 1279 8
3536 4574 10
3510 5678 4
297 6970 3
5436 6474 4
1251 3220 4
1441 6404 10
4802 4855 8
1180 6293 3
1040 3724 7
3247 4313 9
874 5919 8
4980 6265 7
1368 4726 6
1723 4446 3
299 5162 8
225 2033 3
1767 3395 6
2610 4843 7
2102 2794 7
1625 5070 10
1417 4029 2
327 502 9
3537 6840 7
101 6470 8
3170 3759 1
3192 6086 6
4437 5712 4
327 3994 1
3657 4196 9
1328 3385 6
3416 3831 6
3729 6271 2
2510 6266 10
913 6360 10
2555 2940 2
1065 3282 2
5096 5611 8
113 1364 6
3469 4115 5
2366 2714 4
1984 4391 5
619 1638 5
1159 6745 4
1420 2269 3
33 5820 3
987 4455 10
1090 6275 8
1911 1962 3
959 5757 6
4679 6595 10
1586 3733 2
3994 5658 6
1218 6028 10
817 3926 10
424 1064 3
3347 4463 8
3942 5888 2
2311 5659 7
709 6221 9
3236 6906 1
2160 4250 8
1199 1718 5
2965 3605 6
435 1366 7
1348 3185 8
903 1779 9
1598 4735 2
1632 5979 8
2671 4884 1
2493 4959 7
6100 6760 9
4086 4142 2
3851 4678 9
4746 6232 3
3966 6088 3
3241 5242 8
2861 2952 2
3656 5781 4
3084 4108 3
1286 6778 2
3701 4299 10
2550 4734 9
1884 4047 9
825 5201 9
499 1313 7
3842 5046 5
3661 6704 2
586 1436 10
462 2172 5
960 6845 8
4322 5925 9
818 967 1
2659 5398 3
2411 3904 6
3337 3990 6
245 1876 1
3733 4330 7
996 4853 2
2926 6971 6
1558 3277 3
2970 3478 9
222 4756 1
4669 6105 7
3227 5464 7
4586 5145 4
2255 3333 9
3309 4736 5
1707 2968 3
306 6652 9
5130 5786 7
2520 6516 3
4096 4383 4
1590 5907 4
2948 5215 4
3702 6365 2
1470 4155 3
2881 4948 4
2825 3206 3
2137 2232 7
1219 4354 5
123 2291 4
15 1954 1
601 3219 3
1454 4516 9
3297 5360 4
3759 6310 3
1372 3852 4
1597 6605 1
967 2371 3
4310 4766 9
2066 4447 2
2676 4361 6
393 4026 7
699 2220 6
3051 5636 4
888 2309 8
626 2386 7
4755 5067 3
1772 3585 3
3106 5623 5
2466 4568 4
3316 4425 1
340 1799 9
3507 4979 10
1652 3257 9
509 5721 5
1978 6764 3
99 4648 2
1184 6189 5
4758 5519 5
643 5057 8
4194 5357 7
1898 6495 4
5551 6127 1
1123 6057 6
480 1758 9
552 2258 10
3293 6044 8
47 1982 7
2588 5184 1
2301 3430 8
4240 4586 1
2037 3235 2
778 1362 6
25 4461 10
2626 6118 9
1806 2095 10
82 3855 9
3916 6549 9
3179 6801 10
750 5666 6
1234 4016 9
2886 3819 10
2785 4510 8
5985 6888 6
1910 4910 6
3593 6028 6
2380 4469 4
529 4192 9
1987 5953 5
4120 4456 9
131 6069 1
4876 5527 4
5117 5410 5
1821 2764 10
3533 4896 3
394 3378 3
1661 4195 10
3160 6591 3
1696 6302 7
2176 6033 4
3509 4060 9
2307 2691 7
19 1013 7
4015 6400 1
44 6172 10
108 745 10
2547 4606 9
1336 4307 6
3412 5735 2
4585 6899 8
3970 5174 9
2975 3996 6
1676 6004 3
1367 3583 4
2488 3966 3
3834 4452 8
2421 4193 3
3716 5545 8
2077 3285 6
3859 4011 7
1415 2160 8
1687 2841 5
30 2960 5
356 1657 6
1770 1903 7
1632 3763 5
1828 3369 8
2349 5827 4
2725 5337 8
2969 3687 7
3646 5517 4
2802 6160 9
925 6999 3
6110 6609 4
5137 6616 8
2193 3485 6
1389 2439 8
1839 2964 10
1985 3767 8
5349 6805 3
508 4173 10
4916 5021 8
2330 4360 1
373 4894 3
3421 6982 7
1958 4969 5
1062 6241 5
1054 4467 1
5703 6264 9
1432 6340 6
740 3483 3
977 5194 8
658 2432 1
1829 6772 10
788 1165 8
503 3488 8
3820 5826 10
2587 5716 1
4063 6016 5
1234 4644 5
2323 2647 10
1052 6201 9
4203 4256 10
2373 4468 1
3362 4909 2
120 1454 2
2063 5807 7
275 1562 6
262 1563 2
2686 5532 5
3276 4569 5
3374 5470 9
4694 6436 8
1616 5536 10
1342 5030 10
3653 5864 9
1310 6006 3
509 775 4
2952 4026 3
997 6083 5
76 1403 6
1840 4528 1
447 4297 5
898 1692 6
814 1072 4
590 3235 2
1185 1650 7
3488 4603 6
467 6740 8
1383 4256 8
1127 6360 5
1191 3098 4
3874 5993 2
1008 2407 7
5088 6141 7
854 5680 9
2412 3733 1
4172 4752 8
1848 4207 5
521 3369 6
2185 5207 10
2515 6607 8
3231 6689 10
3417 6620 6
2243 5178 6
2465 3066 5
756 2443 5
2552 3075 8
3686 5499 9
1443 4603 9
3585 3677 9
3577 6116 2
180 2906 10
2122 5825 5
844 5041 1
766 5932 3
169 4761 7
1337 4114 2
924 2711 9
733 2090 10
1547 1902 9
469 4939 5
5446 6506 4
387 5260 4
1465 5999 6
2483 4370 10
827 1173 7
5528 5584 9
616 5800 7
3928 6272 7
2100 6761 3
5120 6247 3
2992 3751 6
3251 5894 9
3190 3531 4
4856 6041 4
1149 1903 2
5475 5908 9
754 3375 3
3174 6463 10
2966 3149 4
1594 4626 5
1509 6688 4
607 4312 5
265 3099 1
2789 5063 6
345 4214 6
3214 4767 4
1522 6470 7
111 6454 1
1683 5622 7
2967 5494 2
4124 6147 6
3973 6022 1
2751 3577 1
1176 3008 3
1902 2821 6
323 2636 6
2006 5784 3
3529 6021 7
45 4715 3
1682 1833 5
1996 3329 6
878 5982 9
3633 4407 3
2193 2408 9
533 4106 4
460 5114 10
372 5250 3
844 1322 5
728 1276 8
5857 6880 4
358 4420 7
3388 5195 1
576 2125 7
649 3358 3
2070 2778 1
1714 2714 7
1822 5877 7
5200 6863 10
304 4943 6
2845 5786 1
4869 5111 3
2927 4110 5
1830 3378 5
450 1711 8
277 771 8
1294 3598 1
374 956 6
5388 5882 1
2126 4367 5
1131 2080 10
765 5953 3
3372 5984 10
944 4729 10
2453 6427 4
1366 6034 3
1234 5943 3
1626 1929 3
2408 3876 1
156 1606 1
4096 6383 4
4454 4769 4
4919 5266 5
3337 4076 7
3223 6903 9
2238 3250 8
1665 4371 8
2947 5537 8
601 6938 3
409 2946 5
2315 6638 4
3771 5595 5
424 5138 3
1952 3797 10
4990 5120 8
564 2192 3
320 5489 7
5966 6138 1
3327 6197 10
656 5887 4
3337 5128 1
583 6447 10
1541 3279 2
3039 5292 8
4431 5692 9
762 1089 10
3660 3879 5
269 3549 1
1801 2369 1
1205 2328 8
5395 6769 4
53 4156 3
1853 5445 6
715 2349 8
4737 5796 7
1736 3095 5
1789 4892 10
2550 5365 10
2464 4079 10
3955 6827 7
518 4369 2
2890 5174 3
491 6534 6
6308 6355 7
4741 6367 10
207 446 2
4119 5649 9
2577 4314 6
666 1626 9
5404 5732 1
1226 3901 7
4507 4748 6
741 4324 9
1558 2947 9
4016 5549 7
4133 6914 2
1718 1875 7
237 4514 8
1571 4066 2
2275 3882 4
2639 5452 6
482 6875 10
64 885 7
4386 5416 3
1263 3481 4
4690 5608 4
269 2286 4
539 4169 9
2374 2923 9
3426 5104 5
3028 4635 10
1309 2514 10
2851 5936 7
3593 4719 6
4264 4618 6
938 4006 4
180 756 2
1552 6666 9
606 3486 4
500 6816 5
142 4123 4
3690 3814 7
2214 5760 5
1600 3797 6
1805 7000 9
387 820 4
1986 2935 2
899 6214 1
1416 1501 4
235 6452 2
427 2916 5
921 1088 2
1811 4945 5
985 5242 6
2797 4803 8
4048 4368 4
2372 2476 5
1773 4567 7
3130 3660 4
3423 4335 5
3036 6290 4
122 6544 1
58 5394 2
2497 3294 1
1598 6166 3
3158 4151 2
2705 4176 6
2324 4869 10
2537 3314 3
3378 6010 8
2972 5949 9
1281 4559 8
1195 3869 5
924 5060 5
2664 2968 2
54 410 7
11 482 7
592 6317 1
3839 5988 9
3602 4281 9
3157 5770 9
259 2737 5
203 1541 7
1342 4031 1
2327 6103 8
1501 6866 2
172 3200 8
3940 5084 6
2622 3629 5
2932 3930 8
4008 4060 4
570 2995 4
679 6886 2
5331 5441 5
3134 3897 10
3438 5696 10
377 578 2
1536 4677 4
2218 4158 8
1070 1823 5
18 6790 7
1415 4878 10
1710 2682 9
5034 6574 3
4275 6895 3
2426 4950 3
90 1107 8
3510 4082 5
2130 2488 8
28 1010 3
38 3316 10
170 3266 2
629 4435 7
3220 4439 10
150 3612 6
340 6711 8
1137 5384 5
99 5550 7
675 2070 3
2244 2462 3
302 4202 4
1913 5110 2
1597 3200 10
128 3675 10
3899 6503 7
3243 5162 1
227 4769 1
5527 7000 7
39 6144 7
2456 3471 7
1396 2997 10
463 5371 2
1410 2374 2
3071 4195 9
1341 5588 5
1196 4291 8
1920 4628 7
102 2266 7
1288 5749 1
322 6415 1
1067 2369 2
4938 6006 3
3700 5354 5
620 6211 3
178 3672 3
4332 5323 7
1523 6568 8
2270 4634 3
2599 6781 8
343 6968 2
3703 4543 8
1853 6261 10
1775 6742 5
1043 1890 6
2388 6634 6
5145 5868 7
1322 3854 7
1516 4301 10
2237 4347 2
3214 4965 7
1535 4810 9
461 6428 5
1254 4552 1
1143 3447 2
1092 6945 3
483 4505 10
2073 2358 5
105 5907 1
3738 4182 2
5592 6485 3
1776 3387 3
1566 2682 2
574 832 7
670 1973 5
858 6088 6
1357 6675 3
1512 6574 1
3866 6085 3
1700 6653 1
2699 3399 9
3312 3921 6
142 3772 5
857 6015 5
2499 4293 2
4691 5059 3
1824 3595 1
5037 6281 7
1353 4555 3
6048 6564 10
575 815 8
4152 6106 8
4622 6727 6
1626 2570 1
269 4680 2
5882 6291 6
731 2622 1
1934 4681 9
3078 6989 2
746 6599 6
495 6862 8
2542 4572 10
3218 4454 1
1327 4801 7
1512 2362 4
1645 2820 5
3763 6955 9
1604 3828 2
643 1539 10
1526 6398 3
1023 4084 1
1303 5208 6
1584 6277 3
3782 4348 3
1534 6996 4
5 2136 2
2023 5151 2
6277 6680 5
940 4843 9
3968 6868 1
2666 6131 5
2491 4621 1
4520 6500 1
1613 2529 10
2217 4021 5
2496 4504 8
2950 3566 5
1715 2508 4
2598 5783 7
1544 4507 1
1209 6079 1
1183 4144 1
732 3355 2
934 6555 2
729 6609 1
78 2541 9
2068 6757 7
2951 4556 7
4292 5093 10
3013 4304 4
1165 4063 1
435 4768 1
872 5593 5
837 4604 9
2733 5305 10
2337 6533 4
647 5007 8
4622 5242 5
419 4620 10
3525 5852 9
4036 6574 6
1453 4420 7
1022 2230 4
537 3226 10
272 1362 1
1596 4134 8
2628 5440 8
2946 3764 10
733 1065 8
2781 3584 7
403 1870 9
4212 5734 5
2886 4043 10
5793 6849 1
539 6344 2
1121 3276 7
6060 6999 9
328 445 10
6574 6685 2
536 3883 9
3922 6205 5
212 344 6
6151 6447 5
2344 5716 6
3258 3376 1
2198 6886 8
286 4610 2
4447 5566 6
150 3202 1
241 3053 9
1741 3837 9
552 2691 1
3380 4673 6
6138 6497 8
3755 4267 5
2097 3388 5
2488 3849 10
4728 5934 2
783 928 4
1847 4494 5
3088 4018 3
2444 4703 7
2414 3238 8
636 3722 9
738 2636 4
452 2780 10
797 2882 7
241 4015 6
932 2991 9
3735 4671 7
1812 2708 7
395 1689 3
3298 3299 9
451 2024 5
2091 3516 5
3890 5732 6
1482 4381 1
89 4514 8
4055 6827 4
710 1473 2
192 3438 5
63 1235 9
600 4638 9
680 4401 2
50 2780 1
672 3804 2
5315 6498 5
2487 6937 4
2226 4504 6
280 4211 3
340 6884 9
1992 3678 8
1515 2270 8
2330 5938 9
2614 4250 1
657 1979 2
717 4629 9
1505 2147 3
3443 5228 6
3962 5973 10
2184 5865 7
2570 3529 6
329 4809 6
3214 3462 10
1196 2447 8
1059 5254 8
1463 4663 4
2023 2522 1
1558 2871 7
5768 6923 10
2548 5847 4
2351 2575 7
1486 4204 2
495 4850 3
4671 4910 3
3776 6637 7
5727 6040 3
1559 5797 7
916 4826 8
313 4704 5
4103 4180 4
589 6019 4
651 5037 3
1180 6748 3
3651 5169 2
401 631 2
1726 6405 7
4357 5769 8
5813 6853 3
1408 5723 3
2179 5446 10
3757 5848 4
822 6609 7
2874 4086 10
1380 6516 4
815 6316 4
1679 5380 7
274 1646 3
251 5118 5
2065 5412 2
402 4781 2
1084 3713 8
3877 4447 4
567 2120 6
2966 6404 10
1710 3183 4
4277 4448 6
2579 4476 2
660 2361 3
2843 6303 2
2493 4998 3
297 3632 8
3822 5983 4
1590 3727 4
130 3700 1
577 3907 10
767 5994 5
5372 5819 3
520 4950 7
2916 3087 5
234 1420 6
2270 5705 1
1694 1942 6
680 1510 6
1599 6029 2
3852 5080 8
1445 4317 6
2164 3213 2
681 987 6
2961 3631 3
3667 5681 8
3840 5291 4
998 1077 9
486 1957 4
794 2483 1
457 3610 2
4226 5853 9
2828 3873 1
3451 5453 6
5349 6696 9
106 2913 9
6599 6799 10
1586 6963 8
1930 3424 5
1108 4259 10
783 3820 6
1255 5074 2
2309 6315 9
2322 3104 1
493 6842 10
4723 6591 10
4936 5196 10
941 2099 6
691 4012 5
2389 6828 6
909 5705 8
390 6841 2
19 1778 9
1556 4332 6
1201 6206 8
42 2819 9
2740 5420 3
2653 5063 6
2252 6191 5
577 5354 6
1718 3572 6
1051 5691 10
870 2094 3
584 2977 7
2106 3104 2
229 5143 1
822 1132 6
1206 2618 10
96 1105 6
905 2825 6
4790 5523 3
1057 2930 6
4411 5110 10
4339 4782 10
2219 2715 3
1096 2940 1
38 3931 6
3381 6591 2
4713 6727 5
4545 5805 3
1701 2208 7
435 1325 7
2119 4276 4
159 3081 1
1532 1560 1
3136 3241 8
1352 5084 8
2098 5804 6
3618 4590 5
1711 5139 4
2620 5487 7
57 1477 6
3790 3895 1
3094 3833 10
515 1285 3
2052 4844 3
3858 4144 2
1690 5575 1
3448 5196 10
12 55 7
739 1655 5
1610 2354 1
2356 4396 9
1631 3240 10
146 5662 2
6269 6523 5
4252 5506 1
2093 6757 3
4672 5303 2
1607 6248 4
1020 6059 4
3452 4766 9
2174 4992 6
2153 6296 7
3659 5546 7
3247 3443 4
108 783 6
1506 6548 9
983 5458 9
1379 5711 9
648 1745 10
327 1519 9
188 2930 1
4682 4929 9
2075 5502 7
1638 5194 2
5416 6110 1
98 2098 8
3492 4011 10
1124 4621 6
1465 3273 9
3634 4083 6
150 972 1
2014 2420 6
446 2465 9
1612 1793 2
3273 5605 1
413 6233 4
1358 6840 5
539 2688 9
2294 3081 6
2864 3314 5
1879 3386 6
647 1355 7
750 2069 3
3461 4191 6
4364 6185 10
3410 4535 7
1611 4332 7
2426 5037 9
407 3285 1
84 4969 6
4279 4771 7
1672 2544 4
5358 5635 5
518 5870 9
3086 3746 6
4087 4945 8
1618 2935 7
258 6955 2
2315 2806 4
3941 4446 9
3704 4615 3
4442 5566 1
4714 6798 10
3672 6371 6
244 3848 3
2185 4587 10
180 2273 2
2779 5389 9
3281 4608 3
1004 6786 7
157 6715 1
2064 5188 8
3334 5105 10
558 2216 3
2480 6717 6
6249 6672 7
2412 5046 3
615 3794 2
1842 3073 1
1432 2133 9
881 6575 8
1226 5537 5
2101 6023 6
2457 2502 4
4253 6457 9
1866 6628 2
1797 2124 9
2128 3001 10
527 6128 7
4280 5219 8
3446 6586 1
4226 5029 8
877 1187 7
1937 5406 1
4029 4967 3
4018 5325 9
7 282 2
2341 5846 4
4894 6807 9
3950 5922 1
1763 4457 5
2194 6914 3
5432 5813 9
2718 5481 8
1 2104 8
3127 6746 7
2320 3915 8
3699 4061 9
2482 4938 2
208 3447 9
4209 4868 1
2130 2907 3
3363 4160 7
4091 4197 4
4711 6759 9
1937 4788 6
2575 3733 2
261 1799 3
2611 3385 3
831 2611 7
5392 6368 4
557 847 10
1923 3774 9
1321 3203 4
283 6829 7
6921 6941 3
140 5546 9
1885 5723 6
1813 5049 2
450 1361 10
1270 5895 5
4878 6273 5
633 1480 4
2018 5461 6
1003 6712 1
368 2097 10
1839 3614 8
5332 5868 9
921 4861 10
2100 4291 10
3031 4957 5
173 1350 5
3738 6643 9
1269 3245 7
3020 3961 4
623 5111 9
2431 4120 7
2255 6233 4
2096 5724 10
3440 5413 6
1113 3937 10
825 2112 9
4738 6425 1
2065 4091 10
3594 5223 1
3744 3955 7
1547 2577 10
315 6794 9
677 2626 1
4663 5934 5
3154 6400 1
2668 4328 4
173 361 3
3443 5905 6
1667 3581 6
2959 5339 7
3199 4686 8
2770 3841 3
3164 6113 8
766 1229 5
4904 6621 4
3533 5693 2
1228 4477 1
559 5095 2
2596 6254 5
1127 5452 7
1283 6324 5
1839 5471 7
584 5466 1
435 5830 9
296 3277 1
6539 6902 10
2407 4116 9
3022 4820 9
159 3924 2
2287 5257 8
4428 5944 2
4840 6325 7
1375 4151 2
555 1638 4
1049 6733 3
1884 3601 9
1043 2202 1
2671 3831 3
920 3951 9
3073 3988 3
896 2399 3
6323 6518 4
369 3359 10
4459 5227 5
1487 4106 10
4167 6437 9
2247 3353 1
74 3084 8
991 2420 6
1550 6547 9
1704 2255 5
4758 6777 7
4672 6103 1
1220 1571 10
1594 3355 4
2136 6496 9
3804 5084 6
3977 5982 1
3417 6812 2
2882 3144 4
880 6918 9
446 3251 6
2695 4188 2
543 2176 5
5469 6104 3
3992 5501 6
3889 5707 3
1022 6612 2
1257 3478 1
1895 4761 7
4225 4926 6
3019 4059 1
6680 6776 2
2165 3710 10
4366 5231 7
3907 4316 5
2351 4056 6
1554 5615 9
4684 6300 6
2371 5361 2
117 2823 2
305 625 4
1662 6660 7
1548 1788 2
1615 3169 2
6026 6798 4
1244 3436 10
1024 2326 10
5807 6501 5
2849 6567 10
2561 3033 4
3552 5967 4
2447 5192 8
1705 5164 8
2492 4194 3
920 3686 5
4034 4064 8
2858 3089 3
2806 5709 5
2129 6178 9
4282 5011 5
3291 6586 2
966 5665 7
879 1190 5
959 2489 7
1545 4294 6
4355 4821 10
916 6634 2
1188 2311 9
2335 3779 1
2307 3437 7
1706 3092 9
3594 4705 10
3053 4107 1
2173 4489 2
641 845 5
3421 4321 3
3607 6151 2
3671 4669 3
2920 4787 3
1053 2350 6
2800 3637 7
3259 6602 6
3601 6348 5
1096 5681 2
2944 3369 2
2980 3618 8
4195 6073 1
2399 3167 5
355 6064 3
1989 3750 8
2284 5830 1
1124 1988 3
2354 6754 6
2190 2743 10
556 2283 3
1665 6881 3
2982 3198 5
1551 4158 6
257 3066 5
200 3574 9
2657 5141 2
2811 5448 7
1826 3033 9
220 5820 1
1678 6857 9
3835 4195 7
191 1208 5
1381 4593 2
2610 6301 9
220 3151 2
4312 6837 5
869 6210 6
473 1628 5
4163 4468 10
231 5243 1
743 3052 5
2846 4587 3
1267 2081 5
1267 6368 10
4658 4900 2
967 5742 3
1656 6227 3
3344 4581 10
3528 3857 9
287 1747 6
2350 5747 4
1447 6445 4
718 5837 1
4116 4734 8
126 2986 8
3942 5494 6
309 3734 1
514 2922 2
784 3586 7
6339 6372 10
2559 4225 5
1841 2248 9
1031 5660 10
832 6401 5
939 5536 6
3504 4286 4
500 724 7
3406 6460 8
404 4741 5
4485 6097 1
3137 5025 6
3131 3857 1
388 3811 5
1056 4138 2
1582 6703 8
2468 5526 2
458 3487 5
2 3186 2
3196 6124 5
2588 3255 10
202 2206 10
1272 3183 10
2852 3879 10
160 3893 9
5421 5566 6
1675 5007 1
999 3047 3
5100 6656 2
5074 5687 10
4285 4705 1
2319 4010 5
396 4888 9
1000 1714 1
1781 2764 3
803 6033 2
5689 6692 6
668 1899 7
1483 6882 3
390 6957 5
4565 5638 5
1640 4508 10
3232 4960 9
138 2730 9
2381 3649 6
2109 2750 7
146 3813 3
2709 6028 7
2556 5540 5
2415 5992 1
837 2916 10
1082 4616 2
38 5963 3
229 6990 3
709 6030 1
419 4169 8
1480 2619 6
3242 5338 4
4890 6415 6
2643 5431 4
87 707 8
1433 5015 7
3327 6890 1
1984 4485 3
1274 5183 1
1583 4426 3
3212 5369 10
2377 2729 1
1800 6082 3
2064 3871 9
2835 3104 2
1366 6199 9
2424 5408 3
386 2932 5
1319 3330 5
4791 6681 4
4151 6701 2
6267 6839 3
4018 4101 6
3111 3992 8
372 2579 4
1216 3473 8
235 4935 8
2538 3270 10
4514 5672 4
717 1599 2
5478 5880 4
2277 4518 9
2927 4061 3
2656 3707 1
4 4150 10
593 1855 9
2643 4675 7
918 4164 5
1906 2775 2
3952 4074 9
3071 6991 6
54 85 3
791 5192 4
4197 6783 9
5180 6157 2
420 769 3
3729 3885 7
530 2548 7
2349 2956 10
3772 4054 1
568 4990 1
3626 4457 4
1709 6492 3
480 5666 5
327 1459 9
1237 3217 4
1694 4722 10
1671 3464 2
434 4812 3
256 3943 2
2662 5215 10
1207 5139 3
117 1918 2
46 2968 1
1688 5105 9
3509 6668 5
2491 5711 7
1812 2730 3
2897 4671 5
1347 2198 3
163 5096 10
2178 4023 1
1940 6623 4
1496 4345 9
4867 5748 8
1214 1649 10
2464 5928 6
2860 4879 8
1792 3181 3
1389 6687 1
1655 3108 2
1302 4290 5
2717 2728 9
1479 5219 10
2632 2880 8
405 5376 5
3808 5756 6
904 3896 6
617 4234 7
2786 4678 6
1346 1535 10
949 3120 3
3849 4509 5
4116 6226 4
2083 6255 5
1817 3673 2
642 1785 6
922 1631 3
1822 2244 1
1958 4754 2
2042 6370 3
831 3164 6
2207 3257 4
50 2355 6
4982 5876 9
2156 4619 4
2036 3442 8
2057 5641 9
331 573 8
1310 6194 10
3560 5545 10
2702 5013 1
581 1366 1
1785 1879 7
2094 4798 10
6639 6709 9
4246 5112 7
3483 4961 6
2676 6836 7
513 4263 7
4231 5845 8
1613 4602 10
332 6348 1
1542 5244 5
3259 5870 2
291 1040 5
1434 1868 10
1847 3289 1
200 222 5
2237 5208 5
1517 2022 9
216 3941 4
3900 6441 2
5643 6215 6
1801 4605 2
1550 4087 6
855 2939 2
3023 5372 8
2355 4903 2
637 1160 3
691 5743 10
526 1122 5
5253 5478 2
401 5105 10
4728 5422 1
314 1912 10
3377 4450 9
2645 5803 2
1861 4755 10
5412 6219 9
603 3651 9
4021 5448 3
1806 5719 5
3309 6063 1
2856 4507 6
2900 3994 1
2411 3161 5
4145 4279 9
2059 6639 10
1256 4566 4
179 2731 6
3147 3959 9
223 3453 2
2909 6953 7
798 4222 5
3812 4969 2
61 4859 3
2909 3725 7
3595 6908 10
5780 6442 10
2200 3297 4
1371 5524 2
1134 3013 6
474 5493 1
5135 6996 10
5613 6055 3
765 4832 10
887 2256 10
1039 5322 4
275 1670 7
309 729 5
1899 2780 8
1009 2589 9
947 3852 8
2367 4133 10
3222 6234 2
1255 3508 5
1105 6057 5
1194 3375 8
4437 6440 7
670 6644 1
3749 4434 9
942 1569 5
644 3598 3
1376 2572 4
3683 3815 9
1112 2407 6
347 5746 7
1459 1631 10
2569 4324 5
4804 5121 4
2052 5099 3
4259 4433 3
4188 4836 4
4026 4220 10
28 378 1
262 4043 9
3833 6415 9
3050 6332 3
1134 1520 2
1142 4721 9
5649 6660 4
1567 1843 5
379 1456 3
658 950 7
1299 2076 1
2760 6579 1
3807 6395 3
3463 5271 8
680 6132 3
812 3594 3
1854 6237 3
1250 6342 10
1917 5460 6
2324 4167 4
272 4589 3
2170 4379 3
2309 3492 6
2671 4736 9
5206 6524 9
1307 6348 4
5261 6713 9
1051 1278 8
2099 2355 6
3223 5764 5
5161 6816 6
5678 6588 4
1867 4491 6
178 3723 2
4059 5688 2
2284 5654 6
224 5152 9
1400 3718 1
5254 5286 2
3255 5363 8
4281 5210 3
4090 4673 4
4314 5786 3
1617 3399 9
3041 4146 7
1259 2289 2
5400 6575 6
1600 6571 5
1664 3944 2
3050 6179 9
472 6315 6
2111 6339 3
2880 4841 3
1418 3203 7
408 628 1
351 4237 10
2948 4054 2
544 2061 8
2429 2695 2
985 1338 9
431 4885 3
2756 3258 3
2953 4120 6
1739 6107 10
733 5785 9
1139 3987 1
2020 6413 4
3482 5246 10
5871 6965 9
633 4995 6
736 5357 9
1872 5248 10
3763 5886 5
3307 6957 2
3257 4918 8
2419 3049 1
549 4421 3
2330 4102 1
1608 4553 5
2317 2974 2
615 2736 9
445 6891 5
2385 6711 9
862 5927 4
3759 4129 9
4312 5949 9
3185 3737 5
1400 2901 7
4499 5405 3
3095 6255 2
397 3794 2
356 960 3
544 4751 4
1830 5062 4
3810 6278 10
223 5204 9
4128 4671 8
49 6484 1
2439 6498 3
1153 2473 9
2292 4950 7
4249 4833 1
2407 3388 10
1451 4486 7
5657 6097 2
1819 3677 5
1128 1895 2
5562 6549 7
1926 6953 7
140 4418 4
794 6688 2
2234 6217 5
2819 4867 4
5099 6108 1
2816 6157 1
3439 3803 8
396 1710 6
1999 3519 3
2489 3754 6
225 4435 4
72 6961 1
3152 6864 1
1774 2937 3
1393 3964 4
1613 2253 3
975 5880 6
1424 4744 7
3089 3465 9
4673 6046 5
3212 3950 2
545 4727 3
43 2956 4
4479 6860 6
348 5540 5
1105 6747 7
2386 3047 6
1658 6205 1
2532 5796 10
1799 4261 9
1633 3456 10
1758 5701 8
2013 2348 7
1514 3225 9
2976 5076 3
2371 4914 4
135 263 3
3295 6630 5
455 3659 1
3035 6458 3
1189 6737 6
825 5720 4
2159 6113 9
46 320 1
2532 5383 3
4009 4508 2
4084 4672 7
1540 4799 8
1573 2888 8
2573 6800 1
2712 5625 10
797 5612 5
4889 6420 10
759 1763 10
2807 5511 7
3100 4753 6
1491 6147 1
1543 6298 2
1376 2692 1
1018 4391 10
4264 5019 4
1448 5854 7
3419 3462 6
2292 2337 8
1720 3431 4
2609 4721 2
6102 6583 4
3126 3679 4
519 5355 2
1038 6103 4
5180 5633 3
422 1126 1
907 1226 4
3116 6476 9
3866 5286 4
1074 4254 1
3692 5390 9
5749 6219 7
3985 4409 2
182 5828 9
342 2274 10
3719 6116 5
3965 4261 8
5000 5442 1
1044 3337 4
927 1902 8
667 4493 5
892 5463 3
166 478 10
1919 5411 2
748 2129 6
270 1465 1
1745 2392 7
445 2009 5
319 3057 3
1810 6411 4
445 6284 2
215 2130 9
4409 6174 6
184 2252 2
3076 4479 6
4525 4586 8
1522 2024 8
1064 4148 2
6488 6860 4
3589 6167 6
4227 6354 4
3726 6993 10
317 5716 5
4020 4166 10
470 6089 3
3354 5358 4
1900 2809 7
1590 6851 9
4342 6356 3
5232 5541 3
2393 2652 3
5877 5917 7
3695 5975 3
4519 6572 2
4173 4765 8
167 4478 5
2113 3042 4
2004 2790 5
3834 6013 5
847 2205 6
6323 6332 9
6411 6729 6
2749 4098 10
2053 2420 4
639 3675 4
2638 6255 6
4477 4606 6
1145 5937 5
370 5258 4
2253 6786 1
1582 6846 9
3865 5459 7
4338 5141 7
2087 2091 3
3377 6258 10
2374 5674 6
1752 6051 8
731 4993 9
170 453 5
112 2724 1
3595 6221 8
2526 2611 10
89 4789 6
4632 5555 10
576 2102 8
1431 2990 1
16 3274 3
3475 3662 3
2690 3605 7
947 4520 8
332 1786 1
5012 5971 2
2576 3569 9
398 2920 2
2191 6545 3
3053 3530 9
8 3071 2
1270 3476 10
1119 6723 2
4345 5143 4
3459 4926 10
1611 5328 6
4756 5966 2
23 56 10
1082 4495 3
1233 4594 7
1330 3909 10
2629 5103 2
350 734 6
555 4850 3
168 2177 9
17 1696 3
6047 6701 2
3874 5140 10
5240 5998 5
2648 6531 7
956 5282 7
1784 2406 5
4231 6218 1
341 3743 2
2125 2853 6
99 1890 5
5567 6507 1
1090 6682 5
2048 4363 6
705 3836 4
448 6564 8
3859 5998 6
167 226 10
2969 4216 5
2659 2866 2
1985 2517 3
235 6564 4
126 5081 2
3374 5992 2
770 1626 1
1041 5474 6
1175 3028 1
4187 4367 1
1163 2142 7
2957 4378 7
2814 6866 2
1916 3209 3
1485 3387 4
2826 5221 9
907 1595 2
1836 4629 1
3645 5366 6
176 1727 10
2872 3608 9
1318 2856 5
5256 6320 9
114 5102 2
1822 6979 3
2747 4724 9
6638 6918 6
2139 2223 9
2563 5830 10
471 2437 7
565 2083 6
2960 6050 1
646 1280 2
3322 3993 9
5519 5709 10
1272 6574 5
2716 5038 4
2156 6202 2
1200 4499 2
585 5647 6
1729 5261 3
887 6485 3
3170 6103 2
2842 5557 6
3727 5113 8
76 2222 3
2738 3258 1
3422 3612 10
2586 4498 6
5325 6858 9
3256 5650 10
4277 6611 5
150 5771 1
1346 3326 10
3584 4654 5
1861 3179 8
6499 6949 8
1721 2474 6
2310 6761 5
2793 5773 6
1405 2940 7
4184 6276 7
2410 4035 4
1472 6426 2
53 189 7
1953 3405 9
167 521 9
936 1894 3
4595 5610 5
2890 3300 5
5583 6212 6
1921 5471 3
4779 4793 6
1404 3843 5
658 5513 2
878 3053 1
1171 3338 6
4520 6826 6
1943 6118 5
2744 5171 10
4142 5267 7
208 690 3
3649 6576 5
5390 5428 10
2639 5420 2
128 1977 9
55 6933 2
1619 5664 6
1991 3161 3
3406 4058 1
3107 3707 10
5803 5892 7
4425 6517 10
4478 6345 9
2026 3077 7
3306 3894 7
468 615 5
69 1752 5
1468 2504 2
579 3811 9
2935 6323 4
456 468 1
601 6884 5
3298 5233 7
2768 6244 8
2308 5836 9
2447 3242 7
523 4865 10
2365 6856 10
5763 6936 9
3156 4504 4
16 1915 8
876 5551 5
2012 6589 7
1481 4533 9
88 2493 2
2064 6285 7
3841 6510 9
2356 5921 6
4649 5696 7
1445 3302 5
1634 6434 7
3867 4870 5
1453 5304 6
4056 4887 7
1688 5554 1
795 3603 1
3423 4438 5
4438 4806 4
760 2760 4
3947 4909 8
3770 5197 3
3827 4228 1
3119 4832 7
2523 4037 1
2518 5394 3
6266 6413 1
546 3209 1
4500 5383 10
374 5420 9
5238 5884 4
1215 2295 3
3374 4913 2
1967 6691 10
423 5886 3
289 1178 8
372 1944 2
439 5730 1
3806 4282 8
1342 2366 3
1267 2972 6
1243 6951 10
5486 5722 10
785 3806 9
2253 2673 10
5084 5243 3
6387 6561 5
1903 2874 10
3165 3701 10
3581 4741 6
3225 4737 10
5192 5567 5
112 2602 3
1989 4349 8
2100 6784 10
4303 5777 7
2083 3489 9
163 4582 9
1881 4506 6
258 5763 10
4151 6113 5
780 4729 4
5622 6182 1
3302 3581 5
3274 4086 9
6596 6716 5
3364 3465 10
2066 2328 8
2022 2746 9
2323 2354 7
2016 3771 2
3359 5135 4
975 4403 6
3549 5890 3
5043 6149 3
2097 5171 1
221 4634 7
1839 4711 8
4037 4665 1
1036 6005 2
4617 5259 1
1015 4718 9
710 1841 2
1541 3715 5
959 1190 3
4378 5467 10
1501 6908 4
2943 3592 8
2031 3107 7
1672 5525 10
1093 2005 7
944 2055 7
619 4022 4
372 2625 1
1054 3644 10
4401 4474 2
2868 3491 7
335 502 7
1405 3502 4
4488 5508 2
2259 3977 1
4556 4679 8
970 6756 4
4037 4873 9
5021 6633 8
2288 3893 7
1703 4724 3
1065 4751 10
1715 4415 6
4386 5753 2
4643 6681 9
4498 6033 2
253 2534 2
2801 3406 2
5228 6542 7
1833 2390 8
2934 5816 2
3421 4284 7
1919 4984 4
2265 6530 7
117 2516 4
438 2940 1
1500 3880 10
1152 1153 6
1229 2585 4
2957 5564 1
6265 6348 10
4813 4910 3
1475 2048 2
696 5424 10
3342 6961 4
2416 6123 7
1656 6151 6
3868 4205 2
289 5953 8
2256 3619 4
133 5655 1
996 4171 4
735 2120 4
1025 5346 6
128 154 7
248 3428 1
2474 2676 1
89 2909 2
387 6029 5
287 6977 7
2048 2172 3
415 3635 3
2613 6794 9
978 5956 3
708 1145 4
764 4227 7
129 5761 8
835 1296 6
5188 5291 1
1998 6900 1
2590 5751 1
4427 4720 8
6580 6991 1
3904 6254 7
3231 4621 4
706 4536 8
1087 1211 5
760 6245 5
879 4522 8
612 613 5
877 2794 8
1799 6000 8
772 4023 3
3834 4569 2
3736 3758 4
142 3953 7
736 5702 10
1061 1485 2
3728 4325 4
3328 4052 1
614 3332 5
135 4089 6
543 3405 10
21 3826 9
1301 3003 3
3251 6865 10
1268 4551 7
3512 5991 5
245 5559 5
1941 6531 9
128 357 9
4365 5398 7
2078 4233 1
2133 4445 5
3456 4214 9
3882 4673 9
1160 5179 2
1381 4382 5
1125 4047 9
4102 4300 8
684 4711 7
3469 4660 1
558 1237 5
404 6332 8
5157 5527 10
5846 5997 8
3444 4595 2
4561 5697 6
3831 5813 3
1734 6735 6
3131 3990 7
3233 4098 10
1220 4029 8
933 3273 9
4544 6067 5
3063 6850 7
1088 5224 8
2603 3567 9
5298 6440 4
1123 5243 1
1288 2743 10
601 5541 9
2559 3375 3
818 3019 4
255 5854 1
5347 6739 1
1158 4759 8
5049 6032 1
2639 3632 9
411 2793 1
2535 5116 3
3893 4727 7
487 1510 8
1391 6795 5
4070 4474 8
3318 6218 7
1177 4813 5
3192 5437 2
1161 4170 3
1049 5341 6
3977 6804 3
702 6263 1
5329 6487 7
2051 3106 1
1438 4056 8
3838 4134 5
3116 5891 8
4181 6082 8
6929 6974 2
5651 6703 4
582 4716 5
4354 6280 2
106 1113 9
4464 5296 9
1825 3144 7
267 3668 7
4023 4088 6
962 3243 6
1469 2996 4
1816 5434 8
766 6467 2
685 2269 7
1349 5795 9
4648 6082 8
1512 3126 2
4786 4954 3
3467 6523 2
2876 5745 10
4624 5153 6
897 3417 9
3844 6973 8
296 4441 3
579 6911 1
2573 2620 7
74 2370 5
3837 4579 6
1373 2235 2
6885 6892 8
2680 3634 7
4166 5163 9
4022 6215 3
883 5608 6
1041 6912 7
2022 4991 10
3132 3717 6
708 1106 9
2066 5276 4
1366 3833 9
1346 3337 5
1332 5319 2
1039 4571 5
757 5375 7
4492 5235 3
2098 3878 3
2060 2609 2
1327 3269 10
592 4918 1
848 6015 2
1890 3153 6
3050 5927 10
1106 1764 8
1761 5258 3
4336 5290 2
5018 5409 10
2231 5940 1
3231 4580 7
3976 4085 7
4755 6099 2
2512 4535 2
2198 6854 9
1058 3330 4
3665 6133 1
1091 2448 4
1658 4850 3
2627 2981 9
609 1084 10
917 2404 10
3647 5406 10
1379 2411 9
446 1906 3
806 2918 5
1142 4486 4
3607 4951 8
630 4282 5
1409 5451 1
4430 6903 8
3347 5965 5
2467 2958 6
2505 2828 5
4468 6870 2
3219 4562 3
2352 3100 4
5423 6233 8
1961 4169 3
6107 6434 9
2883 6017 2
1504 1621 10
110 2777 2
2049 4397 4
2183 4513 6
711 2245 9
2129 4612 3
1918 3586 7
285 6118 4
1725 2021 3
606 4470 5
6023 6039 5
2634 3133 4
5172 6799 3
4456 5453 9
1919 4892 6
1469 5290 8
1139 4837 3
2662 6289 10
3537 6940 3
6513 6967 6
3204 3341 8
771 5800 1
346 1415 1
2586 5835 2
1598 2364 8
1592 6174 1
1244 5365 4
1977 3156 10
2428 4849 7
2553 5727 10
4339 6402 7
663 2736 5
410 2294 9
1312 2135 5
358 4492 3
4532 5894 9
4147 5720 7
1052 4293 1
2365 2550 6
2836 5449 2
2915 5178 6
1921 3552 6
1756 6907 7
2911 3573 6
5981 6619 1
4889 5717 1
4313 5100 3
1942 4097 8
3288 5760 7
3785 6010 9
1687 3608 9
2248 5672 2
4948 6438 6
1328 5243 6
2010 4180 7
2060 4738 8
2329 2915 8
5649 6520 2
2673 4856 3
757 949 9
1615 1935 9
1009 6496 1
441 2539 10
795 5550 2
3138 4120 10
2319 4700 4
3282 5035 8
1902 2719 2
5098 6232 5
1445 4965 2
1576 2486 2
2824 6410 7
2973 5470 8
2818 5404 6
1983 6092 10
1594 5916 5
1473 2273 4
1729 5313 6
1166 4765 10
970 5509 7
759 3848 8
2495 6772 9
72 2160 2
955 3927 2
1784 6627 8
2670 5595 8
1821 6464 1
756 2238 10
900 5621 2
1445 5688 3
1064 5085 1
3125 3351 3
1203 4961 2
1685 3702 7
60 547 8
4501 4629 2
567 4091 8
3105 4338 2
5482 6798 3
1240 2777 10
5317 6868 10
1983 5754 2
334 2909 9
1902 3667 5
3576 3738 4
5604 5968 10
440 3034 4
1507 4658 6
1655 3824 8
36 4507 1
328 6736 1
5408 5998 3
177 4115 1
1843 5187 5
1900 6389 7
3682 3970 6
2266 5346 6
2619 5506 10
1135 4318 5
3568 3624 9
4079 6769 5
3763 4733 3
3137 6002 7
2139 5712 10
908 6970 2
1661 6802 5
2196 6700 8
2477 5773 7
121 2799 7
5002 5813 5
3440 5490 3
145 613 5
3245 3636 1
2660 4347 1
3163 3352 3
1041 1834 5
4106 6427 4
299 1886 6
125 599 2
1952 3225 10
4722 6832 4
1952 4134 8
1149 5116 8
1008 2171 9
1387 1572 9
1433 4341 2
5117 5267 10
852 3076 10
2675 6220 7
4321 5487 5
1560 2374 10
471 3979 1
1373 4749 9
929 3354 5
1281 6581 3
2305 4038 1
852 4513 7
328 4358 4
2980 3970 5
3267 6198 4
2023 4950 3
1538 5340 8
754 3002 4
2586 5434 10
127 5114 2
379 4239 10
1718 3740 4
1222 1386 9
775 3826 7
2494 4184 8
3621 6133 2
2236 2837 5
907 4421 9
4848 5520 6
41 2943 1
4562 6700 7
2272 3802 8
309 5828 7
1717 2555 3
2546 6890 8
11 6526 7
1753 3935 5
3148 3278 4
3798 6289 6
752 2166 1
556 5681 2
355 2152 3
784 6480 7
4913 6062 3
320 5405 3
245 621 1
5888 6286 3
2608 6208 7
2640 4226 10
67 1170 8
370 6480 5
3292 3709 1
2767 5388 10
456 6732 4
330 3694 6
1201 1967 4
2057 5865 4
2753 6498 6
633 3549 8
385 1691 7
3256 3778 1
1293 3904 3
1859 5367 8
2173 4605 4
3547 5093 9
732 4962 7
838 1867 8
2375 3357 6
1080 1550 10
668 6945 1
3213 6313 10
723 5769 10
3046 4475 1
4155 6873 7
1517 5209 10
2284 5619 8
2102 2873 3
990 3973 8
4147 6896 10
3279 3618 2
2366 5827 10
907 6474 10
895 5434 10
4659 6383 9
3911 5546 8
1680 4359 7
4618 6864 9
855 6403 7
1539 5597 3
4372 4988 1
84 1389 2
5370 6378 5
1463 5760 4
856 5014 7
2150 4749 8
2845 3444 2
2604 4991 8
1738 4418 8
4391 5280 4
2007 4040 4
1427 5950 5
1177 5378 6
3803 6028 1
750 5887 6
2525 6254 8
646 5187 9
2925 3324 3
2085 2165 9
3129 4650 9
1886 3274 1
828 5314 1
2228 5813 5
141 6086 7
89 1332 2
1322 3088 3
2230 6157 9
1525 3490 2
1125 6286 10
1813 2099 10
3162 4644 5
4196 4664 7
5884 6940 7
4200 5744 3
1493 6338 5
888 2598 5
868 3705 1
1448 1773 7
3197 6840 9
3281 5682 3
3037 4884 2
168 2366 10
1625 6801 4
2388 6310 7
288 706 3
1381 4648 1
1672 2689 10
203 1411 9
2166 5763 8
2800 4280 2
1604 5663 7
305 2824 5
2711 4357 10
893 3684 2
2103 2113 10
312 5746 6
2389 6567 4
2666 5945 3
318 351 3
1250 2015 1
16 3912 6
3065 3976 5
2309 4048 10
69 1220 4
3000 4379 7
1650 6282 6
509 4754 8
3515 6043 8
4307 6718 3
764 5233 4
3745 6784 9
530 6892 3
3138 4644 4
625 2204 4
708 5250 3
504 1738 2
1396 5038 7
3400 6916 10
2479 3795 3
239 5410 1
1133 1446 9
6193 6525 1
883 2947 3
1566 4174 4
2048 4357 4
3365 5557 7
429 5567 9
1872 6151 2
1896 2303 2
4456 6597 2
1380 2188 6
3734 5164 6
137 5107 1
4010 6473 3
2559 4049 9
2577 3796 1
1369 2937 9
3673 5905 3
2976 5275 9
117 6943 6
3729 4999 8
1811 5703 6
2160 4129 2
693 1469 5
3203 5108 2
2827 6802 2
288 5581 8
3408 4360 5
919 4178 7
3686 4419 6
1187 6024 4
244 4763 6
1787 4732 3
1192 6835 3
4911 4920 7
27 6199 5
3332 3902 6
2378 3346 3
4150 4227 9
77 4032 7
3726 6750 8
4607 4899 9
3382 6025 1
662 3814 6
1349 4795 9
3867 4674 1
923 1827 2
3104 3461 2
5649 6686 8
1320 2536 1
4306 4363 4
1377 2244 2
540 1926 6
490 2147 3
248 533 10
456 1796 8
618 6734 1
6145 6747 10
2278 4435 9
5187 5580 9
3270 3288 7
146 3557 5
1961 4424 6
1421 2199 8
2509 5989 5
443 2377 2
927 2744 10
1755 3878 6
3566 3592 1
348 4528 2
1140 4787 9
452 1651 4
1105 5300 10
1100 4723 4
680 706 2
2874 3306 9
1119 5515 10
101 2419 8
778 3727 6
3052 6927 9
2832 5138 2
1578 4320 5
5662 6546 7
108 2195 8
790 2392 9
924 3041 2
4162 5551 6
1663 2905 3
2045 6895 8
4 1039 8
4140 4443 3
374 2470 1
1227 2068 8
3356 6562 7
965 5336 9
4491 6133 9
1743 5755 2
2313 5328 2
684 2243 4
2270 6323 7
4238 6277 2
4579 6311 5
1624 5006 9
2589 3942 6
62 5553 4
470 6877 2
626 5055 9
1543 4449 3
3784 6263 9
2676 4626 5
4955 6230 2
3839 5545 8
3024 4244 8
2517 4090 10
3352 6514 9
2926 5435 8
222 1675 2
1535 1686 9
5728 6992 10
1257 3319 4
4135 4643 3
204 1654 4
2485 6972 2
224 4077 9
348 3753 2
2293 3009 9
2968 5486 2
3005 4182 3
587 3902 6
3213 6470 10
258 2301 3
438 5635 6
666 1350 3
255 511 5
5075 5693 5
6250 6472 4
1198 5382 10
1818 1933 5
950 2581 5
2270 3196 1
421 6981 7
912 1734 8
70 632 2
551 2101 9
3926 5270 10
589 1250 5
1466 4472 10
1420 6593 6
5132 6881 3
3626 5215 1
2806 4385 10
2088 2683 7
1917 6493 8
5028 5196 9
1836 6698 8
281 2426 3
3786 3893 8
2635 3494 8
866 1003 1
2116 3233 3
1256 2182 9
5294 5633 7
4403 6723 3
5990 6621 8
1640 3646 2
616 2304 3
376 697 10
3217 6123 4
9 6907 8
705 2043 8
3995 6172 8
1426 2527 7
840 3944 10
1939 4092 2
3874 6855 4
2818 5869 10
450 4417 8
2323 6009 8
552 930 8
850 3494 5
3128 3177 1
1175 3117 5
229 1051 1
1251 1965 10
822 1007 1
2379 5443 10
4894 6721 8
2897 4372 1
5237 6337 7
336 2749 3
925 1636 3
1142 6808 9
239 5291 2
3522 4950 8
1652 4295 1
774 2839 1
375 2646 6
4446 4577 1
1938 4715 8
6638 6746 5
4567 6119 8
2288 6089 4
316 4499 8
2177 4035 3
2210 3593 9
2912 4515 4
1052 4342 6
3134 6668 8
826 6942 8
874 2971 9
2911 5403 9
3123 4658 9
92 3369 7
271 644 4
2941 6494 9
128 720 6
3427 6135 2
2329 4419 3
801 1082 9
2316 3609 1
691 2854 4
2239 6412 5
4217 5393 2
896 1037 10
853 1008 6
2651 4250 10
191 378 2
4277 6244 2
2182 3181 10
1483 6913 10
2797 3197 7
574 1850 7
2744 3746 2
260 3296 8
2911 5084 5
39 4925 1
1073 4225 1
1810 6638 3
4566 4626 9
2623 4179 3
3835 5696 5
4950 5603 10
2893 4116 3
4959 5356 9
5581 6500 9
2523 3255 9
3470 4088 4
1057 4579 3
3059 6830 5
2608 2674 6
425 1466 3
4874 5912 7
1027 4165 4
2786 4098 7
1682 5406 8
3028 6247 8
1946 6187 5
3567 5182 10
4881 5485 6
2567 6542 4
165 2670 3
3705 5910 8
2903 4818 8
2326 5805 7
3683 4766 2
660 3804 5
766 3756 8
3298 4575 2
1678 5416 10
2045 6923 4
1557 6215 10
3903 4235 8
1324 2145 7
2404 4182 6
806 4330 5
1405 5101 4
377 1998 6
6091 6339 3
1029 2590 3
219 4662 10
900 2263 8
2305 4655 2
137 5044 4
1877 4119 5
726 1534 7
270 5895 5
1685 4375 10
5007 6220 4
1450 3171 1
3307 3597 5
3697 5556 6
2979 6284 2
2187 3846 8
1323 4128 5
1070 6133 1
594 1117 2
944 5335 6
3566 4316 7
3201 6172 6
1944 3042 3
2918 6494 8
73 2012 7
2963 3555 9
1865 2816 1
3195 4642 3
31 1944 2
820 1341 7
1000 2578 5
4969 6883 8
2488 3053 8
1437 4251 1
2152 5883 1
3478 4275 2
4567 6553 5
5092 6373 1
4305 6180 3
1159 5754 9
2605 6480 8
2715 4104 7
3594 3719 3
2666 5324 10
1686 1807 8
138 2309 8
1893 3307 1
1153 3496 2
2450 3688 2
2673 4197 1
5025 5595 5
4288 5080 8
896 6862 1
3521 4971 1
1641 6704 2
1770 3395 9
3446 4051 9
3628 6306 6
1821 3719 8
1428 6829 2
506 3745 7
1220 5638 4
2593 3647 9
1461 5526 10
1105 1476 7
1688 3473 3
20 6203 2
1897 2565 3
2370 6779 4
342 860 8
133 6534 9
1381 2318 10
1613 5126 6
92 2030 8
1196 2706 7
5293 6772 8
1965 6855 7
2873 4579 4
206 4777 6
684 4464 6
1688 2192 3
2832 5143 2
1967 2323 2
5530 6948 4
4634 5118 7
899 3607 4
3572 4007 9
914 4100 6
2219 6010 9
1105 4558 9
214 2191 5
2217 6134 2
1083 5716 7
3138 6648 5
1363 2989 6
1606 2621 1
3720 3974 9
503 6079 8
2965 3233 8
3020 5486 9
4061 5490 5
1382 1610 1
2902 3142 5
1641 2320 7
1612 4007 6
485 5402 3
2314 2628 4
4 1293 5
4890 6570 1
1430 1928 10
142 4122 9
99 4962 10
6596 6970 8
1445 3442 3
2854 6693 6
5483 6897 6
177 3856 9
2255 6839 6
1977 2308 6
4132 4290 1
4399 4920 2
3558 4173 5
768 4667 10
4892 6245 7
3875 6133 4
3292 5032 2
5271 6051 6
709 3949 10
1605 2214 2
126 4877 5
2902 3731 7
5118 5444 2
173 4238 3
3258 6609 1
4478 6419 6
1217 3125 7
1687 2300 6
2130 2788 2
2621 6796 4
578 4236 7
2104 5388 5
170 324 10
1766 5988 6
3305 4635 3
1033 2826 1
381 3503 9
1695 3530 4
851 4033 9
4048 4117 2
688 943 8
2059 4314 6
969 4709 2
4254 4380 3
1485 2776 1
2688 6219 2
334 5880 8
3669 6357 6
2793 6531 2
2019 5718 3
2741 3105 3
698 6195 6
3305 5910 1
2252 6849 4
345 4098 3
451 1258 5
2601 5165 3
2911 4947 8
4516 4536 7
518 4118 6
3527 6570 1
6287 6579 7
926 3338 7
1181 1569 1
5451 6126 2
3335 5956 7
2897 3553 8
2034 3938 3
2069 4845 7
1375 2847 10
853 3622 10
4488 6081 6
1126 2683 6
1529 6831 10
1807 5193 1
1436 6408 2
736 4355 1
2248 6376 8
442 2694 3
2874 3837 8
6010 6039 7
1850 5687 1
4039 4418 1
4244 4630 10
2978 4504 8
2215 2658 3
3749 6112 8
1988 6992 4
6367 6836 3
2831 5957 9
2099 3002 3
2481 5915 8
1588 5538 6
684 2155 1
921 3742 8
3521 6545 2
1469 3518 8
435 1848 10
213 1577 7
1101 2892 10
876 5931 8
840 3990 4
2037 4358 7
2295 5922 3
986 3106 5
985 2221 8
1253 5984 2
2442 4007 9
1723 2409 9
3654 6092 7
3737 6171 4
219 574 9
714 6340 9
2881 4462 6
1511 3286 4
115 6680 7
4143 5363 8
1462 2976 9
4373 5059 1
2006 2017 3
522 6183 3
3155 4549 6
3809 5621 10
2029 3472 9
1331 2540 5
1325 1656 5
1908 4018 3
548 1067 1
1944 3319 7
3043 4921 10
1723 6771 9
2397 3314 2
3708 4183 9
2900 4343 9
1689 4549 3
157 1372 1
695 3241 4
5495 6684 6
810 3501 1
110 3945 10
1741 6595 6
1778 4623 10
1697 5237 1
456 6759 4
3688 5661 2
3187 5999 9
3151 4543 1
1278 3267 4
536 1040 2
2972 3376 3
4655 5175 2
1618 4797 9
3278 5313 6
4138 5847 8
3963 4170 4
1014 4171 7
3019 5470 2
1105 6599 9
2660 4650 6
1382 5766 3
462 6388 1
351 1221 3
2682 6974 9
4249 4938 3
2303 6353 7
3897 4102 3
1424 3275 8
552 642 2
2224 3826 4
2365 6966 3
2060 4486 3
1323 3714 9
33 1234 10
778 2274 2
4209 5997 5
1377 3324 1
1467 2131 1
3680 4731 1
1515 3836 2
1801 6591 5
1532 3779 3
1839 5937 10
999 3288 6
5794 6490 10
4935 6299 10
3463 4414 7
1797 6972 5
4511 6349 2
524 3341 3
1636 6772 9
1361 4459 4
3587 5886 1
1641 1667 8
729 3200 3
2377 3883 6
200 1146 3
1224 5605 6
2969 3416 1
4037 4823 7
420 1011 7
1519 2746 1
2242 3139 4
832 875 6
825 1001 4
4652 6953 1
1276 2839 4
1822 2913 4
3840 5797 2
1737 5406 9
26 6064 10
2143 3962 9
708 2919 2
3485 4251 6
510 5270 2
1294 4190 3
2541 4057 3
1351 2234 2
5351 6858 9
2146 5001 5
922 2436 6
72 5144 2
4143 6724 5
2071 4891 7
2123 4100 7
3760 4143 8
5996 6553 5
1135 5459 5
4439 5813 2
3027 3484 2
6239 6350 4
766 6899 3
1043 2415 10
3316 3369 6
203 5470 2
3066 5112 3
5062 5663 9
887 5517 7
353 6838 3
3076 4211 7
3396 6738 5
3051 3493 7
2665 5582 9
4965 5625 10
6821 6892 3
3741 5278 2
174 4428 2
2385 4242 3
2085 2504 4
4031 4102 6
619 3453 1
2846 4148 3
2367 6320 5
873 3100 8
576 2002 3
1478 2289 1
2525 4608 5
790 4557 4
878 5785 2
1636 1997 7
794 6903 2
1242 2696 8
142 1529 6
1081 2271 9
4395 4431 8
4663 6662 6
89 6414 1
593 3277 2
661 5410 8
1727 6444 3
2551 3351 4
1606 1784 9
808 1439 8
1161 2273 1
3175 3610 4
617 6347 7
581 5564 4
3213 5261 7
1408 2789 9
1226 1229 7
2475 3118 3
30 2552 3
2034 4398 8
609 5957 9
1672 1911 5
374 3731 4
4054 4398 10
3233 3795 6
4248 6261 10
1845 5650 5
248 2974 7
1508 6909 2
567 2778 1
6560 6703 1
3326 6627 2
1609 4778 3
972 2218 1
1615 6426 8
3052 5762 10
785 4365 9
3948 5356 9
1551 3928 6
1033 1951 10
1950 3918 10
1503 1562 7
1931 3657 4
6466 6704 9
3588 6790 1
658 4098 2
799 3755 10
525 1653 6
4479 5447 3
1236 5814 6
1068 2478 4
180 3103 4
2381 5803 7
1218 3668 5
835 6263 8
4201 5155 5
1690 6374 7
5850 6604 10
3479 5636 6
1597 5999 2
4814 5165 6
4680 5052 1
1643 3836 7
4419 6216 9
3927 6370 1
520 4184 5
1614 3293 2
5189 6923 3
1998 4687 4
2772 4428 2
5905 5914 2
5318 5882 7
1723 3510 4
2572 6136 3
3536 4926 9
1034 4942 9
3985 5530 10
2959 4988 4
3329 5533 2
634 3005 6
55 3546 9
2081 2119 5
1315 4168 9
1033 3534 3
1214 2409 8
837 5702 7
4732 6014 7
1937 5701 1
3966 4685 3
3475 3700 8
5259 5556 3
4259 5148 2
4180 6466 5
3384 5505 4
2128 4897 9
1616 4093 2
2863 4436 1
4188 5041 8
1570 6958 8
3090 3153 3
683 6517 2
5517 6819 2
3259 4097 2
3774 4716 4
4781 5586 6
5674 5798 4
3770 5119 10
606 3734 9
2324 3721 2
1850 3369 2
5013 6127 1
2492 4670 1
3413 6777 4
2390 4229 8
4205 4788 1
1149 4960 4
2976 6748 6
2682 4605 10
2794 6959 9
168 3437 1
1300 1866 10
645 2572 3
983 2133 2
52 645 9
4423 4778 1
5170 6321 1
665 5285 5
1631 4649 4
207 3001 5
58 4998 5
244 1485 5
2784 4528 7
713 3402 8
3528 3861 7
2246 3854 7
2469 5516 5
211 2856 6
3205 4943 9
1181 6127 4
1535 4439 3
1868 3836 8
3084 4028 3
204 4536 4
1404 5346 6
318 6689 8
2144 3306 9
3584 5466 3
1963 2563 9
5778 6004 7
1910 6837 3
3500 6234 9
2668 4307 1
3488 4721 4
3345 3579 1
2422 3492 4
4660 6563 4
1744 2287 4
283 6955 6
385 3060 10
125 3116 4
1190 6107 5
386 6798 8
2708 3540 4
1916 1995 10
134 5771 4
1087 6755 1
5776 6193 9
2677 4086 6
2113 4623 4
1000 2170 7
4488 6120 4
4406 4976 6
82 3602 3
786 5244 5
4140 6017 6
4132 6454 7
6020 6335 3
4067 6875 4
5682 6167 5
4600 5711 1
57 1636 8
1227 1801 10
6359 6554 6
2623 4335 3
472 6130 8
2787 5957 4
6167 6616 2
3718 4214 3
65 6141 4
1311 3933 3
282 1796 3
77 6062 7
2085 5048 5
666 3908 5
1312 3809 4
328 2648 3
3410 5171 2
2841 5972 10
1358 5672 5
569 4056 4
2213 4014 3
1592 6105 6
7 3509 4
2059 4193 10
2908 3334 7
2283 6437 4
1528 1578 3
2548 3794 8
3790 4740 10
4357 5786 4
4124 6528 1
1691 4760 10
2098 5480 6
1919 4503 3
1889 2538 10
1087 1088 8
748 3559 10
251 1442 6
738 3939 8
200 4519 8
4226 5637 7
3263 4087 8
1531 2335 8
4657 6347 6
3542 4503 6
3248 4879 7
4131 4709 3
1216 4322 6
454 6384 2
388 2531 8
1155 1566 4
1727 2364 8
3104 5821 3
1455 6913 10
282 2389 2
119 2336 10
1241 3384 6
3913 6276 10
1408 3193 3
5324 6781 2
2898 4764 10
1878 4791 3
1607 3259 6
5426 5990 4
4044 5735 9
1207 3502 2
2472 3315 5
598 679 4
1245 4423 2
4379 4976 3
5047 5341 7
956 3244 5
59 3302 7
5609 5656 3
4034 5631 4
2276 4474 6
1689 3430 9
1010 4235 6
157 1414 5
595 2380 10
278 6463 5
3239 3410 5
5161 6697 2
3790 6307 8
1098 6413 9
5992 6256 8
4410 5451 3
2684 3901 4
2866 4976 5
2336 3749 1
3267 6071 5
609 6380 6
897 898 3
383 4393 1
2089 5260 9
416 1144 2
1067 5640 1
707 6841 7
683 1966 6
1533 1723 2
929 4162 7
1096 3322 10
1649 3042 10
144 6798 5
2796 6865 6
371 669 7
3836 6101 10
3321 5526 7
4350 6855 8
4304 5129 2
405 2846 10
4842 5539 9
814 5227 4
570 1255 5
2682 6792 2
2607 6692 2
4589 5300 1
4914 5896 10
2383 2626 2
1950 2234 1
1278 1918 10
4151 4471 10
1810 4580 6
12 4972 10
5288 5293 5
5353 5631 2
1274 4987 9
2152 3105 9
1629 3667 5
4324 6606 9
2260 5554 7
1383 2046 5
2847 5203 1
3368 5234 2
21 645 3
3428 5806 8
1414 4459 3
3222 6836 5
1205 2926 10
3290 3590 4
6040 6639 9
2832 5929 5
21 5546 10
1636 2242 8
3002 5784 7
1337 1734 8
3264 3408 6
271 4802 7
2604 6654 7
2158 5469 1
5481 5942 8
173 1809 6
2562 4653 9
1592 5227 1
5724 6248 3
2807 3764 10
1999 3891 8
3038 5879 10
3669 4308 7
2681 6084 5
3102 3604 1
3977 4669 9
3169 6824 10
1951 6512 6
2808 6664 6
1955 5079 1
4218 6624 7
1250 3763 3
2517 5658 5
4266 4469 7
54 4483 7
2986 6704 2
3145 3530 5
218 956 7
338 5708 7
512 3184 5
1374 5179 2
2347 4539 5
4260 4673 5
900 2310 7
1627 5414 10
1461 2314 7
1279 3502 6
1720 5473 4
3679 4044 4
4340 4456 1
2378 6298 5
4060 5818 3
1483 3872 3
1605 4162 7
3214 4963 9
802 2792 8
966 3427 1
891 934 3
736 3003 3
1511 5534 10
2618 5428 1
2041 3530 8
2015 2571 1
3012 4457 5
1126 5448 10
1413 1713 10
2074 3975 4
346 4953 10
2414 3446 8
29 5620 10
822 3077 2
1016 1540 7
4314 6596 3
1857 3170 4
1946 3005 8
381 4843 9
1183 5314 8
1539 1959 5
2834 6377 2
1904 4315 10
1813 6261 8
5233 6006 8
124 6420 2
3253 3877 7
2967 4168 10
2842 3987 9
979 3851 5
3562 5879 1
637 1634 5
660 818 3
627 3763 5
277 4080 1
3285 5671 10
4125 6137 9
2667 4387 10
4964 5191 1
4311 5056 5
467 2982 1
2070 6055 1
3349 6023 8
841 4502 6
3915 5298 7
3086 3715 3
2145 5030 1
2927 2964 10
1750 1980 6
451 2540 7
3526 6241 4
1736 5356 9
937 5607 4
4124 6677 2
434 1246 7
2590 6019 4
4924 5897 9
210 4029 1
1380 2649 6
2527 6776 6
4833 5525 2
2906 3636 6
441 6176 4
1302 4253 3
908 6597 8
246 883 1
3620 6843 4
2636 3091 3
516 1096 7
2743 5840 8
6270 6322 5
340 1305 1
283 5824 9
3087 3264 5
574 3934 6
2728 2887 10
4242 4263 2
3201 5066 5
89 535 1
285 3294 8
1156 1455 10
4071 4421 9
602 6645 10
6282 6453 5
3543 3660 6
928 5313 6
331 1370 10
6335 6749 7
1642 1819 1
800 2045 1
1071 3639 4
4268 6957 7
4057 6625 2
552 3465 4
2618 3698 8
3077 6342 1
2189 3718 2
2789 4535 1
4058 6105 5
1336 2269 9
1370 4855 8
2915 5728 7
741 4052 2
2906 5100 10
3415 4999 4
2845 5368 2
314 2018 5
1864 6078 3
3560 4241 8
2090 3250 4
3462 3892 3
4952 5068 6
979 3583 8
5454 6388 7
1751 2324 6
3706 5466 9
171 6932 4
6872 6997 6
954 5726 8
3536 4161 1
3576 4327 5
5862 5931 3
1081 3447 4
1724 4605 1
535 6467 2
336 4372 6
2052 5924 9
2377 5865 4
787 5159 10
3219 3518 1
861 3381 1
122 4683 3
2612 3202 1
1014 3860 8
3517 4403 10
4707 6586 8
2777 5618 5
3303 4571 9
1616 2019 4
2188 5543 4
1556 2977 10
695 4022 8
722 1930 7
2780 6962 5
624 5430 2
2852 3135 1
3894 6539 9
2838 6157 8
2092 5686 7
3530 3753 5
818 4205 5
2978 5769 8
855 4061 7
750 2835 3
430 1473 5
524 2107 10
1967 3446 4
630 2408 6
2112 3167 6
4463 4498 5
2173 4165 8
2152 3463 6
1382 5517 3
3796 6246 8
379 3537 9
523 2637 1
799 4828 9
3692 5668 8
23 764 10
970 4528 2
1213 3407 6
5234 6942 6
3192 3453 1
2328 5796 7
660 4377 2
3701 4427 1
3151 6631 7
1002 6352 3
323 389 7
2080 3080 1
645 2266 7
23 6615 7
106 1794 10
2385 6521 4
5169 5784 3
847 1279 3
1548 6590 8
1 2638 10
3144 3699 10
1417 5638 3
435 3394 10
679 4790 8
1274 2350 7
5001 6848 2
3141 5661 8
334 4849 4
802 3449 3
2326 4448 6
1738 4087 9
2985 6925 4
636 4858 8
1746 3264 2
2611 3225 8
909 1302 10
3037 6385 5
54 5762 7
2157 6670 1
1253 2907 3
6434 6999 4
268 3897 4
1486 4820 5
94 320 6
3043 3256 6
124 5975 3
1166 1335 2
2639 5743 5
868 1367 10
3616 3617 10
1161 6949 6
4992 5925 3
672 1923 6
207 210 5
634 1161 2
3775 6660 7
4242 5097 8
2337 6999 10
3020 5286 2
2212 5941 1
1555 3245 4
4399 4404 2
4118 5364 1
166 2095 1
984 4211 7
1712 4003 3
2213 6108 4
2396 3555 9
30 1803 8
2018 6083 9
6183 6325 2
2683 5110 8
2645 5114 6
2760 3956 9
4382 4960 8
1100 2781 4
2339 6954 1
2277 6984 10
322 345 8
1314 3056 6
5338 6828 4
2361 3194 3
3375 3849 3
3897 4203 6
3161 6486 8
639 2967 10
2467 5181 2
3962 4747 8
189 4333 10
616 3700 10
1499 5010 5
2530 3016 4
2216 3637 8
545 2198 4
981 2275 3
1749 4333 2
925 1899 5
531 1009 10
72 2317 1
856 5077 10
1172 1619 6
53 1464 10
363 1704 6
3392 6983 10
1867 6952 1
2271 3737 6
1141 1446 8
4653 6077 8
3153 4734 1
2580 5346 8
1378 4035 5
401 1636 4
2762 4008 9
1675 6267 8
2879 3050 3
2898 3403 9
514 4866 1
1630 4902 9
884 3089 8
73 594 9
2890 4588 5
1660 5279 5
1026 3967 8
364 3275 1
2791 3008 9
2626 6607 7
3078 3676 2
803 2003 2
217 1740 5
2883 5602 10
4389 6609 8
2490 4730 3
2502 6114 9
592 4222 9
985 5305 8
3904 5336 5
923 6313 3
3888 6456 4
1691 3983 2
1807 1849 10
395 2477 7
3342 6231 5
185 2522 4
6213 6635 10
1833 3732 8
5236 5454 8
1429 4338 1
3961 4037 8
1603 5378 1
93 392 9
347 4031 9
1122 5857 9
494 6121 9
4896 5376 6
4925 5370 3
183 523 10
2080 3522 6
486 3036 5
1503 3265 8
1481 1914 2
1078 5126 9
1230 3841 10
4242 4355 2
2122 2211 5
260 1400 4
4836 4983 4
4727 6810 7
2799 3294 3
1749 6220 5
5409 5836 10
2363 2680 1
666 3146 6
3917 5762 5
3591 5164 10
558 3606 4
1157 4101 6
5790 6693 3
1337 5061 8
3265 4594 7
490 2104 2
4341 4396 7
4277 4388 7
3479 4873 2
5636 6372 10
2155 5058 5
42 6174 5
165 3203 1
3570 5048 3
549 6005 9
2995 6005 10
1003 2574 4
6609 6725 9
3170 4570 9
1571 6246 6
2296 2827 6
5641 6750 8
727 5884 5
1548 4022 3
2301 4890 7
1721 6604 3
2297 4483 8
3634 4667 9
2378 4012 4
1023 2926 4
4707 5993 4
2948 5755 6
769 2960 8
913 6570 4
2250 6303 4
2469 3413 2
3030 6319 1
2320 2535 1
2071 2896 9
21 6322 3
1026 5610 4
2521 4190 8
5099 6949 4
187 6938 5
1195 6454 7
910 2026 3
2945 5113 5
1917 4288 1
1969 5445 9
5136 6201 2
3909 6935 5
2912 4619 4
1147 2242 3
509 5229 2
3111 3382 7
1884 3527 6
4364 6763 9
1545 2311 2
1732 2799 8
3151 4403 5
1980 6919 9
1028 6247 7
2595 5143 2
2517 6739 2
4497 6658 7
5129 6906 5
475 2061 5
1870 2929 7
2077 5488 10
3424 6044 7
2945 4223 6
2456 3319 8
48 1881 4
4288 6682 4
256 3279 8
4250 5941 8
495 4270 1
1201 6618 4
3899 5645 1
1438 3915 1
654 3505 10
4900 5512 4
392 5742 7
845 1945 7
1684 2786 8
1184 5528 10
1209 1920 9
4789 5881 2
1138 4955 6
3919 6216 6
3415 3472 2
1094 3557 5
3048 4122 3
2755 6540 8
3717 3976 3
2726 6980 9
2009 4743 1
5693 6958 9
4437 6395 2
3934 5782 6
3036 6519 1
6179 6777 7
2017 5779 10
1029 5261 7
357 5985 10
3743 5522 6
1126 4998 8
1448 3300 5
3718 5573 6
677 3133 10
1771 4242 1
408 3323 9
4027 4226 4
2256 6301 6
3699 4094 3
1294 6555 6
3367 4022 3
4501 4744 4
1697 4288 9
3413 3799 1
2771 2793 7
2656 3713 7
1825 4328 2
893 5261 2
3363 6623 1
6763 6973 5
1155 6814 9
3639 4537 5
4002 6478 1
55 75 6
2366 5811 3
1764 6118 7
795 2988 3
1766 4296 10
966 3749 1
165 3962 4
3708 5534 6
292 5774 8
221 2681 2
2914 6900 3
786 2736 4
4575 6553 8
472 4402 5
1131 3944 7
959 6983 6
2160 5678 9
983 5821 3
3199 5214 7
2975 5842 9
1590 4071 7
1069 6951 3
2648 3773 3
3131 6671 9
1630 4128 6
1330 4796 4
285 5711 2
3977 4180 2
2330 5061 6
2553 4050 4
2799 3911 4
1130 4124 10
1813 4453 7
3909 5197 6
4298 4318 2
2188 5012 9
2393 6662 10
492 4561 8
1463 4976 6
3351 6064 7
43 2564 9
3103 4117 10
5023 5758 4
2213 2727 8
2326 4045 4
2902 5894 4
606 6892 4
3108 3462 7
448 6326 9
4985 6039 1
4140 5581 1
3133 5319 5
524 6122 3
2316 5285 10
2839 3609 7
3686 5427 5
2482 6852 1
1883 4599 10
4642 6616 4
2363 6238 5
2267 4312 9
558 3645 9
1852 2102 9
1803 3203 7
1822 6249 10
37 456 10
1437 2712 4
4122 4821 9
4575 6700 9
1917 5429 1
2334 5419 5
191 867 1
427 5684 9
4160 5375 6
351 1064 1
4906 5605 6
843 6897 7
1165 5626 2
1492 6459 7
3072 4292 7
153 797 4
776 4333 6
2445 4785 3
144 6028 10
2314 3335 8
5552 6810 2
3553 6107 3
228 1666 6
3134 6685 6
903 4090 2
302 2095 10
1730 5534 2
3312 4228 1
4757 6189 10
4814 4957 9
1977 5043 1
913 2252 5
2726 6587 7
2309 4551 2
333 5000 8
5775 6434 7
3529 4400 5
1806 4399 1
3571 3900 3
204 6663 9
3235 4404 10
104 2526 9
3088 6996 7
1725 4933 9
1260 3171 10
312 5059 10
2101 4627 7
6203 6738 3
3842 5209 10
217 6785 9
2815 3691 5
197 4143 9
3075 3962 8
1128 6908 6
5795 6402 8
286 3708 10
2324 4145 10
3990 6559 2
2384 2655 2
713 5401 8
4311 5034 2
3432 3668 6
168 2196 5
3683 5167 7
1989 4583 4
959 1844 9
763 1949 1
3128 3350 10
670 5426 6
1483 2955 8
1646 6764 10
1475 6456 2
3226 3891 1
2952 4934 3
1292 3062 3
2020 6604 5
2414 6870 8
3704 5585 6
708 6572 6
1212 6193 4
1409 1421 2
2355 4382 2
418 1227 4
5683 6502 2
3568 3678 6
113 5290 9
69 3762 4
927 4519 10
2295 4088 3
1468 3085 8
1488 6903 4
1548 1955 7
1012 2695 4
695 3972 8
1973 2508 1
6683 6877 1
4414 5731 3
4487 6226 6
173 2625 3
654 2185 3
2819 4848 5
891 3919 4
756 5267 9
3645 6943 3
134 6251 6
3368 5576 3
200 3212 5
1805 5051 3
3453 6708 4
6808 6995 9
2534 3987 8
4569 5627 6
1981 6647 2
1217 4555 3
948 2445 3
2146 4155 7
1475 1557 5
1018 3257 8
4251 4370 5
2760 4496 10
5650 6920 3
797 2824 6
928 3788 5
2369 2476 9
1154 6215 5
2789 4959 7
2702 4976 9
357 3437 7
1447 4970 4
429 2213 9
5805 6249 4
3397 4607 1
3958 5193 5
2627 5511 2
2374 6533 3
940 1352 10
255 785 4
1172 3325 1
826 6854 4
6090 6414 2
1836 5681 3
802 5110 9
629 2656 5
4245 5624 3
4205 5726 8
2726 6853 7
1241 2487 10
901 5920 3
486 3533 10
4320 5416 1
87 1915 4
1659 2086 3
1379 6511 3
635 932 5
265 2994 8
3419 3744 2
1332 6810 4
61 4658 4
854 1520 7
1778 4397 9
1641 1809 1
120 3516 2
2337 5786 7
1363 4345 8
1509 4801 5
2909 4299 1
3276 4858 3
2553 2672 9
3029 6453 8
2155 2174 7
457 1340 10
1392 4639 7
3596 5658 7
399 2245 4
3785 4090 10
322 2864 9
433 3344 7
6781 6832 6
4898 6980 1
1646 3636 1
1032 5841 1
324 6591 7
3337 4645 7
1550 6850 5
1077 3719 9
1604 1605 5
532 4373 2
991 6850 9
1362 4542 10
403 4857 4
517 5219 2
2393 6373 5
2507 3831 9
3258 5696 8
3111 4437 4
283 4430 6
6772 6779 6
1427 1904 9
463 6720 7
2101 3313 8
6216 6545 5
4150 6371 3
1502 6469 2
5175 6409 6
1485 5744 3
641 3155 8
1808 4981 5
3577 6006 1
5063 5560 6
3100 5063 9
349 2051 6
1068 4991 8
5382 5594 5
3221 5318 8
4712 6730 7
1874 3979 3
1093 3678 8
1428 1694 1
2976 5673 7
237 3778 4
1684 3805 10
2302 3971 8
4123 5378 6
2851 3229 3
478 5884 8
4970 5642 4
150 5453 4
3887 6196 3
2885 5347 1
1751 6829 4
358 6673 8
5530 6334 7
2976 3739 4
1243 1900 2
1951 4489 3
429 2716 3
391 4556 3
2193 6259 4
1649 6816 1
1220 4124 4
1027 3314 6
1219 4825 4
1075 4812 5
1049 2696 9
3472 3498 5
701 4323 4
961 5258 2
3618 4263 6
790 3615 10
118 4293 4
405 1950 2
1602 6293 4
240 6902 1
1072 3192 6
783 2422 3
1023 1908 3
3998 5292 7
1264 3120 9
3587 4147 9
1060 6805 3
5914 6523 2
1463 4554 7
2827 3932 3
1825 2296 10
511 2787 6
316 1018 2
2686 3402 9
919 4763 1
2434 4268 6
1157 4305 4
3397 6515 3
769 4890 4
4818 5705 8
3127 6098 7
573 3694 9
2066 3705 6
2464 3908 10
324 4526 4
5102 5534 4
2813 6358 8
243 841 6
4749 6653 3
588 5791 8
2722 4573 10
938 1432 4
4816 5840 4
792 4232 2
3342 5315 9
1066 3776 10
732 3381 6
5152 6967 8
3197 5213 1
810 3385 8
1073 2699 2
563 5217 8
2527 3185 5
6003 6713 9
4412 4504 4
3885 5243 10
907 6793 1
1893 5545 1
1808 1857 5
1503 4132 3
1017 5383 9
1765 4483 3
3355 4454 1
3755 4352 6
3561 3688 5
2334 4859 7
3107 3151 4
354 385 1
11 1008 2
656 3181 5
695 6331 2
2988 5970 8
131 1115 10
125 3735 3
3516 4958 7
2225 5173 3
542 4820 2
1554 2368 9
1469 2087 7
868 5240 9
3929 5824 6
3272 5219 2
1467 4962 5
1217 4865 3
795 3211 2
2046 6084 6
3966 6578 2
1837 1972 10
471 1447 5
3075 6210 7
1959 4471 3
1069 3707 9
4748 6764 8
74 3708 8
2278 2614 10
2572 4133 3
789 3575 5
750 2410 10
2101 2146 5
5723 5726 7
1824 2275 1
1340 4312 2
1440 3920 1
1830 3828 1
1960 2198 8
3493 4455 9
898 4299 9
4184 6222 2
1215 3918 3
3772 4613 1
3385 4458 4
1735 3351 9
1814 2790 3
3924 4567 5
1952 4452 6
1090 6659 8
1750 4764 7
14 4871 1
2212 6424 10
2367 4347 7
1732 3932 10
3519 6875 5
5061 6591 2
793 6791 1
2481 3138 2
773 5566 8
2560 6699 8
852 912 9
346 1937 7
1157 3259 6
3178 3632 5
2996 4723 2
2045 6251 9
2977 6253 2
2597 3794 6
4470 6376 1
3796 6715 1
3557 3740 7
950 4420 10
1190 3739 9
7 2355 7
4459 6582 9
4616 4709 5
4010 6763 6
3590 6389 4
2975 3648 8
4359 4440 8
1471 4969 3
3899 6762 2
925 3582 4
2747 4085 5
959 5806 6
3434 3978 5
1911 6885 1
2842 4145 5
156 2415 1
597 6890 6
1573 1748 1
3011 3050 6
2127 2428 6
2891 6587 9
3199 6628 3
3657 6113 10
4602 6537 8
444 6359 10
4264 6500 1
1348 2368 4
3316 5679 5
3497 4039 4
4193 6188 2
1389 1604 5
2493 5155 3
822 4372 4
2240 5176 5
3630 4949 3
1604 2317 2
176 2702 5
4043 5913 2
1164 3155 6
3318 6292 10
4769 5708 4
226 6554 6
3886 4181 5
5160 6825 9
128 1647 6
3068 4713 4
3469 5846 4
2648 6473 2
1469 3024 3
1880 3735 4
293 4613 5
4693 5154 4
2564 3306 8
856 6119 3
2201 2903 5
327 5774 9
2903 3357 7
2737 3589 8
3882 5422 4
5153 5224 2
1989 4477 8
817 4645 5
4611 5517 5
2358 2987 4
1652 4352 8
2045 5178 5
2 1010 3
317 3140 5
6198 6409 9
1782 2966 10
1897 3997 6
135 3915 1
2035 6641 2
2180 2493 10
968 4070 7
4240 5189 9
12 5735 8
1220 4832 6
308 6810 10
571 1846 1
1907 2556 1
4909 5383 8
1090 1841 3
352 3769 3
3292 4463 1
2144 4718 7
523 5168 2
638 4394 10
4352 5565 7
1852 2391 3
2060 4057 1
3088 4048 6
3631 5421 2
3175 3582 3
3065 4535 2
1765 2144 4
5024 6200 2
468 6194 6
1644 2613 9
4889 6918 5
3341 6342 9
4367 6446 10
6760 6913 4
3594 6063 9
103 6707 7
174 397 6
1494 6706 3
1924 3334 10
4017 5982 4
2075 2956 2
749 812 5
5188 6561 10
3374 5916 2
1418 6190 6
3727 4304 6
1665 6917 9
1545 5490 2
2470 4503 6
3019 6080 1
1883 2878 5
2145 6555 3
2317 5944 6
2076 6796 3
4280 5936 2
4420 4465 10
2098 3032 1
3745 6481 8
4804 6688 8
4268 5323 1
4526 6823 4
2726 6747 7
972 2758 9
3664 6572 2
1151 4393 3
602 5808 8
2335 4560 6
5968 6910 7
773 6107 6
2063 6474 1
1787 4182 3
4157 4654 8
6812 6821 4
2103 2774 7
610 5362 6
88 1464 3
1017 1292 3
3041 3358 6
158 2620 1
817 1246 2
1475 3508 9
713 6407 7
2403 6750 7
184 1425 10
2424 3954 10
596 2687 3
3177 6415 8
1662 6274 4
527 943 7
714 3404 1
119 4303 2
4355 5630 7
4259 6593 10
1135 1213 6
381 3244 6
1252 4749 3
3111 3782 9
1458 6855 9
4271 4757 8
1614 6643 6
898 6991 1
790 4771 4
1972 6883 8
598 2009 9
2130 5751 9
4665 4859 9
2960 4781 7
463 4506 1
1701 2389 10
2550 6132 3
2876 3782 3
551 5714 6
2423 5860 9
1116 1799 8
326 5849 9
3221 5176 4
485 4758 2
379 6747 9
3795 4158 4
1203 1648 5
482 828 8
1600 3010 9
1292 3926 6
2709 3719 9
4307 4919 2
2602 4728 10
2242 5379 6
78 2084 4
1943 4981 1
1244 1871 2
2911 6049 9
2745 5416 1
566 4041 1
970 6039 6
609 4247 1
2031 2926 8
445 3914 4
346 4673 1
5459 6894 7
1740 3432 8
1987 4612 8
734 3394 6
2073 2829 2
3403 3643 4
2407 3274 4
543 2557 6
853 1743 9
3076 6738 1
2004 5220 3
136 4263 9
2941 6703 8
1914 5668 10
4162 6514 8
1453 4188 9
2714 4400 8
332 1294 4
2811 3134 8
462 5399 1
5021 5233 10
2826 4686 3
2235 3258 7
5028 6057 3
1805 2286 1
215 1273 5
97 3199 9
1876 4036 1
3218 4647 7
106 2696 1
893 2102 9
698 2410 9
3403 6965 4
3085 4244 5
4956 5408 5
296 5842 4
1456 4608 2
620 3733 10
1452 6021 4
31 6251 4
3201 6784 1
1577 5790 8
757 5188 4
2141 4259 8
1660 2059 9
73 5529 9
2064 5714 8
1609 4919 10
3363 6706 8
133 1453 4
112 3087 7
328 6346 1
2079 4318 8
707 1280 5
383 4185 1
1573 3438 4
4637 6592 8
1266 5547 9
3862 4007 4
370 5694 2
2601 6889 6
1242 4526 6
3106 3938 3
3778 4053 5
3300 5918 10
2379 4749 9
3671 3800 8
2715 4300 9
5557 6473 6
2517 4595 9
2772 2902 3
6135 6766 7
1803 6281 2
2965 5433 8
97 4045 3
2689 6727 10
4243 5257 3
116 6802 7
6154 6849 4
137 6360 8
4588 5630 3
2779 4522 8
459 675 8
1240 2258 7
2867 4316 6
3071 3594 7
2994 6146 7
3394 4517 5
1422 6024 2
340 3677 1
1028 2930 5
4851 5394 1
1757 6312 9
705 5381 10
1532 1576 10
3801 4417 4
1675 5460 2
85 1245 2
3939 4721 2
3793 5423 5
3003 5791 6
2274 4280 6
748 5434 8
4295 6327 5
1182 5720 9
161 5233 3
5646 6393 2
3868 5164 1
2682 6726 7
3940 5278 7
484 2520 5
3239 4685 7
2243 3415 2
2991 4148 9
3566 6046 7
616 4975 6
3439 4416 10
3376 3396 5
1133 4485 10
4541 4787 5
148 5305 10
218 4977 9
1039 2107 7
3749 5326 8
1846 5498 10
3013 6120 6
2883 3390 1
487 1344 5
179 5043 10
1197 5642 7
155 3997 6
2412 5079 10
4655 5418 7
2524 4837 2
1865 6818 9
204 6895 10
2569 4677 4
1066 5460 6
3126 6989 2
569 3718 5
2875 6563 4
1504 5599 5
2652 5423 6
1196 6819 6
4633 4796 7
2506 4264 5
2392 3522 2
2922 6812 2
4001 6986 10
1760 5915 7
4182 6948 10
3456 3879 8
612 5615 4
1319 3732 3
2184 3554 9
4452 5868 8
533 3256 4
3824 6372 5
4527 6589 6
4733 6257 6
851 1230 5
3636 5833 9
1686 3366 9
193 466 3
1971 2796 5
4543 6582 3
1351 6931 8
863 3959 8
29 5769 8
852 6180 4
1583 5149 7
5911 6375 1
4822 6327 10
2179 5833 4
1516 4018 3
3230 6743 9
5173 5894 9
3411 3440 9
611 4429 6
4706 6999 7
3356 6904 9
1952 2399 10
159 5597 3
2745 5786 10
2666 3951 9
303 4132 3
3831 5856 8
2286 5366 1
2969 3617 5
1827 3808 2
1373 1488 8
1292 2249 1
1724 2531 10
3011 5171 4
334 4154 4
89 132 9
1342 6226 1
3197 3312 3
5857 5874 5
2352 2919 5
347 3993 1
3054 5545 7
4213 6523 10
2197 5231 10
3281 3923 9
2087 2747 1
1039 4009 5
4335 4955 6
754 4458 10
748 1667 2
944 2766 7
4057 4750 1
405 5982 9
1856 5599 2
719 4041 3
174 2102 10
1387 6881 10
4744 5288 3
622 6114 7
98 2565 2
2933 5178 5
1005 4558 3
1582 3173 8
305 2022 8
3546 4932 5
2296 3249 5
1922 5618 10
2402 3113 2
2179 3332 5
1145 5943 10
1425 6381 4
311 1302 1
964 1190 3
1026 1500 4
2848 5080 2
867 3934 8
1118 3183 1
2575 5185 6
795 4813 2
4766 4924 10
1123 6716 2
577 1736 10
1473 2072 2
3717 6767 7
1325 1975 2
2006 3107 8
1947 6323 10
749 922 4
1893 3841 1
1689 2409 10
6625 6950 10
1430 3919 9
4561 4614 2
1070 4114 7
1303 4153 8
1644 3262 9
784 3200 1
1378 1402 5
2814 5010 8
1144 6409 10
1740 3494 4
2212 4155 10
3332 6769 3
292 3948 9
220 2198 8
140 168 10
2401 3271 6
2378 5361 5
1014 2028 9
602 5924 6
880 3311 2
1292 4577 10
2674 2965 3
636 4591 1
3239 4726 3
3703 5596 8
6050 6182 5
3724 6087 2
1762 2364 1
780 1745 7
2286 2874 3
1907 2771 3
3160 4608 1
1186 3226 7
5459 5916 6
178 2548 3
2100 2558 5
5006 5489 5
2467 6421 6
222 1522 7
1053 3932 7
1120 2133 5
3068 5004 5
1283 5628 6
161 4185 8
3426 6551 2
2763 6486 6
953 2570 4
480 3993 10
4228 5349 10
1194 2390 9
2980 4999 4
760 6514 7
963 5427 5
5071 5215 5
3084 5943 3
124 6852 5
1372 6708 1
3798 4736 2
539 1833 10
386 5955 6
308 1120 2
2280 4817 5
4531 4945 1
489 3452 1
145 452 4
653 6130 6
5432 6536 10
3083 6206 2
2576 3657 10
1458 3001 7
5166 5874 6
4713 4881 6
1766 3313 5
298 6593 10
2521 6724 1
471 1682 4
4617 6657 1
913 1901 6
3245 3438 6
5823 6863 8
1903 6043 9
3321 4749 6
381 1976 10
5502 5546 8
1779 6825 10
4555 5189 5
294 4138 8
3007 3483 10
1685 5151 8
1293 6276 2
317 4352 8
1963 5283 8
139 3144 6
1088 1470 7
1002 4457 7
2881 3356 5
557 5468 1
1624 1776 1
1250 6434 6
1400 6557 5
1538 4628 8
4633 5606 8
3540 5730 9
4121 4840 6
2276 4909 7
1606 2803 4
4417 4555 3
3822 6346 9
1683 5648 1
106 1000 7
2378 3563 2
1350 4663 10
16 4020 9
480 2148 9
2378 5783 9
648 1868 9
329 5613 3
4925 6142 5
269 1886 6
1546 6440 8
855 4167 1
2852 3867 2
2845 4184 10
610 1126 9
6064 6682 10
902 3148 10
1831 4757 6
3367 5929 7
3196 5530 3
2317 5162 7
570 5379 6
3496 5180 10
882 3535 2
4124 4905 6
2743 6282 4
3529 3742 4
1584 2904 10
784 3052 10
953 4496 2
2786 6517 1
1245 1640 1
1768 6531 6
5763 6605 6
3254 4010 6
4248 5706 3
971 2831 2
2098 3863 9
3884 4290 4
3228 4287 6
2448 2815 5
2411 2792 3
1855 2194 9
3461 4474 2
669 2580 9
698 5378 7
1242 2568 3
3141 6637 4
3741 3983 4
2375 2743 6
4828 5194 10
157 2419 4
1555 4835 3
815 4474 2
2297 3200 6
326 5690 3
4394 4882 6
595 2831 5
3103 3405 6
1150 2280 10
1698 6863 3
2443 6659 1
912 3433 10
575 2152 7
6192 6633 4
3725 4607 7
4655 4694 4
2250 4159 4
2398 2690 9
1566 4286 4
351 3268 8
409 6870 8
3951 5343 8
2268 6005 7
2461 3907 3
3289 4957 5
190 6488 4
3047 4219 9
2775 5958 3
1740 4815 1
1449 1771 2
1634 6895 5
447 5816 10
618 1272 4
1465 5293 6
2968 3095 2
3032 3772 1
39 1099 8
2859 5595 7
1561 1791 1
4891 6333 8
1877 2644 6
492 3207 5
3721 4321 9
1912 5195 6
608 6737 10
2409 3125 2
2041 3689 7
1111 6334 2
345 5683 2
1348 1353 5
2007 3148 10
959 3295 1
261 600 4
2344 2959 6
3460 4735 1
4692 5433 4
1185 1658 5
2542 3171 2
1149 1523 3
4116 6062 2
357 1966 7
374 3524 2
1077 6288 8
3256 6642 2
1660 4171 2
2663 5726 1
3354 4271 7
1148 3934 1
3331 6006 5
2270 6411 10
3456 3755 8
4451 5623 5
398 6718 7
1095 6218 1
2220 6226 10
50 1995 9
5851 6665 7
2277 3483 6
346 1104 10
2025 2343 10
325 1483 2
3524 6054 10
4594 5123 6
107 5010 3
1650 2391 10
285 3636 8
2153 5035 8
2694 3988 2
430 720 5
909 4562 8
5787 6483 5
4486 6593 10
677 4336 9
1541 5224 5
3553 6074 9
754 1854 2
487 1056 1
4709 6872 9
2987 3100 3
4418 4668 8
1083 1762 10
906 6893 6
652 4753 8
302 5750 10
3776 4308 3
1640 3243 10
3070 5411 10
4856 6025 2
1245 4611 6
1851 5406 5
552 5123 1
1878 5856 9
578 4085 6
525 3315 1
1233 4681 6
3849 4433 6
300 3133 1
556 1409 3
1718 5347 3
3005 5120 1
2428 2917 8
1115 3750 3
1225 4497 7
6087 6390 6
1223 4239 2
2589 4497 6
247 6131 8
4048 6898 9
513 6657 4
2964 6545 8
636 2916 10
325 2418 2
1314 5187 8
736 862 10
1738 4352 2
3226 3723 5
2524 2543 2
4202 6175 9
3413 6967 9
2322 4651 5
2548 4039 10
629 1098 9
594 5986 5
2513 4213 8
1231 6882 4
3078 4942 7
3210 6441 4
1000 1155 6
581 751 4
3391 4813 5
426 3746 6
5011 5940 9
3062 6074 8
464 4454 7
1856 6135 10
489 1258 4
5251 6564 2
626 1915 8
1491 4952 7
1310 1951 9
1729 6109 5
3802 6337 1
2298 3891 3
1414 5526 3
2226 2295 4
42 2550 6
3125 4369 8
3850 5274 5
5602 6087 5
3756 6191 1
3295 4767 6
1524 6423 2
1650 3732 2
3189 6174 6
4953 5150 10
3175 6459 9
5520 6604 8
4565 5884 3
5771 6820 5
1361 6888 3
3001 5716 7
1439 2148 8
4413 5359 1
6 2449 5
194 3262 3
1069 6075 7
923 2639 4
3741 4862 4
556 5646 10
6058 6240 8
1683 6722 7
4324 4689 1
3289 5532 7
2400 4922 6
77 2848 9
4197 6546 5
373 5661 9
1786 5457 9
621 6209 9
999 1580 8
2228 3185 1
178 1822 6
843 3436 10
5047 6017 5
4862 5661 6
412 5898 5
232 245 6
1805 4508 9
1435 4535 1
2350 3985 2
2446 5177 6
928 2643 5
3496 3602 9
2393 4701 4
1537 5497 1
3693 3810 5
3306 5299 8
1186 5355 10
2894 5487 3
2849 3938 10
3569 5788 10
2115 4595 4
318 2522 7
1896 6790 5
1271 5959 5
2414 2514 4
797 4115 7
4589 5657 9
3537 6542 2
4141 5522 1
902 1639 5
4792 5015 4
3898 5414 3
1539 4286 9
1491 1516 8
1788 4836 4
2909 3291 1
2514 5844 7
3309 6614 8
1167 2019 4
484 3654 7
5872 6499 9
2592 3106 5
2847 5228 7
6241 6498 3
5337 6473 1
2340 3168 5
31 2263 1
1405 5091 4
4331 5427 9
1406 1586 2
1601 6316 8
322 1069 1
650 4660 3
1417 6205 7
4683 6728 3
5220 6174 1
875 1069 5
842 5220 1
2979 5904 5
783 6754 7
104 6887 8
179 6486 4
5230 6718 3
116 1556 8
2908 5522 4
928 4359 1
1148 2875 7
829 2615 10
112 3675 5
184 4243 10
3348 3665 10
2347 3610 2
76 5596 9
346 4646 2
92 4116 5
4903 5306 1
2208 4639 6
3232 4116 4
1399 1732 1
29 3925 2
998 1933 1
6694 6699 2
2065 5343 10
1418 6913 10
2646 4479 7
4561 4818 1
1771 3576 1
304 4640 2
1531 5843 4
2268 2389 3
2738 3218 5
792 1943 8
1358 6649 3
1292 2870 5
328 6374 3
128 6263 8
2760 6319 8
2109 6505 10
530 703 2
1853 3885 9
1062 6072 2
1116 4151 2
4505 6388 5
3135 4836 9
2753 5315 4
220 526 3
1579 5942 3
5171 6352 7
1186 5781 9
3062 5868 9
1398 6185 1
371 2111 7
1832 5548 2
2100 6782 6
1457 2090 2
4003 4571 7
5506 5856 10
339 5168 3
1151 3606 5
2038 3922 10
1146 3803 2
3868 5258 3
5807 6155 7
1032 4808 2
81 3440 7
1257 1568 8
3569 4775 2
2973 3768 3
1227 3457 9
4399 5383 4
2070 3716 7
725 3211 2
4113 5167 4
3227 3722 5
4695 5791 9
1063 4195 5
394 4255 1
2884 5307 1
1556 4348 3
1075 5462 6
6482 6935 3
4048 4110 1
960 5899 6
1006 1115 3
747 4398 9
1662 2548 10
635 1020 2
840 4291 9
1270 4678 3
4327 6829 10
4015 5923 6
1263 2100 6
1146 4824 6
3998 6968 3
180 1233 7
4252 5684 6
3261 6425 8
2243 4962 9
3902 6274 4
1300 2604 8
484 1393 8
3688 5651 8
3712 5612 10
733 1305 8
1246 3186 7
44 3229 5
2881 5915 3
2679 3668 4
5894 6951 2
981 3339 1
214 3597 9
3765 6560 1
4143 5021 6
2178 2284 5
1454 5046 1
4095 5567 8
3004 5677 8
899 5831 8
1836 5552 5
4256 5734 7
369 1860 5
999 4775 6
2767 2828 5
1324 5196 9
2727 6418 3
402 2497 4
1347 2897 5
1841 3169 6
4032 4716 8
4471 4607 5
410 6037 8
182 261 4
1806 3435 6
3286 3850 7
1474 2046 6
945 1940 2
737 1868 4
2502 3296 8
509 6110 1
3691 5989 2
1946 2471 1
343 2308 2
185 1082 3
1776 6716 5
3303 6522 8
4612 5656 4
4134 5415 2
829 1908 9
1334 4136 6
4057 4729 4
2037 3701 5
1095 2357 7
2728 4843 1
386 4648 1
2137 6789 10
2396 2779 9
1814 3633 3
802 2208 4
3922 5414 5
2456 3210 9
2205 5791 6
4564 6720 3
1063 1535 4
3559 6269 1
3601 6713 5
6545 6933 7
472 5980 7
272 4028 3
735 2409 1
2665 3947 7
1011 6618 10
5014 5288 4
1011 1226 1
4230 4469 1
1255 6913 3
790 1841 4
464 3040 10
339 1956 3
3062 4855 10
802 1553 3
1597 4505 1
3870 4538 10
411 2621 9
1164 1325 4
84 5602 10
1191 3944 6
4602 5170 2
2408 6809 10
1888 5757 5
612 3929 3
1913 5617 3
1085 3561 1
114 6468 2
603 1053 9
1248 3763 9
1634 3272 4
2372 3442 2
3163 4567 2
4605 5860 9
1728 5683 6
1755 3822 1
826 5202 2
4511 6556 9
223 4417 10
6707 6726 1
377 1124 6
94 1580 1
1060 3883 1
1800 2457 1
1871 5616 10
6438 6485 1
1721 3714 10
3253 6942 4
1250 2284 3
4267 6437 8
333 1889 1
4443 4638 2
3946 6860 6
1065 3940 5
2688 5917 1
359 2867 2
1700 3095 1
4786 6823 3
2732 5106 1
1124 2110 5
795 3454 1
5278 5289 2
6535 6832 4
86 4401 9
2827 5194 4
266 3206 4
138 3121 1
5488 6055 9
1122 2531 3
4059 5144 8
1883 2912 10
3541 6471 7
4046 6581 9
2590 3459 8
1604 6399 5
2534 2790 1
3913 3941 7
3223 6626 7
5072 5505 5
1941 6375 6
2749 6502 3
1669 3244 5
4291 6321 4
2693 4516 7
2551 6983 9
159 1209 1
979 6073 7
3330 4230 7
514 2091 5
1900 4184 8
4650 6392 6
2105 6831 7
851 2405 1
1064 3954 9
1821 4830 3
5 4950 7
2770 2935 6
1858 2396 4
1240 2091 2
16 229 8
2298 3094 3
3344 5606 5
4077 6172 10
1481 3063 7
2010 2162 8
616 3276 6
19 1281 6
1819 3381 8
1216 1641 4
4333 5745 8
889 4798 6
2106 5341 4
1136 6039 10
1942 2820 1
2204 4862 10
3238 4936 5
1760 2575 5
2780 2859 10
5403 6169 5
1765 2273 5
421 2373 1
2524 4120 8
1206 3228 4
2589 4571 4
511 6508 5
2119 5101 6
2503 3766 10
3519 5043 4
1373 1822 3
754 5412 9
3079 3109 10
1732 2795 5
375 2767 8
2560 4210 7
3427 6457 2
2052 4992 5
5657 6723 6
5424 6159 8
1760 2925 4
445 957 5
2931 3918 2
1898 2532 8
6000 6826 7
627 1171 3
1400 3378 2
2204 4926 3
2780 6551 10
2114 3561 7
426 4927 10
3732 5872 10
160 2852 9
561 6206 7
733 4631 10
2810 5919 4
74 700 8
2315 4629 4
3838 5250 6
2796 6069 2
1391 4632 4
3357 4201 7
1717 2605 4
2199 3821 3
334 526 4
1591 4912 6
2714 5301 1
2164 3297 6
2440 6789 2
4705 4708 4
3216 6671 8
2609 5657 6
1549 3414 5
4418 5894 8
4109 4541 9
1551 6292 7
1010 4248 3
1757 3022 1
2242 5745 7
1759 2161 7
625 4348 10
225 5049 8
430 4664 9
2276 3249 9
1167 3170 3
4196 4285 2
6196 6420 9
3579 6121 9
4835 6244 1
6137 6681 9
1821 2634 4
726 4408 6
1877 2889 9
173 1737 2
572 3754 4
145 5715 4
1308 1980 2
1980 2262 8
3149 4720 7
2400 3417 4
45 1206 7
364 1056 10
2311 5225 10
2225 6727 6
2630 6132 8
5018 5141 2
3633 3827 5
1886 3016 5
2986 3778 7
1377 2609 4
3070 3784 3
86 5231 1
274 1359 6
515 779 9
5159 6584 6
54 6483 3
807 6149 9
479 6578 7
1712 3753 1
1678 4876 7
443 3596 5
1415 3356 1
168 279 8
337 786 5
841 4557 9
1567 2106 4
6263 6974 2
3017 3683 10
1841 2712 5
5169 5361 9
5320 5503 9
728 6143 4
3306 6701 2
1225 4793 10
3112 6975 6
3654 6500 8
2534 3369 5
2466 2926 7
396 3457 3
589 1730 7
729 6686 1
3103 5429 3
1760 2188 9
785 1618 2
1219 4430 10
767 5768 5
1719 4695 5
4424 5917 10
3806 5302 3
325 4291 10
2024 5650 1
2634 5994 2
3329 3485 10
94 1479 6
3535 4024 6
1919 2830 5
681 6191 5
3255 6496 7
960 3269 1
1063 2149 2
1324 2465 4
4093 6090 10
3275 4634 6
2989 4849 8
749 4634 1
2441 6214 10
3820 5857 1
210 751 5
3348 3464 8
1987 5805 1
4089 4926 3
4030 5495 10
3584 4764 6
152 6105 6
681 5066 9
5745 6463 10
774 2806 1
1305 1988 4
1324 2732 1
173 1263 2
749 2812 3
2344 5431 4
727 4490 8
825 1081 4
62 958 6
4248 6009 2
1890 5542 1
1559 6325 7
4680 5291 2
1743 4480 9
225 5094 4
1983 6733 9
2037 3782 8
777 6040 8
1360 1945 7
522 902 7
3191 4606 3
4680 4739 8
461 1588 6
539 944 1
1098 3270 4
1178 7000 10
2476 2798 4
6156 6447 8
3414 3740 3
5108 6301 1
5045 5832 4
140 2506 4
3395 3656 4
650 4389 4
1976 3096 1
309 3656 8
4348 5424 8
5375 6645 2
3207 3239 8
1522 4106 10
5928 6178 9
3267 6922 2
1104 5512 9
996 1894 9
4133 5571 7
3045 4158 6
4532 6978 2
754 4105 10
1324 6137 9
187 4501 9
2289 2807 8
902 2845 10
74 3511 3
1918 2047 7
1249 2146 5
834 3486 3
2479 4501 10
399 6838 7
979 3657 3
4938 4947 7
1179 6846 8
186 3082 5
761 6809 7
3507 4144 10
1290 1851 9
1836 6906 1
2209 6490 9
1034 1757 6
2784 6780 6
4838 6107 2
504 1818 5
6501 6644 4
2326 5882 6
3175 3667 3
815 2690 7
1948 3593 2
4489 5117 2
2418 4023 1
5516 6048 7
2327 5235 10
1802 5561 9
1487 4061 1
1416 2564 10
2152 6033 10
579 6102 8
2798 3953 8
613 4903 5
3123 3295 8
839 2745 9
3096 5128 7
2617 3566 8
3525 5600 2
727 1650 3
4787 5663 3
980 1293 10
2958 4922 8
1989 4237 6
356 4655 7
2527 4099 2
859 873 7
1827 2926 1
3169 4235 9
130 6354 4
425 4178 7
3996 4296 8
1484 6772 7
2328 2842 2
5221 5882 9
690 2284 1
1269 5381 6
502 2737 5
36 1341 6
3574 4054 4
3078 6479 4
2635 5625 1
2003 5989 8
2916 6100 2
409 1927 9
527 3292 7
202 5310 3
904 6969 4
2431 2766 4
4832 5843 2
5731 5832 1
1491 2664 6
3604 4535 3
5784 5954 8
2710 4392 7
3018 5657 4
351 2901 10
1036 2043 9
4146 5408 10
4698 5147 2
4486 4872 1
296 885 8
2721 4072 9
2311 6706 9
1451 2588 7
2954 3106 10
2375 5343 5
80 5550 10
823 3663 4
4331 4561 5
241 2959 1
3024 4401 3
1471 5900 6
2697 4527 1
4229 6685 2
4011 4800 5
1570 6509 7
544 1849 8
4607 6682 9
2152 2692 5
1027 3287 7
4208 6807 2
2481 6607 7
3254 6505 1
1237 3386 6
1571 3826 3
3689 3954 2
735 3952 7
156 6054 10
2455 6577 2
4073 5673 2
602 3339 2
2247 6623 9
920 4115 2
4617 5145 9
5498 5906 5
723 6948 3
5248 6286 8
2938 4921 5
566 1594 4
2614 3255 6
150 5340 6
3338 6078 5
2202 4943 10
2390 6663 5
1933 5531 2
3032 5917 7
3617 6363 7
77 4672 8
3192 6044 10
5982 6337 1
252 5921 8
2989 4619 10
559 925 6
288 1090 4
1731 6456 1
5101 5656 8
3765 4063 2
392 1784 2
1454 4161 9
18 2643 2
2790 5743 4
2238 4742 4
410 4496 7
1127 6447 7
4140 6516 3
1708 3964 10
3525 6874 2
2220 4676 7
1289 5735 2
991 1583 1
2585 6323 4
1713 6110 2
576 3875 6
1060 3762 5
1481 4995 5
806 2894 7
3006 5016 7
996 2213 2
4926 6341 8
467 2607 8
4686 5505 1
1149 3811 8
5000 6373 9
1332 3740 3
1471 6801 7
94 1596 2
4890 5776 9
704 2030 7
3357 6623 2
564 4905 6
2900 3582 9
170 5387 3
245 3601 10
186 3694 7
5123 5706 3
4455 5213 5
4370 4817 5
1048 2962 7
3489 4056 5
2403 3926 1
3869 4079 5
3291 3644 8
633 3343 6
1995 3480 2
3385 3414 6
654 4591 6
70 4028 9
525 3452 1
1103 3440 4
954 6110 4
3694 4480 10
6026 6164 7
169 4071 6
1343 2878 10
1860 3089 1
47 1592 4
1725 3456 4
2208 5935 5
4467 4478 1
860 2686 9
311 6408 7
582 747 2
1478 3682 9
2755 3822 9
5227 6777 6
889 4901 4
812 6514 1
1177 1976 9
1199 1486 2
793 6046 7
2549 2758 6
1673 1946 9
2783 4776 8
147 5818 9
70 4161 4
1815 5868 4
2724 2977 5
521 2635 7
5538 6451 2
5615 5802 5
475 5345 9
6529 6536 10
531 6436 5
310 1491 3
3016 5567 2
1840 4991 10
1294 2174 3
2303 6977 1
4361 5329 7
3130 5768 1
4451 5551 7
54 6235 2
1577 6707 2
3430 5927 2
4832 6058 3
670 2141 3
1787 3771 4
2006 4463 9
530 2010 7
2244 2426 3
2734 3920 3
2661 5122 5
787 4961 5
4015 4807 3
3085 6942 3
2986 5120 3
14 4816 4
2868 5146 4
520 4718 3
2743 5003 3
3694 4652 3
32 4328 1
3358 4969 5
5508 6207 5
3916 4217 8
830 6349 4
4264 4460 4
4708 4991 9
2540 3112 9
82 2680 3
4685 5435 8
1701 2975 3
1649 6995 8
113 6514 6
1026 2033 2
4596 5278 3
819 3084 6
491 2350 1
1434 3162 1
2848 6855 7
2553 5821 5
372 4749 2
3885 5783 3
1935 5413 4
5903 6254 1
2318 6173 8
253 4105 9
3122 5162 6
230 4465 1
440 4091 3
805 5291 9
146 2782 1
1221 2214 6
2654 3052 5
3249 4125 1
2576 3200 10
2505 6720 6
998 4397 6
5883 6965 8
1656 6340 4
20 2797 9
4604 6656 6
2254 3753 8
116 3263 2
602 5070 8
2026 5534 8
3665 5140 3
557 6058 3
1175 4553 2
116 6545 1
903 2287 4
3422 3964 8
3097 4934 5
3604 4215 9
3045 5940 10
4379 6914 10
6194 6922 6
2338 5941 10
3169 3842 5
689 924 6
3480 5258 1
281 4587 8
2556 3321 4
2782 4713 6
2492 6251 1
352 1114 5
2159 4490 9
1460 5658 6
2192 2362 1
3617 5545 6
386 2128 10
464 3305 8
863 3487 3
1005 1906 3
793 1628 10
3127 5202 4
3213 4664 5
601 2286 8
4577 5384 8
6321 6713 5
2124 4223 8
988 4073 9
1163 2323 6
523 5684 2
241 1923 8
617 1186 4
2838 5166 9
3727 5298 10
968 4468 5
687 2031 4
3325 4490 7
508 4183 9
1897 2733 6
937 4590 3
3840 4484 10
1827 6737 10
5792 6030 3
6419 6564 5
3181 3875 4
3724 5914 4
2770 3423 5
1303 4154 4
3150 4277 4
4672 6649 4
1910 2110 8
3232 6564 3
1429 4991 3
2595 6737 10
3926 5654 2
2241 5809 9
1256 4784 8
3481 4293 6
914 5593 6
3568 4066 4
870 3668 3
261 3241 7
546 4183 1
941 6350 4
1990 2512 9
1046 3396 2
3589 4861 10
5289 6843 5
5847 6134 10
106 1125 9
835 2039 1
2071 3510 7
2102 2152 8
2340 4494 2
2324 5822 8
1565 6299 3
1218 4586 4
1620 5797 10
2173 6800 5
423 2471 7
116 2549 6
2621 5289 7
4040 5151 9
17 1008 6
763 6905 2
2225 3692 2
2145 4483 7
722 5030 4
946 6823 5
2869 6557 9
585 5964 6
111 5429 4
1287 5490 8
170 3621 3
1295 1906 8
2139 2623 5
1619 5243 8
1767 4623 6
2795 2997 7
5005 5111 5
1639 3452 9
738 5535 3
6112 6552 7
397 1505 2
20 751 9
2767 5793 2
954 1365 9
1903 3991 2
4048 5036 6
2229 6488 9
2709 4009 9
545 4809 6
3848 5679 6
2255 3718 3
1900 5863 1
2022 4489 6
3262 3477 9
2026 4698 6
3551 6542 9
1190 3610 7
2575 3677 8
3369 5701 3
306 2969 5
353 4529 8
1631 3687 8
3035 4583 1
1661 3394 3
5512 6752 7
2207 4478 3
4685 5217 8
292 793 7
2889 3315 6
1270 3674 8
5261 5940 7
3831 5889 6
491 742 2
3862 4115 3
1434 6676 5
468 1941 10
1337 6480 4
3225 6936 9
55 3468 8
774 1311 1
3847 6510 3
2273 5801 2
610 3528 9
1132 3955 9
2208 3062 5
912 6603 6
2267 5222 9
3645 3770 8
3323 4016 2
3423 4243 2
2969 6769 8
626 1386 5
1407 2783 6
1013 4865 7
513 5662 10
490 2568 6
919 5565 10
3975 6667 3
206 1061 6
295 1418 1
3240 6422 1
2877 6538 4
1636 6555 10
445 1380 4
3331 4789 7
2630 4796 6
3141 6735 7
739 2963 1
241 1081 2
2779 5662 7
1913 5856 6
3781 4404 2
1330 4893 8
423 934 10
580 934 4
162 1183 8
1324 5866 3
3691 5169 4
4933 5590 10
829 4590 2
1476 2605 5
2466 5937 7
3901 5672 5
2900 6412 3
2678 4720 5
2274 4050 10
1117 6257 1
1656 3547 6
459 3452 2
197 1120 6
6446 6972 9
4518 5072 3
921 3703 9
1589 2160 1
268 798 10
2181 5039 8
1258 5183 5
1145 1900 7
1970 6927 3
1063 4792 9
2062 2296 9
2023 2991 3
830 4285 2
661 3997 2
1065 1238 1
2771 5025 2
4514 4652 9
3534 5876 8
3609 4277 3
749 3264 2
2692 6704 5
303 5457 8
238 4300 4
2607 3622 5
1196 6621 4
1377 6720 9
2704 4612 7
77 3584 5
824 2254 10
1686 5323 10
4879 6954 5
4984 6990 1
34 2444 10
1740 2877 2
2584 5747 10
805 6840 8
789 4815 1
615 3361 8
1568 2078 10
1550 5893 1
1021 4449 4
27 4647 2
2327 2657 3
1427 3149 4
1666 3196 9
931 4510 1
4130 6997 2
1995 5433 3
388 2953 6
3829 5158 9
164 3452 8
1031 2791 8
3724 5902 5
5734 5889 4
280 2350 4
3610 3679 3
4121 6163 3
932 4504 3
1244 6698 10
2411 5631 9
1955 6918 8
1987 6073 9
1873 5769 1
629 4090 7
5166 6424 10
3935 4061 7
4517 5539 1
1168 1236 8
1444 3855 4
4232 6622 10
4388 5361 5
3115 5720 1
1936 2603 6
1389 3716 2
1226 4062 4
1853 2113 9
2430 2911 2
700 3993 2
3584 4134 8
2229 2964 10
5557 6452 1
1091 5681 7
5539 6736 10
2950 6097 3
510 3169 1
308 3786 8
2278 2443 2
3305 3410 6
1483 5001 4
112 3630 7
1325 2349 8
1122 2155 2
4281 4878 6
1641 1660 5
6183 6548 6
2392 5182 9
1028 5877 8
1830 2783 4
3382 3743 1
191 1914 4
4234 5959 3
447 5730 4
466 3498 10
338 1403 3
259 6644 6
2807 4430 7
4015 4193 4
2016 4688 4
780 4005 8
2779 5809 4
6622 6775 10
228 2681 4
2096 5397 7
2025 5566 5
2174 3079 6
4852 5582 3
2367 5531 3
3813 6824 4
2290 5422 3
3092 4965 3
3064 4064 6
5053 6203 7
1911 2293 1
5070 6721 9
157 3038 1
1893 3120 7
1120 5181 10
1866 6111 10
235 254 1
9 1587 7
710 5082 10
541 5059 2
395 2361 2
3164 4456 8
3448 3988 7
1036 2327 1
1353 6848 7
1208 3243 6
2269 6453 1
5683 5699 4
5183 6659 8
1889 6907 10
1671 4267 9
829 1503 5
2843 5762 5
3092 4487 2
211 4575 10
4518 5813 7
130 3572 7
3328 3913 9
4572 5917 2
3434 3863 5
1656 5517 9
2848 5471 4
212 859 9
3944 5864 6
5104 5965 2
305 2628 10
1519 1698 2
2374 3554 2
5599 5716 7
3593 4136 2
3332 4167 3
4560 4693 10
3258 6666 6
1618 5676 7
2368 2523 2
1853 5016 9
3086 5262 6
1980 2056 7
3515 4131 9
5486 5888 5
2666 4329 9
2559 3156 6
1168 3565 10
494 5505 10
2391 4191 6
467 3602 6
3294 3905 7
1308 2823 7
1560 2655 7
3657 6227 1
720 3443 4
3085 3997 1
2278 5496 10
155 3716 3
2649 4822 4
402 1905 6
3641 6038 4
2921 3231 10
3107 6646 4
820 4199 3
572 6708 7
1425 6467 10
2427 6131 4
2065 6289 5
2335 2457 2
328 990 9
3320 3508 7
1345 2775 10
4224 5435 1
4016 5743 6
140 6401 5
1507 3901 5
848 5155 5
2183 3360 8
1615 4719 2
285 3146 4
1274 4184 9
4120 4356 5
4504 4667 9
3083 5292 1
1165 5167 5
15 2888 1
4972 6323 5
143 5476 2
866 1621 5
172 3172 10
350 5587 7
2112 4065 8
4047 5514 6
713 5271 3
3395 6660 3
2145 2850 6
1387 2074 5
810 873 6
1726 4089 7
1215 5070 10
3722 5127 5
3993 4534 4
2642 2947 1
1473 6538 9
991 3368 9
3752 4179 9
1031 3919 5
1970 4172 8
2897 3562 1
240 773 8
4592 6844 4
1705 2890 2
1435 4155 1
971 2542 8
2989 4424 4
316 5368 9
1139 5993 1
1998 2930 8
981 4797 5
231 4797 9
3976 4301 5
1184 5819 5
4649 5229 6
695 6218 5
363 2304 1
288 1369 4
2278 2555 1
4072 5439 1
936 4957 8
3453 5243 4
1721 6198 4
3448 6286 10
3291 5475 9
3510 6305 5
1518 4105 10
2756 6827 6
1147 2783 7
707 1917 10
958 1188 5
4599 4846 2
1419 5024 7
6004 6459 3
4861 6675 6
772 5759 6
5828 6161 9
2709 5711 9
1911 4368 6
414 1241 3
172 1780 8
2403 5414 8
1430 4648 2
1463 4807 2
4472 5361 10
2142 4656 9
129 2373 8
2229 5695 7
2908 6224 10
982 5329 3
115 2326 3
746 4085 7
50 4509 3
3252 4799 10
2690 4932 9
3071 3303 5
244 993 5
3310 4687 4
1964 4982 6
4264 6524 7
3997 6502 6
2408 6871 8
4677 4829 9
4837 5194 4
5458 5760 9
3482 6738 3
607 5160 5
13 6019 9
675 3403 4
99 6632 8
3020 4900 1
2551 5176 7
2082 2390 7
947 1776 7
1495 4037 2
1261 4028 10
1861 6398 5
1560 4187 10
2419 4701 7
200 2329 6
1412 3937 10
2018 6214 6
2252 4241 2
143 1990 9
425 970 5
3852 6776 3
2483 4761 8
1745 4203 9
558 748 9
4909 5655 9
360 2550 8
2253 3468 3
2814 5403 7
727 1527 4
3927 4580 7
430 3861 3
834 4399 2
4882 5490 8
1172 1359 7
2262 5699 8
3545 4991 9
297 3606 10
2744 2847 7
4923 6331 9
1810 6658 8
3579 4208 5
712 1562 7
318 1013 5
1662 6020 6
2606 3252 2
1064 6549 2
3052 5604 7
674 6685 8
893 1415 2
5215 6495 8
838 1664 7
4341 5948 1
370 2695 7
56 4616 5
1845 4036 9
1010 2792 5
1455 5395 3
1219 2215 5
6181 6904 9
2255 4631 5
831 840 2
1228 2973 7
1649 6809 4
2961 5464 6
4453 5084 5
1426 4675 2
3463 5559 8
2678 2783 6
832 1930 6
660 5920 10
5893 6535 5
1780 5512 9
533 4917 5
3712 4761 8
1251 5844 8
1253 6091 6
1799 6635 8
1058 1140 1
4996 5614 9
2844 5613 1
70 3046 7
360 3252 1
3472 4628 1
1526 1786 6
4441 6626 6
3802 6098 8
3689 5746 5
694 816 2
682 6413 8
2596 6644 7
2477 4021 7
3329 6159 3
2371 3879 2
1060 3140 3
3395 4279 8
3867 4278 4
1910 3642 5
100 4447 8
1785 3887 3
2314 5889 2
102 4715 8
5706 5808 8
748 908 5
960 5591 7
4762 5151 2
521 6184 1
525 821 2
2240 2803 6
5243 5992 1
238 2883 1
1463 4679 1
1493 5093 10
2517 5778 7
1080 2278 9
4052 5017 8
2858 3935 7
738 4522 9
3513 6206 4
3747 6345 3
336 5525 7
1839 6620 6
861 4593 5
1797 5923 4
3444 6821 7
1712 6918 2
3359 3564 10
2264 2733 7
543 3153 5
386 6937 6
1878 5400 5
1153 3518 3
1215 5549 4
2453 3961 10
1046 1839 4
3225 6961 10
4021 6090 6
431 3400 5
3191 4387 5
1756 2545 5
68 624 5
1155 3466 7
5623 5881 2
3638 4438 9
310 4637 6
539 6938 5
6595 6778 6
745 2883 7
4501 5207 10
2277 2588 4
2588 4900 9
986 3954 9
1648 6129 4
526 6873 6
437 4497 1
41 381 1
6431 6743 8
2884 4864 6
156 2037 6
871 6220 7
275 6363 2
1486 2795 6
1194 1845 3
1323 3902 5
942 6919 5
1557 3563 10
2443 2782 2
1275 1904 1
229 2717 9
5703 5758 3
1550 1718 6
2162 5160 2
1101 5358 4
3581 4597 8
854 4714 9
2077 3376 1
1623 2765 1
2817 3310 3
116 6070 3
3034 4868 1
630 3123 10
135 4429 8
2236 4973 9
3214 5460 6
214 5146 9
4897 6537 5
2117 2825 3
4116 5000 4
3439 6852 1
1601 2769 7
1437 3891 7
3768 6763 1
1804 5913 6
4676 5639 3
679 1228 6
2145 3238 4
1982 4955 2
290 4206 6
2237 3925 6
1299 4103 4
1199 4323 9
3268 3781 1
3292 4298 9
6055 6320 5
527 1401 7
1283 1660 2
1248 6556 6
2542 6842 1
2076 6705 10
5040 5588 7
129 1299 1
1118 5512 6
821 1292 3
716 4921 7
3192 4951 10
544 2126 1
2026 4409 3
404 5369 9
1708 3603 9
2964 3263 9
3857 6852 9
3477 3710 4
535 5989 3
3204 5601 4
232 2092 8
165 3442 3
2119 2646 5
3538 3568 1
317 6298 2
3036 4665 1
4652 5246 6
1159 4913 4
1090 4932 1
1563 1739 10
727 3130 2
1455 2884 7
2182 6989 3
228 2098 7
83 1488 9
2358 4536 4
1162 1947 9
5085 5345 8
3746 5479 4
151 379 4
5346 5503 2
4713 5569 9
1333 1561 8
5220 6461 6
252 294 4
2093 5594 4
207 930 9
2895 4659 1
934 4311 5
3506 4442 1
2474 3064 8
2458 3249 8
3976 5898 7
6298 6574 7
2390 3437 8
913 3585 10
1059 6412 10
991 3823 2
2252 4718 6
528 6716 8
2795 4018 10
2314 3208 1
528 1262 6
1566 2907 9
4200 4243 4
605 1585 10
4089 5939 10
3205 4481 2
1370 2315 8
5866 6872 3
2323 3330 9
4905 4952 9
717 3334 7
1401 2364 7
278 5420 1
4718 5884 3
4721 5164 5
5995 6445 6
2855 4069 9
327 4786 5
1853 5973 4
2637 4298 10
3730 5737 10
2600 4714 2
4532 5669 1
3265 6547 2
4424 6991 7
1566 5777 2
1480 4321 8
2310 6440 7
3077 3635 2
3220 4666 10
317 5666 5
2625 5844 3
3861 4742 3
2963 6979 7
386 5568 4
481 1983 10
2340 3100 3
6382 6922 9
2809 4821 1
1309 3980 2
2307 3969 8
915 4402 5
1474 3518 2
1404 1705 7
414 2112 5
1237 2468 4
210 3458 8
3201 6624 7
1544 2895 9
169 1056 8
1281 1661 7
872 4779 6
2508 6699 1
3353 5050 7
4172 4915 9
1910 5517 4
3172 3708 10
3073 4654 3
2305 2779 5
4566 5845 8
3255 6310 8
458 5652 9
4242 6796 1
5176 5790 8
1128 5258 6
4502 5255 2
429 665 4
1324 4902 1
948 5925 9
578 627 6
3576 4511 2
4080 5732 3
1571 4431 3
3873 4117 8
1954 4637 9
2603 5496 3
430 3090 10
4318 6625 6
2479 4512 9
2055 3106 10
1287 5036 4
874 3479 7
4426 5533 8
1799 3098 5
3416 6878 5
2391 6184 9
4480 5790 1
686 3024 3
4028 4417 1
715 1241 8
1436 3086 6
20 2210 8
1736 5337 9
1606 2031 7
5201 6304 4
2752 3312 4
3526 6802 7
3494 5412 1
4698 5583 3
2483 2516 9
4267 6223 5
1466 4754 3
5062 5392 4
2810 4752 2
2802 6802 6
3841 6258 8
558 2001 5
4320 6494 8
192 6897 8
754 1354 7
3740 4465 4
1585 3407 4
61 4492 2
476 3166 6
430 1536 2
3909 5323 3
470 3521 6
6391 6574 5
4621 6351 7
199 4676 1
959 3712 10
2519 3654 8
2223 3810 4
4027 6603 5
2202 2610 2
3127 3275 9
4248 6543 1
2648 6689 4
2226 3198 5
4402 6520 6
1355 6454 3
2544 6837 5
6280 6519 7
5389 5704 9
669 5346 10
2394 4394 3
778 4576 1
2565 4911 7
927 4330 8
4363 4660 5
3081 6665 6
359 6543 3
3310 4306 1
1839 1856 7
2986 4381 2
1292 2623 3
2995 5544 10
6139 6837 7
5120 5388 5
1909 5481 2
5226 5607 2
4404 5641 1
1950 5432 3
4535 5667 7
5243 6175 4
1329 3698 9
4157 6769 7
5630 6248 6
1432 4362 1
2305 2817 10
2636 4597 8
4777 7000 4
1929 3766 8
1994 2418 7
3716 6619 8
2069 4876 7
1875 3124 3
5800 7000 4
4344 6125 4
3659 5743 9
2527 6239 6
3012 4081 4
309 5492 4
1437 1505 1
2166 3544 1
160 1174 5
2140 5274 5
370 3394 7
6211 6459 1
2563 4647 7
168 612 2
4918 6891 4
2857 4590 1
4039 5378 4
3866 4176 2
3488 6221 4
648 1621 3
2316 5889 9
2318 3880 7
2707 5046 8
2346 5246 5
4138 5680 8
1554 2096 8
5500 5860 6
2850 6593 5
1074 2674 3
348 2158 10
1984 5591 7
2937 3422 5
1997 4676 3
2396 4498 10
1468 6296 4
22 325 1
3745 4640 7
1161 3046 8
2405 6585 2
4597 5564 1
2219 4584 5
1233 5374 7
624 910 1
4455 4849 4
1194 2115 2
3099 4051 9
2400 2854 10
5076 5585 4
3011 4086 10
93 2821 4
3006 6332 1
4423 4635 4
5097 6005 7
2252 4193 6
1933 6924 2
347 6407 4
971 4775 7
4627 6282 7
1691 4173 10
2319 3654 8
2488 4158 8
4791 5265 7
2589 6499 4
2576 4727 9
2256 3444 9
1862 5581 1
1751 5844 4
155 2600 4
616 633 10
593 1587 6
327 2548 2
4071 6288 8
4046 5178 5
1314 1413 4
1730 4142 10
4739 5363 10
121 6753 8
5028 5431 10
1489 2253 4
4248 4955 5
1486 4694 5
3250 6350 9
2884 4626 5
3993 5287 10
5067 6184 4
2217 6835 8
3564 4300 7
4910 5355 1
2692 4900 1
3309 4732 5
3147 6853 1
3784 4373 6
4373 4748 2
1898 5095 5
2124 2679 5
2356 4794 10
554 4617 3
1041 3227 8
868 5201 7
1568 2356 8
1242 2325 7
2293 6747 4
1277 4835 7
1569 1616 6
220 1256 9
3272 4321 5
455 3723 4
1234 4680 8
3311 5489 9
507 3447 7
6249 6647 5
2181 4107 3
1787 2199 1
2410 3856 8
4109 5279 1
1807 4274 10
1759 3119 6
2086 2955 7
841 3052 1
1790 2804 1
2758 4976 3
1014 1702 4
1285 2964 5
5236 5351 9
1446 2504 1
4047 5917 10
300 3116 9
3692 6786 5
2781 6728 4
880 2676 6
2012 6728 10
836 5140 10
4333 4646 7
2123 6551 4
2651 6775 10
3223 3480 8
3088 3183 4
6150 6510 1
6005 6617 9
1110 3199 3
147 3596 4
4144 4774 7
2615 4333 10
220 2866 4
3978 4619 1
792 5626 6
418 2030 5
1335 6220 6
1223 5047 5
2002 6700 2
684 5685 4
7 1857 1
344 4500 9
296 2346 4
6156 6614 7
1114 6924 1
6446 6686 6
705 4713 7
837 2395 4
5830 6983 1
1670 3621 6
1062 4066 9
2865 5975 2
3239 3510 7
1361 2058 5
3974 4870 2
2869 3678 1
2773 3620 3
763 4480 4
2743 6672 8
1222 6131 9
4553 6253 8
1920 4431 9
951 1781 3
843 2969 9
1637 4078 7
789 1133 7
3468 6426 9
1891 4485 4
75 1213 1
3518 4493 8
34 6623 7
471 764 3
4094 6124 10
4390 6498 5
703 3384 4
2231 3172 6
2066 3245 1
2175 4556 1
1205 4703 4
4473 4529 4
4336 5532 10
130 4026 4
2615 6225 5
1596 6076 3
1316 5489 5
2615 6434 1
647 4926 1
54 4900 4
959 5727 8
1187 6434 3
5982 6934 9
2643 4953 6
1565 4079 1
4716 4853 6
290 4522 3
473 1300 9
4380 4636 1
162 6401 5
2573 4762 9
1818 5114 3
1313 6501 2
3417 4958 5
897 1506 9
666 4769 2
3554 6125 8
1799 2261 8
3265 5166 6
1511 5318 4
2727 4055 6
347 4993 3
526 2490 10
1561 3989 2
3050 6257 1
885 1852 10
2336 5550 5
3217 5308 1
2812 6306 6
2519 2806 5
978 1242 3
2631 6104 1
1704 1872 8
257 2606 6
6442 6647 6
2368 3888 6
125 6355 1
303 5030 2
3280 3936 10
687 4578 6
4454 5792 9
2191 2760 8
3802 4987 1
6100 6456 10
1259 6827 8
4497 5197 8
2160 6539 9
2493 5173 5
83 1982 4
1944 4136 8
3478 4368 6
4043 4364 4
1226 4929 10
1307 3699 8
847 6584 1
97 5052 3
5597 6684 10
838 3123 10
2448 5112 2
1422 4799 8
1131 2022 1
6230 6464 1
3619 3936 6
769 3818 5
70 4023 1
226 4958 4
3340 6092 9
2660 4488 2
478 5212 5
5288 5353 10
5398 5865 6
1389 4705 3
2779 4367 6
6534 6977 1
824 4440 4
3125 4172 4
1360 3184 8
591 3477 10
419 1296 3
5494 6201 8
5337 6965 3
1368 6059 3
5039 6344 10
3653 3989 10
86 3928 5
1078 4763 2
5003 6709 10
643 2036 9
2359 3770 6
5677 6303 5
4009 6951 10
495 6307 1
1668 2658 2
596 3536 2
4200 4871 4
1111 3007 2
4324 5042 10
5423 6139 3
51 1420 10
329 5600 3
273 328 4
6524 6659 5
4652 5028 5
5147 6604 7
802 6076 7
5828 6829 6
3104 6304 4
2512 2674 10
3068 5976 6
3674 4677 3
1505 2609 8
2205 4534 6
73 502 8
4159 5182 2
4055 5601 10
458 4882 1
1676 4219 6
452 1730 8
5955 6963 5
526 3404 7
3833 4766 3
776 6234 7
1982 3302 6
2537 5915 2
1376 3628 8
4795 5349 3
698 1210 3
1805 4809 5
1380 5023 3
2734 4067 3
1488 6655 5
3673 5493 10
1420 6075 3
3132 6347 7
5705 5754 9
484 2309 7
1914 3714 7
898 2206 1
4883 6090 8
834 3654 8
1587 6879 2
611 3084 3
3197 3234 3
780 5537 5
966 5823 4
596 6995 4
3501 6046 4
4387 4676 2
3668 4922 5
3446 5519 6
3718 5023 6
547 1524 10
276 5194 10
542 4950 2
915 4849 2
3397 4797 1
262 4176 10
5098 6127 4
30 2200 1
3936 6269 5
2544 5620 7
1632 3000 8
3048 5599 8
1987 6585 9
1092 2279 1
1004 1036 10
2433 4730 6
289 5709 3
2635 6053 6
3202 4584 1
2373 4370 6
2080 6210 4
681 5121 3
3092 4081 7
2675 3864 3
2010 2922 10
639 2319 10
2591 3881 3
2498 4612 10
3067 3376 7
2474 6297 5
4545 4731 9
953 2958 6
942 2474 5
2726 2902 2
3258 3672 8
1121 6154 6
4395 4801 1
1582 5850 7
4308 6091 7
2757 5323 8
1492 3671 1
1146 3720 8
2157 4458 4
15 5738 1
581 3653 9
964 1681 1
2524 3846 6
2332 6656 6
24 2726 5
1127 4485 3
3564 5907 4
5833 6772 6
521 856 9
2778 4289 1
3572 4188 9
145 6966 7
2690 5009 10
328 1330 7
476 4333 1
1937 5729 5
2118 3441 9
4538 6363 1
4403 4634 1
4618 6178 8
1675 6975 2
169 2354 6
4386 5129 2
317 6633 6
913 1394 9
2511 4702 10
1235 6216 4
1562 6734 8
4497 4709 7
3117 4485 7
1630 2439 8
873 1995 3
2383 2536 4
2443 3777 5
3099 6171 7
2520 5650 9
154 3654 6
1008 6128 10
2241 6143 10
5521 6495 8
2805 3319 10
4217 4710 9
621 1732 10
1272 5416 3
3358 3746 10
2944 3172 3
3376 3736 10
1359 1513 5
5142 5654 1
1348 3977 4
2911 5785 10
954 3307 2
1772 4372 3
21 3459 1
2223 6583 3
1345 3452 10
1339 1946 1
632 3554 8
4537 6155 4
1089 2734 7
907 2686 5
238 4489 5
6097 6673 7
3955 4244 8
748 5722 2
367 5586 2
1153 4914 2
87 3186 2
1829 5479 3
2149 6104 1
1516 2527 9
1367 5865 2
224 3147 10
2671 3629 2
418 5188 2
828 5253 2
1280 2731 6
65 3439 9
434 5294 6
1907 3810 5
1350 6171 9
2622 5717 7
1869 3286 9
5264 6080 5
2057 6815 7
1094 3457 1
1700 6586 3
396 2998 2
2247 3182 6
5233 5482 6
990 3205 9
1719 5687 10
1388 5173 7
1714 4062 6
2800 3296 9
139 6616 3
2278 6663 9
2879 5006 4
4663 4883 1
695 4276 1
1798 4573 1
1013 5052 7
5689 5810 8
6208 6709 2
3489 5221 2
3252 5039 3
3964 6814 7
2273 6696 8
1768 6197 8
273 4448 2
5195 5563 8
300 6000 10
482 2692 4
5410 5853 5
4168 4752 8
2149 2897 1
3681 4273 9
756 5977 1
1576 2153 6
1319 2101 10
2955 5829 9
1883 2762 6
104 3687 7
3300 5591 9
5972 5989 3
2322 4146 3
3233 4410 8
2479 2705 9
202 4026 2
3344 3430 5
2829 3492 8
3648 6321 1
4001 4883 6
4321 5612 9
1724 3297 2
308 5923 7
286 3520 2
4255 5932 1
725 6550 6
1828 3540 5
3320 3334 4
768 3844 7
321 2979 5
2708 6040 2
1034 3609 7
4818 5247 9
1601 1813 3
3967 4344 2
1780 5873 8
2559 6420 10
369 1606 10
3544 4273 6
3002 4471 8
2286 5954 5
460 2844 5
22 2905 8
2761 5253 9
1133 1879 2
3857 5918 9
4518 5344 10
1775 5133 1
798 3766 2
3378 4392 7
2089 3984 9
974 2746 5
4648 6289 1
2138 5041 9
270 1935 3
85 222 4
906 2093 5
1332 6309 9
2468 3857 9
3739 3865 6
1091 1890 7
1098 4647 3
4319 6205 3
5278 5379 8
925 6972 1
496 6166 7
882 3464 8
1251 5361 4
354 5607 1
1569 4752 2
1548 4625 3
211 4083 9
3348 3769 1
796 4996 2
197 1058 10
619 6363 3
3812 5213 8
500 1102 9
148 7000 9
1545 1958 8
3356 4931 3
411 5769 7
1765 5067 4
200 2617 10
170 3225 2
3217 6813 10
3727 6351 8
2015 6560 3
3437 6911 9
1207 5115 5
3436 4487 9
2150 6554 5
3925 6885 8
2106 5550 9
798 4305 8
666 6564 3
4156 6322 1
4163 4676 5
5039 5585 8
1022 5666 6
2167 5072 1
1867 4198 4
13 495 3
87 4723 3
156 344 9
5135 6984 7
1447 3658 4
1941 3853 4
1092 2383 10
2186 5671 7
2426 6402 7
1260 1450 6
1331 3334 8
154 720 5
2417 2816 5
5180 5424 2
3564 6280 4
526 5413 5
767 3086 7
3166 4360 7
1186 4695 9
5046 5517 10
4494 4597 5
179 3155 6
716 1448 9
1021 6466 8
4721 6548 5
1831 6772 3
682 6815 2
5114 5150 1
947 6964 2
61 3202 5
5639 6660 8
1462 6161 1
2689 5202 9
2044 5687 2
1148 2152 6
2846 4479 2
3354 6399 8
123 4604 4
184 544 10
1425 5714 4
655 3581 3
656 4399 9
2944 4047 2
2279 5108 2
1486 2566 4
908 2720 1
1460 1801 2
734 911 3
754 2605 9
4768 6405 6
2213 3586 4
3256 5547 7
2557 4187 1
3655 6696 6
6091 6590 8
5520 5999 1
1024 4643 7
2088 3413 9
1997 6267 5
486 4335 6
2176 5352 4
1380 6968 7
5638 5743 3
1790 3571 10
1766 2759 6
5232 6292 3
4795 5281 6
3819 4874 4
550 897 3
1282 3468 4
2968 3888 9
4845 6722 7
733 943 4
242 1002 3
2690 3721 3
2816 6417 10
846 6057 3
112 2378 10
1096 2628 4
528 2238 3
3721 5669 3
1639 6476 4
344 4334 6
3050 6123 5
4265 5377 10
6885 6948 3
2902 3699 7
657 1521 2
691 3966 5
1911 5586 6
1569 2675 5
220 6419 9
3419 3880 7
3435 5988 7
152 1349 7
1208 3924 5
2973 3591 6
659 1393 3
322 1404 1
3346 5459 4
1661 5030 8
1422 4401 2
181 2318 1
218 4187 3
537 1795 6
923 6730 3
4017 4386 2
2469 2829 3
1868 5881 9
160 5621 3
249 3401 2
765 3761 8
1477 2371 9
285 2196 5
5088 6646 1
2666 4812 9
1051 2449 7
5303 5853 9
2730 4000 6
1362 4205 5
18 3764 6
447 3946 8
992 6940 4
1735 4630 8
3236 4228 2
4577 4614 1
2592 5117 10
794 2507 4
3096 3405 1
2582 6126 2
4633 6080 5
716 1208 2
2697 5717 4
1671 3651 4
3138 6496 5
2409 2528 10
2928 3802 8
2243 6046 8
1109 2299 6
691 3982 5
2562 5006 8
850 4656 1
1969 3168 10
3170 5772 4
1502 6071 7
1649 3136 8
5135 6006 5
6260 6369 1
1895 3945 5
4869 6209 4
5233 6236 3
622 1927 1
120 1062 2
1025 2989 5
1425 6905 7
2410 3078 3
1283 3209 5
1422 4102 1
1332 5102 7
1360 2265 8
1017 3187 9
1847 1978 9
2131 6818 6
6211 6777 10
1020 1569 6
914 2982 9
301 620 7
2310 2319 10
1255 1889 10
1673 1833 6
2711 4014 8
2438 4951 4
1098 4663 5
3538 3792 7
2000 4277 2
4068 4553 1
2644 6694 3
1456 6058 1
536 5335 4
64 6700 10
1251 3593 1
3408 4789 9
1974 4186 2
308 4518 9
626 3255 5
553 2604 7
5323 6760 5
2526 3108 8
2961 3130 1
128 4807 3
3025 3106 2
4029 5541 7
1095 4041 9
4068 4629 10
1928 3869 4
236 247 9
154 583 4
1356 5392 2
73 6609 2
4373 5866 9
2394 3802 9
905 1288 3
2081 2580 6
3977 5351 1
2742 5100 3
3802 6233 7
2959 6392 3
5692 6049 7
4352 6040 7
899 4163 9
3353 5897 1
5371 5781 8
412 2816 7
1385 5407 9
193 1170 10
4473 6380 8
1568 3659 10
1880 3202 2
3525 6154 5
2792 4522 6
668 6031 10
3777 3880 8
2044 3791 3
1081 1988 10
1711 3623 10
5562 6850 8
3756 4122 7
1176 6127 2
3468 4214 3
1907 4329 10
180 841 1
3363 4355 3
500 5068 5
4807 6856 8
1750 3828 5
2045 2318 10
1639 4503 7
4673 4923 4
1821 3858 3
1033 1700 5
3291 3984 3
4539 5009 5
6122 6922 1
3906 6197 9
2741 3397 5
3172 3436 2
1578 3888 1
2905 3324 4
427 6105 9
1647 4221 1
3792 4816 2
2403 3728 6
1481 4179 8
1970 5851 1
2947 4661 7
1453 6516 3
269 3770 1
1506 3190 1
159 3390 2
3405 4616 9
985 4671 7
487 4536 4
3686 6077 3
1362 1953 8
2861 4646 10
2050 5481 10
2853 6237 8
708 880 5
1768 5553 2
4801 5261 3
3529 3933 5
267 2597 10
132 6259 8
4714 6522 10
915 986 4
756 2093 3
3205 4384 2
1576 4956 7
1158 2036 2
1796 6215 4
929 6283 5
3212 4833 7
803 1736 2
1776 4434 10
4790 4864 7
1526 4475 10
1783 6843 1
1560 6086 1
1756 3536 10
75 4277 2
3988 5673 6
1451 2452 10
5609 6314 1
1358 3562 3
1047 6331 9
518 6215 5
2969 3859 2
2595 6802 4
1393 4069 6
2693 6705 7
3362 5483 6
1443 6789 8
3209 5713 7
720 3363 9
3123 6596 8
1375 5159 2
979 2587 1
2685 6842 3
2272 3820 10
1574 5255 1
3385 6915 3
1771 5314 1
2279 6972 3
2096 3885 4
5397 6007 2
1753 6688 8
5548 6149 1
1604 2545 3
2624 3931 8
3341 4360 2
1715 2520 9
1935 4459 1
1005 2167 8
402 6874 7
949 5597 9
5442 6506 7
3180 3182 7
6111 6862 7
120 797 1
853 4314 2
4591 6624 4
3193 3982 6
1176 5107 3
896 1081 8
2014 4381 6
1382 3259 1
2314 3255 7
5760 6236 7
4668 5692 1
1745 2678 9
2794 5006 10
3407 3802 1
857 4327 5
2398 4935 1
4160 6041 8
2932 6487 5
355 3421 3
1825 3879 8
727 2182 8
3980 6381 9
2675 3567 7
3932 4328 10
2387 3194 6
1418 5492 3
321 3515 9
1602 2394 2
3490 6508 10
989 1985 8
1153 1404 8
5012 6549 2
5507 5825 3
2830 2896 2
2534 3284 5
830 5233 9
3029 3972 6
1826 5259 3
3031 5443 2
2051 4796 1
1536 1751 3
2780 2999 8
3964 6357 7
1435 1993 3
920 2049 7
681 777 5
3147 5890 5
3045 4118 10
2038 6216 3
68 6483 2
363 6589 4
669 3505 6
1868 5038 10
5004 5569 5
1498 4524 4
1949 4568 6
2400 2746 5
1047 2621 9
828 2455 1
724 1725 10
57 2959 8
2053 5414 8
3025 6408 8
426 4593 6
5780 6510 6
447 3820 8
2416 5978 8
947 1555 4
124 4580 8
4439 6040 6
1635 3837 7
2812 4124 3
2884 2971 1
3524 3969 6
2382 6133 10
250 6866 4
1573 3242 7
1421 4619 3
1588 4113 10
2732 6009 9
1778 6552 6
1625 6017 4
5423 6061 8
3183 3603 7
2533 3715 6
2014 6925 1
3086 3563 8
3576 4008 8
1656 6354 3
4856 4958 5
297 2873 9
1850 5622 4
3388 5282 9
4894 5222 3
2445 4523 2
1122 3273 2
3211 6276 6
1687 3512 6
3068 5250 6
56 1101 7
4484 5484 3
952 1747 6
779 3337 4
2240 3265 7
5421 6101 9
295 5057 4
4069 5816 9
942 5185 9
4321 4712 4
1707 6855 4
893 6001 9
2669 3561 8
478 1814 4
2752 3420 8
368 435 8
2501 5969 2
204 4017 2
6229 6684 6
665 3929 3
4463 6941 8
2042 6082 6
2650 6983 10
2984 4586 10
4481 6953 9
3364 5005 6
1766 2221 1
3401 5295 6
3591 6904 4
762 3121 6
2950 4051 9
2266 6883 5
765 5526 7
1750 5883 4
4197 6762 7
2601 6788 8
916 5391 3
1075 6638 2
1614 6105 4
4284 6345 5
1503 5127 10
1781 4500 5
3230 4011 9
3828 5373 2
132 4415 7
3844 5889 5
427 3264 6
3144 6918 1
1424 2026 1
1681 3076 6
146 3788 9
2555 3492 8
3637 6581 7
5207 6339 10
811 4515 8
215 3986 7
510 3259 3
906 1720 2
1700 6978 1
2737 4905 7
292 4366 10
4815 5959 2
2876 6958 4
890 4511 2
197 6356 8
505 3370 3
2782 2837 2
3598 6021 5
1542 4458 8
436 4373 3
1681 6415 3
532 4066 10
2410 4373 7
630 3455 5
879 1092 3
698 1084 8
564 5418 4
1125 5225 6
114 1086 9
32 4870 2
867 2843 2
2784 4565 4
2569 6484 10
123 2960 3
1818 2366 10
971 2391 2
5057 6877 6
3024 6855 3
2959 4940 8
769 5213 1
4734 6343 8
2993 5181 8
2453 4525 9
3673 4582 5
2892 5342 6
996 2540 4
979 3210 8
5533 6977 2
858 4021 9
4473 5991 9
4672 6717 3
3139 3699 8
1679 1916 4
180 4715 1
316 5656 5
2573 5506 2
951 4539 10
1714 5339 4
728 943 6
3989 6488 7
1231 4310 4
4839 6771 2
5259 5734 8
388 4138 2
1739 3416 9
1693 3408 9
2183 2649 8
5289 5709 10
267 6142 5
844 2619 5
4258 4749 5
2460 3164 4
120 6024 1
2976 3244 7
347 1195 4
3446 6618 10
819 4596 7
1048 2459 8
2025 5721 6
2183 3202 5
962 1890 5
166 5830 7
2962 6849 6
2317 4375 1
240 6768 9
371 3437 1
205 2976 10
1018 4139 5
5082 6436 10
1606 6240 1
2743 5677 5
3054 6893 9
3156 3307 3
1484 2013 1
1671 3364 5
833 2623 4
2059 3752 5
1171 5906 7
3491 4887 10
750 3229 5
1447 5702 1
132 6769 6
2210 3062 2
10 2453 9
2449 3999 4
430 6390 1
1722 2782 2
2434 6534 5
6212 6454 7
300 4847 9
1936 6286 3
3465 4684 8
2907 4191 1
915 3249 3
998 3438 3
539 5690 6
2981 4059 5
1014 6794 1
3126 6956 4
636 5756 4
2139 5403 3
1564 6916 8
4124 4835 1
2819 6644 1
1082 3551 7
869 1887 10
4749 6887 3
5382 5957 2
9 5258 4
106 4673 3
2926 5175 1
2104 3533 6
1630 3999 9
2912 3812 10
3867 4297 9
2348 3007 6
1028 6744 2
1875 2163 8
1119 6353 1
3335 3966 2
295 662 7
2871 3671 7
4793 4815 2
1857 5465 4
311 4937 4
2057 4657 2
2942 5944 4
68 3414 5
1198 1501 6
3449 3872 6
3025 6920 9
1012 2804 5
1556 4710 8
2288 4477 10
2444 3867 6
710 3821 7
987 5566 9
787 1047 2
3147 5673 1
4759 5487 10
2146 5928 10
1137 2253 10
3016 4721 10
210 6654 9
249 1445 2
4258 4760 2
1662 5789 5
3105 5778 5
942 6030 5
1515 4606 1
158 1192 9
4159 6115 8
3561 4605 2
1137 2595 7
1574 4692 2
4598 6163 3
882 1963 10
4158 4417 9
2455 5625 2
2996 5286 8
4037 4938 9
3377 6416 9
6068 6663 10
2388 6481 2
2374 3165 9
1994 5089 10
111 150 4
1660 5866 4
2282 6660 9
2624 4742 10
2945 5964 3
670 2613 8
2743 4027 7
1298 4750 8
1324 4531 2
2548 5883 9
1188 2989 8
1029 4723 7
791 2262 5
1247 2561 4
1906 2910 2
3846 5888 2
1969 2367 6
2997 6433 4
4096 6452 8
4574 4906 3
3150 6558 10
4714 5405 6
1850 2730 9
306 6784 7
112 6821 7
1001 6562 7
4308 5162 5
2782 3235 3
452 3710 8
4828 4963 5
650 1397 6
2679 3004 5
4105 4247 2
3535 6320 8
424 2170 8
1106 1826 5
3627 5585 7
854 4803 9
2918 3813 8
2756 4083 4
5364 6418 2
567 6106 8
637 5811 2
1467 1915 4
1787 2544 1
270 1348 5
349 3405 4
3601 3964 6
1110 4514 6
99 2942 6
2272 4162 2
546 3108 4
2150 3127 9
3230 5625 5
701 1813 4
2131 4958 3
1297 1354 1
152 6609 3
810 4582 6
252 1325 2
3941 5382 3
2284 4641 6
256 3441 1
5541 6849 10
830 2363 5
2478 5553 6
3936 6277 8
1468 3603 10
1809 4226 2
4962 6948 9
1212 1728 3
2917 4423 10
3580 4490 6
2450 2507 7
1481 6839 1
1886 2198 2
1540 4454 7
1278 1873 1
2453 4665 3
458 5800 9
374 1728 9
4421 5761 1
3885 4425 10
3703 6648 5
1918 5921 9
1236 5889 9
2022 4650 8
2400 3655 9
1283 3641 9
3271 4712 9
2922 5935 1
829 6716 6
5066 6859 2
2925 4072 3
5837 6084 5
428 3417 9
556 586 8
616 674 2
2425 6656 4
144 6518 5
1939 4729 1
860 5698 1
4623 5355 2
660 5497 9
1871 3332 4
2628 6405 1
1549 2099 3
410 5452 3
1973 5856 7
786 1257 5
1225 2320 2
4795 5923 4
1306 4567 8
2226 2403 9
2847 4307 1
586 3840 4
1708 1740 5
374 6567 8
130 6380 10
1671 4573 9
1542 4700 6
2115 6504 9
2992 4634 8
592 6081 7
2092 2838 1
594 4392 9
3436 6907 10
305 4123 3
91 4227 6
1993 3409 6
919 4758 8
3562 5611 7
5138 6462 10
2760 4208 9
1999 6556 1
971 1988 5
2380 4118 1
891 6837 2
152 3003 6
5009 6499 6
3515 3651 1
1394 3706 6
715 2913 5
516 2544 3
1238 2604 2
2945 3098 3
4420 4965 7
1559 4617 4
325 799 9
350 2648 5
4935 5072 1
708 2179 5
366 6343 1
5389 6443 7
2834 3599 4
2348 5621 4
1479 4205 3
174 2789 10
4305 5650 10
2027 6489 4
4118 4984 5
1629 6100 8
145 4656 7
2278 3904 10
430 513 5
2629 3861 5
794 2679 10
2234 5588 7
5533 6159 3
3592 5264 3
2583 5652 1
2714 3510 6
2038 3152 9
23 2394 7
1939 3747 2
5521 6634 1
882 1362 7
5992 6798 6
1827 6670 6
470 1898 4
5545 5777 7
710 2785 6
3519 6868 9
3378 4364 5
157 4702 2
3217 4375 1
2042 2668 6
1893 3313 2
2359 4318 6
11 1909 6
3745 4830 1
837 6928 4
930 5556 5
214 936 9
4782 6889 4
223 3171 7
2952 4344 6
2209 2939 6
470 3514 7
2520 6466 9
579 969 4
2781 5581 4
830 906 3
5616 6339 9
935 989 5
1979 6135 7
5521 6279 5
4406 4573 4
783 3439 1
3248 6479 4
3046 6307 2
2056 5748 10
3283 3736 9
3151 5039 3
248 6923 7
5550 5749 3
1138 1700 7
5743 5770 2
878 4770 3
2060 4135 1
666 6178 7
6183 6386 8
3488 6826 7
904 5031 10
1121 1415 1
3220 3507 2
2792 6399 1
3561 5216 6
2591 3509 5
3080 5446 6
673 3667 5
557 6238 2
489 1638 10
1064 5774 6
2057 5137 3
2131 4315 2
319 3826 9
3603 4588 7
3129 3679 7
564 5974 6
3549 5981 4
909 1985 8
3902 4606 9
1653 3502 9
1393 2564 9
917 1505 9
115 5755 3
1195 3489 7
17 6685 9
838 1630 9
1488 2943 4
698 4684 5
516 3142 5
3450 4819 10
1312 4893 9
5164 6421 7
109 4580 10
3246 5234 10
6148 6181 6
477 6622 8
1889 3120 2
1613 6779 8
796 4287 6
4657 6503 4
1340 5138 7
5825 6539 5
2380 3062 7
1269 3738 5
1259 4136 5
5724 6947 6
1052 6261 6
1344 5372 9
674 4923 9
1939 3881 8
595 3444 5
1428 3696 8
3925 6709 9
1983 3103 5
3485 5576 1
2972 6622 9
2164 3254 5
1795 1950 3
145 163 5
927 5859 4
1195 4611 4
3294 3808 2
3991 4191 4
171 5442 5
2367 3467 5
281 4629 8
1208 3603 9
1892 3180 1
451 838 9
1216 6946 1
1106 4643 7
253 3773 4
2421 6301 8
111 629 6
2980 6395 5
4074 5518 9
1204 2233 5
1068 4927 10
1667 6237 3
742 1448 1
178 2055 4
4441 6774 4
3779 5778 2
3381 3907 9
4813 6037 5
1033 6229 3
2327 6448 6
1456 6836 9
1254 6541 6
1768 2352 9
2241 2973 6
1297 6154 8
745 1608 3
4527 6874 3
1968 3600 10
913 3336 10
1229 1239 2
1153 5017 4
1201 3158 2
4920 6448 9
1469 1647 9
1031 6245 2
3551 6388 10
3664 4081 4
659 4000 4
478 5704 7
726 4083 7
2382 3264 3
548 6088 3
2306 5482 2
4346 5429 4
2936 6273 8
954 4899 9
1894 2777 2
3480 3947 6
1910 2345 10
429 1422 5
3343 5799 3
1610 1730 8
3004 6144 2
1625 4230 10
5163 5853 5
631 2054 1
3402 3897 3
5823 5915 3
3401 3753 6
4952 5560 1
641 4654 2
1184 5278 6
3201 3466 3
1896 5092 10
5474 6592 10
6204 6533 3
458 4900 1
5351 5356 7
3562 3603 7
652 2276 8
1022 1604 5
3406 3988 1
1953 3075 2
2503 6004 1
2589 3106 4
1578 1692 9
5230 6662 4
3600 4722 1
4005 6105 6
4310 5237 7
2520 5521 9
3611 6652 8
1752 5493 8
806 3574 8
678 5883 6
1333 2827 1
3286 5829 4
3489 4225 5
6482 6801 9
3619 3694 10
805 5489 3
4393 6536 1
43 6842 1
1957 3644 2
423 5035 9
4669 5574 10
1973 5307 8
1468 4916 4
1360 3087 2
2507 4901 3
740 1034 5
391 1994 6
970 2989 1
662 5641 2
3452 6940 5
1792 2446 5
840 2639 8
3474 5090 9
1538 4624 8
1786 5556 5
4602 6960 9
2643 3161 1
3989 5402 4
4347 5971 9
5399 6574 2
1924 6285 10
1641 5393 7
3938 5315 1
505 1542 6
4512 6844 8
4558 5202 10
1478 6560 3
643 4371 10
4010 6246 7
3070 6654 6
3533 6511 10
570 4054 10
4768 5586 4
1973 2483 8
4104 6258 2
2764 6540 5
2848 5072 6
1109 6519 6
4978 4981 6
2428 5595 9
3890 6513 9
1386 2042 2
1064 3034 6
1036 2119 5
5628 6732 8
2549 6722 9
1248 3283 7
4605 5480 5
3180 3202 7
1369 3085 10
6101 6826 8
1709 6735 4
6242 6726 10
3901 4275 7
2254 5801 8
3238 6624 5
2094 3797 10
2348 4242 6
492 6063 3
2099 4287 4
723 3203 10
362 5258 5
3933 4466 10
915 2977 2
849 4538 4
4129 5018 10
583 5303 3
1865 2312 8
864 4251 8
1882 3933 10
3429 5060 9
4616 5992 10
1508 5646 8
1653 4274 4
483 3312 1
4101 5358 8
994 6362 7
5045 5464 5
3700 3949 10
2438 6407 10
111 6348 10
1917 3732 9
762 1616 1
1327 6404 5
4177 4618 3
3992 5867 6
4773 4785 6
1545 4781 6
1080 5049 8
1852 2877 9
3916 6960 8
413 6556 9
1408 5957 4
1469 5943 8
203 3840 3
3645 6528 7
2281 4422 9
2732 5741 9
3034 3050 10
3980 6750 4
3517 3877 4
1698 4365 7
808 2687 6
4143 6084 8
2724 5756 5
972 2116 2
2815 4603 5
781 2993 4
155 1317 4
473 4099 3
583 4248 7
4382 5189 6
3121 4079 8
5626 6405 10
1694 4642 10
2365 2493 8
1170 4647 5
243 3120 3
4566 6170 4
3430 6498 6
2155 5247 5
2048 5965 4
19 4611 8
44 3769 2
1407 1420 3
2062 5520 9
1984 2887 6
366 2806 2
230 581 5
1242 2345 8
3265 3428 8
291 4056 5
1607 4308 7
140 1455 4
1781 6789 2
2521 5287 2
559 6572 6
1625 3680 8
1347 5086 10
3915 6059 10
2903 6324 1
84 2337 9
540 6354 6
31 4305 4
1340 5803 3
3758 4928 5
1357 3787 8
2177 2392 4
543 6219 8
4340 5892 9
4294 5345 9
1230 3110 8
2004 2038 7
4179 4355 3
2199 3686 2
925 4687 8
4822 6201 9
2430 5443 4
440 3180 7
157 6547 6
783 3577 8
867 2412 3
182 2411 7
371 2225 6
3262 3803 10
6162 6186 6
341 1412 9
1073 1461 8
5327 5452 2
2528 4848 1
2069 5607 4
2022 5859 4
1951 6880 9
2994 5660 9
999 1493 8
744 6258 5
1412 4027 6
2494 6548 5
1986 6536 1
5714 6078 10
1046 4697 5
3987 4127 8
2379 5847 10
265 3385 3
193 3478 2
1536 1958 10
608 2946 5
1631 5920 10
508 2456 1
2949 2952 9
5076 5556 1
1421 4190 6
5843 5844 9
1610 5531 5
1640 2702 6
694 4071 1
5378 6983 5
4712 6507 1
2567 4125 10
2547 2693 9
54 5643 10
2713 6493 9
4758 5681 2
1993 6047 7
2801 3288 4
3989 5147 5
1065 4130 1
1001 4848 2
3859 6517 7
2127 3729 2
1564 2467 3
390 1016 3
78 5930 2
3213 6780 9
1812 5790 1
843 3431 3
292 5614 7
4756 6674 1
3543 5687 4
3169 4061 5
185 6999 5
4347 4502 8
12 5153 9
399 5213 6
1005 6186 8
1709 4162 1
1076 4034 6
2378 3484 2
4730 5212 4
4625 6581 4
1637 2544 2
407 1067 2
2881 4499 6
1412 6782 4
791 2825 9
2054 4821 8
3052 4678 4
4117 4717 3
749 5965 10
1748 6362 8
2179 3521 10
4450 6543 8
5502 5944 9
1311 3166 3
2407 4853 9
3826 4058 2
1208 2342 5
88 2116 10
2111 2779 2
3301 5911 4
60 3052 9
581 4692 10
128 6546 5
3223 4479 1
4664 5491 6
2025 6425 5
2408 6856 5
1011 5415 2
3018 3422 3
785 2525 3
1346 2731 9
4869 6777 7
1780 5140 7
4492 5555 4
3526 6094 10
898 1484 1
2158 5554 3
2560 3810 3
3366 4948 10
2547 5739 6
5458 6448 2
1578 5624 1
1159 5753 1
2920 3197 8
5652 6500 2
1242 2617 5
2694 5804 7
5225 5755 5
2093 2297 7
2747 5172 5
1157 4369 9
2893 5852 10
398 3915 4
4484 6932 6
1525 3503 6
2008 6076 2
4376 5769 4
2730 3789 8
4576 4948 3
1167 6011 1
2551 4238 2
1823 2431 8
2317 2410 10
2342 5404 4
2598 5395 8
460 2417 4
4436 5230 6
1410 4966 6
3818 3860 9
5296 5325 8
2674 5721 6
333 3566 10
1131 4872 1
1368 5196 3
3239 4878 1
2288 5635 6
1199 3941 10
4793 5192 5
5474 6707 2
4922 6743 4
1250 2945 9
3219 3402 2
2821 4428 8
3282 5291 4
1294 1794 1
900 4750 9
1817 2709 8
664 3219 3
2964 4324 9
2824 3873 2
3994 6957 7
2806 5950 6
1914 4074 10
2893 3898 8
5392 6526 8
1061 2919 7
5331 5755 1
4855 6055 3
5075 6290 7
1156 3429 2
2019 6287 4
221 758 4
432 2618 10
46 1298 2
3781 4598 6
1425 3322 1
4464 6876 3
842 5211 3
3088 4529 8
1357 2491 3
3723 4872 9
309 2959 9
2115 2993 5
3325 6135 4
961 2751 8
1816 5456 8
1899 5402 10
355 2798 8
706 6037 8
1472 6619 3
4531 5652 4
2035 4783 2
1296 4389 7
3714 6183 8
4226 6092 1
4818 6916 6
108 3555 3
257 4897 6
1282 1821 6
1324 5412 6
2026 3459 3
1369 3921 7
2172 2432 7
2131 5851 6
4730 4855 1
2052 4883 9
2160 5165 1
3825 6503 7
108 6025 1
2105 6233 4
2439 4891 10
3980 4338 8
3484 4536 2
4922 6993 2
2827 3358 2
1610 2931 6
3124 3515 10
135 1387 5
139 5358 7
3019 5104 10
1538 6246 3
596 5440 10
3776 4030 4
1482 3414 9
4785 6443 5
1778 3431 5
3484 4877 4
3590 4728 9
3086 5422 1
1035 6147 4
281 2276 8
2607 5365 3
2935 2997 6
1185 1616 4
1582 4767 4
767 3350 8
1446 1457 1
319 927 7
4338 4396 9
285 1246 10
178 4701 5
57 265 7
205 3336 7
2951 4340 1
4414 6082 1
2504 5263 10
243 921 3
1469 1914 6
4766 5739 6
1518 5284 3
3030 5565 10
1064 2274 4
1943 3337 6
359 4023 4
1165 5576 4
3982 6918 10
1887 6886 7
3199 4597 7
1475 2908 4
4712 4782 5
3471 3749 8
1395 4915 7
2897 5135 5
440 3674 3
144 1615 7
38 3498 5
3539 5529 3
438 6152 4
111 718 5
54 439 8
1468 4716 1
366 3469 7
6914 6968 5
916 6128 9
4303 5980 10
3979 6030 4
2399 3426 3
2465 3390 5
477 2837 2
4942 6359 2
657 3360 2
1852 4614 10
2188 5703 3
2450 2682 5
76 5011 9
125 2699 1
2893 5360 8
4511 5006 1
374 6433 7
1098 2000 8
947 5614 5
3850 3852 1
2358 3274 5
3648 4708 4
6422 6672 5
3356 5326 1
1075 1245 5
2485 4759 10
1137 5993 1
2941 4088 5
4473 4545 5
4709 6986 6
1380 4709 8
1846 6061 9
4964 6082 2
448 1897 7
3339 5231 1
2128 3678 1
5342 5758 8
150 4863 2
422 4239 8
367 2580 7
122 5588 4
599 4297 10
5624 6971 2
4077 4645 4
1033 4325 2
3635 5064 7
1815 6167 3
6741 6880 1
6433 6681 8
13 5486 6
5112 5331 7
1378 5652 6
3995 4876 2
4467 5467 2
2961 4960 4
3437 5870 6
1530 5499 10
2941 6307 1
192 3390 9
685 3858 7
1662 2456 5
457 4208 7
1303 3477 6
3544 5511 7
116 3384 5
48 5193 2
3469 5024 3
4733 6863 1
5603 6271 6
1386 5558 10
4070 5997 4
726 2045 1
817 1760 3
4016 5334 7
1809 3479 1
4090 5722 8
879 2357 3
889 2719 9
809 2133 6
2039 6531 9
879 5287 1
1502 4072 3
116 1076 9
2309 4976 3
1027 3191 9
2395 5602 9
3107 4189 5
29 6154 9
3585 5944 2
3311 4123 6
785 1760 4
3904 4060 5
727 810 4
6296 6563 8
3695 5800 9
3857 4297 5
2870 4029 4
225 4019 3
3160 4657 7
80 5233 8
1819 5481 10
1041 3110 1
450 2093 6
292 4578 7
1054 3083 7
104 1242 7
268 2431 8
2833 6529 2
949 3444 5
5583 6206 10
2399 5664 9
4167 5975 6
1403 4633 2
1768 4236 5
3441 4207 4
328 2125 9
1749 2961 8
89 5072 6
1003 3964 8
363 3346 2
126 5439 4
142 4298 1
3061 5206 7
6778 6786 5
4313 5366 6
3260 4065 1
1609 6990 8
4576 5134 8
1461 3520 8
2120 5686 7
319 4831 5
4921 5049 9
3343 3636 4
57 1645 4
4741 5137 1
4052 6632 4
138 4252 9
119 4073 8
3753 5933 2
547 2765 3
819 6193 6
2022 3721 7
1152 1252 9
3670 5925 4
821 3624 4
3569 5934 6
1065 1196 3
328 5225 1
1765 2140 5
1778 2302 1
2758 6402 3
1867 4949 9
4314 5309 5
1201 5781 3
1548 5554 10
3059 4797 4
698 6852 7
1970 2037 1
265 2920 2
2898 5398 2
450 6863 1
4234 5828 9
6498 6971 1
393 4066 3
3547 4337 8
686 2964 9
1738 4780 3
167 4470 6
1319 2626 2
2024 4635 3
12 4799 9
1714 6907 4
2076 5711 1
4992 5687 9
891 5060 6
2311 3183 8
2087 4981 7
1385 1717 7
2554 3869 8
2595 2735 5
2589 6543 9
2446 6863 9
3899 6223 3
862 1703 3
2794 4158 2
2297 3512 3
3896 5849 4
75 813 2
1442 2696 3
235 334 8
398 4489 4
859 6837 5
2160 3425 3
71 6769 1
122 373 9
5125 5940 3
875 1472 5
3382 4524 3
514 4979 3
773 6628 8
1850 4187 5
3468 6479 3
1161 6337 3
1387 2529 7
2083 4434 10
638 4057 10
4962 5514 2
4763 5282 6
3249 6608 3
406 3808 7
4225 4902 5
2486 5916 6
1649 2484 1
4700 6593 7
2367 3635 6
2592 4627 8
3268 6159 2
254 2077 4
515 6932 7
969 5466 3
2960 3494 2
5047 5892 6
266 6493 3
659 4168 1
561 3718 9
3445 3631 4
562 2621 6
4249 4630 3
638 6780 2
657 1158 10
2443 4545 4
2638 2687 1
3318 6212 3
656 3947 4
2473 3936 10
3504 4102 10
1046 5242 6
5366 6640 9
1602 4698 7
2217 6201 3
740 3238 6
2151 4299 6
2559 4036 9
5095 5162 7
4144 4580 7
859 4878 6
1380 4335 2
3808 5872 5
3528 3837 10
2315 2520 9
3040 6173 7
450 5695 3
5596 5833 3
2640 3980 2
21 3671 1
1657 6755 8
395 3781 9
74 1048 9
5032 5373 10
2715 4536 7
1221 2762 10
3891 4315 5
390 2483 8
1156 4941 9
491 4332 9
726 2537 2
5082 5122 2
2851 3424 9
406 2233 8
1782 3696 2
693 811 4
1080 6036 5
1146 6294 6
482 3724 1
6568 6853 9
336 6383 8
642 6224 5
2180 2885 10
5809 6889 2
1479 6945 1
2622 5771 10
2006 6394 5
3588 5761 3
3870 5826 4
692 5211 3
2388 6521 5
2126 5902 8
4764 6206 8
5719 6790 3
2023 6098 5
2567 5224 7
1093 6154 10
2695 6914 3
2983 4811 5
1741 3881 3
98 3341 5
4808 5564 5
962 3183 10
4613 5681 7
1195 1576 1
1524 4956 4
1328 4205 10
4550 6218 10
2104 3873 8
582 1508 1
605 2927 1
1508 1609 10
1740 3672 10
1265 6469 7
377 507 10
4034 4046 4
1192 2991 6
1588 3992 10
970 2553 1
781 2602 9
2655 5988 5
4088 6772 9
738 3548 3
2549 3090 4
2106 5787 1
1451 3365 10
67 263 10
2432 6144 4
1350 5468 2
2566 3444 7
2465 2848 1
599 4795 7
4618 5860 1
1469 4164 6
3252 5237 8
1320 2770 7
2829 4448 9
2821 5974 3
4366 4878 9
3793 3898 10
3491 3922 6
348 4180 9
802 3162 8
2159 2330 1
658 2174 5
4059 5750 2
343 3413 10
4580 5547 2
216 657 7
1585 3559 7
3956 4929 8
5277 6628 2
2429 3909 8
3659 5231 4
2980 6668 9
4931 6995 4
863 5510 5
780 4601 7
3506 5523 2
2587 5554 7
1948 3215 8
1951 2019 5
3444 4473 2
1628 4018 5
259 2274 2
700 1276 7
593 3127 9
3361 3702 3
569 4282 9
2753 6800 1
2890 6209 8
651 1750 1
886 6279 1
2233 4425 8
3003 6987 10
2769 5339 3
4115 5392 10
2048 4201 9
3663 4528 10
3906 6114 1
1598 5604 2
3770 6137 8
2062 4054 3
4647 5318 2
87 4148 4
4106 5625 8
5804 6341 5
670 3377 4
153 2016 8
147 6654 5
3392 5986 6
5245 5763 3
2238 5973 8
409 6311 4
2359 4653 10
845 6052 6
4287 5653 6
1162 4588 4
1957 6023 6
1347 6563 10
1914 2202 4
3704 3857 1
643 6967 4
419 1975 2
6156 6622 6
4044 5021 10
623 2124 5
4448 6388 7
4031 4269 3
5792 6800 9
1262 5393 1
4848 5161 2
69 6080 5
630 4978 1
529 2576 3
4606 4837 1
1866 6725 8
2111 6455 7
2558 3555 6
3172 4289 4
2487 3195 5
1289 4591 4
304 2489 4
482 1134 4
3579 4952 3
1948 5456 9
1005 4347 8
4047 4309 5
2476 3985 8
3251 4594 8
2180 6882 8
2200 6422 7
811 3380 6
218 3090 8
1959 2977 7
2522 6261 8
914 5753 3
2503 6438 7
2406 5987 3
630 898 2
4918 5495 2
2365 6152 2
4333 6229 10
4183 4919 5
221 4643 10
63 2830 3
2597 2790 10
5782 5891 10
3519 3711 10
1585 2299 8
1530 5544 8
5316 5993 5
3844 6964 6
1230 6269 3
2350 5060 7
1184 4518 4
803 2381 9
1445 3562 2
3606 5409 4
2945 3350 7
1447 2280 1
2194 5633 9
3152 6093 8
2788 5164 6
132 241 7
586 4766 7
472 1255 10
338 3478 6
3691 5127 9
148 5008 8
1584 4920 9
1350 6453 7
71 4078 1
2600 3017 8
2774 3275 2
5486 6811 6
481 4980 3
1210 5272 1
418 6803 9
1335 6723 1
918 6466 8
1398 3990 2
953 6545 8
1736 2602 3
3582 3733 1
1637 2582 5
5298 5714 6
138 1391 10
1617 4796 8
503 1920 4
1174 1788 9
2025 5719 9
221 4254 7
2946 6233 10
3478 5588 1
4759 5883 1
4406 4584 7
1285 4186 8
1786 1795 5
25 5635 3
229 4017 6
1735 5457 8
965 6412 9
4342 5460 8
1112 4731 8
777 6547 10
1508 3696 2
3933 5959 10
3262 5500 6
394 1686 6
1866 3713 10
504 4715 3
1416 2827 3
1199 6423 5
523 4592 5
308 1669 7
77 1462 6
2530 3677 10
5318 5787 6
1394 2495 2
1787 4934 5
1014 2913 8
1373 5964 9
2171 4789 4
1742 5264 3
2027 5192 6
966 3208 10
1085 3114 7
1840 2866 5
567 2946 1
1083 3433 7
574 3508 3
2350 4256 3
485 4724 6
2940 4553 6
1139 4293 7
801 5903 6
2927 4357 7
78 1453 4
1042 4132 9
346 5742 2
448 6246 4
5617 6007 1
4470 6840 10
1091 4320 4
3336 5707 4
4308 4991 1
4984 5043 7
171 4749 3
3480 5600 9
1568 4111 8
1558 4009 4
802 3913 6
3058 5411 4
2600 5475 7
1283 3518 5
1597 3597 5
1204 2511 7
289 2182 6
5276 5449 6
142 2147 9
3940 6601 1
5332 5471 4
5534 5543 10
2638 3718 6
1890 2548 4
3704 6811 8
1040 2314 9
5154 6817 8
4224 5227 3
4011 6010 4
996 6732 5
4543 5552 9
1071 2941 5
5129 6104 9
1726 1821 6
5114 6707 5
503 4211 2
1006 3142 6
3136 6306 7
6262 6436 6
4561 4964 2
3710 5434 1
1774 5796 9
1196 2376 6
1107 5734 5
416 4579 8
3117 4691 9
2194 2518 8
637 3407 8
5855 6192 7
1758 4717 8
997 1541 6
1639 2052 3
1854 6042 3
1816 3347 2
2468 3281 1
5682 6413 8
1566 5332 7
217 6545 2
202 3789 6
1604 1620 9
2115 4273 10
1781 5580 5
365 2874 8
5130 6737 10
355 1583 3
2183 6882 2
2047 3627 5
2414 3269 5
2572 4136 7
3298 5473 2
199 1482 3
572 5338 3
488 602 10
3609 4666 8
1369 2900 1
4651 5632 9
499 2362 4
1292 1763 4
4060 5579 8
1857 3867 3
3177 5531 2
2565 6742 2
919 3440 6
4462 6318 2
1906 2765 5
2300 3552 8
5568 6884 7
3350 5118 9
1332 4111 10
2583 3792 4
2384 5057 1
2945 6971 6
2053 6169 7
381 6797 7
5034 5886 10
432 4802 4
3098 4726 1
4628 5740 10
167 6875 2
2594 4941 1
1577 2402 8
432 3360 4
583 2197 8
2906 4610 3
4858 6044 7
1658 3087 2
1888 6532 2
195 2914 5
3257 5906 1
810 4099 8
3307 4243 6
3737 3917 3
5196 5251 1
301 464 2
1923 5068 10
1219 3779 4
377 5340 9
6370 6814 1
1602 4254 2
366 2856 4
1483 2491 2
1551 6587 8
814 6755 7
3151 6759 10
948 4961 9
470 1804 3
2001 4729 3
1139 1327 2
1698 6626 10
3813 5835 4
1949 4152 4
365 4936 7
163 4288 4
2325 5715 2
5556 6688 7
3834 6860 8
3139 3937 9
1886 2918 3
393 5818 5
954 5354 10
2519 6127 2
1700 4031 9
3703 6191 9
240 3167 3
1248 1728 2
2293 6468 1
1311 1393 8
4171 5745 10
3099 3783 8
814 2147 1
618 2912 7
3816 6421 9
1082 6416 7
1339 4182 10
1247 2714 8
4721 6318 2
3983 4497 8
2959 5082 4
2611 4289 1
1746 5312 2
1895 4998 6
1881 4280 9
4837 6686 5
2400 4454 6
693 1798 6
4748 6368 2
785 4568 9
239 1773 4
1693 5903 3
3894 4982 9
2406 3913 8
3956 5830 2
625 1539 9
3486 5458 10
2369 5086 6
1549 4853 4
4980 6979 7
6259 6866 5
1314 6635 10
1622 4926 1
750 914 10
22 4022 10
72 1695 1
389 2074 7
2101 2876 9
2550 2745 6
427 572 6
169 1037 5
1110 3343 6
2824 3272 10
114 4653 4
1430 6220 5
4580 4825 10
3928 5693 7
4054 5333 5
4745 5535 9
5143 6579 3
746 5329 4
1816 2675 2
1787 2324 1
1858 5540 6
6744 6795 10
592 3779 5
4270 5015 10
226 2604 7
5111 6781 10
1273 3775 8
1074 2659 2
553 1922 4
1041 1482 6
966 2936 10
2346 4868 9
509 4537 4
819 1167 6
852 6189 4
2584 3486 7
2104 4450 3
1597 2389 9
505 668 7
1565 3734 3
3656 6575 7
3434 4452 10
5740 6423 6
2184 3843 10
1856 3827 8
2568 3538 2
739 6067 6
2305 3205 3
2665 3825 8
1321 2717 5
822 6092 1
1780 2299 6
409 5960 9
1947 6019 6
3374 4111 2
2484 6748 2
747 6961 9
1420 3099 3
1284 4311 3
359 2280 5
1583 4047 10
2476 3830 5
2844 4228 8
52 5166 8
579 1080 4
939 2001 8
3253 3836 1
2881 3112 1
139 1722 3
1076 3037 2
1114 6190 1
3406 3873 1
5779 6994 8
1495 5820 8
856 1240 10
3679 3901 9
2283 2523 5
1600 4248 9
352 6413 6
1216 1397 4
1270 1747 2
1422 4156 1
374 7000 3
2508 4102 8
588 1763 5
48 1279 6
1574 5313 2
1742 6682 7
1574 2936 6
4119 6644 5
373 513 4
2229 2509 3
1488 1918 7
2489 6706 6
3349 5801 1
10 1928 7
723 3901 5
1301 5677 10
487 3494 1
545 5144 10
1050 2894 4
795 4164 3
2183 3837 10
4953 6296 9
1696 4223 9
54 1994 6
873 4966 2
1299 1850 4
5027 5940 2
3081 6366 6
3363 4147 1
2006 4034 10
2821 3731 2
1755 4353 6
1638 6625 3
819 5495 9
341 2561 5
2813 5968 6
2871 3033 8
2477 4562 6
1289 3987 3
3271 3510 8
2108 6103 5
3500 6986 4
423 3622 4
1727 2102 3
1910 4105 3
21 4870 7
986 5563 9
906 1097 4
1652 5474 1
5245 6673 7
3338 4237 3
1023 1843 10
330 484 3
2130 4631 8
4198 5263 9
867 4713 5
2769 3228 4
1698 1717 8
4008 4142 4
1877 2546 4
158 3005 2
1018 4666 2
2728 5800 1
1387 5637 1
3307 4234 10
4036 4371 4
889 5342 9
4453 5332 6
4757 5370 10
2049 4884 7
2898 6955 5
218 3117 1
2288 3440 6
199 5891 10
2962 6006 4
4111 6337 3
3084 5407 4
2095 4951 3
2197 2493 9
696 4751 1
15 3022 10
5367 6751 10
1479 6528 7
687 1411 5
771 3675 8
2170 5502 9
2934 3512 9
3292 5804 5
2129 2156 4
3147 6126 2
1538 4450 6
229 3133 9
3076 3869 1
1350 5165 5
3642 6149 1
662 5826 3
1021 6946 4
1045 4738 6
5206 6132 8
1364 2421 2
5016 6773 3
55 6514 1
513 4369 1
4718 5154 1
2724 4210 10
1419 2875 9
707 2847 1
1084 4898 8
1231 2666 3
274 2170 5
45 5978 6
4573 5625 8
3434 5357 6
8 6868 8
726 2188 5
2181 4643 5
2171 2379 3
2162 6659 8
2456 5347 2
1467 1911 2
5601 6381 8
356 1031 8
3742 3857 10
5232 5909 7
2367 3980 6
2136 3812 2
225 2220 9
2621 3799 5
6001 6637 10
2730 6218 1
5630 6705 2
666 5094 9
2971 4952 3
88 5700 9
2574 4846 6
3170 3967 3
53 4609 8
360 699 7
3618 4745 3
1133 5286 10
4040 6386 10
457 5115 3
2932 3312 10
236 3437 1
429 3538 4
1742 3407 6
962 3187 2
4650 5713 8
4219 5873 6
559 5561 8
2384 6636 1
82 5515 9
2120 3280 2
5213 6193 7
4387 4900 9
4374 5956 7
2479 2945 1
2439 4801 9
455 4093 8
920 4579 7
296 1459 2
1940 4609 4
2258 4100 1
3057 5923 6
3604 4058 2
194 3682 9
432 6577 4
3807 3825 10
413 592 7
180 2772 2
2948 6492 5
630 2885 4
5280 6326 6
666 1093 5
1321 6911 2
114 3006 6
173 1678 10
1154 2121 4
94 5196 7
377 4954 10
253 6588 3
3533 5093 10
3039 4354 3
2920 4439 9
6246 6779 6
4818 6767 6
2533 2778 7
4416 6680 3
2741 6434 8
6281 6813 8
1513 2289 9
102 1598 3
542 1774 9
4235 5680 3
3593 5597 6
909 2264 5
6486 6691 6
2369 3594 5
3623 3754 2
3100 3828 5
3648 4590 6
776 5373 9
620 4168 10
637 1375 3
3152 6613 4
2815 5430 1
3795 4258 4
42 1199 10
1996 4233 8
2139 4129 8
1316 3854 8
1391 3250 10
424 1478 10
1919 1923 6
338 977 5
403 484 1
2817 4260 6
926 2935 6
3010 3329 8
1267 2565 10
922 2640 1
1079 5207 7
2197 2436 5
1728 4265 5
319 1875 9
2222 3760 9
1414 5459 10
704 6890 2
2589 3382 3
3171 3917 7
673 6997 1
4934 5809 7
5971 6621 1
3116 3159 3
533 1289 6
750 2968 7
2492 5075 10
4150 4798 3
167 4626 3
4540 6194 9
5438 6550 2
3443 5312 1
1981 2750 6
3322 5106 4
489 2224 9
4150 6427 2
3091 4428 6
536 704 5
1066 3575 4
1792 3449 1
18 588 3
1149 4771 6
1439 1745 10
4141 4668 6
3513 3974 3
1497 3610 7
6045 6479 3
95 6197 3
353 1508 9
3901 4433 5
1197 4526 10
4646 6022 6
248 2807 6
1961 3972 7
1713 4297 2
1311 3482 2
5219 5458 3
3493 5637 10
1292 1952 1
775 4318 1
2174 2247 5
3958 4937 5
84 4731 4
1685 5048 6
2398 3313 5
3266 3627 5
4592 5459 5
3651 6203 10
6431 6569 10
1069 2931 1
4287 4855 10
4465 6717 5
2378 6307 9
2849 3194 3
2679 3761 6
33 3925 9
449 2708 10
3415 4879 10
963 4353 5
1014 4593 9
4228 4335 5
250 1382 4
3354 4649 3
3308 6723 4
82 266 10
2078 3965 6
4275 6123 4
2731 4653 9
3824 5386 10
3531 5579 10
1612 3288 1
4796 6558 3
2012 4382 1
4224 4715 8
6180 6555 6
865 6555 8
236 2488 9
113 2810 3
3182 5310 7
1197 3876 10
3484 6217 4
1245 4730 9
536 2804 3
933 5813 4
3494 3918 4
4407 6232 4
2076 5223 9
3604 6177 3
3892 5104 7
2578 5300 6
286 6090 2
2162 4597 6
2998 3878 9
2619 4243 10
471 4690 1
785 1326 3
572 6281 8
3827 3852 2
73 6225 7
49 1982 5
2903 5326 9
604 6305 7
2252 6651 1
1707 2605 1
2052 3834 4
1249 3665 3
3927 6717 6
764 4340 2
5011 6865 1
2708 3298 8
3458 5257 3
3158 4549 4
691 826 4
4078 6191 5
2258 2768 5
3646 5265 6
1666 2670 4
922 986 7
268 2333 8
894 2201 1
1438 5795 2
3697 4864 7
3626 5761 8
5670 6356 7
2934 6407 7
3134 3957 4
1031 1943 5
326 1736 8
2883 6173 5
1277 5167 7
1770 3053 9
289 1341 6
199 2295 5
4214 6231 3
208 284 9
6460 6702 10
985 3968 1
2796 3600 10
3102 5368 8
3323 6125 10
872 6580 4
394 3228 9
183 5020 8
450 5297 10
5262 6036 8
4822 4925 10
3510 5588 2
2228 5801 5
2572 6550 2
2963 5151 10
1327 1891 9
1221 5710 4
2401 3654 6
2558 3161 1
586 5238 8
2117 6414 4
1286 2243 4
2610 5298 10
2753 2874 1
2857 4178 8
2632 5001 3
1833 6862 7
223 967 2
420 1874 9
6071 6342 3
1474 3548 8
2517 4727 9
6131 6338 7
4469 6440 9
3586 6296 9
1020 3689 9
829 5504 10
4143 6856 2
2402 3074 6
5684 5852 2
3396 5557 2
1046 5027 7
125 907 10
2552 6003 2
2693 4902 10
862 5900 8
2554 6888 4
4157 4737 1
486 980 4
732 4169 5
1145 3735 7
2656 5547 6
158 3682 1
2077 5042 6
2927 6507 4
1102 4767 7
4716 4755 7
377 1133 3
3281 5041 9
2639 6469 6
1519 4151 10
113 3073 6
421 587 6
1042 4494 5
4275 6672 7
3093 5227 2
426 1810 10
4314 5950 3
426 5819 5
1004 3168 7
1765 4803 10
2561 4075 5
6257 6278 2
1563 3035 6
6082 6428 1
33 5931 9
2293 5725 10
2067 3292 7
199 6476 9
1579 6361 8
5598 6884 4
2603 3023 5
576 3294 1
4128 4852 5
456 1368 1
804 2779 3
638 5680 7
1669 1818 5
89 560 1
2894 3135 3
736 4468 6
5051 5417 3
2213 5873 2
2050 5611 1
1788 4048 3
4814 6727 1
110 2645 10
233 2099 5
445 3868 7
967 6801 1
2410 4336 4
2273 6914 2
1709 3947 3
2471 4520 7
468 1142 7
837 1737 9
1425 4896 3
1910 4249 4
816 2960 8
2891 3616 1
2316 6506 7
1896 5269 9
3425 5485 4
4998 5274 9
858 1180 5
1045 1523 5
281 3292 7
1584 5225 5
2802 3398 9
2481 3423 5
2086 3603 3
1774 6947 5
1580 6474 10
1378 4274 5
1564 5988 8
478 2695 8
695 1394 9
1310 3537 7
1611 4747 8
670 745 2
223 5201 5
2250 6244 10
755 4392 1
1463 6908 9
2131 3435 7
2316 5806 9
2172 6663 6
3393 4265 2
1071 3605 7
192 2953 2
439 2664 2
3976 5772 10
159 491 5
1174 1684 2
5629 6958 9
5240 6893 6
959 1843 8
1320 1474 6
954 3597 2
244 392 4
1719 6991 8
642 3701 6
186 6974 7
4436 4933 10
1364 4139 9
3549 3905 7
1171 1974 2
4850 6322 2
3460 3796 5
1392 5674 5
1003 3663 8
3565 5589 8
2420 6064 9
645 6867 2
1517 5316 3
4677 5632 3
822 2220 9
3693 5029 3
2234 3921 8
303 1923 6
4481 5527 2
1804 5394 7
946 2588 6
2134 3446 7
4346 6413 1
4322 5175 2
2324 2408 2
3530 5928 10
2576 3153 1
776 3969 6
2555 6042 1
1231 2858 3
2689 3394 9
6718 6880 3
5583 6655 3
989 2184 3
3145 5871 9
2172 5525 9
538 4624 9
2985 6982 9
4452 4757 6
1165 6220 6
118 5387 1
1256 5134 9
2754 3105 10
2278 2721 1
5670 5894 7
5778 6224 1
1556 2102 9
3021 6429 6
4842 5975 5
494 3039 7
1051 1686 3
1115 2039 4
3205 5545 1
560 2889 7
1368 4302 4
2069 5134 3
2333 5369 5
1300 1308 6
4948 5040 10
1926 2222 7
235 4460 8
2567 3881 5
2070 3398 7
1192 3371 8
25 3984 3
858 5962 8
2334 3482 7
4070 5934 9
506 5699 10
1388 1526 1
2989 6429 2
1767 5323 8
4108 6663 10
154 6759 2
3256 6957 8
1804 6359 2
1525 5557 9
2861 5842 2
2164 5357 9
1581 3324 1
1202 3012 4
3553 5380 10
1478 3109 3
1092 1172 9
266 2844 10
2246 3742 8
5707 6259 4
3226 3742 6
1185 4282 3
103 6629 2
1716 5021 9
2315 3682 6
215 1759 7
946 2927 1
4400 6683 2
1564 2603 10
3861 5381 6
2122 4526 3
1448 3903 2
2589 4284 9
3499 6587 5
2 5920 1
980 5136 1
2060 3210 9
3914 6125 7
1866 4066 4
635 4567 3
190 3662 4
1346 6323 6
440 6879 5
3247 5710 4
3694 4488 4
1430 2684 5
2219 3597 2
3005 3335 5
596 3442 10
820 1762 4
898 1419 6
4091 4668 1
4198 5778 7
2377 2601 10
1095 3610 9
433 2234 9
5395 6064 9
4612 6325 5
811 1738 7
3622 4050 5
106 2640 3
1912 2331 3
5888 6823 7
693 6440 9
69 2832 9
1333 6669 5
1942 2609 6
1603 4158 6
1857 4261 5
2944 5317 10
448 927 7
528 5716 10
3063 3883 1
1895 6390 7
248 993 3
3175 5110 2
435 4280 1
613 3886 10
3867 6500 6
5581 5887 6
2458 3332 9
3533 5051 7
3209 6531 10
574 3812 10
1158 3196 2
445 4279 9
4430 5080 5
2099 3588 2
282 2379 9
1894 4643 5
5274 5799 2
650 6319 9
2567 6565 3
1658 5103 2
1196 1894 10
3037 4398 3
130 2289 1
4774 6206 6
1761 4090 3
3921 5413 9
3889 5503 6
4727 4807 3
1690 6199 2
2630 6954 5
738 3923 4
1263 6537 10
2965 4312 7
429 4999 5
626 949 10
496 4394 9
255 4003 9
4932 6040 5
3627 6612 10
5670 6163 1
3160 5353 10
3153 3629 1
2561 4007 3
76 332 5
1113 5809 7
5037 6506 6
14 6894 4
553 3708 3
1999 6000 7
5949 6755 1
2877 6384 8
180 1051 7
550 1658 3
512 3240 9
1386 2312 9
1801 6703 7
2419 5402 1
2582 5303 2
1565 1856 4
753 4880 8
3755 6320 1
315 2844 6
262 823 1
11 6453 1
111 3148 1
5152 5608 2
2012 3853 3
2285 4508 5
2060 6445 4
3433 5714 3
1325 4811 7
2526 6973 10
649 4194 1
3311 4957 4
3396 6181 4
559 2247 4
85 3514 4
2703 2732 3
2824 4176 9
2070 5510 8
2374 4994 7
1911 5294 1
2364 3577 4
4293 6398 10
3349 6167 1
5327 6319 4
2974 6532 5
3244 4416 9
1705 4403 2
3331 6587 1
604 2033 7
2492 5683 3
2610 6340 1
3528 5674 4
3742 5827 8
1579 6554 1
2844 6054 4
1664 6521 5
3608 4882 8
5085 5465 6
1114 6570 8
443 6606 8
1744 6290 3
362 1994 6
1691 5969 6
1199 2100 8
2901 6311 4
3970 6405 1
2507 4176 8
1760 5097 10
3103 6506 4
1278 1299 1
2528 6571 3
241 3709 4
4265 6978 4
987 4801 7
133 3509 5
3817 6848 7
1477 5237 9
431 5016 2
2798 5820 6
4590 6872 9
3237 6803 3
1252 5667 2
6144 6873 10
4357 5116 6
610 1192 7
1700 2641 9
5755 5873 1
4234 6901 9
3675 6551 7
1971 6678 6
2032 5218 5
10 4717 8
269 5392 6
1355 3276 7
1749 3325 8
293 3494 4
4271 4371 4
4883 6599 1
3396 4179 9
4525 6542 6
5580 6930 1
4609 4865 4
3113 6022 3
999 5791 4
374 4739 4
1269 6583 7
2764 5178 6
124 5000 7
464 835 6
1721 5524 1
5356 6617 8
1834 6016 3
1804 5858 10
4181 5356 9
3817 6145 1
6171 6552 8
3341 5003 10
3108 3662 2
6579 6788 3
987 5280 10
672 1977 3
870 3620 8
516 3400 2
3103 5421 10
1563 3142 9
1433 2184 3
493 3657 8
3332 3609 10
5389 5982 6
1251 3852 8
88 4164 4
911 4402 9
2675 3838 4
3545 4326 10
2652 3489 4
5549 5709 9
3589 5936 3
1309 5510 5
2976 3204 9
3772 4092 4
951 3087 10
280 3289 3
3698 6749 4
954 6444 5
4327 4383 9
637 3441 4
2838 3894 9
1862 6370 2
1942 6613 5
2538 2706 2
4646 6806 9
3492 4344 8
930 2813 4
155 2695 3
984 5059 8
3953 5823 2
1714 2779 9
1171 5890 10
1091 4350 1
376 3816 6
1507 5428 7
557 2802 3
4708 5076 5
1655 5019 9
1862 6666 10
1758 2755 6
5443 6915 6
765 2191 10
5282 6814 6
2335 5969 10
221 858 3
5903 6347 10
5872 6169 3
1294 3793 4
546 5252 1
2286 5902 9
157 4964 6
960 2541 10
4959 5191 1
4430 5610 10
4497 5634 9
2526 6900 8
1565 6606 2
2493 2758 4
1610 3841 6
4378 5501 1
5488 5526 2
1456 6892 6
528 1931 4
4481 5296 2
3821 5555 10
338 2162 8
2782 5961 5
4423 6090 9
68 1751 1
2894 4792 10
780 4489 1
223 5369 2
107 3780 8
1870 4373 1
2 2704 3
2257 3042 1
1179 6433 3
420 3223 8
5031 5958 1
1385 3987 4
1451 3287 4
5252 6807 7
562 2910 5
3186 4956 4
1708 4820 2
145 5571 8
2409 6926 10
2204 2688 9
1566 2502 5
4305 6446 6
176 2415 3
2865 4779 1
286 1806 7
3121 4743 5
1524 6005 4
1564 2232 8
1450 3964 7
2488 3402 4
5772 5995 4
2700 6274 2
347 451 9
963 3683 1
543 4239 2
1916 2150 5
584 4827 4
1208 3496 10
2672 6739 6
5248 5693 4
2672 3271 9
680 717 10
4930 5200 4
225 5850 3
984 1414 8
4648 6268 2
568 569 4
699 5015 5
2901 5229 6
862 6726 3
4148 5621 5
2716 4183 5
1882 4684 7
1448 6425 9
626 6223 7
5540 6811 2
5719 6311 6
2603 6104 9
4193 6616 2
717 5044 9
424 1538 3
3393 4448 1
2775 3781 6
3150 5143 2
919 3195 10
2371 4774 5
2420 6336 2
1956 2461 2
471 2162 3
3742 5780 6
151 1308 5
3467 3506 9
4395 4482 4
513 2948 4
2795 4789 2
6320 6737 1
1829 2097 2
2622 4496 9
3414 6415 1
807 5801 9
5498 5673 10
1033 4942 10
4314 6286 7
1058 5252 1
425 6922 9
4374 5001 9
421 1526 4
5542 5810 8
4170 4362 6
2254 3535 3
1565 6332 5
3725 4192 4
3032 4275 5
1606 6524 4
4397 5055 9
2193 3205 6
1235 5266 7
5399 6904 10
846 1529 7
2495 4933 3
520 1920 8
3168 3865 3
2572 4702 2
2042 2777 4
523 1491 6
2693 3783 7
4125 6913 5
1456 6336 6
3759 5829 2
311 2010 2
5501 5863 3
313 5743 5
1738 5547 8
245 4247 3
4027 5072 2
1454 5679 1
2949 4556 7
482 5529 6
1709 2997 2
4550 5057 3
2727 3527 10
1875 2908 5
1263 3003 7
4345 4618 7
2445 4854 6
2726 2798 9
1147 6060 3
2218 5912 9
2834 5727 1
1497 5199 10
298 3629 3
3288 5276 2
1237 6204 1
1007 5704 1
822 3257 4
3569 4479 6
6034 6802 1
1225 2618 1
3217 3997 6
1727 6400 10
174 4035 7
1536 2941 1
90 3732 3
3519 6685 7
4160 5734 1
907 2611 8
347 6992 2
3497 4256 4
1818 6808 4
2676 3921 7
1310 2676 3
2936 6053 2
606 3197 10
1695 1960 5
754 4970 1
4994 6206 4
2576 3552 9
1545 3543 6
3323 6513 7
1190 5746 2
524 2945 7
1720 2782 3
667 1136 4
5004 6659 6
505 5924 1
5351 6593 5
1913 2523 8
859 6440 10
2919 3391 10
1164 1398 10
2057 2109 7
1542 4049 5
3940 5783 7
2283 6177 10
4711 6979 1
1074 4799 7
982 3321 1
2138 2817 2
1032 6697 7
1842 4159 5
1250 4226 7
3166 4005 2
4241 6038 10
552 5194 10
3206 6303 3
268 5795 6
1858 2252 1
776 3534 4
1583 2428 7
3973 4671 2
1100 3359 5
2176 5768 1
4960 5696 2
1612 5202 5
819 4610 4
3379 4869 8
3774 5604 6
1984 2440 1
1182 1289 2
3054 6143 9
4434 6153 2
1814 4274 1
620 740 10
698 1620 9
3281 5506 1
656 1083 6
1386 6567 8
226 1735 3
345 6190 7
2033 2898 5
2627 3383 5
210 2803 2
2986 6558 5
2839 5001 3
828 3056 9
535 4270 2
2329 3785 1
3358 4905 6
2412 5726 7
190 2997 4
4187 6394 9
177 601 5
232 3767 6
1438 5453 9
2724 2782 4
53 277 7
565 5535 6
2483 4657 3
3010 4975 1
234 4667 2
3147 5734 3
377 4828 9
458 4851 7
5777 6324 3
5563 6423 5
4900 6459 6
117 3196 7
3268 5047 5
3834 4402 8
3011 6031 2
4537 5032 6
401 5469 7
306 2424 3
2457 6454 1
2381 6585 7
49 649 5
3834 5830 5
6133 6336 1
4606 5013 6
5312 6886 1
1288 2031 1
2113 5153 1
560 5163 3
3116 6182 1
287 2957 3
590 602 9
3629 6728 4
75 894 8
1297 5614 9
1680 3470 5
1586 2080 8
3001 4046 10
4218 5016 3
1075 1392 4
3010 6752 2
1384 2498 2
888 4757 4
3633 3734 8
772 3857 4
502 1376 3
3791 5939 3
2912 5927 6
5053 6276 2
5563 6163 7
4556 6282 6
198 4150 1
1615 5055 4
2518 4546 5
2910 5676 3
2132 3753 3
3924 3982 5
2648 2764 6
4801 5700 3
1848 4345 1
681 6063 4
6150 6460 1
4271 4518 4
2603 3269 5
2259 3469 1
790 6623 10
1201 3095 7
354 6802 8
3640 3917 2
3195 5708 9
140 5222 8
955 5709 1
2796 3695 1
985 2181 2
910 2291 7
5417 5496 3
3657 4358 9
891 1286 1
2051 3142 5
955 4490 1
131 5335 10
2646 4026 9
145 3101 2
476 6490 2
2268 5428 1
1820 6272 8
5719 6164 1
908 2735 6
3631 4475 1
1057 5848 10
290 1577 9
1981 5243 4
4835 5296 6
1826 2219 5
636 3389 7
2955 6375 4
2281 5345 6
2539 3327 9
2766 6254 9
487 2998 2
1506 3400 8
465 1963 4
2258 4479 4
1293 5702 7
2894 3331 2
1725 3796 1
2922 6700 10
5246 6228 8
1755 2412 2
5845 5881 7
1028 2929 2
4157 4945 10
5446 6132 10
844 3569 5
498 4546 2
3380 6631 8
140 5968 2
760 4166 2
265 931 9
2179 2533 5
1682 6629 4
1256 3183 7
1025 4913 9
1718 3274 8
2673 5418 2
2343 6953 1
1534 4217 1
1551 2327 8
1543 4934 6
388 2447 4
2926 3497 3
2079 4461 7
5662 6626 5
2169 5014 9
1723 4604 7
3980 4405 1
1199 1548 6
737 3219 6
1241 4627 10
4366 4762 10
4391 6460 3
672 1222 1
362 1408 2
2260 3806 7
1533 6208 8
5424 6312 7
57 2442 5
855 2399 8
2230 6318 4
2205 2415 6
1470 2840 4
2505 4135 7
3321 5886 7
803 6785 9
1957 6389 1
1404 6849 10
5091 6114 6
3324 4376 10
2311 5359 2
1864 2682 1
5566 6554 6
2596 6487 10
1513 4494 4
1650 4941 4
3150 3516 7
2614 3694 5
517 3645 7
6027 6706 5
2351 6711 5
2936 5248 3
3517 6615 10
5969 6931 2
6592 6924 5
5446 6885 6
2170 6005 1
2107 5392 7
3642 6740 7
182 3789 2
4024 6989 1
1576 3236 2
450 1179 6
4166 5693 10
4844 4954 7
374 3782 3
6234 6904 4
4963 6546 9
1277 3571 1
1679 6717 9
2609 5163 2
2551 3881 5
87 5233 7
1803 2882 6
2670 5590 3
1106 2727 8
2377 4158 6
42 2006 8
999 6160 7
3996 6359 4
3083 6041 5
1741 5926 1
828 6314 3
656 2868 3
1250 3032 3
2024 5002 2
5605 6833 1
280 2898 3
4343 5971 3
669 2502 8
5179 6672 6
639 6376 1
4853 5571 10
2477 3988 10
1832 6516 5
1240 4509 2
927 5711 2
2862 6909 10
1992 5078 7
346 3446 6
4168 6651 10
5962 6580 5
2368 6194 6
3910 4334 10
2435 2439 10
1456 4215 5
3812 6482 4
41 1647 9
1992 4586 10
2426 6451 9
4862 6935 10
1491 4337 3
3025 4827 2
112 1679 1
1268 1597 1
1644 3607 8
2856 3062 1
2947 3427 8
1708 5256 9
5066 5549 2
195 3324 7
2033 5092 3
2379 3396 2
2425 6613 8
1711 2655 10
1155 6638 9
1838 4902 3
4096 6074 7
3641 4169 8
2934 3585 4
849 3306 8
3558 5938 10
70 534 6
3913 5359 10
1389 1566 3
398 4689 2
388 2545 9
4047 6141 7
3931 4396 1
3299 4765 8
4817 6703 9
2374 3150 6
2033 3666 5
2325 4781 2
245 4707 8
1409 6078 4
1744 2765 4
2531 3119 9
123 3774 8
1772 6275 9
1466 5108 5
3091 3461 5
1119 1724 1
2040 5844 2
4734 6410 5
154 161 9
2568 3561 4
2639 3080 5
4038 4279 9
2072 6236 8
3433 3857 2
1604 3475 9
5780 6496 3
3622 6622 5
3640 5446 5
1141 1201 10
4082 6824 9
775 968 1
530 5213 3
1522 5419 4
5082 5495 10
3408 5164 10
400 748 3
177 6634 9
2784 4202 9
1946 6152 1
1298 5053 10
17 2023 2
2151 6910 10
1813 3830 4
375 2809 9
2061 4580 7
2447 5172 9
106 4134 1
672 2298 7
3288 3406 1
3842 4033 5
2064 3548 6
917 4556 6
567 2314 1
2685 4673 5
1413 3466 7
1701 6297 4
2300 5236 7
4295 6529 7
2298 5132 6
1184 1970 4
5080 6658 3
926 2684 3
4274 6336 3
2102 4618 2
3588 4590 1
3554 5534 2
1051 4178 4
2317 4617 4
1860 4594 2
889 6824 7
2541 4349 3
989 2707 2
2422 4513 5
4750 5769 4
1539 1612 1
5478 6346 6
170 5141 8
2128 4394 7
237 2380 9
918 4940 6
2386 5642 9
849 6434 7
2428 4532 8
4737 4888 3
492 4253 4
4082 6788 8
1767 3656 3
1812 3635 8
68 4156 2
1399 6438 2
6261 6387 2
761 5451 7
4214 6673 5
644 4593 4
2653 4290 9
1063 1355 10
511 6157 6
149 6208 10
5067 6823 2
1153 5625 10
3515 5634 10
1294 6225 5
2083 2941 1
263 2181 7
5013 6112 4
487 5444 3
644 1767 5
3206 6528 9
151 3984 8
2229 5767 3
957 6352 8
1562 1696 9
1894 5079 5
2410 3893 6
2883 4110 1
4473 5794 10
783 4823 9
4601 4972 6
1295 5535 6
1887 2684 3
4117 6939 10
2457 5691 3
1371 2776 10
979 2640 8
1408 4855 1
2889 6010 10
5597 5609 8
4548 4631 8
4187 6805 2
1031 3070 9
4469 6406 2
5064 6968 8
724 815 9
1111 5717 5
338 1819 3
3147 5441 10
349 1670 6
3016 4432 5
2683 5445 9
3867 5080 2
579 4189 6
1352 3969 6
928 3388 1
1484 1549 10
4299 5077 1
253 6419 4
745 1975 3
85 1411 7
898 2318 5
1527 6997 8
2527 6765 3
14 6012 3
3766 6402 6
5772 6991 4
2436 3954 4
4915 6238 4
2716 5986 5
337 3241 1
215 489 4
2713 3284 1
2680 5352 9
4612 6463 7
277 6603 5
4025 5046 5
2184 2374 8
1749 2114 4
619 3469 2
1673 4007 10
880 2672 5
344 3981 1
1768 3918 7
3508 4473 10
2708 5151 8
4212 6669 5
2074 4706 2
1203 3406 2
86 3762 7
3869 4362 3
2021 4500 8
443 3219 1
2996 3091 5
1454 6890 8
1216 6464 3
2810 3380 9
2559 3967 1
955 3000 4
3472 4209 10
3194 6882 4
245 1723 9
343 5951 3
252 5400 1
607 6744 5
4824 6835 7
5128 6078 6
2383 3900 5
2627 4757 8
3682 4220 1
1970 4448 1
4392 6601 3
1657 5726 4
103 3854 9
3630 5758 7
275 4799 6
4792 5518 7
1681 4669 2
585 4042 8
4911 5545 6
2203 2549 3
1594 4697 6
1168 2682 2
1519 2944 4
3013 3754 9
1678 4423 3
764 2536 1
129 649 8
623 3230 7
1404 2689 3
150 3950 3
1715 5218 1
527 2310 5
2984 5898 1
2332 4064 7
5315 5863 2
4987 6684 9
1357 3149 3
3470 5679 1
3366 3931 8
1280 4508 9
3329 3626 4
1047 2804 4
4028 4468 9
1840 3082 3
2593 3791 5
3389 3543 10
669 1533 1
4064 6339 1
2693 6603 10
846 2535 10
1835 3362 6
5055 6766 2
624 5380 2
1873 2204 4
2729 3626 5
2197 4276 5
2962 4696 9
661 6036 9
1978 6144 9
4723 6547 3
2802 6257 8
108 5839 6
941 1046 9
3948 6583 6
686 1711 8
683 6818 9
4505 6272 1
4221 4451 7
3479 4044 8
2144 4001 10
4338 5523 10
82 227 9
6754 6795 9
3806 5804 2
3324 5536 2
173 5417 9
4552 6562 4
1397 6987 8
1769 4188 6
949 1757 10
1664 6023 7
2353 6658 4
26 2941 2
1663 3022 3
27 2825 2
2763 5169 10
1010 1257 3
4197 4354 10
357 5924 1
2975 3851 9
4356 6144 10
452 3333 10
675 790 1
991 3053 10
1165 3378 9
3201 6737 7
2991 6249 2
3811 6223 9
2342 4762 6
835 3422 6
349 5807 10
2791 4544 2
205 3650 1
2266 5386 7
1306 3815 10
3755 5528 10
4600 5445 3
3604 4761 2
117 814 4
253 262 6
730 3465 1
2685 4999 3
2957 3565 8
359 6091 2
2483 6460 7
1578 2083 6
852 3063 9
3040 6486 4
1350 6140 4
1509 2849 2
799 3641 2
2299 5013 1
192 1431 9
912 3809 5
3677 5149 6
1139 6682 7
2639 3717 3
4566 6711 2
1402 6878 10
4003 4165 5
4572 6968 10
5415 6202 10
1679 2532 10
3952 4097 8
1430 1922 2
850 3692 8
1807 5559 5
3266 5793 5
236 2611 8
1187 6692 6
76 3467 7
641 3981 7
2142 2655 3
2783 5541 5
3068 5198 9
5344 6660 1
2086 4437 5
3276 6534 9
1768 3991 3
315 1329 9
482 943 4
5009 6140 7
5333 5418 8
1909 4768 6
4459 5682 6
39 5723 10
1910 2911 3
339 2059 2
2607 4895 10
1079 1543 2
761 6675 1
1239 1945 4
4977 6924 5
1534 4378 7
4995 5566 9
4180 5251 1
5327 5762 8
3039 5208 4
4193 4395 10
168 1192 10
327 5699 7
1184 5964 2
3807 5590 1
1172 3477 6
858 2008 5
2852 6701 3
1157 6369 3
779 6684 3
1693 4713 3
689 4165 2
1012 5318 10
442 2276 8
3245 4059 5
1437 3081 4
17 189 1
2858 5533 4
307 2919 7
870 1921 2
1634 2336 7
9 1071 10
3018 4633 10
888 6491 6
1214 5254 10
731 887 1
751 1246 2
875 3459 2
817 4404 5
3392 6881 7
675 4278 1
52 6095 2
4231 6003 2
1923 3248 8
4366 5577 1
436 2088 4
4058 6564 5
2581 3447 9
3154 6184 1
1163 5631 8
2159 5128 5
579 2529 10
2486 4023 3
315 6142 4
4230 5486 3
4952 5715 10
2919 4663 2
3283 5804 7
2064 3415 5
2899 6212 3
3861 4261 9
5266 6133 5
2553 3689 8
4082 4343 10
3621 4078 7
3122 6403 9
2566 4250 3
2187 3539 7
1724 5668 4
1098 2617 7
5771 5813 10
4000 5854 9
1229 5740 7
940 6010 8
4521 6143 6
3049 3843 8
2682 3195 4
3917 5546 9
3371 6581 6
1237 3906 4
4495 6111 5
817 6760 2
2087 2820 8
18 2082 3
1998 6820 8
3210 5874 5
4701 4911 3
996 1904 6
366 2109 9
1819 4071 10
2772 4075 6
579 5402 2
245 5974 6
1883 3021 3
771 2369 7
359 515 5
3885 6185 5
3500 6407 3
2340 6725 8
1406 4471 7
138 3816 5
942 4440 7
1210 6744 1
4441 5430 8
469 4610 6
4545 5626 8
1815 3032 3
400 1940 6
368 5340 4
71 3918 4
2595 4443 4
228 3102 1
3500 5089 10
4094 6439 10
2386 4042 6
1463 2157 8
1176 1364 6
4272 5493 5
3872 4522 7
4255 5915 4
728 6999 6
3648 4805 7
493 6475 10
5107 5222 2
24 6789 8
1748 6754 8
577 4111 1
3610 5513 4
3431 5751 4
829 6042 1
3153 5022 4
249 4748 9
872 2897 5
3045 3796 3
366 3875 1
4284 5992 9
647 2415 9
2873 3247 6
1402 4260 9
4823 6529 9
1541 2233 8
2075 6850 1
1163 1738 10
3711 5398 1
1240 5496 8
2619 6938 8
976 6522 9
2403 6868 2
991 3189 5
216 5653 6
681 2134 8
6300 6487 3
2358 5486 10
5399 6778 2
1434 1743 9
428 3007 4
253 3636 10
3814 6368 10
416 5031 10
158 5661 10
4258 6253 3
588 1348 9
354 4894 9
602 828 10
446 3776 1
1798 5756 7
350 2456 1
481 3420 1
6096 6819 10
2652 4403 6
529 5836 10
1091 3863 1
264 2975 4
2092 5877 6
4736 6975 1
1425 2063 5
1205 4049 3
3579 4839 9
3236 4440 9
3583 5789 2
1415 4586 8
4241 4858 2
3430 6340 6
1715 5764 3
457 2398 8
3177 4852 3
465 721 4
1638 2661 3
371 4050 5
827 4750 1
1313 5111 5
2780 3015 3
805 3424 7
3093 5024 3
74 2692 9
2520 4881 6
2900 5787 1
1583 6348 7
2939 6376 2
2929 4674 5
1771 2166 9
600 5590 2
456 5900 8
2161 5659 4
2624 3339 1
3837 6779 8
988 6327 7
2987 4135 8
2465 3414 3
754 1234 3
2282 3080 2
1657 2001 5
6441 6818 7
1551 1642 3
3656 6643 3
3936 5992 4
72 3481 2
1094 2453 7
1913 3939 6
1688 2112 5
36 3183 3
4616 6431 9
3566 4206 3
4391 5981 4
1072 2566 4
664 3408 3
1056 3833 4
5208 5255 6
1465 1837 7
1620 2022 6
1773 6409 2
2025 3626 6
1197 3984 1
835 3547 3
299 1650 7
1402 4239 1
90 1542 3
1509 4188 10
4346 4520 1
600 1092 7
2016 2556 9
414 5757 5
1255 4453 4
755 3368 8
2527 4444 3
608 4686 1
1764 6055 8
1068 6929 1
924 2568 6
4968 6402 8
381 4258 4
2848 5068 6
1308 2007 8
1509 4851 2
2814 5668 6
1823 4926 4
1968 4459 4
1635 1852 3
1796 5819 3
4325 5186 4
580 5991 1
2491 6973 7
3744 4383 7
1059 4981 4
56 4872 1
200 6783 5
517 4312 1
2023 2975 9
1963 4659 6
5764 6850 4
5586 6145 10
3982 4544 8
3880 4476 4
246 4192 4
2228 2871 5
1123 3050 8
325 2427 6
856 5954 9
483 2174 6
2821 3449 1
412 4337 7
823 1650 3
2182 5507 2
77 3352 9
1281 3219 7
4107 4744 3
2240 6985 5
664 5484 4
3 5112 7
2433 6490 7
1966 4428 6
4559 6673 1
2638 5324 7
3950 5074 6
3916 5811 4
548 6795 8
87 3385 10
1660 2741 6
3304 6468 3
4152 6213 4
2379 3590 1
2835 5707 10
1598 2233 9
5127 5889 10
3826 4471 2
2464 2662 5
1477 5715 4
2813 4680 8
1328 4568 3
4259 5385 9
4773 6419 8
3091 3137 4
3061 6385 6
1720 3377 2
1768 6567 9
1540 6612 8
724 3681 9
2320 4214 7
2550 4261 2
1491 4295 5
4160 6609 5
821 2491 7
1575 3720 10
225 2458 7
3680 6589 3
6406 6894 4
746 1338 1
3115 3703 5
3085 5500 2
1358 5446 1
54 57 5
1952 6672 9
313 1084 8
1379 3711 10
2484 6570 8
723 4217 6
453 2852 8
312 1784 2
790 6394 7
1296 6246 1
443 1046 9
1096 3984 4
4498 6082 2
201 1552 7
2252 4350 2
217 3484 7
1441 3342 9
2399 5272 9
1596 5997 8
694 966 3
476 5126 4
1544 3618 10
4353 4900 6
1119 5232 8
2762 5466 2
2871 3186 4
3158 6530 5
158 695 9
1660 1943 8
2067 3508 4
6359 6966 4
3186 5300 3
2283 4356 8
2180 2404 4
218 555 5
1470 5490 3
2790 5289 2
4009 5489 7
5184 6930 3
1982 2983 5
335 5224 4
2816 4920 5
1122 2049 1
135 4996 10
156 2025 4
1522 2584 7
173 2808 8
1745 3000 9
5513 6938 3
4456 5646 10
1572 1950 5
1681 3672 2
1062 5718 6
509 4186 10
2376 6241 7
2785 3532 6
3422 6982 7
1728 3927 9
21 5271 6
1034 2508 7
2184 4426 5
139 4771 3
3557 6971 7
1594 2645 10
2001 4370 1
1919 4139 6
977 1264 7
3792 4519 8
4042 4273 4
2976 4645 9
4934 6039 6
968 5969 2
926 1805 7
3590 5856 5
402 1660 6
857 2544 6
390 2768 1
1813 2844 7
2986 6715 10
1301 5637 8
1169 3873 3
363 1348 4
1941 2312 1
437 5300 2
2136 5926 2
2531 3617 8
4885 5142 5
4187 4576 6
1654 5966 4
5032 5446 1
3488 3524 4
1745 2864 5
1662 5508 7
1577 2591 4
3399 6929 5
5385 5396 5
359 777 1
2778 4542 10
3717 4165 1
2460 5049 3
4189 5083 5
602 3869 1
3557 3885 2
3091 4388 2
1004 4108 2
2232 2563 2
681 893 7
1914 5858 3
2468 3575 3
1094 5421 9
143 4396 3
265 1745 6
2326 4977 10
1210 3467 3
4140 4620 3
1258 5759 4
1045 4443 5
974 3234 9
1914 3524 7
2154 3315 4
236 3401 6
6685 6688 9
6152 6823 1
461 5715 5
2063 2577 4
1731 2186 9
2496 5534 1
5064 5370 5
2857 4897 6
3959 5114 1
501 3062 4
4917 6031 4
755 6153 9
791 6120 2
213 5531 6
1587 4733 1
1674 2287 6
3101 5146 8
1497 6393 6
5542 6582 9
1934 3862 3
1053 4250 7
2379 4507 3
451 2941 4
2154 4065 2
683 6499 6
332 6487 3
4664 6914 8
1407 5765 3
5403 6005 10
2597 5358 1
3974 6356 8
1713 2839 8
739 1425 10
3465 4701 3
2957 4254 5
3338 5327 5
111 3413 5
6229 6909 10
3320 6782 4
2239 6739 5
2406 2920 9
4856 6163 10
485 2079 7
3411 6614 2
1831 5854 5
2992 3872 2
480 2437 5
1631 1740 3
5230 5686 10
3154 6797 9
3740 6933 1
4 3518 1
2129 3932 2
32 4558 9
4234 6923 10
308 1305 5
645 3950 6
3804 6624 1
5845 6760 4
523 1380 6
6258 6517 3
3965 5012 3
5061 6140 6
4977 5252 5
9 2081 1
1008 1016 2
3071 3645 9
1767 3040 10
295 2246 7
1206 4942 7
398 4555 6
591 2346 9
3307 3500 7
1908 5142 1
2824 5501 10
3715 4083 1
295 4498 3
1468 2612 4
1722 2945 4
2436 4148 10
4731 6669 6
27 2974 5
2391 5115 1
1884 2352 4
907 2250 10
4994 5570 5
762 3344 8
1742 6942 2
5544 5692 4
44 5073 10
4001 6311 10
182 2901 2
5755 6529 1
1925 6204 3
1939 1945 6
255 6031 1
4273 6304 1
503 5014 8
3424 5370 3
216 5553 2
2481 2991 6
675 1175 6
4690 6801 3
1725 3946 2
1727 6469 4
3992 5457 3
3848 3919 5
1179 4209 1
1651 4304 5
3904 4531 7
3416 3517 4
4223 6993 10
1492 6993 7
5476 6026 6
2243 6733 3
239 4555 2
480 4054 4
2150 6561 9
4375 6606 7
922 5857 4
654 3723 3
361 3349 6
2824 3036 2
217 6501 7
3217 3877 7
3193 5905 4
4624 5050 5
744 4128 3
3839 5160 1
2643 5267 6
2149 3969 5
3324 3540 10
1438 1870 5
1970 2524 4
2846 6477 5
1860 4735 1
3136 5989 9
596 4171 5
2738 6024 5
1323 2936 9
1033 3737 3
715 5708 3
1729 4289 8
4189 5373 9
2017 4192 5
5994 6453 8
1685 3854 1
2628 5872 6
5090 6536 6
461 2466 9
1421 2834 2
5774 6146 5
452 3325 3
3808 4678 5
1023 1042 7
377 1194 3
259 1291 6
2763 6728 4
4606 6132 6
3977 4381 2
1520 5701 4
909 1013 9
545 2612 3
5170 6913 8
2053 3637 2
342 3585 5
733 3430 5
2236 6337 3
298 4647 5
4403 6913 10
285 464 6
807 6746 1
2243 4852 2
973 4167 2
765 1653 2
5398 6129 10
2281 3676 1
923 6664 7
449 6307 3
4080 4188 1
4787 5332 3
6079 6862 8
788 5252 5
4619 6352 2
6382 6464 7
5031 6758 1
3084 4675 9
2001 5398 10
1787 5698 9
1867 4956 9
5047 5534 9
2350 6368 10
692 3135 1
3803 4070 5
1112 6146 3
2288 3202 7
2962 3552 4
1428 3794 9
1338 4879 9
2535 5702 7
645 2013 3
118 6819 2
1312 2729 3
431 2826 3
2644 4862 7
251 5654 1
2393 4716 9
5828 6329 4
2796 4877 10
5141 6829 2
3459 4758 3
2379 3005 7
433 1381 6
3110 5058 9
548 700 9
236 6241 2
33 5213 5
3811 5912 3
2923 5043 3
1166 5015 4
705 3743 7
227 1529 4
1430 2076 1
3494 5346 10
1411 5102 4
5150 6855 10
2518 2581 9
3669 4465 8
511 1581 7
1178 1727 1
4027 6075 6
5347 6162 5
3894 6160 10
1772 4226 9
5064 5918 1
2015 4785 4
1794 3433 1
2178 6855 10
3253 6541 2
3590 4592 1
2008 2173 1
3652 5752 10
2053 3798 1
567 4480 7
764 4771 4
22 4067 2
2661 5234 10
4774 6816 5
1494 6797 7
4591 6794 2
3826 5523 2
1496 5539 7
1818 5056 9
2755 3264 10
1790 3366 10
1593 4394 9
1829 5706 10
4079 5307 10
1660 2430 5
1787 5346 3
3171 4517 6
3506 4136 5
488 746 9
1663 2411 1
1148 3122 2
5348 6973 8
1461 3559 8
1136 5855 9
3702 5499 1
4328 5339 4
1240 1506 7
537 6097 5
5479 6849 7
1934 3988 3
236 453 2
5768 5836 7
1243 1815 8
2291 5885 5
4166 4862 2
1983 6389 8
1487 1829 8
1282 2884 4
1866 2739 7
1982 2242 10
3364 5622 9
5472 6395 9
412 860 4
2532 3270 1
2760 3268 7
3263 4821 4
857 4724 8
376 4914 9
390 3664 3
181 2836 9
491 4338 6
4064 6774 8
5874 6361 4
172 5928 9
931 1472 2
1118 4665 8
1451 6412 8
407 1230 3
2231 2415 6
980 6315 7
2897 3947 2
226 1857 3
1367 4502 6
1150 6390 2
4200 4606 6
343 5852 2
1169 3399 1
543 721 6
5109 6194 5
5556 6127 1
1726 4113 9
5913 5942 2
1961 2927 6
588 2960 5
160 702 7
3355 5248 8
3935 4683 9
2912 3010 7
1175 5317 4
813 3430 2
1558 3336 9
3127 6015 8
826 1381 9
1337 2974 1
263 4795 6
1543 1903 10
763 2720 10
3075 3429 2
442 3383 9
1291 2550 9
1476 4727 7
131 6124 10
1091 3852 3
3240 6273 10
811 5443 1
1151 5803 9
3484 3977 1
1608 2299 8
570 5665 5
3761 6627 3
3255 3704 10
2110 3505 9
3201 3216 2
2408 6069 4
1347 1825 1
1219 5083 7
308 6267 7
3153 3397 5
2694 2881 3
4274 4976 4
1529 1945 1
1154 1694 3
969 6590 9
1779 1948 2
837 6955 9
1960 5424 1
1315 1723 2
215 3320 4
3535 5413 1
2902 3955 2
3473 5649 5
100 1602 5
443 2490 4
2621 3125 5
1564 3999 4
1271 2553 9
1795 6856 1
3125 6262 2
5782 6103 7
682 3152 4
2434 2956 2
4755 5411 4
3427 3744 3
3204 4662 7
702 6342 1
297 1724 8
357 792 5
1304 3898 5
5029 6831 5
2283 5201 1
982 5751 4
289 4661 2
2708 3176 5
4042 6224 1
3386 4273 2
189 6912 7
1338 6701 1
5979 6179 4
4265 6157 9
196 4341 3
2102 5648 5
177 3817 4
2113 3927 5
3753 6116 1
2656 4560 6
5329 6886 7
1191 4400 10
52 3807 6
1879 3719 2
3829 4628 8
2903 6761 7
1604 6185 1
4559 4791 9
3413 4128 9
3169 5146 9
2493 6912 2
2116 6644 7
4376 6644 4
1918 3630 9
3276 6500 5
1341 6926 5
1548 2840 1
1309 3957 8
1102 5790 4
692 5582 6
3252 4156 2
3728 4256 5
2875 6391 8
2852 5657 9
3283 5992 5
85 3861 8
3781 4900 9
1376 2407 3
351 5020 3
1201 3851 9
1191 1326 3
3297 4942 5
968 6446 6
4124 4670 7
1569 2954 3
3599 5438 6
289 6170 4
706 1554 3
885 3929 2
3667 3947 6
4747 5481 1
918 6033 2
5051 6604 10
3953 4220 6
603 1321 5
1637 5412 10
442 2637 1
3985 6932 8
2909 4945 5
364 6243 10
1765 2946 3
5304 6838 4
98 6089 9
4561 4718 10
1775 4132 3
3547 6784 4
1848 5743 6
603 6391 7
3889 6000 9
3414 4261 7
5349 5848 10
3148 6667 8
132 1986 6
5892 6164 8
266 278 8
6248 6484 10
6713 6995 1
3032 4680 1
718 4116 8
1121 2577 6
1341 2903 6
303 5942 10
4451 6933 5
882 3708 7
2551 3553 5
318 1909 7
3353 4738 4
421 1167 5
274 2188 2
1601 5361 6
779 6903 9
2732 5254 2
3101 4254 3
1105 5577 6
228 947 1
4208 5326 10
5067 6040 9
578 4116 1
3735 5194 4
922 2668 10
2078 5488 5
357 5515 3
753 5033 5
1558 4501 2
2033 5927 5
3071 4375 1
1360 4726 3
291 5218 3
1975 2292 2
2932 5351 1
17 99 1
2710 5601 6
1074 5788 8
2906 4474 9
483 3804 3
76 4813 8
2539 2569 1
548 2062 2
1999 6332 3
5618 5774 6
1021 2771 3
1645 4190 2
915 3523 2
92 3019 5
1790 3722 7
2618 2826 8
1023 5822 7
1928 2259 2
178 6434 4
4841 6515 5
3017 4052 5
568 4426 10
389 6022 7
967 2576 7
1980 4625 6
680 1401 3
5543 6682 4
1643 6462 4
185 3345 9
1721 3384 6
1797 3817 3
3026 6726 6
1616 4728 4
2898 3976 1
3578 6655 3
1696 1830 5
5776 6670 8
779 1024 8
3095 3969 4
2650 3389 9
4121 5971 7
1526 5042 3
3212 5135 10
1167 5270 7
1796 5970 9
1938 2777 9
2839 6389 7
1693 4565 3
4819 6008 7
1078 4049 3
529 668 3
396 4451 6
849 1290 2
593 4095 10
1286 3981 6
1761 4269 10
655 4020 6
650 5547 3
3864 4092 6
2150 6377 10
2133 2909 9
3422 5084 7
95 6783 7
1391 2579 4
1136 2187 8
3218 6715 5
4656 5508 7
2520 4063 4
4642 6205 5
4533 5076 5
1146 4725 7
3045 5290 4
3773 5643 2
515 6647 6
3626 5042 1
2144 3578 3
4735 5408 3
4100 4601 5
528 3393 4
91 5406 3
2458 6577 8
3674 6667 7
964 2664 8
931 6649 4
1954 5103 3
1251 3075 4
3171 5239 2
2279 5963 3
1169 5914 6
1246 1874 9
4056 5186 8
2491 4312 8
2353 5235 7
2760 6535 5
946 4610 8
66 186 3
1087 1907 6
2344 3809 10
862 3006 9
1200 2580 5
247 2122 1
3979 4726 5
1432 5045 8
6454 6658 9
4867 5470 4
88 5678 4
1683 2025 7
341 3199 7
4166 4205 6
2932 3739 3
1286 3728 1
4109 6487 9
3704 4138 10
2465 4596 10
2984 4886 2
351 5359 6
347 5197 4
55 1829 2
1733 6814 7
2869 4870 9
5159 6622 4
2103 5814 1
1474 3378 6
2570 6237 2
863 3071 10
2243 3256 3
3251 6125 6
4310 6350 5
2024 6356 1
53 6742 10
3464 3666 7
83 872 1
2564 6205 10
1895 4804 10
1059 2549 4
5112 6294 8
5091 5334 6
3924 4114 10
352 4994 9
2362 3358 1
3478 6346 3
3594 5311 10
4369 4483 5
2144 5939 1
1154 1754 4
3962 4259 7
3050 4769 7
2047 5999 6
1202 1452 8
1619 4315 4
2179 2464 4
2198 6269 4
3101 3690 4
4440 6389 6
5034 6378 3
2978 3058 5
24 3857 8
4739 5097 8
1810 6091 9
62 920 6
349 1221 10
2570 3498 5
2531 3065 7
4354 5526 3
1585 2926 6
2432 6927 6
4157 6818 7
3753 4323 1
3206 6986 10
1232 2323 8
3714 5287 3
127 3251 4
141 6223 7
4180 4603 9
2453 5808 7
5426 6476 3
4903 6721 7
3961 5771 10
3607 4494 6
120 4098 3
579 2972 3
2507 5341 5
5206 6178 8
3509 6870 10
1594 3636 3
907 6653 1
1603 5697 2
6132 6727 10
3605 5606 4
5545 6891 6
2909 4695 5
897 3507 6
2476 2781 9
3911 6871 4
6303 6313 7
2489 4319 4
449 1695 2
790 1782 10
839 2918 1
1125 2116 9
1849 4906 2
289 3089 7
4495 4584 9
2463 3673 2
694 2003 3
1580 5296 2
3594 6372 1
1979 4119 5
4368 6086 8
1659 6640 10
3365 6427 2
3008 5027 7
908 1800 5
910 5583 7
1172 2421 2
2430 4635 1
1348 3711 2
823 2713 2
3920 6036 7
799 1179 4
3760 5327 8
1270 4267 7
98 5226 5
3028 4041 3
2490 3793 1
2932 6531 5
1660 3876 2
2886 4608 10
1951 2183 9
735 2212 8
2437 4915 10
1082 5810 9
2323 6131 5
2597 4697 3
466 3282 3
3926 6623 8
39 2631 9
5168 5766 6
336 2209 7
1695 3595 9
2305 3543 10
4730 5313 2
1542 6961 10
4866 4936 8
954 2324 2
3725 6726 8
1706 2079 6
1374 2543 4
2795 5356 8
2675 6153 8
1253 1789 8
4403 5031 7
69 3509 4
658 2515 2
4292 6298 8
6015 6281 3
766 5792 4
1447 5609 8
3519 4243 7
3425 3905 5
5671 6417 5
52 1457 6
3591 5633 9
826 4997 1
3042 3190 4
1678 4055 4
2865 3840 5
413 726 4
2145 2667 8
2114 3548 3
1282 5962 1
4695 5734 6
3237 6550 7
3060 4207 2
1281 4858 5
2111 5046 6
1422 3902 6
71 2652 9
2061 4009 4
1496 2633 1
2942 3347 1
1761 6771 7
1073 5679 8
1953 6650 4
3304 4829 1
1055 1967 8
1723 4733 8
4547 4890 9
3299 4450 9
363 6399 4
224 6169 4
688 3584 5
540 4914 10
3317 5219 7
661 1864 6
932 4996 8
2138 4269 2
2875 2974 10
2123 3049 2
4168 5666 5
447 1579 5
108 4145 7
6853 6916 7
2644 3623 4
2731 3278 1
138 6623 6
6535 6593 5
5774 6607 7
2968 4783 9
3018 3548 7
108 5372 4
1809 4956 9
1544 2554 3
944 3215 4
101 1009 7
2343 5853 5
160 2186 2
4583 5669 1
284 456 10
4199 4984 1
2282 3308 3
628 6567 7
323 6569 1
3367 6950 8
2351 5313 4
876 3081 1
436 2805 6
4577 6328 2
1 444 5
6277 6771 6
5123 6013 9
6113 6786 7
314 6742 2
1140 4940 1
291 990 2
473 5722 1
680 4104 9
732 3004 4
2231 3595 8
2751 4499 2
478 5895 3
3107 4774 1
1535 4345 6
1856 2367 9
3300 4582 1
170 2005 6
1907 4920 7
824 2136 4
755 1428 10
855 5182 8
4592 6405 4
2805 3696 4
1033 2713 8
4127 5448 2
1993 2473 1
2969 3341 7
4848 6595 5
1383 3053 3
1355 3456 4
5011 6169 10
1957 6253 6
2126 2680 4
3573 6513 9
1766 2296 3
78 6509 5
442 3214 10
1224 6383 6
1342 6153 9
666 5974 6
178 2024 10
2983 3058 10
3411 6273 7
4552 4958 5
394 4108 5
6018 6231 3
2665 5040 9
1888 3837 1
6 4044 9
1978 4707 1
1345 4303 8
3421 3967 10
2045 4011 3
980 5489 8
565 1951 5
23 2759 3
3523 4147 2
280 6610 7
422 3354 1
3288 4196 7
2095 4734 3
4803 6885 3
785 4970 3
2668 2857 1
2634 4902 10
268 5190 10
769 4496 9
115 2954 7
582 4425 8
153 1182 7
2694 6690 3
1160 3637 10
3929 6270 9
1199 1991 10
4318 6539 4
1249 2332 7
603 4226 6
1430 5546 2
2337 4988 6
3583 4915 6
3977 3979 2
4764 4843 4
3554 6071 7
4775 5766 5
780 3829 1
1712 2913 3
676 3416 9
3107 4356 6
710 2752 5
5264 5680 8
1961 6092 8
3400 6013 5
365 5434 7
559 3318 2
537 3232 10
608 6096 6
258 2060 9
1386 5254 8
4372 6392 3
692 6046 4
1663 2046 5
3783 5364 9
3866 5994 5
460 2747 10
1445 4942 2
4061 4573 2
247 1420 3
1253 1527 7
2525 4432 9
4491 6461 7
605 834 1
3988 6341 2
1692 3220 4
3913 5108 8
1147 6471 9
90 5793 5
1776 4558 10
3611 4149 6
1845 6386 3
3813 5250 9
3607 3836 9
3089 5020 8
814 889 2
2761 6964 10
2259 5231 7
4756 6071 4
788 4648 9
1819 2218 3
666 3299 8
1436 2092 8
2592 2703 10
1380 1382 3
68 2114 9
2713 3314 9
1648 5481 10
513 4046 10
1521 4374 4
3463 6460 2
1254 6475 7
2097 4001 1
36 3314 6
464 4848 3
2047 3425 1
3898 5950 7
296 376 1
1901 2687 5
1489 4931 5
6214 6860 2
2479 4497 8
289 492 1
3781 3870 4
1271 6411 4
4102 4738 7
3213 4866 2
245 4456 10
2691 3914 2
849 997 5
2334 2795 2
1036 5353 1
1122 6752 7
5407 6298 3
1693 4166 1
2272 5898 2
1843 5923 6
2074 3650 1
3522 4582 10
1832 2823 4
149 5919 10
1466 6487 9
4133 6461 3
5242 5672 6
4335 6880 1
3415 3786 7
1282 4054 6
2726 6536 5
1950 3642 1
1191 4899 5
3565 3625 2
1598 1870 6
1281 5261 2
954 3893 2
2050 3220 9
560 4233 3
893 3759 3
696 4124 3
1228 1628 6
352 6926 5
1928 5139 6
2782 6596 3
4266 5485 9
2228 2752 8
2305 4257 1
3830 6960 10
475 1038 6
4321 4940 4
1640 5797 9
1536 4128 3
3540 3877 6
2372 3717 4
1383 2559 9
1962 2864 7
2249 3472 2
2428 5156 5
4986 5657 6
533 3807 4
956 3493 10
34 5640 6
4366 6653 7
4240 4888 7
1118 1589 8
2638 5823 10
2775 3695 4
383 5211 10
93 6862 6
3005 6275 9
3064 4531 7
782 1032 9
3159 4264 4
705 1682 4
2365 5221 8
1549 5155 9
241 4869 3
4639 4642 5
4534 6133 1
3077 4738 3
133 3147 9
1497 1590 9
4388 5604 7
2116 3620 6
4331 4516 3
3417 5146 10
4950 4968 6
2666 5216 6
1316 4737 1
804 4941 6
3671 3984 8
1689 2479 5
983 6003 9
137 1618 5
341 1001 1
1612 3163 4
1749 3021 4
4849 5429 4
4802 6229 10
1362 4305 6
3661 5512 1
956 6734 8
423 3936 5
2133 4762 3
1731 5570 4
1766 2094 2
5249 5679 8
280 5190 3
228 2697 2
4211 6800 8
2205 4920 3
1460 3479 4
682 1416 2
1688 3969 10
4765 6105 2
2760 6645 8
286 4667 9
132 4196 8
2225 2570 3
3138 6919 4
1535 3722 1
674 3684 1
2312 4435 7
3096 3788 8
1474 3185 10
2586 6616 7
3936 5675 3
3202 6161 7
2500 2655 6
942 4344 4
3896 4573 2
677 6243 1
1896 3275 9
1386 1932 10
1819 6038 3
1915 3949 7
1784 2210 9
1237 1547 7
1537 3619 7
281 1452 3
3318 4047 8
4019 5665 6
1081 1480 9
2804 4389 7
423 3551 7
850 6546 10
2429 4610 5
835 5940 8
2269 6169 4
24 2935 3
1373 3920 4
1287 5871 1
2641 2729 4
1653 3449 3
1171 6075 2
45 5981 3
2307 4482 8
1491 6245 7
3753 5577 4
2426 6894 3
3964 4514 8
1011 2724 1
112 4670 5
5430 5509 5
1757 4352 4
1018 5625 10
172 1820 3
3130 5565 2
63 4781 9
655 4083 6
4555 5237 1
648 2398 3
1631 3574 5
2019 2671 4
5207 6919 2
875 4767 4
3371 4298 10
2675 5772 6
4128 6868 6
1062 3456 8
3587 6263 10
2848 4063 6
3274 3459 9
4518 6741 9
984 4058 3
2709 4903 5
318 4617 1
1026 3975 5
1636 1739 2
1296 1427 3
1845 4219 2
3510 4139 8
820 1144 1
3585 6077 7
3952 5475 5
2696 5482 6
372 617 9
3496 4139 4
2347 4546 8
1382 5247 3
226 2115 8
980 4658 1
422 3462 8
2004 6059 4
1765 1905 5
3448 6463 5
4968 5532 6
6310 6377 4
2413 3601 5
3211 5925 3
2604 3625 7
3362 6279 10
1202 2742 3
1136 3689 7
2138 3520 6
5111 6424 7
2955 6413 5
1662 3342 6
3742 5155 8
910 6338 6
788 3774 6
4169 5084 2
2810 3800 9
5729 6420 10
2262 3095 2
179 3580 5
1179 4512 9
1176 4791 8
2 5950 9
2036 5872 3
1312 1510 10
1147 6631 2
3410 3474 3
4135 5064 3
6257 6286 10
4862 6451 6
679 3375 6
3113 3528 2
1197 5159 3
4077 6753 7
1310 5908 3
1420 1863 2
1980 4076 5
3449 4738 2
3461 6327 7
3297 3533 9
248 4661 8
862 3635 7
1177 2340 6
947 3334 3
2043 4159 2
459 4317 7
2006 5863 8
1483 4185 6
2127 5389 8
1231 6492 4
748 5651 6
845 1050 10
719 5367 7
967 5928 8
2766 3593 8
2329 5007 6
3726 6704 9
1377 2677 10
1336 3146 5
1220 4095 10
445 5661 6
4675 4912 7
2166 4937 8
145 2288 6
3904 6293 2
1496 6880 3
3565 3602 3
448 973 5
1538 2181 2
4719 5649 9
378 3818 10
1700 3071 8
372 3409 4
1009 2217 4
4153 5486 9
1843 6318 6
323 6127 7
581 1421 7
4360 5600 5
2394 5031 7
416 4216 3
3663 3950 8
2080 6740 9
132 1835 5
632 788 1
1528 2829 8
2565 4542 10
3704 4500 6
452 2742 8
5284 5653 7
35 3787 6
2617 4987 1
1729 3707 7
50 2501 7
618 4783 9
1084 1403 6
5529 6919 10
5515 6217 5
1988 3675 6
1646 5321 9
4980 5540 7
545 2049 7
2023 6961 10
365 1782 6
5147 5255 2
2042 5096 7
1158 3035 5
6207 6951 3
1960 4810 6
2644 2655 10
4265 4611 4
2054 2950 8
1274 3595 10
4460 6933 4
423 2996 10
2245 6506 3
3274 3988 8
2050 2406 8
3227 4848 3
353 3402 8
2331 5026 7
1931 2847 3
3717 6484 9
2364 6196 7
3085 6305 1
332 6104 2
1722 5489 2
4819 5440 6
1064 6532 1
657 3451 7
2242 3569 6
2159 5434 2
4428 4634 8
2224 4993 5
2597 5891 5
2083 3394 2
1470 2422 4
3573 5412 2
222 2322 8
261 5864 3
2287 3529 1
3633 4358 8
3678 5122 3
224 309 4
624 1132 6
539 4133 10
77 1368 4
115 6395 10
1794 3609 8
1102 2386 3
1057 2159 7
612 5872 4
2305 3843 5
104 6394 6
603 4223 1
4454 6250 5
225 1893 8
3548 3725 8
6103 6535 6
3797 4592 3
711 2714 9
4832 6215 1
2937 4990 6
2104 3050 6
3497 5135 7
3031 3822 10
1741 5144 5
371 6790 4
2282 4315 1
2646 3673 9
697 2278 1
1745 5432 4
1360 4343 10
4243 5880 10
274 1322 3
1846 4317 1
2013 5479 2
3928 4467 4
214 3843 7
1357 1873 7
3442 4027 10
2004 3385 1
3906 5255 5
2342 3192 5
1495 1601 2
2318 4195 4
2463 2818 8
914 6594 8
936 3366 6
1485 6481 1
5288 6712 2
3995 5937 10
2600 6343 6
437 6760 1
521 1421 4
4481 6747 10
1441 4907 1
1554 1668 8
759 4200 3
573 2049 6
1793 5897 7
2369 6427 5
277 398 7
444 3398 7
5852 6753 8
2933 4682 9
267 5703 7
1526 4402 9
2493 6936 6
3349 3562 10
1202 4982 1
3250 6059 6
165 371 10
1059 1603 8
843 3308 6
3000 3771 8
1061 4430 4
2805 2915 3
4390 5137 2
504 3588 4
1923 3154 10
3013 6208 6
717 2974 10
1768 3434 6
447 1472 5
2701 6536 2
3109 4355 6
3930 5643 1
3322 6769 8
1475 1673 7
28 680 4
155 1011 4
176 2164 6
2325 5314 1
2268 5874 2
1243 6426 5
1543 2147 1
446 3583 1
3100 4203 9
3570 6544 5
1804 2251 2
3725 3810 2
640 4401 9
1181 1687 4
325 3426 6
1251 5665 10
4572 5533 1
95 4378 4
2508 3102 4
964 3472 1
1680 4059 2
768 831 6
60 2352 1
3617 3693 5
2872 3678 6
538 2923 6
1508 4676 7
26 3926 6
636 2537 6
2171 5499 9
1525 4209 10
565 3386 9
1825 2845 10
2003 6116 5
673 2804 5
294 3347 3
1470 5617 8
1052 3273 9
885 1306 6
4393 5258 7
1201 2619 6
1459 2513 7
3983 4370 4
487 2289 1
2859 3212 6
5683 6530 1
3013 6587 10
1829 3580 10
3768 4595 4
5671 6724 9
1950 5128 10
4003 5336 3
1585 5333 10
2220 4310 2
1125 6895 10
3361 5699 1
1451 3385 5
2163 5908 1
3755 6635 3
697 971 3
4935 5876 9
35 2807 4
3094 4180 1
505 4856 9
196 6220 2
2307 4101 2
3487 3567 2
1050 6981 8
756 5522 9
4138 4832 10
3195 5761 10
3387 3681 7
4138 6947 10
3884 3929 8
5420 6895 3
343 2069 7
101 1639 7
2122 4931 7
6305 6761 6
1969 4322 5
560 6348 7
2048 3929 7
2836 3600 1
6431 6519 7
3973 4834 1
103 1260 10
3844 6891 9
156 6746 2
2181 6526 6
1506 3318 7
3530 5154 5
1526 4665 8
167 2925 10
3091 5441 6
53 855 10
290 2705 9
1219 4783 10
294 593 5
4190 6052 5
898 1473 6
3354 3627 10
268 6652 2
1062 3156 2
1613 1618 6
2590 6482 2
2364 2502 5
1860 2663 4
132 670 8
1555 2578 8
470 6055 9
1126 6468 1
2101 5732 1
3192 4708 7
4846 5313 10
4223 5987 2
2478 6705 1
2906 3576 10
181 5330 8
1420 1722 7
5200 6271 2
3920 5846 3
1204 3826 10
312 4744 3
647 4101 6
2383 2508 10
2237 3344 6
1832 6142 10
1763 4717 9
1467 3266 2
1667 4565 9
3573 3722 2
4313 6787 3
3320 3374 1
236 6563 3
3117 6590 4
553 3506 2
4487 5600 8
1267 2587 3
3568 6030 7
253 2044 1
814 1615 2
4134 4687 9
189 6651 4
2221 2342 5
2097 3651 8
3982 5111 1
4091 5319 5
6063 6542 10
1225 4836 7
1566 3689 10
1632 4910 7
1065 4104 9
2439 4421 6
2918 4972 6
397 3115 5
3075 4896 10
3856 5639 1
1120 4925 2
411 2786 10
2330 2376 5
1439 6839 4
4577 6800 7
873 2731 1
6031 6429 1
680 968 6
1954 2335 9
1528 5663 5
1989 5321 3
1185 6824 1
3583 5479 6
4419 6515 8
5674 6065 5
1686 6340 2
294 2332 3
3360 4014 5
484 549 2
4925 5462 4
3882 6923 5
1131 1982 6
123 615 5
2322 3639 2
240 3504 7
3549 6996 1
1358 6757 2
2371 4994 7
2930 3616 1
1499 3167 8
4269 6173 3
3666 5519 10
108 3744 9
2654 4565 10
2289 5759 6
1100 1739 8
5067 5296 4
2089 6689 6
3313 5400 9
1080 5363 5
3471 6239 10
519 5671 4
2344 6353 10
4614 5096 10
520 5826 10
4650 5487 10
2561 3893 5
3845 6471 8
6009 6261 4
1793 2808 2
1209 5234 3
250 2496 7
2001 2580 4
1227 4853 7
5616 6435 10
2581 3546 1
3855 4774 5
4588 6619 10
3365 4783 2
2905 3282 1
37 834 9
713 874 7
479 1686 1
1235 6068 5
2025 4937 5
331 1957 7
304 3530 2
4167 4440 5
2985 6349 10
5901 6594 2
1544 2996 6
2113 4255 8
4595 5283 3
1837 3688 8
935 5717 7
58 5068 2
3397 6807 9
180 782 8
4243 6176 5
2485 2806 2
2414 3699 2
1543 5835 7
988 1188 7
1374 1442 8
3034 3085 3
652 1333 5
2163 3809 4
370 5124 2
679 4286 8
2967 2991 3
1004 6288 10
2706 3744 4
1341 1804 3
1521 3423 10
514 5879 8
4165 4255 10
298 2068 9
3408 6154 6
3275 6532 2
1253 4050 5
3311 6386 10
2817 3300 4
5572 6537 6
715 4059 2
980 3037 2
5083 5390 7
4794 6765 8
3981 6901 8
1547 5311 5
528 1238 7
3586 4744 2
2865 3536 6
1686 4934 1
1666 5504 7
3157 6717 5
4805 6008 3
2019 3357 10
462 874 4
4844 5030 4
385 1910 4
590 3016 1
2204 5404 10
1053 1936 9
4593 5989 10
2164 6980 2
4680 5873 4
1343 2920 8
2158 6935 8
430 3340 7
4941 6870 1
2576 4089 3
2226 6947 4
368 3902 2
3056 4788 1
636 1135 7
4016 6989 10
806 6809 5
2191 4487 7
4702 6052 1
1942 3723 5
3598 5344 9
1009 3583 3
2015 6588 2
1183 1668 5
1621 2200 5
377 1207 3
867 6260 4
667 2046 6
3742 5445 5
4465 4865 6
2164 4922 5
1991 5762 2
1773 2207 2
5719 6157 6
907 4331 6
2443 6090 8
1046 2470 4
2109 6801 5
3802 4133 5
96 2852 1
4382 5919 1
2318 2933 7
2303 3823 6
1376 6084 3
514 3849 6
1783 3308 1
927 6138 6
5984 6414 4
2277 6522 6
58 4340 1
434 2786 7
1006 5918 7
2089 3797 3
557 2296 6
900 4938 1
6625 6753 10
5372 6249 10
1551 2358 7
977 5431 8
1380 1409 1
3451 4732 10
1743 2788 9
880 6007 2
2784 6069 2
3733 6879 8
155 1704 5
739 1876 6
346 365 10
898 5347 4
1559 4025 6
745 3239 10
1802 4335 5
2938 5092 1
1437 6732 2
1432 6591 6
222 2708 8
1602 1864 4
2704 6874 10
1476 2303 9
1244 6108 8
2123 2840 7
500 3300 8
576 6927 6
3971 6126 8
4130 4329 5
3453 6354 10
5319 6035 10
543 6472 5
2833 5818 10
825 1911 9
2500 4481 4
4752 6321 10
2760 6805 2
3479 5405 10
434 2077 10
1242 6863 4
2464 4599 6
2863 3702 4
4218 6038 1
1788 4105 2
3847 5804 2
3275 4547 10
2301 4871 1
3366 4668 5
929 3134 9
222 847 9
5144 5300 4
1322 5556 7
4386 6639 9
440 4033 10
2681 6907 5
1793 5467 6
2152 3754 10
2287 4444 4
2038 4987 10
548 2375 7
4360 6869 5
3490 6667 4
2762 5895 2
815 6971 2
1195 6062 5
301 4573 1
2096 5894 7
4424 5932 2
794 1608 7
1363 2651 4
5155 5753 4
4023 5529 7
212 2785 6
2728 6880 4
3884 4291 6
2056 4486 5
2469 5848 8
1460 4324 7
3152 6362 9
262 3748 8
2532 3306 1
2312 2983 9
2004 5193 7
5224 5602 9
2719 4178 1
814 6276 5
151 3035 7
1524 2517 5
3456 3699 9
4199 4916 4
2100 6832 5
26 102 4
2197 2438 3
4060 6924 6
871 6330 5
3778 6928 1
822 4384 7
1233 3272 4
2629 6742 10
1578 4075 2
951 5386 2
2136 3248 6
659 6557 10
106 2118 9
244 3706 5
627 4890 5
479 4401 6
3639 3708 5
3325 5911 8
3099 4139 8
3809 4168 6
702 2328 4
87 1973 7
2687 5882 5
217 3520 7
4733 5625 7
3801 4705 5
162 952 7
2624 2831 2
532 4307 9
1237 1411 3
2378 3938 7
4549 6769 6
806 931 5
1404 3515 1
1007 1272 2
1948 3216 7
4898 5189 9
382 3364 4
4560 6632 10
2353 6050 4
3583 5000 5
3042 5230 3
3581 5558 2
1467 5054 1
2682 4231 6
1292 4661 3
674 3524 8
723 1333 2
5299 5368 9
1191 2009 8
3025 6537 10
2465 3945 10
1270 2250 3
1669 2012 8
5283 6773 3
6098 6912 5
425 6624 5
5468 6840 6
46 1797 6
2134 4787 9
2404 6691 8
5301 6818 10
2391 6384 3
4831 5401 5
1626 5138 1
3207 4449 9
590 5052 2
3832 6608 3
1908 2093 4
379 5704 1
1664 3972 1
446 482 2
2056 4160 3
6027 6262 5
1490 4307 10
852 4781 1
2770 3705 7
3878 6570 5
2051 3413 4
2040 2072 1
3971 5971 7
2290 4511 6
502 4612 1
4928 6758 2
6147 6284 1
610 6163 2
3861 4905 5
529 3381 4
568 5668 5
4742 6192 8
1889 3363 8
2184 5953 3
496 1048 3
3613 5260 1
2530 3155 4
1294 5380 9
1127 2860 8
3654 5104 1
5227 6359 9
2187 5386 9
1770 4279 8
1599 3005 10
5 450 10
1207 4689 9
3556 6828 6
6169 6793 2
6304 6721 9
2992 5549 6
2001 3990 8
1233 3369 9
94 1184 3
1966 4442 6
216 5300 5
3440 5527 4
9 3548 5
37 5054 3
2382 3094 6
1544 4575 3
1397 5989 7
3235 5284 1
2086 5696 6
30 1484 5
872 5589 7
975 4096 7
391 523 1
2081 4236 2
40 965 3
1539 2825 4
1418 5522 3
3217 3486 1
1123 6107 7
3097 4268 6
286 2768 2
4147 6042 5
1197 5907 9
1613 6135 9
277 6474 2
84 656 6
317 543 6
456 5272 9
2709 6823 2
467 1827 4
655 2782 9
2024 2464 8
1582 6608 6
3172 5325 9
4067 5171 10
4314 6087 7
605 5752 7
1079 4993 9
545 899 3
2931 5240 3
2863 3216 4
2389 4586 9
453 1515 10
2867 5312 1
1714 4444 6
2864 5797 2
1121 1791 10
88 117 1
268 2726 4
1851 2924 4
25 4582 4
642 3621 6
90 2048 9
328 5723 6
4014 4474 3
205 5208 1
692 6978 6
1277 2362 7
4135 4658 5
2395 3926 5
3340 5662 9
1590 6007 3
1910 5049 3
3410 4973 4
2154 2369 8
2789 6204 9
2711 4163 7
717 4093 10
642 2738 7
4242 6775 10
5433 6484 5
2844 6703 7
904 2840 5
3869 5319 10
1685 1956 10
2417 6916 8
280 3779 10
1176 3039 5
1527 3197 5
3533 6522 5
1669 6767 5
3215 5908 10
1809 3850 8
3149 4358 3
2953 4224 1
3608 5209 5
1590 5760 3
2032 2968 4
777 3012 3
2603 5408 9
663 4182 9
4048 4120 10
753 3777 1
650 6109 1
3805 4125 8
3351 3960 5
2309 6063 7
1239 3615 2
1530 2338 4
4989 5240 1
133 4405 4
2791 4113 2
2088 5300 2
2296 6359 2
785 6671 9
4351 6403 10
5458 5578 8
1019 6569 5
2136 3722 4
1053 6040 8
2230 5606 4
2614 3106 3
579 1036 3
112 356 1
1656 2516 8
3869 5812 10
2498 4852 8
461 6378 10
595 5288 3
166 5338 1
2194 6089 1
737 6806 9
3967 4059 3
2528 4845 2
5062 6709 3
1399 3429 3
1756 2365 5
1666 5236 5
3771 5581 2
1442 5910 10
346 3879 7
761 1528 4
1279 1837 6
2439 5888 1
5288 6298 3
1478 2137 3
5234 5885 5
1008 4370 7
819 5492 10
1740 5518 7
1559 4299 8
1096 2646 1
969 5116 8
2983 5515 2
183 2000 4
4297 6800 5
2056 3090 3
1594 2566 10
100 6958 7
1440 1666 1
5201 6916 10
554 1690 1
2612 2708 2
446 2510 9
3999 6416 9
4276 5178 2
1833 6310 1
2435 4449 9
255 3651 9
24 1789 7
5377 6926 4
4150 5175 3
4911 5883 3
3911 4128 4
1866 5762 4
2018 4657 5
2533 2849 5
3045 6526 1
1827 6107 5
350 747 10
2339 5664 4
338 3267 1
4663 6693 6
102 4379 1
2593 6401 1
1212 5887 5
1111 4131 8
371 1034 8
1418 1466 1
2503 5234 3
4507 5183 4
1378 6570 7
4602 5396 5
2216 4436 7
2555 3810 4
3508 3567 2
2746 5563 4
926 2657 10
87 4963 5
965 3681 2
1540 4337 10
5634 6714 6
81 5050 2
565 852 3
595 4582 4
1577 4439 10
1756 5660 2
1523 6157 7
819 5206 8
3144 3402 2
727 3365 3
3068 5759 7
4945 5917 7
2687 5623 10
1026 6612 2
787 4876 8
1156 4692 6
5474 5945 1
1748 5677 2
2339 4241 2
4654 5253 1
571 1817 5
4999 6240 3
1841 4116 10
397 3217 5
268 4611 10
4523 5581 6
3559 6267 2
2318 6292 9
3512 4204 9
2038 6698 8
1666 2506 8
2140 2791 4
259 5273 1
175 321 7
36 332 2
3847 5661 7
4252 5685 5
859 6191 8
973 2125 3
2268 4405 2
4284 6074 9
915 4167 1
4090 4883 4
2445 3502 6
4392 5613 1
2769 2942 6
4775 4919 10
5815 6326 6
4694 5845 4
3112 3728 8
227 4219 6
2854 5678 3
35 72 3
866 4693 3
4973 5382 5
314 6830 7
2451 3989 3
685 882 6
1146 6690 9
3328 5932 3
343 3426 4
2875 4214 7
845 6671 4
3136 5355 9
3209 4495 3
1148 3854 6
3933 5524 2
2653 3197 7
2894 3648 9
632 4331 10
1744 3674 6
4310 4698 7
2177 4475 5
2236 6523 1
1022 1427 9
1210 6268 10
5171 6382 3
786 3960 2
2152 5618 6
2208 6556 4
1497 6579 3
1758 2547 7
1970 3650 8
742 3433 10
32 6139 2
1483 4576 10
858 1118 6
1623 6644 8
862 3332 8
5806 6402 5
394 3354 1
6292 6458 6
1159 4937 6
3663 4380 5
1777 6985 7
1832 2989 8
4829 5792 3
2337 6303 3
4682 4725 4
2036 6114 1
398 6980 1
2929 4765 2
3217 3889 2
535 2838 8
439 1626 6
2840 6220 2
2674 6991 9
2456 3020 8
49 2518 8
1953 3914 8
1622 3746 5
2901 3117 7
5381 6698 8
1347 2188 9
3814 6277 10
258 1471 10
4551 6630 8
2089 2761 5
2200 4790 4
5106 6709 8
5032 6168 10
74 1737 3
246 694 1
884 4708 4
2032 4049 4
1936 6913 3
1963 5525 2
5606 6380 4
4097 5760 1
3873 5596 2
715 1473 10
2082 5997 8
1410 6407 9
213 3292 9
784 5692 8
3683 6710 9
3480 3507 6
4369 4599 9
2079 4142 7
1502 1561 4
3687 4413 2
1123 4527 4
3567 3744 3
5738 6539 7
3602 4449 1
438 4602 4
1 1914 9
3438 4910 7
5699 6980 8
371 6025 9
2852 4697 9
213 3260 2
897 1327 7
1076 2675 6
4662 6450 3
2780 5935 4
5175 5384 8
2536 5897 9
1402 2124 2
421 6206 5
3675 6927 7
3365 5021 5
2895 2982 2
34 5095 7
542 2988 9
1405 3487 8
121 4114 5
5984 6442 3
2323 4289 4
3959 5144 2
3820 6937 6
307 5605 5
3341 5980 7
1976 5236 10
1291 4812 10
4393 5499 1
862 2133 8
1249 3355 5
98 4230 1
2722 4362 6
4073 4986 4
4772 6287 2
4072 5691 7
940 2318 7
2455 4485 5
1408 4694 6
3898 4058 6
5285 6394 5
1373 5493 9
1118 4157 10
3901 5640 10
4302 5180 7
330 3623 10
291 4199 1
1190 2531 7
2813 4889 1
5073 5469 3
989 1575 9
1135 3250 5
1486 1862 4
2425 3352 7
3135 6022 6
548 4316 1
1148 2679 3
727 6585 1
2048 4553 6
2882 4318 3
4034 6565 9
4063 4577 1
284 5793 6
4136 4438 3
2296 2674 2
1114 1172 1
53 5580 1
4163 6915 3
3825 6753 6
3698 5158 9
1393 1773 1
951 2926 3
3802 4875 7
5220 5982 5
5272 6703 2
1975 5131 1
986 3371 2
1244 1996 1
2992 6839 1
1610 3516 7
297 336 6
5532 6359 6
7 3612 9
1143 2061 2
2284 3706 4
2767 3402 3
4522 5418 5
825 3530 9
1465 4719 4
2971 4199 1
4068 4348 4
216 1480 3
1917 2968 1
3003 5454 1
3368 5009 7
1462 4369 7
4590 5727 2
5341 6731 1
3225 5988 8
2467 4074 6
4351 4698 10
2267 4683 9
1931 3156 6
1721 2707 3
713 1019 9
1162 4737 6
706 2731 10
6027 6190 8
4155 5384 8
419 1062 6
1106 4750 3
249 4460 2
371 1046 6
456 3461 9
4292 6860 7
521 1346 5
5745 6950 6
767 6010 6
3881 4401 9
1406 3725 3
3269 6921 8
3189 4746 1
3747 5654 6
1021 1154 2
1338 6964 6
758 4571 8
107 5304 5
2158 6299 4
1768 2894 3
145 4246 3
3106 3861 9
1326 6897 1
1007 3201 7
920 1540 6
4642 6974 10
2752 3665 2
775 3157 3
3942 4386 9
1469 3777 9
1741 4002 4
164 2376 2
206 1371 4
764 4858 2
201 6909 9
2912 4558 7
2243 4596 6
197 2047 8
1582 2687 3
4461 5570 10
2977 6489 10
2621 6772 4
3484 6189 5
5102 6942 6
1220 2691 8
1246 6431 10
259 6845 7
205 4654 2
5093 5999 3
1271 2649 7
2407 5894 6
1082 5289 4
582 5744 5
857 1424 8
381 6697 1
950 5009 1
3728 5307 6
729 2456 1
3152 6220 2
4437 4457 9
345 5918 6
722 6102 7
1928 4653 8
3114 6054 9
1940 4512 7
3087 4240 1
2210 5407 5
3945 4559 7
3508 4324 6
159 1655 2
333 4926 5
1423 3440 10
3296 5531 1
3875 4517 6
3557 5624 4
4874 6834 1
3319 4883 8
3405 6334 10
79 6121 4
4453 6175 10
1452 2080 6
3870 5925 9
4753 6338 2
3516 5754 3
203 858 5
500 3876 5
4137 4711 6
1159 2965 4
428 2696 9
6218 6617 4
1022 2448 6
1980 2477 5
465 5513 7
232 1278 8
1231 4276 5
4737 4951 7
2224 5381 8
2107 5907 5
2585 6117 10
4452 5308 10
940 1076 9
1469 4154 4
384 1717 4
1715 6100 5
759 4102 7
3643 5134 8
657 4222 10
1308 4898 3
1128 3192 1
815 1949 9
943 2424 4
3398 4505 4
1761 5168 5
4109 5189 3
944 3939 8
2793 3686 4
1941 2636 7
756 4634 10
918 6472 7
185 1944 7
5803 6633 1
1329 6187 6
1992 3148 7
4911 5311 8
4710 4905 10
2441 2877 3
2305 5479 8
1453 3510 4
1410 2761 9
1092 3380 10
1883 6977 2
1711 2294 8
530 5012 3
4877 6537 7
2819 4032 5
3697 4108 7
28 109 2
1204 2749 9
1152 1487 10
2180 3069 2
1605 2203 1
284 3018 4
701 6762 5
1347 2699 6
116 6319 7
3638 5502 10
2305 3004 3
1295 5351 8
187 5010 1
1561 4272 9
2419 4165 8
1552 5302 9
1930 5164 10
954 1373 9
1311 1689 3
3227 6857 4
2790 5097 3
457 4343 7
949 6448 2
1920 2162 10
59 2258 7
1188 2612 2
1189 3049 6
2541 5923 1
270 1861 4
3834 4937 3
1465 6445 9
2164 4279 1
3178 5843 6
170 2231 2
4571 6482 6
2404 3978 7
591 3957 2
3534 4750 4
819 6011 9
3655 3986 3
2060 6174 6
3235 4641 5
292 2732 6
1403 2006 7
1292 4285 7
1738 3626 2
624 5102 9
782 4923 6
3380 5404 7
412 3790 10
1480 2835 2
1778 3921 9
6168 6673 4
3297 3963 9
3383 4364 7
2385 3507 8
4277 6503 8
1186 6585 9
4958 5273 2
1962 2998 3
376 1231 3
2374 2513 8
1400 2300 6
524 2181 3
2103 4651 8
1405 1413 1
263 3633 7
1805 4335 10
2684 4302 10
802 3745 7
1564 4665 8
1150 6649 1
1354 3796 2
4022 6177 5
4403 5467 2
707 5230 5
1918 6484 1
461 2320 8
2360 6703 3
3770 4850 2
2 1994 8
3990 4071 5
1422 1718 5
2754 6729 10
4306 6789 7
3121 3955 4
1558 6395 10
641 3128 2
1997 6404 4
375 2628 1
2491 6865 9
1284 5490 8
1097 1265 2
3924 5013 5
4784 6813 3
3708 4546 7
2036 6036 6
4407 5637 8
1701 2732 8
4289 4995 5
1390 3517 6
475 3067 7
1559 2045 1
497 3895 2
833 974 7
533 650 7
1729 3676 10
4080 4312 1
1771 3767 8
787 2241 8
4270 5295 1
2529 5765 9
1948 4605 4
1088 1504 7
808 6906 2
4450 5164 8
4636 5964 9
1608 5693 2
526 4559 2
4193 6890 2
3766 5588 3
612 2946 4
2251 3663 2
1053 6659 9
1500 6088 8
1687 5946 9
1376 5787 10
3898 4383 4
5728 6391 9
2917 6072 6
3534 6810 10
3521 4883 4
4717 6178 4
2403 4223 9
2765 4158 8
287 3301 9
1343 6286 3
3646 3701 1
2918 5920 10
963 3264 7
1823 2986 6
2038 3387 7
859 1756 2
2853 3099 4
1985 3397 9
2561 6444 2
3328 6598 6
608 6953 3
2606 5269 4
119 5250 1
2021 3917 4
3860 4170 1
771 1309 5
491 853 8
209 6417 8
5824 6521 7
79 2269 3
1334 4570 5
4888 5485 6
444 3065 2
995 5612 1
3089 4159 4
2212 5817 6
656 6199 4
176 2999 3
1211 3862 6
1503 3764 1
2844 5168 1
1810 5101 7
3685 3904 9
3991 5643 3
1711 2949 6
1708 5972 7
1797 6944 9
1479 3909 9
632 3409 8
4233 5211 6
1287 3754 5
3811 5341 1
1167 4854 5
2155 6855 4
4461 4857 2
1832 3887 1
141 3593 6
1175 2788 5
2717 3759 1
3090 6074 10
866 4900 6
969 1307 4
1275 1778 10
2580 4414 9
1464 6489 5
568 4480 1
1654 5437 7
3975 5865 6
2558 4420 8
754 3783 6
2961 4801 10
906 1599 10
2624 3263 5
3105 6645 5
885 1988 8
2840 4134 2
1973 3926 4
2077 2408 1
3142 4906 2
1073 1101 6
386 6456 8
1334 5469 1
1420 6242 9
4238 5482 5
1885 2567 7
1009 5722 3
6212 6427 2
2876 4248 8
169 6744 3
651 3464 9
156 6457 3
2670 4251 5
1072 6297 4
2083 4720 5
1251 2973 4
934 4973 8
362 3720 10
830 1691 1
830 6264 5
526 2323 5
1182 4160 8
3515 5986 9
2536 6182 8
953 1440 4
3821 6073 6
195 3151 2
2201 3186 1
5112 6581 2
51 3395 9
406 5883 10
680 4184 9
552 2659 8
2692 3167 1
2486 4373 6
1378 5521 10
1776 2901 4
1018 3121 7
2180 5316 1
24 3169 1
5325 5475 4
4341 4402 6
1880 4103 5
1458 1705 1
3089 4381 10
788 6446 4
1243 2989 6
3901 5645 9
384 6864 10
744 924 8
150 3829 8
550 2499 4
1195 3349 10
5630 6487 8
4027 5042 4
58 1050 3
4839 6864 7
72 5863 5
2345 5354 6
415 2506 4
20 2322 10
1604 1963 6
4445 6350 8
2700 3851 1
1109 2191 10
178 640 2
1923 5657 10
3001 3285 4
1556 4830 10
1536 2963 6
2386 2746 1
5771 5860 10
5433 6310 7
2527 3206 8
399 5012 1
1844 3079 5
4760 5187 2
2266 2315 6
4727 6172 3
28 941 3
2120 4827 5
3743 6840 9
3148 6618 10
5186 6361 10
1639 2468 6
1642 6025 3
5266 6060 10
2606 3691 6
335 1351 7
1157 2087 9
2738 3499 2
2844 4530 10
4321 5637 10
2567 2916 7
2443 2715 9
40 1857 6
1002 3197 9
238 1936 4
4402 6607 4
2466 3011 5
3552 6242 3
5986 6327 8
6653 6674 9
1494 2926 7
3716 4988 10
3285 4400 3
3514 6180 5
2139 3428 7
575 883 6
2010 2033 5
731 6574 10
3413 5706 3
1592 3073 9
3491 5177 2
1652 4025 10
565 4035 4
3023 4051 4
4150 4335 4
982 4922 5
1807 4236 7
1131 4134 3
235 6345 1
2031 3842 5
498 3066 9
48 4448 1
1512 2991 4
1965 6888 10
2818 5219 6
2026 2967 4
1836 6178 2
2296 5554 3
831 5016 10
757 6337 3
760 5332 5
2066 3217 7
1950 6601 4
1645 5300 6
58 3945 4
1804 4939 1
1884 6366 3
3115 6247 10
1434 5776 6
2071 4710 3
3743 5438 2
1866 5479 8
490 2322 5
2594 3457 8
4195 6783 2
1547 6165 5
1515 2106 4
5310 6478 6
1888 4051 3
2533 4238 8
1098 1297 1
276 5068 7
1680 6208 6
3316 5910 10
2816 4452 10
4810 6304 7
849 1785 9
7 6581 7
2553 5568 3
4321 4649 6
3153 3627 2
921 5231 2
1036 6767 1
96 787 1
2918 3314 10
856 2640 9
1018 3046 7
1867 5047 7
2623 5093 9
653 4534 4
775 4497 10
1836 2587 3
2084 3602 9
1731 3449 5
1916 5587 10
3550 5269 4
358 5969 6
508 6693 6
3372 5660 7
2022 4294 2
3236 3238 7
2810 3539 3
112 2882 3
559 953 4
3420 6621 6
2015 3716 6
1717 3927 8
651 3563 1
1320 1404 9
122 317 10
3059 4510 3
601 3193 8
3453 5831 7
3604 4333 8
1213 1645 8
1644 1796 9
2345 6604 1
1245 6031 1
2557 6369 2
321 5321 1
1066 4449 4
4936 5752 3
701 3028 4
801 6488 9
1732 5526 2
1303 3704 6
1993 4139 6
190 4521 9
4580 5864 4
5341 5411 9
4215 5776 7
1058 4970 2
1597 3532 2
374 6131 10
79 4072 6
4364 5502 9
3442 3530 7
3256 5588 3
978 2411 6
3367 6710 4
3271 6609 6
3680 5791 5
5286 6292 10
3600 6498 3
1635 4607 7
2172 5003 5
3993 4153 5
2951 4275 1
350 2508 10
264 1977 4
713 1472 9
3089 5719 6
2911 3929 5
3284 5031 3
3108 5690 5
2371 4442 5
2797 5217 4
1559 5411 7
1542 3176 4
282 3449 8
1894 3650 3
2143 5986 10
1884 5554 3
515 3586 7
237 3612 6
4007 6213 8
582 711 1
457 4685 8
2778 5119 7
2928 5262 9
2746 3889 10
1820 2087 6
2800 3336 1
240 1889 4
1982 5219 1
5293 6170 7
2079 6503 10
2101 5131 7
4293 4302 6
473 4748 3
688 6424 6
4220 5705 8
5534 6527 5
1637 4378 5
552 1289 7
1976 6678 4
4646 5352 2
3502 3633 2
240 487 10
1518 4041 1
2185 5756 6
806 1673 8
1410 2583 4
1394 2813 4
5816 6964 7
45 1881 8
771 4302 5
4671 5013 4
1161 1427 1
2717 4681 3
2669 5044 4
1659 6364 1
2040 5002 3
242 1899 3
3712 5452 6
6548 6890 4
1582 2191 5
464 1724 4
757 3941 7
384 2238 5
2951 4203 10
4957 5947 3
2166 6440 2
1060 1665 2
1132 5472 8
2478 2941 6
3470 4085 6
2076 6013 4
3721 6537 5
768 1014 6
4872 5883 7
3832 5174 2
780 4935 3
2747 6670 9
1722 5071 4
3326 5834 7
1242 1759 5
1860 4140 5
2338 3280 4
1992 2283 10
3686 4816 1
245 1476 3
971 4560 7
2508 3580 6
1745 2757 3
3401 6995 5
454 5095 2
4017 6514 2
3462 6161 4
4630 4738 9
4419 5703 4
1461 3114 2
1705 4672 4
253 305 5
4995 6545 9
1285 3479 1
2790 4133 2
627 3717 10
951 3609 2
2169 3251 8
2474 4255 8
3976 6409 6
2570 4034 8
2910 6281 9
1679 2406 5
3184 6626 10
501 4050 6
912 4133 8
2365 5480 6
485 3902 8
352 482 8
3751 3799 3
2484 4539 6
349 1185 4
2460 6076 7
2847 4466 10
1410 4091 5
5011 5772 5
1732 5515 1
3983 6603 1
50 2960 8
2746 2920 10
1108 5198 4
1958 6641 2
474 1486 3
4739 5197 7
2799 3217 7
2485 6157 9
1549 5600 2
4666 6132 2
3784 4549 2
3383 3506 10
3055 3580 4
2654 4842 4
2449 6354 6
2884 3087 2
30 400 6
2478 6896 10
1708 5250 2
4683 6803 4
3260 3782 7
470 4499 3
6316 6769 2
1742 5708 5
2876 6680 5
375 5260 5
1163 1270 4
1050 5696 5
3572 6024 2
3671 3820 2
1817 1936 10
2334 3358 1
1896 3083 8
1983 5882 10
3581 6403 6
31 2348 9
1558 1958 7
6062 6469 1
4516 5247 9
1619 2153 5
643 6112 8
1034 6358 10
1543 2850 6
2298 2311 10
541 3342 2
2155 5276 2
1236 4793 5
2165 3050 9
47 5319 8
1118 5312 1
1894 3101 4
1738 6412 2
1469 4901 3
394 2588 4
4214 5478 9
457 2329 9
295 6971 6
117 1571 8
3261 5392 1
2316 2420 9
341 4349 7
1215 6968 10
1177 5128 4
1913 5870 7
2894 4503 3
4362 6083 5
2241 3576 10
3098 6856 8
3198 5277 6
1669 3457 8
1802 6008 4
3339 4808 2
271 925 2
2919 3710 10
3646 4547 8
1958 4732 8
1714 5399 1
3684 6463 6
1272 3368 10
1490 3722 8
59 6818 5
4086 6557 9
1982 6684 6
4538 4806 10
50 1114 4
642 6218 6
189 2658 8
5066 6051 6
127 2693 9
1450 2550 7
2050 3205 2
1109 3488 6
1282 4835 1
3421 6266 3
1940 4653 2
1703 2547 6
3612 4019 4
5643 6652 7
854 5884 5
107 6736 8
551 6718 6
2040 6170 1
1291 4225 2
3546 4733 10
1609 4306 2
2853 5374 1
5149 5155 5
270 6850 8
1366 3352 3
741 6877 6
405 4948 4
879 4259 1
5053 5272 6
149 3496 10
2902 6957 7
975 1245 8
959 4970 2
3105 5112 3
4516 4961 3
1843 3130 3
2524 5055 3
2719 6314 5
3014 4904 7
4815 5515 6
2811 5068 10
2001 5873 7
2794 4270 1
2537 3821 8
3032 3930 9
1649 6678 3
1829 4384 3
1991 4144 9
1941 3764 10
22 1038 9
2327 3283 3
3664 5816 5
2810 4684 3
1444 6183 6
4232 5588 9
239 599 3
3030 6972 7
990 3392 5
1954 3696 2
4595 4677 6
67 1075 4
400 2158 2
435 5409 8
2651 6921 8
666 5646 5
3984 6637 8
1228 1970 5
807 5411 3
789 3257 10
1691 2209 10
489 5665 7
160 2269 10
2538 5045 10
470 5331 1
1219 3780 9
1670 2733 4
541 807 1
4529 5340 6
2250 3983 6
3392 3862 5
227 4044 3
1838 3000 5
2136 4835 10
4981 5417 6
417 4940 6
1139 3777 8
3992 5604 10
4382 6124 6
1058 1585 4
960 3589 6
3148 3621 9
351 5344 7
4201 4542 3
349 3337 4
928 6871 5
970 4254 8
3246 4860 4
939 3192 8
2242 6520 4
515 6002 8
5104 6301 8
5238 6266 5
781 1383 7
19 1476 5
4989 6224 4
2817 4195 5
183 5717 6
2210 3039 1
1980 2075 9
3212 6453 5
3012 4770 9
2086 3411 4
4646 6883 10
1315 2343 8
1097 2214 10
6037 6212 5
1702 3979 7
1253 6723 10
3713 5538 7
1483 1946 7
314 3152 5
3892 4364 7
2745 6504 2
1611 2517 8
1683 3701 5
1358 6924 6
2600 6451 6
4726 5375 6
1093 3081 4
1511 2936 10
1868 5743 8
2386 5018 9
2356 3325 1
2489 3142 8
162 6817 3
1696 3839 2
813 4622 1
3505 4730 8
1355 6215 6
1069 1331 9
1833 5265 3
4089 4162 9
1318 2824 7
56 3134 10
955 4297 3
3323 4561 4
648 3223 4
2636 4716 10
232 3409 2
376 958 10
3102 4592 4
1527 3649 8
1408 3033 8
1061 5530 4
1258 6591 8
518 2035 3
3833 5096 4
300 3488 3
569 4192 3
2799 5438 10
2148 3752 9
3135 3933 3
882 2828 3
1312 6904 10
422 1388 5
2058 2725 4
63 4792 7
160 359 6
1700 6819 5
2942 3441 8
793 934 5
708 2683 3
544 3022 3
295 5747 10
2111 3934 4
5248 6982 1
1574 4715 10
2694 6608 6
2530 4816 10
677 1383 9
1500 4129 4
113 2356 5
341 6955 7
1184 5768 6
1469 4440 9
258 2336 8
563 5596 9
859 3201 3
2819 6177 10
3047 5622 6
1086 6762 3
3396 5765 6
1002 1203 8
937 6126 8
1705 3083 2
1509 4579 5
2308 4866 6
63 4659 6
161 2416 9
418 5404 5
2988 4661 5
4725 5592 8
2030 3733 2
1446 3185 3
619 1304 6
290 5886 6
3313 3982 10
810 2342 5
3987 5486 4
1857 2792 1
3080 4184 4
48 781 10
6183 6536 10
221 826 4
5632 6622 8
568 4201 8
6026 6103 8
1852 4637 6
106 1587 5
1372 1467 8
1281 1686 3
3405 5095 2
2665 6558 10
1470 3105 3
96 4592 4
110 494 8
4739 6132 6
1058 2508 4
817 1111 2
5596 6954 10
2433 3791 6
405 5447 1
997 2155 4
1720 2207 3
455 2232 8
885 1372 2
5575 6736 5
3429 4078 6
5 5749 1
3895 5327 1
4720 5683 4
1285 3861 8
3248 4362 6
141 3847 9
2976 5308 9
2337 6185 8
4861 6901 4
3184 3551 6
3862 3868 7
1097 2122 6
290 504 5
1238 3341 9
2431 4010 5
1403 6708 6
419 5678 8
3732 5716 1
1209 4116 3
350 1850 7
3459 3513 3
1330 6358 1
3899 4074 7
5995 6937 3
596 6273 8
4725 6394 3
1264 4703 3
2519 5695 3
1922 3415 9
2796 4552 8
883 3369 1
1727 2581 2
4596 4843 7
1360 2519 5
4956 6476 3
615 2822 4
4450 4981 2
27 4564 2
1438 3943 10
3631 4297 2
369 634 4
2945 4052 3
123 4367 8
2434 5712 5
1143 5424 5
2830 3545 7
589 3039 8
4861 5429 9
658 3243 10
2982 5870 5
2503 4502 1
4749 5870 8
832 2037 1
2494 2642 2
1966 4320 1
1087 1094 7
1567 2240 5
4 2238 1
3167 4541 8
291 2373 5
771 4081 1
1337 1678 8
794 1616 9
2413 5462 1
1963 5234 10
5657 6169 3
4343 6872 7
4115 4764 2
1302 4466 10
1299 4572 5
2213 4766 3
1235 5387 3
5811 5879 10
1671 5667 5
1618 2477 5
1692 2960 5
997 3878 9
3159 4734 6
2167 5944 8
4283 6719 2
152 209 10
486 3941 7
583 1640 7
1962 4085 9
1954 5680 6
2664 3189 2
104 420 1
1651 3444 8
1041 6357 8
2170 6395 8
6340 6491 7
25 2230 3
4523 5299 7
2995 4408 3
1436 5923 5
1583 6801 4
4117 6287 10
4429 4979 9
1275 2117 7
797 4452 5
693 4495 2
460 3631 1
282 5371 8
1864 5215 4
1737 3092 10
2693 4345 6
2575 4501 8
4503 6499 8
2273 6301 6
2464 4132 6
3775 5917 4
290 1646 5
4242 4493 5
1413 3736 2
3275 5113 5
4694 6461 9
4248 6313 7
719 5703 5
2965 6754 4
767 6123 1
3239 5291 6
2511 4398 5
5299 5942 7
42 799 8
5271 6631 7
1941 4891 6
2782 3967 9
345 3153 8
708 5185 9
3748 4253 5
966 2406 6
2025 3089 6
478 3005 9
1854 3231 10
2183 2709 8
3145 4649 10
1602 4053 2
2049 3967 2
1683 4724 3
2856 3629 4
76 6508 10
1400 5883 3
2157 6314 7
109 621 1
215 1287 6
4551 6243 8
1664 3155 1
2482 6853 10
1080 6164 7
1240 6988 8
4085 5961 9
358 2146 10
1275 2810 1
2606 3687 7
4621 5828 9
765 6305 4
4415 6559 7
2263 3854 4
1755 4689 10
541 4526 8
223 871 7
1607 3406 7
5744 6570 2
362 4026 2
3786 6260 2
1316 4472 7
440 2119 10
2756 6618 6
1015 4911 5
3727 5570 3
1262 1874 4
68 431 2
564 2487 4
303 3323 3
1290 2410 4
1810 2402 7
2599 3839 8
1418 3823 8
502 4174 7
1109 3749 2
477 3558 2
1550 4441 10
831 3994 4
1156 4667 9
4808 6124 3
4979 6626 7
1952 5927 8
3239 5234 8
1740 4474 8
3474 4706 5
2070 2077 5
2345 6849 4
3927 5202 2
746 2818 7
3322 3664 1
4167 4838 1
245 6943 5
2634 3069 3
504 4391 6
2050 4171 6
2533 3396 4
2291 5342 1
926 6369 1
4335 5901 8
4608 6036 6
3958 6069 7
34 1343 1
2740 4416 6
1267 4813 3
1601 1642 4
1341 2995 6
2232 5021 5
1683 2362 10
2601 3630 3
2368 3385 5
3523 6397 6
1467 4310 5
1294 1308 9
891 1441 8
4485 4809 7
1877 3144 10
3697 5578 10
9 6233 2
2731 5781 3
5 5697 9
1094 2602 6
2866 5016 10
2320 4012 4
786 1136 6
2294 6132 6
351 4884 7
2955 4873 10
1136 1258 4
719 3641 9
1786 3794 2
1228 5037 2
1008 3133 9
1398 6253 3
3076 4728 4
9 4594 9
2090 3601 8
503 2671 9
253 6488 7
988 5076 10
2923 6971 6
3242 6385 9
2030 3037 5
2638 6122 9
4753 6471 5
2678 3518 7
2964 6206 8
643 5348 5
926 6057 10
1748 6653 1
2749 6882 9
2919 6807 5
1019 6355 2
294 6469 9
429 6110 4
1250 1734 8
684 3355 6
1534 4764 4
1185 4310 7
3616 6883 5
898 5127 7
6485 6586 2
2175 5542 2
1293 2485 8
44 581 5
2401 2646 6
96 154 9
13 6429 6
2866 5246 4
2903 6521 5
2110 2462 2
1020 5897 10
3382 4998 7
359 3860 7
933 5563 7
1503 4305 8
427 2235 8
4604 5544 9
2725 4237 5
3734 3981 9
957 5408 6
703 5503 5
4455 5434 4
929 5832 4
1167 5188 2
4532 6813 10
1916 2798 10
3807 6228 2
1053 3605 1
2319 2960 2
4553 6616 3
5833 6232 3
1357 5052 6
6563 6648 6
6074 6230 7
2814 2823 10
733 3889 9
4306 4632 3
377 994 3
34 4603 8
3728 3872 9
1931 2179 8
1377 3838 5
3555 3558 7
351 5699 8
81 6054 5
378 3315 5
100 6517 4
1187 4346 2
2826 4343 8
1242 2689 5
1803 2046 8
1710 5328 10
1673 3026 8
2528 4021 1
760 2169 4
2877 4246 10
3390 4218 6
1898 2156 3
471 3565 3
2507 6554 8
445 1498 5
2979 5465 2
3813 4300 7
3274 3904 10
3325 6305 9
3612 6927 3
5263 6524 4
319 440 2
2628 5913 2
1573 4683 7
3099 4491 5
2653 4137 6
1515 3161 3
1790 5642 9
472 6133 3
4136 4885 4
55 6256 10
3104 6929 1
1975 2581 9
110 2437 10
418 2594 1
901 1488 9
749 757 10
4019 6678 9
1468 6989 9
2660 3305 5
1920 3102 9
402 5294 10
955 3719 10
5941 6258 1
38 3839 2
664 2237 8
1401 1489 8
2093 3633 2
3567 4995 4
1865 1938 6
552 6806 7
42 3735 7
1617 2427 1
2660 4837 1
3781 5709 6
3137 3615 9
1036 4536 1
1048 3871 5
514 2475 10
1783 2727 3
2379 3604 2
5814 6905 10
4247 5924 5
936 2557 7
3097 6462 2
2174 6765 2
4979 6547 1
1718 4155 5
996 4907 9
4319 4328 9
3206 5033 6
3527 5490 6
4337 5687 3
248 6826 6
4787 5130 9
6234 6316 2
3674 6642 7
3901 6847 3
803 2031 6
3989 6426 5
3421 4014 4
2424 4708 4
3620 3833 3
3136 3832 5
395 3629 8
992 6757 2
833 836 2
867 4905 3
1398 4023 4
3266 6642 7
2231 5400 6
2815 6914 7
4122 6214 4
1698 3621 4
1658 2897 4
2551 4648 9
1387 2816 10
4361 6113 10
1336 3102 3
561 2350 9
3175 5415 5
1058 2349 4
2204 4552 7
1096 4944 4
2002 6861 2
944 4616 3
1932 5430 2
3278 3292 1
2624 2755 9
777 4000 3
2283 4227 4
998 2745 7
1197 4593 6
1702 4456 3
3016 3065 5
2119 3633 7
3621 4289 1
728 1613 6
3783 4137 2
5320 6594 10
154 2394 6
3708 3811 5
799 3036 10
3803 3864 1
2374 6786 7
3001 3300 9
466 6556 10
1914 4735 3
188 5908 1
5503 5634 5
1666 3529 6
2627 6698 5
2234 3687 5
3308 6726 5
4423 5018 5
2131 3608 2
2827 3368 10
2186 2257 2
73 4680 9
3170 5241 4
744 1216 10
931 6610 7
165 2136 5
6013 6386 9
3367 6418 4
792 2528 2
2085 5118 10
2929 5976 8
2055 5704 5
1438 5728 10
6861 6869 6
1126 3951 2
2184 6745 9
1868 4322 9
447 2642 5
5800 6320 7
5124 5627 4
829 5765 2
1858 3228 9
647 1916 4
2477 4936 4
1080 5674 8
1433 3533 3
1679 3254 2
3890 4691 5
194 5604 7
322 5356 2
2966 5235 5
3088 6459 7
1645 6132 4
2321 3440 1
698 4648 9
567 1840 7
1965 2754 10
207 2826 9
3333 5429 5
3688 4089 3
4079 4255 8
3544 5646 6
1698 6799 6
802 4271 8
1010 3957 6
2280 3227 3
888 985 4
398 2769 4
1175 2954 6
3666 5915 9
500 6557 1
4467 5342 3
2768 6746 7
3169 4951 1
125 5669 9
3591 4561 10
3576 6842 4
2503 6345 4
4065 5411 8
4179 4206 3
1253 4870 5
3650 6191 8
2910 4516 8
2066 6690 2
4525 4714 6
502 1886 3
2240 3619 8
1066 3178 6
6083 6329 1
2988 5009 8
582 5585 1
1310 1555 10
1998 3091 6
1655 6287 3
3115 4998 3
1235 3514 2
482 1641 2
4146 4596 3
2258 3344 3
68 2920 4
21 376 3
1309 1972 6
1454 5093 6
4136 5868 6
2014 6419 6
48 5131 8
282 565 10
3395 3898 8
307 4209 9
1237 5522 3
5726 6385 1
1603 3657 6
5009 6209 8
3340 3712 10
2227 3450 9
73 1225 5
59 6449 9
1430 4196 5
2265 4179 1
4050 6606 4
3455 6227 2
4558 6861 6
604 3819 10
668 3156 6
549 5346 3
13 789 3
4791 6860 1
337 593 3
130 329 6
4126 4825 3
83 473 7
649 5501 9
476 2972 9
2042 4217 2
2391 5663 5
1881 4971 1
5070 6171 3
224 3840 9
3261 4329 1
2417 5250 5
2994 3640 8
441 4147 7
206 3905 9
587 3358 7
356 459 1
2453 4619 8
1727 3168 8
6041 6050 8
2626 6160 6
2807 6400 8
2187 4682 2
3014 6891 10
4354 6472 5
724 4129 8
731 2781 6
2245 4730 10
1501 1819 8
362 3800 8
3142 5814 5
1746 4199 1
775 5435 6
1523 3172 8
2615 5292 7
3504 4348 8
499 711 7
1396 6716 5
1282 6592 1
766 5292 2
667 2913 8
1970 5992 1
356 723 1
1483 2629 1
472 6434 10
851 1658 2
4010 6994 4
4141 4297 8
1040 2987 8
1908 6413 4
2905 5727 6
5941 5988 2
264 3229 5
101 2946 4
4286 6833 2
3343 5562 1
3994 6672 7
922 6959 2
342 6687 2
3032 4878 5
3496 4803 2
143 4073 4
1298 1711 7
2558 3980 6
1159 4366 10
2949 3690 7
76 3668 4
1581 2200 2
4957 6183 9
6041 6420 2
2425 3181 9
2371 6676 8
1693 3994 4
1579 2578 10
1768 2443 4
4225 6196 9
1469 4762 7
1035 6696 6
3456 5004 2
347 1884 8
327 1556 7
4505 5361 1
560 6950 2
3913 5409 4
2519 2834 6
1358 3729 8
2427 5590 10
349 3241 1
2324 2928 6
2630 5330 1
1669 2039 1
287 495 3
280 4716 10
251 6007 4
1321 1616 1
1261 4608 1
1418 3740 4
4036 4905 2
419 2649 6
2080 3962 10
4531 5690 9
3170 4170 9
193 4873 1
1328 4632 10
2288 6203 5
3013 4958 6
464 3865 3
1818 5983 2
441 6588 7
2041 5061 8
325 1509 7
4989 6004 8
1569 5911 6
741 3365 6
3477 6590 7
1991 6513 2
1941 5439 7
2675 2932 8
1795 2504 5
3505 5039 8
3275 5421 6
3489 5625 6
4354 5379 9
2381 5543 7
1491 3068 1
156 3694 7
3565 6449 6
2548 2807 6
3776 6773 3
698 5704 4
1492 4226 5
4145 4315 9
2258 4940 4
6388 6886 4
1474 5205 5
2342 5786 5
3644 5878 3
423 4709 3
2971 3415 5
2431 3520 6
1897 4360 5
4433 6605 2
1108 1207 9
645 1703 8
2456 4987 8
2529 4175 7
1656 3863 1
4047 5074 10
3038 5240 1
113 1807 4
2165 5913 1
1722 6583 3
1261 4839 10
2514 3652 5
5112 6712 9
2075 3319 8
1937 6269 1
3125 4601 7
1603 4284 5
2286 4611 8
4975 5225 6
2816 3110 3
1494 6953 2
3025 6785 3
561 4782 6
389 2046 5
626 6850 6
1249 4813 10
1907 5318 3
2471 4394 3
5680 6564 10
1361 6386 6
2650 6437 7
388 6063 3
1337 4903 9
1830 5580 3
3853 4535 10
3902 4295 10
1609 3544 4
5349 5961 10
2514 6374 7
4434 6313 6
3815 4331 1
2843 3821 6
139 496 8
4506 6308 8
5140 5314 6
4127 4770 7
877 3499 4
5436 6682 3
4138 6979 4
2946 6799 4
4474 5903 8
102 4811 3
2900 4250 6
2140 2142 9
3404 3514 7
4834 5185 10
290 3951 9
301 6693 4
475 1407 6
2781 3483 4
2537 3840 7
1570 5454 2
2254 3739 3
4119 5078 7
260 2134 10
488 682 5
19 4439 10
2006 2220 9
2132 3573 9
698 3229 2
2731 3166 10
572 6266 1
990 5143 10
216 2612 8
1580 1806 7
680 6105 1
3408 3759 2
1351 5272 9
387 1418 7
4289 5076 3
2245 5627 8
1624 5316 9
3336 5999 10
65 1337 5
1496 4604 8
3561 6534 4
959 2989 6
277 6056 10
2002 3989 1
1582 3061 10
1763 5001 4
176 5818 8
3931 6006 9
877 4223 3
4745 5228 10
1036 5822 5
2256 4145 3
2341 3534 1
3550 6239 8
1282 5411 8
2431 2856 7
4121 6586 7
711 4722 4
965 3781 5
1916 5669 6
1117 6842 6
3448 5363 5
1950 6728 2
2896 4521 8
1687 6567 7
3839 4383 10
4172 4500 3
1502 4264 4
1319 2153 2
1403 5456 5
4670 5333 3
2761 6255 2
2357 3522 9
497 1257 9
2621 3627 9
1756 6041 9
1047 3332 8
3194 5478 9
1675 5147 1
1090 4593 2
1845 6099 3
2121 5133 2
856 5574 3
1641 5618 8
649 1613 9
4171 5643 3
2118 2489 2
2489 3132 6
2850 6563 3
1736 3273 7
3624 6807 3
3729 6461 10
1218 1949 3
1424 6398 4
684 2745 4
1998 2040 5
1606 2974 4
1242 1408 9
4483 5260 3
1214 5044 8
1513 4934 8
4141 4887 8
1893 6230 4
695 1227 8
1370 1851 5
609 1807 8
122 6081 2
4491 5473 5
455 6833 1
3453 3944 3
3343 6207 3
2125 6162 1
364 648 1
1626 4960 4
1188 6746 1
170 248 1
2481 3467 8
1524 3967 5
72 6008 3
1015 6857 5
3915 4302 1
241 1495 8
1077 5271 5
1665 2113 10
3545 3741 8
1015 3306 5
260 3213 3
2071 5703 1
1662 4292 3
1875 5463 7
2073 3851 9
3813 6132 9
1076 4219 7
2389 6758 4
1698 2344 10
1969 3321 10
2262 6855 7
2441 4563 10
461 2818 4
2208 3339 1
5719 6996 6
2906 6122 4
6515 6566 9
3365 4665 5
5840 6104 4
1509 5276 10
922 6041 10
1453 6713 5
911 1588 9
115 1124 8
3160 6864 1
1427 5855 9
4454 6564 7
988 2194 3
1984 6380 10
734 4593 6
2609 6489 6
3029 5785 6
2628 3018 3
1643 5869 9
3949 6891 9
3754 5074 8
772 3817 5
1479 3325 10
376 2953 2
2651 6396 2
1612 6691 10
6213 6756 6
455 2907 6
1264 2857 10
1687 6597 9
3275 6703 10
967 2381 8
1459 3185 2
3495 6159 5
6475 6931 4
896 4972 7
4343 5781 2
2856 3893 6
3176 6758 7
308 1200 3
47 5488 3
2760 3694 5
1069 2237 8
211 683 9
2604 4376 10
1819 2248 4
325 2328 7
3178 5858 10
3594 3666 9
5540 6052 6
3810 5938 2
2876 3850 2
632 3795 1
2359 4396 4
1932 6864 3
4956 6089 9
5572 6516 8
488 1370 8
1708 4474 6
1325 6301 10
1010 1651 10
984 3682 1
4340 5190 5
487 1948 9
1498 6355 9
1092 6986 7
676 2774 3
1116 2980 9
2892 3510 5
1267 4520 2
417 418 9
1364 4387 7
2835 6786 8
1394 5025 1
2141 6100 9
4665 5749 6
3844 5910 2
3108 6887 9
670 5885 7
1744 4347 2
2037 3575 4
186 2098 4
1245 2645 10
1395 5353 3
764 1433 2
1796 2443 2
4317 6100 1
5236 6495 8
2146 4477 4
3467 4227 4
4321 5513 8
986 3316 8
178 797 2
3756 5221 8
6405 6749 8
3225 6646 7
2093 5930 9
3881 4081 7
4992 5416 1
1808 5315 10
6009 6706 9
2541 2906 5
1487 1636 2
2676 3440 3
4537 6191 8
389 2451 1
1656 3869 9
4242 5089 5
825 6294 7
2775 4638 4
3817 4089 2
4667 5934 7
3326 6095 6
404 2862 9
340 3920 3
1760 1769 3
1142 3587 7
33 2854 8
959 1115 7
90 2161 4
128 5939 5
1138 1222 10
1233 4435 6
4 6498 6
556 3158 2
964 6301 6
1003 6943 4
187 2320 4
641 2410 6
3273 6278 9
3545 6127 2
439 5960 9
1039 2113 4
3562 3566 1
653 1939 3
3084 5502 10
2004 5917 7
501 4702 5
762 4982 6
2015 5028 10
1191 2332 4
453 3234 10
888 2832 6
4314 5842 4
1838 2323 4
1074 4345 9
998 4249 8
3344 5303 3
2883 3726 9
2628 6560 7
2003 3852 7
1882 4450 8
856 2900 9
435 2077 4
5202 6907 6
1932 2358 8
1878 5942 10
4552 4898 10
3258 4586 4
5447 5996 10
831 2993 2
1700 6661 5
4762 5712 6
1198 4428 8
2118 2442 5
267 5298 5
1709 6612 8
3327 6164 4
1496 1919 3
1632 2934 10
5722 5904 3
3024 4022 5
2079 2255 7
2791 4035 9
2323 6604 6
719 3887 6
2355 5313 8
117 6843 4
1708 3753 6
1390 1934 4
2200 6517 8
2702 5959 7
1805 3652 9
810 4166 3
2514 6649 6
914 3229 1
1933 2790 9
4560 6586 3
379 4082 7
1877 3215 1
2021 3512 2
3219 3678 4
3330 5429 8
3634 6138 5
955 6237 10
985 2636 2
3407 6909 9
3297 4606 4
186 6741 4
3337 4540 8
422 5605 1
2348 6203 2
2591 3987 7
5176 6934 5
999 4290 2
102 3769 8
1778 3052 9
2773 6832 6
172 5766 2
420 3483 2
1773 3111 10
276 2069 4
714 3210 4
2594 5875 10
3366 6121 4
260 5785 4
5280 6399 9
1065 2212 7
243 1909 2
6398 6640 10
634 1931 6
685 6025 7
1270 4664 3
22 1855 2
17 3781 9
3171 4568 10
2228 3187 5
4272 5256 9
1234 4552 8
3554 5693 1
1291 4183 8
3768 4281 4
5194 6905 5
4016 4871 3
338 2743 6
5484 6613 10
3957 6390 6
1173 6486 5
4797 6849 1
1718 2957 7
2671 2889 1
608 3762 10
4397 4946 3
1796 6810 8
1609 6022 2
4885 6147 1
1067 1094 1
1109 6639 3
2888 6641 4
1427 6617 1
410 3610 8
1077 4575 9
1966 3927 3
658 3575 5
964 3524 2
831 1440 9
3347 5533 3
30 982 10
1374 5666 3
3529 5307 2
1763 6642 4
3887 3987 7
1170 3926 4
3543 3953 3
1078 6356 9
2210 4659 2
379 3146 10
159 3594 1
1538 2155 1
3134 5003 4
1978 4452 8
1841 6837 8
2114 3007 7
2703 4575 4
3195 6913 7
1591 5132 4
813 5416 8
2892 4756 7
1658 2718 7
3121 3429 7
1385 3006 8
2919 5520 9
1108 5450 3
3639 6690 8
1404 5952 2
1484 4905 1
1 241 3
2165 5595 8
1265 6970 2
4517 5467 1
1290 2586 1
4650 6101 2
4038 4788 1
2463 6637 10
4387 4528 3
2048 6303 10
1379 5978 6
3475 5424 7
1184 3800 2
3746 6330 3
4176 4398 9
3584 3768 3
430 2792 2
1521 4446 3
1652 5310 10
187 235 9
4356 4703 8
3453 6347 9
1102 3072 2
452 3193 10
2759 2876 6
1863 4233 5
804 3440 7
4850 5880 6
540 2067 3
5420 6236 10
2189 4278 4
270 972 9
527 2326 1
960 2638 6
1700 6619 5
1051 5029 1
3522 6889 10
4333 6940 9
2331 3904 9
742 1292 5
1519 5603 2
725 3284 5
5639 6855 8
4318 5322 4
302 835 1
95 4852 5
859 4371 7
908 1708 8
965 4403 6
5000 6613 5
1829 6128 5
3812 5349 10
5870 6118 1
306 5050 1
3476 3670 7
420 4572 3
57 6298 4
3833 4156 8
1832 5294 9
2763 6985 6
5582 6567 1
1527 2116 1
593 1439 5
3143 4585 7
2332 5092 3
5015 6122 8
1893 3759 6
532 6990 6
663 2076 9
4058 4154 4
689 2886 9
538 3890 4
1868 3722 7
2240 2341 9
5033 5964 9
860 999 1
1164 6877 8
3265 6238 10
3127 5070 6
1071 2576 9
2058 6295 2
830 5044 10
144 3825 2
3334 6552 1
2287 2777 9
71 4562 3
627 5192 7
347 804 8
2368 5959 7
989 1559 2
2973 4256 5
105 3397 1
1740 3878 6
1647 2370 2
174 2840 1
907 6068 5
915 4449 9
454 1852 9
2735 4477 5
675 4500 2
1586 3517 6
3434 4036 9
1439 1648 4
1353 6946 9
4854 6408 9
1152 2675 8
3975 6729 10
795 6170 10
213 1219 1
3519 4311 9
464 4773 9
614 5586 2
4509 4838 2
4376 6813 7
2078 4313 7
613 2249 2
3256 5343 8
3284 6537 8
4398 4832 9
6297 6466 3
677 4809 9
2916 3128 5
3387 4494 5
4640 6084 6
3714 4571 3
782 6678 9
2483 4024 5
123 2235 6
494 5802 3
44 3550 2
5892 6679 2
676 1027 5
1970 3914 3
5687 6610 3
1699 1767 2
4012 4828 6
2995 6839 2
5788 6438 1
636 6654 3
3429 5434 10
4495 5157 6
143 2825 5
1953 4986 8
4845 5982 7
654 4007 3
2431 6054 6
575 1798 7
5676 6247 8
3050 6229 3
2489 4577 5
1701 4639 6
741 1222 8
2702 6981 8
2273 2430 1
3744 4819 10
2610 3649 7
741 1826 6
1897 2474 8
792 4967 1
273 5943 2
3362 3857 6
6677 6690 7
1382 2079 4
1004 3870 5
548 1295 2
4132 6063 10
3400 6608 3
375 2826 1
957 3350 1
476 503 10
1853 5331 9
3661 4665 8
1486 2705 5
2554 2589 8
4473 6344 3
191 2295 5
2964 3019 6
460 1951 2
3130 3235 7
1624 3608 5
424 4282 9
3541 4921 7
2975 5664 3
6414 6883 7
56 3548 2
738 2656 2
3454 4900 8
1058 1759 9
3396 4163 7
45 3753 1
369 5018 7
1598 1923 2
4705 6271 7
4362 5121 1
2034 3711 6
3933 6786 9
5978 6444 7
3124 4497 9
2776 5154 1
748 2427 4
657 935 1
2795 4211 8
3052 3528 8
482 3451 2
904 3776 5
556 3206 1
2998 3983 4
3753 6649 8
1740 3637 5
332 1932 2
1475 2332 5
2198 4795 6
322 3070 4
680 2378 8
1839 4069 2
3949 5319 10
773 1380 1
39 746 9
4151 5944 5
576 798 10
3935 4494 10
429 1152 10
2300 4161 10
3067 4216 7
1747 1874 1
2761 4451 4
1040 3165 2
1414 2730 3
1352 5546 8
914 5837 9
1893 5618 7
2113 2546 9
3047 6931 2
2497 4146 4
349 2544 8
3032 3331 9
579 6085 4
1941 3315 5
2238 3301 5
1676 6458 3
2994 5059 8
365 925 8
3532 3599 3
5757 6056 9
553 5135 10
4912 5710 3
3554 4372 6
4329 4995 9
2554 4753 1
52 2669 2
2942 5675 4
1479 4298 9
4992 5803 3
100 4803 2
1699 5117 5
2352 5262 5
2631 4955 7
6194 6889 10
1999 2227 10
1020 2135 4
2404 2830 10
3042 6599 9
519 3809 2
3793 6785 10
3117 6083 5
262 1917 3
1146 3762 10
3139 4724 5
991 6071 10
2005 6933 9
1707 4340 3
2843 4273 1
3340 5789 8
4315 5447 7
2029 5034 7
4487 5077 1
3387 5471 8
1008 3330 7
429 4564 4
726 4218 9
3538 5184 5
4649 5513 8
1048 5928 7
456 986 2
3589 4057 4
2190 5551 8
1877 4236 4
6226 6771 5
572 6261 8
2610 4960 3
894 1273 1
564 4147 1
698 986 2
216 3597 5
4651 4776 8
2497 4421 9
400 5226 2
1164 5720 1
674 3310 9
2212 3635 3
5288 6747 9
3707 4236 9
940 5606 7
3136 3765 4
141 4353 6
3543 6061 10
1172 2095 10
2350 5619 1
1840 4742 6
23 5973 10
4730 6914 10
3652 5835 7
405 4782 5
3600 6790 6
3042 4812 6
3215 3657 5
2327 5831 8
2633 4213 3
877 1081 4
3852 4631 8
1493 2773 4
4921 6853 7
704 3541 9
4422 5413 10
2327 5361 5
552 3478 1
905 6630 3
4332 6475 1
5962 6846 2
3324 5899 10
2033 3773 9
2446 4457 9
549 2330 4
129 4266 2
776 6172 4
1417 6104 10
3417 4053 2
3804 6515 2
4058 4412 3
5530 5531 7
2080 3110 5
156 2346 6
1562 6958 1
265 5799 2
4539 5664 6
2173 5726 7
759 5260 8
3981 4378 10
4430 5162 1
1661 6849 3
3454 5750 1
6682 6823 3
594 6708 5
2029 3744 10
3362 5574 3
3657 4736 3
1953 6128 5
1892 5522 8
3143 6658 7
2494 5061 4
1096 4342 5
3037 6134 6
3668 6873 5
4709 4879 6
3491 4793 1
4314 5081 6
108 2501 9
3693 4744 2
3552 5538 3
3597 4403 4
3407 4814 4
561 577 6
2648 2780 10
690 1221 1
267 2448 8
2561 5788 10
3098 5864 2
2783 6354 9
3224 5959 10
3233 6981 9
963 4297 10
2726 3155 4
5489 6475 3
1402 6478 6
1577 6381 7
2550 5828 6
6126 6249 4
6055 6691 9
2306 5325 8
1884 3824 6
3041 5656 2
6700 7000 3
3836 4286 3
2674 2757 7
4884 6359 1
710 3001 3
4924 5878 8
418 4891 6
1531 5812 10
3022 6268 5
2113 6056 4
1180 4056 4
4992 6120 6
2228 6078 1
4447 5032 6
249 958 2
2277 5960 8
690 2707 7
2958 6075 4
1201 5534 3
3827 5033 4
1209 2241 2
974 2155 3
2200 5064 4
643 5483 8
2725 6113 10
380 1628 4
5182 5549 2
3477 3830 5
3155 6816 6
445 5495 8
4752 5009 4
1992 3081 3
1345 2919 10
217 1942 8
1196 3457 3
1263 5548 10
918 6346 5
2451 3831 9
1418 1728 6
2366 5978 2
1899 3538 2
1647 3101 2
1903 5287 4
1258 2319 6
1609 3009 1
432 6623 1
2557 3776 7
6304 6470 9
75 5054 6
987 4827 3
2037 5018 8
310 4323 7
1366 3670 8
545 2615 10
1477 3587 8
470 2483 9
3871 6996 7
2377 5382 2
842 6008 10
661 5958 8
2171 6164 9
1924 4441 6
3106 4115 8
713 2669 9
4285 5868 1
1800 4179 7
386 3896 10
3242 3808 5
1561 4398 3
2604 3495 8
128 2355 4
1664 2052 2
1690 5039 4
1482 3376 3
1818 6380 1
1801 2155 4
937 1148 3
6245 6384 6
1000 4410 7
987 2169 10
422 1155 6
5483 6681 7
861 4466 6
1745 2719 3
2648 4011 7
2982 6394 2
6199 6525 10
747 2877 7
1026 5078 10
714 2326 8
1089 5924 4
629 714 6
171 186 4
4469 4559 3
1495 5577 4
678 2388 6
3073 6220 5
858 3075 6
2057 6744 8
3246 5901 5
1948 6976 4
2115 6739 4
5772 6386 10
2147 2254 4
6423 6933 8
34 2329 7
793 5992 3
696 1046 3
1613 2053 1
600 2137 2
5687 6368 8
4359 4929 6
818 1139 2
1001 6464 8
569 5784 1
3134 5927 8
2695 6730 8
43 3446 5
510 1813 2
3128 5025 5
2625 3317 2
1220 3225 9
740 2633 9
489 2168 10
2837 3600 10
930 5109 3
494 4444 8
1835 2496 9
6130 6131 2
3659 4013 7
3924 5404 5
3327 6100 8
1141 6170 3
998 6676 3
717 3703 2
2931 3862 1
341 499 5
6501 6851 2
3577 3617 7
1542 2484 10
3549 4187 10
273 1329 7
1164 4358 1
5607 5917 9
185 4325 9
238 391 8
1408 6859 10
1698 4210 6
4563 5898 9
1869 4406 7
4199 4773 8
1142 3094 6
3443 6440 2
1792 4765 10
1897 4985 3
788 3858 8
3909 6321 8
4061 5748 4
879 1988 6
3502 3638 7
2714 4175 1
5599 6003 3
2652 6134 7
2674 3226 4
490 3429 1
727 1256 3
574 2207 6
868 5256 4
3587 6224 1
826 5310 3
5 1618 10
1348 2008 2
268 3965 2
3089 4190 7
1141 1496 10
4275 6082 5
1217 6137 5
1414 5450 8
1133 1409 6
2082 3081 6
1147 1163 1
416 4623 9
842 4278 1
6850 6864 10
1422 5339 7
1739 5982 6
2560 3036 8
546 6693 8
329 4481 8
1769 6735 5
2002 4688 1
4669 5317 8
1720 4937 5
212 2215 10
236 3191 9
4105 5308 3
1593 4909 3
1817 4612 4
864 2529 8
4077 6996 7
415 6511 5
5761 5867 10
3901 4781 4
938 1640 1
961 4938 7
833 1986 7
1540 4714 4
4441 5452 5
5711 5922 3
846 6453 7
1907 2311 5
4572 4863 3
133 800 1
726 1582 3
614 2705 9
1973 4061 1
295 5992 8
1548 1796 2
1654 2484 2
42 236 9
2636 6867 6
715 2569 2
4248 5648 6
838 3281 4
1452 3080 7
1331 1744 9
3680 4629 1
3830 5129 7
1564 5501 5
4498 4692 6
5733 5939 7
239 921 5
3138 4584 6
3704 4490 1
704 2073 5
5442 5850 9
849 2191 2
5770 6490 9
122 3212 3
1875 2273 10
519 3854 9
3701 4728 9
1911 3224 6
2467 5935 5
4242 4536 8
2559 4348 8
337 6585 8
2150 3942 4
1994 2362 6
3391 5436 1
3564 6138 5
1324 1955 4
326 3424 5
125 6248 9
2045 2337 3
3641 3682 2
1814 3622 6
1740 6031 2
1801 4559 7
1895 2545 4
1881 4851 8
2234 2501 2
2475 3198 9
3997 4821 9
636 2121 9
2006 2031 9
3143 6742 8
4081 5553 1
1586 5555 6
2047 5659 3
3948 5528 6
263 4785 7
2643 5745 1
5085 5890 8
5851 5921 3
1606 3285 6
829 6953 3
1260 2159 10
1068 4546 3
2350 4739 2
819 3533 3
98 3463 6
5022 6025 4
864 975 6
759 4560 3
6083 6370 4
5983 6627 1
312 4053 3
1425 3814 4
2737 6993 1
3520 5021 7
4153 4754 9
2801 4611 5
448 2313 9
1800 3685 6
3032 6590 3
4019 4220 5
964 4774 9
3622 6231 2
4103 5854 4
4844 6265 10
740 1210 6
3941 5837 1
114 4481 9
6699 6909 2
1146 6501 6
3202 6442 4
1676 3959 8
1970 5789 2
1360 2060 5
4532 5890 4
3430 5547 10
1733 3648 4
3958 6508 2
1607 2965 7
3590 5404 9
2480 3610 7
2024 4241 10
512 5333 4
771 3547 8
5788 5979 4
2110 6355 9
3270 6948 3
5026 5987 3
2226 4208 3
912 4350 2
785 2748 2
1435 4857 2
1706 6393 1
4828 5727 1
2204 3591 9
4770 6915 5
2186 6149 3
3044 6875 1
3798 4640 4
3556 4681 2
3508 4707 7
2338 4350 2
6010 6585 5
1142 6143 4
3480 4069 4
2472 6080 4
3377 3561 9
230 476 8
4478 4484 6
5464 6526 9
581 6824 7
1555 4838 3
591 2304 8
4561 6753 9
3200 6559 6
2586 3882 10
81 176 2
1350 3360 10
709 3243 1
2845 5252 7
6088 6989 1
6326 6893 5
1568 5007 7
61 328 8
1364 6385 2
1633 3262 7
3116 5345 10
34 2190 2
1077 5318 1
984 6709 9
873 6584 5
4694 6639 2
3243 5335 3
302 6097 4
2 2041 6
3781 6313 6
6368 6507 7
790 2422 7
1025 3294 6
112 6174 6
4591 5511 4
2801 3309 3
1849 3003 10
3052 6777 10
1832 5222 3
2671 2890 1
4751 5233 9
1731 2446 3
2018 2958 3
1705 6027 4
155 6627 3
413 5455 1
4190 4617 6
6203 6711 10
1889 5819 3
2705 6751 10
1186 4302 10
2971 6795 8
1240 1629 3
2359 4929 6
2917 5668 6
46 3371 2
393 2083 4
1032 6747 6
493 523 3
1000 5311 4
4300 6976 2
2784 5911 8
1200 3277 9
3473 4248 3
2534 5065 7
672 5284 6
2832 5627 1
3888 4674 9
486 2763 3
2175 6598 8
315 6523 1
2753 5813 4
1036 3523 9
749 1272 5
2305 6531 1
3728 6129 2
1919 5559 1
5314 6101 5
2434 5908 9
2544 3307 6
5159 6973 8
5793 6549 1
3654 3748 10
1323 3775 4
3939 5735 8
3455 4046 1
2031 2353 5
1755 5007 2
942 6991 7
1960 3263 9
378 4730 3
891 4049 7
2439 3407 5
2164 6469 3
2802 4716 9
165 2371 6
2432 3179 1
2470 3007 4
753 1190 4
5155 5382 1
659 3839 4
907 4327 1
440 2033 1
1033 2847 10
3746 4348 3
3605 4273 3
265 6433 7
412 4225 8
3623 5520 9
750 2222 4
1711 6109 4
236 1824 3
971 2803 10
2458 5884 7
1097 6595 7
4156 6028 1
4682 5417 3
1646 4520 2
1030 1196 4
184 441 7
2482 3355 8
3958 3965 9
4618 5152 7
3099 6543 3
6036 6677 6
254 2878 8
1252 4087 6
5374 5963 4
2261 5956 9
240 1904 6
4522 5129 6
5386 6673 1
4288 4319 7
73 1202 7
3730 4635 4
2414 4097 8
2961 4571 3
6391 6456 4
4200 6254 10
2355 5494 8
1902 4386 6
2991 6458 5
368 3191 4
2287 6352 1
3804 5704 7
3930 5661 1
2451 3667 2
3696 4314 7
3150 5482 2
1032 6627 10
276 1521 6
2577 6620 1
3014 5749 2
3185 4323 1
2700 6785 3
1690 3765 7
1290 6043 5
587 2131 3
1120 6424 6
3504 4290 2
4375 5315 3
2160 2310 7
1734 4897 3
4485 5427 8
408 5978 4
1295 2897 2
1309 5334 3
4359 5708 3
3858 4758 8
870 3760 4
4468 6096 8
478 4157 3
4096 5290 10
935 3895 3
1868 2269 2
546 2826 5
392 2077 8
762 5914 2
4360 4656 2
2742 3881 1
2455 5717 1
1878 2462 3
5043 6855 8
4594 4604 6
1523 4870 5
1202 2786 8
347 3032 8
2632 4620 10
522 2513 9
132 5773 4
5981 6165 7
2985 3892 4
9 2093 8
4383 6190 4
1114 6770 10
2598 4276 8
82 663 4
3703 5563 4
1552 6068 8
4788 6825 8
5755 6904 7
2462 2612 10
6105 6485 10
4560 6734 5
331 5987 3
420 4127 9
960 5583 9
3331 4542 7
1011 4118 5
3993 6026 6
465 6817 10
4783 5745 9
203 6673 7
2594 3280 6
3043 4078 3
57 4283 2
3521 6221 1
2697 5585 8
4214 5320 4
3806 6323 5
170 1542 10
5675 6601 6
74 1040 8
662 884 6
704 4853 6
220 5731 2
357 2770 1
891 6354 4
2102 6832 7
353 3263 8
3301 4792 2
877 1863 5
282 4795 8
37 2368 3
1509 1695 8
1114 5373 7
25 3736 1
5458 5951 7
1158 6798 10
3405 4348 4
5366 6928 6
1865 4091 9
1182 4510 9
122 473 3
390 923 2
2796 6809 9
1575 2363 6
564 1532 5
2887 3739 8
4298 5157 10
1926 2590 3
662 5278 2
3802 6564 2
3903 5194 9
1649 4255 4
294 6993 1
3767 6800 1
3947 6601 9
265 3001 7
1558 3535 2
1571 4660 10
36 4006 7
2929 4352 4
320 2018 4
2564 6594 7
4291 5468 7
5571 5692 1
1526 3578 1
1493 2778 10
264 1335 7
3139 3204 8
3076 5533 4
1353 3758 1
720 5016 8
2175 2871 10
3902 5949 3
6589 6957 7
3608 5875 3
3307 6769 5
534 3932 5
2565 5863 4
955 6526 1
2623 6687 7
2513 6861 9
2847 5182 2
1358 2111 9
2946 3673 5
747 5372 5
1346 6329 9
76 1071 2
581 2577 8
5582 6658 10
6394 6395 10
1790 5931 4
5103 6783 9
579 1936 10
4662 6024 6
1486 2929 5
1863 6318 9
2666 4054 3
5686 6974 6
927 5518 4
4316 6700 10
550 789 9
3127 3932 6
975 2240 10
6324 6699 2
5952 6430 3
2539 2973 9
840 2838 1
2187 5494 1
2513 5463 2
3100 5305 9
397 3013 1
546 5074 3
941 4867 8
1250 5588 7
631 1314 10
251 2370 10
5656 6159 6
6289 6937 6
1318 3590 9
1921 5456 3
1604 5434 7
3478 5850 5
76 6128 1
1833 3429 4
2009 4442 1
423 2358 7
2965 4064 2
2175 2543 3
279 1305 2
5060 5791 5
2367 5053 3
1476 2603 5
6364 6698 10
567 1315 2
2170 3221 4
3227 4333 3
2652 4688 6
2789 6695 2
1722 3707 1
3162 4221 6
188 961 10
4868 6745 7
1512 5458 9
743 5127 7
1745 6169 10
1557 5938 9
811 6875 3
5160 6756 2
1010 3367 1
2360 6845 5
2463 6209 7
3541 5375 1
4148 4988 7
1674 5461 1
2911 3813 5
1125 2890 4
543 6233 7
4972 6998 7
465 4169 8
110 550 2
4189 4674 2
867 1232 10
2037 6639 4
222 6756 2
2392 2874 9
2346 4386 2
1682 2727 7
2232 4314 10
1826 4740 7
4355 4409 2
1804 2085 8
2139 3861 10
220 1810 5
1076 3600 6
3148 3188 2
4638 6261 6
6765 6893 10
169 1640 3
4556 6977 9
667 3639 8
2011 5626 10
1573 1821 10
1384 1807 5
151 3642 2
858 1011 4
398 3439 10
3652 6932 4
3148 3326 8
2007 2947 1
3113 3165 3
2987 3955 3
1035 4171 7
2263 2454 2
2674 3553 5
3559 4875 4
1031 3998 3
1216 1841 4
1897 6664 2
519 2808 7
1031 5715 4
736 1690 9
1304 2225 5
815 5003 9
6071 6227 4
1457 2972 6
1557 3533 1
2169 2284 2
311 726 10
1656 1810 7
1442 3714 1
1007 6618 10
1386 1547 1
3312 3569 2
2249 3897 2
1573 1945 9
3526 5373 3
5567 6838 1
206 1648 8
1942 2595 8
2462 3617 4
2562 5576 9
2375 5459 5
246 1257 8
3326 5949 5
1119 3252 4
1654 4511 10
4081 4754 8
1512 2300 1
1963 3709 8
1544 2345 5
1154 5420 2
232 3259 8
379 512 4
39 949 1
4167 6255 10
735 4263 1
277 3404 6
4273 5110 4
201 3814 7
1401 6625 10
887 5171 1
2268 2676 5
3937 4695 8
398 5569 3
1154 6541 5
3587 5794 2
914 4783 10
906 948 2
985 2920 6
1082 3170 4
3130 6347 9
2627 6204 7
1546 2764 8
5190 5910 6
963 4891 10
813 3159 9
2314 3494 6
3642 4460 9
218 1705 8
380 399 1
2783 3794 5
1466 6569 5
2096 6096 1
1130 2627 3
464 3614 8
1111 5643 5
4826 6462 10
1582 3726 7
3684 4431 9
1906 3280 9
3108 3452 10
141 959 1
101 2580 7
2511 5477 7
1364 5619 7
815 3942 10
3424 4535 3
47 3380 2
679 1696 6
3626 3902 8
2430 3858 7
1707 3188 3
1385 6525 4
549 1291 5
4101 4347 2
704 3173 2
4546 5755 2
4142 6980 4
5365 5409 1
3675 3734 10
357 4303 2
1951 2768 6
734 2261 7
543 3953 4
1396 5041 5
1086 1847 8
707 3466 8
3261 6681 3
4387 5986 6
4240 6540 8
1849 2505 5
2347 3586 8
1499 4268 8
3195 4710 6
3138 3205 3
4923 6678 3
394 1164 6
1422 3724 3
2655 6352 5
2873 5699 7
874 5165 8
3401 5275 5
4946 6290 9
2116 4796 5
1122 1361 5
373 2869 9
4510 6778 3
201 6564 7
3050 6311 2
4440 6292 6
4247 4290 3
2617 3564 1
3901 5408 3
3613 5068 7
422 2488 9
5081 6415 4
3792 6076 2
1465 4973 8
4706 6413 6
4338 5197 10
3391 5088 6
441 3389 1
732 5282 5
2713 4214 3
4363 6331 6
203 2911 10
1429 1848 5
3359 3377 3
968 3413 1
4302 6015 6
335 6371 7
758 5521 2
5435 6957 3
1343 5959 2
3410 6312 4
1049 6324 1
2095 2430 10
4189 6171 1
1629 3465 2
1155 2313 3
4228 6473 3
3033 6031 8
566 3030 4
718 1669 4
699 2419 8
3706 4422 1
2561 4043 4
785 4810 5
754 4739 1
238 5632 1
224 5932 8
1299 5786 4
1563 2361 6
2669 3549 7
1812 5428 9
1082 4653 10
1838 2236 8
357 386 10
2966 6580 8
1815 6096 7
380 2704 2
544 3005 6
2091 5890 2
4350 6160 10
2984 3764 1
2605 5228 6
228 3255 1
916 2163 7
2389 3047 6
1995 2163 3
4184 4936 3
595 2894 4
2239 4583 6
2073 5424 1
1637 5106 9
1482 2382 5
905 6271 2
2709 3305 9
3030 7000 1
19 2277 7
1883 4064 1
536 6673 3
1024 2427 9
5566 5621 6
129 4208 5
313 4088 4
3587 4054 8
1349 5235 1
3440 4494 6
649 2021 6
2548 3255 5
2951 4311 8
1218 4451 5
3540 6650 8
1980 3825 6
2883 6448 4
2107 6064 6
1078 3493 2
2279 6348 1
2312 4911 10
1353 2056 6
767 1321 1
4136 4696 10
538 1741 2
711 3583 2
2601 5454 6
4827 6220 4
807 4758 10
3244 3649 2
255 3253 6
1183 1517 9
279 1586 9
941 1300 6
183 4317 1
2240 6756 8
338 5780 3
2330 4462 5
3681 5459 6
4057 4994 5
129 4863 10
2711 6690 8
1739 5583 9
6169 6638 4
1765 2780 8
988 3198 10
2133 6770 5
5115 6749 1
50 2362 5
946 5325 8
3639 6506 9
2746 5749 1
4503 4603 4
2028 3845 5
1212 4403 4
766 1298 8
4182 5529 3
469 4523 8
2149 3610 9
167 1399 5
772 1542 5
2450 4076 10
1988 4037 7
5233 5751 8
1870 6455 9
431 5815 10
1456 1528 10
1674 1947 8
4740 6105 1
5375 6472 9
46 3291 8
750 2904 9
3634 5795 6
3300 4016 1
1967 3123 3
2705 6141 1
6616 6660 6
2043 2600 7
3242 4611 4
291 588 6
911 2527 9
2030 3274 9
5422 5767 9
3494 4667 2
1577 4105 8
313 2521 8
1704 5015 9
464 520 8
1880 3998 3
2042 2984 1
468 1350 10
4903 5497 2
2410 4509 6
2648 4258 9
2710 3173 8
996 4068 8
2754 4287 8
2195 4269 6
2435 6518 4
3317 4295 10
2972 4637 10
3322 5451 4
1504 1887 6
3614 6171 3
4267 6142 10
86 4812 8
2906 4593 6
4627 4851 10
6278 6824 1
265 486 8
504 3287 6
4769 6722 7
2407 3578 9
1047 6072 6
2211 5565 1
1722 5423 5
1615 2470 5
2670 3620 1
3939 4179 2
1439 6642 6
655 5380 5
2381 2650 1
2317 5306 5
1114 3834 8
445 6943 3
3731 4207 5
1988 4863 9
3403 4328 1
612 3955 5
328 6295 2
209 3978 7
3487 6074 3
5835 6069 9
688 1682 3
3379 3892 2
3252 6368 5
1832 1867 9
1232 3729 9
562 2319 10
5104 6145 5
1480 3377 10
1351 4863 5
664 4303 9
4572 6607 3
3562 5325 8
3187 4903 1
484 3991 10
2813 4137 9
692 1712 7
1886 4651 9
737 2295 1
920 5603 10
2712 4445 2
363 2034 8
1581 5627 2
1400 1889 9
540 5372 7
2052 2610 6
234 1028 8
2703 3221 1
1226 6414 7
3526 3988 8
5834 6048 1
2136 2676 2
1015 5628 5
3853 4042 6
428 1083 1
701 5083 9
2680 3570 4
2505 3968 5
2598 5298 5
3464 5775 10
6262 6830 5
2563 5703 7
1218 5353 2
747 3052 10
2583 5736 4
243 6184 4
3707 5017 1
6162 6226 8
6051 6860 9
1304 3326 6
2897 3417 2
923 5698 1
1702 4704 4
700 2343 5
1979 3657 6
3739 4608 2
628 2008 7
3913 5356 3
248 312 5
1063 3121 8
684 4334 3
158 1766 8
686 6498 7
1942 4072 3
2802 2960 1
897 1770 1
3672 6847 9
2667 4074 4
1281 5615 7
1720 4051 4
953 3594 1
731 2012 1
1207 3102 5
64 2600 2
1573 4184 3
2883 3773 1
3001 5247 4
3396 4861 7
2281 2787 4
4299 4947 4
2535 6063 3
278 342 10
298 2324 3
5152 5376 6
1696 1964 3
1195 1457 9
367 938 4
4161 6861 8
2179 2709 1
371 411 9
252 1961 2
303 6506 8
1001 5342 4
716 6680 3
1999 2735 5
4988 5970 2
3386 5386 4
2500 4730 5
950 4018 3
2702 3699 5
2093 4934 5
1960 2919 8
899 2270 2
4576 6625 6
2219 3445 4
1162 6232 5
1122 1729 1
2150 5743 1
4453 6142 8
555 2218 7
279 5803 6
2331 3061 6
379 4261 10
188 2893 2
1597 3348 9
2074 3769 5
1604 4380 9
4077 5816 7
4592 4899 10
145 5074 5
3409 5611 5
2435 3785 2
2975 5824 3
1598 3265 5
125 5385 5
18 3214 7
5013 5566 4
1288 6365 1
1074 3440 1
126 1835 10
2650 4753 8
1403 3115 9
2391 3294 7
1836 5814 4
1733 5396 9
1869 4257 7
1684 3950 6
1021 3714 10
1472 5974 6
942 3393 4
3676 4252 6
1799 4664 5
3708 6972 3
1455 1912 1
2165 2769 8
2387 3499 6
1727 3887 2
582 4192 6
2110 4517 6
1084 5885 3
2556 3170 9
3724 4407 2
4907 6053 2
1998 5360 8
1892 2571 4
5756 6333 9
1698 6363 6
3654 4149 8
383 4647 5
3473 4936 10
736 6741 1
1533 4159 8
487 2679 4
1615 3141 3
5047 6581 6
764 1868 8
1663 2542 2
1668 5808 3
1800 1939 3
3663 5369 7
2326 3912 5
276 905 5
2489 2582 2
3245 3257 5
1536 2573 1
2914 6412 7
882 5679 6
3962 4632 8
1168 5356 6
1239 3434 4
236 1622 1
682 2691 1
1961 3693 3
4536 5485 1
2531 5201 10
376 5889 3
4413 6807 9
4939 6203 8
567 3232 6
887 2579 1
4774 5962 2
264 5957 5
4860 6472 10
3159 5390 3
601 5641 1
1123 6567 5
1328 6704 7
790 2945 1
3908 5991 1
2228 4130 1
3244 4353 1
1197 6350 1
481 2009 2
113 126 8
5460 6036 5
3882 4247 1
2719 4233 6
2816 4746 9
3178 3909 9
3093 5041 7
2314 2824 5
860 5945 3
2967 5865 8
2156 5439 8
2292 6724 4
2748 4246 3
1421 6283 8
2561 3680 10
380 3969 3
5421 6404 8
27 3680 8
601 3437 2
4017 4968 5
839 4151 8
1456 1781 3
2563 4091 6
3889 5454 1
1030 6937 3
89 4243 1
542 4250 9
3451 4441 6
4307 4943 8
230 5704 1
2205 3406 4
1668 2904 2
548 6986 2
702 3996 5
4439 6675 9
3354 4009 8
2309 2743 1
2841 3656 6
1184 5936 3
1441 2584 7
1181 5629 7
3213 4743 8
481 3401 4
2897 5691 10
517 3619 1
1593 1907 5
3160 4484 6
801 5434 2
3248 3296 5
5323 6630 5
1983 4721 10
1937 6856 6
3694 6001 9
927 4613 10
2819 4067 2
1695 6662 4
5114 6340 4
1110 4262 9
1161 2536 6
788 4341 3
1023 6449 10
2009 2495 5
1124 1954 5
3640 5474 3
3187 5974 8
1144 2912 7
5797 5885 4
2789 5039 1
1236 6378 6
1111 6384 4
224 2474 5
538 5552 7
989 2945 6
6122 6163 9
2666 3041 1
190 6829 5
971 1871 5
2676 4019 4
5540 6518 4
379 1987 6
3317 4534 2
2488 2704 6
3814 5754 8
261 5554 1
2633 5891 10
1292 4778 5
640 3317 1
4784 5883 1
2231 4389 9
1362 3360 6
997 3345 3
3457 5430 10
3995 6565 3
4853 6316 2
2400 3396 10
319 3839 7
1846 2514 6
3016 5718 3
1130 4524 8
2771 3633 9
170 6339 7
3160 5345 1
3496 4347 9
2511 4755 8
1745 6898 1
5144 6989 3
1389 6287 8
2326 4664 5
1741 2512 2
2643 3175 8
2578 3482 3
4099 4699 7
300 1678 6
3201 6065 2
1160 4404 5
2782 5030 5
1162 6120 4
13 6527 5
4218 5819 5
1795 6271 9
952 3363 2
136 767 3
6011 6127 2
4512 6041 3
2151 6277 8
781 3573 1
3030 6344 7
1838 6472 6
1757 4063 9
30 1216 6
1352 4959 7
3861 4622 10
2529 3314 10
3476 6891 2
5148 5536 3
3367 5230 6
523 6181 5
5551 6443 3
3292 4259 8
1449 3370 1
152 5668 1
443 602 10
2189 4172 4
1706 2376 3
4413 6818 5
3804 4393 6
1127 6496 3
3892 6917 1
1943 4198 6
3597 5856 9
1471 4580 8
420 5655 2
2088 5747 10
164 4221 2
4047 6753 9
4492 6585 9
3155 5438 4
1113 5483 2
1890 4592 3
1196 1479 6
363 5938 8
2388 4508 5
565 2433 10
2279 3514 5
1533 2563 8
2007 2865 9
3921 6795 2
1924 2531 10
3469 5633 6
2910 6639 6
3637 5751 9
1761 6563 7
702 5662 8
3491 3853 9
4381 4909 2
2505 4979 4
6407 6720 8
18 480 6
225 4205 6
46 6655 9
105 2085 5
2356 3071 9
1880 5345 7
1206 2951 9
2357 5190 4
3403 6190 6
2658 5837 9
928 6053 8
606 5650 6
1204 2481 9
3111 4140 4
1955 6810 7
1383 5858 5
88 6548 9
2243 6968 2
1631 2463 4
740 5454 8
80 758 4
2698 3426 4
1761 4026 6
3065 3828 10
3470 6497 2
510 2029 1
3311 4183 2
279 1648 5
2064 2500 1
4747 6026 2
1148 6615 4
2060 5504 8
499 903 5
608 6595 6
1532 4650 10
1727 3936 7
908 5960 5
983 5791 1
1934 4336 2
1545 5419 10
4258 4645 8
2174 6050 3
460 3892 8
2635 6823 4
829 6537 4
3520 3582 2
4078 4582 7
1673 5320 1
412 2495 5
3347 4768 5
2949 6836 2
134 2077 3
5166 6257 8
99 6056 5
3152 4184 10
75 4504 7
2594 6467 5
4206 6140 2
2712 3340 9
1472 2148 10
218 3356 7
4716 5784 5
2738 3044 6
1691 3050 1
2894 6588 3
4315 5603 3
8 6280 6
2419 4745 4
743 2090 10
4570 6641 5
2919 4563 1
889 1155 4
3673 5202 5
1186 3488 7
1704 3445 7
5040 6646 8
644 5387 1
5606 6615 10
4980 5260 9
2596 4619 3
1357 1742 8
1254 5781 9
1560 2276 10
4425 6866 9
2872 3476 6
860 4493 8
4261 4993 6
2172 3638 2
4454 5988 2
4018 6897 2
2134 6223 2
375 2861 9
76 1052 6
1604 3316 1
285 2152 10
4456 5690 10
2389 5792 8
641 2668 3
3191 3728 5
981 4700 1
2592 5738 2
551 4488 10
1040 4381 6
141 3984 9
867 1690 4
4853 5745 7
2817 3780 7
1086 1951 8
3495 4136 7
293 2026 6
525 2428 3
4806 6738 7
5446 6806 7
3363 6988 3
4667 6811 10
2453 2804 2
5225 5988 3
1591 6824 6
3387 5801 8
382 923 5
3851 6746 3
554 6555 2
2935 4401 7
2597 3113 6
2711 5757 3
142 5560 2
846 5420 6
1816 2452 3
2254 6260 3
332 2542 8
3075 4636 3
617 1259 3
2879 5744 6
1395 3127 1
52 5006 7
3984 5399 3
1581 2600 4
283 2759 1
551 1545 10
61 2922 2
2738 5190 3
832 6500 6
1085 1569 7
4382 6617 3
1262 4705 10
898 2079 3
2058 5291 10
555 6058 7
97 3010 8
5185 5219 10
5869 6558 10
2998 4003 2
2072 6661 1
2789 3068 1
1341 1914 5
1353 4233 1
5277 6272 9
3553 6566 5
983 4157 9
1656 5155 5
2994 4990 9
714 1691 5
2493 6743 10
4939 6851 5
3956 5900 10
915 5538 5
4567 4897 9
2441 6232 10
599 2099 6
3132 5845 9
1416 1822 6
2011 4895 2
87 3689 8
857 2173 5
2759 5937 1
1996 4902 10
3497 4925 10
2551 5728 3
74 5818 3
3464 4935 3
3626 4673 1
1268 4109 4
905 6850 3
4796 4876 6
4559 6685 1
2259 6051 5
3311 4865 5
476 3077 10
62 922 3
2860 6503 4
402 2794 3
3933 4688 3
312 6505 4
374 1310 1
1746 5590 3
244 3594 5
896 1533 6
2174 2209 7
2051 3459 6
3787 4440 10
2107 6139 4
2463 6042 8
2708 3619 1
2046 2825 8
721 2655 4
2355 3511 5
4779 6756 3
2377 4935 5
2074 3043 7
2157 2535 3
3259 6855 3
14 1163 4
331 4221 8
2102 5277 8
1728 6404 7
2122 4887 10
234 6310 6
1252 4127 4
1310 2958 1
1151 5595 5
1900 3503 10
891 2569 9
747 1924 2
1924 2232 1
3040 4914 10
2117 2141 6
208 212 4
2974 5606 9
1209 5948 2
2586 4806 2
331 3307 9
3921 5036 4
696 2447 7
6206 6675 5
2361 5033 4
2839 6177 10
814 906 10
4506 6392 5
4153 4811 5
1032 4123 9
520 1614 9
635 1771 4
76 4515 9
1427 5381 9
699 1574 6
3922 4837 2
7 5543 5
2901 6941 8
884 3047 5
10 5729 5
4498 4537 2
3037 6336 10
2757 6327 10
3204 6987 7
1869 2043 2
1885 3898 8
964 5326 2
2394 2539 8
1630 4968 6
361 5949 5
3624 4179 3
182 3351 1
359 3333 5
2284 3306 8
4576 5082 4
4620 4746 7
550 6181 8
4388 6952 10
3245 4695 2
1475 2336 5
663 3729 10
1432 6091 9
1307 6668 4
851 6870 3
3849 4053 7
4175 6746 3
3461 4299 9
3569 5438 3
2568 5472 2
1048 6326 10
15 4402 1
1085 2072 10
2744 5376 9
4063 5208 8
2781 4802 3
1660 5888 5
1248 2080 7
5461 6871 8
4230 5877 3
880 6206 4
4275 4312 6
2278 2683 4
405 627 4
1598 4219 7
2135 3890 5
4845 6457 7
612 4300 3
2789 3709 4
2591 6499 7
1126 2285 10
5844 6033 3
769 6999 6
1748 4283 9
539 2621 9
1738 1932 6
1305 6084 9
1778 3973 1
6588 6996 1
4961 6428 5
1699 4015 9
149 660 1
619 3579 3
4051 6077 6
687 1247 8
551 3878 5
4689 6338 5
6140 6821 2
3847 4331 9
4853 4906 10
1956 3958 4
1695 3005 8
4062 6074 8
1085 4144 7
2189 6994 1
4160 6760 9
2159 2905 9
1671 3046 2
564 1734 10
1079 6030 8
2992 5714 1
1186 2801 1
992 3432 10
5676 6016 3
3107 4320 10
1518 1900 2
2227 2857 3
150 3072 2
340 3061 6
3536 5247 8
952 6489 8
1904 5861 10
1659 1917 10
151 5981 3
551 651 3
1148 2849 7
3859 4102 7
1708 3553 8
954 5634 6
43 4496 7
2276 3099 6
1127 2323 2
1215 4489 5
779 4146 8
608 2482 5
164 5290 4
1716 6946 1
2922 4611 3
3015 3409 3
2889 4024 7
207 2330 3
4165 4752 1
3172 3362 9
2493 2848 5
2252 2678 10
1897 6098 10
1223 4982 4
1287 2202 9
427 6422 6
3847 6191 4
4839 6686 6
2977 3155 8
5525 6533 8
2783 4409 8
1626 2494 8
50 1925 2
3196 4948 6
584 1662 6
3046 4965 10
5918 6128 8
3131 6256 6
3347 5207 4
904 2489 4
2460 3933 9
113 6869 9
1130 1311 1
1425 3515 10
364 4008 10
3251 5059 4
2423 5611 1
610 4961 5
1049 5197 1
301 4741 4
1570 4313 2
853 890 3
4320 4777 5
1465 4776 7
1043 5150 7
2901 5993 5
3909 6918 9
2847 2917 9
1270 3058 3
3174 5963 7
356 3299 2
192 1269 8
3518 4415 3
1383 1868 10
1598 4962 9
4930 5616 7
1113 6020 9
3738 5254 10
427 2742 7
1395 2452 5
1041 1848 4
3444 6655 8
2757 3006 8
592 4035 6
312 5157 10
1247 6200 5
3704 5345 6
4049 6055 2
617 3546 9
1794 4150 1
4913 5313 2
1375 4921 3
569 1940 7
1914 2251 4
644 3740 8
5046 5848 9
1807 3222 10
1288 4444 9
185 4249 7
4207 6000 3
2145 3953 7
1286 3936 5
2576 4816 10
363 2375 5
4523 6907 6
2032 5751 3
3919 4148 3
2849 6302 2
1204 1579 10
4476 5485 3
2357 6377 8
3363 5325 7
3445 4010 7
2093 2710 1
2208 3250 8
1106 4798 3
5 4101 4
2714 6408 6
526 740 7
4894 5045 2
1936 2287 2
743 4921 5
2292 6097 1
1193 5952 6
28 4216 1
900 3410 10
573 938 2
4448 4807 6
387 5734 3
1837 2732 5
3787 6777 7
1856 4385 9
531 4930 7
6117 6862 9
2883 6989 9
3211 6293 10
2889 4497 5
5392 6518 3
1789 1992 3
4159 4913 7
5392 5503 3
3336 5784 4
830 2199 2
1592 2798 9
1882 3082 5
2211 3214 1
2996 4328 8
1955 6793 9
3293 6186 1
1253 3833 8
858 4136 6
3961 4119 7
1596 6026 10
2647 4116 7
528 1393 5
630 6191 9
839 1730 6
3800 4269 1
2070 2211 8
4032 5118 3
392 1490 6
279 349 10
3648 5547 3
1751 5476 6
473 4161 2
3163 6286 5
5162 5339 10
1046 6017 10
3246 6130 2
3218 5750 4
965 2585 6
3266 5769 3
4040 4924 5
1793 4248 7
2377 5221 7
791 2099 7
1727 2808 8
3654 4071 7
2243 6383 3
2844 6636 2
2583 5006 9
1902 3628 5
769 4151 5
2983 5263 3
3479 5857 7
787 2324 10
601 5892 5
819 5874 4
5925 6605 9
990 3250 1
1430 5711 2
832 5403 5
1544 4220 2
2091 2418 10
3621 4560 8
768 6588 5
1420 4442 5
1486 6866 1
4110 5369 2
2441 5878 7
780 2229 7
1029 4406 7
3494 6914 2
2294 5380 6
2026 3331 6
1320 2897 9
532 3565 1
4169 4555 5
1387 4399 4
3464 5984 8
780 1873 2
279 3739 8
914 4554 10
858 5539 3
2011 2673 3
2232 4221 2
3297 5844 3
6854 6943 5
1368 3824 9
1126 3457 1
803 1942 9
1481 4749 10
741 6822 1
239 1615 6
1851 4536 2
1656 6142 8
2475 4159 6
2121 4084 5
3247 3717 1
2777 2934 4
208 6680 4
94 1539 7
2234 5067 6
1086 5851 7
4927 6107 8
984 1326 2
1660 2353 7
334 1173 3
1761 5981 9
4216 4666 8
1773 2734 9
4314 5095 10
2239 6100 4
3577 4699 5
7 3782 6
3304 3635 8
562 2780 1
4593 4884 7
3251 6433 6
3463 4289 6
656 6708 1
3182 5896 6
92 5375 10
3742 4387 9
2811 4855 6
1393 2252 4
3366 4972 7
303 2542 1
1672 6948 10
6041 6442 5
4411 4519 10
1949 2352 7
4190 6104 4
1189 6239 2
2969 3027 5
5241 5697 3
4855 6508 2
1828 3960 8
3062 3602 3
889 5802 9
1765 6095 3
3995 6659 7
2653 2797 3
2188 5917 4
609 6963 2
903 1254 6
1093 6625 6
3287 4792 7
3452 6521 8
356 3963 2
615 3799 8
2817 6225 4
3967 4568 1
3312 5976 8
1136 2851 9
3224 4105 1
8 516 10
1296 5786 6
3233 6911 2
5423 6562 5
1715 4903 1
1076 2287 4
3499 6447 3
344 628 2
2354 6633 3
3476 4413 9
1318 3160 2
31 2854 2
1041 4707 3
2564 6689 9
247 5905 9
1122 5261 10
3637 6864 8
1701 2387 10
4876 6902 8
3878 5761 7
1560 6938 7
4731 6899 6
212 4084 6
5942 6183 5
383 691 1
1903 5907 7
141 3207 6
1425 4464 2
68 1814 7
903 6718 10
3281 4111 9
1151 2358 10
1956 5739 6
1506 4514 10
258 5337 7
2403 2761 2
56 3076 6
1009 3296 7
179 1656 2
873 2611 6
483 1187 9
1037 1617 7
511 3187 4
70 1996 2
3458 6571 3
1368 3706 10
1110 6006 8
5974 6440 5
1841 6661 3
776 982 5
3750 4465 3
518 5277 3
888 6787 7
3662 6456 7
1141 3294 8
2520 6539 8
4651 6906 1
5338 6901 4
5036 5104 4
1648 5002 4
4049 5325 2
2211 5499 2
4720 6689 7
1028 5321 3
839 3621 8
355 3097 8
5551 6504 1
1277 3657 3
2215 5331 6
3246 3753 4
3526 6302 1
1618 3122 2
5381 5384 9
4496 4934 4
243 2167 9
2193 5953 9
79 5151 1
459 687 4
1674 3933 6
2430 5029 10
2945 5338 3
899 2568 8
453 4840 8
2522 3443 6
1307 2774 5
1621 3721 7
1007 3768 3
2043 6358 9
344 4246 5
878 6079 6
2844 4330 3
1277 3551 7
2453 6172 8
4436 5509 4
1093 3707 10
4189 4557 1
1329 6650 3
1427 4397 2
958 6795 4
2380 5146 7
2824 5907 3
1148 1280 1
2362 4988 7
2144 6108 2
1224 6427 3
5580 6867 8
766 4007 7
3709 4455 8
3153 4406 2
2934 6496 10
4398 4464 10
615 2949 2
2288 2993 9
379 5698 1
642 3998 10
2670 4249 3
1571 5143 2
1506 2810 10
1314 6050 3
1425 6534 7
2807 5951 2
3489 4820 10
2363 5649 8
1144 3393 9
3401 6802 10
74 6942 1
2940 4255 4
1527 3444 2
2123 3545 10
4280 5066 9
6472 6482 8
3788 4528 3
1511 6001 10
6583 6754 4
586 2879 7
5767 6446 6
2956 5467 2
1206 5491 4
3027 4647 4
5825 6319 4
4902 5578 4
139 666 5
1202 2863 7
1682 5775 8
1818 2839 2
6019 6424 3
998 2460 6
2199 2672 7
4027 6733 3
1504 4243 3
2582 5003 8
1753 2325 6
3724 5174 1
2073 6324 6
5811 6435 9
1333 3540 9
6654 6744 2
2797 6574 3
749 2510 10
203 6702 9
707 5420 6
1981 5309 8
1822 4740 1
792 3265 2
3060 6605 3
537 4924 4
1281 4061 6
2817 6373 5
5209 5384 9
4067 5329 8
671 5434 6
1540 6107 5
247 2625 10
1092 3195 8
2423 4011 3
2150 4093 8
1614 2836 7
1131 2285 3
431 5853 2
1245 5400 5
2324 6725 5
3947 3990 6
916 2171 4
1577 2437 9
1606 6895 2
448 5176 6
113 920 2
45 5654 6
1378 4838 8
204 3014 8
845 5148 6
4882 6993 10
59 1849 4
1372 2012 2
2598 4379 1
2642 4233 6
1023 6128 7
4568 4800 4
3070 5340 3
1036 3859 1
850 4311 5
36 2022 2
3997 5704 1
1601 5543 6
892 5677 8
4348 5696 6
736 5320 1
2936 4233 8
854 4871 8
4483 6191 5
3291 5161 4
2968 3472 3
1591 2846 5
354 3060 9
6083 6771 10
3174 6223 8
1022 5752 8
3444 5399 8
1562 5541 10
497 3599 4
1151 5932 8
368 6155 10
134 3132 10
2216 4600 8
337 2249 7
2174 3243 4
507 4731 6
3111 6470 7
639 5777 4
1764 3551 4
317 1427 4
1680 4737 10
2749 3793 1
1242 1477 2
1249 3337 1
2273 4050 2
1318 5035 1
1653 3657 5
1846 4900 5
170 4689 9
3298 3897 8
2305 6280 9
332 5607 5
2994 6378 9
5596 5834 10
939 3759 1
1028 6483 4
3818 6027 10
1058 2354 2
2505 5239 7
624 2736 2
5584 6934 8
490 1651 10
3874 6909 2
1191 2794 2
3074 4970 2
2767 5012 10
357 5820 3
519 1437 2
1699 2122 4
480 1844 9
4556 5834 6
2867 6883 7
526 997 8
3933 4709 9
25 5158 7
899 2401 10
326 1620 7
2789 5708 9
699 6143 5
3827 4670 7
1193 3658 8
859 2735 8
3978 4371 8
2205 4012 10
20 5672 7
516 5039 4
2252 2889 6
2330 4381 2
1617 3357 8
2342 2650 1
1447 5792 7
4267 4634 2
1148 6419 3
2272 5983 1
731 3525 7
2672 2949 8
1197 4349 6
1002 5731 6
2624 4350 2
2772 4531 6
2890 5801 10
1350 2879 9
2095 3272 9
1271 6294 9
3060 3994 6
2069 6014 2
4538 6934 2
419 6220 10
1381 4764 10
1022 1900 7
1104 1290 6
2885 6216 9
2527 6759 6
3777 6763 5
154 1237 10
4505 5893 9
517 4983 6
1397 2822 6
5145 5640 9
4033 5416 7
1355 6795 4
3144 3971 10
792 5974 2
770 5458 7
3657 5561 7
1965 2973 8
218 1969 3
2560 3725 2
3076 3850 1
1983 5058 8
1434 4143 10
2429 3596 6
1734 3161 7
1905 5760 2
2808 5048 5
2575 3695 10
4048 5017 2
2102 6268 7
1125 3318 1
1870 6871 6
5094 6646 2
190 844 6
3210 3803 7
939 5443 1
154 5603 10
5525 5842 2
1695 6967 5
1151 2243 5
2051 4822 2
3465 5623 3
2208 4059 7
2605 5448 5
3814 4233 3
3506 4288 1
3067 4228 5
1513 2133 7
3037 5555 3
2961 4530 4
351 2539 6
1321 5034 4
2964 6729 8
1850 3166 8
3795 5094 4
1845 2358 3
1379 3368 10
1307 4815 5
988 1003 10
2858 4581 10
2550 6134 5
4487 6776 9
2941 5002 2
694 5921 4
274 5647 3
1165 1796 3
2499 6473 3
6292 6816 2
2470 6227 2
2740 5928 8
2234 3641 2
3607 6613 8
1400 2798 3
2658 5046 6
2366 2784 5
413 6234 10
2894 6427 3
3295 6705 1
1796 2222 7
830 6733 10
1625 6096 10
3319 4246 3
1785 1883 4
3048 3798 5
410 560 9
3700 5523 3
173 3562 6
392 3394 4
198 3574 8
684 6586 4
1898 5933 6
1104 5185 5
963 1061 10
1487 3522 9
483 2024 5
4888 6412 6
3135 4657 8
1083 5398 9
685 2152 8
273 6199 4
3977 6704 10
4476 5206 10
1354 3915 3
620 4074 8
1867 5669 7
1223 5950 6
6743 6848 5
1219 6249 2
2050 6417 5
87 3101 2
422 5303 2
1664 4290 10
2978 4497 4
3315 3820 2
1301 1749 2
4236 6801 7
1774 2780 10
2148 4965 10
2396 4069 6
4449 6777 5
5097 5243 7
318 488 4
227 5339 4
835 2001 1
2032 4932 8
3573 6630 4
2761 5585 7
5052 5887 10
5775 6291 7
3405 4220 10
2547 5392 4
3880 4959 10
3950 4248 7
196 640 1
230 1615 9
268 4930 1
2437 2659 5
1784 3157 10
863 880 1
1368 4714 3
1019 6802 8
982 6248 9
3278 4853 6
377 2989 5
39 1137 1
3528 4224 2
2597 3566 9
2715 3598 5
582 3041 2
660 4728 6
4884 6845 7
1314 6525 4
1792 4401 10
446 6092 9
1948 2360 1
2359 6537 8
1220 2380 3
4375 4386 7
4349 4701 1
394 5083 6
4152 6215 3
43 2565 7
3935 6197 9
3731 4184 1
1879 4232 2
2076 2266 2
657 2936 10
3716 6042 9
2867 4597 1
3635 4845 9
1793 4422 1
1349 6275 4
2896 6576 6
1618 3332 4
1987 4254 3
2158 4749 1
608 1679 10
3277 6253 6
1036 6556 8
4101 4293 10
4794 5935 8
2151 4019 6
1680 4487 9
1199 6853 2
1781 5745 9
1877 5654 6
1682 6320 9
4922 6234 6
177 3765 7
471 479 1
2866 5642 9
485 2012 9
1550 3375 7
317 1514 4
2494 5466 10
5562 6875 9
1437 2224 7
131 2400 7
330 3777 8
1957 2703 6
1419 6714 7
4519 4697 1
909 4074 10
2238 5793 2
2089 2721 6
2365 5294 8
2147 6215 9
2093 5702 10
4987 6358 10
1810 5881 5
3544 6903 4
2466 2870 2
1519 5815 3
2209 5088 5
642 5303 10
1443 1645 4
1414 4722 9
4728 5837 10
1067 4212 4
87 3555 2
166 6901 10
1563 2493 1
33 2869 1
4168 5145 6
628 1561 3
1459 2955 4
2128 4743 1
3691 4552 4
4896 6406 1
403 3582 9
45 2318 2
2350 6947 9
2019 2190 1
1569 4187 3
5066 6876 5
490 3389 1
14 3128 5
3709 4377 6
2403 3152 10
5459 6123 6
2835 4498 4
4845 5175 7
3860 5975 4
3476 5286 9
160 4119 10
2092 5006 2
5751 6475 5
2103 3098 4
3508 5693 5
1130 4947 2
1131 4241 4
4472 6169 8
1695 2809 4
1797 3523 5
3210 5200 3
2398 6014 9
2442 4703 6
558 4640 3
600 866 6
2328 6878 4
1033 6763 1
1713 3992 7
48 1655 10
1077 4784 2
1829 4111 4
1259 4865 9
2430 3157 5
4808 5432 2
5071 5611 7
102 1577 9
14 6327 2
448 2404 2
1733 3879 6
525 2353 5
2004 5453 9
596 1734 2
314 2004 3
4107 4442 9
373 1858 10
2645 3950 3
807 1234 1
6058 6927 9
4274 5230 4
444 636 6
2617 2773 7
5027 5604 8
802 6934 2
1543 1770 7
2022 3736 6
537 5668 8
4088 5088 4
2806 6337 7
2139 3908 3
4391 5557 8
1088 5610 4
50 2901 8
4669 6583 5
2415 2720 2
2311 5026 4
275 5319 5
2754 6500 1
1362 1476 6
2748 4629 5
2906 3387 6
4025 4891 1
1692 6722 7
2765 3174 4
1386 6485 6
2041 3768 8
541 5038 5
5188 5222 10
3322 5105 1
440 3983 4
361 1031 8
2086 4037 6
644 1812 6
1904 6868 2
931 6967 9
6499 6611 2
1115 5991 10
1237 2601 8
1478 3702 8
290 3832 4
1860 6431 4
2138 4804 2
3155 6460 3
677 1765 3
2428 6469 2
2186 5497 3
4393 4557 6
2770 5205 1
3645 6807 6
3988 4142 6
2996 4688 1
992 4943 9
2437 5028 1
1738 5925 2
1503 3232 4
2461 6971 2
3549 3931 9
752 3504 8
962 1176 4
3997 5742 1
1258 2008 10
4784 6636 7
777 1882 8
4352 4389 10
5831 6234 2
3911 6396 6
2788 3128 3
3290 6700 1
921 6828 2
2818 3519 9
1949 2566 3
2794 6229 4
3834 4003 5
3450 3919 10
1447 3654 1
1407 2151 9
1937 2729 4
1211 3934 8
3917 4373 4
932 3038 6
104 3559 7
423 5465 6
2412 5338 9
1577 4308 4
2816 6410 9
1013 5603 7
4287 6698 1
4751 4773 10
9 5598 2
1657 3502 3
2131 4183 1
3205 5327 9
1525 6448 7
1040 5034 7
3944 4231 1
1835 2438 9
86 751 9
702 6350 10
164 4309 6
2862 3986 2
1015 2543 1
1871 6919 6
1556 3407 8
434 2078 7
2680 5218 1
2213 3164 10
1758 3747 8
2349 3296 6
819 6876 10
6384 6832 9
703 6571 9
2605 3945 5
2241 3716 8
2632 5501 4
324 1965 3
828 2516 1
3361 4938 6
1266 5559 4
3198 4362 10
4963 6063 3
5180 5185 1
5146 6582 2
3122 4554 5
4561 7000 5
6643 6903 10
2188 6226 6
1084 2664 1
846 2552 2
286 6018 8
1496 1921 5
3922 5075 3
3933 4487 1
1954 3015 5
3267 3877 6
605 1497 3
567 908 3
851 1928 6
3161 3318 4
247 2795 3
235 4681 4
1280 2297 4
4276 6810 10
1237 3954 5
1714 5265 9
5637 6641 4
4602 5064 8
886 4505 1
1418 6511 2
5046 5070 3
4224 6024 3
3651 4243 6
1079 1471 5
726 3953 5
4025 4647 5
824 6502 3
985 4278 8
351 1606 10
1996 4206 9
1549 2744 3
3078 3529 5
430 557 1
977 1921 8
2434 4197 3
5683 6521 4
3736 4694 10
1024 4176 8
1295 1603 1
52 2681 6
759 3105 6
1419 4506 6
4006 5174 4
1038 1911 2
447 6882 8
170 3539 3
649 1598 8
459 2248 5
2539 5285 4
1923 6423 9
640 2336 4
2542 6000 3
251 454 1
1735 5717 6
2704 3275 8
3401 4393 5
253 3807 5
3472 5008 1
4438 4772 9
4164 6761 3
494 1112 10
647 1842 9
2182 4313 8
5367 6802 4
462 6271 8
735 5150 3
774 4128 3
291 1269 10
81 5252 9
2687 6718 4
2930 5882 8
3685 5528 10
5422 6372 4
1849 4617 6
4185 4925 7
52 968 8
3047 3513 6
1779 3771 5
978 1319 2
554 3755 1
4128 4976 5
160 1366 10
3059 4301 4
2478 3289 1
961 2238 7
2451 4315 8
822 5160 10
2999 6219 2
2304 5670 6
1177 2685 7
1844 3995 5
2172 5416 3
4779 6067 4
4147 5005 7
451 4394 7
5684 6746 3
146 6271 10
333 4736 6
5508 6165 9
6420 6646 9
709 1154 6
1766 2737 1
1280 3829 10
628 6432 3
1680 2480 1
1868 3211 7
1383 3514 6
491 6371 3
4797 5567 5
2277 6787 5
3246 6288 9
1163 1879 10
1887 2625 8
414 2279 3
2857 5099 6
3754 4810 3
1158 2832 2
1841 6972 7
4436 5133 8
4268 5774 4
778 3825 1
4122 5939 9
1905 4692 7
855 4739 6
3932 5814 3
343 1417 9
1776 4462 6
581 3369 3
172 1079 5
2064 4063 2
2673 6704 4
1163 5900 4
1350 2731 2
1528 5471 10
2600 5325 9
2900 6356 8
2272 5161 7
1176 1626 3
316 857 7
1597 6673 5
408 6614 10
1242 2529 5
218 4732 3
4542 5154 5
131 6335 2
1211 6580 2
2946 3034 6
3626 5180 9
3663 4761 1
407 5802 3
3540 6271 8
1434 6422 7
3438 4646 7
4581 6798 5
3933 5198 5
2364 2838 9
2515 6282 5
1287 5428 1
1888 3945 9
2521 5375 4
2958 4592 8
2772 6498 2
4365 6649 10
1717 2395 1
492 2121 6
1899 4721 1
3201 4763 9
5554 6146 2
1776 2870 3
2353 4013 4
995 6678 10
5311 5345 9
129 3635 5
776 5408 5
3287 4122 10
4953 6328 10
4202 4592 5
2580 4712 1
4739 5246 6
3652 5320 3
5115 5145 10
2022 5076 1
2031 4780 2
4734 6126 8
101 2099 9
1217 1359 10
2458 4505 7
4984 5593 2
120 4854 7
1954 3221 5
4591 6001 6
2953 6628 4
4616 6352 2
4061 5170 10
3841 5080 4
2193 5494 7
468 5960 3
866 3293 8
4842 5119 2
3441 5988 2
3889 5053 10
2676 5421 7
3831 4872 3
2153 3025 2
790 4988 3
438 3369 8
508 2531 2
3464 4485 4
758 2524 6
3305 5821 8
4806 5286 10
145 3541 8
567 3178 10
418 1967 5
884 6822 1
908 2259 4
2351 4179 8
3266 6906 8
1221 6725 2
2898 3368 2
2302 4902 7
619 6904 10
5209 6672 1
455 2236 3
3050 3833 3
2619 4120 10
1355 3948 4
959 2907 7
31 1717 6
3082 3317 3
4063 6000 2
5274 5354 4
1723 6465 9
209 3570 4
2082 3051 1
41 258 8
4031 5167 4
603 1603 8
1746 2630 7
5806 6885 7
1904 3531 7
4807 6779 7
1841 1914 2
1304 4180 1
1076 3540 2
2408 5326 6
5020 6019 10
2346 5149 7
826 4700 6
4955 6333 5
1416 4555 4
1491 2463 2
539 5294 8
2585 6856 10
606 5264 5
4809 5787 6
3865 6059 6
3695 5125 2
1981 2654 6
915 4654 7
601 4918 4
3548 6336 1
4416 4490 6
3348 5278 2
890 1610 9
2716 6777 5
755 4418 10
1844 4323 8
1779 1868 5
3991 4184 3
2156 3063 3
851 6864 1
1269 6437 2
4432 4994 10
1904 5631 4
3590 6226 1
1146 3808 5
674 2430 6
2190 6503 1
4673 6342 10
3880 6023 4
2939 6792 4
578 4219 8
2065 2874 6
2583 3108 9
1566 6571 7
3106 4419 4
4642 6629 9
210 4165 3
3464 6255 8
1910 5045 9
2999 3701 6
910 5654 10
4031 6423 2
192 580 4
4311 5280 2
2850 3335 3
1352 1725 1
343 486 5
2693 5836 2
2096 4534 8
2651 4151 2
3445 5798 7
2616 3917 5
2796 6943 4
6166 6759 1
1663 3594 4
4451 6213 9
899 1498 10
171 6740 9
2688 3585 5
137 4364 6
588 6431 4
2458 3611 9
2498 3486 9
3457 4275 7
2114 2680 6
2767 6276 6
1005 3146 2
307 4762 6
1694 3539 5
5829 6385 10
3490 4990 5
674 1562 9
1173 5092 8
1832 5574 6
123 850 3
164 4974 8
1226 1967 8
3976 4158 6
2662 5320 1
1494 2559 7
3622 4821 4
141 5256 1
3896 4484 3
1469 6637 3
5246 6413 2
1529 6595 2
1703 5447 2
3258 3273 3
2413 3821 6
1771 4865 2
385 5178 2
3682 4423 5
3379 4881 4
1031 1672 4
2140 2288 9
836 1849 3
3659 4990 2
3226 6659 8
2118 4806 1
209 5581 9
4396 4823 10
3735 5409 8
3654 6269 9
150 450 4
818 2535 1
3170 3465 4
1595 5098 4
1782 5245 2
5154 5579 10
914 2107 5
1536 6009 6
3247 6297 8
5253 5777 6
355 984 1
3277 3699 7
1130 2408 5
1711 2532 2
2476 3345 1
1874 2839 8
1236 2760 3
1667 5806 2
593 4693 7
1157 2456 2
4712 6179 6
2923 3196 7
1259 6462 10
911 3681 10
700 4059 7
6543 6862 7
48 2873 7
2510 5774 1
1122 6182 7
1501 2503 5
1791 6783 8
4685 5109 5
421 1636 9
1044 5535 10
398 560 7
4287 6397 1
733 4126 2
892 1073 4
340 2288 6
2636 6431 8
2925 3032 6
2243 5044 9
2248 2745 6
1218 3422 3
4014 6757 3
109 6645 2
611 1504 8
2499 3814 9
364 3644 10
997 5845 1
919 6174 5
2156 2953 3
198 3102 4
1062 2058 6
8 3034 9
1170 3411 6
1873 5488 6
4250 4452 4
643 1987 5
1234 2308 6
3123 4579 3
5910 6232 5
1804 3987 6
1259 1524 6
805 2976 5
179 1468 2
3428 5130 3
408 5322 2
1864 2049 10
1756 4477 10
321 4281 9
1478 6657 2
3913 6704 9
516 1545 10
1071 3650 4
3760 4857 3
495 4705 10
891 5287 3
2417 3675 9
2819 3530 3
5383 6355 7
2417 5067 10
6101 6949 4
6048 6493 5
2219 3233 9
786 3714 9
492 6317 4
2521 4475 3
34 5242 4
2994 4908 1
588 1201 1
1873 2706 4
6455 6686 2
1352 2159 3
262 2422 6
110 6729 10
3815 5279 3
2966 3942 8
3568 5507 6
417 1070 10
689 3156 4
4407 4426 2
333 787 9
3038 4630 1
4333 5433 1
117 5341 1
2274 2440 10
1632 3558 1
3532 4290 9
348 5565 1
1450 3382 5
4668 6658 6
888 6767 2
4024 6473 5
544 4436 2
2425 5001 10
4364 6173 2
1808 4036 8
1665 6799 5
1995 5776 4
4528 6671 8
1801 6210 1
4033 6899 9
2311 2533 5
24 3439 4
4985 5888 2
2284 2310 9
446 4807 1
1739 6953 10
4164 6808 7
1032 1111 10
267 5448 6
7 3450 7
3215 3798 7
2404 4177 2
2743 3410 5
3554 5929 8
4237 4455 3
81 771 4
2296 4142 3
2854 5697 10
3177 6671 5
3715 4532 3
5002 6851 10
320 1593 6
1659 6572 1
1841 3554 2
5839 5857 1
59 4138 8
1712 2120 6
2679 2993 10
2600 5651 7
282 5848 5
1529 2766 1
4232 5125 7
3240 6647 5
378 3736 1
793 1145 9
1638 5296 10
2938 6709 5
177 6237 1
4553 5076 8
873 3014 6
3858 5353 5
1582 5176 3
1276 4132 2
3372 5425 4
2753 5299 4
1939 3602 4
36 1120 9
2208 4842 9
1474 3796 7
5973 6499 4
1858 6246 2
1014 1597 9
3201 5320 5
345 4534 4
617 2840 3
126 6661 9
639 974 8
231 517 2
917 5724 7
464 1274 3
1165 5348 7
3858 5761 4
1701 5867 10
2712 3527 1
627 6200 5
850 4210 1
1411 5985 5
1131 1625 8
6496 6577 6
3209 4186 3
4851 4914 6
2145 6113 1
2105 6936 3
2844 5504 1
1183 4875 1
2326 4108 5
936 4351 6
638 4567 5
3094 6687 2
3517 4679 3
724 1846 8
2798 6479 3
2285 2804 4
2777 2780 7
3614 6286 10
4458 6526 10
659 4746 9
491 4374 3
885 2530 4
767 1637 7
1896 6498 1
2681 3981 10
4462 4644 7
2260 4615 1
3408 3481 5
2287 2654 1
4182 6039 7
2867 6722 10
5024 5607 9
2132 6043 7
1626 3937 1
2833 6741 5
55 5574 1
110 3745 3
1427 3889 9
2902 3029 6
270 6056 1
2224 4753 10
664 6899 5
5781 6522 1
896 1524 9
2196 4070 4
6147 6660 4
606 4194 5
65 6976 6
3790 4151 5
3601 6288 7
717 4115 10
1983 6772 10
853 5650 2
13 548 8
2360 3479 2
2366 3129 2
285 2367 6
3658 5721 7
464 2382 8
1478 5986 8
331 2765 3
222 5379 8
463 3701 8
2169 3391 7
3970 5966 1
2861 3763 7
3153 4503 9
738 4954 7
2374 4085 6
970 1196 9
2921 3362 5
600 3493 4
1975 3147 6
1127 4327 10
2348 5378 6
4742 6584 7
3144 5903 3
1230 6641 8
1807 2944 4
3545 6070 1
238 4717 2
2690 2865 2
1731 6796 7
1888 5306 7
3361 6348 9
994 1853 4
2326 3380 7
1551 6510 7
2349 6431 4
1515 2219 5
160 5452 3
2836 3727 4
806 6137 5
719 5417 9
2346 5190 9
5009 6231 5
2326 3673 3
1362 6016 2
1757 5556 3
4792 5566 5
1499 1502 7
2364 6001 6
3657 6748 10
1495 3081 6
2834 3340 3
527 5427 6
1660 4692 10
218 5572 8
1427 5803 7
1574 5026 9
5422 5573 2
1519 2518 2
3085 3779 4
1289 6856 4
2081 4462 9
4772 6206 6
1956 6841 10
1934 6862 3
4034 5621 4
902 6273 10
1787 5868 9
2368 2919 3
2001 6548 10
2396 6096 7
228 5711 10
350 5754 8
1424 3866 10
3080 6751 8
1017 4221 6
447 5985 3
1857 6889 5
2192 2543 10
1315 3699 9
1068 6343 1
2636 4492 3
1769 4252 7
6164 6184 5
1095 6214 4
2506 3011 5
2368 6532 2
1567 3394 4
570 4218 3
2549 3681 8
4489 5376 7
1175 5972 5
181 3446 10
1066 1971 4
5859 6071 8
851 3978 6
2150 3495 5
2298 3562 7
821 2966 2
4592 4741 9
847 1033 6
4882 6448 10
117 4076 1
1382 5158 9
2311 4964 9
1057 6408 3
4301 4992 2
1738 2160 8
4202 5680 8
884 1030 10
1515 4616 6
1677 3039 6
2971 5779 9
2802 4707 1
3102 4216 4
2074 6698 3
4403 5780 7
2879 3743 2
5642 6274 8
492 2198 7
364 5045 2
1446 3463 4
5655 6342 1
947 6410 2
448 936 2
2400 6371 5
1853 2590 9
3187 3449 2
2602 3684 6
5471 6861 5
3685 4734 1
1352 5125 10
1866 2902 9
2235 3079 7
1700 1711 3
1718 6538 6
1060 6075 3
4691 4706 6
561 5593 10
1583 5326 9
1747 3492 2
4051 6719 4
1290 3501 4
2804 4662 7
1447 6568 7
2047 3316 4
1330 1590 3
960 1992 6
131 3832 7
3400 6961 1
876 2423 9
2241 2534 3
1792 5671 7
1792 6922 1
3936 5422 10
1808 4149 6
2321 4505 10
2198 5226 5
2625 4157 8
552 6021 4
189 671 7
2252 5977 8
3321 5373 4
2701 4729 7
4458 5007 7
1414 5512 3
2597 6324 8
2692 3909 10
2978 5147 9
3386 6796 8
786 1259 6
529 1277 8
4552 5880 7
360 2200 3
3030 4197 2
279 3186 5
2247 6079 5
1153 4417 4
2371 5947 10
1769 4228 2
3482 4964 5
6934 6955 8
1729 3485 9
1496 6528 10
5913 6152 10
3385 3772 1
3816 6936 10
919 2172 8
759 3480 9
4729 5548 6
663 3809 5
2966 6559 9
1265 4199 7
1695 3079 8
1766 4501 1
950 6661 5
5557 5805 3
1267 4850 1
3223 4686 4
1 1301 8
3843 6489 9
3022 4887 4
106 5829 2
1305 1964 8
5407 6006 7
497 3798 4
1967 6553 2
3366 6993 2
1845 4142 8
2306 2394 2
6925 6946 7
2095 3141 2
864 3592 4
2865 3786 8
3158 3633 7
1780 6305 3
5489 6090 8
3152 6284 8
4467 6844 3
2119 2625 5
4429 4507 3
773 5523 6
1488 3197 10
6018 6813 7
3147 4926 1
2714 2776 4
189 5478 6
2696 6489 4
3012 3630 5
843 2756 1
4589 6233 8
1933 5835 8
2056 5582 2
842 6120 5
4673 5921 8
4556 6567 8
1569 1982 4
828 6145 6
1856 6999 4
2476 4930 5
607 1646 8
3069 5080 2
2728 5010 8
3541 3992 3
1397 4070 5
4833 5024 5
886 1678 3
626 1357 8
416 2912 6
5591 6994 7
3908 6763 7
2233 2346 3
6056 6516 1
1266 6018 7
1830 3555 2
523 2910 9
1725 3036 10
109 3546 4
3464 3526 5
2755 5335 3
3948 5887 1
1616 1924 7
1326 3885 10
2638 6768 8
3488 4314 6
6466 6786 7
365 1756 4
1821 3747 2
2628 3304 3
2314 5575 1
6758 6760 5
4667 5571 2
4158 6176 9
2397 6452 10
5524 5660 5
1417 1553 7
2764 3906 1
2204 4271 8
2761 5645 5
836 4122 10
5864 6951 1
862 6997 10
2825 4347 6
4336 4764 10
1940 5962 1
118 681 7
2332 4779 5
2882 4304 8
314 2324 4
2511 2726 9
5103 5261 1
3046 6200 5
622 3173 10
2909 4569 2
1309 3425 6
1456 4456 7
1500 3571 6
1356 4559 4
3416 5544 2
2526 3492 7
4476 5353 6
3785 6549 5
5175 6119 9
1294 4640 2
4706 6450 4
2400 3014 3
2672 5603 2
2104 4432 5
4070 6370 1
633 3598 7
1012 1673 3
3363 6421 6
1099 6396 2
4863 6716 9
1434 4455 10
4059 6201 7
1169 4849 1
2419 3438 5
1780 4186 8
2982 4110 10
945 6432 5
1607 4966 4
3017 4308 10
724 3920 8
417 3307 6
1835 2031 2
3509 5568 8
3016 4271 2
2422 5457 2
1038 1810 6
4053 6833 6
2528 6595 8
1545 2921 7
968 4154 4
1431 4480 5
1972 6442 4
899 5934 8
320 2436 10
409 4301 10
367 5931 4
1283 6895 8
1401 1751 6
4617 6559 3
527 5929 2
1480 2833 3
2679 5841 9
2320 5444 4
480 5370 9
4677 6830 3
4449 6090 2
4677 5784 5
3620 4907 4
26 1578 6
2144 3079 8
331 5342 4
1011 5713 3
3061 6015 10
4608 6386 6
1866 2398 8
4758 6452 6
4518 6626 1
3329 6448 3
3347 4452 5
3378 6063 8
4095 6869 4
565 4662 1
1578 2711 1
1115 4776 2
3285 5598 7
3243 6188 4
1474 6548 1
2356 2506 2
1077 5220 6
1190 6291 10
1007 5837 1
529 4921 5
4358 5439 5
1412 4520 1
2520 2636 6
779 5246 2
1009 5614 5
2923 4182 1
881 5754 4
3515 6946 3
4193 5599 8
4366 5381 10
1747 5321 10
1657 3777 1
2042 3080 8
2688 4406 9
131 406 5
64 6621 10
2843 5378 10
2419 4159 1
3641 5873 2
4505 5104 8
2121 6320 4
2144 2430 3
5239 5740 8
1125 3195 9
316 6652 8
2186 2199 6
604 6086 8
1850 6280 9
4423 6771 7
1275 2911 9
2074 4600 3
460 5596 2
3329 4082 4
958 3163 2
23 5921 6
3356 4205 9
1061 1287 2
1196 3474 2
2151 6239 9
4435 5324 10
2526 4811 8
2832 3471 3
3787 6974 8
1212 2304 3
1379 1832 1
2825 5261 10
878 1732 4
1012 2562 1
492 6952 9
1440 5627 2
1016 2858 3
1284 1677 4
3965 4475 2
4797 5295 9
1191 3651 3
557 5746 1
447 3495 6
2543 3261 8
1081 4693 7
1414 4550 5
989 1578 10
2071 6949 3
1787 6655 7
3399 4882 10
1577 4487 8
1264 1418 10
1869 2036 1
1819 2193 6
3342 5660 7
1871 2042 1
2558 3818 1
71 2609 4
962 2701 7
866 1410 10
2284 3973 8
273 3636 6
3693 5013 1
953 4118 5
2647 4094 8
3799 4500 9
4860 4862 10
722 4838 8
1251 4757 7
1808 6277 4
2677 3925 3
92 4147 9
1991 4307 7
1326 5854 5
3424 3688 9
3627 6211 2
1857 4810 10
1094 6411 5
491 2353 10
3558 5898 6
2945 5724 6
1922 5403 9
28 1057 8
633 1877 1
361 1118 7
1396 2425 3
493 2581 1
1457 3176 1
108 5941 9
2372 3546 6
5750 6299 9
3973 5874 7
1668 5060 2
65 447 1
2304 3167 3
2061 6339 7
312 2005 6
250 2344 10
2241 4432 3
3382 6369 4
1170 5736 6
919 5191 7
2456 3933 2
1861 3676 4
5760 6584 4
194 2991 6
942 2175 10
131 2877 8
4751 6650 7
2101 2696 9
2052 2346 8
1428 4528 4
2162 4586 6
2508 6487 6
4947 5967 1
4620 6178 7
2835 3679 1
1726 3308 6
3842 4162 1
502 5729 8
4715 6861 7
741 3734 6
4381 6577 6
3058 4976 6
5638 6355 10
2162 4593 1
301 5556 8
2148 4272 5
950 4480 10
343 6764 6
1541 2859 7
1973 5286 9
4040 5626 4
5540 6767 3
2278 4708 1
2440 5518 6
3928 6549 8
4188 6198 1
890 3356 1
935 6817 7
2729 5007 10
3286 4212 10
592 1734 5
1525 5686 2
1584 4981 3
2829 3950 10
472 542 10
595 2597 1
4919 5435 10
1738 3409 2
2458 2654 3
3201 3289 10
390 3537 9
1716 6851 3
5777 6031 3
4408 5435 6
5920 6442 10
2959 4558 8
2122 4353 3
2487 3050 7
1636 6735 8
2049 6813 6
58 4365 4
150 6147 7
4509 6512 8
1049 5044 2
2186 5270 5
6833 6873 9
2458 2607 7
2245 2599 4
4828 6983 6
152 1728 5
2667 4941 7
80 1094 8
1169 6970 4
3583 6155 6
307 575 3
4519 6951 1
2126 2373 2
700 707 9
5758 6529 10
1270 6227 2
2621 4425 6
2161 5402 6
1438 2431 3
1737 4512 10
3294 6671 5
1638 4639 2
1241 2316 4
90 735 7
1417 6856 10
256 3287 9
4491 6576 10
1159 4637 1
1094 2888 3
844 3999 4
542 4665 10
2005 3486 8
5473 6648 1
3582 4461 6
77 5503 1
3620 4294 2
2481 3524 7
629 1026 2
2415 4034 8
3576 4500 10
2154 3685 8
668 3919 6
3526 5035 6
107 5504 10
2953 5246 7
622 2290 1
692 3636 6
1336 3995 9
4043 5755 6
304 3288 10
417 1552 3
232 1025 7
2254 6031 2
2076 4019 3
513 6279 8
248 2364 6
286 5712 10
809 2093 5
5739 5810 10
3121 3332 7
234 5034 3
2145 6952 5
1315 1705 10
483 1722 3
3391 3628 6
2179 3583 5
3413 6344 2
2366 3042 9
1361 5912 7
303 5798 7
1470 5861 8
2680 6842 1
1 2839 4
5414 6311 3
1006 5493 10
538 2513 6
1921 2283 2
1537 5173 8
2816 6550 8
2130 2911 8
5060 5091 8
1051 3200 10
521 5451 5
1263 1904 7
3706 5800 9
5040 5615 7
4300 4623 1
1157 2964 6
4128 6680 10
790 6210 10
675 2439 8
3225 3830 9
3853 4573 8
1696 1857 4
2088 4888 2
250 5298 9
920 5152 7
1882 2532 10
3160 5815 2
4201 5771 8
1749 6501 1
1944 6828 8
2348 4010 5
4908 6836 1
1607 3209 8
4030 4691 3
123 2340 3
865 2220 9
1029 1916 9
2609 5645 4
227 5862 2
1213 1416 1
3314 3688 10
611 1056 4
2397 6953 7
3477 3528 8
4123 6032 8
4493 5978 10
2879 3498 5
2441 5363 6
1570 2247 1
2953 3793 2
1056 6643 8
1269 1399 4
1367 3185 4
1790 2680 3
3164 4076 8
4603 5675 10
1034 4188 10
3957 5818 4
1834 6804 3
2641 3061 6
1105 5414 4
1118 1395 5
4214 5291 4
4104 6783 1
2309 5776 9
4666 4700 2
4132 4891 6
897 5488 2
5192 5988 4
128 4706 8
5318 5740 8
2164 5376 2
920 1351 3
4024 4545 1
2025 4190 2
2345 4287 7
2120 2287 2
5684 6202 1
96 279 7
3858 6640 2
2795 3292 4
440 3677 7
4017 6021 5
3416 5388 2
1420 2274 2
1736 6893 9
5503 5653 10
1806 3424 4
1946 5652 2
355 3330 10
1228 1800 4
3667 6867 9
117 4498 5
2130 5036 5
1226 5323 10
683 6019 2
2684 4541 8
65 3451 1
436 1109 3
2840 5160 2
400 4616 8
2968 5993 10
407 3224 6
4473 4822 10
1509 3553 6
1780 4360 2
4082 5397 8
5095 6499 1
1697 5927 7
2136 4101 8
267 3979 2
1353 2054 9
2595 3808 5
1114 5664 8
630 6038 3
4340 5242 8
1375 5477 10
2976 4064 2
1185 1684 4
423 3723 5
3412 3869 1
214 1459 4
2377 5080 9
2219 4330 10
3706 6322 4
3875 4919 3
4310 6524 5
3560 6598 10
3758 4699 8
4494 5758 4
482 4556 10
4422 6930 5
2136 3444 2
973 3471 4
3703 4034 7
3728 4903 4
286 3377 10
365 4729 9
2748 6409 7
1877 5165 6
5064 5124 4
3534 3853 3
4303 6350 2
2526 4894 10
2080 3421 6
3160 4833 10
1779 2217 4
4019 5247 2
4458 6288 1
556 1218 9
753 1411 5
3912 4538 4
37 728 10
632 4538 4
2010 3099 2
3700 6574 8
2143 2821 9
1606 2920 1
1927 3881 3
5993 5996 3
2012 2484 8
226 5418 4
69 242 1
3133 4415 7
1236 4948 8
1339 5511 3
3622 4553 7
2519 2604 3
3567 6516 2
4201 6466 6
3558 5741 9
985 2056 5
306 2059 2
836 4124 9
3674 6387 9
546 1952 1
5610 5691 6
512 6201 9
1421 2579 8
946 5550 5
891 6621 8
2790 5106 4
3732 3819 7
3268 3370 6
2371 3967 9
3288 3705 2
1895 5305 3
111 6735 9
1877 2403 7
1209 3576 3
441 2814 6
947 3970 7
1397 5608 9
258 2342 1
2220 3518 2
1807 3491 7
1556 5768 8
4795 4944 9
2508 5735 7
2077 2415 9
970 3077 6
5257 5606 3
651 2172 2
525 6040 3
983 1922 10
2586 4058 6
1385 5885 5
583 4697 10
1202 5241 3
1285 4669 7
2348 4411 1
1153 2673 10
896 5414 8
2365 6864 7
2594 6052 9
2003 5652 2
1361 3273 5
3247 5543 6
3078 3740 4
309 931 8
139 253 10
809 3874 3
1165 4594 4
4318 6720 4
1176 3424 2
793 2683 9
1415 3617 3
2850 5144 10
2575 2640 3
3114 5085 2
1780 5632 2
3354 3479 2
1793 3141 9
190 2017 9
5178 5809 4
4746 6918 6
4523 5525 7
167 4345 5
5529 6656 2
1674 1877 10
330 3956 8
3044 4680 5
862 4219 7
2230 5487 9
322 6321 4
1136 1757 1
2776 6932 6
924 6897 8
1238 6069 9
2271 6696 7
1871 6980 5
1625 3256 6
5416 5645 5
2453 5408 3
2707 3997 8
272 6782 8
3011 4070 10
1774 5923 9
1160 4313 8
5189 5679 5
1288 2275 5
2390 3458 9
2205 5212 8
3726 5733 4
2658 6716 9
4748 5706 2
3568 4740 1
72 4762 9
1845 6071 5
5416 6124 2
586 1386 7
1482 6292 8
1365 4939 8
562 5767 1
2692 4024 10
4081 5394 5
788 5788 9
3711 6753 10
507 5283 8
671 1927 4
485 4714 10
1024 1366 10
199 2091 4
2104 5231 7
1289 2010 7
1997 6329 8
2096 2785 7
1293 5058 1
432 766 10
428 1483 1
3482 4499 8
706 896 3
490 692 9
3930 6129 1
3564 4536 3
2632 3353 5
1506 3447 7
1026 1391 4
2168 2782 1
1859 2623 6
629 1487 7
199 6727 1
1996 6212 8
3159 5022 9
1610 4221 2
2737 6325 1
1328 4124 5
4324 4758 1
3095 5726 8
2001 2119 10
369 843 1
806 6486 9
246 5623 5
779 1511 9
753 3408 8
2265 6515 6
1193 1654 7
741 6961 9
1277 4838 7
1164 3757 1
3763 5432 4
2170 4893 3
1461 6974 2
1491 2454 4
2988 3925 10
1050 5152 6
2204 2663 5
1594 4112 9
142 2526 3
3119 3787 8
702 1168 5
2410 4143 10
3235 4741 7
3167 5162 7
1317 2952 5
3078 3447 4
4320 5156 1
6270 6711 9
15 6855 10
5862 6503 9
2930 6344 6
2024 3930 8
1343 2129 8
2438 3984 2
2196 3096 8
5327 6029 6
2681 3677 5
4620 6452 7
3567 3752 4
4674 5076 10
4519 5048 7
3973 5694 8
2796 4232 3
2717 3140 8
3701 6960 8
178 1153 4
1952 4596 3
2262 4678 10
69 393 2
562 2503 4
1825 5186 4
2668 4821 9
2308 5056 1
2839 6134 8
720 5287 3
571 2199 6
1398 4165 2
3888 4277 3
5235 5708 2
35 2633 6
3256 6939 10
2310 6052 5
1698 5157 5
3294 4138 10
3708 6852 4
434 1683 2
612 6321 6
348 2918 1
1131 2215 1
4688 5450 9
3930 6424 4
3663 6254 1
5197 6998 1
2296 5574 2
206 2799 6
2031 3724 4
1487 5259 9
33 6837 6
830 6233 1
5972 6494 3
3231 3969 5
3831 6277 8
4295 6588 9
3967 6292 3
4457 4609 9
3200 5616 2
4323 5351 10
1951 4244 10
2039 2867 7
2743 5023 10
935 2881 3
3299 5171 3
4240 5675 2
1365 4588 3
1387 3745 8
450 487 4
1254 5856 7
2976 4136 2
4001 5670 4
4892 6874 7
1989 6400 8
2604 3518 3
1663 4115 4
3987 5961 3
1121 5711 7
559 6393 1
2086 6669 4
6323 6892 7
3523 6590 7
1909 4840 7
1732 4653 9
1092 4334 1
1242 5947 4
4969 5362 7
2144 3301 2
925 3152 10
652 3522 1
4456 6770 1
4616 4777 1
20 3592 4
183 1658 4
873 3637 10
343 2824 1
402 1087 7
3199 4959 8
651 743 3
21 5604 4
709 978 5
1764 1788 10
4959 5400 8
3009 5404 5
4534 6826 5
1640 5751 6
4397 5380 5
1099 5266 6
103 6012 8
2218 2892 7
1761 2490 5
1342 4217 8
41 3716 8
689 5834 2
2042 3019 7
1719 5677 4
1007 6528 9
2676 4044 1
355 1948 10
371 4901 4
5621 6470 5
6540 6917 1
61 4501 9
1547 3754 3
4025 5530 9
1563 2294 5
1055 2065 4
1172 4311 10
6256 6637 3
2468 4616 6
2024 2367 5
3590 6752 6
633 4485 6
2295 5824 1
5107 6008 2
3236 3935 8
1244 4532 7
3185 4103 1
3464 6534 2
535 3541 9
593 2319 8
304 2460 7
2403 3075 9
1510 3602 5
526 4829 10
1029 6811 6
1516 5765 5
2410 6285 6
4147 5116 4
352 6687 3
2949 4626 6
1659 2466 7
672 1703 8
1095 5693 5
6409 6847 3
720 1764 3
1896 2890 8
517 1421 4
4920 5377 4
2831 4912 2
1764 3007 2
5423 5997 2
1732 3289 3
4379 5327 7
269 932 5
2433 6250 4
1865 3987 7
1700 6519 8
750 2053 9
2611 3205 1
9 4048 10
1669 3690 1
461 3975 6
1548 3552 6
2956 2998 2
2904 5232 8
5273 5315 5
585 6607 7
241 1853 4
3131 5934 2
751 4091 2
3894 3910 10
1469 4998 2
1777 6244 2
4111 6560 9
2699 5138 7
1661 3527 8
4656 6023 3
331 1797 2
2961 3212 3
2349 5703 5
681 6421 8
1909 6901 9
1313 1686 4
4414 6256 9
1319 2543 6
1010 1727 6
2282 2633 9
4143 4505 2
1481 3301 8
4858 6603 5
2299 3819 4
4327 5044 6
1738 3340 1
2226 6479 7
701 4984 8
589 2090 2
306 3459 7
527 3191 7
1045 2070 6
1471 3255 8
4788 5223 6
572 924 5
3856 4845 9
676 1609 8
1009 1149 5
4054 6288 2
3686 6695 2
594 2485 3
5759 6655 5
3693 4937 6
1261 4722 5
2745 5325 2
468 5209 7
517 6173 9
994 5299 7
2711 4761 3
3811 5864 6
565 1573 9
2299 5990 10
692 1502 9
2477 6557 5
1967 5629 10
833 3235 4
3609 6426 7
2304 3280 10
6435 6593 8
4940 5859 10
1046 4749 6
627 6461 5
2367 3170 4
6162 6478 7
2641 6207 6
248 5973 8
240 3274 1
2597 4926 7
905 1033 2
322 4064 3
2881 6465 4
354 3410 5
2416 3448 2
361 3735 2
2360 4740 5
1291 1304 6
1731 3222 5
1154 4911 4
217 4635 9
117 849 3
2423 3751 7
1688 2734 10
3208 5055 4
1059 4089 7
1457 2166 1
143 2961 4
4062 5915 4
470 778 6
2473 5281 9
2788 6626 6
3060 3954 7
4657 5255 7
91 966 1
889 4792 10
373 3296 6
351 1858 9
1165 1647 3
1941 4931 7
1974 5201 9
992 1406 10
604 1647 5
2810 5069 9
4051 5817 6
823 2306 8
87 3929 5
3194 5197 10
726 4682 4
1371 5734 9
3935 4437 5
2375 6140 10
4112 4615 3
2995 6631 10
1152 3742 9
6264 6378 4
265 2320 5
609 2259 10
4552 5897 8
2729 3807 7
245 1726 7
4232 6203 10
1273 4333 3
2134 3155 5
3381 3884 6
296 4612 3
1816 2078 3
6362 6406 8
44 2847 3
21 5736 7
1191 2549 3
1373 3412 4
361 5159 4
1619 6403 1
1750 4139 6
2859 4763 4
62 6324 10
3909 6354 4
616 839 8
3531 4846 10
135 3285 10
4939 6930 9
996 3219 1
2074 4689 1
1297 5515 5
454 2923 8
3804 6324 5
2902 6848 5
3502 4671 8
3982 5481 1
1171 3851 5
738 3624 3
1279 1892 2
3891 3922 4
1555 6799 2
4818 5598 10
2752 3387 3
831 6401 8
3701 6414 3
1060 6002 6
5728 6618 7
2898 3728 7
206 2831 5
2481 4794 3
4434 4914 4
3442 5449 4
2199 5764 5
530 1092 3
5509 5633 2
955 5023 9
3727 4819 1
2506 3581 3
224 1999 3
1103 6557 6
3829 3918 3
889 3072 3
1969 5625 2
821 6910 1
4532 6752 2
1776 2642 1
475 4617 8
1127 6090 5
4105 4808 3
2234 3100 5
1737 4958 6
5316 6282 4
1775 3821 6
1206 1515 5
1131 1160 6
1442 3691 6
2140 2997 3
3166 6290 9
1968 5434 3
4376 4819 1
2973 3908 3
4745 5627 6
1356 1631 3
4101 4504 4
2046 5148 3
1185 3729 2
3433 6166 10
1905 6755 1
3401 5029 10
4116 4693 3
4142 5363 3
1137 2603 4
2097 2974 3
321 3732 6
1415 5370 5
2839 3392 7
772 912 9
464 2806 4
1089 1847 2
3258 3789 10
6128 6168 6
4537 4619 4
3340 6085 1
6302 6344 4
4564 5047 4
5230 6017 3
1799 3037 3
1591 2139 7
315 1509 8
3233 5335 1
780 1408 2
1289 2887 3
2292 4603 10
5126 5168 10
4391 5134 7
2147 6720 1
3148 5297 1
3680 4886 4
2568 3023 3
5072 6493 10
3507 3716 6
352 2359 4
767 2877 6
3013 4767 8
1122 1618 10
3594 4733 7
1963 2502 7
663 2791 8
2358 3895 9
6546 6567 3
496 2790 9
105 1033 4
1442 5281 7
2725 3455 9
2906 4327 7
5375 5702 2
3003 3055 5
1658 3704 7
1350 2366 10
2664 5514 4
627 6484 9
14 2721 2
2585 5007 9
4017 4061 3
5742 6874 9
2318 3353 3
4292 5056 5
1250 5396 5
1228 5264 7
4794 6955 3
9 1321 6
1918 6064 3
3337 6550 4
84 4901 5
306 1771 9
803 914 5
1467 2446 5
3492 3602 2
1502 2365 4
4707 4982 2
3722 5575 4
2358 6118 3
1288 3504 3
605 4940 9
655 3236 1
2889 5356 5
149 4672 2
55 2827 10
4156 6115 7
1367 1641 10
1035 3064 1
2452 5277 10
363 3787 4
2978 3730 1
78 5719 4
2572 5252 6
3 4415 8
1634 3526 4
4297 5228 3
2694 3857 8
1269 5451 8
1512 4997 7
978 4657 8
2856 2980 2
3034 3795 9
788 3915 2
679 4326 3
314 2813 7
3950 4712 1
519 4332 9
1625 3965 10
2027 2387 7
4254 4312 10
1954 4117 8
6190 6552 5
5615 5745 2
3632 6189 8
2904 5961 10
2285 6620 10
660 1353 8
1886 6950 3
532 2737 9
140 5411 10
1826 3149 9
592 1266 4
2587 6510 9
1538 6622 1
2763 5188 8
3568 5440 8
2986 3902 4
4635 6071 5
5368 6059 3
2409 4571 4
1065 4351 2
257 6524 5
2678 3318 3
2173 6663 9
3216 6532 4
751 911 1
42 3327 8
5551 5739 1
248 3178 7
1015 2119 4
621 1692 2
2414 4590 2
4735 6971 5
2983 5205 3
3128 6103 10
6699 6807 4
1305 4081 2
2243 2435 7
282 5099 7
4163 6489 10
759 3250 7
24 2286 4
3553 5172 5
1292 4200 2
552 2612 7
971 3250 1
862 3998 5
485 6705 6
3171 4592 7
2668 2874 2
191 3784 1
4421 4690 3
14 3057 4
370 2579 7
3038 3532 8
2784 3054 4
5326 5641 10
2730 6641 5
5250 5395 3
1008 2131 5
2097 2860 8
4121 5645 6
3058 5899 6
389 5043 7
880 5341 8
2393 4167 7
3616 5388 8
5229 5361 7
5472 5499 7
1607 2102 4
1742 1805 10
779 6418 8
2979 3868 6
6602 6733 2
3811 4232 8
6334 6363 1
560 6181 8
5761 6900 7
1300 5648 9
4462 4628 7
1590 6455 6
5477 6890 2
149 2938 10
1115 6358 4
937 6877 5
668 6890 2
5658 6490 5
2597 3445 2
3286 4647 10
3418 4777 6
341 3403 8
3902 6481 8
4295 5558 2
3402 4522 5
3182 3797 3
1321 4127 9
1594 3895 10
1832 4843 4
1970 2482 5
604 4918 9
39 182 6
838 2173 8
1658 3445 9
4735 5281 10
630 2035 8
1855 5699 5
670 2066 7
378 3679 5
1281 1497 10
1529 4737 1
1633 5468 5
6044 6768 7
4066 4091 1
2460 2916 10
4033 4330 3
1085 4926 10
2662 5601 7
991 6160 2
2923 6377 1
1643 4388 6
442 3020 7
2339 2795 8
5165 6671 5
558 3618 5
1252 6831 5
2044 4337 3
1001 3779 9
1907 5739 5
2694 4869 1
3395 3402 7
3834 3862 2
3255 5183 3
2540 4372 8
3369 4914 6
1943 2577 1
782 862 4
1008 2669 9
1067 3509 7
756 1577 5
895 5325 2
3152 6412 5
1955 6545 6
2760 5169 3
2077 2213 6
187 5834 10
95 6503 8
3312 4203 3
2946 4714 9
3344 6865 7
2334 2938 5
1833 6482 9
645 1345 4
1040 3826 6
2716 5847 4
6112 6927 8
1989 6134 10
3715 5002 5
1923 6367 8
2683 5419 8
1248 2754 7
6296 6772 1
32 1461 3
1580 1764 4
982 2322 4
4354 6426 9
3817 4009 3
3557 5578 3
3585 6792 4
1661 4240 3
1462 2618 2
392 6922 5
4707 4817 10
3958 4532 1
3955 5551 6
190 264 6
1404 2051 7
1197 3767 10
1655 5324 10
1548 3731 1
3475 6106 8
2993 4714 1
3972 6013 9
2102 3561 9
2134 3497 6
904 3264 5
1462 6076 9
655 1539 4
1314 1816 5
5419 6817 4
1764 2417 6
2396 5159 5
3134 6492 1
1300 3200 3
2057 4027 10
191 6531 7
5678 6869 10
3943 4793 10
5612 6710 6
1448 5644 8
1525 5979 8
2400 3591 9
3191 6771 3
4376 6968 9
3062 3072 9
3287 5694 10
3296 3901 5
4719 6471 8
92 5900 6
2409 3704 1
1660 4179 4
4329 4477 6
693 3071 3
2536 4382 10
18 6874 4
1206 6027 2
3946 4942 5
1027 3559 5
2164 6560 4
516 6273 8
2963 4245 7
1093 1625 9
2390 5277 5
1921 6232 9
5753 6137 10
3573 5629 1
3086 5541 1
3792 6178 2
2305 5972 8
1138 5907 3
5319 6444 5
1326 4575 10
1084 3231 10
1221 2091 8
399 801 4
1247 1832 8
70 198 6
1228 2739 9
2063 4588 1
1381 4860 6
780 2085 7
2955 3190 7
1581 1853 9
1095 3264 5
1386 2104 3
1687 4536 10
1390 4780 7
2301 3925 7
786 2537 4
293 1272 1
1040 6123 4
1319 1388 2
2824 6499 9
1830 6449 9
1263 4832 3
287 4084 4
3543 6661 7
314 6260 9
550 5874 10
1532 4486 1
79 2777 4
334 1853 6
149 5044 1
5566 6962 3
2210 5880 8
15 6787 6
2372 2654 7
2960 6845 3
1438 1979 7
1069 6219 7
3137 3184 7
6454 6648 9
3635 6648 8
1930 2077 9
1479 2392 4
6013 6086 2
2624 5215 8
4490 6373 2
3063 5957 10
3161 5144 1
3498 3857 1
436 6276 6
1168 3342 2
2270 6024 6
1237 3833 2
3053 4760 5
2156 3846 2
794 1891 2
4795 5484 4
2401 6176 1
200 280 5
1771 6962 4
1119 3373 10
1683 4405 2
1048 3156 7
3017 5286 9
467 1202 4
3659 6353 6
1878 3981 10
970 1895 6
679 2029 4
94 1504 2
2611 5819 7
5023 5852 7
3101 4262 7
3090 5384 6
4191 6245 1
4840 4914 2
4264 5519 10
2898 6661 6
3551 5235 2
2002 3331 8
1011 6123 6
2399 3231 10
2365 5763 10
623 3921 6
1003 6547 6
3069 6962 9
1900 3961 4
293 3828 5
57 6673 5
1522 5207 2
6060 6380 2
4168 5027 5
2152 5107 3
2696 3405 5
3486 5379 7
196 6872 6
643 6330 5
1103 4193 5
3621 4123 9
369 1283 9
4225 6950 9
2157 4651 5
3766 4949 1
568 2265 3
4866 5547 3
2475 2800 1
902 1221 8
2262 5077 4
4317 4685 2
847 4175 8
3300 4575 7
1523 2642 10
413 1625 10
4033 4076 8
2501 2673 8
5432 5888 9
2906 6731 8
1373 4600 7
49 551 9
3556 6177 10
1032 6286 3
177 2095 10
2826 6656 3
4039 4317 9
796 1953 1
1959 4643 5
1138 1480 3
5090 6139 6
1091 1671 8
1249 4637 7
1950 2541 4
311 2046 9
1739 2627 9
1964 3210 2
336 6031 10
72 4280 7
2653 6458 9
4149 4477 1
1786 2507 4
1847 1896 6
3380 6009 6
4044 5641 5
298 2622 6
4055 5708 4
666 6152 10
826 4836 6
247 2554 6
724 2955 3
1517 4670 1
1109 1377 1
389 2517 8
1632 3051 5
2439 2507 5
2919 5173 2
539 4307 5
2908 4595 2
662 3962 2
1725 2819 1
3185 6405 6
1411 5887 6
441 1801 7
231 6807 6
1431 1772 7
975 3376 10
815 2631 9
1404 1571 1
584 5987 4
968 2176 1
2406 4179 3
959 3664 7
6555 6740 7
2167 2719 3
2749 3936 9
1929 6235 3
995 2853 8
674 3212 1
3952 5347 9
3999 6987 7
3088 4979 6
389 4000 4
5351 6848 1
904 4076 3
254 3813 9
1103 1361 4
4599 5527 1
3342 3993 8
1685 1773 2
880 4845 6
3096 6366 7
130 2610 10
1004 3202 3
1224 1598 1
1906 6325 2
3013 3412 6
189 252 2
4663 6527 5
1203 3976 2
2806 6406 3
624 6486 9
2817 2903 9
124 6911 5
1022 4900 1
4126 6044 1
1046 6746 10
4615 5151 9
3949 4846 3
1458 6353 2
4043 6890 3
4096 4424 3
2442 4284 1
1031 4073 9
2778 5168 6
3165 3349 2
2720 4557 6
1049 1938 6
400 4743 5
4679 4908 2
3843 5251 5
729 1815 4
3559 6192 3
3860 6586 5
6237 6580 4
4501 6915 10
502 2944 9
6568 6585 10
812 1089 1
628 3200 8
2807 5805 4
1430 4352 6
2027 2738 9
1606 5082 8
1955 2974 7
1105 1237 10
3065 3226 10
956 2603 9
2193 2859 3
1042 2384 9
2633 6000 5
4738 6519 10
4008 4561 1
119 2546 6
573 5680 10
2216 3740 10
3106 4148 3
1859 5023 3
2816 5034 6
1682 6330 2
3755 6596 8
1784 5576 9
22 6094 2
3608 4248 10
2213 2822 5
2908 4301 2
3549 3873 3
3899 4500 5
3411 4743 7
5316 6098 9
1623 1955 4
1793 6419 6
952 4666 1
3442 3870 5
4155 6616 9
1061 2548 3
463 493 5
515 6247 7
2032 2722 8
902 2423 9
47 1317 2
1840 6992 6
3330 3821 3
2416 4979 6
5779 6247 5
326 2433 6
3446 5672 1
745 6605 4
282 6431 1
2998 6203 5
1641 4321 8
3831 5804 10
2078 2211 1
4497 6892 10
550 617 9
3808 4096 9
5700 6974 2
2285 5474 1
2122 6264 4
3446 5411 4
218 4281 7
915 2045 5
501 2484 8
1323 6719 8
162 6916 3
4292 6676 6
400 3916 1
953 3450 6
1755 6564 1
5055 5406 6
1272 4015 2
1226 3402 1
1114 4805 4
1225 3070 10
593 3413 8
2373 2588 2
2708 6468 1
1316 1422 7
42 3550 9
3630 4214 2
1030 1101 6
3652 4859 8
4967 5329 3
761 6120 6
165 1629 2
4555 5744 7
542 5891 3
3531 5432 1
489 2379 4
2089 5085 1
4048 5983 5
4929 6861 9
5271 5331 1
3754 4733 2
310 3293 1
3010 4907 2
1893 4540 3
2620 3011 4
4362 5079 6
470 2349 2
5602 5737 3
473 4512 2
1616 5665 2
1830 5467 3
1136 2412 3
422 6696 9
3349 4741 10
3746 5624 7
1379 5241 9
2726 2835 7
4757 5627 1
67 6821 5
1299 4436 7
1247 5350 2
678 5138 6
3212 5030 1
6092 6320 10
293 3229 1
3119 6358 10
20 4502 10
657 6786 3
1082 1435 5
1781 6273 5
693 3824 4
1898 2155 7
2738 5513 3
1420 6890 7
3719 3735 1
2012 6815 5
4029 5285 9
6825 6923 3
4398 5518 2
3909 6636 3
298 2568 10
980 5038 3
274 629 6
2272 6392 8
643 802 5
264 4628 3
1294 3860 1
1399 2693 5
3848 4518 7
3494 4141 10
2156 3489 10
945 6387 1
5818 6281 6
5436 5904 5
2983 5910 2
1303 4005 7
1619 4308 5
809 4781 3
268 5286 4
1135 4924 7
1547 6067 10
2176 2333 9
1941 2260 7
4979 6837 1
529 3460 1
2168 2671 9
1043 5930 4
4789 4952 4
1116 2974 6
2504 3768 1
3379 4276 5
885 4714 9
2058 2572 5
2942 5421 10
841 3410 7
1299 1819 4
1821 6997 10
1777 2027 4
904 1735 10
1976 4863 9
3482 5952 7
1144 4383 5
3057 3432 10
92 2348 7
251 5415 7
2308 5398 2
3588 5327 1
2506 2522 3
3128 5104 4
2162 4562 7
409 2221 8
2925 3398 6
3205 6063 10
3026 5065 6
3726 4430 5
4462 6273 8
2171 4964 4
1003 1982 7
1878 3006 8
967 1774 2
4030 4230 9
2440 2718 7
1508 6071 10
1625 5325 4
479 5184 7
1623 6451 9
3533 5373 10
1649 6837 10
648 6901 1
1204 5623 7
2284 6366 8
2261 5737 10
3027 4043 6
4737 6505 4
471 6672 4
987 5325 3
4043 4887 10
2043 6497 9
1846 4093 3
1437 5144 7
6394 6482 8
3520 6127 6
1270 3271 8
21 769 3
2328 6647 4
477 6795 7
1405 6408 2
78 1925 7
2120 3832 6
5809 6980 3
1825 5074 8
1026 5801 1
889 4981 8
36 3467 7
3779 4383 7
1875 2089 8
4534 6205 5
2453 4553 8
1334 2321 5
4906 6925 8
603 5482 6
1172 6198 10
3154 5003 4
1997 5891 3
662 6834 8
2349 4187 5
4428 4808 8
1039 5655 2
5760 6523 6
1833 5576 10
1257 5324 2
816 6573 4
3416 6411 8
4659 6804 3
5405 6820 9
598 5133 1
4683 5076 2
2147 4641 5
85 360 4
4840 5994 1
3305 5696 2
2729 6287 2
6167 6940 3
1113 5069 2
2460 5199 2
305 1434 10
4327 5229 2
4549 4574 8
127 4427 7
1440 3070 5
235 1349 9
4638 4997 7
3748 5278 9
1478 4089 6
360 5909 1
2756 4564 9
722 4353 5
643 5619 2
2868 6519 5
1072 6371 9
3266 6612 9
1443 5397 6
362 1936 5
203 395 9
4347 5003 2
95 4445 4
2879 6650 8
4667 4934 1
443 3962 8
1699 3315 2
2795 5135 2
1444 2648 7
4893 4940 1
2232 4309 2
2077 6662 4
510 898 4
4090 5870 1
2474 4856 8
1218 2838 5
4108 6125 10
1666 2202 3
1289 3754 6
1089 2675 3
3947 6381 9
5033 6307 9
268 1927 4
4216 5261 7
3054 6460 8
4566 6751 9
3076 3466 8
167 4809 8
88 6118 1
181 4214 5
715 4823 6
5019 6366 7
2081 3221 1
108 1824 10
764 4658 7
19 124 9
57 5752 2
1081 2375 3
2635 4725 8
1276 6394 9
364 2231 2
1078 6914 8
2357 4213 6
499 1209 3
1888 6007 7
1111 6688 7
861 6519 7
1636 2162 6
5176 6039 4
2905 5296 7
3492 5137 1
2235 5338 6
5231 5832 10
2868 3816 10
533 2601 4
656 1754 9
1887 6762 3
756 1578 8
4018 4883 9
5583 6025 1
1445 6368 1
2987 4053 3
1264 5439 2
981 4141 4
278 1040 7
3508 4081 9
2924 6761 7
3403 4797 3
1062 1190 1
1722 3263 10
626 5246 4
3414 6883 3
1723 4922 1
1244 3612 3
1867 6246 5
4107 6426 2
2053 6095 8
3380 6116 5
4650 5374 4
2544 3519 5
566 1911 5
664 3634 1
2656 3740 2
3547 4056 4
2636 6540 3
1586 5191 4
1404 3356 1
3081 5533 6
2147 3936 5
4352 4879 7
2515 3155 6
2341 4146 1
4804 5480 1
1027 3452 3
472 1935 1
5368 6494 1
370 5508 1
5031 5604 7
347 5589 10
4813 5401 5
2846 6393 6
1988 4371 7
1697 2398 6
180 246 3
62 438 7
5981 6272 4
4022 4562 3
3681 6893 4
1307 5155 1
1778 6887 3
2162 5341 3
16 5330 5
2850 4529 8
581 5923 7
4838 5970 8
1188 3097 2
452 6807 9
3050 5282 10
1908 4413 9
3050 5421 2
1258 2712 5
3779 6787 9
3658 6550 8
1201 1997 9
1500 5852 8
2975 5769 3
5028 5799 3
2502 5367 4
3698 5004 6
1076 2527 10
470 1722 9
3282 4022 1
2713 4324 8
5299 5335 10
3019 5426 1
367 1218 6
2808 3022 7
6643 6672 7
518 6842 10
1689 5487 10
4725 4827 10
491 6658 2
2245 3845 2
1486 2730 5
943 6521 5
4424 4656 5
4284 4310 7
1462 4964 7
3600 6416 6
4597 4990 8
1836 3332 6
1995 3357 2
3233 3338 2
606 2664 6
3994 4520 2
1602 6172 5
3405 5765 8
2712 4305 6
3891 6508 2
212 3337 4
416 6278 8
4102 6688 7
1502 2767 8
2166 4569 4
2918 6247 2
1875 2055 7
270 4404 8
159 5448 8
3837 5959 9
1835 4558 6
1981 2780 4
473 1817 4
1499 1507 9
3413 4900 8
3581 4650 1
1939 2444 2
1532 1698 10
100 5791 6
1328 4559 6
208 5846 9
769 1174 10
2312 5464 1
4370 6084 4
880 2511 5
1917 2725 3
4606 6351 10
4703 5454 3
4258 6828 1
4510 5634 10
3137 6180 6
906 6999 6
2673 3550 2
2406 4071 1
4658 6900 1
1974 2042 10
2802 3183 5
1832 6191 5
841 5823 4
652 1450 10
2508 6031 10
346 6397 2
6188 6480 7
2092 5743 9
2122 6354 9
1646 2101 4
792 4495 3
5213 6122 6
4443 4798 2
1570 5857 8
1384 2105 9
1753 4568 4
1445 6584 1
2328 2624 10
2040 6620 7
1197 2470 3
2440 6268 5
930 6954 9
1095 3908 7
3942 4564 7
2178 3509 4
849 1789 2
695 722 3
2019 6505 7
4790 5496 2
2345 5516 10
3495 3993 10
626 5060 5
2434 5638 6
244 1023 10
48 660 6
804 2581 4
5584 6685 1
2544 5188 4
1049 4503 10
502 2767 2
3420 6324 8
1903 5671 6
4566 4696 10
374 3844 5
4955 6835 3
3101 4124 9
4068 6192 6
1124 3813 5
1278 5546 1
3950 6652 2
85 975 2
2313 3783 9
4238 5793 1
1 721 9
3478 6674 10
4401 4629 9
1443 4757 1
1261 5628 9
1915 3708 6
617 2553 3
5696 6412 5
2306 4066 6
2957 3505 8
290 1512 5
1591 4637 7
3014 4722 8
200 2028 8
1855 4587 4
4732 6402 9
1369 3877 3
1902 2309 9
1988 4100 4
3062 4341 7
28 3441 1
560 6022 9
1529 6967 4
1234 5171 4
4131 4308 10
3674 4135 3
1698 2107 7
2651 5477 4
491 6292 9
3315 4175 9
4313 4817 1
3043 6191 2
2490 4738 2
93 5208 6
198 3039 10
3500 4733 7
2377 6555 10
2625 5302 1
1971 4657 3
5453 5922 5
2283 6904 7
3070 5281 9
1079 2908 8
1638 2654 5
788 1435 10
122 3033 6
1276 6631 1
3462 6311 2
1868 4687 8
6362 6748 2
1774 3807 9
1224 5758 5
4343 4869 3
3441 5824 8
3632 4952 10
1140 2002 2
1695 4517 10
2735 4538 9
1116 4218 10
590 1878 7
2294 4430 2
1294 1694 2
2392 4340 5
972 1590 4
1373 6356 6
1551 6858 1
3706 5329 6
291 1176 9
4257 4418 4
1302 4385 9
3694 4857 3
1753 5459 7
2150 5892 6
376 2412 6
773 2428 2
2378 5103 9
2761 3711 6
1221 4953 4
3435 5167 5
1260 6551 3
2953 3788 8
290 414 4
3607 4603 2
3927 6996 3
655 2034 4
1503 2669 2
2282 3794 5
393 6040 6
3123 3910 4
2817 4501 10
1179 1858 10
1700 3584 8
1204 6713 10
282 1378 1
2742 6991 6
4349 4596 3
617 890 4
3014 3183 7
5358 6245 8
2340 5153 5
64 1992 2
2540 6717 6
4075 6020 10
1226 3664 10
4028 6757 1
2149 4551 7
4747 6992 8
2361 4096 2
806 6605 9
2942 3329 2
2044 3484 3
6203 6740 9
2868 6110 7
611 3830 2
595 3037 9
807 5391 1
2711 3795 7
1803 2038 2
5491 6031 3
1225 6863 4
2892 5753 5
4138 6228 2
2469 4218 8
3721 3904 5
3589 4442 6
1749 5620 9
3243 6985 1
2453 3929 2
1295 2961 5
2266 3109 10
34 1186 4
1186 6094 1
322 3336 6
1209 5468 10
3341 4939 7
768 5219 5
843 3909 3
2615 5392 10
1243 3151 7
3161 6029 10
208 1785 7
23 1863 9
2469 4712 9
2861 3684 3
2989 6334 6
2435 2934 1
1160 4824 4
2260 2744 6
141 4157 3
3972 5987 3
414 702 4
563 1028 8
1313 2897 8
1839 1993 10
3553 4382 6
2152 4834 3
4041 5650 7
2860 3577 10
4400 5787 2
2118 5507 10
1434 2727 8
3157 4333 3
3597 4369 6
1799 2675 8
3658 6130 3
211 6374 6
3335 6366 2
2970 4397 8
2937 5061 4
937 2220 8
825 5078 1
339 2061 5
6028 6787 10
699 6590 4
611 1086 6
2310 4060 1
3220 3333 1
2219 6471 9
847 4744 7
3624 5816 3
2956 4620 1
2318 2728 8
2400 4983 2
1010 1497 4
2187 6188 10
2780 6651 8
1421 6878 1
4306 4630 2
2943 6065 10
53 960 8
597 4012 1
1243 6184 10
2493 5865 6
5863 6909 8
432 1359 2
200 6134 9
1884 5814 5
1092 1524 2
3495 3790 7
4281 4612 1
3789 6672 5
817 5542 5
56 5976 9
2811 5763 9
3589 5307 9
812 2166 1
2319 3229 9
175 1138 10
322 4072 10
108 629 2
1499 3997 3
574 3344 6
2088 2716 10
1061 2019 10
1539 5348 5
3031 6577 2
1624 4116 9
4738 5895 8
3992 5037 7
1752 2738 8
1401 5342 7
337 1138 8
2562 2802 10
2955 4337 6
3365 4266 9
2389 6896 7
4602 6617 1
465 4792 6
2431 3703 4
4034 4357 1
2666 5629 4
1284 1594 6
3013 4622 9
1335 1477 2
3537 5045 1
389 564 10
3317 5725 9
1841 6368 10
1172 5762 8
1439 5975 9
3738 5253 10
2225 3774 9
1600 4330 10
3648 6180 3
1489 4444 2
5266 5368 10
190 4635 5
1284 2995 4
4807 6512 4
1889 4245 9
2638 4910 9
380 6661 3
4078 4531 5
193 765 10
311 3353 3
1900 3430 10
1290 4034 4
3589 5959 5
6579 6988 7
2486 4304 6
1508 2981 1
863 5737 3
1954 4074 3
501 3811 7
2005 2125 6
1531 6018 7
1511 2481 3
1767 3312 10
4186 6757 2
2322 4210 3
1959 4807 8
388 6702 8
366 1145 2
2931 3635 7
4224 6076 7
823 6810 1
2789 4311 5
3050 4155 9
2980 5681 10
2722 3791 2
3567 4589 7
29 5968 9
23 3520 7
2879 4941 4
1910 5198 2
350 3313 9
1099 3647 5
4261 6002 6
3922 5203 1
374 4006 8
204 2520 9
6563 6823 8
810 6296 7
1345 5578 6
302 5887 7
1117 4608 10
4900 4908 6
3107 3182 6
623 5649 3
477 3468 3
42 5731 4
1815 4447 9
3408 4814 3
3805 6095 10
3766 3774 5
2354 6625 5
126 922 6
778 6703 5
1399 3530 10
2813 6309 10
77 656 6
987 1994 10
3597 5803 4
1433 5472 1
1395 4876 6
1036 3775 9
1920 4170 4
1597 4184 1
2383 2572 8
731 3759 10
822 3155 3
2407 4716 9
2669 3317 2
5996 6347 2
3991 5592 6
1212 2515 5
4848 4896 4
6848 6852 5
2356 4362 4
1250 1567 2
6228 7000 9
2549 4836 7
3172 5257 6
2676 5024 2
2112 3164 10
780 5305 7
4385 6459 8
3709 6140 6
6216 6268 4
2198 4689 4
546 2378 3
2319 3618 9
3481 4462 2
3366 6670 6
1866 6130 4
1141 2067 3
3737 5659 2
4725 6041 9
4264 5929 6
319 4409 8
44 927 2
717 1303 2
1174 4372 6
4353 4761 10
829 5315 8
2475 4161 9
1136 6572 6
3258 4562 8
81 1685 4
3746 5772 10
1355 3737 10
741 3934 7
847 1159 4
3189 5256 10
1490 1966 10
4517 5931 6
3068 5709 1
3023 4932 2
3119 4330 7
2114 2658 9
4193 6992 3
2229 4753 10
2198 3184 1
4304 5729 2
335 3430 10
2073 5492 9
4554 6214 10
2501 6143 9
1240 5070 8
3778 3876 5
465 2473 9
2645 4107 7
175 5866 9
2588 4488 6
180 3426 3
1910 3539 1
2525 2571 10
2450 5167 6
469 1745 10
3422 3668 5
968 6158 3
1372 5607 1
880 5538 3
2598 4036 2
3232 5388 10
112 3365 7
209 3674 3
2678 5651 4
5018 6123 7
711 793 6
785 4241 4
4621 4723 7
3838 4762 9
3546 5100 7
1690 3019 3
730 3752 3
1962 4275 10
1179 6493 10
4550 6478 4
1491 4823 2
3576 4005 10
1046 5773 4
3813 4287 7
2377 2949 10
127 3088 7
244 3407 4
2053 5745 1
3569 5717 5
1277 6028 3
2999 6552 5
1443 6275 6
688 2641 5
1028 3542 1
5391 6634 7
1207 1624 8
2164 3128 5
1946 6406 4
2789 6492 7
1204 3261 5
1332 2668 3
1035 6317 3
2688 4180 5
1533 5432 6
1004 4982 5
720 6254 8
819 3172 9
2273 5832 8
464 1421 1
1881 1927 10
1417 1421 2
698 6341 6
4664 6115 6
82 190 9
3168 6043 10
13 5093 2
3364 6085 8
650 1298 6
1004 4716 10
3369 5201 9
7 2235 10
2356 3750 6
1291 2018 6
349 4582 1
2905 3347 8
1435 6438 8
188 949 9
5879 6846 2
270 5202 6
2422 4930 9
4504 4531 9
250 4350 10
3749 6823 1
1036 3462 6
3864 4462 2
2472 2910 1
112 1469 10
32 2166 8
1102 2545 6
1158 3030 9
474 6966 10
1300 4050 8
2447 3240 7
233 1786 1
774 4585 8
1243 5845 1
2775 3225 9
257 1911 7
760 890 1
4428 4763 2
3269 4366 8
2948 5679 6
1372 5858 7
386 1483 8
890 1554 10
4073 5069 7
4682 6484 8
1037 6878 4
1688 4862 4
1109 2029 8
2987 5774 4
610 1963 1
1203 2317 9
1107 1143 2
3555 6362 4
3624 6075 9
5748 6786 7
864 3474 10
543 3992 1
1905 6749 2
5912 6408 6
1909 5311 8
532 3201 10
813 6170 3
865 1352 5
2830 6072 7
1482 3957 6
2866 5900 10
521 2601 9
260 6821 6
2782 4898 3
762 1238 3
1797 5559 10
3912 6942 4
701 1221 6
1239 3593 3
1062 2053 6
650 5246 2
1895 5411 8
1512 6167 1
869 4693 10
2204 2396 5
3091 3714 9
2421 2882 6
1636 3101 8
31 6382 9
1617 5124 4
3719 5691 8
6598 6928 9
1294 2020 4
3732 4820 5
432 1168 4
1398 2227 9
2262 4229 10
1394 4322 1
1520 5267 6
2216 3357 3
22 3251 1
3021 3606 2
1129 6247 2
4031 4769 4
1237 4262 2
931 2657 9
1322 5448 5
1938 2587 2
3760 5637 8
3500 4016 3
1534 2429 6
366 2492 1
4524 4699 3
3178 6093 10
5983 6431 5
660 2271 3
2058 3763 6
3351 5357 7
3814 4887 10
703 1825 4
2397 3790 8
4447 6985 3
2868 6629 4
963 3816 9
3852 5425 10
2389 6172 3
4563 5832 9
4564 6527 9
886 4585 1
1965 4367 3
2339 3374 9
1800 5245 2
266 5474 6
1903 4154 3
1369 1726 1
4999 6027 10
3590 4529 4
1911 4806 3
1124 2333 2
685 1701 9
3140 4677 10
204 2002 9
3268 4676 5
1039 6851 10
1356 3681 3
3595 5754 9
3166 3842 3
404 6306 4
184 5050 8
2834 6036 3
264 5393 3
4518 4587 7
94 2220 10
1611 6607 5
2141 4177 8
621 5689 5
235 3682 1
31 985 5
4913 5749 5
4643 6441 2
647 2706 10
4363 4619 9
261 4790 9
214 3848 5
1803 4757 1
338 4290 5
6235 6433 9
3382 5626 9
806 2392 7
1463 6172 3
830 2066 9
4474 5862 4
3730 6126 8
1408 1536 2
3117 5833 8
37 302 1
676 2292 6
2275 3851 9
1218 3163 9
596 3110 8
6354 6869 7
6140 6312 6
4209 6792 1
1406 4195 5
649 6842 8
776 2769 10
211 5591 2
3551 4105 8
2242 6326 7
3549 3587 9
4640 6490 7
215 2440 4
1906 6840 5
206 226 4
1908 6748 6
2551 4651 9
1815 3891 3
997 6300 10
4358 6814 2
5763 6800 1
164 2241 4
1336 6334 6
4839 6343 8
468 3975 3
2818 2930 9
1596 5917 7
1991 2269 9
3203 4432 2
3981 4691 2
887 1056 8
4742 6351 2
1496 3537 1
1179 1945 6
1212 3929 7
4194 4869 4
2029 5255 3
270 4096 4
987 4402 10
168 349 9
219 1437 7
1512 4080 3
2992 4974 1
133 1308 5
227 265 9
3537 4827 6
1868 5555 7
1274 3854 9
518 763 2
241 4282 3
3671 5017 3
1048 3200 4
5081 5754 6
4348 6133 10
1174 5941 3
753 1135 1
2174 5807 3
2062 5984 5
259 4284 5
1828 4765 3
4664 6692 2
2732 3193 8
246 1525 1
5324 6504 4
2084 6024 3
1764 4655 6
595 6625 4
953 2657 3
2171 3233 7
1328 5161 2
3171 6353 7
254 4346 10
1419 1489 2
274 4770 4
775 5229 8
1007 4675 9
1661 6193 7
3476 5415 1
125 2682 3
3844 3926 10
894 3052 3
6120 6164 10
2923 4086 3
1263 2651 2
924 4133 2
233 3234 10
838 4339 4
3157 6928 1
1710 6022 10
603 873 9
1176 1895 3
2942 6973 1
6462 6921 5
3269 4192 3
2371 5593 2
1594 2467 10
2522 3861 5
1245 3515 4
1840 5832 7
1123 1248 6
2988 5950 2
2295 3538 3
2369 5786 9
883 3059 2
3300 4651 8
442 4191 7
5458 6135 9
451 1841 5
181 2909 4
2279 6061 4
554 1039 6
2092 5594 10
2990 3470 2
419 2351 6
5537 6379 2
1412 1483 7
682 6359 3
4183 5990 1
2591 3813 1
663 3553 3
314 3686 9
1429 6375 10
4406 5814 7
136 4786 1
6407 6649 5
773 1652 4
188 1063 6
3573 4218 9
1922 3857 10
3555 6296 6
1566 3551 1
3190 4570 3
1133 1268 9
896 5537 3
2053 4497 2
3530 4976 8
1442 6838 6
1260 1572 9
4735 6252 1
2912 6686 7
3355 4226 7
4491 6044 2
1192 4834 8
2928 6715 1
68 482 1
5766 6135 7
2198 3930 5
4528 5335 3
1193 6931 1
1338 2932 8
1953 5441 8
2028 4603 1
3896 4921 5
2374 2872 1
1901 3209 8
169 2665 9
1690 3054 8
3146 4759 10
1481 6809 8
500 1230 1
2287 4032 10
971 1848 9
3164 4224 4
2686 2697 10
4831 5908 5
5442 5878 1
240 2795 2
4529 5592 3
2334 5046 1
5599 6537 8
870 2780 10
2535 6216 3
3513 6020 3
1278 4954 6
488 4539 1
3349 5859 5
2218 3173 6
5832 6951 2
4233 4660 3
4242 4423 10
864 5529 7
7 3841 4
3881 6553 5
3156 3486 10
3896 5925 6
4364 5374 7
105 1054 2
1813 1922 1
2570 2924 7
3239 3542 1
546 4878 5
5810 6188 7
216 1579 10
1259 1560 8
1299 4081 8
4924 6797 7
4251 5092 8
2088 5392 6
1692 2775 5
203 5523 3
3185 6933 2
585 2338 9
446 4432 1
1558 2912 1
1380 6384 2
2546 2586 5
2392 4811 1
42 4172 10
3667 4800 6
261 2281 1
5165 5590 7
2859 5787 6
424 5352 3
1339 2910 6
4543 5872 9
4556 6488 8
1427 4443 3
779 6389 1
3472 4764 5
1101 2183 3
1471 1724 5
2680 4901 4
1381 6984 5
1859 4655 6
1480 2431 2
906 6973 2
661 4856 8
1656 4398 10
2299 5147 2
154 389 10
1777 3150 8
5318 5737 8
3625 5106 9
5306 6285 4
494 2699 3
1587 2761 4
624 4378 2
4548 5576 1
140 4390 5
2191 2710 9
1756 6713 4
3156 5568 3
234 3249 5
2459 5564 3
3484 3630 5
1456 1779 3
1157 4522 8
2409 5177 5
1593 2299 1
2403 6972 2
36 475 8
149 4019 8
1597 4280 6
224 5097 6
608 675 8
2264 5040 10
498 4860 10
935 1586 10
4847 5832 8
6180 6354 4
3153 3573 2
3030 5368 10
5367 6424 8
3091 4395 10
3774 5134 3
466 1724 10
3605 6035 5
1354 2887 4
121 3301 4
1384 2200 5
2459 6214 10
1970 3340 10
1425 6280 5
696 6823 5
634 2970 5
6153 6193 8
1827 3795 3
2788 5496 5
1162 1936 10
1353 4307 1
325 2937 2
2504 4705 5
1733 4255 7
2046 3718 8
1478 2414 9
3441 3626 2
2080 5961 4
2174 5352 9
280 2208 3
1734 2947 1
1282 2056 4
2298 2335 9
159 1098 1
4682 6819 9
1095 4865 4
1202 6243 9
799 1325 1
2738 4605 4
3348 3657 7
2671 3618 10
6165 6426 5
1153 1687 4
189 6597 5
1506 4677 3
342 1350 5
3578 3901 8
2830 4309 1
4086 5667 6
3749 5172 3
1061 4681 9
1434 6059 5
3433 6248 8
484 5425 1
4065 6350 5
1574 5418 5
3536 4049 3
3386 5656 8
1633 4844 3
648 2213 1
4779 6446 1
193 3367 6
2757 3405 6
4569 5659 6
1298 6466 1
1126 2120 4
1016 3774 10
145 5001 2
1060 1164 4
4482 6563 6
1535 4789 10
1766 5061 1
2632 4557 2
2902 5346 9
1144 5489 5
1648 4013 6
1929 4607 6
2935 3356 8
3140 6061 3
728 4049 4
1755 2713 4
824 5866 9
2647 3833 7
2616 5688 10
4382 5869 6
5208 6407 5
229 3242 6
2131 2546 3
5172 6657 1
5765 6300 2
1643 6262 3
5069 5591 3
4302 5255 4
4179 5457 9
714 5262 7
717 4478 3
4157 4653 8
517 851 2
2096 5886 1
2098 2512 7
2074 4131 2
4914 6756 6
432 6594 7
2968 3465 6
608 6565 10
684 6878 6
1962 4284 10
2065 6146 8
282 3111 8
3139 3426 8
1150 1810 2
2353 4971 8
3170 5743 6
4265 6120 5
2514 6103 8
2862 5668 4
1637 4811 5
737 4984 2
406 5105 6
906 2151 2
2617 3773 3
2212 5758 3
639 1594 3
2552 2581 5
1126 5970 9
2188 3574 6
4695 5916 5
2636 5459 4
1207 6450 7
918 2345 7
3114 4082 10
1573 4668 4
927 1528 8
4061 6113 1
844 1988 2
163 829 9
68 4208 8
2700 4721 1
486 6238 8
1396 6040 10
787 6672 3
680 987 6
5744 6052 6
587 6432 9
3082 4869 2
1885 4408 8
4404 5502 10
3684 4677 2
884 2814 4
2115 6088 5
2672 2800 10
2295 5535 5
119 6623 8
522 4538 8
2077 2134 7
2218 3367 8
3174 3198 1
425 4162 4
463 2588 2
820 4034 8
51 4328 6
1067 3033 3
1407 4019 6
865 3508 5
323 1898 1
2570 4691 9
2556 3980 9
2913 3511 8
319 3697 9
2723 6054 4
2661 3489 2
3094 4153 8
108 1209 10
2677 3296 3
548 6695 5
2829 4186 1
1769 3631 9
947 6748 1
2586 3918 2
4410 5564 8
537 4839 9
1899 3057 7
711 3683 10
2344 2420 1
2965 5486 1
38 3593 7
3222 4098 8
566 6665 9
1449 6110 4
3036 5180 6
705 3750 4
427 5887 6
408 6126 3
916 4122 9
3006 5225 5
1697 6719 6
4564 5675 10
3799 5524 2
1025 4168 9
2069 2650 6
1879 3220 9
2549 6490 9
567 2677 8
1151 4781 3
2110 5695 2
1007 6074 6
785 5232 9
1416 5960 4
246 5316 2
496 901 6
807 5567 6
430 1885 5
300 742 3
2697 4243 10
1437 2216 9
4126 5483 3
2648 6247 7
299 2673 9
2606 3075 2
2351 6849 5
2619 6774 3
2764 6053 6
2557 3228 4
1342 4885 2
4864 5540 7
3281 5788 7
3187 6551 8
95 3595 1
2050 5842 4
2144 3977 7
4971 6991 6
532 6714 10
3486 5765 9
1750 3161 5
2347 6176 1
3996 6160 2
2415 3303 8
2391 6035 10
3815 4507 3
4376 4860 3
3690 5140 6
2194 2572 5
5998 6615 10
1928 4531 6
554 4563 1
51 6180 1
951 6161 5
488 5763 10
1921 6489 1
172 3210 5
4126 6218 8
4556 5111 6
3006 3036 3
1029 6390 1
4883 6386 1
2582 3598 1
2656 4422 1
3288 5962 10
5417 6026 6
767 5527 4
4026 4783 7
94 5106 8
1959 2251 10
2368 4180 6
766 4335 1
1977 3192 6
4030 5445 4
1820 2933 3
2135 4286 5
1880 5278 4
1006 6207 1
4549 4582 6
552 974 7
2818 4861 3
1256 3657 2
835 3204 4
2423 4444 7
2007 3201 3
127 4173 8
1293 6090 3
1770 2649 1
465 6986 2
252 6522 7
7 1300 2
545 3844 10
5387 5963 10
1685 4944 10
4843 5621 10
1455 2257 8
437 4212 10
206 2929 4
1775 5714 1
481 5866 1
2787 2920 5
1201 4014 7
373 4928 10
390 4140 9
2498 4596 4
258 6578 8
334 2845 4
3607 6094 1
601 2365 2
715 2294 8
4324 5353 4
1373 6113 9
1385 6775 7
3308 4077 1
1469 6399 8
1381 6671 1
982 4052 1
2837 4090 9
3954 6653 10
1118 5434 8
3092 4616 6
769 4278 2
3066 5224 9
3307 5644 5
2153 6335 5
521 4480 7
3551 4492 7
216 2059 9
2803 6101 6
2278 6778 1
1025 2627 7
343 377 6
4218 4999 9
2425 3915 9
3024 4145 3
6533 6967 8
4218 4854 1
1438 5498 1
459 6830 7
738 3867 2
3848 5877 9
4253 4644 2
3569 6541 1
280 1688 1
3185 4640 7
5559 5992 1
4069 5294 6
169 2119 5
5149 6706 9
882 4001 2
1106 1193 8
1286 6364 4
2726 4276 5
4314 6895 6
1197 5160 7
134 1450 9
2200 3576 3
527 2234 1
883 5235 8
1445 2362 1
510 4737 5
4315 6156 3
159 4458 8
1507 2972 8
409 3839 1
301 2997 9
967 1521 9
4459 6408 7
353 2516 3
297 804 8
2149 6865 8
2385 6379 4
3836 5310 4
4128 6716 4
22 873 6
2303 6955 3
2347 2551 1
948 1167 9
1340 4591 8
2845 6449 2
902 2056 10
442 4332 2
3095 6730 10
3640 4249 9
5639 6757 7
1266 2531 10
1625 4229 1
1002 1318 2
3632 4758 6
1407 6526 4
2429 6219 2
2782 6902 6
1498 5701 4
4853 4976 8
1169 3736 4
3934 5275 8
5091 5536 3
1328 4959 7
1568 5090 7
5270 5553 1
2789 5219 5
1209 2563 1
1973 2066 3
552 6217 2
309 2472 10
4690 6850 5
5270 5984 5
265 5021 7
365 1456 4
474 1028 10
1831 1981 7
364 6460 6
2462 3546 8
3795 6758 8
1830 6790 6
2142 2799 4
93 4238 10
4061 4239 7
2283 4601 8
3468 3915 3
1963 5296 2
4345 6219 3
4927 6659 1
1731 5887 5
6135 6680 7
1588 5940 7
3699 4165 1
2951 6415 6
2115 3508 2
835 1321 7
142 6234 3
854 3809 2
1344 4270 10
889 3829 1
1370 6980 10
1619 3233 6
1693 3939 3
4637 6682 6
2076 6562 8
975 2571 3
2752 6351 8
296 4326 4
1767 6169 7
374 3127 9
1751 4365 6
3014 3253 5
3773 4028 4
2153 2269 8
4698 6691 6
4505 6114 2
2062 6178 10
811 6129 2
2749 3705 2
1861 3491 5
2544 5403 7
3255 5329 8
902 6929 6
3545 5376 3
1461 5149 1
5183 6023 3
3642 5940 9
1682 2326 1
1418 6607 3
218 2266 5
686 5508 2
405 4643 2
321 3834 8
3392 5888 7
1326 4746 5
4328 6678 10
2005 6783 6
2183 3920 5
2906 3264 7
503 3533 7
3109 3182 8
3970 6546 5
3698 6768 1
2276 3499 6
4950 6676 10
878 6334 5
2461 2536 7
1978 2171 2
1694 6619 5
5381 6812 3
3964 4923 5
4187 6828 1
119 3316 7
1832 6135 9
1064 4064 4
4775 5536 3
2705 4540 10
1699 3389 10
2232 5368 10
946 3188 8
845 2745 2
2390 5329 3
4779 5383 8
4969 6164 9
1443 3977 4
1898 6287 3
1322 3997 5
2349 2564 7
2827 2919 7
1573 4248 7
748 3609 1
343 3912 6
14 4619 3
1861 4464 2
4544 6843 5
2582 5211 3
2104 4399 8
401 2662 4
4674 5118 10
1695 1770 2
59 1891 4
3533 5375 2
2441 4942 4
1123 2726 8
1286 2069 1
3729 4455 10
710 2019 4
1407 6782 1
330 5303 5
3858 5548 3
231 4077 8
4525 6709 4
1069 5905 8
2001 5901 6
1707 3602 2
825 5467 6
4146 5033 4
1690 6817 6
1641 4626 8
5802 6895 8
1194 5045 7
85 3119 3
434 1942 1
759 4753 8
945 6759 2
5809 6522 6
3197 4458 3
132 1256 8
1364 4771 7
2009 2981 7
2717 4540 6
1153 1478 8
580 1486 1
146 6277 7
3682 4228 9
4949 5299 3
1302 5932 1
627 2126 6
2875 6392 10
2775 6288 2
5397 5537 5
3782 6945 2
3002 3017 9
2809 3694 7
780 2901 2
3267 3567 5
2111 2230 5
2464 6564 3
3 2220 8
213 5534 7
2178 4317 2
573 5535 4
435 2161 9
3361 4658 7
217 2331 8
2161 6367 5
5853 6691 4
1405 4021 1
534 1118 10
4198 4376 6
4475 5046 1
3616 4266 8
2932 3082 8
3558 6032 3
2133 2199 2
2877 4835 10
2758 5820 2
4434 5282 9
969 1160 2
1255 2741 7
1543 3278 5
169 391 9
2183 3351 8
2112 4698 2
131 1824 8
542 3844 1
1402 2574 2
430 1524 2
4976 6826 6
2333 3234 8
625 6944 2
1019 2030 6
3152 5961 10
3805 3901 2
2626 6742 7
984 3923 7
3204 3437 3
858 6347 9
184 1001 9
1442 3404 9
1111 3028 10
131 2725 5
2676 2747 6
2994 6201 9
482 4116 8
2429 4882 6
1332 6542 9
663 3353 5
1162 2947 3
794 4680 10
1985 2332 3
691 5411 4
2000 5776 2
1122 2435 1
71 3807 4
472 2888 7
1658 4292 2
4288 5391 5
2326 5253 6
1997 5275 1
2394 3825 5
1275 6504 2
1949 5811 5
2675 5379 6
1414 6339 1
179 5970 9
119 213 9
987 3322 6
2457 5804 4
278 2051 5
860 5328 9
869 1286 7
2894 5896 4
4397 5061 2
1344 3481 4
3312 3410 2
2423 5268 4
181 1997 6
2807 6079 7
490 5189 5
717 1953 6
1809 6428 3
2396 3751 4
3905 6393 10
2141 3589 7
3215 5675 9
859 2316 6
3865 4480 2
4764 5215 5
175 2020 5
824 3448 5
3261 5565 3
2864 3793 9
3894 5971 7
1649 3988 1
1613 1662 5
3138 3213 1
3039 5396 10
798 6600 10
845 4690 10
125 341 9
1864 3146 7
2095 3546 9
2507 3288 1
1640 2011 3
426 4058 6
4126 4648 10
2268 3321 5
530 2051 9
3088 4975 4
2104 2983 7
66 2315 8
5094 6176 3
1275 1856 9
4046 4441 9
4449 6694 9
3174 5487 5
1168 1636 6
5042 6048 6
3653 5416 5
4275 5656 3
560 3375 4
400 3433 5
2013 5285 6
711 2915 7
3620 4213 7
5331 6932 8
6731 6827 4
4806 5415 1
3629 4425 8
624 4241 8
2142 3252 3
6005 6379 7
535 2170 4
974 3649 9
2025 5678 6
4728 6186 3
83 4515 10
5639 6904 5
4064 6893 5
1974 4261 8
2847 3408 3
244 4713 3
3031 4338 10
884 4944 6
3792 4446 7
1489 2411 1
1297 4771 4
219 6702 7
2186 2618 1
1781 2570 6
1362 3578 3
589 4713 5
15 4603 2
246 3318 9
3331 4835 1
2170 3382 1
1269 4517 2
237 2761 3
1066 4486 5
960 6928 4
361 851 3
1740 2118 2
2426 6213 9
5061 6760 3
725 3937 1
2084 2890 6
2031 5423 9
991 4156 5
1856 5720 5
2698 3538 5
3069 4556 2
4246 4447 6
88 1672 6
323 3879 9
3031 3197 5
2664 5513 7
2014 2877 10
1459 4084 6
475 1296 10
1305 2700 3
3705 5104 8
594 2619 3
437 2265 10
429 3837 6
2431 5719 6
457 4075 3
3350 6897 6
3463 6700 5
133 6969 3
6180 6783 10
1117 5892 2
262 460 2
182 2888 8
4444 5591 8
3176 4803 6
3743 3988 5
1923 6318 1
4538 5524 8
452 6738 10
353 6782 2
2056 4857 7
2679 6196 2
887 2772 9
2101 6879 7
988 5782 8
3028 6559 5
3508 6835 7
298 3690 2
1071 3471 9
1642 5159 10
3620 4199 2
2817 4505 5
165 2064 4
472 3220 1
1710 2652 8
1169 1209 3
1271 3651 7
2047 5049 3
1487 3903 8
2219 5718 2
1896 5428 2
5267 5770 8
632 849 1
3432 4569 10
466 4971 5
3433 5843 10
2273 4032 10
4028 4182 2
1498 5327 3
4118 4434 9
2419 6672 7
596 600 4
37 3558 9
1422 2663 4
1877 5885 1
2219 2740 9
491 3244 6
3541 4565 8
4507 5925 8
4412 6433 4
330 5098 3
3315 6272 1
615 731 7
5269 6081 2
3630 3721 2
1832 3428 8
1014 4556 5
1424 4371 3
190 3479 4
1576 4262 10
3548 6069 3
361 1532 5
74 1194 7
4356 5272 2
2750 2873 6
2800 3048 1
971 2171 2
3138 4618 7
1328 2672 5
963 2997 3
1050 4702 5
3026 3537 10
2104 4633 7
955 5146 5
6261 6527 9
864 6083 4
5767 6670 4
1047 1823 8
303 4910 2
79 4735 8
518 6571 8
1581 6663 4
1271 6935 4
3454 4351 4
4067 6993 1
2238 3317 5
2395 2859 3
2631 4360 5
1279 3261 2
1723 4404 6
2461 4764 2
512 5591 10
72 1073 7
2181 4079 9
799 4742 4
502 867 7
1911 6518 6
2216 5148 9
498 4706 4
1495 4379 1
732 3587 4
1658 6709 4
1035 2201 6
1888 3160 1
1464 1515 3
1096 5896 8
273 5340 1
2604 6001 6
2179 3579 2
2738 3128 8
3484 4842 9
1639 4352 5
675 5028 3
808 4251 1
3214 5734 3
1082 5340 3
4741 5256 5
579 5661 9
2685 4750 6
1351 3059 5
2559 3962 7
6025 6563 6
3168 5900 6
1326 6438 5
11 1426 4
1612 2268 7
2403 4301 2
3782 4941 9
2282 3640 4
330 629 9
2559 4262 4
6384 6480 3
740 884 3
2753 2902 8
6141 6146 4
3145 5270 8
6216 6552 7
4936 6757 6
2625 4517 8
1746 4447 4
360 3771 3
391 6620 9
819 2253 6
578 4869 4
3092 6377 8
839 1463 5
2862 3887 8
5542 6088 6
3913 4856 1
4793 5293 3
1690 2884 2
1805 2306 4
2404 3229 3
1306 1699 6
331 6996 3
3546 4211 6
597 5017 8
5846 5891 3
2654 2847 7
287 1324 10
2462 6303 2
1334 3387 5
289 858 10
1448 2734 5
135 6402 2
200 295 2
2343 6215 9
1483 4883 10
3352 6039 6
6011 6554 1
5485 6915 9
15 595 3
4390 5910 3
956 2019 4
180 2992 2
3355 4695 2
1221 2229 3
4021 5349 3
4658 5465 2
1008 4373 4
243 6609 3
515 937 7
536 5768 10
2313 4595 6
1008 4861 1
2087 6328 3
3194 4728 1
4654 6587 4
3022 4487 2
2523 6203 1
1404 1457 8
1313 3935 4
2614 6272 3
171 710 2
107 481 4
1168 2108 5
806 5982 1
137 1031 8
3394 6803 10
207 6159 6
2807 3131 6
2089 4398 2
2261 2868 1
3783 4494 6
4247 4333 3
1066 4741 4
27 4039 4
3207 4621 9
719 2559 8
2784 4011 1
1581 2951 7
682 1011 4
115 1110 9
446 628 7
2094 4417 6
1008 2372 5
6305 6874 3
249 4683 4
2936 6717 7
1042 2559 6
2528 2921 7
922 1893 8
42 4924 1
2277 4333 7
1960 6128 5
3234 4814 7
1751 6146 9
1735 3458 6
4928 6815 4
3811 4285 1
3375 6386 6
1267 4374 2
4128 4703 1
1314 4098 6
2208 4281 7
2393 4987 7
2297 2318 7
2365 3639 4
2217 6161 6
4791 5381 9
3617 6999 7
2232 4794 2
1779 1846 8
4786 6248 8
2267 3772 1
484 2582 4
37 5926 1
3663 4728 3
2406 2847 2
3489 5601 7
526 864 1
3604 3608 7
2233 2883 1
1187 5130 8
1482 3685 10
2011 4161 4
3842 5998 4
2352 2760 5
4282 5351 1
2286 5792 5
1619 3047 10
503 3798 6
6020 6974 6
2520 4750 10
1125 4109 1
1003 2564 7
397 5891 4
2508 3240 4
2011 6668 1
142 1446 2
168 311 2
965 2540 9
258 6978 10
755 831 5
3142 3518 2
356 5988 4
3127 4717 6
981 5526 7
1951 2036 9
2718 3351 6
1503 6192 6
1872 5213 7
5820 6603 5
534 3781 3
3015 3541 5
406 1234 3
2283 6816 5
1672 4748 7
708 4171 2
371 6938 7
233 2647 3
1719 3823 4
2198 4697 10
5881 5923 1
360 1737 9
834 3242 8
536 2034 10
362 761 7
2671 4097 1
2452 3804 7
463 1174 4
819 2826 5
891 3098 2
2285 4777 8
1144 1482 8
31 397 10
147 4001 5
2287 5825 8
1291 3922 7
728 4520 7
479 3316 2
6115 6522 7
1090 3557 10
2159 5211 4
2378 6666 4
3689 6520 9
890 4918 2
1816 6395 5
1994 3971 5
1515 2204 6
2295 3255 6
3765 3797 10
540 5062 4
1409 5197 5
3094 4302 8
4960 5243 10
846 872 1
1506 4170 4
1858 1971 2
1569 1602 3
1204 2469 8
1568 5098 7
595 2670 7
1060 1161 8
6513 6732 4
516 1654 6
3827 4604 4
2578 5048 1
4679 5989 2
1720 2921 8
1856 5322 2
4633 6580 10
2106 5896 8
2409 6841 6
2353 5238 5
3496 6019 6
4333 6206 10
1975 2999 6
1607 5334 6
1310 2101 8
1553 2201 6
4124 4831 8
4548 4768 6
1562 4035 2
705 2249 5
1199 2909 1
376 3362 2
2794 4143 7
316 4319 4
2707 4311 8
1716 2965 1
483 4128 3
4538 6799 2
1670 6359 10
2862 5605 9
293 1003 9
1479 4030 3
54 4116 4
6274 6655 7
215 5246 10
2156 2362 10
346 4654 3
1140 3378 7
4533 5061 3
5433 6435 7
1867 4739 2
4693 5844 1
1808 2814 7
3523 3860 6
1557 2687 3
2811 4866 8
401 5636 8
2748 6908 6
3029 6796 2
1124 4658 3
1021 3078 4
412 3806 7
162 1068 6
2023 5624 9
287 6399 1
229 2944 4
1765 1804 3
1622 1638 5
82 2074 4
5918 6665 7
1378 1745 3
2364 3826 2
197 2064 5
2608 5980 2
4374 5501 7
1242 5134 2
903 1117 9
345 6240 2
749 4614 9
280 1536 8
1770 2737 4
2874 2888 5
1714 4400 9
2355 6745 8
678 3715 2
4682 6929 9
618 6521 4
3177 5423 10
965 5893 8
1763 4610 3
447 4428 3
4507 6179 8
657 1654 4
3839 4422 2
4051 5979 3
1989 5959 1
968 4210 10
928 4059 6
2247 5751 2
496 2314 9
724 5545 1
65 2121 1
721 1759 10
4492 6088 4
1585 2140 2
1722 4521 6
707 5462 3
1124 1168 6
666 1334 4
67 2876 9
3633 6499 8
943 1123 10
2444 6312 4
461 4935 10
5269 5440 1
2875 6197 5
1296 6916 1
1208 4602 10
1798 3582 5
4186 6140 7
2953 6528 3
926 5796 4
4094 4691 6
4692 5174 2
826 2557 3
1830 5298 7
3411 5377 1
931 1795 8
3386 5666 7
592 3629 3
514 3457 8
1816 4479 5
3476 4010 3
4314 6098 1
4407 6761 1
2548 3642 7
4418 5717 10
1614 6572 9
255 6667 4
3485 6583 2
127 4648 8
5029 5657 9
823 1179 10
299 6064 8
820 1000 2
2200 6305 1
2077 4011 2
826 5914 10
1106 6197 5
2665 4488 1
1994 3612 6
4613 6657 3
1044 1918 1
1394 4453 4
1559 5362 2
3567 6932 2
473 2138 4
654 6705 8
4508 5570 5
1426 3590 9
4204 5584 7
3724 5175 3
2972 4243 5
1105 5062 6
3404 6388 3
4767 6940 8
1989 5483 3
2284 5853 2
2255 6597 8
6155 6695 6
1301 3002 3
5558 5572 5
1821 1975 4
3249 6006 8
726 1400 5
1263 5035 6
952 5297 9
1546 6696 9
2393 2849 9
219 3582 8
1201 2906 9
924 2136 5
996 1293 2
1139 2351 1
3599 6903 10
2036 3432 10
1109 3841 5
3628 4397 9
44 3623 9
603 1068 4
2573 4130 2
3345 5464 4
1480 3835 3
4477 4591 3
5567 5884 9
257 5806 4
929 1082 3
4904 6032 2
38 3941 6
1950 4163 9
809 6570 3
2337 5048 5
2468 5771 10
2998 3007 7
1729 6459 9
3676 5438 1
2312 3174 7
304 3032 5
4432 6845 1
87 394 4
1961 3890 2
184 4032 9
3985 5151 9
4981 6698 3
2759 4599 5
3100 3972 7
483 2425 1
4432 5897 9
4570 5187 7
402 658 7
309 2060 9
1559 4946 2
2794 6731 3
1929 2344 1
1900 2268 4
792 865 2
290 6867 6
4343 5920 10
714 6395 3
700 1287 5
1566 6232 2
2076 4294 9
1676 3688 5
3851 5508 5
2992 3354 9
1045 6279 9
4278 5716 5
2657 4557 10
3584 5013 2
3077 3200 1
2478 2801 10
2819 6455 1
3829 5830 3
136 2910 6
3538 5275 10
459 1876 4
867 3473 7
523 4687 2
1083 5049 1
1235 3123 6
1629 2667 3
1586 2898 3
4239 5971 8
1550 4167 6
1977 3190 9
1126 5946 6
713 6315 10
102 5285 1
2158 2650 1
1193 3727 3
2409 5327 10
313 4083 2
1205 2830 4
1378 2661 3
6349 6714 3
2296 3998 10
2815 6258 7
827 5924 10
2286 2574 1
548 4306 10
4166 6954 10
3303 4418 8
1775 6464 9
3514 6653 6
4333 6374 7
5307 6620 2
1074 1631 3
3303 4238 5
2162 6058 5
737 6156 8
276 2995 2
1122 5848 6
1067 4444 6
1860 3653 3
4145 5383 7
609 4042 7
433 4279 1
1067 4442 5
2191 4527 1
715 5372 5
3458 4016 6
1693 4454 1
1282 2866 3
1264 1923 9
2729 6824 4
1526 1985 10
1293 3888 6
3485 3712 9
2491 5208 5
1593 6463 6
2945 3400 10
2661 3689 8
479 2914 3
3839 6301 10
1768 5055 7
4227 4893 3
1008 5483 5
1572 1787 3
1419 4644 10
5074 6222 7
2386 2586 9
832 2157 4
1335 5765 1
3150 4081 1
203 6205 9
3607 6859 3
361 2440 3
56 4010 3
625 4213 9
492 3661 6
2432 6774 2
1717 2667 4
5932 6214 9
4834 5164 3
2256 4951 6
1271 3296 5
4092 6189 8
5489 6560 3
1371 2890 4
224 2267 9
2739 5381 7
5174 5400 10
1711 4140 8
763 1750 1
4164 4971 4
688 3582 7
2852 6913 7
1426 4154 3
4549 5789 5
3390 4723 8
822 3847 3
2679 6875 5
1610 1797 8
5399 6991 10
1686 1782 1
3557 3676 10
3602 6403 3
2888 4203 4
2494 6409 5
96 4005 5
843 1327 9
1925 4619 1
1950 2553 3
3805 5650 4
4833 6521 1
1447 3199 2
616 3240 6
2895 3253 8
1001 6353 3
812 6913 5
1468 2645 6
5975 6061 8
4687 6377 9
1750 5162 2
4521 5072 2
1076 1139 10
114 3215 1
717 6724 4
2816 6577 10
3984 4930 3
3397 5515 1
2971 3013 6
381 4301 10
1465 3659 9
2333 4480 4
744 2605 8
3977 5688 10
2153 4335 6
2809 5377 8
3277 4477 2
485 1701 10
848 5125 7
278 2433 1
4805 5991 8
1039 1054 4
400 4799 1
915 4655 6
5820 6665 3
784 4401 7
2928 6624 9
3368 6841 2
869 5652 6
89 1704 8
1540 2922 3
245 5954 9
4568 4936 1
978 1820 4
439 3187 9
4571 4699 8
2107 3682 6
739 2331 7
5530 6260 7
2991 3708 2
5835 5854 6
2747 3252 8
2166 5111 2
2149 3511 10
3020 3535 3
809 1257 9
4056 5272 3
3833 5958 9
4045 4272 10
4281 5532 4
2046 5840 5
4402 5045 2
1502 3871 10
960 3038 1
5942 6892 9
1035 1977 5
5684 6808 2
3012 3034 10
1379 6319 4
2382 4559 5
656 1518 3
1939 3947 3
3329 5422 9
1588 4353 4
1291 5137 10
1022 3452 10
1141 5057 10
3111 5020 6
1867 5837 2
1233 5253 2
3907 6891 3
804 5956 9
1096 5177 5
632 4720 7
1757 6215 3
3912 6543 6
1289 1412 9
3939 3989 5
993 4820 9
639 1698 5
5649 6371 10
3519 5464 3
3391 6617 5
2485 5761 4
1293 3032 2
3008 3727 6
223 1666 6
3713 6600 10
1976 5874 9
2816 6263 1
578 919 7
5008 5412 8
2154 5180 9
2253 6755 8
212 5994 7
2419 5461 2
3971 5312 7
3222 6863 9
4858 5255 7
1047 1961 8
2245 2660 6
2521 3748 5
354 2973 7
4685 6811 7
1349 1860 9
4577 5370 3
3941 4801 2
3075 3684 5
3806 5993 9
3396 6582 9
1733 3686 4
2613 4878 8
2063 2064 3
1292 3204 7
1610 6161 9
5477 6344 2
3339 6776 6
1451 6599 1
98 2592 4
1188 3757 7
2424 3969 6
3174 6652 2
525 3743 4
3063 3529 1
99 1357 6
2728 2880 9
2174 3991 6
2728 5723 8
3815 5342 4
1310 3851 4
3755 5140 5
2067 2699 6
2792 5575 7
3253 3258 1
4300 6343 9
289 1466 2
1251 5671 2
1104 1652 10
4465 6694 7
2167 4804 3
1323 3336 2
3131 3648 1
1547 6868 4
697 825 4
337 4749 5
2604 4541 5
1823 2424 9
2690 5803 1
4400 5062 3
480 1966 5
1256 4878 3
4087 6203 2
2067 2300 10
671 1546 2
1744 2157 5
849 1304 1
458 1865 5
738 1779 10
1238 3364 5
3778 4522 3
3039 3821 8
3197 6326 7
3108 4753 4
249 6931 5
337 915 4
525 5909 10
3115 4463 3
565 5658 7
4690 6169 10
131 5675 3
354 537 10
270 4206 6
779 5191 10
4712 4864 1
734 2907 8
1823 2257 4
711 1746 9
186 5527 3
3193 4115 10
4960 6534 4
5235 6965 1
1496 5764 6
2004 3984 2
1802 5075 1
2626 3188 5
3849 6162 9
1860 2990 8
1634 5468 1
1360 5240 10
1534 2401 4
3130 3628 4
97 4281 8
4014 6065 2
634 6355 8
1712 6492 5
454 5252 10
327 1879 6
2399 3783 4
3079 3454 6
2512 5990 1
2237 5806 8
4969 6851 1
393 3324 3
979 4214 4
1149 6293 7
3572 4648 6
1717 6557 8
1717 4543 1
2343 3552 10
2806 4243 9
2070 4323 8
1214 1752 3
5120 5367 9
1 3514 6
6171 6419 7
5327 6285 8
3751 6437 4
1792 5169 6
2417 4724 9
1470 3649 4
2629 4347 2
225 3598 9
2073 6904 8
4457 5167 3
824 2933 6
4158 4208 7
3216 5700 9
2419 3990 3
1805 6953 8
367 4829 4
1815 2195 2
2394 5174 6
2812 6015 8
1521 4293 6
1581 4094 4
1296 3962 9
2097 2803 2
2244 5232 5
617 4210 9
392 2375 5
2278 3893 8
2527 4928 8
1041 2006 6
3444 4986 2
374 2991 9
2038 2262 2
3001 5306 5
4069 6239 9
1663 5931 2
5138 5208 7
4277 4622 2
2422 4302 5
5481 6768 8
2336 4260 3
1572 6367 5
41 466 2
2467 5861 5
4251 5508 10
2817 6203 4
2873 4927 1
337 2356 1
1093 3350 8
1415 2131 5
707 833 9
1737 2938 7
1596 3271 2
4311 5367 9
3548 5636 1
3085 3339 7
490 1992 9
1761 4617 4
1891 6557 1
1775 4225 2
498 4572 5
3698 4684 1
3308 5012 10
1707 2349 10
1340 4122 10
353 1257 1
1513 2647 1
3442 6486 10
1795 6948 2
660 5395 3
2850 5036 2
4880 6132 7
6816 6919 9
2557 2566 1
3219 6034 10
5499 5835 4
1263 2767 10
4226 6492 10
16 6912 7
2061 6219 2
1003 5113 6
3373 3712 7
1571 4879 9
1648 2427 1
4736 5707 7
1024 6183 3
658 3432 5
2296 6518 7
877 2417 9
2730 5150 9
4592 6935 8
6443 6920 2
2844 3407 6
252 826 9
3571 4102 2
556 4716 7
2988 5853 3
753 859 3
1259 6242 1
349 616 3
672 2743 2
2274 4366 7
429 5520 3
1619 1886 6
2659 6821 5
1500 5614 10
184 3438 6
709 2636 10
4505 6533 9
441 6264 3
525 4531 7
102 2804 5
2331 4907 9
961 3570 2
601 1569 10
4510 6421 7
862 2352 8
372 3704 4
2375 6633 2
3796 5258 8
1273 4293 6
775 3238 10
4476 6664 2
1731 4151 1
3734 5618 9
1053 1098 10
1380 2296 8
205 4475 5
183 3622 5
5720 6665 1
1475 4338 4
4176 5331 7
2231 6996 1
3171 6315 2
1950 4681 9
2874 3814 7
806 4255 5
2223 6842 2
1515 3073 7
1552 1559 10
3522 4410 7
2199 6581 9
2895 4465 3
364 6078 3
2998 3059 3
2790 4942 6
1807 5983 2
1731 4366 10
1442 4724 8
799 872 9
1146 3737 9
2021 4523 2
2269 3607 9
4332 4533 3
1421 6380 6
4931 5736 7
964 6592 4
260 4693 9
5293 6130 5
3430 3694 1
1721 2762 2
1424 2521 9
708 1475 10
2970 5263 3
64 2433 2
275 4254 5
2992 4806 5
845 1859 9
2633 3910 2
2062 4400 7
3237 5500 3
6539 6797 8
1931 4232 2
3141 5244 4
2692 5629 8
3033 5982 1
793 1252 8
5919 6112 5
483 5752 10
2456 3466 7
520 6967 7
2702 6007 9
557 3709 2
505 3203 7
3937 5998 9
244 1615 4
4974 5725 5
902 2883 9
741 6299 7
5471 6933 9
3230 4387 4
2296 3878 2
3640 4426 3
954 5851 9
2728 5956 5
3546 6532 1
807 2268 9
3598 6442 7
1757 2469 7
139 2048 8
749 1395 9
1058 3305 9
2827 4202 1
3618 5292 10
30 4066 5
2636 5514 2
64 6570 3
453 2718 2
766 3045 1
4197 6984 3
141 438 1
3657 4200 3
2316 2905 9
2757 5724 4
5316 6538 3
2487 2898 5
4382 5994 1
2814 6103 4
4293 4807 1
2372 5575 10
138 1065 9
2997 5995 6
1700 3944 9
4563 5324 10
2611 3056 8
1711 5867 4
2379 3007 6
26 137 3
3442 5663 2
1221 3335 4
2208 6089 10
1016 5703 1
2936 6973 6
1753 6404 4
399 3472 2
1315 3661 5
644 1288 3
4565 4854 6
903 3700 5
5842 6026 1
1319 3027 8
279 3151 10
4143 5125 8
3554 4366 1
1653 4889 8
2354 3256 10
1609 2181 1
3368 4000 1
290 3543 10
4576 4906 9
870 3406 1
987 3086 4
6195 6830 7
2151 6173 3
2047 4345 4
2706 3262 10
77 4319 8
1890 3993 10
3814 4020 2
2272 5690 3
286 1696 1
1078 5081 7
2811 6578 5
970 5796 6
4749 6479 5
2175 4041 7
1718 4884 2
1115 3771 6
267 1147 5
2378 6762 5
2264 3493 9
2411 5411 10
2002 3957 3
2835 4592 9
804 3913 9
8 5130 7
2574 5697 10
1264 6762 5
1131 3157 6
1011 6978 1
1962 2817 3
952 1134 1
53 2955 9
1699 6782 6
411 2745 2
62 2008 2
1295 5622 3
33 4926 7
3049 4243 6
6110 6222 7
3986 4356 10
2677 4317 9
2671 4559 6
4039 5456 1
3828 4216 10
1833 2336 9
1154 1262 8
3134 3938 10
3461 3627 10
1754 2131 10
3287 6112 7
2152 6748 9
1808 2011 1
3415 5647 10
113 971 2
372 3167 5
458 5618 3
878 3853 4
3048 5720 2
813 5372 5
3520 5041 3
1651 2727 8
4422 5407 6
3331 3941 8
2190 5031 5
1921 3674 5
2164 5045 1
4094 6417 6
651 1155 6
2032 5612 9
1413 5620 10
1970 2694 9
407 3990 3
2989 4666 9
170 875 8
863 2811 10
3952 6458 5
450 4475 1
1902 3526 4
3870 3920 1
1946 3046 8
841 2398 8
1697 6458 4
961 3418 8
19 3584 7
5428 6886 10
628 2105 3
2949 3784 4
3713 4449 4
82 4216 10
1180 4867 7
824 4173 8
4740 6116 1
2917 6084 6
3792 5208 4
2526 5641 4
205 2487 8
2642 4654 5
2192 5920 8
3615 4378 2
2989 6190 6
3711 6957 9
220 1950 4
2104 6429 5
4029 4382 3
2555 3049 7
1045 2731 10
6789 6974 1
2612 5747 1
2792 4394 7
1562 2407 6
572 5831 2
4446 4523 2
3835 4161 5
757 6157 1
4482 6264 2
2961 3534 7
2523 2793 3
269 5109 2
160 6482 10
5535 5725 2
735 1161 4
1455 6149 6
2303 2814 9
3871 5978 3
1980 2116 9
2429 5557 6
696 3621 7
862 3862 4
1607 3194 2
120 4354 4
3975 6763 7
95 6284 5
4490 4904 4
110 2058 2
542 2471 6
1362 4956 6
549 5515 10
129 2635 7
109 4129 1
2018 2811 8
4753 4990 8
1735 2687 6
1340 2625 8
3543 4358 8
5539 6233 8
1728 3091 5
3703 4650 6
3 3332 5
6758 6916 7
3765 3943 6
3702 5610 8
766 6886 6
2257 3196 2
4164 6381 6
4118 5803 2
1280 1919 4
956 3444 6
1054 5504 5
616 4064 10
2739 6106 9
3456 4668 10
1027 1947 6
156 607 5
4606 5208 1
246 5663 7
6322 6775 9
558 6872 9
677 833 9
2979 6847 3
66 5115 2
2955 4883 9
1189 3092 1
1709 4944 10
855 4157 3
3556 4858 3
1900 4596 8
2081 4205 1
1666 3260 4
2944 3096 5
914 4647 4
574 6455 2
5100 6614 10
40 2473 8
3308 4372 2
2586 6039 5
4145 4737 7
681 1288 6
2649 3989 2
611 6214 1
1783 2147 2
385 2088 8
1183 3929 1
4582 6805 8
2778 4730 2
4477 4487 1
4427 4689 1
3090 4314 3
2929 4783 6
1329 2129 6
1693 2287 4
3918 4869 6
1202 4682 2
211 1271 6
2410 2995 8
2717 3591 4
2247 3395 5
855 4085 9
5099 5595 9
826 929 1
2584 4316 10
1677 1922 6
580 6188 4
1979 4914 7
3620 3753 2
4145 5354 4
19 4128 6
1464 6779 3
1092 3920 10
1817 6419 3
3115 6000 9
2785 5530 4
1316 4146 9
157 172 9
3980 4664 8
164 4111 8
4145 4901 8
2670 5823 1
3679 5767 8
1813 3364 2
304 1834 4
64 1799 6
3708 6930 10
6806 6837 6
1294 6508 9
3249 3256 5
394 3558 7
585 620 2
2278 5618 5
2237 6916 3
805 3920 3
3578 5762 10
1215 3869 6
1001 4470 8
2361 2552 1
779 3799 6
893 1071 9
4834 6573 6
40 873 9
4022 4151 3
1311 3924 1
2035 3224 9
5919 6961 9
1209 2405 9
480 874 8
4662 6239 9
5528 6722 10
906 3909 2
1411 3590 10
696 6990 10
5801 6922 5
4635 4688 1
1340 5542 1
6526 6767 4
824 3174 1
2048 3146 5
3758 5088 1
1207 6293 7
4278 4389 1
1800 3374 2
289 2374 8
3553 5593 8
2576 6469 6
1491 5972 10
2928 5966 9
5235 6882 2
166 1248 4
1422 6542 8
359 4392 10
4299 4329 7
1703 6136 5
47 3335 1
2489 5511 6
4263 6888 3
4927 5012 7
978 1127 10
3105 3919 4
4621 6803 7
1507 2061 5
4022 6344 8
2124 5738 8
2705 2821 6
2210 6186 10
1225 5816 5
2389 3737 7
1731 4851 1
1856 5404 1
997 5275 7
1356 6645 3
732 2511 2
689 827 8
5245 5835 8
2473 3269 10
903 6299 1
2273 6134 9
637 6713 9
3965 4766 9
2090 5562 9
984 5231 7
3975 5060 7
2984 4319 1
93 6415 1
2826 2943 8
2102 5535 7
620 2976 5
837 1976 6
918 4377 3
4748 6225 3
197 1224 8
3177 5048 5
2657 3808 9
2518 4033 4
3426 5444 10
1171 3156 10
2712 5727 3
2042 2290 8
2351 3774 6
400 1881 8
2796 5428 5
4664 5453 8
852 2542 10
2176 6751 1
1005 2833 4
4841 5049 2
1602 2780 6
530 3021 3
573 4748 4
1608 3023 3
806 4492 5
3436 6006 3
914 6640 8
2841 6502 10
2364 2735 10
3900 4442 8
11 2838 5
3103 3940 10
3161 6597 5
2299 6269 10
1574 3901 9
1681 2985 10
3381 6638 4
584 6623 6
1448 2882 4
273 2899 8
3422 3610 2
2516 3459 9
926 6362 10
330 2434 5
2466 5656 4
5338 6859 10
5276 6868 3
1546 5919 8
597 3469 9
264 502 5
5169 6950 2
491 1955 7
635 2499 1
589 2790 6
1935 6663 2
346 3857 8
3838 6677 10
3486 5787 7
3010 5887 10
332 906 5
1886 5181 8
2447 3394 9
2309 6441 2
4456 4584 9
683 2916 2
944 4744 2
2264 2269 2
590 4755 1
1072 6753 3
1565 6503 1
6139 6178 1
953 4339 6
3191 4614 4
1042 2574 8
3041 5161 1
218 4327 8
2362 2528 5
2382 5870 8
6 2568 10
1057 2635 8
4217 4750 4
578 5814 3
551 896 4
833 2482 3
436 5865 8
173 2647 8
1136 5826 1
982 1083 5
3027 6349 10
6525 6586 10
1790 6445 9
323 3161 10
791 1417 4
253 2722 8
3180 5725 8
4146 5490 6
359 5247 4
3278 5884 2
1402 5885 8
2514 4381 9
2503 4024 4
2127 3791 9
928 1946 7
4906 6404 7
430 3894 8
2816 4296 2
4989 6219 1
176 4738 9
4031 5928 1
3632 3757 1
2816 5705 10
3345 5628 10
2634 6258 7
490 4133 8
1884 2251 8
202 4271 3
1328 1398 1
502 4997 8
2336 5178 3
1101 2686 8
10 2539 10
1980 2201 9
1304 1553 8
5382 5952 1
1444 2989 3
2011 6347 8
2518 6219 5
1021 4155 4
3395 4016 6
2646 6059 1
2043 4037 8
4297 6246 4
1042 1915 7
4454 5905 5
6052 6619 1
4676 6055 9
2292 4738 6
5889 6623 3
199 819 7
666 3247 1
2396 2765 4
2830 5136 2
950 1644 1
3523 6762 1
3527 6783 4
460 2301 1
3320 3933 3
1846 5616 6
4646 6281 10
1457 2000 8
1146 3424 3
3190 5081 8
185 5901 7
1119 4540 3
1966 5540 5
837 3312 4
2777 5558 10
1835 3797 6
1298 2132 9
759 810 3
799 5992 9
4368 5771 9
5078 5635 7
591 1026 3
4227 5098 9
5195 6905 6
4149 5761 5
856 1771 10
4768 4809 4
5501 6083 8
469 3777 6
560 6428 2
5026 6213 2
1971 6864 5
3147 4476 6
2869 6376 2
889 1414 7
4668 5860 9
1753 2419 3
399 1999 10
660 3676 2
3433 4251 5
58 3154 9
724 2266 6
1042 1671 7
2014 5819 3
4651 6108 6
95 3530 6
2118 4923 9
337 5977 7
3231 5233 3
655 2179 3
3067 4598 7
348 6038 5
3862 5722 10
3701 4076 9
1911 4838 3
2497 2687 5
497 3589 3
233 6869 1
2715 3980 8
789 4723 3
1694 2201 1
4233 5852 1
334 3514 4
170 6319 9
3986 4216 7
618 6880 9
2368 3494 10
4370 5760 4
2917 5333 1
6084 6106 1
3754 5240 2
3766 4590 8
3745 4070 4
481 3272 10
4596 6634 6
1680 2638 4
756 3891 10
380 5645 7
5389 6810 6
1520 6895 4
2944 5136 3
1391 4930 6
1861 2004 1
4729 6210 10
2752 3568 7
2071 3421 3
2088 5868 7
2438 6556 6
1805 4115 2
3534 6366 8
5585 5743 9
89 2879 8
440 586 6
3653 6133 8
3621 5402 9
2884 4565 5
579 3872 2
234 4566 10
1672 4452 1
1901 5595 9
6507 6867 9
1325 5298 9
1856 3996 2
1291 2152 6
696 2284 10
1420 4282 2
3877 4009 1
5007 6837 7
2787 3479 5
1378 6573 10
1162 2600 6
1387 4275 1
214 6295 8
3571 5540 8
2092 2205 6
2353 2969 7
3997 4305 6
1967 2361 4
4301 6823 1
538 1168 6
580 3847 6
1781 4551 5
1155 1336 10
25 3246 10
5839 6394 3
4292 5416 8
1707 3463 10
1153 2960 6
2157 5093 1
3559 6908 7
3347 5021 2
5060 5607 8
4253 5941 1
2452 4596 8
2033 5437 7
3424 5832 4
2982 4620 5
1486 2832 6
1942 5595 1
1567 1826 1
4180 6525 5
2905 3433 10
4531 5598 4
174 1024 7
23 5025 10
33 6964 7
1508 6570 2
2866 5602 1
2355 5554 9
1601 3051 10
56 3677 8
1518 4089 6
4009 6839 1
3820 6691 8
3216 4432 2
147 4156 6
665 5970 6
491 1848 9
963 6414 1
3661 6712 1
1469 1768 5
822 2800 8
3651 3832 9
563 4678 7
1924 2962 8
2256 2363 3
1271 5819 8
3132 6998 2
6 6795 6
5204 6141 4
106 3075 1
1305 2062 2
3956 5855 9
961 1960 5
1920 2852 10
1752 6137 10
270 1178 9
5150 6883 3
3412 5293 9
1093 3709 2
469 5877 9
5245 6692 2
4222 6024 1
761 5786 7
2 5485 8
6710 6944 2
2399 6473 7
2501 3553 4
4335 6242 4
6314 6653 7
1927 4413 6
2224 3378 3
2652 3697 9
145 5879 5
1613 5422 9
5615 6083 3
34 4815 2
4250 5341 8
5096 5997 1
1005 3582 5
4314 6751 5
2917 6018 7
197 5534 2
1864 4557 9
1786 4406 10
747 6330 7
1185 3659 5
220 6097 8
1472 3054 4
5132 5711 6
1868 3646 6
3914 5250 5
487 3327 9
2170 4053 3
3202 3998 5
290 1426 2
4632 5006 4
2819 6724 7
533 3077 9
519 1486 10
1175 1755 8
1897 4550 4
915 2754 8
2359 6467 3
1098 4882 3
1544 5152 4
862 1572 9
6869 6906 5
3181 4367 4
177 4378 6
3796 6909 7
1597 5965 9
3753 6747 1
2936 4335 4
2581 3896 10
526 6564 3
2866 3655 4
1358 5553 2
592 2817 8
563 6921 6
3333 6988 3
19 4371 7
233 6290 10
3729 5152 8
2057 6682 8
769 4349 9
744 2298 9
823 2276 6
546 1348 1
4870 5893 9
1057 3933 3
2083 4737 1
1014 2849 4
790 3183 6
154 1887 2
751 6036 9
1049 4070 7
1467 3068 2
1648 5656 2
862 3763 3
5451 6523 6
5757 6147 9
210 5619 3
856 5925 5
4473 6870 8
1237 4174 5
2053 3027 3
1679 3487 5
516 4177 9
2842 4858 2
1303 2834 7
2167 6708 7
996 6173 2
1451 6516 6
4782 4876 6
4562 5673 7
2473 5365 6
245 5321 9
3789 6342 9
2271 4057 4
3834 4702 3
2109 2661 5
857 5660 10
1404 1479 7
832 1167 4
3401 5207 6
1469 4957 5
1810 3372 4
879 6801 5
3824 4181 5
1153 4955 4
3386 6964 1
3148 3427 2
1072 4295 8
3483 3798 3
857 5230 9
4267 5024 8
5071 6603 9
3701 3953 2
1590 6037 10
3451 4146 5
4033 5959 2
2731 4882 9
457 708 2
1580 6586 2
76 6899 6
3329 3590 7
4885 5267 1
1545 6584 10
1690 3156 3
903 1535 1
4156 5600 6
1485 2727 6
3012 4344 9
887 2184 6
3102 6892 3
2252 4310 3
2817 6630 3
1138 2349 8
1256 4171 8
868 4539 10
146 2224 9
640 5047 9
3624 4919 10
2832 6495 1
2792 2981 5
1003 4946 4
823 1984 2
4336 6770 6
281 4202 2
440 2175 6
6082 6318 3
3867 6085 4
575 4857 8
544 3487 9
2169 3576 2
3668 5501 3
1178 6667 2
1806 4485 1
778 3039 7
6496 6588 2
947 4396 3
1909 4932 6
3297 4155 9
1467 5021 2
671 5673 9
4162 5512 2
2896 3848 3
5725 5739 9
1343 6044 9
527 2953 9
3200 5922 10
3772 4029 7
916 2850 4
2078 3249 8
3611 5834 6
1880 5391 5
130 1396 6
1628 2311 7
1402 2587 1
1982 6251 4
2391 4744 10
1689 4137 1
2041 4092 9
3123 6811 3
762 1474 3
88 1404 9
1731 2692 3
838 1956 7
2660 3222 2
915 4145 4
3497 6637 10
2432 6805 6
8 2162 7
327 2269 7
3087 6819 5
2869 3898 10
301 3595 3
3025 5007 9
3651 5188 1
1255 1660 10
466 6034 3
2475 5419 2
2367 4220 4
3930 5433 4
319 2578 10
1326 4064 8
652 4666 6
5433 6469 4
1403 5420 2
2787 3869 2
3367 6498 4
499 2991 6
168 790 9
1061 3234 2
3725 6933 10
1107 6141 3
5645 5849 7
353 2126 3
1829 5666 3
812 1140 3
1078 6809 6
1771 5194 9
2021 3866 7
604 4746 1
4053 6096 2
3486 4386 8
3617 5711 5
666 1772 9
2339 2704 7
2470 6450 5
1760 4941 6
1161 2487 4
91 5728 7
281 1152 4
44 2282 10
1015 5098 7
3750 5517 3
1887 6028 4
339 6736 1
1127 2655 5
3586 4614 9
5887 6375 3
4807 6811 2
899 1946 10
69 2547 3
4946 6924 4
492 1033 3
797 2632 4
314 4242 9
1454 5232 2
2685 6523 6
2223 4556 10
3488 6346 7
706 6874 5
230 3422 6
3632 5846 7
4726 6340 6
763 3913 6
2607 2802 5
2237 4186 7
631 2449 10
459 3336 1
4984 5028 9
5431 6729 10
3316 4233 5
3903 6040 2
1819 3975 4
655 4182 6
2949 6535 7
2786 6837 6
1435 5913 6
895 1332 10
4949 6350 4
322 3130 7
2281 3105 7
722 4142 3
557 2784 9
2714 4134 1
1648 1826 9
1370 1796 10
3784 5328 3
1205 6371 5
2581 6183 1
296 4644 8
2059 3441 8
6814 6882 8
4571 6546 9
425 5013 6
6243 6867 4
1495 3505 8
4489 5009 8
524 4342 2
4936 5776 5
3561 5464 8
635 4463 4
1437 3504 3
1629 3072 5
929 1185 8
6422 6514 9
2936 3910 8
4457 4498 1
2422 3347 4
1004 2716 4
1830 2419 7
4951 5375 1
253 4118 9
3664 5127 2
4285 5360 2
5316 5616 3
27 1642 2
5590 5600 3
3888 4625 1
1463 5256 2
2889 4710 3
4358 5955 6
2069 2324 9
2438 5022 1
539 4641 7
4863 6130 9
827 5746 2
3452 4824 1
1688 3685 4
1253 4172 5
2273 4468 1
2222 5685 2
2685 6899 4
619 6157 1
2997 6007 7
3419 5358 5
436 1645 4
731 2613 7
109 5336 7
2921 6040 7
1716 5877 6
5227 5269 8
2053 4705 3
2302 6757 7
1225 2081 8
2956 6150 5
182 4022 7
1915 6452 2
3330 6513 10
2699 3151 10
4850 6135 6
564 4177 4
3428 4615 2
4016 4640 5
1316 6008 7
1186 6442 7
4177 5861 5
3324 3854 10
32 6420 6
3799 6092 1
524 3782 7
1365 3839 2
1255 2228 10
814 4387 6
340 717 6
358 1688 1
671 3224 6
789 5973 10
2825 6764 5
4260 6606 10
286 6947 1
5359 5456 8
1268 2909 8
965 3664 5
103 483 4
710 6130 4
2676 5709 9
1142 2181 1
49 5338 10
544 5501 3
1236 3328 3
403 875 3
4598 6021 8
5195 5675 8
869 6238 4
6467 6918 6
3625 4588 8
214 2804 8
1398 2791 2
1480 2270 5
1060 3878 9
1352 1962 10
964 2652 10
3026 4316 10
972 5844 9
531 6239 9
184 6597 9
2553 3539 4
2979 4938 8
631 5434 10
3440 6085 1
2988 3546 8
5351 5451 9
2618 6848 9
849 4197 6
1723 4139 8
39 1286 1
4298 6355 6
4482 6471 2
766 2155 9
4295 6278 9
37 3807 10
3838 5865 6
2879 4443 3
139 6310 3
2525 4848 4
2346 6788 7
1894 6614 5
1676 5855 2
3603 5845 4
971 1497 9
2637 4873 1
2699 3260 5
1887 5428 6
5280 6286 1
1060 2162 7
683 5781 7
1245 1576 5
1101 5528 9
923 3430 7
2394 3509 8
4324 6248 2
753 1400 6
4827 5737 4
2276 6997 10
4599 6767 10
3034 6000 4
3819 4230 7
250 383 8
2178 4035 3
5154 5271 3
3080 6951 6
3226 5901 1
1838 4001 7
5265 5476 9
863 4846 9
4895 6211 1
2798 6819 1
131 5717 4
1839 4377 7
2060 5218 7
132 3169 3
113 6967 9
4269 4941 10
5354 6473 10
55 870 3
3591 6204 3
6291 6729 4
3481 4497 6
4635 5033 8
747 2402 6
4734 5417 1
3092 6584 5
1961 5404 9
1280 2443 10
3947 4713 9
4490 6803 2
2393 4974 1
2727 6924 4
2218 5856 9
769 4618 9
2647 2990 7
116 781 3
663 1138 1
357 822 9
558 6952 6
644 5353 5
5035 6390 10
3981 6162 2
2845 4388 5
5205 6440 3
2383 2808 10
2093 4122 6
1761 6607 1
740 4335 4
2943 3843 8
1847 6377 6
1953 6093 9
3296 6027 2
2935 4857 7
3844 6985 6
3072 5582 10
2824 6680 3
1036 3792 5
3584 5469 1
328 4833 9
1775 5937 10
3374 6567 2
2835 5131 9
2287 4537 5
202 6658 8
4726 5272 6
2568 2965 5
614 4231 7
83 990 5
1181 3085 10
1121 3495 8
2277 2393 1
1906 3102 7
1483 5385 10
5781 6162 1
3504 5758 2
1787 5211 8
3534 5225 1
3096 4069 8
2374 6028 4
3714 5003 3
1827 3834 8
5075 5280 2
2060 4094 6
815 1026 9
135 5714 1
1789 2763 2
758 6773 8
1450 4084 5
3755 5927 6
4048 5633 8
2495 3524 6
1221 6133 9
26 5223 6
5116 5881 4
3141 5123 5
1945 6746 5
4160 4374 2
1616 4621 6
2561 4534 5
2546 3025 5
297 1647 10
3750 4873 1
951 6219 1
1882 5035 5
2935 4760 2
4609 4969 6
5289 5488 4
2149 4679 8
2278 6996 1
483 1622 4
2597 3966 3
1868 6241 3
2461 6752 4
367 3751 7
4989 4992 1
1548 4341 3
5188 6500 7
473 5508 8
5218 6328 8
4784 5207 3
4517 6370 5
2753 3911 2
2068 3262 6
4875 6381 10
4697 6677 5
663 2114 1
1677 3497 3
637 683 4
3698 4719 8
2868 6562 5
346 3863 2
5243 5442 6
3231 4613 9
3769 4605 3
3917 5044 8
2101 5679 6
1683 4223 1
367 4890 7
547 4405 1
1865 2029 8
1869 4401 2
1326 4819 8
165 1414 6
4833 6435 4
2168 2297 9
3793 3983 7
3332 6111 2
3036 3645 6
2727 4030 1
2107 5297 9
180 5407 1
1664 3800 10
3054 3821 3
592 3346 9
2243 5506 1
236 5934 7
3895 6702 1
2200 5099 2
1522 2233 6
246 2589 4
2724 4845 9
579 1755 2
4346 5003 2
3034 5980 1
963 1124 2
2687 4889 5
248 6315 7
3251 4011 2
1660 4706 6
725 3614 3
3219 5009 1
3872 5300 4
2772 5624 8
1457 3631 8
4108 6869 2
1887 2465 6
2730 4198 2
1611 3599 6
1009 2703 7
1951 5090 3
3267 4421 5
776 6629 7
603 1974 10
293 3632 10
424 5377 4
658 3470 6
4862 6712 5
1569 6351 8
2878 5432 3
3370 4104 9
1588 3580 8
1908 2793 7
4824 6268 7
3965 6968 7
6047 6425 10
2886 6259 6
4273 5541 1
402 6289 2
1124 2707 2
5180 5990 8
2620 6124 6
1564 5149 5
4666 5323 8
277 6434 6
4134 5030 9
3159 6636 5
2361 6030 2
3506 6393 2
1110 3494 8
171 3567 4
1568 2503 8
5541 5932 2
3537 4529 2
1712 6614 10
3315 5453 1
3168 4389 7
1458 5004 1
1866 2823 4
375 1060 8
1591 2493 2
5328 5672 9
2103 2479 9
4122 4856 3
1759 5303 9
1858 3953 5
4443 4529 9
4957 6224 8
4580 6615 5
632 6724 5
1336 1607 3
3062 6664 6
199 1025 7
2299 4208 8
2662 6972 9
1523 2288 3
1272 4198 9
135 1527 9
4640 6716 2
684 4336 10
569 4788 9
2925 3751 6
2520 4315 10
3719 4416 3
735 6355 10
3823 5441 10
1006 6035 3
1148 1911 9
30 5585 6
384 1067 9
1609 2693 3
264 5965 3
2461 6310 10
4014 4184 8
607 2449 4
1536 6253 9
2342 4326 7
1144 3358 5
263 3923 8
4349 5758 4
3830 4209 7
704 1056 9
3909 5175 8
191 2513 7
1739 5550 4
2925 6609 7
2503 4007 7
4360 5621 6
2361 6729 2
4883 5119 9
2513 4642 4
1306 4093 2
2246 4535 2
2589 3386 9
1138 6593 4
607 5943 4
2078 3838 6
103 366 8
3450 5499 8
2345 3728 9
3074 6960 10
172 3763 7
1272 4134 9
1187 5306 8
1351 6192 4
4094 4894 1
2631 4296 4
393 1140 6
1530 4583 8
344 3549 1
1934 4209 8
1806 2877 9
178 4905 5
3001 4257 4
3075 5785 3
1096 3069 1
1973 2631 1
2691 6429 7
2490 6324 2
2705 3811 7
288 3226 6
2358 6818 3
1780 3554 9
3292 6341 4
435 936 5
2358 5231 10
2295 6194 6
1545 3063 5
4926 6887 8
4457 4735 9
548 1359 10
1468 2605 10
3315 5335 1
109 816 8
4979 5379 5
523 4417 4
2556 5673 9
3711 5402 7
101 5552 1
2208 6059 3
1728 3625 8
5607 6892 4
266 5954 10
2263 3418 10
3484 4695 8
2619 5871 6
300 1195 9
307 5411 7
2718 5606 3
2107 4279 10
1735 5832 2
645 6204 10
2916 4304 1
4317 5660 3
1117 4711 3
3162 5567 1
3003 5266 7
3700 4212 8
3933 6365 1
826 2565 6
885 5984 10
5478 6505 10
6 1197 4
2328 5545 9
3466 4528 4
1274 6771 8
91 6707 8
1990 4744 2
2400 2512 1
363 3742 3
1439 3625 1
423 3689 3
2964 6135 4
3169 3738 2
50 3313 6
5173 5299 1
2481 4586 10
818 3187 4
2858 3982 4
431 4066 4
1394 2090 6
1812 6493 9
837 4654 2
3871 3983 5
945 1220 5
322 3292 4
1726 4883 3
1135 2245 4
2930 4345 1
1990 5409 4
3196 6492 4
982 1287 3
2706 3731 7
480 921 10
1753 6279 8
2818 5074 1
1602 4094 8
4790 5151 6
643 3888 7
71 5628 5
628 983 2
782 3643 7
22 1453 9
2416 3196 5
1795 5755 6
313 6691 6
4720 4980 6
115 1571 1
570 3636 6
5030 6422 8
4123 5826 1
4859 5722 2
875 5912 10
1373 4160 7
3039 6087 10
1984 2111 10
1388 3001 9
1937 3989 3
120 2270 10
961 2171 4
2911 6210 5
1912 2632 1
55 1577 4
540 3757 2
847 5969 8
3213 6020 4
2915 5206 8
1818 2838 6
633 1745 2
2796 3552 6
1906 4868 5
4900 5816 8
1895 2439 9
4297 5626 1
1775 5990 4
747 3553 4
1086 1262 2
4852 5301 8
1205 4051 8
996 3082 10
2549 3031 4
3272 5529 2
1815 2424 4
2336 4469 1
3272 3463 1
3223 3683 2
581 2873 7
2759 5893 1
193 2972 10
1216 6629 2
3404 3638 3
4745 5824 4
4340 5685 5
354 3825 5
2519 4244 7
4125 5697 2
1227 4955 1
685 3241 10
2540 4499 8
3685 6520 7
3589 5837 5
192 3841 6
58 1526 7
758 2699 10
560 1287 3
3562 5756 1
1443 1750 1
1208 2763 4
1198 2459 6
669 6076 6
3757 5209 1
2412 3240 9
4253 6842 4
655 1395 2
2717 2784 1
4535 6950 2
1935 2889 10
831 2293 4
3605 4304 3
1521 4964 9
522 4698 5
2139 2668 1
5726 6250 2
1529 3091 9
5664 6833 1
1405 2462 2
2845 6708 8
4824 5922 1
257 3983 4
3808 4527 10
5937 6096 2
2023 2582 10
1047 3401 10
486 2615 8
6776 6920 10
2849 4625 5
1129 4319 5
1918 5675 7
4408 6284 10
1601 6695 9
588 3213 4
208 6371 6
1363 4779 5
167 3668 3
1201 2515 10
2772 3996 8
1225 4213 3
3166 4961 10
337 5974 5
124 3874 9
4786 5441 2
2610 3664 8
1580 3536 9
1605 5275 2
3278 4768 1
228 2010 5
2035 4544 2
2656 5844 4
816 6800 2
1051 4500 8
573 6416 8
517 2529 10
1204 5059 1
587 2516 8
2991 3661 6
156 3837 1
3748 4707 2
1775 5264 4
2129 6759 9
3528 4309 7
2280 2993 10
4555 5415 8
2568 3898 1
208 2744 7
1461 3012 1
3541 4459 9
3679 6565 6
110 1821 10
2845 5753 3
3278 5446 7
1183 5332 2
4391 5439 1
4221 5137 5
3322 6561 9
2344 3593 9
3541 6629 7
4350 4438 7
3187 5907 6
726 1577 6
414 4436 10
1732 5517 3
27 480 1
904 4518 10
2782 3731 8
4286 4677 2
1316 3278 1
3825 4339 10
3523 3959 2
6412 6936 7
22 3121 7
3416 4640 5
2545 3929 4
1665 1723 2
577 3530 10
1848 3252 3
773 2724 10
3569 4989 10
988 6027 2
2218 4647 3
1302 2172 2
586 2150 1
3077 5837 9
3812 5168 10
1143 6422 3
1130 2271 3
1536 1895 5
2135 2559 8
3115 3539 9
3270 4237 7
4797 4942 7
4403 4593 7
138 575 6
560 1566 1
1583 5256 10
344 945 7
643 4422 10
781 5565 8
671 5864 7
669 4509 5
3011 4368 1
3434 4805 2
4263 4469 7
3030 3426 5
118 6842 4
4468 6638 10
16 4753 2
2149 6227 10
1870 3150 5
1364 2009 2
1922 6771 4
1717 5179 1
963 3779 4
401 4287 8
2648 6946 5
213 4565 6
4564 5384 9
380 2606 6
2578 3110 8
570 6962 2
4173 5165 2
389 4173 8
1488 4262 2
1296 3146 10
5120 6411 7
4315 6209 5
3668 3983 4
3318 6323 8
3828 6698 4
867 3298 5
3549 4945 9
505 1908 4
1464 5899 1
3907 6070 6
4402 4530 6
5107 6851 7
580 3578 2
305 3094 9
1125 1847 1
4868 5393 9
87 1435 3
877 4930 9
1026 1241 2
3578 4769 4
2926 5722 6
858 6642 8
639 1669 3
2018 2956 4
5133 6460 10
3241 3791 1
4467 5673 1
2552 2728 9
333 5770 2
724 4821 7
939 4948 6
775 2483 3
2480 3529 4
1872 3766 1
987 6852 4
1310 3437 9
3973 5619 10
2632 5293 4
3585 4710 6
1477 2104 5
3134 3851 2
418 759 7
6191 6402 1
5157 5271 4
5058 6372 1
2090 3530 4
79 1912 1
2561 3387 1
141 4038 6
165 5958 2
4832 5392 1
1121 5168 10
2664 4007 6
3997 5759 4
803 1821 4
2923 5236 2
2218 4931 5
2412 5817 9
1202 4795 2
5107 6192 5
4867 5763 7
790 3243 2
72 253 10
464 4587 6
356 1829 5
3664 5441 5
922 6488 2
2975 3970 2
3844 6451 9
1436 3997 4
1471 2171 4
1730 2658 10
931 6828 4
6209 6694 2
390 5124 7
4938 5319 10
338 5205 2
1816 3218 9
1205 1234 6
2368 4092 8
3930 4036 6
3418 4312 2
2607 3327 2
4204 4583 8
1693 2933 7
2241 2783 7
5872 6118 8
3440 6550 4
1101 4499 8
3811 4438 2
1683 1966 8
3428 6819 9
887 3277 5
3025 5952 7
1454 4045 5
2563 5859 6
2155 2585 10
2429 3674 3
568 4366 2
623 4403 9
429 4037 5
1990 5188 7
5060 6738 7
857 1510 1
3926 5678 3
747 2082 9
1071 3142 5
1780 5281 1
1689 5839 6
2771 5973 3
1327 6933 10
2616 4893 6
713 4948 7
3742 4668 2
3478 6542 2
2142 6754 4
2945 5417 9
1023 3457 1
2358 6752 3
601 6744 6
156 4342 7
931 4136 3
1256 3184 9
4059 4942 10
189 3407 2
1160 3778 7
1844 3409 10
400 3866 2
1404 2679 7
5676 5811 4
2627 5462 3
4382 6233 8
2640 5171 7
1535 4720 2
4477 5665 2
3878 6402 5
304 703 9
3299 4309 9
1296 2797 4
3492 6262 9
2295 6227 7
1229 5842 8
895 5849 6
2531 4108 3
3764 5379 3
329 2533 5
380 3445 4
2490 6015 6
2749 5386 5
1591 5088 9
3433 4439 8
1252 1847 9
3671 5363 3
3541 4334 9
2113 3324 4
2676 6294 4
2811 4266 8
5350 5572 5
2691 4467 9
72 1167 4
1956 5839 2
2261 2301 5
4298 4515 7
1381 2410 10
2085 5979 10
4447 4762 3
3292 6010 1
4943 6935 10
70 5722 8
916 5517 7
2316 6029 4
1870 5903 3
94 6904 10
2518 2888 3
150 4587 10
1753 5634 7
606 6789 8
2926 2997 3
1962 6380 1
1750 4207 1
2248 5985 6
4490 4822 4
145 5970 8
2394 6256 10
4075 6055 3
1689 2017 2
2422 6230 6
6426 6665 7
1089 2469 6
3540 6239 3
4603 5129 9
345 6645 6
4170 5325 4
841 2093 4
1835 6622 9
1685 4245 4
783 4284 10
1683 2917 3
470 1231 7
1774 2108 10
1319 6797 8
1915 2599 8
1630 4970 3
1673 4467 10
3471 6156 2
1211 1956 9
1796 5856 2
381 5632 5
6739 6740 4
1100 2470 4
4083 6940 10
922 3037 6
2597 4491 2
4128 5093 6
1793 2144 8
4084 5049 7
1250 4919 2
3206 4854 4
1820 3931 7
1020 5487 7
3080 4290 9
2538 6565 6
1862 6634 6
1021 3008 6
3853 5312 9
207 4998 3
6010 6494 5
4900 5337 7
1641 5927 9
1071 4166 8
2763 5691 4
2345 2802 8
2018 3755 8
282 4283 6
1836 2582 4
2761 3785 8
3431 4042 7
1004 1483 5
4777 6676 10
1036 3328 10
4369 4962 3
523 3407 6
2486 2944 9
1887 6401 4
4323 4407 1
2950 3158 9
811 4296 7
3597 3672 7
124 2759 2
1354 2964 6
5421 6832 6
3777 3882 4
1090 5632 7
2061 3966 7
2119 6974 3
1491 3456 3
130 1898 7
3518 4655 4
1299 6074 3
2118 2677 4
643 1916 4
1253 3621 9
2951 4716 8
2188 2906 5
1133 6937 3
1979 5749 2
3713 6795 6
918 1294 8
3085 3823 7
1617 6542 2
3477 4141 1
768 4284 6
3309 5157 2
3140 4805 2
331 2928 5
4222 5997 2
1205 5063 1
397 2517 2
1899 5621 9
986 3160 8
1140 3345 8
1724 2523 5
2730 5538 5
620 5805 10
430 3084 9
871 5718 9
961 2185 10
1278 2367 1
372 3280 3
3094 4765 4
3061 5334 9
917 3517 6
2927 6414 1
4701 5491 1
1425 1565 3
788 3075 5
51 5951 3
1185 6358 6
3673 4742 2
3577 4905 3
3260 6323 7
5615 5805 8
1545 4019 1
2690 4332 9
3785 4433 7
5457 6066 10
848 3021 8
1957 5335 3
5855 6873 9
508 887 8
1807 3009 9
1497 4352 9
5822 6844 6
4424 5043 10
2579 4251 7
54 5741 7
5081 6757 2
3826 4202 2
5216 6298 6
2069 3299 6
3507 6867 6
2387 2936 10
3651 5466 6
4518 5083 3
1294 3542 2
5779 5817 2
1426 5550 6
1552 2482 7
1774 5284 1
1255 4691 5
5378 6394 4
5448 6588 7
412 2317 1
823 2138 1
4554 6814 7
564 5882 1
457 3265 1
2336 3959 5
2969 6451 5
1089 5668 4
387 659 9
2296 2917 8
59 2836 4
1137 5428 10
3754 6401 4
6591 6611 6
2896 3009 1
880 6226 8
3415 4891 10
2646 3100 6
1390 3025 7
6045 6598 1
983 2073 8
2422 3567 3
1134 4359 2
3896 4354 10
1290 3229 4
893 4540 9
4631 6762 10
4778 6447 3
5367 6248 9
10 440 4
2661 2764 10
1019 2225 7
2549 6414 8
2787 4377 4
4024 5264 6
1873 4358 6
1908 6111 6
3358 4332 8
1182 4259 1
2227 4470 9
1445 4018 9
3937 4929 3
1953 6934 1
3385 5482 5
2563 4318 7
4 4114 4
3999 6015 6
1298 3540 1
2415 6285 1
620 3043 9
1099 3596 6
3120 5676 10
685 1375 5
5713 6262 2
46 445 2
5107 6698 7
3585 6442 6
1167 6571 2
375 5588 7
2248 6187 3
2878 3812 5
2284 3891 9
742 1363 9
191 6275 5
4298 4328 7
161 324 6
5215 6549 2
3637 4330 9
1779 5315 8
6637 6809 9
3614 4262 5
1333 5385 6
1700 5088 9
3920 6233 6
1732 2603 7
4961 6828 10
692 5415 7
2835 6956 4
2953 4980 10
2612 3852 6
2652 5186 7
352 4185 10
2456 4931 6
940 1282 4
2237 2916 3
1130 2414 7
3086 3713 6
4477 5812 3
125 6982 5
3716 6432 4
1340 5017 10
725 772 6
34 6991 2
3466 3990 9
2324 6007 3
1910 3374 9
1441 5105 10
2364 5465 3
1360 4597 4
3262 4511 6
3195 6997 6
580 4237 4
1625 5764 8
4478 5711 10
304 6859 9
3641 4914 8
2233 3734 9
1163 5495 2
3039 6164 9
1060 2415 7
4519 5103 5
2535 4449 9
2612 5259 2
2435 5911 6
1446 1796 8
1549 5754 3
394 2740 10
2082 2256 7
2993 4063 5
4971 6211 8
1821 5480 4
1520 4465 8
414 4481 2
5517 5949 5
315 4761 8
2426 5738 3
3312 6495 8
2767 3349 5
2882 4085 9
4892 6047 8
4249 5192 9
3803 4265 1
2683 5753 9
3660 4706 6
277 1550 1
4041 6196 5
2806 3727 7
3663 3801 9
388 5146 10
2828 6735 2
3050 3054 2
203 6065 2
449 3775 10
2971 6953 1
4324 6962 10
2763 4446 9
248 6487 9
5950 6001 2
3335 4806 3
472 1365 4
3503 6353 8
1812 3216 8
1321 2401 10
4320 6625 3
354 1334 2
1171 1828 3
4611 4651 9
2509 6880 7
398 950 8
1873 2961 8
469 615 5
2704 4535 4
86 2962 8
3407 4619 3
4316 4892 3
6180 6382 8
5786 6974 5
871 5416 3
946 6768 9
534 1576 3
3192 3246 4
1497 4158 10
1361 6416 10
1953 3992 1
1811 2794 1
3859 6947 4
5591 5781 1
4937 5614 4
478 1505 6
6095 6511 3
1691 2649 9
4321 4719 1
386 2588 8
1057 1307 2
3546 5041 5
214 6580 7
958 2771 7
781 3889 2
988 4416 1
2240 4355 1
3400 3468 1
560 3044 3
4715 5637 1
1690 3072 7
162 4866 6
2257 5790 4
3709 5057 1
509 6746 2
3714 6992 9
2299 3686 5
566 5988 1
129 3278 5
1804 3761 2
2359 4111 6
1838 5226 1
791 4868 5
2074 3273 3
3256 3422 8
1715 2574 8
4244 4535 1
276 3854 2
3261 3672 10
5151 6693 2
4532 4648 7
2249 2656 6
3909 4041 6
4295 4383 7
692 2362 8
2072 4658 6
364 1989 1
156 202 10
1435 6650 4
1140 4481 2
1993 4131 10
1623 3707 1
6323 6896 10
1264 2316 6
1639 6492 9
282 1187 5
4822 4919 5
1735 4404 7
3430 5847 6
3690 5082 8
5668 6206 6
2662 6558 1
599 1850 7
1455 2684 5
2103 3067 7
2067 3921 1
130 5216 10
869 4128 9
5189 6952 3
1586 3384 5
2785 5338 10
4010 4178 7
4371 6637 6
325 3773 9
3525 3852 3
2457 2660 3
3606 4479 3
1430 3230 4
2029 4954 4
6500 6586 8
1358 6557 9
3187 6933 4
4483 5831 5
1965 6182 10
4067 6864 5
868 2755 1
1853 2578 4
3662 6046 8
3714 4441 8
2942 6771 8
1744 4122 4
2811 3311 6
3222 3258 1
3598 4365 8
4191 6832 9
2083 6663 8
4116 4336 5
1358 6816 4
4226 4923 3
2094 3466 3
1843 4955 5
2180 3834 10
5645 6788 7
621 1769 8
1873 3706 7
4078 6107 8
4387 6609 7
2159 3894 5
712 2909 3
3794 6035 1
1628 3021 9
2823 6291 5
3651 6491 9
1649 3413 8
1383 5006 8
3986 4514 2
1643 4254 3
1494 1768 2
2329 4369 9
1157 1287 10
476 5534 9
78 2262 9
920 6761 3
303 2155 5
4239 5025 2
2443 3791 10
712 833 4
299 2365 1
3052 3504 8
1178 2007 3
1934 3479 3
164 4909 9
2943 3110 9
4427 4834 4
1655 3918 3
1479 3945 5
470 3930 6
1131 1923 9
4525 4861 6
2721 6096 4
6146 6399 4
4760 5117 2
1524 5587 5
153 619 10
3107 3698 8
1475 4385 8
2774 4319 8
538 648 3
2455 4734 3
2438 5652 4
632 6813 7
1404 3873 6
241 1255 2
6887 6927 3
2055 5426 8
2981 3761 1
3926 5020 4
3765 5195 10
2780 5722 5
1930 3912 4
3065 3142 3
3082 6493 7
785 976 8
1145 4361 1
2514 5537 8
2318 2506 6
2657 2665 5
1843 6065 10
1847 2270 2
2971 4038 3
350 3531 9
1569 1895 1
1297 2117 9
1550 2544 2
4872 5640 2
195 831 5
542 2547 6
3369 5980 7
1242 4153 2
3711 5634 9
3063 4033 5
5797 6317 9
676 1962 4
4128 6944 9
2572 3379 4
2041 4909 1
1266 2753 5
94 2101 2
4224 5399 2
1808 3520 9
4527 4543 8
3476 6484 10
1588 6619 6
1040 1415 3
955 6089 5
933 3461 1
3351 4800 8
3075 4068 7
514 4395 3
950 6843 7
548 1902 2
1277 3260 6
1867 2782 10
1161 2760 2
2374 6488 3
1651 3996 10
2001 3827 10
3689 5188 6
3195 4590 3
1555 2061 4
2010 5548 6
2469 6904 10
831 5146 4
1145 3915 8
3615 5233 8
3610 4952 1
2976 5575 6
364 4848 8
2929 6108 6
825 6860 10
2610 4924 2
2240 5390 9
3526 6428 3
594 6745 7
5204 5670 8
1905 1984 1
1950 1990 2
1673 4630 7
772 4548 4
2729 6505 1
1751 2114 9
420 2642 10
2682 5654 6
2591 6257 8
4851 6463 10
950 4736 5
1003 1734 2
3006 4793 5
655 3372 3
3440 6221 9
6067 6226 9
868 1528 10
665 1942 10
1422 2659 10
3002 5406 6
448 2163 6
489 5840 2
1456 1598 5
5541 6378 9
16 6768 9
3184 4626 8
802 6303 3
1888 3176 4
1425 1763 7
2927 4994 9
2130 4738 2
739 5560 5
3189 4631 10
145 1672 3
478 4502 1
3510 5627 7
266 2407 1
3905 6642 8
1343 2461 10
308 5706 9
6082 6554 6
3263 5535 3
162 2196 7
1051 3442 1
2038 3889 6
2395 3443 4
358 459 4
1757 3473 8
2811 3104 4
3846 5247 6
4211 6097 1
180 5858 8
4226 4939 6
4190 5443 6
1249 5633 3
170 1117 6
2052 3517 6
1218 6918 1
359 864 3
1715 2024 9
5240 6731 8
57 5371 6
1678 1787 5
2327 2456 10
485 1196 7
2132 4975 10
1700 6196 8
398 2458 8
895 1556 3
5286 5414 7
5 6438 9
2453 2791 6
2999 3248 9
2097 6913 5
155 6181 4
1717 2711 5
732 1860 10
2825 3691 6
4117 5934 3
3121 5929 8
4856 5259 8
2926 4098 9
128 5333 1
1638 6787 5
1970 3803 5
4351 5026 10
1001 1790 8
1256 1775 5
3711 3713 10
4435 5371 5
1031 1578 3
972 1030 10
4038 6162 1
4529 7000 5
669 3790 2
1287 2417 6
558 1138 9
1679 5092 10
1025 3370 8
738 907 7
3352 3858 4
3682 6987 8
4126 5845 4
678 1877 7
4482 6260 2
3009 6151 5
663 1694 7
127 1694 8
3470 4674 5
3057 4557 5
2208 5266 10
3849 4275 5
2461 6128 1
3454 5322 1
274 2315 1
2765 3048 7
5390 6113 10
907 956 3
1927 4095 4
2327 3113 4
407 6214 5
4440 5239 9
679 6950 3
1288 5075 5
1393 3126 3
1506 4465 4
2448 2994 8
117 6769 7
806 6323 9
426 2566 2
3452 4241 6
3414 4331 10
1902 2710 2
5335 5991 7
1959 6988 10
3312 4610 3
1771 3906 8
486 4960 5
4039 6453 6
3632 5161 9
2231 4816 10
3915 5455 9
484 4746 3
583 6379 7
3312 3873 1
704 3710 10
17 2988 9
646 2863 9
868 4977 2
3726 6968 7
2163 4826 4
3438 6204 8
1254 1434 5
229 836 9
1846 2215 6
106 3908 8
3308 5745 9
4147 5644 9
1831 5279 5
1609 1687 2
169 4172 10
3062 5653 10
321 4645 6
333 3743 7
509 2998 8
460 5075 4
1146 4123 9
335 2131 5
3683 4334 3
2114 4949 9
276 6340 8
1488 2352 5
1461 1562 9
5203 6424 4
1058 2971 10
679 6005 9
2804 6595 1
2899 3630 1
3978 6608 3
2747 3529 10
914 4790 3
1884 5343 7
1698 5907 5
2550 4429 6
1804 4997 1
3413 5927 6
5802 6373 1
4619 4976 5
1192 1619 10
159 1168 1
1392 4335 10
787 5724 1
3835 5967 3
1131 4816 10
3612 6489 7
2468 5231 2
3798 6896 5
733 2881 5
2689 3246 1
2370 3544 9
743 6172 9
1429 2604 4
345 4125 7
2406 6730 10
5699 6044 4
4343 6335 9
2073 5386 4
4278 5812 2
3057 4693 1
4615 5858 9
918 3474 9
3113 5369 10
3792 3982 2
1390 2730 3
1128 1990 4
4487 6382 5
614 6778 8
1671 3433 6
1655 2229 6
340 3175 8
1518 3842 9
3987 5151 4
1958 2996 1
1669 5973 1
3797 5677 2
4080 4689 4
77 6978 6
1609 3064 1
1462 2274 8
3040 3436 9
1616 6080 7
1580 6974 3
1528 6072 6
2022 2676 10
1223 1772 8
2552 2921 3
164 2028 9
3651 4558 10
767 3053 6
273 6950 10
146 5853 1
4176 6943 2
4582 5661 4
1845 2224 5
3225 6476 2
3513 4757 3
617 2514 1
2838 5253 1
444 5427 7
823 4023 1
4632 5809 8
58 1765 9
456 2353 6
3850 4785 1
3055 6251 5
5191 5621 2
1725 2724 5
2466 3217 6
755 1919 7
4477 6181 10
1500 3664 2
1045 3967 8
1355 4486 8
81 3232 5
1262 3693 7
582 4463 9
1828 2656 5
743 6428 9
1070 5151 4
1484 4877 4
393 1276 6
1500 2478 6
2149 4428 1
4182 4746 6
4975 5957 1
693 2944 4
1950 2807 9
535 3394 3
2283 4834 5
718 1280 1
2715 3636 1
185 2816 6
333 4969 4
4832 6978 5
2180 3152 7
1306 1398 4
254 5872 3
1539 2025 10
1721 4417 10
196 610 9
2092 6597 2
401 1380 3
2098 2537 10
3722 5332 2
1641 6200 6
3741 3936 7
812 4304 1
1511 4646 7
749 1659 8
1829 3189 8
1024 4017 10
2092 3329 8
1620 3966 10
4645 5232 2
800 3277 6
2584 5137 1
2399 3334 6
4369 5293 7
87 5792 6
1101 5090 1
771 4604 3
1034 2948 8
1224 6373 6
819 1222 7
887 4260 6
63 6130 5
2690 3899 8
943 1660 3
651 1948 2
2211 2826 3
2251 2400 2
4483 5086 2
2465 3396 2
4221 6596 4
4792 5524 8
6493 6607 3
2446 4379 2
2226 3225 5
3637 5141 1
974 3027 9
1844 1976 4
3691 6340 7
922 3977 5
1917 2933 10
430 3292 6
1707 4307 1
1706 3758 8
276 2342 6
2290 2321 2
2040 3529 4
1522 1722 5
3640 4215 8
4789 6068 8
5265 6078 7
2019 6068 4
2608 3013 8
2685 3790 5
3442 5588 9
1554 6371 7
451 3105 9
1472 2996 2
958 6327 10
2378 4595 3
945 5836 1
3432 6704 8
1286 6160 9
159 3161 2
3032 4915 1
945 4088 2
837 4368 10
1150 1824 5
3837 6084 9
669 6062 10
360 3554 6
6120 6261 1
2950 4455 6
3133 6441 9
135 2880 9
2513 3155 7
620 1264 1
2190 4065 7
53 95 2
4538 5754 3
316 2478 6
2677 3789 5
2918 5999 2
1595 5044 2
606 6399 2
2042 6763 2
4129 4848 7
3247 3613 6
2804 6360 6
1090 2265 4
2091 2408 9
1767 4049 5
1645 4213 6
3631 6314 1
3040 3461 3
1746 6974 2
3079 3998 1
3635 6933 4
1779 3487 8
1825 5708 4
248 5854 4
280 6820 1
488 2177 9
269 1369 4
41 1556 4
3095 6335 8
2805 3228 10
1606 5652 7
225 934 7
1915 2854 10
4505 5608 3
462 872 2
3061 4498 7
3430 6861 7
3835 4691 1
3433 3738 1
2479 5660 8
894 3643 2
5989 6157 6
1040 4674 7
1740 4198 8
1199 4177 2
1412 6614 8
3491 5041 9
1006 2425 4
600 4767 2
3080 5028 3
285 5476 4
1366 2979 4
2448 5127 1
2027 5695 3
2377 3016 10
4932 6779 9
4610 5996 4
2431 2614 1
4752 5405 4
3304 3636 6
3895 4331 3
201 2776 8
149 3451 6
2210 2247 6
1671 2609 9
5927 6081 1
4062 5189 1
4757 5089 4
1430 4479 1
3606 5916 3
408 1156 3
3737 3835 6
2201 3126 8
2211 2964 4
1325 5817 10
2634 5205 10
1231 1593 6
296 512 4
3400 5408 4
3614 5053 4
2024 6716 2
2216 4709 1
4645 6618 10
4246 5042 3
1001 5758 3
5062 6361 6
1832 5691 1
1748 5472 9
764 1047 7
461 3883 3
129 865 5
3802 6432 6
4081 4769 4
282 1470 10
3349 6354 7
2832 2877 7
2662 3904 7
1488 5344 9
2707 3785 10
2239 5721 8
6038 6345 6
439 2811 6
965 5213 6
1565 3669 4
2947 6067 1
631 1370 7
5511 6091 3
255 1642 4
2323 2393 5
6 6775 3
1401 3733 8
2202 2518 4
1268 5546 8
4448 6456 3
269 4265 10
5624 6192 1
2784 6687 7
867 1875 8
2593 6704 1
1954 3364 2
3230 4835 3
2948 4195 5
2135 5409 7
569 3245 6
3492 4185 8
3068 4259 5
4202 5869 4
110 4874 3
1688 4897 9
2164 2253 6
1516 6323 6
4260 4624 4
2306 6582 1
2926 3191 10
1891 4977 10
3410 6625 9
5483 5908 6
1647 4371 4
279 5606 7
5332 6190 4
494 989 8
5073 6568 3
1230 4638 2
2608 3742 5
3637 4194 6
3629 4287 1
3485 4348 3
4337 5578 8
574 5208 6
3959 5394 5
3265 5091 6
1667 4098 4
300 5374 9
3090 6090 1
687 2076 1
122 2574 7
3899 6906 7
3457 5900 10
772 5308 6
1706 6489 4
2409 4681 4
1208 5379 6
996 6418 7
2227 2519 4
3051 4806 7
216 2771 8
292 1303 7
552 5338 4
5348 5622 5
3541 4906 5
205 449 2
1551 4555 6
3709 3874 7
7 70 5
1702 3398 10
534 854 2
3684 6992 5
4765 6437 7
857 2518 1
4405 6148 2
4672 4812 7
2332 3747 7
2743 4702 8
239 2760 2
2687 5364 10
6198 6896 9
6740 6979 3
4505 4768 6
2006 3434 6
1759 2340 6
191 1483 3
893 5811 5
1771 6406 1
1102 1290 1
3 4131 8
821 4462 2
3998 6444 10
142 1415 8
1169 1183 10
17 2211 6
1323 2588 7
946 5560 3
2713 6126 10
447 4361 5
1051 1299 10
3154 4454 6
26 370 10
1037 4685 3
309 724 10
502 1954 6
4456 4862 10
5676 6861 6
3829 4958 1
1009 6408 10
4461 5180 9
1258 5579 3
376 3263 1
935 2743 9
4342 4930 5
2296 4320 5
684 2132 6
970 6829 8
889 2475 6
344 2437 4
232 1270 10
2145 3796 7
2905 6121 5
1227 4147 4
1989 6454 1
5177 5569 10
1728 6042 8
525 2031 7
1485 6682 6
2174 3461 8
2568 6437 1
607 2397 8
3090 4519 6
3738 3937 6
4276 5473 6
949 4524 6
1785 2138 8
1426 5479 7
2288 4034 8
5229 6358 1
2025 2129 5
3231 6782 10
3344 5483 10
811 2197 6
1079 3518 1
85 5006 4
4849 5007 1
1792 5078 5
1419 1465 4
1068 4096 1
992 5543 1
232 4001 10
942 3123 8
1759 5349 8
1957 3492 4
3967 6845 1
692 2991 6
1146 2322 7
1843 3204 9
2876 6644 3
1808 4759 9
162 3710 2
2566 5190 5
5101 6650 7
1769 4135 5
1487 4598 1
2980 4883 4
1116 1324 4
5032 5131 8
2075 2759 2
383 2993 3
1031 3770 5
1129 6567 4
2655 4927 2
270 1179 1
1402 2982 7
1564 5169 3
1476 3704 1
4025 6751 7
3753 6409 3
767 2476 1
2379 6117 6
605 1231 5
835 1556 10
1640 1785 5
2466 6290 1
464 4634 5
3242 4522 1
1027 6072 5
5097 5367 2
4220 5199 2
4370 6541 2
4750 5683 10
1241 3706 6
1907 3117 10
3615 6793 10
1089 4338 10
3632 3702 7
704 5698 4
2356 2515 10
3050 5166 3
390 5063 5
1987 3358 5
951 3697 1
1557 2458 2
1632 2962 9
1549 1816 4
6366 6775 7
2438 3905 1
665 6659 4
3324 4042 9
57 3331 5
5015 6198 2
3402 6921 6
1754 6799 6
4248 6100 10
2169 5855 7
4308 6202 5
5219 5602 5
3834 5890 10
1176 6574 1
598 6253 8
3117 5451 4
2266 6607 5
1029 5946 9
1893 5708 9
1534 6050 3
2313 6927 7
4459 6826 1
4618 5764 3
3578 3612 7
622 2799 2
1992 2425 4
4184 6511 9
4643 5904 4
208 1864 5
3030 5071 4
1553 6677 5
4058 6573 5
2166 3420 10
4455 6744 6
1851 3111 2
2141 6643 3
4798 6361 5
6418 6513 9
2983 5583 7
1264 2719 5
358 4075 10
721 2805 9
1428 2410 3
844 3318 1
421 5276 5
2233 5849 7
2972 3234 4
1592 2134 8
2815 5706 7
1932 2550 5
1140 5211 7
1170 3607 5
3604 3843 7
5134 6251 8
3727 4529 2
3184 6649 1
466 1415 10
1221 3835 10
613 1672 9
2882 5096 9
1971 3570 5
2695 6056 7
5366 5816 3
386 5918 4
2231 5425 7
2055 2843 7
669 3469 10
4758 5728 5
366 898 5
593 5157 9
789 1667 1
1759 3984 5
926 5463 10
1804 2002 1
1656 2502 8
1219 3740 1
3469 5764 7
1003 1307 5
103 3825 9
2373 3442 3
173 4411 6
1800 5527 1
1999 5062 9
581 4299 7
336 2382 3
687 3688 8
4451 5562 1
2493 4087 3
1051 5557 5
927 5092 10
4531 6218 6
3007 4579 2
1286 6306 2
2320 3440 9
613 2000 2
2837 4440 7
7 3861 8
2025 5556 4
2532 5511 5
28 2749 4
1924 3574 3
489 6474 8
1789 2799 1
2539 6262 7
2059 5576 3
1918 4508 1
358 4725 2
5145 6230 6
3842 5351 4
5011 5853 1
2991 6936 1
1480 4076 6
716 6818 3
5409 5484 3
134 6246 4
2320 4109 6
3631 4528 1
3889 4726 6
343 2030 4
4905 5509 8
4618 6896 3
1183 2860 4
1846 1893 1
3412 5026 2
315 3412 9
1725 6539 2
669 4372 5
980 6882 4
1160 5568 2
1207 3906 5
354 6658 8
3209 3498 1
6413 6969 5
3090 4010 2
2073 5218 7
5170 6399 5
1594 3383 5
2116 3375 5
3867 6692 4
777 2516 1
2084 2624 7
1711 5005 5
1117 1406 4
1880 3576 10
64 921 4
5473 6025 6
2197 5813 8
1026 3740 3
4047 4924 5
1597 2936 1
2085 5286 1
3127 6968 6
1276 1740 4
4564 6644 9
427 6145 3
1545 3672 9
1626 3036 1
20 541 3
2709 2809 8
2087 6669 7
1440 6494 1
3798 5800 7
1676 4439 9
3347 6416 3
3004 5351 3
4749 6423 1
2117 4667 7
2709 5049 7
756 2890 5
2655 4672 3
4557 5059 1
468 2732 5
356 6594 10
6145 6688 1
3393 3579 5
1785 6167 4
1575 6402 3
5262 5952 3
879 3562 6
4946 6947 4
3088 3221 7
632 1032 7
978 6842 5
4404 5243 4
4096 4871 1
1691 4328 8
3588 4394 9
1613 3985 2
5949 6193 10
2739 3523 6
3718 6383 1
2475 2730 2
1709 2196 10
1846 2702 9
3970 6979 7
554 1861 4
1529 6652 10
2552 6780 8
1542 6715 2
6130 6297 8
1199 5739 7
1645 4233 2
470 4226 2
1801 3354 1
2848 4680 1
2330 4793 4
127 670 7
3117 4316 6
265 2057 3
2819 5270 8
1842 6513 1
1204 4709 7
5323 6888 5
1112 2951 4
667 1663 3
2967 3023 10
759 6820 10
4934 5325 1
912 4103 4
297 6282 1
1084 6994 7
1995 6430 5
4606 5583 1
2218 3257 8
981 2384 10
3333 3547 2
4359 4420 7
1713 2782 3
2256 4012 7
481 5636 2
4748 4869 8
1616 5488 10
1355 2729 4
697 1089 2
2788 4995 7
4684 6204 7
2269 5757 6
1332 1935 4
125 3106 4
5529 6692 9
749 849 7
1402 5466 2
1181 2228 4
2242 6432 3
162 1333 7
430 6737 7
2338 4196 10
5556 6663 1
2805 4585 2
3518 3640 10
3372 3548 4
942 6732 10
3256 5182 10
6164 6238 7
6259 6635 4
1940 2718 2
441 3291 2
3969 6964 3
792 5196 9
3134 6734 5
661 2922 9
933 1706 3
3927 5373 7
1192 1626 3
1148 3312 3
1035 6302 6
2189 4128 7
3977 4484 5
2082 6483 7
1247 1810 5
3925 5039 3
1355 4153 3
4573 6183 2
1675 3804 6
5648 6369 2
2579 6708 4
2465 6421 10
1965 4635 5
2679 6608 2
1542 3298 8
3455 5624 7
3008 5125 3
40 3129 10
3842 4887 3
709 6627 4
2946 6783 3
95 5459 1
2751 6294 6
2541 5721 2
254 6204 3
2047 4283 4
693 2505 8
4216 5862 3
1009 6796 9
771 4275 9
6292 6881 7
475 6576 7
2249 2827 4
1930 1946 2
2938 4337 1
3128 5888 5
1627 4914 5
3634 6111 8
2611 3212 10
2686 5743 8
2210 4591 3
359 1767 6
176 4331 1
420 4534 2
71 5101 3
168 3037 1
4084 5000 2
3817 4190 7
5276 5812 10
1326 4738 10
142 2788 4
2207 3122 2
1572 2626 3
1293 4040 6
1819 2744 4
1436 6454 4
627 4371 9
914 6560 10
292 1961 5
301 1477 1
4445 4720 5
413 5724 3
2675 5890 6
2345 6432 10
1666 3672 9
3254 5586 5
1909 4973 5
1303 4771 9
2080 4982 6
173 793 2
1893 4222 8
319 6584 8
2056 6163 4
4437 6043 1
3140 5648 3
1168 4499 10
403 639 4
3014 4772 5
1942 2980 6
2421 3530 7
11 2655 6
3289 5266 6
2229 3585 6
426 495 6
2963 4930 8
1343 6011 2
4158 4278 1
3123 5114 8
278 3715 4
2882 6159 5
4083 5770 3
2654 4028 5
1887 6758 9
2431 5388 1
1828 6064 7
1806 2596 2
827 4275 3
22 1526 3
319 2146 8
5289 6286 3
1451 3369 6
2121 5762 4
975 4117 5
1908 4095 8
3883 4983 6
4572 6889 6
693 4401 5
2423 4214 9
1043 4692 3
3525 5561 5
3094 5136 2
1691 6424 7
3781 6329 5
715 5108 7
3093 6943 8
1212 2633 1
1180 6727 4
389 2269 5
956 2032 7
2474 3058 9
733 4172 10
362 3494 8
4227 6812 5
513 2301 3
2287 5677 1
3412 6241 3
1186 6167 3
1556 6528 3
3268 4441 10
434 1641 10
1265 2550 3
4208 6279 7
561 4877 9
1928 2715 1
3352 4207 2
223 6741 6
3240 5425 5
2954 4095 2
927 6636 6
3543 4143 7
3453 5377 4
1085 4533 7
5887 6257 10
1274 6781 3
2159 5574 9
2174 3022 2
172 2756 5
3314 4395 10
3241 4469 5
4610 6005 1
593 2365 3
5650 6464 7
324 1445 2
659 2346 5
798 6046 4
2317 2956 10
3085 3552 5
1482 5126 7
3715 3817 4
2008 3927 9
5418 6996 9
2900 6865 8
1635 3636 1
1774 2652 2
1350 6200 7
464 6360 8
3047 4581 1
1609 4385 5
2824 6589 3
2312 4004 5
1345 1675 9
3484 4844 10
1060 4329 7
3266 6005 8
3561 5966 7
1764 6001 10
1841 2349 10
5048 6581 10
3693 4495 8
3378 5781 7
3097 5085 9
285 4899 3
1989 2285 1
1778 5827 8
1950 3834 1
3119 3746 3
3122 5563 3
2067 4000 7
844 6202 9
4187 5143 10
3124 4145 5
5151 5909 9
3336 3708 8
1979 5197 2
2422 3695 4
1773 2371 8
2403 2647 9
4552 5218 9
4549 4885 7
250 580 8
3983 4499 10
1138 2642 2
1068 3173 10
2140 2387 10
3405 6176 10
110 3270 9
2377 4748 8
1424 2037 2
1251 4990 2
3014 5201 10
1143 4019 8
4315 4595 8
2052 4023 1
4279 6423 3
1872 5336 9
4497 5892 2
798 4151 6
1957 4374 6
1475 3456 1
396 5033 1
3806 5267 3
988 5321 1
3847 6205 10
964 2127 7
5692 6831 9
4217 4260 5
793 2803 1
1211 1335 1
5380 5862 5
762 3046 2
3929 6371 7
4000 5503 5
295 2973 10
785 1554 8
3189 4765 6
1457 4397 1
3465 6372 3
2266 3160 10
1929 3544 6
1357 5529 7
1495 3258 1
4106 5858 8
4370 4612 1
3429 5467 10
1763 3410 3
473 5943 5
3290 4766 10
4201 5642 6
2784 3889 8
5627 5903 3
2240 5428 3
3704 6486 8
1649 4891 3
4465 6480 8
2471 5618 2
1398 3788 8
294 5591 5
2491 5723 6
555 1575 1
4505 6399 1
1927 4770 5
3014 3396 10
5511 6679 6
1885 2616 2
1870 6480 3
2060 6741 8
197 3875 5
1419 2914 7
751 3712 2
1942 4018 6
2550 4669 10
3971 4413 1
1193 3425 9
2923 4569 10
592 1306 8
61 5824 9
2822 4541 9
4561 5926 2
4202 6399 4
1993 6645 4
210 1651 10
518 4131 7
2423 3513 10
2149 2722 8
4034 5198 8
1147 4402 8
991 2316 2
1452 5279 10
1179 2479 5
2232 5144 5
4475 4694 7
559 3618 5
766 4318 5
1222 4363 4
1336 2531 7
900 1245 5
79 5487 3
4206 5838 2
138 3854 6
1152 4131 7
6510 6588 8
193 4324 1
960 3074 2
4280 6404 4
1991 4617 4
3043 6283 3
3233 5717 7
2516 4586 5
1820 3514 5
244 6902 1
691 6050 2
1590 2081 3
2149 3137 2
627 3011 7
1869 3325 10
293 993 5
930 5644 2
451 1359 2
1178 5873 7
838 2568 5
4487 4828 5
3785 4245 2
5296 5438 8
752 2636 8
665 978 5
5892 6735 4
5491 6013 7
2686 3292 5
2275 5050 8
2363 4036 2
6135 6166 2
958 2522 4
349 3832 9
6621 6855 5
2104 6367 3
855 1258 7
1623 5128 5
2274 6864 10
3742 4549 8
3729 6104 10
4234 4412 7
2329 3512 1
1354 4040 9
51 2849 9
3014 3281 9
461 2204 9
2580 6570 8
3471 4543 3
699 1624 2
1352 4439 8
1371 4318 6
935 2946 4
5085 6969 8
2710 4208 8
554 4859 10
4885 4903 8
3829 4355 9
4703 6900 3
898 2031 1
4643 4662 8
1344 1796 3
318 4017 10
31 5735 5
897 1637 4
1908 3117 6
1832 4987 2
3540 4567 3
3952 5808 10
193 6296 6
450 1527 10
2478 4385 8
3346 4479 1
589 3070 1
1874 3754 1
2124 6541 8
191 1321 6
1341 2458 7
1110 2861 9
2014 3153 5
840 6316 3
5765 6277 1
641 5827 7
3470 5231 4
5009 6653 9
642 5538 8
610 1550 6
54 5917 6
4801 5118 5
3936 5218 1
3194 3828 4
1216 1539 5
1265 3460 8
96 5993 8
4705 4766 8
3979 4431 10
1430 6147 1
446 4992 8
1051 3695 1
4037 5431 6
6354 6581 5
425 2102 4
808 2226 5
1042 5681 10
613 3038 3
1024 6277 4
2611 4329 1
80 4761 2
2394 5591 9
4285 6761 4
1419 3057 9
1057 5801 10
5808 6770 2
137 4721 1
1942 6251 8
3756 6067 6
3110 4830 4
3744 6125 1
297 4722 5
193 4168 7
1250 4603 7
2302 2961 7
3075 3932 7
1223 1791 10
1121 3709 4
5483 5642 7
554 4706 2
3164 3742 3
346 5859 8
1753 5883 1
46 5252 10
1371 3591 3
1897 2351 8
2311 4074 5
1748 5605 2
236 6875 8
4604 4770 1
4092 6054 7
282 1971 9
1616 5885 4
3770 6270 1
3532 3684 2
4993 6447 8
40 5746 3
3910 6564 4
983 1968 2
1831 5274 7
488 4791 3
1335 6944 3
23 1514 2
3692 4607 9
2490 4224 9
1337 5743 8
332 6636 4
430 6808 8
97 6722 6
6641 6965 7
251 3314 1
3292 6672 2
3721 5838 9
3707 6677 8
593 2105 8
1303 4382 1
4004 5321 6
2768 4978 6
328 6062 9
1893 3138 1
2198 6139 1
3202 5954 9
704 1668 5
1584 1725 2
4122 5360 8
5196 6012 8
1617 2256 4
4079 4327 4
2314 5070 7
4679 6783 2
1678 3375 5
369 3867 10
1529 5171 2
245 3136 10
3112 5998 7
2847 3447 1
997 5512 2
3568 4319 7
3406 3852 8
1076 3196 8
5385 6489 8
1673 1980 4
1888 5615 5
222 802 9
964 3469 7
1415 4384 10
903 4083 2
2563 2824 1
947 2535 7
462 4172 3
4602 5649 1
365 5637 1
3329 4663 8
2195 6486 4
1065 4742 1
3111 6956 4
2391 6042 8
4689 4939 6
1140 4572 8
1933 2223 5
714 4091 4
3211 4657 4
1496 3250 9
376 4908 9
1263 1301 9
3104 4778 3
537 5923 4
3140 5864 7
1567 4175 10
1978 4007 6
1704 4720 7
3501 5145 7
3808 4665 5
447 4812 7
2135 5628 5
2053 3449 9
2058 2675 3
1829 1852 8
4697 5110 10
452 4574 3
2171 2869 2
2467 2885 1
2319 5033 3
1392 5817 2
4237 6296 9
602 1271 8
4578 4862 7
1011 4367 8
11 3897 4
650 3356 8
768 6841 4
887 4555 8
1489 5927 6
3640 4916 1
601 6626 6
2696 4472 4
3991 5046 8
881 5925 1
381 2779 7
2331 5306 4
4216 6943 4
939 4937 4
1269 4507 1
6608 6660 6
1399 5404 1
35 1091 4
2349 4710 1
3509 3547 5
3020 6891 10
4628 6242 4
2317 4323 9
1886 6282 3
528 2161 10
2822 5031 5
460 4395 7
2463 5137 5
2977 4255 9
442 4402 4
900 4232 5
1809 4123 1
139 2179 2
278 4622 6
3401 3893 4
2963 4400 10
2986 4362 10
1467 2335 4
2454 5331 6
950 3397 10
3654 4269 4
2164 2373 4
5056 5885 8
1850 2980 5
1953 3950 5
3776 4594 10
1698 2097 10
3302 6799 1
35 3944 10
971 6321 10
151 3506 3
4435 6147 4
2307 4192 2
216 7000 8
661 2660 1
4094 5222 9
199 3550 8
1569 3098 6
552 2726 9
758 3282 2
1735 4794 8
2426 5557 10
2398 4748 1
3214 5291 1
356 2965 1
1288 5454 4
2976 3664 8
2012 6309 9
2253 4014 7
1474 4385 3
2887 6040 7
151 5709 7
3955 6176 3
251 2081 1
2986 4121 1
2578 2862 9
3465 5692 9
626 645 3
1063 1778 5
4158 6907 5
1662 6661 9
1796 6961 7
2178 4570 5
2320 6152 7
1121 3855 4
4926 6697 5
1709 3347 7
5396 5651 7
2720 6006 5
1844 6467 4
1571 6371 7
1743 5097 10
3717 4402 9
1931 3513 5
552 1227 2
785 6302 1
2839 6756 2
6461 6638 4
3874 5908 2
2274 3890 9
158 4541 6
1052 1999 2
1141 3119 3
4198 6462 8
1642 1886 4
1271 2007 2
588 5942 6
459 1239 8
3945 6111 10
3565 5050 9
1454 6996 2
1572 4347 8
948 3855 1
246 3268 7
990 5493 9
1771 6723 10
697 3846 6
4991 6764 5
5456 6862 5
654 2962 3
5732 5879 1
1767 5604 1
3560 4711 8
453 6235 10
958 3621 1
5437 5934 6
2927 3273 2
2733 3243 2
5464 6469 7
5073 6849 7
134 364 4
441 6674 2
5623 6663 7
6157 6763 2
1928 2031 2
3162 6377 4
369 4096 8
87 2065 7
5715 6934 8
713 3036 6
2579 3614 8
3628 4154 4
726 3268 1
4469 6349 4
768 6717 5
1672 2956 5
709 5715 3
1430 1765 2
2443 5625 8
3351 4678 5
12 2473 2
5817 6586 8
3866 3879 4
3180 4145 3
1802 4246 9
4469 6748 10
808 5410 7
2957 6564 3
4 2746 2
1682 4526 10
386 1036 4
1269 6365 5
2386 5758 8
838 5668 5
317 4561 2
2119 5741 6
59 2199 5
1845 6335 8
3002 3835 3
1171 1265 2
658 6149 7
4021 6801 2
2082 3698 9
2553 3636 4
1531 4771 5
2783 5949 3
2936 3264 1
2691 6367 1
1652 6016 10
2022 4179 9
4212 6454 6
1752 6241 5
1249 1592 8
2665 4911 7
14 2646 1
1267 5500 2
334 4980 10
87 3007 10
770 3170 3
3548 5880 7
398 3180 2
2104 4295 5
1332 4134 7
1378 5840 10
989 3382 7
5085 5829 7
2296 6197 4
216 5157 10
5654 6904 10
2997 3308 1
2695 5852 9
1551 6016 4
145 4531 8
1910 2968 2
1806 2085 4
474 5879 6
1443 2050 1
1390 4324 3
5217 6919 2
900 3868 6
3008 4890 1
2002 5085 1
622 2115 8
4963 6401 10
4698 5345 9
1906 6917 6
1999 2041 1
78 284 1
4730 6467 2
3764 4306 8
2558 6526 2
1803 6009 8
21 3043 5
3623 3787 6
1117 5767 8
1132 6509 4
1129 2609 3
523 5798 3
1095 4176 9
2095 4072 6
2106 6022 3
1416 4270 5
1019 4745 1
3251 6259 3
1100 4956 9
1149 6452 8
3071 3488 7
3125 6084 3
326 4511 8
1065 5958 3
1901 2667 6
4653 5374 7
4243 6786 9
1616 3260 2
1266 6783 6
2478 6218 2
1459 2351 8
601 5278 6
3291 6798 6
1792 2703 4
387 5860 8
158 3683 6
3300 3700 3
4688 6377 2
3024 6127 2
928 1147 4
243 3642 10
856 6157 3
53 6392 1
2064 5720 4
86 2979 2
452 3564 9
1896 3001 2
2139 5034 8
1997 4090 5
5249 6237 8
1677 2416 10
2557 2858 4
5145 6079 10
1973 3633 6
1236 6788 6
956 2252 6
555 4547 7
3706 6082 10
792 1899 9
2441 2446 3
2738 4040 5
1882 6874 3
334 3178 5
85 6460 5
858 1641 7
2047 2112 1
784 2953 4
2147 2789 10
2435 6711 4
570 5383 2
3556 6021 7
569 1024 5
735 5742 2
1022 3803 7
1512 5275 5
2412 3706 4
4688 5076 3
5101 5510 10
2853 6891 4
4466 6748 10
968 6950 8
739 823 4
349 995 4
1148 6734 2
4297 4364 5
1552 2143 3
5381 5847 1
50 2230 10
992 1923 1
2311 4301 1
2637 5834 10
4542 6893 3
2990 6069 3
3819 6102 6
2585 3186 5
3 3913 3
1439 6706 6
1536 5793 2
1371 1449 10
1688 4416 4
1091 2988 1
666 3492 5
88 5868 1
1379 5546 3
2322 6146 10
1868 2606 9
5234 5476 4
908 4527 6
270 858 3
651 3363 3
342 3621 6
279 2968 6
3029 4730 2
1665 5351 5
3343 4821 2
1343 3136 1
3569 4575 4
1429 5487 1
1664 6682 2
2868 6744 9
2486 6034 7
1830 2605 10
5991 6446 9
2005 2585 2
1930 5275 9
1347 1363 9
1333 3527 10
101 3675 9
492 4437 2
4373 4377 7
3856 6581 5
1799 4064 4
3053 5342 9
1000 5968 9
2184 2978 5
219 1267 2
3003 3839 5
5027 5711 10
2846 4958 6
625 3142 2
4277 4671 10
3645 4556 7
147 4194 10
2807 4668 4
755 6160 2
1246 5954 8
1211 3038 5
1056 4232 7
1159 2193 7
313 5165 7
1004 1687 9
1598 6672 6
3691 5536 1
3481 5391 1
2679 5096 3
4008 6480 2
1357 1739 4
2763 4256 1
1609 3465 4
3353 5621 1
1937 3851 2
553 2364 9
2625 2790 2
2503 4280 8
241 3777 2
2780 2802 6
3602 5878 10
2013 3513 2
978 6564 9
1941 2058 4
6948 6971 2
801 5250 10
972 3918 2
187 1569 1
1993 2621 1
1985 5637 8
943 6082 8
2163 6446 9
4063 5790 5
3623 3686 4
316 4216 2
581 4687 9
4440 5085 9
5021 5825 7
3026 6195 10
1722 4193 4
2327 2671 6
102 388 6
3649 4227 2
974 6219 7
329 5495 6
2350 2767 6
2332 3199 10
478 5616 9
974 3323 1
5922 6745 4
2688 3599 3
2486 6627 8
3351 6570 9
1043 4470 7
1202 1952 8
3641 4987 4
3988 4170 3
898 2940 5
752 2201 5
1114 1366 5
4824 5644 5
2359 2821 7
2010 3289 9
2456 2966 7
931 4413 3
2192 4948 5
4806 5391 8
794 1292 4
1221 3612 8
3547 6911 8
538 5180 5
885 3048 7
421 6771 9
4684 5798 6
317 548 3
772 1875 6
861 3909 7
815 3991 4
1863 6973 8
915 919 2
1604 1815 6
679 2395 10
4363 4598 9
5266 6245 1
3028 6416 2
6180 6503 9
2465 5131 4
1531 6228 2
1546 2653 4
4161 5424 7
1459 1709 7
1086 2391 2
2935 3839 1
1339 1824 3
1844 4739 8
90 4867 5
1021 1095 8
583 2024 1
1248 6787 3
572 4305 10
731 1586 6
4303 4453 4
4462 6112 7
5098 5339 8
840 3398 9
2986 4593 10
678 2433 2
971 2738 4
3469 5830 9
4313 6391 5
1725 2155 2
267 6958 4
3393 6763 4
6134 6726 2
4478 4801 8
2762 5648 10
3837 5123 10
481 6848 7
3896 5461 1
5386 6894 3
805 6480 6
4315 6584 3
6072 6833 5
2618 6143 9
2096 2264 9
1165 4648 6
211 1244 1
2069 6537 5
2635 4340 3
1872 2957 10
1568 2662 2
1707 5718 8
1961 4676 3
168 3676 5
3158 6750 3
2913 5938 5
423 2009 7
82 409 3
628 5442 2
1259 2361 5
613 2829 10
2197 3502 2
3565 3914 2
1285 2212 3
1930 3051 3
2384 3491 7
354 3856 1
228 5821 2
5993 6110 5
2882 3092 2
622 1104 9
2793 3359 10
4522 6549 1
1037 3183 7
3510 3892 10
4299 5732 2
653 6882 10
3748 5914 1
338 6560 1
3012 4966 2
343 1108 9
719 6664 6
3394 4444 10
986 6437 3
1742 6584 1
2370 2822 1
419 1527 5
1351 1394 9
2126 6432 4
531 3087 1
350 3111 1
305 5923 3
53 4432 3
2996 3980 7
4096 4385 1
145 1722 8
456 5023 2
696 5028 8
5868 6495 9
518 4831 10
436 5715 6
740 2387 5
2797 6064 3
121 357 9
2484 6913 4
1332 6881 1
4045 4655 6
2756 6832 7
64 1966 7
6178 6600 10
5399 6528 2
2318 2970 5
603 3883 4
1543 4134 5
4188 5295 4
5482 5770 7
467 480 1
1442 2985 1
1610 4637 8
1240 2516 9
3853 4427 7
144 281 4
5917 6960 8
512 2547 6
193 1711 6
636 6538 4
3208 4630 4
419 2134 6
3193 5832 10
