17000 0 0 1
5957 10621 1
3241 10621 5
5957 12826 3
10621 12847 9
3241 11501 6
9904 10621 8
5957 15426 2
5460 10621 3
3241 15761 5
8443 12826 2
8154 12826 9
1979 3241 9
8069 15426 8
775 5957 7
2235 11501 3
305 775 10
1964 12826 6
6021 8154 3
8255 15761 8
3039 8443 2
8069 10197 8
2562 8255 9
1725 1979 9
9904 14971 8
1725 3920 6
8892 9904 1
8443 15340 10
5957 9111 3
1979 3891 4
1250 15761 3
5957 14719 5
5957 13525 5
1555 14971 10
10803 11501 2
2235 15869 1
9487 14719 1
8255 12408 3
6697 10803 5
12847 16295 6
12604 13525 3
9812 13525 6
719 16295 2
3920 4111 4
7666 8443 5
3920 12755 5
1725 15477 4
775 9959 10
10197 13151 10
12408 15757 2
4456 6697 1
632 9904 9
2562 14425 8
2235 3812 9
5292 15869 5
5325 15340 2
4820 9959 4
6021 9999 10
7553 12604 1
9487 11854 9
2507 9999 4
4111 5002 9
3241 5037 9
7666 9080 9
1555 8057 2
3060 14971 10
5730 9812 1
3375 15477 3
4792 8057 5
3812 6731 2
2750 13151 2
6929 9959 6
8255 12301 6
1250 2242 4
3109 8255 3
4820 15805 9
12301 15633 1
2591 8443 6
10803 15228 9
5460 13707 4
2235 9543 10
4774 7666 4
8069 12322 9
10803 13309 3
653 15757 5
6994 9959 3
12604 16591 3
6021 10292 10
3039 5493 4
5438 15228 10
855 10621 10
1725 5352 8
3060 16296 1
305 13571 8
7349 11854 4
775 6720 10
34 12408 10
3920 10953 4
1364 1979 4
7476 12604 7
10928 11501 8
6929 10849 4
5493 8582 1
2591 13428 8
719 1918 7
9213 10621 4
6587 9111 3
9111 11214 4
3843 10803 7
6330 10292 6
1918 6183 1
2562 16273 2
7666 12513 3
3039 4968 8
6031 7666 4
855 12797 3
7275 12301 3
13038 13571 6
1250 8218 7
12826 16504 9
1211 5002 2
9487 12576 10
4820 12976 7
4256 9999 3
2242 4975 2
4792 15414 6
302 5325 5
12322 13036 6
7666 12738 7
411 8582 4
3569 4975 2
9080 13951 9
13571 15284 9
7467 12738 3
7801 14425 6
12513 16208 6
9487 14570 4
388 7801 10
686 8255 2
9683 14425 7
517 6587 3
2507 16757 6
719 9636 9
7801 8167 9
12755 15551 1
15340 16654 4
4975 15965 7
2242 4113 4
3812 15480 1
411 13963 6
5379 10803 10
947 9080 3
11829 12604 8
2507 12287 8
7023 12847 4
2292 5037 2
5325 16173 2
1907 4456 8
16273 16777 2
6801 12847 3
5325 12882 3
2139 8057 2
613 13151 8
7476 13478 8
11745 14971 2
5438 10804 5
6810 6929 4
5994 12755 5
1555 16151 1
7476 8327 3
390 6021 6
8327 10259 5
8167 11434 8
2022 13151 6
8154 16158 3
9033 10953 9
4750 10953 6
7371 12408 2
7348 7801 2
424 13963 6
9875 9904 1
3228 10804 4
388 5925 2
553 3060 2
3740 16273 3
2286 5460 9
5292 13274 2
3241 13734 6
10197 11835 8
9213 16100 8
4408 5352 3
2139 14758 9
8035 15284 7
8756 16591 1
11925 12408 8
6829 15284 4
11214 11520 7
613 5644 3
6810 12158 10
5393 6731 10
485 7553 5
1364 11458 7
1718 6929 1
9904 14965 5
1092 12322 9
305 4972 8
1964 13670 7
7777 8035 9
7465 14971 2
2133 12604 3
12882 14160 1
10967 15480 9
178 686 3
15805 16561 5
10967 12105 5
4968 5932 1
4774 14149 1
14841 16151 10
613 12953 6
3097 10928 4
13670 14174 8
424 4754 8
6604 9999 5
1718 8439 5
1677 3228 9
1250 7192 4
8167 11294 8
4946 7476 3
391 3920 3
2133 5300 8
3097 6745 4
11232 12408 5
8838 12158 3
5145 8756 8
825 13038 5
5332 15477 5
6330 10033 8
12826 15251 5
8439 9566 8
12513 12732 5
12961 13309 5
712 1677 6
3109 4216 2
8892 15330 3
6808 13670 8
2139 3743 7
1250 2959 3
2750 3951 8
947 2294 4
9487 14208 5
390 8855 2
95 7777 8
855 6966 6
6829 14091 5
5655 15480 6
3109 4223 7
3560 5145 10
1615 5300 9
6875 14091 9
2149 14570 5
1566 8892 9
8218 11467 1
1170 4792 4
4975 8385 4
7399 15284 9
390 13301 8
3941 11925 7
4041 10197 3
12832 16158 2
8779 12105 7
821 12826 1
305 4486 3
712 13708 5
12825 13151 4
632 1378 6
2 3039 2
712 13913 5
2235 16347 10
11294 15779 4
3951 7355 9
5325 10308 2
3720 14570 4
2516 3228 4
2507 4100 5
8582 11938 1
8487 15340 2
6249 15228 4
719 14056 4
2623 3060 9
6694 11829 6
4774 13245 10
2286 2919 8
7023 15076 9
2653 6183 8
4792 14529 3
6829 12809 4
2182 13707 10
6527 15551 1
7467 7673 4
5493 12731 8
947 5601 1
1455 7553 10
9213 14063 10
3097 3978 8
15965 16535 1
1170 10741 1
3060 7595 8
11860 16504 10
7433 16273 4
485 9121 1
4884 14971 4
12793 16504 5
5181 9683 7
1858 12732 10
2235 10425 7
4216 5878 8
2053 10308 7
178 12622 3
5601 16617 1
10953 16251 5
1422 3097 6
7467 9162 10
3978 10676 3
1328 8855 6
7073 11294 1
920 3228 3
1564 15551 6
6842 15426 6
3039 9531 2
8756 9316 1
1378 9533 2
7595 11612 5
2215 12847 3
3241 14785 10
5300 15946 4
95 9913 7
4367 7801 3
14189 14529 1
11860 15793 10
1477 4041 2
11889 12738 8
5037 15397 6
3060 12629 10
9709 14425 9
390 16434 5
7162 9111 10
4478 16173 9
6474 11854 7
7801 16949 2
11065 16296 2
11312 16273 9
5878 13337 8
7162 7284 7
5379 16554 8
4491 12755 10
9959 10538 10
9836 10928 6
4950 8069 6
4021 11889 7
34 16996 8
8797 12755 9
4216 4451 9
411 15353 2
5037 12079 4
632 7164 9
445 8385 3
5332 14184 5
3479 12513 2
6249 10530 5
3921 12825 3
11332 14149 9
968 13525 2
6808 13537 2
1615 9718 6
5958 10953 10
1044 7073 9
4325 16296 7
7348 8388 8
6701 8439 10
7349 15820 10
5332 15762 4
3843 8606 6
3920 13907 2
3375 11594 1
3212 12953 9
8599 16949 10
4256 6317 4
920 12846 3
7135 8154 1
8325 15426 8
13093 14971 10
806 947 2
8756 16893 10
9718 10894 3
12322 16430 8
11745 15218 9
6021 13547 8
2053 9323 7
712 2471 1
5994 16144 5
3476 14570 2
3375 14159 5
1210 4408 3
5655 9467 2
7423 13151 4
9213 9221 8
11458 16563 3
3843 10018 2
3069 10425 7
7620 9221 4
10018 11012 10
1210 5028 9
1422 12794 7
6249 11577 6
11498 12105 3
13795 15480 3
1496 13337 5
13337 15464 1
1418 6527 2
1025 5878 3
1319 7423 2
14529 16357 8
4538 13301 10
613 8107 5
1788 16893 10
2456 10676 3
3978 13431 10
6753 14570 5
8895 13525 6
6929 8061 7
12961 14103 7
517 7042 7
663 4538 1
11577 16119 10
233 9213 4
6604 7147 1
5794 8255 6
6753 10239 10
3476 7937 9
4774 13045 7
10538 16664 2
3896 9812 3
7465 14376 9
13036 16545 5
3610 8057 9
9959 11074 6
3649 8325 2
7467 12431 10
4296 12809 9
2181 11232 9
201 302 8
5173 14159 4
7136 10928 9
1364 3471 10
1979 11018 2
1964 10630 7
7673 9095 3
2094 4792 4
969 16949 3
12513 15200 1
446 13907 5
12784 16545 3
7872 16158 10
4095 11214 7
3319 12604 8
10635 15779 7
6432 16151 10
2490 9683 6
3720 15843 6
305 2425 8
8485 13431 2
8855 13762 8
6311 7042 10
8855 10863 10
719 7664 9
12846 16313 5
6247 8385 7
7821 10308 2
2034 15464 10
5834 9636 2
286 16119 7
10530 13648 10
3687 5379 4
15354 16664 7
4233 15480 7
12287 15803 9
9683 13481 10
8035 10329 7
6081 14149 7
7349 11596 9
5730 5803 6
3804 5037 1
9636 11369 2
258 16757 10
3951 11667 5
7006 11835 9
1979 16447 4
2022 3554 4
5476 16430 5
1918 15990 5
8855 16338 9
6808 9938 5
14091 16413 4
5476 10360 5
821 6689 9
796 4100 9
3560 10760 7
5957 16527 3
7192 16830 5
8823 9033 1
1783 15477 2
5881 15793 9
9257 10621 2
13975 16208 5
9635 10538 7
178 8083 2
7147 16937 7
6247 11849 9
10530 14808 8
2993 16100 8
7192 11364 9
1473 11369 4
4950 9196 7
4950 16006 9
7937 12204 10
13151 16918 2
1319 1981 4
1044 15270 7
3300 9836 1
12882 15544 3
7355 9911 3
8061 10552 1
250 9080 8
2653 3161 4
5320 5325 7
11062 13907 10
2123 4451 9
1006 15426 2
2777 4223 3
3069 8163 6
1378 7674 4
2507 5031 10
2652 11498 6
7371 16626 7
1964 15655 2
6678 16251 9
7698 16893 3
2919 12187 4
2652 5547 5
4408 9369 10
4408 9736 9
5958 13942 6
6228 16561 2
4433 5393 10
2034 11004 4
12679 13309 4
2425 9819 4
4973 9221 2
8299 12513 7
9533 15206 2
12228 16273 1
1807 9369 3
8986 13707 1
445 15616 6
12650 15990 1
622 2490 5
11587 13951 1
7284 12107 8
1616 13762 6
11462 13093 10
4344 5438 2
2546 14056 7
4486 8272 7
10538 16809 1
6207 12604 2
445 13938 4
4388 6697 8
5697 9467 8
5947 6745 3
2456 7092 10
1866 3804 9
11711 16664 5
1866 15091 10
6831 9121 1
4950 7979 4
4354 12847 2
825 4104 10
9736 11787 5
391 5298 3
7204 7275 1
2832 11501 8
5854 11074 5
6064 11065 7
3904 10953 2
2622 7006 9
11520 13564 8
825 2169 1
5878 14940 4
6249 6359 9
5676 6021 8
5460 9015 2
4623 13670 2
9182 10676 7
6670 14570 2
6799 6829 2
4972 5996 1
1627 15779 7
233 16532 9
11065 16968 7
11667 12783 2
11062 14864 6
5457 6670 6
3560 8680 8
517 11986 9
6031 16849 5
260 6829 5
118 10292 9
420 15228 2
10360 11712 10
9190 9533 8
411 16409 10
4623 10366 6
7046 8606 4
4754 13647 2
2493 14758 10
5050 10849 2
4799 7164 1
4308 15464 10
1566 12594 6
2744 10621 4
6031 8484 5
5869 15820 2
2940 11938 2
5379 16340 10
1823 8107 2
501 5932 7
3197 6317 3
4433 10912 10
2516 12323 10
9096 15757 10
5438 15561 2
4677 14529 9
11908 15965 3
3212 14108 8
12594 14155 9
8228 9015 7
2562 15502 6
9602 16296 6
7467 16929 6
1619 3300 6
4395 5173 4
5332 8622 9
6359 15911 10
74 16430 8
6937 11787 8
9939 15843 4
5457 8795 5
7135 13857 5
5885 12794 4
11364 13971 3
3345 15091 8
1659 3476 8
1783 16363 8
1658 16100 7
3197 5041 6
6571 13245 6
1473 4406 7
362 2832 6
11177 14785 1
821 10641 8
446 1229 7
2562 8529 8
947 6303 2
11904 12594 1
4388 14645 7
3317 7467 3
1477 16536 8
10528 12301 7
9787 11594 10
407 3743 10
6176 7006 8
1422 16841 4
9839 9913 6
2067 10676 1
1627 13005 5
8680 11338 10
10308 11974 8
4078 12629 9
2067 9070 2
220 6731 7
5034 15251 9
8680 10681 4
13707 14866 7
1677 16642 6
6694 12697 2
3644 10292 7
2400 12697 3
11058 11232 1
2652 7835 10
12600 14971 6
639 4095 10
653 15786 4
14425 16636 10
16360 16996 8
10863 12791 6
1319 6464 2
2393 12204 9
10707 15786 8
233 8022 5
968 5946 9
884 3649 2
12196 12604 3
8632 15340 3
9804 11889 3
4638 11214 9
6697 11804 7
2750 8151 2
1466 16347 2
163 10676 8
3904 8489 9
12196 16857 3
3218 7042 10
2660 9533 10
11443 15330 5
1957 14965 3
990 1422 4
13478 15204 5
6183 8290 2
11711 15626 10
8079 15805 6
13793 16636 4
4750 14845 10
1224 7666 6
5834 9940 7
7937 8520 1
7574 14719 10
5037 12968 3
9347 12228 5
4652 13971 2
821 15533 7
1496 9502 9
812 9836 5
4442 13857 2
10360 15710 10
4469 5028 5
5286 13537 6
5932 15165 2
3766 4946 7
11889 12291 1
4969 15206 7
11018 15643 5
5011 7674 7
5433 8228 8
2400 5048 1
1783 5139 2
10308 13252 10
2546 15936 8
14057 16447 5
8272 14081 5
445 1246 8
1981 10916 7
4931 16338 1
8895 14724 8
9972 15251 4
6431 10033 9
2053 13615 5
10446 13707 5
11012 14611 10
4442 5554 3
6701 7269 8
9257 12701 2
3290 4456 10
2856 3471 5
1466 9390 8
1566 15140 8
7501 16830 4
6604 15318 3
8083 9437 5
2022 15645 3
10871 15533 5
4406 15530 10
517 15391 4
15811 15965 4
2741 16535 10
1725 15080 6
6689 7413 4
1786 11501 7
7358 8680 3
9316 10941 9
10621 13214 1
7167 12105 8
14189 15373 9
4216 8902 10
9502 10745 8
10356 16006 1
7597 15965 5
1167 11854 1
3923 6670 10
8756 13491 7
6842 13873 9
1964 11464 6
5011 10699 9
4968 5793 5
6720 14575 1
2779 10366 1
6549 9939 5
14645 16301 5
6543 11804 1
12291 15737 10
10329 10735 5
5664 12784 9
5885 12986 4
4895 12732 10
12504 15762 9
5212 13274 3
999 6745 2
10033 11647 2
663 15798 6
11038 13038 1
8839 10308 9
7042 15259 8
3824 9182 4
1319 1971 10
34 14299 9
6701 16102 1
9913 12182 10
2695 8107 3
5292 16491 4
4538 15219 10
1255 5664 9
6499 16295 6
4175 16301 3
5107 5554 1
4469 11459 7
947 3653 10
7979 14378 7
118 12062 9
598 8986 6
8872 9015 6
2535 4972 3
16588 16642 2
8484 15289 1
2747 12783 8
11369 14038 9
9111 13948 10
3428 6799 10
2695 16524 3
12762 15786 1
5767 9487 4
712 16564 8
3272 8756 6
5048 14413 1
2829 10916 6
2473 12301 10
371 7476 10
11480 15561 9
10582 15391 5
1210 7241 4
632 8734 4
11273 13481 9
4579 12882 7
10903 12062 3
302 11468 6
8167 9788 4
11332 12495 10
884 13649 7
5803 6470 10
867 14866 3
2993 10607 10
7413 11425 4
1050 9182 3
7666 10362 7
3109 10827 7
5300 16399 3
8900 12495 6
7603 13045 8
806 10651 8
14174 15167 1
6228 12722 2
7128 15643 2
8857 12228 8
10070 15869 10
4623 10904 6
533 3941 5
6139 12783 3
3183 14378 9
487 14785 2
8622 12407 9
8895 11008 3
4772 12105 6
9192 15218 5
8022 9391 4
10804 12948 10
4021 8390 8
7674 10823 1
3920 11853 6
7170 16295 2
4078 7364 7
9999 16805 3
4774 5573 10
3228 12134 8
4645 10735 7
8892 14525 6
7191 7348 8
8855 9282 10
3319 4235 7
3191 15530 2
10400 14160 7
14098 16430 10
1658 3178 1
5691 9192 6
8297 10804 10
8845 9939 3
8061 9605 2
4774 6440 5
8931 14057 1
10745 15775 9
14368 16295 5
2 15029 9
8308 8838 3
812 7926 3
1118 16524 2
8167 9729 4
11802 12791 7
2516 11326 4
596 8839 8
3923 6390 6
362 7865 1
7406 13938 4
6875 11926 3
639 13949 7
5173 12076 8
11792 11860 8
5132 13615 7
3896 9093 4
1527 12079 8
4973 16327 6
2294 9283 5
1261 1319 5
2622 14118 7
9095 15018 3
9765 11012 5
3795 8228 2
11241 15762 2
3904 8918 6
6966 7809 1
4706 16273 8
8413 14940 8
5026 8413 3
12701 13754 1
1136 5793 9
1890 8872 2
6652 14645 2
11425 15470 7
3685 9487 6
445 14302 1
1619 7924 2
999 14660 8
6808 11617 9
9161 16340 3
5028 11147 8
4562 5460 8
7467 13291 5
14063 14135 9
14551 14758 9
2401 9283 5
14902 15626 6
3804 9444 1
1260 7666 3
7821 8201 4
2235 16615 7
4597 16301 1
12629 14247 8
1627 16971 4
859 12784 3
7040 15805 3
6810 8415 3
5816 9836 2
7364 12069 5
5644 9465 3
7159 15477 10
1584 4216 2
6403 16664 4
7095 14189 1
4706 15151 1
4123 11018 8
11604 12846 3
7931 13649 1
7924 16529 10
2695 16376 1
7339 9192 1
4680 14719 5
2695 15753 4
3575 5181 1
3198 6678 3
5767 13645 6
2384 5854 7
4491 12054 10
5088 5145 2
6901 16434 6
8779 15654 5
6474 8455 3
4005 10635 2
1408 4478 3
6454 7339 1
11394 11860 10
8795 16253 6
5988 9283 10
1534 5655 3
15318 16978 9
52 8325 5
1025 9763 8
8357 8529 3
10851 15391 6
2149 6817 2
1260 2595 6
6739 9221 6
1394 7821 3
7399 11551 3
2750 3014 1
15616 15984 4
4972 8230 1
6222 9959 7
5294 15206 1
10670 16173 1
11074 11209 6
6731 8374 2
5034 14179 7
1786 15425 10
8081 12323 5
775 9242 8
11012 15011 4
11294 16159 9
410 16327 10
8979 16636 5
2547 3345 3
859 2767 5
3891 8551 1
2094 14565 5
4020 12791 6
6771 10425 8
15779 16404 8
2493 3937 6
3241 15111 10
4861 13708 10
2141 5145 1
2655 14660 9
4887 16642 8
11434 16680 7
7955 10953 4
2362 13038 2
2856 13374 10
3174 4233 3
6929 10937 2
5946 16171 7
555 4975 4
5957 14018 8
1807 3528 8
4928 16929 3
403 5869 7
1829 4325 9
15054 16313 6
10403 12291 9
4003 15936 1
867 2924 2
390 6738 6
5034 8254 3
15289 15382 8
1604 2653 2
407 14253 4
10848 13938 8
2025 4041 9
7620 10819 4
2820 9502 3
2149 2430 8
8319 15018 7
12670 14971 5
13088 16357 8
1615 4496 9
1364 12489 10
3880 8582 10
3225 6604 2
9844 12600 10
2856 7353 9
7620 16511 1
11255 15414 1
1006 12689 7
11849 16476 7
9587 15165 7
5294 8750 3
4373 16563 6
2591 5828 5
7366 8218 7
7801 13727 7
3880 7588 2
653 9175 9
6222 15084 6
10308 11362 5
2623 13616 2
9283 10943 7
2864 14302 2
4354 16021 7
12953 15972 9
14799 15946 6
5991 15340 1
12272 15464 9
1378 11173 10
2141 12245 1
4017 11854 4
6303 10410 9
485 2115 3
9707 16021 9
867 8614 8
884 11122 9
2565 15426 9
10639 10953 6
2653 7724 8
4363 6994 9
5573 15428 8
11551 11983 2
6403 8265 4
5592 7406 9
16208 16624 3
2895 15626 5
13478 14329 5
5919 12431 8
1261 6898 5
163 11558 7
10528 13503 1
1044 10295 1
7095 16454 2
11458 12542 2
7330 8779 2
6143 13045 3
10614 11617 5
9213 12724 9
14937 16978 9
13857 14243 1
4757 4946 9
4338 9282 8
6163 16119 2
10352 16636 9
10425 16483 3
4743 11255 6
397 15820 4
10420 10735 4
7673 10395 6
4895 15062 3
6176 9043 8
3569 14047 2
265 13615 4
7284 9777 5
920 12013 4
8529 13187 7
2007 3178 5
12783 15386 3
7044 7777 2
6081 8496 10
3913 7673 8
14611 16185 5
7114 11232 3
14706 14965 8
1616 7064 10
806 11547 9
10820 15972 3
517 15925 4
5379 8673 9
989 10912 8
1856 16454 6
14329 15301 4
9175 16386 6
5519 8986 10
989 13496 2
7465 11215 1
6183 7509 2
7731 16654 4
4901 8290 10
1473 12402 2
945 3014 3
13649 13712 10
7353 16268 7
8108 14575 4
475 15533 8
9301 9602 8
7706 12793 9
3161 4567 10
3407 11577 5
3012 8779 8
176 2652 3
2653 12018 2
11768 16357 2
9221 11951 2
11523 15633 4
16535 16897 8
3531 4095 5
4326 14118 9
9242 9442 1
3290 13607 2
2462 7092 1
4973 16852 6
1841 15204 7
917 8108 4
15185 15391 7
1902 11647 3
5734 13708 4
1554 16158 5
8332 12731 10
11523 13675 1
185 3795 5
4538 14538 7
4433 5535 1
533 9034 8
14111 14247 3
1224 15892 9
1777 10528 7
3549 12832 6
6874 15251 8
11583 12504 6
8561 13093 3
12013 12571 7
8108 14826 7
6587 9307 6
4724 12953 6
2585 4887 9
7136 11446 6
2632 6454 7
9729 14449 1
5577 9602 5
4969 7750 8
8734 13255 9
2933 5011 3
993 15426 10
812 1656 10
12323 12597 3
16021 16426 4
9044 16897 6
5520 6064 1
1658 10807 9
11538 15382 1
7111 9442 6
5107 8928 6
4367 11906 9
7809 13652 9
446 3195 6
5 9121 3
2756 10823 1
1025 11069 6
4003 11929 8
619 8582 4
6479 10425 3
7167 8346 9
2856 12636 10
3115 4799 10
1119 1658 9
4111 9365 8
8272 10252 2
10916 11494 7
4826 15480 4
1418 10203 8
7314 8892 9
6027 12228 4
2118 7937 5
2397 11787 2
4130 4754 6
4611 6543 3
1339 11008 8
1907 4875 1
375 15643 9
3152 9959 8
12891 16642 10
5761 9844 7
90 10635 5
3154 9307 9
2173 16119 1
4623 15209 5
487 14163 4
6021 11621 3
8673 11883 6
8485 8852 6
6021 8890 3
5793 14270 8
4367 16786 1
2215 5032 8
5332 10934 1
4459 9709 4
7136 10460 7
1845 16615 6
2808 10735 5
12489 12854 2
9070 15836 9
796 11075 2
719 13051 5
5653 11587 3
5535 6058 2
3597 7467 3
10908 11986 8
1255 8112 3
528 13151 3
13614 15259 3
6072 9015 2
5034 15868 1
1477 5486 5
11777 15753 8
6448 10641 3
1764 15091 8
426 14174 2
29 4724 1
1907 14313 3
7033 15544 10
3895 10745 4
14018 16755 4
1627 14919 7
1615 11743 1
1845 10265 2
4583 8734 7
4790 4895 3
11446 15388 4
501 10802 6
1841 14999 5
5547 11302 5
6114 10953 8
740 2741 1
4118 9365 3
1211 8224 2
5524 14135 1
5655 11798 5
4645 6076 2
5254 16295 3
6697 14549 7
7191 7628 3
12322 13702 3
9457 13963 2
11647 13585 4
3770 6072 6
945 9394 8
12953 14193 10
4706 12125 5
10470 15470 4
2400 5090 8
1659 8944 2
1856 9872 9
3699 5028 6
9726 9836 1
3039 15141 2
391 8289 2
806 2572 8
11446 11752 8
3596 14098 4
12196 13954 9
1287 16642 9
5524 8283 8
4570 16830 1
2378 12196 9
37 6139 6
903 12079 5
6789 7064 9
11729 13374 1
12347 13274 10
1119 15768 6
5877 10356 8
6829 13721 9
5601 6946 3
7399 16153 5
1555 9112 8
3904 15665 3
1043 9221 7
3387 7314 4
6929 7783 10
14438 16554 5
7040 13182 7
925 5881 2
1510 11938 1
4583 4882 8
3115 3693 7
9846 10366 9
7194 11904 3
9196 13752 2
2571 15869 4
2727 10904 5
3476 11770 6
6076 8105 3
6082 9192 5
8377 9242 9
4975 7392 3
407 14753 3
7835 14515 6
7197 10894 9
10641 14307 2
7191 9366 5
8909 11938 6
5765 13564 9
6571 8138 7
4373 7785 4
8975 9788 9
5970 12797 4
3597 15718 10
1791 8254 5
8151 9702 9
420 4650 6
1693 11849 4
10552 13704 3
10440 13873 5
5991 15541 9
3812 4018 4
7634 8385 1
8305 10621 1
8772 15761 2
5919 8293 10
7147 10082 9
3904 14648 8
7745 8772 7
7392 12619 3
9459 15219 10
1678 8852 7
10308 16628 4
3743 11582 3
533 16024 5
632 14372 7
11178 13051 1
1511 4975 9
5622 5664 1
3351 13675 8
7490 13428 5
3375 11386 6
11849 12120 10
8125 12791 5
14758 14863 8
6946 16040 6
9221 15685 1
16470 16483 5
15141 15928 9
3088 7348 7
6081 14113 8
1119 9417 6
16523 16830 5
2467 15318 6
806 4701 1
13064 15645 5
5041 8809 5
12732 13447 2
13938 15135 1
6789 13418 6
11075 14752 7
5691 15287 3
37 14657 3
1831 2653 1
12606 12679 6
8756 13391 6
2546 8200 2
9972 10486 9
5793 16795 7
7162 9477 9
2864 16514 10
5594 15251 2
2516 3324 5
2173 10149 2
7722 16313 3
4143 12079 4
3370 8857 9
11060 11951 7
619 16049 3
10795 16680 1
3999 4975 7
3874 6359 6
10359 10735 6
5759 15382 2
5852 13975 10
10293 12504 9
558 15354 6
1096 14091 9
11122 13609 8
13481 14725 6
3431 8297 3
5056 12158 9
12309 16971 3
5294 5478 8
7023 7525 3
8167 15700 1
1783 10280 10
6670 6907 7
1058 12408 8
4216 15500 10
10366 14120 6
2159 10639 9
526 2286 9
4445 9726 6
7802 11551 8
3775 6076 10
8893 15284 3
773 3345 2
6789 13298 6
6584 14971 10
3865 16849 10
2389 3610 7
6808 14259 4
3375 10455 7
2529 13607 1
10134 16159 5
5577 6679 6
12619 15182 5
1261 12486 1
12626 16021 1
3280 3693 8
1681 1890 10
4491 7271 9
9043 9101 2
622 12247 1
2114 7634 3
8254 15322 4
1746 14565 5
1255 9264 10
2747 9861 10
6178 16006 2
1012 3345 9
12894 15354 7
388 9171 5
903 13801 8
7590 14538 6
5100 10849 7
6311 8825 6
4322 8750 2
5463 12604 7
216 9707 4
8542 9605 3
15737 15986 10
5019 9316 6
9804 16101 10
10240 15925 8
8899 10197 6
9938 14729 8
1511 10462 2
8156 9190 4
12882 13782 5
3379 13298 10
903 5441 4
7366 12871 2
397 8338 4
2652 8310 1
2777 9968 8
3795 6669 7
1812 2820 8
302 14227 8
2892 6499 2
8317 8561 9
11330 13801 6
29 16854 2
8680 13363 6
2695 13850 5
7341 14529 7
5463 10291 9
15228 16269 9
9310 11854 7
7381 8845 4
5977 8520 9
2123 6933 6
580 16795 9
4722 16399 9
3069 16526 2
5676 6377 5
7006 8740 7
6699 16295 3
3595 15330 6
2444 13151 6
3142 8388 2
7673 13680 1
5191 8455 9
8112 9423 2
1890 6445 4
773 13451 3
4118 15412 4
968 9705 8
11770 16826 10
3768 6584 10
13745 14841 5
5720 16628 7
10280 15682 1
2143 7381 10
3528 11078 2
7970 11926 9
9374 14247 2
8909 9706 3
9065 10265 2
7611 14826 7
11544 14135 5
5404 15616 10
8332 10193 6
6632 15502 6
11326 15629 10
3115 7430 3
8317 11269 7
6669 15319 5
9193 16454 9
8275 11074 7
3174 13033 7
12525 16426 3
5091 5877 5
6842 9665 10
598 8348 10
7662 12832 2
13057 13712 9
7611 10524 10
926 14724 2
13761 15533 9
2578 10670 4
1339 1406 1
7491 15616 10
8979 16877 4
11215 16326 9
10292 12297 5
663 3360 5
10792 11986 7
5716 7269 5
769 989 5
6470 6478 3
7192 8743 4
11273 16828 8
3871 15165 10
1555 9470 2
11743 13832 8
9763 10867 2
2507 15214 4
13547 16616 9
7169 13954 9
4100 6781 3
1777 11626 10
8255 11157 7
8455 16215 6
517 16492 8
3766 15604 3
11464 14508 1
5292 16850 3
2182 13808 8
13765 15811 9
3824 7596 8
13776 16327 7
1807 8140 2
14189 14803 3
4960 7476 4
158 15353 3
4357 6789 7
4799 11687 4
947 3347 1
3280 12310 5
2466 16376 8
4562 7517 5
11132 15761 7
1867 4143 6
5957 6916 3
632 7328 10
100 859 2
3228 14838 6
4650 9608 1
265 14979 10
5126 9093 2
11745 14350 1
7926 14905 5
6866 14302 8
8845 12736 9
13525 16706 3
143 10819 5
14804 15319 4
691 7381 5
9189 15936 1
9907 16877 10
10070 14236 7
446 15880 10
2094 7882 8
10769 16877 4
10420 10797 2
15885 16326 3
814 12847 2
2924 12430 7
157 5554 5
420 2291 6
11195 16588 9
7465 8840 5
9949 15140 9
8622 11290 1
9735 10953 6
4644 6058 7
2657 15135 1
3766 6591 10
4743 6418 3
4083 8299 5
6799 7885 4
2576 16514 8
7498 16535 10
9511 14803 4
4395 12363 3
8869 14184 6
9394 13574 6
12832 16643 3
3345 11664 2
5486 7607 3
3667 11494 7
4623 15105 3
846 6311 9
639 16964 7
6670 13940 10
131 3649 3
388 2938 7
3395 15946 3
4960 15082 2
3012 8654 10
1006 6735 2
5932 6997 2
4985 12301 1
2462 3186 9
11356 12953 10
3595 12150 1
8129 13782 4
10792 14393 10
4129 16968 4
4367 13404 3
16420 16830 4
7924 14761 2
6143 15558 6
2790 11147 2
479 3195 10
7634 12154 4
9121 14775 9
2051 3198 6
7951 14758 3
3728 14063 4
8220 11332 2
9257 12438 5
4150 7951 6
286 15504 3
3651 9162 5
7483 11729 7
14350 16817 8
10847 15645 8
2781 7777 5
1095 13309 1
7085 16664 1
6315 13574 4
879 11587 2
4005 14776 5
5444 10607 6
2767 3367 1
9948 15470 1
4153 8200 7
8417 8680 10
37 10748 4
375 7748 3
9297 15386 2
8108 9124 1
15757 16089 7
8069 15671 5
4822 13571 5
4137 4645 1
8417 13674 3
675 15718 8
6222 10226 1
1532 7092 7
921 1422 10
7584 15105 10
16357 16530 9
3884 9070 5
15774 15990 1
5003 11974 3
677 2562 4
4373 10289 7
14159 16625 3
5002 12603 4
5869 9134 8
7754 12182 10
8606 10314 10
272 11849 10
5871 9301 4
8299 9719 1
4220 13762 3
4901 7805 6
2475 16615 10
6834 11829 7
3588 12438 10
2777 14446 9
4384 9718 7
9418 10362 1
8466 15251 10
12291 16496 1
14260 16100 3
3513 8928 9
4496 5781 9
682 9502 5
2892 16726 2
1516 2547 3
10552 12072 9
4435 12107 2
6957 15228 4
74 16928 9
3372 10863 3
1229 5615 8
6199 7092 7
7198 8079 3
11127 11929 8
233 3166 10
3060 9469 7
7728 8218 6
14611 16823 7
6874 10325 4
2820 7290 9
7432 11551 4
1527 12625 9
7940 13291 4
14724 17000 2
5958 9748 4
3519 15665 9
9934 16040 4
15098 16928 8
3657 10403 2
12291 12392 7
10159 15182 8
142 9844 2
3887 8900 2
558 1334 8
4826 13902 2
67 15911 2
4884 6368 7
3490 12724 9
9591 12107 7
9608 14632 3
557 2576 9
8374 13511 2
672 9124 6
5298 6263 5
3569 11108 4
12277 14174 6
6745 13202 6
710 3693 4
8377 12422 1
8345 14120 2
7169 16753 8
390 15781 9
1692 11173 3
4 7597 2
1334 13460 1
5126 12497 7
3232 8928 1
13036 15730 2
11262 14189 2
6443 13151 4
8857 12014 4
5139 12980 5
622 10404 1
4315 15700 5
3401 8857 4
10313 11209 10
2512 15289 4
11192 15836 1
4287 5720 4
655 9531 4
11617 11844 10
5594 13636 10
2632 12856 6
4884 7287 8
3445 15318 8
1394 4513 5
2690 8520 9
9880 15151 5
11736 13431 4
11419 15167 3
157 10898 1
3653 9538 10
10251 11464 9
2516 11674 8
6937 10231 5
8270 8317 5
586 11386 7
4577 11951 5
11908 12487 3
6614 8338 8
1852 7483 2
5752 12594 5
6023 15541 9
11647 14755 3
3191 6126 5
9044 13248 6
7989 16642 4
5736 12407 6
1646 9459 3
5098 14057 9
4916 8299 9
5650 8254 3
2143 4343 7
2063 8377 7
9015 14693 8
242 5759 8
4373 14606 1
8777 13727 10
2067 12208 9
8845 14710 10
1763 13255 7
1971 10655 2
4733 9257 1
1858 12931 4
5132 11504 2
8249 11074 2
5505 12287 9
6980 8293 8
6830 16643 3
547 9366 6
1386 7673 2
8324 9390 10
728 2779 9
5643 8108 2
7599 10446 9
547 3856 7
1468 5765 9
3743 9231 6
2591 6307 8
4828 8487 10
26 4638 3
445 7804 9
10923 14155 6
5534 7620 6
5376 16340 6
610 1890 1
2777 3448 5
1501 8230 5
823 13036 8
5547 15343 5
1386 7867 2
12226 16706 10
4452 16185 6
9645 11804 4
1823 10643 4
4388 4656 9
10352 14034 5
4419 15425 2
995 1527 1
1518 6440 9
302 9120 8
4109 13036 6
6826 13765 8
6199 10046 5
10639 16944 6
6565 7339 4
239 4083 8
2397 12698 2
8254 8930 1
12642 16253 8
898 15206 5
5170 6898 3
5 12267 10
1006 6968 10
8263 14184 1
3272 11086 2
1807 9540 3
9300 9587 7
1255 9446 10
5848 15645 8
3735 12738 8
990 7081 9
10354 12931 4
6317 13067 8
4129 7810 7
15300 16757 8
6001 16545 4
9044 14623 1
1968 2924 10
4960 12038 5
5027 7821 8
176 16533 5
9274 13704 9
7412 16208 2
4214 11983 6
1373 5026 1
5205 10655 1
4075 11464 10
4891 15654 1
5532 10265 8
4623 11095 3
4256 14825 6
16253 16980 7
4445 13439 7
43 7596 2
4750 14792 4
4368 5988 7
11462 14941 3
6588 16399 5
4672 9788 7
557 14060 7
9775 15412 8
10847 16396 10
4773 11835 8
5885 9936 4
283 7241 3
830 15885 10
485 752 6
1348 15318 7
2324 8069 2
5037 16432 8
5871 7507 10
13215 16102 8
3166 11560 1
1043 9463 5
13558 14724 10
7392 12113 9
7802 10933 1
15378 15965 10
10851 14416 1
15972 16080 10
1146 7085 3
2895 4503 7
6445 11533 4
3401 13672 6
10733 16483 4
2051 13446 7
7882 14728 1
29 16112 2
6076 15512 9
10331 12062 9
1786 9312 5
7134 7164 1
7666 16941 10
1282 4395 5
4003 7347 1
7724 12936 4
7338 12430 2
7634 7824 2
3282 9872 7
3617 10460 6
5482 9707 1
8918 13156 10
11988 15793 5
8119 16173 9
11923 13245 9
4216 12041 9
4916 12737 9
7484 8809 5
4095 6724 1
2 6357 3
12840 15330 6
10308 16627 1
1466 2204 10
3385 5752 10
6311 10250 3
999 7892 8
15080 16920 7
3197 6574 8
586 4387 6
2114 6621 8
7370 10240 10
7780 11908 2
6912 13088 8
10842 13795 1
5824 14623 4
12780 15775 1
3509 4597 2
4579 11943 5
9911 13766 10
1534 12201 10
610 6644 1
270 3280 8
6271 11889 7
7607 11561 6
371 16472 10
712 16738 8
2735 12976 3
969 10399 4
9224 14103 9
14194 15836 8
6133 10134 7
8277 10329 5
10998 11312 8
4261 16295 7
6265 9702 4
7290 7682 5
8898 12187 6
1488 10314 7
2846 10395 9
10468 15340 5
3178 4306 8
6311 7316 5
2609 3319 4
1266 7706 6
5105 5577 7
10624 15054 5
9263 12513 9
6950 8346 8
533 15468 3
5878 13254 10
2471 14588 1
1502 5379 2
1012 10640 10
6632 9367 3
13977 14937 8
3351 9392 10
9679 11538 9
3097 7067 6
9636 15457 6
13900 16971 4
2897 7406 8
8779 13263 6
363 3186 6
5100 16486 5
8417 13529 3
3795 10613 1
1113 8230 6
11089 14368 2
12626 16443 7
7550 14302 3
4830 13291 9
2781 7152 7
2763 11538 5
3412 6228 3
2054 5463 3
5376 13122 3
5296 7674 10
273 596 9
6606 7338 10
7348 14434 7
13683 14902 5
885 8898 5
6440 8291 7
3519 14359 8
3941 5414 5
2215 10671 9
2867 4220 6
9316 16570 9
2389 6954 9
11013 12402 3
823 15467 9
3893 8270 6
1508 11058 2
499 10792 1
682 4212 5
224 11829 7
150 1468 3
5878 15005 7
2430 15579 9
1004 12201 10
581 11617 10
11626 15263 1
158 6050 1
3132 6479 3
5126 8217 3
6703 16706 10
2622 14571 8
3526 12948 8
4203 6966 5
220 13799 6
10188 10651 1
8582 13576 4
2026 9070 5
764 16158 8
10319 11804 9
5653 7632 1
6407 16536 3
3401 6671 9
3407 8572 10
10397 11302 6
9024 12408 1
197 6574 3
543 8734 6
6331 15761 10
595 10352 7
7970 12313 3
975 14098 4
8228 16419 1
7114 14795 5
13291 13415 2
1218 7023 4
1328 8387 10
13604 16755 4
2979 12953 7
7126 11419 5
10395 11585 7
4408 6507 9
633 975 7
239 4236 9
1700 9015 5
1894 13529 5
6348 13064 10
4300 6701 4
9940 13729 4
5925 11525 9
779 14902 6
1584 2014 9
15672 16327 4
224 405 9
4638 7089 8
1665 4003 9
10265 10281 3
6454 14202 9
6829 13412 1
8777 9842 7
7007 16918 4
1380 13948 9
3651 7580 5
2040 2063 5
11995 16563 4
11560 16925 3
2781 4085 2
4401 10842 6
3503 10827 2
9722 16419 8
9904 12227 1
12762 15908 5
1936 10640 3
7963 14565 8
5185 7588 4
5863 16514 3
2081 10848 5
5669 10941 7
13309 16473 9
1633 13604 2
26 5149 4
9264 11603 5
7745 10229 10
3347 15273 8
3610 10296 3
2176 14063 9
3720 14951 10
8576 14413 3
3597 16465 8
9683 14914 6
12865 16447 6
15728 16040 9
9719 13952 9
14428 15811 5
8970 15301 3
3399 10898 1
4395 8910 3
1764 5391 4
2369 5947 9
6303 8728 7
5957 6658 8
12059 16849 8
74 6664 8
5554 13297 4
446 9089 7
11492 16823 8
10928 13803 4
8489 13358 6
8934 16893 1
10203 14629 7
2001 2242 5
8333 11241 9
6863 14368 4
3262 16536 10
4672 9510 4
3166 11637 7
7089 9623 4
8103 8388 7
8131 12604 9
7348 15143 2
999 5488 4
2576 7960 9
2881 4826 2
5740 14776 1
1380 14662 10
2357 10397 5
1615 6147 1
2854 12313 9
9430 15798 4
8831 10614 1
1867 6123 3
3867 8845 4
14525 14968 6
686 11894 4
7300 16996 7
6874 13398 3
5187 12606 8
8254 10447 1
945 1273 2
11339 14841 2
4123 9055 3
6486 8979 10
4973 14935 2
2357 12646 9
371 15712 2
5808 9819 3
5898 8599 8
3693 8312 6
7430 8989 8
1351 7664 1
11603 16084 10
1998 10410 3
1662 2490 2
9948 13998 6
2035 8108 3
8606 10207 7
12297 12397 1
1530 9297 2
677 5949 10
5881 11313 3
2767 9434 6
4743 16464 8
6699 10013 8
9932 12722 5
6218 8388 7
3810 6831 3
3026 6771 10
6480 7872 2
76 7632 3
2357 6563 8
3069 6444 2
3141 13254 7
4769 7483 3
3339 11525 2
8772 10591 2
8485 15170 4
6703 12051 3
7467 12787 10
1527 1591 3
13726 15470 9
918 6549 10
3218 6012 6
3626 7810 8
1291 1858 8
1516 9046 2
5347 12347 5
5782 16159 8
8333 16088 1
12458 16100 8
8348 8881 5
10255 13558 9
8417 13557 1
10706 14449 3
764 15864 1
5254 12932 8
7754 14806 2
7048 8357 2
2440 3871 3
1412 9949 10
3896 8926 8
653 14491 4
682 9921 2
7628 12881 10
2276 11787 5
1831 5540 1
1195 8680 3
2821 13428 8
9304 16809 8
9968 10986 10
7545 8119 8
9947 13398 10
1788 11491 9
7585 13754 8
660 6703 5
7550 10694 5
1043 1878 6
433 7044 6
5698 11173 6
10454 11273 4
2067 13813 2
131 10012 2
5524 11344 6
3262 4805 10
6880 13446 8
3195 14633 7
7660 7673 4
9040 16173 6
1380 15352 2
1250 7035 1
8294 15533 2
7330 8188 10
2169 5758 7
1422 6857 6
647 5664 1
3229 11582 10
1858 9247 10
6725 8154 2
1210 10674 2
7198 14479 5
1597 14575 5
3487 12497 7
11411 14752 5
11899 12625 1
5655 7061 1
7241 14080 2
3482 7940 6
16258 16511 7
4264 10621 8
2133 4516 5
8521 9511 8
420 14567 10
13839 14710 7
5325 5866 10
4576 12134 9
3347 15802 2
4189 6470 9
13557 15441 2
9947 11454 4
362 7739 6
981 6831 4
5824 13138 7
2439 10842 8
13052 14919 8
2516 6828 5
8890 11176 8
728 4371 9
9806 11464 9
4294 6265 3
4197 7081 5
2081 13130 10
8423 9347 3
16338 16341 6
945 9371 10
14792 16038 7
129 12150 6
11585 16037 3
9274 14578 9
5844 7147 6
3498 14425 9
9417 10458 10
7633 11551 10
3924 12458 8
6343 13609 7
920 2372 6
4300 6017 4
9446 12494 4
10295 14058 5
10470 10886 8
1998 13990 6
8324 9837 4
2925 10904 4
10625 12513 8
5932 8433 4
8934 15447 9
5056 9800 10
314 1136 2
10193 11343 8
180 5376 5
5438 14983 10
7557 12489 2
3775 16086 5
6199 7068 1
677 1085 8
2872 11560 7
9949 12119 4
4706 9497 5
2576 11901 8
8332 16354 3
1306 9846 8
12817 16454 3
6228 9523 6
646 1791 6
1250 5262 9
5748 15710 4
4214 13146 4
13024 16037 3
3743 11490 9
6440 12927 4
3375 11987 5
6048 12738 6
9470 15211 7
411 12242 1
1181 8734 9
6457 15665 1
543 14590 8
2879 6499 3
13297 14677 4
1036 6445 2
9301 11486 8
6167 12187 10
7470 16464 1
2526 12504 8
5442 7358 6
7802 10571 1
3474 5088 3
106 12793 9
3560 10574 3
507 4175 2
7371 16093 9
5652 7785 3
3088 8705 1
7159 13666 3
8496 13781 10
2454 15869 1
9702 14918 6
10251 16691 9
8240 10807 6
302 1933 1
2911 6315 7
10874 13358 10
7885 10777 5
6341 9880 5
2025 13539 10
13794 14529 7
7071 7194 2
4175 13034 3
8635 12953 7
9024 16218 9
5109 5547 5
4013 6147 7
8284 8928 2
3166 10746 8
1763 4520 3
6108 12626 1
1498 11560 8
6867 15868 5
2439 8451 8
4763 11533 9
5181 14920 4
4750 6770 9
11829 14225 6
8240 16525 4
8410 14611 4
10013 16754 3
8415 10279 7
8857 16931 10
3775 8759 2
2867 15509 8
3653 12742 3
3865 14365 1
2576 12921 6
4294 6286 5
1003 3667 2
2456 10117 1
507 6613 3
586 3546 8
2747 6042 9
267 6443 4
11382 11561 1
6832 12227 4
5730 16682 4
7694 10018 8
208 9872 1
6720 9384 7
9927 14551 5
9080 12548 9
2655 3559 8
7093 13202 4
9597 16443 10
4197 14341 5
12875 13415 8
6609 12697 9
6123 13611 6
7832 14845 9
3549 9802 10
4478 9289 4
4003 14204 10
11833 16823 7
980 7590 8
1700 7084 1
953 12322 10
4486 16415 5
9573 13248 7
12787 13688 9
5752 10116 2
2746 15604 1
11849 14344 6
12939 14632 9
3430 6454 9
7706 9580 1
800 1508 2
5781 12941 6
10163 15098 3
7109 9949 5
2467 14909 2
3114 11923 10
5253 8900 7
7731 9072 8
5458 8284 8
9101 16330 6
2378 8034 10
224 3465 5
3554 10282 2
10229 14408 5
1584 2099 4
6907 9532 9
3887 4474 8
1480 14113 7
2943 16805 6
9880 12902 4
5100 12686 2
3086 10804 4
6263 7110 5
14755 15664 9
1195 1818 7
5546 5996 2
1297 9872 9
10193 13402 2
15073 16809 2
2094 14068 4
2200 5254 3
9955 13254 5
390 4653 9
1249 6474 3
7366 16200 3
4408 13526 5
3789 7134 7
1641 11060 5
5238 6606 1
9972 16289 2
9561 9837 1
8416 12242 1
2802 2940 2
2212 12525 8
1245 6933 1
4233 14642 10
15665 16293 7
4550 8487 4
1267 13038 4
68 13951 10
12495 13554 5
3776 5028 10
825 15687 8
9018 16258 7
2622 8729 8
420 3024 2
4246 4503 6
639 13591 1
925 16435 3
2577 3387 4
26 1361 2
5493 10338 10
3429 11074 7
7330 12288 3
499 13625 2
2529 16736 2
11495 11544 9
2242 9001 4
7174 7940 9
1845 3308 9
2173 5354 4
4809 15029 7
3657 6608 8
2660 10813 6
9360 10289 8
4585 9093 2
5232 5325 6
11290 13640 4
1496 7049 2
5298 5450 6
8603 8979 10
10622 14645 9
4442 13048 7
357 8433 6
9911 14681 7
4722 7513 1
2305 6745 4
344 5925 1
5869 6334 10
12201 15216 2
10046 15156 4
10635 11155 1
14844 16413 10
4593 11086 10
8700 14091 3
1417 3569 7
12784 16223 4
7114 13482 3
1646 5672 7
3740 12071 10
1380 13405 1
6211 13900 7
6863 9431 8
6072 13479 6
2471 2680 1
999 1427 6
825 10926 3
722 5546 5
13036 13841 8
4657 6937 2
11915 13766 6
318 12018 8
13645 15948 9
4911 5433 8
2436 5782 3
3038 12204 10
5513 14940 10
13200 13795 3
1477 8649 2
4297 10468 4
8556 12875 4
7101 15412 2
2020 3649 10
9192 16039 2
7846 15687 5
13795 14813 10
4396 15151 5
7634 13329 9
5402 7136 1
9817 11326 3
9323 11661 5
863 14149 2
4235 11765 9
2616 13781 3
4363 15046 3
814 9146 7
175 4567 10
176 541 3
4406 9100 7
6923 9264 7
257 7432 7
3843 10688 2
1167 3708 1
6637 10329 8
3978 6955 3
5767 16302 2
3385 11965 6
3069 5427 2
4478 5258 5
8552 9842 9
2473 15173 6
3154 14576 5
15885 16768 3
1663 5300 9
4969 10930 8
3374 6527 8
9274 13289 3
5730 12493 4
7110 11083 8
15928 16308 5
1570 14825 7
8319 10378 9
4004 10159 9
7532 8289 3
7267 15781 1
9470 13326 7
4542 14408 9
9247 14563 3
3132 14510 7
3781 16949 3
8472 10446 8
1842 6609 4
14971 15879 9
10549 10707 2
5744 14677 7
8141 15391 3
9446 16214 7
5920 8272 10
11060 14988 4
2175 12894 1
135 9802 7
11581 13254 4
2842 9323 8
2436 3137 9
10433 13088 8
14820 16706 7
1549 10930 2
1725 11052 10
176 5346 2
1098 5650 9
6599 12576 5
4192 5885 2
7835 9389 1
10613 11217 1
862 3554 8
5376 14136 2
12698 13084 8
2690 15919 4
4088 13776 4
3474 15950 10
6840 12014 5
8218 13344 10
6587 9908 6
3605 16588 6
458 8119 7
15087 16937 1
64 10549 1
2107 9360 8
4153 9186 10
7538 11938 4
2018 7674 9
4159 10871 8
14140 16570 2
5615 16799 8
4189 13075 5
12257 14571 9
2134 3308 4
1471 10571 6
12557 16200 8
3025 14098 7
13700 15378 10
3528 6667 3
3300 4263 8
9891 14914 9
1723 12932 4
5883 14018 5
2 8608 7
2559 3225 7
13988 16215 6
1245 4609 9
11696 13649 2
63 5947 2
1044 12027 3
3699 8469 6
9432 14988 3
2559 15478 10
14718 14919 1
3039 14290 2
811 11214 8
7191 8184 9
3951 16401 10
1147 6081 1
318 1682 8
6330 14560 1
5386 11504 6
2767 16339 7
14357 16404 2
10191 14752 3
357 15759 6
6313 14808 8
5280 12397 1
1095 5899 4
13324 15477 5
7617 14260 10
9621 10255 6
5759 8033 2
3569 4317 5
5925 15825 2
8275 10966 2
7353 14315 4
2883 13712 5
12100 12732 8
3357 3649 10
7490 7681 7
8324 10920 8
7853 16897 9
7921 12548 5
621 2444 4
7426 9709 10
4020 9889 7
9463 15488 2
2290 4722 6
3152 11043 3
1663 13530 5
2779 10337 2
968 14235 2
10207 12607 6
3347 6092 7
6108 9319 7
2690 12424 7
1324 5191 9
3597 14522 7
6440 8754 8
9093 12206 6
4619 10986 9
265 11705 10
622 14585 5
555 657 3
9531 10209 6
602 4486 5
6794 8081 4
12257 16528 9
2993 4856 5
341 16795 9
179 6678 6
1889 14775 9
7065 11604 4
10207 11483 9
936 9431 5
10851 13715 9
4261 5600 1
9561 16390 9
8297 10727 1
2843 13674 10
5493 12645 9
63 13091 4
201 3413 7
7597 10855 6
7192 7619 7
1364 3059 4
3525 6770 10
3955 8484 4
10462 11307 5
224 2168 2
7300 11422 5
12699 14438 9
6161 11849 7
7482 13309 9
13648 13742 5
966 8869 1
10676 12171 3
7341 15620 8
6861 9093 6
471 10291 1
6801 9038 8
5967 12646 5
2389 10754 7
4364 12784 10
3743 15772 9
6740 14270 5
2168 6036 1
9046 9309 2
12493 16966 8
6366 9282 10
9415 14159 4
7833 14057 2
15187 16268 6
4046 10552 9
3417 15488 7
494 16223 7
10760 13824 5
2402 9502 2
15094 15864 6
15282 16925 7
16239 16643 9
2020 16359 5
7846 12024 4
9789 12840 2
2422 5546 9
3026 3564 1
8385 11785 7
5793 8264 3
2862 12607 2
10027 13439 3
4451 14862 8
9968 10381 7
12322 13686 10
12424 14682 7
2806 8898 6
52 7900 1
9112 13723 2
728 7663 6
3657 13308 4
3062 8324 9
2490 11071 7
981 6252 4
3462 7316 1
14988 15008 6
2460 6794 10
14681 15113 3
9815 11974 7
1566 6496 4
2217 14799 6
918 3273 6
3503 8807 4
4519 5547 6
9936 13407 3
4566 16554 9
2574 15214 8
4384 11671 5
647 8998 5
7750 15856 1
3874 11044 8
6436 6745 9
663 6503 2
11560 14720 3
262 6114 2
4520 9732 3
965 6479 6
1166 11494 5
9467 15738 7
7352 13615 2
8693 10916 3
1036 13736 2
1210 16118 1
4137 8369 10
15151 15496 3
8369 12122 10
867 13142 7
11013 14336 10
10325 11763 1
7695 9257 5
7664 12842 10
6368 8210 4
1681 1699 9
651 6584 2
3685 13540 10
9285 11904 5
8909 11424 5
3768 16884 5
1000 2959 4
4785 11075 8
10359 14187 4
13134 15182 3
1457 16024 7
5728 9679 10
3132 7015 2
9264 16186 3
9096 16460 8
4750 16085 6
4652 12149 4
6763 13033 1
5412 15289 8
1427 9004 2
6954 10272 7
1831 7800 2
2820 14203 10
371 2658 5
333 5149 9
4390 5655 5
8174 10792 9
1164 11480 7
15147 16426 4
15090 15140 3
8823 14041 4
855 14577 9
13532 13616 5
8299 9577 7
330 12310 2
1733 4264 7
6496 16453 8
11908 13870 5
8364 10807 4
6012 9565 6
4005 12382 1
5215 5347 6
4826 8589 2
3891 13381 10
2285 11854 10
13037 13591 3
8073 8332 5
6548 15046 4
357 10312 3
13091 16622 6
3011 16850 9
5185 15238 2
8521 10523 3
2581 16347 2
5 2484 9
8896 14160 9
9573 9884 9
9705 16202 5
13408 15825 1
3228 7901 9
9403 14041 2
3994 15672 9
2000 4820 9
4166 15182 7
8327 10821 2
2595 16954 1
4836 7353 9
15 13708 5
10909 13998 5
8156 15436 1
7204 12432 9
2414 3399 6
4175 4299 4
4882 10806 1
6901 15777 3
12257 13054 3
420 7906 3
7405 16357 7
814 8499 6
7203 9093 1
9784 10360 3
11873 12493 9
2321 15919 1
486 543 2
1818 8620 3
173 11987 6
2938 13231 5
4657 6080 3
143 2420 1
6930 16877 8
7906 8974 3
8891 11696 6
12820 16084 5
769 5640 5
2372 3348 2
3059 4366 6
5793 6661 6
1164 10766 6
13227 14632 8
3004 13052 1
31 15757 8
4213 6403 3
864 16473 7
2368 14567 10
7109 12136 10
2938 3639 4
6832 14801 6
3348 5075 5
3387 14963 6
6317 6556 8
5940 7590 1
11988 12033 1
1414 10319 10
3112 12846 6
12811 12936 7
13002 13963 2
4261 16794 1
7820 9044 3
776 13977 9
10338 14745 4
11061 16884 6
8168 10847 3
6660 10400 6
5920 13834 2
4996 9323 9
5300 12853 2
686 14412 6
8287 9374 2
5406 5932 4
12569 14575 2
4940 6661 5
13343 16884 9
1584 16438 5
5994 14574 6
8432 14965 4
2585 15264 6
14108 14898 5
1260 13520 7
2943 7318 4
14194 14690 6
12154 12522 1
9146 10169 2
1718 13517 5
3944 9602 2
1615 2309 6
4830 13780 3
5492 16643 10
294 5406 2
8171 16354 3
4940 12750 10
4213 4466 7
533 4187 2
16093 16716 2
6699 8341 7
4061 6701 3
13402 13612 5
5728 14598 5
442 14662 5
3332 16805 4
14408 15475 7
8486 10670 9
5600 6329 7
4656 13077 9
8391 11443 10
2495 8556 7
11987 12403 9
2022 14950 8
9231 14117 1
2835 6031 1
3474 4002 1
10035 13591 2
8589 11305 4
4462 4828 6
10848 14783 5
2180 3575 5
5267 11883 10
7345 13971 3
2919 15846 5
9683 12774 6
10815 15214 3
7210 9120 6
7076 8294 5
10487 12407 7
5433 13937 3
2636 5534 2
13298 15553 7
10280 16735 2
7316 13859 9
2632 16703 6
2086 6898 2
9533 15658 7
4623 16478 5
13024 16484 1
12859 15682 7
409 2924 6
4283 10292 7
10630 13681 3
8623 10352 4
15405 16624 9
3183 13312 10
1319 12802 7
567 2134 5
4926 9735 2
13558 14779 8
9818 13408 5
9977 15551 9
7117 7484 9
8989 14504 4
7271 15872 7
8871 10848 9
4495 14416 3
7689 15270 4
13461 14098 9
2063 7398 10
4656 12205 7
731 7006 6
3088 4578 1
975 8685 7
4235 15407 9
3674 14060 5
12867 13702 4
91 7192 10
3948 7089 2
3473 10941 3
1702 16805 2
3847 6377 5
12721 15616 6
2410 10863 2
4511 4516 1
6058 6741 6
975 3589 7
3339 7106 7
4301 5412 10
878 7892 9
36 1964 1
6 6741 8
883 1818 5
10961 16703 10
1825 10937 1
6532 7805 6
1110 7284 1
4699 14194 1
5933 7174 10
1004 15789 7
5937 15718 7
11668 13130 2
2159 5122 8
4306 9114 9
4684 10163 2
2063 15427 9
1659 5131 1
8191 11853 4
270 14275 5
12980 14488 7
9102 10848 8
12606 16166 4
178 6603 1
8300 11004 5
3943 11343 4
10013 11437 2
5180 6946 8
6968 8747 10
953 5517 5
8050 14813 10
13978 16354 9
642 8825 1
12516 16757 7
8424 12600 2
9365 10184 9
9636 11352 4
12011 12051 1
565 6263 2
5186 12486 7
12458 16855 7
10658 11458 7
4159 9928 1
1229 8058 6
12847 13560 4
8354 15805 3
1432 3509 1
6888 8902 2
3871 4232 9
4108 10070 3
1569 4875 8
4822 7735 10
6832 9270 7
12569 14053 5
3472 9175 4
1655 16404 3
4087 5296 10
14012 14135 9
5600 13416 3
1166 5668 8
6239 12738 6
254 6407 9
6068 14799 4
5314 5881 6
11083 13070 3
3317 10342 10
6171 16795 1
10867 15853 7
1368 14438 2
7411 10622 6
4753 12489 9
7503 9247 10
3176 13834 4
4823 7865 7
9804 11903 7
13951 16444 2
9577 14714 2
2141 16712 7
5055 6898 1
5122 14896 6
5935 13248 4
9623 13236 1
1235 13937 5
9229 10530 10
7938 12208 9
10015 11422 3
9207 15087 5
3360 8123 4
4491 8749 4
3113 3462 7
2735 12126 1
4444 6574 5
13520 16168 8
16532 16713 5
1507 12953 6
12313 13777 3
5350 5438 6
1506 5932 10
6940 11533 10
2644 14341 10
2832 9496 1
10360 12371 3
7337 13754 2
7663 10024 3
4754 7272 7
14108 14735 6
4915 5744 3
558 12851 4
1846 10082 6
8599 16574 2
7476 13149 7
5427 9626 9
3651 9917 1
6898 15202 3
1709 5048 2
696 16526 9
5303 12576 6
9230 9391 1
4706 15130 4
5546 16914 8
4203 8755 9
4975 8118 8
2003 14633 9
7694 12450 2
1036 9492 3
5157 5736 2
1481 8034 8
7154 10998 4
12067 14350 5
4754 5445 1
10325 12705 1
4297 7522 2
5407 9496 7
962 9587 4
4143 11094 3
1516 7516 10
1936 14778 2
67 2089 9
9185 14690 3
1156 9702 6
6499 15392 5
6528 7169 10
603 12287 5
5620 16308 1
12735 14449 8
11777 13980 4
11486 16455 7
2200 10094 1
3950 8107 5
7835 16619 8
2967 6771 4
7330 8037 4
3407 12045 2
10718 16528 7
5930 14792 2
5663 11454 6
3096 9297 1
329 3824 1
2274 8283 3
7646 8188 2
14054 15672 7
5471 7522 9
2397 15102 3
3720 6136 3
2727 10137 10
702 2490 4
8040 13625 5
6216 14941 1
6368 12652 5
1656 12466 1
2872 14630 1
4462 12299 7
6045 14159 10
8385 15808 6
4164 10399 5
1364 6686 2
4465 7154 1
8603 11416 10
3482 12888 3
9096 16927 9
8850 15664 8
196 10015 4
14643 16021 1
4738 16755 7
4565 12201 4
9403 14181 5
7364 12911 8
630 13077 7
4071 6658 4
8951 11603 10
10746 13566 7
993 8560 6
936 10355 6
3554 16150 5
3066 10766 2
580 2476 7
3487 14156 9
4583 8086 2
375 16155 5
226 10314 4
6738 11771 3
4652 11818 3
2953 6606 4
1665 14926 10
10436 12171 5
12405 13481 2
6139 6201 6
8434 10795 5
1554 11527 1
11265 12119 10
10185 16434 9
2035 9809 6
1287 6793 5
9105 15633 7
2856 5612 7
8117 10404 1
4003 10567 2
5776 9566 4
4343 12869 1
874 9597 3
158 14004 2
2063 9753 3
11699 14729 6
1421 8693 10
10544 13745 4
10676 13457 5
6222 13393 10
4161 13721 8
13297 16942 10
7092 15960 2
2822 13374 1
499 13191 10
37 6928 3
4189 13974 8
3297 14902 9
2576 8581 7
1868 13574 6
13921 14629 1
9970 13214 5
5740 11400 4
8548 13312 1
3871 6340 5
6075 9837 9
1290 4354 2
7662 8358 6
4836 8313 10
6341 10637 1
10497 12291 4
4865 6001 4
3131 5286 8
5765 6175 4
10013 10508 6
855 4316 1
15620 15641 7
9261 12424 7
8718 14630 6
3396 5031 10
2632 4564 1
8561 10876 4
10851 14319 2
3676 8472 4
8056 11364 4
7411 10348 3
12693 16434 4
5238 12951 9
3319 13779 3
7584 15818 6
475 9768 8
2959 5879 10
10297 16532 8
6161 10386 3
3115 6047 4
3377 5460 1
15890 16893 6
3059 8196 1
6627 7783 1
7804 7934 4
2824 9502 8
2356 7300 2
7785 14088 3
10719 15620 6
4018 10120 8
808 8270 4
11269 16635 10
11513 13777 7
1015 11338 7
5996 8883 3
4703 12405 7
6888 15976 4
4585 11718 8
2011 15427 5
2288 7924 2
936 8836 4
4192 9489 8
8534 9970 1
2892 7459 8
866 2018 9
9063 9189 8
668 9282 4
2198 13329 6
4820 10580 4
234 10523 3
5808 13176 4
3362 3487 2
7882 13322 6
11176 14709 6
6923 12098 2
12847 14997 8
5415 15140 6
10706 16976 3
6781 7080 10
10582 14178 1
5681 12024 2
12877 14204 7
10574 12457 5
4189 5700 9
3824 13360 7
5866 13521 9
3926 10386 4
5026 6998 4
9101 10666 9
1290 3779 1
4660 6678 9
3290 6365 8
1594 5376 2
6142 7167 3
13715 13878 10
16482 16617 7
2154 16347 6
2528 7963 8
6357 7041 6
5034 13546 1
6140 7963 8
3977 13526 10
773 11251 10
6098 14606 8
1556 16530 6
114 2595 6
7046 8611 8
7416 13727 3
1021 7049 6
6524 8357 3
13200 16282 5
14635 15353 6
4021 14374 9
142 15487 10
14776 16838 7
794 2529 8
8218 13240 9
3963 9787 10
7343 16386 10
723 1894 9
4296 6483 10
1894 9885 8
2747 16211 8
796 10775 10
5139 10309 2
7271 12907 4
2357 6856 1
5127 10727 4
355 655 1
1733 7947 6
3302 13824 10
2628 4235 7
4329 12024 4
5126 8593 6
6632 15367 8
5559 11127 2
8299 12833 7
4066 14941 7
6774 8433 6
1508 10547 1
5457 14634 3
6102 11899 9
15892 16425 4
4388 12479 4
1242 15318 6
12737 15592 4
11333 12826 9
2898 13038 9
3994 13365 8
4556 8777 2
712 15678 5
1808 6368 5
8923 15820 9
3898 16464 2
4187 4806 10
1300 5393 9
10582 15070 9
2546 12517 7
2873 7662 4
1364 6804 1
135 12815 6
10078 13645 6
2628 12757 8
12149 12708 6
13180 15318 7
653 15168 10
5877 10469 4
6959 10295 5
4461 4928 8
265 9067 7
2854 13433 1
2862 10701 5
11012 14287 5
10203 15208 8
1277 16486 9
5048 11448 10
7619 12139 7
273 15690 8
2462 5129 6
15255 16978 10
7820 11881 10
1136 7952 3
2161 10640 3
1047 4699 6
10549 15194 8
830 6943 7
437 2657 3
6114 15201 6
6368 13875 4
601 14120 1
3977 12776 4
4776 10209 2
1963 10386 7
4299 8059 6
4293 15214 8
10807 15874 4
2605 6563 10
5743 13191 6
4741 8154 1
828 15330 2
12432 16965 4
651 14564 4
13759 14438 8
7993 16795 5
10325 15303 6
8333 12789 2
9040 13062 9
5486 15992 9
2934 8632 7
3186 5342 7
11209 11595 8
4296 13121 2
13794 14834 5
6596 11835 10
2605 15963 4
5653 15043 10
355 15585 4
6661 11133 5
455 15219 7
1921 6789 9
1955 8485 9
5398 6637 1
3161 6583 1
239 6677 1
1469 10671 3
224 1403 9
4322 9518 3
7550 10326 9
10979 12791 9
2169 11546 6
9189 11618 1
13057 15052 9
12205 14670 3
427 9977 3
3088 15145 8
8603 9660 5
8398 16359 7
737 9904 9
2276 9210 5
2285 16670 10
475 15067 1
3141 15723 3
5601 7205 1
885 3817 10
3385 12714 9
11849 14715 8
9105 13881 10
5450 6229 3
1527 10284 7
1326 1348 6
11854 13755 9
7409 7900 1
1217 14275 8
6623 8059 5
5994 16839 9
9354 14806 1
7900 10799 1
14538 15160 1
10943 15949 2
12335 16150 8
3198 4178 8
9905 11523 6
660 16558 1
10117 14928 2
9736 15559 3
10658 11947 9
2309 11857 4
13723 16583 2
825 3625 5
863 10910 10
6340 13549 5
5366 11386 4
6392 11095 9
48 1210 9
10524 11721 2
3115 13339 6
1858 15995 4
7724 13171 10
1812 5766 8
2354 15604 5
1195 7725 7
12724 14297 2
634 7136 9
3994 5165 1
13059 15843 4
8062 8345 7
4570 12377 10
8863 9587 7
10728 16006 1
4411 4861 6
7639 15145 3
1287 16162 7
2680 7105 10
2378 7875 9
6493 15211 10
3358 14752 2
7344 13343 2
4262 14416 2
2216 8081 3
6732 8823 1
2274 14294 3
7588 13992 10
7169 12216 7
13685 16616 4
1860 12494 7
3954 16524 5
2509 16931 2
3351 13811 8
10471 12689 4
3060 6173 4
4824 15427 5
8217 15481 10
1693 15015 6
362 13628 1
5633 10447 7
6072 14051 9
11533 15341 2
5991 14976 9
3387 9616 4
5393 16962 9
8726 13407 5
14929 16849 2
13939 15477 9
16360 16379 5
3569 14439 10
8052 14149 6
12999 13813 3
866 1533 5
3053 6436 6
14710 14890 2
3944 8751 1
135 5194 2
9347 12635 9
12435 15318 5
4052 12154 4
2018 16448 1
653 16694 7
15452 16529 7
3895 9770 5
4513 16149 9
7433 9262 10
15985 16716 6
9092 9134 5
426 2492 7
800 4655 10
175 6803 4
2407 5669 10
2680 6279 5
7748 15871 10
3989 4283 4
1297 6097 3
9621 11786 6
6072 12207 6
5305 7111 9
4459 8716 9
6464 16230 3
1227 10701 2
5925 11006 10
3047 6036 5
4263 6676 8
2368 3037 3
1516 10981 2
4433 12535 8
5876 14864 3
10415 13254 7
1488 7635 7
12069 16090 3
8977 11637 1
13670 14878 6
7566 9844 4
8508 11043 1
2336 8486 2
1370 10280 2
457 1627 8
8896 10039 7
9973 10433 2
6424 15238 5
420 4894 3
1697 1788 1
13137 13801 1
897 11687 8
4166 10652 3
7327 15655 2
2294 15748 5
1461 9702 3
7668 16536 7
885 13584 3
7411 15697 3
1420 15340 1
7082 15084 7
12087 13402 7
15051 15678 4
2471 10051 10
1692 9005 4
9729 14354 5
10438 11434 1
5052 5460 5
6231 15748 3
11013 11414 4
7348 10880 10
13294 14988 3
7422 16628 5
9812 9941 9
13420 15206 9
1469 5093 5
13415 16590 1
1964 6575 3
8202 12226 5
8476 11078 4
598 13500 6
5254 10989 2
1507 8813 4
3387 13531 1
2721 13231 6
2628 7175 1
9605 12456 6
7198 7489 8
691 11283 7
791 11458 1
4538 7473 7
657 2830 9
5105 12344 7
3526 10198 3
2161 7400 6
2134 10554 3
7371 11788 7
1121 16359 2
1043 9579 5
4875 5510 4
1788 10080 6
5173 11676 7
7730 8487 9
4453 6928 6
12201 15760 2
603 11683 2
9316 14133 8
9776 15135 6
1003 11250 6
1477 13103 9
2591 7581 9
6686 9563 1
9365 15605 4
7550 14085 10
12455 13832 9
2571 9733 9
10240 13212 8
14926 15576 2
8403 15405 5
843 10209 9
5036 8718 7
806 4015 3
11012 11092 6
944 1408 2
6400 16617 5
3084 11770 6
8931 8948 3
8018 10403 2
13517 14020 4
9206 12204 4
9227 11587 1
9623 16648 5
3219 16347 10
8398 14876 3
12555 15759 7
8218 16690 6
8734 11114 7
14715 16678 2
859 2097 10
3933 11626 3
4556 10108 3
4769 7440 4
4234 4478 5
11114 16892 3
302 6592 4
14592 16574 5
14568 15655 2
2619 9907 10
10203 13872 8
9770 11877 6
4021 16479 3
101 15820 5
7993 12358 2
9579 10083 2
699 16978 4
5320 16998 5
461 14755 1
12728 14929 1
1118 10899 4
1488 4218 6
9067 10784 5
6592 10660 10
8041 10571 7
11988 13499 8
5416 11617 1
3300 10047 9
11183 16186 4
3724 5940 6
2397 8725 7
5899 8080 3
14801 16183 2
10208 11712 2
11042 16980 2
7875 15791 3
29 6124 9
6114 16441 5
7909 14140 4
8756 12538 5
2293 16884 8
10571 10742 2
4911 11795 10
3023 14034 10
827 6424 8
910 11595 9
4903 14898 5
4496 10025 3
386 11594 9
2476 10932 3
1788 11410 4
4454 8112 8
8252 8891 10
6454 8875 6
13584 14214 4
4903 16731 2
6567 16214 2
12151 15633 4
5019 9835 10
1092 16970 5
48 4403 2
9080 14748 2
3728 12651 1
2899 9289 6
5623 10163 6
4113 7816 7
12832 14347 6
11582 14431 8
12403 16958 8
12341 13525 1
2210 8718 5
6033 8385 1
8074 12038 4
3963 10654 1
2000 11198 4
6339 7167 8
2813 4189 6
818 11012 7
839 6771 10
8579 9310 2
1422 9137 5
2879 10144 6
3524 4325 3
558 5707 3
2670 5404 1
466 4294 4
3632 16590 8
5421 9001 8
2959 5313 5
9142 14795 3
9196 16352 8
11667 13484 1
3569 12608 4
855 12593 6
5048 7547 1
2988 11558 8
1863 8871 9
4435 10597 1
6264 15259 4
5806 12986 9
5603 11889 6
11254 15165 3
1164 6294 4
4736 15868 8
1195 13668 9
1028 2750 7
8121 13062 4
9069 12171 1
12783 16275 1
3062 15121 5
12969 13324 7
7673 7736 6
6525 11745 2
3797 6923 10
373 16339 2
12064 15094 9
7081 12687 5
6611 16166 6
4973 16121 2
6404 7833 7
863 9062 2
8845 16210 5
1564 11067 1
2550 7392 6
12904 14825 9
833 10149 2
3369 16920 9
7076 12488 5
3038 12491 9
3965 6527 3
796 3581 4
9918 13530 9
1003 11847 7
5898 14142 2
7134 13043 9
10960 12787 3
13681 14492 8
7110 8370 9
1211 14264 1
4311 8593 4
5212 16052 5
7820 9612 10
437 8697 4
4380 4895 4
7330 11244 4
3844 4597 2
635 1250 5
3700 11804 8
1004 3210 3
5516 15685 1
11551 11924 2
1696 9431 4
5622 16371 9
5112 5463 3
3963 4682 9
3854 10597 3
2259 11086 7
11377 11903 3
4649 5442 2
3958 15076 5
8074 15642 6
7008 11038 7
448 12548 3
9978 14845 7
486 1037 3
12906 16716 8
547 7108 10
8191 11591 4
6359 10758 6
6359 16790 2
5991 13219 6
923 4236 1
4069 13481 10
7064 16951 10
672 16122 4
800 10606 8
6589 9175 10
1050 6520 5
2400 3691 3
5756 5793 4
8080 12386 1
1461 5799 6
818 11185 6
781 13616 3
250 1707 7
13461 14154 4
4630 9282 3
3668 6565 6
3420 5296 1
5411 6496 4
9901 10523 9
944 13023 7
4566 10384 1
7522 9372 6
16869 16893 5
184 12479 5
386 523 2
611 14159 8
2326 4214 7
11514 13625 9
6468 11561 7
2128 9297 6
8662 11513 3
4538 5148 6
11081 16564 3
4754 11288 8
6797 15576 4
6244 9543 10
2744 10182 2
4911 14210 1
2033 9444 10
3896 4767 3
1593 7467 6
3047 3970 5
4750 11642 3
9679 13050 4
10870 13937 5
823 15895 1
6671 15877 4
9834 16275 9
7553 10402 1
3388 4085 9
5062 16202 2
3818 15219 10
13530 16328 1
1259 9207 7
2872 15850 6
906 7192 1
6193 15712 2
13185 15643 5
6641 9683 7
3954 11579 8
7426 11985 2
9552 11995 7
5398 8149 1
5879 7130 9
8403 12066 4
2039 9040 1
8279 11434 6
10327 16830 4
3697 14336 3
4074 9540 6
6824 15098 3
8083 8702 3
14179 16082 3
6231 14722 9
1259 12163 2
10059 15284 9
7269 12114 5
2609 14885 2
10137 10794 6
2082 16703 9
3407 8738 9
2198 3966 9
8520 13843 5
3262 3915 8
191 6365 4
8003 16897 6
6869 16376 3
9805 12906 2
1009 9069 2
5353 14755 6
2549 8117 9
8809 13619 10
8366 8410 7
677 9814 8
4109 16247 7
5789 16247 1
10154 10806 2
12489 14573 7
1248 3490 1
3434 5075 7
5135 15102 4
3514 9753 5
2871 14634 7
10143 10281 10
7100 13433 2
8345 13519 4
6177 16443 7
5652 16335 1
7611 10590 1
8019 14928 1
176 7256 3
9269 15990 6
12371 13498 4
2184 12204 8
6109 14341 1
4072 6741 9
9005 15112 2
3899 11038 3
3064 12069 9
5432 6596 1
3509 14886 6
614 1968 6
7054 9538 3
1414 3285 6
2387 9602 7
3868 7194 9
5010 12371 5
6077 9092 9
1490 6201 1
80 1506 8
7921 11662 6
3321 5949 6
6480 11783 5
9908 13719 9
1562 12045 3
9289 14647 9
10379 12931 1
12146 14890 8
6303 12568 6
4131 9913 1
4131 11641 6
7848 15173 6
12284 14845 4
5971 15386 1
7568 11985 9
15618 16731 2
5743 9542 1
11993 16966 4
3197 5224 5
5027 10663 1
12100 16705 3
7282 15167 6
7369 10777 2
8530 13002 8
5949 6825 6
240 2670 2
1588 12701 8
9959 13165 7
15289 15595 5
13612 15338 1
9789 12954 5
5262 8235 5
12941 16107 3
3765 7940 3
4498 16415 2
4466 14766 6
1182 8823 10
13575 16817 10
268 8673 5
7516 13984 8
6226 13461 4
9227 14847 8
3596 12236 3
9876 15094 8
7296 14549 6
2064 8989 3
10161 13907 2
1335 9977 5
10089 12059 7
2235 9027 8
2277 9262 5
1351 10551 8
6732 7056 6
3973 10297 2
11699 14322 7
3569 7752 9
1478 5876 8
7960 15401 8
826 14918 4
4129 13218 1
1951 2767 1
14012 14495 10
13016 15965 10
11255 12085 1
6000 15774 2
8443 13788 5
1227 16916 10
8956 11083 8
12018 13854 3
10071 11089 10
15846 16821 7
1047 12081 1
9474 12299 10
7083 13446 6
395 8040 4
7366 9816 6
1537 8149 1
5848 13812 7
7077 15664 7
6762 10239 5
6937 13026 4
4214 5509 1
412 12038 10
1556 12496 10
4763 14868 9
12144 12226 3
3983 9044 2
7724 15766 1
11283 13958 5
8436 16786 3
4704 14034 5
1250 2442 7
7592 11671 2
1673 3372 6
1213 11603 4
719 15458 2
13288 13363 2
840 10403 5
5519 6130 5
289 14885 2
4178 12260 5
11802 14603 10
12505 14623 3
8748 9645 5
6107 10580 6
717 2835 5
3848 15087 3
2801 9142 4
1644 7989 5
16472 16505 2
6468 13699 5
9960 11527 4
14978 15504 4
12505 14734 7
3328 8560 3
7409 16859 7
205 7370 3
424 5339 9
2865 16088 9
6954 11724 10
3332 7508 2
8907 10402 8
547 6274 9
1096 16661 7
1720 13398 7
965 10993 5
143 6815 7
10223 12951 6
737 1360 3
14115 16794 9
505 15201 9
12651 14046 7
4808 7344 6
1192 4790 2
2656 14299 9
1356 6994 6
6259 11637 4
5465 9459 8
10769 11907 1
7642 8129 9
635 16427 1
1365 13974 9
2874 8275 5
2679 15094 7
2418 8749 7
1364 8701 7
2040 4789 6
988 2609 1
328 8083 8
2830 9528 1
8919 16210 7
2080 3317 3
4882 9048 2
419 9210 7
82 12149 8
6978 7128 4
7662 10884 8
1583 8892 7
5645 15468 4
5445 7016 6
1416 8614 7
10250 15503 3
2182 7027 2
5320 9003 4
630 16700 4
3297 11306 2
11914 15642 6
848 12424 4
10144 14615 3
6478 16740 3
4334 13156 2
7046 10105 5
272 11930 8
5152 14160 3
2373 15011 7
2097 8788 4
274 13680 8
9609 16941 8
2529 13047 5
1651 5433 4
7256 12615 5
1003 7183 10
5044 6457 4
12606 14288 2
10233 12642 6
14143 14354 3
6080 14784 3
4485 15216 1
1510 3199 6
2410 6533 4
411 11685 7
3785 10746 3
2247 3896 2
4334 14106 3
3016 11176 4
14725 16730 10
2442 3829 8
4875 11264 1
2895 5270 10
2721 6656 3
1636 16492 5
791 11609 7
5524 13063 1
12387 15354 8
7083 11291 2
7440 15622 8
3575 12916 5
3547 14357 6
11805 11983 8
63 1776 6
2824 14263 5
2053 15677 7
5478 8624 4
8343 12287 6
4633 5734 8
3470 7750 4
1841 3459 2
7804 12253 2
13485 13530 10
5198 10591 8
3401 6168 4
14264 14654 6
4950 5874 5
1263 16438 8
97 3472 8
910 922 2
4442 15253 1
657 12185 6
969 16489 4
2801 16934 3
2033 16010 10
2980 10386 5
7287 16030 4
250 9749 5
268 3553 5
4665 7061 3
6031 15372 7
10288 11551 10
7774 10848 10
10070 11134 7
1816 3004 3
5458 13646 1
4077 10035 9
4943 15206 2
2667 5681 7
6267 8125 9
13623 15737 2
790 9392 2
4819 16085 10
442 7031 6
534 10591 5
4396 5160 5
4968 7746 2
447 13137 10
10404 13305 2
10154 16890 2
265 1357 7
5167 6366 9
7863 13841 10
1259 9163 1
2752 15798 5
4072 10974 2
13271 16492 5
11292 14634 1
4800 14660 10
1277 2083 3
3861 9707 4
15218 15235 7
796 6426 8
15099 15481 2
3374 6071 1
2198 12021 1
894 7739 9
3241 16847 8
6869 11383 9
8774 12204 2
2010 15054 3
4577 10422 5
619 2079 9
2265 3321 2
7566 9909 6
1841 9742 1
6183 12360 7
4465 5821 7
7946 12568 6
7364 12471 4
3465 13592 2
6670 7794 6
6770 11142 8
5079 6178 2
7097 15690 5
15016 15407 3
3023 16004 10
1141 15775 4
8558 12438 10
1538 8807 5
2040 13184 9
10121 10420 1
12083 15700 4
3846 9444 5
5258 12900 8
11915 14170 1
12365 13839 8
7079 8606 2
7046 11051 5
8919 10086 8
272 1642 1
8517 11078 6
3089 11062 3
6102 15931 6
11805 16606 4
3431 5252 8
5544 5603 3
11248 12489 9
6023 8764 5
280 4175 5
2521 4915 2
7619 14107 2
7035 11725 9
7887 11818 1
7353 8519 9
5889 10784 6
4340 9124 7
1031 15872 3
8512 15960 9
3004 10716 7
3037 10500 4
10501 15641 7
5740 10215 1
78 7774 2
11294 13251 4
9395 12948 1
9264 16475 5
2322 5899 9
409 8259 5
5098 6134 10
2199 6978 10
12813 14826 5
2585 6931 10
13750 15690 8
5245 14178 9
10432 14590 2
8928 16125 3
1216 7736 9
95 13917 6
11785 15676 6
91 12298 7
9487 9592 5
14784 14969 9
2354 3268 5
581 13211 3
7852 9146 7
7020 10591 3
8226 15949 6
2115 11179 9
5186 9780 7
3142 11521 8
11209 14840 7
10225 14776 10
1473 10489 2
8006 9753 1
5633 10872 3
1121 3493 1
5538 7068 1
4842 14979 7
10898 11565 2
1447 1678 3
10224 12679 5
7403 11725 8
15655 16055 9
14088 16714 1
6755 11410 10
3795 9513 10
10500 13502 5
274 5750 2
2273 7035 1
8407 16563 5
1899 6431 5
299 9972 8
1750 2832 3
8463 13672 4
6448 10479 6
1675 4931 4
15273 16070 8
3932 15658 7
5465 8535 6
2845 4218 9
2738 14567 9
1068 7290 6
6443 15176 7
5289 7423 1
11756 12635 3
4162 5653 4
9531 12589 10
9394 13509 2
1221 4108 1
12730 16753 7
3649 13306 3
3189 14567 9
1170 12677 4
16524 16948 9
4013 5926 7
11525 14828 4
14114 14710 2
679 878 8
13832 16952 4
3916 9753 1
5586 15441 8
6686 13194 1
4425 10425 8
2864 8773 7
12014 14233 2
5972 9470 9
135 2411 5
1872 14920 9
388 2479 3
1642 13434 5
3804 5975 4
4237 13788 3
5987 13051 6
2434 7369 3
3387 4813 9
4162 11568 3
4108 5227 8
4928 5128 8
5788 8716 3
80 9084 8
947 9859 6
7035 16283 10
15972 16032 9
717 5143 7
13662 15373 5
5790 7846 1
5156 12911 8
14551 16612 6
3781 5902 5
12878 16214 3
10718 14346 2
6745 10788 5
5292 8465 10
8846 15880 10
5127 9782 1
4863 9323 2
3678 8325 4
3687 4333 7
11632 11729 7
3679 8907 6
10772 12904 3
13218 15097 3
10770 13761 1
2265 13673 10
2770 12907 7
4940 10780 3
910 14583 10
2300 5532 10
2115 9159 5
5398 14328 7
3657 6495 3
3345 10527 4
6980 8303 3
6048 6904 8
8925 9513 2
8345 10266 9
9024 13025 1
5611 16435 10
9288 13688 8
1967 10934 9
10608 16976 4
991 3272 4
2420 14539 9
6565 11962 5
273 10245 3
4306 5311 10
2749 7272 9
5635 9347 5
6801 7384 3
9081 9134 1
4338 15514 1
10650 11377 4
7516 15152 2
660 5464 5
1722 4968 5
3970 4515 2
3346 9474 8
7595 12558 10
990 11360 9
6128 8123 7
9649 11338 1
8993 13614 10
4066 16967 10
3568 9018 1
7824 8595 6
2829 7257 1
10917 11291 8
3257 10314 2
1760 2082 4
7560 15690 2
5295 16102 5
10902 15811 1
4765 13212 9
7557 10449 6
6808 7477 6
731 13641 3
1305 16376 1
15128 15287 5
10251 14272 3
5442 10467 8
2068 3448 5
9784 12374 1
2873 16936 3
13168 15094 2
2054 15639 6
3851 16944 6
6120 11798 10
8487 14144 1
13952 15021 5
2528 14049 6
3568 11517 2
3431 16059 10
11006 11978 3
2414 11024 10
2143 11841 8
737 2314 1
5947 13427 2
6923 11726 6
3174 14437 2
2884 12651 1
10419 11173 8
757 3605 9
12865 14110 8
626 806 1
2393 2505 3
6937 11079 3
14623 15833 1
220 8087 1
1367 7081 1
5346 13472 7
7355 7983 9
565 3068 8
1555 9393 6
2161 13450 1
1749 4915 9
605 2752 6
981 5593 10
4046 14206 1
4187 13333 6
1282 8821 9
1297 13285 3
5593 11315 3
7482 16232 1
3728 14703 10
5611 12974 9
13202 16613 7
12882 15486 9
1557 1971 8
8226 10959 3
5468 14111 4
2814 4300 6
1978 13752 4
3565 12911 9
7160 7344 4
114 15543 2
7459 9671 8
5186 11972 5
3299 15426 3
7272 14429 10
3948 7331 2
12466 13764 7
2979 14304 8
157 230 8
1980 14898 8
1619 13471 4
678 11498 9
7025 11533 7
9407 11079 8
11640 13023 5
603 5807 7
6346 13291 9
242 13840 4
5275 11092 3
9371 12760 6
282 3676 1
248 7963 8
1721 10018 8
6027 10518 5
8689 13652 1
15468 16803 5
2489 10928 9
5974 16570 5
1880 8050 9
2402 4783 5
2333 12301 5
14 355 8
3050 9496 7
9442 11297 2
1000 5980 9
73 6599 2
11982 13766 10
8951 15184 7
9323 16381 2
656 3924 7
3487 4939 10
6513 8388 6
12039 14792 10
123 6252 10
1997 11142 6
6954 9696 4
101 9754 1
8086 9123 6
15263 16103 3
3396 6685 2
7341 10913 1
11969 16118 8
14941 16026 2
15789 16776 2
668 11794 2
8069 16709 1
1675 11572 8
6124 11412 5
4086 11873 1
13599 15992 5
4869 16438 10
2576 9858 1
12293 14372 8
3588 15456 7
791 13073 9
7366 15411 9
15251 15460 3
4894 15331 4
6991 9274 4
5477 8788 10
4478 11801 3
2652 6918 4
2962 14206 1
8260 10309 5
9707 13772 1
14588 14892 5
1322 7381 1
9217 12033 5
10746 12019 8
2649 10314 6
6480 15883 5
73 822 2
4102 8508 9
222 11938 3
174 11042 10
5600 13237 2
8437 14643 3
7092 10029 9
2834 8970 1
2445 8332 10
3904 16780 10
6699 12262 9
3330 12486 9
12884 13604 7
2933 5678 3
6613 12777 8
9927 11002 9
6094 14264 4
231 10149 6
3617 9490 5
7515 11382 8
10458 16154 2
2267 3854 4
4538 14213 5
2025 3036 2
14373 14792 3
7328 15894 3
8005 14709 8
4412 11603 10
2075 16486 6
10454 15598 9
6331 8844 8
3724 8999 9
9678 11604 8
4343 13720 6
2744 7297 1
373 3722 9
4457 8759 9
2291 4251 8
7015 12788 10
2187 7934 1
12771 12813 4
7239 7993 5
409 6876 10
1222 15319 6
16753 16843 1
10388 10802 10
762 2410 9
12951 15525 10
7273 16716 10
8635 15446 2
2594 13051 8
5327 6076 2
7707 12021 5
3914 11794 9
8122 13707 1
13509 14707 4
4326 11738 2
8543 16664 4
5277 15818 8
7477 11719 8
5627 16754 7
5386 12910 5
1235 13821 10
2175 8399 4
6214 9231 1
11265 15815 3
11468 14245 9
2632 16576 9
657 16204 10
13942 15603 4
7639 7818 5
2892 4001 8
10300 15008 8
13811 16468 8
1441 5881 4
6401 11133 10
7490 10832 5
268 5175 9
3911 14642 8
5879 16292 2
9416 12504 10
13832 14750 9
2217 4786 5
10842 13189 5
8655 13521 1
11176 12841 7
10789 14755 7
11239 12163 9
4387 12088 10
10592 11551 5
2268 7470 9
13461 16702 3
10391 16529 9
395 16199 6
78 14186 7
9619 14784 8
8117 13259 10
12260 16382 4
12576 15026 5
7590 12972 8
10063 13776 7
4027 9395 8
11313 14274 4
3423 5468 6
5658 7106 7
4496 9118 9
2684 11641 5
3154 13375 2
6053 8035 2
5185 14442 5
3596 6344 10
6665 7538 3
3401 12706 9
2687 4576 5
4992 16843 4
2007 12836 10
3626 15722 4
1435 12813 6
15137 15553 7
2459 12495 5
3268 12429 1
8951 12748 10
7183 9677 9
13470 14136 3
4746 10046 7
10623 11587 4
12727 12732 5
6873 9285 1
1625 15208 9
5887 6574 3
1956 9120 10
9783 10117 3
1946 3345 8
302 4439 5
235 15595 1
84 16795 6
1148 15618 3
3965 8127 6
9253 10436 4
9575 10608 8
3501 12397 9
8940 12961 1
3244 16830 8
5192 8508 2
5231 13649 2
6089 16247 2
3735 11449 8
6503 6772 7
5817 16121 4
1910 9432 6
10652 16566 6
339 9389 4
15159 16341 3
1332 11833 2
6377 11545 6
884 5315 8
1112 3498 9
7161 10741 10
2921 9288 4
2284 16925 9
4041 16675 8
5782 15064 7
8202 8587 9
6007 13977 4
251 7290 6
3123 13439 8
1664 9837 5
6633 7079 8
5422 11983 6
9505 10163 4
5684 13457 2
2252 13329 10
1406 2269 8
3089 7845 3
422 10500 4
2900 5450 4
386 6682 2
81 2368 2
3811 12594 8
7518 8718 7
1460 13975 5
294 6287 1
11413 16159 6
6685 9404 8
7866 10639 7
1624 16144 4
13646 15309 8
422 14427 6
4300 11479 7
8948 13587 3
4159 4241 6
2840 11640 4
6589 14316 10
3257 7549 7
886 2187 10
178 12167 10
3970 9585 5
7802 9989 8
265 12848 9
2035 14673 7
7124 10245 5
1791 7013 10
4842 16226 7
420 15755 7
12345 14431 3
5864 12088 10
9135 10161 8
10820 11660 7
3626 6026 3
8087 8212 10
8517 15148 10
540 11849 10
2216 3641 8
7812 12642 5
13357 15892 1
3524 10581 3
7049 13071 1
966 1150 6
2915 6641 7
6045 9000 5
9774 16162 5
36 14048 9
2112 3154 1
2233 13054 2
14916 15112 7
12629 15321 1
8660 13576 3
9391 16189 6
8348 14897 2
5580 6222 7
2235 16385 3
1232 12429 8
7239 9421 7
9047 13719 8
4964 5700 9
4040 6873 10
7754 9268 3
512 6294 1
3854 9610 7
493 8343 9
5099 12854 2
1466 2831 2
12605 14611 3
14319 15651 6
4211 11330 7
3375 16191 4
13801 14190 7
10845 14368 2
7612 13138 8
7235 9469 6
6850 11177 4
3803 6753 2
3903 14316 6
3651 8008 4
11854 12040 7
12785 12825 10
13575 15198 7
10870 16660 7
639 6095 7
1458 12013 2
12271 13461 10
4227 12698 10
311 12227 7
2630 14439 9
12576 15729 6
7566 9228 5
14861 15626 7
6858 12731 7
5769 7381 7
10312 13724 4
8770 10224 10
5872 12606 9
3526 14205 7
10198 13919 3
6241 13700 7
2189 8069 8
9257 9278 10
6414 9861 1
6205 15616 4
1422 8007 1
11988 14530 8
5384 6604 5
13200 14980 5
289 5561 3
8857 13744 7
13954 16797 3
7466 16966 5
90 7378 2
13944 15070 8
6218 14478 8
581 5064 6
3346 3961 8
9791 12323 2
7253 14302 7
1697 5545 6
7640 16363 6
3451 15151 8
2963 14133 1
1600 15768 10
9139 11157 8
5937 8914 9
3762 13075 9
2066 9818 1
1725 7141 4
1699 6625 8
9895 16425 5
1426 16468 2
327 1641 5
8171 15913 4
5275 16620 2
5814 14898 8
5337 16032 10
775 9284 1
5077 7352 6
1735 6444 9
430 13306 6
2824 14430 5
4652 12111 5
7141 15906 5
1633 12827 3
2319 11908 4
8909 8995 9
1465 12341 2
623 8893 10
7051 12187 7
8807 11693 10
4856 9260 9
5365 14290 4
2750 11301 4
8019 9628 10
4306 7779 8
3109 15126 2
442 3551 9
1096 15532 2
3308 16878 2
572 9805 10
8842 16505 4
7338 15068 10
5506 6753 3
7471 8073 1
4 12709 8
337 11712 2
7660 9571 2
5014 15412 8
573 5730 7
7800 9529 9
3195 14945 6
7852 11542 8
7114 9690 8
2131 6480 10
6612 12953 8
2366 6808 7
2149 12474 3
11240 11835 2
9390 9460 3
7549 11145 7
13047 14141 6
12014 14014 2
1060 4633 6
4034 15457 3
3879 16438 5
11857 13079 1
601 8135 9
5988 13044 10
6689 12830 6
956 4203 4
1398 15712 6
6699 10167 7
1956 12359 6
10265 13139 8
6599 9877 5
9861 14653 2
9726 15221 6
1562 14667 6
3873 7724 10
404 11668 4
3114 12664 6
1009 9130 2
6350 8149 10
2796 16483 8
6290 15070 8
466 6938 2
4680 9122 3
4439 9767 2
922 4693 4
4230 8919 5
5296 12982 3
2630 4082 8
2969 6677 8
1955 13395 8
13726 15714 1
16110 16735 8
1556 10516 5
6896 15425 3
1288 15392 6
8673 16294 10
8489 10125 5
2293 8028 4
211 533 6
272 1748 2
4869 6538 10
1960 2269 1
4806 11548 4
6859 10342 3
11381 13054 1
10281 15183 8
3950 15720 6
6184 11738 6
12196 16115 10
2421 16185 4
3314 13688 7
2462 2566 6
8031 8127 10
12325 14204 2
7122 14886 10
7398 12647 2
10337 14452 7
7366 10711 7
4121 6161 6
1389 8184 2
3049 15475 1
631 6368 6
503 13064 3
8575 10981 2
715 9938 8
15714 15764 9
2728 12881 4
5251 15026 2
3112 12340 2
1765 1831 6
4991 15456 4
4813 14692 2
8037 15684 6
10098 12820 1
5885 13060 4
4985 9576 1
9299 11490 3
12978 16852 2
1070 13859 5
11338 11898 5
4765 9841 8
6760 13509 10
2694 15140 9
2010 6145 9
6527 10477 4
741 16313 7
3188 6574 7
5160 15964 1
9529 13013 7
6832 8178 9
5594 11068 7
886 8714 5
3595 13401 7
4198 16951 2
6637 16833 4
1167 10457 6
8556 14196 7
5648 9748 7
361 2112 5
6997 11272 5
14161 15779 2
3266 16859 7
3881 11060 10
11365 15015 5
574 5603 5
6003 11183 1
9596 10719 5
14784 15821 10
8742 11523 4
923 9107 7
3628 10711 8
4371 11460 7
11752 16077 10
5764 14160 2
13118 14243 8
7707 14773 6
3420 16985 9
3413 6238 3
1164 8389 9
1881 8436 5
8613 9936 3
3066 3782 7
1641 9322 4
1856 6816 5
955 13502 5
5108 5764 5
12190 14633 6
3774 12205 5
6669 9266 2
15372 16539 9
14270 16317 7
7034 9366 9
679 1575 5
1097 13615 6
9489 15752 1
2705 15094 7
856 4403 4
485 12440 1
5098 14025 5
6799 10114 10
5774 13762 8
938 13662 4
1455 14580 1
7400 11559 4
4119 5776 8
13817 15386 6
8082 16341 1
3723 16218 1
4261 12194 1
8589 12534 8
14672 15102 2
9203 9895 1
681 14692 5
2653 4400 6
3839 11460 6
6743 16821 3
2874 13828 3
1546 12825 2
8200 12395 1
8040 9855 2
823 11201 10
1847 8852 5
11417 13043 1
7384 9343 5
2998 13026 1
921 16933 9
4119 14936 6
4118 9931 1
6432 13105 3
1169 11923 6
7414 12827 8
8811 9003 3
7221 11696 7
1858 13523 9
10948 13038 7
5347 15575 1
7134 13445 9
2016 3610 9
8559 16753 10
735 8603 2
1880 9567 10
10549 12462 5
169 4562 8
12316 12450 9
15748 16848 9
1847 6258 8
9036 14615 10
442 9462 5
12847 15955 4
1637 7491 9
3682 7134 7
1333 3950 10
6664 13458 10
7180 12699 6
682 13220 6
1830 12260 2
220 1571 9
11178 16522 10
65 8811 1
4015 8978 8
6538 10779 9
6861 7755 3
793 4895 5
1358 9185 5
3761 6575 3
12189 12534 6
11296 14752 9
5619 8413 3
6126 16047 8
2131 13385 9
7030 10961 6
6136 16679 5
6705 12120 6
12705 16782 5
7017 12435 5
7640 13030 10
2746 4688 6
4103 10143 7
4900 9001 4
5446 13079 2
5965 14575 5
11059 12708 5
2980 5233 10
3080 14720 1
6236 13357 8
7714 14107 1
362 15239 2
5877 12439 8
3302 8785 6
1182 14453 1
13592 15957 5
5610 13619 10
4227 10365 4
12636 15002 8
6842 12324 2
6937 14900 2
5627 15385 7
12277 12464 1
7146 16998 3
2559 15686 1
3299 12012 3
830 5504 8
1490 1877 3
11533 12640 1
2336 12352 5
2153 5185 6
5559 16521 7
320 4773 6
4491 7277 4
1022 1556 10
1794 9705 10
10858 11829 9
4724 12623 8
12302 13412 6
5598 11297 5
7084 15829 3
2344 14748 2
5018 5834 4
4134 10280 5
1208 2777 3
4295 7752 8
2126 12341 9
4548 11486 2
14045 14937 3
660 4355 6
2226 14863 7
3810 4784 5
4918 6228 3
8401 13482 1
10092 11114 7
2791 14425 1
1279 12622 10
12 7042 3
6850 14456 10
8180 16464 3
7595 9669 1
12740 14575 7
7197 11184 4
1789 12902 8
3152 11023 3
2217 14850 5
276 1263 10
8042 8836 1
154 12679 8
6682 9606 9
11398 15789 10
209 12900 1
415 4809 9
4962 6218 1
3163 13404 2
6120 8963 8
11328 14657 7
7162 15806 7
1092 12096 3
8303 16424 4
5926 12863 6
1750 12192 6
363 2008 8
8599 16568 3
3379 4641 8
10617 12455 9
2193 13185 3
9404 10852 7
3657 4514 9
10110 12495 1
2940 3222 3
1914 16171 8
4363 11510 7
1217 8382 9
12060 12100 6
6803 15867 3
8915 12083 7
3868 6537 5
2420 4006 1
9693 16967 8
3748 14905 3
3901 10197 3
2881 11623 6
1321 12760 10
12220 15051 1
7604 7635 4
3371 10312 5
1396 2344 8
80 6974 10
3743 5853 4
4823 15520 9
9462 12983 4
3137 11840 6
212 8058 9
5812 9540 10
327 7577 5
6916 13422 7
5315 7492 4
8290 9350 2
1118 9019 4
5337 16165 3
9193 16213 5
13576 13855 5
9552 11019 6
5524 8633 6
6325 14307 1
7894 8891 4
4682 8758 10
7320 7482 2
1254 3963 2
11949 13214 7
1773 13832 7
1722 13249 6
9936 11767 5
12998 14667 9
963 8614 2
12671 15200 10
5915 12407 5
1588 8071 7
6535 13063 7
3229 3250 10
1135 3351 2
917 2827 2
73 10515 5
3028 5002 9
1529 11294 7
16191 16551 6
7746 10616 1
5498 9000 5
11717 12347 5
2176 14870 6
4028 13990 7
1306 11233 2
5940 15483 5
2735 15056 7
8951 15439 5
2198 2876 2
12234 16165 10
2434 12955 3
12330 13762 10
11011 14315 2
4931 11469 8
2459 10351 3
3061 4326 10
11497 14773 2
10355 12091 7
5860 16920 8
15621 16532 4
1395 7560 7
723 11800 6
15206 16280 5
5945 10898 1
9899 13558 1
975 5687 7
4400 6798 2
507 15155 9
2747 12691 5
5651 14495 6
14784 16621 4
5109 8376 5
6904 7813 9
13135 16483 8
4611 8076 1
7093 9153 10
309 2440 7
2475 14797 5
9061 14918 4
1468 9868 2
2315 10784 3
1571 14705 6
2550 13774 10
12428 14941 2
11625 15319 4
693 14797 6
8681 14048 2
6566 10149 2
9528 12381 2
7396 10870 5
4515 16517 6
9027 14736 9
1819 5064 6
7345 10831 2
1488 9237 2
931 15605 5
4669 7061 6
760 7008 5
5059 9577 5
1864 4316 8
8260 9073 1
212 14353 2
4124 12785 3
3304 4113 6
10644 14890 1
86 3375 2
4555 4672 6
9190 11053 6
4467 5280 6
4004 14039 10
8201 13693 6
4673 10309 1
4973 11115 9
9602 15039 7
4264 15035 5
4127 14539 6
9066 16535 2
5863 11933 6
3858 8702 8
12119 14621 1
287 15949 4
6703 9250 6
7316 15969 8
1294 2107 5
10523 13556 3
240 7973 2
10184 13981 9
1856 7274 2
8423 15537 10
7630 11498 5
6026 15662 7
5608 11671 5
7088 11381 4
4228 5991 5
4574 10182 6
4442 9698 5
3913 5066 9
514 6918 9
4960 14426 1
8613 9405 7
3233 16893 7
4289 6980 7
7453 14845 9
2055 3272 3
6195 13291 10
355 15109 1
4126 8896 2
9182 12899 2
4050 5296 5
2108 4611 9
8893 14185 7
9948 15122 7
14041 15248 5
1034 9818 2
9597 12660 5
106 4229 6
6107 16104 7
15544 16322 2
7407 16532 2
10939 16090 4
3600 6596 7
7385 13958 10
2663 3371 6
220 15796 3
1396 7573 5
339 13741 1
6952 12927 1
1731 5342 2
931 15473 10
4496 9741 3
1947 14263 3
5627 8528 1
8339 15829 1
15062 16512 8
1702 7019 2
10192 16339 2
1147 3719 2
10886 12546 6
9001 12240 4
3619 8512 2
368 3317 3
5330 13255 10
1558 5573 2
6951 11312 8
6762 6868 4
6011 10788 10
5632 6097 9
15761 16719 3
175 8835 3
7961 8702 2
10414 15620 7
1815 5535 1
8169 12651 3
10482 14729 4
10583 11265 10
7429 13607 4
163 3070 5
660 5281 5
16080 16510 6
13067 13605 8
8241 11712 9
10126 10365 7
5 8393 5
1576 4322 9
2862 11166 5
3687 13486 2
1471 5979 1
3069 15657 6
7805 9556 6
2494 14140 2
5744 10260 6
5048 14366 3
10641 12221 4
6407 11946 5
6449 16536 8
10282 12860 8
10981 13454 1
1209 3761 3
7261 9565 3
10126 13136 8
720 2840 5
3210 6559 1
10852 13934 10
9509 10410 2
5632 12885 1
2065 5668 7
1028 16436 10
8101 16511 10
12885 13798 7
8479 8840 9
804 8424 6
8544 14844 1
10832 12585 2
1531 2963 2
1542 15985 5
4606 8881 6
3130 7175 7
11829 16272 3
6772 7211 9
8790 14354 1
6190 9044 2
10271 13607 6
15141 16542 6
5185 8016 8
7602 9190 2
498 6804 2
345 9872 1
7412 12713 1
5727 8614 10
4601 11559 6
879 9711 7
1355 5457 10
1065 8272 3
1702 14996 4
4178 7340 4
5106 7416 6
1636 9045 8
8725 13328 4
7135 14721 2
5933 15243 7
642 6179 6
1900 13777 9
3074 16803 9
10440 12224 7
7420 8986 3
13946 16426 1
583 9444 5
14834 15611 5
5758 9820 10
4836 16698 5
8391 13186 9
9660 16516 7
2867 3278 4
2383 9274 8
641 5510 8
1156 3643 3
2194 13547 3
2326 12361 8
3739 9395 9
5090 8661 2
8492 10080 4
7657 11283 4
5987 15103 7
1633 6388 2
6651 10641 9
8224 15389 9
14725 16579 10
7927 11743 3
9084 15584 6
4293 11566 10
1860 11457 7
3095 13554 1
6198 14354 4
7632 9359 8
885 12478 1
1406 11634 4
8317 10412 9
8346 13019 2
1202 4439 4
7598 9973 10
8606 9008 8
12188 16625 6
4 166 1
1118 3269 6
4924 12954 3
1161 16090 3
2633 6167 9
9913 11997 3
13874 15248 1
5845 15198 5
6718 16757 3
2112 8607 1
2403 5100 7
1164 7671 2
1945 7750 2
1034 6967 4
3560 10187 6
5864 8988 4
7760 7810 8
214 10621 1
1890 9341 1
10176 12456 1
7972 14018 1
3647 11460 10
3517 9066 1
4051 15908 3
8470 16679 2
2465 3420 2
7581 13141 9
14044 14634 3
2526 9306 10
1530 10603 1
358 6763 3
16652 16823 8
4860 6825 3
4899 15182 9
7670 9146 2
6185 15460 6
7718 12608 8
9748 15792 5
10063 16105 3
631 4183 8
5207 6828 6
869 12701 3
5487 6331 1
11847 14733 5
7459 14723 7
4724 9313 10
7469 11794 5
4189 9377 10
8415 9077 5
6535 11922 3
2745 14844 6
7501 16689 3
7371 14742 6
4668 5788 2
1474 10748 4
3612 9360 2
12931 14276 2
6053 16656 1
612 4656 3
6269 9055 2
14043 16621 3
6235 13875 8
1972 6725 2
3654 8122 9
12215 12297 4
273 10246 10
1601 16199 1
566 7611 7
2762 4496 5
3414 11699 9
8461 8697 3
3718 14722 4
4660 5939 9
331 5740 1
694 13306 2
257 5189 5
7058 9210 4
14688 15718 7
2129 14714 7
3910 16328 2
728 15565 7
3602 5139 4
543 3091 8
5730 14545 3
11037 15808 8
10511 12851 6
13298 14572 2
4339 11043 5
10118 11595 5
2841 9977 4
4186 6448 10
6359 9656 6
415 16310 7
5695 13781 2
4618 6797 8
10627 16799 2
3351 14125 9
4111 14396 8
11613 16475 5
6405 14110 2
1362 5050 2
2437 16706 5
8434 10052 8
4593 11500 6
147 10402 7
9517 13702 7
1404 14916 10
1076 2169 10
4519 7351 3
4505 13146 2
2490 7631 2
6563 8124 6
1291 5989 10
59 1749 6
7543 9477 1
9612 14872 6
1535 7642 5
2457 16511 9
603 2939 1
2513 15764 1
1902 11958 2
1502 11846 1
999 8659 4
14135 16631 2
154 11451 8
11486 16715 8
12284 15606 6
9194 14193 7
13966 16713 10
11844 14399 9
4451 12682 5
11955 15503 3
2524 5593 2
14459 16949 6
12512 14259 8
9660 15518 9
7259 14425 7
2674 4329 5
2892 9050 1
9719 10602 3
9932 15586 9
10125 11453 9
4017 12349 2
3503 12166 4
6247 7523 9
1130 1951 7
9470 11247 7
6107 8997 8
412 1793 9
5041 5689 5
4434 8915 9
10863 12628 9
10711 14837 3
14600 16712 10
13179 15018 5
698 15869 6
173 7001 6
2655 13856 8
5596 7426 6
6283 16944 3
8916 12310 1
9401 15113 1
6597 12969 10
6030 8661 5
5769 15071 2
3873 13858 6
10745 10883 3
7173 9253 2
8641 15165 10
7082 8783 8
9613 15759 6
7961 12152 10
6705 16863 5
2525 2591 6
3592 13719 2
9715 14603 1
192 8416 1
4774 16908 8
2781 14122 3
3025 16190 5
10426 12851 5
3765 11672 7
6139 7917 3
4852 12784 1
12551 16478 3
2259 10371 4
5676 13510 4
8188 9674 7
6732 15987 2
9556 11610 7
679 3518 4
100 8115 10
1162 4457 3
3149 6036 8
5004 15321 7
7699 12298 1
1431 9602 8
5442 9503 1
275 3776 9
9799 12732 5
5299 8031 4
3773 3884 9
3191 14959 1
1356 6849 4
1595 13471 9
12713 15324 10
1969 9490 8
12775 15021 6
2933 12580 7
12449 15324 8
5518 14578 1
13221 14560 4
4653 6505 3
388 3020 7
8249 11575 4
10860 13420 9
4641 13664 1
8698 16460 6
2807 10883 10
5105 14006 9
344 1833 6
1988 8774 5
10940 11546 6
7785 14535 10
4847 8655 10
2292 10130 10
699 14756 5
7349 9408 3
3983 10345 6
4894 9615 9
11418 12701 6
4012 6828 1
13158 16797 9
11804 16587 2
1497 3596 7
10453 15621 2
2141 6759 8
7295 11437 4
1460 13738 5
2426 14259 7
876 6938 7
2319 4448 3
3576 9194 10
4066 12193 10
5764 14265 4
2008 4110 9
6076 9886 4
6529 9431 10
7632 9272 1
2149 15669 10
2697 10795 7
10993 16133 4
2854 11310 9
9719 10195 2
6053 14298 3
2233 14513 3
11137 14154 7
5743 8588 3
5981 11394 8
368 8817 8
5387 7162 1
3818 13606 10
12732 15127 4
4008 10886 3
11719 13632 4
11690 15322 7
1098 6545 9
3860 15300 4
8771 10149 10
7666 16403 8
13351 14808 2
9576 15164 10
3884 4690 3
7131 16566 7
5520 9025 1
458 12864 7
8069 8696 10
2944 9791 4
11686 15208 7
12265 14592 9
6491 11642 1
5854 10812 4
6058 10483 1
7373 12012 5
3904 15055 8
2320 6077 8
1968 6811 2
4567 10002 7
1818 12101 3
12208 16449 2
2919 2978 7
3024 6399 5
48 4319 2
8442 10176 2
3314 5777 8
7937 9515 1
8820 9842 8
16158 16687 2
10302 16636 7
11356 15900 2
1277 13562 3
3021 6424 6
13406 16269 3
2459 16641 6
3519 8639 5
2487 7993 9
1927 11674 10
2369 7474 3
3097 6387 9
7779 15507 3
445 14610 6
10527 13535 6
3347 6119 7
2521 5312 3
641 2986 9
5071 11849 3
7578 13137 3
12244 15843 7
697 7080 3
1728 15964 6
1563 2128 3
2394 6938 7
10589 13070 2
6595 14951 10
2657 9593 3
6833 12982 8
6892 15341 8
1531 9637 7
12556 13060 9
3554 6069 6
8771 10822 9
1934 9800 3
3977 15988 4
3430 11370 7
10442 11062 8
2593 6587 9
1000 14070 4
416 5615 6
6247 10575 9
1434 3775 7
980 9919 1
1278 5975 2
3546 7808 2
7488 9089 8
1176 3994 8
1785 9780 2
6203 15005 6
12402 15667 1
8270 11989 6
8093 16574 3
11373 15486 2
9096 9258 9
14082 15722 4
537 12051 3
12424 12977 8
2653 11574 5
12878 16773 10
5991 16304 4
3666 10184 5
3667 15217 10
6769 7412 8
7392 14249 6
1104 16230 6
4962 5992 8
329 16329 10
13528 14118 1
4969 6746 8
8603 14157 10
2126 7966 9
6059 9213 8
2638 11805 7
4551 5756 10
9671 10243 10
1314 16689 1
2642 6414 9
8385 16917 7
554 8218 9
2848 4699 7
2114 6246 6
8139 9884 10
6717 9784 6
745 10941 1
12020 13938 4
2251 10400 4
7812 11048 1
12195 12216 6
5898 6707 5
3558 13502 6
267 4890 10
2087 8069 7
6923 15229 1
3996 4454 6
87 286 5
2189 6835 3
8146 8589 10
1249 7688 7
9114 13131 10
10344 13030 3
1754 5018 6
1030 11288 6
1777 10999 2
1898 8998 5
5320 8049 5
12705 15725 9
1628 8260 2
12911 16229 5
12801 13182 9
5541 5946 1
3531 7627 6
4301 9177 5
5433 16378 9
903 15313 5
173 2975 4
3818 14566 3
6341 7133 2
6038 8697 5
1933 5630 5
6581 14615 6
11313 14780 7
1056 16338 4
526 13863 10
5402 8778 10
10400 12648 5
11519 16740 6
4400 11105 6
7777 12922 9
9160 9347 5
5769 12401 10
1649 3911 5
3823 5107 2
12069 16431 2
9036 14824 3
9037 11315 2
2004 4969 6
6407 15905 1
1270 15532 1
6092 11409 8
244 11664 3
13428 14127 5
1222 2914 9
7164 14747 8
3766 14228 8
6850 12704 7
3789 10938 3
8324 8350 6
4724 8526 5
12345 13335 10
13919 15996 9
4472 7396 2
14748 16261 7
9533 10324 5
9766 16322 4
355 15794 2
6199 8248 7
10868 15300 6
16384 16715 9
682 7451 4
6029 8989 8
6310 8788 7
8903 12791 6
8152 15620 2
5366 9792 9
9940 16608 6
6067 10727 1
8673 14854 1
1206 16460 10
12094 12428 3
3014 7050 3
1592 12120 4
1831 6780 1
13814 14983 8
4637 10928 10
2483 15392 10
8613 11684 6
2349 4806 8
689 14140 4
267 15909 6
8986 10533 8
8836 11656 1
3719 15104 9
855 8818 10
297 6107 7
1027 3154 2
8372 8742 8
4308 13790 8
12206 15332 6
4901 12582 3
2669 13324 6
2995 6023 6
6271 8684 5
7627 9745 6
97 10332 2
822 1331 2
11985 15448 7
3511 9788 5
6023 8072 8
11536 15629 7
3075 10515 9
16031 16918 4
2413 8771 8
6583 12624 8
10604 11647 7
8201 13190 4
7369 14612 2
6715 16690 10
684 14159 2
8365 15300 6
1254 13209 1
7081 11320 10
1254 4777 7
10417 15184 1
13689 14051 3
10740 15885 8
1311 5152 4
4237 6278 7
9365 12230 1
3026 14917 9
3513 4353 7
6546 8869 1
4010 8970 2
703 13274 10
7112 7261 8
9375 13221 8
7503 10542 4
3263 16322 5
5577 13273 3
1718 4947 3
4248 6047 2
7105 10405 5
2345 13689 9
1036 15278 1
2616 5682 6
3665 16475 3
7723 10414 10
6234 10163 3
8689 9724 7
1910 11346 2
4537 14488 3
4735 5687 8
6213 15996 4
8849 14978 5
6015 12088 6
7301 8303 10
6658 6773 4
1628 12531 5
4451 6441 3
499 13266 6
6011 7104 6
1922 7477 4
1570 14908 1
4569 12371 5
9550 12826 6
522 10027 8
6915 7353 8
1195 1472 2
6311 11659 6
6810 16986 4
14743 15414 6
485 3877 8
4263 5768 7
2585 5809 2
2759 8773 1
109 12488 4
258 954 7
7894 12895 4
5650 8658 7
5488 8507 8
3149 3972 3
403 4351 6
13117 14728 4
1435 15523 10
13264 14868 1
9815 15734 2
3619 15059 10
9780 11403 8
4669 7526 1
7827 9284 7
1798 3229 10
1595 4959 9
146 10116 7
7433 8219 9
1340 7277 1
5447 14149 9
2658 9642 3
8109 16403 9
1675 14812 2
942 9573 6
5855 6740 10
13984 16490 3
1714 1760 10
4966 12260 8
6016 16308 5
5230 10384 9
2561 5036 4
5118 16144 5
3207 8272 4
5756 10111 9
33 16714 4
14282 15412 4
2464 8813 6
625 12365 7
526 8134 9
642 1970 6
1173 12361 5
6244 11072 8
8840 12414 9
3380 13186 1
5492 6813 4
1061 7804 2
10573 14004 6
4797 11849 8
6036 7446 4
9678 15240 8
2411 12468 2
7234 9193 2
3147 15905 9
2331 15282 2
3100 7694 6
6825 14379 1
4383 9487 5
1698 2099 4
2371 3324 9
2017 16202 3
193 493 3
7253 11243 6
3484 14747 8
396 10047 9
59 4696 6
8588 12614 1
2220 13134 1
10678 14572 1
5977 16446 8
1891 7338 2
3357 4782 6
10196 12784 5
7251 8995 9
5825 16533 7
11413 11598 1
6660 13069 1
12203 14866 1
4945 5627 9
11902 16427 3
6876 15650 6
3714 4926 6
691 8187 10
9112 13758 4
5296 14395 5
2122 4655 10
3595 4761 3
8977 11472 10
4447 16419 2
10483 12273 2
7010 8892 8
3645 13254 4
13095 15867 9
4539 14734 10
4497 15319 5
1111 6454 1
1835 5672 1
4621 16491 7
2290 10005 3
13660 15905 1
6756 14288 2
5919 16946 8
6737 8748 10
14429 16495 9
1065 7797 10
3575 14798 5
6247 7842 3
3494 13575 8
10577 13118 7
10357 13981 8
1988 7224 4
12690 15833 3
7232 10784 4
11695 16472 1
427 15831 8
3963 7552 1
1090 3380 4
10422 12237 5
3430 11016 6
6496 11321 1
1260 14195 9
6897 7853 10
8277 13956 8
6520 15785 8
1427 6121 3
10910 16743 8
4945 9023 4
2773 8552 6
3173 13803 5
10467 14071 4
7925 9374 9
12852 16427 9
5213 9360 1
15414 16807 6
6952 9167 3
1681 10162 5
1645 6414 9
410 7389 4
4839 8909 3
1679 16714 4
5989 10171 5
688 13471 10
2416 11177 10
2053 12130 8
5639 6107 4
291 1004 5
572 15733 10
2980 7142 2
9043 9400 3
2051 6539 8
11480 11737 6
4672 9983 10
12319 16492 10
5312 8214 9
4508 7013 6
10156 13374 9
8589 15549 10
5135 11224 3
234 5772 8
814 4044 8
394 16335 3
353 7174 1
59 12148 3
5374 9299 5
7938 9346 10
10940 12657 8
2477 10606 1
5278 7794 9
2569 11582 6
11591 14986 10
469 1699 1
11175 15080 1
9458 11844 5
9378 12215 2
5823 16561 8
8427 16884 8
4542 10976 1
2520 3273 4
86 9728 4
4774 16072 3
14128 15791 2
5329 9780 10
1818 16461 8
3880 13046 1
93 1692 2
55 11915 7
1214 16443 7
2903 7833 1
8537 9048 10
10571 11959 6
3607 7631 2
11381 14421 7
8969 11464 6
12436 13511 6
3710 4996 5
15375 16347 10
1150 10107 10
11410 12712 5
6731 12165 1
6357 15430 9
3336 8079 6
9445 12841 3
973 12401 2
1664 13107 6
1752 2745 8
6242 14657 10
942 1372 2
10289 15719 9
11989 12485 1
2704 5374 8
4589 15990 3
12645 13197 9
9987 16738 2
577 9272 2
8973 9905 4
6741 10268 6
2020 15717 5
9806 13747 7
1147 12510 9
4301 7219 3
5534 15269 1
2055 5038 10
5799 9588 2
3283 4682 5
8449 11018 2
3807 14566 4
2737 6175 6
5063 10015 10
897 2671 8
1681 12547 6
9882 14107 7
9322 13696 5
6388 8282 8
283 11461 9
891 15948 1
8479 9427 9
8155 12347 1
11472 16177 9
644 8624 6
13922 14590 8
6205 14700 2
467 3304 9
8784 13451 4
5488 16179 6
1563 15178 8
2311 7633 4
12217 16619 8
13279 15412 9
3442 9274 7
13817 15715 6
4216 12065 10
23 4134 9
7060 11065 10
11377 13637 7
9027 10649 5
2604 11296 1
4261 5197 10
3084 11636 4
12992 16327 1
6374 8790 7
780 1575 10
5700 16297 1
11825 13357 10
1164 9071 10
7690 14801 4
565 16596 6
2416 4181 2
3692 7328 8
10293 16902 4
10472 12826 3
4397 13407 1
1473 4278 1
1206 13600 4
1480 15966 6
2247 9672 3
10390 16714 8
11183 11682 8
10011 11175 10
7100 14763 9
8145 8758 3
7288 11986 4
6430 6584 4
6362 14929 5
1635 13339 8
13332 14302 5
9086 11479 1
5415 10971 1
11659 14531 2
7135 16067 1
3501 9438 4
7173 15066 2
7745 7999 2
1980 11945 6
3215 9805 6
15858 16272 2
1751 14736 3
10265 10736 4
2156 8297 10
15090 16007 9
2181 15583 2
2001 12170 6
10097 12236 8
6375 7251 2
1930 7170 9
10107 11631 7
8419 14898 7
11110 13439 6
1279 1973 3
4877 13079 5
8504 14270 10
5260 6184 4
4240 13952 3
13495 15605 8
1300 4647 1
12510 15189 5
6461 8795 3
987 1700 1
1748 11476 7
2897 12711 10
74 15424 8
3594 4175 4
16345 16379 10
3718 8256 6
9120 13751 8
4463 6954 5
3831 13675 4
4153 11975 3
3651 10228 2
730 14808 9
2275 13803 8
6693 10472 1
2647 14761 10
3765 11311 3
16149 16192 10
5179 14287 1
1676 13214 10
1063 11636 5
9102 15233 9
8064 13182 10
14759 15963 1
11470 16468 4
178 3753 7
254 15597 3
770 6222 8
3598 15064 7
1641 2103 8
1208 1876 4
5345 5402 4
7340 7857 3
12830 14811 4
6981 11899 7
72 3692 1
9618 14426 8
11907 14094 9
5649 6226 10
3115 11819 7
7961 14254 10
7076 10657 2
2238 15687 9
5521 12257 4
44 4161 10
6081 16097 8
5268 8224 8
5050 13410 2
4767 8015 7
4360 9044 3
2427 5682 10
2137 12491 10
6970 8552 3
1307 2595 4
748 4566 10
2086 4795 2
5179 14415 3
2656 2666 2
5956 14488 8
5399 6072 6
5647 15879 6
8437 16346 3
8169 8444 10
10673 11356 3
11463 16453 9
8450 17000 6
3993 13966 9
1235 4954 8
8201 10599 4
5877 5904 6
7430 10702 6
5381 14288 3
8297 11909 1
2993 8656 10
6483 15420 6
5928 15605 5
1501 7535 9
7817 8240 8
3416 10169 8
6689 11530 3
4875 12168 5
8807 13626 7
7065 12930 4
5124 7574 3
13412 14482 5
2895 11673 6
647 9220 2
2086 9694 5
8785 15813 4
3535 10706 8
10145 12407 4
8832 13648 5
10144 11236 5
16237 16297 7
11947 13883 3
5744 12068 9
1787 13398 7
68 10461 5
8420 15541 7
8635 16263 8
11578 11659 1
6506 9118 7
3608 14120 10
2161 6243 9
1935 11642 6
4212 13927 5
4249 12948 2
6438 7287 7
2832 16665 5
3598 3711 3
1437 2372 3
1576 4221 6
252 1365 10
15143 15527 1
8344 14264 3
1424 14863 3
7007 7524 2
627 12187 7
4556 15589 6
6509 7471 2
14488 14517 3
6076 8745 3
1166 16915 4
15201 15807 2
3812 7222 5
29 5745 9
11583 13896 5
2072 10438 7
13752 16696 10
5536 7503 8
8531 13393 1
7422 7945 1
3445 13448 5
7920 12024 6
9513 11722 2
6234 14420 4
8872 16518 4
11721 15859 7
6124 6936 2
11224 14974 9
6392 12484 8
1036 9755 2
2666 13906 1
744 6694 7
6725 12741 7
2319 10841 3
2970 8327 4
2095 8127 10
2409 7909 10
6528 14065 3
7482 15510 1
4176 10331 2
14086 16966 5
1772 10251 1
4069 9607 4
7525 11820 7
1046 6694 9
10779 14995 9
8045 16199 10
540 15927 5
2910 11923 6
7969 15990 4
2250 13051 3
5219 11449 7
3499 8398 2
12829 13758 4
10998 13617 9
6128 16315 4
4664 14128 10
3067 4753 6
4019 10876 6
1744 11647 6
3974 4542 10
5569 15448 1
921 7220 6
6405 15522 6
2587 2801 5
9692 12363 8
1818 10950 8
7060 16437 1
7626 8275 5
3843 11474 4
2671 4112 10
12677 16469 6
4482 7688 7
2473 5437 3
3899 4713 7
130 9875 9
3543 4451 9
11059 16772 3
12802 16977 1
7654 14294 7
4384 5301 2
2935 16809 5
5505 9450 3
29 10133 7
242 10437 7
197 4244 2
13650 14841 2
8744 13872 9
6448 9104 4
4423 16526 3
757 16816 5
11835 14293 3
6114 8116 2
2788 10706 1
1953 4419 3
1496 8368 1
6050 10724 3
5187 11193 2
3915 4035 6
6130 14716 10
8491 14114 4
1530 11161 9
2458 16828 5
2058 15094 2
16390 16742 1
1435 1446 1
3675 16159 7
8341 14238 3
8328 10848 1
1888 14573 8
10885 14745 6
1625 2536 2
3833 10870 3
7982 14864 5
5397 14136 10
7389 14540 6
8520 10049 1
6143 12266 8
3141 7177 7
10944 15303 5
12224 16667 10
7610 9580 3
8852 9995 2
10071 13453 5
2274 8205 7
5081 5730 2
10 6998 4
11021 11860 1
5113 13647 2
617 3700 1
460 15729 5
6341 12578 8
1287 5043 6
7023 12160 4
13308 16935 4
15113 15897 2
960 4235 6
1915 6303 8
11448 16457 8
7179 7739 9
765 5513 7
14051 14814 9
13138 15765 3
6190 10128 5
6607 16154 6
2020 12222 1
2054 9879 5
368 979 8
4435 16872 2
3066 3337 8
4682 14348 7
1933 4588 2
3415 16292 1
822 10179 6
251 16257 1
12065 13010 1
2657 10463 1
1890 9370 8
4723 13549 8
5272 11724 5
7696 10515 10
171 2636 9
3742 6307 6
6476 16566 7
5037 13459 6
1051 1469 10
13067 15711 10
4057 14706 4
7774 16569 3
5337 7829 3
5750 13947 7
7793 10934 7
4340 4872 2
968 3087 6
3256 9792 9
7597 9335 2
7650 14575 10
14525 16677 9
695 11907 10
14980 16862 9
4842 5382 4
3693 6728 7
6271 14541 5
5112 8851 2
238 15895 10
1492 13139 2
2043 8391 8
3662 5280 10
3148 6549 8
5806 10755 2
2741 12507 6
8701 14465 3
1497 5999 6
5364 13212 2
1001 11699 2
9553 11492 9
4648 15331 10
5562 6375 3
5866 6501 3
7963 8441 1
6852 10746 2
14114 15329 8
10018 10947 5
4563 11647 2
10125 16672 7
3686 9814 9
11774 12625 1
7172 16269 7
2462 14823 6
2639 12628 6
1295 12927 5
6167 7264 10
6277 15575 10
9468 11525 2
1502 16557 3
5334 11551 8
8469 16778 9
7914 13221 2
3922 5644 9
7377 11519 6
6216 15123 9
11686 14448 3
34 3706 8
6106 14963 2
862 1892 6
5010 13225 4
3612 16498 3
11043 15190 8
7955 10199 10
4965 12245 4
10624 14875 8
9131 14885 10
5914 10463 3
6261 15752 5
487 14794 8
1132 12374 2
3898 6336 7
1439 9844 8
12168 13348 9
842 15789 1
1239 2636 7
11749 12557 3
3002 12018 9
3061 16707 10
5548 6755 7
1118 6557 1
388 14450 7
7581 8384 4
605 6473 10
3091 7263 1
940 16435 3
12867 14507 8
510 13922 3
1528 5027 8
625 8937 2
157 13908 2
7671 9946 4
12554 13922 2
989 14523 9
8819 14725 2
3262 9521 8
4498 9867 10
8585 16006 10
6345 15447 2
10652 14222 6
5150 15123 4
5685 7963 8
1351 5155 8
2090 2622 2
9336 14688 2
7104 7376 7
1442 5122 4
4736 14651 3
1293 11474 6
3683 12504 3
1002 11177 9
2308 8007 5
10296 15459 4
2054 3704 9
9678 10073 10
5214 13977 6
8393 8789 2
6599 15517 7
4605 13817 6
3190 12193 2
1818 4148 7
10563 15760 9
13149 16811 9
8636 10188 5
67 12575 2
3695 7810 5
11521 16819 7
1055 4593 3
10211 13780 10
11976 14633 7
1250 9630 9
16186 16812 2
1550 7083 2
5078 9450 2
7389 8715 5
1880 2359 10
1257 10449 4
8519 12417 4
6882 9972 1
4880 6198 6
1460 4817 1
8029 14929 1
1682 15227 5
2687 8830 4
53 15062 4
11704 16261 6
2543 6556 1
3254 12647 2
867 4048 8
11467 16276 5
10876 15910 10
3642 4650 4
2181 11635 10
3170 5414 9
5130 6824 6
4353 14326 10
7234 9021 4
320 4659 2
4605 4914 10
5339 5605 2
4865 16389 1
2417 12196 3
3088 3185 7
2442 9149 8
4063 11067 4
1237 15813 3
8260 10595 2
9927 10459 10
5031 7615 9
5962 6701 5
2190 15796 1
7261 10683 9
6849 16095 1
4328 8636 8
2806 3582 9
9407 9738 5
3228 10170 2
9446 14177 7
8932 12840 8
5019 15476 6
10207 10809 8
6478 15451 6
4882 13350 3
6982 13927 7
3095 13368 1
29 5703 3
6637 7363 8
7597 15012 5
1020 7817 1
10710 13612 4
3824 5662 7
9144 12165 3
7760 7844 4
4957 15278 5
9146 9675 1
6719 9105 10
31 2927 7
9491 10694 7
11525 16306 2
5865 7257 8
3479 9655 9
1881 7468 2
1006 13206 4
2383 12338 8
10240 12634 9
667 4041 7
11636 12104 9
1823 13933 4
2430 13272 6
12279 14763 8
315 5933 5
3035 10229 6
3644 8405 1
11006 16375 9
7505 14456 6
6025 12024 3
10318 16218 3
9371 16127 10
2042 3598 6
15179 15805 5
15509 16704 4
10682 16620 3
8410 9734 7
6947 9346 1
215 15990 5
2169 12500 10
4120 5612 7
5758 9373 3
1793 7189 9
5070 7543 4
4166 13695 4
8069 12753 7
13943 16937 4
8413 16092 8
4788 6825 2
2734 15282 2
2006 16551 3
546 3021 7
10139 12144 6
5736 15516 6
8658 16973 10
4188 12279 2
2986 15142 2
10718 13346 1
2921 7520 3
2279 14803 4
4306 8712 7
8381 12408 10
15076 15588 7
9304 10100 7
1021 1489 8
9576 16921 2
5648 7977 9
11725 14343 6
13176 14271 6
1257 5142 4
3303 16461 5
6408 16998 2
2377 12976 6
3212 16910 10
1316 9260 2
6310 15431 3
3218 9624 5
315 1371 2
14439 14552 3
9948 14631 3
9748 11953 5
13146 16480 6
7262 9160 5
1584 15862 5
13618 13840 9
372 10884 4
5443 15436 3
8469 16422 3
4784 5111 4
5144 9880 6
752 8971 9
1084 4283 3
1685 6658 9
6422 7924 3
5482 7158 7
6512 14428 9
2401 15197 4
311 13372 10
247 16177 1
5816 16062 9
13669 16297 10
7020 8302 10
5158 5947 1
3782 14005 9
11463 12509 8
1021 4381 1
10842 11070 9
2115 3764 5
1951 11276 7
5173 11035 1
2945 14005 7
4032 4164 3
3142 7099 9
2283 16539 6
5523 13461 8
11175 11608 2
4514 6456 6
595 16686 4
12305 14155 8
6444 8565 5
3895 10104 2
1319 6688 1
2768 7256 1
262 9455 1
4828 10101 8
3768 14822 8
1719 2513 4
802 9066 1
5486 6714 10
11948 15253 4
2797 14347 7
11041 11486 1
6667 12433 7
6916 12179 5
7530 9182 1
326 355 6
2881 8854 6
501 15562 4
695 8709 10
6168 16895 4
55 3124 2
4149 12288 2
6399 11221 4
3894 6015 7
8885 9270 10
1618 5258 10
7584 16663 5
11165 13197 4
4282 10082 5
1833 3134 8
1050 12002 5
2263 6685 2
3021 5024 10
653 14650 10
6789 13444 5
2757 4641 6
1646 16111 2
4883 8272 1
598 5136 8
4465 5832 8
3014 10924 9
8658 13904 7
11919 12301 9
8415 14286 1
4859 10694 5
8658 13864 5
7662 14989 3
1407 9515 2
4930 12509 5
13005 13369 9
6728 10892 8
6090 12266 8
8207 16863 5
2194 9717 5
4932 11604 2
4474 5693 10
5392 11292 4
10229 16674 3
6724 11916 8
14970 16936 10
9150 9635 1
1752 7624 5
4519 6270 4
7691 9787 6
4517 10867 8
5811 13206 6
6970 12532 4
4670 13297 2
12150 16252 4
2527 15957 7
96 15087 5
2109 13781 4
3546 12446 4
515 4017 4
900 10885 5
1384 8551 7
5666 12569 8
6821 11598 2
11887 16100 7
5476 10276 8
496 14179 8
11475 14142 1
9677 14754 4
639 12025 8
12140 14265 8
1371 4281 7
1282 3870 6
13049 16168 10
1360 3534 8
4474 12350 4
4512 11013 7
864 15266 2
1513 14373 9
6156 8593 4
8834 8895 6
8813 12806 3
3386 3983 1
5710 8725 4
3576 11222 3
10356 11327 1
13404 13644 3
10691 11618 3
2493 7268 4
11260 11547 5
12612 15908 9
3287 12693 7
6143 14000 9
4622 10655 5
2585 15042 5
5354 14384 5
3432 5758 2
2348 8777 3
5724 7006 4
2679 10759 5
12288 12779 10
12208 13153 9
3040 14045 4
7655 15738 9
7260 9679 2
13045 13717 5
6130 16255 7
8968 15949 3
983 4197 3
2430 2589 8
1606 12701 9
8616 15579 5
10514 11414 4
3542 10641 2
1988 8481 10
1848 2489 10
126 12978 4
4538 5264 1
5746 15908 1
8930 11764 5
2948 6774 10
11828 13279 4
5784 9018 1
6740 8707 2
1249 1318 8
13184 15915 6
1209 6297 10
5636 14118 8
8713 16183 3
4706 4912 4
9458 10502 4
10740 16837 5
9789 16913 6
12343 16072 6
3581 15771 8
233 8292 6
2501 13038 1
13273 15918 5
11974 16467 7
7745 11602 4
1126 14748 1
176 8054 1
9325 15957 1
4266 9613 8
7555 12105 8
365 8241 1
7768 8728 9
5344 8277 4
143 11350 5
2415 13812 8
1257 5086 4
1848 15312 7
10514 15429 6
1266 7815 7
12452 14214 8
11893 16743 1
1055 14335 5
12383 16536 3
14437 16899 6
4183 12300 6
4074 10535 2
3291 8401 6
2058 15362 8
14907 15620 8
8954 10981 4
5578 6263 10
1259 8231 10
304 11498 8
2877 6082 10
2216 9810 2
796 12917 6
9613 12963 7
614 11039 7
141 737 10
3603 10849 4
4022 16978 2
9430 14334 8
1879 6011 3
10179 16220 8
226 9699 3
7791 15551 5
528 5913 3
6931 13586 2
5396 6267 4
3838 12067 7
2452 16753 1
388 8456 8
462 1604 1
5920 8690 8
7688 12616 10
4894 13055 3
2191 6440 3
6252 14321 6
9641 10139 5
2377 12183 5
3709 16677 7
1495 1615 9
10562 11051 10
11548 16383 4
7098 11965 3
7524 8296 3
3576 4980 6
1043 15863 9
5682 10045 5
5015 12456 3
1670 14681 7
8775 9102 9
10549 15279 8
4650 16056 5
440 4966 10
7363 12729 4
2849 7780 6
7464 12939 3
9665 9830 6
11871 12614 5
2709 16941 7
11079 16135 4
11263 12087 7
1441 7616 3
8821 13876 1
6995 8783 2
690 12998 1
6763 8717 1
13541 15216 9
7706 16145 4
5183 7779 7
5988 15647 6
8110 8986 8
1933 4524 6
223 16403 7
13536 13557 7
14094 14499 8
7816 8020 6
6810 9522 6
1680 6130 3
12497 13196 9
2161 11838 4
8806 10644 9
721 2003 2
9968 16318 2
765 8204 2
8351 10359 6
275 3635 6
103 11475 7
3718 6872 9
5315 15882 2
7259 14033 3
5686 15073 6
1471 16894 4
9859 11859 3
1471 14361 9
11992 16707 1
15676 16362 9
9775 13011 7
3822 14228 7
9671 15116 3
12042 15714 4
1238 1421 9
10792 16442 1
69 6195 7
4245 16047 6
8627 16799 7
10004 14825 5
11265 14138 3
4134 5193 2
4829 11853 6
3177 14564 2
10140 14806 8
9283 10146 9
3527 7400 1
1293 6105 5
3759 16210 8
3021 9330 7
4507 10544 7
12100 13505 6
3513 11832 8
11747 13375 10
324 407 8
6553 8891 9
10607 13627 1
4827 15955 3
647 13677 1
9813 9938 6
4645 4752 9
2338 6817 7
6635 16059 2
9207 13226 10
425 526 8
10670 16900 6
4002 5326 6
7920 12583 8
1164 5550 8
12649 16062 9
525 6826 2
3799 7508 8
6290 16860 7
5788 7279 8
7150 7951 4
7682 9560 6
10654 14904 8
4267 5079 4
5913 16814 10
5460 12692 9
4082 10022 3
7514 8389 2
10025 15539 3
984 15818 9
10179 10895 4
1974 11798 6
1515 13808 10
234 7190 9
13567 15639 5
1393 16877 8
3075 15125 7
12688 15730 1
6405 7460 4
11644 13998 4
4261 6726 7
3417 11219 3
7561 14612 3
2956 4390 4
9482 16386 4
3921 4382 10
9811 10207 6
3794 9543 7
12537 12589 1
1755 10070 6
12759 15533 4
8561 13474 6
7971 9891 1
2585 10510 10
4639 13896 5
1345 11591 9
14025 14788 9
7508 9290 7
3437 6589 6
7824 14445 10
14403 14779 2
10612 11859 5
4755 9250 4
8660 9486 9
3617 8379 6
682 5323 9
14353 14644 5
4142 8328 7
283 3717 8
12084 15885 6
3498 12355 5
2784 3880 10
5199 12045 9
7555 9493 6
11607 16171 4
2238 14129 3
9642 11130 1
7069 12939 3
11674 15939 8
4239 10733 5
4345 16535 1
2265 15350 3
1775 4516 9
4835 10405 2
6935 7239 2
12501 13812 6
4144 10100 6
403 16321 3
2609 15199 7
4081 12976 7
4127 10801 7
4520 14169 10
6681 11969 1
3723 15377 8
13434 15580 4
1889 14055 4
4721 7099 2
10291 13437 6
12430 13277 5
14055 16388 6
611 13786 5
7047 16954 7
3794 4527 10
9649 15663 3
94 15097 7
12846 13376 1
9672 13235 1
2625 2938 4
9597 14209 10
15880 16630 3
1225 6506 6
2471 14691 7
9913 11399 4
972 11356 1
4865 5147 3
4165 14254 8
3408 7955 3
10388 14527 9
9110 11492 7
3757 7071 1
1393 11884 4
4830 7974 1
6552 15448 6
2054 2736 2
4957 11345 10
1226 6762 1
4319 5572 2
2962 8996 2
4929 6833 5
5046 15350 3
2881 11742 6
13047 15590 4
5662 14536 7
2651 4647 5
5003 12463 2
7408 15407 8
3526 13216 6
4608 16154 2
7477 9808 6
603 9380 4
321 6959 2
7449 7566 6
9201 16447 1
1519 6097 6
15082 16901 9
984 2352 3
1121 14620 9
5486 6376 5
2496 16753 2
9234 14700 6
6807 12054 3
4719 10399 1
7337 10369 1
2617 5872 2
2898 12807 4
7949 10455 10
2371 3295 10
9811 13884 5
2915 4330 9
2446 10694 1
4552 12430 10
6955 13349 8
5660 7963 6
10196 10656 8
384 11244 6
2192 2562 5
10790 13958 3
3767 15091 9
5325 9825 9
11945 15847 10
11692 11737 2
10472 16779 3
2082 12798 7
9553 16029 2
677 10615 10
1574 14872 1
2244 15779 10
13370 13503 4
12374 15695 6
1520 1555 2
5252 12366 8
5988 15980 1
6429 9533 5
2418 11852 1
6075 15790 10
7876 8122 9
2171 16326 7
10569 13212 3
7471 15732 3
6407 12683 2
1015 4107 8
10300 11990 1
8157 16516 9
3036 8901 6
940 5499 9
2141 10653 4
152 15073 8
13901 15208 1
6652 10242 9
137 13216 5
67 16688 9
60 7408 4
3192 9374 10
897 9321 5
6028 16480 7
3599 4704 1
650 7221 7
6569 15992 4
4292 6678 3
4437 14163 6
11141 12401 9
3717 12611 8
774 15035 6
4193 9139 4
1836 11835 3
5013 11094 10
3978 14490 9
2761 8806 2
8393 9976 8
3295 15907 2
3244 9670 5
16617 16699 8
7192 8962 1
9342 9566 4
5682 12915 3
6274 6618 1
6566 10634 4
1465 15542 9
4933 9492 8
6753 8278 6
828 11164 6
2161 4097 8
6849 15795 8
801 3163 2
3730 15815 2
15142 16503 7
3888 9630 3
9787 11543 6
5797 8844 8
2614 7460 7
7726 16453 5
3071 16347 1
8947 10354 8
8177 13458 3
10774 12122 6
3808 12992 6
12668 15720 9
15505 15512 6
1643 14118 1
3094 9417 7
689 14153 6
4159 4934 7
5881 6086 1
13923 15753 4
4768 12597 10
8492 13651 2
3794 11385 1
3312 13981 9
7479 12340 2
2988 3540 1
2695 16685 8
199 3933 4
3021 6266 10
5385 10100 2
2676 11061 10
14709 16597 1
2879 6727 3
11398 14771 7
14176 14709 6
6750 14606 1
1372 12928 7
5995 8819 10
8105 10684 5
8860 13721 6
8174 14772 2
6854 11011 7
788 7083 3
5490 9107 10
14636 16927 8
9509 14102 6
3256 13653 5
8006 15469 9
1046 6110 9
12141 13700 3
2158 11742 10
14937 15302 9
2523 6762 10
7823 9400 1
1873 11945 9
5277 10347 9
6579 15813 3
238 15275 8
6001 9583 9
1350 8526 1
1431 14330 5
4344 6655 8
3418 15766 8
4020 15154 4
9598 14725 9
6625 9215 4
2060 8542 6
411 12919 3
11923 16228 3
6916 16349 10
2056 14718 1
1223 14098 9
9881 12300 8
10857 15936 9
7927 16248 7
1111 13887 4
281 6850 5
6663 6866 9
6484 9602 1
1634 12013 3
7256 9226 7
8828 9628 4
1375 3706 1
6853 16085 1
1037 7181 2
5392 8695 6
12616 16808 5
72 14220 4
6097 11512 9
4049 16636 6
4686 6119 10
8714 12834 7
2267 5760 6
11543 16593 7
7726 8630 5
1027 12388 3
14719 15396 10
6294 11654 4
7044 15933 7
7493 15604 9
9710 10616 3
7260 13997 2
2193 12803 3
8603 11295 7
8315 13075 4
7116 7371 8
3863 16663 10
823 15951 2
3910 10488 6
11538 11954 9
6249 11868 10
8142 13291 9
2814 8980 8
2451 4289 8
2057 15477 4
5056 12942 8
3565 9714 8
13021 13604 7
5167 8012 5
1017 2652 8
3741 9678 1
12018 13945 3
476 10688 9
6391 12679 8
12680 15183 3
1392 7816 6
1770 11574 1
13305 16356 10
2158 2868 10
7556 10033 9
1905 10467 6
6328 15468 7
4752 15857 4
13963 14255 3
6121 15106 2
6532 11750 1
9742 11534 10
5456 14043 6
463 7112 7
6408 10752 5
10562 15535 9
1578 10681 8
3112 3394 5
2844 14085 7
2082 7394 8
4098 13575 2
8813 12620 3
3460 12068 7
4532 15012 2
8811 9184 2
330 6111 6
8126 12677 9
6254 12686 10
5188 12699 3
415 5588 8
2776 15985 8
866 2214 6
5745 12609 7
510 12246 4
609 16558 7
5697 11638 7
6194 8742 9
4494 12160 8
9773 11370 9
3363 9636 10
870 7267 9
7643 9487 7
2482 4799 7
6278 13926 3
2442 4740 1
11829 15973 9
1245 10367 4
7894 16995 1
815 3871 3
1827 5776 1
12927 16701 10
2393 3982 7
13514 14621 9
14456 15290 10
5658 15822 5
1820 7162 7
5076 7135 4
1140 14415 5
490 14372 5
11866 14620 4
9029 11434 9
11641 13102 6
7822 13005 10
9034 10840 4
6102 14466 10
602 5276 3
144 11738 7
5713 15523 9
272 9595 6
26 15615 3
2045 14545 5
7954 12279 3
746 14620 8
4965 9433 2
14891 15905 3
2954 8986 1
2340 11903 4
14166 14734 8
457 4092 9
8476 8950 6
4130 16601 1
7835 16045 3
5875 10029 9
4605 5621 3
9864 10691 7
14612 15731 4
700 16704 1
5720 9600 6
8307 9434 8
6196 8074 9
575 16214 4
1771 13917 7
11369 14985 3
6737 7086 3
6945 7592 6
3085 16415 4
4195 10976 7
3770 12577 4
5592 6450 9
5118 10675 3
1924 12911 4
4458 8302 9
826 15384 6
9538 11213 4
3381 14070 5
13923 15268 3
9632 16434 8
15417 15806 4
3008 5989 3
3870 14391 6
2009 15386 4
1567 11398 10
7318 13962 9
4286 13134 10
1736 4485 2
534 2706 1
5523 13269 10
7620 15563 2
14011 16814 10
1566 14001 9
606 3568 6
2012 16557 2
86 2716 10
13652 16291 1
6982 13733 7
4325 10315 9
6730 6938 4
1894 11720 6
7459 12994 7
1889 14993 6
2446 16197 7
13856 14505 5
5319 9999 6
2166 11362 3
10720 10832 1
3489 4884 3
6535 15602 8
9073 15971 7
4155 15331 10
5738 8260 8
8846 16244 9
7086 10843 7
10082 10835 8
11050 14722 5
9948 12720 8
6565 7223 4
420 7332 3
8258 12691 2
3526 12030 7
6461 11928 4
5041 14387 1
1031 5515 10
5365 11839 4
6127 10337 4
986 6595 4
911 4367 2
13450 14765 4
8206 9726 6
13086 15864 5
5314 15195 1
1389 8502 1
13369 13932 8
3519 11445 4
4214 8353 1
8144 16292 8
729 6443 10
14337 15558 8
4917 11419 9
7122 14392 2
7297 11645 3
4640 5865 7
5294 12786 3
6296 12226 1
3829 11456 3
5089 15090 3
14495 15596 1
7590 13595 1
7058 12855 2
2098 16239 5
5572 8536 4
5981 5986 1
8182 14491 9
3074 9026 3
3515 7983 4
3724 11374 5
2075 12521 10
9516 14729 4
7428 16643 4
2492 4139 3
6981 15804 8
10221 16419 2
5869 9545 5
7443 7876 7
4423 16011 6
969 3830 9
7953 11399 2
6376 15569 3
3664 3944 6
2404 3061 10
12751 16381 4
1070 9796 4
12944 14803 7
82 14221 7
5149 8209 7
1676 8088 9
9530 13146 4
3260 8407 9
3381 12415 10
869 7096 3
6182 16895 8
11715 16149 3
1519 16187 9
5461 5946 10
14996 15231 2
201 9472 2
5829 8167 10
8734 12483 2
2716 12766 8
15015 16156 2
3706 16592 6
12564 14245 10
1020 5696 1
7843 15102 1
2762 3072 8
3753 9611 10
5056 14782 10
11280 14709 6
4738 15983 9
1034 8331 9
8616 14855 9
208 2330 6
2905 5457 4
9985 13471 4
12079 15120 5
884 4692 8
893 16706 9
877 15446 3
4095 13455 7
1721 7814 2
880 10806 3
2979 15631 2
5812 14212 10
489 11265 1
341 5261 4
6272 14644 8
4430 11483 7
14322 15610 5
5596 6370 2
1432 2255 1
1153 16615 3
221 1058 7
7155 10823 2
10249 12313 6
349 12322 2
7100 7967 5
4065 12220 7
8042 15108 7
11263 13959 7
6903 10989 7
14487 16085 6
8535 16534 8
4845 8892 10
5025 12877 6
848 12413 7
3009 11857 2
2078 11412 10
15111 16538 10
7872 12559 5
2065 4446 2
1673 12061 8
12856 14865 6
8255 15175 1
16369 16925 6
7191 15838 1
56 10746 3
1563 14741 10
9156 12720 4
5582 9227 8
9344 14783 10
4693 5373 4
3465 10456 8
9087 15481 3
6726 12553 4
7241 10494 8
5030 14190 1
4318 13525 1
12371 13633 7
8095 14140 7
972 3478 8
5677 15544 4
4343 13222 10
1503 2410 6
10923 12908 8
1026 7643 4
13686 14145 10
1194 3415 5
6082 13125 1
4613 11307 5
4455 8345 8
9595 12989 8
7933 15090 7
818 6917 5
1842 2805 7
7035 12765 6
9477 11633 6
5897 7607 10
423 10226 6
1552 12510 7
2614 13807 1
2888 13988 7
6391 10213 3
1112 11452 9
441 15583 2
168 14734 4
11492 12523 9
3460 13003 1
1131 11976 1
6645 11479 9
5015 7896 1
11131 11974 8
5139 12781 3
4342 10167 1
6756 7294 4
2767 8143 8
10839 16635 3
2123 4481 7
907 11771 9
1309 15279 4
931 12892 1
4588 13281 8
6554 14209 2
6932 16532 9
6059 7773 6
11031 14366 7
11037 16984 6
3800 14707 8
2211 10436 3
2255 5368 7
7009 16101 1
11362 16506 3
10154 11895 7
6126 16774 9
13561 16103 5
7324 14573 8
138 2156 10
14086 16666 6
10542 16034 4
6314 7172 6
8800 12980 5
15331 15782 5
2766 6476 1
10389 15087 6
2521 5016 4
4412 10020 4
3938 15671 4
8094 13674 4
2990 9672 7
5455 11292 3
8987 15377 9
2532 6241 1
8615 9234 6
3240 12730 7
16 16707 1
3691 16140 2
5286 5503 9
6568 11041 9
2818 15685 4
976 5672 2
13022 15559 1
11265 16076 3
6502 15509 4
329 10306 9
329 12178 6
341 15568 7
9909 11225 3
2327 12625 1
7300 10123 6
5571 8441 9
11329 13963 2
7708 10702 7
2091 10885 8
5596 12459 7
5476 7121 1
10408 10580 7
4546 16946 10
4674 15426 2
4765 13714 6
4226 5253 8
1158 11904 5
3869 13079 5
301 13745 6
6882 9334 8
2782 14005 6
712 16042 3
534 4857 2
997 13686 3
2265 5378 6
1568 15123 1
5926 15852 1
13518 16674 4
7860 16310 4
822 16022 9
1381 3858 1
7989 16094 6
2996 15712 5
1250 11678 5
8326 13511 1
4987 13135 6
10277 10934 5
3703 13418 7
7020 10423 2
181 4861 2
7145 10774 1
8380 10999 7
3429 9125 6
1209 4557 1
4654 7085 4
13618 14164 3
1094 15663 1
1725 15817 2
2676 13800 7
7864 11545 10
2489 4359 6
2721 11340 2
2011 7218 3
6756 11293 5
1661 15815 1
1916 6506 3
7352 15548 8
46 13532 5
4339 15001 9
249 16780 1
406 16933 3
6175 15049 4
4460 9389 3
5615 6262 8
1611 5219 1
4274 4519 6
7530 10450 9
7420 7965 4
6774 8268 7
3699 10555 1
1710 14536 2
11105 11275 6
1093 5630 4
4070 8341 6
1863 5257 7
10271 11190 6
1417 15534 4
7271 7747 6
10348 10466 10
96 13238 7
3290 15981 2
12269 13966 10
591 8974 9
3623 16085 7
3872 13720 9
4656 5508 3
2418 16997 10
1410 15330 6
11140 16522 4
13973 16511 6
2432 14117 9
2923 14822 2
13179 16842 3
4937 12611 1
9884 13629 9
9875 15556 1
7511 12195 8
813 5685 7
6040 12537 4
10129 13765 8
11543 13469 2
5731 9163 3
6385 13637 7
4256 5459 6
5879 12574 1
2605 14349 3
427 763 8
11315 15679 3
6404 7884 1
2435 13669 6
8536 16243 5
7712 9177 6
610 12022 7
5185 8274 7
4859 5162 7
8589 12050 1
129 11934 5
2215 12131 4
6852 15917 6
4481 12543 4
2437 14112 3
2415 6369 7
5267 8269 4
8308 9935 7
8168 15144 4
952 10819 7
1314 13930 7
4169 8910 8
5063 9756 2
8019 8816 4
3421 5167 5
12521 15258 8
3783 10345 9
7702 13641 4
5275 16909 3
2970 4759 6
5613 7095 6
6883 14456 6
1444 12160 6
3248 7047 6
2174 9423 3
8355 14724 4
11530 14009 10
7339 15193 1
3317 7215 10
473 16489 4
2560 11788 1
8446 16475 6
8432 11112 3
7442 10422 8
3468 6955 6
13714 13865 3
6009 15669 5
8796 16700 4
7141 11961 2
14186 15096 10
8872 16500 2
2493 15599 6
15473 16727 7
13127 14722 5
11208 11978 10
11635 16015 9
8098 14657 6
4596 16347 8
8503 10302 7
7116 10503 7
34 6410 6
7257 16043 2
3029 11425 8
11945 14906 7
6233 15126 1
10148 13525 9
4552 7890 6
1744 15237 7
2427 12526 3
8650 14143 3
3022 14761 1
2029 4899 7
6493 14050 5
12651 14884 8
6853 12118 4
4232 5403 5
6281 13360 10
6143 12399 1
7140 10971 10
7680 10515 8
12483 16983 9
6149 12002 2
5083 6826 8
4240 8422 7
2555 2854 10
3512 15514 9
3301 10724 9
2587 8678 8
6883 12552 9
9068 15950 3
5904 16402 4
3573 6652 2
1072 8042 4
773 2847 3
8799 13599 2
7871 14733 2
12135 16107 1
8232 13052 9
5881 6837 4
8232 12036 2
4888 13077 1
3100 5773 4
3320 11414 8
3516 15761 3
5867 5881 8
155 14488 3
1183 13617 1
6562 7666 4
10627 13986 4
15758 15883 10
13451 13739 9
13252 16157 3
4707 16524 10
4503 15093 1
9446 12285 5
3000 16753 10
5668 10561 3
4135 6604 9
5187 11649 3
4617 16295 2
10742 14987 9
790 7841 2
1134 13800 10
12707 15137 1
2022 11485 7
7104 13436 10
3881 16550 10
1745 5155 8
5079 14444 3
12654 16253 5
1479 15080 1
5143 6174 10
1334 6508 1
848 6206 8
9870 16427 10
577 16456 9
5038 14028 1
2868 14331 8
5730 11506 2
4726 6982 6
2922 6868 5
303 4046 5
2337 15917 7
4907 10772 9
11310 15445 3
6052 14091 4
1190 9077 5
3749 9784 5
67 16256 8
3305 9114 3
1305 16580 8
3358 15453 10
895 8854 3
5148 14639 1
10706 10850 5
6371 12582 6
15068 16164 5
3877 11753 1
871 3873 1
10272 13353 8
2567 4343 10
12741 13816 5
1284 6216 7
5981 15628 5
2871 12378 7
3347 16924 5
6568 12997 2
2014 4737 9
154 3444 2
8182 13145 3
7369 9387 3
4168 11412 5
10528 16515 5
4783 13657 2
2534 8702 10
2337 11892 3
9369 16969 3
3536 12096 8
3594 11991 2
6889 16376 5
1108 8980 3
2081 8411 5
10169 11203 3
8525 13499 6
7661 7946 9
4619 6063 10
4410 16838 5
7587 16635 10
3428 11109 3
7697 14337 3
5121 11949 1
8628 14399 7
12368 12428 7
4670 9581 2
443 12830 3
11027 12457 7
12137 16790 2
2325 16294 7
9509 11245 8
9460 13804 1
3465 8011 3
3352 8006 9
6517 15753 3
14045 14770 5
3065 6147 10
9032 14294 6
5573 8150 2
2379 7615 2
8226 9845 7
2075 12656 6
183 10574 9
3603 3815 9
11718 12200 7
616 6124 10
7027 16195 9
799 8685 5
6780 6914 7
2058 5827 4
6752 15598 2
13456 14580 6
138 7582 5
4074 15570 10
5244 7808 8
12047 12611 1
2725 6589 4
3952 8543 8
3489 11939 5
346 11301 3
4750 9673 7
7608 13988 8
15682 16747 3
14434 15307 10
5857 14987 2
782 8993 4
8035 12544 4
3439 10355 3
5694 8232 10
7597 14067 2
5610 11170 8
16005 16396 3
3526 11257 1
5242 6133 9
173 4147 9
5761 8941 7
2837 14465 9
9269 13397 3
1365 16017 6
14012 16804 9
1020 9647 10
6754 13474 4
8052 8687 3
4705 10039 10
1934 12475 7
667 1792 8
412 3398 9
5095 16702 2
6350 8448 9
12921 16451 9
8061 11567 8
3446 4020 4
2893 7909 2
456 11825 9
3788 12619 6
751 12024 3
7348 14506 2
3707 15677 2
11616 12963 8
7657 10668 2
8187 14554 9
2449 9618 6
2929 13219 2
4033 4340 1
6419 16587 1
10785 15189 10
8914 13823 4
5629 13937 10
727 4435 1
1589 15868 6
15388 15593 8
5974 11744 4
12318 12742 9
7721 11642 2
414 4828 10
1323 10552 1
6749 14632 8
9672 13440 4
2156 16769 3
2600 13532 9
1948 15377 2
1951 12412 8
12076 14849 10
7230 13054 4
4073 6080 1
265 2281 10
4926 14503 5
4547 7809 4
7255 13077 10
2523 3315 1
4977 13883 9
1052 5817 6
1777 9691 1
8718 14781 8
5038 8574 9
6135 8818 9
1958 13005 6
2409 16896 8
1359 4869 6
398 6803 9
5850 11578 9
5257 7918 5
3379 11106 3
4634 6134 2
7465 12632 10
6022 8254 4
5952 8885 9
8067 13863 4
1388 1566 9
2684 2795 3
53 3716 5
3292 7804 2
1615 6060 2
5128 16734 8
3415 16380 3
5 15466 3
2821 13749 4
4329 12123 7
147 12112 10
11850 15195 1
1648 15628 9
1486 16734 9
3027 9462 3
16178 16402 7
1294 9631 9
6933 7360 8
4945 8276 6
9426 16292 8
12835 14864 7
7901 10102 7
3954 9179 10
5818 7724 1
7106 16201 6
13380 13646 5
3410 11947 3
10658 16992 5
8658 12307 2
2870 8743 9
13481 14268 3
7736 8280 5
4762 11061 8
2119 12335 1
7092 15463 4
5764 13341 2
2584 9175 6
1590 5059 6
5509 9781 6
8510 12651 10
1582 4830 8
5413 6821 9
7041 16372 7
9533 14889 1
6760 13347 5
4404 6543 2
1123 5192 6
1812 13682 2
508 7555 3
12021 16332 1
5611 14436 3
4103 11477 10
8541 8948 4
9652 12205 5
4840 7232 8
15004 16292 3
11768 13283 7
4306 8164 9
10070 13009 8
4273 10886 1
5143 5984 9
1867 5017 2
2507 12280 5
4595 15128 4
1194 13860 9
10120 11766 4
49 6366 5
10545 13906 8
10151 12859 6
7826 11989 1
4748 13974 2
11712 12283 9
4118 6164 8
3314 4885 1
6529 10963 7
2594 3946 9
2514 13734 2
9417 11026 5
3372 8945 7
8669 16056 6
11732 11993 2
2469 16268 10
3878 15202 8
10819 14239 2
7964 16301 1
13573 14900 9
4258 9184 3
9812 14609 10
8909 11187 4
3892 16088 5
12752 15948 10
1367 2890 9
7086 13147 5
8443 16787 5
10784 15704 9
9416 14786 4
3326 8121 1
1595 8927 5
2919 8837 7
7244 14706 8
31 12406 7
1525 8059 4
13314 14054 6
13115 16335 5
456 2693 10
7419 12064 1
1038 9468 7
554 16081 9
12636 16560 7
9920 16661 10
1835 3737 8
5556 6343 1
2307 14644 3
1586 6789 8
147 2117 6
6487 13176 8
9060 14263 7
8622 11309 3
3928 16328 6
916 5947 6
5066 16096 7
2832 3155 3
14759 15637 10
3025 12239 5
9798 14770 9
5632 16278 10
679 11135 3
7553 14029 5
2542 10460 7
7901 8428 5
559 1675 6
1420 10557 4
8475 13263 9
331 14800 10
6465 11610 4
10298 12146 9
6105 9622 5
2493 11707 6
10731 14705 7
10081 15388 9
13394 15021 4
4709 5337 6
725 6371 2
5497 6222 1
1452 13547 4
2038 6771 7
13310 16491 10
410 11420 8
6024 8561 7
5197 13583 6
3709 3919 1
6745 10257 8
11796 11922 5
2537 10277 4
3964 13332 9
12356 13248 4
4773 10373 6
5964 12424 10
6063 15524 6
296 15098 1
5654 14918 3
6682 6814 6
698 1690 9
3202 7093 5
4454 10474 2
10442 15095 1
1552 10232 2
12734 13707 1
182 16313 6
9068 11174 3
367 5964 4
4758 6935 6
1355 7881 6
5247 13397 5
13126 13876 2
2818 12008 3
2682 14785 3
5046 16875 3
6820 7800 6
9051 14085 1
11157 15926 7
5881 7775 3
10977 16521 10
5287 7690 10
900 11085 7
1389 11119 5
6816 12746 7
487 7796 6
3476 8462 10
13788 14002 10
2367 12860 5
9266 13112 2
2662 6077 4
5559 14167 4
579 5811 4
5212 12052 3
3101 9818 4
10780 16876 6
11897 14718 2
2999 3088 1
908 13600 3
8444 10949 8
8677 12841 7
2206 11456 7
8701 13340 1
8048 9153 7
12155 14322 6
3528 12560 8
12359 14333 1
9205 12569 7
7295 16288 8
2704 9534 10
69 7323 3
5021 5108 10
13223 14691 10
2826 9575 8
13056 16663 1
1894 4687 4
6271 6786 6
7494 10858 7
1076 1080 9
7534 12052 8
3052 11533 4
5481 8496 10
284 7345 8
9323 10901 7
10096 10470 9
3635 7614 4
1132 8982 3
4014 7267 3
1071 14313 5
8465 16284 6
2932 13828 10
863 7593 9
744 5502 2
6352 16318 4
274 4067 3
8769 10822 2
2865 4681 6
8198 16228 2
5969 6286 3
15139 16622 3
4543 9135 10
5376 9281 7
6214 7878 4
1182 8114 5
14248 14288 10
4404 5430 9
5045 6565 9
302 13735 5
2102 12976 7
7868 12785 1
4680 9874 10
7864 8043 10
6034 14936 6
318 1342 7
13619 16640 7
2962 16633 9
875 8154 1
108 13749 2
9390 10721 9
1751 12804 10
2966 12865 2
6138 11039 3
4978 7060 5
660 6191 2
10858 12898 3
1214 12886 5
7680 11790 8
611 7502 8
5600 6248 7
1291 15207 9
3641 10796 7
6226 12001 6
4443 8294 9
7780 11867 4
2013 7086 10
5708 10466 3
9895 15298 4
8159 11305 8
11941 12207 10
4716 12568 5
6379 13641 9
8281 10192 8
1704 7093 2
6632 10988 9
13078 13619 5
2239 6317 6
8740 13882 2
7057 10707 6
4610 14606 5
11489 16915 3
11524 13881 1
10087 14745 8
7562 9870 9
1612 7050 2
1816 2135 3
10452 11621 6
6876 10427 3
3751 15182 9
11218 11671 8
10080 15903 9
13601 15957 5
223 4250 5
9422 11513 3
7876 14972 7
1126 12460 6
14366 16870 6
4135 7002 4
9043 16634 3
9654 14082 2
5252 12053 7
10344 10346 1
3813 8287 4
3435 4928 6
5400 9855 6
4488 5199 9
6589 7026 6
13209 15110 7
3106 14259 5
13858 14958 4
1823 14664 5
11134 13515 1
3398 14400 9
730 6976 7
1514 5024 4
3416 14031 3
728 14095 7
742 14572 7
1405 4830 6
6418 15172 2
13567 15577 9
3123 9838 3
2613 9842 10
1167 6846 6
4555 9116 10
10325 16025 9
2863 7262 10
15816 16980 2
2104 15111 2
3901 8017 9
1022 8884 7
9103 12201 1
7440 13299 7
4616 7398 2
3827 6614 3
684 12026 9
11768 14622 6
1485 15966 5
8479 12849 3
6602 12863 3
12108 14522 1
4870 15672 10
12008 15053 10
4196 8705 6
4251 9295 1
11696 15153 3
14726 15187 8
6913 8510 9
2802 14832 1
6205 11017 7
8814 14995 2
2275 5159 10
5976 10011 1
289 12586 2
8113 8608 7
7364 8879 4
7594 13752 2
10671 11054 2
5305 12080 7
5192 10935 3
2847 15776 4
12826 16398 2
8293 10761 3
9329 13618 2
1414 8590 9
11735 16757 5
11076 14941 1
15244 16640 4
828 9794 4
4284 7141 1
1154 2348 6
6702 7662 10
8941 10587 8
4729 7085 4
2998 14852 7
10310 13335 4
1010 10282 7
2599 8037 4
3213 5848 9
6911 16564 9
1796 2133 8
455 14973 4
12847 16669 7
599 13185 7
7569 10527 3
872 15303 5
10297 15845 7
502 14564 1
2592 8310 3
915 10868 1
3070 15528 4
5573 8720 3
6600 16398 9
10681 15632 8
10135 12846 9
10044 13904 7
5862 9842 10
7861 12160 7
12023 14259 3
4449 14349 7
10896 16596 3
7237 7389 8
9530 11082 4
6608 12914 10
31 5566 9
3958 4697 6
3151 11825 3
4259 12018 5
1550 11809 6
4313 5877 3
1283 2471 5
827 9915 3
4332 16954 9
12210 15966 3
9808 12046 1
545 14999 5
8414 14178 8
8362 13571 3
1924 5243 10
36 500 9
5795 13604 10
279 12693 3
15249 16734 2
2302 9783 9
10452 16018 3
6751 13745 6
4585 9981 2
1814 6404 10
73 9676 7
4630 6691 9
11946 15780 6
3358 10290 7
637 7585 3
9185 13767 3
12709 16259 4
2186 12322 9
1164 7153 5
4366 13925 6
12172 13339 5
4414 12877 7
2846 7144 1
8136 9100 2
2742 15233 6
7592 11509 3
494 6523 9
2406 10542 2
4992 7186 10
3581 13317 8
11736 15304 7
1608 10989 5
4291 5392 6
476 3701 3
1343 5486 2
1717 15029 8
262 1809 6
475 9866 2
5360 5397 4
2607 14060 9
2698 3963 7
2814 12823 4
8149 13578 5
14462 14980 9
12802 14739 3
995 12476 7
2253 2574 2
1367 5274 3
4181 12935 2
3099 16153 8
9061 15226 3
8693 15134 7
1181 14646 3
7087 12980 4
15789 16279 10
15271 16652 8
6480 6971 9
3512 7651 8
14387 15982 9
5753 7040 5
9412 10257 4
12894 16770 3
9455 16078 10
267 13506 3
13917 15117 9
11030 15182 9
1279 2213 1
5273 7965 2
7409 11600 1
2945 7424 10
834 5794 1
4337 8548 5
8704 14304 1
2485 10613 2
1712 12771 6
6795 15486 7
5807 12638 9
10733 11066 5
2774 11065 2
10058 14580 5
5317 6694 8
737 959 6
6261 15601 4
2043 14497 6
3929 15852 1
1551 6400 6
10664 12840 1
6125 15273 3
298 3568 7
3381 11811 9
9992 15892 4
6894 15847 4
3359 9150 3
576 5750 10
5907 8890 9
2575 6955 5
2262 10615 3
1604 15975 4
1308 4511 4
3683 8244 4
6323 16090 3
2852 8941 3
5993 8146 1
12695 16795 10
5070 16760 8
5417 12356 6
4194 12291 1
680 1670 2
7306 14983 8
1199 16155 3
15765 16695 5
7850 15216 8
4911 13912 1
5681 15694 4
731 2130 1
7322 10799 5
5491 7237 8
6251 13870 8
3914 12212 7
8925 11869 1
8211 13073 5
2032 2053 4
10235 11377 7
9065 12186 10
12663 16890 1
11970 13363 4
7041 7542 7
6494 10789 2
10157 16726 2
3366 15470 3
4389 15605 9
3809 4482 4
5504 13028 4
4336 11449 2
12589 14173 9
11765 15840 3
13703 14803 8
3348 13159 8
8235 12357 10
1143 10128 5
6245 7561 6
9956 15592 2
631 16520 9
7565 9909 8
13072 15802 4
10757 11506 5
7811 11094 4
787 9486 6
7944 12323 5
1439 6986 10
370 679 6
4038 11248 6
846 16763 5
4029 16896 6
8753 15975 9
3977 10119 6
7379 10462 1
9449 11699 5
2390 13564 1
1157 4664 2
533 4145 7
1166 13716 6
7301 12055 8
11235 11995 7
7068 7877 1
7450 13340 7
10295 10717 2
10713 12980 5
14297 15146 6
252 2424 3
9982 12449 3
614 1987 2
1605 7513 6
11704 16267 3
3102 14644 3
1580 7822 4
767 14681 7
631 2355 4
5002 10222 4
7925 14083 10
3131 12174 2
7870 12151 6
3819 9477 1
2653 13596 10
12464 15246 1
4564 14486 3
37 7716 4
4096 16011 4
4929 16497 3
4000 6815 1
3047 4177 5
6846 6855 7
1407 14198 6
1700 8629 5
5606 15082 8
11448 13426 6
9666 15762 2
2350 15066 7
7273 8090 1
10183 15669 6
8665 10083 8
2709 15357 2
7442 13352 3
9861 15213 5
14781 15614 3
13175 14254 8
10368 12069 3
1719 6420 2
14 6446 8
10646 16261 6
10643 14008 4
4678 6359 6
497 8434 9
4843 7134 7
4582 10369 7
14814 15726 9
1559 4001 7
3483 13567 9
14131 16654 6
9485 15872 5
7366 9212 1
10800 15218 4
2023 10185 9
7160 15656 7
7846 13655 8
10287 15820 1
11675 13813 10
13106 16554 1
262 6748 6
3859 12948 1
9651 13021 1
6132 13385 10
7305 16992 9
9002 13843 9
9104 15506 7
4811 13917 5
1350 2552 3
433 6074 7
4590 6637 1
3797 10056 2
9207 14659 6
179 10370 5
14249 16793 8
6907 7579 2
10336 16239 3
8013 16029 6
6159 14316 5
4995 13719 6
2108 12336 8
14380 16447 2
7382 12336 6
7081 7653 2
1514 16647 6
1360 1443 6
10193 16827 6
15092 15818 2
2907 4806 7
2783 15300 8
1220 2367 2
10035 15196 8
9706 11402 10
8975 14414 9
2884 5307 10
9894 9936 6
8234 15576 10
6289 13153 4
10503 14882 9
7138 12780 7
12918 15882 8
4562 16762 9
1283 1353 2
323 13215 9
2117 10992 6
5836 15156 4
10186 16779 2
5567 10788 5
7457 10357 5
3298 10440 3
8147 9596 10
3867 16632 5
6827 7373 9
3979 9741 2
6357 7858 9
5230 13017 5
5794 9897 9
883 1413 3
223 10521 5
3545 7076 2
2015 7146 1
2498 12344 4
498 13898 6
10460 16610 2
6155 13963 6
13027 15375 1
5983 16608 5
3169 4746 8
6831 16367 3
2598 8015 6
161 2847 6
8173 16479 3
808 10964 5
11193 12905 1
9703 11402 9
3498 9957 2
5856 15105 8
2597 3735 7
10811 15130 2
8110 12862 1
7626 12331 5
2336 4179 7
2682 7431 5
7310 9992 8
4149 4787 10
11549 16192 9
1208 15740 5
2520 3780 8
5492 11384 4
9127 13301 8
10479 11279 6
12173 13299 8
6172 14752 10
2648 3647 3
6366 14323 7
9182 16051 9
699 6148 6
10133 15660 8
4057 4361 4
7439 8387 5
1156 14656 6
2853 8948 2
5325 13104 3
1089 11618 3
1125 14778 5
4806 6482 5
3697 7123 8
14130 16504 5
6519 7660 8
427 15107 10
1641 10173 9
3627 8872 2
172 10432 8
10540 16279 8
1069 12755 5
1273 15421 2
9434 16180 9
4649 8710 4
3775 11181 10
10738 11753 1
4643 6264 4
9723 10395 1
5739 7085 3
3298 13000 6
4728 5759 4
3652 16191 5
7903 10487 8
2591 2732 2
4197 6393 2
5106 9340 7
7665 14004 3
14326 14640 8
3089 16064 4
6735 13572 8
9638 11472 3
11876 13248 6
6161 13983 6
3161 9498 1
285 10947 8
1136 12086 2
5328 12884 5
12258 15758 6
970 4589 4
514 8861 9
2007 14548 6
3793 6587 2
8585 12844 4
9978 15398 10
4201 13348 7
13063 15770 7
2600 13383 7
8957 13517 7
321 1756 6
6864 13093 9
3972 11942 7
13596 16832 1
929 11832 5
4017 16565 4
1493 13138 3
7486 11997 6
4927 15996 3
2451 8363 10
4160 12738 1
12109 15758 9
3969 16983 8
5824 5905 4
1522 10710 5
2177 10898 9
13045 13691 2
9770 16334 4
871 11034 8
5065 12280 4
2851 3761 4
1829 4744 10
11623 13143 10
5228 5612 3
8375 9306 1
8330 14739 8
2891 11420 8
3298 4711 2
5882 16968 1
7304 14906 1
2923 8667 8
5697 9659 7
9613 10973 8
68 2088 5
4626 7210 7
6443 11355 10
10604 10665 2
70 4884 1
662 16081 8
10669 12704 8
15076 15787 8
4016 9071 5
2951 15590 3
52 16169 10
2452 3216 8
8515 13194 7
11760 16446 2
5309 6369 4
169 7091 8
7217 13071 7
9800 15550 6
1349 12736 4
7592 12570 7
2851 12658 2
2642 13157 9
6925 10849 3
1368 1943 4
3217 8963 1
876 2573 4
705 2980 7
10075 14058 1
6232 7947 2
3471 5634 4
3217 15100 5
13230 16045 8
7839 15396 1
10261 16382 5
3167 4343 3
1150 10166 5
2171 3469 4
5470 14926 8
1486 13694 9
3505 14029 1
12124 13235 2
4010 14821 9
6683 10832 2
9538 13631 6
725 9627 3
9235 15910 2
4979 9511 9
8881 11518 4
1056 4224 10
2215 4905 10
356 10145 4
6049 10602 8
1077 2649 2
12126 13246 9
16766 17000 10
6975 10460 4
10486 12391 4
5168 9766 4
733 7832 6
1601 15555 4
4606 14833 4
2164 10953 2
5327 12390 2
387 5520 10
1295 9923 1
4126 14021 1
5374 14880 2
13222 14791 3
397 13080 10
5408 5460 4
5880 14120 6
2234 12507 5
5083 7401 2
7632 14036 5
4621 16277 6
6380 12867 5
2371 11230 5
939 14634 8
1186 3298 5
6707 14281 1
612 7733 5
3896 14746 10
4275 7963 8
5970 14702 6
2557 7525 9
4527 14024 7
1303 15775 5
6196 9856 3
893 16578 5
519 8900 3
14252 14772 3
5612 5742 4
288 6863 4
6378 15324 2
7210 12089 9
1359 14371 5
9360 16116 9
9803 15818 10
3294 6807 5
13361 16064 9
3004 13684 6
1361 10219 4
2811 12576 8
785 793 5
11559 13373 4
2519 11993 10
12699 14386 2
4242 10912 1
1035 4505 6
1821 3470 6
1936 5715 1
5362 16296 10
4988 13070 3
3303 4356 3
9648 12302 7
7115 12801 10
5111 14097 2
4367 6227 1
3412 8958 9
6400 6870 1
5562 14649 8
7188 16294 8
4141 9955 10
1925 3282 1
3372 12700 5
7423 13399 8
3486 13629 6
661 11715 6
6343 8922 10
2585 11778 9
5123 8333 3
2898 16623 1
1181 2637 6
4486 6383 6
6086 12929 1
2867 15689 1
5801 14861 9
359 14852 9
3709 4607 2
2438 12189 4
7242 7411 4
3524 16885 4
5424 15723 5
10129 10951 7
8960 14195 5
11842 14302 10
5847 5881 4
3081 14568 4
3569 14586 9
10929 15396 6
264 4071 4
14110 16033 9
6204 6793 5
5268 9388 1
1878 12223 5
8530 16829 5
1359 9950 6
10696 12542 3
3982 13261 9
4794 13834 3
7272 8216 5
4710 11437 10
9951 12440 7
2628 3329 9
2616 9558 2
3382 15852 3
3532 9493 5
3456 15595 1
1574 5787 3
1415 16007 2
1541 15397 9
13357 14023 10
2206 8888 1
11827 16077 5
4755 16671 7
7313 10239 4
8826 13777 1
10006 10653 7
2765 7832 1
13510 14099 1
10050 10789 1
1654 3994 8
3627 6713 7
621 15854 10
3222 3242 1
3261 15487 8
4118 7480 7
418 16404 4
1471 15230 9
6929 16789 10
1211 11757 6
8365 12879 1
8357 16825 6
1264 7230 5
3740 13307 5
4379 16121 3
2750 15088 3
21 3484 2
811 2270 7
1145 8057 4
5074 8073 10
1088 14117 2
1144 12737 2
12767 16402 9
4054 10683 9
5808 10113 4
11439 13391 8
4923 11749 8
12527 13537 3
7636 14742 7
3855 16643 2
3640 9796 3
1640 2213 4
12601 15198 5
8410 12533 2
2140 6196 3
4934 13847 5
7605 9262 5
10898 13844 5
401 9123 8
6736 12038 2
9643 15806 1
4071 9409 4
11784 15672 10
3170 8426 2
5394 7433 7
10255 13066 8
3032 8989 8
11682 14258 3
9206 12514 1
5429 11044 7
674 1046 6
5139 10722 7
1873 14686 1
13557 16358 3
6277 15232 7
3346 4631 2
6107 9916 7
3392 4228 3
5485 10225 4
4197 10335 2
6332 8963 3
12202 12215 8
7196 8888 10
3794 5941 10
4294 16361 5
6556 15223 9
11228 14690 5
10926 15557 1
2766 5226 5
3708 5705 7
12742 15691 4
11077 13013 7
2564 3929 2
1210 11755 10
4625 10941 4
6851 12040 10
6310 16943 3
10341 13450 5
1734 9343 7
966 9198 2
12633 12811 2
14115 15937 10
6653 12468 7
4372 9048 5
5884 7366 3
1096 14933 6
7781 8687 3
9097 14028 2
5365 14559 3
10022 12719 8
381 3014 4
4163 6183 7
8002 8107 7
4010 6871 2
1400 5362 3
6019 13471 8
4217 4769 2
13686 14356 7
7438 11919 5
2816 10252 10
6973 8076 5
484 1881 4
460 15484 2
10178 10462 3
10667 11827 2
12633 13768 8
2357 10875 3
2364 4741 8
583 15991 7
7348 15205 10
1537 12454 4
2761 9898 4
2371 10690 4
3833 4374 9
7431 9854 5
10846 14343 2
155 747 9
1943 12579 8
2229 7779 8
6460 13048 1
221 3947 3
1159 5156 5
340 4384 4
5383 10941 2
3178 16236 5
8099 12509 8
1931 13947 5
2024 13574 7
7254 10012 6
2671 13371 7
11630 13811 8
5083 7767 4
6113 10436 8
4226 16594 2
8014 13821 10
4196 14320 3
12990 16005 5
7299 11914 1
313 10239 1
1402 8135 8
2668 11859 7
542 8561 7
11952 16031 10
1750 4796 7
3354 5399 4
9115 16590 6
1371 4101 10
8251 13716 10
835 5081 4
8080 12681 1
2808 10905 4
1482 10799 4
2275 9117 2
8373 8715 1
6791 12123 9
4400 13910 5
5550 16411 9
219 16743 5
1696 6536 4
13227 15492 3
14297 16224 10
10751 14633 1
12120 13099 6
6038 16602 5
7203 15013 10
1492 6988 9
64 9195 9
7489 16091 3
2118 11354 8
3726 9955 8
2222 15532 8
5698 15119 4
5194 10818 10
5595 13939 1
10296 13280 4
12029 15046 7
13001 16224 10
3072 14424 3
3258 15425 6
8228 13477 6
12460 13967 5
5224 10095 8
8770 15294 1
6112 14996 2
2568 3575 9
8970 12845 9
8872 9233 2
9968 10441 9
3172 11538 4
2770 14363 9
6213 16720 10
2242 15499 8
140 14719 2
5418 15105 10
668 11001 8
12918 15545 8
5232 6692 3
10111 14579 8
5631 10707 8
3128 15862 6
10023 15686 8
928 16518 3
10710 16012 7
407 5763 7
966 4509 10
3690 10809 8
3546 7374 4
4326 15994 1
1138 3248 6
9515 15474 7
7525 13885 6
3459 14584 2
1408 6353 8
5034 7200 10
1449 6414 4
11739 11744 9
1476 5789 9
5040 14263 3
2474 8747 1
244 3825 5
4402 16515 3
3263 16391 10
8361 14682 2
7572 16958 3
8552 15953 1
9615 15010 2
7638 9050 10
5324 12557 4
4711 14717 8
12367 13919 4
1683 14725 1
14196 15450 3
1242 15265 2
5172 9799 8
4111 15898 8
4582 11526 4
4338 5203 4
5859 11849 2
5821 9878 4
2972 5554 3
5030 12599 9
403 7990 8
12674 15660 6
8336 14864 9
6864 13737 5
667 10942 9
9174 12210 1
10910 15703 7
10875 11782 4
14592 14930 9
3992 14376 6
12181 16210 1
10818 16865 2
3671 15313 3
14628 15808 3
13838 14204 3
10305 11370 4
13311 13736 1
12521 15935 6
3376 7215 4
7784 12775 3
4693 6472 8
5285 11381 5
13880 15523 3
4233 12536 1
7068 16994 1
7367 14299 7
1678 4730 7
3193 13723 7
15626 16815 9
5590 9798 10
413 13351 4
8317 10765 8
2518 8997 2
611 4580 5
9906 11495 2
5575 5592 10
2146 8922 3
1558 14460 5
11331 13951 1
4613 16167 5
3012 10537 8
1608 12180 4
10962 12412 1
7045 7416 10
3673 10367 9
3390 8635 3
10683 15003 9
1149 14179 1
4307 9201 4
2018 4500 5
1897 12054 7
13922 14921 9
10273 10916 8
6122 12486 10
998 3339 7
1160 8029 10
6094 7157 1
7630 13100 5
691 6276 9
3450 9084 9
14983 16796 3
517 9246 7
2386 7121 7
7915 8840 1
9478 14717 9
7741 11517 10
1092 11188 5
246 12054 10
4096 5873 6
8827 14479 7
7071 16418 10
112 16104 2
57 13517 9
6897 15462 10
11387 11990 6
312 574 3
1161 3175 10
6784 7371 10
4641 7032 9
2105 7108 8
3903 5419 6
11303 11959 10
1151 16076 4
11943 16138 5
6508 11432 2
3796 16857 4
4424 14009 6
6536 9276 2
3001 7088 3
11257 13387 3
1285 13532 3
9123 16405 10
5496 12105 2
2155 7316 2
414 2641 2
9587 16074 1
14877 16664 3
3317 3801 1
5219 11266 6
7045 9151 4
2262 8686 10
3752 10098 1
5252 7436 10
9024 12627 3
1910 3335 2
6348 7427 8
1428 16038 7
284 14030 3
7755 13042 10
13971 15437 3
11619 16040 3
13923 13985 3
723 2645 3
2733 7279 5
4510 11110 8
5374 12296 1
4401 5282 8
12947 15525 8
1693 12056 8
1088 2664 5
12756 14997 5
7674 14476 1
9506 11969 5
934 10351 3
1466 5912 5
1629 16530 5
10134 12292 1
5153 14845 2
6949 7592 8
249 15311 4
7302 14359 6
5120 11364 10
1753 15255 3
5160 11713 3
5981 8243 1
6679 16684 5
7350 9652 5
7823 11980 10
5367 15087 2
11769 16116 10
3075 7021 2
9608 15044 7
136 15980 9
1275 9459 1
89 1092 9
4942 5631 10
13972 15053 9
13842 16202 7
9564 11132 9
6826 14500 7
4438 7508 4
6517 8371 9
7012 12986 4
14018 16324 6
7250 14140 5
1682 5171 9
8017 14922 4
13309 15489 9
10754 11111 5
1794 2715 8
6394 15207 9
5259 5595 2
7932 11230 2
2737 4732 2
1729 10857 9
1206 10638 8
2342 5613 10
2183 12455 1
459 1897 1
1183 10956 7
896 11111 5
4529 16958 8
2148 2427 5
3344 5327 10
10277 16287 10
6288 9323 3
2363 7080 2
770 3042 10
6968 9758 4
5377 15193 4
490 9352 10
1831 3279 6
7789 10795 6
2322 16659 1
10322 10870 3
12308 14135 5
511 2416 7
8509 14118 4
3886 16958 8
5466 15458 1
2770 16938 6
6583 13886 6
6905 7473 5
24 9346 5
353 16955 6
4550 15442 1
1431 12920 7
1455 10677 6
5415 9012 6
14900 15970 7
1529 2061 5
6284 7405 5
4391 7198 5
1416 7589 9
7724 10560 5
11666 15590 2
812 12511 9
5862 16868 7
5656 5760 6
9193 10786 10
5409 11951 7
10525 10630 10
8040 14183 1
1038 1103 4
2172 7689 5
6227 12191 10
9875 10286 6
4710 12694 3
10471 16139 8
13303 16090 8
2258 3212 6
4171 14667 3
11759 16938 6
844 3757 7
6915 14881 10
9158 14797 1
5212 16008 4
3591 9806 2
3707 3837 4
4536 12405 2
9686 10635 3
1278 16604 10
15978 16687 7
3814 7222 7
6984 9198 5
14883 15251 10
8855 14676 2
10000 13211 8
11552 13882 10
3291 4908 2
5404 13244 9
1057 16624 4
4159 10566 8
1693 8311 5
153 13115 9
2922 14663 2
14433 15066 7
835 4717 4
1594 11651 3
4775 5490 1
10325 14192 7
6118 8379 4
10966 15878 2
342 5496 5
2514 3529 9
2003 16458 5
4208 13938 10
9279 13303 2
6522 15071 3
2697 5184 5
779 8668 2
5546 7771 1
996 6874 5
8568 13972 3
1737 5455 9
1163 5031 10
11059 16758 3
2277 7233 9
3904 4521 1
11714 13615 7
11672 15947 9
478 5634 3
15199 16710 2
10641 14802 10
4 1081 4
8561 16728 1
4696 8055 6
7489 8866 9
3945 14863 6
6351 11523 7
3316 16201 4
6689 12934 2
5543 9032 1
191 1843 9
5797 13449 10
1999 15230 5
5217 6193 9
15923 16799 6
189 10460 6
3183 10068 8
435 14999 5
14036 16957 5
6726 10181 1
1828 8113 2
11276 16732 3
11395 16910 3
8009 9316 10
2192 16783 4
813 1703 6
9231 13581 7
1446 13494 3
12807 15455 7
683 6681 7
432 11743 6
7708 12480 7
1220 11334 3
8787 13633 2
382 995 4
9456 14274 8
8370 8425 1
11059 15250 2
2360 16506 4
11237 16951 8
5337 5434 8
3112 4204 2
10113 10189 1
9764 14490 6
798 7044 6
3394 9218 6
5292 16410 5
255 2401 10
5930 9414 7
1142 14136 4
5891 15856 8
9765 12043 6
13290 14353 10
9807 12628 10
14287 14617 7
5322 9043 5
9521 14591 1
1176 14984 6
2101 14166 10
9485 12015 3
6194 11455 4
10022 15881 3
1118 16323 7
1585 6107 2
12682 13258 10
8179 8709 8
8236 9310 10
12971 15459 5
823 9795 1
2775 7972 5
1027 10212 5
738 4769 8
5538 16260 10
5228 12329 2
5368 7606 2
9325 10085 5
3129 4012 7
3239 9065 7
3652 16087 3
12119 14957 9
1700 9998 8
11683 14229 10
4763 5563 4
1398 15365 4
4202 9067 10
10920 14613 10
1553 14490 6
6304 15506 10
12164 12234 7
587 11491 1
5100 8921 10
1599 5586 8
6846 15171 9
8390 12764 5
6657 7681 7
873 7915 2
11625 12453 5
11433 14978 3
2037 8433 2
8170 14187 5
9588 13931 3
4189 6924 5
136 5525 7
8856 13734 2
11133 15920 10
8679 10796 8
4 5200 10
11660 14867 2
12332 15165 8
10731 13993 6
10479 12063 8
11244 11304 2
1442 4059 7
4505 10393 1
1013 13494 2
14493 14720 9
3001 4335 1
5313 16598 7
6345 13643 10
3712 15146 9
10506 12228 4
3457 4761 10
1144 16889 3
9991 16064 7
12583 14401 5
5305 13555 1
6337 14263 8
268 8352 4
9675 10122 7
9958 12525 7
9873 10105 4
453 8339 10
2589 11278 1
9969 13591 3
4002 5909 9
1662 5628 9
5713 6131 3
2165 8851 10
2 1912 3
13418 16298 2
7372 13860 10
2968 10446 2
6925 9629 10
919 12751 5
7966 11055 7
1700 13392 7
12591 14921 5
189 2323 9
4879 14374 7
3325 12864 10
5496 15256 4
2582 12867 5
6159 15395 10
9334 12003 4
7047 9822 7
271 6331 7
13138 14680 4
972 13163 4
5824 6260 8
2438 13746 8
12404 14063 6
5209 16705 6
7478 8888 5
9768 14528 3
2106 16776 2
3312 12959 5
7685 11092 7
8205 10826 3
8523 16024 7
2241 2657 3
10625 12561 5
6188 14025 9
9440 11873 4
9611 9716 8
3111 5081 8
6864 12400 10
2852 16745 3
8711 13793 9
7270 10733 3
7209 10020 1
6723 11713 8
4066 8213 5
1866 6137 10
935 8248 5
10725 12959 7
1239 1961 1
3556 16479 4
1654 10009 4
3107 3517 10
10927 11394 9
3039 7625 7
4521 13014 9
14119 14414 2
1804 11219 2
7688 12655 4
2804 13793 6
190 9913 3
2450 2562 9
9027 9664 1
1970 10435 4
10546 11017 6
9537 9880 9
6833 11324 4
10364 10731 9
3315 14857 6
10396 16522 6
5297 10259 3
11036 16347 10
8319 10869 3
11011 12250 4
1454 7016 2
2741 9922 9
7374 14768 7
157 13920 5
865 14578 6
3878 14708 9
1648 7129 2
7897 13179 9
9548 13736 9
5340 14617 9
4711 12893 6
2288 15778 8
6851 10648 7
914 8391 1
6574 8688 10
7485 8893 1
9684 13983 3
14980 15081 9
2636 7922 4
2869 11292 10
11560 14587 6
9026 16582 6
10379 15416 2
1209 3828 4
2083 8605 3
2994 8834 7
1391 4113 10
6253 14294 6
11574 11826 1
2301 12523 7
4966 15415 7
8967 15248 4
5029 14482 2
6415 10309 2
10041 15534 10
3918 15265 9
3675 10283 7
3902 11023 7
3577 14374 6
10445 16483 1
13534 16587 10
11732 13818 6
7647 14945 3
656 6992 10
5325 14683 8
8864 11370 2
3766 13820 9
4079 11410 3
10382 15677 10
5478 16945 9
1872 11281 8
4161 8939 9
1476 7840 7
3638 8492 7
831 13194 7
871 5522 10
344 13004 1
3688 16329 7
4908 7742 4
12215 12703 1
13229 15103 4
3648 9609 9
8565 10954 2
416 9559 7
5165 13325 5
7773 10906 5
2642 4938 8
6309 12601 5
9912 11346 2
6958 14067 10
5957 10328 7
3761 14338 4
11913 15897 2
5268 9539 5
6098 16217 3
12858 16679 1
3459 7321 5
12592 16385 7
9493 13969 9
1371 16309 7
2791 7710 4
3381 9821 5
11799 13592 7
3587 4652 8
10728 14764 2
11984 12483 3
1831 10099 1
7285 11552 1
1189 10402 2
2067 7090 6
125 12440 3
11 3174 3
20 1213 10
1946 6672 2
1434 13284 6
15797 16892 6
1084 10620 5
15827 16091 4
4552 8539 2
4399 7321 1
4956 15112 9
6017 16585 3
8106 14765 7
3406 14212 2
4742 13231 5
6960 7857 1
6502 15245 2
319 13526 3
13180 13705 6
11622 14723 3
969 16788 8
11572 13501 5
1252 16153 8
2145 15231 7
860 16070 5
1725 9265 8
8281 10430 7
1061 10380 5
1781 3131 1
2539 5113 9
9245 16191 4
3873 5719 8
6605 12170 10
1206 11158 1
5926 13516 9
3309 16622 6
13697 13967 9
623 10550 5
1831 12515 5
2289 14683 5
3816 11805 2
1623 16916 4
5716 9383 1
1811 16043 8
9514 11752 3
10823 15418 5
8301 11255 5
13654 16536 5
8027 15268 9
1115 14002 3
6419 16028 6
2923 4544 2
2044 2333 3
3756 16006 7
684 9903 8
620 10033 2
2854 2860 7
2216 11605 4
4279 10967 5
4185 5522 3
7063 12363 3
9632 15673 1
7397 14169 2
8127 9786 7
8030 15200 1
12399 15380 10
5404 16000 7
5619 13903 9
2932 14524 7
588 14985 1
2668 3631 5
8060 14265 5
13745 15693 4
5102 16563 5
7303 11291 9
2181 8736 5
3927 15218 8
5032 8985 8
438 9795 6
4974 15672 1
10011 11151 1
10203 11124 2
1658 8719 5
13425 13981 10
3502 16665 1
376 12697 2
8917 11997 8
3052 14219 8
213 4931 6
3909 13933 4
2846 8580 8
5105 5943 10
8993 16584 3
933 1590 5
2613 7356 5
6999 13875 1
9152 15250 3
2953 15899 9
7949 9248 8
2084 6313 6
11031 11563 10
3910 4117 9
422 13109 9
6355 16921 1
8960 12808 3
3041 13479 6
1054 15480 8
308 3174 3
8489 10782 4
651 2580 4
5513 8162 8
15751 16223 9
12290 12972 6
11844 13262 10
4861 5369 5
10513 11953 9
6874 11143 3
3746 7982 5
8846 9743 4
10714 16928 7
2780 9654 9
5292 15652 10
9209 9374 1
1944 15250 8
2107 8946 2
6112 10057 8
3532 12127 1
2303 9673 10
3502 10882 7
2916 4887 1
7594 10520 9
615 7061 1
2568 8318 6
9387 12541 9
10361 13000 8
1422 16060 7
4108 11033 6
10096 15567 9
2413 4982 7
10824 11685 1
16414 16616 1
4970 9573 1
2654 9939 9
7732 12740 6
1292 14141 10
1770 10695 1
267 5618 8
4092 15323 5
5163 6345 10
5198 9441 2
6847 16363 9
5921 14088 7
5984 13869 4
15499 16605 10
7758 9307 5
1686 14507 9
7539 8774 5
7657 12723 2
10129 16600 6
3750 3770 6
6556 10274 3
206 5689 5
6388 8786 9
1922 3629 7
15703 16050 4
104 11384 9
423 436 7
12333 13376 1
2842 10805 9
3208 9374 3
10455 15014 1
9948 13924 9
7460 11599 10
9917 15346 3
11839 12581 10
12495 15749 9
8471 9433 2
1718 11751 1
12946 13788 6
6835 11831 2
9882 16845 3
7053 14265 4
11996 16630 10
4287 4554 2
6730 7028 1
783 13858 9
1810 16760 1
9323 11287 7
3400 4743 8
2996 8815 5
4834 9556 1
2493 16333 6
8093 12314 3
4965 15540 7
13013 16392 8
7677 16447 5
3737 11150 10
6726 8222 4
3184 4644 4
962 3030 8
5245 8460 10
5870 7006 3
3221 4143 2
1486 12396 3
3072 12328 6
2842 13124 1
10282 11910 7
1320 6824 4
102 15717 1
7441 16909 4
3606 12015 9
315 2254 1
7569 13608 3
6920 16092 3
2276 8965 2
8750 12661 8
14616 15770 10
5846 10515 2
11530 16759 8
6685 10704 8
408 12245 8
5730 9771 3
4905 6758 3
2325 8194 2
4982 6046 3
75 7138 6
325 727 5
7116 12876 1
12927 16764 7
7365 16819 9
247 7315 5
3842 16591 7
2567 16531 3
916 14148 7
6773 8378 9
5473 7852 8
13603 14164 5
6856 13007 6
2772 13481 10
1465 3013 3
11227 13869 1
547 3160 10
6800 15731 2
3726 6002 10
4429 16383 2
10773 13080 1
12694 16266 7
57 4695 10
6572 11617 8
7861 8091 5
7798 10193 3
1528 8053 10
12960 14798 3
1101 7100 6
7874 9939 6
11583 16785 5
11408 15182 8
5176 11178 5
5661 11195 6
9222 10758 5
2396 2440 6
2441 9987 8
15846 16887 1
5876 6442 10
8426 16947 7
8593 9254 3
2 7939 4
2487 7510 9
6376 10264 9
4398 14264 6
12866 15200 6
13078 15364 9
10798 13326 4
798 5815 10
3391 4075 1
11131 14309 1
5514 16158 7
1180 7021 1
8368 12814 1
10922 16399 6
200 8282 6
1861 13088 1
3460 8304 5
1938 16392 2
4655 4807 9
80 15769 2
15027 15596 10
4550 7387 10
13134 13996 5
7496 10095 2
549 16686 7
6082 15432 4
11640 12831 3
3475 8460 5
8732 11976 5
7122 14266 7
1191 11616 7
13488 15232 10
9145 9696 5
9565 12034 10
12846 14358 5
1613 1628 5
4345 15403 6
1849 5252 1
3956 12236 5
2688 15090 2
8466 15215 5
1959 2362 5
61 15082 2
1379 9198 6
4120 15841 1
7388 12066 6
597 14510 8
2079 8722 8
7339 7692 10
734 6211 6
1209 12031 6
2794 5300 10
1475 4459 8
10334 10667 5
10353 15215 4
7089 16930 1
738 5906 1
2191 2205 7
9634 16584 10
5323 16879 5
456 1228 9
3159 7433 3
5037 12733 10
791 3247 5
4703 14317 9
6481 8156 3
13807 16206 5
3378 12989 4
3732 14708 6
788 6666 7
2805 10330 3
7439 7499 2
7788 15793 1
5229 16740 3
8435 10099 5
3436 8437 9
13882 16368 9
6893 15005 9
12136 14618 10
6186 10554 8
4355 6900 6
4671 11954 5
4710 6961 8
11246 12008 8
2992 6049 9
10989 12481 2
1304 13220 8
1675 9725 5
13609 14593 3
718 10454 2
13646 16274 9
7033 9410 4
12516 13819 6
3506 16680 2
62 11686 2
12431 16221 6
1313 1345 9
11013 16990 5
6650 15678 8
385 14606 2
651 3537 9
3051 5582 5
3332 3849 4
2323 8935 5
836 1238 5
10938 15546 3
8574 10258 3
5436 9670 8
9757 16026 2
1031 11274 4
4355 5712 5
1844 2562 1
8600 13923 2
3196 14341 9
1084 13950 3
16017 16553 5
10777 16645 5
1800 15052 6
5538 6722 6
2457 16721 4
6908 14380 5
12315 13788 7
10157 12949 7
8129 11754 4
10874 14911 6
2447 14714 6
5352 16999 9
4634 13889 1
9136 11443 9
13205 16333 1
6111 7448 3
6539 6636 1
2914 10443 8
6696 8722 10
7369 16629 8
10394 14408 6
7393 7453 1
10329 13960 9
2928 7714 9
1715 12455 9
19 15367 3
11741 12568 9
6724 10299 8
4026 9795 9
9601 14309 7
10681 15210 10
594 3558 8
6550 8135 10
6986 7014 6
7889 11394 5
3523 12627 6
9140 12793 9
2018 10034 3
5224 6977 9
10113 11099 3
6398 10319 3
131 7139 5
3055 12459 5
12077 14722 8
4105 11055 7
123 3656 10
5312 7769 3
2429 12039 10
6136 7935 3
2003 12437 5
762 7062 5
11167 13109 10
971 11526 5
12761 16107 9
3009 15079 10
5586 10708 9
8339 10079 2
4404 5924 10
2491 11158 3
9148 9861 1
2077 3417 8
13964 14247 9
1168 5601 4
2764 14333 1
381 12467 9
10698 14500 7
8329 9005 1
9582 12501 10
4265 16634 3
882 1599 2
6202 10875 8
7262 7278 6
3142 6413 3
2486 16101 2
4115 9502 9
12573 12941 7
15801 16482 5
3977 14604 2
12321 14773 7
5110 14583 7
3644 4572 5
10716 11967 6
3511 14211 10
4156 13587 9
7998 14403 10
1515 11541 4
7444 9444 7
3271 14170 1
8431 11509 10
11692 12044 3
6759 8554 5
6509 9128 7
7228 9306 3
4911 13096 2
4251 8596 7
7590 13914 7
6777 14513 2
5283 6954 3
1137 1696 2
4927 11211 8
15099 16881 5
1005 2779 5
10827 15702 10
2496 6056 2
6586 16247 2
4169 9484 2
6404 11816 2
4947 5220 9
2460 8735 7
6452 12501 3
15114 16284 8
1812 5840 7
3895 3912 4
11114 12312 3
6071 16377 8
10277 11731 3
4043 16633 4
4565 9256 3
2730 15820 10
4089 7593 10
9650 12096 6
1127 7952 3
8301 9975 1
899 15603 4
6380 15674 2
7101 9850 1
5961 14575 7
11488 12131 6
4962 8447 7
1440 8150 10
2552 8335 10
12197 16024 1
3394 5351 2
13742 15356 6
3689 11631 7
1218 9888 1
6138 8233 9
6139 9216 5
2448 3059 3
478 6364 3
8186 8504 7
9829 14937 7
487 11040 7
9618 14668 7
518 10348 6
4652 6181 3
8682 14154 5
4364 7120 10
2901 6131 2
4877 9599 7
5229 10578 2
3968 7813 1
4683 5793 2
1070 10206 8
4463 11057 5
2733 12995 2
2982 15298 6
7210 12743 6
11071 11814 9
7124 7701 10
8583 8926 3
347 5315 8
4743 9420 1
4563 6642 8
722 14711 9
9988 16921 9
7116 9863 3
3870 8288 10
10973 11220 7
524 10595 5
10570 15205 7
4076 4808 3
8980 11681 8
6651 14197 2
7481 15458 2
3417 12861 5
11082 16440 5
6926 11563 5
6187 13605 7
9558 10172 7
8652 13062 6
5108 15077 4
4141 16136 9
892 1444 8
4705 16364 9
11296 15547 8
9439 11081 1
3072 12334 9
7359 12234 3
1653 3412 2
14112 15048 1
8464 8863 2
9433 9620 9
8718 14869 6
7910 12574 10
12732 15944 9
3521 6260 3
7944 15285 1
11405 15477 8
12686 13282 9
6785 13673 2
3173 3497 4
1342 10037 10
1129 11460 9
11734 16892 1
1881 6887 2
6563 7036 5
11886 16826 3
1065 4854 8
7342 9888 7
6404 12425 3
403 1352 1
3098 6681 10
1868 5783 10
6114 14962 7
1620 2914 1
8500 16768 9
6637 15943 7
6256 13221 2
5122 9475 3
759 8821 7
5296 11361 2
1982 16604 2
8705 15743 5
3336 16798 3
13512 16112 9
595 3048 3
4624 15684 5
541 1911 10
13778 15820 1
12583 15161 1
3091 4090 5
2485 11196 4
749 10608 4
10987 14202 8
14910 16084 6
219 1188 2
718 12587 2
13350 16749 3
3832 4360 10
15443 16067 2
2043 7540 8
1672 13930 4
11415 15804 2
363 15399 1
1013 12092 4
1238 15390 4
2007 14035 3
13242 15807 6
189 2917 7
7575 12431 3
1227 14345 4
10148 12261 8
5675 5988 6
11466 13858 4
2354 2748 10
1514 1939 2
6445 8440 3
5573 12351 5
7703 16672 7
2632 3092 8
16515 16880 9
7257 14489 8
12510 15954 7
10969 12961 6
7618 10117 9
3150 7999 8
13597 14313 9
13263 15961 9
1254 14267 8
6521 7345 9
4489 8901 7
5688 9992 2
3216 7751 7
3547 15830 10
294 11431 4
10414 16053 10
4160 14419 8
3258 13129 10
1994 9973 1
1029 15686 3
8522 12830 6
3907 14935 6
2063 9507 3
14777 16897 4
4394 12809 2
7143 7733 9
2873 3705 9
6046 6601 7
5248 5282 4
3263 15281 9
7747 12176 3
783 11823 4
1271 14963 5
399 15148 8
9286 13702 3
7980 11517 4
2349 2754 10
6062 7035 5
10777 12792 6
2170 12899 1
2138 2632 6
9442 16262 5
12328 15169 10
4222 6190 3
8652 12956 2
9332 16852 3
5979 16016 8
568 5618 3
3536 4053 5
5408 15587 5
11688 16062 1
6397 11326 9
5848 11045 9
585 11331 6
9359 14501 4
13411 14980 5
2826 4225 9
14289 15614 9
10860 11890 2
3393 13969 4
9041 13943 1
7308 11243 3
1047 13740 5
1608 4173 10
16537 16893 8
8761 10993 10
5057 16968 9
2256 14400 1
1920 12478 7
2431 7691 5
157 2583 3
3946 16653 4
8584 12932 9
6607 10230 1
5479 9389 3
13989 15159 4
3531 4559 9
132 14615 10
201 6320 1
2030 3351 3
6741 9240 5
5470 5733 4
3446 10828 8
13428 16912 9
3959 13583 8
9306 10539 5
11041 14843 9
1333 2606 4
12368 13722 2
8322 8744 6
4976 14070 5
1851 8303 3
9367 9526 3
7583 9884 9
4098 13577 2
3566 9932 1
2898 11973 5
2278 16660 2
6312 11899 9
616 11569 2
5426 16686 6
1857 9115 8
4666 14173 5
2673 13723 9
5583 9097 8
9994 10239 4
9197 16404 1
481 9627 8
5607 15717 2
3736 12403 10
460 10734 9
5042 12491 4
13233 15502 4
3929 11861 1
6573 16857 6
8463 13327 10
462 6306 10
12758 16829 1
1830 11200 7
10160 13447 9
1499 14986 1
639 6542 2
8573 11445 7
13715 14096 2
9424 12864 6
14614 16962 3
8555 9142 4
1151 14182 4
9631 13355 8
2175 13116 10
12660 13035 6
4628 9161 3
5881 7923 8
5624 6419 7
716 9478 10
1008 12108 1
636 9522 1
908 1347 7
10245 16117 9
10199 16225 1
5766 10743 6
3176 13711 7
12145 13349 10
10019 13402 2
12101 13545 8
12432 16556 4
714 7640 3
1475 8430 3
13348 14546 10
4439 6675 1
9970 15335 7
6010 8188 2
4324 5695 4
2792 13306 10
3251 12798 3
3265 5298 10
4874 14006 6
5783 10164 10
2877 7987 1
3753 11359 3
2930 6267 5
1032 13129 5
1922 11851 1
2054 14953 8
10169 16577 6
710 16439 6
4691 16308 4
393 733 8
6566 15912 1
5393 10064 6
11170 14903 9
11529 14554 1
3200 6034 2
505 13639 3
7113 14950 3
2384 5565 8
2449 6421 3
4594 4969 8
10859 15168 4
490 607 3
807 16809 2
8236 13483 6
5257 6744 7
11105 12562 2
4766 14634 10
1945 14597 10
4648 11093 1
1138 8780 4
6824 13213 8
1791 15941 7
2150 4296 7
50 2067 10
1780 13820 3
10884 16407 4
11139 12829 10
8068 8362 2
6524 9164 10
3726 15494 8
2986 11162 5
8036 11587 8
10124 10452 6
9214 15216 1
14606 15636 9
13211 14815 3
5970 9358 6
4154 15204 2
2797 4739 7
1201 14721 9
15119 16240 7
8195 10073 6
10715 14492 8
2312 6858 6
13011 15288 10
9869 11030 5
8089 10159 6
264 5978 2
4981 5135 5
7933 9155 3
6412 9066 6
837 12686 6
1238 16353 3
3530 7572 6
7787 15780 6
38 2352 5
1091 12340 7
3730 4180 3
11314 15843 6
5435 10145 10
4096 12924 6
8027 9303 4
6034 8763 5
6909 14024 2
666 5417 10
209 3293 5
8824 11967 2
1354 4860 2
762 16697 9
5204 15130 2
12663 16831 6
11679 15120 8
7976 8425 5
6103 14591 8
10681 16242 5
6404 16548 1
10407 12658 1
4223 10732 6
12567 13285 4
12596 13149 8
10797 15191 8
3583 14646 3
8184 14669 8
2132 7042 9
3337 11878 9
6694 10448 4
7294 8741 2
1126 16161 3
771 16105 1
3358 11694 6
584 13482 2
1664 2071 4
8213 10374 3
8802 9839 2
2642 12184 6
4222 11325 3
5324 14879 1
2702 4088 1
1386 5166 10
2750 4125 6
3018 16825 8
11090 14798 1
5950 14236 10
9862 15071 6
4550 15824 7
5398 16395 4
128 6763 7
1144 2640 4
8096 11517 9
2990 11964 7
5392 16882 9
791 13441 5
11454 13598 6
4866 6143 2
4987 6757 3
5529 7874 6
889 8211 8
2731 4527 8
1916 2508 6
1538 11169 9
7297 9851 7
14512 15535 3
9333 11738 10
10424 12863 2
664 7976 8
11132 12669 6
1154 1325 9
13384 16945 10
2378 12326 9
2716 11950 5
977 12548 4
11362 15977 7
2019 2386 1
2673 10900 7
5895 8595 6
676 1665 4
8532 12806 8
1145 1436 7
2054 8429 5
1950 6832 3
4642 5136 9
3630 10546 4
10186 15291 8
4828 7744 10
1917 7611 8
2865 9396 2
5728 6712 9
5925 12133 3
3389 14009 3
5773 6146 8
3447 9694 4
13281 14558 2
6903 12975 2
2228 7973 9
6315 11252 4
4625 10559 7
6279 14411 7
4344 13267 7
10764 11044 7
10872 16546 4
785 15839 6
2899 6152 1
912 7080 1
4383 13119 6
6624 8033 8
13380 13994 7
11837 15372 3
3441 3528 9
13513 16894 3
7897 12049 6
12053 12662 8
11560 16370 3
1209 8798 4
13132 16287 4
1445 5026 6
8165 16799 5
1470 15073 3
338 16497 3
2971 13937 10
623 4268 10
2918 4217 2
212 12093 2
1037 1547 1
12943 13902 8
98 15765 7
1375 12004 9
9990 12433 7
6690 10951 3
6225 16155 9
8671 14650 8
5272 8853 10
7995 15171 10
4830 14689 1
4013 6282 2
1835 4902 10
7537 14086 6
4327 8256 7
1885 3131 10
6119 11888 5
10512 11790 9
1296 16968 10
5165 13292 1
3552 15532 9
3005 12994 7
2547 10994 1
7391 8157 8
2696 7106 5
155 15866 8
11943 15037 6
7570 12955 9
10245 15783 8
1100 5214 4
1474 9014 2
13026 16991 3
11734 13424 5
8962 12796 3
6208 16696 10
4436 16619 4
8675 11929 3
2833 3176 8
937 16112 8
3181 14739 7
10839 15236 8
5266 16882 7
204 16177 6
11289 15110 5
4075 16888 4
13247 16670 3
263 15110 7
2100 9150 10
3850 7974 4
4060 4885 9
8103 8314 7
69 6169 5
1859 4766 3
9157 13019 5
9640 11915 5
4362 8087 8
9704 11990 7
10937 16693 1
2153 5721 8
4440 12558 9
4584 13491 4
1062 6875 5
15646 16795 8
14261 14419 9
6856 9586 4
974 7858 4
5522 14641 4
8242 8455 6
5990 14745 6
7057 9883 4
818 10214 6
3116 11641 6
6886 13434 6
2786 9776 9
2054 3567 9
15856 16891 2
1779 6243 10
15902 16935 4
7533 16379 7
1858 3905 8
5780 13209 5
3402 13220 9
832 1677 10
9079 11190 6
8261 9838 1
5459 11401 10
6097 16544 1
3007 7590 3
3580 14372 2
2060 12857 5
13828 15993 5
14223 16593 9
2814 7958 10
1813 14144 9
5744 8359 4
3876 15346 4
10733 14090 4
2955 6226 7
11163 12731 3
3732 10016 1
3097 12219 10
9392 14949 5
4185 9413 8
1689 14950 6
9084 11702 2
13422 13987 2
4910 6625 5
11094 14314 9
9752 10178 1
9780 14472 5
2565 9385 5
32 16504 10
8349 15103 9
732 3846 5
11280 14332 6
4136 16392 6
1748 10911 6
6790 13236 4
290 4237 2
773 12639 9
2435 9744 8
743 8941 1
1509 5836 7
2822 13041 8
8001 8820 1
6345 7873 8
3906 15620 10
4511 14390 2
7185 14293 7
10946 14611 1
7774 9930 9
195 1012 10
1617 12228 3
5230 14132 9
4148 16019 1
7504 16162 2
10176 13162 9
14164 14796 5
11806 16335 1
1401 7552 9
9695 14437 1
6924 15033 10
15420 16739 10
12207 16871 4
1078 9774 8
159 2863 2
353 8908 8
1060 15261 6
8229 10557 10
4951 12112 9
2528 9824 4
1887 7398 8
1059 1162 3
11590 11954 5
9501 15843 9
11375 16738 8
5022 16475 3
12801 14589 8
2627 6203 9
4100 8132 7
2604 11378 1
694 16141 9
12618 15488 9
2867 7978 7
69 8873 5
1290 5047 7
752 2726 3
8633 16956 10
12189 13058 8
726 9814 3
4903 9056 9
2804 14440 9
2756 5222 4
187 10322 8
4081 13164 8
1073 9710 7
5239 15437 4
14003 15103 5
2380 2427 10
9768 14303 7
5486 7591 6
11822 16620 1
1079 16085 1
8480 15464 10
379 1343 8
3715 7967 4
2016 6489 2
2858 10752 3
7527 11245 6
12439 12872 9
896 11223 8
6250 8005 9
5083 15698 1
2099 11677 9
8151 14073 6
10872 11733 5
2376 8346 5
3165 12439 8
14701 16304 10
1162 10700 4
9004 13188 3
528 13224 8
3470 12715 8
3544 8279 1
10889 12298 5
6837 12778 4
6446 14435 3
3924 9541 6
7708 10918 4
124 15152 6
9903 14305 3
1585 14760 6
1602 6596 4
6963 11036 6
3373 6651 10
5211 10639 9
4060 5954 7
2233 6764 2
706 2702 2
2999 14757 3
1985 15749 3
3638 15028 6
7065 8938 3
2758 3193 7
9809 15366 1
805 13592 7
1904 5026 6
6969 15488 7
5890 11892 7
4475 14253 10
8405 16124 4
2526 8920 5
3266 13753 10
10701 12718 2
3795 14679 8
2265 5886 9
7469 11966 1
14582 16884 2
11710 11951 9
1774 5878 9
11049 14778 5
755 5772 9
1215 8182 6
270 10416 9
8232 12448 2
864 13173 10
6561 12729 1
2990 6590 7
3969 15327 6
3338 12056 3
5687 10475 7
8149 11691 8
3976 9567 5
7710 14300 1
10333 16415 2
7537 14859 1
1312 2695 8
3966 7904 1
6602 12441 1
4296 4352 7
2758 2894 6
5080 7025 5
3579 4737 7
1512 7966 5
317 13963 6
2034 9200 10
12012 12419 1
712 15736 8
1392 3144 4
5678 8793 8
3764 14793 6
13612 13866 6
11505 12137 5
11763 15089 9
5579 14549 3
6942 14206 2
10401 16486 7
8578 12122 2
1037 7790 7
3563 7347 1
9311 13959 8
901 9217 5
10040 11551 6
5468 6117 6
952 4280 9
6189 11017 1
656 10680 10
10090 12051 2
6619 8142 4
2115 9349 8
756 7382 6
498 4209 7
3340 5579 5
6779 8950 2
685 7180 9
471 5779 5
4587 15392 7
12607 13094 3
3237 4960 1
2901 3224 5
6170 10828 8
3614 4371 1
1226 4238 4
11571 16110 10
2114 8976 2
12751 16657 1
5178 13339 6
6628 7987 9
3897 11829 4
4625 10112 10
15351 16308 5
14798 16219 3
1913 14372 6
4949 5459 2
3221 10914 7
14040 14122 2
13524 13944 7
2249 13151 6
142 389 2
7152 10131 7
1472 13417 7
3026 3467 3
11382 12157 6
4998 6572 2
6938 9232 6
2780 5706 1
4130 12824 7
644 16581 4
12962 13021 10
28 1917 5
8030 10737 10
150 7622 10
5317 14394 8
1018 3804 6
6537 11556 10
3108 13135 4
10535 14829 3
2639 15884 5
10292 12010 6
551 2501 7
4003 14685 5
3746 16143 10
1854 3592 5
4253 11431 5
2096 13041 6
9295 14480 10
4099 7791 9
6298 12743 2
4636 5556 3
1254 10253 2
6594 15920 4
133 16636 10
593 7416 1
1768 15412 3
11701 14692 5
1128 15734 1
11643 15026 1
9264 14069 3
1177 14716 7
796 10762 5
629 8017 4
10608 15314 8
2549 2983 6
6407 7772 1
11454 13065 1
583 14158 7
7734 13067 2
149 6178 8
1743 10533 7
2738 14520 2
4871 11312 3
14159 14856 3
9980 10715 2
1203 2226 9
1433 2894 9
12471 15800 6
11875 15255 1
3705 11317 4
661 1581 7
3658 12922 7
3122 14346 7
1801 11278 1
1791 3845 2
2602 13264 9
3048 3480 2
1813 12685 4
15172 15381 7
6671 9075 2
321 11730 7
4661 5408 3
671 5326 7
4813 16254 1
2644 13559 8
8426 16205 5
7901 13658 6
187 11540 9
9226 11812 9
907 6084 10
4836 9953 1
2392 3795 8
14333 15876 8
3034 14142 8
432 15063 3
7541 16548 9
424 14671 6
8482 12438 6
7293 9123 4
1436 9731 5
4866 5357 3
49 13757 8
11164 12967 1
1563 3634 9
4758 11748 2
3045 5691 7
3453 11114 5
10008 16621 4
2493 10633 4
5771 10447 4
3455 15991 5
2540 7665 5
2567 10631 6
13300 14973 7
2073 12267 6
1861 8708 9
6245 13388 7
3533 11431 9
8988 15315 2
10686 14963 3
357 15368 8
1410 4409 4
11813 15642 3
11666 12529 5
3962 8531 8
10410 11404 5
176 483 6
8766 15206 3
5225 7042 8
6466 6667 3
5433 10032 2
1487 8741 6
8912 16698 8
5425 10312 9
743 7166 7
4389 10685 8
5743 16750 3
577 8092 2
8808 15092 8
5439 10097 4
2291 9483 2
853 7768 10
3085 16818 4
4004 15031 4
7434 10181 8
7883 11898 9
7886 8284 1
4825 10508 6
2909 9066 2
3836 13811 2
5767 11843 2
12889 16363 3
2721 11080 1
7148 15983 2
6471 14616 8
4149 14256 10
6860 16933 4
5009 13282 10
4885 13953 2
4025 10669 2
539 9125 6
2550 11810 5
11301 12563 9
8906 13344 6
8754 15566 9
7148 15922 1
5085 6613 8
5020 15196 10
5249 10457 6
575 6910 1
8670 16798 3
687 16629 2
3485 11695 2
3110 14090 4
1691 6840 10
5119 16808 2
6666 16130 3
8409 16593 4
4143 11994 8
2313 16615 8
1140 3620 2
7819 13185 8
5761 7968 9
1840 14413 5
12026 14605 2
7855 16385 2
15006 16275 4
2501 3616 7
9423 11029 1
4994 7144 4
3335 6577 3
10068 16650 9
1739 15987 4
3546 7693 4
3798 6821 3
15690 16320 5
4681 4779 1
10301 16122 2
489 9639 5
61 8847 3
12437 13463 8
3235 16630 6
6483 12251 2
12586 13114 6
116 6718 1
10537 15349 1
2385 7398 5
8721 16226 4
3343 15985 7
6131 16767 5
13210 16239 3
3349 8544 9
16541 16772 1
4788 7072 2
1451 4384 2
5318 13157 4
8141 13701 10
7926 12461 6
2190 10893 1
4623 14943 8
11249 15854 9
2861 12358 3
13285 15661 2
8369 11186 2
22 1703 3
7506 16712 8
5809 9476 4
959 5269 1
4167 6202 9
8952 11659 4
3079 15595 2
1095 1467 1
9906 15498 9
8992 16469 4
4649 10481 8
3982 5699 7
2101 12369 1
1508 14547 8
430 11537 4
4541 10813 1
4897 16522 8
11036 14790 10
3631 10808 7
3862 15697 8
11351 13491 9
1660 14878 10
2313 2817 5
6555 13136 5
954 12610 4
1212 3946 7
1264 9852 7
4999 14850 8
10588 15544 4
12681 13319 9
8733 10538 1
1669 13047 4
12648 16068 10
4762 13713 4
1757 16965 10
2938 9536 6
782 11528 10
882 2059 5
4444 8245 3
1837 9905 5
9164 16725 1
10915 13233 4
8953 11635 8
14172 14803 4
126 13929 8
5480 7440 9
4886 14529 2
1460 13342 7
5860 15337 7
11874 15755 1
5138 16040 5
1983 2975 2
14780 14977 7
5402 8025 3
5388 11765 3
14222 15849 10
2845 4490 4
6166 10966 4
345 6425 1
5413 16344 6
2699 6559 7
3011 16722 1
10655 12348 1
2563 9815 1
3482 7317 9
4961 6340 3
2163 2467 6
5335 15341 10
268 3985 9
4045 11735 9
4143 12320 9
2370 9125 7
281 16131 6
8425 8495 4
1061 15074 6
2742 13622 7
7656 9876 10
854 13289 6
10275 10977 4
10781 11301 4
3479 13833 10
9718 15901 3
7491 15370 7
10539 16471 5
1069 13228 7
3332 16114 8
12810 14491 10
740 6434 5
12853 15497 8
3975 7294 7
1040 4918 9
42 10820 8
5916 9864 1
4213 14016 6
6214 9986 2
6590 7893 1
489 14665 1
6735 12389 6
7847 14460 2
9188 10883 1
804 6212 1
16194 16666 9
14510 16123 4
4331 10716 10
4849 9677 8
970 6255 2
5316 7384 10
4749 14333 6
3356 8020 7
5929 6505 9
4531 15897 9
4062 16899 7
10844 12383 6
752 9277 2
14740 14921 6
4714 6023 1
5839 5847 4
8385 12981 9
1129 7214 4
4614 16671 5
8103 15958 7
12218 14642 10
7206 12557 2
3183 7700 3
11358 14812 7
4018 9971 5
7040 11803 10
7512 10798 7
6144 11908 4
311 4151 5
3510 13618 1
6585 11751 4
4635 14000 4
13063 13419 7
2309 9562 1
1050 5512 4
3625 15680 7
2062 16945 6
2492 13522 7
9361 11169 2
7202 11794 9
9113 11621 1
10279 14406 10
7403 9326 6
3634 7988 4
3291 14150 2
756 12940 2
10783 11264 3
10216 15662 3
3385 7743 10
6787 13971 1
412 16063 3
1626 4440 2
6673 9973 10
2045 4936 8
7172 10091 5
6797 14509 2
8412 15389 5
3548 16480 3
2535 2798 8
10295 12398 2
13432 13841 4
11704 15842 2
3815 6783 7
5006 6517 9
7698 12268 9
467 16285 5
9540 10036 1
12763 16081 6
4913 10727 7
12070 12863 2
12659 13980 3
4848 11463 9
1776 12005 3
7394 9853 2
8044 10823 10
5692 9743 2
4252 9934 9
10398 14882 3
8562 15686 1
4869 6078 10
1464 2861 6
2540 4533 3
6989 7885 3
14158 15419 7
13390 15798 2
14357 16342 7
2941 12120 6
3691 4715 3
10887 15539 9
295 9410 5
1082 5268 7
1835 6039 4
10530 16423 3
8142 10244 1
15967 16986 10
5270 9488 4
5054 15411 10
15111 16950 3
5265 5571 5
10749 16523 5
3868 5431 10
5388 11776 1
16235 16556 3
7546 11179 1
1484 5521 6
2650 14814 5
5680 6859 6
10109 13823 6
409 3995 3
2196 3050 6
5927 14445 6
7986 12201 3
9931 10522 4
2689 6255 8
3073 10698 1
10590 15132 8
457 9236 4
5861 6679 4
6708 11314 1
6537 9790 7
1231 14629 2
5455 14269 6
2993 11205 7
1234 5801 1
3721 5194 7
8295 14319 4
7633 13039 2
4793 13902 9
14101 14785 9
13336 16440 6
5537 13800 6
9216 11113 9
8502 11493 7
9495 12854 10
773 1561 8
4350 4724 2
2433 12680 2
563 11595 2
2155 16181 10
5005 5130 9
4415 13735 6
8003 14241 8
5701 10992 1
4233 14471 7
6962 7081 2
6347 12096 3
1622 7816 10
6269 14537 2
3335 8812 10
12675 13122 2
10337 14827 9
4071 8505 6
11242 15109 4
9327 16888 9
9574 16242 1
8010 15980 5
7916 12582 5
9853 16350 6
3007 6782 10
349 7276 3
8440 9314 4
5730 16646 9
5513 14851 8
3837 15823 8
16397 16650 3
12590 12803 6
3655 11480 10
134 11924 6
1139 10892 5
2561 12057 7
1387 7343 4
1336 1939 3
1447 7283 7
5966 8978 6
5519 12716 2
8191 12702 1
9044 13728 10
1430 6762 8
7198 13331 7
5216 11626 8
14318 15137 7
7778 12699 6
1379 14311 6
3299 8651 10
361 13364 6
3758 13708 4
481 11282 8
4477 14628 4
7714 12243 3
5954 11758 7
815 13421 6
6835 13568 3
7709 9543 8
1616 12530 3
7656 12142 10
6450 15257 6
3738 14163 9
1708 10646 4
12455 14934 9
16590 16637 1
10650 12821 2
5351 11123 2
11820 16618 5
8406 10192 2
11396 13339 3
803 3537 5
5189 10955 7
3733 4355 7
11035 11716 3
1937 10963 5
562 7502 2
999 15699 4
8831 15295 10
14831 14833 8
12464 15394 10
2610 14892 6
8493 16747 4
1732 8611 6
6464 16222 8
1460 12952 3
1892 3179 10
12317 13714 1
6880 13620 5
14668 15317 9
4362 6615 10
3162 5275 4
3346 7132 6
1400 2615 2
6819 8866 3
425 14769 2
10220 13675 4
8538 13651 9
4873 14644 7
1208 14200 6
8257 13026 9
5154 13786 2
5500 13755 6
3267 5768 8
7804 10519 3
8 9656 7
7687 11636 10
1901 6915 5
2578 7208 3
1726 13301 4
6711 15876 5
1759 2082 4
3739 12524 8
374 1273 3
4375 14682 10
3553 3574 2
6381 6523 2
8109 15252 9
13728 16572 8
3355 5460 4
401 4604 10
7985 16012 2
6009 10594 2
1747 7348 10
11905 16602 5
2182 12880 3
5396 9082 3
311 4487 2
11319 16557 5
5437 13296 6
756 8506 3
2987 12931 10
80 15979 7
5785 16060 1
5747 9607 6
9549 13874 8
609 1374 5
15688 16597 1
8080 11516 9
2378 2960 7
250 7375 3
3294 8192 3
8985 9315 8
10303 12325 2
1165 4339 1
2777 7837 3
6462 8748 3
259 16318 10
8385 11576 10
10476 15012 5
13565 16389 1
14462 15188 6
5623 15741 5
5233 10142 4
2596 6167 10
11350 14423 10
7624 7913 3
2728 9555 4
7793 16314 5
9020 11993 5
5857 6220 3
7266 13125 8
1377 15099 9
4131 9551 10
6105 11655 4
9862 11128 9
9374 16519 4
3677 15678 3
5308 12332 9
12161 15217 4
5377 12696 8
129 4417 3
5709 7035 7
624 6543 6
1422 4896 8
2004 3882 3
1074 15021 9
4297 10321 4
1376 7096 8
4813 6593 4
2275 8612 6
6598 16205 8
11153 16026 10
16184 16978 1
5221 9986 2
8120 11693 3
10368 13167 8
850 11613 1
14072 14905 10
1447 7357 5
2275 10375 4
1862 6213 6
4930 10320 7
5250 10930 10
11509 13805 7
417 11494 6
392 15517 1
482 12242 3
75 15328 4
4505 6300 2
11427 12529 1
1464 11000 3
11121 13657 6
1790 16675 10
11624 11905 9
1745 4504 5
11299 16214 6
2663 5039 6
6806 11711 8
4929 6043 3
6651 10490 9
14873 16558 2
612 7245 7
377 8544 7
4112 15254 10
76 2224 4
178 9965 7
4824 15017 3
3069 5331 7
5121 7942 3
4385 14743 8
8489 8577 10
7193 9733 1
1355 11762 7
8801 11196 9
10307 11619 4
15450 15613 1
4896 11253 9
11339 15479 5
3802 6826 9
3711 9009 3
15081 15519 1
7963 9337 10
6342 12552 3
38 1610 8
14452 16203 4
3222 13473 3
527 4961 6
4114 14904 2
925 2453 7
5448 15270 2
10798 13334 5
2374 7549 2
2007 6802 3
5951 16363 4
9908 10836 3
10834 16155 10
9970 11834 8
878 8494 3
9329 11407 4
845 16970 6
3440 4809 10
2076 12023 7
6485 10293 9
4172 6969 10
1611 2332 8
1395 7238 7
7422 9211 1
9076 12740 9
1544 10219 8
7901 13582 5
112 6775 10
3942 16478 6
12205 16152 8
5734 16188 7
8447 9259 2
2351 3947 2
589 4232 9
6729 14671 4
15141 16147 6
398 8221 8
1759 4725 7
12699 16477 7
10999 16160 4
2270 13356 10
12040 12901 2
5720 14924 9
1272 13190 4
1851 8894 1
1007 2571 9
13047 16227 7
3473 16681 4
10881 11975 3
12307 14498 3
2468 13510 3
2814 15260 7
6327 11134 6
443 659 6
3633 5736 1
3191 11879 1
632 13178 6
1039 14002 9
4586 15018 10
10881 16800 1
243 2536 5
9466 12436 10
7248 10024 4
7761 16418 4
6659 16230 10
1147 10485 3
9439 16540 7
474 938 5
3823 9890 5
4966 12282 3
5882 10350 1
7381 7711 10
15727 16435 6
9324 10808 5
13661 15237 3
8642 13700 7
8272 13671 2
1523 13058 1
658 12123 5
2466 13183 2
2136 4649 5
1628 7859 10
7928 11021 5
2271 12355 1
4304 7267 2
6381 8514 4
14262 14984 2
4980 16953 2
8477 10113 1
4805 9183 6
7419 13250 2
6155 6706 2
6430 12058 6
6478 8972 4
266 16986 3
3958 10204 10
12549 14106 5
8994 9838 10
1289 13176 6
11935 12525 2
1325 6005 4
6593 11522 5
6677 15564 2
5558 10848 8
429 7190 6
3792 12880 9
14066 16890 4
3058 3782 6
2169 9954 8
1127 2556 1
1082 13492 10
3988 8041 8
1170 1505 4
12022 14964 8
11657 14145 5
720 13504 1
9465 13508 10
9737 12487 10
9003 11007 1
2902 8301 10
908 13594 9
4712 11569 4
9223 12122 7
1876 5452 9
10885 11968 4
13140 14444 10
5742 15552 5
10260 11650 8
8674 15839 8
7046 11118 4
3832 4365 3
6709 13637 6
5971 6292 3
1875 9606 7
8257 11896 1
5049 13280 1
3663 15603 3
14308 16349 3
6453 15099 6
9397 15693 7
1784 12172 5
2511 5590 3
1212 4530 8
5094 15396 10
10010 15079 6
2846 15461 6
3329 10618 6
13846 16986 10
10532 11479 2
9415 15828 10
9163 11601 5
4373 14789 7
4395 8066 6
10560 14218 6
1746 16932 8
9109 12055 2
83 12326 6
5075 15875 10
3849 11064 8
6319 11523 7
1706 4564 3
13550 16359 4
8570 15112 5
11184 14893 9
8313 10077 8
5540 14819 5
8453 16017 9
122 12810 7
6070 8290 9
8604 15984 9
3544 13642 8
2405 6581 5
4276 12927 2
9769 14720 2
5771 16547 7
12091 14694 7
139 5546 9
3572 14392 10
8929 15633 8
2391 14190 6
2918 6734 7
2661 14304 9
82 3368 6
1596 2975 9
7071 16366 8
10612 11014 6
4283 4838 7
4837 11233 10
10833 14269 2
15848 16272 7
4630 12598 9
6497 9634 2
5955 10353 4
7610 12790 10
11432 12231 6
8205 14658 9
12973 13883 6
10572 15838 2
1630 6685 8
10550 15582 4
7201 7443 2
9726 16683 9
2717 3247 1
5749 11186 9
4493 15134 5
11486 14704 1
431 13954 8
8386 16173 10
10505 14067 5
2310 13135 10
4077 9176 5
676 1448 9
1176 10136 3
7108 9480 4
1941 13332 4
7074 8312 5
1624 3238 4
5131 9708 10
7869 10552 9
9328 14736 2
13405 15022 8
539 15348 6
1585 3834 5
10982 13024 5
2950 3549 2
5049 16355 4
9633 15494 1
9557 10797 4
5427 5609 2
240 9727 1
8602 8684 5
2277 13789 3
804 2120 3
11172 11183 6
4431 8998 3
5215 10568 1
12917 13232 2
2864 15326 6
1537 1716 10
8339 15030 3
3059 4031 2
4546 14232 3
2506 10994 9
9625 12704 3
5454 8600 6
5085 13098 1
1638 7209 10
15867 16502 3
3960 9190 8
6521 10628 3
179 14912 5
8985 15316 3
308 1631 1
10672 16236 3
6477 16521 8
8803 11916 10
5810 7030 10
4862 16827 7
5580 8065 5
4140 10033 8
7194 7929 2
1866 12162 4
5835 11871 6
9848 14987 5
2572 9339 9
7453 14944 8
5081 12676 10
6458 16971 1
4395 13438 2
6358 11679 3
12122 12996 2
5092 10922 2
711 2975 1
14681 14925 8
3520 8987 8
9658 14854 6
1404 1666 10
6765 10532 6
12955 14007 10
5061 10513 6
11722 13634 1
9740 12301 4
829 2484 9
2453 5901 3
6190 11285 5
5685 6065 7
11741 16132 2
1986 12797 8
8275 10509 4
604 10764 8
5821 15956 8
554 3998 3
4620 9227 1
3249 5421 8
444 5119 1
4474 8038 6
1030 1269 10
802 982 1
8759 15376 8
5211 5667 10
3139 5909 10
6328 11791 6
7318 11793 10
7489 14017 8
1910 7336 4
2951 12209 1
948 6786 10
8703 12581 6
11706 12715 7
1297 8468 6
12325 15083 1
13949 16013 5
3076 11732 4
2121 12386 3
5210 11036 3
11628 12190 10
9120 10155 4
4255 6918 6
4805 5263 3
2717 10534 8
6313 8309 10
8601 13238 7
4706 14077 8
3119 16039 7
6428 7092 7
492 9696 6
2892 6649 5
1940 10977 4
701 9844 4
7354 7490 5
14514 15620 9
15055 16174 7
1146 6560 2
520 11083 8
5250 5495 4
7893 12666 8
7455 14754 2
3515 3900 2
275 6044 2
6414 10269 8
1549 4663 1
9999 16982 6
8726 15374 5
5853 15573 4
6227 8933 9
13823 14895 2
8537 14019 4
2964 11587 5
15425 16651 4
4094 16583 4
1003 6079 9
6347 15045 4
217 7339 9
13038 16575 7
9881 14888 10
1225 11821 5
8042 10106 4
14839 15953 8
9701 11470 7
644 10372 8
1117 2656 5
2182 7684 2
5923 9936 5
7948 12742 6
1028 1187 9
9274 16233 8
12969 14595 2
1005 1906 4
4667 10109 1
11716 11865 8
6308 11454 8
7381 15355 10
10673 14037 5
825 3672 2
5704 8446 9
7707 12874 1
820 3751 6
6364 7243 6
7888 11243 8
10957 16110 10
8767 12219 5
4422 14159 2
10154 13464 4
9168 9400 6
1736 7212 8
2172 5751 4
2015 4427 7
8356 15935 8
12292 16988 9
4265 14947 2
7229 12855 1
2470 8464 5
1107 3053 3
3026 3731 2
2539 14860 5
2953 5290 5
7768 10626 3
7213 13173 7
955 11229 7
4738 15627 9
10311 11031 5
121 5731 7
14553 15840 9
7062 14152 10
13066 13302 3
3410 13687 2
13207 14941 6
8815 10385 10
7352 15809 8
4898 8059 6
3335 7127 5
3420 11438 2
5501 16042 9
5078 5726 7
5611 8004 6
13846 14280 7
6164 11807 3
7598 11406 4
1898 14874 3
958 9538 2
3171 16526 9
167 4357 6
6134 6217 1
6544 13739 9
6392 7163 6
1282 15177 10
2711 14274 1
4147 11862 9
4928 9386 8
9499 12666 3
6230 15512 2
1873 7600 9
8445 16092 4
890 1644 10
1556 6934 7
4393 14174 5
8762 9300 8
13021 15057 9
761 8173 3
9570 11718 6
8286 8595 7
7096 16463 2
8455 15724 7
6858 15485 2
1046 8804 5
1 884 6
1179 16970 10
5134 7535 5
1421 10007 4
7795 8363 5
633 15495 2
9601 11091 3
1870 7589 6
2083 15940 1
4678 8176 10
8395 14970 5
4009 16272 7
1494 6227 4
3707 3930 1
1120 16854 3
11483 13286 6
5440 8252 8
10175 16419 1
13845 16005 6
3530 8936 6
3289 7239 8
1243 4159 6
1086 1875 8
2974 4532 4
6411 7032 1
5798 8944 5
15177 15402 4
11318 12929 3
2236 2656 2
464 16653 4
1404 3981 10
2815 9502 10
12784 13553 2
3636 14122 3
713 2642 4
3444 11797 6
504 13998 5
5062 16905 1
4024 15208 4
1228 13172 10
1614 9844 6
11189 15936 7
9618 11015 3
4266 11845 10
6183 11856 1
8360 16955 8
8524 10362 1
8768 11729 5
6969 9461 9
3763 3829 9
5504 9379 8
7243 13792 3
1887 15924 6
1421 1762 5
3734 13052 3
191 4064 5
2769 9770 3
3057 9915 5
1122 2632 10
5551 10732 10
2444 8949 5
5140 11301 10
795 3717 6
10978 12657 8
8998 10247 2
9448 11143 3
7917 11363 8
11258 16294 1
6333 15597 8
6383 8478 3
3590 14538 10
1053 14000 6
2629 11132 7
11639 11935 8
5177 7267 7
1023 1594 9
8568 10897 8
9670 16325 5
3366 6809 4
10285 13255 3
4830 16751 10
3514 9594 4
6789 11723 3
8405 12259 8
8077 9958 7
7028 12153 7
3269 7246 1
2390 9849 3
1777 15594 4
4002 7497 1
6631 15547 9
8367 9633 8
4230 6919 2
11202 15144 2
3379 8483 8
618 12471 5
9147 12724 3
4370 16042 2
12861 16146 3
11341 16455 4
472 11354 3
4170 7808 2
2497 5540 7
4344 14215 1
16233 16493 3
5445 10692 1
1550 14939 10
590 11413 7
3209 16538 7
6639 15601 6
1092 14175 2
10233 13797 7
4190 11766 6
366 6765 8
9356 12206 1
4056 12449 5
7084 14675 4
9832 10100 5
1149 1976 5
1592 13323 2
6426 6788 8
1004 10526 6
2952 3818 6
7613 9111 9
1664 7286 1
10610 13819 9
846 4720 3
10793 12284 4
4077 10517 9
3233 8271 1
4087 14942 3
6536 10495 4
3788 5985 2
4535 11924 2
2635 11411 5
3140 16511 7
7037 11690 4
4447 16741 5
4734 14563 5
7004 15430 9
10238 11517 2
6006 12598 8
4174 11382 5
4285 7534 5
5194 9291 10
6769 15916 1
3207 8646 1
11998 16292 10
7601 11519 10
13119 13367 9
10451 15439 5
7262 12805 6
1900 2885 9
4758 13475 7
897 1826 5
10564 10591 2
8032 8155 3
6322 15979 5
1039 1962 10
13868 16397 1
5104 12193 5
13661 15400 3
10053 13448 1
786 7878 7
3469 15192 3
7757 14354 8
10610 11891 5
9784 13123 2
375 9166 8
11294 16331 7
6568 16752 10
3149 6647 1
8484 15041 3
8250 14071 7
2943 13916 8
8262 16994 3
241 2676 10
1412 14061 7
12610 12988 9
25 16931 10
10605 15487 5
2717 4055 3
941 1947 3
5944 7970 8
5657 12196 8
8499 10556 6
1951 12110 2
9715 11944 3
1109 9050 2
13000 15078 2
2439 6180 8
8470 11349 1
4558 7545 7
5804 12990 4
13420 16507 6
5041 5552 1
2722 2853 9
9891 10270 3
12007 12517 6
4069 4700 5
7300 12384 3
8178 9762 5
2769 15508 5
6836 8821 3
411 9308 3
995 6796 7
4578 5380 6
2960 10723 8
8639 10830 10
3458 11785 8
277 5131 7
2595 12199 8
7259 9974 9
1235 8591 5
11584 15018 3
3194 16514 10
13235 14312 8
6504 16097 9
776 14306 5
6687 12305 1
4520 16212 4
11658 14775 7
6037 14588 5
12565 15372 7
2468 10021 5
16009 16532 4
1398 15696 10
6407 14619 6
4935 5257 7
5116 16842 5
2861 6662 6
2793 7866 7
3136 4029 9
8905 13858 3
99 14315 9
1892 11580 2
7011 7840 3
11848 16273 7
10480 15303 3
1695 8925 9
2388 8152 3
2906 4664 1
2248 4715 2
1773 4243 2
5842 12865 7
707 13483 2
1850 9858 6
7450 7834 1
4523 13091 5
14675 15438 3
9940 15886 5
3942 12822 9
1435 9318 4
5115 13605 10
15653 16568 7
5087 12974 3
8932 10464 6
14340 15866 6
2926 3812 5
2959 13018 10
1042 15660 3
5874 6439 4
4095 16351 7
3156 13307 8
3182 14094 2
7930 12815 4
416 10383 5
9831 15425 3
934 12421 5
13015 15519 8
9028 9356 9
676 5893 2
1628 4347 5
872 10263 6
7849 12045 7
38 8148 5
4039 6122 8
6885 10326 3
3017 16021 5
10223 13787 7
8149 16718 5
2770 3466 10
2118 11780 9
2504 16934 5
3734 6096 3
7472 15654 6
7515 8598 7
3593 8035 9
1884 13168 7
1107 16137 6
1240 12352 2
3222 4615 7
2520 3105 2
2521 14477 9
14666 16978 6
7333 10881 2
6051 15563 5
1684 12886 1
9920 11136 3
14483 15841 8
3940 11121 2
8081 10529 10
6873 10709 5
5053 5677 4
2741 13234 2
7867 9187 9
1083 3503 6
5980 7383 4
3786 6117 10
37 6373 10
9296 14008 10
2355 16559 6
1124 15569 4
819 12179 6
8024 12010 1
4356 10218 5
8284 10158 9
5029 11442 6
10968 11909 9
5947 15101 4
7861 12306 4
5872 15706 3
6493 7038 3
715 9241 1
602 1573 6
2681 13351 1
724 8417 5
3729 9484 6
1778 3970 2
13957 16565 4
5676 13085 1
12133 14990 1
1280 3482 1
2264 11713 5
4220 8085 2
1438 11717 1
4790 16290 8
942 1178 5
5359 16698 10
1424 16922 3
2663 3935 1
386 792 6
6674 16524 6
1196 13307 10
11500 14946 2
1961 8183 9
1241 4380 8
11447 13176 8
8961 13221 2
10596 14302 4
4522 6252 4
6005 7362 5
11320 12502 5
6850 10038 10
369 10604 9
11428 14198 3
14073 16844 7
7205 16595 4
11429 12356 3
9840 15035 3
2547 8586 4
592 2509 10
7107 16304 6
6552 13092 7
3097 3118 10
11648 15412 5
9195 12380 3
383 9959 5
5202 14862 7
10200 16826 7
15383 16327 7
6871 15812 6
1923 6473 10
130 2692 2
887 7215 1
3009 12665 3
9096 11689 9
4367 13493 1
6723 14737 5
2144 16146 8
5097 15188 1
3202 14355 2
4153 11336 6
10768 15551 6
1337 1941 1
6564 7208 7
992 9605 1
4047 10391 6
6469 13373 7
12035 15329 4
9464 15311 9
5067 6163 3
1537 3934 9
4902 10866 5
13090 15596 7
5116 12818 1
14599 15978 7
9363 12012 6
9 8925 1
544 16426 8
6640 14806 5
5690 6880 5
8723 15923 9
3102 5679 1
1627 1795 3
11138 13402 8
1144 6087 1
8236 10428 9
6856 10877 5
454 4477 8
15484 15578 6
9175 14052 3
2202 13614 7
53 3777 9
12101 15942 2
6517 8111 3
9997 11534 3
11314 11508 6
9515 11348 1
4200 16954 4
6349 7816 2
10767 12808 6
6200 10716 1
3321 10473 8
10142 13198 7
8021 10079 9
711 11502 10
13867 14719 3
3702 14759 5
1996 6743 2
521 11229 7
11911 14122 10
4303 7287 7
7099 10484 10
12417 16406 1
7713 14928 3
4801 16356 1
4935 6417 10
5096 12328 8
1789 4545 9
3943 15623 5
9904 15735 3
8217 10586 5
6844 7757 9
1958 2947 4
5851 8042 9
11880 15309 9
9171 16014 9
7298 11853 3
9872 13382 6
772 14178 9
11483 12672 9
8421 11734 6
4939 14409 3
8756 13389 1
2995 3403 9
11568 15019 4
6567 12749 7
5137 16049 3
11939 13239 4
4882 6032 4
7753 15415 2
8727 10047 6
10689 16370 7
3939 9669 7
6815 13810 8
2844 16639 4
2530 7483 7
2143 12987 7
3601 14784 6
6463 13052 10
228 11172 9
13543 14103 8
1669 15844 4
7075 8304 2
8032 13201 2
14420 15707 8
10137 13527 2
227 15073 4
2819 4240 10
5501 5591 6
3364 15848 4
6168 12923 10
8960 11063 4
7863 8637 6
5471 13909 1
2785 5595 8
10425 13169 7
6409 6951 2
4810 15402 10
7536 13832 5
874 7171 10
372 1521 8
6758 14310 8
3332 15299 10
9255 16296 6
1989 15802 2
6395 15431 9
12423 16317 7
1338 8957 7
3431 8166 5
45 13484 3
4606 13320 3
446 10205 4
5019 13783 4
3085 14301 4
8942 9780 6
10577 12073 8
8246 12345 2
9584 16843 8
2299 6564 2
9425 15627 8
681 16387 2
1785 3953 4
6150 10415 10
2074 12046 4
178 13217 6
13066 14377 2
5356 5765 1
10321 12770 2
3000 11199 5
8690 9030 10
9154 13525 3
3838 5241 1
4449 9747 7
4941 10015 10
5834 13265 8
7689 11182 5
5449 5808 3
3503 11368 5
6116 16821 7
5762 5765 10
2551 2808 7
11087 13190 6
13034 16824 6
776 15342 1
1884 5888 5
7216 10039 10
5272 7782 8
4920 6379 8
13799 15163 3
3104 12438 3
2977 5767 2
13021 15814 5
51 8082 5
6402 11841 2
10311 14139 8
516 13662 7
1767 10868 4
6447 10948 1
2243 11551 10
3065 14544 6
4269 5769 6
8549 12358 1
603 16835 3
7531 8451 8
949 15354 5
5021 8882 9
6273 10574 4
12445 16253 2
6843 6945 8
352 7775 8
6329 9893 7
4468 6188 2
9902 16051 8
13905 15479 3
6956 9184 3
10150 13951 10
6008 9284 4
8133 10388 4
13667 16970 8
6652 14422 2
145 13067 1
8229 8746 7
371 9035 2
53 4369 5
2398 11422 4
4958 13782 7
6681 15959 7
2179 11079 9
11323 14573 3
1678 11918 5
12490 16870 5
1230 5985 8
1674 12834 1
9578 14828 6
150 2522 5
2339 11574 10
11446 14652 2
4245 15560 8
8844 12572 6
11532 13595 2
2816 6979 9
7854 13157 2
8692 10063 2
2261 9278 5
1048 9367 9
9477 12839 1
6542 11465 8
11436 12779 1
47 11621 8
3478 16373 4
5542 10624 5
1027 15865 3
4443 16866 2
9204 13348 5
6500 9733 1
7730 14364 4
3015 15232 8
3236 15093 4
8399 16543 4
9657 14477 3
2765 9910 2
8983 13812 6
7103 12546 3
3908 9655 1
11245 13891 1
1074 2296 6
3231 15317 6
3182 8337 4
3618 12548 9
3073 12838 1
8299 9471 7
1949 15923 4
14627 15282 5
9746 10129 2
2752 7621 10
13635 14357 9
2503 5122 2
8227 11273 7
11819 13897 8
7730 11298 10
12377 13809 1
13203 15551 2
10084 15140 2
3031 5694 4
1949 10030 3
6646 12371 7
12147 14045 4
4540 5782 7
8728 14712 2
16281 16799 9
4174 7421 8
6679 11570 2
1583 16765 1
7749 15255 8
5452 16864 7
1409 15266 5
3622 8976 10
7426 9452 3
14870 15681 3
3586 10614 7
6908 15490 10
10878 15570 4
3882 13982 6
6822 10243 4
1075 8907 7
6771 14994 10
5297 9929 6
7039 12222 4
2050 12771 3
5330 15572 9
3425 8787 10
2620 9045 8
5997 8526 5
6254 11154 7
11782 14199 7
12082 16366 1
778 6652 3
766 8576 2
7634 9238 5
652 7722 5
7380 8603 2
7027 11107 8
4944 13889 2
9186 9244 6
418 5256 1
2706 6384 6
2057 8047 3
4378 8364 2
10512 12411 4
5325 15607 9
5714 7536 4
3138 12748 6
4551 7792 4
3724 8383 8
237 2349 7
119 15039 1
101 10825 1
7141 13706 2
1831 16801 2
1004 3306 10
2556 14473 1
8499 10985 1
3227 6800 2
938 4651 10
5599 12122 9
2058 14475 10
6797 13377 10
1975 9592 2
3935 10177 1
4851 15990 9
2413 7519 6
9760 14841 10
15963 16562 10
2866 3634 8
10202 15823 7
8323 14838 1
3771 8893 4
307 5736 7
3900 9059 5
7470 9993 1
8919 11129 5
6244 7178 2
9435 10550 7
1524 14102 2
210 5518 5
3327 8288 10
9490 9942 6
5295 12870 9
4230 13241 3
7943 10206 1
3750 11376 2
3624 9359 10
8663 14321 4
6993 14498 1
1993 4189 1
1419 7278 6
11960 16114 4
7897 13769 9
13181 14163 1
307 6115 4
7361 16359 8
9681 12855 2
9762 16873 2
423 2048 6
1006 1965 10
5190 12227 3
6825 14375 3
9407 14871 8
4648 10465 6
3522 7021 1
10254 13800 10
12356 14732 7
5950 6285 3
14700 15115 8
7054 14151 1
8886 15209 9
114 10363 5
4984 15978 4
4003 7417 8
1268 2388 8
9007 13112 7
5918 7153 2
8098 14059 1
3820 8646 8
4785 16963 3
13446 15150 6
4570 7066 4
10880 13588 7
2904 14314 2
5472 12007 7
8897 12356 3
12142 12337 1
8683 14863 1
13869 14230 3
2924 7559 3
3222 13853 10
10387 12646 1
11058 14674 3
2457 8208 4
310 8275 2
3449 8899 5
8372 13413 4
223 15234 7
2545 11162 7
11158 15406 10
11256 16472 3
5074 9713 9
13423 14635 2
4416 13858 4
8607 8791 9
12540 12954 10
3357 8321 5
7856 9701 8
15218 15526 5
12097 14815 2
4758 15072 3
99 16020 9
8569 16776 5
11719 14327 5
6845 16703 8
9353 12975 3
373 5240 1
6983 10664 1
495 9018 3
7163 10879 9
7 4980 7
12828 13694 7
12527 15837 6
3986 8346 8
410 1908 2
4054 6906 9
8690 14292 3
3386 7195 3
2713 12894 3
3667 9967 4
2267 16142 2
9085 10070 1
5520 9547 6
635 4184 5
10227 12687 3
8938 16265 4
350 14871 5
2734 9504 6
9976 11160 7
2589 12726 1
3896 13128 9
12966 13374 9
8587 12115 9
506 10906 5
4128 11603 2
781 15032 4
6075 15347 9
2545 15617 2
6980 14351 5
364 5509 1
7462 11558 4
13074 14723 4
1399 14268 7
4824 15060 4
1806 4352 9
5539 16671 1
9101 14913 8
4117 9013 10
3552 7936 5
3056 16381 8
8926 16429 9
7892 12016 5
4685 15796 5
7526 13366 4
4802 15559 5
2937 4406 1
10409 16423 10
8698 10411 7
14399 15713 6
1044 16054 6
887 7828 9
6431 9721 1
5778 10073 3
8619 11508 7
2609 9508 8
10894 12238 8
3259 9915 8
8363 11056 9
4341 6697 8
12996 15339 4
1172 3793 3
7558 10490 10
5587 16345 2
1366 16159 4
6685 11300 5
2889 11685 8
6257 11479 2
64 225 4
1032 14295 5
3126 5387 10
2417 7329 3
10891 12092 5
11338 15799 6
2375 5037 7
13068 13992 5
6719 8990 1
4215 14750 6
1564 5725 8
8130 15614 4
9449 16316 6
5574 5857 8
8228 13852 1
1273 2887 3
11995 15036 2
7119 7421 5
425 15624 8
9614 14685 1
7879 15894 7
3885 13231 4
2624 9209 5
15665 16299 3
2886 13529 5
590 15529 2
5802 9238 9
2185 5256 3
8421 12255 8
570 4979 3
1666 7544 3
2387 11872 1
3805 13447 10
2201 10974 10
1980 2942 8
3615 16144 5
3281 8743 6
10543 13239 2
7343 7659 10
334 2604 4
7215 16209 9
3555 13252 10
8273 12553 3
3778 14412 2
2935 16840 9
223 13020 5
1171 3035 8
12235 13539 1
1557 5754 10
2167 9510 3
258 15363 8
9011 9401 9
1977 12814 7
1298 12798 10
3713 6937 9
2531 9876 3
5494 12847 5
7055 8283 4
5800 16635 6
4230 8527 6
1607 8813 3
4303 15608 8
3135 11354 2
6242 16919 10
7272 12979 2
1423 11172 10
8547 9832 8
1071 3103 10
4802 15086 1
8548 12078 10
2216 8285 3
2708 11914 4
8833 9027 7
9377 16462 10
7458 13983 4
2579 13397 4
12103 14401 5
7786 12223 7
4380 11073 5
1823 7629 3
2230 6021 10
6356 15618 5
11806 13806 10
1934 16003 9
10413 16090 10
6710 7811 2
9209 14557 1
6565 12254 7
7137 12335 3
2881 7720 7
3255 7886 5
6768 6822 3
8461 16250 3
5717 6028 10
14324 16929 7
3194 4132 4
6223 8364 8
8293 12613 9
7311 8424 8
9590 16881 5
9751 16388 5
4497 16120 3
14896 15410 7
10529 11277 4
10294 15232 3
11597 13136 6
3613 10903 7
4598 5324 8
11773 13038 7
5088 9108 3
6620 9718 7
3003 11922 4
4543 9225 4
14905 15361 6
2228 6899 9
6794 16898 5
3492 5308 10
3003 16061 10
7926 10553 4
7809 11554 4
4277 15452 4
2597 15292 7
5703 14923 2
880 5737 5
7246 11371 3
2323 9202 5
11113 15666 3
234 11149 10
677 10180 5
1407 13563 7
9512 16647 3
4952 11062 8
7780 7997 3
3829 6895 5
1513 2408 9
156 7979 7
16151 16394 6
10578 13462 6
2687 5288 3
8123 16098 5
3083 9861 3
1504 1689 5
8911 10821 6
5106 11426 7
3434 11761 1
133 11103 7
3371 8626 6
13937 14064 5
1026 3201 8
7756 8938 7
10558 16685 8
3755 16731 10
2908 9396 4
11306 12909 4
11548 14699 2
4298 8910 3
11222 15336 5
5766 9943 3
930 4329 3
13503 16337 8
30 4564 3
11142 13113 7
8534 14244 2
4914 16348 7
3702 6684 7
269 14186 2
5528 13772 10
2538 7961 1
1822 3470 5
1547 8075 5
7782 11268 5
13835 16213 2
10600 15982 1
4581 16760 3
7676 8410 4
3661 9542 10
6157 15236 4
10749 13569 2
3562 10940 7
2778 3287 1
783 2751 1
13502 16126 2
1033 16338 7
9577 9828 7
4853 13878 9
12153 15721 8
4513 10048 10
10563 13773 1
3341 9958 5
3967 7866 8
9846 14751 9
1588 6902 6
2623 14960 6
823 13995 8
278 10265 9
12393 12733 7
1041 10761 10
5206 6231 8
5212 7962 9
9819 15038 1
6790 15683 8
5707 6073 6
2627 16603 5
5704 15644 1
6616 14195 5
2146 2634 10
1601 5174 2
3870 4320 9
4528 16425 7
2880 3351 6
11473 12055 6
4376 4522 2
10259 16792 5
6454 10958 9
1577 14211 3
6990 10934 10
11496 14424 8
556 9082 10
550 13203 10
2678 3763 9
8904 15704 6
3931 16706 2
4306 14596 7
3000 4093 9
432 13770 3
2657 7950 4
12965 13559 2
2739 12207 1
3748 10810 8
3702 10241 9
670 6092 9
9351 16845 3
1450 2387 1
4231 7722 9
3923 13991 9
7124 9589 7
7799 10407 6
758 15676 3
1277 1688 1
219 6492 7
1012 4702 6
2288 8862 1
5566 15929 7
1530 5293 1
59 6372 2
324 2070 1
8730 10666 8
9252 14170 9
3686 9031 10
6875 13551 10
196 1327 1
567 14360 8
5051 14575 7
851 11816 4
11383 16813 8
5729 11887 9
3385 16109 1
5035 15956 1
7403 9098 5
504 11389 3
1842 16822 5
5101 16608 7
5978 8039 4
3090 3418 3
439 3581 8
3719 14443 6
2288 9554 4
2329 4826 2
546 4858 7
10664 14026 4
2168 15166 9
3892 8924 1
8666 12561 6
10997 15872 3
5852 9249 3
5561 5735 4
750 1716 7
1855 15757 9
8857 11858 2
7390 7535 1
5682 10323 1
7620 10088 7
8125 11316 4
4971 6303 10
2334 14657 4
13270 15278 8
1425 4794 4
1871 4130 4
486 4182 8
8225 15357 8
3742 13542 7
1383 5569 3
2420 9165 1
13108 15697 6
6114 7368 8
5732 11202 8
8210 10339 4
1934 14277 4
728 14079 7
1742 7818 2
5894 6770 8
4388 15511 7
4878 15479 8
8192 9143 9
9235 11020 9
12166 13304 3
10238 13831 9
2680 11836 4
8353 16365 8
2553 5850 3
640 5274 10
3826 13958 6
1387 12800 7
8338 14762 2
245 16583 7
1412 11593 7
645 2670 7
1954 9196 7
5150 10256 1
5641 5698 8
8458 14424 10
7118 16208 9
2001 9827 3
8404 16160 6
4731 11923 4
752 13589 3
3902 7252 8
11171 11491 3
10083 14362 10
2104 14137 10
3172 14010 10
4099 5942 2
6055 12886 2
1580 3158 7
13998 14087 3
1019 7536 8
7609 8727 3
5697 13497 10
10190 14222 9
365 12772 2
6755 8418 4
1609 8443 7
4256 9271 2
1204 2456 4
3444 12667 3
303 11611 5
3491 12888 10
5868 11628 3
5789 11009 9
4689 10285 6
11378 14100 3
6389 12422 3
14200 15069 7
4919 7498 3
6987 10981 4
13480 14054 5
8137 10331 10
11697 15019 1
5813 7651 5
14468 14517 4
8161 9183 10
12473 13394 2
1559 3054 5
7341 15851 5
2218 4628 10
10763 14480 9
4058 7196 9
7281 11451 4
2246 7340 4
4566 7981 1
2037 4011 3
9443 13401 6
8516 9156 4
2113 10544 1
2005 6673 10
5934 6440 1
6437 10284 8
1734 13602 4
5631 12385 5
10482 11614 4
90 12233 5
12670 14887 1
4557 14092 10
5665 7728 5
134 9181 3
11096 15704 1
8014 12550 8
10975 14919 2
3639 15180 2
2365 10396 4
2510 16677 7
8237 15430 7
9060 15124 9
6606 7652 8
3568 10141 3
9317 16699 3
862 15310 2
8320 11459 9
14748 15050 9
3168 5577 9
7387 10042 4
271 9302 4
111 5432 2
7546 11032 8
10491 13845 4
4219 11315 10
883 2227 7
6956 14982 5
1943 10629 4
4658 12224 3
273 10945 5
6809 14696 6
1459 14143 5
12142 14842 6
14471 14516 10
592 5757 1
2857 9733 10
14858 15410 5
12233 13892 7
6493 10304 7
4002 15454 6
2719 13497 6
9251 16915 6
13427 14556 7
5609 10865 2
14440 16649 3
4018 9053 1
4833 15473 4
3945 4471 2
5069 7845 4
3508 7440 2
12859 16810 5
11940 12742 7
1758 6572 1
12595 13247 3
2655 9924 8
4589 10726 2
3670 14155 3
4358 16390 6
6277 9568 8
3985 10234 1
14275 15600 7
6417 12470 3
5574 15449 10
5792 9738 1
5395 12137 6
9324 14296 10
709 7784 4
3365 5517 9
6156 9944 7
10028 10614 6
2064 7094 9
1679 10054 10
1085 6948 2
11872 16445 7
1600 15435 1
14349 15158 7
15322 16300 8
8803 10756 7
2151 11970 9
6515 8486 3
4450 6637 10
3264 10813 5
5343 6051 10
3044 15532 2
9888 15482 6
2740 5983 6
7280 11086 5
2672 8138 9
4803 16167 4
3127 4113 7
10536 15890 3
5471 15308 2
8011 8490 1
8702 13243 5
6162 15790 6
207 12347 8
10081 12482 8
153 15746 8
7912 8944 8
4525 13251 2
5695 16075 6
10390 11700 1
2247 4561 5
1500 15743 7
7356 7402 9
2207 4911 7
1687 6184 7
3760 9517 4
713 6792 7
2042 2612 7
7168 15992 5
9227 14810 3
1724 5061 9
1048 3481 1
7093 12528 2
434 1480 1
4821 6627 4
2268 12156 10
10927 15369 2
8990 12970 8
649 15645 4
9273 13620 5
2661 13827 4
868 3976 6
419 548 2
8870 16194 10
1024 11498 7
12457 16312 9
6972 11771 2
2591 7719 7
11010 11494 9
1955 12294 3
7003 13455 7
12912 15972 1
11046 16503 3
1874 13344 4
7763 13332 7
4057 6922 6
7147 14931 7
5328 7425 1
4191 5206 3
77 12005 2
11438 12138 3
2044 6654 6
9982 10890 10
6521 8664 6
14329 14484 10
915 12090 9
5817 9535 10
7176 15726 3
760 16974 7
14355 16412 1
1317 6780 4
1629 1761 7
9094 16104 4
6944 10128 5
8575 8877 2
2707 2781 7
6916 8438 4
5363 14259 2
2417 16771 6
6651 11863 10
11873 13613 10
3656 4323 5
1596 4983 6
5848 7226 1
5371 10289 1
6540 13086 5
3322 16913 2
1764 15571 2
11155 12957 10
2962 9083 5
7565 11503 6
5169 5870 7
4492 5098 8
5883 16903 6
14961 15142 8
2021 13764 7
3326 11932 8
3846 5182 1
4331 15162 4
3531 16658 5
1429 3195 3
4955 12775 4
11047 12656 6
5849 12137 1
2413 12175 7
1857 7806 1
3284 11597 7
1876 3936 6
1122 10647 7
1510 8858 5
3740 10055 4
5425 15634 7
5557 12494 7
13086 16883 9
6142 14730 9
10613 13429 3
3454 15503 6
11901 14915 9
5060 13217 9
5858 11272 10
11871 14389 9
125 10645 9
2318 9856 10
8393 15938 10
6219 8399 7
9436 11973 9
4192 9646 10
3768 9682 10
6725 7992 6
8792 14875 5
4720 16249 1
5549 10212 4
1043 7454 6
7285 11022 8
5321 16152 4
179 736 3
13166 14971 7
11753 16972 5
2854 11709 2
2720 4985 7
4146 7745 10
9793 13493 9
10598 11691 3
3699 8567 4
708 6955 5
9204 14927 7
12559 12717 5
177 9162 1
532 14415 7
6406 11796 4
2592 7289 3
1813 14397 2
14545 15118 4
3411 11537 9
888 5591 8
11516 12799 7
5585 10651 9
654 14169 1
58 12312 8
4778 11332 9
3341 9338 9
485 16428 9
12420 15464 5
7895 14343 8
4720 13533 10
10838 11293 5
5741 13166 8
218 15804 1
6361 16930 8
5346 14581 5
4960 13490 5
14231 14362 3
8203 9283 4
7292 9762 3
6424 14894 2
3146 6912 5
635 8104 7
15277 16780 3
1751 5125 7
1598 12105 6
11427 12465 10
8152 10705 4
1016 1580 6
2042 8889 5
12177 16998 5
1298 8757 4
4037 8905 1
5838 8315 1
1652 9550 2
7445 8417 3
322 3773 10
127 13662 3
10557 12897 6
665 16294 4
11286 14850 2
8545 16857 9
4934 6459 5
3452 4752 9
8553 11360 1
11523 16607 2
16071 16720 10
4181 11864 8
11585 15023 5
3720 9697 10
2839 11546 1
4308 11937 3
14497 15870 6
8694 15981 3
2783 6812 1
4592 9960 8
9651 13692 5
7521 10366 9
4925 13744 5
2828 9105 1
12472 14434 6
8166 14180 10
7853 11562 5
3467 6721 10
5930 14146 3
9196 9362 5
9110 9126 9
9348 10466 7
7495 14995 10
545 11615 5
2075 9759 3
3969 16023 2
5555 6055 4
2300 13275 4
4864 8321 1
2723 12031 6
564 7747 2
4675 11730 1
3538 4397 9
5241 12295 9
5910 14510 2
672 13915 2
8498 8579 1
5617 9464 3
2041 11374 9
10829 13607 9
1711 5508 7
13442 15938 5
9473 10920 9
2031 5317 10
2500 7552 7
9221 16874 9
13791 14204 4
8174 9833 7
637 16867 5
5837 16972 9
6765 13748 6
5533 7448 9
8354 11515 2
2829 3043 4
7240 11233 7
8045 16756 9
12612 12644 9
535 7163 10
5536 16452 3
2643 10187 9
8459 12540 6
4743 16234 2
2444 15716 7
13148 16138 10
4526 6918 10
12252 13521 4
2809 5224 8
3064 5348 7
14639 15020 8
7461 12042 10
1643 5917 1
548 12621 2
3184 6530 4
5420 13654 6
1740 11841 2
1965 7182 1
8645 10047 9
621 2047 4
121 7891 7
11553 15645 4
13787 16662 5
1286 5967 9
9267 12595 3
11814 15705 7
10856 15602 9
6679 15574 5
15181 15233 4
924 14823 7
1701 8338 8
7298 9057 9
672 6761 5
380 9850 8
3948 16906 3
5754 11284 7
10210 10336 5
306 8196 10
10638 15212 3
6275 8961 1
10655 11261 1
12640 15767 5
7957 14772 10
6129 8251 5
9414 16729 9
11116 16455 8
6848 10441 7
3908 13378 4
4257 10792 6
5775 16482 7
10670 12913 3
866 11957 3
10844 11366 5
1198 7783 2
5279 5921 5
3539 7875 8
9482 15739 5
1603 3362 4
11346 12641 1
538 3151 4
13253 16116 7
14341 15293 8
8223 15976 10
1838 1955 8
6290 10747 3
1001 12394 8
7707 13888 10
4510 11421 10
12342 14330 1
6498 9868 3
8964 11540 5
1302 14934 3
13627 14624 3
2197 10482 8
117 14311 1
2287 5061 2
4815 10008 1
8181 14640 5
8959 15111 6
10936 11525 9
2871 15968 2
2646 16528 2
8408 9114 9
6266 14992 10
745 13359 8
10071 16193 2
4510 13877 6
1294 11586 4
3204 5781 6
7891 16846 9
4094 6451 3
1633 14062 9
5581 15731 10
11125 13329 3
5117 6378 1
9496 14455 8
3557 9037 1
1952 15106 8
5350 7563 2
8876 12970 6
5722 15429 1
8989 12311 1
1895 9307 5
3033 8230 7
12212 14278 2
657 11885 5
10779 13160 4
7941 14443 8
611 14625 6
13197 15024 4
8805 13883 9
3869 4407 9
12879 13775 9
6268 11317 6
428 14271 6
7902 13503 3
5938 8371 7
1127 15296 8
1204 1244 3
3650 7665 8
9381 9486 8
12373 13007 6
3791 6425 9
7026 11665 6
3424 15152 4
13155 16554 6
11371 15826 7
2049 3952 10
1979 16960 3
7803 14499 6
7021 16027 3
2946 4300 5
5451 13810 5
8550 15761 8
14226 16225 1
4364 8563 1
7078 15535 1
3300 5948 6
5588 15635 7
3242 14398 3
2685 10419 3
210 16488 1
2219 13958 9
8719 10593 9
13459 14502 8
4627 9813 5
1115 2517 2
2192 16459 5
12427 14741 9
319 14818 6
10067 13138 2
5148 16717 4
754 9490 4
16083 16368 9
4388 7672 3
6521 15345 4
3246 9960 10
5678 15491 1
1058 11144 8
5000 13736 1
1893 9858 2
6954 16079 3
4575 14820 9
9168 12353 5
5819 15145 7
953 14370 4
12151 12416 3
6985 12158 9
3253 10075 4
3769 14799 10
3120 7445 3
3616 4812 5
232 2379 8
2760 14845 5
5718 6502 4
3541 16830 6
7364 12128 4
1932 11173 1
2810 10525 2
3728 14938 1
1260 14432 4
9029 13487 1
5073 14128 5
1014 15541 7
6440 14601 7
2889 11487 7
8131 11589 10
7738 16606 6
9762 13133 4
5400 7475 7
186 11366 1
3604 5318 3
1604 10679 3
10815 11191 5
11725 15648 7
6355 15359 5
2444 4832 4
4 13403 1
6222 16939 7
7907 15066 8
7284 16450 10
1782 3954 1
2568 9119 7
5669 10730 9
12763 13193 1
14464 15689 5
4405 11276 4
5952 8880 2
7381 13330 6
7300 13593 6
2882 5624 7
4501 7652 9
6705 15007 10
3001 9239 6
12842 14684 5
1990 9541 9
3703 9797 8
6716 12238 9
10093 11618 3
1671 4983 4
12643 15007 3
1478 5531 7
7357 13624 10
8962 16802 4
530 8062 8
5625 10047 4
673 11965 10
1989 3125 9
3311 9319 7
121 452 2
8160 12848 4
262 5530 7
1102 8406 10
1172 1992 3
7250 13177 5
2871 5467 6
237 11117 9
4747 8527 9
8514 9524 9
2343 13045 9
6895 13968 7
15409 16759 1
179 14767 3
1984 4586 4
13756 15197 10
2829 3684 7
13579 14480 1
8189 16364 4
623 15962 8
7005 12486 1
5458 5770 6
10358 15751 9
5968 7635 1
335 2521 9
4948 11679 5
9442 16711 5
4222 12477 4
7942 12028 5
3019 14733 5
8266 14735 8
4632 11883 6
100 16343 9
10948 11126 1
759 10201 6
4612 12881 10
2559 10952 4
5938 10576 1
6563 12248 2
1030 11084 10
3991 4004 3
3088 3275 9
9500 12068 7
11231 16114 5
3069 6514 1
926 2382 10
7834 9398 8
10458 14846 1
9087 10026 6
3382 4764 5
7165 10385 8
5885 7291 4
480 9804 1
8895 11772 6
162 258 2
3772 4628 6
6358 15186 8
9772 15291 3
8396 13799 8
1945 12264 1
8423 13082 3
2598 14836 4
11391 14120 1
2381 5454 6
1251 2598 4
7496 12249 6
12857 16673 5
2454 6197 6
2677 6555 8
7817 10152 8
6210 9077 9
10966 14234 5
2069 10671 9
7029 14226 4
107 10445 2
13208 16505 4
5786 6247 2
3251 4386 1
4392 13702 1
1790 8185 3
5877 10507 2
7270 15692 9
3078 8682 9
2584 13257 5
3629 13928 6
7115 7678 1
2710 6647 5
4573 16098 3
8193 8856 8
2991 8451 9
2361 5852 10
7581 16552 5
6346 12006 8
7996 13392 5
5616 9840 4
1520 6165 6
1398 8822 8
336 16060 10
4100 6881 9
14751 15040 3
7197 7447 9
2989 15798 6
4215 11450 6
330 12102 7
521 13081 4
3781 6104 1
5236 6288 4
6138 16002 3
4505 16487 8
7852 10873 9
9122 16567 7
13500 16421 4
2027 2887 6
1536 9759 10
2823 10568 9
2147 2457 7
10457 10693 5
2131 3082 3
15548 16393 2
2467 10429 5
3075 4480 7
2949 11009 3
2570 3149 10
6012 16066 8
79 1905 8
7675 16268 4
578 10943 3
10069 13139 8
7705 8079 4
7236 7460 8
4941 5833 7
9479 15573 5
12195 14242 4
3824 8253 5
3433 7927 2
1106 7607 7
7276 7717 5
6382 11849 3
8566 15228 8
3257 14899 7
15947 16264 10
5711 13640 9
2675 11258 10
5475 6870 7
5317 9900 4
6321 13343 3
11708 14943 3
13796 16622 7
9686 10434 6
3578 7428 7
12331 13936 1
6279 13965 1
2110 16621 10
1627 12520 2
4444 13822 10
6189 11936 6
8337 16046 9
2771 13267 6
256 7661 1
930 6020 6
1346 8147 4
4476 4885 2
13824 16106 9
8255 15472 8
9962 10960 5
6153 11369 3
5702 12616 3
2092 10830 6
120 13882 1
2835 3006 8
92 12257 2
1179 1639 2
10160 16834 10
16207 16688 2
6195 14518 6
10945 16433 7
9674 10585 8
8548 9294 8
4708 7468 9
15515 16123 3
529 16984 5
4628 9320 6
3772 9644 7
8886 10074 4
1794 16904 4
12545 15688 10
12067 14217 10
4553 12324 1
8051 14007 7
11985 12143 4
3507 6607 3
704 7454 10
13818 16108 1
1665 16501 8
110 223 7
7643 9778 8
2824 14470 1
4262 7415 2
3699 13837 5
8617 12128 7
3928 13008 2
8190 8832 6
4080 10880 2
12695 14713 4
2802 5805 1
943 8628 1
737 4305 2
12270 12802 6
9826 13106 7
7187 14146 5
6100 16869 10
1114 12412 3
1845 2085 1
3245 16917 8
3694 3743 1
13 3678 3
6767 11129 3
13032 16491 9
309 16644 8
6305 9862 8
7863 14458 2
165 7760 6
3268 9364 9
1821 6884 3
5064 15174 4
13152 13492 2
4758 14697 6
902 9632 7
10911 14655 4
3313 5763 2
376 9963 1
10236 15856 3
711 2753 4
4703 16911 6
652 16961 9
3574 15952 2
6041 14582 10
3840 14583 7
3062 9106 2
12091 16748 2
5141 11280 1
11535 16185 5
5960 10830 10
4783 16238 4
10619 10788 1
3698 7147 9
1306 16923 4
12540 16853 1
552 4423 5
5010 5642 2
2515 9545 7
1565 13713 9
11402 13849 7
162 10817 5
5256 12539 3
1272 8737 6
7071 15835 8
4064 10421 9
10496 10906 9
9173 16528 1
11195 12617 2
2455 4407 10
8026 10858 6
3353 12573 6
13736 15047 6
4922 15885 8
7453 14637 6
5996 13899 8
8874 11454 1
1910 4152 6
852 9067 4
10341 14015 6
8717 12198 9
928 15075 1
560 5088 1
6878 13411 5
9169 10210 3
9635 10377 5
8454 12130 8
9329 11971 4
2803 8162 2
8398 13970 10
11104 13474 2
3718 9843 10
532 7410 4
12339 12511 10
10121 12451 8
14468 15471 3
7040 13890 4
2965 4227 4
3538 9572 4
12725 15636 7
2981 8935 7
8100 15532 10
13058 13278 2
1565 8781 10
8032 16508 4
13074 14279 5
12281 15962 3
8392 12988 3
9473 15408 6
2480 6125 10
6467 13373 9
2701 15408 5
5494 12121 2
8215 15035 9
8603 9687 1
5900 15603 2
2908 3585 3
7885 9049 6
15149 15604 3
8823 12991 7
816 12871 4
12227 16058 6
6778 14206 10
11742 13089 2
8859 14478 9
2936 6480 3
1772 15272 7
10 8841 3
6070 9892 5
3866 13756 5
4877 6237 9
1766 13365 9
6891 14758 7
9327 15262 1
4290 9116 5
11627 16651 8
784 7664 3
449 10863 10
633 9141 8
6414 15889 8
8776 11932 8
3773 6841 10
4235 14207 8
450 10950 1
7276 15819 6
363 4629 7
4116 13122 8
2143 4030 1
2980 9700 4
12915 15773 10
1158 5161 4
12341 12933 8
7471 10972 5
1511 7184 10
13853 15659 3
8308 13895 4
1290 14381 5
622 14165 10
2119 13760 2
4421 9300 1
10414 16307 1
11300 13170 9
5903 11641 7
4791 14377 10
4871 15065 6
1733 11097 6
3133 7444 10
4953 11394 4
9724 14661 4
8511 14905 9
2998 14251 6
7312 14299 3
10376 13300 3
4881 7348 1
8625 14669 1
14502 16708 2
2272 13173 3
11994 12653 10
3068 5474 8
115 4071 3
1856 14550 7
664 11670 8
9685 10451 1
536 9396 9
6295 7664 9
692 15558 8
1289 13829 7
6209 16752 2
4487 10816 7
13231 15709 7
1894 13386 7
4426 4916 5
9132 9393 7
1375 3875 9
492 9355 7
3220 13667 9
6478 16858 1
438 11098 7
11001 16940 10
2046 10535 3
3599 13979 1
1475 9451 8
7371 7729 6
1200 2745 4
329 12434 8
3664 14171 5
7661 11430 7
6744 13338 9
8572 8843 3
10652 16499 3
13976 15897 6
6551 14990 5
4579 4889 2
5353 15413 6
703 4602 7
5565 12132 1
2437 2800 5
3642 5336 8
3944 16036 7
9688 15952 9
293 4611 7
5637 7112 9
4968 4986 5
3417 12883 1
1185 9537 1
9092 10060 9
9058 15648 3
5133 5769 6
171 3852 4
2677 9668 6
4207 10107 10
5423 16929 2
6953 11926 6
10004 11606 10
3383 14571 6
4679 9031 6
2225 6257 10
5152 14532 4
3409 9652 10
2502 14972 9
9494 12105 8
13476 16359 4
12379 14354 4
8534 16599 1
1247 11786 9
3410 11507 8
5072 12500 10
465 14044 3
9130 15247 8
6629 9908 7
5547 11564 5
3611 13298 10
3963 16993 10
3269 7225 1
9360 13195 10
480 15274 7
513 8312 10
8437 14342 1
2743 11580 1
3957 7896 1
7679 15987 2
5526 15678 2
2325 16746 1
4129 7551 1
8434 8497 3
8385 12289 2
849 4336 1
3705 14695 6
11193 16784 4
6376 9054 3
4499 16767 6
7564 14514 2
2240 11359 10
2037 12584 5
1357 4893 4
3669 9513 1
1344 13056 3
3464 11947 7
2714 12877 6
768 7358 7
477 4353 2
4301 6160 4
4646 16681 4
10083 11392 5
3270 5731 10
11541 13763 9
519 2603 2
7178 12498 8
9484 16170 2
8823 15591 10
8170 15747 8
14816 16257 6
15160 16981 9
12471 15434 9
619 1942 2
13468 15721 8
3696 10658 9
4272 12069 4
1787 4309 9
3022 8247 10
4391 7898 9
5018 6091 3
2297 10319 1
1526 7174 8
9376 11465 7
1927 6301 7
3890 13531 3
8084 14618 4
5343 11234 3
4242 14417 8
4906 6377 7
3183 16001 4
1394 9712 6
4801 9172 1
3566 11347 9
7740 10390 2
2544 15160 1
2040 2317 8
5646 15758 7
6335 10300 3
6423 10958 1
7641 8872 8
5070 16417 1
818 2443 8
753 15415 3
1060 14817 8
7905 11233 4
8582 15136 10
160 7536 1
30 12362 4
14551 15493 8
4337 14749 4
9926 14935 8
5734 8644 8
5602 8976 1
12211 15561 6
7971 8672 2
611 2335 1
858 13515 2
10202 14022 7
166 3318 7
7426 11481 5
967 13036 1
797 10113 2
2127 5667 10
6299 8970 2
7346 9652 2
221 9219 1
5333 6164 6
4839 15670 4
4138 6105 7
8310 13144 8
11163 15360 7
6611 9785 9
13076 15268 2
512 13315 8
3661 13379 6
3164 11147 10
8609 13823 5
8533 11344 5
10565 11673 7
354 3066 7
777 7706 7
11239 13268 5
7658 7692 2
6767 13999 8
8231 10103 8
12346 16273 7
1560 8100 8
470 8417 9
9208 11419 7
628 14223 4
3495 16750 9
1463 16431 2
8316 11742 10
1831 15513 7
7471 11740 6
5664 13656 8
3348 12447 3
3933 6093 1
2348 12773 10
13836 14082 1
1281 10446 6
12823 14562 2
1658 1929 6
2124 3594 7
5725 14257 3
1359 16041 6
1960 5560 4
4756 10762 8
5896 10802 3
6622 9000 4
6215 10879 6
12282 12678 7
4728 16129 1
3597 5659 10
3488 7495 3
4560 11012 10
4596 16926 3
3863 12278 9
7452 13004 3
15724 16724 10
8844 10636 1
2718 4981 5
3496 9301 2
887 9454 2
10687 10942 1
2689 6291 2
9193 11781 7
3078 12000 10
8457 11649 1
1769 3579 9
4599 7429 8
6582 13112 5
7683 16141 3
5623 14534 6
9226 9275 6
1069 1152 6
1201 2353 7
1060 14441 5
10729 10824 3
4518 14081 3
316 14378 9
10912 13276 2
6823 15738 7
10265 14494 8
10625 10983 8
4605 11629 3
13807 13871 9
5916 6668 3
12962 14853 6
3021 13580 10
6941 13076 9
14134 14408 6
8051 15320 7
6695 14669 9
2789 6147 1
2913 10705 2
6322 15934 8
13480 13710 6
10866 14123 10
1999 12364 4
3093 16688 6
5288 14956 7
3608 12169 2
2260 5732 2
5375 15665 7
3731 4993 4
11060 15708 2
12374 14521 8
2488 3728 1
10382 13507 10
3288 5505 10
9319 10854 4
3327 14533 2
2231 3602 6
6541 11741 8
4898 10541 8
3310 6178 4
15017 15423 10
1235 2423 7
8977 14638 3
6818 16038 5
9324 14626 1
6293 12301 1
7328 9961 9
2514 15701 7
10658 16589 1
14575 15280 4
1903 5988 2
4251 5084 10
9088 14232 1
6831 8739 9
7765 16631 9
1805 4347 8
12795 14507 10
1715 6302 6
5114 13429 6
1600 6099 4
824 13701 8
7773 16856 2
3187 4358 6
5082 14864 7
1802 8554 5
1184 6047 5
2516 16761 7
3706 14325 10
9030 12993 1
129 14975 7
4688 6367 5
2886 10492 1
3879 9345 2
8686 14240 3
2374 14496 2
4409 8063 7
1654 2395 3
8810 16965 4
3414 11337 8
7936 8592 7
3967 16175 9
5909 7637 7
6547 8723 8
6503 11963 6
200 13443 5
630 9287 2
3308 8199 7
10612 10787 9
9022 11672 10
5013 11511 2
8613 8865 4
6363 8587 4
5361 12779 8
4814 10667 2
6132 14474 4
2787 14767 9
11180 13242 6
8049 10418 7
9103 14738 9
895 2659 4
6512 13879 8
8273 13784 3
12399 14283 1
3333 7342 9
400 3976 9
2863 4694 4
2724 14138 1
6204 7571 5
4310 4756 2
2812 16462 4
1647 1993 6
3397 11449 7
423 6526 4
7167 11159 3
3945 7586 5
15050 16474 6
3003 6475 6
3253 3646 2
12588 13059 2
85 3049 5
15531 15944 1
203 10352 9
9323 15834 10
5218 11717 6
4394 16573 7
1839 13839 3
4804 8953 9
5012 9311 6
8342 11118 8
2590 13734 10
6360 8250 7
2227 14467 10
711 8158 8
237 8765 2
217 5982 7
4963 7937 4
10966 14074 2
3157 3309 5
1397 15926 4
3045 12492 5
5472 11101 10
5302 13510 1
3461 8401 9
5033 12796 8
9723 16196 8
2586 15515 3
7095 10970 8
9564 15325 2
3294 6511 4
7213 12410 8
1882 14320 8
13316 13619 10
2195 10215 8
1049 9745 8
438 6061 9
9467 14511 2
5039 15945 6
7584 9428 8
2157 12156 7
4023 13972 9
7109 12769 7
15567 15891 10
2973 14702 7
8966 14929 2
164 13769 9
11612 16163 4
4420 9986 8
12442 12833 5
14998 15639 4
9440 13354 4
5682 12106 6
1746 10237 4
8785 13204 4
3609 11503 6
2937 12075 5
5434 7851 5
10444 11126 1
5223 7492 9
1116 2489 7
1413 14805 8
8473 15755 9
468 14743 2
9738 15619 1
261 16526 9
9033 15058 6
4545 11444 3
7463 11104 7
11977 12715 9
12195 12868 1
2920 12927 7
7018 13529 10
10090 10744 8
1045 16020 5
1660 6221 1
8224 13961 5
1576 3637 5
4271 7689 9
7139 10531 9
2763 8752 8
3243 6084 6
1587 9266 4
4036 4343 5
7836 10937 6
11085 11148 4
14970 15061 7
15038 16989 7
1865 15353 1
3274 5435 8
7722 7959 2
6873 9569 5
10240 15921 1
648 1786 3
3307 7381 4
6054 16859 4
12010 12630 1
7981 12782 6
6624 14388 6
6883 8102 6
2485 5791 8
10439 15762 8
424 15241 7
5892 12871 5
10470 14731 4
1067 14813 7
7715 9430 2
2355 11342 9
7339 9871 10
316 608 2
10628 14542 5
809 16370 1
5291 16436 5
4921 15574 1
15680 16692 5
2299 7500 9
12255 16057 8
16311 16687 7
15887 16085 5
2631 10962 5
1671 5389 10
182 12116 8
3550 7888 6
3548 15554 4
71 14871 10
15756 16613 2
244 4841 7
2430 3143 7
7012 14162 3
8691 15321 10
1793 9293 2
5815 14273 6
3997 4251 1
1258 4762 9
1432 4967 3
1423 8610 8
850 2328 7
8540 13636 7
2099 12099 6
4502 13661 10
4394 11539 4
5843 15968 9
12401 16737 9
6532 14201 2
294 15034 8
13110 15768 7
14216 14458 8
12890 12917 7
3694 11435 6
6897 7911 1
1834 12661 8
955 15422 7
3943 10115 8
3361 15057 10
12602 16221 1
7437 14331 9
40 11904 10
2152 7747 5
5271 7060 2
2116 11132 8
3660 9621 3
2268 12303 10
2419 6541 10
4157 8504 2
2428 4675 9
1629 3419 10
1175 16029 5
8943 16962 4
2665 8445 1
13851 15614 5
13832 15810 1
5763 8653 7
10109 12372 8
10269 15085 6
14524 15999 4
2799 15598 1
491 4384 7
10406 12092 3
2209 16213 6
3013 13678 9
2608 3969 3
11552 13698 6
645 8153 7
2776 11088 5
12702 13061 3
823 4876 4
1649 2611 7
11206 16796 2
10165 15080 4
1919 7128 3
2223 6196 6
1569 11120 1
6692 14447 1
8273 15297 6
2316 2663 10
5570 11768 10
3384 5932 7
6477 16975 2
5521 9191 7
11120 11238 5
5323 13743 1
12443 16905 7
1979 2093 2
10642 11973 6
14555 16807 7
3155 7334 4
893 6733 3
4909 15990 2
32 11357 5
2188 16454 7
881 4008 5
6490 16869 1
4021 16271 2
14075 14491 6
10194 12090 1
4377 11244 9
10127 16094 10
806 15393 8
11698 15171 9
4421 7309 5
2709 9178 9
2347 9263 9
8452 10465 2
4571 13706 5
2304 4376 4
9761 13292 8
643 9050 1
10925 12419 5
4813 9133 9
3450 11197 8
170 14794 1
4855 8137 9
10771 15259 7
8731 12595 1
4836 16374 3
1799 10388 4
14981 16375 8
1626 4321 10
10214 14418 10
3806 10022 8
18 9695 7
3323 10677 3
7914 15744 3
3289 5671 7
6996 7428 3
1572 12492 8
2303 3342 8
10265 13362 6
2268 15668 4
5175 5511 2
3323 15538 6
7702 13731 1
7548 11537 5
571 1261 5
42 12984 8
1205 15437 4
3426 14567 9
5154 15333 5
15218 15832 2
9090 9235 9
4185 7830 5
8336 12503 8
11830 14041 2
5489 15713 10
16459 16513 8
7770 11507 10
946 9424 3
663 13848 3
622 10584 6
1068 8070 4
5410 15464 5
3205 4981 2
4745 6691 5
12590 15131 2
8000 8874 5
3014 3971 8
2257 8270 2
7418 16129 4
7508 12354 6
2266 3944 7
14468 16216 3
4980 7975 3
4844 8705 4
5370 12424 3
8702 10778 8
8397 14217 9
7424 10601 9
5401 16918 2
9945 11991 10
6805 11539 10
9941 11204 9
4867 7216 6
4312 15399 3
7994 9917 10
7686 9100 5
2019 16609 3
11130 13321 10
10861 10867 3
5080 11620 1
5831 16927 1
4764 7199 8
3613 4484 8
1330 4236 5
4798 14614 8
3361 10262 9
3792 13345 7
4122 16232 8
292 16720 5
8883 10317 10
913 13016 4
14132 14835 10
117 8634 2
2018 3331 1
975 15998 2
2618 9011 1
1011 12410 3
8827 13621 4
3463 15880 10
908 7669 1
3400 14948 8
7271 13029 10
3417 7764 9
9910 10147 7
5068 11169 2
4576 9042 6
10168 13476 3
10061 16567 10
5723 12548 4
1496 7645 2
5372 10306 4
12485 16305 9
3762 13659 2
4800 6839 3
904 11881 5
4579 8402 10
8794 9152 10
5030 16820 8
5294 6879 2
1874 5246 8
6057 11898 9
855 9689 2
3571 15438 9
810 5391 5
6396 10765 9
5963 8489 7
1621 10676 3
1054 6433 4
6347 13161 5
12747 13479 3
5256 9896 2
2399 2507 10
5442 13552 7
7667 12738 1
2111 8052 4
7576 8092 6
3226 9167 7
11319 14901 5
2558 12088 4
13012 13708 2
582 3735 2
4944 11226 5
2189 4591 9
5181 14224 3
6220 16134 10
4867 9662 5
2028 5258 2
13630 14530 8
2125 6465 9
10680 16571 1
5936 9065 8
12095 14979 1
3681 16541 2
11335 14192 8
10113 11727 10
5070 7207 1
4697 13295 9
6244 8848 2
2726 7737 1
6583 15267 4
4443 8878 10
3830 3889 3
14105 14959 1
7846 13709 1
2341 3097 3
9091 13834 3
16586 16805 3
4831 11740 2
9933 11467 9
11168 15208 8
5007 16595 1
4781 5942 7
7627 8699 1
4723 11550 6
5553 11017 7
5146 10796 7
4850 13649 3
6839 14952 2
4760 6038 1
1276 9338 7
2346 8029 1
2481 10910 10
633 13435 5
6557 14451 4
5151 5209 6
8684 15649 10
4432 11045 5
1730 7201 6
5338 8845 3
8505 11270 6
8347 13852 1
2831 8518 4
8191 10248 3
445 9129 5
6054 16245 9
1395 6630 9
3984 16572 4
6862 13076 2
10132 15266 9
2976 5603 1
6035 8886 1
7845 13154 6
261 9730 2
1966 3874 5
1741 6962 1
6516 11038 4
2878 14176 2
4800 13083 8
12229 13066 4
11917 15806 9
1944 8621 4
3990 14001 3
3680 9583 6
7692 11440 1
12506 14266 1
2958 6404 1
10066 12943 4
7479 15630 7
2961 6470 9
100 7727 5
441 15138 5
1886 13285 3
4568 9804 1
815 8334 3
1215 15784 4
3296 4004 5
857 9425 6
11797 12518 10
5164 8439 4
561 10660 6
5106 9419 9
6900 8867 3
5107 7319 5
4676 7958 10
7623 9217 6
4665 7766 10
8829 11425 7
2652 10776 4
3728 13690 9
4780 14892 1
8323 10753 9
9494 9653 4
13953 15358 2
6648 9106 6
9664 13430 2
2101 9357 7
4876 16723 3
5957 6386 1
3276 13143 2
2735 10153 6
901 16676 8
569 10369 1
7963 10703 1
7849 7880 2
2626 9172 9
4713 14369 10
7825 13942 7
5103 7479 7
9779 15097 4
148 11562 10
12895 14830 1
5310 15678 3
597 9937 6
13564 14485 2
3350 8477 5
8571 13736 10
3581 15334 7
188 350 10
8743 12850 10
3570 3658 10
2794 8981 7
5626 14544 1
4892 10386 3
4470 10270 4
7670 13150 4
164 5008 3
3046 5734 7
7956 11563 6
7823 15306 8
1411 14948 9
3561 13345 7
5908 7579 1
376 5564 4
3334 12643 6
6991 16509 6
1831 11646 4
17 12027 7
4314 6564 2
1453 6072 5
2349 13174 4
2298 2648 6
3214 6008 7
3987 3996 7
1832 2346 8
54 5224 4
14385 16847 5
2749 15220 8
10130 11267 4
6038 13414 9
88 9149 1
1105 3108 3
5378 9406 7
14783 15157 10
4456 9519 10
10791 12382 10
3275 15904 4
11625 12508 6
10589 11652 7
1074 8868 9
8187 11557 10
10050 15276 3
11733 16744 3
3286 14921 6
3857 8487 6
12238 14608 9
8177 14250 10
5327 13031 3
35 1615 9
27 8042 10
3961 14089 5
236 6469 1
93 4158 1
951 7738 2
1251 7151 1
8814 11102 3
3969 13861 9
5068 12837 9
3723 5597 2
9869 16861 5
2478 7588 6
13416 14602 6
880 14109 2
4751 11973 2
6555 16073 4
4770 14915 4
8267 16617 8
10072 10777 7
14156 15133 4
3010 8093 2
4113 10278 8
2588 14475 9
4914 14678 7
8400 11714 5
2499 4096 5
10632 16570 5
13697 14519 4
5981 16733 9
8638 13980 2
425 1341 10
1853 8152 1
3597 14027 1
15550 15974 8
1650 10625 5
2626 12950 2
3167 6101 5
1606 16113 2
1262 11506 9
8749 15763 4
194 2132 8
12736 14291 1
4549 13854 2
2958 10498 5
175 12225 8
8640 16732 7
11669 12799 9
4896 10340 9
6073 11824 6
7765 12276 4
576 7386 9
6192 14197 4
4293 13489 5
964 6379 10
9801 16579 1
1311 6510 5
7984 16357 3
14121 14521 8
10965 16730 10
5483 6166 6
9006 12902 2
1380 10907 1
6997 9052 5
7341 8631 7
5237 11004 2
3524 4506 5
9402 15616 5
6975 11478 1
1230 16466 5
7529 10914 5
5589 9713 5
4718 6899 10
7141 13111 1
137 2691 1
5866 13452 1
9840 10343 2
9750 15916 1
5727 7156 5
10395 13663 6
957 16906 2
1481 13287 3
1319 9966 10
1895 11156 9
11390 13071 6
549 14339 2
3659 9202 8
1369 12885 6
8676 15594 6
6766 14060 2
2859 6685 1
12567 14461 8
3008 16319 6
9742 12074 1
3404 4943 5
5827 9617 9
2875 4314 2
1824 8961 10
947 11999 10
7969 8172 8
838 1950 1
11555 12252 7
3077 9718 6
1807 9520 6
10424 16148 4
12037 13866 9
5058 16449 1
3784 4449 7
12040 14807 5
12159 13985 6
9309 16303 2
11353 16153 4
932 8695 9
2554 6907 9
7523 8175 5
6420 14284 4
2712 13045 5
1909 15012 5
2686 10206 4
11855 13775 1
1299 15955 1
1694 15894 4
3889 10504 6
1668 11561 8
5673 16289 6
6181 11775 2
9725 13894 6
3725 14515 3
6083 14231 2
9477 13199 5
5030 10001 4
9544 9835 9
5428 10021 7
9242 10548 10
10095 14457 7
1913 14104 9
1187 4348 4
3119 14744 3
2833 4042 9
1543 11151 5
3674 12745 7
4428 8140 8
5469 10513 6
5484 11528 6
5670 10585 1
6260 16246 10
2601 5442 7
13040 13857 1
8904 12637 8
1667 16576 7
1579 8983 3
3595 4288 6
895 6004 5
4662 5389 10
3153 13943 5
9382 16927 10
4205 16708 3
4248 9823 1
1133 12660 3
6680 15029 3
7365 15860 3
5136 9604 3
12710 13814 10
1545 4817 2
1462 2494 3
7651 12964 7
1265 14066 9
7914 10316 6
6468 14787 5
10196 15997 7
1754 13730 4
5234 9248 7
5453 10282 4
1906 11028 5
6625 8557 3
8887 15336 4
10031 12523 5
4997 15138 5
9412 16128 10
5047 5462 2
5020 7862 2
13525 15861 6
2280 15541 4
3980 10703 7
9709 14967 4
2956 11912 2
927 16268 7
4270 9582 6
3212 5911 4
6066 11476 3
1928 13510 5
6240 9324 1
10076 11343 3
895 1539 8
5608 16099 2
1330 9739 8
7107 12873 6
9383 16668 9
2855 15438 3
41 12398 5
11927 15282 5
1456 5639 7
5826 9767 4
9180 14406 6
2985 7463 4
2237 10625 7
13830 16353 1
1037 16987 3
6964 9233 1
1277 13053 9
2729 13559 10
3531 16836 4
6085 6572 1
13815 16702 4
4904 8202 3
2838 5419 5
8991 15278 2
6793 14698 4
248 8913 7
5412 13638 1
6488 16407 3
7700 11482 3
3 562 10
2662 14966 6
1709 15754 4
3223 10262 2
4816 13301 8
7276 9074 9
3883 14604 2
2984 9388 9
2295 9180 9
11683 11921 1
847 9209 4
1548 11837 10
9468 12375 9
6443 11393 8
6338 6918 1
10911 15444 1
2912 11019 4
6939 15314 7
3483 16614 6
168 5306 5
13825 14409 1
12544 16655 10
14640 16241 5
400 1995 6
1236 6303 2
8893 13400 4
4380 5023 2
10096 13466 9
168 7125 3
1318 12843 1
6147 8023 6
2160 5823 7
6570 12406 8
3251 6576 10
3506 7456 6
5390 8818 9
7070 8265 7
2178 5388 9
7690 9010 5
5959 15881 5
11334 12017 7
9813 14687 3
378 431 5
3422 7800 8
11423 13967 1
2787 7149 7
1632 7165 7
2257 3427 3
7248 9099 3
3745 13215 6
1253 12268 9
10662 16216 2
2208 9904 9
13573 13826 8
7899 13102 9
8763 10921 5
105 9284 8
6224 7768 8
11785 12903 10
13293 13827 8
9263 12958 9
1249 8513 2
509 4607 4
1278 12274 2
8197 11282 10
3292 10014 8
9199 11403 1
9450 16555 2
6427 7174 6
3230 16771 9
14084 14330 2
201 10814 4
1155 13031 10
3790 6766 3
14266 15625 9
2931 3876 7
1066 14218 10
96 14594 7
2766 8306 2
1046 15344 6
10659 10668 10
818 12370 10
4210 9226 8
6638 8482 7
8368 8706 7
2683 6487 10
6011 15305 7
12985 16675 5
6150 14124 7
10628 12304 3
1269 2836 3
11675 13087 1
8984 9449 2
2931 12754 2
4665 10853 8
198 4624 10
6408 10017 5
7395 14854 3
828 8643 2
5565 12744 7
2358 8102 1
8782 11664 6
451 5518 2
15371 16527 5
5568 12660 7
1056 14727 9
10661 12690 9
12232 14988 3
360 5918 4
7601 10990 10
5755 15942 7
6318 11402 3
8451 11380 8
530 6558 9
4214 11817 1
5341 14207 5
9552 13911 3
1730 7404 6
2142 11525 2
2700 11649 2
11003 13966 9
2461 9842 5
1738 3732 2
3744 6801 4
7175 16172 9
7231 15841 3
6151 10171 6
4464 9529 1
1912 12768 9
4418 8136 2
4774 6324 4
15406 15465 3
8955 14446 10
4924 9603 8
2662 6158 3
3650 12896 10
8046 16504 8
5358 13779 6
2118 3821 7
510 13192 8
4600 14132 6
12519 12735 4
9666 12945 2
14441 16069 6
4856 10996 7
2936 9039 5
3560 6280 8
4089 11956 10
125 6578 10
9525 11565 5
1797 6564 5
1382 11687 1
13188 13718 2
1069 11870 4
2245 8744 3
12887 14414 8
739 11420 6
3885 15581 9
5822 6239 4
14206 14848 7
9996 15324 6
4319 12256 6
1363 2637 3
13732 16248 10
10527 16481 2
8861 12117 1
9860 14102 5
4492 6088 9
5603 5683 6
961 14866 9
789 11891 7
7908 15278 10
6580 8122 8
4378 12032 6
6927 15154 7
6014 7777 9
11560 14569 1
1501 4846 3
10555 16851 6
8474 13439 2
3211 9965 5
4575 15440 8
9411 11690 4
12110 13120 3
1657 1861 4
4299 5527 9
5304 12592 2
5297 10609 8
7495 11663 7
843 11703 9
5819 15675 1
674 9447 4
5196 12197 3
1087 8284 4
2036 4944 9
906 7991 4
1301 11313 6
5239 6921 4
10380 15914 9
7909 12631 8
10267 16579 7
2417 3925 6
14237 14604 7
7291 14774 2
7052 12131 4
428 905 6
9399 13305 5
7612 14246 3
4413 13583 10
822 13396 3
6363 11259 4
6038 15930 4
7807 8972 8
2273 11212 5
14093 14498 5
6059 12418 4
10621 10864 3
12937 16893 6
2603 8488 4
6877 10973 2
6518 10124 3
2560 10349 6
3181 11207 3
12151 14463 10
3117 14023 1
2755 10024 9
7716 13935 3
978 7455 7
4050 11308 4
6146 14991 4
11653 15817 2
8501 10876 4
3504 10690 9
7766 15745 2
8065 9964 2
113 9053 8
10501 13785 9
7022 14833 6
8618 12661 3
202 1765 5
2481 16408 6
5477 13409 8
817 16577 3
6742 8173 3
5356 11025 1
2896 11593 7
1853 12241 8
4254 10964 10
9087 11680 6
3141 13256 8
8694 10712 10
4727 7948 5
3949 16403 6
1233 5855 10
5051 11372 1
9612 15203 8
3853 5238 8
151 15865 5
7554 15081 4
10160 15750 7
5017 5405 8
3477 6328 9
4106 13072 3
12636 13318 2
10499 15722 6
4084 9768 9
10078 12499 5
6704 11486 5
7487 14169 8
7247 9777 1
2642 13467 1
2662 3584 3
9141 10062 3
2219 2997 8
7024 11494 7
15025 15336 5
1099 8105 2
4567 9429 3
9750 9914 4
1597 6776 2
7715 12327 5
841 15256 8
4445 4473 8
4818 14613 7
7034 16336 6
2957 5045 3
1817 4988 2
253 264 2
13747 15286 2
1311 1540 6
2147 16907 4
6416 9795 10
12711 15896 3
1705 8782 5
9979 12615 9
2162 12722 3
10995 11590 2
15824 16035 9
7596 8394 8
531 2869 6
501 10611 1
8244 11441 2
3727 10886 4
12523 16979 3
13006 15422 10
10984 15619 7
14032 16255 6
7602 12376 8
1813 11388 4
4698 14298 3
3349 16494 6
2510 10862 5
3498 12819 3
11531 12632 8
9100 9170 2
8647 16197 4
88 1193 5
6306 13538 6
3595 16198 2
4346 12293 10
10126 16270 6
9580 16176 7
6400 11152 6
12739 14574 7
11588 14656 10
6741 14042 5
4260 5594 7
6852 11194 9
343 7126 5
8648 9736 1
3707 11815 9
7649 11513 9
1869 9225 5
8702 14404 5
2278 13893 5
9661 13247 6
6141 9198 3
5922 9960 6
1036 14932 9
10003 11382 5
3841 16771 4
10355 13802 9
1197 11414 5
4007 16220 5
332 15624 3
1207 12584 2
13483 14168 7
3836 9331 5
14793 16781 1
3363 6747 1
11728 12223 9
11573 13328 7
5796 9034 7
2956 10478 3
6534 9491 8
348 7501 4
3574 7644 1
3621 10609 10
2533 10306 6
9624 12444 8
4441 5240 10
3998 4479 10
9703 10750 7
2621 4714 4
6902 11379 3
4534 14797 5
9986 11931 2
453 10837 9
5584 12485 9
319 1991 10
6251 9984 6
5830 9946 7
3579 7762 3
6066 8128 9
8298 16467 1
5435 15225 4
9697 9865 7
6210 15521 4
6354 10388 7
7704 15326 5
1587 12925 2
1729 11322 9
7435 8915 3
3792 12263 10
497 6316 3
5575 14078 8
5973 9341 4
7795 11484 2
3500 13703 1
3414 6698 2
7862 14955 2
1969 9720 9
1266 14526 1
2776 11900 2
14126 16424 9
6531 8576 2
3234 15945 9
14543 15649 2
14594 16775 9
421 2120 10
3054 3203 2
11920 13152 8
6838 12826 2
5349 16576 2
4068 11470 3
4836 7326 4
66 13395 10
11367 16424 9
7838 14848 1
986 14191 7
5083 9280 6
402 5831 3
1064 7810 3
10991 11648 3
994 6976 2
11592 12046 1
9317 12426 6
5998 10262 6
10493 11421 1
9017 14937 9
10206 14407 10
6244 16485 5
5601 16611 10
9370 13665 6
2541 15016 6
1491 3976 9
14116 15136 9
9243 9616 1
8594 14866 3
11100 11470 4
5201 14275 2
2754 14383 7
9298 16640 4
2203 14062 2
2232 9379 9
5820 11864 4
1385 4153 10
4349 9230 5
2740 13548 7
9663 13215 3
9546 15371 6
4913 12684 4
1364 4247 2
2282 6062 6
2105 12213 1
7546 14013 1
11471 11825 10
7923 11789 1
11882 15054 7
1179 1517 4
8637 10138 4
8315 13570 5
14520 15000 10
367 15433 2
5298 15501 4
7895 9138 8
4389 6154 10
7831 14808 4
5195 8142 10
39 9106 2
2400 9925 5
4094 12816 4
15387 16918 6
1688 13918 9
5001 7959 9
7567 15927 4
3835 16621 3
13097 13401 6
2558 7776 7
8281 10980 10
485 1315 8
1975 3747 8
8304 14382 5
2885 7648 2
1819 5235 5
4086 11271 3
570 3754 10
3121 11674 7
10381 14481 9
10697 15070 8
8572 12009 1
5208 16257 5
4868 14538 1
7249 15839 5
2221 4244 6
8760 14115 6
12129 15787 6
3990 13955 9
7183 14410 8
10651 10919 6
13676 13975 4
7785 8467 4
8553 16806 4
13313 13471 5
8764 9887 6
7245 16044 10
5426 7059 5
6890 13500 6
5058 12812 4
259 3180 5
2472 13358 2
1896 13983 2
3438 13286 4
7513 14285 10
1219 9183 4
6643 7798 7
646 13260 5
7080 7258 7
15871 15893 8
342 8239 4
5404 7528 2
2463 10933 4
6574 14402 10
4302 6252 3
4965 4990 4
2850 6849 2
14540 15404 9
1883 13427 7
5592 6865 3
3835 9667 9
13292 13590 8
5638 7056 7
584 15638 1
5763 10174 8
5841 8932 7
5284 8416 2
351 1163 8
6634 14625 2
5937 11981 8
2216 4206 3
8546 13564 8
14346 15009 3
1178 3277 8
3586 9078 10
11210 13446 8
560 1329 7
1831 12409 1
8597 12801 7
229 3646 1
909 7757 10
7411 14188 2
2052 3650 8
2831 3405 4
1803 14326 1
1310 3272 2
2315 4603 2
374 9680 4
3443 12495 1
2412 4555 3
14352 15660 1
9293 16065 8
3917 13779 2
6965 10754 10
861 16936 5
10310 12566 7
7259 10217 3
996 1727 6
10739 14021 6
4935 13941 7
7000 14666 3
1174 7033 5
7102 15201 4
7919 7962 7
6610 10804 2
5808 16400 1
6435 7321 4
3205 11146 6
10579 11300 5
2158 4771 4
67 10931 5
12275 12509 2
4483 11953 7
9591 14454 5
8741 13725 8
1926 5098 5
4875 12286 5
9064 10803 8
669 9628 9
9083 12938 4
5928 13465 2
3252 11129 8
7269 8238 9
1713 5049 3
5202 14076 6
6792 10043 7
7910 14405 6
604 15222 8
11746 15051 10
12 3063 6
726 16231 6
7305 9847 8
6698 8097 7
13544 15277 2
1741 14367 3
9481 14175 6
13679 14434 3
1946 13101 8
10235 16959 4
13863 15788 6
12419 12673 6
4544 15242 4
2048 16886 3
5262 11397 10
1256 9334 4
12864 14469 7
8195 9527 9
4045 7265 1
458 9292 2
10392 10478 7
3864 5504 6
9303 16549 10
6455 11494 5
10695 13771 9
3108 4989 4
8154 13610 4
5816 15379 9
3417 15888 8
5292 11808 4
15518 15855 4
6626 8338 8
10668 13862 7
1768 7227 1
488 8884 6
3806 9857 8
4199 10082 8
14750 15989 1
4865 5614 5
8724 16344 9
12926 13406 10
8102 15224 8
3285 15742 6
5612 16416 8
3692 9952 6
436 15640 6
8564 9424 3
12048 12168 1
2306 13153 4
57 14954 4
8790 14607 1
4091 4275 9
2825 15206 7
977 6013 10
1981 11779 6
8431 11979 6
6700 11296 5
12214 14507 8
14724 15536 6
11499 16776 4
209 10888 3
550 2703 5
7759 8980 2
7335 15163 5
12469 16269 7
985 11450 9
8704 11005 8
7043 13686 9
7459 11216 7
600 6368 8
5605 9305 3
4133 6742 6
313 950 2
638 12904 1
6018 6702 9
1498 5576 2
5255 10839 9
1390 2637 5
15546 16791 2
667 6617 7
5604 10307 9
5507 11621 6
5232 5953 10
6429 9016 8
9368 11133 8
1483 3136 2
483 8340 5
7307 9910 4
3886 5355 4
843 10431 5
10461 15609 2
13914 16048 1
971 14561 7
5931 14090 8
3145 4682 6
5674 9000 7
8829 15129 7
14572 16286 1
3080 7325 7
7532 16182 1
8078 8418 1
12309 15283 10
10065 16651 8
2608 14809 10
283 1274 3
10632 15873 10
8657 13013 6
4842 6326 5
13809 16638 1
2002 7753 6
935 14147 3
6403 9453 5
7677 15612 2
1083 15932 6
2548 12042 2
3467 3787 7
300 12543 1
3206 9662 10
5696 11145 1
3172 4022 4
4076 16075 1
2704 7357 7
734 6567 3
2815 10544 6
6248 15435 9
4308 11826 1
6651 8314 2
710 9656 2
2586 15095 8
14127 15138 2
1464 7146 8
8124 13927 10
2547 5563 8
4988 8840 1
1973 5090 7
8673 15483 8
8300 15173 3
5620 9517 1
8053 16028 2
10087 15636 7
5040 5712 5
2580 10510 6
1871 16492 7
7317 13825 10
10092 15436 3
613 3229 7
2461 15121 10
4703 13332 3
3124 7229 9
2196 15678 9
7893 10053 7
5599 10930 5
4113 13199 2
2103 3699 9
637 13565 2
2849 14350 3
9074 13961 5
7080 13373 3
6001 12320 5
5985 10047 6
3699 9040 8
12964 15117 7
9856 14261 7
2272 6003 1
7006 7737 10
6886 11592 8
933 8182 9
2408 4875 10
4354 6230 9
6041 13299 2
2550 5487 10
6696 7812 9
1037 11664 4
3147 12070 1
2959 15620 5
267 8574 4
5977 16434 8
2363 14159 6
844 910 8
6187 12122 2
10295 15112 5
9766 10455 8
2773 8664 7
14221 14254 6
4837 7134 5
1034 13014 5
146 8145 4
3168 8116 1
5126 8651 3
9413 15402 5
9066 14617 3
2272 2352 6
7537 14514 6
9268 16849 2
2395 5364 5
2779 2977 9
983 11064 4
2457 15454 10
7689 15911 9
6223 7916 10
287 3828 1
2529 13366 8
12346 12459 2
6676 9501 2
207 8433 3
8021 8540 3
9642 11911 5
4937 11577 6
8102 15271 9
3667 11923 2
4315 9858 8
860 1180 8
5728 14391 3
4824 6119 4
6303 10313 1
10732 13819 5
10122 13383 3
268 2521 4
1586 2325 7
1254 1647 2
11910 15460 4
11249 15809 4
199 10946 6
284 4388 5
12520 16130 5
7714 12211 10
6932 9844 2
8950 13336 7
7654 14682 8
1613 12337 4
13952 16750 7
7793 14782 8
924 12284 3
9214 11709 8
2738 13487 10
884 9688 8
3339 14146 5
14066 15641 5
4896 8205 9
1073 14483 2
6134 10847 3
14301 15657 6
11710 12098 2
6430 16070 9
3195 13595 8
12929 14373 4
1357 9656 3
1655 7583 9
4836 9525 7
8804 10470 5
7096 11374 2
1895 9317 4
7676 14445 4
6044 15699 9
3977 5965 9
4474 8493 2
6702 13777 8
12331 14838 2
4817 13280 2
8796 10588 7
8254 9884 1
13408 16122 6
5958 12641 9
1509 6264 3
7872 8815 6
544 13950 3
5339 6860 1
3527 6572 5
5027 11972 10
7817 8839 7
9488 10309 9
3944 7211 9
1381 6174 8
1065 10280 6
82 11232 2
11351 14482 4
4628 6473 5
9108 11639 9
526 8695 9
15166 15258 6
1717 2415 2
4616 5784 1
1997 11067 7
9563 15309 7
11861 13686 6
5232 14382 2
1233 7526 4
362 7506 7
11207 15652 2
3584 3952 5
7842 11567 10
2693 15054 3
774 13814 1
1215 13861 1
4377 11847 8
2436 5355 7
6653 14795 6
375 9490 8
5719 9675 9
7569 16933 2
7370 15252 1
995 1898 4
4307 6369 5
3697 15449 10
3034 8686 6
5843 10262 7
11754 12962 5
2984 8463 9
7906 10276 2
3782 6129 8
4428 12393 6
1187 14378 5
1762 13095 2
555 2994 2
4403 12987 2
2520 6656 10
11945 13297 7
5647 6720 2
4662 15384 4
5996 6380 5
15085 15936 1
7828 14072 9
6983 7481 10
8620 13483 4
5999 7503 3
9821 9911 2
5826 15753 1
5550 6398 6
822 3247 6
2266 12282 10
8626 12069 8
13545 15783 4
7865 14072 9
965 10897 7
8162 13974 5
7906 15718 5
5060 11951 8
7653 13279 7
402 5554 10
10621 11537 8
3619 9612 7
1950 6961 7
5020 9602 1
835 11314 6
13154 14262 9
622 3971 5
2303 15832 2
1769 12452 4
2487 8758 9
6267 16152 2
957 11053 9
4234 13521 8
3167 3406 1
5526 7021 9
6502 15504 2
2541 16207 5
552 10217 2
9260 14565 10
11944 15407 6
3617 16586 6
3634 11634 9
6382 13088 2
3085 5971 9
12644 16346 1
5236 5900 8
6962 9454 8
6366 13362 2
9539 9785 9
4403 10241 3
7942 9533 4
2803 13778 9
6185 14324 7
394 6269 9
3962 10092 5
6674 11359 4
13194 15342 7
5989 8308 8
594 7156 5
4610 6602 5
7464 10744 1
3303 11669 9
7600 12767 7
2367 4557 1
13557 16048 2
5751 10053 5
4346 12444 5
174 598 5
290 5560 9
7698 12794 8
11553 12316 4
2423 8637 5
5756 10793 5
4580 7792 1
3258 11487 5
6221 12968 2
2500 8204 4
2101 3759 1
8190 9478 8
964 2643 1
9146 12333 3
780 7361 2
10245 15393 10
13753 14068 6
10160 16829 2
6467 14734 3
6031 13564 4
1614 2767 5
6335 14318 10
4420 11553 6
4773 8789 9
6089 6506 3
3580 12555 2
3378 3838 1
1085 8912 5
7214 10837 9
4132 11498 1
291 12782 4
3340 3481 10
14297 16032 10
18 15359 9
7124 8491 6
14165 14698 1
2129 8323 4
1976 13106 9
2233 5158 7
7504 11235 1
349 12447 1
10735 16288 1
6848 8972 1
772 1837 1
4134 10548 4
5090 15640 8
8747 9255 5
3623 13582 10
1069 14135 8
5975 8607 1
3301 10709 9
6809 10932 7
3912 14451 6
5866 6364 9
2012 13975 3
3633 4822 6
3342 8914 6
3941 12166 3
2433 13480 4
6556 15563 2
3463 13416 5
3264 6838 5
12172 12248 8
667 13957 8
6086 10080 7
4466 7862 7
1956 7271 3
5679 8544 6
3565 11767 5
2750 8716 2
6053 11191 2
7098 11604 5
9668 16675 1
12902 12934 10
5968 13208 3
7842 8951 8
5261 15295 1
10411 15336 9
7284 15059 6
9820 13932 2
1951 8835 5
6259 14118 1
7234 10403 8
3022 11400 6
4197 10165 6
5541 15092 3
8095 11701 10
11615 14956 7
1487 4199 9
11494 14533 6
2701 5672 1
8345 14071 8
6285 6908 9
9844 16552 9
2556 12706 10
747 10012 2
4081 13289 4
5174 14475 5
8996 9099 4
6193 10195 7
9323 16642 1
5244 10457 6
8648 12740 8
11160 15281 5
7024 7333 8
544 5285 1
946 2982 7
1836 7278 1
1284 3910 3
8644 14431 10
8009 16873 5
12109 15394 8
8361 9791 1
12036 16991 8
3716 14818 3
6068 9912 9
8524 11765 4
947 13549 3
1672 4559 10
6232 10007 7
989 12387 5
7135 10002 1
7923 14435 2
2811 4490 1
6857 11751 6
2492 8429 9
4025 4132 3
9975 13138 9
2989 14264 2
753 14490 6
6231 12829 7
436 7475 1
3146 10998 3
3709 15645 5
7249 9014 6
12057 13049 9
10334 15257 7
1061 11734 10
5635 7123 9
2905 4820 3
4527 9495 10
6779 12975 4
3495 13756 2
12242 14623 1
4379 11730 9
6142 15154 7
6498 6504 10
6772 16244 10
4569 12786 1
12396 12924 1
2544 6261 7
8108 13936 5
1601 7509 2
12037 12743 2
9739 11960 10
3542 13662 8
645 8480 5
4159 6495 6
156 10960 4
5778 9910 8
10269 11387 7
9038 11383 8
11213 12964 6
1305 4064 8
7804 13689 7
4467 8096 2
7697 13754 9
1206 7902 4
1005 12551 10
6023 15840 1
4687 7265 6
9255 12475 3
2103 10888 2
6672 7328 9
13318 14213 5
4741 9763 1
10125 11636 1
13943 14797 3
8011 10002 2
10145 10634 10
912 10846 4
3202 14443 4
8198 12903 9
3103 3344 10
8253 16177 6
5621 10479 10
8029 16880 6
4156 9975 1
1463 9648 8
1141 11604 9
12640 14809 3
3698 8576 10
12403 13775 5
8999 15761 7
8585 12757 2
11429 14323 4
7339 10216 1
2959 11376 5
7841 8769 3
8919 11655 7
5461 14368 7
1515 7675 8
7569 13676 9
2132 6285 2
13137 13909 10
10390 12903 9
5435 9366 2
2602 13664 9
456 8749 9
6630 6860 6
7136 15552 6
9236 12302 7
7219 8008 10
1909 15734 8
8514 11172 3
3024 8147 8
4887 10220 3
2157 5650 1
10497 13378 2
5501 14384 5
11573 14585 1
1235 10304 4
3073 11307 4
2855 5153 1
2303 13877 8
567 12141 3
10055 10309 10
2194 15042 8
9854 14852 5
9798 16679 4
8027 9816 7
2716 15564 4
3846 8827 7
738 10609 8
1182 4730 7
6311 15019 7
4698 11495 10
4404 7044 2
4767 13430 7
8472 14712 8
2102 5731 2
345 15968 4
1529 4995 6
11787 14125 5
2265 9984 6
9169 9356 3
2498 10401 4
80 6575 6
9816 12690 2
1006 9252 4
3215 13414 2
10153 11296 9
12983 14403 6
175 8149 1
7479 10335 10
10734 11853 8
5815 9502 5
6817 9001 4
7565 12629 8
1881 4142 7
2902 3645 6
3706 12892 1
1728 12903 6
10973 11053 3
5552 6401 8
3592 13805 1
4245 8265 2
3755 11138 2
6767 9668 9
11346 12040 8
8465 13927 4
601 5409 7
6285 13511 2
11285 16723 1
3389 4003 4
3727 4349 7
2714 9590 1
522 10311 3
6726 15636 3
363 15623 7
3034 12884 9
6782 13513 8
10598 12519 1
8728 10799 10
5110 6567 7
9001 14651 10
10292 13970 6
4912 6905 4
1834 4868 7
2265 15869 2
5628 5764 5
9312 11880 9
6860 7880 7
4322 12088 10
7366 14696 8
9841 10650 7
2903 9852 3
6179 6328 9
7571 11031 10
9835 11719 2
2781 15517 1
3754 15073 3
5000 11970 7
3972 12013 7
7843 14626 4
1481 3695 3
4230 12847 3
2655 7966 9
13350 13354 10
15410 15575 2
1014 16685 3
10127 13615 10
5926 11533 6
13886 14525 7
9175 12945 8
7001 9469 9
4776 11892 3
9155 16487 3
4259 5121 1
12073 13225 6
1661 7616 8
270 12848 7
2740 3692 10
1168 15678 8
2155 7252 9
6256 13472 9
7220 15218 9
4554 9059 8
4977 13184 4
13738 13980 4
7942 10787 1
4619 6485 9
11351 11414 6
369 2995 5
5597 7829 8
1826 5864 10
5646 8880 8
6252 12037 7
7642 8864 4
1224 6101 2
13774 14908 9
9209 10146 8
3080 15207 4
7123 9022 10
2632 3613 2
9224 16898 9
518 13818 10
3674 3982 7
2850 13447 1
12016 13808 7
10206 12764 5
14752 15760 9
1666 13082 4
3978 8275 8
9252 10979 9
8673 10530 7
146 3354 3
7571 13831 4
3744 6625 10
2624 16118 3
2141 15174 9
12913 15422 6
590 918 7
3693 5739 1
4535 11120 5
7409 11441 8
5544 9319 3
1031 9008 5
4643 11293 2
3367 12789 3
11989 15994 8
8519 9931 1
777 8293 4
7734 15066 8
7975 13830 4
9429 11551 3
8475 10671 10
197 15394 6
7279 11397 10
9038 13837 9
1457 10498 9
9363 12858 7
6887 12086 9
3861 4797 2
2787 6719 7
9985 14380 1
5730 8748 7
6514 6987 8
4496 14698 6
2697 8455 2
6494 9184 6
5097 9622 1
9963 14388 9
8963 16569 3
9909 14864 6
5191 6115 1
9221 13089 4
1562 15455 9
4941 7359 7
4096 16729 3
2655 3464 7
341 13809 7
10966 16759 6
1294 13615 2
4955 13968 9
1794 8575 10
4072 7309 10
5428 13716 10
1440 12123 2
4921 14552 2
6317 12735 2
359 8209 8
3011 3856 7
12368 14824 7
61 8417 9
1496 1695 6
6201 9575 6
11114 11732 8
7201 9181 5
1541 15392 2
5757 14133 5
13734 15761 5
1187 10075 8
14466 14870 5
11652 14516 6
3626 10892 3
7330 15328 6
3519 8391 2
13143 14387 7
2250 13907 10
8378 11516 3
3235 13091 3
6339 9764 5
3475 8207 7
5781 11774 8
5506 7365 5
983 11841 7
2868 4952 1
5363 6158 3
4328 16690 5
8324 12099 8
6213 13849 1
3310 11819 10
1876 16396 2
3453 8794 1
371 12367 6
12248 14702 8
10824 16857 4
587 9722 7
550 9411 7
3119 13799 1
13296 15579 2
3985 14137 9
4318 9203 9
11279 13417 2
9057 14976 8
5143 10044 6
2715 14194 5
5071 9212 3
4551 13134 7
10391 11253 7
4413 11724 4
1608 6575 7
11088 13152 9
11581 12714 10
8250 11780 5
8745 12465 10
4291 6395 5
9014 9874 5
3197 8445 4
6983 11887 10
7276 10665 3
2866 10244 1
5895 8099 5
7538 8872 3
2525 8803 10
7241 7297 4
9369 10522 2
4565 9431 3
7320 13398 9
14362 14488 8
357 6879 2
9062 14986 10
6635 8484 7
125 8920 3
2600 14054 10
4905 15563 2
5853 16652 7
12438 13388 7
1596 6453 2
60 15244 7
3704 12317 3
1566 14709 4
3152 9772 4
80 4767 4
3128 13622 9
8181 14823 7
3589 8991 1
8864 9936 5
1896 2762 6
10687 12762 1
2388 13270 5
5275 16410 9
785 879 8
1707 14902 1
3503 13659 3
9236 9843 10
853 6022 8
4100 14910 7
5006 16477 9
5524 10613 10
6410 15669 9
14909 15226 8
3195 8413 1
420 2916 5
744 1737 4
544 16936 3
7128 12063 8
3279 3628 4
5350 7052 9
4496 6068 10
279 5178 2
600 5530 3
949 9545 10
616 13423 8
259 2026 2
399 9309 1
1737 13254 3
4389 13077 8
6446 9532 5
837 10283 4
5106 16707 3
6482 10657 3
1148 7418 6
14116 14788 4
9557 14173 9
302 15057 8
1011 5324 5
4519 8874 3
9339 16357 10
6811 16348 4
3142 14844 1
6671 12597 4
2561 15932 5
4310 6884 2
6816 15460 10
12346 14920 4
3383 16042 2
5571 10066 9
7199 12258 5
6881 7371 6
188 14367 10
6734 9372 2
5314 6604 8
3982 9490 10
8508 9893 6
8330 13519 4
11470 14391 6
1097 10640 4
11108 11175 3
5267 10708 1
3646 12867 3
11954 13845 9
7817 13772 5
1277 11841 1
6023 6838 2
8871 15196 3
8163 12634 5
3293 11803 3
11095 12522 9
2950 4873 3
1571 13259 9
4099 8909 7
10821 15851 8
5651 12242 1
14058 15811 10
1911 7909 8
7641 9905 1
292 10328 9
1225 2445 8
13900 14655 10
15289 16063 7
1276 9612 2
3485 9030 1
241 10674 5
3870 7915 6
563 14927 9
9408 12815 2
9276 12564 4
12587 14201 7
546 4265 8
3473 3659 4
4666 13154 5
5934 12572 1
651 9733 7
11167 15749 7
4680 12092 6
6532 6610 10
423 10980 4
4777 5230 9
5223 8557 4
11913 13999 5
9351 10099 9
10446 13289 10
3052 12292 6
14032 15348 2
3918 5047 10
8977 11633 9
3448 14887 10
3730 7023 6
149 1552 3
5573 9245 2
5558 14477 4
4426 9446 6
1991 2118 2
1144 3643 4
1912 15607 3
2003 15045 4
6602 10583 4
5022 13137 10
5430 12015 1
4835 5007 10
2668 8217 9
9 1520 10
12118 13233 5
1733 6110 8
5148 14180 9
10122 15782 4
4865 14681 8
13694 15347 6
7954 10321 1
2435 5254 8
13813 14392 7
2023 13973 1
958 3771 5
6093 8724 5
535 12174 8
682 4605 4
3558 11486 4
9399 14132 9
907 4605 5
2654 4986 4
11710 15411 7
7846 11413 9
4983 7885 7
8912 15212 7
2744 7078 2
86 7205 3
1745 14926 5
10413 13320 6
4316 5920 9
7607 10985 7
408 3911 7
12402 15733 9
3471 15653 8
5298 10655 2
5968 15106 5
3220 10601 8
15166 15531 1
6260 15359 7
5704 16410 3
10540 13525 5
5592 10767 3
280 5916 2
3305 14311 7
8097 9044 9
10089 15707 2
6057 9148 7
11830 14114 1
4869 11037 4
3926 8674 3
4874 9829 1
2107 5390 3
5443 9541 7
2256 14139 10
1028 3470 1
7404 9738 8
6797 12678 2
6937 10368 10
5137 9299 9
5668 7214 1
8598 16600 5
1197 10735 1
4320 12539 4
12770 16948 6
752 14827 3
5383 6155 10
2968 9798 4
8765 9631 5
250 3445 2
1340 10358 8
686 11924 7
966 11476 4
14322 15192 1
2763 7314 1
4321 14669 10
3563 11228 4
10824 14738 7
10074 11018 3
2580 12167 8
514 15367 7
5191 14124 7
7963 12751 4
8628 15452 8
824 5761 6
1241 2889 9
2049 6373 8
9479 9583 1
39 1131 3
6500 14896 6
8820 9466 3
431 1148 3
2511 12450 5
135 12005 5
2480 6759 1
5974 10346 2
876 1174 5
417 6236 2
2199 5614 1
6835 12211 2
927 7488 6
6432 12003 9
6198 14485 5
6587 8261 3
8158 11103 4
10128 12904 4
943 13981 6
6414 12145 5
6906 14664 10
11028 14176 10
13637 14938 8
6781 13926 7
3773 14337 9
792 2907 6
1761 11851 6
1169 6699 8
1776 15433 2
12709 13583 4
530 11248 2
3106 5560 1
5046 13817 5
3021 10443 8
19 15546 2
1649 8386 9
10826 11881 10
9307 15515 9
578 14158 7
13276 13634 10
1102 13758 4
4175 8304 8
709 2771 2
2912 3451 1
9599 12153 2
5682 13054 5
7905 9780 4
4675 4809 9
377 10912 3
5756 7836 8
5855 11456 2
3611 11894 10
7106 10373 10
207 14140 8
3323 11421 2
9958 12574 8
1924 3828 4
2322 8184 3
6791 12172 1
8403 12593 6
5742 11209 4
5637 10314 2
2376 6039 7
8405 13029 7
7023 12263 6
13094 15730 8
4378 8781 2
3782 6052 7
8572 14644 8
4235 11611 3
3706 6970 2
1221 13906 8
451 6625 6
6512 7160 7
5251 7030 10
3910 9557 10
3969 6824 9
6083 7546 6
1138 6670 5
7922 13772 4
1871 10671 7
606 8132 3
2279 8741 10
12711 14043 10
9546 9566 1
5569 10878 4
6820 9721 8
4802 13662 2
11843 14845 2
8547 12813 4
286 8460 8
4445 16059 4
1600 1862 7
8531 11695 5
7755 15136 1
6087 8666 5
6874 13228 6
7129 9520 10
841 8313 5
600 7290 8
5896 6913 7
5894 14253 4
10493 13897 7
7584 8298 5
7331 9197 9
736 1983 9
554 8710 3
5168 6358 1
2864 16817 9
9775 13012 1
5995 9607 1
4280 7254 1
8124 11672 5
5143 6976 9
2205 8310 10
755 5824 2
2340 13481 5
12139 14781 3
583 10935 8
4849 6005 8
4791 11767 5
2254 3358 6
7817 16334 6
47 4945 2
4590 6862 3
2366 15673 3
3848 11600 3
4799 9623 4
4679 10752 8
6426 12869 7
1521 3800 9
4956 13717 8
4054 6279 6
9568 11892 8
3966 13685 10
1729 9310 9
12981 12989 1
7736 11476 8
1042 4884 9
15952 16782 2
1530 9095 3
5614 10299 7
11265 11964 9
5330 12985 5
8152 13901 7
4521 5663 6
7700 14169 1
7645 12400 5
374 2111 2
7762 8828 1
3831 11077 6
4819 8490 8
3774 14754 9
4572 7916 2
6130 8079 1
3181 4294 1
7496 13057 8
7239 14870 5
137 5796 3
1011 9180 10
2158 16067 10
6773 10297 6
5235 5567 3
13758 14242 4
704 4228 8
4694 10700 1
2386 8227 6
592 13820 2
976 5706 3
5570 15672 5
2299 3071 1
700 8230 8
9404 13651 7
4271 9243 6
8431 10561 6
6389 7377 3
229 9913 5
7886 14061 2
8169 15129 10
7555 9772 8
7193 8783 4
1645 7900 10
5297 13717 9
5648 15974 7
4890 8407 2
508 575 2
4650 13216 8
4895 5492 8
3910 7087 4
7430 13133 7
5624 12251 8
5957 12883 2
2671 15222 4
2492 15437 3
7669 14984 6
14285 14963 9
2891 7852 6
82 15507 5
1142 11429 4
5198 16807 1
2116 14658 1
12427 13642 6
1776 11373 7
8690 11752 7
9793 10837 9
12059 16440 3
14490 15618 7
1189 14914 10
7185 10936 9
2298 9232 2
6723 10668 3
13152 13472 2
6284 8642 2
8508 15005 7
2893 16928 6
3781 9988 7
3077 4705 2
4686 14302 3
3051 10391 7
11816 13831 7
11848 13857 10
3080 3179 9
7973 8667 9
3884 7603 3
8755 15152 9
9877 14817 3
5083 8688 5
44 4091 4
761 13900 1
898 13891 6
7966 15232 6
8932 15139 7
1941 7572 9
7798 13890 4
703 9950 3
4249 7764 10
3783 13588 10
10335 14709 6
1658 6975 10
2728 8462 1
5462 13343 4
701 7685 4
2855 8802 1
11291 14261 1
2162 12334 6
11330 16155 1
6610 10381 8
13319 15432 5
5293 6676 9
1131 5538 1
4861 12075 1
12386 16740 2
8400 14796 2
4154 10073 5
807 3240 4
6775 12267 5
8816 10913 3
4398 6520 6
9731 16536 10
9864 15845 2
41 10302 2
6063 15243 5
375 12701 7
1689 12058 6
8216 14313 10
8729 11305 6
6426 14226 5
10153 14566 7
2488 11263 5
5741 9319 4
2635 15096 8
1875 14473 1
7085 15431 3
4864 11688 10
1658 8392 1
4232 9026 9
9744 10629 3
3498 8217 1
1885 8522 8
3663 14005 1
6711 9786 5
8120 9558 6
2449 16195 5
804 11446 5
4613 10220 10
1913 14002 5
3655 13104 6
5146 12542 3
10816 13846 5
5657 6368 9
836 5229 1
1490 13427 9
342 966 9
5996 8510 1
7998 12701 10
3931 5242 8
3868 14196 2
8508 10606 9
380 11586 1
1858 2347 10
3398 7642 9
4730 13348 2
1232 8665 2
4009 16391 4
6916 15175 2
4054 9256 6
3040 5279 4
3398 7997 7
9039 10590 9
4155 14026 8
7131 13373 9
9215 16086 4
3976 4383 9
5713 9684 6
1389 15641 4
7603 15777 9
6041 10492 9
6913 10990 3
4134 12851 4
1914 7342 3
9647 15375 7
7057 13705 5
6304 9062 5
10816 14091 6
8686 11363 4
9185 11063 4
671 3299 1
12907 13786 5
10063 10240 3
4748 9235 8
5429 14758 4
193 9502 9
6099 12719 2
4836 14339 8
2721 7217 2
9335 11785 6
3345 6294 4
9415 11888 9
27 9725 5
7408 9722 4
3580 10455 3
9661 12934 5
9390 14388 9
14346 15837 4
6800 10788 8
13847 14915 6
5036 5997 3
71 11626 3
479 9620 2
2041 3049 7
10765 11921 2
9211 12865 5
15207 15546 7
9177 15276 7
7579 12093 9
10849 15143 7
4427 8177 3
6624 11137 10
3780 5108 6
3845 14840 4
11541 13770 7
8016 12233 7
2624 13593 9
2114 13026 3
5 2603 4
15552 16872 3
371 2548 6
6899 7018 10
4012 8675 1
8412 12348 3
2603 6788 8
3385 12807 4
3256 8351 4
8594 11691 6
1675 12510 6
6899 8023 2
8828 15270 8
6011 9370 5
766 14479 3
4984 5569 9
13476 16183 2
9137 11075 2
4009 5486 8
4574 5000 6
7610 14464 9
4466 9912 1
10000 10975 3
4080 8219 1
10693 12136 6
4928 15270 5
270 6408 2
9146 14933 3
13036 16954 7
8215 15354 7
3065 6463 3
1293 8766 2
1354 15253 3
5530 12087 2
2224 2583 9
12277 13259 7
14100 16808 7
657 4980 10
7808 13299 1
3816 8524 2
4649 6089 5
8536 15458 10
2511 6938 2
4292 4937 4
160 11319 6
9596 13362 7
4408 16308 2
6317 9088 4
534 880 9
4377 6206 10
10837 14502 4
6070 15974 10
4422 13689 5
7531 11166 10
5095 12094 8
10804 14257 2
4649 14772 4
6139 13062 4
11039 12820 6
2399 12433 8
10127 11496 9
958 4129 1
7064 12986 8
2417 14125 2
6886 13508 8
71 427 2
87 9172 4
1245 12041 5
1107 16778 10
4887 9020 6
8278 13647 1
1346 1630 10
6419 7080 10
2280 6907 1
3607 10977 9
10252 14134 6
8439 10799 8
6015 9831 10
6278 15277 2
8318 14421 3
1987 3792 3
4425 10418 6
11146 12992 3
324 6027 6
12107 12564 6
11191 13404 6
4008 4046 4
9921 11621 8
880 6644 10
11145 12677 1
5543 11793 5
8421 16126 1
5782 6081 8
6197 6934 6
409 2362 4
4998 12549 5
3461 12688 6
848 6378 4
6040 10650 3
15775 16811 7
5739 12607 8
2302 16125 3
5808 16428 5
4344 13722 8
7013 7790 6
4350 10467 2
13386 15908 5
420 3051 2
11882 15603 7
10634 13712 3
1641 16995 6
2739 4176 2
3084 8463 5
4250 4723 3
2863 13477 7
3872 8520 3
2673 4964 1
1557 2344 5
7391 9687 5
9618 12260 9
3424 15696 8
10426 14877 9
8894 14559 9
4319 15536 2
3261 11556 7
3438 6775 1
1663 2784 10
4506 9562 3
12453 14288 1
973 8710 4
6364 8448 4
9391 11492 1
5211 12417 10
6077 15463 6
7415 14778 6
8887 11724 2
7663 8042 8
5206 9507 2
1088 1796 1
7902 12536 8
961 4515 4
5335 5846 10
257 3565 6
3562 4069 1
293 12824 10
11811 15709 4
5524 14863 10
4769 8468 5
5169 16398 2
10206 14500 2
3970 5017 10
2729 11740 3
1582 4525 4
3097 4811 7
11711 14225 4
4629 13560 9
212 3214 4
10292 10809 5
10981 15375 4
1520 2911 2
322 14084 10
92 10375 8
7610 9952 2
3784 9945 9
9200 15009 1
12390 13617 8
4487 12147 4
7005 13711 8
5694 14014 2
2228 7506 5
3651 10462 4
2921 11348 2
640 11740 3
6604 9258 8
8332 14710 8
995 14850 8
2119 6450 2
11999 13371 2
8173 15607 2
935 5216 1
12418 13980 8
106 3638 8
6469 11873 7
1945 9714 6
2390 7903 10
1222 6094 3
13696 14882 5
14517 14869 10
1516 5031 3
9292 10687 7
4564 6438 7
5356 11713 6
258 14039 2
1391 7509 7
2873 3834 5
4530 5481 7
6702 9550 4
3669 8176 5
572 2893 7
11615 14204 7
1636 6987 6
2116 14804 10
11377 15660 4
10232 10589 1
6505 7467 1
14346 15434 8
3716 11194 9
13 14913 9
3725 15403 10
2916 15521 4
2731 5981 10
11700 13945 5
553 7119 10
8320 12457 6
10284 11874 10
7895 8088 6
1798 14758 5
274 5888 7
265 6436 9
1242 13311 2
3297 7349 5
7639 7807 1
9857 15560 6
12812 15169 3
3632 15543 1
1302 7111 5
11179 11829 5
8190 14764 7
5850 9905 3
13674 13810 6
5682 10739 5
2768 5161 6
4370 10870 6
3981 15743 1
12572 15669 7
12603 13379 1
14469 15007 5
8278 14538 7
1756 5585 2
7455 14587 7
10482 16839 3
10068 10514 7
12298 12447 1
3035 12086 7
7215 11705 2
1360 5315 3
9480 10499 6
9625 11529 8
1281 8482 1
4663 15595 6
13074 14308 1
4698 11198 7
7022 14611 1
2164 6963 8
6645 16517 8
6183 6786 9
3006 9169 4
5872 12892 1
5585 10094 8
4772 12274 7
13756 16410 2
4056 13254 7
3750 14641 10
3524 14169 5
7654 7769 6
4437 9656 7
1485 14511 4
10314 15966 9
6852 15569 5
5600 9435 10
5956 7121 7
7243 15382 2
13976 16220 5
1789 11531 9
2301 13055 9
8932 15526 2
3315 4888 5
7600 13735 9
5990 8424 8
5552 16365 6
5858 13989 2
10707 16204 1
14 13912 5
9870 13323 3
912 3348 2
4072 13526 6
3652 10673 3
2970 7733 1
13183 15467 4
4159 15670 2
8634 12137 5
6684 10499 3
3180 6825 6
1592 3369 2
4087 6471 6
1347 9606 7
8849 15100 8
3733 8420 4
1012 3930 9
7848 11427 8
4798 4984 4
3902 4780 10
9109 12209 6
1182 9101 2
7626 13712 5
7286 13669 1
13774 14085 6
10083 10717 4
707 7864 10
1903 5399 8
8424 11333 5
12963 13155 1
2368 12523 7
1768 2071 10
2121 9582 5
10605 11717 2
458 12733 3
10934 15381 1
6949 8804 2
2301 6355 7
4248 10007 1
6668 14297 3
13250 16839 9
14249 15580 9
2404 6606 8
507 683 3
14894 15046 9
7526 9734 10
322 10415 8
1558 1732 5
6070 12874 10
3866 14228 8
4412 9036 7
3647 11153 10
5196 8292 5
6703 8185 3
460 13319 3
9566 12567 5
7702 10319 2
8805 10820 10
895 13479 9
7985 9924 6
7512 13090 2
1123 8747 10
4954 11466 3
2671 5348 1
5065 15542 5
7228 9967 6
998 6237 4
2444 11313 2
7032 11254 4
8858 16779 7
6100 11762 9
2198 10286 5
13005 13430 8
6578 7366 9
7217 16769 6
10585 14955 3
2417 5052 1
7837 10825 6
5827 12792 4
3412 9121 9
2138 2720 10
1431 11076 5
838 13308 8
3177 12595 10
545 6299 8
13375 13809 7
5161 5764 6
352 2710 4
12103 15108 4
1190 15563 10
4862 16321 9
1262 9809 10
7455 12918 4
8775 14222 3
1851 5417 10
5653 6190 3
4238 12751 9
3361 4470 9
5223 14120 7
1428 8395 10
4397 15127 5
1467 9553 9
3920 11728 7
5260 12624 2
7148 9220 10
8933 10266 8
9222 12201 3
5571 8635 6
13099 13354 8
2948 4898 3
871 14397 2
3615 9487 3
5220 11847 9
14331 15445 9
6961 7555 6
30 5208 7
660 6509 8
117 6062 2
7385 14944 1
6001 13599 4
8448 16268 6
1715 6082 1
3286 15350 7
6765 11029 9
7219 12427 4
10448 11299 8
4556 16693 4
6765 14122 4
7671 9061 9
9971 14376 1
10263 11580 7
9404 13489 3
6880 13252 9
2566 9720 5
1891 14649 10
5342 16806 9
1597 9148 5
4396 13064 4
4415 4768 8
6487 12609 3
768 14809 10
2501 11264 7
10761 13507 5
9259 12975 8
2607 8412 6
8461 15577 2
2026 4317 9
464 7094 10
14323 16381 4
10061 10995 10
774 14380 2
8039 15514 3
3670 13219 2
3775 13472 9
557 15264 1
12008 12656 2
5866 14961 1
4434 15877 8
2565 15689 6
8508 9475 3
4823 15723 7
4861 6802 10
14153 14287 9
4181 9053 7
2141 10856 1
9339 15144 8
1342 7660 1
1967 7476 6
4679 5502 8
11295 12703 1
3018 14027 3
2463 3846 8
7359 10845 1
2765 7710 6
8109 15005 8
9041 15777 6
7249 15834 3
4472 9062 1
10456 12330 4
3854 10885 2
5492 7492 8
11026 14470 1
3589 6413 4
1995 14919 3
4725 9652 4
6279 13341 6
2582 12084 1
2789 7266 2
5622 9232 2
5471 12676 8
2982 12330 4
468 4143 7
7357 15242 9
1318 15182 8
9510 13008 3
3917 12751 7
5552 7984 5
3344 6347 3
6362 10353 9
7124 8230 9
3328 4188 7
7708 10943 5
4445 10946 7
7977 11986 4
10525 13318 1
4042 15094 9
2025 12884 2
6201 13261 10
7582 13411 4
3672 13861 4
570 579 8
4041 9005 4
1656 13649 4
10131 11384 9
4841 14254 6
796 10903 1
715 3568 8
2822 14257 2
8435 11114 6
8950 13043 3
4705 14181 5
3470 9808 10
4005 10901 8
10609 16898 5
9868 13951 9
1891 10560 2
12983 15851 6
9331 14033 9
9846 14615 2
54 8576 8
8748 14683 10
2285 13972 3
4395 10028 4
4853 8978 10
14229 16288 5
7631 16892 2
4228 6308 3
9188 16288 4
791 5649 7
3667 16058 2
107 2300 10
6954 10461 1
1128 1521 5
8794 13134 3
685 1807 5
7697 15305 7
1576 8214 4
2967 4069 5
12112 16897 3
2068 14442 7
417 10265 7
8849 11371 7
2905 2939 2
5654 6249 9
5019 8566 6
3049 11773 6
4265 9398 6
5040 16403 6
5015 6514 1
901 13150 8
1789 7381 6
368 7987 8
6845 8504 8
466 9174 3
7757 10040 6
6465 12813 9
11685 15178 7
11126 14888 5
4696 6922 4
1990 14264 10
2251 9613 2
478 1411 2
866 13251 1
12676 15677 8
1292 8353 6
1976 7038 4
14302 15594 3
968 11138 5
12236 13818 2
678 8935 9
7284 11432 2
2163 12583 8
2203 4995 9
2307 11126 5
7864 9382 3
2471 7944 1
13224 14127 1
4583 5847 6
4121 14529 1
1308 14126 10
1128 7751 4
11745 14053 7
3790 12874 3
7449 8970 1
9262 10782 6
7789 13458 10
5465 7062 5
1761 7547 5
841 10638 6
2406 16395 8
5729 7993 8
237 6867 8
6323 13628 5
1403 8013 3
6408 11122 10
10770 15625 9
15405 15932 3
6260 14936 5
613 10944 10
1264 13126 4
13553 14520 4
15102 15128 7
5174 8379 8
4226 6658 10
1606 13295 6
3119 3929 3
2468 3066 9
5785 7597 10
7288 7987 8
8435 14950 4
9841 16148 1
5942 6318 8
2150 9696 9
6818 11422 7
4666 15503 8
6196 9587 5
111 5592 7
10871 12903 5
2117 10215 4
2025 5772 8
13567 14291 5
9917 11898 8
7151 8016 3
3276 6485 10
10016 13132 2
5937 9786 10
327 5863 5
2630 4224 10
857 11749 9
735 6736 3
5745 6907 1
11627 12051 3
6546 14557 2
382 9257 2
9275 10999 9
1267 1319 9
7643 11493 6
110 3090 10
2144 9068 5
8631 15309 4
9081 14797 5
1459 7005 8
11868 15314 8
333 13448 4
3181 3512 3
7940 15180 7
6027 11871 7
10225 12980 8
2015 7708 7
2885 4447 8
7672 15484 10
954 15546 9
2934 8636 6
1235 4628 10
5895 11442 8
9739 11485 8
2627 4117 9
11659 13287 3
5500 12597 4
1734 5485 5
161 7546 9
2181 7218 2
806 8470 2
5294 7601 1
32 16511 2
7155 7997 6
2144 6638 3
1577 14812 2
6266 14734 3
11697 12211 7
4352 11656 7
2483 11006 9
6712 12880 6
7830 11333 1
7653 10379 10
65 15439 2
1428 9776 7
16707 16963 6
11862 15039 2
7638 12376 2
995 12815 9
3936 4587 1
2539 4165 2
8620 12580 6
5018 13379 2
6399 14609 8
941 10435 1
3009 14590 2
11039 12972 9
1271 7598 10
3760 8021 2
5443 13261 6
9848 12497 3
9396 11026 3
1174 14648 3
7524 11551 3
13480 13530 10
5476 14412 7
7547 10034 7
4121 7740 1
2250 14643 1
5826 11614 9
10224 11487 5
416 13421 5
4000 11151 9
9758 14636 9
9433 11128 2
3889 11307 3
3681 5715 4
6410 15199 5
9137 14545 9
8874 10000 3
9263 11085 2
535 11595 1
6255 8952 10
577 4439 9
6017 8413 7
3843 13121 9
1081 12340 2
7983 15341 10
7977 14778 4
5810 9026 8
3555 13276 1
1919 8479 5
12138 13853 8
1495 10971 10
1104 2569 1
5628 10351 9
9732 15458 10
54 5706 7
3382 6018 5
1518 9924 8
9176 12253 10
2265 12758 7
7979 11898 5
3955 4100 6
10818 13690 8
8325 15464 1
11367 15722 3
8686 13810 9
482 13859 5
4091 7216 4
1612 4426 7
4546 7006 5
6398 13234 8
1822 13601 6
9088 12338 10
457 14717 6
1718 16253 5
7700 16229 9
2453 7451 7
9449 16727 3
5526 14477 2
11608 15926 4
2285 6708 1
14420 16841 4
6697 14173 5
11220 13425 10
2488 10325 7
3550 13527 2
12228 14153 8
2895 16505 3
6536 13958 5
9051 12553 7
1641 6425 6
5700 7362 1
4507 6773 8
4034 5286 9
5739 14717 2
5849 9082 10
8394 14999 6
5863 6983 1
1165 4176 10
9654 12964 10
5250 7284 1
8125 15493 3
13626 13940 2
160 1398 1
9089 14022 2
13075 15156 1
9756 10945 2
3210 15846 10
3510 6274 1
12603 16896 5
10143 14241 2
2820 6089 4
2700 10446 2
4519 11461 2
2712 16332 10
10550 15471 8
12801 14114 6
1271 4067 7
679 11183 2
11881 12207 5
10208 16904 8
12465 14226 8
1676 5727 3
1363 2094 4
4602 12159 4
2467 6214 8
2233 10002 8
10627 15499 8
12599 14784 3
12204 12352 8
12663 13327 1
10129 12222 7
5476 15010 5
5183 8488 1
3523 14140 3
14529 14715 7
2606 3939 2
587 7891 2
2994 4144 9
3446 8003 9
2028 12217 5
6358 13079 4
3670 13006 9
8565 11059 5
5605 9254 7
787 11099 7
271 3220 8
2290 15320 4
5983 14659 3
3119 8947 8
7508 15014 2
4293 10763 4
2446 4886 2
1094 10984 4
8378 11343 9
4234 8283 8
2023 12128 5
8614 9066 4
3889 15035 2
2873 15219 10
7560 15030 2
6404 8031 8
6237 10643 1
13050 15680 3
3484 11724 7
15499 15523 8
832 12354 7
10200 16337 5
7252 8513 6
10069 16613 1
7257 7994 4
11941 14456 3
15439 15793 3
1529 9476 5
7706 11323 1
6408 13582 1
6046 12485 1
446 12193 1
6137 6962 2
699 12220 5
287 2971 7
13825 15612 8
7305 16784 2
555 15237 10
3074 15851 9
8291 15259 9
7465 13674 3
5858 6417 2
1780 4495 4
3427 4075 4
4402 10345 4
1774 13264 2
1960 5715 7
7556 7912 1
4827 13294 5
6847 13388 3
8168 8443 9
1921 12487 9
4002 12934 9
3475 13044 8
6656 8685 10
9682 13889 5
9945 12441 9
1938 15967 10
4224 15296 7
4229 13559 4
9226 12820 7
5236 9108 10
4079 4635 8
11168 15073 8
5905 9386 10
440 7193 7
449 9803 5
7289 11834 9
3143 16826 3
7561 9871 10
7283 13438 2
1396 8223 4
2325 7364 4
4383 4795 10
4359 10428 9
5131 12000 6
4019 7590 1
10385 12972 9
302 8458 6
509 11391 1
107 15256 1
10552 16209 10
2990 3538 4
1434 11307 6
2643 15748 5
6961 15723 2
1992 8608 1
2902 16843 4
13894 15134 5
6961 14743 10
2839 14734 7
5769 12170 2
4025 8836 4
11323 16811 8
296 568 6
2538 10651 4
2176 5604 5
6417 8439 1
1426 15677 6
6042 14161 1
3336 15147 6
11191 13641 5
3487 10056 2
259 14178 6
1691 4858 7
4520 13948 5
7184 13617 7
6149 8738 2
1542 11479 10
12706 16453 7
7752 15740 8
6186 11900 8
5998 6472 6
10542 13385 6
7376 13478 7
11086 11415 3
4418 9991 6
1670 11348 8
1301 13562 2
3356 11551 2
3978 8762 1
8514 15655 8
3374 13778 4
1359 5049 4
11369 16993 4
1068 9532 10
548 3346 1
10725 15196 6
34 4242 3
2232 6950 5
7879 13941 3
6903 13656 4
3374 16188 6
9404 11931 4
8635 10878 5
3391 10565 1
7073 13731 10
10135 14128 2
4548 6409 3
712 2177 1
12995 15644 3
5132 12608 9
8279 12769 2
6624 7553 1
6139 15773 1
9341 12420 3
7560 12149 10
2212 3756 1
1691 3835 5
8562 15357 8
1036 10709 7
11404 15390 9
2147 14452 5
180 5751 4
13742 16338 2
848 4941 10
980 13530 9
3350 11279 10
8728 10212 10
3157 15217 9
7457 8556 1
2411 11742 10
991 7483 2
10641 14228 7
4314 6726 1
8765 14705 4
692 2515 1
1447 11553 7
1682 1702 6
3755 6114 6
12029 15160 2
11648 15019 2
6673 16591 7
8977 14373 4
2777 11051 7
3482 5714 7
13240 16299 10
10946 11143 4
2108 12705 3
12833 13157 1
2207 15678 4
4592 15916 8
2575 4815 4
4065 15414 3
5605 7849 6
6061 7515 5
11957 16912 7
5349 14891 3
468 5476 6
3875 16724 9
6470 10962 4
10958 14630 3
770 14756 6
87 180 9
7286 14076 3
4295 11391 10
11547 11824 1
5606 11039 6
6752 9280 10
1953 16704 4
5437 5459 9
6623 11757 8
7686 10974 2
6497 10979 5
7750 11089 1
2036 6920 1
4555 11506 10
12520 15217 10
477 7402 10
14805 16042 1
12709 16866 4
7686 12369 5
3324 14914 10
962 14664 1
3444 13723 10
5703 15433 6
742 10629 1
2466 5404 8
9213 13884 8
1482 4936 1
42 11871 8
266 9035 7
11404 13465 7
3357 9814 5
7372 8124 4
49 3921 7
5442 6560 6
105 8025 6
1173 6971 3
3003 6593 9
5890 10731 3
5105 10782 10
1097 4227 1
5015 5759 8
9933 15122 1
860 1351 3
12250 14203 8
6900 12345 9
6386 10822 7
245 11409 1
7802 15265 4
555 14905 5
2712 6451 7
4999 10380 10
9613 15940 9
8868 11195 8
2001 8970 3
30 8712 4
545 8243 2
8379 9619 10
1341 13220 8
3801 9121 3
4538 8037 2
459 7555 1
12204 15228 3
12445 15390 3
4208 9842 2
1947 5484 1
6084 10200 4
3537 13584 4
8350 11816 4
3140 10800 3
33 1868 4
4305 15448 3
7757 16271 4
12778 15735 7
1101 5491 7
9682 12423 4
378 13190 2
7080 9707 1
15803 15910 6
1573 11407 10
4711 7905 4
2260 8274 8
8421 9922 5
12562 15327 4
8777 8863 4
2274 11218 2
2560 12667 3
1693 4684 6
1536 8753 2
6344 7592 10
1580 5314 5
9513 13105 7
3230 10470 1
8414 16558 10
2735 12868 4
13758 16102 9
4929 14227 6
12265 14969 9
6843 8173 6
4704 14979 10
2530 7485 6
8798 12212 1
2251 8541 3
6272 9776 9
8112 13706 3
14078 15631 8
1352 12663 4
6337 12317 4
7352 14443 9
9903 14037 10
4186 4903 5
8590 10654 9
5547 12937 9
2398 7304 4
2364 12210 1
12848 15626 7
4743 7705 2
1971 15174 10
5358 5528 3
3628 16061 5
4659 8639 4
844 1696 3
6373 7812 1
1207 15729 1
108 6395 1
5388 13666 3
7843 10314 7
2512 12045 3
12593 16567 7
45 9870 6
457 9843 10
9901 14274 6
5392 6627 8
6233 16328 10
1944 2030 1
1415 13094 7
489 546 2
300 432 4
7440 13618 4
1476 9286 3
801 11851 6
3249 10464 2
8571 14806 3
1642 9969 6
6431 15578 2
10874 16833 3
4181 7656 3
1304 16822 1
1706 15369 1
6909 14224 8
264 4860 3
1005 2120 1
6365 11323 8
9847 11539 10
2494 2556 1
3370 5275 9
10641 15400 8
12432 14731 7
48 3815 2
8116 11299 5
4985 5866 10
4116 11149 9
8408 14667 2
8958 11569 6
7043 12302 7
1469 3131 9
677 13748 8
1932 10665 5
2427 10117 7
10914 13291 4
1061 9622 3
8117 10248 9
10178 12857 6
1281 6786 4
3416 5120 3
10459 12825 9
2259 14571 9
1890 4892 7
4473 8173 5
10368 15109 6
3859 4437 4
5145 5912 4
724 7458 7
7712 16063 5
5237 9701 2
5529 13008 5
1508 1892 7
2678 2708 9
3242 7040 7
7036 12815 3
7109 9139 3
857 2025 9
10751 12648 7
4602 13892 5
6514 13912 4
3486 13212 4
1874 14896 5
5305 12549 5
3966 11144 5
1466 13258 5
3611 15136 7
918 2641 3
4766 10219 2
3960 6239 2
4578 10102 10
8150 13833 3
2014 13650 5
6594 8972 9
13311 13565 4
6601 12815 5
9083 14725 4
5300 8123 2
7299 16428 8
5158 15080 7
285 6470 8
3896 12325 1
7516 9692 7
5145 6562 3
2135 7467 5
6542 9287 2
2281 4287 7
1839 9857 6
10257 10344 9
5999 9352 6
7495 8083 1
3124 9100 2
1752 3523 5
5586 7469 9
9069 15215 3
6900 9496 9
7120 13871 10
198 15288 3
8831 9659 5
7642 9682 2
13675 15538 6
1799 13608 4
989 15087 10
12542 13482 8
5631 15678 3
1950 14378 8
11504 12571 10
11606 14065 2
480 12340 4
2472 7724 8
10214 11915 7
7412 10695 1
2713 3659 4
10171 15054 1
2745 9753 8
3326 9536 4
3448 4179 7
11478 16273 5
3079 11846 2
5781 15604 10
924 3812 6
10559 13916 8
3651 5428 7
5510 8131 4
469 15045 5
5019 14844 4
5363 9280 6
3005 5194 2
2156 13919 6
4668 9487 9
6364 10087 8
13826 15212 4
9867 16451 7
344 10988 6
26 10126 3
1225 1654 5
3228 16083 9
10421 14174 1
4116 6153 8
1560 10410 7
8688 9179 1
7130 8600 3
3648 4851 3
281 5047 2
160 9491 2
8307 14013 5
2533 9918 6
3566 14869 7
9132 13290 5
2836 5968 8
6444 13419 7
6994 14114 8
6481 6807 5
2114 12652 1
6851 7841 10
7437 9667 7
706 15475 10
5207 7470 8
5506 14413 1
5882 8126 6
14 8747 3
6071 11127 3
1034 2462 4
13966 14220 7
4564 14295 1
12127 15160 10
5339 14812 2
142 9800 6
5986 9922 10
729 13067 3
8845 14465 5
8912 12784 2
3339 14212 3
3585 8442 4
6594 12751 1
5139 11340 2
586 9508 6
902 4770 4
7173 11919 1
11949 15329 10
133 6184 5
7506 14050 10
11286 14699 2
2647 3482 3
3853 4224 1
11917 16585 4
3144 3604 5
7081 10229 3
9605 16360 9
5912 15837 8
4016 6346 4
10518 12986 2
7856 12693 7
12393 15068 10
4799 6116 2
671 10528 6
15153 16631 3
65 15214 1
11548 13107 7
11226 12125 3
8313 11307 6
3408 15461 9
5100 11398 9
4542 11709 7
1287 6824 8
4762 14804 7
4717 6567 3
1230 14805 1
431 5616 1
6070 12876 1
7476 7506 7
5873 11407 6
3093 5800 1
4101 6797 7
11169 14186 9
654 8765 3
3763 5105 3
10987 16721 4
6783 12873 8
10130 13415 4
1213 14435 3
1222 15849 6
1167 6251 3
894 10663 2
2933 5937 3
1298 12966 4
6263 10440 2
7041 7091 5
9995 14731 3
2164 12658 3
7128 15160 3
6491 10577 10
2311 11680 9
7174 15367 6
2860 9709 2
9553 9954 6
2107 11680 8
3105 15049 7
6946 10699 1
11292 12443 7
2379 6635 3
5424 7401 1
4922 15989 5
5613 9671 10
5115 5354 4
1161 12925 2
11649 16831 9
10500 13675 10
1525 1985 3
5302 11332 6
9439 12440 8
4531 16863 1
1733 16356 4
13248 15178 1
5153 6302 10
5807 15035 10
828 16547 8
12172 15243 10
766 16915 9
11904 13634 9
5227 5537 8
6511 8331 7
3148 11592 10
11727 16197 10
6320 15155 8
4762 5659 3
3412 4840 9
2012 3355 5
8202 11922 5
625 6856 7
3883 15256 5
8622 10332 6
6993 7723 1
3787 15920 9
399 14264 1
4010 12382 4
750 11295 7
1002 3485 7
2951 13207 6
3089 10004 10
4449 9384 10
10772 13317 5
5988 16654 3
9479 12136 10
5936 11653 9
6238 14241 6
3376 4297 9
7657 14477 1
4083 10467 9
1565 14804 2
2655 16011 4
2346 10727 4
13524 16294 3
6729 14956 2
5246 6442 8
6932 15154 9
956 4182 6
2501 12105 7
8432 11906 9
4762 8311 4
7358 8986 9
4613 13340 5
11335 16047 2
1773 13094 10
3056 12351 10
1287 4356 10
12720 14135 3
5283 5298 7
9920 12077 6
7388 11570 5
11868 15080 2
2456 13823 6
1573 6867 9
8399 10287 2
6873 9126 4
8090 15839 7
4634 4892 1
4507 15643 4
3029 5700 3
3911 14866 5
13856 14635 2
777 10295 9
275 15192 3
1738 6759 3
3190 4531 6
6811 13369 1
14128 16678 10
3832 11459 10
3728 8067 1
6159 6751 10
2318 6990 4
1793 8175 3
878 13940 2
10153 13082 6
3303 12607 2
8523 13464 10
225 3106 8
4042 10659 5
2101 13920 6
2332 3528 9
8692 12154 7
2699 8304 10
6993 15412 10
7727 14908 6
11004 12909 6
950 7191 4
11210 13487 1
2103 15897 9
514 6978 4
9447 11328 4
655 12687 7
4205 9710 5
8627 10652 3
5483 15703 7
11060 12896 6
1049 7088 3
4945 9967 10
5699 6880 9
3185 7107 8
8858 11752 1
217 4510 6
5572 10761 7
9424 14280 10
1041 14387 4
3624 13432 8
7897 10206 8
3427 7665 5
3370 13257 2
1439 10660 2
8582 16021 9
1263 9269 8
8347 13760 9
1525 9499 1
5039 5879 2
546 597 10
276 4823 5
4663 15781 7
8898 9913 4
1380 6393 10
3228 9528 8
6272 10414 5
3562 10081 1
12455 14538 3
2462 3102 3
4926 6604 6
7618 15175 9
837 2856 3
9387 15736 4
608 3440 2
408 11975 8
71 11574 4
3473 12213 1
4197 4841 2
7810 9019 4
6929 9904 9
12675 12792 7
7524 8654 8
2792 3333 6
1820 15163 4
8381 11355 4
7786 9384 9
12239 13319 8
10965 15084 10
2987 9248 4
1155 3646 3
7825 8822 6
1490 3512 3
14079 15702 10
4960 10409 8
12424 14049 5
15273 15292 8
489 12740 9
6553 10364 4
9596 11164 4
941 12444 3
109 5966 4
2248 10593 9
11051 12873 6
5378 8994 8
2470 15215 4
10525 14563 4
14433 16616 6
1281 2302 7
4950 5774 2
2415 13647 1
4397 15672 1
3620 11904 6
774 6059 7
12877 14339 5
3602 5914 8
8416 12823 6
1367 3399 4
6694 9218 9
503 6453 1
8631 15759 2
2923 6105 3
3984 11683 4
9095 14991 7
13458 15660 1
3758 9532 9
4552 10617 7
19 3603 8
3120 11512 5
126 8357 7
2258 6413 2
2084 7770 2
11294 11761 7
1478 10355 2
9267 14389 10
5484 6845 1
2915 9159 7
13020 13373 7
13158 16513 5
6294 8619 5
2321 7801 7
13305 15731 6
1381 15741 3
1006 14134 5
2277 3790 1
4131 11616 4
429 1686 4
5723 7491 9
10382 12824 1
3340 3461 6
989 7151 1
9226 13684 2
7725 11245 4
12404 14434 7
6242 12172 6
859 7992 3
10576 15044 2
1916 2422 4
3569 11897 1
8050 8498 2
6689 16373 4
4206 9783 10
6154 9428 10
3491 12348 10
5964 10261 6
3607 12951 10
8864 8926 10
8402 15081 1
9165 11083 4
67 6546 9
10013 15340 7
6726 15608 8
2551 9720 6
3116 5619 5
4017 6894 7
6812 13808 3
1696 6421 10
4097 9529 1
442 1753 5
5731 11375 6
10301 13756 1
1263 6005 6
1160 3582 10
287 8661 1
3750 9216 1
3476 9572 6
1774 6739 3
4578 6699 6
1693 2702 7
1095 13878 8
8281 12214 7
7165 14412 3
1804 3669 7
1545 13171 1
2889 16000 10
4368 16209 10
8463 14490 5
3314 7993 8
6429 16077 4
8833 16440 10
1683 4347 7
2775 9043 5
1330 11191 3
2002 9320 3
2572 10993 1
1466 1572 4
7156 12115 6
6769 12266 5
8010 9777 9
11783 12974 9
12583 15567 5
2037 16994 5
2549 14646 3
10158 14928 6
5983 16769 8
4816 9038 1
4040 11041 9
11882 13338 1
572 1544 1
10505 10613 3
2254 11375 4
9899 10680 8
8465 11469 3
2306 11828 2
9187 11051 2
616 6889 9
7853 11428 3
6790 15328 9
244 14275 10
3427 12579 1
8874 13801 7
6586 9721 7
8145 12777 4
13452 13828 9
2631 8388 8
3255 13420 8
2078 5222 8
11211 16052 3
9093 13787 3
4474 4624 5
9034 14378 6
4309 15458 7
6325 13729 2
4136 10646 3
3471 13841 3
1417 2165 1
1061 12586 4
5015 13813 3
4608 5867 5
3517 4356 6
10835 14381 10
4480 5827 2
2157 6569 3
754 13817 10
14592 16943 9
3023 5268 8
5556 10403 8
6752 13778 5
1601 12381 8
4249 10979 10
1822 15675 9
7330 12750 1
13153 15627 3
10860 15053 2
4319 9728 1
6454 9688 1
2426 14099 2
3525 5781 3
10487 14582 2
8114 8345 7
5054 15583 3
5727 13283 2
3536 12857 8
3873 12507 2
10692 12966 8
805 14298 10
2610 12954 3
7265 12156 1
12418 13794 6
4011 14778 7
5498 15875 5
1269 14433 2
1886 7294 10
4243 6333 8
7205 8957 7
115 2124 9
2791 3476 1
2930 13142 2
2334 6269 1
3793 11207 4
6267 8467 1
1764 5400 4
1216 14242 6
2215 4378 7
736 4474 5
730 15104 5
6511 9915 1
4562 6020 4
1427 12436 2
715 4668 7
9741 15410 7
6917 8933 7
2550 2957 6
5564 6285 2
11355 15070 4
2225 15365 4
9112 13747 5
5210 5249 9
4310 15159 7
2990 13774 8
11431 12785 8
2901 6174 3
3015 5743 3
9538 11130 3
582 6242 10
2584 5410 10
91 2308 10
7985 12221 5
11869 13300 10
6467 8218 9
12651 15640 3
12795 16735 6
1184 9171 1
1625 5205 10
1702 12794 7
1707 6470 7
7144 13663 9
710 10593 1
4406 15367 7
9472 12407 10
10352 12721 10
5998 14260 4
4193 13233 7
8220 12472 3
10115 13793 10
11836 14419 4
1233 7427 5
4005 16025 8
5380 7244 6
2045 4219 2
5500 9967 10
5247 11929 2
6712 11018 6
1094 10950 8
3256 5119 4
1542 5061 4
3758 7815 1
13241 15720 1
11585 14076 2
6376 14751 2
3619 15111 4
5689 6369 4
1307 4898 6
9547 12919 8
6570 8699 5
2837 15781 1
1081 9385 5
1794 3237 5
5657 13825 3
4086 14418 3
7966 10897 7
1907 6974 9
11594 15138 3
2773 15926 9
7924 13076 3
8849 13496 3
1792 10072 6
7122 15324 10
12136 12410 3
3979 16151 2
5002 15671 9
11031 14319 6
2747 9780 2
1504 8989 1
4492 13551 5
4837 12868 8
14156 15803 2
10302 13605 2
3291 3935 2
2328 3359 2
14118 16583 4
9706 12057 2
48 12228 1
5172 5202 6
2400 11428 7
4612 9179 10
2978 8136 9
1948 11388 6
1942 4045 5
13255 13669 5
387 673 1
13925 14344 6
5987 11710 9
3134 8405 7
1112 9984 10
2905 6592 6
932 7337 9
4257 6479 5
3996 9546 1
7636 9096 4
11634 11658 10
709 12182 5
9045 9986 8
1590 1913 4
10091 10125 5
767 13416 5
2264 10018 1
6322 7695 6
3509 14801 7
1817 4427 7
14143 15656 5
1284 11423 8
1307 4186 9
4982 12996 5
845 16972 4
4311 11620 9
5606 8488 5
3 3821 2
8533 16071 3
10514 12302 3
1377 5359 1
5589 10372 1
10134 11143 8
10010 13212 1
126 9908 6
3879 15959 3
7593 8275 5
4908 13954 6
3179 9914 9
2200 8627 9
4519 6736 9
615 14388 5
13890 14976 7
10067 14582 9
4116 14518 8
9073 12225 5
3249 8005 3
3019 7270 8
3882 5605 8
613 16585 1
1803 10650 10
77 13144 10
13879 15430 10
12269 13167 6
9906 13709 7
8509 15159 9
8287 13682 2
1352 9695 6
1101 5902 2
3436 5019 4
1059 15840 8
4203 10798 7
4181 10135 7
5595 6753 7
11410 16529 2
8906 13962 4
10743 14724 4
81 2785 5
2901 6386 3
8872 9848 4
983 2175 2
9435 11085 1
2968 7489 7
6508 9661 6
7054 12709 6
525 10551 1
4769 16023 8
12529 14893 8
42 9920 6
3178 13936 10
8004 15607 7
1415 10928 4
8164 13543 5
10482 12461 9
325 3967 8
2003 12777 10
3139 15424 4
4875 11190 4
4446 10581 3
6399 7292 8
4695 11621 10
11470 14900 8
10228 14305 7
5217 13643 7
1955 11969 2
8652 14674 1
4502 16571 7
11641 13555 5
1451 3055 9
13085 15962 7
4006 6574 7
6878 8539 1
2618 4990 9
4312 7832 5
8296 14454 6
324 2236 9
15375 15632 7
1725 8454 7
3885 9615 10
8645 10871 6
6548 10567 5
842 11759 3
14629 15281 1
5838 6966 6
4390 9226 8
3248 7603 9
3470 10652 2
6230 12595 1
1723 7709 4
5742 11298 9
1705 12422 10
5443 13645 8
10393 13622 2
4249 15346 8
9643 15009 5
30 12747 8
3165 13821 10
8181 8825 8
9371 16937 4
13378 14007 9
9065 12737 2
4594 9011 6
2010 12798 3
716 10067 2
505 5915 4
6017 8722 6
5687 11654 8
3867 14891 4
7720 15358 9
9515 15022 2
703 8420 7
8384 13861 8
5793 13760 9
7910 15121 4
1455 3399 2
3945 10172 10
9969 14357 8
7646 8842 10
7069 14019 3
10662 11951 7
4116 4658 5
3633 15562 8
5548 15073 5
8233 13411 1
263 16120 4
14287 16968 4
3632 13912 7
1988 3868 5
9692 11297 5
3189 10345 6
9921 13269 10
716 5613 8
14646 15506 7
1852 2016 6
98 4851 2
9180 12423 8
578 5215 3
9462 16147 8
4402 12485 3
961 6802 2
10528 15762 2
10564 10726 4
11746 15661 2
13362 14557 10
5966 6144 9
7864 16853 5
1146 12450 1
10730 16039 1
7123 13238 1
2879 5854 1
3636 10684 4
713 7188 6
4505 11933 9
2639 6130 6
2191 13207 7
6990 10425 10
8302 10923 2
2547 15502 6
8453 14491 7
5236 15685 9
8049 11293 4
13027 13665 9
95 1006 9
6330 14316 7
316 4570 2
9324 16944 9
230 6357 3
6269 6576 4
8295 10393 6
304 6323 5
8962 9690 4
4609 10384 5
1781 10394 4
2638 14514 4
1287 9183 3
2262 7541 9
935 12440 1
9781 14291 10
6762 9064 3
2192 4777 4
4670 12719 8
3075 6656 5
5315 15309 5
7414 13758 3
7338 15925 4
6547 13789 10
1664 12898 9
1901 9350 8
3784 11559 9
3878 16362 10
1612 2048 1
715 14962 3
1938 2881 7
8514 13016 3
4767 13877 2
12824 14541 5
7774 14925 2
1785 5715 5
15539 16446 8
1118 14311 10
2626 11198 7
5280 10021 5
3957 7549 10
11800 14855 6
11273 12064 4
423 6284 8
2876 3239 8
7240 13176 10
642 14060 7
9276 15576 9
8871 14574 8
517 12824 9
806 6723 9
1582 15452 9
9678 9810 2
4734 5051 1
9957 14429 7
7064 14443 5
819 6772 3
11653 13762 10
11884 15180 7
7520 16908 7
12818 12899 2
10041 13344 2
5113 9542 9
8988 16979 2
11735 14754 8
5401 11305 10
10288 11151 5
9762 13603 10
7685 9330 4
5658 16105 9
6678 7307 9
13653 13992 4
5628 13912 8
14870 16966 2
603 12691 7
4608 13731 9
5706 11578 6
6926 7466 2
10141 16132 2
2990 10615 2
9505 14695 1
7199 7798 1
8377 12817 6
2228 11229 8
9448 11488 6
5210 9682 10
9668 12034 9
3006 5756 10
621 5259 10
13984 16370 9
6234 9242 6
3033 12748 3
476 15198 1
15219 16436 7
6626 15750 4
7478 9244 8
4496 9724 3
6747 14927 8
13176 13843 10
12953 15047 3
685 3777 5
1753 7150 6
2233 13714 9
6630 6672 8
337 9574 5
2717 12397 6
4170 13300 7
4231 5537 3
8418 13111 4
8486 13435 6
7851 12344 6
10602 14620 9
1889 8856 9
3047 9954 4
13201 15595 10
12231 12995 8
6055 11922 4
6449 7308 2
11450 16113 7
2619 8527 1
2492 11166 5
207 10030 7
770 13195 9
10241 16329 2
6152 12923 6
8121 10535 2
3894 6839 2
3745 13875 1
12860 14474 5
5559 5831 6
4257 15622 9
1455 5420 1
2792 3996 2
4741 8955 10
327 9616 1
5089 5865 7
345 2884 7
1731 10748 9
7111 11563 2
9216 13066 6
532 4479 3
2946 7595 1
8036 14598 5
586 5108 10
1579 11836 10
413 7188 2
3136 6829 1
5318 11205 2
6005 7453 6
2938 5264 6
5682 14007 7
7317 14961 5
10230 12841 9
5250 9934 9
2858 13742 5
6015 16085 10
9913 13392 2
5090 13809 10
5030 10283 4
7380 9673 5
3253 13449 9
5077 13385 2
314 6368 8
4653 7378 6
3025 12971 6
4374 7193 4
7874 11698 7
4898 12792 10
93 14079 6
8073 10875 10
6865 10448 4
268 10469 6
5457 13952 10
2624 3722 6
2332 13186 4
5630 11718 4
5665 15723 2
4804 7961 4
9384 16854 4
13633 14077 6
5243 7433 7
897 3270 4
4620 16870 8
7520 9822 3
296 13879 4
10987 13049 8
3363 14692 5
12775 15308 3
9485 9942 10
2797 3657 10
4831 9323 6
5040 15173 7
11228 13113 8
597 3620 7
4815 9341 6
10146 14698 1
11070 12998 7
8420 11080 3
1116 11007 2
8496 9827 3
2149 6722 5
5631 11019 10
1659 4360 8
12103 14758 9
13821 16582 5
849 4697 3
9876 10427 9
11303 11474 3
4720 8264 10
8514 14898 9
8699 12299 5
946 14231 8
7225 10237 2
3494 15347 7
3675 5992 4
801 822 7
86 9546 6
2620 13427 3
1515 4942 8
12489 12702 2
2833 6744 10
1404 7873 9
6836 15524 2
3648 6516 7
612 16493 7
1347 14054 10
3633 6620 3
11738 15983 8
1607 14221 10
552 3343 4
3120 7059 8
9859 15454 1
5857 5970 9
1274 12228 3
316 14173 8
7910 13503 6
10525 12597 6
15341 16030 7
4297 11142 9
6665 6781 9
5560 15642 9
6746 11134 5
4305 15228 8
7269 7921 2
13354 13814 7
3237 15596 9
5506 14411 9
6597 7614 4
7046 12974 10
291 16671 1
6378 15157 5
4789 13251 8
4162 7483 6
175 862 8
7681 8043 5
1408 2361 4
14298 14306 3
11553 13459 5
853 1601 3
2517 11195 7
2757 11023 5
5105 8999 2
804 7048 5
751 16161 3
4790 16132 3
6145 14162 2
2629 14709 4
4595 5895 2
2046 3791 8
7355 16346 6
970 2160 6
12497 15423 2
5689 16425 4
567 2192 7
5378 6137 10
5958 6853 6
8436 13479 4
5279 11960 10
9948 13054 4
4612 15222 8
12932 15126 5
3544 14165 5
7950 9681 9
14988 15521 5
7778 15274 1
4610 15516 4
10304 11333 9
3799 8967 3
5592 14157 6
2838 4861 8
6170 12133 3
12263 13168 8
7632 8638 7
5492 6939 10
7412 15604 10
8380 10103 7
134 4814 7
2009 6111 4
1772 5012 1
7678 15614 3
1785 6947 4
3902 14773 4
5800 14388 2
8701 14566 8
1309 8700 10
8506 9320 5
1423 16099 1
13858 14279 2
3593 12213 10
3575 8228 4
7455 8448 9
1068 5113 1
472 7603 1
8276 14659 6
1056 11708 7
2833 14216 2
12449 15455 9
5704 13418 8
329 9618 6
2813 14341 1
4599 5230 10
6709 11889 1
14311 15951 1
9413 10883 1
9840 14247 7
1719 9645 6
14885 16878 7
788 3397 5
8183 15657 9
996 15416 6
737 13831 3
4485 15102 4
5162 15670 10
56 5481 8
6793 10010 4
7145 8578 1
3364 3881 1
7483 9558 7
1198 1849 7
11100 11571 4
6452 8102 2
520 8540 9
7125 11009 8
2971 14678 3
5897 15950 9
2436 2501 6
6187 12217 6
12384 14128 7
4561 11886 8
779 14541 6
615 2720 7
12512 14523 3
573 1775 4
2055 7974 6
1025 11604 3
10430 11859 10
14950 15915 9
8291 9356 5
6925 7564 10
404 10645 1
3759 8848 3
4353 9024 7
7167 8956 5
3412 7764 7
9868 10436 5
6136 6497 3
4072 7696 6
2098 5929 1
6568 12601 7
4729 14355 8
5932 15720 9
3971 4748 4
1691 13787 5
4718 12478 2
1461 5970 9
8531 9838 2
7118 14870 6
4073 8731 10
7532 14947 10
13731 14985 2
4386 15922 6
10708 14491 1
3508 14428 2
1738 15346 5
4217 5199 9
3520 13744 8
14274 14722 10
2801 11002 8
2368 14547 6
9214 13457 6
645 7467 8
12122 15250 3
11573 12434 5
4726 10199 8
1093 5853 3
4647 13385 8
9368 11165 2
10018 13866 10
6666 8200 5
14054 15268 2
5936 8955 3
2558 4029 9
6029 12322 3
7321 8062 4
5087 12026 4
364 9213 6
12754 14910 9
3460 12416 9
3491 14768 8
1338 9701 5
1946 11572 5
964 16457 1
440 7581 6
108 12084 6
3889 4758 4
3010 4834 6
339 1648 7
1978 2316 1
2304 3034 3
6155 9803 5
269 4888 3
14445 14640 10
1722 2358 2
8871 10452 8
5962 15144 9
2738 16415 4
983 5309 5
4824 7806 7
14815 15391 9
6103 11362 10
1832 5577 3
11832 15415 2
2841 10434 6
2056 6613 3
958 8269 7
2459 15646 7
452 14082 7
9849 14443 5
8601 11722 1
7997 13205 10
11086 14248 8
1022 15770 10
1601 4670 5
11938 11945 10
8564 13702 3
7499 12721 2
3526 13669 3
7825 11834 3
6362 12634 3
5958 12107 4
7078 9225 10
11461 16285 10
7281 14910 4
7 8410 2
6978 13088 10
3570 14834 8
6726 14922 4
8551 14791 5
4499 16214 2
834 14943 6
3232 8691 3
6208 15526 7
4282 5955 2
13503 14580 2
12284 14973 4
624 5708 9
3757 12129 4
9504 10459 7
6387 13408 10
2371 7546 4
1392 9872 3
950 5301 2
13718 15076 5
9095 12915 4
148 1409 3
10695 12535 9
3286 9045 9
10912 14705 10
4937 7059 9
7027 14646 4
9711 16973 4
4179 14293 5
14511 14716 7
11550 14481 6
1556 2135 6
3995 6224 10
3181 9320 10
1972 4180 7
3158 13593 3
1363 3126 6
5527 11923 2
3701 5451 6
4756 12209 1
2888 6654 2
9671 12208 7
12496 13878 8
2902 5017 2
8974 16857 9
4888 12040 5
2334 9432 6
4028 15532 2
8268 9176 9
4045 15752 1
1151 7111 10
3824 6938 3
396 5352 6
13677 15200 10
11367 11791 8
6739 10678 2
1078 1594 1
2536 10530 1
1229 9441 4
11041 16697 8
3926 11668 4
1307 16900 7
10991 15413 5
8853 11226 8
5442 9785 5
11292 13358 2
2660 7314 7
8683 10767 3
70 4247 7
298 509 6
2456 7012 3
10658 10793 7
181 6203 2
1484 4746 2
3541 4299 10
12007 15779 1
1361 6243 9
3576 9906 8
11120 14147 2
11174 12464 8
1940 8878 2
810 15259 7
4233 6579 10
1016 15395 10
5681 16941 3
3386 16647 4
3179 10985 4
4588 11512 6
8530 13399 10
5697 13645 7
1783 2147 5
3633 11590 4
952 16512 4
15424 15442 6
3643 14992 9
1689 1857 10
3605 16756 7
10086 15146 8
7797 14051 4
267 2579 2
11779 15486 6
4683 7467 10
4034 8507 6
5699 15250 6
13919 15629 3
8971 13673 3
4328 9601 4
8325 9135 7
587 8460 6
4324 11574 7
1453 14186 1
4336 12108 9
9292 9408 7
6214 8463 2
6355 10387 4
534 5617 3
1618 11974 6
13544 14112 1
3603 12009 7
2691 4943 5
5520 15292 3
1109 14715 4
3506 6401 3
775 8267 7
11581 16021 6
8218 10139 8
2850 10136 2
9266 14236 7
7681 11580 3
1691 5036 1
2161 11924 4
1563 4003 7
2814 11070 10
6290 14479 2
3492 9264 6
1471 4862 8
7080 8354 7
5635 11363 8
2593 9136 6
1419 13032 9
6298 8739 2
9846 10749 8
559 8750 9
1339 1735 9
5945 10763 2
4731 15252 7
6949 13116 6
10332 12576 9
14259 14918 2
7187 10575 7
2091 10584 1
5901 12216 5
8597 8635 5
12016 13790 4
928 6860 2
11130 16721 1
68 14644 8
2126 5697 3
4295 6603 2
101 4863 3
8662 13089 5
5427 9020 4
192 12069 9
2926 10073 4
1314 14206 4
1784 14231 1
3468 15362 5
1165 2523 10
3084 13078 1
11244 13225 2
6157 12971 8
10407 15547 6
1151 12183 4
6929 9282 9
35 4625 10
13407 14131 10
404 12007 6
9558 10388 8
7113 12416 10
1683 3698 5
2264 3979 7
6768 15737 3
9545 11078 6
1902 7424 6
986 7837 6
157 14885 1
861 2304 1
2224 16618 9
1901 11549 4
4449 9255 6
23 1517 10
2321 10303 5
578 1028 8
895 3730 3
3672 11223 7
14942 15045 2
3918 9549 10
414 9355 1
8028 13026 1
12906 15342 3
11477 15630 8
1782 6372 8
7950 8168 8
3207 16023 6
4842 12650 9
3591 5395 3
13097 14619 9
11622 16755 10
2195 10364 7
5721 12190 7
891 5391 5
11652 15364 10
163 10513 4
897 14361 9
10454 11305 2
1892 1981 8
12332 12835 5
5691 14657 10
2940 15488 10
7145 10744 6
9239 14416 5
3119 4314 9
7168 10317 2
8067 10955 10
1272 9355 5
3118 14743 4
11868 13368 8
6975 12001 8
11615 14288 4
9657 12246 8
11820 12232 6
2553 2994 9
13925 14369 2
3946 10338 6
5371 11119 5
3293 10468 9
1539 8403 4
5320 13993 1
806 3958 10
1385 8272 9
4872 14522 5
5170 8954 2
1729 4782 8
6080 14485 2
1327 4222 8
395 10996 1
3965 7527 7
2031 5330 3
1329 11168 6
5808 13954 3
10577 12961 10
60 15944 6
125 7764 9
3639 14562 4
3413 6396 8
5499 11873 4
7787 11939 1
704 4969 3
1788 6848 7
14708 15157 2
4891 8135 9
13990 14057 3
74 13939 8
4085 7559 9
3391 10076 7
6319 8229 6
1960 13645 3
1102 4997 8
6177 14658 4
396 1018 5
8797 15704 3
5140 15373 3
5474 14328 8
9481 12275 1
12465 13037 3
9575 13654 9
4102 13319 6
2655 10912 6
6237 7866 1
8902 13023 5
2006 11296 10
13342 15049 10
5319 15704 3
3702 6650 3
3923 4043 5
221 12507 7
2690 5531 2
2339 5926 6
6332 8435 9
1918 3265 9
4374 7177 2
7639 15213 3
1029 2423 7
11413 13718 3
7984 16251 4
7343 11017 1
7720 16370 8
7371 12789 2
6828 13868 2
5494 7981 8
11470 12111 7
7385 9659 1
8864 14792 8
4842 10614 5
13560 14137 5
8892 15377 9
523 1053 7
13369 16446 10
3898 5069 9
2487 12956 5
9183 14182 9
3598 14553 2
4465 13786 4
8764 10797 6
2110 7405 2
2612 4085 4
4428 15620 10
13603 15197 8
2386 4615 4
4774 11898 8
2992 3182 3
5607 6128 3
12723 14050 4
1365 8988 7
2599 2920 5
7074 11000 9
5793 15253 9
14944 16562 4
503 14076 7
8164 8166 1
1985 2807 2
9945 15321 2
1096 11602 8
7669 11739 4
2278 4476 9
4297 15153 4
10456 14180 5
2059 9828 5
765 1929 6
1654 4390 2
5737 12678 2
4200 9537 2
708 8989 10
2434 4330 2
4464 10275 2
406 5721 1
4842 14139 7
2279 10977 4
4918 10168 7
3704 13878 10
2498 12268 4
7889 12350 7
2090 8857 6
12924 14507 3
15391 16967 4
1988 8940 5
192 8322 5
6805 10519 1
1778 13637 5
5792 12400 1
9802 14964 1
813 11213 10
9730 11071 3
1189 4265 9
3584 3683 1
1546 13002 6
5648 14854 2
184 14875 3
2021 3880 3
2136 12226 3
2446 7936 6
1725 8285 9
4228 13421 4
2332 14528 3
4355 6958 6
11804 12298 4
481 5860 3
2741 4967 5
12532 15658 4
2259 11827 8
6285 10394 1
608 11539 4
961 4972 8
1664 6022 2
1214 2664 10
6171 6431 1
7081 11153 10
3874 15104 8
5368 10076 9
6407 16683 5
6038 13302 7
1337 13408 1
9475 13727 3
7456 9360 3
3635 4948 1
1422 5283 3
1243 13470 3
61 1898 1
7662 7901 7
4677 7015 6
4162 10331 2
1889 14087 3
11459 12742 5
695 2028 8
437 12524 1
80 3434 5
3252 9515 4
1916 9960 3
2412 7941 5
3965 10249 9
2549 11930 8
4531 10623 2
3815 4868 9
9643 12382 9
6221 12799 8
147 1571 5
972 11435 1
1367 8110 5
2095 3569 10
31 2248 4
14169 15566 10
925 8647 3
3633 5757 9
1133 13970 4
8831 16098 2
5806 13379 4
7188 8529 6
24 6498 10
4601 13880 6
1540 16662 6
6683 13326 2
4839 11439 2
325 6038 10
2966 7263 4
9560 13255 6
6323 14244 10
702 2971 4
1562 3673 6
1743 12435 8
1373 11177 2
12978 13276 3
2266 5515 2
6532 10290 10
837 10736 4
12149 15455 10
760 12973 5
3788 6024 8
6090 13020 5
338 8123 8
790 8116 2
14840 15409 7
6619 6970 4
6041 13952 7
1334 2467 9
9283 15721 7
3767 15579 2
534 10867 9
5521 7632 3
10946 11864 10
2303 15323 7
5531 11443 5
7492 14104 7
5123 6821 1
4112 13632 5
8094 14784 9
5195 7962 6
1309 14915 3
1244 6521 5
596 3461 6
13509 16507 4
13387 14150 6
6016 11804 7
6406 9839 5
11593 14248 2
12089 12139 8
10059 12771 10
5128 14073 8
2864 3761 8
2100 5705 7
6316 8466 3
3010 9911 10
6931 13638 1
13560 14294 1
3026 12948 9
6473 9378 4
12010 14254 2
7597 12827 7
6546 10151 9
6084 6944 2
13134 15432 7
12724 15777 5
2926 12347 5
4162 6077 3
3838 11080 10
6868 7243 1
2098 4137 1
2475 15884 2
2199 8887 3
3921 9075 5
11726 14567 2
14775 15258 8
13265 13806 1
6140 12425 4
1398 15506 8
9811 15667 8
4236 7583 3
12564 12940 3
2179 5610 7
1918 12731 2
2193 11315 7
6600 9086 7
4980 11587 3
1841 11242 5
3243 5430 9
13002 15746 1
3333 6845 9
5675 6451 1
9559 9653 6
6226 8998 5
8465 12291 1
7123 14580 4
5022 16939 2
3170 4901 10
10476 12762 2
11079 13036 3
1836 2170 6
5550 11969 6
330 12939 2
433 7718 9
7259 8078 4
4145 13657 8
6940 8724 6
3772 4238 5
4586 10865 4
12616 12846 1
9101 16755 2
14830 16691 7
925 14509 7
4574 15526 5
12489 16042 10
11400 14678 7
9295 9424 6
14177 15609 1
6853 16355 10
12548 13183 7
566 11619 1
333 12906 7
779 4773 5
8980 12068 9
372 13815 1
2215 8335 7
3078 14190 6
5850 6892 1
14 3923 2
6067 14301 9
2895 9169 5
10754 11034 2
14522 16013 2
851 9661 2
9957 13092 9
11845 13167 1
287 9702 5
359 1988 1
8048 11788 5
8216 8361 2
6306 14655 1
3219 7865 7
5274 13065 4
575 5624 9
4035 5364 4
7471 16792 4
2531 5140 10
11679 16655 8
5042 5846 3
3739 7258 8
11075 15215 9
3371 12463 1
11807 15261 8
477 9486 8
4004 9892 10
7933 9636 10
2478 11783 7
8039 11378 8
1638 12250 3
13384 14022 8
1721 8366 8
7893 16611 7
835 3678 5
10826 14173 2
7682 9108 2
4666 6872 7
4520 10557 4
5137 13213 1
138 1512 1
8218 8758 4
5999 14917 2
2427 8390 8
2862 7773 10
11940 15827 9
2176 3524 9
273 6477 3
465 6720 1
4003 14805 2
6948 13861 4
10023 16963 2
6875 13767 7
3789 14532 4
2247 5525 4
12531 15083 5
197 6074 1
13030 13637 6
7113 15737 6
1797 6797 5
6668 6831 3
8674 14430 10
2697 4720 9
5405 12043 1
636 11661 1
393 4374 3
6143 7578 6
9127 15249 4
10 3419 8
8230 11151 9
9646 11427 1
5165 10434 6
5663 13794 10
1629 11898 5
1085 9761 7
983 14473 4
10564 10772 7
1199 12375 5
4404 15556 1
5464 9974 1
1745 9048 3
5170 10719 5
3988 14631 10
4578 7673 6
5411 14416 8
12298 14493 3
43 16322 2
10951 13456 6
9840 13741 5
9529 14060 3
12098 12870 1
4446 7838 3
13883 15840 3
8584 8644 4
1617 2876 3
7955 9617 9
13073 13840 7
3546 12163 8
10537 15662 1
10981 14511 5
4795 14841 4
2464 13161 2
2383 10982 3
601 8773 1
1998 14770 4
9461 11788 4
460 558 7
4179 10069 9
3372 12012 2
1382 3292 4
483 4199 10
8363 12742 2
4383 5134 8
9867 13893 3
10680 12770 8
6006 12360 1
2960 10699 3
9967 13342 6
2828 9493 7
1081 13725 4
12133 12638 9
3577 14106 9
1689 2718 4
6047 12094 9
4491 15029 1
3267 6010 5
13219 15523 9
6917 7444 3
6999 14112 10
1058 4928 5
8278 10557 2
10367 15349 6
8055 11995 10
5750 8672 10
7459 13966 3
2988 6718 6
3759 14250 8
7170 13484 5
2879 9785 9
8726 16633 5
1566 10063 8
15651 16457 2
6703 15704 6
5651 14498 2
5859 15484 4
2440 15270 2
705 13326 4
5468 10218 10
3597 16677 8
14334 15478 10
2017 9778 10
8525 11367 1
1830 12782 3
3109 12982 3
62 15715 2
10008 13223 10
3852 7916 6
8636 12439 1
853 1167 9
9787 10406 4
6502 14555 5
714 7108 6
6651 14083 6
2001 11223 2
2201 13637 7
781 7015 2
1024 13079 5
8277 10144 6
8930 15130 10
1236 4122 9
8098 10368 9
1579 14795 7
3304 12908 2
4510 5668 1
9696 15592 9
2359 8261 6
499 14588 10
5102 13797 6
13114 13121 8
2508 12382 4
863 9010 5
13822 14054 5
1106 1989 10
4115 9741 10
7595 10338 1
6319 10815 9
4091 16201 10
5610 6119 7
8216 16891 7
2514 7427 10
3785 6221 2
743 13115 7
659 9255 10
4096 15144 6
11358 12178 6
3981 10074 2
8183 14283 8
6867 14702 4
343 13350 4
12587 13099 9
4239 15161 8
5604 9244 4
1876 16065 10
2868 14266 10
2731 9003 5
5542 12519 8
3184 4903 5
4555 13033 10
4753 13802 2
692 14827 2
3416 14893 3
2556 14909 9
791 9624 7
5368 15437 10
12695 15276 1
2859 9590 6
10374 11113 1
2168 2229 10
8120 11195 2
13526 14075 1
2545 16857 2
3478 7127 5
1856 14061 9
10255 11614 4
10550 16817 5
1846 11827 7
6845 14482 6
10616 14978 7
266 13356 3
12774 13899 6
5700 13862 3
3278 10181 2
7623 9575 3
1045 6065 10
3565 10725 6
9841 11588 1
1872 14757 1
5690 10044 4
6270 12740 3
4771 16931 1
6464 7622 8
785 8081 4
6438 14976 4
3305 9692 2
366 5255 8
1707 15908 9
2088 4855 6
6240 13527 5
11804 15360 8
886 3983 9
8787 12793 3
4734 9732 4
559 6788 3
9016 14577 9
3142 4201 7
6230 15156 4
1868 13534 6
667 2615 8
2984 11356 3
2114 7064 8
845 14981 2
15615 15914 10
6750 12243 8
3610 13973 3
1764 14920 6
4945 11357 4
7303 14483 10
6178 16057 9
142 6177 4
4531 6975 1
4065 7576 6
2307 7631 10
2487 5287 7
5043 7064 1
6086 15768 6
2542 12102 8
132 4069 10
5499 9551 10
2543 8508 3
4977 10955 3
3895 10642 7
3389 12885 2
9385 14350 4
2549 13342 3
13298 14566 3
5135 8868 10
10325 12537 6
5517 9844 6
1250 8977 6
11930 14703 1
377 7344 10
10073 11093 10
6157 10128 4
5038 12468 4
8978 10965 3
4714 11207 7
11369 14947 2
4239 10307 6
1133 2552 5
325 11390 5
6687 8532 1
1246 8550 2
4178 13226 7
5346 15342 1
4157 8317 4
48 9092 2
3886 10653 5
12789 14570 10
3843 12859 10
1921 5268 5
6884 14756 9
5720 7296 1
6268 12211 2
14823 16377 3
2490 11546 1
3725 16207 3
2023 6842 4
4509 7756 7
22 13796 8
11450 16408 7
7759 10585 9
5823 15504 3
4133 14782 5
3695 15102 9
1638 4865 9
827 2641 2
1202 6245 3
8549 13436 1
9685 15161 2
1175 16192 3
2096 15985 7
1486 10027 10
720 12092 6
7020 7799 7
7683 10257 8
11856 14136 3
5860 9176 2
2024 8244 1
3464 10366 3
8398 12881 5
914 14672 9
4347 11406 8
9205 15761 5
195 5077 9
7104 7984 3
772 3573 4
7887 8069 9
2108 11720 9
4448 11646 2
5366 6782 10
15549 16757 3
10158 14806 8
2022 2461 9
2526 4773 5
5425 7700 3
8657 11679 8
609 14439 3
6575 12344 8
1579 2636 6
5348 6659 5
5193 8360 1
5690 16175 6
5209 6240 1
1610 5622 8
1821 12443 3
5377 5750 4
290 5670 2
877 7037 10
9713 11427 1
12344 13249 4
2680 8481 3
737 2681 9
11211 12473 10
4563 9163 6
2689 9507 8
8851 10059 2
4738 11552 6
9230 15744 1
1472 11567 10
723 1514 4
9698 14051 3
2566 4654 5
10584 10678 2
2623 5794 4
45 3158 10
4080 11047 9
5397 14688 9
13725 16201 2
3165 11011 7
5881 5977 2
5266 14372 6
1695 9475 10
7163 12778 8
2992 3708 3
3807 15131 2
6388 10034 2
3760 14583 7
1131 14708 3
5056 6800 5
557 16376 1
5184 10202 1
5365 7425 6
3443 15199 6
1229 1659 5
4374 4376 2
8520 12677 7
3037 11604 4
4491 5600 9
377 8859 8
3470 9912 2
5812 6159 3
3882 14187 5
12665 13430 8
2211 15246 6
4967 12264 5
3532 4675 10
10680 13609 6
6188 8390 8
5862 13884 1
5922 6048 2
2163 13510 7
431 8496 6
1041 5141 1
7500 14416 4
10981 12598 8
1685 12958 5
2775 13534 4
1711 4341 1
7848 8193 9
201 9211 8
9088 9612 8
14304 16714 4
2313 12195 8
3819 5583 6
4098 15198 2
72 4308 7
2272 4864 2
8620 11735 2
308 5148 3
7220 10706 1
7970 13871 5
1387 2348 9
9636 14718 3
10976 11981 7
5176 5678 10
7829 9966 3
9663 14308 4
9574 11169 9
4065 12219 8
5362 8537 2
5252 12418 4
1764 13284 7
659 14261 9
3829 13272 3
8408 16047 6
1149 16878 8
1668 12822 6
7889 13604 6
5863 12373 4
10661 12917 10
8261 13850 3
1016 2622 9
2679 4655 6
5715 8302 6
5172 8992 8
6632 12141 4
1340 7114 4
716 3118 4
4776 9873 3
3120 10771 1
5895 6575 8
2885 7360 9
3836 15707 3
3018 6291 3
7276 9656 2
5638 11007 4
4952 13623 7
1598 6747 8
635 4682 1
6779 15375 8
733 2992 7
3984 5083 10
2498 6063 8
2542 16389 2
8596 12859 10
12748 13406 1
5662 12850 5
4847 10001 2
6484 13278 8
2684 14701 9
1027 11737 7
14440 14968 2
7418 16646 10
8885 15760 2
8529 14355 5
2363 4207 8
879 14658 2
4304 5743 3
7067 7127 5
1871 10278 4
16241 16385 4
14027 15641 7
1454 14743 4
7220 13616 8
8317 14761 7
1639 11229 8
1793 13031 2
9553 15117 9
2622 11414 9
8696 15556 1
5266 7281 9
9567 10950 1
12406 16341 2
10364 15798 10
1716 8550 10
14339 16070 2
2042 11835 5
10325 15341 8
5108 5141 3
657 12946 5
7877 14366 2
7761 14800 2
975 10113 1
4479 12655 6
13857 14388 3
4954 9639 9
2825 4652 8
4338 12627 3
22 7085 1
7116 9356 1
9796 14871 7
2345 3057 8
4176 11522 6
5798 7015 4
2556 9361 4
4332 11564 3
14401 15237 8
8568 13792 8
4601 11925 6
7546 15666 10
8323 11449 6
15493 15736 2
6993 13556 2
8037 16294 3
11917 14257 9
228 4605 7
11699 16846 7
12356 14032 5
1220 7863 8
7402 8448 2
13577 14130 1
2189 8814 4
2857 8685 8
1891 2936 7
2079 8998 3
10026 16810 7
7720 12197 1
2637 9877 6
6808 12956 1
7479 9963 4
5006 10645 8
2456 15176 2
5379 11793 3
7271 15894 7
5211 7510 3
2223 3105 10
9720 15477 6
1441 5441 10
9411 14301 6
4681 13005 5
9959 14255 9
6556 11392 9
2694 8922 3
1305 6785 8
300 12519 8
2416 14467 1
9258 9637 6
3770 10595 4
5399 5600 5
290 14199 2
2334 12626 1
3016 10707 9
2423 15181 10
8161 10554 10
8303 12188 9
4441 8655 2
8946 13963 6
3793 11449 6
480 2696 6
1066 2709 4
2269 10657 1
2092 7637 9
4556 9541 8
3708 3737 8
8624 16290 6
813 3838 4
8212 16404 5
5835 9177 2
12410 13499 3
7214 14219 8
14124 15191 1
5574 14120 7
529 12913 4
5174 7326 9
8575 14584 1
3800 10956 7
10509 14562 5
9549 11256 4
1990 4263 10
3220 5325 2
1232 9675 6
4248 6883 9
2421 12199 10
1730 16138 7
6461 15042 6
6175 7408 4
5039 9482 3
2988 10557 3
11167 12808 2
668 16435 10
2477 5865 7
2137 5409 5
12369 12765 9
11871 15635 1
2980 5760 5
729 12905 3
8410 10838 10
3269 14832 6
3166 7360 8
6907 8557 3
11861 13441 2
4109 14265 6
4119 6337 4
1067 16430 8
7953 10182 4
11971 13472 9
11139 16846 6
11855 16556 5
1970 14652 2
8237 8284 3
9278 14146 3
6915 12881 6
5 3920 7
4914 16159 4
4436 5571 1
10599 11145 8
5562 9848 1
5117 15061 4
8527 11994 10
7056 11163 10
7476 9800 5
2139 14449 9
3396 13173 4
11817 12745 1
2758 3331 7
123 6441 2
108 12528 7
4151 6104 7
15011 16120 10
608 15027 9
8291 13064 7
11103 13822 3
6931 14371 7
1141 4341 7
10481 11189 5
1485 11827 2
5128 5239 7
12018 12752 6
9588 12619 4
10582 11761 6
9548 13853 6
4383 15719 7
14222 14355 3
3160 11646 10
7630 13992 10
10668 14431 8
508 11783 8
9488 14043 9
7350 13055 9
3372 6646 7
7867 14502 10
3508 15997 7
4199 6523 6
5782 9499 8
10079 10615 5
7426 10235 10
2212 5269 8
5903 16658 2
2358 12939 10
9645 10053 5
12829 14376 8
4583 5813 10
13170 14134 5
11037 15167 9
425 559 10
8351 11669 2
590 4663 8
12099 14054 4
6117 12003 1
565 9861 9
2544 6153 9
2858 14085 8
9096 9154 9
13396 13945 1
1548 5787 7
7037 14865 7
3855 15318 9
9818 12823 8
726 2207 5
4767 6592 2
4580 6901 4
9627 9717 3
7471 14076 9
11218 14135 1
6354 14481 2
673 8349 2
8715 10372 1
6969 9286 4
8204 13401 9
6001 15725 10
1667 8866 3
788 9904 1
7190 10760 9
1972 15206 9
10293 10807 5
2331 3271 7
3051 5511 2
4033 9402 8
331 9466 7
8686 11456 4
2611 7378 7
10607 13306 4
12762 14627 5
3147 13490 1
13444 15241 8
1386 12364 2
1624 8603 5
8313 11132 9
408 9723 8
11939 13680 8
7578 14813 1
10387 15001 7
625 15220 10
3081 14964 9
14890 15100 6
11421 16328 2
8301 9746 9
1603 8232 10
129 13050 4
5891 5962 10
1258 15340 6
1648 12135 9
1554 11890 7
7452 11081 10
1666 13395 10
1653 11838 7
1208 5952 10
267 5871 9
2705 9155 2
276 4084 8
10 10574 5
9220 16744 1
1061 9415 2
5111 7433 5
11841 14836 7
515 3205 1
2332 5971 4
1378 4879 6
7016 11147 10
6530 6906 7
652 7379 4
11762 13910 4
5250 10630 1
7926 11421 8
2787 3454 2
6157 15105 7
5367 8796 10
3878 5974 8
12383 16318 10
4001 5464 5
3168 10459 10
169 13831 3
1462 11348 10
9469 13932 8
6048 7082 8
1340 10209 5
7719 16586 5
1809 6992 8
2963 3303 3
9476 15078 5
7690 9924 8
10192 13722 4
1373 14886 9
3927 15487 2
7214 7783 5
5995 10195 8
3373 10571 4
4970 5085 7
3313 10595 7
10429 14386 8
4597 10525 10
3807 9562 1
9855 11857 10
3127 12962 7
5159 13986 4
524 14238 3
12988 14106 9
12111 14215 4
8214 8307 6
13545 14004 9
5356 15625 2
818 15019 4
2471 14678 8
12439 15904 1
466 3506 4
729 4476 10
3354 5788 6
4719 11292 4
9180 13185 7
8221 16837 8
3111 12550 5
6943 13989 3
8088 14850 9
2254 15150 1
523 11405 9
5935 6612 9
13552 15256 2
1518 9320 6
6432 6510 10
434 15873 9
1477 11136 6
589 10360 8
3582 4024 5
9633 12748 10
7484 8910 6
9060 9354 5
7455 16234 10
4544 5258 2
10470 15269 8
5234 6282 7
823 13762 8
1831 9538 7
7267 10486 4
7443 10391 4
4400 11988 8
554 6314 1
10814 15603 10
3382 6692 5
1404 13529 8
1475 11677 5
11922 12909 6
140 723 7
6708 14403 7
7538 9452 3
4825 6796 8
13308 16774 3
1137 7781 9
240 10818 6
2536 8543 9
1704 11092 10
684 9892 9
2471 12542 1
10929 11586 3
4472 7581 2
548 9563 6
80 10559 3
11134 15371 2
10044 10563 1
1028 8516 1
8145 8825 5
1978 5910 3
5310 15754 8
13210 14655 8
1433 6743 10
1532 12490 6
990 1296 3
8940 11410 4
525 2833 3
1108 1288 2
10709 14292 9
3578 7233 10
1231 10614 2
10713 12422 5
10030 13274 8
3095 13281 10
5458 15487 3
70 12459 2
6315 15075 9
2122 14572 5
594 2851 5
3135 8984 2
3827 8360 7
719 8166 2
8364 8374 7
279 6966 9
3278 10818 7
4945 4948 7
2970 6983 6
2031 9287 10
6761 16355 5
1233 13270 6
156 2344 6
8024 12606 5
5930 6223 2
327 15541 5
5512 11818 2
7313 7324 10
3957 15558 10
14908 15358 5
2881 13819 3
2434 12095 3
5134 9101 9
7413 16337 8
6753 12775 9
11784 16374 3
505 9380 7
6716 9796 10
4902 10288 1
366 4375 9
2877 8916 7
2874 6229 10
9548 16990 8
9140 10014 1
1869 4819 8
3680 4615 5
12653 14272 7
1222 12966 3
5439 8862 2
13929 14880 5
6386 12776 4
7858 10928 1
2141 6432 9
4578 9308 10
10987 14812 3
3555 12874 10
10047 12409 5
11878 14282 5
5495 5640 7
2363 8764 6
7145 12342 8
731 4864 9
1640 8712 3
3832 10525 8
9265 14477 1
10049 15598 2
11412 13798 3
65 7090 5
9742 15623 8
2992 6343 7
8478 13597 2
13763 14414 7
1060 9037 10
486 8643 2
5803 6703 6
2206 8808 10
1711 9688 7
9253 15109 6
7268 12009 9
2871 13928 9
547 7296 1
498 4064 6
4086 13355 3
1014 4917 9
11907 14886 1
9774 15229 2
11573 15501 3
1149 14582 9
3006 3288 8
4600 10164 6
6743 12111 5
3207 13724 2
3426 12233 8
3354 6269 7
2616 10487 7
13916 14872 2
6961 10411 4
1940 8985 1
5796 9439 8
10117 10874 7
6364 9558 8
5694 15265 8
9330 10567 10
10026 16876 9
6735 7704 5
8757 11152 1
4700 6385 7
8019 15659 6
8779 13586 4
8626 10176 10
1058 9847 7
1634 11276 6
7889 15194 1
6663 14402 6
2486 14049 9
7956 8040 2
7781 14533 7
9500 12659 8
14772 15330 8
9809 11177 5
15613 16860 1
9698 13609 7
3264 6665 3
9879 10219 10
7101 12338 7
9907 16259 1
4968 13348 1
2599 3281 6
7459 10072 1
169 13367 2
3615 6131 4
5995 9212 9
2043 7407 7
2626 2787 1
3105 5574 8
1128 15531 10
1872 9428 2
12607 15571 4
662 3149 3
4653 8379 2
2773 13814 8
5950 14743 5
4786 15169 9
543 2259 1
6187 10915 10
11613 14232 8
2067 6457 7
3748 13311 7
7922 12236 8
4127 11365 10
1904 4324 6
1086 14076 6
5918 10068 7
5756 15575 2
7431 14168 5
7265 10018 3
9910 13277 10
6678 11282 1
3059 14859 7
2440 16392 8
4984 12988 1
5033 15695 1
8378 11687 4
14354 14606 7
3644 11155 6
2513 13122 8
14685 14706 5
1248 4785 5
2745 12669 10
844 13284 10
2370 14491 6
13126 14214 7
9569 10448 5
740 831 2
1854 7819 5
174 12188 10
5930 6999 1
4189 16305 6
4916 10677 3
509 15603 2
5818 8413 3
8634 15725 8
1312 4121 3
3115 7415 1
10508 11037 7
4011 11433 6
1865 5270 7
104 5022 2
9088 10590 4
4459 11884 2
4184 11525 4
2580 8407 2
9320 14382 1
557 13882 2
1300 13634 4
9346 11965 9
9695 13305 2
4311 14866 10
13478 15946 8
8779 14275 8
9982 11255 1
1397 8155 3
3539 5901 8
6341 13901 7
9795 12763 2
8527 13742 3
1608 11964 4
9440 11950 3
4982 9569 4
3206 6462 4
10032 14459 7
1788 7504 6
11973 12254 9
1641 4009 6
4041 10392 5
8673 14368 6
3703 7342 8
3646 12904 1
3784 12898 1
10678 14662 10
2344 10602 10
1524 8116 6
2446 14075 10
7247 10822 3
5176 13044 5
12008 16194 5
3602 16209 10
10782 14685 5
6768 13803 6
7296 8429 9
2393 11720 8
2027 4033 6
3150 4725 8
9 9384 7
59 4804 3
6448 11844 3
1846 8990 2
261 812 6
10429 10680 2
3759 15768 7
11864 12039 4
3165 4083 6
8158 14847 1
7980 9130 8
2855 4331 6
8720 16292 8
13572 15772 3
2708 4086 2
504 9368 5
3401 9841 3
637 13315 3
1083 6929 7
1249 3724 7
11350 15590 3
2397 4356 10
527 13410 8
7216 13450 10
4322 15456 5
430 12216 10
4875 9139 10
4330 8353 5
7877 8780 10
5707 14424 9
5167 7205 4
5337 12581 7
8347 16617 1
9613 15395 7
8318 10633 5
1249 2176 4
1530 7112 8
6468 6693 4
184 16909 9
36 8068 8
2381 15725 9
12118 15672 1
3821 11402 4
295 11183 3
5780 11842 4
1684 10405 6
4804 5918 4
3853 7203 7
2324 9387 1
860 8900 2
1720 2958 5
5381 9780 9
8067 12257 10
873 16574 3
14 12589 1
6396 7743 5
2126 3795 4
6129 8671 7
6049 11863 7
14809 15486 3
83 2330 1
7592 12053 6
12012 12134 8
9182 13498 5
13204 15060 5
1948 7072 10
272 13485 8
8138 9949 1
10797 14521 9
3531 4328 9
3658 8660 2
3123 11640 10
7942 8234 4
6746 12092 4
3681 15748 5
10597 10985 3
1372 11507 2
2935 3988 2
4195 11552 4
7047 11840 3
3550 13091 6
2583 5089 1
473 14359 8
7482 15579 4
9008 15729 2
4377 12880 6
971 5760 1
2321 13201 9
5022 6132 1
2703 7424 2
6532 9023 1
1027 10563 5
9522 14351 5
8913 14830 9
5184 5444 7
5410 8977 8
6269 9403 5
1700 2311 10
413 7368 4
11952 12798 5
8519 15408 4
9154 13388 2
2009 3763 8
1753 5729 10
10343 13818 2
3728 8968 4
5000 6401 9
471 7321 7
3133 5102 8
9952 11634 9
11727 12097 8
421 13677 3
1867 4713 5
1330 14188 5
4705 5554 5
5084 8704 3
525 4435 5
328 1146 2
7153 10680 1
11424 14913 6
454 1230 7
2008 2743 7
1298 6012 7
2034 16118 3
2665 13606 4
9021 9336 6
9804 14481 9
1896 13995 1
1943 3343 2
3257 14376 6
195 15466 10
1702 2168 10
3521 9974 7
13308 16772 7
1701 7054 3
11815 15677 7
639 7114 6
896 9737 7
3075 3112 3
8418 15820 6
429 9640 1
5190 12732 3
14476 15088 9
6570 11222 2
6768 13338 7
7134 9888 9
4485 11239 7
5791 9929 8
8683 12147 7
4959 7466 5
2115 3083 7
11956 12615 10
10782 12655 10
391 12984 5
1420 12574 2
14795 15034 3
2869 6577 1
272 9010 7
4208 9144 2
8161 15072 6
6440 7425 6
662 10321 1
10062 14428 4
5251 11041 4
9653 14586 4
679 2503 4
3047 6155 8
1309 9090 5
7417 13145 1
2215 16610 9
1043 10435 6
10959 15520 10
7650 9957 5
652 726 6
1766 3061 10
14221 15565 6
13074 14323 10
1872 12247 8
461 14340 8
14615 15333 1
2024 9530 9
7215 13236 9
16322 16920 5
9027 15546 9
4767 11209 4
4098 7513 1
10738 13462 5
3642 7923 10
586 15439 1
2321 15647 9
893 4793 10
8104 13476 4
3399 14336 8
5775 11968 5
14170 15555 3
9624 13346 5
3179 11025 1
3436 9116 2
5913 11343 1
1547 9561 9
1715 2887 4
13101 16993 9
2241 6041 3
9418 9976 5
902 15342 7
1186 6343 1
1141 3361 1
1901 8364 7
8015 13757 3
9103 15828 7
443 9458 6
8489 13637 6
7642 11915 8
10798 15818 7
2204 4633 10
4066 15733 6
10666 13873 1
2395 5867 7
1200 12615 2
2867 5309 3
6299 15706 1
2546 9035 10
3061 14611 4
12211 13992 5
5903 8004 8
7956 10590 9
4661 6992 7
5498 9460 1
5678 6209 8
8923 15923 2
2895 10462 5
1241 15080 10
11690 12881 7
601 16385 8
4893 12243 8
194 6238 5
11857 12267 4
8352 9320 3
13329 13834 5
1410 13643 1
8670 14722 3
994 11070 5
10020 14706 9
3368 6576 8
2365 8504 2
1927 12243 10
989 1700 10
7083 14656 4
6123 10619 7
8158 15224 4
832 10728 7
2506 10772 10
7434 12097 9
1625 5849 7
10139 15011 5
542 3098 9
5484 14583 1
5507 7163 4
8088 16002 10
5059 8358 9
5579 12350 1
2084 2587 1
637 3533 3
2677 6170 4
6457 13779 10
3734 13029 1
672 12432 9
3784 16130 2
8507 14652 7
3937 13278 4
2385 2835 7
3775 12230 2
2679 14488 10
6771 15540 5
4775 7357 3
7461 14268 1
6929 15043 4
4538 9542 3
9015 11476 2
6379 15836 9
5988 11357 2
3186 9955 4
10232 12378 4
3545 14277 4
7673 16220 4
6541 10715 3
2748 4275 9
2245 11356 6
199 13776 4
9967 16454 2
2876 6969 8
9226 14313 9
1394 7415 5
5767 9590 9
3484 12938 8
2973 3553 6
3089 13261 8
1981 14126 1
3536 10937 9
12799 13623 3
611 11631 1
3804 12322 9
3855 13681 9
15227 16855 6
6963 12817 3
6393 9023 5
9168 13479 10
3588 14020 2
16031 16387 10
7203 16526 9
6142 9559 10
1434 8955 2
8272 16213 4
1635 10094 1
1679 8687 10
2991 9571 7
8729 12559 3
169 3012 7
3342 13613 2
4697 10133 2
305 11998 3
2604 15913 5
1856 2862 9
3732 7655 8
14279 14713 5
4659 15219 5
8623 9443 8
5696 15141 2
6166 11035 10
7972 8676 3
1532 7062 2
1497 4147 10
4023 13090 6
3411 5611 10
842 7966 9
6158 7887 4
4547 10577 3
69 1238 6
5749 14436 4
9158 13889 9
8614 16824 3
414 16113 2
7059 9011 8
530 7456 3
2148 5062 8
2863 14427 8
9085 13509 9
2561 14560 7
8961 15798 8
11063 13930 6
7371 8463 10
9418 9920 6
8283 10122 7
181 13450 7
35 11072 6
11507 16320 1
4420 16754 5
2002 7466 6
330 15018 8
4438 10088 8
11920 15139 10
1700 12575 9
3739 4075 4
5656 12718 1
3489 13930 10
5681 15555 4
6481 12707 4
3226 8763 7
12368 13642 10
4136 12801 2
10746 13205 9
13314 14762 5
570 8071 2
15 2745 1
4252 5787 3
5534 10307 2
4832 5110 7
10265 16889 1
3006 13747 1
5319 11603 2
3844 11947 6
9720 15367 3
7467 11146 1
3470 8604 3
2901 8569 3
7842 10776 6
13527 13807 4
3677 14149 6
3374 4731 4
2932 3146 1
162 6581 4
4259 8948 10
11594 14444 1
10102 13421 4
5534 7469 6
2084 6584 2
6350 12065 4
911 7147 1
10064 13826 10
3900 14749 5
10342 10438 1
3828 14539 1
6465 14521 9
9704 10360 4
13009 14304 7
7415 13558 2
9446 9968 9
5998 12819 9
2773 12478 8
6952 13880 8
8304 15520 5
1701 10024 6
7249 12465 7
5873 15538 7
14520 16716 2
5157 10329 1
1399 6973 9
3007 13353 1
7851 14164 8
5586 6797 7
8020 15590 1
7139 9167 1
3458 6095 4
100 8198 8
3946 14679 6
9232 12418 10
2262 13763 2
5267 10952 1
4609 6195 7
1734 7228 6
11266 13090 1
15699 15791 1
765 2228 10
7796 13660 2
11458 15561 2
4234 15944 2
949 3331 9
2932 5195 6
10413 15049 6
15226 16657 2
3830 9251 5
1192 8596 9
2877 8212 9
2381 13248 5
158 14377 10
4966 16530 4
1774 12400 2
3903 10224 1
5427 13394 1
13281 13335 10
3358 15703 10
6367 14004 2
3159 4964 10
2407 7068 9
8010 8295 3
5200 14885 8
2648 9109 6
5315 12548 9
4068 11436 4
2663 9862 6
1232 10900 7
492 6179 4
12681 16104 5
2024 5592 3
684 13207 8
14341 14830 10
12031 16043 3
1923 7305 8
3466 8187 10
2700 11735 7
2086 15351 1
4737 10372 10
1910 12145 7
616 13661 1
9195 12624 2
11067 13227 5
4292 14114 6
3005 4655 5
7940 11718 7
11401 12485 7
9606 10142 10
139 14726 2
5882 12957 6
6830 8401 3
10143 12147 10
403 2221 8
4043 6479 7
6010 12879 3
5516 15460 9
3112 14977 6
14713 15417 1
768 14187 7
2013 8842 9
10163 11867 6
381 12830 1
6401 15298 7
9928 13322 2
3 5964 8
6806 10128 1
8788 10032 6
745 800 3
5136 5324 6
7537 11658 4
5868 8731 7
10006 10399 6
570 9563 10
9772 11275 4
15237 15487 10
1702 7850 5
14675 14733 10
7220 14463 7
11651 14798 3
648 16735 5
13030 14046 3
10417 11902 4
9132 10836 5
6607 13456 3
396 10349 8
820 11966 8
7315 16051 1
1360 16845 3
2621 6588 8
384 2428 6
13095 15508 3
1367 1438 10
2187 14482 5
6479 8639 4
13218 13529 9
7824 11237 10
5251 6074 1
10098 14581 8
6500 7095 3
10025 15562 7
10552 11073 6
1810 14703 5
161 3169 10
11558 11949 1
2164 12582 9
13557 15543 7
1570 10377 10
4794 13619 6
5656 10772 5
7605 10394 2
982 14395 9
2936 16239 5
12193 13673 6
3547 4610 7
9542 10156 8
2396 6446 6
4061 9952 10
4332 13341 4
2008 13500 3
3537 10737 9
2724 8564 8
3853 12907 4
657 13853 4
10135 11357 10
6832 13802 5
2134 7392 10
12199 15600 9
4663 9030 9
3041 5029 1
2287 6790 6
6857 12977 9
1256 12924 4
3428 12197 9
1780 10985 1
7420 14659 4
4884 15998 1
3439 12182 4
2446 7548 6
7983 13191 10
5862 10173 4
592 13536 1
2343 8311 1
7874 11388 8
3382 5027 9
8624 10481 5
3799 4042 10
7477 10083 3
5642 13530 2
888 5438 7
12574 13945 4
3980 4663 10
3014 7377 6
1120 8452 7
5137 6267 6
1474 4970 10
7691 16346 2
3591 7337 9
2888 8089 1
8694 13610 1
4248 6872 2
8197 13082 3
13403 14630 10
2277 11570 5
4364 14807 1
6769 7021 8
9066 12720 8
11884 13304 1
15035 16926 8
10924 15131 8
13307 13343 1
5347 8992 8
11376 16772 7
6532 9568 9
242 9446 7
1538 9030 6
8558 13267 7
6641 7209 2
14183 16363 1
5292 6284 4
6483 15720 3
5901 8861 6
4197 7992 7
3564 9870 6
3951 7493 3
5357 10977 7
14419 16824 9
1300 12281 6
12259 13679 6
6534 6968 10
2130 4645 5
195 12244 8
5206 12562 3
9378 12377 8
868 2198 10
5100 11488 7
12028 14828 7
13298 14955 1
6419 6746 5
409 13697 5
383 1866 5
14599 14854 6
6695 14676 9
8404 15152 4
8701 14850 9
13316 16340 3
1304 12367 8
6468 7323 4
2527 6399 7
509 15832 2
7368 13143 10
4253 12304 10
2304 9930 4
3847 8275 2
8737 12338 9
3540 5271 3
7037 8125 2
6887 7070 6
5608 6619 10
2786 8111 2
278 13323 9
2879 14149 7
12153 14064 9
8753 16801 2
4087 11814 2
3989 9492 8
346 5256 8
8522 8748 1
7449 13851 4
14762 15416 5
178 7918 10
9268 13581 6
2457 10777 6
5205 14045 1
9687 12375 10
7845 12282 6
1028 8929 9
4004 5056 3
3500 9892 2
4613 9686 8
5013 11257 4
2269 10269 5
3083 9423 9
2318 8339 7
8384 11622 6
7955 10972 6
11235 12557 4
3179 11465 4
3328 5089 10
4177 7674 2
1852 9288 4
7828 16340 2
4708 7637 6
13101 14492 10
5490 11171 10
5229 16805 6
2280 7413 6
5147 12710 9
4882 9403 9
3799 15649 3
1258 3523 9
8666 14008 8
7093 16597 1
1685 15548 8
432 2810 2
5467 15362 10
2302 16244 2
15010 15827 6
5200 9325 2
1592 6935 10
1290 1418 9
531 13728 7
106 1850 5
6751 12369 4
6452 10072 5
8641 11724 6
1881 2921 7
8102 12776 5
95 10924 8
9333 12201 6
6280 10711 4
2821 14554 2
555 8435 2
2431 3610 2
446 5887 3
4676 8099 3
7034 12660 10
13049 15782 5
11950 13285 6
15527 16779 4
5511 13944 9
2212 3564 7
7509 10985 5
9514 14292 3
13309 15815 5
7488 15993 8
7789 10958 8
12155 16298 3
427 15356 4
9534 9663 6
418 7070 1
1268 12190 6
4105 10899 4
14437 14507 7
3436 11786 4
9372 11045 5
1750 11100 7
5979 13755 9
339 9312 3
6594 15736 3
3674 11756 6
2240 15178 1
4675 14676 8
8670 13866 2
4466 4849 4
13448 15749 5
7900 9502 1
842 5258 4
575 13851 9
6557 12676 5
5925 9991 7
391 5743 2
12996 14818 10
7628 14156 10
980 10489 4
3510 14544 1
8188 9145 6
5383 13699 5
12748 15848 6
13338 14842 9
13724 15465 10
4557 8268 4
1111 12646 5
4930 15580 6
10106 14782 5
11492 12167 2
735 7483 10
10797 16982 9
6197 15104 7
3927 9001 5
8669 11990 7
5992 10970 3
476 10446 9
1888 15981 6
1723 7003 8
863 13968 4
1516 3892 4
1776 6412 5
949 5822 7
8512 13537 5
1785 1944 9
3913 9718 6
3983 13667 2
2589 13846 9
8011 14511 3
8006 10185 10
7590 13828 3
2733 15420 7
8890 15588 5
2347 12978 9
8724 13594 5
12866 13077 8
5678 9727 2
5188 13252 5
3413 11207 2
1857 9128 5
3939 9788 4
4324 6486 5
1276 3505 6
6377 13831 7
1125 1793 9
6138 14765 6
13386 15456 7
7079 14950 9
8369 12154 3
9491 13008 9
11616 12789 5
14669 14808 10
5058 8037 6
4223 4911 10
930 7635 1
3104 4414 5
180 10360 2
4560 11891 1
4196 6457 3
3262 6388 5
153 7883 6
3674 15754 2
4388 6505 4
1349 3139 4
7447 11871 6
6096 9808 5
4296 11984 4
6566 14140 1
7973 8698 9
823 10202 5
1639 15335 2
14920 15987 2
2814 16603 8
350 16792 9
9743 14301 10
9478 13712 2
10891 14146 9
5552 7871 3
7089 9734 1
5721 8092 6
5280 11837 10
12352 15897 8
7730 13180 10
7480 10856 9
6581 15610 1
5876 8311 9
3446 12307 7
9408 12020 10
5997 12484 3
241 9747 1
15352 15700 10
9610 15170 3
4756 9046 6
3296 14897 6
915 14444 4
7621 12079 1
7685 8616 9
3777 6003 1
1037 10029 9
7020 7286 8
3813 15100 2
3441 5533 4
12476 15222 10
8114 14141 2
6729 8189 8
14969 16534 8
6750 12841 3
11644 15753 9
1254 7497 1
8904 11748 10
1734 3171 3
6452 9860 4
3282 16972 2
292 13339 7
8928 9351 5
11224 15841 5
1014 8794 10
5307 9600 6
9791 13962 9
625 8415 9
4342 9901 7
488 8617 6
585 3997 2
8822 11112 7
7966 14600 5
9322 10962 3
9534 12194 8
1530 3314 7
6014 9925 5
14507 16047 1
5475 15322 7
8161 10447 2
1693 8200 6
6741 7968 8
7699 9741 1
876 7845 6
4638 14241 2
2510 8494 3
7105 12045 7
6745 14710 5
8438 10715 2
1153 7103 5
8529 8546 2
9217 11958 2
4870 5304 8
1166 3096 2
7090 8997 7
9916 10515 1
13429 15622 9
4579 16306 3
868 2951 1
8038 14678 2
4124 6611 2
35 11433 3
4 11194 2
6129 8122 8
4130 5166 7
321 15213 9
5101 7113 2
4474 10989 2
799 10170 4
14248 14839 9
11880 12464 2
13781 15110 10
9209 11386 2
12984 15008 3
2051 4550 9
13266 15690 9
3424 14356 8
1452 8179 4
10386 14672 5
12125 12582 7
8664 14959 3
5165 12911 6
1051 7264 6
8056 9947 9
12971 13139 6
8171 14924 5
1465 14895 3
11887 14806 7
2647 16904 6
2051 5464 6
1402 13252 1
2062 16099 9
5174 15065 6
12551 15291 6
7921 13769 6
4660 5622 7
7200 12824 9
9418 11996 6
8093 15622 9
9600 12918 7
2277 13145 10
7506 12844 7
13301 16582 9
2322 5763 2
8019 12743 7
4653 8495 3
195 9457 7
1970 3516 3
9882 14441 3
2892 9042 9
1973 9821 2
6824 14857 7
3126 10181 8
15072 16070 7
6832 6834 10
1929 5721 1
8992 15133 10
3919 7657 10
1133 9133 2
1523 2532 4
2686 11247 1
1259 10569 5
8209 14596 1
2909 11656 4
7780 12871 4
5190 11377 7
4947 10512 9
8565 15733 7
11102 13902 3
6116 15082 8
1716 12554 9
11908 15780 7
6492 8368 6
450 1660 2
1562 14941 7
11959 13021 9
3566 14868 6
5901 10944 8
5015 6963 4
7775 11162 1
11660 13546 3
3238 14797 8
173 8345 8
3273 7351 2
450 2658 3
349 1082 2
14080 15390 3
8057 16099 9
5198 14078 3
5889 14209 9
5343 8005 2
9735 13017 9
5204 7448 5
8417 12470 5
2883 13842 3
6413 6893 9
2229 2772 10
2219 16092 10
16 7103 2
6022 14735 1
6878 10144 1
4048 8444 6
5564 10500 7
4889 9951 3
1814 3481 8
3135 11175 2
5869 10871 8
189 7916 9
2820 8592 8
4808 10271 4
110 6228 10
444 4295 9
10026 14699 8
9955 14201 7
1651 14883 2
8369 14600 6
13598 15628 9
1765 16955 3
10895 15785 10
1588 15392 9
6572 12269 4
2177 15372 3
1058 13468 1
911 8142 3
5600 7716 8
7016 10846 2
2328 6921 9
2433 7581 7
12037 15743 6
7096 12989 7
9590 10306 3
4461 8604 7
470 10919 6
5457 5480 8
5131 12526 10
14099 14759 4
3865 13482 10
422 16202 8
8675 14525 3
7345 14813 3
5372 14651 4
14305 16652 2
5816 16123 6
12025 12860 9
4949 15682 2
9406 15685 4
6096 9356 3
8700 10169 5
5324 16459 4
5649 13933 5
11420 15815 7
4720 11342 10
858 15308 3
4429 15491 10
6998 15172 2
13715 15383 7
13226 14212 6
4465 12790 9
2498 15620 3
6756 13446 3
1867 9902 7
11396 13067 10
4135 12254 7
243 11108 10
5474 7704 7
9671 14911 3
2097 11654 6
8043 9934 9
2045 6273 3
4417 11409 9
7902 9735 5
7181 14690 1
1186 7098 4
2227 5082 4
8181 8348 7
1578 7901 8
6508 10928 6
5692 10969 3
756 2338 9
10654 13771 4
463 10569 8
7534 15398 6
14523 15614 2
6063 8006 8
1288 11298 4
3151 3391 3
450 7963 10
5340 11792 8
1442 12471 2
5576 13259 2
4910 11311 9
410 996 2
11163 11351 5
5007 11816 7
5603 10740 5
210 5253 2
2949 14270 8
1969 12000 6
1767 3429 2
11018 13201 5
7756 15820 9
623 870 3
8123 12591 2
2824 3181 4
10369 15440 4
1317 9131 9
6240 8359 5
3623 11562 7
9292 14656 3
10884 11449 10
4746 13913 2
6275 7654 10
1614 3304 2
11615 16401 2
1846 5930 7
5751 15327 6
15248 15487 5
10712 11363 7
10204 15244 8
9834 10825 5
8320 8918 9
579 14198 4
856 2432 3
6350 7228 8
858 14924 1
1241 10170 1
5724 5921 1
5859 13806 2
8803 15072 1
6632 10420 5
2492 12260 5
6292 16965 6
2941 11540 1
7257 13889 2
9991 12785 4
9947 11095 5
10963 16013 4
2341 10770 2
7060 11893 2
456 1554 10
11247 11721 9
3885 10485 7
7823 13439 2
11103 14051 3
2147 12303 2
14899 15289 5
4159 13358 10
3723 8634 5
7956 8278 2
1296 8921 10
10507 10729 6
1173 3892 2
5572 15096 7
5217 8842 5
1452 12808 6
3834 10020 4
2027 16379 9
7648 13396 6
6850 9245 4
10283 14890 2
10350 15377 2
7385 14427 4
2550 5699 3
6422 12597 3
9585 12106 3
4446 7280 8
3267 6203 7
4593 8516 9
625 9991 7
12407 16569 5
6223 11614 1
3303 4685 1
7136 12688 4
13752 14156 9
5074 10010 6
12851 15441 9
2264 7827 7
500 9562 1
10083 16948 1
11047 13144 8
7711 16990 7
2505 7800 8
5385 11263 3
12496 15797 2
3014 14901 4
3160 5295 5
9179 15512 3
10277 11348 7
2466 10511 7
782 6557 1
518 15121 3
9141 12317 5
1905 15288 3
4947 9857 5
4588 14917 7
1380 15701 9
12962 15353 9
6053 13071 9
7422 11238 9
1580 6009 5
5277 6117 10
7225 15763 2
10993 12881 4
6998 11104 5
684 8919 8
7621 8958 6
5060 16236 10
8986 15271 5
5669 10702 9
2337 7559 2
10178 15726 9
733 7552 10
14222 15593 10
3913 9024 8
6494 11511 2
4538 11861 8
7174 13117 3
3060 16787 8
4103 14638 9
9105 13596 8
11288 11559 6
5270 6511 3
8348 15942 4
3895 8211 8
6202 13943 5
14919 15996 4
224 8184 2
2953 15554 3
5253 14046 8
155 8799 8
1778 11273 10
1120 12164 8
7680 14518 6
8964 16463 6
3448 3851 3
3893 15090 10
10521 16399 6
6475 7411 2
9724 12643 2
2013 9898 3
2603 10971 10
4075 15437 8
121 9743 1
7270 10257 9
14774 15475 3
5055 13067 2
4342 5588 1
12235 15923 9
5113 11684 2
3220 11998 9
7925 11555 4
6252 12820 4
789 10571 10
1854 7039 4
9364 13917 7
2992 6499 6
740 7777 3
7136 9000 4
9840 14916 10
3181 3364 8
7978 14831 4
999 3779 10
10366 16661 8
3739 16205 2
163 6048 2
12759 15918 4
11725 15297 10
10783 14738 5
12481 15673 6
2220 13218 3
531 3919 3
2111 2961 10
1231 4521 7
255 12512 3
14513 16037 8
6883 10873 2
3950 12947 10
4702 10126 5
12197 14602 2
6658 9178 2
5912 10584 7
3439 11376 8
568 3326 6
8284 14471 7
1438 11488 5
2348 15486 4
9424 10030 5
2406 5768 2
808 15664 5
3990 11807 8
2506 2990 9
1166 9765 7
9627 11917 8
7252 8167 1
9480 10330 1
5755 5824 2
844 4228 7
18 6672 10
1526 13037 10
6262 12756 9
5132 6539 6
5744 12131 9
3530 6081 6
14083 14727 7
8833 13110 10
10249 13676 4
961 11249 8
7934 10904 7
3095 9699 1
3515 9988 9
5650 12571 2
6194 10917 4
4123 15323 2
3304 12223 10
2177 5166 4
3418 11228 4
10206 11200 8
11631 15628 3
4040 4749 9
7028 13103 10
6117 8346 1
4552 6168 8
1954 10760 10
564 11484 9
6479 14247 10
5526 9974 8
887 1955 9
9385 15457 6
826 7965 8
5636 10117 3
382 5508 5
830 8205 7
7312 8055 3
3927 8782 1
5093 15427 3
5939 8067 9
3279 5972 1
7441 16536 1
8082 11923 3
4262 13485 8
10216 13369 7
4538 11481 7
4013 9846 6
6988 7164 10
4987 8008 8
2525 11517 6
258 3071 7
564 5797 1
29 933 3
4706 13528 5
5094 5325 8
8670 11389 5
6745 6963 7
3412 3495 7
4670 10435 2
3281 16489 5
6661 11142 6
8774 15512 5
2285 14581 6
12472 13873 6
9510 10787 2
3169 8018 7
13103 16710 2
10849 12930 2
3835 8367 7
3418 6065 10
9569 16423 4
3390 11014 1
12659 13345 5
1791 7302 2
3517 3953 10
10055 12662 6
7129 11927 9
14960 15000 7
2229 2453 1
865 4446 1
11305 16417 4
7494 15122 4
2419 3084 1
6127 14645 1
6482 13103 4
10959 14126 1
6267 8113 2
5905 8699 6
652 16995 8
13858 14530 9
341 474 6
8763 14924 8
5647 7641 3
231 13306 2
6907 11936 4
2921 9260 9
5621 7189 8
627 10557 6
803 2711 10
8577 11604 7
7073 13753 1
5879 6736 10
765 4457 6
5960 12668 6
343 16716 10
674 12262 3
1480 2038 2
4081 4313 6
2083 12595 7
8056 8581 1
7376 13192 7
7483 14641 2
14182 16318 10
16853 16987 4
6221 12897 7
229 15401 2
3614 6503 6
10497 16748 1
9222 11331 1
6991 15911 4
1515 11802 5
13978 14554 10
4282 12082 1
2269 14003 8
3590 9630 5
653 11072 7
2434 7138 9
4701 5698 2
6706 9380 8
3866 10407 10
8214 9642 9
3841 14812 1
3012 8936 2
4648 7137 10
7712 15903 8
15505 15981 7
2779 15021 6
1052 10757 2
4320 16956 10
3293 7158 6
4132 9087 9
5522 10481 5
5847 10392 10
1910 4705 7
13392 15565 8
4717 14695 6
5713 12167 6
3022 7923 9
2663 14939 2
8320 10163 7
7989 8742 9
51 13456 10
1414 15037 6
2868 8638 4
3032 14311 9
3484 11073 6
7609 11950 10
6476 14038 10
914 9620 10
995 14467 4
5520 8883 2
6487 12293 7
5780 9837 8
10363 13899 2
2738 10071 1
6817 13797 8
7775 15111 7
6361 12913 10
7539 11831 6
2805 13012 3
7463 10712 3
7558 10114 10
8210 13535 8
5189 10389 2
2517 11882 10
1324 15203 7
9121 12600 4
7907 12152 6
6473 15324 8
3294 6845 3
5167 13540 6
11043 11625 5
2289 9096 10
6501 15653 5
3836 9233 1
1593 7527 9
11394 14703 2
6588 13634 5
5537 9864 9
3561 14647 8
9358 9690 8
5486 11838 8
6080 12185 3
1476 1894 1
715 2161 8
1296 3493 9
2770 8568 8
3051 7101 4
3364 14292 2
5472 8767 6
7440 13465 10
3572 13061 10
2813 4750 3
2586 9279 7
2281 5724 8
466 4681 4
7862 8193 3
4292 7426 7
1960 9750 5
1517 3095 2
1932 13695 10
95 13263 3
166 6299 10
8070 8102 5
9846 12982 4
1743 9091 6
3623 8102 6
1092 3352 2
1408 11560 1
5942 13653 10
3048 9484 6
3811 11867 7
8242 9639 5
9641 13710 4
3228 5245 7
5345 7929 8
6193 13505 9
10332 13946 2
2901 8930 5
1248 6911 4
1416 9047 1
2002 10580 10
9295 16543 1
7961 9837 8
2999 3460 4
730 9755 2
12404 12949 9
3519 11916 8
2876 4788 1
12577 16257 10
12372 13232 3
8228 16012 8
13769 15435 5
5912 11552 6
666 3158 6
664 16871 3
10589 13926 5
13285 13671 6
4500 8694 8
2918 6506 7
2692 8666 7
654 7141 6
12564 15697 9
6018 13883 2
6579 10065 2
6883 12517 5
1234 6585 8
3919 15447 7
6444 8775 4
4720 11391 10
4613 8658 6
3487 7173 8
4353 6865 4
3895 7025 5
3389 8202 7
39 8085 6
2032 6931 5
3496 3518 3
8229 11599 10
7535 7598 1
2802 14255 2
1378 2794 5
2845 8999 2
2591 5857 9
4426 11541 5
4850 14888 8
4717 10159 4
2255 12544 5
1944 8638 9
3138 9511 6
6332 14985 5
3653 15149 9
1573 16862 4
3694 9434 4
7190 10240 7
5327 15327 8
2613 9010 2
274 4773 8
8557 16599 7
6061 9416 2
5409 6076 10
9029 12969 1
4633 14305 5
3060 7952 6
320 426 10
1887 14003 6
12027 14627 10
1032 3022 8
10947 15205 3
6779 9263 5
1139 4932 3
3407 11697 3
13620 14822 6
8644 10177 2
13120 14509 9
3190 3579 9
546 13795 9
3945 9003 2
1567 6524 6
9433 14212 7
7613 10161 4
13097 13894 2
608 12085 3
3776 3883 3
3682 14364 5
7149 7395 1
617 7789 2
10465 12814 7
7783 16931 5
3112 13636 8
13488 15312 10
5771 13611 10
49 15945 9
6847 14151 7
798 2842 10
4245 12669 8
7236 11009 10
4738 15277 2
14121 15082 7
10947 12127 3
3961 9452 2
2290 8897 4
2914 8727 8
3768 8939 1
826 14345 1
8374 14836 8
3033 13655 3
13249 16365 10
6421 16401 8
9780 12034 9
343 734 4
2279 8737 1
6476 14502 9
3940 6539 5
10831 14547 7
2812 11136 9
196 1219 9
6694 11327 1
248 4534 1
6641 6816 7
6596 8130 6
4289 10463 8
12250 13107 8
4984 12138 8
4948 10829 6
3525 15665 9
6636 11542 5
6246 11384 3
3311 7447 3
6070 6465 10
15734 15743 10
2510 9485 3
3258 11549 7
4347 11901 8
13107 15127 2
5085 10859 8
11049 13692 10
5898 8364 5
14576 16932 6
1013 1177 4
13162 13422 6
7339 14365 2
2940 5654 5
1008 4487 4
4012 14214 1
5096 10536 8
4195 8834 10
11876 16238 1
13219 15764 2
929 13252 1
13335 15646 8
6653 16087 2
549 14062 5
13614 16570 1
12256 15940 5
10656 14185 7
3929 10922 9
9822 10783 3
876 16004 7
2811 13945 9
3683 6623 1
10069 16642 1
7605 9639 2
5585 8922 4
2576 9968 8
9021 9954 3
2455 10707 9
638 13744 3
11570 12990 10
8799 10816 10
13919 16650 4
6653 9155 1
5139 15507 5
6789 8220 7
9713 16827 2
3781 14686 6
3428 10267 9
12300 13856 6
2350 5407 2
739 741 5
9710 14479 7
9352 11320 3
6014 8333 9
5295 11649 10
14281 16413 9
8808 12854 6
10372 10607 1
2800 4683 10
3125 8179 3
2508 11417 4
2589 9244 9
3081 13385 4
1262 6494 2
587 14334 8
14828 15669 7
11334 11765 6
2491 11948 10
74 7465 10
988 7118 10
6551 7837 5
4819 5287 8
5178 7453 5
12992 13423 6
1488 7094 3
9991 10710 6
677 2630 2
14717 16243 10
2028 6856 8
3494 14210 7
5890 6975 10
2517 9453 3
2395 13842 7
1703 8290 9
1170 9550 4
5714 6879 5
9502 15254 6
1358 6094 9
5892 7863 10
5357 10704 9
768 9096 1
7280 15390 9
3197 12887 10
1725 1927 9
7104 7923 10
2858 15487 10
12168 13630 5
4353 11938 7
4978 10543 2
7487 7502 10
5375 8756 9
3425 4617 7
8991 11908 6
12184 13197 8
5360 11492 7
7167 15416 10
2650 11612 8
13575 16784 2
6350 16238 1
1532 15204 7
481 15089 1
4452 9498 9
641 3264 1
8484 10585 7
52 6252 2
4781 15647 10
3954 8458 2
361 525 2
6859 16807 2
2094 12403 7
965 11017 2
11804 13356 5
2608 7224 9
853 8706 1
9689 16514 10
8608 9340 7
4792 5721 5
3892 7335 3
11409 13212 3
2338 11569 9
11880 15590 2
1685 13148 6
3527 16832 5
8178 13918 6
2111 13380 3
5113 7503 4
7668 14572 3
6732 6869 2
444 4118 5
14658 15640 6
6046 13287 8
1192 3779 6
5071 5309 6
3232 6040 10
3760 8306 6
1517 8232 8
1864 13915 7
759 8678 4
11544 14868 5
1096 11827 1
6557 15940 3
8182 16177 4
3962 14620 6
2729 3419 3
5531 7344 5
8932 9862 2
1655 6931 4
5780 12075 10
6665 7435 1
12619 14613 7
6806 13886 5
6063 9856 3
1693 11444 7
10753 12466 9
1473 5542 4
4660 5571 4
7262 7510 6
358 13206 1
1636 11373 6
7160 8131 6
8401 16502 10
1888 2993 3
11176 11798 2
3913 12225 1
13611 15665 6
5568 8623 3
2091 12003 6
1407 5292 8
2750 5734 2
8727 12150 8
14172 15236 1
9544 11614 4
9452 16724 9
8983 10421 5
10367 11309 1
1784 15249 2
5201 7008 7
2934 3338 4
1098 5696 6
8237 13568 6
1334 2663 4
841 891 10
9216 14519 2
10102 14028 3
2444 5377 4
6744 16028 8
6302 10844 9
122 4578 5
6237 9449 7
12514 16303 8
8961 13368 1
3513 11494 3
11115 12326 6
2294 9083 5
4013 7114 7
9772 10783 4
2965 5516 7
4769 11528 7
6897 13018 9
7532 14834 1
7471 14486 10
11090 12353 7
3093 13642 9
1664 3145 3
1232 4200 5
10454 10461 2
2221 15955 6
12366 14378 2
4210 5015 6
4665 9439 4
6368 9896 6
10369 14317 3
9268 10781 5
2204 2638 8
2963 5688 1
2308 8325 10
2219 7931 3
3255 12308 6
2400 9281 9
14336 16881 1
4323 8189 6
6323 10250 6
2747 14266 8
11273 15052 4
12217 14748 6
4091 8345 6
9835 15061 8
5314 12903 2
11372 15790 8
11180 11452 1
5513 12432 2
2599 4127 3
5786 10138 7
10797 13946 4
2078 9908 3
5953 9435 1
6706 7855 7
7492 12357 8
6705 15704 2
10715 13557 7
2745 3603 4
1386 9088 5
9642 14589 2
2044 6640 8
3331 14808 3
597 15160 9
5487 5881 9
5875 13947 6
2620 14706 9
13887 14154 9
2272 10300 5
6335 11455 7
2481 12619 7
6732 16982 1
1569 7567 6
7621 9726 7
5307 8224 6
3643 9671 1
10252 10548 7
9738 12295 1
2520 12463 9
3194 14113 3
437 11118 7
431 16853 2
2795 7727 9
2480 3282 6
4480 16457 8
1341 7825 2
4801 12930 7
4221 14020 7
6630 7259 2
5547 16823 10
7116 13222 5
7505 10742 10
2005 4265 9
12796 15480 5
4147 16566 10
5292 12057 10
8957 10739 9
10391 11154 7
11460 13658 3
4328 8397 9
802 9849 6
9710 10939 5
6689 9407 10
3304 14959 5
12069 13652 3
498 12210 4
1579 3026 6
3360 3818 5
931 4614 8
5598 9615 1
314 632 3
3460 13728 7
6859 12202 4
4667 11636 4
9928 14526 6
2682 12785 9
353 14196 3
6827 12813 8
1808 13566 10
7323 13245 6
1938 15445 9
8338 16442 4
7069 7222 7
2529 14134 3
2113 10171 1
2340 10059 4
3632 4997 7
8296 11033 4
4792 14602 7
10241 13703 2
9969 15427 2
8085 14801 9
6955 14356 5
5759 5869 7
8545 9012 3
12128 13261 2
10156 16051 5
9642 14691 1
10445 11004 2
10561 13084 10
1647 8746 4
8267 12226 8
3874 5048 6
7247 11425 2
4132 5301 6
8467 16572 8
12456 12770 2
5937 9657 9
1143 10356 10
1609 16223 6
5167 13394 8
8298 12158 10
253 8054 10
3261 3516 7
896 1207 8
3680 6888 2
570 11953 9
3280 10006 6
6397 12073 10
5179 11678 4
7856 16621 10
12160 12766 2
10964 15869 7
2388 2715 10
1605 12680 7
188 8058 6
11147 12657 4
14067 15031 2
2107 14417 3
4093 4979 7
684 3140 2
340 5989 7
5537 15417 2
7641 9958 1
7000 7048 9
1219 3621 1
1304 10128 6
6335 12942 7
11756 15688 6
1789 3771 3
1707 8483 7
12822 14778 2
7895 12039 2
520 6312 7
9943 14389 1
4015 11912 9
459 9083 1
8999 11564 1
10916 11572 1
8145 11320 9
5550 6909 7
5835 6636 10
4911 9235 3
2503 9649 1
2286 14920 8
4863 7999 2
487 5313 6
2548 12772 3
6917 11342 6
835 15014 3
7315 12699 6
1164 5745 2
5243 9727 1
2995 11141 7
9395 10159 8
1493 7296 5
10087 11474 4
6014 8671 4
114 4351 2
5377 8951 9
115 10171 2
8245 15447 8
8431 15542 9
8031 8457 2
5387 7776 2
2258 16119 2
9814 11197 1
949 6072 4
4997 7410 8
2812 13670 6
6404 14003 6
6597 7554 4
8821 10568 4
314 2462 2
296 490 7
38 11546 7
8 16848 10
3467 13632 8
7512 15823 1
11565 14629 6
5817 13562 9
13918 15322 7
2729 16317 8
5708 14038 2
255 4832 5
5728 8081 6
3781 14228 8
4135 14712 8
4509 10067 4
2457 8350 4
714 16176 1
4862 10403 10
5851 12411 7
6220 6243 10
8833 9246 3
1446 7120 7
1621 2173 1
133 2709 2
952 15201 3
821 7561 4
1592 12548 2
3860 12815 3
1262 3119 2
1398 13762 9
3493 13359 7
2391 13510 1
5739 5992 1
10637 13768 8
3119 7579 1
6455 14064 1
14209 15040 8
10613 14589 1
6663 14364 3
7349 14594 10
240 15629 9
7302 11251 10
6436 14812 6
790 15143 2
12438 14884 1
5070 8709 6
4010 8457 7
2669 10279 1
1946 3844 9
7651 9268 1
10694 16991 10
306 7645 8
3401 14133 1
3207 9534 9
2573 10364 3
3736 8691 5
8129 14923 2
8127 12960 7
1788 4120 4
6490 10076 7
3470 13069 3
7528 9236 2
12689 14391 3
1752 6760 4
1447 16127 10
2212 4116 8
4278 9468 3
10364 11750 3
3611 13013 1
3478 16964 1
5318 15247 2
1838 15240 6
11445 15003 6
62 14996 9
8638 16684 4
5994 10546 10
1490 3952 9
4275 8153 7
3309 10407 2
4408 8591 2
12651 13081 1
5819 13831 6
508 8000 7
6708 10442 9
391 14617 1
3960 14107 3
10728 14313 8
956 9913 9
12702 13646 1
2875 13640 7
8047 11775 10
4868 10391 7
4289 7672 10
2189 14111 2
11250 13551 2
4911 5270 3
733 9286 5
5395 15196 3
10600 13218 6
6244 13630 9
10146 13647 10
9823 14482 10
11086 14906 8
1247 8663 2
13922 15552 6
5279 6700 9
1623 6433 7
3872 15164 10
1703 6106 3
12430 14658 8
13635 15038 9
2371 5387 4
4749 12879 7
3859 12183 5
2539 15405 8
6688 11276 1
3138 10060 10
305 12662 7
7386 15736 2
1584 10071 2
5440 14035 7
713 7318 6
10715 12776 4
6855 12380 10
3648 11726 7
8112 13448 3
4559 9055 7
9661 10508 9
9921 12409 3
3338 14858 9
5185 16343 10
11277 16267 8
5910 16834 9
2952 3223 6
12415 14460 5
9106 10973 1
8500 8854 1
1800 14535 6
2407 8586 1
6390 10818 4
2637 5108 2
143 7440 2
11214 11436 5
3872 14528 3
3522 12660 10
2124 15389 3
567 7981 5
4903 12697 3
5157 13755 8
1801 11523 1
10809 13187 3
10404 10709 8
5288 5528 1
697 15068 2
15355 16272 8
3952 5628 10
2529 8002 9
2265 7134 2
12789 13203 3
5712 7855 1
3942 4172 1
1222 6682 9
2964 9706 7
8778 10164 8
7843 9567 1
2500 7698 7
6569 7245 7
7807 15792 2
4133 14010 2
10122 16009 7
6301 15711 8
3198 5319 2
2110 3482 9
1970 9295 8
2089 16817 4
11175 11304 4
6536 11050 9
12688 15012 4
213 11298 6
6078 14708 3
1316 13666 2
200 6344 2
2589 3993 4
9250 9697 3
1294 7876 8
4755 9617 1
5666 16612 6
356 3477 7
9280 10017 8
3349 11083 1
14811 16325 10
6849 13306 9
414 14359 9
7569 12198 4
8690 14840 1
2589 4205 10
1962 6486 3
2396 11951 6
10469 11582 3
7899 11734 5
10405 10982 10
2607 8299 8
13521 14041 6
7848 9421 3
3600 15512 7
4964 11050 9
8555 13707 4
5723 14968 8
10339 14268 6
996 5008 4
11136 16384 2
337 12683 2
71 2816 1
2336 15995 2
974 11699 9
1815 3729 9
5014 16277 3
6509 13991 8
6873 14955 7
2080 10288 10
7795 12300 7
5359 5911 8
3535 4117 6
2915 7400 10
8386 14967 2
1017 9517 5
1237 8496 2
7894 16613 1
12923 13079 6
4401 7582 7
7703 12155 10
3561 7457 4
3710 10870 10
6137 6352 3
5044 6383 3
5122 15324 5
12778 16005 10
1199 6505 2
10724 14546 7
1176 16235 10
3229 9113 2
6753 11370 2
7192 10945 6
4672 7875 7
12554 16811 10
3955 10426 2
3529 14797 9
9263 12164 8
7493 7924 2
5713 15382 8
2462 4230 2
3123 12118 4
5097 7363 8
2315 10500 2
7234 11715 9
11106 15004 9
11310 16081 9
7328 13984 8
2584 5423 9
1435 13129 1
7774 10321 8
11833 14307 2
6017 16592 6
2690 7745 10
3827 12112 5
84 549 10
1982 4978 8
1116 2527 3
2948 11321 3
6235 6729 6
3295 5901 1
12271 14584 6
3086 6681 5
7989 11985 8
2372 9116 10
6476 10676 10
8171 14396 4
9046 10337 6
5690 8241 10
3502 12696 10
1317 11120 10
10846 14780 7
4940 9988 9
4758 13359 2
9366 13586 7
2353 4842 7
223 6549 1
847 15368 2
4219 15389 5
9536 10368 7
7305 11110 2
9964 15158 10
1079 10930 10
10692 16539 10
1679 9801 10
280 1198 4
10933 14932 3
2159 9068 6
46 8336 5
9554 13343 10
4134 15823 6
11976 15516 10
1437 10825 5
2234 16150 8
460 8118 8
10137 11406 3
4733 8842 7
5637 5663 8
4771 5825 3
10786 16302 8
2607 16147 3
1766 6909 5
10265 13534 2
7640 12383 7
4098 13525 9
3000 10339 8
2573 10440 4
7871 11731 7
13681 15517 7
423 4253 10
306 7367 3
911 11494 5
10793 13030 8
9799 16920 9
7540 8434 5
6671 14835 4
2383 9906 4
2015 5866 1
2891 8280 6
8696 15151 4
4939 8477 9
748 11038 3
8521 12891 8
3532 5371 3
4876 6761 1
790 14015 3
3021 9938 5
11 8027 7
626 1730 5
5306 10596 4
4965 12081 2
10843 11398 5
6151 12938 4
134 10377 9
4015 13744 3
544 9733 1
1640 14328 6
9450 10642 4
3145 3193 5
3511 12943 2
12297 15277 3
6448 11541 6
4094 10119 2
2991 8682 1
9719 12943 6
14590 15445 7
6256 15383 8
1882 3091 2
317 3030 6
228 7063 1
7525 9175 1
1294 5301 1
2307 8651 9
9421 12217 10
119 6572 1
15633 16318 1
1043 7639 8
5888 10111 4
4226 7516 1
3820 14910 8
12964 14076 4
4114 7829 6
1351 13572 1
4757 11051 9
3411 10926 5
990 2055 8
7018 15347 10
945 8195 7
5221 5735 8
9083 16923 8
10038 13304 7
8060 11400 3
3700 15719 5
11938 13785 2
8249 15090 7
5026 12831 8
2387 7080 8
2147 14514 7
6646 9494 4
1695 12703 2
11672 11700 9
8496 13934 8
8879 10828 4
4375 13731 8
390 10007 1
2741 8879 3
5606 9659 6
6204 8100 2
1514 7721 10
684 9073 9
365 8345 9
6392 13186 7
1330 9160 10
7044 12274 9
1437 6519 3
3353 16007 10
8922 10543 5
2577 6410 7
946 10439 4
8850 10276 1
7214 9469 1
3300 9487 2
927 1396 10
3636 3689 5
11315 14434 6
1074 14587 3
10152 11891 2
55 8744 5
5030 5081 4
2098 8699 7
1351 2678 8
1763 7780 7
14155 16662 5
597 9869 6
1603 12028 10
9580 10958 4
2414 13585 3
5937 9108 10
14969 16127 8
78 11391 9
2974 6355 4
5285 15033 1
7814 8627 10
3152 7993 2
4845 12439 3
3579 11952 10
5972 8853 6
602 4549 9
2806 12437 10
7811 16613 3
2495 8739 4
6409 10327 7
2608 9204 8
2910 11445 4
4363 6236 1
860 13190 2
12685 13302 2
505 3154 9
8603 14505 2
403 12303 3
5207 11060 5
562 6993 1
3267 13615 5
7800 12200 3
2904 5164 3
5966 13744 7
7342 14060 10
7476 13030 7
14875 15722 2
6545 15054 3
7450 14107 2
5567 15839 2
290 14113 6
4197 14497 1
5908 12945 1
2510 3166 9
15068 15424 9
3054 10249 5
4418 12512 5
14573 16464 2
11691 15386 7
889 15469 3
11969 14849 4
14896 16411 8
8268 13846 3
8477 16224 6
2933 9743 2
2515 12344 6
8706 11348 2
240 9015 1
3533 5898 6
4247 14228 9
5062 10646 5
1762 7663 9
800 3354 3
8541 11739 8
374 9876 9
8578 13504 7
14469 15429 3
3949 4280 7
1890 3931 4
1541 8575 10
638 1110 5
11981 14925 5
2510 10189 6
2854 5786 1
13556 14568 3
15775 16015 5
708 12816 1
99 3559 1
969 12117 5
6034 8761 1
14308 14869 10
1560 8604 1
5752 6703 3
6698 13398 3
8894 14492 7
2765 4732 6
7943 15297 6
9906 10901 8
4162 14348 3
3443 3683 4
8216 14252 1
9490 11039 2
13708 13842 7
3313 3491 7
13023 16767 1
754 1741 1
506 15149 10
3837 7579 10
10432 14753 10
3354 12559 6
1392 4552 4
827 12048 5
6008 11473 7
7599 16082 3
1825 6199 8
5675 13853 10
4127 15021 1
2296 10956 9
2689 5737 5
5401 7433 4
6240 10822 8
12680 16351 1
4714 7835 8
5368 14996 7
6750 11972 3
10763 15196 2
7444 12856 6
1532 16028 8
849 5546 1
8011 15091 6
5757 11422 9
5421 9140 2
1157 7094 10
3935 14885 3
8941 14456 1
5273 9197 1
7625 13294 8
6407 12574 8
11391 12919 8
7383 15534 8
2347 7161 8
989 2697 3
4829 6441 2
8106 15355 8
2284 11939 9
1951 6094 6
4742 10084 1
6498 13601 5
9032 11670 9
165 11499 5
8846 15433 5
8561 16120 5
4421 14230 9
1739 2073 9
204 15102 9
448 1635 4
4533 7077 8
8385 8822 9
6428 13365 5
3206 10642 1
8029 8314 1
11250 15606 6
8552 11509 1
7278 12483 2
6588 14553 2
4367 13229 4
8426 8610 10
6518 12823 9
5151 14005 5
973 7630 3
12635 16011 7
5451 7487 9
12480 15430 10
310 12038 8
6271 10168 7
1523 3615 9
1214 13015 9
4356 11479 5
3098 12717 3
2179 2529 4
7196 10926 8
11999 15387 1
3508 15456 1
6260 7162 7
3152 8604 2
7354 12981 7
9856 12041 9
2942 8261 5
6484 16582 5
1949 13035 8
1253 2957 8
5745 11651 10
5213 10342 1
188 1378 1
8800 10084 1
62 1239 2
6748 10860 8
2639 13155 9
111 3706 2
5243 11705 9
2890 13874 1
4789 15427 7
9600 13758 9
3349 6163 6
14622 15384 6
2975 7645 2
5217 9442 5
3498 6350 3
7553 16850 7
191 10621 8
1511 6533 9
4087 13369 2
6701 11155 1
4012 14988 1
288 10478 9
10469 15725 2
8848 9687 8
1317 7565 7
4625 9478 8
1539 16064 4
5855 7895 5
8130 9992 8
4462 4695 3
14574 15179 4
1929 4902 5
5019 10612 1
1994 14021 6
12252 14186 9
151 461 5
3999 7718 10
4 15353 3
7023 14010 1
1350 14682 5
1482 2260 10
15265 16750 4
2748 13762 6
10079 13893 9
9787 15194 10
2050 8959 10
5161 9217 9
2012 16053 2
580 6526 9
4903 14988 6
684 13301 9
9677 12163 1
14609 16083 7
6889 15815 3
497 16243 4
3329 4774 5
13988 14952 5
1917 8058 8
520 7627 10
11650 14399 2
1971 8315 2
13780 14871 8
5230 13476 7
1442 8945 10
2518 14319 8
5834 9022 10
178 2089 6
1094 2741 5
2032 13326 2
10694 15219 5
2892 3752 3
8684 13444 4
1584 1737 9
110 8644 4
4535 6646 4
730 4365 2
5107 14333 1
14226 14377 10
8319 10334 2
2127 9199 3
3624 8674 1
3626 5455 10
2094 3752 6
5040 6689 3
315 1483 8
6800 11169 1
3711 5542 8
5739 11017 2
6942 12440 9
3571 16397 10
3743 8565 2
3581 16645 6
3461 14902 4
3707 7961 7
81 475 9
12282 15108 10
9241 12323 5
1371 12307 3
1948 7616 1
4199 6172 5
4204 5264 5
13794 13977 2
7274 10772 3
3888 13588 4
4709 11687 10
8751 15294 9
1199 6021 8
19 8974 6
13990 15078 5
727 3392 8
5234 7745 2
10641 12538 10
2865 3869 6
4124 11542 3
12094 13178 6
4281 15084 6
9280 13508 5
6628 7620 3
6022 13509 10
2415 8324 4
11473 12670 10
6688 13650 10
1342 15823 8
1351 14984 4
11159 12611 10
7573 8554 1
748 16470 5
382 6811 10
7581 15074 9
194 9125 5
4270 14444 1
7580 8226 5
4535 8097 1
3451 4641 3
9821 14521 9
2302 15381 6
711 16153 3
1025 12368 6
12059 12408 10
3016 6840 4
4772 9621 6
6219 14659 6
2566 4540 3
5525 11579 9
12078 13975 2
12541 15964 5
4488 7845 3
235 8767 5
13367 13689 8
6282 15357 3
193 2559 8
4196 15595 4
3010 7141 5
4934 16206 7
3193 7822 9
647 1437 10
6035 8648 2
305 2373 10
2807 14402 8
758 14110 4
3524 12491 5
2661 11530 4
10095 10685 1
5766 9140 9
4105 15783 3
6632 15203 8
1377 15172 4
4682 14629 2
5603 8846 5
2244 4465 3
1964 8103 3
490 8411 9
11258 13981 10
1430 8802 5
767 1630 10
1989 3545 5
2650 6774 6
2105 13451 4
6865 7151 6
889 3800 6
5083 15207 7
7882 11850 6
6338 13434 2
8965 15330 7
15393 15774 8
5192 6343 1
8779 15982 2
13660 15003 3
5328 13476 9
8711 16432 2
341 5853 3
243 8733 10
8409 11663 8
5036 15999 2
909 15758 7
8354 10270 6
5506 6837 8
4090 15209 4
5472 5817 5
2055 14815 3
11621 14022 6
6634 12537 8
6202 6945 8
9391 15369 2
1962 15462 7
919 3182 10
1316 7502 4
3391 13692 10
3628 4842 10
3110 9470 9
4234 9981 1
8506 9080 2
2601 9872 6
7004 9989 8
2848 4902 5
5645 11477 10
5740 10899 3
2518 9502 5
3925 10223 7
3837 7841 2
7575 10791 1
5298 15314 6
965 10785 10
8527 9195 6
14801 14917 9
229 6399 1
4226 6732 10
5476 9692 5
5168 10386 10
1458 14654 4
11746 13426 2
3598 16228 3
1135 7021 10
3151 9138 3
8052 15392 8
6509 14045 4
3575 16714 1
198 10847 9
9389 11164 1
10703 14152 7
2120 6527 10
2759 13451 5
7863 14570 1
2178 14467 3
6767 13582 10
2362 15626 3
4859 14275 4
8470 14627 2
5780 14761 7
10887 13769 3
2358 3008 7
1188 15272 10
9917 11910 4
2606 7133 10
6761 7371 8
7014 8023 4
1154 8982 5
8575 15346 2
2061 12320 5
1781 9613 10
243 8136 7
13067 13409 8
881 3692 8
2562 13568 5
877 8119 6
1455 10226 6
8370 13930 5
13301 14515 1
4655 10589 2
9219 15669 10
9683 14943 6
4955 15650 10
9241 11162 1
10086 12790 8
4886 12971 5
3824 6338 1
7432 13919 2
517 12033 7
8011 12362 3
2685 11311 3
425 14490 2
795 15284 3
815 11706 9
3976 16080 8
12188 12748 1
953 4637 1
3702 4663 6
7376 15192 3
4747 13520 7
2538 7826 5
6150 7355 10
12033 13381 10
2454 5516 6
6603 6789 10
5670 10415 2
4690 10154 6
14344 15356 1
2826 5936 9
4424 7317 1
8618 13954 8
3324 10292 8
7210 13811 3
7734 8936 2
1339 5998 3
3472 10171 5
12585 14994 3
8582 16159 6
3016 10976 1
3600 5678 10
5002 13148 10
1582 12779 8
3810 6737 4
4260 11996 10
2612 15641 8
1676 8112 7
4208 11489 9
5254 7953 4
12726 13229 2
6377 12152 4
11574 15572 7
469 12886 10
1126 2846 8
4340 8773 3
4780 5440 3
9749 12721 7
3754 14744 9
6603 8073 6
6516 7847 2
2449 13041 10
1970 4849 4
3874 14293 4
6941 7091 1
12414 16152 5
4126 15352 6
3396 8369 5
9258 13220 1
8573 14602 3
2068 4819 4
5386 12172 2
2987 8654 4
2416 2971 4
752 4006 8
11006 13671 7
2077 12354 10
3282 6843 8
11776 14709 6
11183 16073 7
4530 7039 10
14385 15526 2
6098 8169 9
8461 9473 3
879 12677 3
14268 15130 2
6739 8965 3
13540 15521 3
2945 10882 10
3121 15126 2
4352 13347 10
335 12121 1
4158 14264 4
2382 10579 3
749 10656 8
2120 2769 2
68 9284 2
2899 10346 2
6417 15440 3
774 13359 8
4604 9333 5
78 16575 5
3597 12411 5
3046 11572 5
7137 12658 8
6686 11543 4
16232 16820 7
4173 15026 5
1029 7248 4
8300 14541 6
9286 9592 2
4555 9138 4
4844 10194 9
959 5122 2
5485 10272 3
1939 11938 1
1413 12889 5
3295 8022 9
6639 7307 6
354 12532 1
16005 16431 7
7239 8494 1
2151 11157 9
1991 11156 7
2959 3822 10
11082 14613 2
6822 13658 7
258 9106 3
4567 6615 8
4521 5580 4
13937 16855 4
9407 10201 10
3697 10117 7
1852 9019 5
12374 15040 6
1933 4447 6
2998 11169 1
1180 13400 9
8253 9653 6
6864 11159 8
1755 6148 3
7804 15376 4
12 2395 7
5719 5754 9
4415 5082 3
4981 6831 9
8369 11162 2
8765 13499 2
3538 5303 4
1178 1757 7
1268 9219 1
9247 16252 4
12415 13784 5
3265 3624 5
1127 10003 7
1378 4538 1
13031 13352 5
3565 13167 7
7372 12360 10
783 12568 9
1955 6096 6
872 3167 4
12536 15481 8
13839 16327 3
5997 10925 1
4784 8829 6
4494 5187 9
6917 11596 10
2221 5129 10
14402 16646 7
1751 2079 5
5143 11942 4
423 7191 6
3368 12384 9
7184 9433 9
2451 16900 5
3131 12087 2
13231 13657 7
7847 10340 3
12585 14859 3
988 7591 8
1916 6848 9
2141 9853 6
5442 9515 1
8418 16498 1
10153 16745 3
4264 7584 4
11659 12113 10
1554 5268 1
9583 11826 4
1545 3943 2
1874 11256 4
14967 15077 4
4615 9947 10
10847 15758 3
4262 14432 8
3973 16984 4
2016 4637 4
1835 11885 4
1812 4647 4
10298 12891 5
546 13384 6
3564 12109 9
6359 10876 2
7687 7745 2
3154 8767 4
8171 8913 5
10299 12457 10
2850 12344 1
1585 15573 3
738 11764 8
13867 14673 2
1120 5989 7
6184 14428 4
3729 9129 7
6174 13053 2
3595 11352 10
14874 15367 5
5709 8999 4
8193 11441 8
9774 12706 5
1212 8912 2
1848 2334 5
6952 10333 6
3269 11023 1
8697 14397 8
6418 14778 9
3868 13820 8
1356 11589 10
5950 6580 2
1132 1648 10
13314 14326 6
7172 12011 5
982 12371 3
10580 15272 1
9609 14621 9
441 10286 1
179 12640 5
4199 16825 6
2683 13047 4
6334 15569 2
9946 12051 10
7947 13338 5
8299 12658 3
3834 9141 4
1205 4307 4
6655 10224 5
8822 10527 9
4915 14618 7
7146 7475 1
4573 11723 1
8546 12021 10
809 12581 2
3048 11687 9
2875 6402 1
11438 12107 8
3108 15214 1
5229 7663 7
8701 12064 8
2364 8728 9
8805 11680 10
9313 13529 6
11739 14402 5
1131 10960 5
2331 11520 6
9454 9984 1
9485 12863 1
7563 10877 3
13382 14347 8
449 12580 10
12931 15522 9
298 13925 3
6933 7308 9
1739 5731 2
3414 9960 6
4360 10513 4
5898 7310 5
6487 10840 1
13350 14307 2
3199 8917 1
11993 13870 4
2754 12053 5
6657 7570 9
2399 7611 7
3502 13571 1
6584 15043 1
3055 8517 2
6547 9771 5
6916 15554 5
2408 6795 4
6854 9004 2
336 11820 1
11805 14700 5
10784 13092 4
12751 14436 8
6587 9631 6
10810 16551 6
6257 8271 6
1475 7241 1
8117 12258 10
1378 6333 4
9664 13836 9
9375 12812 5
1948 5618 3
403 2655 8
6315 15229 5
16830 16956 7
8215 13464 2
5335 6923 5
7144 12467 3
5073 10750 3
2892 6195 1
4557 14526 10
2110 2215 10
14731 15329 2
10981 15102 5
9990 11705 1
879 4830 8
2994 13211 8
10007 11379 4
5685 12643 3
11087 13485 4
627 10726 3
1991 15118 9
5244 15264 2
5141 14382 3
50 13356 4
1117 16456 1
24 9809 5
4134 12665 6
2008 15371 10
93 6833 3
5886 10155 8
7707 10633 8
1202 12712 4
425 7803 6
2915 8773 10
3890 5913 8
5684 7581 6
5222 6386 4
2684 6143 2
14313 14431 9
411 10776 9
6391 14183 5
13674 14688 3
5023 10674 10
4939 5073 10
515 16696 6
12147 14533 8
15531 15659 1
1894 7984 10
6551 14360 1
4008 8431 4
2261 10505 3
3471 5997 5
5455 12034 4
396 1627 10
8879 15246 1
2110 6976 7
875 12281 4
341 8533 7
6399 10789 7
4040 9752 7
11433 11529 9
285 2914 4
5190 15597 10
14582 16308 7
5244 11352 8
4513 8372 3
7663 11536 3
847 8884 7
9019 15087 8
9169 13563 3
8181 13620 1
4260 8791 6
8024 11402 10
8757 8990 4
5626 14577 9
313 5234 5
1492 14077 5
4434 9204 9
10664 11535 6
12759 13640 2
6773 13423 2
9426 16874 1
321 1992 7
6410 7039 1
9152 13894 1
8528 8538 1
2268 4286 10
4027 16056 5
13169 14872 10
7921 9892 3
7508 10810 7
4875 5642 10
3090 7267 7
4702 12450 6
5776 8994 6
3155 10783 10
9388 14039 1
12158 14961 8
7455 14686 3
5843 11988 9
12464 14695 4
4898 8451 10
620 7371 5
3321 12271 6
14044 15430 3
4214 14254 5
2455 7962 9
767 5322 5
6373 8264 6
2786 9109 4
9763 11468 1
5131 10479 5
12443 15783 6
1502 9857 1
54 7752 2
4107 14846 3
1661 1946 9
2033 11733 10
8674 16304 1
4278 10079 7
1234 7207 2
7876 10446 8
11177 12237 6
2632 14816 8
12599 16136 8
4113 15941 8
8946 14798 10
694 3757 10
13653 15670 3
1656 3159 8
3891 7210 10
1371 7484 2
7453 15282 10
5671 6495 7
12932 14738 8
1456 12562 6
828 1027 10
5111 14442 7
5898 13780 2
12730 14739 3
2738 8838 3
2453 14744 5
2366 12105 6
657 6565 5
1067 12990 6
4037 14979 9
5944 13116 8
10188 12480 2
3304 10674 8
721 16320 5
4411 5147 3
12587 12616 10
1999 4255 7
14182 15755 1
12651 14040 10
3067 8448 1
2723 10068 2
494 5513 8
4757 5168 4
9117 11344 3
277 3055 4
14474 14643 7
7591 14182 2
5346 12847 10
25 8080 5
12761 15166 4
1695 4803 9
729 13448 3
7610 13613 9
4198 7473 7
7578 13734 5
269 3748 1
4957 5964 4
7549 14457 3
9207 13494 1
6156 6358 9
4598 13825 3
422 13202 5
1509 11679 3
7321 14993 1
7489 13014 4
1845 3078 7
3148 14297 7
6281 13901 2
13118 14169 7
467 14000 8
3794 8331 3
7682 7834 1
6067 15067 7
5887 7253 5
2523 5302 7
7527 9201 8
435 2745 4
2056 12762 3
9579 15341 4
1851 14884 7
509 11552 7
8366 9194 7
11973 12989 6
226 5723 5
8 4925 7
3130 16780 9
5471 5703 1
6484 8984 1
8261 13859 4
4604 9671 5
5652 7208 5
1497 5839 9
8320 10654 3
10305 15179 2
4039 6485 9
9042 14744 4
12921 13053 10
5402 8604 8
1348 6740 5
402 9861 8
11109 13007 8
7584 13765 8
8805 13880 7
4934 10654 6
14971 16079 6
3459 14698 7
11829 14121 1
13 9639 2
1636 12265 3
8828 13903 2
1230 2989 2
8539 11468 3
608 12020 4
9785 9927 7
7375 14860 1
13080 13237 7
619 14075 6
1567 8585 4
3745 3906 5
9570 12787 5
12131 14635 5
8862 9975 4
2152 14634 3
4015 13088 2
8089 13340 4
5681 10406 7
3278 12961 5
9288 11422 3
7867 15693 3
7022 9971 9
1421 11809 7
7986 15225 4
3219 11619 8
5922 14447 6
1110 2523 2
2052 15078 2
832 13069 8
7301 15022 1
4744 6817 8
11859 15646 7
11776 12431 10
800 12522 4
1376 8112 4
3964 5374 8
7266 13315 9
1284 4165 5
14163 15094 3
10993 14842 1
1094 11823 6
8887 10269 10
7787 11097 7
6143 12878 3
6207 11315 8
6681 12865 1
5775 7928 2
13864 15470 6
3349 11144 6
11893 14283 9
2376 12042 10
722 14163 4
2089 10484 5
24 1515 5
2069 6234 9
8013 10585 10
12138 15251 9
5442 7822 9
8734 16030 5
1693 15027 1
1632 9862 8
3287 8261 2
3331 13656 3
8107 12643 6
6508 6677 10
4687 5857 8
1156 13610 2
253 12907 2
6539 13534 1
10974 12883 9
3048 8978 8
9385 13468 1
1015 9513 3
11522 15415 8
3629 6383 7
826 13306 6
645 4624 6
598 1308 2
6062 10140 2
680 12438 10
66 14874 3
4781 7129 4
8594 12693 10
1070 8072 5
15440 15795 5
13998 15631 9
9404 12168 5
1199 1893 4
868 9979 3
4989 6803 8
4325 6535 9
948 13480 5
6917 15097 2
8034 10198 3
10243 12234 8
5740 7825 9
15080 16523 2
7552 12980 7
7459 14091 9
734 7970 5
3616 3943 10
2124 7013 4
12073 16230 6
1940 10425 1
13208 15086 4
15160 17000 10
8217 9015 3
435 10799 7
279 9215 8
11790 16425 9
3765 10801 7
8152 11727 6
2417 9276 1
1225 11177 6
6296 9926 7
9847 13267 1
12057 13555 4
4596 15924 2
2644 4112 4
4445 9027 4
10791 11647 10
3672 9923 3
1824 11873 10
3426 4238 3
1161 1324 6
9557 14636 5
12536 13343 1
3120 11037 9
7568 14733 6
2952 9189 6
1348 16051 6
7068 13240 3
2581 7202 7
7956 15326 6
10701 14138 9
654 7971 1
2156 5973 8
1232 11978 1
8641 10561 4
4261 9411 10
9074 10291 8
14535 16809 4
3101 16036 2
6427 10646 3
7515 8067 4
5422 8295 3
5148 9281 4
1506 4264 6
2686 10762 2
2137 14193 2
8719 10224 8
7031 13746 4
4453 4540 2
3804 7995 5
8412 10471 8
9597 11877 7
605 11308 2
8382 15351 9
3768 11032 1
6415 8350 4
3379 9725 6
5865 15547 1
4131 8271 3
1570 3769 1
4951 12307 10
3534 9859 1
9437 12477 4
1246 1284 3
137 16952 1
2247 7246 6
3582 12291 9
1042 6545 4
8278 8613 8
5898 15059 10
1640 12612 7
1828 14967 3
4433 5150 2
5331 9073 3
2469 2641 9
5222 13493 4
6258 12372 1
2950 11805 8
701 10138 9
9415 16736 10
6446 14115 1
15423 16063 2
11641 12074 10
5391 9780 10
8911 11933 2
11505 15837 2
6452 14852 1
7564 8242 3
1914 9457 7
1846 12491 5
8330 13843 10
14776 16565 9
9243 13700 8
7253 13116 3
13738 14598 6
5549 14459 6
2076 6065 7
3805 12189 4
2869 8625 2
11189 13809 3
7603 15388 2
2908 5456 3
2964 3810 2
114 12597 10
8805 9243 7
1906 12761 7
7436 9556 2
10668 11924 9
1813 3841 2
6842 15443 2
4112 12936 9
190 8418 7
8081 8180 1
568 11349 5
3386 6935 6
5956 7448 5
253 15320 8
2664 6794 8
13083 15205 5
9527 11665 3
776 7903 4
6902 14725 9
6096 15690 5
4785 15263 7
13042 16596 4
1603 2614 8
13592 14546 10
961 15361 8
14543 14549 6
1359 15665 2
5367 15400 7
13199 15288 3
41 16152 8
3905 9768 1
1068 9260 10
1492 15023 4
937 2537 10
10949 15010 5
3575 13989 4
12440 15168 9
550 10146 7
255 10336 8
3906 11964 1
1309 14890 7
11735 16390 4
5846 16769 4
5487 15565 8
6792 11898 4
14965 14968 4
2204 8270 6
13170 14700 5
1976 14428 3
5976 13772 7
161 3788 2
11533 14307 7
8933 11442 3
196 7164 6
1949 15556 9
3315 6332 3
3393 9913 8
1734 10700 6
3797 14213 4
2429 9266 4
3807 11864 4
3495 7980 6
3727 5138 10
428 9636 1
4716 11828 9
5370 11667 8
4923 6693 4
6908 6933 1
1050 8720 8
1175 9367 8
8124 11636 1
1611 5285 5
1992 8548 3
11384 16179 2
7146 9833 6
2911 15876 7
491 1325 7
6552 8652 2
3565 11706 4
7060 10641 5
2793 9301 4
6841 12527 7
1830 4317 9
6903 9866 7
3918 7884 7
6379 14585 5
3203 11709 4
3841 13880 10
1356 9306 3
3173 13854 1
4295 14333 5
656 6916 10
3296 7279 6
4126 10060 3
4349 11759 3
3117 11779 2
686 2713 6
8455 12992 4
1211 10557 4
8375 14921 9
9693 10339 4
1782 3335 9
7385 11217 10
6523 8185 1
6091 8793 8
8371 14057 10
2176 9720 4
2409 3528 7
11390 15351 7
5500 8307 6
1691 8683 5
2497 15458 7
9939 13713 6
3200 15581 7
7686 9874 10
9670 13020 1
9133 15473 3
10 5440 2
15154 15221 10
9319 9653 6
11890 13005 7
2706 3174 9
5920 13057 5
1303 6846 4
6509 14744 1
4585 15470 10
1131 16697 8
12034 12694 7
4149 8169 10
1449 10722 8
7181 8776 7
188 12812 1
13563 15510 9
4947 10084 1
1174 4237 9
5094 12094 10
7664 13090 8
569 15313 1
8793 13414 6
11069 13367 2
2860 8756 5
10165 14381 3
14143 14659 1
11116 11684 9
1305 7792 10
4169 15433 9
12208 14498 10
7642 16147 3
7861 11777 9
6169 12331 10
3427 9820 4
7027 14984 4
5938 15372 6
6372 7310 2
2024 13847 8
4689 12788 8
6584 13745 10
1574 14845 6
2317 9083 2
4823 6167 10
13985 14589 5
6135 6607 4
2677 9004 4
11006 15012 8
523 5617 9
416 2314 6
4787 8113 10
7365 9841 9
8091 8915 7
4547 8985 9
691 6550 8
10793 15115 7
5492 12047 7
6232 13364 4
7377 11608 4
4906 8795 7
14295 15192 2
13165 16427 10
1900 6086 5
2644 5596 5
6512 12873 8
11847 15016 3
13641 13726 6
3020 5187 7
840 9009 2
4720 14704 4
4006 15841 7
1343 9787 8
2723 7810 1
1024 7805 9
2171 9445 7
5161 12251 2
1588 14955 4
15711 16434 9
7153 13697 2
5797 8071 10
5428 9461 1
156 3421 1
8989 11745 4
6570 16595 10
10178 12418 1
11206 15924 6
5815 8389 5
679 11666 8
7486 15382 6
3972 6071 6
1325 7288 10
6763 7349 10
482 6732 9
14749 15137 3
12278 12387 5
10279 10470 1
3734 10865 8
8416 9557 5
6865 12356 4
5571 8649 7
5128 13361 3
3346 15737 5
966 5660 5
1590 5086 8
459 10934 5
4490 8188 7
865 12122 8
4543 7403 3
8161 16007 7
876 4562 2
9705 14695 7
5246 9658 6
4425 14818 1
3302 4772 7
10153 10910 5
3331 12893 1
7720 12105 8
11057 13747 2
5950 10611 3
5639 8790 4
6683 11154 8
6494 6627 3
2469 3855 6
5375 14877 5
1452 9859 7
11800 12964 4
1174 9406 7
1552 10461 2
3660 6707 9
3490 15914 9
13270 14590 6
4833 8181 10
645 3897 8
9353 12816 7
3173 13472 9
491 10953 10
9465 10842 1
2624 14110 5
7348 15167 8
5626 12213 5
690 12274 6
2334 3789 8
10559 12591 3
1470 4768 5
13666 16556 4
14 12855 9
12251 12436 6
7225 12308 7
1599 7419 5
5171 10889 8
389 2339 9
4703 11429 7
690 10018 9
699 1738 9
8191 12984 2
7454 9408 5
465 10607 4
1811 4608 6
6863 8431 4
9004 11784 3
2792 3858 3
5823 6824 10
2988 10918 8
1968 6732 3
1660 5996 7
1047 1901 4
7672 13859 10
686 2371 5
6703 12004 1
1497 10714 2
5743 10335 10
5107 10224 5
443 8100 9
398 13913 5
13127 14810 5
9989 13983 2
1778 5875 7
903 6547 9
7913 11751 3
725 6352 10
6964 12413 8
6324 10219 2
1283 10022 4
10401 13561 1
9899 11719 1
1980 6763 3
3673 6734 6
4968 7480 8
2228 4902 10
2571 4615 8
5261 9361 5
13366 16160 10
7483 12725 2
848 7643 10
1498 13279 7
4747 13312 9
1326 13721 3
564 12960 7
694 8397 4
7518 9381 2
8826 9304 9
8526 8640 7
5233 9580 1
11852 12339 4
5910 12181 8
1257 13771 3
544 16705 1
12382 13591 7
3821 4410 10
14070 16989 5
2786 8678 6
1281 13016 4
12026 15642 1
2830 8752 6
973 9871 9
5716 11465 3
4656 14846 10
4795 13142 8
10522 16992 4
5445 14364 10
15256 16196 2
107 1134 10
1648 2612 9
6864 13177 9
3390 11979 10
5559 9692 8
1594 15709 4
207 7520 3
4220 5815 2
5505 8335 1
2263 10125 1
1410 9937 7
12195 15253 1
468 4333 3
614 3194 8
1748 16966 7
6162 8430 7
2997 14677 10
7411 8653 2
11002 15628 9
7060 10927 7
68 1633 1
7508 9309 10
1911 12249 5
4502 5958 10
3952 10627 9
4086 13530 9
8329 8717 1
366 5500 6
526 5763 1
9173 12772 3
2902 8300 4
14538 15038 10
6657 9552 4
10255 12440 8
1894 3407 5
6036 15761 9
7858 14146 5
9478 13792 7
11856 14382 1
3006 7964 7
13929 16664 1
659 13245 2
7724 10580 2
7498 15067 9
7923 10839 8
5067 12036 10
2707 12482 1
7463 8207 9
2269 2755 2
550 13990 3
5536 6329 4
5303 5379 9
608 6762 1
2697 2864 8
3848 15315 8
7634 15327 5
7962 13954 4
13613 15234 3
3911 11197 1
4448 7868 1
10254 11497 10
759 12036 4
3569 8145 3
1368 8541 4
4812 16742 1
4324 6205 2
6140 8503 2
6940 9784 5
4002 15046 9
2734 10215 7
149 14668 9
2471 10377 2
2210 16804 7
954 8883 1
12039 13396 10
3824 5666 2
1898 11103 8
8397 11524 1
9665 9997 3
9126 15087 10
5512 7790 1
1980 14579 1
1930 6428 4
5390 11399 6
4101 7027 1
1075 5023 4
206 14355 4
9150 13956 8
4626 4887 3
12060 13114 10
13817 15326 6
2695 12871 6
896 3450 9
3579 8607 8
240 4418 4
78 1277 9
10372 12814 2
1081 3535 6
7249 11378 10
2494 4991 1
1214 4072 5
7489 13001 4
4965 14786 7
2320 10602 4
5374 15177 5
2096 11708 9
9849 16082 9
8254 13614 6
11820 14634 4
4279 5161 6
349 8130 8
9095 13118 5
5678 14896 5
5065 5582 3
7481 8066 10
9343 11162 9
6357 8597 8
2109 14829 8
1218 9385 1
12582 12962 3
6724 15782 7
6914 9815 9
1327 10665 5
2363 10459 9
3497 9588 8
2535 13117 6
5063 7809 7
8211 13317 3
9667 11424 2
5350 14951 6
2430 11604 2
5613 10141 5
7660 9642 10
9720 9888 2
5858 6926 3
10083 10238 9
7590 10902 10
6041 9404 5
8163 10349 1
4297 7549 6
12227 14367 5
15183 15371 5
6978 8766 1
10760 12239 1
2683 9594 2
3686 6207 4
10795 11840 2
5991 11915 6
9176 14094 7
447 12170 9
9315 10052 5
2672 16676 8
904 11736 7
10731 16626 8
9552 14469 10
3091 6378 9
7052 10226 3
7450 10465 8
2993 13198 2
418 12286 1
5986 10482 9
1523 9982 7
1170 14082 10
5061 8173 10
5150 12604 8
10947 13643 7
5500 14224 1
769 10436 2
7115 12156 7
9098 12719 2
1120 10002 5
140 14994 8
2540 12335 9
1050 7295 8
6227 9325 7
5974 15490 6
1754 8546 4
6106 8391 7
1555 5791 8
9711 10917 6
7678 11126 5
6345 15208 3
6541 8315 2
577 14492 1
1677 2893 7
3957 9365 4
8061 12691 5
5404 10216 5
9760 11693 2
3971 6443 2
1431 14309 9
11303 14793 6
1754 2836 7
8989 13252 10
6165 8186 3
7028 10471 7
7650 15093 7
5962 16090 3
5771 16369 7
9674 11235 5
2709 13287 1
9112 15509 5
5151 10851 7
10804 13818 9
8533 11063 5
5435 10944 8
6423 13872 8
10638 16204 10
2607 9765 10
560 5051 6
1157 5247 3
6344 14306 3
9268 12696 8
6907 8510 7
1576 4092 5
13233 14753 5
3132 11429 9
12363 16015 6
624 3753 6
6801 9991 1
4502 5173 5
5618 7225 5
9337 11304 2
1341 8148 1
6718 10458 10
1414 14226 2
10400 13068 5
4253 8908 4
622 5361 4
7053 12669 5
10039 15320 8
7356 15375 3
3921 6471 6
2699 4657 10
4281 12639 6
6949 13976 1
9210 14985 7
3821 4588 10
2261 16560 6
5347 8818 3
4915 16217 3
1729 6682 10
998 8826 7
406 6877 5
10502 16034 3
5012 8588 2
2313 7313 3
5392 14324 2
2094 9461 8
9232 15460 1
3426 6046 5
6439 10101 3
5445 9082 8
4910 11336 9
2902 6176 3
403 12063 3
1955 8831 1
5159 11926 6
12625 16104 2
4796 8901 7
6106 6759 6
6052 13532 9
1946 6757 9
1503 16103 6
11254 14832 8
7280 15885 2
8648 15218 4
2876 11886 7
3162 12630 10
7146 13993 6
5584 10763 3
8954 9920 7
11486 15647 2
749 14971 8
5545 10068 4
6343 13064 4
1862 11119 8
4522 15622 1
6536 8317 2
4748 8767 10
9321 14785 3
1360 2024 8
5670 13309 9
2662 10625 8
7227 8134 9
3787 16665 9
9543 11147 8
5871 8078 8
6729 6932 2
4753 14854 8
990 5035 5
14637 16519 7
215 12175 2
127 8142 4
11877 11907 2
8059 13978 8
12501 14821 7
537 1142 9
6397 10733 3
1502 10224 7
4752 4827 7
11472 12217 2
3177 10832 8
7525 8074 5
1532 13466 7
8777 9539 1
3768 6538 7
5192 6740 9
889 2252 4
3935 14872 5
6183 12508 2
5018 12885 5
5638 13272 5
5062 5767 2
11951 14349 7
1616 4872 5
10650 12400 1
11708 12770 2
14995 15186 7
9053 15140 7
12506 14911 9
10724 16772 7
4063 15243 4
4254 6364 5
7014 7918 7
1390 13812 5
5179 6034 5
1705 14160 5
7024 10226 3
2563 5153 5
7791 11201 2
7503 9706 4
9661 13537 2
14185 15018 9
198 15808 2
6515 10938 7
10145 10190 10
8038 11423 2
8906 9831 10
5071 10878 8
12642 14820 4
10304 12534 10
3263 4981 5
6877 13626 3
8405 10169 1
4077 5975 6
4991 9603 7
1804 8133 4
15220 15245 9
10378 14913 9
8977 13733 8
7045 12208 8
571 10705 2
223 9998 5
9833 14147 7
8928 15411 9
3768 12550 3
7825 16326 4
5939 10724 7
1624 8643 7
6041 14893 8
7790 11252 7
9580 12446 7
4798 14605 4
1238 12424 10
5300 13173 5
4462 13068 7
10838 15670 9
2140 3917 6
9596 12008 8
4032 5394 8
1045 15229 8
5192 15347 8
3581 8321 1
7645 14571 3
10759 13750 4
3382 15701 9
91 11707 2
2140 4410 1
7116 8180 10
4554 8909 8
6623 14886 1
9197 10075 8
7539 12288 7
1036 9644 2
8574 11636 5
5685 8066 7
1265 12037 4
10932 12509 4
9852 16592 5
12444 14582 4
6200 12480 4
8775 14735 5
2609 10001 10
1704 6867 4
43 3792 2
4822 8543 8
5946 12832 1
3616 14453 1
2194 2282 1
6373 13686 2
838 8539 2
5089 14404 1
71 7057 6
1154 5720 7
3121 11491 8
386 12310 1
4277 7939 4
2408 4387 1
9970 12327 9
2902 9248 9
2230 14265 9
9113 14162 2
1193 2345 8
7257 10057 4
2275 12598 8
3688 9220 7
201 6867 1
9672 14644 9
5986 6915 2
4178 7469 3
6797 10724 2
9795 10399 8
11747 15745 2
603 9496 5
11330 15066 2
909 2044 4
3167 13276 2
3415 6427 7
7545 15038 2
10812 13061 10
3751 9885 3
6347 15427 5
3444 11688 4
5717 8259 3
4887 14116 4
6971 8912 5
9458 11617 8
14349 15094 2
1545 15174 2
7884 13636 6
6402 10260 5
3721 10419 10
3946 15386 7
2522 12755 5
442 13994 3
3562 13785 1
3328 4359 3
14740 14877 7
2733 15159 10
1526 7908 6
2297 9957 3
7544 9575 7
8891 12187 5
3907 7211 8
3157 11351 6
11222 15439 3
6238 11250 3
8316 8479 9
7593 14065 2
12488 15821 5
4746 15558 9
7300 10342 10
8 12829 7
2380 4700 3
5981 10960 3
2869 4184 3
3598 4426 10
6397 9962 7
8090 12488 5
9295 10539 8
288 1395 10
3376 8762 5
376 13652 9
9758 12962 3
3712 8696 6
1620 4066 6
3327 5649 2
12612 12799 3
13792 15415 8
2409 5733 4
3142 10819 7
7771 9319 4
10914 12280 1
1453 7806 6
10710 14052 7
8876 12631 6
44 11740 4
10405 15357 9
8181 15281 6
649 2299 7
6833 10878 6
4685 15370 6
3504 13805 1
7460 10456 10
12853 14643 9
2161 8610 4
1007 9284 7
264 8555 7
3174 13177 4
10388 11777 10
9734 11322 8
3053 13790 1
11346 13834 7
8026 9414 8
3822 14359 3
2199 16187 10
114 13080 10
14232 14701 8
9006 14651 4
146 9320 10
1443 10422 3
9453 13975 7
7246 14031 6
6671 10355 9
6775 6970 6
5883 16117 9
2902 12505 3
4344 8725 8
8043 15294 8
6819 7833 10
2567 6814 8
431 1891 3
6099 6144 4
2451 5597 7
5315 9140 5
2193 13796 1
4317 6814 9
10773 15706 8
2243 15453 1
5524 9911 6
2829 12652 2
2452 9465 2
8306 12701 6
11140 13837 2
1107 14135 3
4614 8516 6
12713 14446 9
4827 12636 7
891 5305 3
3893 8861 10
4813 8041 5
2555 3517 1
729 1233 6
5781 13549 9
3190 12064 2
2906 13147 7
2485 7390 8
6983 13048 9
5362 6433 5
7134 15132 9
5836 9452 2
1284 4207 4
11060 13435 5
3211 9610 3
593 10869 4
3936 14998 7
15433 15810 8
12837 14081 3
4057 15007 3
6263 13716 9
3651 12359 1
3411 13104 2
10137 13878 2
3091 6213 8
835 3970 10
2041 7385 1
4177 8364 5
6095 8961 10
318 6334 1
3671 11532 10
8500 14520 3
7874 12996 4
10740 12763 4
9055 13032 3
12244 13897 1
6772 7075 9
8102 10927 1
14499 15702 8
1097 5951 3
2118 13459 2
5625 6806 2
4820 15807 9
1678 16181 8
7552 11494 10
6580 9886 10
8262 13847 4
9848 12760 4
7654 16012 8
931 13737 2
542 7672 8
812 15672 9
160 10336 3
9294 16821 8
4743 13302 5
565 11250 10
12549 14608 3
4994 15321 9
5451 15532 4
5676 14177 2
4967 11172 2
582 1020 4
10307 16609 10
2560 6284 2
12340 12499 4
5746 14674 4
11255 16261 1
11402 14438 7
5724 10866 9
2658 15802 4
6301 9192 5
907 11693 4
1647 4662 3
3903 11101 8
2781 3122 7
2577 7498 8
14455 15542 9
608 11607 7
1955 5656 2
4064 12194 3
5965 6682 1
13642 15031 10
6447 12310 1
2721 16665 8
4268 7057 2
883 13725 3
10010 11919 8
11683 13239 9
7344 9108 3
6673 9609 3
861 2265 2
1003 5982 8
12816 13467 3
7394 14744 10
7681 14762 1
3105 6305 3
3046 16322 2
93 1512 9
9466 16271 7
8001 15604 6
530 6315 1
14620 15498 9
6658 8130 4
2977 12457 9
4946 6866 9
2547 10141 9
1031 14343 7
6527 11538 2
1572 5524 9
2341 2737 6
4327 13487 7
10103 14522 7
8191 10689 3
357 1260 5
1520 7363 2
9 9552 8
6004 15206 2
1827 15914 2
3542 13825 9
3528 8576 1
4844 10770 5
3543 12232 1
1156 16549 9
1657 7425 8
682 14780 8
11303 16502 1
3568 12511 7
6525 7810 8
8714 14821 6
8629 13755 9
6391 7190 7
2929 6081 2
2042 3234 10
2352 3111 1
610 12785 1
10021 11234 4
2392 8117 4
6339 10968 1
10842 14238 9
6197 10557 2
6215 12401 1
33 3310 7
1268 9627 10
3416 12008 2
12022 13570 8
10097 14788 2
7223 12234 1
4145 10527 9
6096 8639 7
6827 8188 6
6226 8627 6
3399 11906 2
271 8331 4
1295 11918 5
10317 11401 4
10375 11786 6
9648 15687 5
766 5635 7
11408 12545 1
5344 10156 9
405 8695 4
11741 15156 7
552 9857 5
7062 7977 7
1443 3249 3
3081 4893 1
4074 10155 2
5634 8006 3
9121 10615 9
5216 11495 10
7312 10510 8
2246 8931 5
3605 7992 3
2255 8531 6
7934 8159 3
5196 15273 10
3497 11510 9
6160 15349 8
2796 12770 5
2304 6417 5
2581 2816 2
9526 12057 5
734 15143 2
3653 8312 2
4578 10015 10
1213 13054 9
10915 14085 5
404 11328 6
6856 13076 9
70 12841 9
7318 13097 10
1300 15354 8
10946 12254 7
9089 12445 5
6028 15616 1
10262 15681 5
10372 11904 8
5481 11066 6
3562 13789 2
2359 7604 10
1413 10561 6
4388 15470 5
5036 10891 4
389 7008 7
7359 14398 8
1557 10578 6
5172 10773 3
14223 16994 7
6413 8990 1
384 14089 10
5212 8687 8
8560 10411 8
5088 5284 4
660 12193 6
4831 8087 5
3474 6153 3
12549 13589 3
1236 5556 8
11968 16406 6
5952 14764 1
146 3282 4
7775 8726 10
3687 15660 4
3303 16817 7
1172 2638 8
1714 7691 4
5780 8850 3
6561 16742 4
534 14054 6
1405 5392 9
57 8834 7
244 5229 9
1012 14602 8
932 10802 10
3923 9329 8
5571 14082 7
8290 12208 3
5249 6749 9
10425 11248 2
1520 8333 5
6191 12640 4
923 5559 1
4478 5585 1
3294 12030 7
47 6859 8
6619 9029 1
6227 12294 9
4364 8808 3
9575 15358 10
12179 14187 9
5182 14776 2
12044 14253 3
1503 1642 3
6480 9351 9
2093 4064 5
12477 13076 4
2810 6312 2
10003 15574 5
10612 13467 9
7129 12910 8
2001 6637 2
3319 15743 4
5057 5751 9
6306 9608 8
7067 12053 4
2105 7168 4
2961 7451 8
6674 10472 2
1991 4068 4
9898 13876 8
916 11419 6
6920 7279 6
537 3479 5
487 12239 10
5212 10822 6
7699 9557 9
11750 15179 10
8434 11080 9
371 5545 5
8699 16118 4
5181 13101 2
7490 15257 8
3975 10122 3
6359 8708 10
4620 15159 9
10168 15570 9
2397 4614 7
2772 13868 9
7956 12982 1
9152 10145 1
12697 15696 9
2593 5584 2
1131 4908 8
2687 8869 4
2804 4178 5
1606 15064 6
1602 13036 2
3056 8540 4
8177 9070 8
558 11927 4
1917 12444 8
10374 15675 6
1345 8866 6
6426 7989 8
988 4612 5
4804 12473 5
9256 10989 9
4305 6962 8
4267 5941 4
4064 7881 5
3451 11022 9
4774 6570 3
3268 13903 10
13538 13879 9
14132 15300 7
2393 9952 10
10680 16721 6
8169 16848 2
8332 12508 2
6449 14030 9
2697 7502 4
1013 4752 3
2977 6056 9
2056 11483 4
7793 9224 9
7721 10336 5
8801 10790 6
5918 8542 2
36 13721 3
1733 15275 2
5500 8395 7
8135 11173 9
7674 13026 10
8606 8678 3
1766 7341 8
7497 8198 6
4903 9695 4
5757 9708 3
9372 10980 7
12625 14648 9
3264 11000 3
6023 7599 1
4937 6544 6
7829 15278 4
8492 14466 8
29 3009 9
7688 15675 9
3794 13835 7
3030 16501 9
90 8550 2
6428 12901 4
7178 8250 2
10115 13111 10
4582 6854 2
1884 4573 8
3113 7638 4
5284 13726 8
2193 7489 8
10427 14909 4
8500 8537 6
11580 11795 1
94 3437 8
2589 16195 9
5281 8079 8
12557 14653 10
1134 2373 5
8776 14122 10
7851 11484 4
5228 9639 10
7046 12987 6
488 14121 4
14554 16125 6
7594 16327 8
10202 13511 5
639 3114 4
5842 15717 6
4916 5462 3
1232 9762 4
2167 10114 7
2258 14652 4
541 14758 2
3563 13277 10
3365 11563 5
12400 13321 2
1759 7493 7
6373 8274 9
570 15078 1
5024 12818 6
4812 12721 3
4391 11724 1
8498 14953 5
2823 8435 9
975 3323 7
5121 7556 2
11457 14117 2
4228 13261 6
9743 10503 3
11444 16175 4
4007 8831 1
10472 13493 4
7881 15133 6
451 4761 10
268 10230 10
15340 16193 9
4281 10096 10
2760 3810 6
6188 11982 9
7438 12753 6
10128 15721 6
9912 14479 7
6888 9986 9
10815 14236 1
2871 5566 10
503 5996 8
10944 13437 3
2002 7850 5
1467 8417 9
1004 7683 7
2300 3283 5
2024 4552 4
8766 14241 5
8711 12666 3
10820 11571 8
6346 8967 3
1575 4442 10
9074 11767 8
3253 14426 2
8982 13825 3
118 11647 6
60 8953 8
5795 13827 3
11517 14036 10
233 2183 9
1613 9574 4
8378 12648 6
8351 14333 10
6690 7592 5
3630 5867 10
3357 4944 10
10376 15754 4
8760 14867 3
3359 15853 4
1071 12520 8
8921 11332 1
1425 9476 10
3939 11045 1
9338 13316 6
1325 3633 5
5335 15308 5
2422 8980 4
3224 13077 6
9101 14552 6
4751 13252 3
4707 12346 9
7847 10061 3
4762 7202 10
2328 16297 10
14677 16758 5
320 15259 10
4831 10466 8
9918 9955 9
8259 11005 4
2624 12940 2
1129 2971 10
1538 16894 2
1809 7517 9
1229 14964 7
4705 7844 3
10802 16089 3
4606 5143 10
1480 13065 1
5822 7713 6
988 12891 5
2810 10190 3
5506 14133 9
5946 9803 10
3971 8974 5
10850 14533 6
5028 16753 8
1452 11290 6
13551 16337 8
2742 11706 1
5379 9151 8
6973 12768 2
2156 6074 9
5183 10655 3
5071 7445 6
3474 14295 8
8310 14286 6
2479 13047 2
3242 11737 1
4527 10217 1
2051 15765 8
9798 14871 4
10805 12539 9
2524 16954 6
10933 15096 5
397 3783 9
7110 14187 7
2756 2890 10
12141 14232 8
11 15293 9
4173 13121 7
1105 3799 2
3100 7354 10
12783 14630 1
9242 15744 2
2865 15543 1
8916 14125 3
2993 6134 10
11602 14415 2
2402 14076 8
1732 10927 2
3631 13413 3
5982 12617 6
2191 4949 6
9729 12817 3
429 6025 5
2117 13367 2
1023 7906 9
5710 13372 9
1451 4981 7
5298 10580 3
873 932 2
6142 12847 4
9956 14753 5
9576 14290 1
710 11649 6
6918 15869 2
11920 15408 7
7128 11495 4
5310 16754 6
14513 14989 4
8672 8880 8
6319 11919 6
807 1028 8
4428 15610 5
316 12509 5
2352 7009 5
3390 15747 8
10769 13501 8
11059 14223 2
4100 5815 7
668 13104 5
5494 10183 10
5209 13609 5
9895 12165 1
5600 5660 8
4313 7869 8
440 12827 2
1774 5839 1
5001 7442 4
89 16521 7
998 4124 1
13243 15490 2
1122 8044 7
1220 10169 4
1777 13805 1
7353 16903 6
4841 14215 1
102 9855 1
12778 15444 7
6055 6934 2
13481 14746 1
2378 4591 7
4936 16671 6
1243 12506 10
11590 12372 1
11074 11623 1
32 15837 9
8698 14857 2
8340 14835 3
983 8567 10
8255 14695 3
10202 13816 1
6297 13969 5
425 12541 3
6602 13220 4
12815 13640 4
3191 5583 1
2066 16217 3
6556 14346 6
970 9494 5
9299 11814 3
2389 12927 5
9624 12964 8
1685 13146 5
14201 16188 2
448 3250 9
12536 12906 8
3412 13064 8
5461 8377 6
985 10958 6
7018 14023 8
4982 10988 5
9754 15836 2
8952 11652 7
1189 8646 6
1099 2172 10
3068 13487 1
7003 10939 6
6725 8869 3
3402 7647 3
3090 11775 6
7771 13785 3
12309 15719 6
8228 12939 10
4535 6703 9
2576 12420 2
12280 16612 3
234 3391 1
7719 13274 3
11202 11398 3
3642 13221 10
6693 11664 1
11892 11949 9
3978 12575 8
8153 14781 6
13024 16660 4
4647 5649 5
12386 15354 8
478 14377 1
5020 11225 1
3218 8706 7
11940 14578 9
5493 11186 10
2796 6643 2
11344 13676 2
4986 14397 2
6727 12990 1
10516 11558 8
1014 12369 6
14518 16376 8
461 5537 10
6779 13606 10
4446 9139 10
5977 7285 5
779 15049 7
3519 12138 9
4600 8169 3
5696 16920 1
10329 13421 9
3033 10443 6
5948 13312 2
11706 15859 8
6611 7835 3
683 13456 7
9423 14445 5
2701 15507 4
7318 8202 5
6916 7184 9
1743 3377 7
6474 16704 9
10595 13051 5
653 12622 3
2107 10453 1
3280 4557 4
11316 11438 10
3985 15737 4
9165 13477 5
5270 6620 4
14924 15833 8
6277 12538 6
1485 5137 8
2016 5801 2
293 12740 6
712 4158 3
6277 9072 9
11329 16227 3
3006 5144 7
2300 5548 10
3212 9832 9
12127 13694 2
1397 11439 8
3347 7714 3
8218 15038 6
10374 15613 1
3669 9159 4
2296 5818 2
9847 15620 7
457 697 10
7059 16367 7
5607 10809 1
9224 13132 4
2701 14424 4
10862 11960 4
7980 13059 10
4335 10461 4
1933 15028 3
5320 7976 3
609 10069 9
3893 9258 3
11995 15395 2
7908 16199 1
12718 15031 5
1440 3807 7
1016 2101 3
13008 13596 2
1119 7214 2
5847 12592 4
4330 7140 6
2932 7278 7
10138 10491 9
4057 14219 9
6686 16519 8
6928 12615 3
103 1703 2
7573 8423 3
6951 13562 5
10319 12119 2
1934 6788 2
755 7561 7
9857 14244 1
6960 10956 9
5871 7016 2
2347 12259 9
3168 9363 2
4913 11665 2
3672 5097 4
12607 15712 4
498 2834 8
5637 5653 2
384 14376 7
2906 13517 9
4751 12772 9
2255 6920 3
2640 3484 3
1293 16743 5
2031 7316 2
2540 13796 7
14794 15574 9
4905 11100 4
7384 11565 1
1481 5463 4
2125 14754 5
14097 15459 9
232 15590 4
2119 10862 10
5871 11487 3
3272 8562 7
4277 10730 4
2554 3036 6
2092 2464 3
10715 11645 1
15069 15374 5
2288 2381 5
3366 7308 2
3280 13525 5
6034 8764 6
5156 15202 6
4754 10774 2
4445 9635 9
5725 15112 5
4084 14124 10
4584 5995 4
8682 15605 8
10191 16112 2
3861 6460 6
7064 10420 4
90 14545 2
10734 14472 2
1420 1847 2
3691 9332 8
2858 16374 3
3150 7395 6
5927 9313 9
7443 11027 4
2975 13260 7
2843 10482 3
883 11563 5
5706 7884 2
7092 16597 6
6637 14072 9
6806 10351 5
6988 13051 2
5401 6246 7
3568 5076 10
2346 12812 2
1047 11809 6
5710 5746 8
8179 12754 4
7139 11354 8
8931 16368 9
4529 7143 10
2599 15302 4
4461 13245 5
568 12004 7
8276 12708 8
8609 9052 5
8979 11805 10
2622 12976 3
5618 11108 6
11490 13734 5
5435 11796 10
4937 13008 8
4198 10514 9
8694 12258 9
5087 9618 3
5894 10445 8
2976 3864 5
15583 15930 7
6270 9454 3
1760 13213 9
156 10660 9
1193 5276 8
5099 9023 8
1958 3094 5
7521 13272 10
5754 10629 5
7195 11005 1
12121 15920 9
469 13163 2
4400 15153 1
10921 12644 3
7889 16012 2
3907 8044 5
3364 8799 5
9408 15983 6
3400 5772 9
9192 16595 8
3037 10861 6
10283 15314 3
11639 16123 8
3366 3493 7
2598 16561 5
3070 7797 7
2052 11954 10
2779 6753 2
10410 11370 5
6234 13130 9
3817 5596 6
6183 10214 4
1429 7135 5
7199 15047 5
1531 3905 10
2073 13968 4
2063 11982 10
4889 10835 7
5328 5515 4
11716 12033 8
4611 12105 5
10489 13680 10
5580 12555 8
831 2142 5
2603 14887 4
5657 7686 6
2070 3070 1
141 504 5
1800 9839 7
861 2964 9
5353 5988 10
5820 15481 4
3316 4915 2
1162 11510 1
9245 10786 10
5574 11581 2
12049 13319 3
11261 15648 10
9884 14258 10
7111 14310 10
797 8215 5
8384 14577 7
6734 13647 10
1784 2016 8
7225 13876 5
11230 15701 1
8013 14957 4
2299 9223 9
11617 12955 3
10365 14255 5
6273 12769 8
2829 9672 8
5040 12731 2
5657 10360 5
10006 11024 6
529 1998 5
6443 9203 1
1489 13059 8
6076 13276 8
2012 8573 1
4409 9081 9
7451 9299 10
3290 16506 10
6799 12210 6
3286 14968 10
3798 11379 9
1679 12077 7
779 10755 5
2360 16226 8
12901 14307 3
2209 15233 4
1663 1941 4
9400 10609 4
87 15873 4
1197 9492 9
5559 7188 9
334 4720 10
9331 14554 3
5571 9684 8
313 2907 8
972 6129 2
2974 4444 5
2857 9025 9
8804 11172 2
924 10970 3
2332 13463 6
3263 10123 6
10193 12877 1
8698 9909 9
142 707 6
7256 15610 6
1051 9050 9
10507 12976 3
9283 10885 8
3880 5371 3
2689 12965 4
5584 12349 7
3923 10541 6
1400 5348 1
7388 10632 1
2978 9485 9
5069 15030 9
3459 8670 9
2461 15787 3
12851 13727 10
6548 15460 7
6276 7808 7
4730 10306 3
1192 16604 7
8646 11052 4
5621 11182 7
11088 12416 9
2119 3934 10
4518 5463 4
1972 9153 7
8101 10192 7
1054 13516 7
4768 9659 9
11377 14544 3
3367 15883 5
126 5439 2
4905 5736 5
218 11319 6
4150 8010 6
4501 12566 8
6917 14576 2
10501 13749 4
1546 2538 10
6368 13779 1
11052 11553 1
1728 11453 5
2993 7979 7
2942 8081 2
12062 16808 10
7938 10714 9
15008 15239 3
1311 11520 6
11185 15059 1
6679 14621 8
6018 10250 2
5788 15061 10
956 2192 8
8316 9571 5
2313 6386 4
4374 16625 3
12304 14055 7
6032 8952 1
6025 15724 5
6979 10150 5
4606 15654 1
4644 11399 10
11227 15592 6
10376 15782 5
930 12569 4
8493 11024 7
1353 9944 7
11866 16199 7
3245 7081 1
8376 9415 5
7883 15134 10
976 8946 10
4283 13805 6
2227 8156 1
1029 14523 4
7498 14471 1
11250 11278 5
8638 14043 10
3547 11594 9
5673 9424 7
8676 9236 8
5418 7415 5
7438 9476 4
1226 1345 6
1623 11569 6
2543 14228 9
6233 16079 7
9174 14475 8
7870 11609 7
4447 4526 8
1489 10183 8
3272 13770 5
4285 13375 1
4154 5607 10
5988 12268 6
5525 15343 1
1528 6958 3
8291 15124 1
3801 15048 1
11966 16478 6
7271 14252 10
3601 15267 6
3746 8926 2
7101 9021 4
715 8174 10
4487 7027 5
9054 9969 7
2012 12298 4
8204 15759 9
2664 9060 2
7310 10184 3
11829 15483 1
11919 15904 2
11202 13273 2
8447 10033 5
10730 11043 1
2004 16741 3
1551 15695 5
414 9464 10
4460 5630 10
1972 8857 3
2556 15575 2
1648 16078 5
6669 8792 7
3293 5120 9
3112 7658 1
636 5118 2
5469 15850 10
1431 13117 1
10085 11049 8
7896 16128 7
13451 16868 4
365 6223 3
9485 12355 6
11886 12787 6
7806 8788 7
5257 13910 2
4006 15490 4
10157 16523 4
10773 13031 1
2487 10133 1
1490 16246 10
2733 7249 3
3608 13178 3
8024 11175 7
5899 10343 1
312 3724 3
3059 5578 2
2398 14575 8
12898 16965 3
832 14204 7
5638 8454 4
217 7559 9
634 6857 7
5323 10587 2
7702 11981 5
2311 5710 4
10882 13717 1
431 3338 2
14005 16040 1
1556 8095 10
2975 13132 4
1765 14065 5
4214 16194 3
13520 15529 2
4814 13406 9
2393 9745 7
1806 16684 3
5906 14129 1
14159 15311 9
6810 12418 10
4249 10500 2
2511 3552 4
647 5865 1
6203 7407 3
1152 4362 7
2313 5601 7
8853 10362 7
5622 11442 2
381 3574 4
1782 3681 4
4919 14786 1
6279 6948 3
3071 8191 8
694 12483 4
5791 11053 1
4945 11081 8
3836 9007 5
3137 9804 4
4141 12090 6
10158 15168 8
11071 11889 5
6344 15604 10
2221 15072 3
3825 12019 10
8566 14545 6
1254 3523 1
4753 11134 6
10632 11964 7
2463 13181 8
740 13817 10
9130 13516 6
2317 12551 8
7574 13082 10
14985 15656 10
7042 15258 1
3054 12132 1
458 7867 5
8605 10024 3
101 6830 7
4789 14749 5
3582 13385 9
2072 14139 4
11651 16191 8
5096 6132 4
6449 9673 10
13057 14784 9
8390 12656 2
8618 14127 2
977 16013 9
6390 13655 9
7673 12809 5
4599 9415 5
7624 9728 6
2627 9380 8
12811 13065 8
3155 3356 8
8937 9036 6
13534 13672 1
8365 11509 3
5934 14904 3
12095 12934 2
6371 10682 5
1226 3996 9
7460 16745 4
7106 9772 4
2922 13129 8
2952 8691 2
5348 8043 1
8494 14543 10
12269 13159 9
7413 15342 6
603 2936 8
1084 14671 8
6446 15566 3
1891 12751 7
1263 10654 4
3130 12203 5
9430 10792 7
5647 15531 6
2741 3798 6
10894 14189 2
1228 2233 7
106 16982 3
11997 15304 9
4255 12933 10
3237 15184 9
8159 8873 9
3207 3339 9
1064 9082 3
9231 10951 8
2099 14249 4
6496 9802 6
4953 16277 7
14629 15558 7
8408 13289 10
1595 9983 1
86 15129 7
1906 3338 8
579 12266 2
4052 5118 10
4414 8050 2
9125 10679 2
9648 10096 3
1572 6680 3
4254 4286 6
3065 13702 6
6925 9540 5
2461 15514 5
7211 11494 2
5316 13252 9
10954 14125 7
3900 15082 7
3570 15656 1
319 5413 6
7900 11254 6
6509 13938 7
15764 16816 3
3397 10030 9
5291 11015 4
11233 14602 1
3841 7083 4
9655 16083 10
6077 15320 10
6170 13269 2
6999 8281 2
477 12706 6
3110 4911 1
7666 8599 7
5955 15582 9
6771 10427 8
7474 13728 8
14078 15795 8
3425 3984 7
7602 13908 7
6283 12039 1
1262 3396 10
3567 3661 3
7675 14965 3
9299 14902 7
2058 10360 7
193 10459 7
5804 12973 10
4311 7807 4
706 9979 10
11670 14926 1
4137 9755 5
5492 10747 4
2449 11606 2
7048 10897 8
4727 13493 6
9950 15748 9
5565 7894 2
6509 11775 8
5858 8769 5
1097 2077 3
1065 5459 7
670 11612 6
5399 6514 7
8961 12017 3
2825 11451 8
10571 15362 5
9924 16540 9
3597 15711 5
2249 3331 10
3585 5997 5
3526 11955 5
4560 13274 3
3597 9715 1
1336 15225 4
2617 6123 9
7683 10812 6
2300 8530 2
12268 14309 1
14876 15588 9
5312 11646 10
5813 6315 4
6610 15511 4
4991 10397 4
5867 14565 5
11628 14432 6
486 10964 5
4371 11108 5
8634 15028 5
11649 14562 4
9089 13955 1
73 7710 1
7758 12600 4
12852 15911 6
5246 13311 4
1013 16956 4
8915 16894 1
12956 13302 10
3758 11272 5
5013 11372 2
2064 10215 10
11111 13975 5
14260 16275 3
9857 9982 5
6446 14242 6
5011 11858 6
13241 13493 4
2897 8467 8
8933 13056 5
1163 7967 2
2610 13268 1
13215 15213 5
6783 9936 8
3898 14458 4
5778 6717 10
2659 8728 8
6165 9183 6
9539 12426 6
10298 15573 4
9259 11808 10
2011 3014 6
9814 12563 7
7453 11012 5
1954 2676 3
6243 15610 7
9805 14516 7
9107 9621 2
10412 11714 4
10522 14295 9
8394 13265 4
9679 14287 2
8468 13254 9
512 13951 8
7116 7256 3
8414 12783 2
5347 8843 6
21 3261 1
4964 7356 3
2514 3726 5
1661 10867 2
415 7739 9
1744 14600 4
3767 6708 7
232 959 3
11938 14879 6
9826 14394 10
1328 1839 4
2973 13806 8
11031 14332 3
6752 12556 1
2629 15660 8
1740 13062 2
10999 13833 2
915 7666 3
1020 9097 9
9764 9782 3
14008 16084 6
4174 7068 7
6455 7948 4
1629 9020 6
2859 8439 5
1228 1266 6
4563 13096 1
10644 13544 6
1507 10223 2
1126 10936 8
9466 10477 6
5092 6236 9
5869 8446 2
1592 13099 9
10185 14144 4
3945 7718 5
158 11761 1
12037 12258 6
1612 1981 6
3574 16649 1
3726 12239 1
989 3914 3
11737 15922 9
3198 10900 10
3883 10964 8
646 9153 10
4707 7828 7
4652 5030 4
12536 14589 6
6057 14265 3
8929 11623 1
4796 11525 6
6942 16324 10
10875 11023 4
1430 2297 1
8517 12701 7
4579 13498 4
4351 12300 7
1442 10560 2
6644 11337 10
12821 14196 7
6356 12530 3
953 7268 10
10439 11556 1
1912 5328 5
4718 10926 2
2703 6850 3
7212 11014 9
758 4981 1
11333 13273 4
3316 5819 9
200 517 4
1644 11455 1
4779 9450 9
9245 14387 10
6254 6651 2
1533 1927 10
6189 13993 6
5905 16912 4
13008 15724 9
2137 10334 5
4397 5960 3
5565 7363 1
3825 3876 5
5124 11508 9
6986 13482 7
2297 15298 8
4607 14394 10
6636 12565 6
3417 6404 10
15214 16284 2
14962 16756 7
4202 6977 6
111 2491 9
4082 14382 9
3131 16524 3
3051 10920 6
10742 15367 8
5843 6068 8
3133 8654 7
5862 11504 3
6245 12065 6
13468 15450 4
4560 6721 3
3689 16224 8
10484 12801 10
4684 11516 9
1748 5659 4
6397 10001 8
4927 5309 5
10180 13237 2
15928 16392 10
4085 14418 1
3247 5608 4
11292 15723 1
4846 11606 1
6298 12602 8
2664 14334 8
1102 13106 4
9786 10796 9
731 6819 1
4559 6697 9
987 6274 3
7811 16155 8
6037 10403 2
1593 10483 10
5054 6585 7
274 11917 3
3836 10952 10
6298 11586 1
7164 16080 5
7101 7601 3
2249 14759 7
215 10952 6
9337 16723 4
2582 13893 9
11270 14132 1
3261 15467 1
1997 8014 10
7096 11743 4
5011 16296 2
2079 15062 6
11246 13814 3
1599 5007 4
256 8052 8
2641 11606 1
10868 11625 10
8402 10053 3
10688 15393 5
9412 11926 5
2502 3942 3
7271 14994 5
8925 10305 6
145 13406 2
3039 7044 2
5829 10955 1
7934 13779 5
1423 9547 5
7190 10740 1
5087 14880 8
4243 15646 8
4543 7795 7
877 5425 9
1051 15930 9
13423 15515 10
5646 11467 10
7313 7354 6
8231 16652 5
12633 12682 4
2614 13472 1
1242 5990 9
7397 16608 5
1051 4848 8
13926 15422 9
183 11669 10
1961 2973 10
5370 13132 9
512 6022 2
285 15900 8
1113 16734 2
8925 16248 6
11739 13164 8
14271 14826 7
6702 10372 6
1748 10353 9
1353 5280 9
2458 12441 10
3874 12998 6
13522 13683 3
12067 13753 8
8773 16357 5
2467 7839 3
3367 3941 8
2304 8870 6
4132 10851 6
10829 11523 7
811 15376 9
7819 10529 10
5041 11177 4
5094 10107 4
2573 2593 7
2248 10207 1
1001 5565 8
5120 16692 8
52 16827 4
2607 13032 4
2486 6785 4
785 12278 8
11121 12109 2
1615 7510 9
5231 7596 8
1489 15225 9
10896 12343 6
6057 9155 4
74 10189 2
3123 11094 10
8630 8929 8
4962 5571 6
7298 13723 3
9105 13624 8
9319 12333 1
15057 16908 1
253 9921 6
2912 14799 7
5462 9839 2
6650 9248 4
8268 14827 2
697 14797 8
2125 15655 10
12901 14275 6
3016 9250 4
4794 7818 3
10514 14712 8
5593 16138 10
155 10245 5
5620 10886 3
6110 12904 7
340 6100 9
2188 10292 4
6006 6237 7
8675 10488 1
7568 8585 9
8978 15553 1
3645 13915 1
10287 10515 7
1966 10388 3
6086 7935 6
507 2114 4
5133 13925 8
4186 9362 2
6358 13012 8
6001 15191 10
7826 10956 5
5403 13671 8
2015 5128 9
9148 14489 5
1487 16931 2
10664 13452 7
5662 9854 4
14430 16844 1
10024 16012 9
5288 15180 4
1268 2543 5
7435 13355 10
4218 13542 8
6917 12997 8
2300 6728 4
10385 10743 1
10488 12273 4
5793 11644 2
1012 8465 8
5217 9223 2
4831 7366 10
5268 7666 4
2261 4222 8
7963 9184 10
2717 2959 3
4466 12287 6
2254 8806 1
10427 12205 9
5947 8259 4
881 14966 6
7427 12886 8
907 6990 4
3204 15185 1
12609 15010 1
6772 15488 2
6507 15522 7
2555 13651 1
3459 11547 1
1367 9745 9
15216 15592 9
2701 3334 1
8137 16528 3
5022 8741 10
11444 15377 8
4996 13867 8
1272 13068 1
8451 11136 1
7191 11640 4
7684 14490 2
3015 7640 7
1474 6236 4
1471 14800 2
12911 15382 4
8516 12524 7
13361 15791 1
3156 9494 7
5975 16230 8
2283 9350 2
13490 15721 5
11147 13932 6
2487 14493 6
7966 8197 10
9057 15537 1
14453 15436 2
2602 13580 10
2072 5874 10
5603 11290 10
10404 15076 6
1935 10567 9
563 979 3
1109 5943 5
3657 8442 1
4902 10948 10
3242 8070 1
2372 4505 10
468 742 5
10252 13836 6
1230 9683 6
12794 14865 2
2386 16170 10
3210 4022 10
4606 7616 4
566 8133 5
1888 7952 10
7317 11549 4
11055 15563 8
12294 13718 2
7151 7814 6
5455 15270 1
4464 7089 1
6282 13632 4
759 10222 2
6906 8441 4
10914 16658 3
2032 5534 2
2242 12159 3
9354 14889 2
13680 14285 7
5330 6689 2
8160 15675 2
6391 15213 8
9111 12766 1
3197 15519 7
7338 9831 5
2964 14116 2
4433 14086 8
9308 11506 9
7136 15652 9
3893 12388 6
5722 8382 9
12975 16927 4
6665 8465 9
8272 11236 2
2416 11649 3
7360 7822 6
3359 15844 9
5553 15380 2
13608 14074 2
3091 13659 7
8169 9001 3
10256 13613 3
11908 14039 2
1174 5115 4
4711 7363 1
10155 12113 6
4634 7308 3
6842 8187 10
10432 10953 1
663 13445 6
3698 16923 1
5852 8210 4
578 5551 6
1931 7940 3
4004 14120 2
4854 16709 6
1156 3535 5
798 11288 9
869 12866 10
6088 10760 4
826 8604 3
4945 12875 2
3562 6392 4
2236 4952 2
5124 9508 5
1783 6021 6
621 3598 2
10028 13936 2
2740 12628 10
15634 16564 2
8892 10694 1
3442 9221 4
2167 5670 5
3433 11524 8
15711 16799 2
2362 15239 2
6920 15892 7
3015 4679 6
4101 6919 4
3345 15508 7
9938 10110 5
4610 10461 10
3253 10014 8
7895 13157 4
14080 14497 10
3996 11964 8
1117 9915 5
2895 7602 6
371 13454 2
847 6676 2
1537 13671 5
2597 4636 6
7888 12212 4
1103 10665 7
7150 7458 5
2841 16618 5
2019 5770 3
464 10983 6
3727 16554 2
4989 13545 9
6766 11529 10
5195 15464 6
86 1091 1
5481 7476 9
998 8949 9
1619 9057 4
1385 2424 6
573 7381 9
7630 14669 2
918 9259 5
5832 9517 4
3813 7779 3
5388 13556 6
923 6339 10
5995 12522 7
7741 14890 1
1965 7382 7
846 4368 2
4693 13999 3
9411 13618 10
13727 15724 10
6825 11215 10
980 2310 10
6491 11273 1
6291 9590 8
5960 8599 8
4042 4733 6
2336 6541 9
1909 10446 9
7462 16832 8
13616 15571 3
8765 16224 1
5524 6372 4
5067 7010 3
4902 7344 2
2657 4561 5
11799 14405 7
6061 15108 1
947 12034 9
7027 9407 4
484 2876 1
2077 9880 6
14638 15171 7
11429 14512 7
5958 11225 5
427 14838 7
12628 16696 5
834 10052 4
4517 8113 6
2305 11736 10
2266 6957 1
6727 11088 5
715 7078 6
846 14429 9
9754 15146 8
4224 6918 8
9800 10308 1
5674 13404 3
5100 15174 7
15281 16625 2
5619 8109 10
83 14109 5
6192 9714 9
10425 10448 8
12774 16260 4
6588 14154 5
14020 14062 8
10010 13932 9
6882 15152 7
4640 5238 10
443 11055 9
1118 12013 1
10807 11501 2
7038 7069 7
103 7975 7
4492 11249 4
7358 9401 7
489 3166 5
2113 14398 6
4965 14317 10
8608 13124 9
2765 16078 7
4064 10784 3
2750 9138 9
13555 14384 7
8661 15041 1
404 6124 3
5429 12628 5
8498 15265 8
1350 5393 4
2915 7037 2
2525 7700 1
2677 8352 3
10510 14471 6
12861 14186 8
11649 14688 10
1063 15696 9
4641 12058 2
6857 14452 2
5508 9724 10
5871 9637 8
8313 9155 8
6252 12380 5
15435 15753 10
14688 16718 3
3739 9879 4
269 16210 9
13141 16530 5
3835 12547 3
10109 12499 8
4993 14944 6
7999 13890 2
15589 16854 7
3987 13325 1
14793 15104 4
11530 13198 10
475 6310 10
1936 9544 2
8154 14378 10
3978 13219 5
472 11618 3
3996 12732 9
4320 15441 8
4416 6938 5
7927 9171 10
3420 12682 6
3371 3645 8
5117 14024 1
3198 15174 10
4201 6557 1
1332 10323 8
8058 15047 4
7702 11252 8
6756 14139 1
3292 13698 1
205 1777 4
8365 11432 2
3536 4547 9
9144 11220 3
7535 8093 4
3237 5784 2
3375 10381 5
11568 12990 5
684 11546 2
3789 16487 8
2210 12930 10
1140 15820 2
7799 11086 3
6207 13115 8
6590 11244 7
6559 6979 9
874 4591 10
9514 9764 7
8972 15535 4
9590 12630 7
7411 15315 5
5965 6459 3
2258 9888 3
2420 14138 10
2663 12062 5
12312 15517 8
8126 11128 3
1637 14546 9
1501 10450 9
2261 6390 10
2494 2621 3
138 2148 1
11083 13326 2
7731 10455 2
539 1314 5
8180 9471 10
4890 11456 3
109 7415 2
9880 16380 10
4744 11624 1
36 11858 6
12695 15232 7
1042 6731 2
5090 9717 10
1962 9630 3
6678 6906 3
108 4871 6
768 15040 10
7914 9532 9
7196 7204 7
2914 13095 8
10174 11012 3
351 4797 6
1771 2746 8
331 1511 1
14376 15608 9
7592 8851 6
9194 10837 2
3432 12084 8
4397 14594 2
8838 10238 8
12961 15104 5
2948 4962 8
2971 15596 3
7836 13599 1
1727 8661 3
10570 13702 1
5498 13867 3
495 12212 2
5257 14970 2
647 14624 7
2112 6887 1
12249 16907 9
5101 5943 4
287 10436 1
6978 10186 10
2079 8380 5
13635 14062 6
11715 12713 3
160 16711 7
1608 14650 3
2902 5186 4
14531 16691 6
2554 16530 8
2655 4221 8
4076 14229 5
8654 10951 7
6352 13824 3
1942 2774 6
14774 14901 5
13943 14224 10
7771 9507 5
7068 14091 4
749 1325 10
12789 14963 7
12195 14950 7
12082 12092 7
8789 15457 2
14005 14905 5
7209 9657 6
6530 15509 6
2892 16525 3
8497 13045 3
934 12486 9
3293 7137 8
181 8046 6
623 16568 7
12036 13900 7
4246 5525 4
5558 13344 5
243 674 3
5651 9244 6
6299 9708 8
2589 10033 1
1890 11780 4
3105 11335 6
5343 13896 1
7757 16681 7
2164 2447 5
9956 12929 5
14120 15066 2
449 12583 8
2263 7791 10
1212 4367 2
385 640 8
3706 12412 8
3497 14145 8
3642 14561 1
6206 11443 2
11307 12401 3
10534 11629 3
6221 10861 3
9488 15949 9
12218 14118 6
3639 12569 8
1364 9961 3
3251 5792 7
7105 12459 6
7563 13413 2
1818 9472 2
6821 9302 6
8639 15056 5
183 13829 5
8555 16293 7
10496 11909 3
7380 15085 3
1677 1882 2
5752 15599 1
1499 5441 4
4048 6930 7
2345 14524 7
74 9284 1
5860 8704 1
7525 12642 9
1029 1063 2
9421 16114 10
1986 11192 3
726 7258 6
9766 10109 7
3575 9688 7
5624 6869 2
5822 7234 5
928 15035 7
4599 5141 9
7931 10586 7
10689 15485 8
5483 14059 3
11930 13425 1
8190 13207 1
239 12551 5
1302 11729 1
8685 14583 3
4774 14314 7
2175 8813 4
7096 13106 1
4846 5651 8
6055 10948 1
2201 9602 5
68 5165 9
8087 12858 9
730 1938 10
6000 6479 9
10550 16756 8
2788 4769 3
11943 13299 4
3158 12171 9
7809 11375 4
8199 10851 10
2449 5439 5
2801 7676 7
3386 12121 1
7093 8317 7
6408 15376 3
3904 16243 5
1625 15299 6
14777 15664 9
1017 5719 5
4820 15489 2
2251 9019 9
24 13622 3
6349 8454 9
2512 15387 8
4427 10784 9
3620 6088 1
8211 12337 4
9 13172 5
3542 7035 3
1399 11620 4
985 13120 1
5092 13214 3
5266 13691 5
8552 12206 6
764 882 5
2379 9295 2
1647 5803 3
4457 15407 5
5904 8085 5
5170 7778 9
7057 7935 4
178 8954 10
823 14662 2
8278 15775 9
9591 16764 8
12178 12893 8
7357 10088 1
5565 6831 4
1775 15951 1
2233 10352 9
1232 2925 7
9134 13469 7
3888 7994 9
6025 6948 5
576 8215 3
413 15116 2
1316 9976 2
1440 15116 8
7152 13982 8
3650 8439 5
9294 10152 8
3561 6758 9
843 6708 3
3299 11228 10
3402 14353 2
3416 11406 9
1080 13769 3
6892 13899 10
5810 14780 2
8633 12975 7
5745 16508 10
3904 5738 8
6583 10127 1
2536 12358 9
14432 15632 1
4684 5974 5
2038 12188 9
3143 6558 8
805 11965 8
11455 16642 7
4030 12548 9
2198 4942 8
72 11452 2
5744 6361 3
667 11495 9
12782 14364 5
3506 14684 6
4114 11695 6
2673 3673 8
8561 11761 3
8324 12155 7
33 753 10
3526 16357 6
279 5196 10
5262 5368 3
8223 8819 10
11001 15247 3
6786 16790 4
5384 11640 5
4092 14375 7
6067 15402 10
9453 13696 1
7603 8717 2
685 10132 5
2314 4975 4
7676 13569 9
6120 10514 9
3343 11843 8
14079 14913 7
2604 12792 9
4473 16566 8
4427 11611 3
5752 13927 3
11375 12107 4
8924 9802 5
5643 11172 7
2114 6306 10
3183 4357 3
13487 15259 9
2724 7096 4
3132 7842 6
5858 9694 2
466 15268 8
3878 5344 2
7486 14537 1
3051 3245 10
4066 7172 2
955 6657 1
5788 8196 10
3831 13662 10
3799 11866 1
3264 13263 1
5342 14786 4
7404 9011 5
7987 10404 6
12577 13417 3
11066 15143 9
1942 8494 2
10637 15781 4
5468 7019 5
2976 9007 1
9632 10420 3
4553 13515 7
2168 7016 9
9008 13982 4
3669 6510 3
11155 11872 10
4574 7111 3
4247 4412 1
5217 11721 9
3501 10613 6
5856 12271 1
424 10575 6
10508 13920 6
861 14262 2
2432 8174 2
14256 16435 7
1506 10261 3
2788 13929 9
4647 13532 10
3561 16776 10
7783 10063 8
1111 13694 3
963 1856 6
6994 8140 7
2039 6863 10
2492 5784 8
4555 5857 7
7472 13936 6
15542 15739 6
1072 4104 3
9505 15622 9
8445 16911 5
1617 14283 4
3501 15085 10
8782 11442 5
2887 6879 5
8976 13303 5
794 12503 6
8489 12129 7
409 4068 10
6139 13482 2
3121 3206 8
6598 9047 8
814 11496 8
4918 11785 10
4671 10111 1
1601 8498 2
7514 9795 1
9643 14722 9
5742 8207 2
2605 8034 10
11316 12128 1
1536 4009 4
3523 14935 3
3514 11860 7
4115 7700 1
1421 16092 2
5650 12346 1
781 14789 2
2819 6600 9
2288 7413 9
5833 14285 4
5611 6176 3
1404 5557 5
1294 9447 2
9116 12421 4
9721 14844 4
2955 3532 9
5600 15653 2
152 13474 10
1419 10588 8
3199 9266 3
4555 5418 6
2527 8264 8
2296 15316 8
3612 9406 5
1495 12665 1
7045 12412 10
2879 9164 3
15235 16525 6
11055 13390 9
2714 2852 10
1231 9147 3
801 11094 7
3897 8406 10
8314 15169 4
62 11275 8
2999 3493 5
1173 10477 7
6211 16439 4
1661 9179 5
3720 12284 3
2434 3751 1
11543 12818 8
6122 16353 4
3378 9635 3
12327 13153 7
6920 15479 4
2276 15220 1
2319 5146 5
4383 5135 2
8424 15517 1
1406 5487 7
11707 12734 1
14586 14896 5
6956 12640 2
4081 6533 6
4743 10788 9
6504 7489 2
4023 15314 4
4075 13427 8
9827 16391 4
11241 12453 2
2563 2708 2
104 10322 5
3660 5225 7
7163 9005 9
2383 13494 7
1695 3487 8
1033 12051 7
10206 14610 3
7329 11914 1
11141 16716 2
8857 12593 7
4117 8902 6
1971 14128 2
2545 5534 5
11863 15786 9
3259 12024 2
1560 16311 4
9085 12245 3
9437 10496 3
8621 14670 7
1442 14873 3
2104 2699 2
5348 12937 6
3307 15361 3
5802 11868 10
181 4380 9
13662 15356 6
14812 16612 7
15167 16289 5
1773 9185 8
3583 8268 3
2072 13295 8
2670 12010 4
5587 9486 1
4194 8634 5
4903 5853 10
7810 12743 6
5371 10118 6
12539 14357 9
5360 15721 6
1484 9444 1
4777 8890 8
2188 10617 3
5616 11748 2
14940 15031 6
1012 15963 10
3218 3313 5
14194 15533 10
13931 15091 2
922 5640 7
3256 14467 1
377 13209 3
7063 12900 8
4806 15410 1
2258 11610 8
1775 14380 6
3938 5450 9
4088 11854 6
8672 10966 1
15482 16229 7
523 10466 7
1741 4637 6
6867 15488 1
10899 16855 6
11624 12930 7
3994 6795 9
6139 6993 5
6259 15991 5
3386 15415 4
7227 12641 10
1180 8650 4
1716 11140 6
10069 12702 5
3761 7814 10
9509 10834 7
9880 13300 1
1651 5574 9
6390 6564 10
12409 12516 9
7270 11382 3
5956 12809 7
9907 15500 2
8228 10893 9
5417 8340 9
5438 15040 1
3961 13068 7
458 901 10
1154 6981 8
9691 16276 10
6667 12370 9
11467 14380 10
2322 4194 8
2189 16604 5
642 13807 7
2151 11036 1
14393 14924 2
906 13890 2
6287 8480 10
4675 15826 2
9569 12370 3
768 15514 4
6271 8303 6
1121 13200 6
962 7691 9
8892 14014 7
6049 8252 5
7226 16706 3
4029 11966 2
3823 7967 2
2460 3838 5
5233 12782 2
4946 6823 6
8556 11906 10
4983 7747 1
833 10648 10
6109 13148 7
6108 15558 3
4796 15366 2
3229 10920 9
1250 8421 9
4271 13030 4
10548 13227 5
3466 5629 10
4948 10357 7
314 5017 6
2967 9310 10
4153 6713 7
13523 14959 2
1755 6163 5
3166 9913 4
530 870 3
828 12852 2
11070 12505 2
1919 6434 4
7021 11233 9
8324 8458 6
6299 8386 10
2433 11316 6
253 13651 5
4790 5419 1
6857 7344 2
10122 13347 1
681 9599 9
4455 15905 5
8787 13828 8
2132 13286 5
2098 5049 5
10204 13909 8
1421 6685 3
1512 6135 1
9708 10986 8
8886 13438 6
1668 10692 9
4334 15468 10
4728 14163 5
2994 12346 8
2020 8958 5
12213 13703 2
4350 16483 9
12039 12808 10
1060 9589 1
5478 12112 3
3171 9649 5
8071 8824 6
7909 15488 9
10996 15136 4
8473 12342 10
9706 16185 6
4982 5086 3
4282 10029 9
8510 11604 10
6518 12271 8
4002 5368 5
9112 11772 9
2690 12038 4
879 3624 4
2370 5429 7
1571 13671 1
9692 14297 10
5953 14963 1
1400 13955 9
787 15288 10
5734 12404 2
7057 14773 3
5387 15245 5
12787 13467 10
2320 10885 5
1321 8437 6
2252 13238 5
10198 15713 5
2798 13560 4
6400 12645 4
1334 9150 5
9916 12429 5
5791 10723 9
14731 15382 7
395 6683 1
2196 4826 7
12360 13123 7
8237 16193 5
3567 6593 2
30 2533 2
11187 15756 1
1457 5743 5
3189 9701 5
1999 3144 8
6394 9501 3
4791 16361 8
9549 15795 6
4380 16610 3
6235 13639 1
1096 16729 3
3944 15639 9
3513 14638 5
11183 11276 4
2681 4204 5
8624 9212 4
6442 6476 8
1281 5250 3
7212 10050 3
9294 13696 4
8483 9972 10
659 9586 9
10157 15886 2
12431 12776 1
2613 3430 10
1084 16372 2
9360 10767 7
4764 13397 5
9000 10161 6
13718 15477 4
14157 15561 8
9642 12566 9
3099 9701 6
118 10885 10
4468 11383 2
1592 13368 9
372 9499 2
11436 13107 9
102 7955 9
7437 12909 6
10590 14282 6
2154 8269 10
7964 11142 3
3930 14939 9
4490 12810 7
8742 13648 7
3267 13862 6
2871 9574 6
13287 15543 3
3428 14236 5
10270 13320 2
249 9505 8
3972 14557 10
1728 5785 8
11434 11481 2
10024 10579 7
8746 16656 9
8393 14064 7
5212 7691 10
13248 14246 2
6865 8930 7
596 16817 6
1406 6468 5
4802 6266 9
4575 4697 9
5022 13710 3
5925 12255 10
1061 8400 6
1023 2546 4
6189 16768 6
5366 13941 8
9755 14361 1
5869 13644 3
1738 11356 10
13054 14536 7
9814 11320 1
12259 15942 7
6299 8361 4
9098 16136 1
4694 15611 3
9500 13180 5
1154 5464 5
10988 12896 3
10509 10759 4
430 12034 8
8265 11684 1
433 6795 3
4601 7607 10
7138 11422 1
2509 11038 3
10226 10679 2
3447 8623 10
13230 16200 7
11774 15430 9
9174 13949 2
12864 13716 3
7956 15453 8
9823 12204 1
9835 11593 2
5230 11882 8
2955 15277 10
535 14188 4
2579 4211 5
7418 15692 3
8017 14078 1
10475 12556 5
3687 6989 2
8975 9538 3
4948 11233 7
3512 15015 8
7423 14481 9
7416 7457 5
1093 5551 4
6644 14829 8
5605 12413 7
3929 13090 9
14887 15724 5
4371 5798 9
145 1580 3
12019 14609 5
10605 12998 6
2325 9960 7
8716 8755 4
5256 11609 4
815 4705 2
1818 7196 6
9814 11907 7
8365 8453 10
6424 10172 4
2224 10622 4
2883 9055 2
760 9321 6
7694 8109 7
1327 8857 1
7689 9113 5
1202 12424 7
225 3922 7
9010 14895 7
8319 9782 9
1919 14760 10
4812 6477 9
785 6987 7
473 6778 4
281 9470 6
7969 15650 3
682 1083 3
14247 15559 2
2297 3953 7
6840 9433 4
9645 12062 8
13013 14706 5
2577 7808 9
2323 6249 1
1119 13107 3
217 8286 6
8304 8317 1
9587 12654 2
3176 11483 3
4608 6956 7
9369 16307 9
1344 13594 4
11321 15055 10
11028 13364 9
7514 15095 5
2112 7529 5
3972 9169 4
7120 8246 2
387 11018 10
2839 13615 9
3149 15070 5
3091 8845 6
2910 15913 9
7564 16961 10
2009 13164 7
3576 12842 3
7486 14731 6
4420 11727 6
11764 11867 1
5917 15109 1
4461 16882 1
2722 11218 8
14014 15456 2
1508 7742 6
4565 12345 1
7886 14109 2
4019 13964 7
2638 12836 1
5512 12092 5
9032 14388 1
656 3755 8
7388 12424 2
13235 14814 10
643 6614 3
7700 9394 2
809 6227 7
7936 15447 3
350 5781 3
2954 9271 4
14203 14713 8
56 9208 6
7001 15749 6
1657 2743 4
4624 14968 10
11068 13605 7
3996 8613 8
11824 16209 4
5279 8607 6
999 11624 8
11437 11592 8
2868 4491 3
6080 6548 6
5276 16710 4
5888 10393 5
5365 15914 7
14202 16100 4
1529 4715 7
5563 6484 1
6801 7598 1
1021 6404 8
3943 4134 4
7465 8900 9
611 8997 10
1194 13840 9
7692 10592 3
4847 11946 4
3132 13575 4
11503 12953 4
9071 13396 9
1486 13051 4
6578 13250 7
491 1888 5
4603 12401 8
59 4128 2
1966 12271 4
5291 13215 9
661 4208 8
15769 16444 8
10084 14565 7
6970 7965 3
5124 6645 7
15788 16692 5
10637 14967 2
263 9334 9
8896 11188 6
1655 8573 2
7258 13534 2
8208 15915 5
3513 9057 5
1673 4490 10
6262 10577 8
7674 8592 7
9875 14950 5
7869 14242 1
8375 12664 7
6778 14745 10
6567 7299 7
5003 8737 3
9351 14165 3
10390 11645 8
153 4382 2
5159 14988 9
7345 14989 1
3902 5188 5
5875 15621 5
8668 10043 8
1128 6317 1
6844 8146 1
4379 11889 3
7637 13787 3
8004 12376 2
11242 14779 9
1677 5156 4
13275 14931 1
11387 12858 3
14658 16595 10
8775 11605 6
6968 11386 9
3974 5914 4
10305 11760 8
936 4816 2
7154 8033 1
12798 13171 6
5880 16830 4
675 14260 7
14479 14858 3
1176 14386 3
2209 4008 8
1217 4445 5
2531 11014 7
3926 12052 5
4247 5013 5
2133 6803 6
4371 7991 5
4551 9569 2
2747 16207 10
2462 13295 10
4220 6388 2
3924 10873 2
1449 13708 7
1485 8776 6
3601 13451 4
7209 14370 1
5311 5713 2
6989 16911 1
13529 14796 1
9029 16127 9
2448 8035 7
5252 9047 2
3713 4011 4
481 5799 1
3983 16065 4
7775 9952 1
15257 15665 7
3629 15279 3
7423 15614 8
1355 14053 5
1648 2330 2
3010 9014 7
7043 8882 1
1008 5437 7
5402 12133 4
9823 11864 2
12749 14207 5
3106 8830 8
3404 4200 8
2653 4509 5
4731 13945 6
5432 10514 9
6546 13878 7
2572 4492 1
8429 10331 3
12662 13027 6
7685 9706 4
3858 5963 3
10003 13301 8
15296 15603 6
14393 16286 8
5028 14246 5
6608 6904 3
7275 9132 3
3087 8266 2
1699 6132 5
2605 8723 9
679 14199 4
2732 3922 2
3469 7603 3
3425 6206 2
691 16464 8
4861 7062 9
5572 9766 2
4311 15334 1
7585 14248 6
6988 13075 3
1457 14159 7
3942 8573 3
3665 14204 9
4806 14211 7
12809 13545 5
757 12232 6
989 6914 3
7636 9785 4
2087 6988 6
1589 10456 10
3438 4561 2
8553 12601 8
3553 14728 1
5430 13519 9
2379 14061 10
706 12120 6
22 5501 1
1195 16474 2
1990 13892 10
11012 16431 8
11360 14950 10
5372 16356 4
6318 15648 6
2179 11677 4
10153 13254 10
3101 6806 4
5267 11965 4
6334 12374 10
4244 6322 2
1726 6132 9
11074 13583 1
3876 13254 8
7676 14203 4
8371 13758 3
4243 13510 3
5268 7591 10
15373 16286 2
6537 7040 2
8574 12735 10
1339 5174 10
1085 2802 9
2428 8937 4
1805 6515 10
11496 12277 3
293 6532 9
7129 9790 1
3043 9924 8
438 2074 1
7838 15757 7
4320 15225 1
2258 4554 1
1330 15583 6
1976 3124 5
807 6834 3
6797 13329 4
6771 14414 9
1830 13784 1
2253 8670 7
450 5086 1
4460 13666 3
2821 9626 7
5002 6003 8
7402 9652 6
374 2311 2
9647 15628 3
150 4711 8
12651 13097 8
6569 8607 1
1607 5187 2
5242 13371 6
10485 11038 6
6271 12131 8
4335 10983 5
13218 14726 2
241 16914 3
9569 11526 5
8863 13287 1
4219 13522 5
7388 10297 3
10511 14920 6
7616 10321 7
10971 14168 8
10661 13999 5
10232 14634 8
7870 11387 8
461 6102 8
2131 11507 6
11633 15149 6
11075 12316 7
2993 13541 5
30 8380 8
5113 13805 6
2794 15536 7
1707 16224 10
6320 11822 2
6486 8222 8
742 12927 9
4137 7440 3
2610 9780 7
5668 11534 1
10481 14296 5
2011 4598 8
5185 12561 5
10136 11001 10
6849 13628 9
447 6823 6
3846 10306 5
8550 10445 5
7280 13357 8
5476 15036 3
4942 6080 4
7150 13081 5
8364 12694 6
4546 5402 6
3950 5084 7
872 6024 3
7836 15385 3
360 1966 7
2565 7898 6
1901 10309 10
5910 12819 3
2813 10582 8
2076 7730 6
2042 9973 7
3469 4468 4
5173 13346 8
2134 6214 4
3456 5596 4
192 956 2
9340 11904 8
6524 15833 5
11588 15995 5
16449 16630 2
5738 13212 10
6104 15520 4
152 9637 3
8481 12988 3
11094 14608 6
6190 14145 7
1978 7243 4
3888 8848 4
10172 10261 6
4761 14706 3
12105 12177 1
3737 5425 3
11534 15342 1
5782 16441 1
6492 15749 3
2858 4407 3
3438 9124 10
3216 8184 1
6842 14442 8
6363 9249 3
7189 11078 8
4032 12789 3
5252 15044 5
2668 2775 5
135 16848 10
9940 10369 2
11605 11689 9
7135 14729 10
4638 9223 7
6546 13696 1
6076 11612 6
6708 10761 9
128 14157 8
8532 9651 9
871 9281 5
10240 15688 7
1748 4654 10
13894 16211 10
23 11761 3
3824 9366 1
6053 6449 4
8384 9125 6
7182 15953 1
2096 9184 2
1486 10605 7
5802 12784 4
6878 14288 3
1414 2238 9
6600 14103 5
7644 15750 4
2908 12792 7
198 13892 7
1526 8488 7
10798 13664 8
5903 7689 3
1403 2686 9
13320 16093 8
2836 11136 10
1805 4924 9
9051 9375 8
3754 10315 6
6510 7969 7
9101 13271 5
554 3920 2
7605 7759 10
5514 12541 4
7266 8398 4
4399 9845 1
5344 15057 4
4330 4443 4
13259 15615 9
4061 9138 1
1220 3604 6
13556 15831 10
5118 12175 2
1683 12983 9
4787 12077 3
9227 14936 3
8553 16261 4
1990 11722 1
3876 15713 10
244 7056 6
2646 16763 5
4443 5685 8
415 885 5
1027 1319 2
12974 13483 7
6295 15811 8
1372 7252 5
7797 9465 3
11488 14119 7
2780 2957 10
1502 12038 9
2418 12295 3
2793 8581 2
2928 6222 10
2743 4300 5
3658 16125 4
6402 11317 9
10351 14217 8
8638 12124 7
4929 5403 8
5501 6600 5
11056 15436 1
10588 11714 8
145 7733 10
5405 13113 5
3760 7114 8
8188 13616 1
5600 15771 2
3571 11017 5
1472 16217 5
4493 15599 2
2900 10985 6
8191 12126 4
3438 12625 10
5953 13172 7
3 9997 5
10168 13224 4
7833 9885 8
3884 11259 6
8268 9913 4
13574 14016 7
5806 12959 9
3867 13183 9
2669 6230 5
2270 11948 3
7327 10755 8
777 5972 7
1044 8780 8
5664 13299 9
1591 13992 2
13465 13653 2
5036 8577 3
7204 15426 10
6037 14055 6
5144 12802 10
3241 4500 4
3690 6223 10
4005 11210 2
9506 12350 2
5839 8699 2
1790 2046 7
2357 9845 4
6282 9601 3
5185 14807 6
9574 11704 7
1682 3238 9
11434 12086 5
11185 15679 10
5154 15167 8
1932 2514 5
1693 11766 10
10078 14098 6
7824 14775 10
9905 10494 5
5080 8327 8
6344 12626 7
13422 14661 3
11751 15327 10
4444 11491 1
331 16910 4
9565 12897 10
6407 14320 7
3792 14949 5
1979 2846 9
12640 14801 2
7028 14220 4
4861 7701 6
1617 6959 7
3735 12405 8
4060 14166 3
621 12374 6
4863 9271 5
10935 13626 3
7814 12278 2
1368 8675 2
8852 11823 10
11263 15534 2
1366 16957 6
6963 10964 10
4856 5827 6
2560 6625 5
8452 9885 10
14115 15585 10
6337 13431 7
7059 13911 5
12771 13587 2
7974 9853 9
12924 16476 9
3457 11870 8
538 5398 8
3217 8249 4
1372 7870 6
467 11763 8
2092 8876 10
3323 5380 9
3090 4765 9
6773 11294 2
11001 15269 3
6366 15466 3
1600 11528 7
3634 7648 5
3623 8650 9
5288 13548 10
8040 12968 4
6334 10451 8
8641 12546 9
1505 8875 2
1485 3577 9
7706 9697 2
4149 5898 5
8079 16970 3
5064 13655 3
6967 11842 1
6717 12947 6
5550 15012 4
9609 16314 8
13573 13722 7
12454 13901 9
4345 10677 10
9523 13888 9
5687 9417 9
11046 12316 8
11087 12382 6
2789 6158 9
794 2210 6
5947 10319 8
1146 9963 8
6581 10922 1
6234 12995 10
796 7133 3
13869 15829 1
11243 16577 3
4529 15074 6
736 16446 7
6660 8832 2
12199 15419 2
11299 12883 7
5771 12080 1
156 16954 3
6982 8748 6
8802 15003 2
2339 14665 1
3107 9585 6
5753 14022 3
8864 14873 2
434 7792 7
9993 16316 10
10128 11091 6
3265 14245 5
15709 16920 6
452 1123 4
2574 13424 3
7062 13846 5
541 12366 10
12524 14653 1
2777 10076 9
9718 13521 6
64 4046 5
6654 10045 2
8750 15123 2
1207 5088 2
871 6720 3
4513 10464 9
5497 13651 10
11595 16490 9
8153 13688 1
99 2920 10
12065 15568 1
1765 14912 2
297 674 5
5116 6901 9
5147 12483 3
8895 16006 3
10040 10986 6
2975 9796 5
1440 4353 1
1434 8334 9
6763 12892 7
8552 9220 7
10204 12940 5
1202 7909 3
2291 12122 4
8395 12780 7
5587 14084 1
5080 15412 6
9606 15653 4
2790 13065 7
10174 13426 8
10226 10279 1
3079 13668 7
311 14480 3
726 3024 1
4701 9723 1
12872 14439 6
3899 15459 4
11106 14183 10
10379 12517 9
10313 12817 4
8789 11412 6
65 11198 5
8477 9604 6
7759 10202 2
59 13090 9
1159 1395 5
314 12995 4
9069 14941 6
9992 13006 10
6280 12188 8
2696 12656 2
1993 2207 2
3349 7075 3
10927 11635 4
3427 15351 8
4373 7628 3
9107 11131 8
379 7867 3
5476 9852 8
9581 12447 8
2511 4198 8
5319 11883 6
2645 12820 3
6214 10740 1
2347 10377 1
1032 2101 2
14592 14834 8
1342 5333 6
7378 15109 10
8918 13645 6
4921 13540 3
91 8828 3
4143 14014 10
7926 9310 9
13166 15059 3
2158 3072 8
3588 10374 4
4324 8956 3
6880 7945 5
8617 10226 8
7927 15955 5
1868 11631 5
2149 5506 6
1520 5796 9
10762 12472 2
6784 9695 5
1006 11600 6
10717 14431 9
7188 11705 1
1568 9883 5
11226 11846 6
1072 15347 6
7322 16818 5
2481 6108 8
3191 16399 4
295 9203 9
12916 14337 4
13236 14859 4
8591 11932 5
2545 6018 5
13863 15326 9
677 9755 3
3413 10440 6
830 3315 9
10644 13540 1
14048 15767 7
13494 15631 5
3489 4458 7
2001 6942 4
7248 11405 2
6702 10038 3
2301 16177 2
2603 5207 9
3078 12718 7
8056 11742 10
2387 6153 6
8573 11699 8
221 7828 7
7821 13591 2
7465 15202 5
1837 6157 5
4180 9980 5
1929 7634 2
5160 8705 2
366 15358 10
9137 9695 9
4526 12155 7
5507 13704 1
3905 7951 1
3912 5635 4
5556 11176 6
2461 16385 3
1177 8910 7
4675 6831 4
7941 13921 7
11475 13263 6
7164 15839 3
637 3539 1
1356 3089 5
10417 14159 9
7705 14980 4
5060 6839 8
8983 13540 10
272 13283 4
5962 12003 5
11068 11347 4
7714 8371 2
5698 11380 1
5864 6851 9
7760 14574 7
1190 6006 2
1060 16772 3
11695 12575 2
68 8550 8
9827 11304 1
10003 15325 8
2601 13700 6
3266 6346 7
13001 14418 5
13263 15886 9
3938 10483 8
14868 15286 4
2300 12417 10
3367 8558 1
4897 14477 4
10755 12246 3
7008 13457 6
8799 15353 8
1518 3527 1
2048 14895 9
14000 15177 2
4508 6064 7
13525 15056 6
6496 14961 1
9084 9982 8
5310 7002 7
1531 5872 9
426 4595 2
1024 5052 10
2635 3890 7
12585 13491 3
4114 7591 9
11491 15491 5
3566 3948 5
1423 2058 9
9968 13555 9
2951 15335 8
1864 16893 9
7179 13172 7
2335 11954 8
6027 14639 6
685 12677 6
3727 9680 2
6494 8389 8
3502 5591 3
3711 15016 7
2300 4279 7
5440 8835 6
5850 8812 4
4608 12690 5
755 12018 1
7904 13141 2
7110 10242 8
3124 10027 7
5733 8624 10
4404 14435 10
4682 15596 4
4243 13435 9
15541 16670 2
1983 6206 6
5635 12345 2
7642 8964 3
6540 12356 6
5119 5929 3
8459 14448 2
337 14473 6
10462 15101 6
3071 13035 10
1742 7520 2
4363 13039 4
1819 7031 10
9798 12799 2
12566 13745 6
6671 9056 9
10840 11458 10
1255 11359 10
3316 3651 6
4735 7901 3
3562 15771 5
8483 15423 6
13318 16015 4
6809 11650 7
4378 14842 6
573 2821 9
9257 14842 6
5006 9587 3
4726 10120 6
2167 11070 8
397 7323 2
6708 10707 8
4804 5010 10
3724 12148 7
3121 5601 8
2564 13639 3
299 14759 7
3693 11630 6
1475 14886 3
5819 13988 2
8667 13512 9
11768 14351 2
195 3742 2
6074 12429 5
6756 13961 9
6294 9588 2
2123 4534 6
5660 15690 10
408 15049 2
311 6364 3
4001 10622 5
4153 14483 10
1667 3864 2
5989 14248 10
5998 12080 1
6106 14726 2
5559 8659 4
1390 12814 4
2226 4432 2
2886 7214 8
13825 16855 6
10138 12315 10
10271 16168 10
3348 6388 3
10784 12957 9
2544 14388 1
1155 14565 1
1707 5856 1
4764 11549 8
1417 10914 8
4 9685 9
2247 7106 7
1054 6276 2
11943 12372 4
6672 14312 1
2157 4437 6
5943 12354 1
1923 11244 2
7552 16411 4
6125 15969 9
7403 8176 4
2982 5486 5
575 4193 2
7116 14052 2
4445 5497 1
3307 3522 4
8224 9224 4
8774 10677 2
1640 12367 5
289 3852 3
5820 11473 2
4922 6315 5
4201 4625 2
4685 13511 4
5162 13507 6
456 12467 9
10797 11752 3
2599 5012 5
11170 14637 2
8919 12704 10
10882 13331 7
338 6517 3
2068 3581 6
10567 11329 2
7281 12912 3
14554 16644 10
3143 12044 6
10232 14973 6
523 1891 2
1088 4533 4
3186 16247 7
3425 9463 6
4746 10109 9
6747 11786 6
4228 8132 10
10723 15245 6
9497 12941 10
10618 14304 3
2582 5904 4
7970 10601 10
5468 15854 4
303 1406 2
12693 13455 5
9138 13891 10
255 12335 10
11252 15608 2
883 8709 3
8946 10301 6
795 15646 1
10839 13453 10
377 7620 9
3421 6425 8
2036 4073 4
767 12752 1
6896 10133 3
9420 15617 4
8710 10960 6
10744 14134 7
7242 10879 8
9372 13252 5
1689 9700 9
267 8519 3
6736 9262 4
1736 15611 10
12873 15317 8
3547 4784 4
9562 9751 6
3661 10334 8
357 2030 9
572 10950 2
10294 13349 8
3208 5305 7
4032 11508 7
5015 13379 8
6968 8887 10
1375 3655 3
8033 10810 1
5098 15274 5
9945 12400 1
712 10029 8
390 490 3
3531 5206 4
368 11427 5
11748 15780 3
10712 15514 3
8832 9029 5
3467 6256 4
6097 14879 3
13812 14958 3
3126 5951 1
14954 15291 7
7698 14200 3
5055 7820 10
10715 16638 4
8141 10626 4
2028 7891 5
3429 6252 9
1731 2262 6
12137 14047 8
3983 16290 6
7317 13248 10
575 2585 9
11828 14736 1
351 7933 3
13143 14927 1
3228 9227 9
3149 13616 10
2880 3205 5
4971 13822 1
1976 3901 6
9367 16419 5
11191 13541 3
1329 14641 2
11037 15578 4
5508 9918 2
7898 14756 9
1829 10759 4
4383 8407 7
5010 5640 10
6198 14938 1
3098 14970 7
9779 14184 3
7342 7389 4
5100 11271 1
9044 13823 10
8454 15162 7
3656 11384 2
2305 4740 1
701 5897 7
2853 7110 6
10996 15565 10
788 2030 9
5746 5801 5
7152 7513 3
8414 16496 10
9152 11341 10
451 972 10
11109 16020 9
11806 12610 6
6638 10863 10
414 4264 5
2879 9551 4
554 5628 1
7515 15257 3
2815 16264 8
1295 13680 1
4235 11524 6
5077 11658 1
11393 12698 1
1556 12807 4
1636 11511 10
11232 11773 10
4149 15633 10
238 1536 4
7378 7868 5
2192 2723 1
1380 2313 3
4658 7429 10
4935 15431 9
818 12874 7
4437 11809 4
7878 8249 10
3270 12403 1
513 8431 7
1931 7315 4
1412 12138 7
11214 16780 5
10481 13721 3
11627 16819 5
6975 7756 1
3044 12250 6
5275 10135 8
1339 8347 8
11761 16166 6
1982 8851 4
7877 13833 6
14215 14999 6
2457 15321 7
6855 15302 1
7903 9445 6
632 3495 10
1408 10605 9
1135 4903 7
7095 12897 2
5310 13312 2
862 11106 8
1132 6736 4
15294 15565 9
282 963 9
7092 12490 8
6027 9454 2
12318 14734 2
1453 13579 4
6287 14693 6
5721 13752 3
4873 6542 1
5236 8139 6
9471 15002 9
2897 4951 5
8565 12442 6
3944 10844 2
727 13059 6
7405 7436 8
2061 3811 7
9762 12196 8
915 11494 8
9135 11547 3
1000 11385 6
1375 14041 10
4586 15005 5
2773 5158 7
2146 6377 6
11089 12174 4
4392 12691 7
1282 11280 6
5532 16340 2
12888 14054 1
15692 16149 8
2045 14353 8
10042 12784 8
11335 13425 4
9343 13791 5
1863 13676 7
264 13118 10
5008 8158 9
8585 15652 9
12855 13777 9
6083 13984 5
3980 15768 9
2141 13018 2
9537 11151 5
4046 11513 3
2312 12889 1
8921 12743 8
1931 10516 1
4165 4679 10
558 8185 5
2350 14709 10
1923 13934 1
8115 13355 3
4159 7903 6
3267 5396 1
13256 14857 1
10848 16279 7
4414 15151 5
14098 14732 6
6377 12304 1
15007 15638 7
12052 13305 7
5080 6984 5
3601 6756 4
3488 13481 6
6109 7927 8
233 10614 7
14161 14554 3
5345 9584 3
6683 11508 7
2647 3729 6
1781 6227 6
3269 15453 7
1067 4683 10
3811 15047 6
6626 9592 4
2255 6182 7
7479 9990 4
11192 13683 1
12384 14608 5
1150 7523 4
380 14316 2
3382 7127 9
348 5625 5
525 5495 7
15166 16231 4
5764 10086 8
5902 14480 7
5450 14260 1
11606 16362 4
388 7425 8
10634 14672 1
290 7478 3
1248 3874 6
11780 12977 5
30 13113 4
1466 3733 8
11125 14083 2
2416 6087 10
5804 10493 7
1918 10784 1
7829 10158 4
15496 16133 8
6060 8883 5
2625 12340 10
1659 13674 8
2843 12742 6
2763 11026 3
2907 13678 10
6209 12574 7
3125 12953 6
4452 6555 5
8209 14860 5
9023 13413 4
9208 16719 4
3422 9714 1
1958 3037 6
4177 15760 8
11556 15594 9
2945 15731 4
9610 10046 1
3250 10726 4
187 15158 3
3774 10527 2
2062 11538 8
3204 3858 10
1521 13127 2
10767 10949 8
8579 11609 4
2411 8570 3
4111 7458 9
1576 14788 4
3666 5338 5
3638 12362 2
2069 3232 7
5417 11246 3
4883 13327 4
4993 13096 5
10090 10483 7
873 6674 3
6182 10219 4
5872 11496 3
10339 16499 4
7636 8100 2
1024 13640 1
261 7954 5
12650 14585 1
2959 9601 2
8317 9726 1
2437 2856 9
4138 12339 2
7159 14954 9
468 2338 9
3611 4816 4
7184 13393 5
4782 11698 6
5316 14105 3
4502 16299 7
2039 16803 9
6214 12704 3
3330 14272 4
11364 12031 3
3529 7281 1
6128 12749 5
6495 7636 6
4461 7325 3
9053 14322 7
12367 12815 1
7984 8811 7
10124 12213 7
11107 15018 1
2723 8791 7
8360 16688 10
14324 15157 5
575 11758 2
5539 13147 3
6887 7804 8
6773 6854 8
2269 7850 5
9341 11682 8
7079 8030 5
3725 7466 7
5860 11490 6
1865 8902 4
6820 8010 9
10835 11666 3
6035 12233 10
1926 7689 4
309 5428 4
6722 8345 10
4893 5229 2
528 2011 9
9328 13605 9
103 9723 5
2557 13886 4
619 7434 7
1631 9509 7
4955 15507 4
8585 11858 1
1247 4381 8
7961 11158 8
3477 10794 7
2119 6642 5
428 3239 3
5387 7592 10
11556 16997 5
1677 15974 9
6592 10648 9
15187 15649 9
5243 5589 5
2 3016 9
153 10721 2
4421 4940 2
3427 6719 9
905 13833 1
694 14197 1
11684 15175 6
6427 12207 1
9461 14400 8
400 3023 9
3808 15376 7
11836 13320 5
5197 15685 5
7373 8256 5
7583 14786 7
3371 16079 3
14408 14654 4
7015 10043 1
243 5371 7
3415 3766 9
249 2530 2
3595 13328 2
8417 13694 7
12228 12494 6
7413 12965 9
9224 16246 4
3853 4559 3
1654 8089 6
2444 7811 5
2506 2995 10
10624 13462 4
6475 13852 8
10307 14444 7
519 11278 6
4226 10339 8
621 7859 5
2391 3521 4
11408 12360 2
340 13974 7
7638 12040 1
2318 5620 3
5887 14226 6
5076 12250 3
2448 15715 2
1265 4621 2
2539 15343 6
8245 15143 6
3746 7568 3
6771 15862 9
5595 8346 1
1178 8720 8
7730 8005 6
8612 10648 8
289 1578 10
2121 11569 2
8464 11553 10
10110 10601 4
1643 12695 10
61 12261 9
2346 6810 6
6717 6804 2
3124 5170 3
5190 7992 1
2086 11784 7
4571 16864 7
9741 11376 1
12041 12603 8
8491 12199 4
11619 11741 4
3439 11581 5
1986 7163 10
5698 7348 2
702 15757 5
3339 12202 2
3224 8561 1
10253 13805 5
2022 4100 10
7584 9131 5
3790 15744 7
5589 6678 7
4172 5863 6
180 8130 2
690 5940 8
9828 10656 7
1922 3989 6
7193 9320 5
9883 11423 6
6100 7490 6
4015 4394 9
11468 14406 10
6018 9428 8
6280 11576 3
63 8371 1
13168 14531 8
417 4981 1
1896 2270 2
11261 12916 2
4484 15095 10
4141 12974 8
5252 10978 8
2427 4984 2
2158 5675 5
6156 12383 3
667 4751 10
5763 10766 1
13520 13762 5
9870 13540 4
9618 10758 4
2380 4496 5
2468 12565 9
814 15226 8
13920 15574 5
3572 6722 3
2462 8959 8
9082 15059 7
4612 10440 6
6181 15257 9
1759 12345 8
4435 9193 2
1845 15593 6
8816 12215 7
1487 11371 6
5548 9731 9
6442 15337 7
4579 7847 1
337 5268 8
7288 8710 7
9923 14491 7
12004 12147 7
4107 10843 5
1858 9634 8
3384 5813 6
4440 14169 6
1203 6066 1
316 1408 8
14190 15694 8
3687 12940 8
8028 13606 1
1951 6160 4
2172 15047 3
4346 8538 2
4585 12801 5
7702 13498 3
4479 13266 3
5885 9925 8
135 810 6
1009 5347 7
7658 9348 7
7315 9298 3
6129 8933 4
864 11297 4
5927 16742 8
760 16520 6
8141 14960 7
14416 14965 10
4979 13753 4
7088 12911 5
3854 4140 7
3433 12571 5
6554 14830 6
6347 8633 1
3308 12108 5
1174 14640 8
959 8832 10
2348 9684 6
6372 7510 3
5731 6439 3
10102 10923 8
946 12199 9
7275 7801 7
2795 10767 7
2341 2689 4
9038 12685 8
8574 15240 4
6322 10983 1
15604 16738 10
4188 5170 2
6869 7479 8
8902 15295 1
15303 16340 10
7172 7957 1
7828 10473 10
3741 7429 4
295 1656 10
1443 12796 8
10210 10847 4
6272 13961 7
428 7128 1
1079 11259 3
5645 13085 6
14813 15693 7
9821 10662 10
1699 14199 9
3061 7050 2
4481 8865 3
4649 8827 7
2280 9697 5
11633 14542 2
2827 5271 2
1537 6301 6
11065 14555 6
537 2038 1
1047 10612 3
6900 16916 4
4730 11685 10
8237 8306 4
4152 5017 9
8125 14581 10
12760 14402 2
8312 14428 1
9433 13607 10
12112 14251 6
3680 5437 4
9616 13530 1
6062 10544 4
3559 6736 8
7913 11449 4
8402 12966 9
2662 15020 9
3144 15284 4
5749 6255 7
1965 15202 8
4109 5939 10
14443 15475 7
3622 12194 7
8909 9983 9
10563 15084 2
11167 16421 5
8332 9018 2
569 9729 10
2202 14132 7
6337 12772 10
5827 9600 5
2336 11180 10
1555 12269 2
2966 5955 10
8511 15316 4
3150 5365 8
3441 3695 9
1774 3059 8
2793 11727 6
5271 9379 8
5241 11618 1
1037 14633 3
3172 13153 2
2343 7537 7
2805 15217 6
9142 9597 8
2200 10049 9
5004 12156 9
1810 7991 3
13737 14122 4
3001 10700 3
7618 9453 2
1791 9677 4
9380 14318 1
4674 11278 1
4685 6346 6
3781 8025 3
10379 14883 9
342 13391 8
3713 5485 5
1358 8495 4
5169 10266 2
2949 8978 9
9537 14699 7
5879 11669 3
3571 9686 8
7335 16165 8
13753 13875 9
1188 12587 3
4409 4638 9
2791 3846 6
10019 12611 7
608 11248 8
303 14798 10
2738 11829 6
3288 15287 9
4544 9648 8
11892 14072 8
2617 6332 2
465 14816 4
11756 16129 4
14498 15894 10
5823 11221 7
5934 5998 7
5357 6780 1
1154 6014 6
4129 13374 10
2886 13938 6
9382 13287 2
2815 6924 7
1324 14690 5
15197 15806 1
7151 7313 1
2052 2456 3
800 3751 5
1620 4937 4
5148 9857 9
6660 11180 7
5868 14721 2
7698 8262 4
5828 11888 8
13326 15689 7
2859 5543 1
221 11427 5
1453 2537 1
3733 11864 7
1406 14236 7
2559 8317 7
1913 7510 6
441 14242 1
6306 14508 7
6697 16300 6
9477 10585 7
4564 8416 8
15063 15194 7
12285 12439 9
2319 12093 7
2451 10858 4
1560 12951 3
9731 9949 8
3582 11496 3
4 1056 2
5853 14980 4
6601 12117 4
2672 9061 10
1362 7001 9
11259 11616 7
1991 16960 1
2968 13003 1
1509 1976 9
1259 5664 8
973 12108 8
211 15374 4
3358 5074 2
6109 10203 3
12389 13539 6
12872 13414 5
3190 8411 1
7914 13816 7
3156 6302 7
4138 9406 4
6743 7967 7
1992 11114 7
1004 8055 2
10906 16546 1
14402 15973 6
3489 11988 5
921 12383 1
4638 5777 7
9598 16775 7
2510 3416 3
13240 15556 1
485 3147 5
1993 12142 9
7209 11694 8
3513 8097 5
2923 4068 10
2235 12596 9
3711 12677 10
3528 7388 9
8284 16626 6
6886 9459 6
5908 11036 2
2493 5480 2
830 11169 3
8005 13860 6
2406 14832 8
6080 6957 3
10065 11390 1
12728 14927 4
11990 15852 8
2067 14645 2
884 11961 6
836 1363 1
6807 13500 3
3249 8618 2
13941 15996 5
7928 10201 8
11585 15630 1
4876 7445 6
2744 9586 6
3310 7631 7
7474 7605 2
1630 4857 10
2316 2449 9
5079 7598 1
11367 12711 7
65 10365 6
2009 11547 4
601 6014 2
12171 14782 1
8386 10209 4
3134 12216 6
1472 13436 4
462 5773 5
6439 15133 5
14207 16196 7
2231 4219 1
5598 15599 2
11997 16876 2
1408 1866 2
3359 14282 5
4864 10813 3
284 3625 1
4969 5012 8
5556 15543 4
273 3927 9
13610 15235 8
7121 8265 8
1620 10741 10
9180 13715 3
2113 6188 3
2978 5818 6
14331 15370 1
5429 15011 8
3970 4885 4
1882 10712 1
1898 8068 9
1128 4233 5
4716 14093 10
3456 10356 6
571 3345 10
181 1629 5
9159 14692 1
7525 11056 1
2027 5204 2
6246 15279 2
2029 16043 6
10295 10639 7
5956 10937 4
2131 5753 2
4641 9801 8
11128 12686 4
6769 11004 4
12294 13013 5
5183 13931 10
5542 14987 9
4923 5778 6
2073 13177 1
3354 5942 8
11203 14534 1
9460 16372 7
5528 14023 4
50 1442 7
615 10366 3
12990 14385 10
3441 4416 9
2613 6041 3
11648 12657 7
2928 13690 5
793 3869 5
7325 10311 8
7889 9711 2
5194 10453 1
12315 14333 8
1309 5192 3
1503 4377 3
2374 13330 2
1907 11778 10
545 13767 10
7375 14418 1
6543 12459 5
7088 10747 3
11567 12443 8
4553 7515 1
11848 16988 8
1900 14816 9
13330 16173 9
1008 11120 6
8823 15341 9
4620 5907 2
3257 11292 9
10296 14389 6
9406 11929 8
7636 14488 9
6562 15069 9
7775 9574 7
2819 7502 4
1940 14687 3
4004 5350 6
660 12876 9
96 7720 10
4572 13233 10
8622 12361 6
6332 13258 5
3546 4596 5
1224 8770 6
926 11388 10
6243 14582 7
3706 5350 5
3549 4182 7
9265 14587 5
10213 15494 3
13869 16746 2
2600 6435 1
798 10689 5
6074 9320 3
2963 14452 7
2180 7313 4
3937 8339 9
3316 5631 9
5529 13078 7
6474 9848 3
8997 12351 3
10709 10906 1
2898 5867 7
10037 13434 1
3511 11592 4
2395 13730 1
8730 11203 6
3085 9032 4
2327 10053 7
8624 12674 6
9699 11919 8
1889 2494 5
8745 15129 4
3908 4005 5
3044 3870 2
7742 13011 10
6101 9674 10
12397 16354 8
1279 5536 6
3790 14033 5
3137 5298 2
7603 11258 10
1947 11497 9
906 16402 6
807 9236 6
12121 12721 6
11243 16256 4
5022 6125 6
3201 9848 6
3582 8027 10
2031 4601 2
6031 15425 5
8929 14924 9
7710 15103 2
1097 14951 7
11614 14674 6
2054 6724 3
9632 10892 9
9781 15923 4
5515 8860 7
3403 13705 4
2921 14828 6
1549 9329 3
1256 2787 10
5159 14126 8
9398 16592 10
2087 15724 7
381 10895 3
1236 7556 1
6551 14668 8
1412 6201 7
4364 10135 3
12357 12473 2
2374 5127 9
4845 7926 4
3480 13140 6
7088 9707 7
5839 11685 4
8319 14492 5
2065 15025 9
358 4568 1
3750 4284 2
8591 12742 9
6243 10961 8
10825 14192 3
2657 14529 10
15162 15594 4
5285 15900 8
10763 15486 1
2193 15562 9
2888 11045 2
4168 12658 3
5572 15293 6
3678 3970 7
3409 9845 1
7743 9995 5
2586 12558 8
2277 2730 5
4189 11988 6
886 9637 6
4049 7473 3
668 9184 1
9088 15329 1
520 9149 2
5627 9291 2
9779 11859 4
2634 4273 1
1882 15506 4
1626 10656 1
13828 14482 1
13662 15048 4
7401 9411 6
13956 15471 10
9036 12938 5
10640 16967 2
1006 15742 8
2156 10281 6
12469 13303 2
9557 14928 10
567 3113 4
7782 14511 10
13685 14708 10
8329 9690 6
7488 11549 3
7712 11221 8
6278 14472 2
3731 7772 6
8589 12437 10
4274 10592 7
2336 16571 4
1489 2274 6
5219 13148 3
4345 6196 3
13377 15426 10
2213 2247 1
7068 10625 3
3905 11696 5
1430 11608 9
3085 13253 4
3636 5929 2
7561 15966 5
7508 8791 3
5591 11300 5
212 2036 4
3449 3575 3
1321 6245 7
5201 12790 9
8005 16874 3
10278 13621 7
5113 8186 4
124 1283 3
9884 16553 1
5263 16069 1
5564 13602 7
6765 10934 10
4938 6014 9
5010 15301 3
3171 7858 3
2340 16153 4
11947 12738 9
8147 15370 8
12777 12921 1
129 15994 9
1638 11345 5
2231 5148 10
10689 12453 5
10054 12097 4
423 11347 7
7770 7894 3
8733 16496 9
2627 11425 7
16258 16597 6
138 9831 4
10165 16020 2
2149 10167 10
6147 15098 7
10838 11606 7
6022 11828 2
5044 12542 10
4249 15519 7
3564 4112 3
2432 13126 6
10610 14252 7
4222 11738 2
7974 13377 7
3383 7484 6
1070 9669 5
5231 13733 9
2210 15204 6
602 1691 5
4128 9988 1
770 14561 10
12728 13152 9
15689 15853 3
8340 9803 2
9565 10270 10
5545 12970 8
6461 13386 8
5459 15165 9
7948 14300 6
12877 15574 1
1200 5298 8
5011 15123 8
3612 15421 7
5570 5968 8
5126 8457 3
3645 11707 2
14922 15805 10
2630 7666 5
2339 15678 3
9066 9466 1
7883 8145 6
3694 7064 5
10488 14848 10
15012 15608 3
1466 2968 7
2524 3690 5
2180 11867 7
9857 12690 1
1796 11973 8
6009 10371 7
11749 13362 2
10179 15196 9
3782 13477 9
4976 14249 1
9074 13426 8
10487 15026 1
1485 10903 9
7265 14651 8
4231 4814 1
827 1365 8
237 16141 8
9225 13657 1
1480 11184 4
5654 14820 1
9642 14146 2
70 13810 9
507 4669 9
4284 6113 8
1463 6827 8
8117 10327 9
2061 7029 3
11310 12291 4
993 4356 8
5451 8336 10
3958 4218 3
161 11001 1
15156 16262 10
9268 15236 8
12556 12766 9
14560 16468 9
9384 10125 5
7407 10192 9
8842 13361 4
9413 16192 4
6043 7562 8
7413 10831 4
60 16962 1
4195 11828 7
6360 7497 7
2983 12448 2
2524 14173 3
9161 12037 6
3863 14701 10
855 8581 4
9238 10831 8
4918 7911 7
348 7835 1
3206 3550 7
7911 9490 1
15466 15957 2
3803 4340 7
1219 7717 9
2779 15541 10
1713 2122 7
216 15651 7
11739 15151 5
9776 10372 1
4520 7711 10
8042 14343 3
5108 14418 5
5629 14600 10
8532 13731 2
6717 8757 3
12161 13416 1
254 16704 8
6822 15119 3
9607 14347 7
9144 10662 10
14932 15527 4
6064 12202 2
464 8299 6
4846 16622 8
12906 14081 1
3326 11926 9
5810 6233 3
5947 11295 8
1349 11701 4
1025 8273 4
1992 2970 4
1184 3303 6
4847 15150 1
1572 3694 9
3438 13041 4
949 7591 4
690 6096 10
10966 12485 4
2415 15142 5
2988 4157 2
9824 12263 8
2321 6585 3
6243 7170 6
1079 3154 7
2481 7655 6
3065 15529 4
11343 12217 3
10033 10807 6
1798 8662 10
9112 10977 8
4430 7762 9
4098 8477 9
4833 4947 9
1040 2434 9
5110 12963 5
15176 16139 4
3739 7655 1
1815 10858 1
100 15174 7
8572 12577 2
2098 14604 6
1682 5558 8
9225 13484 10
1790 4248 3
781 9372 3
3143 9659 9
2002 16487 3
3509 6931 2
2675 12578 1
8121 8503 1
1749 15093 6
13889 14698 6
6797 7553 7
2356 5248 8
4826 5439 3
8170 10430 6
4160 9009 7
2011 4923 7
8917 11889 9
8778 9554 3
464 10083 1
5473 12686 1
3564 4166 3
9358 15203 1
5087 11536 5
795 12347 6
6795 13568 6
8166 10278 7
8161 9228 7
14659 14849 2
6442 16108 9
3844 9575 9
12591 13827 9
14100 15090 9
11422 12499 9
11769 12331 2
3702 3889 2
3254 7518 8
2536 12582 7
1197 2111 8
4099 16690 10
523 13878 9
13343 16646 8
1818 9613 4
9403 10423 2
6227 7082 1
1737 9801 2
2282 15735 1
5509 14709 6
5232 13603 3
1147 3784 3
189 13763 5
1688 10668 7
7835 9925 8
4413 15097 6
2632 7394 3
10784 16463 6
774 14866 4
5542 11812 6
7696 10886 7
4021 7721 7
3771 7372 8
2031 15281 9
1251 12090 2
10466 16882 7
9043 10834 3
1319 8687 3
1751 2025 4
3291 13571 10
1445 6507 2
1863 14053 5
11757 14243 3
1034 4950 2
8475 14764 2
4938 6466 9
248 7133 5
571 5753 6
2419 7690 2
5904 12379 7
2951 3881 8
2741 11653 10
2073 16808 2
2438 13828 8
472 1072 9
4547 15698 2
2326 15511 9
12587 14801 4
10275 10449 1
3284 13990 7
6828 7538 5
6280 8165 10
1962 12450 9
8343 13103 2
3927 12905 7
590 4324 4
11538 13313 6
15036 15834 1
2188 15018 5
2319 5659 2
5925 13268 7
7979 12228 1
3472 5751 5
1905 4373 1
6037 7286 10
12496 14462 2
2069 4949 10
7168 12775 8
1186 15138 10
7904 13188 10
247 16876 9
10323 14061 10
3268 15606 5
5610 7799 5
6861 13130 7
6295 11217 9
8946 10036 4
483 8391 9
3555 8648 8
3015 13117 3
590 7463 2
2450 4334 10
9817 14777 9
1876 9232 6
10354 12672 3
9270 16284 6
3659 15741 9
2620 13693 3
3243 11362 9
7250 10173 5
9221 11961 6
4732 11035 7
3999 7362 5
9575 10353 10
3666 11904 3
8970 11143 10
2597 11977 2
3564 10724 7
7909 11189 5
240 8758 4
1219 2115 2
3802 7654 1
3304 11040 3
1332 9082 8
8969 13887 5
12949 16716 7
5049 10373 3
1237 6586 8
178 7305 9
10529 14661 6
4074 7403 5
2273 8383 6
2967 3399 5
808 1114 7
13320 14074 6
1809 6223 7
9050 15192 6
2530 11049 5
9928 16775 6
628 16291 6
5118 8861 6
9202 16006 1
3649 15896 6
1861 2815 1
8609 8933 5
5685 6102 4
1708 12763 7
8386 16414 9
4364 8333 4
8791 10590 10
2524 13042 5
4844 8407 5
5630 8339 10
12321 12562 5
5679 8654 9
7593 8952 4
5658 8855 1
13265 14358 6
2630 12601 10
5850 8573 10
487 1566 6
12163 12441 9
10843 12766 3
1760 8717 6
12875 15629 8
3210 11148 1
422 753 6
141 15604 2
13958 14638 5
1043 9823 10
10921 12316 7
4741 12471 2
251 4745 9
3917 11499 2
12574 12629 2
6475 13679 2
9648 13537 10
5423 6185 7
3155 14197 1
3696 14304 8
7807 12317 1
7663 10207 6
4331 11053 10
5129 11482 2
7284 16458 4
2971 13087 4
4137 8312 7
1235 1631 5
10766 12001 1
306 14667 1
361 5752 5
239 1208 8
901 6912 6
5076 13975 7
8007 13114 4
884 2144 4
2902 15587 9
4089 13598 2
876 5805 5
1241 16908 7
14446 15594 9
8437 10778 2
3153 8377 2
3782 10568 10
1210 11264 10
10916 11852 6
1892 2907 8
5851 5942 4
1467 12688 10
1087 4424 1
7017 16345 2
11481 12738 7
5262 7978 1
8605 16308 8
3681 15398 6
5922 12822 2
10145 16669 7
13674 16525 10
1070 14852 10
65 2314 1
3198 5754 7
9865 10833 1
2776 9482 4
1291 2189 10
6620 13823 6
708 7056 1
3790 6542 6
1541 13113 10
6511 13787 6
1050 3280 10
3056 13936 3
4754 13843 1
9041 10206 5
1898 7589 5
9527 14686 4
13599 15040 3
4208 10131 8
7501 13242 9
5034 11882 4
4634 14461 3
45 3292 5
414 7888 6
12402 14126 7
9950 15618 2
5092 12286 5
11222 14746 7
628 8118 2
2348 9805 9
3504 6862 9
61 221 1
6050 11202 4
11875 13277 4
2161 9036 4
11948 15131 3
1665 14605 1
6547 9861 8
2075 2428 9
15114 16852 3
7791 13714 7
152 14618 10
189 8902 7
5033 15744 6
862 5358 5
12182 16869 9
1824 14551 6
6320 6455 9
12746 12974 8
5427 15564 9
7914 8862 4
7039 15310 4
5095 16539 10
110 7528 8
8872 10934 2
7299 11092 10
8321 11120 10
8263 16577 3
7918 13910 4
798 1614 7
2466 11119 10
3988 7266 10
4903 8098 10
3811 15230 7
2602 14505 3
2903 12806 3
1836 4370 6
2394 9921 6
855 3386 2
6039 15530 7
2957 4548 4
8419 12223 9
9627 15702 1
8201 15576 6
8329 11490 7
11396 14271 2
11870 14015 7
300 1776 1
3288 5944 5
4222 9237 5
2397 8189 2
3087 3910 10
1587 6566 7
4049 9306 2
12619 14749 6
776 10205 1
172 10341 7
5252 9085 4
12449 13579 1
2115 13087 10
4791 11505 7
3978 13544 2
4510 7088 8
1518 2322 5
1440 1830 9
2152 13822 10
5437 15454 3
14203 14973 9
2017 10226 2
1145 3829 3
9720 11726 7
9650 16257 7
1535 1682 2
4397 4673 1
289 1611 8
10535 12844 6
1644 7368 7
1550 10690 10
2683 9319 1
11259 13736 5
3456 9195 8
8385 10068 5
9917 10532 8
2788 8069 5
2588 4971 8
5733 14555 8
10903 11968 8
1856 3901 8
2402 12567 5
2111 5958 5
1383 15172 7
2011 10955 5
5258 12247 3
2304 10427 9
2807 9313 7
6357 10258 9
5852 8592 1
3140 6733 1
2815 7825 10
7005 15357 5
6822 7166 6
9645 14972 3
3003 12881 7
10786 12259 10
5417 12637 10
2990 4767 9
1800 10618 6
7489 8469 2
3675 6313 4
667 15063 9
15675 15785 3
4502 9624 10
6175 6635 8
234 10889 5
1036 13180 5
1154 8297 9
6787 8244 5
10550 14887 6
10691 15076 3
1198 6310 2
2839 4729 9
3997 14277 1
2649 9435 5
8679 12446 6
100 9736 5
6702 9601 2
7228 12132 3
5354 11535 9
10803 15946 10
1320 7968 3
2392 14340 3
12908 14542 9
11551 15290 2
4432 14291 1
2357 9373 2
882 15565 4
3021 4133 6
14204 16065 6
2598 15749 3
10499 15312 4
6985 15499 2
12653 13241 9
4118 9597 3
10593 12411 1
4612 15829 3
4473 6199 5
1921 11741 1
8240 15261 8
15445 15583 10
2528 14087 10
406 5770 9
3796 14665 4
320 8868 4
3505 3822 4
14608 15176 9
8041 14165 3
11806 12345 10
5747 10213 1
1270 6981 8
12062 14594 9
5884 13706 10
3175 13055 4
542 5730 4
696 768 7
8963 10350 10
6360 10316 4
9845 11045 9
3251 10006 4
9993 11914 7
6021 8376 1
11835 13955 10
8729 9115 2
144 8812 4
3642 4076 7
5565 15995 5
11237 15074 3
3208 10722 5
845 11909 8
446 4685 3
2703 7933 1
37 456 4
4260 15679 6
2401 9225 7
1119 3487 4
10897 11998 7
11516 11691 7
5931 11460 8
3514 12207 10
7623 16105 8
3765 14486 3
455 12453 2
4023 6956 10
10385 10946 10
930 16606 6
2470 15141 8
1904 2740 9
243 14539 2
10261 16521 2
1441 13465 7
3733 7263 8
5980 9838 2
1204 4260 4
36 10313 9
5710 7160 6
15210 16602 3
665 12352 7
15383 15970 9
11246 13089 3
282 3331 3
238 14620 7
8407 14896 7
3239 12699 7
493 1828 1
1495 3711 4
8771 13905 6
4494 7498 10
5738 8732 9
7357 14988 8
1082 5127 10
9978 14349 5
4154 15416 10
5167 16787 10
6999 11706 2
4986 14921 5
7752 14065 10
7335 15241 8
3676 11312 2
7810 11797 7
3910 6520 3
12168 14237 5
14080 15347 4
3257 10071 3
8355 13291 6
5718 14597 9
8927 14872 9
7641 14443 9
6328 11548 4
805 2491 1
60 2195 1
5485 14326 9
3277 9037 8
3418 5740 10
3451 15439 2
6255 7999 8
10590 16539 6
1693 9123 3
3339 13885 4
3545 11655 3
6149 10735 7
1287 15180 5
10606 11809 1
3583 10168 10
8571 9593 6
5543 8830 1
5103 16557 2
12800 15527 6
182 11130 9
6668 12969 8
4220 12672 4
185 5855 7
1871 11596 10
3898 14011 3
219 2611 8
4753 8306 8
8088 12250 10
3505 11056 2
1628 16551 5
6143 8140 4
11042 11954 8
10803 14854 2
8093 11276 6
530 10248 3
14003 15269 8
6080 16352 7
1102 4374 6
161 13024 7
4290 11892 8
2935 15922 9
1319 5646 9
13001 14729 5
2921 5903 7
982 6081 1
5373 6536 1
7348 14054 8
11874 15772 10
9701 13869 4
733 2318 7
1738 15533 3
11747 13591 7
3908 9468 8
5364 8407 10
1202 7414 8
13605 15446 1
4588 4593 7
1967 14465 5
298 11309 10
9785 12537 3
5613 14186 10
10893 15740 9
11011 15242 8
9752 11148 5
7130 13996 2
11224 13233 8
4401 10327 6
10221 13228 3
10593 13318 2
11986 14761 9
5182 7987 1
8607 16622 3
3627 9622 8
1880 9890 8
7351 13334 4
2406 16756 4
6260 11888 10
4479 5602 4
8836 12762 10
8885 9986 9
1369 15002 3
10084 11482 7
670 9711 3
7599 12159 4
8223 9449 1
6812 16901 6
2738 13572 7
3917 6610 3
1481 13385 6
3809 15243 1
6283 6553 5
7007 14442 6
5987 13708 6
14927 14949 5
2927 4618 9
4401 10402 10
2899 14661 3
2703 14519 2
7649 12407 7
4467 8289 4
485 6104 2
10005 15421 9
7562 11998 8
2327 3650 1
2648 2721 2
10753 11488 2
2600 14783 10
9277 13212 5
5861 9102 2
1564 8170 6
5385 11349 9
1275 9142 8
5588 10539 3
9430 14658 5
6526 8984 9
11618 13146 10
3054 16111 7
2090 12747 4
6555 11528 5
12692 14267 8
5037 16107 6
8577 15032 3
5107 8342 3
3107 6411 2
3251 5117 5
1732 6684 6
9478 14754 6
9224 11187 1
426 6038 7
1779 15899 7
5297 7410 9
6547 7411 7
544 6866 5
12082 13970 8
11945 13637 3
1525 12949 4
2738 14105 7
1726 12281 1
1136 9739 10
678 11693 10
14391 15766 1
9335 9939 6
4029 4183 7
4612 11415 7
9255 15992 9
11764 14770 2
11692 16144 5
3775 12783 10
6876 8434 8
14142 15984 3
808 1623 4
3073 10690 8
5225 12251 3
2950 8251 9
666 1139 4
3906 9326 5
5876 14902 10
2479 15116 4
3178 15593 10
7320 7445 3
4350 12223 5
8589 10499 9
2562 15123 1
8396 12493 3
1080 14935 5
2591 13493 5
1807 3757 8
3451 4587 7
6088 14538 3
8943 13674 5
3875 9945 5
3409 4722 3
1458 7554 10
1409 6864 10
9690 13592 1
4788 8740 1
7013 11360 9
6534 11842 8
5805 15051 5
2879 10852 9
4499 6855 8
8074 11100 4
2825 8499 1
4340 10430 2
2198 4265 5
3890 7739 1
3593 6448 1
9769 13436 4
4431 13338 3
1293 9008 4
3634 4168 3
4268 5482 8
2457 4447 4
4730 15733 5
2905 15478 4
6035 8059 4
3869 16464 5
3228 8805 2
568 6307 6
1524 14344 8
268 8304 2
4083 14199 10
5043 6068 1
6762 14622 3
1546 2851 9
11235 15543 3
12397 12521 7
2769 5554 8
2664 3049 3
4665 10293 9
9246 11518 8
888 14985 7
4848 9566 7
4851 5337 3
7817 16193 1
4699 14625 7
14542 15461 10
8907 15422 9
4741 6500 10
3039 9543 1
4108 16528 7
6400 11465 2
12434 14821 1
6437 7694 8
2063 15548 10
5350 8150 2
13111 15836 8
1856 12823 2
6632 7305 1
7640 8530 5
9501 11087 8
11765 16896 9
5280 6251 8
11530 14288 2
1604 4821 2
7107 10782 10
839 1071 10
8285 16317 7
2033 9427 3
9858 15030 10
442 3806 3
7084 15361 3
6696 16780 2
13380 14100 1
3595 11383 7
7786 9615 5
7523 12374 4
3584 11699 1
4290 16995 2
1384 12661 9
10232 12031 9
55 2095 5
4878 5975 8
7657 13849 3
1878 9949 4
116 12968 8
4340 4729 9
179 9938 4
7639 13009 7
7032 8117 9
8404 12954 6
7632 11970 7
20 10859 9
5480 14356 5
10447 16445 7
3272 9410 8
3638 11942 3
8213 14696 3
2021 14903 7
13146 14035 10
3256 14490 5
1284 8401 7
10132 13777 8
6640 10925 5
864 14633 1
4568 5733 10
11930 15324 4
5062 12963 7
1221 14739 7
7075 13702 3
8110 13996 2
5490 14301 8
2772 9558 1
3816 15730 7
3077 8039 3
3302 3506 7
13530 14342 2
7848 9619 7
10855 16602 4
4627 4684 10
11881 12255 3
4412 15007 4
392 7781 4
1928 10967 9
5509 13530 3
1075 10329 3
8398 10709 1
6394 13006 2
8964 15136 6
6635 11907 4
1335 1897 7
4509 16357 9
8289 12063 5
7751 7769 6
4245 12366 3
7041 11734 4
6691 9868 5
4961 9080 10
5247 15054 5
2158 8304 5
7417 12330 9
3660 10299 5
10996 13906 5
2621 13674 2
3010 7218 5
947 3743 8
4465 12306 4
6652 13074 4
2107 11138 9
2116 6714 9
4245 7961 3
7169 14525 10
4461 10300 1
611 3878 2
8780 10452 7
12494 15003 9
3547 10264 6
5360 7318 3
5524 10251 9
1950 7031 3
4003 13063 3
5255 10020 3
6855 11422 2
9949 14354 7
3432 3744 6
2390 8459 4
3964 11007 2
6013 7535 1
5130 13262 2
3092 12201 4
9567 12825 7
4079 14097 9
4389 13839 9
8566 11555 2
6576 10342 2
7285 12520 9
563 2312 5
6767 6968 3
3626 15286 9
1434 5188 2
11198 11404 5
7437 13939 9
494 6086 8
5706 5892 3
281 6509 8
13026 14821 9
1365 10170 5
14643 15707 7
8061 14253 9
13248 16442 2
4220 14268 9
565 1812 2
7664 8344 10
3592 16722 6
4585 12527 7
11770 13867 6
6391 13168 1
9839 14081 2
503 10557 10
6043 14650 8
7560 15003 5
10365 11004 6
5165 11160 10
13719 16711 8
398 4114 6
5434 6066 10
3491 9370 3
11349 15558 1
3178 12928 1
2769 3406 7
2501 9201 5
9642 16853 7
10154 11982 9
3853 14171 7
1761 11539 5
1122 1416 3
9164 11464 10
4020 9841 8
5490 6422 3
7968 8073 10
8538 14581 7
2043 13381 5
4465 14133 1
9053 10055 1
2615 16908 8
8128 13695 4
1459 4936 10
7093 15327 8
3146 4774 3
3180 14680 3
6288 9494 7
9625 11495 1
4018 13303 7
10213 11551 6
1698 3269 10
7537 10521 6
5132 10420 10
2983 3841 9
1063 12433 10
6983 11232 4
8959 9864 7
3335 16196 1
5031 12955 4
4201 13711 9
3949 6842 4
8374 16808 8
2730 6347 5
3311 15746 8
3750 9847 8
6506 9415 2
989 1968 10
3909 9045 6
8032 13600 1
10071 12745 5
1968 11019 2
14248 15710 8
4872 8022 2
2433 5942 5
8218 9556 1
7005 7463 4
11836 16517 4
4539 13516 8
7829 8669 1
1410 14828 8
8470 9284 8
4280 12951 7
1001 1867 3
886 13876 7
2680 6765 3
5923 15620 10
9947 16405 10
1234 16520 6
4529 10617 8
8834 12441 2
2666 8781 3
9410 11832 8
3673 11908 8
7030 10412 2
10447 10545 1
3458 11577 2
8616 11009 4
5089 14751 10
1485 6536 6
4488 9550 1
3184 7989 5
2472 16513 5
6088 13740 10
5106 14941 8
8129 15877 4
289 15977 8
1628 4260 5
3986 9482 1
3774 7019 8
2710 14826 3
5371 14029 9
2197 13434 7
943 6453 4
12988 16647 9
208 10436 6
7014 15497 9
4978 7293 7
3358 6321 1
7136 10047 4
2324 14256 5
3960 13843 7
4885 10874 6
629 7125 8
1702 4487 5
9148 10752 8
9514 10065 3
1590 2454 9
4827 6091 8
5791 6224 1
12887 13486 7
1591 5858 3
10965 15619 3
9860 15346 1
3336 12973 6
6769 9985 5
5954 11949 6
2360 12837 7
10603 14447 6
13368 15840 10
13289 16389 3
633 3529 9
6940 13650 5
12070 14529 9
1832 11083 5
3605 8788 4
6156 15475 7
2959 14480 5
152 2762 2
6907 8202 10
4362 8528 1
2796 3006 8
8328 14222 6
12662 16006 1
684 15443 2
4328 8013 7
3196 3366 8
4032 6788 7
8435 10655 10
4650 13648 9
2618 6107 2
1400 1582 10
5333 10669 6
5869 11548 1
5649 14334 2
1918 4351 6
11903 16907 3
6967 10264 6
9726 11822 10
10056 16586 10
8971 9419 4
5960 14704 1
1980 3173 7
2381 16303 1
4608 9082 10
2725 4081 10
5459 13046 4
3501 11763 5
465 6824 6
11388 11466 2
2337 15808 8
3608 5415 8
3761 8878 3
7505 12514 2
3436 15490 3
818 5168 8
8434 9272 6
467 468 9
1053 3913 2
2669 11654 3
6862 11561 10
13427 16381 9
8234 12878 1
2125 5068 7
5171 11756 8
4947 12304 3
1015 13411 4
4067 8116 1
6028 10205 7
1160 11248 5
9851 15263 7
5488 14173 4
3292 4913 7
9419 11293 4
1402 12650 5
585 15445 8
6673 7356 10
10830 12129 4
390 837 1
3557 16885 8
2868 12768 3
5412 7140 8
4346 8067 3
10299 13690 8
3028 13152 8
1941 7460 2
1136 8332 3
15633 16286 8
2518 14956 6
2017 8704 6
1902 13446 5
4821 11647 5
8926 9052 1
2902 8490 6
4430 10031 2
9397 9448 5
1152 9307 3
1311 1338 7
12704 13507 1
14859 16915 5
5976 15298 10
12870 13937 5
7057 13005 5
1383 10104 3
1973 16932 3
9430 14905 1
11300 13340 9
5066 14878 7
10582 12862 6
2494 3797 7
8700 9699 8
7554 12716 7
8868 13779 7
3968 7758 8
10401 15165 4
3900 15853 9
3766 10422 3
15315 15730 5
3293 5285 5
10203 14567 4
8951 12246 7
13 12700 8
1962 11792 6
9744 14245 10
68 16040 7
1488 5442 5
1891 12442 1
3187 13169 8
7414 9595 10
4848 6450 1
10176 11488 8
9629 11452 8
5318 10030 5
15596 16736 10
4455 7738 4
3442 5054 5
185 10823 9
2916 14595 3
7908 15305 1
128 4259 9
8689 13577 7
3119 11904 8
4867 15348 8
5635 11297 8
9485 9765 9
4205 15354 2
7370 8578 6
460 5348 8
219 12067 5
671 12135 7
2116 13802 3
13586 16865 5
7616 15372 10
1857 3529 4
6038 7692 5
118 15647 2
1392 7722 9
9403 10353 10
13514 16806 10
6909 15073 1
5994 6563 10
2552 2558 8
2339 11880 9
5439 9777 10
4088 14738 4
376 1110 6
6157 15486 4
2957 6945 7
8095 14964 3
8286 13759 8
2921 7482 7
6793 13133 3
8853 12689 8
3163 8978 7
591 7074 1
1266 16259 5
1545 8547 10
12633 13594 2
2649 14198 9
6171 8625 9
15395 15655 9
9 8291 4
7353 14976 7
14032 16523 2
2019 6732 4
4078 4428 4
4594 14168 9
11488 16335 4
8506 15517 9
10340 13165 7
6982 12599 5
1702 8956 7
8058 9056 4
1829 14001 6
1975 12667 2
1296 12748 5
2940 15548 9
4853 6983 8
1729 3547 5
281 14626 10
2366 5421 2
6622 16276 2
2558 15620 9
2375 4362 3
6066 7206 2
7899 9256 10
1820 7562 8
2609 13215 10
3922 13317 2
2441 7993 1
6390 10121 10
1091 5568 7
1006 3002 9
3512 3928 1
10623 15221 9
3658 11624 6
3468 11107 6
771 10133 10
2063 15541 8
8386 10174 2
7690 12584 6
762 13572 8
9158 12455 6
814 13651 10
4661 12441 1
5200 12457 8
5293 8745 6
2011 11954 8
846 13995 3
8884 10221 6
1946 6257 9
8801 9214 5
7546 10323 6
2662 2968 6
1172 6670 9
11038 12943 6
8199 15672 7
5971 13904 5
1956 4538 9
5 14209 9
1894 2883 4
10073 10645 7
1954 11872 1
11340 16220 4
4484 7459 2
9380 15749 4
5743 7462 7
13022 15256 9
8123 16606 6
22 15544 7
1704 14102 5
11040 11947 5
831 2963 7
2795 11834 6
972 4277 5
9901 13188 9
12513 14690 10
2322 3767 10
5635 14676 9
11 15046 5
7342 12301 7
4095 11979 4
1902 12829 8
7520 12353 4
1492 1680 2
12374 15725 6
2401 3633 2
806 10011 4
3053 4191 5
10547 12482 7
714 8286 3
11779 13138 2
1847 7061 8
6458 10074 6
8093 12695 6
6146 7119 5
597 3155 1
3901 12362 2
1143 7510 2
11792 12937 9
635 3805 10
1798 7278 2
14367 15194 2
3527 5797 10
13790 16906 7
5040 9566 6
6897 12294 4
2203 14393 9
6976 6998 6
4353 13025 10
3991 16477 1
5773 16541 4
3834 8470 3
541 15053 5
1169 2863 3
10370 10743 9
12114 14701 3
12408 13902 10
7875 14320 2
10142 10320 2
8125 10355 3
13403 14077 1
2699 3307 4
11335 14809 9
9340 15514 4
346 12284 6
2162 16720 5
3087 4600 5
10914 12441 1
9220 14583 7
4382 9918 6
4140 7895 5
3354 14297 8
7356 10189 7
3268 6057 10
1935 3473 9
2375 15438 3
6143 11256 1
7084 7788 2
5500 5997 2
9480 13755 9
11191 15353 9
8147 8940 2
7398 7937 9
9729 12685 10
2551 6879 8
3216 16172 2
853 3514 4
6258 12539 1
231 5874 3
2659 10675 4
7271 12860 9
2316 5068 1
13897 14883 3
10732 13379 3
9410 13531 8
915 13340 3
2956 6871 8
16237 16768 9
4615 5265 4
13136 15720 9
4880 10052 5
2759 13530 9
244 2262 2
10649 13608 5
4363 6411 4
4933 12028 5
3252 10423 1
7488 9670 2
4799 4947 6
8518 12614 7
4728 8721 7
2544 13671 8
3893 11468 5
175 11135 3
2018 11847 1
11234 11587 4
115 8069 7
8926 11185 4
5554 12235 7
10552 11824 2
10683 16704 1
1697 13400 5
1784 11704 7
2715 5237 10
11499 15279 1
6446 7877 4
575 10157 6
5689 13552 4
5723 13673 3
9968 11117 8
3293 3520 3
13290 16485 10
2585 9546 1
14689 14950 5
662 1866 8
7058 10281 3
4240 7154 2
414 12953 7
9861 12153 4
2640 6830 5
10037 10337 10
7061 9782 7
9706 13706 1
3096 13307 7
5583 15318 9
5105 13514 2
9999 15560 6
6169 13391 2
224 11992 4
6028 6589 6
4440 12928 6
1835 8922 9
12762 14219 7
6330 6835 3
11874 13004 1
16911 16982 7
933 11380 5
13639 14577 10
7370 14019 10
4185 11402 1
3520 4847 9
33 5120 9
5362 6934 2
6304 6585 5
13000 14639 1
5879 13515 10
8975 11958 4
1028 2670 4
3940 12089 7
10391 15615 2
4882 7504 1
291 9609 8
2377 15627 2
1061 8688 8
13278 13282 10
3463 10240 7
4615 15614 7
6124 12936 10
17 15664 10
5392 13683 10
12654 14758 7
7202 10456 6
7392 12546 1
8243 16093 4
2799 9975 1
3802 6216 4
1260 4688 1
574 12529 3
65 15689 8
4928 12705 8
429 13660 7
1190 7367 6
641 10502 4
9591 13220 2
201 8381 10
1136 12787 3
6004 8917 8
12717 16527 6
12004 12156 3
8707 12144 4
5496 5568 3
1887 11022 8
6380 13818 1
1265 8359 6
4712 4939 7
6791 16370 8
7202 8246 10
2786 11416 8
966 14433 7
7061 15725 3
8124 13053 3
5198 14411 7
5878 14472 4
120 4666 6
12809 13736 6
4476 11978 2
5656 8294 3
3721 12591 5
6227 6567 2
9996 11972 9
6719 15277 9
4308 8746 1
2783 13207 1
3648 12254 8
1876 8862 10
4529 4929 4
2027 2743 2
7788 11467 7
14318 15721 10
4072 14837 7
6727 12066 9
7263 15706 4
8970 13440 6
9647 16870 10
7820 12415 4
2068 15166 2
609 9715 10
22 14634 9
9865 11672 10
9008 9238 9
13484 13818 8
5015 15270 4
9041 10555 4
2744 5001 2
3703 4271 8
11116 12309 7
13772 14844 5
641 6999 8
10452 11161 8
13677 16753 7
8715 13943 7
9608 9910 9
5823 16872 7
9382 15910 6
1646 12681 4
11075 13181 3
10186 12118 8
4079 10286 7
4439 9194 2
1002 8516 9
1581 4399 5
3724 8489 3
7201 9127 6
12264 12979 10
483 14256 1
8649 14581 9
5495 6161 5
1535 8666 7
10338 13220 9
3233 13522 9
7072 13525 7
2553 7040 5
6016 14496 4
5742 15567 6
4316 6088 10
1457 10169 9
513 1401 2
9814 13449 6
12372 13808 1
12122 13860 1
2343 5662 10
536 12325 10
7162 14223 10
3918 7357 4
786 15482 3
6065 9133 9
6051 9727 1
427 15310 10
1402 3279 2
2567 14806 3
262 5294 9
14540 16755 6
13737 14356 4
6112 9668 8
8145 11725 7
1918 9827 5
10248 16004 10
6788 11836 5
4338 11195 1
2133 2961 2
9036 15382 2
6978 11190 7
8592 12554 10
9780 11176 2
13291 14914 1
5893 7588 5
191 1481 1
12548 15729 9
5071 9333 8
15027 16367 1
985 7430 1
1730 6109 6
4328 6187 2
6773 14193 3
6675 10061 4
4546 10699 6
3452 5670 2
12228 12495 7
2036 2059 1
8019 12167 10
6860 13682 8
3160 10731 9
8196 14409 8
3296 10520 3
634 9482 3
2293 13045 8
8025 12409 9
12112 15459 5
8225 9915 5
13600 14474 5
11195 13888 4
8344 14249 4
5992 9430 7
14138 16183 7
10331 16680 5
4511 9256 3
12979 15499 10
271 14260 1
9515 11405 6
6234 13672 8
6922 15138 6
11637 15777 9
3811 15366 8
13283 14921 8
2932 10741 2
12720 15416 10
9793 12824 6
7604 11945 8
12308 12957 1
12603 13784 4
4482 10765 5
4237 11391 4
11381 12633 9
6186 8706 2
7050 7632 5
15352 15757 1
143 15545 6
3394 10021 4
3747 11435 7
313 1383 1
3730 5626 3
2304 14686 3
2950 8875 9
4850 9712 8
5668 8561 1
5888 11243 10
801 10892 4
5185 10224 8
4593 12432 1
2962 6256 3
6799 12477 4
9262 16251 3
6648 8753 8
7700 12084 6
2023 6906 6
6984 8662 6
5691 11699 8
9331 12767 9
714 8590 8
7459 12409 4
8653 10437 3
969 6076 2
3045 9460 7
5226 8042 7
8064 16458 8
159 10301 10
5459 13680 1
2739 8032 5
1557 16581 8
11242 14400 4
4125 5753 2
11312 13578 8
6871 13811 1
2725 9694 9
1034 9302 7
4877 7245 2
6279 14829 1
1852 7237 7
6486 13892 5
5201 12020 8
527 16474 8
239 12166 3
3950 4760 7
5428 13551 2
355 14512 1
2871 10202 8
6562 11486 1
2426 8330 5
2246 2933 5
129 4788 4
6309 14917 7
3199 12793 9
12453 16903 9
3488 15402 1
2689 8669 10
7145 11427 4
7697 13552 9
2749 4723 2
60 16340 1
4682 14352 2
6907 7646 9
4622 10599 4
1544 11198 4
9211 12820 9
6340 11485 5
2739 4470 1
5793 15629 2
110 10232 5
5649 11819 7
13762 15328 4
1983 7803 7
3945 7006 3
10257 10362 8
1770 2987 4
4198 13973 4
13 3656 4
4033 4698 4
6242 7871 7
11822 14462 10
6939 12370 1
546 15300 7
3790 4971 1
7495 15219 5
9472 9498 2
9148 9899 7
2774 10372 7
2024 15644 3
6689 14965 2
6558 12349 8
2388 6524 10
9150 12956 3
5505 7899 9
1676 4641 5
11561 14894 10
300 7528 5
456 13800 9
7039 12280 3
792 7751 1
2758 9120 3
5772 14709 7
2985 7958 1
8066 10459 3
5865 13291 8
15394 16984 2
12900 15190 2
12891 15687 4
7669 9551 3
7691 8446 2
12389 16099 1
9251 14125 9
9860 12140 8
14352 14914 7
8215 9139 6
4392 12669 2
5779 16169 3
7949 14083 3
10322 11890 7
1585 15628 6
5250 6659 4
10498 13380 7
1630 12802 5
6360 11205 10
774 9962 5
12605 14339 8
7246 10096 3
10254 10657 10
8464 9640 6
10207 10445 9
1961 15731 10
9260 11683 7
4451 4882 8
5218 12528 3
5276 13111 9
3491 13401 8
6174 12555 8
1586 15338 4
3935 10908 4
12498 13939 10
3795 15464 1
1818 4070 5
1140 10487 4
2164 6201 2
1947 9822 2
10319 13755 6
5110 7151 7
2978 5145 1
4075 8475 2
1038 15328 9
227 16360 8
4733 7486 2
5154 7079 4
2510 9984 2
3115 4711 2
14544 15312 4
14419 15263 8
1817 6316 8
1756 13473 9
784 5246 5
5181 16502 8
2201 6293 4
12452 15548 8
2239 14951 2
4802 6300 8
11240 15056 5
9637 14850 8
11242 14547 1
1289 10206 9
6996 8739 5
7962 15717 8
10774 13693 4
8805 15561 5
4329 14351 2
3092 10911 5
7865 9826 2
14668 15572 8
6859 14741 5
11235 15652 10
2388 4965 5
5251 7268 2
2025 6081 6
1205 15765 6
9528 15636 9
13480 14919 3
7861 9682 7
77 4537 1
13732 14971 4
2838 13106 7
9326 10614 10
4682 12032 10
1085 1270 10
9247 10572 1
12188 14582 8
8527 13765 9
5418 5597 6
2369 2501 8
9173 9304 8
2234 5155 10
2256 9130 3
11357 14699 4
939 8965 8
1303 8249 6
8888 15327 2
3024 16277 7
5571 13816 4
394 5694 9
2938 11820 4
3670 10072 10
780 1644 7
3446 8331 7
12037 12156 2
3653 10814 8
1318 14557 5
2161 7530 9
1097 13750 9
2802 6741 3
5175 14535 6
10450 11564 2
12241 14890 4
13340 14632 5
11348 12402 1
2640 14812 10
4905 9560 5
8995 14616 2
9673 13218 10
13781 14130 10
4436 15205 10
4419 12820 2
433 8990 1
5760 8077 9
1813 7068 10
15799 15820 9
4263 6988 3
4746 8265 6
1455 12264 9
6905 11991 8
7840 10296 4
10297 11729 4
8822 15794 4
11585 12162 2
3889 7964 3
7807 14730 1
4656 12225 3
4054 11855 6
208 7506 4
241 7061 6
7744 10967 5
3527 4490 3
15046 16593 2
11497 16576 5
5972 10065 2
2877 13407 1
5580 8549 6
741 886 3
10091 15946 5
5046 6323 8
10281 12006 6
861 11332 5
2172 5688 3
2907 16205 3
7370 13476 10
1142 1585 2
13836 15047 4
4996 11845 6
3752 11253 1
7063 8771 10
584 9308 7
11428 13236 3
5286 16487 6
9592 15522 4
3812 5229 3
13648 14686 4
164 9209 8
7768 13002 2
4690 15144 5
2616 16665 5
4951 13896 6
1559 8090 1
2114 6342 5
1495 16519 9
4615 8304 2
3219 13845 4
5705 15641 10
8764 8851 1
14351 15319 2
3635 3853 6
324 3227 6
7513 14732 5
6797 13707 2
3810 12193 2
7474 11630 5
3355 10790 9
421 13600 8
653 15436 6
7160 10336 1
1951 13499 9
73 13046 6
7131 15193 2
11495 15488 5
5592 5900 2
4521 14812 5
2676 13035 8
4973 15548 6
5711 11784 10
4949 14244 10
12052 13781 9
8091 13106 8
9291 9329 2
2131 8623 6
10410 12933 1
3701 14959 1
4130 4204 5
5465 13934 6
4654 14435 1
1465 13860 4
3578 8198 9
1813 6800 8
1843 13895 3
2191 8170 2
7210 8093 4
7109 13534 1
6632 12333 10
2217 11851 8
3158 15141 3
1913 2184 5
9707 15402 9
8208 8256 9
2760 9860 9
13319 13713 9
12697 13849 6
13527 14511 5
13631 14782 9
2702 15793 10
3450 14488 7
2401 15567 3
7983 13384 4
1547 14622 6
10774 16610 6
638 2113 4
1074 11807 6
53 13278 7
411 11570 4
5800 9900 9
7583 9408 1
12415 13623 8
11509 13434 8
2749 15824 7
1262 13758 4
8639 13279 5
105 8808 1
2875 7206 7
6976 16776 2
5140 7784 8
3468 3994 1
3556 11533 4
2603 10914 10
3662 13820 4
445 1125 9
1822 14508 2
5461 11213 7
14170 14664 7
149 12174 10
69 7374 10
13818 14783 5
701 15566 6
14870 15036 9
6794 11444 4
4146 7779 6
5846 12103 2
3475 5059 7
2939 9912 6
11683 13706 1
5579 13614 6
5324 6137 10
3834 11683 3
3747 5561 4
2145 14445 3
3293 9419 7
6621 8404 9
8593 9621 7
4637 14859 4
4783 9223 2
434 10535 5
8301 13107 5
2436 15844 7
11390 11783 6
4691 6845 3
1036 12476 8
13044 16958 3
1430 11283 9
6508 15467 8
12376 16393 6
1849 2482 5
9016 9760 4
10096 13587 8
6817 16793 7
728 16736 6
7522 12501 6
5728 14027 10
1998 8899 4
13417 14644 4
6277 14719 3
4904 8512 1
6223 12627 9
9311 10831 3
956 11250 4
12370 15328 1
8558 10028 7
2743 6478 5
1720 14060 3
1252 4166 10
8178 11417 10
563 16650 9
3726 8810 10
7931 11915 6
6911 11622 6
6606 10066 10
1529 14707 1
10349 12530 6
4249 8266 4
6923 8508 5
1739 6869 9
1409 2671 7
7002 13977 10
5075 13514 10
3334 5912 1
6544 11969 3
5485 6187 8
4606 10394 1
14802 16657 6
10829 13610 8
8465 11084 9
14376 15377 9
11963 15438 2
5708 8993 1
2564 8083 2
8951 11513 3
14093 16771 6
6608 8946 7
8107 13096 4
8883 12401 3
12214 14773 1
3237 14892 4
10690 11627 2
12397 15254 5
10780 12307 10
4657 4683 1
2725 16740 2
2378 9258 4
6755 15633 6
6989 10402 1
7770 9292 1
544 10491 9
4455 13330 3
3866 6865 5
9770 11516 9
1075 4939 5
8576 10802 8
13044 16279 3
167 691 9
12190 13171 6
546 11592 5
3680 5936 10
9531 16291 8
7882 10879 8
9624 16590 3
3542 6222 1
9099 15210 10
11109 13756 2
1027 4818 2
2370 14971 2
3123 12324 9
4364 10255 6
1834 7636 2
6253 10775 5
1506 15937 8
14312 15499 1
8195 16738 4
4367 11809 10
1105 11650 3
2575 9228 1
691 4590 2
3828 6619 4
9663 13171 7
832 2660 5
7423 15878 5
10 9735 3
14531 16522 8
10763 15580 1
9453 14115 1
704 7603 6
5062 14859 6
8091 15969 3
316 1436 9
6315 12871 7
1683 6354 6
3338 4899 9
1941 3717 8
7558 12973 1
4010 4192 1
5271 11264 1
6032 7354 7
4375 4899 2
600 5148 6
7169 11081 9
126 14302 8
13345 16747 6
2022 3856 6
6386 11260 10
7989 9417 2
2317 7797 10
44 16215 7
3439 10711 6
4899 10508 3
2542 12219 10
5536 6655 9
11902 12837 3
3754 8751 4
13665 15681 3
1792 7453 2
1533 7122 8
4753 15225 6
429 5331 1
9311 10676 5
7583 9747 1
3792 6491 2
13187 15655 1
1101 15093 3
1188 8096 2
12408 16309 3
2690 15042 5
3679 12698 10
5631 7451 6
5715 15470 6
2532 4750 9
7598 10854 8
10857 15528 3
10194 10788 7
2552 9617 8
1323 6649 3
14167 14962 7
11304 12302 3
1132 3192 4
1844 13207 9
10906 16004 10
51 7962 7
2186 7889 9
4308 4559 6
2178 5414 8
7294 7448 5
5455 12031 4
3813 13004 3
4290 5535 3
109 14651 4
6013 13532 3
12679 14883 9
4681 9599 6
1399 7004 2
1586 10031 2
10342 14793 9
12916 15579 6
6159 8440 5
8393 13268 9
1585 7902 10
2152 9684 10
1770 1927 8
8333 9153 5
328 6878 7
4070 7650 5
2075 8008 2
7636 12271 5
9356 10564 7
9457 11894 10
9887 11268 8
14273 16963 4
8143 11666 4
9902 14827 2
719 12385 5
6087 15920 5
12445 13299 4
4006 11117 2
7321 9028 2
5689 5907 7
45 10441 8
1873 3960 1
4301 11595 7
1495 14296 8
8948 14114 5
7515 10766 2
7279 8642 3
159 6952 6
5395 7982 9
10448 11430 3
1507 3070 4
6635 8084 5
3926 14713 8
3390 3454 4
1766 2212 5
9039 11141 2
796 7383 9
3448 9454 2
9177 11266 3
10554 15431 4
10547 16508 5
5208 7215 4
6534 7368 6
5331 13288 10
573 12784 7
300 10212 9
8648 9036 4
8231 15509 10
1821 14489 2
8424 16163 2
9382 13111 1
9310 12992 8
2764 10962 8
5130 7864 1
1290 7770 1
7163 10176 3
3339 9171 7
15289 15363 2
441 15354 3
5653 8911 5
6109 12942 8
12483 13446 10
2491 8959 6
839 9802 1
4414 12360 8
3229 5109 4
12570 15668 7
2036 14120 10
8183 10660 1
7259 9506 2
3867 9899 6
5313 5947 7
8088 9076 6
5508 14133 1
10665 15092 3
10990 15356 2
5513 14381 6
1503 3076 8
6711 8800 9
5530 15495 5
9506 11993 6
5682 6744 5
3345 12686 4
320 3779 7
1515 9798 2
5699 15727 10
5327 10428 10
10714 10736 10
9324 12054 4
4390 12274 9
2722 7098 3
1903 16576 5
6133 9829 2
11915 15877 4
3120 3124 2
2049 3916 5
2118 14863 1
9321 13948 2
2030 15716 6
3555 10830 9
566 8246 4
2498 5593 2
3753 5765 4
5109 7208 2
11242 11858 8
12413 14303 10
6211 15647 9
4402 6453 10
6484 9820 5
3819 5615 2
9487 10923 2
2047 14904 6
1588 7965 9
6153 9949 2
3177 13705 4
3394 6192 9
10182 14287 2
1501 11542 9
7252 9691 9
14815 15056 3
6382 9364 7
1257 8750 9
11190 13588 4
2534 16397 2
6049 14479 8
12290 12345 10
4368 12139 8
4552 5778 2
833 3661 5
3173 6066 9
326 2745 10
12043 12821 7
805 1578 6
3604 15781 10
3984 9240 1
9530 14616 5
3683 8486 10
3888 10193 7
9851 12786 4
12175 15748 5
2599 4935 6
9130 11475 7
9108 11087 3
3307 8635 1
6475 7756 8
2426 6767 8
3455 14270 7
7686 14246 10
7703 8557 4
4542 12932 3
15624 16252 9
7435 11334 2
5538 14533 8
10693 12162 4
2902 7543 2
3513 6115 1
6379 16161 3
1811 13462 1
534 8021 8
7187 10220 8
2019 15972 3
4814 14056 3
9175 12367 10
1832 7026 1
4084 11378 4
5619 7485 2
9474 13164 4
10433 15340 4
3089 10657 3
11538 11654 3
467 5049 8
4989 11601 7
14875 15185 7
8178 10089 6
10127 16317 2
6551 16671 3
6447 9615 1
10693 15604 2
7066 9705 1
2470 4635 1
8955 10011 5
3530 12704 1
6676 9434 8
6404 14619 9
2289 10432 8
2774 10331 5
4714 15715 5
7444 11872 6
407 15064 6
14064 15180 8
9527 11467 3
5350 9159 6
3646 4042 8
528 1443 5
7624 11319 2
4499 16307 1
7988 11106 10
48 1838 9
8937 15102 5
5363 6425 3
2203 5221 5
5786 12527 7
4640 14346 5
891 8180 9
1647 2400 4
6252 9530 4
9727 12534 3
802 12316 10
1462 13559 7
4313 14350 1
8695 12756 1
111 13298 2
11104 13834 10
9353 9738 3
56 4827 6
8289 13722 5
4494 10176 2
3058 4011 8
1977 13586 4
10135 12940 10
3417 11286 1
1226 7808 2
5140 11516 8
2053 4927 5
10480 15305 2
2899 7867 2
1384 11969 6
6934 7247 6
1488 5986 5
1100 10991 10
3191 8509 6
325 6563 8
3382 13251 4
5153 13420 10
5845 16608 7
8889 12728 3
2884 10606 9
1276 3720 8
4208 13997 1
3683 6845 8
8681 9779 8
6050 11977 6
4383 5108 6
994 13794 2
2780 14124 6
6655 11340 4
2607 14428 5
2334 16645 8
2266 11847 8
3705 8305 8
4552 9887 3
13372 13949 10
2448 11479 8
2950 9903 8
15086 15583 3
15097 15171 10
5421 11134 8
3206 3529 5
12557 13359 10
8422 15138 9
1106 12597 10
6842 11423 1
5142 11813 6
2754 10886 2
4190 15761 4
6711 7731 9
12054 12407 8
2452 16820 6
5934 12748 4
8753 15493 9
1507 5697 8
8099 14120 5
9992 11652 3
7662 11183 9
6834 10779 8
1351 6794 3
1210 10366 1
772 2078 2
13740 15890 6
11947 12798 7
2438 9106 3
2711 10971 1
9623 15785 2
426 2612 2
3220 6056 6
2825 9034 6
5598 14325 2
67 3018 10
2017 9700 6
6659 13115 3
10499 10966 9
3078 14703 6
3013 8482 9
9694 14745 4
1873 10494 7
8227 14115 9
6063 11803 2
1995 8117 8
1598 12108 8
11790 16936 10
5821 13011 3
1796 10952 2
523 7888 4
708 9210 9
10850 16363 5
3949 13272 3
7054 9314 5
3664 10666 7
7344 11164 2
928 10354 9
11210 15283 10
4846 13077 9
2043 7863 8
1672 12348 9
12211 14906 6
1732 1814 10
7149 11652 2
2082 9546 5
1783 15512 1
5117 13506 1
7417 11414 3
11339 15392 7
6083 11579 1
4186 4907 5
66 13407 3
7209 10851 4
1440 8582 8
3186 12511 8
7315 8463 10
7563 13470 2
6031 6221 6
4853 6078 10
9250 13740 10
1809 5398 2
2684 14749 5
9079 15755 5
2305 10108 10
10572 11174 4
224 7236 10
2488 2966 4
10728 12361 3
1823 9042 4
4077 11131 8
9025 16441 10
10674 11311 7
1952 12192 7
476 6965 1
3595 7906 9
5576 13810 3
4537 8689 3
9966 13533 6
3028 6702 5
3070 12068 10
5471 12702 2
5 7392 2
1681 7863 7
9851 11555 3
2857 14440 1
3270 6034 9
4422 7018 4
3973 10416 10
5003 9528 3
5117 14736 7
8764 13715 4
11445 12972 7
9667 14377 4
3768 9711 4
1595 6005 4
1299 6643 5
4836 15898 6
10280 14450 9
24 3173 1
4887 8274 6
140 3453 4
1281 6373 1
171 1027 8
13539 14242 4
12050 15611 2
8648 14202 9
2806 4089 4
4663 5173 1
766 14902 6
4124 15273 4
5758 13672 8
6292 12962 1
5041 9117 9
10369 11485 9
5970 9244 1
6390 6510 6
8076 11963 4
8517 10304 8
8201 13979 4
4862 9527 3
6489 12471 10
1182 6604 8
3961 15033 3
4446 4773 2
14357 14744 10
5945 14266 9
6261 14832 6
4358 14746 7
4898 15013 1
14443 15495 2
5768 14646 8
5116 12822 7
9522 10190 9
2850 3853 8
4252 13490 3
5511 14086 10
4229 13367 2
903 8297 1
7221 15761 9
4972 5887 5
6281 12105 6
4847 13145 2
10479 10835 3
10952 10984 1
20 6063 10
7151 9289 1
6737 7853 9
5529 12252 10
9825 13531 2
8690 12484 6
4671 7118 7
10405 15899 10
600 12718 3
6108 11057 9
10168 11268 9
5355 12825 6
4276 14663 5
5564 7796 6
4742 12879 8
7059 15054 10
2399 3559 3
10315 10360 1
1081 10536 8
5409 13910 5
9390 12496 10
8356 11168 8
2639 8885 1
807 8378 4
1231 10463 9
469 782 5
3597 13833 3
6032 12976 3
4162 10906 7
4757 6445 4
9843 12932 2
784 6005 7
1883 5565 6
7124 10504 2
5718 8475 10
36 6445 5
534 5971 6
6143 10419 7
10235 12544 1
15091 15254 3
807 5287 7
1794 15227 9
1662 12439 3
4526 12396 4
8688 13381 3
13271 15604 7
110 9782 2
4987 13809 5
193 11850 7
9061 11695 5
594 743 4
12354 14916 8
6963 16002 1
3048 8459 8
4044 11794 4
7417 8257 9
15202 16751 2
5367 8550 6
770 14930 10
7340 10177 8
273 15312 10
12759 12789 6
13473 15068 7
8250 14679 7
5100 14990 2
1894 8218 8
3044 16068 2
10606 14201 8
6457 7005 1
2726 11684 3
5345 7117 5
7472 11550 4
6516 15444 7
13552 15667 6
14373 15247 7
3448 4071 4
463 11027 6
2052 4186 6
10176 14781 2
6588 10531 5
7942 11575 4
1530 6998 7
7746 13544 6
5718 15721 6
1223 10597 3
5519 16056 7
14274 14276 6
4873 7230 9
7790 11696 5
2866 10072 2
11399 14658 6
1622 9904 7
4412 8814 1
121 14115 3
579 7329 6
2958 14752 2
9536 14802 7
7959 10160 4
3634 11135 3
264 4215 8
538 15152 4
2541 13823 5
4377 16109 4
467 1364 6
3460 13312 9
5307 11539 8
14664 16531 3
454 1429 9
4395 8457 9
3666 4557 10
9274 16084 4
3072 8657 2
3580 4107 1
2260 15369 3
4310 7529 2
9259 14823 8
5700 6039 8
2920 6253 1
7151 7402 4
5155 11430 8
3300 8360 5
8851 14203 1
4908 12729 3
5975 12513 4
4569 6734 8
3098 14210 9
10223 15589 1
786 4448 4
5067 10404 2
5065 14101 6
4305 11157 5
9249 12577 5
9015 10056 10
1885 9486 3
7779 8056 2
12816 14365 4
11139 13271 2
84 13971 4
825 12536 5
4179 11426 6
232 13057 7
8905 12928 8
3718 10867 8
10593 11060 9
5419 13922 2
11625 12530 7
562 14581 2
1969 6935 3
12498 15696 7
2209 5070 10
3672 13715 10
5800 8647 8
5235 5794 5
7647 15880 4
3673 6703 7
2142 2688 6
427 15582 1
4852 13639 2
556 12897 6
11166 12818 2
9447 10044 4
3590 14641 6
8349 12400 10
786 1837 2
12435 16232 7
10248 13956 3
7614 10678 6
445 7266 9
6821 8045 10
3170 11282 10
7699 13754 9
2770 3347 1
7945 9408 8
6341 15022 1
3121 13499 4
30 7722 10
7850 9768 4
2507 7223 5
2108 16357 10
11686 13299 1
5828 7780 5
402 6691 7
931 10221 4
364 493 5
3038 13825 4
433 1181 9
303 5474 8
12684 16680 7
4803 5986 1
6336 11545 3
2983 14152 4
9538 11972 7
12185 15395 6
1080 4041 1
2016 7279 8
779 1940 4
2845 6955 6
12559 13235 10
2882 8096 8
4225 15660 4
7006 12149 2
1365 12114 10
2059 8621 5
3433 12402 9
132 6722 1
9969 13130 5
1126 16425 7
1399 16942 10
106 4642 4
544 7036 6
3585 4053 6
5867 7608 3
5335 11327 8
7507 13602 10
10234 10522 10
6476 16724 3
826 11026 1
4934 10700 10
4425 12794 10
10307 15661 8
951 11327 5
1834 9662 10
4838 10124 7
2086 13726 1
1779 10097 8
101 12768 9
8038 15829 3
2062 9115 3
615 13822 7
7183 15715 6
10397 12488 2
8679 10258 5
660 1282 6
3906 13125 4
7455 14827 5
6383 10562 8
434 15813 6
3596 12495 10
7497 10308 3
7027 15845 8
9689 11388 7
12907 16939 8
6730 10101 2
5777 11735 8
2017 3131 2
1152 16434 3
6550 12118 10
1773 5853 8
966 3508 8
6679 7452 10
10710 13164 9
3959 13243 10
667 1624 10
3933 11480 5
837 14304 2
5242 7561 7
11663 15802 7
1678 11588 6
7974 15293 10
3363 9002 10
7906 12894 4
84 11954 8
3534 13736 6
1226 11086 4
8322 13361 7
6042 13491 3
10168 12971 2
7243 9601 7
9810 12201 6
12348 15334 3
7530 10073 7
8020 8394 6
7485 9950 2
3442 6991 9
10991 16787 9
1170 6366 10
10326 10860 8
4322 16983 3
5897 14871 6
2752 12290 2
4390 5396 4
2836 3037 10
5638 13618 10
2749 9557 7
1420 6479 1
2926 14316 1
245 5972 4
6045 6421 4
6023 16902 2
1051 15349 3
1190 12207 9
610 8258 8
3074 4458 2
2186 12539 10
5849 14410 2
3824 13475 8
1211 6199 10
4314 12926 2
4164 12231 4
4585 7493 9
9153 11355 7
10015 15194 2
6045 7229 4
7560 9611 1
306 12765 7
8106 10508 2
8536 13480 3
7284 14686 6
12241 14999 4
1106 14170 10
5587 8078 4
205 13985 7
5302 9871 9
4285 10480 10
15059 15618 7
12428 16701 2
2372 3220 10
337 13477 7
3814 5488 5
2528 13474 6
5013 11464 8
6136 14752 2
6276 8222 8
13788 15088 7
7078 10914 8
6529 15007 4
9513 13036 3
2217 4114 10
7123 7592 4
5619 14943 1
3363 16166 9
3775 4023 4
290 5758 10
799 13504 9
3648 13065 4
6656 7608 4
730 3759 8
7635 11178 6
11805 15147 2
425 9117 10
284 13746 3
1748 2054 3
4787 6821 9
20 15170 8
12839 16290 2
620 9010 6
15285 16500 10
3152 5974 4
719 5553 7
1170 6320 1
12305 13539 1
3883 14798 3
662 4174 6
4460 16804 10
647 10732 1
4945 16783 5
12278 14446 8
8409 9325 1
5648 8987 1
9145 13142 7
6318 9521 6
7476 16027 8
3263 6400 7
4707 8130 1
2452 12053 4
3102 6718 5
6652 13501 5
218 5204 5
9869 11508 2
1843 9442 9
3743 12589 4
3096 3332 5
9285 14407 10
512 10740 10
1382 9029 5
1222 13620 2
8437 13201 7
418 15403 10
1105 6995 3
1177 12793 9
2927 9709 5
9706 13451 1
8931 16624 10
4660 14797 3
6994 8439 3
11388 14584 7
9240 13406 6
3125 9009 1
438 4554 2
1682 4501 7
7793 8094 1
5783 11337 1
14167 16572 8
1816 8019 7
3902 13277 4
13111 13290 7
6513 13812 8
1828 12084 4
1847 11315 1
11931 14121 2
9220 15387 1
6959 15551 9
7670 9493 5
10819 11363 2
2976 5874 8
11543 13602 7
710 4980 1
2670 13421 2
5499 7371 5
5489 6497 8
1934 9776 4
3789 11847 10
3151 11341 8
579 5652 7
8836 10255 6
3128 4530 4
11018 15330 4
1275 6557 1
49 9499 9
13724 14762 2
2705 3074 1
1924 15279 10
2314 9158 6
140 15553 10
1519 7811 1
7947 15600 3
2796 14771 2
9576 15196 10
10055 16157 1
5283 14441 7
8275 10834 10
716 1687 2
9188 14814 8
6098 6702 1
5240 9621 9
233 6728 1
7260 14819 2
3063 13538 7
570 5598 2
6451 8270 10
5600 11647 5
2033 15498 5
3446 7289 5
6275 15042 2
3671 8002 5
4519 7602 3
5149 15455 6
1042 10480 4
4013 8368 10
2392 3413 1
7738 11627 8
2023 6225 3
213 14274 7
5040 12372 5
4375 12286 10
6191 7592 10
4150 14324 9
4822 8572 8
5306 14806 3
8386 8596 1
5681 8911 5
8430 15034 6
1548 6148 5
1028 12678 10
3637 5471 10
2340 4049 9
4738 9366 10
7180 8195 9
14222 14686 5
6611 7889 10
6189 11709 8
12713 14481 8
108 16735 10
10488 15370 4
10169 11461 2
2497 11546 7
5259 16164 7
1171 15591 6
154 8659 9
3020 12647 3
1400 9186 6
1845 1926 1
4756 6957 10
2114 4524 5
13772 13998 3
4995 10420 7
15262 15498 3
4810 12195 9
4996 14761 7
1828 10665 8
2794 9184 9
3333 4033 6
7553 11751 1
5769 11489 5
2142 10590 10
4072 13889 1
1991 15196 6
3643 6231 3
4918 10762 1
704 9166 5
4816 8697 4
747 6433 4
12283 16221 5
8896 16224 5
1545 5904 1
9173 12185 7
9882 10611 8
2261 13499 10
10547 13168 9
8231 14083 3
9351 13496 7
1086 12231 7
2261 6410 8
7044 14399 1
2063 10712 6
9256 16381 2
846 12783 8
1482 5636 10
5985 7958 5
6588 8602 9
9488 16688 3
757 1825 2
14682 15208 9
8060 10417 10
3069 15607 7
841 8764 5
2679 14146 7
3384 3769 6
1990 15930 7
1241 7536 5
1585 14889 4
9760 14817 5
394 2468 10
3642 11468 6
7265 16915 6
5842 16872 10
3786 11790 8
5255 16537 10
1423 2491 5
710 2846 5
394 13073 8
15214 16324 10
6025 14306 3
576 15335 8
12230 12826 5
463 5990 4
474 10367 6
7483 9964 8
5362 7798 5
984 11200 4
5015 6171 10
10940 14073 4
14435 16020 4
574 12727 7
3458 6150 9
15960 16977 6
8322 15897 9
6205 12017 6
2407 14512 6
5103 10770 5
4549 7158 10
8259 14957 4
16197 16442 2
496 966 1
2631 4708 7
9132 15248 2
8814 13638 6
5564 16541 4
3878 12043 10
11374 12464 1
1429 10465 1
2506 7924 1
820 3426 8
12040 12841 9
135 4624 5
4370 8824 6
2257 5864 4
1625 2478 8
12685 12849 9
1267 10839 8
10608 11195 5
10504 14998 7
2801 8539 3
7927 10361 4
9478 12553 9
5305 15134 1
5747 9555 1
7618 12434 8
11677 15489 4
6142 11681 10
10925 13369 3
7121 12201 2
5171 7497 3
2925 12845 5
7229 14506 2
102 3839 1
1589 2155 8
4740 15705 2
8026 14392 3
14530 14570 6
1608 14755 2
5990 6716 3
4511 15418 8
3558 10128 7
4157 11793 10
5421 14435 9
13937 15259 7
2697 10427 1
2783 3408 10
2230 7317 7
3928 5581 1
7058 15583 5
1167 11086 7
416 10606 5
10604 11909 10
3276 4931 1
479 6050 2
7703 9690 8
3700 8934 1
7866 16636 7
4875 15522 1
6234 13950 6
300 14497 10
471 11675 2
8954 9385 5
7284 15257 1
2281 10537 6
3949 12625 3
3951 10182 2
3652 10103 5
6174 14334 10
5922 7353 4
5014 14027 9
2484 9416 7
3489 10666 6
1814 5799 3
3692 4589 10
3094 6105 10
11718 14556 3
1019 15484 1
14528 15787 10
2043 12798 6
356 11939 8
4244 4597 1
9511 13649 6
1218 7473 1
1494 12198 7
1421 8990 10
5135 13925 2
12416 12591 3
3838 9303 5
4791 7319 3
11453 13596 9
5724 6579 1
3021 10824 3
171 14433 6
281 5694 4
3498 12431 1
13358 15226 2
849 2610 7
2266 7712 2
9531 13215 2
10713 15546 5
10938 12093 10
12985 13518 6
4950 12734 3
13633 16643 3
14146 14960 4
6159 9113 5
8891 13817 6
11886 16074 9
12589 15221 1
11396 12560 5
8423 16536 8
4261 12191 4
2702 12783 5
791 7796 2
2677 10302 6
8897 10298 7
2303 12844 4
6181 6436 7
5842 10353 6
4281 4415 5
235 6841 7
1394 6582 5
7122 12356 4
2031 5695 4
1331 15298 6
5833 11722 8
3425 8134 2
135 6393 6
603 10606 5
1409 7829 1
6623 12534 5
1380 14859 2
9685 13547 7
14 6473 2
7272 8807 1
8383 11645 3
4266 14939 6
10652 13415 7
1033 14607 2
3578 7750 6
2264 8102 6
5378 8154 4
15333 15611 1
2891 13521 9
3931 8255 10
4784 14069 10
10121 14997 2
8632 14744 4
10903 11600 8
5862 12355 10
3394 4929 7
9525 14212 1
7351 12929 10
465 3986 9
11941 12055 10
710 1283 5
463 4233 7
11331 13671 6
6631 6951 3
2363 15120 4
5344 5938 3
5705 7585 8
180 16537 10
14171 15716 1
13883 15841 6
8695 11827 6
6677 8964 3
4717 7837 6
3054 10737 6
5446 11852 9
12580 16273 9
3335 3378 2
4695 9012 2
4933 12316 9
5785 11505 1
1288 2655 10
1833 5641 10
713 3214 6
4966 14134 5
2314 4375 1
190 16595 2
1507 14783 3
6088 12042 2
1648 12857 2
6063 12916 5
1865 11833 9
15215 15459 4
2399 10436 7
13479 14851 2
939 958 9
12839 16375 5
4356 6261 5
8043 9697 7
9133 11098 8
1847 14599 9
973 4704 6
3968 10766 5
6087 11623 7
121 2487 4
643 5853 4
1316 12179 1
12570 12746 10
475 13645 6
1006 3085 2
3815 12088 10
2335 6557 7
5193 12436 6
1292 5784 3
4577 11443 4
3975 6058 2
3354 6324 9
3919 9776 9
9043 14627 2
2754 15236 1
4387 5347 4
5908 11204 1
1866 12402 10
2553 13339 10
3794 13294 5
10002 12245 10
7904 11621 7
473 16364 6
1507 7853 9
9523 10375 1
2401 10697 3
224 8882 10
1665 8698 6
2211 10741 7
9227 15400 9
5785 15699 10
5032 6093 4
12808 12860 6
1611 13875 7
11438 15220 6
5044 6238 1
2483 6521 5
1992 10021 1
5627 13946 8
1879 11098 6
13393 15860 9
1871 7001 7
3303 12509 5
3808 12091 9
7106 14880 10
4169 7742 3
5631 9788 5
13483 16909 8
2908 13561 10
3369 16323 3
4943 15756 4
2544 16028 8
5141 5648 5
2961 5599 7
6065 12542 4
2961 7026 5
2013 5385 6
8072 14402 5
8804 12418 4
4034 10211 1
8949 9907 4
1554 8363 8
4635 6217 9
5799 14456 1
3261 12818 2
8951 11659 3
2168 13877 5
1887 11590 8
11806 13762 7
10296 12402 9
1204 2008 4
7590 10129 1
434 8975 9
4695 9529 3
1287 12334 6
5713 9323 2
501 4757 1
5968 9813 10
2029 16069 2
6118 15160 2
3767 8060 10
10186 11985 6
10152 11045 10
9775 13985 4
11525 11596 7
2598 3885 3
9316 12627 9
3053 7003 1
8757 8768 10
942 10654 3
4496 14962 3
4552 10841 10
8688 14411 9
1333 13389 9
9444 12706 7
7881 7942 2
6700 8981 4
3733 13897 6
8784 8900 2
3986 4541 3
3195 4729 10
2111 7120 3
4068 15526 8
8676 15250 3
6122 8764 3
15649 16760 1
3979 8028 7
7236 14188 2
4396 15147 4
16497 16822 7
4718 5620 9
163 10239 4
3701 13065 9
969 13797 7
11631 12556 9
13881 15394 9
191 3985 4
2007 2856 5
11258 14971 1
1131 8691 2
11056 15431 1
982 14426 2
2172 4850 7
8243 16629 4
65 3204 7
5666 14411 7
204 10622 5
1155 2560 2
3876 9814 6
6399 15745 4
3085 16648 7
6922 11933 2
1772 2853 6
3966 15135 7
2852 14456 7
12498 14236 7
1909 10154 9
8511 11630 7
413 15819 4
3998 4857 9
1447 15994 2
1656 12358 3
1235 14563 8
4832 11931 2
12901 13539 7
6415 7275 4
6166 12487 5
2288 4677 1
9355 15469 4
12416 14619 3
1243 5630 8
924 15377 7
11065 13762 5
1962 7502 9
730 6272 8
12105 13171 2
8548 10735 6
13490 15434 4
2771 8813 8
1319 13494 3
2562 7400 6
4873 13326 6
2952 6587 5
1095 8249 5
1353 11669 3
839 8029 8
7081 13427 7
7178 7558 4
3075 13809 3
7814 13765 10
5506 5776 2
8848 10873 3
8117 10002 7
2838 12659 9
1552 15602 10
3185 14402 5
5594 11975 2
477 9278 8
7890 13945 2
13055 15761 6
2279 6617 10
68 13716 10
10879 11356 1
4517 9680 3
4097 13329 4
376 10313 1
948 1793 5
90 7096 3
1731 16291 4
5355 13460 7
10591 13721 9
9033 10956 5
7745 14640 6
6557 10129 1
6810 16588 1
6936 11464 10
1476 13026 6
229 7774 5
4984 16011 4
3875 4785 9
7895 15267 7
8576 15380 5
2243 14312 7
9846 14490 1
10758 11556 1
3266 16974 3
516 11525 9
9371 14091 8
15474 15504 9
3075 11384 6
9183 10670 9
14909 15516 1
11653 12748 7
4120 8685 7
3326 9996 8
47 3304 10
8600 14901 4
12649 13740 6
4776 8456 3
4050 11202 3
3799 13814 3
1601 7078 3
427 13654 9
3770 5175 4
1701 14713 4
1669 13502 5
10625 15699 6
7810 12917 7
6439 10414 8
2853 14037 2
3156 4132 1
3864 6753 2
3318 5430 2
7137 13509 10
3968 11436 2
13382 15459 7
2075 7792 2
1399 10533 10
4730 10775 1
10451 14684 2
1154 2902 4
964 12941 9
12269 14814 10
1961 12800 7
12212 12863 1
5200 8434 3
4193 13206 7
13007 13819 2
4317 6749 9
7384 7930 2
460 1495 8
4553 15024 4
3139 7472 3
3355 14072 3
9490 16962 9
6258 9586 8
8716 11663 5
5694 14136 2
5445 11072 3
1174 1543 2
2624 11741 3
717 12268 6
5942 12148 6
1937 5613 8
949 13412 6
8941 15534 6
6202 12004 4
2860 12978 5
10195 13293 10
6341 10527 1
8275 14040 1
3577 10374 8
9091 16675 4
3997 10880 3
3141 4175 10
726 9060 7
12177 12885 3
12084 15636 1
8021 11893 8
5077 14066 7
1114 11129 10
15039 16020 10
32 15310 1
5109 8917 1
1895 11613 10
2258 8481 5
6293 14876 9
13579 15792 7
3085 9553 1
12187 12564 1
9035 13864 7
3188 12479 4
1518 9216 2
543 5955 2
8824 9538 6
586 9579 5
4933 7588 10
3712 4627 9
9799 12648 6
761 1765 2
4556 6526 3
5450 13503 8
1025 5935 8
9251 15224 5
5676 6727 10
1578 12958 2
9298 11304 6
6747 9470 6
6891 13183 3
7003 13420 3
11369 12362 2
6346 13539 1
10211 11042 5
3594 9532 5
357 12421 6
246 8583 9
3807 7259 4
2762 3750 1
8841 13855 10
3699 6045 7
632 2256 6
4832 9567 9
5016 15092 7
11334 14154 8
5495 7658 9
4344 15594 8
2019 7925 10
1455 1704 3
166 9381 2
4822 8295 10
8775 12328 3
1904 15890 9
12132 14900 9
8014 14756 2
12832 14045 1
5795 7241 4
6968 7862 8
8701 11180 1
12855 13780 3
3232 4304 5
3202 3652 3
7390 8087 1
11410 12096 1
8624 13308 2
9572 10479 1
12712 13451 7
5387 15441 8
13473 16132 8
4264 13885 2
4133 8884 6
9808 12105 4
10770 15169 2
3866 7599 2
13687 15463 9
7315 12350 10
1797 12664 3
9985 10003 10
5739 6992 9
6396 16535 9
510 7779 7
8259 11677 1
1662 9027 6
5411 14230 8
10235 14125 2
13270 15182 5
532 6979 8
2663 3726 5
2539 5720 6
2305 9712 5
2763 3597 9
390 15442 6
14950 15801 5
3789 7230 1
5487 5741 10
5592 12415 8
4521 8333 6
6945 8819 1
11375 11819 7
12393 16389 1
8608 8959 2
3077 12345 8
12126 15544 7
10177 12011 8
8718 8972 4
14134 15299 7
6067 8687 10
9024 15858 8
593 9959 7
5097 12239 7
9038 9405 9
236 1369 8
9702 12839 3
13971 16174 9
9626 10599 5
1815 6354 10
4694 8941 5
5404 14153 3
6666 14919 6
4971 7172 8
12123 16405 10
3591 11908 10
83 5251 7
2938 6391 8
1668 4424 9
7372 14150 9
7778 16458 9
8008 9250 3
5731 9084 9
14926 14929 7
5557 10064 2
9666 15447 6
135 6790 5
12658 15529 8
10214 13514 10
4168 4904 8
5915 8116 3
9443 12589 1
11793 14548 4
339 7612 10
3085 6479 6
8560 10372 8
11625 15396 5
8515 14450 6
1256 14401 7
4309 14726 6
10728 11466 2
10341 14181 5
4186 8671 7
4174 12260 9
10286 14649 3
12980 15686 8
1683 14767 10
5103 15739 6
10327 13675 4
10228 15987 8
11143 13250 6
3494 9083 3
129 16466 4
2762 10705 9
3755 5688 5
6112 15638 5
6558 10731 4
3701 5846 8
8322 10861 5
6416 12061 3
3913 5749 8
4752 9855 9
9603 12078 4
4648 5582 8
7820 12898 1
6629 11228 3
1746 12309 5
5701 15613 10
277 14810 6
12994 15433 4
12854 16825 5
6159 10114 3
4764 15449 4
8316 8702 6
8603 14655 10
7821 12616 7
599 13354 7
10215 13689 8
3504 14960 2
4996 11030 4
5 10168 6
176 815 7
3457 14717 6
798 2244 10
7064 10091 10
6733 7060 7
5397 11259 3
3585 5231 4
8613 9275 4
315 2611 3
287 4708 3
7773 15495 2
479 2074 10
1492 4219 4
1885 10844 4
2737 3433 10
5813 7257 4
10060 13865 6
6919 13122 3
1398 15723 9
7073 10568 10
7368 15526 6
1725 9682 10
7753 9569 6
893 4918 1
3900 16726 1
9761 10301 10
3421 8599 7
11663 13513 6
4565 5258 8
3275 4426 5
9840 12984 4
1639 11999 9
1284 14135 3
1016 9466 1
2549 7789 6
609 15458 8
6368 14517 8
6443 6923 4
7513 15243 6
12038 16979 1
4065 11352 7
5261 6198 2
3427 12836 10
1114 7510 10
1665 7433 1
86 4864 7
1182 6080 3
13149 15272 4
5281 15996 2
10238 15133 3
3834 10726 10
4733 6791 4
2087 9600 3
8683 10181 9
11267 14555 4
2931 7728 6
13925 15413 6
14884 16442 5
3762 16215 3
6743 10772 6
1510 11834 7
84 8802 3
6743 8766 3
9051 15746 2
2996 13913 9
2695 7734 6
5108 12584 6
1064 6100 4
2940 3331 3
3900 10882 1
624 15611 6
580 2304 5
13564 14966 9
6795 10492 8
6402 9407 4
7636 15607 7
3377 15748 3
4698 14487 1
770 5014 4
9784 15225 3
9277 14405 4
653 2462 7
5767 15874 10
8986 15572 5
1937 9446 1
10106 15568 2
3149 15456 3
7061 13281 6
2523 5967 4
5884 7141 10
9239 10194 7
10071 12724 8
2017 8786 6
8423 14784 6
9708 14125 5
1629 8262 8
6964 8157 7
7121 12230 3
6053 14146 3
3434 3987 3
2522 16981 7
14016 14319 2
8267 9825 8
12982 15932 9
9385 11115 9
8417 9140 3
9270 13776 8
3397 14222 8
5303 5805 6
6167 11330 7
5832 6217 3
7523 13162 6
2974 4652 7
6131 9513 5
11109 13133 1
1015 12091 7
7393 12115 8
3281 15101 3
5487 9191 2
3042 13937 5
4989 10989 2
9109 13395 6
7288 12031 5
4712 9967 6
3618 6871 5
6498 15641 7
2801 13938 8
1723 5116 9
3215 15690 7
3787 7558 8
2440 12779 3
8188 16002 8
364 8185 3
3210 11544 7
8883 12855 7
1931 4135 2
920 15126 2
9251 11021 5
6874 11350 6
3105 12071 9
10521 13323 4
8101 9145 3
2204 13269 6
681 7221 4
2942 10145 5
5620 8695 7
9368 15675 5
5820 12689 4
493 3209 3
6404 12959 8
6722 9128 9
448 12530 6
9439 15675 6
2855 8171 3
3517 6613 8
5049 15230 8
4619 11556 10
5882 13275 4
9953 13628 6
1536 5937 2
2290 2468 2
190 15612 2
937 8582 6
402 2566 5
9376 9489 9
2115 6179 5
3647 16731 3
9405 10880 10
6101 13507 7
1703 15327 3
5533 9858 5
6041 6670 9
3236 9546 4
3460 6325 9
8069 12971 1
14340 15761 9
3299 11620 7
11737 13513 5
3014 4049 4
10713 14473 8
2734 4433 5
4509 4709 6
8285 14213 6
6410 10874 8
9621 15773 8
477 16210 3
2581 7421 2
9449 14867 7
5647 10641 6
7805 9687 9
10661 13081 3
12502 16732 4
6979 15290 3
8037 11071 5
307 11826 3
5735 7428 10
14305 15250 4
665 2002 6
703 3853 6
2825 10297 1
8352 13153 3
9559 16096 3
2151 8012 3
7566 8071 6
13082 14080 6
1668 4861 10
1130 11708 10
4459 6264 6
148 14855 3
3330 8766 5
6239 12412 2
550 4913 1
9685 14065 6
9088 12290 8
1403 12696 8
191 9561 5
4294 15739 7
5057 11286 8
5719 15384 4
2245 15408 4
12706 13569 1
7352 16089 9
12228 13249 9
2350 8356 3
2530 9775 6
14647 15524 2
5567 5627 5
5625 9396 8
599 14612 7
10015 14938 4
2918 9003 6
8672 12297 10
2661 3654 5
2214 15053 5
12507 13289 3
7388 12346 9
1246 2553 8
13847 15503 6
11727 14028 3
1536 3960 8
962 14673 3
10582 15984 7
10277 11450 4
6266 14081 9
11088 15930 6
4453 12742 8
9733 11204 2
2616 4070 9
12349 13619 7
4684 9624 9
10330 16838 3
5533 7533 7
14394 14837 2
4674 13849 5
8393 11449 8
3734 11882 1
1420 5637 7
6794 8104 3
1110 8068 2
7270 16202 6
2671 14937 9
3402 10983 10
14164 14758 6
5526 6677 8
6490 15610 10
8755 15688 10
7720 12090 6
8332 13672 5
5247 14127 4
9706 9711 5
10169 13845 8
2689 12993 9
1094 15969 8
7041 7251 1
3770 8243 1
6574 16346 4
1544 5181 6
2761 8093 4
5529 14095 8
7809 13119 3
12179 15605 9
5161 9098 6
1408 5398 1
5033 9907 9
9290 12684 10
9940 15078 5
275 13189 10
829 9774 5
8165 13968 7
2592 7666 4
3931 5655 3
2908 6912 1
1392 3387 5
4439 8355 1
2732 5073 8
1733 15538 10
3711 16558 9
15150 15440 9
5475 9586 10
1520 11997 4
3204 4636 9
2143 8746 8
10077 12564 4
736 10260 3
7047 7975 3
1782 7185 3
4833 8034 1
9212 10498 10
6279 8598 8
7598 15700 4
4628 13487 5
5702 7365 10
7489 12597 2
5388 10410 7
1532 7356 2
623 16180 3
6614 8424 3
544 2191 5
380 8687 8
8934 12984 6
6958 13135 10
6219 6452 4
467 6632 4
7231 9816 8
501 13904 6
5403 16066 9
4337 6658 3
1751 3014 7
5188 5602 5
13103 15237 8
6115 6162 5
6731 16297 5
10491 15520 1
8909 13850 5
1819 10247 7
105 3651 7
10815 11851 4
580 14007 8
127 13324 1
3710 5142 1
9573 11790 9
6737 9958 6
2600 4560 3
9670 14331 4
4754 12611 1
7594 13994 7
1309 5388 1
15784 15845 9
6822 12554 1
7136 8178 3
3391 4559 6
1570 12380 3
4659 7789 3
7168 13229 3
8781 10575 1
3525 9455 5
2421 11694 3
4552 6209 6
132 3512 6
5702 6792 5
9678 12602 8
31 55 1
4857 7128 8
3208 15454 8
5187 11860 5
3916 15021 3
4839 15379 3
14319 15106 4
4965 13364 9
2100 8267 7
3636 14854 9
11617 15777 5
11281 14278 1
8455 13359 9
6157 14763 9
4208 10328 10
10406 15495 5
3116 5170 2
358 8184 7
7732 7735 10
10970 13458 4
10220 12557 9
3362 6614 5
11104 11670 5
9871 14561 5
11554 14824 5
2632 4007 2
7395 15190 10
6315 10485 9
5380 5867 6
14510 16266 3
2033 7232 8
13849 15223 5
4334 9485 9
1759 12755 7
2470 8688 4
7486 11649 3
197 15973 2
3663 14002 5
1703 7678 1
9917 14455 3
5539 10742 3
13705 15114 7
6876 10885 2
8642 14919 6
4030 11544 4
4634 8650 3
6173 9758 1
7036 13815 5
8612 16230 7
1112 3191 4
6611 8900 9
6053 11533 10
5583 14167 4
1867 8013 10
2185 9578 4
2922 10769 5
402 9220 7
11833 14266 1
7467 16042 10
8030 13198 7
1393 4173 9
3288 13694 8
5510 5665 7
7660 15260 9
610 16306 2
4916 10148 3
15191 15507 2
8751 13584 8
7521 14671 8
1611 10860 4
10736 14640 1
3339 10464 10
7542 13829 4
2616 12149 1
15072 15448 2
10729 16920 2
9808 16688 5
1002 15776 9
10081 10662 10
3967 5363 2
1682 7521 7
4017 11181 3
14015 16383 8
8779 10647 8
10170 15679 7
10497 12398 9
3992 5822 10
5743 11387 2
9029 12405 8
5075 16771 10
8858 11385 4
317 3103 5
93 2489 4
6509 13683 3
1240 11383 1
6135 16466 1
7188 15700 10
1121 5050 6
5241 10064 4
10879 14627 9
2610 13657 8
9743 11133 5
3895 8410 2
11079 13272 9
3938 5426 2
8811 11558 3
2028 3819 6
1403 13884 9
2799 3291 4
3006 8493 3
10209 12541 3
3069 5403 10
10296 13543 3
9307 15239 10
3483 15360 1
5023 10684 6
6293 7692 2
10166 13728 6
11556 13805 4
3141 3391 1
1936 3868 2
5431 7509 3
9994 10958 8
9849 11273 6
5749 10938 4
1522 11611 10
774 10915 2
1831 12706 8
9821 15578 6
1893 14742 9
1895 4326 7
2255 11128 1
8174 10245 2
251 10133 3
5330 9111 8
1394 6532 7
4650 10939 4
3739 8121 8
6009 12662 5
12171 12791 6
7286 7345 6
2548 10027 10
3727 7305 6
9088 12207 4
8605 11609 5
1712 14986 5
2759 8477 3
383 3064 3
4158 11904 5
5344 13739 8
4119 16626 9
5702 7774 3
3419 5908 1
157 4773 2
1974 5209 3
1829 14130 5
5150 14116 1
5255 6685 4
1852 15674 5
4053 10589 9
4093 13389 4
8337 9559 2
10156 14065 8
3821 12136 5
6325 13876 2
813 13021 10
3353 8381 10
366 13562 3
6542 10055 1
13434 14519 6
10807 14344 2
792 13484 6
5992 9924 3
12892 14650 10
9412 13776 5
3359 10174 8
10220 11868 9
9627 11020 6
9651 14997 5
2389 10455 5
7149 12595 7
7006 8697 2
6578 7647 5
7342 14072 8
2664 3849 7
2366 10412 8
8849 10003 6
656 9386 9
112 423 9
9993 10485 2
813 3224 9
263 6211 1
9674 9950 6
6908 8286 1
9006 13061 3
6626 7243 2
9811 13809 5
10021 14919 8
12004 15974 1
9438 12273 8
5536 5932 4
2015 12999 6
5117 9083 5
689 3626 5
6185 8322 7
457 15975 1
12814 15004 2
4986 10657 4
218 9995 3
27 15390 9
1972 5181 4
1562 4953 6
6858 11366 6
3191 12675 6
14882 15316 5
11548 13513 9
1118 6588 6
8548 12389 1
3841 9491 9
1154 2815 1
11853 16079 9
3514 14505 6
11223 15439 6
3576 14042 3
10694 13147 9
3691 7414 5
4607 9981 9
1512 15736 5
3268 11017 6
2136 4772 2
8360 14285 9
13893 15380 9
1142 8598 7
3709 7648 1
8164 9173 10
3367 7057 4
11198 11758 3
3224 12228 2
3681 6826 7
736 3065 9
564 4306 7
578 12022 10
3002 16645 10
10678 13190 9
1060 11625 2
3134 3814 9
5171 11503 2
4258 16517 7
5033 6746 7
1237 8733 10
2311 8980 9
3014 12746 3
8181 16942 3
9802 11529 3
10426 12632 5
8332 16742 5
358 10321 3
1453 4087 2
4211 16087 3
4064 11875 6
10677 11582 9
7563 9792 4
4208 10606 1
1200 10672 5
3586 15495 4
6564 13296 5
8687 11307 6
2565 15493 3
11209 12900 9
5668 10103 3
6284 10162 3
1812 6251 6
5285 8351 3
4552 12876 4
4579 14214 4
4649 5470 3
3884 4724 8
2342 14927 3
6004 6799 6
5372 10802 3
4205 6853 1
132 4944 4
8611 10239 9
11246 14902 4
3883 14489 5
10441 12150 3
2928 7025 10
7926 12868 10
4153 13054 10
1208 14004 3
2252 10600 1
3603 14838 2
3745 10157 8
3012 9917 9
13273 13972 8
4802 5912 7
13634 13685 3
2444 7992 10
473 1203 8
1599 4101 10
7524 15821 6
5215 11519 4
4092 9112 9
1217 13827 7
9506 11034 9
8814 12816 3
7568 9598 7
3314 13034 10
8135 10096 8
4950 8158 6
2781 6407 4
7196 12091 6
8296 9642 10
1204 2210 8
14926 16348 3
3399 11655 4
2450 7947 2
1158 13845 10
8462 12595 10
1160 10522 10
6832 16122 1
3248 14457 8
4235 4280 6
3696 5577 10
4869 8465 1
2574 10576 8
1226 6313 4
2337 12855 9
10896 14445 10
6951 8918 10
2763 5875 6
4597 15645 5
5751 12510 8
548 1167 5
6742 15053 2
4414 12292 6
5550 9593 2
3089 7482 10
1864 13394 7
1955 13256 4
1170 9618 1
2526 5324 6
10562 11473 5
3583 15519 1
3305 16728 6
1729 6128 1
8588 11078 9
240 11108 8
12310 14139 6
3033 3084 10
5211 13408 10
7913 11680 3
3316 5966 9
2140 7728 4
13065 14164 9
3066 8001 9
3785 13651 4
1356 4446 10
8142 15369 10
2927 9724 2
4738 6054 7
7081 10662 1
2260 13412 7
4103 16200 8
2073 11146 3
4484 14943 4
1773 5768 10
1003 12796 8
3906 4395 3
7114 10843 8
5082 14615 5
1586 4802 2
5030 5778 7
7527 15528 3
5046 6810 5
7276 8580 5
1942 4849 5
3784 5222 7
11415 11700 4
4419 16743 4
6708 6825 5
4851 10493 9
3722 13384 10
1726 10379 8
7107 10665 2
132 14822 3
2464 11316 4
4865 13918 6
12942 15674 10
7759 15550 4
946 3799 3
7458 13694 6
4955 15897 6
2305 9672 10
4734 13518 10
3769 10913 6
2896 10282 6
6902 7016 5
8477 12269 7
11822 13903 1
5322 12310 8
695 12294 9
13100 16856 3
6030 14248 6
1255 14321 2
9001 11707 3
1016 2435 9
10811 16395 1
496 11620 10
3275 7287 9
13693 13783 9
1671 2062 3
11318 12405 10
4979 9619 3
1578 5238 5
1684 5292 4
3011 7527 4
9194 14060 5
1241 16159 7
8068 10120 10
2874 5862 6
4037 10089 4
4326 7556 5
9435 14511 7
15592 15863 3
11758 14070 8
2128 13399 3
8171 15262 9
5864 13154 5
6521 7515 8
6701 16548 4
8326 10509 4
7105 10636 5
10781 14492 9
6183 6541 4
8318 15077 1
5829 8777 1
155 6043 9
997 14697 10
7572 12652 8
9143 14066 6
1513 12056 2
791 2030 5
2037 10059 6
7920 9627 9
163 3269 1
860 14879 5
218 237 3
1123 3864 9
89 7766 2
2056 8872 7
2926 15453 6
1419 2612 2
12585 13462 1
3153 16408 2
1094 1137 10
580 8950 2
209 16912 1
6178 12776 7
7033 12695 7
8259 10658 2
13098 13402 6
1748 7894 8
471 4265 10
9545 13220 1
4684 11534 10
3968 8560 5
1072 6968 4
7744 8496 4
13994 14334 1
960 8334 10
10951 12054 8
1553 2172 3
1548 13619 10
2925 4978 7
580 15347 10
6011 6048 1
3683 11512 9
4779 6453 9
3400 4038 10
13090 14662 10
5446 15039 10
11057 13292 5
1163 14401 8
1891 2527 4
2109 14625 7
8873 12998 7
6390 11307 2
5264 6036 10
1573 7441 10
9070 15137 1
4724 13569 6
10345 11999 2
9940 13892 3
8770 10819 8
13800 15653 6
4903 13467 2
3900 8669 10
2866 9174 2
643 1526 2
6380 14668 3
105 10680 6
13134 15583 7
3212 12315 2
1761 16928 1
4416 10351 2
12459 16318 3
5154 10474 2
2878 9967 10
1973 9374 4
7290 10508 4
1134 1943 5
4199 6025 7
2250 8421 10
3938 7315 10
3039 12936 3
7451 12432 10
2446 11670 3
6310 12733 7
3350 8864 1
4872 9877 6
5071 16933 5
6977 10353 3
165 6265 7
6109 7888 10
3013 6873 3
14345 15323 2
5427 14998 1
4950 10260 2
884 4751 6
7083 7530 7
1428 8327 6
7071 11054 3
7259 9245 5
2643 11551 6
1027 3761 1
11703 12876 6
9076 13340 10
740 5904 9
338 9212 8
3342 10675 6
8821 13551 9
2106 14213 9
3965 9975 5
8546 15545 2
509 11001 3
12467 13519 10
242 10251 7
5833 12801 1
9703 13058 9
5006 14911 3
3831 10472 10
8504 14349 3
290 8098 6
3874 6110 2
10751 15559 9
4077 12790 9
9240 11848 8
9565 16726 10
5995 9891 8
1401 8603 8
2395 14440 4
3826 13844 1
8692 14427 9
1067 4726 2
2397 6290 4
3629 4312 2
3244 10729 8
9895 9975 1
14107 15623 4
6881 10573 6
500 10500 7
5872 11805 8
9544 10625 2
23 9564 4
2227 11319 4
427 11374 6
4083 15352 1
3829 16063 7
8517 9734 4
4576 5061 2
1152 13117 6
5424 13358 7
3303 5742 7
1317 10033 7
5410 13153 3
1946 15554 3
12670 13238 5
4826 6112 4
10746 11217 8
2692 8939 4
8213 14734 2
3213 9182 6
5744 13103 7
6468 13384 10
4209 6395 10
5026 9479 2
1726 15375 7
3541 6242 10
2867 14047 2
2537 3559 8
12986 16369 2
674 720 7
2566 10432 1
4814 9646 6
3865 11496 5
4195 4806 9
6898 13775 3
384 8411 7
1490 9722 3
509 13021 3
351 7453 9
726 2968 3
471 8105 1
6044 14953 10
4978 14652 8
3734 3839 6
5095 12637 7
2200 10626 4
4594 10862 10
4167 10325 4
2278 9797 5
5929 13691 8
4214 7226 5
14980 15177 6
3298 7463 3
1572 12298 2
6960 14083 9
1931 5636 4
2468 15380 10
9645 16043 6
1564 12903 1
11183 15602 9
12843 12972 1
3515 12882 4
801 6953 10
8116 11871 7
900 11311 8
2388 9022 4
10191 12784 5
1265 2543 8
1291 11887 9
5415 9958 6
7367 7519 3
2986 3307 10
5036 16686 10
8137 9233 1
14711 14796 8
7400 10379 1
4898 10836 10
2890 4926 5
3219 15686 10
1548 3714 2
6592 13261 7
302 15877 6
690 15225 4
7015 8971 5
13568 14360 3
2310 10807 5
1408 5205 5
2891 10295 6
8907 9465 9
6216 13014 8
2332 5572 2
2295 10929 7
6406 15789 1
10666 13880 4
5559 13870 1
4073 14875 1
2484 9836 5
9527 15205 7
4263 15103 10
8540 16565 7
2529 11243 7
12106 15857 10
1815 16676 2
3524 4228 7
2801 15745 10
894 6424 4
184 5355 2
3381 15141 7
954 9182 3
257 4444 9
10497 13663 9
6076 6509 9
1995 2302 4
889 10180 10
2537 14111 9
13751 13890 7
4762 9577 1
7105 11791 2
2176 8640 10
3779 15248 5
3321 4357 7
9551 13652 4
5989 6228 5
5624 14376 2
7754 12398 3
7661 10793 6
9122 10012 9
9107 13148 8
3144 13945 7
12199 14370 10
11942 14230 8
552 8853 10
1049 1419 1
7039 15254 5
5821 9204 8
11065 14785 9
13698 15528 5
2377 9791 10
952 11128 7
4276 4603 9
9056 13396 8
1097 8300 7
8369 11172 2
2079 6175 8
1674 6303 4
2837 14892 6
6325 8695 10
5682 6195 7
3910 15573 8
313 9270 7
4706 8564 4
746 2999 7
9166 12713 4
15429 16273 6
1352 6229 3
937 7982 5
1367 14847 8
1125 5366 10
11065 14634 2
5213 8366 1
3482 6002 2
2222 14210 7
564 3646 6
2273 13220 10
2062 13778 9
13799 15166 3
4238 10379 2
742 13914 8
1190 14546 2
10379 16246 9
13131 14533 8
6414 6511 8
1578 10574 4
2331 2552 10
9244 12380 3
900 2689 5
6176 13619 2
1168 9736 8
3804 14940 4
10669 12303 9
7461 8563 4
5659 11343 3
11306 13003 6
5081 11979 4
4742 8377 4
11095 13177 6
9016 11646 2
2651 10203 10
13181 14223 4
3035 3829 7
9126 14018 2
1548 13340 6
5315 11799 10
6734 15172 4
2837 12643 10
9744 14167 1
8169 11633 8
4287 12434 6
996 7352 2
3813 13727 8
7222 9007 3
3030 15737 8
4460 8553 9
1108 6916 7
5786 9099 1
543 10051 2
4896 8506 7
987 15682 6
11712 15513 4
15123 16966 7
1804 3840 2
4585 14151 3
1496 12626 8
476 10646 7
3395 13595 7
1151 11069 3
1745 11668 5
7830 12770 10
1036 11966 3
8893 15240 1
6253 7135 8
3865 4828 4
12503 13699 8
5608 14070 7
1514 1568 7
7702 13089 5
1980 15954 1
2182 6480 10
13182 16650 10
1239 8978 5
6627 13852 1
9349 13440 10
7892 15925 9
1905 9451 8
9755 15347 8
3589 9951 3
3064 12036 1
606 2964 3
10581 16236 7
5602 14500 5
4924 10149 6
7213 7639 4
1376 14424 10
1193 16005 6
986 2055 10
7056 15695 4
1705 9151 5
10343 11819 8
5265 15314 9
1865 15582 4
11123 11815 7
10163 10983 7
1871 15526 3
10202 15273 3
3237 11557 8
5714 9187 1
2400 7966 1
8404 10553 1
7026 10217 4
502 9378 7
8980 17000 8
9126 14127 7
886 3111 5
7846 8982 5
2629 5623 7
6138 12622 9
199 3354 10
5630 13496 7
128 13914 8
7053 8478 1
1258 4275 8
1090 7935 1
7033 10683 10
1671 15003 2
7196 14511 6
6018 15205 10
1632 15052 9
7349 12258 6
3487 9079 10
14190 16463 6
13892 14644 2
3918 8870 10
1347 2875 1
3417 3861 4
13064 14702 6
10213 15636 2
5983 10576 5
3253 5555 6
3904 7373 8
8014 15479 7
3241 13792 6
2556 8832 4
7932 11696 5
13538 14933 3
2064 8540 6
1615 13153 9
5614 14776 10
1384 9106 10
8192 11290 5
9266 14399 8
10640 16658 4
5971 15296 2
13488 13680 7
6832 13732 8
2318 12316 10
2681 13498 1
979 8604 3
5395 5968 10
309 10839 9
2465 4627 3
8019 12545 5
5018 7436 9
6662 7341 4
4640 7335 6
13862 14929 4
9180 15030 3
8045 12516 2
6980 14084 6
8311 13547 1
758 10716 8
799 9896 2
2818 16976 2
7431 15143 10
8445 13560 6
3892 13141 3
1373 2047 5
1301 6121 2
7548 12701 8
4706 9109 3
1150 12052 9
8066 14884 4
6674 9121 7
6807 8747 6
2490 11298 6
3225 12295 2
14406 16203 6
6775 11100 7
6027 11570 7
15162 15200 3
8012 12991 6
884 15358 6
2003 15443 1
78 2103 2
4356 10264 3
8444 9360 1
3247 7489 8
4594 8936 10
8455 12391 4
14417 15371 7
9992 14823 4
1560 4140 10
4309 10057 10
14497 15802 5
2039 9423 8
15718 16446 7
8508 12333 3
2468 9711 10
4039 9062 8
10041 15016 3
11862 13579 4
3445 16073 2
6578 15424 5
2880 13790 10
278 3942 7
1610 5690 2
1744 11197 5
9479 15168 2
68 2276 5
8925 13362 2
3650 6959 1
6944 11917 9
9480 15271 4
5707 8561 8
5995 12593 2
6167 12368 8
2349 7315 9
14234 15332 9
13445 15732 8
7087 14266 8
4162 15454 3
6191 16296 2
3838 5800 7
8901 14678 3
11700 13615 6
3801 14841 7
13118 14601 1
3532 6981 4
4481 5055 5
7417 16808 8
5825 7531 4
11832 14703 8
1275 12225 7
3103 11726 8
12946 16813 9
3163 7750 6
6046 14127 1
4522 5605 3
2102 7385 9
11947 15768 9
2687 7489 5
8128 10693 9
13218 15519 6
6716 12740 8
8124 11617 3
7432 7739 5
609 5901 6
6875 7752 10
11265 12896 5
9246 11231 10
7575 16735 3
3895 13390 6
2494 11988 9
1078 15422 3
6557 10729 8
12131 12350 3
900 9477 9
7956 15656 3
8102 10820 4
9204 10618 6
5068 7190 7
10434 11931 5
7405 10992 1
10526 12072 4
10201 10221 3
3371 7503 2
2331 9999 7
4940 15125 9
785 5019 1
871 13555 7
1939 16621 8
4524 4625 6
1749 9597 9
159 13840 1
2482 7160 7
12575 14597 5
3844 6028 5
14397 16763 3
1388 7336 3
5618 14024 3
6985 16462 3
6852 14056 3
3996 6304 8
4956 9112 10
7786 15378 6
9563 12511 8
800 1479 9
3990 8510 10
93 7813 3
12860 15733 7
3680 7126 10
7495 13212 3
3690 6478 4
11138 11755 9
4709 8648 1
6180 13299 6
12931 14186 6
6505 10845 8
1409 2539 6
8516 12712 5
1149 4719 1
11732 11962 7
1673 6306 4
6114 10748 7
9204 15344 2
10494 15718 2
5269 5937 5
7285 13161 3
4391 14710 8
8768 9544 4
6066 11677 3
1115 2438 10
1288 14794 8
8513 8905 6
318 8361 5
3788 13684 7
7199 10710 1
7215 14201 9
2917 13274 8
1869 15655 8
1049 13426 4
3912 5465 8
1626 15395 3
10765 11971 2
11886 14531 9
1748 8623 4
9265 14239 1
9418 15640 8
3213 13116 10
7487 15570 3
4775 7445 7
4826 14938 1
8792 12082 1
10162 12833 9
2958 3439 1
1455 12725 7
8558 15683 1
4269 6310 2
5456 15621 6
8257 12256 5
16562 16748 9
2029 14249 9
12901 14394 10
11344 11643 8
3527 7700 10
10072 12902 5
2735 9161 3
7329 10583 6
3530 10659 8
5395 15285 6
3983 7313 6
4322 15769 8
14230 16728 3
8712 15380 9
9002 13125 8
570 14626 6
9713 11973 10
578 13419 9
12563 16692 5
459 9475 9
1594 11201 7
7534 10293 9
16272 16395 10
8914 16229 9
3740 5820 6
13546 15183 7
68 13317 7
6853 7763 7
9293 13881 10
2316 11849 5
4455 6662 6
366 1350 10
10194 10553 2
1125 12380 6
1025 5921 7
6751 8000 8
15398 15564 5
4341 10772 8
110 5130 7
11312 11907 10
3181 10360 1
14250 15263 9
227 2695 8
6397 6827 2
2895 12323 4
6997 8365 3
8565 14422 10
5599 13730 4
689 10029 5
8442 16634 8
785 1850 7
1616 6582 10
2356 9190 7
6443 12689 10
4693 14955 7
2016 3845 10
3402 16556 5
1807 5521 6
3049 13371 5
3553 6615 3
271 5358 1
198 2332 1
2940 6164 8
5112 11310 8
5082 8497 5
1108 9205 7
10150 15636 7
3265 8643 6
1681 13749 2
243 3697 7
1273 7941 1
6744 10505 8
8221 16039 5
3730 14704 10
8105 8130 2
1793 4337 1
3889 11759 6
6710 14740 1
916 15534 1
4705 14388 7
4525 14188 2
1032 4608 5
9015 9868 6
10471 11111 6
7034 9805 5
2953 7291 7
6132 7608 8
788 12580 10
68 6022 2
4553 15079 6
1261 11562 6
4371 5885 6
6111 9998 1
1582 2524 8
5172 13482 5
6534 8883 4
11821 15752 1
5941 15416 10
4578 15021 5
4017 11155 5
2169 10134 2
6266 6395 1
1542 1621 6
8297 8747 8
3248 9619 4
9607 14925 5
7667 13042 1
10415 11324 8
7674 9260 7
10859 14866 7
798 8404 8
945 16153 2
274 6894 1
3683 7214 10
6328 7448 7
841 12472 10
10132 12557 10
6077 15461 6
155 898 6
2695 11832 10
11331 15715 7
3178 7798 10
3754 15610 9
7907 10643 8
1976 13975 2
4373 8752 8
4639 12119 7
14987 16215 4
6777 12946 6
5502 7056 1
1083 4372 3
5779 13730 6
11979 13035 1
659 15090 7
455 7350 10
10519 12540 2
7432 8280 8
2655 11576 3
6752 10583 8
5916 9477 10
207 14016 1
2124 12927 2
137 11476 8
11545 13197 2
2909 8198 4
12139 16948 9
50 9255 6
13933 15631 10
3846 5330 2
110 3009 8
4621 10369 1
2855 4067 7
7438 10164 9
5209 14664 8
13543 16338 8
6495 15642 6
5988 8654 4
3597 16325 4
3829 11796 6
2416 9285 10
66 5947 5
631 12077 8
2997 6039 5
6730 13574 4
6233 10216 3
4562 10754 3
2921 8158 2
2805 10200 1
1511 12559 5
6810 13713 4
4457 12489 7
297 5629 2
10439 13514 5
4842 14858 1
10533 15125 5
2009 6992 4
996 7012 1
3290 10959 10
4552 13286 8
1653 12046 9
4948 11656 3
12468 16104 3
3652 16296 9
7659 11198 10
14141 16759 6
7652 15144 1
7355 15075 3
10746 13544 10
2812 15762 2
1566 11837 6
7085 15680 1
6950 11137 5
5894 14132 2
3843 11324 5
4981 9881 6
10669 15992 6
7021 9845 2
2375 9667 8
5419 7804 9
6661 10583 1
10605 11973 10
4570 4861 6
2518 3695 5
2766 7354 7
5674 10186 3
9077 13364 8
1906 6552 6
11630 15320 2
3265 6688 8
14906 15694 5
9436 15684 6
9964 13599 9
1092 3482 10
3862 4809 10
7165 8380 7
552 10498 10
846 14393 4
3117 3738 7
8119 9556 7
3339 3430 1
2162 12130 6
4719 12784 5
924 10752 6
10963 14758 6
274 7225 7
4684 5947 8
3987 5913 3
14392 15477 7
8535 9906 4
10917 11258 2
8432 8493 5
2703 5455 3
2890 13676 8
5219 16706 7
9719 14305 5
4576 5368 10
9336 11800 9
3076 11139 8
3082 6427 8
82 6152 1
2642 4066 9
1056 11261 5
8436 14602 2
1657 13764 9
764 9145 5
1076 14293 5
577 9427 4
941 6772 5
10095 11417 5
9119 12916 2
3438 6219 3
1700 13121 6
9100 15071 7
5169 8163 4
7359 13031 7
3620 5527 3
232 16536 7
239 3892 10
751 4744 9
16792 16909 8
6095 9086 9
12107 13191 5
5653 12060 5
13682 14099 8
2982 4211 1
7563 11136 7
1128 15980 1
1083 1234 7
202 5836 10
8302 15163 7
3279 10706 5
5469 11360 1
4609 4731 8
6959 16255 2
4811 4813 6
11604 15652 5
9106 9928 4
4898 14752 8
2963 13499 6
118 15118 10
10668 11709 8
4503 15313 2
7744 7815 1
538 12271 6
5320 6492 7
8883 10618 7
4119 13570 4
11331 13297 10
614 1545 10
8102 8167 5
6043 14322 10
11475 12645 6
5148 5170 5
3595 16665 7
6458 7106 8
4279 11048 2
3906 10937 9
11492 13063 10
5604 14037 9
12707 15478 9
2110 10703 8
1104 4397 5
2937 11503 7
152 14905 2
15099 15645 5
8388 12824 9
8655 13168 5
12271 15967 6
3367 13389 8
9930 16368 9
3244 16954 3
9469 10260 10
4980 14198 2
14810 16740 7
10563 11682 10
4418 5927 10
12032 16846 4
7590 9132 6
8843 12284 2
8236 16145 4
237 9524 10
5708 9504 4
14045 14331 10
6220 15281 8
13338 13811 3
2201 10652 4
1846 9216 2
3839 16965 7
3594 13299 8
11571 16056 2
12236 13633 8
7995 10535 1
7150 15320 3
3516 12689 3
1215 9586 1
10144 10580 7
4110 12552 6
4230 13265 1
10326 11093 10
3857 11932 3
6584 13435 9
4868 10636 6
4511 9358 4
1241 5250 6
4083 8543 7
9190 9966 8
2069 9815 9
5026 8742 6
6883 11606 5
7688 9352 6
518 11258 2
1629 7946 1
10693 12498 6
8434 9030 6
11973 14562 9
3055 3420 2
7039 7386 6
12528 15606 2
1895 4038 8
14550 15784 2
9709 16842 1
4266 10354 8
2593 14129 1
2337 6633 10
5724 14588 10
8079 16944 5
1001 6908 6
5000 10128 7
9476 15571 8
2078 16041 10
8150 14260 6
2205 5010 6
10709 11515 1
8449 12277 4
3827 10678 9
11340 14197 1
5068 10053 1
1334 7326 1
4377 10787 4
5467 7361 5
4125 7704 6
1851 12223 2
5200 13043 6
5294 8035 2
455 2066 3
7177 15150 5
8652 9343 9
1163 6233 9
11926 14037 9
6224 15500 8
4172 12878 2
11249 14275 3
5757 10723 5
965 1377 10
15450 16054 7
8544 12455 5
1464 16403 3
4204 11536 4
899 1312 7
7000 8211 8
782 9454 4
13336 14371 6
6913 11421 6
952 13122 7
8316 13982 3
9987 11768 3
11473 14347 4
11590 12477 10
11302 13825 10
3235 8114 9
12476 12831 6
3281 6486 3
6191 7884 9
7825 7951 2
10343 11473 7
5256 10457 8
8332 16625 6
7458 14059 7
5738 6314 10
8798 12696 2
11279 12754 6
5609 8977 8
63 1368 9
4686 15248 3
3133 10275 10
546 8087 1
1693 11968 9
2386 6145 1
733 13227 7
2232 3709 6
12953 13651 5
6832 8341 5
3575 8590 8
7383 9302 10
3607 16104 4
1038 10842 5
395 8534 5
13221 14033 6
9493 15409 1
4252 10980 6
570 13299 3
4537 9381 2
9364 15318 4
10263 15208 9
2400 15299 3
14301 14362 7
12466 13230 10
13753 15001 8
1601 11493 8
4665 5573 1
10658 14718 5
7829 14197 10
8950 13560 4
10262 13521 3
2040 6426 10
8661 13950 9
9475 11044 2
1287 9685 3
6737 6819 9
7226 15738 7
979 13195 2
8646 12737 8
3308 5210 6
10528 14873 6
6894 8795 8
605 15279 3
4916 5519 6
12951 14608 4
9586 16517 2
15500 15652 5
404 14042 1
11088 14817 10
1161 11633 6
7308 15020 3
1170 13937 8
10726 13358 3
3203 5424 10
8627 12734 3
11754 12936 7
2070 8125 7
2673 3984 4
14738 16068 2
4681 5641 9
6360 14000 2
14794 15157 3
2396 12783 10
2896 4563 5
4406 7078 5
11846 12753 1
7823 12819 7
5489 16666 7
2519 6668 9
220 13633 10
2770 7251 10
2239 6668 2
8937 14986 2
2507 3758 9
5474 5621 9
4242 14002 7
6410 9117 3
4201 5056 10
7002 15247 9
4064 13764 3
13315 14132 5
3244 3403 5
1666 4209 4
8139 15865 7
6606 13330 4
9565 16056 10
4146 11612 10
7594 12156 7
2136 2292 2
11271 14257 7
15 2618 10
6778 8533 1
3518 13674 1
8555 15427 5
9123 12083 5
1781 6078 7
17 8488 9
3927 4421 6
1816 15367 3
3796 13309 10
4071 12896 4
1192 12678 4
792 12190 4
3824 12203 10
1245 12090 5
11397 15710 7
1887 10169 9
2778 5007 2
1529 12857 1
1778 12887 9
8647 14498 6
1616 11953 7
4405 9155 7
5283 13184 3
1332 11163 9
5895 9813 4
11303 14003 7
7439 8458 2
2896 6255 2
3761 11748 6
14591 14813 6
5950 15005 4
851 15319 8
9762 12223 3
4383 14179 8
11425 11562 7
5709 11226 6
4425 8759 2
7431 12844 3
8497 14577 5
1756 3561 8
6283 14846 9
7734 14596 6
11336 12984 6
136 4289 8
385 4428 1
4194 13143 4
5817 9536 6
3674 12555 1
1300 14087 5
12573 12882 1
313 6740 10
4757 12555 6
3127 3901 5
7680 10596 3
5406 8344 1
11553 12835 1
2775 13855 5
1145 14049 6
6373 8361 3
2254 13379 5
10726 15712 9
9823 13598 3
9862 15243 10
4776 14728 2
10838 12216 4
10131 12170 1
5543 15029 9
1025 12677 5
2263 6446 7
1666 13214 5
2716 8819 4
10628 12936 10
10190 13970 4
3425 12826 6
7329 14571 1
719 4897 8
2077 6500 3
8297 10363 6
56 6986 6
408 11846 3
1626 15128 5
3438 13031 2
6888 14096 7
8820 15666 6
1687 3094 9
12002 15508 10
14005 15052 9
239 3850 6
7777 10151 6
387 15628 6
14475 16929 7
6113 10223 3
1351 3803 1
8292 12737 8
7795 11950 3
5498 8488 2
5557 9356 10
3697 10890 1
12653 16527 9
5818 14364 10
3836 5172 7
2761 6599 4
9646 13142 2
11912 13332 8
10748 13997 6
1122 6000 10
3712 10745 9
5808 13578 1
7167 9841 1
8634 12507 7
5593 10310 4
11789 14480 7
7071 8589 5
1793 15629 3
6973 9499 2
5849 16961 10
902 6575 7
4029 4093 9
9498 15673 1
1050 12422 9
9967 13099 6
1228 13215 1
2016 11924 8
3550 15242 1
11565 14155 6
8440 14758 3
3416 11917 3
14563 16511 4
6800 10295 2
10806 12348 1
509 4427 5
11234 12914 4
15522 15582 1
8763 12411 4
2559 10553 5
4878 8367 6
1769 11263 2
7783 8038 9
2716 6491 8
6573 7792 2
11542 14395 10
5020 15396 1
2307 9116 7
4983 6298 5
6629 9239 3
1442 5047 5
3674 6387 10
2027 8898 5
505 3170 5
2215 5253 1
5363 12809 4
10222 14057 6
11001 13652 6
7825 7971 4
4281 12388 4
3512 13524 9
6922 14581 3
164 6754 6
6787 14906 10
6201 9588 8
10026 13720 9
2985 5170 6
7553 14785 8
1669 10276 7
8825 10503 3
2510 7288 4
8308 14847 4
8986 9109 1
6764 7630 2
384 9800 6
5751 16840 5
1331 2498 7
924 15720 2
4629 9133 9
8094 9061 9
7374 13491 7
15009 15966 8
4049 7979 1
1117 5706 6
5666 9446 5
5810 13805 5
194 2654 9
14781 14888 8
114 11638 4
5350 13626 9
5419 15464 5
5343 11568 3
14673 16834 2
4511 6347 5
6325 12504 4
775 11025 1
956 9075 4
14775 16683 9
6389 8769 9
818 14983 3
7006 11247 2
5228 13529 1
10864 11731 6
9111 14838 10
5045 14077 5
6755 7512 5
2026 7430 5
2560 8480 4
3362 15716 7
5004 12942 1
1942 7773 3
418 1151 4
8259 13908 5
5632 7094 3
1480 7875 5
3419 12708 8
1556 8893 7
2075 4304 7
1413 4572 8
2799 5158 3
5288 8713 3
9820 15647 7
13662 14803 5
3419 13560 9
3588 13320 7
1564 5875 10
6235 12290 10
1507 9956 3
6672 14820 3
6514 7380 5
5692 10295 1
11917 14121 10
11231 14088 7
7809 9736 5
8290 10353 10
2971 16924 6
2303 11383 2
5902 11638 10
3301 5609 7
4219 14831 5
8094 13894 10
736 5675 6
462 2231 2
7999 8277 6
2454 11211 7
8973 9573 8
877 1158 2
3133 4896 6
6253 15332 7
9290 13898 5
9999 14085 2
386 1083 9
5084 10391 9
2623 2776 2
9255 12692 7
8323 12693 10
12255 13793 8
2065 8286 2
4792 8525 8
5391 12627 10
3368 4535 3
632 14535 3
2307 14575 7
3860 9195 7
4251 10942 5
11681 14075 1
5250 15261 9
3753 6327 4
2288 6266 4
1280 4894 9
3513 5648 4
450 14892 4
934 2366 10
6541 14136 1
13951 14720 1
9893 11444 8
11722 12222 2
5876 9055 10
15227 15290 9
8839 13577 8
2847 15425 1
7539 7641 3
1913 11860 2
7192 13364 1
1506 13452 10
3675 3816 10
10384 15916 6
4664 6190 2
354 6718 1
3444 6860 2
770 7699 6
149 6338 2
8660 12739 1
7015 12980 6
8919 9420 10
15325 15761 10
7203 8591 4
4357 6703 9
1498 14453 4
3660 7533 10
494 12265 3
3789 11787 10
2966 14189 1
10711 13220 10
4562 16996 5
4516 16014 6
3528 10137 5
7985 10825 1
4740 11113 6
7772 14052 7
5854 7113 5
6338 15829 2
4444 15386 7
3852 14781 3
12000 15929 4
3850 8017 8
4940 7326 2
447 3625 10
9084 9287 1
671 3487 1
9468 16221 2
6341 12352 3
9759 14437 9
525 1738 9
4395 9984 6
567 1677 3
637 7329 1
6968 15156 10
110 1267 1
11920 14195 6
11281 13386 5
3416 14193 8
1266 13172 7
9236 10063 10
4763 5184 2
10664 15162 6
249 13394 1
5794 15871 5
2497 4057 9
4756 9059 1
3703 10174 7
5406 11371 8
537 13044 1
11859 14834 1
1899 8247 7
12321 13885 9
5534 13546 2
3220 9355 8
8221 10865 10
369 8475 8
8877 16314 7
4873 5943 5
11317 14634 3
9632 11883 8
4841 5827 7
10000 15427 8
8807 10309 10
11689 14000 8
8506 8888 6
7110 9111 1
271 14959 10
925 3884 1
199 13116 10
1549 9451 7
5226 12067 10
9194 9772 2
2770 7078 2
1027 7767 10
3957 13047 10
14953 15202 9
962 7137 4
5917 14778 8
10488 14819 9
1602 14653 4
2401 13259 6
2405 11219 10
9649 10565 8
4302 16626 6
9626 10618 7
4434 12419 5
1001 11906 6
5529 15432 4
6379 10671 3
1703 10540 7
4757 14945 7
2030 11349 8
5174 12829 5
3789 11566 3
1491 15192 3
459 10488 10
9747 14230 4
5608 10589 3
14783 15197 10
5948 6137 3
1447 15520 6
979 11588 2
1298 2835 7
4669 13980 3
1866 4953 10
991 12445 8
6944 8479 7
674 6541 2
1507 14273 9
8046 16044 10
454 3312 8
12137 13728 9
5737 9261 9
5540 7883 1
6689 7368 10
389 6124 7
11880 15276 2
6485 16676 9
7439 10883 5
6750 11129 6
6416 8001 7
6765 6849 2
2332 12565 7
10599 11048 7
43 10463 8
6337 13844 6
9106 9148 5
6547 10535 2
10272 14672 10
6111 12211 9
14466 15653 3
11191 13233 4
12112 16374 7
7897 8373 4
12021 12313 6
2979 8586 2
4113 12500 7
2760 5510 5
1544 5478 10
410 2332 7
12053 15441 3
4327 11073 5
8803 11642 4
1896 8159 6
3341 16532 8
5877 11368 8
95 243 6
4891 4926 9
7771 12428 3
5850 15107 3
1434 7287 7
5505 5532 7
5869 12851 4
9835 14568 8
5501 11321 1
5953 14491 1
956 13782 1
2414 7390 10
430 2840 10
1752 6780 4
2394 9393 5
7194 12274 6
7841 10337 8
7253 13499 10
12292 14326 8
1462 6828 3
2320 8216 3
1362 13943 3
11718 15838 2
5233 9417 9
9007 13479 4
2774 8160 9
6926 12697 2
4213 5573 4
1566 5076 5
7601 11889 1
10658 13788 6
6192 9417 1
7575 13947 6
2063 16936 4
813 9666 6
1666 6022 9
9343 12259 7
8537 13179 5
4899 7433 3
3874 8433 5
1272 9830 2
4322 16026 1
2980 4924 7
10850 15563 10
3331 4552 1
2927 5188 3
2114 8293 4
3035 10624 6
1892 6664 3
10379 14692 4
10896 11161 8
11307 15109 2
9972 11350 4
7687 11919 8
6145 11160 9
855 11297 4
1909 5397 8
11157 16052 1
6872 9399 9
13175 13528 2
1995 10456 8
916 12989 1
6450 9451 7
14419 15765 9
215 3122 3
8196 12776 10
5604 14750 2
222 15181 7
842 7185 1
2416 9386 10
12568 14014 7
2734 15813 6
9015 10611 10
4907 14940 2
6062 6408 3
1688 1970 4
12315 13354 9
13746 15277 4
6716 14785 6
1535 7290 3
2599 15317 4
14257 14340 5
4316 14208 4
5467 12649 9
4884 13121 7
2487 4555 8
990 16405 1
7150 10264 3
2784 15593 10
8566 11793 7
10880 12849 1
656 14104 7
1319 15986 9
11628 11857 9
1664 14174 3
7403 9075 1
688 13767 1
1789 10697 10
2753 4313 9
5596 15473 8
7888 11741 2
11522 16647 10
1353 5628 7
5611 15034 1
127 6793 7
512 10988 8
4125 16889 2
12218 16569 4
11049 14562 4
9756 10370 7
9125 10447 4
11749 14062 8
2199 3364 7
2189 13196 6
9929 15154 1
442 3949 2
8618 13688 10
3075 6869 8
10163 10690 7
9165 11906 6
14820 16270 2
9395 10620 3
3639 11058 5
950 2285 9
6251 9954 10
4453 14568 10
2556 8485 1
10154 11599 1
2533 4279 4
1344 14559 3
1947 5161 10
7281 14437 5
6643 12500 4
1946 10278 10
3312 8987 8
7213 16362 2
9678 10171 3
5511 16340 4
15519 16917 6
4538 10428 3
2700 5331 7
7770 13672 2
907 2778 2
9478 13517 5
7280 9554 8
2012 5159 6
10923 12204 8
10865 14210 4
744 7695 9
9771 12170 10
5449 15666 10
10595 12381 3
14 15697 9
3372 3885 3
8918 15220 8
7403 7464 1
6003 10017 7
3464 7984 2
4502 12048 10
407 13395 9
1519 14393 4
7238 13560 4
9188 12975 9
1721 2422 2
9917 10190 8
691 6669 9
2988 14962 5
5340 11807 9
2821 3952 8
10729 12251 5
4764 13454 4
13169 15796 9
8551 14264 4
1083 14976 2
7490 13135 7
852 13196 2
7561 15142 1
5435 13097 7
3384 14237 2
4841 9076 1
12244 15785 9
2207 5373 9
3089 5255 10
4427 5856 5
10640 15430 4
2776 16302 1
4165 12796 3
7495 8583 9
11079 14811 2
4355 12262 9
2546 10042 9
2331 3773 9
2013 2117 2
3370 8682 9
5611 13482 8
639 12257 3
4146 13477 6
6085 8492 6
485 11354 8
688 937 9
1991 7237 3
5958 14994 9
617 7784 6
3807 8200 2
3992 14893 3
6659 15620 2
6721 12566 6
9208 12659 3
6291 8352 8
3942 11549 1
9438 11657 5
11750 12521 1
5892 11304 4
8559 15219 8
3697 15488 1
10785 12191 9
13948 15620 1
5205 14568 5
2595 9367 3
9244 13185 1
897 14922 9
12239 12743 9
14252 15312 9
456 9819 4
427 3680 8
2731 7030 4
13455 14798 7
4948 8107 3
6002 12667 1
1426 10519 5
15164 15660 10
1611 12725 7
1420 16130 10
2753 13150 7
1103 15335 6
1666 11179 6
10980 14051 10
3167 14081 9
2490 9564 8
938 3473 7
14085 14681 2
1217 5464 9
5342 9616 8
5561 14847 2
7032 15204 9
1082 12287 1
10147 11327 1
157 11800 7
11436 13505 7
1460 8627 9
6785 10473 1
4829 6569 8
5608 15546 8
6205 11170 8
4620 6218 2
2423 13197 6
11088 12804 9
2907 4488 9
5902 6505 10
2129 8333 4
3728 8059 9
13537 13754 10
639 9534 8
4877 10723 5
8421 14685 2
1416 10231 10
506 5931 1
2982 12312 2
15250 16900 2
2109 13681 2
5605 16962 6
3097 8303 1
392 15592 7
11270 12606 4
9688 14952 8
1618 14119 9
10526 15647 1
577 9751 5
8122 11798 6
5990 11438 7
10424 14837 10
5842 8064 9
6543 7002 10
4396 10135 8
1632 8637 7
5408 5669 6
822 14668 10
8639 9562 3
9564 13231 10
3507 3529 10
4577 9005 10
8201 10746 8
5792 13530 1
6127 9613 8
4328 12319 9
1219 5279 5
14552 14585 10
45 2333 10
7018 11041 2
862 11533 3
7460 8942 3
8057 13815 9
10065 16281 9
7184 9594 1
11260 14053 9
731 4731 10
2147 9540 4
7574 12010 9
8626 12812 10
7156 13619 1
11105 13227 9
1182 14702 5
1200 6969 8
2636 8861 5
8429 14652 2
19 879 2
2612 13034 8
4385 9359 6
5131 10421 3
7081 11299 2
892 7573 1
7098 9810 3
9753 14694 6
8461 12948 7
3076 6879 4
4813 15057 6
4636 8324 10
12171 14234 7
7948 12504 10
9562 11637 5
4893 6420 3
902 5509 6
4145 11441 6
6047 9255 4
12054 15112 2
4119 12899 9
1768 3032 10
3394 5413 8
346 14088 9
12476 16100 2
3939 4572 4
12067 16478 9
8922 14250 6
1387 15008 1
2926 16339 3
3454 10318 1
7862 12270 2
6133 13134 4
10618 14778 8
841 10789 5
562 4574 7
5026 7642 2
11076 12118 5
7440 8740 8
9363 13344 7
7554 9707 10
6145 12058 5
1047 4564 10
5242 14721 1
6482 13889 6
4992 6296 3
11722 14531 9
11017 16316 8
7286 14230 6
15726 16964 7
9526 15171 9
13121 13263 9
6188 8927 4
1070 11441 10
11373 11534 1
213 2688 9
1255 15058 6
14793 16429 4
177 16652 7
2066 13105 6
5280 9874 7
14089 15215 5
5688 16961 7
6736 16419 10
12756 14616 3
14105 15744 1
11580 15582 8
2004 5726 10
2668 3617 2
12863 13079 9
8157 8197 7
10989 14913 1
10016 13798 7
11069 13336 4
9030 10709 1
5519 13384 7
13757 15789 10
5990 6180 7
8860 11438 10
2010 9934 5
9132 12710 6
11807 13171 10
6920 11514 8
10284 15595 4
5532 13737 8
3423 15449 3
4191 9357 6
1234 6183 4
4025 9896 4
2419 3372 4
3851 12858 6
2748 16083 1
94 9071 6
8290 11175 4
10434 13177 8
368 3287 2
9283 14024 10
2383 13034 5
4003 10698 5
7444 13991 2
7147 14842 6
5772 12268 5
5142 11996 6
5492 14201 10
9101 13909 9
3322 6197 2
4323 6580 2
10555 11588 5
4786 6851 9
1151 16296 5
6416 8845 8
6989 15054 1
2005 15539 5
6824 13246 1
2601 11890 6
3770 9533 3
7823 14889 9
3429 10994 10
4634 13044 7
9462 13577 5
14746 15754 8
3590 9265 7
2859 11605 9
4753 5759 5
2130 9890 10
7910 10406 7
3484 13126 1
950 13597 6
9466 12383 10
13368 14862 2
6330 16557 6
12691 15355 9
3034 8189 3
6190 11314 2
1546 6185 1
1808 16575 8
3921 15351 1
3970 14575 8
12220 14193 4
12008 15124 10
2556 12905 10
5458 10275 7
2877 4328 8
196 4672 5
11252 12750 4
10879 12648 2
8759 16708 10
4405 5363 1
14421 14687 9
6112 11276 6
8847 9299 10
7699 15005 10
11414 16058 9
2452 8323 10
9180 12187 4
1379 13531 9
5670 7483 6
4709 8740 7
856 6270 4
7249 13829 5
860 9057 1
10452 14450 1
11034 14783 1
10929 11529 1
3869 6540 4
1024 5278 10
3178 14915 4
5679 8469 7
3580 8748 10
12599 13836 6
10301 11739 8
7371 9212 4
7154 12447 9
13773 16288 2
1851 11639 2
5248 6428 5
8649 9258 6
13408 15844 9
3496 13763 10
4796 11926 6
5036 11691 10
8190 15057 10
8337 15686 9
10399 12358 1
8613 13563 8
8224 13174 2
2107 15646 5
7290 15231 5
7849 16055 6
3865 8472 7
10329 15304 5
9332 12964 5
454 15353 2
5391 10539 5
554 3792 5
4254 8416 4
1337 1401 5
14232 14426 1
5197 9284 2
9211 9217 7
781 3573 10
6500 16592 9
11391 14454 10
9519 10791 2
188 4901 5
6165 10945 3
10938 12066 10
8288 8859 5
13429 13502 3
9902 16733 1
6909 10309 2
1191 15990 2
5843 11448 8
5098 5798 9
7263 7415 3
1707 4865 4
5699 12927 8
444 3474 1
1578 8605 10
4807 13906 8
14464 14534 1
2468 14237 7
2221 3907 8
12451 15437 8
9664 12065 10
6805 13797 5
1256 10371 2
8571 13680 6
8650 12507 2
6386 7521 9
7883 15492 7
4684 14619 2
986 5150 2
3705 8437 3
4455 14735 8
7097 9833 7
2209 5430 6
12197 12693 3
3490 14603 7
1308 4061 3
9324 12493 2
7241 10319 6
6913 13615 8
10948 14549 2
5547 14581 2
2201 5982 10
9532 15242 5
2362 4732 1
28 346 1
4752 5333 8
13657 14086 1
1722 3931 6
7670 11624 10
10630 15605 8
10783 13357 10
3451 11124 8
1287 14745 7
10801 13822 10
7639 13699 7
3896 5138 9
448 9695 10
5267 13912 7
868 6681 1
3015 5333 10
7690 9909 10
4021 10602 4
11669 14990 10
4216 10947 9
841 3959 1
9435 14780 7
5501 12661 9
12855 12910 3
4177 8044 2
365 5187 7
5169 11892 10
2672 3382 1
1452 3489 10
9291 10920 1
5488 7711 10
395 15280 6
3123 13369 7
923 6147 5
1771 2512 7
6902 8712 3
11052 13520 5
10897 14359 2
13983 14440 8
2724 4689 8
5879 6798 7
1718 11160 2
8662 8957 8
324 6700 2
2202 16425 8
1334 2378 5
9209 11100 9
4856 11996 1
9542 14579 7
2337 8264 6
2904 8691 9
540 3525 10
4774 9495 9
1053 9410 2
2052 12096 8
14013 15244 10
1370 10110 1
8161 14235 3
6599 7692 5
1683 15961 3
4189 16461 10
10565 11633 3
2310 8827 1
724 13135 6
3080 7510 3
4617 6372 8
2617 11330 7
3330 10571 7
2512 12702 7
12359 13992 6
1554 4468 7
4093 7701 4
2023 11513 1
7819 8926 4
8067 13598 3
3665 14832 4
3751 12927 9
5146 14162 7
1241 3941 3
6267 11493 2
3535 5309 4
8085 8933 6
3062 4112 4
7876 13151 8
3417 5471 6
3065 9128 7
11813 12632 7
71 8869 3
10649 15121 1
8153 8370 1
1122 12021 2
5227 14095 3
774 11169 3
4080 11070 4
3631 4366 3
7392 15510 4
3774 9947 2
5617 13299 10
9460 10409 8
13087 13137 10
2890 14626 9
2725 5793 8
1045 14006 8
4695 8751 1
11626 12537 2
2121 13664 8
2280 8160 7
10166 14659 1
1928 13818 2
8494 11383 7
13493 15500 6
7407 15087 1
512 2923 7
12473 16834 2
8039 16221 5
5599 16340 1
636 1001 5
10184 15428 4
6135 10907 10
230 10943 8
2404 15237 7
7202 9653 6
8355 12952 5
6839 10410 9
11497 11533 7
7629 11095 9
272 12979 5
9279 9740 8
2891 11659 5
10441 15433 10
9730 16218 8
7481 10007 4
3187 9731 9
2230 9555 3
9359 15182 10
1711 11953 4
1553 12323 5
8160 14580 6
195 1466 8
2957 4230 2
5849 10572 1
5839 15750 10
6307 7250 4
12978 14764 3
5509 11119 5
1789 6295 6
4063 5951 10
7429 13203 9
11146 15039 2
10135 12818 10
1522 5331 8
4259 7393 2
4667 16659 6
7175 7855 2
14455 16847 6
6362 8559 7
2723 8160 3
3071 13457 4
4224 8601 6
3570 15801 9
9725 11465 4
10435 14406 5
10386 14219 7
7770 16074 3
7299 15706 6
5718 6567 4
235 6354 2
3020 10526 5
1055 13996 3
10730 16882 1
4294 14284 2
3053 6577 1
3837 5837 6
9052 14973 4
9069 10685 5
14604 16622 5
11313 16758 8
3053 9632 4
7613 10278 4
7112 9089 6
10945 15551 2
11329 16534 1
11227 15163 1
4834 8882 1
483 7488 3
7122 12983 2
542 11563 6
5874 10992 3
244 15991 10
7561 11632 2
12530 15952 1
1576 7806 9
2061 3459 9
9846 13898 8
6670 9588 10
9549 11089 8
5097 6104 5
15410 16000 1
525 7525 7
11408 13419 5
10806 13027 6
2237 4043 6
11902 13760 10
3823 4179 4
8721 14198 6
6805 16687 2
3943 14211 4
11277 11797 9
2726 6294 7
14915 16250 1
11834 16202 7
2743 3569 9
5114 10641 10
4115 6830 1
8405 9447 5
2654 4539 7
1908 7649 1
1669 4651 2
1177 6274 3
1025 1995 9
287 5595 8
1026 6439 2
1586 4617 4
553 7724 8
3610 15867 2
11516 14482 7
6305 15082 1
12649 13972 1
1882 8262 6
1196 3542 5
1533 11775 2
10868 15406 7
8999 14045 4
26 12621 9
2224 5225 9
3753 6964 3
5875 6233 6
5990 7023 8
6798 7123 9
11820 15391 1
6205 11975 5
5671 13558 3
10515 10676 7
3703 13795 4
2478 12045 1
9851 14664 5
12174 13864 3
5024 6999 2
2847 9136 8
9450 15257 7
1398 10510 3
9163 13188 9
1338 2431 10
9378 16197 4
4417 10853 7
5124 5562 10
12583 15182 5
5163 14506 8
8936 10990 2
14047 14761 6
13555 15993 7
4135 12197 2
1418 12090 5
753 11472 2
125 1530 10
5209 9592 2
12125 12344 6
77 6454 3
2485 14461 6
4602 14193 1
1436 5479 9
2121 14246 1
9356 12739 10
12329 15277 4
5062 15034 8
3928 5403 3
4294 13673 1
4853 14458 2
6229 16210 1
2533 7710 2
2723 5795 8
2123 10519 1
5558 9175 9
3434 3657 7
9532 9757 3
12784 15458 7
3792 12626 7
760 13978 1
4701 11065 6
6958 16581 4
956 12153 10
1703 7386 7
2091 11482 5
7291 9844 1
10173 12148 6
6014 16872 7
9020 13756 1
1959 13289 2
2744 5263 1
3651 9414 2
5939 13037 5
13373 16395 2
6063 9759 2
8205 16705 1
2071 7148 9
9363 15540 10
2877 5293 5
1779 3700 10
1456 7712 8
981 7345 4
778 13594 7
2613 13848 6
475 12641 2
5660 11401 3
12348 14129 3
14325 14395 4
10690 12448 2
10247 13821 3
1618 4598 6
402 11798 4
245 9996 1
3422 15692 5
596 7099 7
4328 9126 8
30 16956 1
2314 16802 6
5011 9096 2
1598 11668 10
4227 16667 6
3083 8896 2
3964 8685 4
5782 10426 5
12214 13136 10
6409 11865 6
5297 11025 8
1624 2849 4
9848 15306 1
1168 8047 6
2693 12819 7
10806 14915 5
1488 9861 8
9023 10479 7
3378 15006 6
4983 7335 6
3153 11183 3
6594 14417 6
13933 14056 5
2872 14965 8
9626 12832 7
1570 11873 7
1075 5148 4
14285 14357 1
3463 4169 4
8055 10561 6
5259 10714 2
8382 12547 7
4283 11416 2
5359 11069 6
13640 15723 7
8147 12562 10
4683 16961 9
2487 15450 2
1570 14400 7
3206 12978 1
5248 8885 3
6971 11943 10
2393 6695 10
9493 11065 6
864 4244 8
3110 5017 4
1819 4479 6
1511 5584 2
540 1106 3
349 16547 6
1230 6778 1
9739 13124 7
2562 5553 9
4295 14504 6
2425 6914 10
408 9883 2
14820 16950 10
8688 9185 5
3640 7120 8
3156 15811 1
1351 10401 1
1049 2101 6
3836 5850 3
1136 9199 10
1368 7400 1
9035 9138 4
1810 1926 1
982 10913 3
5556 16011 8
1021 10231 7
4405 14902 10
1395 6693 8
7707 7897 1
2334 14603 3
3479 13840 8
8725 10745 7
1891 3845 3
172 16699 1
10350 13793 8
1041 16473 9
7822 11446 9
7557 15567 5
10084 15298 1
3483 5155 4
1085 9983 9
7835 14305 10
7012 8886 5
2700 9958 3
5102 14406 2
4125 13759 2
9462 10212 6
6531 15115 1
8833 11659 9
2976 9404 8
1157 14718 8
566 2109 9
1876 16518 4
4666 10974 1
1490 5521 9
1303 3000 3
1405 7412 2
2949 13589 2
1065 13921 2
4886 14700 6
7322 15258 5
11807 15269 6
6117 11395 8
14834 15015 7
10765 13537 5
2349 6818 5
2362 6685 5
6697 13530 7
5402 14236 5
1042 9176 9
7275 15055 7
2048 4316 7
498 12689 10
1437 2810 10
449 1038 2
12196 12958 9
6088 10085 10
4590 6830 7
3854 4183 7
5427 16061 5
4117 9372 5
922 5391 5
1754 14353 6
10780 12896 3
10154 10535 3
5784 9285 10
4927 16197 3
11936 15350 8
9738 15256 8
2494 7799 4
12195 16511 3
2131 10474 9
15271 16285 5
5328 5694 3
1549 12069 5
12611 15292 8
2819 11627 8
1303 7616 1
1786 1824 10
1450 12062 2
6979 10809 6
1358 16036 6
7703 16499 10
3544 4177 10
1050 12022 8
4401 16877 1
9344 11956 3
7236 9023 6
3242 13782 10
11343 14573 1
2464 2521 7
4251 13386 5
2821 12636 4
770 5213 1
15446 16033 5
10469 14237 8
10368 10699 7
2000 14956 9
4561 8280 5
2665 7796 6
3477 3987 7
1161 9410 10
4300 12244 3
2873 6607 7
12795 14145 3
14606 15808 1
14061 14360 3
7120 12824 2
4521 16433 8
5773 15208 10
10100 15558 6
9626 14897 3
2867 16260 3
5023 6333 6
231 9417 9
4439 8126 3
11823 15718 6
4309 5266 7
2222 6458 4
2031 12830 1
268 13583 3
11248 12432 5
3116 8067 2
12251 13786 7
9445 15038 6
409 14196 3
9586 14723 6
2821 6344 9
394 6304 1
2589 5087 3
2880 6275 2
13352 15498 5
9870 16015 3
9885 10191 4
6266 12685 8
5086 9031 2
6598 13383 6
2603 8704 1
2006 6923 10
10393 16226 7
2077 3978 8
3676 10490 5
5369 10634 9
5464 5513 5
535 16439 10
45 10179 5
451 14624 3
6793 14990 4
1087 2088 9
7640 14797 1
693 13415 3
7641 11703 7
8640 9253 6
656 9162 2
8970 13012 9
596 7141 9
11370 11502 7
1566 16012 3
3510 9937 3
10324 14768 9
10023 14335 9
1426 1669 2
2327 2565 1
2276 5699 3
844 8373 9
686 9708 10
1084 1976 5
7388 8294 2
52 6090 1
920 7863 6
3144 6535 5
6199 12410 3
12967 15088 1
5346 16651 9
1654 16411 5
1671 12494 4
10956 16838 3
11772 15833 7
7056 9828 1
7337 9264 4
1961 15655 7
441 7438 2
3828 14619 3
5965 14535 10
3010 10758 7
10558 14525 8
2898 12205 4
7697 15421 6
909 4321 6
1636 11155 7
6404 15633 4
10015 12009 6
1146 11747 10
5602 7729 3
8450 16343 8
3510 15251 4
1978 8353 10
11149 13823 1
9502 13338 5
3039 9712 8
13433 13758 5
2708 10092 7
29 6937 6
12657 15577 8
7551 9081 8
8508 16448 7
679 2499 8
8364 13346 6
2027 6631 3
3386 6138 7
14074 15696 9
1476 10566 8
13186 14085 10
4400 9469 9
7626 11304 5
3200 10647 3
13191 14277 7
1737 3208 8
5876 9308 1
5366 8001 6
2404 15979 10
14726 15358 2
73 14372 8
921 7752 8
199 14171 9
4252 15597 2
606 8598 1
7699 7705 5
7699 12545 10
2 14296 3
2600 2885 9
1945 4221 2
11164 12949 1
3354 4221 7
2578 14037 4
999 6543 1
8403 10818 5
9054 10653 4
5557 5722 10
9840 9963 2
1371 3948 7
2166 15559 8
4569 6317 9
1117 13188 6
3274 8419 7
9481 11309 3
8528 13484 3
5704 13149 6
1856 4272 3
293 2768 8
5289 10643 5
8576 9195 8
7880 10347 8
4700 12478 1
12619 13487 1
6198 6817 6
4513 5713 2
6306 6600 8
9857 16835 4
7928 8268 8
4368 15978 5
4238 15949 9
9276 10436 6
4113 4525 8
6726 10237 1
10771 16738 7
3665 7776 5
8011 10746 4
571 12449 2
6644 9989 10
3088 5903 8
3580 5394 7
8345 10326 6
1965 5475 7
6849 14366 3
5152 14630 1
370 3511 9
9672 10611 5
6961 16948 9
10205 15502 1
3264 15068 7
7090 8021 2
4695 11882 10
2162 5255 10
2792 10081 8
81 14269 5
6581 12556 5
2374 9452 3
6437 15610 10
1481 15690 10
1141 14213 10
8868 9672 6
2207 12968 10
12 2324 2
667 4336 3
1500 14178 4
2498 7515 7
7597 12354 10
796 1760 3
5606 15065 6
4287 6158 7
2803 5502 2
5602 11400 1
2030 2055 9
10674 13546 8
7735 11582 4
9855 16646 10
5018 11026 1
576 10866 5
10329 11076 10
8689 15212 10
5130 13112 10
8745 15992 8
815 7304 7
10527 13815 8
508 15758 3
5874 16863 3
1155 11376 3
7891 16369 1
170 6887 7
1984 11273 7
1230 5505 2
8028 14017 9
10414 10452 2
2793 10154 8
1596 16333 5
10899 13235 5
7889 9783 2
3612 14996 2
6803 9637 7
11059 15007 9
1399 6940 10
5108 11644 1
4825 10718 3
1110 10651 3
2162 16407 3
2304 2541 10
2601 6819 6
102 1611 7
1160 6295 8
5919 6981 8
3832 7866 10
4705 12484 2
658 12200 9
2297 8077 7
10334 15567 8
6588 12626 4
3344 9198 7
984 1700 6
1924 16908 1
13110 16077 7
889 3269 5
2271 14223 6
168 12845 3
6324 9056 1
745 2430 6
4451 10266 10
1097 4470 5
2883 11452 1
1761 6738 10
12362 14177 1
11753 12782 2
7880 14951 7
2092 2367 6
10262 12384 2
5174 7112 4
1083 9392 6
3815 8380 7
2500 11376 3
12562 15042 6
10868 16014 8
2441 12746 6
74 13536 6
3069 10053 6
7082 8258 1
853 7902 10
3371 7889 2
3714 9439 6
1 3703 9
1857 7252 2
2904 12817 3
921 931 5
2955 10897 3
9492 12188 1
1429 7275 6
1589 6871 9
8064 12442 1
10821 10823 10
439 10246 6
6198 10906 7
7029 10875 2
9660 15786 4
5525 6146 2
8202 16169 2
814 3969 10
3744 10782 4
5692 8443 10
4470 10790 2
8911 9969 3
13309 14987 1
3700 6314 5
2675 4932 3
2832 3897 7
7297 11516 7
5346 14806 1
641 9719 3
7644 14504 10
7000 11236 7
9217 15497 9
10711 13419 2
8413 10204 5
8555 11308 1
5115 8118 9
343 11570 8
5871 7618 8
12842 14132 5
3201 13382 7
2122 3740 7
3804 13289 1
1689 1949 1
2323 10641 7
1407 2637 4
4403 10261 8
8308 13526 4
8303 12780 6
2240 15942 4
4117 8419 10
2624 4747 9
380 8366 6
9117 15494 8
6123 11813 10
9110 14670 9
1213 12823 3
4058 9361 8
4890 9219 10
7705 13164 4
6741 10663 6
8558 11482 2
5064 11561 3
3168 15007 9
5095 13872 5
9032 9865 8
4518 11167 4
5648 15156 8
5722 16257 8
2678 13302 10
1298 15327 10
1283 12518 3
1023 10106 8
9140 9277 5
11288 15518 4
8292 12413 9
7566 15243 6
2559 11591 4
932 12196 1
4295 9560 5
11256 15440 10
14563 14747 3
4766 13309 3
3735 12197 3
8858 12916 10
907 5989 3
1392 8509 5
4350 15301 3
2786 8685 3
9009 15441 1
6423 10607 10
3904 11164 1
648 6581 2
7044 14474 6
1887 10504 6
2117 13430 10
1014 1384 3
5515 9332 7
1721 11050 8
9560 9707 4
7897 14734 10
13399 15346 2
8987 14490 4
1759 12890 7
6441 12815 4
12959 14015 10
2596 9936 2
1102 5851 9
1107 12514 5
5720 6106 2
7154 14021 6
7589 11144 1
1660 4912 4
12530 14290 6
11958 13808 8
3126 5513 7
4499 16699 5
11365 12338 5
8803 9521 1
6164 12323 5
3218 13933 1
8366 9691 5
6044 14520 1
4210 8945 5
7855 12943 1
4423 8367 4
5898 11850 10
8198 10160 5
7943 11886 6
1284 12734 6
8595 12597 3
1103 3055 3
4937 16533 4
915 9698 3
5701 12159 2
5943 14471 3
1670 4350 3
7869 12072 5
7007 12056 7
838 16923 9
6513 13125 7
9408 13099 7
9527 16079 3
7635 8160 6
1684 8773 9
3866 6631 1
5070 16045 9
14883 15218 9
3063 10841 10
7081 10948 5
10912 15303 8
1571 2862 3
3074 12512 4
8329 9763 2
4107 12973 7
222 4522 1
10762 12963 6
8091 9559 5
4512 5552 4
3624 10100 7
12470 15150 4
4049 11121 8
364 8900 5
4996 10184 2
5100 6355 4
8523 12190 6
1480 8335 6
7470 15554 6
13521 14099 5
1927 7376 9
10243 13796 8
3172 12740 8
10055 15263 10
11144 12359 8
6675 8377 4
7987 10184 4
1704 9999 2
4594 8712 9
5946 9904 6
11372 15049 6
3310 9614 5
3912 13147 1
5792 13854 9
2721 6015 9
4165 12734 4
7319 7497 7
5182 6683 7
7508 9440 5
1778 5456 10
14326 15676 1
2603 4864 8
9206 10884 8
5965 12615 2
8342 9140 6
3948 13645 8
5336 13572 5
2206 6484 10
4599 13222 10
7521 8620 1
12007 16737 10
3215 8418 8
3507 8630 9
7581 13889 7
2861 12129 2
3695 6726 5
8697 14150 2
7355 12782 10
7271 9588 7
9277 15760 5
4804 9134 2
6221 8932 10
8306 12807 6
7217 14449 5
1319 6914 2
834 10077 8
166 11277 8
3378 14510 1
2732 10714 2
4075 4269 5
7378 9677 7
3007 14223 5
6907 14100 3
6500 12579 6
7065 14640 4
1384 7276 1
4163 10219 7
7844 16472 2
16098 16621 10
8968 10688 6
6066 15670 5
2957 6442 1
3218 3952 6
1193 7120 7
7988 8882 1
1813 10308 3
14060 15550 3
8143 13314 6
8332 15727 6
11521 13261 1
2734 16927 5
4436 14664 6
9721 12079 3
5374 16973 9
9123 13828 3
7600 10548 1
3126 10280 2
5528 9844 3
361 6578 10
9680 11816 9
14884 15570 10
9685 10711 2
10081 16768 9
713 6743 4
4565 6210 10
9987 15558 2
1904 12784 2
466 3722 5
1273 15447 6
7042 8517 9
4899 14194 4
4425 5247 1
1506 2634 10
6824 9387 10
3628 5383 1
11948 14810 8
12760 12885 10
2689 3297 8
1629 15400 9
4372 13336 8
4586 8257 9
3008 5818 6
15610 16101 2
8395 8815 2
1027 12920 6
6656 14245 9
6587 14462 3
7938 8893 6
7287 12333 5
845 8232 7
4518 15194 1
9693 13816 3
21 1402 8
5450 13443 9
5124 6861 9
8249 10856 4
7573 11029 1
1149 14358 8
1614 11580 1
7165 8009 9
13953 16881 10
8093 10121 1
11184 15358 10
12760 15050 10
1953 14014 9
8135 13292 9
6569 11432 9
3302 9673 5
6491 12602 2
8074 9278 6
132 3403 5
930 8508 2
9418 13205 4
5315 11698 9
215 6731 5
1542 3683 6
15280 15645 10
6735 7618 1
1270 13888 1
3005 5016 2
9821 15348 9
2604 14605 8
2361 7385 5
2317 5306 6
9621 10413 10
3785 10451 5
5684 14773 9
5884 13555 7
1919 8819 7
14138 15066 2
10483 16992 3
12848 15847 3
1607 10864 2
12542 16918 7
1684 11766 2
3339 15573 5
3404 4398 6
8119 8536 1
2992 13451 6
8894 10991 7
3683 7349 5
289 14746 10
3686 5370 5
473 15045 4
4892 15579 6
1370 6102 2
2433 9509 10
165 1587 7
12966 13262 10
12918 14617 1
3528 4997 9
7563 12137 1
1451 11547 7
3553 7551 6
2061 8675 8
11927 16054 2
6476 13764 6
9711 10177 2
769 14287 1
2859 10545 5
2431 14487 7
4057 13739 10
1600 13757 3
483 2261 6
2545 14795 10
355 3121 6
6900 14868 9
3587 10444 10
2690 4331 2
7588 9673 8
6864 7418 4
1748 5268 9
3495 9733 2
14174 15135 4
646 4138 8
12772 15424 9
2552 16162 7
10330 11136 4
5342 6964 8
3560 14680 2
7885 11420 7
2526 8207 10
3879 11160 8
822 1409 8
1209 8866 9
4998 11164 8
2031 9309 2
3828 11203 6
2445 6642 5
15 8755 8
691 7450 10
48 10808 9
8373 10384 2
8340 13400 9
1541 14227 1
6587 10176 6
636 10994 9
5702 13263 2
1347 5671 7
6830 8307 9
1982 7898 2
10524 12924 2
9834 12661 9
3375 4663 1
7437 9733 4
2847 5659 8
14 9000 4
4588 6045 10
3510 8356 4
14022 15390 1
8477 14739 5
7335 15177 5
10621 15703 10
7190 12111 2
3120 13732 3
5271 10077 6
13153 14862 7
5878 7666 10
4783 7302 1
1691 3211 3
6168 7335 1
9488 15377 9
6545 14935 4
2000 11258 8
1200 5465 9
2113 15675 10
2504 15165 3
10556 14704 4
5113 6605 4
10606 13554 1
1453 4370 9
7154 13578 3
2439 5685 9
13551 15318 1
3858 10301 2
2753 7784 5
6583 6947 8
176 8318 9
8209 10939 10
6042 12322 4
3799 5590 4
4946 14378 9
1063 3888 6
895 3409 6
2431 12903 7
6980 10067 7
276 6480 10
5032 15435 9
4804 6049 7
1531 6638 10
13278 13324 8
5021 16612 3
4983 16924 5
1554 2059 7
5842 10194 3
1856 9362 9
7709 14755 1
1236 7678 2
10826 11064 1
7574 14090 1
6464 8468 8
3869 9111 10
5405 16433 9
2 11073 10
4367 7775 4
5244 12930 9
3810 9347 5
8976 15033 4
11680 13252 7
11717 13410 1
16 2065 6
12358 14480 5
6748 9488 8
1167 5510 1
5036 10859 7
12250 15248 2
12601 16107 7
3863 15514 10
11996 15114 1
178 5666 2
945 11232 2
2893 6361 9
8981 9574 9
5487 8618 9
1385 3511 10
8519 9768 10
864 8613 7
4604 13885 9
9288 12876 4
5528 15096 7
5915 8613 1
163 5376 7
6356 10196 2
4039 7443 1
6040 13551 4
340 9919 10
10205 15147 1
4729 5881 1
7192 15279 5
4765 15719 1
4980 15972 5
4836 6418 10
3973 12679 10
8527 10351 1
1772 4467 7
9585 14956 4
4816 11111 9
12858 14489 2
5028 7140 8
4157 15233 1
4849 14459 10
1886 11299 8
7952 12510 4
6825 10180 8
438 16508 8
6460 12185 1
2993 10565 5
7121 8260 10
8116 14859 4
8242 11492 4
1088 9634 1
3311 12638 7
10735 11887 7
56 15310 1
224 9585 1
11176 13464 8
896 14749 1
1533 11761 2
2652 13703 2
4000 16114 8
11695 16192 6
7813 12703 9
767 2350 2
1822 5963 3
9366 13833 9
4807 15109 5
955 13299 10
4954 13185 1
2310 6026 8
2157 11096 2
4081 4842 8
6587 7888 6
6171 14210 1
1179 9084 6
7399 14731 9
2037 4821 9
2036 9610 1
1466 13186 8
4987 11876 7
2247 11443 10
10716 10851 2
10088 16369 6
1942 3647 5
4369 11312 7
4575 7831 1
13613 16621 6
5715 12942 10
3912 6817 7
6452 12512 2
11203 13825 9
773 5624 2
4928 7757 2
1770 8290 3
8080 16113 3
5685 12528 1
13743 14651 4
77 13315 4
2231 4601 6
11419 13134 6
1231 1299 5
1141 12069 3
6593 9933 5
1782 4885 6
38 7516 2
2969 15655 4
2481 15823 4
4175 11920 9
1070 4770 6
4856 6936 10
2755 13991 3
12203 14366 7
3043 6649 3
8061 14264 7
5083 13528 8
424 5971 1
4975 8399 8
11188 13867 6
6405 13201 1
15308 16922 9
3234 12849 9
13297 14183 2
6664 14556 7
9753 14535 7
481 12834 7
7808 12101 4
7251 7334 5
3030 10872 4
14728 15713 4
3829 6411 1
6400 8483 10
3957 15402 9
3509 10555 7
31 15174 8
10527 14330 4
4557 7189 9
9066 15009 2
6265 6709 1
5310 10828 4
4700 11518 5
6734 9476 1
3237 16920 7
3117 12261 6
539 7010 2
2228 12775 1
4233 14729 2
4882 13874 3
2809 7918 6
10610 14495 1
4446 15794 8
8589 13574 10
9051 12798 3
6512 8445 5
2828 9234 3
674 12172 3
6062 14348 6
5954 15035 1
2578 13185 7
7460 12378 1
1207 1362 4
831 3821 2
386 14237 3
1018 1914 4
770 10848 4
4099 10450 6
14824 15489 10
5387 13384 3
12813 13178 5
5460 8249 10
4623 14545 1
10278 11234 1
9473 12774 1
7172 8276 4
10223 13329 2
8657 14263 10
7522 10946 9
177 2982 6
2848 4607 3
7909 14917 9
6886 7231 7
8465 15483 2
9134 11372 10
8397 12490 3
7363 12495 5
2934 13275 1
571 13275 6
9290 16360 9
518 3189 8
7222 12300 3
4638 5808 7
740 4268 4
2517 6569 8
2338 14180 7
1982 11935 8
2039 15253 3
2296 9928 2
432 6121 5
1107 3987 1
734 10817 9
141 507 2
6772 11115 2
2281 15226 2
3099 6677 8
2485 4998 4
5552 11312 7
7059 14828 7
2090 6023 8
7772 11095 8
3178 14351 9
13121 16529 5
14385 16053 3
12236 13588 5
1917 3585 5
2131 10835 1
4022 15423 5
5828 5886 4
5364 14323 7
7733 12572 3
3982 12148 6
731 1042 4
3466 15489 6
12342 13848 6
956 9570 9
11027 12482 2
792 8885 3
8794 13111 8
2450 12129 1
5913 7114 4
2664 8813 1
3232 12516 7
3860 7919 3
1767 14225 7
14337 14539 6
8571 9831 2
2831 5667 6
5118 10993 10
11522 12011 10
4093 10783 8
1673 12175 2
2300 11249 6
2898 8271 2
9192 14772 9
1487 13099 4
3470 3511 10
9957 10707 4
669 860 7
11322 13856 5
12726 12937 7
7634 11061 1
2930 12086 4
6600 15716 7
5971 15948 7
3640 16679 10
8522 10969 1
1410 9863 3
9369 9941 6
3405 7500 3
899 2737 3
5954 13437 9
8678 14612 9
4321 5855 6
1444 8222 6
1587 15595 3
9098 10076 10
5069 12788 8
1762 14530 7
12040 12743 7
5100 13470 8
4097 10884 4
7204 8129 8
6384 13538 2
8432 15065 2
8142 14592 3
891 10258 5
1871 4764 10
12761 13063 5
3008 8777 1
6405 10114 6
1419 7782 9
496 7337 7
7462 16673 8
7976 8609 7
1925 11066 10
4825 13584 3
2145 7333 9
2056 8892 5
5170 6261 8
3432 11785 9
1506 3696 6
1459 2572 1
7595 8807 10
11320 15747 2
1549 4487 6
2196 4525 4
1964 10207 6
8732 12102 4
7663 15722 7
4441 11815 5
7255 8695 2
494 5920 7
3484 4315 8
690 14488 1
15236 15277 5
8043 9836 3
2717 16082 1
3987 9002 7
11931 13936 8
10478 10680 4
10610 15671 2
10939 14042 3
9177 13502 8
4043 14799 1
6458 14447 5
906 3587 10
1277 3200 4
32 12658 5
7389 10596 7
9410 10320 8
420 15982 2
13725 15417 7
2599 14497 6
3159 11185 10
11481 14018 8
5554 9439 8
1575 3926 3
3942 8108 6
8304 14223 4
3003 10793 1
12880 14818 10
43 7365 10
2570 13357 5
1342 10179 8
1416 4461 9
2955 8107 4
10083 14321 2
13477 15874 8
5961 9118 8
5439 5468 10
14995 15943 8
819 11461 2
1887 15674 5
663 5172 3
14293 15257 7
5431 8593 6
6311 12581 2
10511 13044 9
6063 9479 6
1383 4549 1
12133 16090 7
11406 15704 1
11589 11604 3
11659 14289 7
1293 12280 3
4990 6107 8
4739 8600 8
2080 15947 5
3206 7736 6
7195 8856 7
5441 9204 6
5353 13786 7
1750 14350 9
662 8300 4
2689 11098 6
79 4270 8
1268 7755 5
1675 3667 4
7080 10980 8
650 5334 2
2281 3923 2
1089 2040 7
7344 13303 9
2902 12304 7
6248 6312 10
4063 13812 10
1224 13205 8
713 1884 5
7375 10370 9
5527 13326 10
8496 10368 3
112 11677 1
5806 8994 9
1750 13640 5
243 3178 1
3085 16368 10
5906 7308 4
4623 10825 9
3641 8456 2
4691 14318 8
2167 6161 4
6075 8762 1
11509 12621 7
12168 14656 7
6114 11005 2
9183 12520 4
213 3300 3
12478 15970 8
6222 10190 9
8810 12064 2
5591 11496 8
12333 13774 6
11842 13260 8
15654 15676 4
5646 8990 5
3557 7401 7
4130 7695 9
3997 12379 8
14236 16245 10
9041 14236 4
3343 12922 5
9108 14022 10
1433 6829 1
266 4876 7
9659 10471 2
2317 16621 6
3521 16000 1
9188 14965 4
4361 16284 4
2944 4317 7
8529 12432 7
7615 14297 10
3488 9395 4
8441 10653 5
9208 11125 1
8642 11727 8
2884 15182 1
8696 12568 7
1734 6865 6
8599 13445 2
4693 14571 5
7867 11783 3
4374 6909 1
9001 15406 10
12938 14552 3
10340 10958 3
845 13191 7
10567 16818 1
5255 10074 9
3941 7056 7
1028 1231 6
6898 12534 10
6418 14475 2
971 10893 10
1695 15174 8
5577 8457 8
324 14066 4
4869 11536 7
724 11281 6
2525 5988 7
4193 5004 9
6569 14890 2
1468 10031 7
560 5187 1
2467 3342 3
12400 13745 3
1917 15633 9
15384 15877 5
639 15605 6
12929 14747 9
1428 10054 1
3990 4899 5
5595 12553 5
5063 8031 8
6380 15715 8
3017 12568 9
3974 10825 5
2979 4669 10
9771 11763 8
2717 10355 2
6189 7548 8
9712 12979 1
1554 2270 7
6022 13619 1
7930 13461 10
43 8085 1
2972 6749 4
2904 7587 1
265 12782 6
4652 13522 9
3539 11164 3
6505 7232 7
4158 5591 3
13044 13505 3
7839 11696 3
11208 12586 2
1518 14971 5
5469 11752 6
12407 16740 10
2838 8455 7
1458 7279 3
761 7058 2
3764 12791 10
2457 10723 7
2422 6993 8
3141 9809 10
315 9121 6
4839 7899 7
2338 12837 4
13793 16715 7
8875 10494 2
5960 15474 10
8426 14322 7
6534 12498 3
218 8543 7
2627 12994 5
3283 6561 2
377 7736 8
8637 9661 7
1003 7705 3
8444 14852 6
10298 12544 8
4762 10263 7
3304 16673 5
781 15760 1
1479 12855 10
985 1739 8
939 5855 1
6936 9452 3
9237 12091 10
8431 13308 9
10578 14928 4
3885 5669 4
7968 16891 3
170 3935 2
4326 5880 6
69 3260 5
125 5212 8
5613 14898 4
888 16222 4
3361 7412 1
1241 11412 3
10567 15045 2
1472 4679 6
14638 15564 9
9653 10593 2
3458 8491 8
2494 12169 6
6775 12943 3
652 11473 6
694 6235 8
3111 7493 3
6188 6211 5
6760 8130 2
10458 11215 2
3408 14619 7
3987 13900 5
10931 12169 8
112 10371 1
5225 8677 3
1853 7868 9
2274 7473 6
5867 12603 2
9251 14186 6
6521 15327 2
486 9592 3
2757 9424 8
10223 13368 1
8110 10651 3
6106 15527 10
4513 7705 1
5135 6370 1
9366 12071 5
13086 14726 1
4646 14379 10
3530 13012 4
6049 9498 7
10607 11972 1
6267 9993 6
446 5176 10
9381 14471 8
7103 7619 9
9057 12788 9
2919 6355 3
149 3383 8
73 8212 10
358 3684 9
8420 9521 4
8165 10916 2
8209 15343 1
6275 7711 1
14 4519 2
3713 11759 6
12081 12309 9
9476 10697 1
5391 10869 1
6519 15627 8
63 9179 2
8296 10525 4
4152 15447 10
107 13853 4
8266 16131 1
4395 6889 3
526 14473 4
967 10342 8
4337 6096 7
3563 10637 5
6286 14137 5
13978 14698 6
359 4104 7
6884 7442 9
8165 15060 9
7670 13024 7
11585 16296 1
2309 15426 6
2043 16268 4
5472 15615 2
4598 10351 3
5229 11893 4
13509 13604 10
396 862 1
558 16557 4
11403 12537 1
7749 7762 5
5029 14813 8
5070 7908 8
3920 4895 9
2955 10765 9
2870 7250 4
4234 8374 8
9363 11537 6
950 2271 2
9603 11713 6
10340 13568 8
245 1185 4
7049 15019 1
13601 15916 5
1967 8717 5
5255 13930 5
2861 10392 2
1818 10975 6
1083 10434 6
4424 14420 8
9642 9824 7
11195 13249 8
10912 14154 7
4130 4148 9
830 8886 8
382 611 9
3270 8714 1
3914 16751 5
4363 10673 4
741 1960 2
731 2431 9
2996 5043 6
7254 11901 2
6414 9992 10
4086 15398 10
5358 9159 9
9236 14893 4
8084 13807 2
6288 7024 9
233 10974 3
7320 14307 6
1627 8508 10
2480 13848 10
2069 6297 4
5329 5898 4
1030 14999 4
2323 8827 2
4258 4368 10
4869 15719 1
5642 8671 5
3414 13428 1
4041 14924 10
3230 4745 4
3217 12319 6
14658 15266 7
9321 15433 5
2106 6644 3
4481 11913 5
10995 11988 9
5877 13003 3
3327 14450 8
4950 10649 7
1954 9838 1
674 4369 5
400 1722 8
6873 15011 5
7653 7722 6
7512 9486 3
8250 10885 9
954 4160 3
6081 7201 7
4418 11486 8
11514 11966 8
10979 11654 5
1255 2889 6
9162 15245 2
11730 14593 9
2769 14957 2
1185 5715 2
888 3205 7
6726 14993 7
8699 10328 4
1962 10229 7
11283 15087 3
4674 14511 3
8704 11751 6
12392 15202 2
3265 7331 4
6274 12279 9
760 15976 7
8616 13570 1
2773 16265 8
6328 10175 10
88 5435 3
242 5274 1
14257 15911 8
1713 9763 3
1896 8709 6
1675 4855 9
1969 5697 9
3178 16775 2
10771 14427 4
8353 11437 9
8459 14612 2
5604 13479 6
497 12064 6
3292 7663 5
1332 6147 8
473 7297 2
5944 12456 8
1568 7625 2
2244 9741 4
8003 14338 5
660 3674 10
6277 11294 3
8402 14632 5
13260 16605 2
13281 16178 2
2944 4376 9
3833 8002 10
3670 6851 6
3009 13980 10
2962 9127 7
739 1664 6
13000 15647 1
51 12132 5
3795 6539 4
317 611 1
14231 14314 9
5649 7159 1
4815 8965 1
4510 8020 4
4253 5651 1
12580 13738 4
3788 8648 3
10436 12182 7
3478 15063 4
930 15261 9
3032 3049 10
521 12660 2
4051 4577 5
1304 12841 10
459 9777 7
14729 14966 10
5438 6743 4
5656 13660 7
7623 11785 10
15982 16943 9
109 15239 1
1347 2368 3
870 14811 5
13571 16692 3
5879 9354 8
5221 8899 1
6130 6474 10
9870 11433 10
4682 12060 3
5564 10334 10
6945 10484 5
2006 7121 9
4214 13243 3
1649 10997 2
1255 3656 7
4040 13013 4
6636 16473 8
3247 14924 10
3629 7766 8
1151 11301 5
13741 15553 6
13025 16843 8
7565 15999 8
1310 6726 1
3863 13583 8
2948 15095 7
6322 9634 6
1290 11547 1
8056 15088 5
258 1171 2
3528 13084 5
8328 9212 1
144 1629 6
7920 15456 2
8505 9858 1
12817 13080 7
2163 14829 5
10099 10751 4
5658 15241 7
7896 14092 2
6939 16260 9
5405 11033 3
16060 16878 2
8445 11356 4
9512 11468 3
7218 11428 6
4580 7844 4
1341 10887 7
11184 11838 7
1857 3899 2
10211 14729 2
14878 16356 6
9845 13505 5
7512 14567 5
1391 9004 1
346 13512 2
1910 16972 4
4389 13393 8
4221 11477 10
2578 14587 9
5641 6150 4
5933 9804 6
7648 16632 3
5064 9302 3
2602 5081 7
1094 13499 9
4538 6006 4
1797 13483 5
10832 15677 8
11885 13854 9
9989 10032 9
5108 12963 8
1250 3974 7
10637 11541 10
10450 15268 2
8676 14296 8
3429 9021 10
3282 11893 10
3862 10685 7
5506 6067 9
8260 14409 6
5736 10249 8
3915 15469 5
5935 15223 10
8316 13970 5
3589 16100 1
953 15028 10
7645 15114 5
418 10275 3
10202 13990 1
12177 14886 4
4503 7312 5
8648 13048 6
3092 7658 9
9123 12336 6
1930 11026 10
5857 14028 6
8368 12902 7
8277 12305 3
8364 10889 8
10672 12089 5
9068 16885 2
5856 16652 1
1030 16828 1
6645 15182 10
2022 11618 9
5622 10417 8
3462 7035 4
5817 10186 9
6315 13042 9
11747 14634 1
5057 13314 9
6421 8987 9
5499 8415 1
6598 10534 4
4880 11295 10
12405 13142 4
8027 8748 8
1741 14247 9
11071 11700 6
2433 3777 3
796 6151 7
4629 14899 5
3388 15367 1
8294 10334 9
13507 13850 5
1263 2121 1
6642 6674 2
7588 14937 3
4760 9856 7
1323 4234 6
348 16531 7
3336 9029 5
5820 12826 1
152 2230 9
5934 9782 1
2167 6951 4
5087 7630 9
3452 13746 1
6909 10546 2
4415 14695 2
13681 14162 7
484 5803 3
11385 14274 4
1511 6193 4
4195 15085 8
2799 7908 6
2225 5005 8
6108 10508 7
7907 11819 10
5355 15139 2
8632 9663 1
8954 9606 2
4524 14947 5
3102 3499 6
3833 10646 1
3162 12296 5
5968 8320 3
10776 16763 2
6088 12433 2
2600 11482 7
7427 9395 3
8067 13205 2
12009 12277 4
7468 12498 7
2807 10467 2
7790 11295 3
4332 8442 3
8573 10973 9
2078 8909 5
2267 10336 4
6518 11168 1
10607 11741 10
10779 13194 3
9208 16673 8
6091 10148 7
10104 11484 4
6668 7686 10
5206 15679 1
2194 3135 10
12282 12561 10
8020 13583 9
8474 9594 10
9058 13896 6
6698 15044 8
1726 9229 5
3236 13498 7
4494 15447 4
1263 16205 6
688 8261 9
6191 10872 3
2310 5787 4
8550 15821 6
4072 7313 5
99 6073 8
3727 12099 9
6874 9678 7
993 4978 6
5131 7108 8
5970 10949 7
7406 11721 9
3803 4829 5
598 10855 10
2744 3583 9
12843 13251 4
1457 12768 4
2969 7386 9
13433 14773 7
13731 16627 9
532 13629 3
5237 13850 7
11883 15127 4
14773 16072 3
7832 15013 10
6556 9371 6
10750 12384 5
10598 14191 7
3805 13002 10
1976 8826 1
1336 8052 8
1762 15903 2
9651 10008 9
4056 4291 7
1954 11217 6
2934 10843 7
9328 10151 8
3311 8650 1
6163 16218 7
6850 14589 9
1588 14432 10
6822 12135 6
11200 15831 1
8563 13650 2
1357 10626 8
2437 6393 8
942 1330 8
5353 6936 7
1983 9239 8
14150 14310 3
1368 6745 7
2644 12841 2
4489 5075 5
8474 11057 1
8493 10701 9
3319 6792 2
39 11767 5
7135 7173 4
5174 6801 6
1195 14642 5
3226 7354 6
1153 15707 6
13312 14821 5
8826 12103 5
12467 15650 9
7751 15911 3
962 6367 9
10888 12900 9
4337 10625 8
7001 13296 2
5168 8420 6
6838 10448 10
7246 11827 3
10224 11847 4
6063 7456 4
9371 16584 1
6212 9066 3
381 11919 7
6557 8854 9
7752 15537 8
3714 14253 9
3455 9910 8
10061 10818 2
13250 15454 6
480 15324 4
11532 12014 1
9535 15702 3
416 1815 8
3660 13322 8
756 15578 2
8907 9549 1
4381 9977 5
12554 15342 10
7925 14062 4
1500 13906 4
4989 7485 1
12019 13837 10
9843 16230 9
2162 2753 5
13980 14944 4
3982 15244 3
4077 10405 2
5938 8446 6
6137 13179 9
2719 13679 3
11926 12367 1
4549 14537 6
1839 4771 2
5642 14491 6
4195 4958 6
740 10652 6
1046 6820 5
11175 14195 8
2460 15194 1
614 8962 7
5199 10657 7
6203 11597 10
12770 15177 4
6127 11528 8
2479 10119 1
11062 14646 3
3347 14801 9
5530 12176 4
9816 11577 3
4102 16496 7
2393 13752 7
2642 9167 3
12526 13330 10
10684 11947 8
6773 9983 1
168 6168 2
231 2041 10
7801 9381 1
6244 15601 6
13054 13109 8
6236 16852 6
11129 15113 1
10843 11747 4
2551 8110 10
1727 5276 6
939 1834 2
9088 12003 5
1690 8236 3
3633 15182 1
2720 11999 4
6685 11018 3
2092 3249 1
2279 4070 7
9364 15484 7
12058 14211 9
7161 15861 7
3208 10428 1
3134 7634 5
2466 16308 3
1550 2131 7
930 2849 8
5082 10818 5
7296 11484 1
7969 10662 1
3446 8442 9
9142 10657 4
1508 4172 6
1156 3069 7
10384 16714 6
10975 14536 7
10062 11532 10
2935 15212 2
2466 4497 8
4668 6487 6
1870 10014 2
3868 6598 8
2474 12586 7
2908 5729 4
3850 11689 9
5991 15727 5
7121 8229 10
1722 8188 4
12246 14522 5
1325 8280 10
2493 8666 5
632 4452 5
2291 8942 1
9471 14203 1
7258 13919 7
7675 13880 1
886 9373 7
950 7691 7
7924 13611 4
2352 15738 3
11977 15851 9
8973 15479 4
6312 9483 4
1534 7563 3
120 5571 2
3589 8920 2
1613 2779 7
13288 13587 1
6555 13406 7
398 1153 1
3481 9925 7
9089 13282 6
4799 13014 1
14182 16305 6
4272 14238 4
13566 13904 6
1316 8790 9
6987 8707 5
4605 12491 6
1409 1880 4
10235 11822 4
4656 11369 8
6173 12961 4
1306 10323 6
2290 5221 1
13815 14356 4
7113 10972 7
2134 8238 2
3658 15410 2
10697 13599 1
1190 5910 10
2835 10373 3
12576 13300 4
4237 4615 10
2896 12937 1
6427 15980 6
945 5948 8
1291 3281 5
2437 13351 7
2802 12210 4
675 5920 7
4357 8229 5
2946 11268 3
7137 10592 5
2293 13142 2
10559 12141 7
423 4459 9
6702 9528 5
6378 10276 4
5817 9031 8
2925 6553 9
633 9708 10
233 10033 3
8397 15387 4
8807 13811 4
7128 14083 6
1240 2486 10
5502 9869 6
8137 11654 9
55 6077 6
1680 2401 1
13886 14536 3
8107 10751 8
4763 11837 10
42 10415 1
7568 13669 6
5929 14433 2
177 10110 1
1160 14417 4
7752 13414 7
12366 13813 3
4340 16998 7
8792 11301 2
11904 13082 8
2680 12311 4
12208 13309 2
2915 8841 9
14712 14896 7
453 4656 10
11243 15476 4
4681 10015 1
4162 9538 8
480 8774 5
7792 14604 6
14048 15994 9
5997 15829 9
10056 10843 10
1852 4008 4
2123 15869 1
727 1696 6
3159 15209 7
2853 3341 9
6091 11880 5
13240 14244 5
13527 15232 7
6520 7999 5
2476 6119 4
606 3097 6
10047 11727 1
5617 12519 10
1518 2925 6
3598 11599 3
3716 8621 5
2752 11428 8
3243 8767 9
3262 14752 5
1016 15189 10
5679 10186 8
2774 7730 1
4141 10103 8
3634 13528 8
14426 14990 1
14738 15492 9
5004 10989 3
12775 16514 10
9883 10042 2
4843 12376 2
6353 15271 10
9872 10584 4
8846 10052 9
7771 10065 2
2866 11607 8
4780 5837 9
4230 14760 6
1086 11970 5
1983 9562 6
9792 15767 1
4008 9895 10
13409 13627 10
2147 2495 5
7497 15603 2
749 9288 3
9404 14818 3
1276 8122 5
4134 10996 5
9422 13284 10
5003 8150 3
5608 6089 2
3893 15470 9
5798 10245 3
5320 5578 6
5012 8154 3
6911 14897 5
9882 11760 10
9841 11835 9
3649 11582 7
2959 12520 6
7885 14427 10
3042 4537 9
2011 5398 9
7774 8708 2
3759 6886 6
9558 12643 4
4844 11812 10
7873 9407 6
7425 13975 4
9387 15221 6
4601 8060 6
2360 13679 1
3442 11085 4
2187 6447 10
11550 14194 5
1207 10198 5
11207 14236 6
11513 15006 6
5902 9132 9
2891 5575 9
197 14031 4
10477 13963 8
1544 14272 4
8241 16295 3
9531 13472 10
7775 8487 3
9410 11750 6
13455 15231 2
10631 10766 10
3226 7709 3
8440 16543 6
1719 12569 9
455 1167 2
3845 12783 3
10100 11074 6
3574 5323 4
2374 12797 5
10708 12884 7
1359 12278 8
6950 7112 3
4945 12200 9
915 1171 6
8793 11088 9
4938 8990 9
8823 13488 4
6455 16352 3
12871 15279 2
1680 2177 3
3887 7765 3
9087 14883 9
3869 14726 3
2913 11669 3
11163 14112 10
9259 16024 8
5107 5347 5
2037 6398 3
1215 8321 2
9389 12331 5
1734 4036 5
14555 15683 3
7780 9811 4
8855 9010 2
2297 13511 3
2523 11065 9
9830 16161 4
10521 13299 7
12683 12754 9
3048 5214 2
10850 14541 8
3397 15229 9
6495 7880 5
4543 11835 10
6092 7532 10
6482 15020 8
757 8791 6
4341 15109 4
1181 12906 10
10149 12700 2
205 11096 1
1120 15072 2
2379 14333 6
2140 12944 10
5946 6148 9
4486 14568 3
8929 13213 3
2404 3940 4
8530 12846 5
1535 14038 7
4796 14089 7
2724 4312 1
9030 9876 7
2243 12763 3
2938 8505 3
2741 8995 7
2462 13563 2
7565 11717 3
6554 8911 2
3102 5925 6
3782 3931 8
3748 5419 8
11401 14421 2
6507 11130 1
412 2642 6
2013 12057 4
4216 4398 2
5059 9856 3
3911 13088 3
4891 8273 8
6113 16488 3
112 8433 10
3378 9556 2
12596 14887 4
6047 12390 3
305 8092 2
3628 6449 7
2458 3569 7
532 5810 2
2342 8591 4
2653 4299 1
6992 14039 2
667 2693 4
3586 10650 10
11000 14867 8
1006 3097 6
5080 14838 2
7696 15149 9
3029 7920 7
10919 11620 3
403 13603 3
14395 14520 7
12116 14459 3
181 3360 1
4236 14966 8
9897 15321 8
996 16926 1
641 2047 1
1326 4709 3
9309 13398 10
3454 12874 4
8945 12559 5
9603 11600 2
13671 14960 4
13717 16524 1
7187 8180 2
1073 9325 8
11990 16641 7
2554 14293 3
7488 15030 7
6949 10118 1
5352 5733 9
313 1229 3
1322 15364 3
5547 15406 10
8023 12201 8
5927 6084 7
2197 13781 2
247 5275 7
2368 15232 1
8427 13295 10
4474 15766 9
1691 3258 2
4621 6102 5
755 15534 6
13294 13425 9
5181 14158 6
6590 9483 2
10246 12438 8
4302 8516 1
16067 16882 4
5885 13026 4
5630 13068 8
3606 4023 7
2972 5880 7
6072 8419 8
4782 8927 1
1255 7032 9
3070 12394 10
6774 11611 8
12167 14302 10
52 1217 6
7228 14816 3
6366 6881 7
3880 9616 3
8227 12603 6
230 15339 1
4218 8943 10
5561 9968 10
295 1813 8
78 16895 8
10475 12958 10
14416 14529 2
6157 10298 1
3924 9083 10
1424 6827 1
4445 8041 8
5673 13558 1
3145 6574 5
2769 4929 5
4105 16467 9
150 7925 2
10305 11493 10
9494 15784 4
13151 15572 1
4478 5164 4
5298 14428 7
3179 3889 1
309 4045 8
479 9610 4
3242 4715 6
12619 15968 10
1703 4063 3
5227 11509 8
1564 5652 9
633 15026 6
9407 13289 5
9855 11388 5
713 8238 10
3723 8202 5
9157 12843 1
11803 12349 9
556 9046 4
6991 10200 1
8491 10254 5
248 6185 1
3345 12227 7
11084 13630 6
5214 8737 8
7308 7472 2
2797 9947 8
6833 11171 10
7691 10189 1
14732 14750 4
4936 8229 9
11593 14690 9
464 5083 2
6321 9360 7
14090 15751 4
19 14937 4
7278 8674 10
507 11843 10
7179 14626 3
5640 7868 6
12381 15478 5
1253 12085 3
5242 10431 5
5336 15336 2
2483 13299 4
2927 14657 1
10298 14993 10
4480 15564 6
2621 11281 1
582 13142 7
4192 8686 10
7364 14848 3
1714 15065 1
7068 12154 5
6888 11218 7
2808 8706 2
112 2955 4
5298 7571 10
4898 5987 5
804 12285 1
597 12533 6
5697 15095 1
5811 12736 4
664 7379 2
14521 14625 3
3019 9429 7
9913 12675 1
5326 10300 8
5893 12147 8
260 14563 3
734 12576 7
1664 6245 1
11215 12107 10
2194 9470 9
1205 15370 3
670 8458 7
2198 15490 3
661 7415 7
4764 11322 5
828 2940 6
10659 11208 10
4923 10159 3
3671 6516 10
4276 9434 3
624 2605 1
6600 9070 1
11923 12904 5
1851 16918 4
657 3553 10
2840 8732 9
2854 3209 5
2395 4372 1
13032 14338 2
6925 10776 4
9294 14753 9
5150 13784 6
639 7242 2
6879 11105 10
4070 11274 7
11002 14643 6
2755 3623 4
5625 13897 1
10780 14214 10
1250 4324 8
11454 13879 1
9156 10878 10
14749 16548 8
1947 7638 4
3613 9195 6
8673 12373 9
1450 16365 10
12246 13354 6
4569 5790 1
7748 11069 3
12201 15320 7
4190 4273 9
2529 14744 2
5860 14868 10
672 4278 2
2328 7224 5
12 14505 9
7246 13585 1
169 8637 5
507 7837 9
3994 16412 2
4218 5415 9
1034 2647 9
1290 1996 5
1820 13963 4
180 15948 7
7501 15751 6
2967 14191 3
12694 15631 5
9995 14574 5
4601 6312 5
8288 15576 4
4300 7687 10
7948 14230 2
600 5455 5
2431 13357 2
1849 2517 7
583 2736 6
1698 5869 1
7069 10318 3
5567 13036 2
1880 10976 2
4404 7611 6
9781 15112 6
7548 12298 8
2633 3053 2
11852 15360 3
3840 6583 6
8946 11937 1
6417 13669 4
7714 11070 1
13002 15768 2
10940 13405 7
4744 7676 9
9557 10589 1
11598 12012 4
10182 13087 3
3775 14587 10
5331 6340 7
8133 13968 4
11117 12811 3
13728 14153 5
3631 7706 7
5317 14380 9
198 11551 9
8029 10593 5
10317 15197 7
1487 2179 10
969 3840 6
13620 14044 10
5925 14880 1
4466 16072 2
1691 7123 5
7591 13801 2
8184 9534 3
2728 12344 3
4090 7323 3
12241 13157 3
7049 13835 10
2261 14561 2
3314 12419 6
3511 10445 5
10158 10962 2
2073 6876 1
6584 8393 7
2150 8007 1
3985 10920 3
10996 11605 4
224 2361 1
5579 14617 7
4376 16964 4
7789 16501 7
1087 4447 6
3027 4690 2
2196 2489 10
8895 11978 8
4550 10453 9
4131 5565 2
5900 9509 10
2269 7899 6
2680 9969 2
8474 8868 1
2217 13152 7
4376 4502 6
95 874 9
907 10350 2
10083 12201 10
10577 11825 5
14969 16996 8
3847 11675 1
640 814 10
7855 9357 6
2438 14044 5
5082 6700 8
6787 8912 5
7564 11247 5
6131 13562 2
3131 11451 9
4188 7755 10
1412 5032 2
5395 11115 5
15187 16293 4
4880 9257 2
7888 10909 3
9040 13509 1
6785 12955 7
4039 10403 7
3514 11936 8
3122 10842 2
7549 15817 3
8640 15517 8
3555 4806 7
5619 16700 10
12180 15545 7
8043 10273 3
2863 3551 3
8486 9620 4
4762 11090 1
1445 4374 6
1287 11803 9
12411 13844 3
3152 5431 4
1234 7553 4
6162 12546 7
1041 9801 8
2446 12870 2
5469 10230 4
1170 12225 9
477 7867 9
7359 15335 3
11194 16889 10
950 13557 9
2757 15284 3
11216 14181 3
4462 7088 10
607 15038 8
1832 16469 4
3579 5458 4
14650 16664 3
8694 14741 4
939 9133 4
5219 14182 8
221 6560 9
3645 12919 8
12830 16020 10
4242 7735 8
148 3321 4
5571 11301 2
3571 3921 4
2530 13612 1
2337 6930 4
4450 6222 4
6742 10747 2
5851 12830 6
1436 4918 8
11352 12554 1
12288 13766 1
763 7116 9
15230 15600 4
2915 7082 7
640 4200 8
12435 13928 5
9174 10350 4
3755 11123 9
7916 10025 3
10956 12510 8
4444 14840 4
2835 4209 2
8689 13029 6
12496 14682 7
10661 11184 2
51 896 7
2817 5014 1
159 9442 3
9557 10732 7
2058 13758 10
7763 9272 10
2264 15413 8
432 9740 10
986 5717 10
11794 12123 4
3290 6608 1
1383 10332 1
490 5842 3
5004 5010 10
3684 5025 1
3154 9154 8
6421 11171 3
409 13172 7
772 8284 4
9149 15570 9
7017 15615 6
9082 13771 9
2384 16112 3
4893 11720 5
3545 5284 5
3060 9971 2
5767 7241 10
10766 11812 7
5140 12012 2
8881 11073 3
14020 14438 7
10180 16541 1
12232 14739 8
61 5141 6
704 15701 2
8747 9943 8
10306 13733 8
7960 8161 2
13917 15211 9
1076 3998 6
1853 10148 2
2352 8813 6
1843 3683 7
14031 15900 4
638 6799 6
1340 3984 1
7777 13658 3
5962 14677 9
6965 8306 6
8075 8573 4
3125 10712 5
6010 10889 10
1927 14038 1
7585 9694 8
2966 15438 6
6588 12784 6
12574 15777 3
616 8744 3
13295 15152 9
2753 6367 4
7529 9554 9
9339 14579 9
13119 16925 10
511 4801 5
4774 15990 8
3675 16533 2
1184 8639 7
9163 14811 2
2042 16133 8
1656 4532 1
7514 15527 9
11104 14165 7
5012 5877 1
8809 9276 6
4643 6592 6
8874 13649 9
7163 8449 8
6069 15213 5
15969 16692 7
13814 13976 6
3848 10780 3
4619 8922 3
5680 12567 10
5363 11921 4
4280 12636 5
7177 8134 8
7099 9028 10
5701 14964 3
4484 15138 10
7349 8692 8
3888 15119 6
10135 11144 7
9398 16268 4
6249 9803 1
6944 7961 1
1977 6152 10
7972 16472 3
1743 10355 5
2196 8466 8
2317 12195 1
2911 6674 5
11308 15000 7
4437 9188 9
6226 11935 1
2571 15792 8
7805 9942 5
3769 14265 10
8179 12833 10
1721 14176 1
6522 16617 5
6489 7800 9
589 5450 7
2512 6331 9
12107 12436 10
4916 10730 6
2867 3831 3
9592 10461 5
6040 12092 10
2862 5787 4
7616 9421 4
1264 9272 4
8489 11385 7
478 14537 2
580 11146 3
4172 6981 2
2872 15450 5
15 10633 8
13219 16770 3
3465 12778 6
3745 7437 3
1476 1590 5
3653 6393 5
6355 14530 1
8248 12066 2
2883 3382 9
2057 12840 7
9710 14507 10
2514 3240 7
4165 10100 6
5832 6230 10
12664 13852 7
11351 13926 5
6608 12721 6
252 14862 6
4707 5030 7
1741 8182 5
4993 8737 3
9403 14937 4
5011 9190 4
2968 11255 10
7755 8159 10
287 12121 1
4088 4623 6
10733 14526 6
597 9540 3
8605 9513 3
80 2733 7
13063 13628 3
6462 7918 6
7146 7546 9
1484 3631 3
3181 4050 2
3485 13564 6
5583 11417 9
3694 7109 3
8488 15309 7
10332 15274 3
9435 15501 2
2784 3804 1
8305 8926 3
4404 10277 5
6064 15183 2
10446 14271 9
4279 14257 10
4047 14004 3
2602 2981 1
8498 13661 2
4769 13250 5
5922 12841 6
1830 15421 1
8401 12965 7
3237 11354 10
4043 12230 5
5022 13049 6
656 6986 9
4423 9859 9
7379 7456 7
1290 4124 7
5062 10737 7
8167 16246 10
5067 10543 5
1888 15988 6
6158 8805 6
297 8545 3
3132 13763 2
5712 13158 6
619 15471 9
12268 14609 1
1224 8644 9
11147 16267 4
2128 15810 2
728 8340 7
9034 13960 10
8433 8784 9
11752 12876 4
4003 12281 6
12047 14553 10
7473 11686 8
9112 10724 5
8953 12437 10
6178 9935 2
6014 11439 1
4983 6757 1
2486 4215 10
8131 13748 1
892 16578 1
2949 6666 4
8280 13584 2
3714 14965 8
4307 5946 8
2704 7047 10
1078 2890 10
9710 14636 9
6554 7310 8
5195 10215 4
3979 12862 6
14749 15004 9
5935 12666 9
8760 11692 8
773 9895 4
11617 16518 1
3216 4394 2
4223 11085 7
2570 10342 3
461 3327 6
1755 2081 1
8473 10392 8
413 3005 1
11417 13039 7
834 15398 6
3307 3911 3
2978 12146 9
3239 5940 9
5421 10391 7
8921 10084 9
3462 10385 7
11796 14656 5
27 14697 1
746 823 8
8848 15302 5
11100 15703 6
2162 5261 2
3651 5377 5
2016 11117 5
13773 14696 10
8331 11250 8
10953 15313 8
1258 3553 9
818 14990 4
2702 9275 8
9920 16320 7
1286 7825 6
2142 9924 7
3857 5323 5
4450 9848 2
7201 10203 2
7581 9705 1
9700 16643 4
3499 11496 5
2139 2222 4
10243 14656 9
1975 13598 10
7298 8477 4
1649 15190 8
4954 8280 6
141 10426 7
917 8338 3
8587 11428 10
4403 15414 1
2734 4058 1
5457 11470 7
5768 14044 10
12780 14364 10
3724 6891 4
2383 4489 6
4761 16682 10
6259 6937 9
541 9024 9
14335 15722 2
523 1110 8
14011 15640 10
4612 8384 2
1751 10078 2
2122 14719 4
2819 9297 9
14696 16230 1
6235 10153 4
470 13777 4
2571 5639 8
7989 12829 2
7358 11182 2
199 4028 5
10801 11976 1
446 12574 10
1081 13243 5
5652 12488 5
334 9017 10
5282 15357 6
839 11237 2
11621 13936 5
12172 12192 6
2806 10971 2
2706 3055 10
4630 9650 5
9277 11465 8
11932 14437 5
6476 14605 1
8819 12143 5
13480 15597 4
3782 4320 10
4005 4491 8
359 8587 7
4350 6023 6
6710 7254 9
11799 13445 2
2534 13248 6
10230 11150 10
10931 15858 9
5512 13034 4
9740 10397 10
9353 10030 1
1318 10704 7
1768 15433 3
8822 12670 10
1114 6695 1
8389 10544 4
14780 15461 1
3236 11697 7
10787 14917 2
11702 12086 3
834 5632 7
12180 14563 8
3939 6115 6
11160 13074 2
4738 7197 5
7124 8929 6
9757 10751 10
8016 8347 5
11342 12458 2
3203 9776 9
3027 6902 8
356 1663 2
1804 6212 5
1781 3066 9
714 10216 1
319 9313 9
1282 9179 7
12575 14819 4
78 4837 2
1155 7935 9
1516 15407 2
10031 14500 6
8678 13054 7
13887 14507 7
11832 15110 7
2674 15654 8
6740 12545 2
8421 16020 10
14019 14227 9
98 11015 2
10294 13208 5
3332 12656 4
269 16413 1
9143 13769 5
3527 8656 4
5919 14865 6
15783 16641 4
3888 8656 4
2179 9137 9
613 10880 7
14548 15417 8
2075 16770 8
1146 15598 2
2102 13715 1
5325 16674 3
4248 12319 9
5230 9622 9
1049 16848 4
10242 13239 8
3395 9728 10
5303 13187 5
5424 7870 1
4322 15839 6
6908 15504 2
2399 3051 4
3031 6879 3
4205 11395 3
4820 7377 9
4790 6502 6
9914 10741 7
1252 14599 6
3796 12309 10
1248 7344 5
8825 12464 6
6246 11382 1
9683 10475 10
13956 15427 4
2097 4636 4
3094 5599 10
1124 8879 2
2728 13789 3
2002 4421 5
9463 12697 9
4890 12014 10
2989 9021 8
3430 11180 5
4509 5736 7
6138 12584 8
7082 14154 3
53 14209 1
1242 4172 9
10389 14556 9
1690 16444 9
3823 6721 9
3923 15159 5
7125 9632 9
5027 14878 9
2560 12971 4
3761 10742 2
12361 12498 5
9373 10880 5
4096 6896 5
1190 16794 5
1432 10659 3
5148 15476 9
7048 10603 6
5798 7898 2
274 14062 8
2943 7374 6
3774 5986 8
12943 16519 8
4822 15383 10
6383 9272 6
131 10207 10
203 12254 6
5189 5305 2
9049 12038 4
2053 13673 7
11519 14829 9
7355 11941 10
60 8220 3
4259 10116 2
2012 7384 3
3489 16108 3
3570 5881 6
3192 11401 8
8458 13469 1
2032 12805 7
7934 9259 3
3464 6128 1
5608 10861 7
7468 11831 5
799 11130 3
3573 13509 10
6177 14883 3
5365 16653 2
6121 9156 1
2787 3389 2
9809 15653 1
799 6034 2
5980 7846 4
5318 7372 10
8010 10785 1
6919 7464 4
2434 11015 4
12333 14161 5
2018 11325 9
9594 12185 8
3734 13168 6
4047 9517 6
53 11421 3
6727 13003 7
1750 3235 6
8586 13211 5
4151 16830 9
9338 16772 4
257 12116 10
5675 8125 2
4072 11351 1
1006 13910 8
10166 15420 10
8632 8637 2
5697 11496 1
2408 15083 4
555 14397 8
6802 12597 7
1745 13864 2
11329 12027 10
8790 15616 5
74 11040 2
3755 16699 10
1294 5728 8
7506 10973 4
5932 15559 7
13621 14927 10
1321 14047 9
5080 11804 4
3496 12258 2
2083 12481 9
779 14608 4
10068 14349 6
11344 11861 8
252 14869 2
3607 7617 8
6416 13039 6
2771 11925 5
694 5978 2
6158 8582 4
3235 5708 1
4939 9802 1
7666 8122 4
7572 11983 9
12582 15733 1
48 603 3
10448 11946 1
3607 5638 8
3736 9178 10
5687 13408 3
5324 11393 9
8207 11594 3
1001 15596 5
3053 7572 7
2519 11400 6
1410 11400 8
15626 16088 10
2778 12727 5
1955 5807 3
11224 14921 9
13690 15358 6
1991 7438 10
3633 5109 3
13840 15628 7
3754 6244 6
6854 11713 8
5994 14437 3
9035 11774 5
4018 5808 8
10800 13886 7
5526 9166 3
1393 10879 5
14679 16089 3
6912 11153 8
9876 15241 1
7453 14852 10
7927 8862 10
11074 15200 1
9114 13328 5
3537 7056 1
12780 15107 7
10046 15883 8
205 6916 5
5848 9802 5
8603 13469 3
13133 14806 4
4432 14626 6
3500 7126 3
359 8181 6
4959 8032 2
3602 4288 10
6480 8584 10
287 310 2
1947 7799 6
6211 9316 2
479 5223 10
8421 15161 6
2577 8675 3
1229 10969 4
5712 12261 10
11746 15663 8
3246 6212 1
9390 15060 1
6493 10524 4
11528 12727 2
13218 14882 4
7671 15091 1
3883 5059 3
4284 11933 6
5151 13593 1
6140 12819 10
2404 5458 9
823 4543 10
5615 14958 5
7046 11464 3
9778 14643 1
8426 10199 1
8324 12414 4
6563 7692 3
5058 5606 7
3086 14750 3
7652 14926 3
8691 13724 4
11654 14818 7
291 11536 1
5675 8555 10
476 2273 7
5730 5800 5
7482 10351 7
1888 15883 5
5564 11208 9
5713 7251 2
3263 9680 7
2396 11749 2
2857 9218 1
2221 14826 6
3795 14354 5
2604 4176 3
5065 16194 7
3766 10614 9
5223 11151 1
1046 8536 2
2031 13188 4
2213 11391 2
1358 12971 9
2610 5465 2
1506 9784 10
3597 15496 5
7476 9137 9
7753 13093 4
85 8529 10
462 13645 10
414 12566 3
1402 5410 9
4894 10033 9
4731 8435 10
6801 7425 3
1608 4251 1
8848 14809 5
280 1871 2
6911 13448 3
2255 9990 6
5614 6771 5
3535 15561 7
1651 11989 3
919 6574 5
503 2142 7
547 9113 8
4133 14934 2
9991 10499 4
2371 11724 6
7668 13243 2
4943 16428 10
7345 13341 9
3689 6290 5
5070 6830 4
2992 7719 7
14940 16224 4
4186 7635 9
2472 5999 9
324 6411 9
4108 14818 4
4554 4637 6
12898 14770 3
292 8694 6
10408 11435 2
1081 10195 8
2207 12573 7
329 14433 6
3498 4255 10
9633 15354 7
10380 10450 7
7657 16912 10
1783 9619 7
11733 12026 10
10431 13238 9
12739 15243 5
4064 11324 10
5854 13339 2
1020 7497 6
7050 10604 7
4325 6363 2
3102 6609 1
11468 16967 3
3060 13829 4
10594 14804 10
6139 10815 2
7006 16887 3
4090 10460 3
63 8809 8
11302 16115 9
329 6564 8
2131 10123 7
3469 4621 4
1959 2036 2
3054 8299 6
7937 11503 4
13520 14450 5
4889 10906 2
2498 7207 5
8362 16768 8
3959 13680 7
10191 10468 3
6119 15631 2
11541 13358 6
6674 9510 1
10281 13516 7
6749 14002 3
9649 11832 3
1109 1988 5
5833 8869 5
2033 4171 6
5669 13229 2
9403 13872 9
94 11941 4
4832 7239 6
1097 1847 6
12211 14155 3
5660 9379 2
2310 12106 4
8608 12689 6
6800 7645 10
4542 10263 1
9729 9957 2
8285 12717 2
11224 11603 9
201 14014 5
7027 11138 2
1940 4785 1
1312 6087 5
818 886 5
7508 12049 10
6247 12884 1
6210 12483 3
5271 13578 8
12824 16103 4
11465 16202 5
793 2585 9
5031 13555 3
4844 6320 4
4940 13885 4
7907 14191 7
263 9079 3
4850 12981 7
1643 5240 7
4754 7244 2
2552 8323 10
9562 9670 7
12390 14265 5
4953 5501 9
4503 9347 9
8631 11965 10
4401 12191 3
476 9034 1
759 6745 4
10543 16859 3
15170 16281 10
9143 12089 2
1552 5213 10
2039 6287 7
629 12467 1
8201 8281 10
6132 14108 9
1548 16469 3
6416 11254 8
7418 14746 6
5242 9603 7
266 4871 2
6125 15855 3
1387 5522 2
11854 13618 5
5767 12493 8
5574 9856 4
4436 15203 5
4983 13784 1
1897 7448 3
8093 8407 10
9505 9774 10
10560 11271 1
9754 13040 1
2740 15668 3
167 8200 1
1865 3322 5
5310 9315 6
12268 14748 10
6859 7205 6
1155 9224 2
6143 6284 2
582 12218 7
4440 12873 1
1848 10198 9
12387 15272 9
310 12300 4
865 16083 8
9528 15228 7
6887 15102 4
3420 6493 6
1469 7509 1
14862 16096 7
8044 12641 4
374 8450 2
5937 8682 6
1345 8636 10
1412 3972 3
14259 16397 9
10053 15436 8
8939 16112 4
13137 13239 8
13813 15159 3
441 8244 9
3702 9913 1
13902 15093 8
6451 14774 9
662 2826 3
9143 16961 7
3863 9288 8
13650 15538 6
7123 10666 2
5947 14139 6
5679 11687 10
5604 6054 9
13486 15273 3
5810 6527 7
13743 15472 1
13137 15754 10
3302 7366 10
13014 15382 9
8381 11523 1
539 8434 5
1470 16972 9
174 4743 3
1231 3331 6
10905 12079 9
6720 13770 1
16 7274 7
7337 15374 9
7178 14645 3
5126 11057 3
2791 2961 1
7407 10677 1
10907 13183 3
9606 12020 5
6410 9553 1
2295 4933 1
2158 9006 1
7132 13446 2
4739 9802 9
8883 13701 7
6139 9153 4
8849 13820 7
5426 12504 5
10532 10593 6
10885 11316 10
7599 9962 3
2978 15194 3
3164 7332 7
2373 12526 2
10986 12905 5
12810 14909 4
5878 14380 1
591 1795 10
11131 15639 8
7517 14189 6
7632 12265 1
2076 13197 2
13710 14639 2
12280 13856 7
6204 8133 1
10167 14724 8
4347 16126 2
8086 14530 4
10152 10309 2
1491 11492 4
6381 10577 9
9123 14671 8
2992 8260 8
3228 5691 3
178 7826 7
6308 16611 10
5904 11257 7
1598 6015 10
2459 11211 3
4064 10637 4
4299 7532 1
9366 12039 1
2277 12650 9
945 4330 10
185 2189 3
7425 13041 4
8201 11574 4
6160 12311 3
3114 7353 6
7923 8244 1
1436 1582 3
1061 15128 9
2616 4121 3
59 13860 6
2954 7511 2
1423 11173 8
9990 15737 5
1291 6328 9
2486 2770 3
2518 13819 10
4279 10142 4
7354 11298 4
6789 7587 10
2315 14363 2
6557 14958 9
6926 13526 5
3135 14215 6
7174 8209 6
335 16476 2
12275 13502 3
8367 11235 3
8796 12812 2
3638 9807 4
2428 16386 5
12367 13076 7
379 14936 3
4292 5422 10
462 12225 9
7203 11423 4
11488 14394 8
3894 9886 8
5888 7174 10
2970 14024 6
9070 10416 3
4629 6797 10
120 12822 8
571 15149 6
2990 3555 7
4870 9626 1
5120 11288 5
1132 11671 9
4028 5303 7
4385 11087 7
826 15764 9
3650 15374 3
3960 11781 6
7986 14775 7
14006 16819 9
1133 11836 3
9540 14953 5
11303 13761 9
8595 15077 1
3785 4863 4
4573 6774 10
12778 13603 10
8454 9157 6
3999 9763 8
3487 15197 1
6833 7002 4
10440 11092 2
2650 12705 9
9647 12490 7
11586 12155 6
8772 11145 5
7613 12127 2
13529 14372 1
3245 14593 1
1945 2992 8
1687 11219 6
4800 13166 7
7105 14293 10
5667 9255 2
8768 15994 5
411 5790 7
5037 9317 5
11646 15291 3
13293 15594 9
3933 7059 4
10180 13316 8
2380 5523 3
2762 3738 5
1868 8429 3
3497 5100 2
2350 14477 10
272 16705 8
6524 16041 9
3617 4433 2
1378 6101 1
11984 13846 8
7921 11039 7
1367 14754 5
1682 7086 10
251 9536 7
1102 12734 10
4316 8496 8
94 11056 6
13201 14612 8
6710 13212 3
703 15898 8
6045 9018 6
534 11656 8
7133 7501 1
674 14428 10
4094 12299 3
1079 10847 5
3501 5994 7
10810 15983 5
8870 10987 6
12741 15886 10
1812 5579 6
9586 9931 8
3661 10296 7
543 5577 7
2713 14313 6
3474 14986 5
627 2940 4
998 9527 10
11238 15089 3
3600 13626 5
1897 2605 10
9571 14482 3
4916 12754 7
1657 7292 4
5584 11681 6
1506 5152 9
6335 12500 9
7093 14966 8
10396 12419 1
280 567 4
7921 11372 2
8114 12765 7
2929 10654 6
4349 8536 10
1554 14189 8
3644 15933 6
3557 5905 4
3601 14397 10
993 1726 4
793 1557 9
3355 6806 2
1141 11610 8
11168 11218 7
8045 9037 2
13936 14589 3
8776 13676 6
8943 9923 1
1922 11003 4
11444 15419 1
10191 13019 5
5230 16724 5
7173 15200 5
2926 5876 1
4619 14743 5
381 11448 6
7497 14261 5
7947 14983 6
6400 11678 10
1637 5233 1
4679 13323 7
3475 7222 9
4857 16296 9
1927 14246 1
10680 10838 7
9395 10935 8
1270 2175 2
10607 12060 1
14494 14594 4
5978 14284 5
3894 7629 1
263 14371 9
6031 14009 6
163 14757 3
13980 13997 2
2250 4823 10
10179 14098 2
2290 11651 5
11919 14272 5
10298 10421 5
8587 15203 6
6709 9933 2
4072 12185 9
1798 8615 6
435 15281 10
4241 13594 4
1297 14226 1
3677 13425 9
4574 4871 7
13663 15643 1
57 14944 8
7997 15239 2
4297 15695 6
272 7716 10
3246 6405 10
2501 13174 5
523 6979 7
3356 15117 9
13963 15509 4
915 15588 3
4372 9982 10
3989 13583 10
2364 10896 6
4800 5311 1
4090 7317 4
676 10169 1
5091 10470 7
6858 16481 2
1494 7155 4
13475 13476 4
1317 6167 4
5940 6198 6
7850 14999 8
5622 7386 9
877 2231 9
7123 13803 9
11219 15322 6
12942 13451 3
251 5197 10
396 9014 1
1523 14678 2
11730 12239 6
999 2595 8
5372 12435 5
11399 13670 7
4362 9318 3
759 9182 9
8324 13771 3
2733 10771 3
11343 14867 7
879 9527 7
3416 5652 4
14867 16828 7
3411 4252 9
8740 11069 4
7951 8325 6
13556 15271 1
841 11304 1
633 16878 1
7361 10825 2
1302 7502 7
2189 6604 6
5337 7048 7
7460 15543 5
6537 14885 2
9170 12695 3
4137 14975 10
4140 10996 7
12646 13949 6
1432 11868 4
8882 12079 2
5333 10754 7
1752 6226 6
9207 15392 1
3988 10414 1
1412 14602 10
4981 10124 2
834 7499 3
3661 5036 1
1613 14140 3
373 11350 1
5417 15965 2
7155 10282 4
14539 15052 3
6456 7896 9
2462 2520 3
73 1074 10
5425 16323 3
9976 12317 8
523 7913 5
8702 10207 1
2302 14335 8
9921 10421 6
5027 5857 3
3405 8385 5
11797 12437 2
4845 13278 8
72 14844 9
1923 11701 6
7801 12833 9
10233 11986 9
7712 8844 1
2248 15247 7
12991 14199 4
11541 13947 2
2402 11042 9
502 2306 7
13219 13485 9
3065 12132 6
8140 11470 2
10830 14511 3
4287 9562 2
5203 8685 3
2393 13235 2
7292 10236 4
8179 9616 6
6074 9091 3
9993 15017 2
2394 9839 2
5808 12214 9
10359 10877 9
6954 16180 7
12100 14644 8
3730 10096 2
13209 15415 7
8669 12700 1
4137 12603 1
10231 16849 3
119 4908 8
3024 5482 1
6113 9936 7
13034 13466 8
3919 10528 5
4516 6374 9
3309 5549 7
7156 7803 3
3578 9394 8
10172 12148 6
1295 11582 5
2637 6737 3
9757 12211 9
8788 15189 10
4154 6142 7
5290 6781 6
8399 13087 5
8470 9456 3
2492 9128 9
3907 9444 1
4748 8912 1
2248 12779 1
10592 11435 9
5006 5308 2
8406 11068 2
3330 8125 7
10108 11278 6
13105 13884 5
9325 16443 4
9010 13019 6
11229 14957 8
2465 7969 4
11912 15123 1
10548 10696 3
4442 12659 8
2815 3647 1
2381 7457 8
722 14944 10
1680 7160 8
101 15021 10
1960 5702 9
2803 8342 2
11564 14020 2
6690 9390 7
8547 12024 5
12765 16467 3
1905 10371 2
8237 12822 6
313 8452 10
7965 10854 3
3396 8336 6
415 4931 7
11188 12779 1
8917 10269 1
5015 10228 7
7185 7911 4
5548 5872 5
11554 12701 1
10388 11725 6
15371 16024 5
10502 13459 1
288 11163 6
3536 10152 8
7148 10766 7
377 4364 8
2137 13470 9
2269 11365 8
5408 5631 1
1636 16380 6
3261 12796 8
4113 6658 4
496 11094 2
2895 12957 9
993 7881 3
1458 14519 6
6009 11981 5
8970 10947 8
8740 13540 7
4538 6456 10
2107 14530 10
2028 5705 7
666 6753 4
883 14442 7
13635 14491 7
10141 11992 4
5775 6429 6
7260 14402 7
6295 10193 10
2582 15133 1
3780 10106 9
9008 12576 5
3260 6616 5
3171 9902 2
4634 12456 5
7796 14228 5
489 6832 3
5991 6345 7
6113 15766 9
4348 5535 2
10948 15917 6
1901 6162 8
2707 8858 1
12097 15331 7
8591 12870 7
4886 15410 10
5013 14854 10
1785 10767 8
3822 10706 1
9860 10050 3
8132 16926 5
7142 11768 2
8651 13697 9
1207 2488 6
4369 13108 2
4231 7242 7
1275 14406 5
4035 14772 4
7789 9351 2
907 4611 4
3807 8522 5
1233 14759 5
12899 14209 9
3640 14956 3
13891 14327 2
6540 11036 2
4896 14002 6
2720 2783 5
3013 13928 2
131 15338 2
2756 13916 6
2633 8661 1
7004 13286 5
3634 16486 4
419 15610 9
1725 11698 5
2285 4032 6
640 6170 9
3137 13609 5
7513 8438 5
996 3305 6
11892 12859 4
4474 15897 9
11676 12656 9
9096 15361 8
9087 13628 5
7317 10925 7
3826 9796 1
6284 11441 5
7703 7926 5
8997 15085 3
8366 15051 10
2754 12658 9
3695 16019 5
240 10704 4
4717 13378 8
2912 14940 5
7629 13770 10
3223 4243 3
3429 16994 8
5611 13101 4
2711 15371 5
3751 4190 7
4802 12585 1
7424 11267 9
6132 12425 4
10980 13878 2
11951 13408 2
2341 10818 3
5131 15069 6
7650 14054 3
7881 10537 9
8505 9366 10
2964 9667 3
2985 4846 7
1078 6092 1
11508 15136 8
5878 11665 4
693 9605 6
8453 12218 5
732 9492 2
103 7590 8
6936 9819 5
1468 3110 4
5841 11176 2
4088 13482 1
2978 6313 2
1367 14034 3
10575 15354 7
1449 12547 8
2017 3938 6
2106 13045 4
3241 8351 5
1470 14876 6
2978 14994 6
6403 9192 10
9484 11303 1
8772 14265 9
4142 10887 10
3792 10579 10
1829 13415 5
3531 7738 3
988 1049 10
1667 16683 6
1484 15496 2
6482 10556 4
1095 16052 5
7007 8312 5
1172 12369 8
1487 5582 6
8514 10891 5
10262 15324 10
8100 13694 6
1899 4566 2
15145 15776 7
5732 14626 4
3919 8617 5
2976 3262 9
69 12313 7
11635 13646 5
39 10052 8
10072 13050 4
4173 12457 9
767 8967 2
12278 15449 6
9525 15734 4
6526 11328 6
6714 11011 1
6738 10355 4
4913 5304 4
12696 14923 8
7143 13134 9
178 3063 5
4382 12033 3
11495 11650 7
7346 10469 3
3409 5221 9
11648 16806 7
4379 5452 5
1255 5727 7
2361 13907 8
10168 10469 10
10755 15528 9
10913 14102 6
4972 7265 6
6651 11445 6
2214 11230 2
3047 6753 1
9933 11988 2
8957 9275 4
3418 9292 9
11234 15038 7
1209 9719 1
6826 12156 3
2283 8965 2
5802 8798 1
6969 11401 4
4633 14644 2
9730 16050 7
9079 14419 7
3467 12066 1
5865 6182 3
494 16785 1
4267 14303 7
8869 9140 1
6918 11271 8
4883 10576 6
4382 7344 1
7557 9679 10
1431 9917 7
13579 14921 9
2707 8098 8
14242 15655 1
1673 7676 6
6848 15444 5
7213 14537 2
3731 16877 2
6844 13422 4
1923 9834 4
953 3365 8
1233 15771 8
3478 6810 5
2172 11243 6
4618 5578 8
89 3824 2
1295 7555 5
3855 16893 3
13877 14204 4
2033 7074 6
5309 5843 8
11317 13191 5
7098 15910 2
1753 3238 1
3461 14013 10
2384 4071 5
4071 7517 9
4862 6029 8
3476 14502 6
2613 4903 1
5148 12992 1
2739 12658 4
7489 8304 3
7278 8757 5
1745 12531 1
2467 14681 1
4332 12972 6
3078 13746 1
5299 6125 5
2981 14165 8
4912 7040 6
2983 16643 8
466 8237 2
6932 9172 6
3189 10713 6
4693 10272 4
7664 9983 8
2792 5751 8
391 6366 6
12770 14559 10
10838 12284 9
139 10032 3
8690 11708 10
4835 8764 8
3273 9224 5
2213 2850 2
2179 3021 6
11620 15385 7
8557 13789 6
4501 11682 10
402 6522 10
286 9135 9
10720 11608 5
128 5073 6
315 3700 6
9904 14354 7
2140 7656 8
5065 12468 2
9316 11879 4
11006 16440 3
2661 2760 7
9094 11951 5
2930 12960 8
13762 15626 4
3614 14511 3
1087 1640 9
6427 8668 9
7122 14209 5
7215 13985 7
453 9042 7
1981 14515 9
12435 15092 9
3912 8900 9
2235 10510 3
6567 14484 1
9212 11041 5
10616 16501 5
6647 10888 5
9454 15539 1
1916 12828 7
2106 14826 7
603 15761 2
15032 15203 7
11309 16071 1
8573 15758 1
5570 15120 9
9358 12013 4
9365 16589 7
5145 6531 6
7887 14556 7
10763 16877 1
2797 6890 2
2504 11619 9
2017 14662 4
968 13303 2
15734 16212 2
6260 8172 7
4024 4071 2
11646 12009 4
1967 9921 3
6512 13760 2
9280 11660 10
5321 10529 8
14856 14894 10
3901 11249 2
7025 15939 2
6212 7167 5
5118 15352 4
12381 13246 4
9278 13401 1
9976 10566 1
5808 9855 9
1805 10613 8
8251 16384 4
2038 11697 7
7522 10112 3
752 6420 7
1326 8761 3
2193 7414 3
4602 15713 10
359 7245 6
6592 14631 9
1312 9775 6
14923 16793 10
3133 8303 10
1370 15311 7
7403 15251 9
2368 11942 8
1811 3268 2
3593 5561 7
8983 10677 10
4129 11450 2
4956 15467 10
11850 16539 6
1027 1641 9
11216 16453 8
915 2366 4
4352 5333 9
1924 15784 10
8222 15828 4
3664 4499 1
799 4080 1
9786 10115 4
2566 6221 5
8199 11751 9
7748 11632 1
2581 11108 2
3721 13805 6
12456 15563 8
5180 15155 7
12972 13398 6
8131 15201 10
11156 13025 4
5154 9319 10
603 4372 6
9919 13115 2
4082 15950 10
9536 10028 6
2318 14972 1
2911 8911 6
5446 11524 10
4957 14768 7
688 11191 3
38 11343 9
8487 9101 7
2232 4449 10
2917 13871 9
4379 6682 5
2820 7135 5
3474 5475 4
1260 10099 5
6970 12926 9
3929 6149 7
10415 12433 2
4351 6234 9
2151 2325 6
78 5736 1
872 8831 10
782 15962 6
13471 14267 2
7435 12910 1
4747 6585 6
10565 13896 3
702 14866 8
6910 8400 3
5512 14697 4
1356 14147 4
5027 9922 10
10920 15182 4
4853 12009 10
433 13520 10
4196 5664 4
5663 15651 3
5279 7381 6
10792 14655 5
52 7090 4
12724 14426 2
3239 14067 5
9815 12462 7
2730 12844 7
8954 10421 8
4866 14648 10
503 11908 4
12384 15865 10
4725 5069 4
5526 13649 9
2724 15675 2
12294 12668 8
6927 15586 5
929 1732 6
2800 6117 7
7109 7640 9
8748 12089 7
10732 16424 7
13203 14539 2
651 8264 3
8876 11004 10
1068 1100 2
7768 13866 1
4966 15363 3
565 14273 9
7505 11254 3
7108 9839 6
2168 4735 7
1803 6963 6
2749 8239 9
3739 8450 9
450 8828 2
12108 12459 10
7786 9915 9
3145 15883 3
555 9333 6
182 12093 3
9806 12518 8
4975 5497 4
7343 10807 5
9048 14370 5
5712 13695 9
11079 15066 3
1592 10613 4
117 1205 8
5762 13266 10
8985 12926 4
3512 4398 1
10373 10954 1
8616 13760 5
7968 9104 2
3873 6270 3
4710 11444 7
508 7760 8
534 6087 10
12878 15811 5
6350 13602 9
1182 12746 4
5301 13804 6
5975 8559 3
12602 15757 10
2322 16372 4
1301 13154 4
10334 12439 6
8483 13260 1
4764 10730 9
5756 10407 7
4931 8552 2
6719 11192 6
2910 10367 7
4332 14579 1
2583 3158 4
12262 13630 10
5544 6262 3
1453 4929 6
5480 12860 8
9013 15017 10
5225 9235 4
1821 3674 10
1803 1804 4
112 7609 1
9542 11667 1
3076 6061 7
6266 7483 2
9624 15379 5
5560 8357 5
14546 15169 6
2906 11897 2
5575 12655 8
10903 13323 4
352 3897 4
12757 14381 9
777 15490 6
6012 14702 10
3837 5826 6
2692 13255 3
5583 15374 4
2238 10324 2
11930 13936 9
11021 11458 9
351 10724 8
4342 12182 10
9651 12971 9
1109 4626 5
5393 7447 2
856 14502 2
1193 1541 1
2113 10655 1
7332 11100 5
6984 13191 5
7824 12835 5
1182 10144 6
4445 12459 9
1295 8061 2
3569 10512 10
8163 14240 9
2373 4306 2
474 12698 3
6070 14851 4
2235 15318 2
4010 6819 5
6223 12236 6
13146 16588 6
6307 15592 6
1212 16832 2
3081 15086 6
8224 8997 1
7435 15021 4
4831 13730 7
13186 13784 1
788 3220 5
7249 7315 3
7992 12015 4
9833 15263 7
5244 9251 1
5749 6199 4
9628 10402 4
3046 13647 8
3459 14824 5
12192 13106 5
2509 8096 3
8636 11863 9
3497 10196 5
9599 11293 1
998 10839 9
4109 14903 9
6534 7042 9
11311 12731 3
1434 3743 3
392 10954 6
19 759 10
9906 12247 6
2956 14171 5
264 14125 9
1297 6605 9
10768 11105 10
6592 8330 8
11684 14211 3
1047 14944 2
11717 11807 7
884 8776 9
1246 10416 9
5178 6346 6
254 3436 7
2192 10133 6
745 11002 7
115 9831 5
7631 11597 10
1511 4097 8
6372 7328 4
749 8653 9
1777 6151 10
7481 14453 4
4986 7264 1
2208 3437 9
7087 14842 1
3558 9067 5
6349 10899 9
14891 15164 2
4351 14123 4
12722 16779 7
15010 16156 7
13240 14875 4
4832 10020 8
8166 9636 9
1224 5807 2
9684 13245 4
1940 11511 7
462 15742 1
8124 12100 8
7168 13504 9
7553 9621 3
3559 12639 1
11343 15334 7
252 11396 9
13296 14455 7
13904 14651 1
396 9856 2
3146 8540 1
849 3141 3
3522 14105 7
6917 11071 5
192 5804 10
2768 16371 3
668 12513 2
1256 3474 1
3547 3774 7
8680 9717 5
11858 12961 4
5102 10057 6
2065 5644 6
1170 4137 7
10625 12472 6
2547 4532 9
1043 3642 2
2157 7382 9
2892 11325 3
12200 16079 8
150 2994 9
2619 14208 2
1909 12270 10
1583 12780 3
5563 13154 2
4767 7304 6
5062 12663 9
655 1977 4
4169 9131 10
14655 15184 9
2719 15577 10
2818 5911 3
5140 10744 2
910 2150 1
2366 9618 5
13762 14513 10
13517 16678 6
5285 14855 3
4793 11991 6
832 9292 10
2181 14647 3
2598 7762 9
2085 13191 5
11025 14466 3
1276 12751 5
3457 9564 10
1121 1204 3
2037 5448 8
7437 8709 7
791 876 2
5794 6848 8
5169 15351 9
12500 14277 4
3306 14685 10
4703 8734 8
14005 16307 7
6677 14667 5
4384 13528 3
6601 7873 8
5635 10533 5
2214 6786 7
1075 11140 1
4287 14312 1
1874 3451 8
6269 16733 1
6126 15398 3
5780 8012 7
3466 14607 8
6330 15859 5
5380 13860 8
5562 12301 1
2436 12972 5
12516 13208 6
1685 11764 6
9405 11895 1
10847 12859 1
7642 14845 9
10112 12480 9
7413 15044 8
2298 10208 2
13764 13771 6
8158 12338 5
1686 9271 1
11682 15639 8
3503 12711 4
948 10165 3
2298 2954 1
3653 6762 3
7106 7887 1
11564 11931 6
2813 11242 3
202 9370 9
277 3910 5
11187 15525 7
3855 16566 6
4263 10104 10
5522 15280 1
10608 15968 7
3774 5693 6
13642 15671 8
5688 10705 4
6467 14391 3
5191 9883 8
2163 9507 4
13590 16274 1
2629 6469 1
6903 10202 10
1719 15502 7
14748 15584 9
10718 14917 10
6277 11257 8
9045 10633 2
1777 3948 7
3616 5230 2
13239 15715 4
5652 14086 4
7208 8695 7
3222 10097 6
10135 10905 1
3329 4479 8
6342 14360 6
4672 11517 4
13706 14047 8
9559 10596 6
6915 13754 10
3030 4164 3
3526 4039 2
4654 8249 8
638 8094 9
8505 10700 10
8285 11122 8
5023 13080 1
1337 16185 7
1469 10740 6
3922 5600 1
8277 9977 2
2505 11129 5
12661 13181 8
10773 11207 4
10246 15695 2
1197 5131 8
6700 6867 3
6090 15026 2
8932 11858 6
3405 4713 8
2913 3502 3
3820 6214 2
4149 16093 2
1565 7487 5
879 16267 9
754 13838 2
10123 12455 7
1943 3722 4
1786 16607 8
11938 16225 4
2988 15890 9
2692 4250 10
809 1820 9
6749 12992 5
13120 16277 10
8342 12497 2
1563 13180 7
11690 13629 4
5019 13563 3
9756 10290 4
5191 6654 5
10263 11495 1
538 918 9
4554 13392 4
8322 15693 5
729 5934 4
8414 10770 2
3866 4672 7
3072 3604 5
1210 7392 7
3912 7836 9
2447 12657 9
7043 10425 4
9261 12248 1
3199 10828 3
1463 16932 8
1579 12119 10
269 12343 9
10384 13311 5
6194 11551 7
1241 8444 10
10833 11026 2
1594 7058 9
2174 15624 4
11230 11626 9
977 1059 1
612 3420 9
8100 8527 5
2525 5093 2
14108 14244 3
4065 13931 7
537 10124 6
6180 14937 2
5425 12445 6
1953 9802 4
9479 16689 8
2350 7478 5
2180 16316 1
1840 15846 8
5387 15097 3
8229 16822 4
1306 9997 1
1800 11217 2
110 14956 1
13339 16961 5
7841 8760 4
5667 12568 6
926 6967 3
3743 8368 1
897 15516 6
2217 6164 7
9494 12393 9
1581 5555 9
10443 16045 2
663 4217 1
5520 7271 8
15137 16308 7
1554 6130 6
12021 13461 1
2795 9334 9
8266 14103 6
10635 11864 9
5508 8110 10
3473 8422 8
2252 14534 1
5849 12777 5
4211 7141 7
8212 15286 5
7936 14120 1
9511 13991 7
5893 9853 6
169 14045 9
9200 11377 5
4029 15345 4
5339 7369 4
2675 15012 2
1956 9121 8
2855 5289 10
5057 7674 6
5587 5753 9
5651 9510 4
6293 8924 5
43 5770 8
6070 6636 3
7318 15371 9
12813 15335 9
7845 14297 4
1210 5556 10
6389 11982 10
3420 3945 5
4318 8515 9
233 7975 7
8281 13210 5
9912 11290 9
5218 13686 9
7707 11330 8
1271 14301 10
3492 12216 5
11516 15651 3
2085 3509 9
6441 9066 5
1993 15019 3
6115 6885 3
5001 10838 4
8309 16708 4
4096 4316 5
7393 7722 8
640 3533 2
2228 6079 2
14333 15317 1
4628 7167 3
7564 13185 6
4427 5228 1
1867 3760 6
12108 12780 5
6497 8242 8
2533 14556 7
7932 16075 9
8647 13330 3
8245 15552 5
721 5455 10
8799 10495 6
5840 14518 1
4615 15265 1
10333 13858 10
2376 8898 6
2097 11629 5
9351 13943 7
11294 11613 5
3284 3654 10
10084 12148 5
9092 11851 1
9189 13208 10
13472 13632 4
4647 13236 7
2410 7286 1
5264 13666 4
14164 16463 5
5525 13269 7
3066 11658 10
8096 9962 3
10154 13548 5
486 8942 6
895 1235 10
3361 7913 8
5803 14886 4
139 8008 10
8615 11738 7
7119 9297 3
4925 7523 3
1567 13304 1
12656 12827 2
7670 9538 3
1621 10282 10
12379 16206 6
2503 9258 3
9625 10782 1
7632 13278 8
7864 15348 7
5325 7454 6
656 15527 10
5125 10622 7
3544 14595 4
4315 5174 6
4621 5817 6
12196 13965 10
778 8158 1
1251 3861 7
14744 15235 9
1129 7242 3
13 5697 8
3602 7698 3
4821 15617 1
5206 16358 1
12175 16939 9
13020 13534 7
6958 14005 9
2293 2694 1
4162 8463 10
214 15158 2
3306 6781 4
3924 14771 6
10629 14405 6
6757 8660 1
627 1285 9
1707 10294 8
3243 16446 5
11238 14454 3
10437 16044 8
3080 15827 2
8623 13283 2
1982 4773 4
5886 10314 9
9821 10893 6
240 2656 5
4607 12866 3
3829 6385 9
7988 15030 6
8960 14307 6
13652 14131 2
3272 15590 9
6857 15050 7
7138 15414 7
11974 16184 7
9582 12374 4
10072 15340 2
3729 7265 2
5655 15663 8
5954 11582 1
481 4608 5
2376 4697 10
511 7638 9
228 2855 5
1861 4256 8
1455 7632 1
2491 13531 2
5444 7093 4
4090 14448 3
5019 14854 5
10309 12500 2
1270 8752 9
3675 5608 5
1110 13962 9
1605 8945 7
4326 7695 7
2026 2066 6
12426 15573 6
5053 9074 7
2169 14706 5
1389 15491 5
8879 9442 5
5385 11405 6
2930 4984 1
11740 12367 2
5548 8875 1
1021 5756 2
2333 13287 6
12534 14034 7
5963 6191 6
6581 10968 4
12405 15741 10
2839 6566 6
5558 6101 9
11352 14515 9
3305 10190 5
3656 6105 7
9456 10457 10
11100 13846 7
13131 13839 2
9550 12527 9
8749 15464 7
3684 5019 10
6645 11866 4
8117 16008 5
3052 4105 9
6342 9214 8
8746 10374 10
566 8414 2
4016 11504 8
6537 16209 4
7150 15762 4
6051 10747 9
4498 8073 1
2343 12701 7
8516 9522 8
10938 12818 5
8610 12842 9
12392 15310 3
315 3532 1
4659 6994 3
5284 9421 10
10511 14784 3
2257 10720 4
11727 15293 3
10681 14358 10
10923 13939 6
826 7384 5
11510 13237 10
528 8279 3
3929 11132 8
3086 7744 1
757 1563 8
11614 11666 9
864 3239 5
13657 16336 7
4601 8369 6
1554 11080 6
10817 16502 1
7962 14502 6
2103 13280 2
4248 7378 3
10649 14201 10
3380 14769 6
5557 10476 3
10821 11620 4
5416 14569 8
219 5416 6
8272 11740 8
8318 9098 6
4478 7454 2
9000 15086 7
6089 9724 6
5895 13513 9
9677 11528 1
3427 7426 7
1462 7401 1
14948 15568 2
5736 7335 2
6337 11883 9
14513 14667 9
3436 7813 1
12096 14513 1
6297 16608 4
120 6835 8
7693 14899 10
13388 14731 7
7926 13161 6
3756 15204 1
3843 12244 1
5188 12792 4
9679 10444 7
1006 7217 9
2515 9388 1
4408 5543 3
9374 16834 8
5502 10957 1
5144 9858 1
619 1195 4
4612 15670 6
1668 14050 3
3380 4662 3
68 2463 1
3452 8131 3
9614 10112 8
9390 16818 10
13101 13282 10
11707 13458 3
57 11487 2
7589 15062 8
2056 3133 8
7658 16890 4
4923 11008 2
6360 16615 7
13407 15572 8
3088 3397 3
14346 16093 7
12388 13234 10
8137 9792 6
7323 11884 8
8959 16890 5
3906 11914 3
6664 10781 6
9259 11554 9
4914 10113 2
2186 11394 3
6216 12947 10
497 785 4
1257 10299 8
4583 15001 10
1302 6652 6
10916 15436 4
780 7004 3
2518 9027 5
563 13528 2
589 12407 1
11960 12795 4
13811 15492 5
1583 12412 4
1775 8796 8
5670 8373 7
285 10671 7
3397 3508 2
9934 11389 8
4733 5892 7
1761 3144 1
11154 15011 8
5430 9604 2
3202 15473 5
1246 15549 6
2377 13395 7
13650 14761 3
5267 12106 6
917 3476 3
1534 12307 1
4271 15468 9
2013 16455 5
8961 14956 4
5915 14367 2
9330 15409 5
2332 10687 7
3951 8514 4
8733 12161 9
796 6692 10
10416 16690 7
2833 9725 7
8179 11251 4
2781 6461 4
7782 12388 5
8398 13680 4
3893 13542 8
3580 15018 2
5484 13009 3
1215 1680 1
13677 14524 1
6011 8535 2
3453 10040 7
4991 14151 5
6819 7563 10
9595 12150 9
11000 14711 3
3950 9766 8
2244 5333 9
7351 11203 7
2236 5567 5
3653 6362 8
7413 9180 3
13198 13248 10
10797 12331 1
2318 15497 7
6871 12537 9
873 14266 8
11480 16367 6
7069 14274 5
13636 16244 4
8605 12435 4
4547 11569 9
8995 16205 7
1838 14515 10
3252 8096 5
656 5659 8
4888 10444 7
338 6052 5
4835 7042 8
2086 14076 8
2190 5391 1
62 6922 9
6812 8131 6
3674 11468 1
10211 13532 10
1480 9663 7
917 10763 6
659 12777 8
1420 11064 3
935 15400 7
1941 8350 10
4717 7910 1
2328 3051 1
11404 12247 3
10269 15616 10
10663 12075 1
5401 11266 9
12557 16839 5
664 3017 3
3110 10149 10
8886 9514 9
3568 14051 4
13162 15160 8
495 4201 4
3543 8235 6
6596 12442 6
1609 10296 8
7325 8961 3
633 13491 3
10185 15123 5
8919 11922 8
8310 14389 7
1230 8917 5
6099 9193 4
10165 13022 1
5933 7627 7
1469 6015 6
11271 14912 3
6449 11791 1
4471 7250 5
7855 16291 10
6112 13455 7
419 500 4
2600 3575 1
256 11880 1
9021 16173 9
9339 16631 8
1199 2664 9
2765 3051 8
8558 9069 3
4460 11978 2
9362 10715 3
3033 5972 8
1420 15761 8
8459 11057 8
2042 9825 1
7695 9849 2
1846 2966 6
8525 9315 3
11852 15633 10
11085 11605 7
10861 12537 4
11171 12320 8
2935 5962 8
73 13074 5
584 14805 1
11497 13716 6
2836 8803 1
7400 13997 4
2297 3237 10
10214 10946 4
5275 7699 8
11975 14191 7
360 6119 1
11124 11642 1
16297 16923 7
2657 15691 4
3589 10871 7
842 9178 4
1457 5065 9
8702 13321 2
11523 14726 5
3023 10724 3
7946 14787 2
5491 6755 5
8824 13502 9
8496 8879 2
12311 16488 7
5696 12012 10
563 2041 8
6808 10843 8
1768 5917 9
649 11040 2
9615 16244 9
13531 14397 10
6583 11876 2
8095 8991 2
857 11906 6
1480 6511 5
2152 13804 1
7106 15216 6
9615 11374 3
6657 11553 3
2005 7583 6
12019 13476 5
2282 15600 4
1665 3063 9
5474 8137 9
2995 5806 9
1441 9471 4
436 9254 2
10416 15455 2
4431 8106 6
486 5374 7
7822 13456 10
5609 9499 4
6181 6214 6
569 16005 3
373 7615 8
720 4779 2
6446 12985 4
6307 11490 5
4375 9793 1
1187 9693 10
4556 5778 3
12488 14469 2
1337 7954 2
4807 12659 10
4880 13075 5
15161 16574 2
5505 10927 3
2815 9809 10
6701 15262 4
405 14695 3
240 3021 2
4880 14683 3
13960 15542 6
7567 10007 8
2452 5353 6
10636 10777 9
14063 16470 1
10621 10692 10
9017 13421 6
5238 11909 3
7630 15694 8
8951 12782 9
4673 5135 4
7359 9330 6
8051 16392 9
5284 13993 6
3279 5498 3
2827 9364 4
9413 15946 7
9527 15312 1
2952 5840 5
4003 11897 3
9512 10909 10
14254 14690 7
6285 13838 8
2333 9808 6
3293 10100 4
8031 12817 3
6164 9011 10
10075 10430 10
6167 14200 4
7706 13239 5
62 14762 10
9331 11638 6
1685 4127 3
2653 9925 7
7564 14768 2
3017 3976 3
4403 11294 1
11547 14866 6
12916 15601 6
1897 5361 7
4070 14164 7
9030 13189 4
4173 12508 1
963 16914 4
1083 10485 1
3255 5990 1
4895 13840 1
12349 14591 4
1069 5952 10
2845 7022 10
14973 15590 6
11696 11796 1
7928 13067 7
10877 14195 9
6896 8799 8
3545 12539 7
2359 11170 2
3932 16475 1
5090 7179 8
2569 15969 1
1234 11838 2
5112 6485 7
4157 9447 7
11362 13270 2
9905 14558 4
12150 16603 2
8249 11966 2
1944 4992 5
11050 14419 4
6192 6300 8
6965 14325 4
3868 5930 9
5160 15745 2
9128 13910 3
160 8416 9
6153 10292 4
8532 10132 4
287 3292 10
2955 15466 5
4096 14089 7
6865 7105 7
8672 15248 9
5539 8174 6
10966 15040 3
10275 10318 9
2791 10092 8
13670 13787 4
16008 16032 2
904 7308 3
621 6390 3
7144 13346 10
8865 14472 6
8371 16729 1
1946 13480 9
8449 8569 9
8541 12371 9
7453 11227 4
2280 13897 5
828 6329 2
3559 11874 6
6962 11247 5
11639 11951 6
2776 4444 8
865 13333 3
1429 4197 8
318 12352 8
4451 15524 9
823 16727 8
5496 16317 3
2567 6578 1
3982 14519 10
9502 14081 10
3638 6302 1
7177 8477 7
3535 13652 9
6679 14027 10
3958 9673 6
4096 8353 5
7499 14852 2
2631 14033 5
8815 12888 10
3170 11850 9
10037 15522 8
4578 5780 9
3406 11719 8
2830 14959 1
293 12914 10
7208 8712 6
6246 11697 2
3900 12790 3
3147 13354 6
3975 11845 9
7661 11799 5
237 8272 9
2237 6102 9
2868 13165 3
5125 7511 8
5863 14494 7
363 13097 3
5578 8675 10
1478 9336 7
11247 11320 1
14331 16339 7
10596 14496 5
12136 13715 2
4688 14638 6
1608 16814 7
2098 7670 6
84 4464 1
235 3064 8
12549 15181 5
1991 15765 6
3006 5215 7
3243 15543 9
3920 14001 8
9909 15597 5
3179 3358 2
10926 15650 9
3697 13030 10
1650 9421 5
156 16759 7
335 6861 4
6757 10331 8
7343 9699 5
6421 11067 9
8177 11701 9
14260 15219 3
955 13608 6
8825 16609 6
5487 9841 6
8207 8746 7
9167 13594 10
1028 5157 9
1998 11229 4
2809 6454 7
10134 13988 3
9431 13146 7
1242 6709 10
6340 14929 10
7533 12213 2
815 14387 1
1222 15337 1
10446 12997 5
9777 15180 6
5825 12412 5
6368 7590 9
1280 14387 4
9337 11955 5
7260 10956 1
1713 4953 7
2617 6541 10
4981 8947 1
469 7745 2
13274 14014 2
6858 14308 2
1304 9722 6
1586 13921 10
9931 13783 8
8301 13506 5
2048 16831 7
4801 8591 1
7311 14801 6
623 7781 9
468 15192 5
11087 15314 4
2978 5293 1
12816 14601 2
616 14306 3
634 8074 6
6458 7080 10
6656 10646 10
8858 8939 10
3958 9209 1
517 9531 7
2669 14306 1
14270 14853 6
225 4109 9
7130 16510 4
953 1731 10
11095 13278 3
5540 15384 6
1095 9909 3
4886 16769 7
625 15639 9
5986 12884 8
329 16060 8
12177 12837 9
4989 16479 2
6206 8481 2
9438 9964 9
9635 10426 6
9886 14875 2
281 6632 10
2367 4096 9
13362 14044 6
7444 15234 6
9354 16691 4
4983 15924 6
473 4594 9
2497 7455 5
8131 15427 10
8037 14585 6
10389 12885 3
10901 13630 3
6851 9354 10
3190 9454 8
3317 13532 8
4987 12657 3
924 10733 9
5143 15391 5
12605 13127 3
1094 14221 2
6082 6362 10
253 16504 7
11644 16365 7
9824 12337 9
9320 9853 2
295 5390 10
2903 3579 10
9216 10602 2
4062 10085 6
6091 6995 1
7126 10257 7
5757 15066 10
6270 16005 4
6008 13722 7
1355 12460 6
13637 15049 2
337 924 8
2812 3986 3
84 9940 7
3490 12262 5
6973 16112 2
4619 6881 10
3176 5258 9
3760 15635 6
3173 4085 7
2727 7492 10
3925 5531 3
11367 15067 10
8591 11640 10
674 2897 8
4815 12483 3
8463 8833 9
2958 5018 4
1570 6284 7
657 6082 3
1280 5331 8
5004 8821 10
1310 1502 10
5760 15066 5
1691 5134 3
12928 13798 9
4061 16072 2
6642 7468 3
7517 7611 2
2669 16346 3
562 7857 3
7371 12756 9
740 8192 1
5344 8801 3
4756 7379 9
686 7207 6
3785 5983 10
9226 15049 7
2428 11798 8
7679 14220 5
6626 12891 9
2687 10608 3
13119 13823 2
4403 9352 5
9653 11520 9
7284 16514 2
5750 7918 5
8404 10411 3
3858 4778 7
168 1040 7
7867 13187 8
3866 7445 1
560 14493 9
3633 15154 1
7719 8295 9
4711 5548 3
3361 15098 4
3930 13214 8
3616 6823 6
1922 13136 6
9091 12796 10
11432 12422 5
4857 15544 4
5755 9115 4
10472 16873 5
2709 9195 6
6323 10622 10
4972 7646 1
3947 5644 5
13525 16465 2
9041 9113 1
9755 16606 5
1640 16226 9
2019 11145 4
5023 8644 8
15965 16775 10
1555 16968 8
4411 9644 10
8 11035 8
7414 15566 3
2366 2968 2
9192 11051 5
9941 11096 9
2002 11680 1
9065 9935 8
1177 1955 10
6123 8094 3
615 10792 4
6073 11917 3
2041 5410 2
11390 14806 9
3532 12935 1
4616 10762 1
984 8245 10
2371 12098 2
1999 11676 1
9226 12466 3
575 964 1
2772 13863 4
2855 14394 8
7830 12898 2
6685 13666 3
7137 12723 10
2805 11803 8
2793 5832 6
2823 9914 9
1948 3673 10
762 11280 7
441 10549 10
5542 7876 4
3594 7614 4
9019 10804 6
6762 8236 8
2406 3732 5
4682 4865 5
1011 14908 7
4026 6616 8
12978 14280 2
2528 15421 10
8964 15266 2
6536 13141 8
2295 4511 2
8279 9774 9
6633 13656 7
8379 13718 9
3681 11086 6
8171 8611 9
2002 11742 4
106 1316 4
637 6829 4
660 2854 10
4023 13074 1
3189 4332 2
11205 13224 1
3362 15620 1
7044 8655 5
3951 11332 9
7626 14372 9
6587 7894 5
3838 12253 10
13708 15049 2
10708 14547 9
3615 4978 2
4223 9490 6
4611 12770 2
7082 8587 9
11031 14362 2
7944 9477 1
2505 6508 7
2944 3430 8
5267 5624 3
3470 13483 7
7042 9035 5
8042 14279 7
7521 14737 9
1826 13145 4
580 11033 5
2625 7418 10
3889 11531 10
1296 9548 9
4903 9991 1
6336 9253 1
4693 10893 9
2846 14034 2
9200 12562 10
8506 12208 5
11499 12888 2
2913 14184 10
788 11987 9
2205 7749 1
9654 12572 4
1355 4536 4
244 12069 8
18 4796 4
1995 12005 8
7595 15758 5
1164 15446 7
2536 16029 9
3329 14973 6
5185 12204 7
5186 12175 8
5366 9648 5
5041 5048 3
8697 13204 1
7924 10044 4
9236 12128 3
678 2300 8
4726 13109 3
1906 6267 8
265 12087 3
4404 12892 5
2619 9994 4
7865 14139 5
1293 14631 6
1574 9803 1
1470 6349 10
2176 5140 1
9228 10416 10
8365 10563 1
10300 15229 7
6552 9629 4
11717 16849 2
8011 13274 3
1716 4826 3
3336 16562 5
14463 15743 2
7270 7415 10
7178 9071 10
6175 15550 4
7346 7925 4
1764 8536 10
13404 14720 9
5251 10754 10
868 10730 2
10285 13300 10
4352 9694 10
5136 6830 3
7676 15041 5
12037 14943 8
1683 11548 10
8674 12799 4
9269 10675 7
2717 16364 4
12241 15485 2
1871 13530 6
3123 4156 2
9616 14560 2
8788 14512 9
11466 15564 3
243 7442 6
6698 12133 3
4366 6694 7
772 14418 5
12525 16918 3
8827 12864 2
8996 15724 2
834 16756 8
221 3828 8
117 3313 2
7157 16851 5
6037 7874 7
10795 12859 4
77 8162 5
10081 15188 10
5372 15109 5
8524 9503 5
2144 14267 2
11634 12446 8
7463 16135 10
11367 13521 8
2036 16455 7
2467 11918 5
1665 8778 4
3529 12184 1
10294 16377 1
2785 10869 4
4644 11159 8
6260 14154 7
11436 12130 2
3837 13843 6
8715 11341 4
3047 5132 1
27 3445 6
10212 12183 8
6910 14491 3
199 8016 7
3178 7988 7
3500 12393 1
1725 12355 5
775 813 5
791 11759 9
9208 15365 7
272 14224 2
11560 12737 5
5978 6457 4
3567 14695 6
1865 6996 4
864 4759 5
12770 15588 3
3503 4839 8
4089 12447 3
794 9000 9
3075 4954 9
876 16443 4
4646 8186 5
9656 13228 1
3124 13135 3
7000 14045 6
4930 8682 10
1291 1446 6
7732 14623 9
7827 12424 8
3145 11082 9
7592 15368 3
5986 14839 4
2814 6918 3
8987 9571 8
2436 10727 8
6677 7814 2
1491 13917 1
7266 12003 1
2145 16274 4
4757 8357 1
4408 9513 8
3815 15599 9
930 11805 3
14637 15321 1
2787 12326 8
3550 6652 1
9869 13859 7
756 3222 5
716 6019 8
168 12661 6
8230 12150 1
15313 16329 5
4150 8780 1
6377 8016 7
8814 12675 5
7148 15880 1
4178 14865 7
361 5011 7
6405 8506 7
774 4105 6
3266 10774 5
10964 16786 1
1557 1717 8
5134 5190 2
5260 13652 8
1850 15396 1
10215 11072 1
974 10006 5
3235 4172 2
786 3580 5
5279 7572 5
7743 7981 8
501 15167 5
983 11531 2
1711 13515 9
10452 11956 10
696 15540 7
13987 15413 7
8159 14408 10
7592 16832 10
1769 2497 3
453 7447 2
8031 10671 3
2785 12817 6
5800 6810 1
523 1572 2
4967 13618 7
5345 10650 7
2232 4664 9
1265 11970 9
3978 13272 4
10658 14649 2
2363 6115 5
1227 15751 3
4199 9427 9
8824 10104 3
12736 14838 4
2520 9745 7
7687 15620 2
9795 15837 2
7619 15521 3
2816 6980 3
940 6976 5
8349 16086 3
365 4330 10
114 677 1
6479 16729 1
4104 6273 7
3418 6357 9
1601 6660 5
2398 14686 1
481 14518 6
1735 4705 2
4887 11735 6
364 9244 8
4612 7331 4
7663 11263 10
8812 11237 10
4651 12062 8
5877 6451 7
870 13086 8
14897 15366 3
2896 13655 4
546 16644 5
6119 6677 4
12246 14696 3
2665 13038 6
4368 7294 7
13819 16341 5
7628 16393 2
3111 7247 3
274 15774 6
11460 15425 4
7214 10609 4
6676 15460 7
4352 6784 3
6454 11065 1
4637 9738 4
11166 14908 6
482 13345 8
3310 8207 10
1092 11415 6
2900 14811 1
426 4414 9
2045 7893 1
6301 6404 9
3965 13860 1
10109 12185 3
2514 2662 7
9637 11803 8
5869 12967 6
2269 8060 9
921 4148 8
11455 12675 8
2649 13689 6
6593 7624 5
7120 13139 10
2925 7588 6
210 5401 2
1638 13367 10
1149 14832 7
4612 7687 2
5827 11775 9
7429 8390 4
4917 6878 2
5033 9357 5
3331 6811 6
10308 12166 10
9962 13733 4
7365 14187 9
289 10879 6
5837 12494 7
7455 11356 7
1180 14518 4
4340 15187 1
4970 7872 5
7099 7834 10
3188 6819 5
12569 14538 7
2112 8096 7
9320 11510 7
1121 11778 10
2479 10082 6
1909 16850 10
5532 13267 3
3246 11477 10
7252 13292 2
12419 14111 2
2279 14261 9
4173 8770 9
8626 14851 3
2804 7162 10
5344 16109 6
3891 7138 8
3462 12847 7
651 14879 7
4435 14923 9
606 11675 6
1341 3249 7
14616 14705 2
526 7816 3
7305 10133 4
3738 9817 6
9285 16550 8
14364 15677 3
4475 10062 5
843 11027 4
3841 11052 2
4522 10723 8
10794 16502 2
11019 11833 4
12210 13860 9
2265 12129 10
8526 15677 4
2425 8862 10
4997 15375 9
5380 10515 9
6659 10576 3
14281 14313 6
6973 10600 7
8858 12251 3
4650 6809 6
5952 6820 7
43 14573 8
5644 12843 5
7346 16470 5
9964 13045 6
3470 9052 9
10775 14551 7
1401 8328 3
2798 15057 3
9448 13167 10
217 15539 1
826 14545 10
6455 7560 3
2419 9855 1
6776 12225 4
2102 6074 1
5628 11630 5
10119 15058 3
10421 11065 6
667 5048 9
7984 14429 9
358 11362 7
8054 12348 6
10073 15662 5
1529 9071 3
7008 10973 2
3635 13883 5
4940 11597 10
9456 12640 1
5700 6537 5
8594 13109 9
3329 11736 3
7559 15274 7
909 6807 5
2632 4004 8
6501 6610 4
2840 15340 3
9557 14651 5
1144 14946 6
847 12726 9
1834 13592 9
7359 12153 8
1092 10100 2
6260 14034 6
3141 11308 10
2691 8653 4
5584 7161 3
8223 14385 4
2167 4230 10
6867 10469 3
10600 15243 4
3861 7691 3
953 3677 7
2645 10184 9
5046 8521 1
2372 7418 3
2562 5168 2
394 6234 7
11436 14960 5
1000 1413 6
7225 9848 3
2065 16957 8
3247 12218 5
6949 8794 9
3897 7372 8
9237 11619 4
7820 11432 6
153 14119 7
939 13316 4
1991 7225 5
109 10503 2
3689 16108 9
8042 13310 1
11848 12624 8
1833 5178 7
12799 14728 1
11344 11735 2
4891 8843 4
2995 13208 2
2592 3608 10
4728 8749 8
5397 11210 10
6039 9331 1
1593 12414 5
5319 8977 5
5141 12384 10
8680 14417 9
12050 14993 1
2675 6027 4
8883 10765 6
14022 15267 10
1442 5814 8
9507 13068 7
9407 13470 2
6868 8241 7
1424 13893 1
1345 7437 8
1063 10023 6
9441 9582 2
4908 12894 10
568 5282 5
5176 10300 9
2955 7695 4
6389 7141 8
6360 6431 2
5195 10746 4
1853 6129 10
621 5147 5
7369 10871 7
13813 16383 8
2897 16667 1
4494 6041 6
9667 11207 8
8014 15441 4
4893 9727 7
1822 7300 1
4112 7504 10
2808 15424 5
9000 13072 3
4019 10057 8
10202 13450 2
941 9965 5
7733 15863 5
5132 13469 7
1223 11609 2
7089 7195 5
1970 12943 1
2595 16696 3
2591 11134 1
8386 12668 1
2278 13463 4
1146 3437 9
5485 14048 8
4341 9567 6
14944 16126 7
7487 12556 10
13711 14217 4
1934 9961 1
9004 14595 6
2275 8883 6
8165 15360 4
12835 15637 3
6500 14700 10
2901 10372 5
2751 8631 9
1674 11896 10
2047 3275 8
1569 12044 2
5516 13541 7
1330 12805 4
1978 14162 9
1259 14358 10
12028 12176 5
1666 9823 1
10485 13034 2
13171 15726 1
5392 9333 3
225 6024 1
1531 8660 1
3571 4207 8
9478 15387 10
4842 16484 5
1159 3303 2
685 10722 3
2593 5534 4
4010 12180 8
4216 13085 3
9331 12886 9
6833 14761 3
483 1356 1
2647 3352 7
1791 4659 1
13798 16377 7
2110 16190 9
9721 13250 9
1815 12163 2
13204 14380 6
15101 16136 4
1114 3120 8
4613 11736 7
4151 8043 1
565 10613 5
10423 16094 5
2065 16170 10
4377 7093 6
1500 5512 7
12155 12669 5
9539 12660 6
2253 11905 9
3246 15297 1
8890 15004 3
4215 13819 9
3167 13830 1
401 2136 4
2341 4308 4
4226 8983 10
4525 9044 4
7450 15082 7
2586 11528 7
8450 13929 5
2489 9622 2
2755 12049 2
4901 5448 1
11541 17000 5
10641 11811 7
4525 7954 10
2499 4582 8
6481 11882 3
3882 10294 2
3875 8327 2
3652 7265 5
2926 11872 4
8732 15198 4
2809 15559 5
9224 11531 2
11612 15101 9
11072 11137 1
6196 13962 3
4648 13505 6
4771 15471 9
1740 12711 5
10576 14885 6
11148 15393 5
10002 12992 9
15253 16840 5
2063 9782 2
1753 9047 10
3398 8368 4
3626 13730 1
9551 12118 7
133 14944 3
2600 13096 8
5951 9798 4
105 7638 2
7014 10445 5
4670 15033 3
2315 3418 2
2561 13472 1
3046 15552 1
11063 11454 5
13745 14133 4
15737 16768 10
8961 9610 3
12786 13095 6
8869 16878 1
2093 5771 8
7281 9923 6
10333 12574 2
2972 16467 3
2740 14553 7
5067 9573 5
5101 15504 3
6674 10202 10
13358 14163 4
708 5977 7
893 8236 10
2171 10841 5
361 2040 8
6508 14469 3
4133 5935 2
7520 14575 4
9329 16770 5
9718 14678 5
3978 12809 8
6013 7953 3
8661 10850 9
4073 7559 5
2265 8622 3
2138 7816 9
10204 12312 3
3548 13848 7
10965 15243 2
12137 12920 8
8834 15574 1
7945 14715 9
2347 8476 1
14559 14891 7
3762 12971 8
10955 14441 10
12348 15238 3
2570 15020 2
7822 12260 10
1020 16810 1
10855 12455 8
8263 9929 4
2195 10346 9
3643 10875 2
9351 16619 8
777 10158 6
4479 12177 3
5278 15072 10
10637 11544 6
9886 15995 9
2721 3817 4
1156 15851 1
4637 12701 3
8257 10679 3
120 2228 2
9141 10206 6
12641 13244 9
6375 10555 1
3444 10561 9
5572 6112 10
7018 16256 3
4818 4984 3
11231 14010 10
106 13413 7
7785 8046 1
8949 9246 3
13130 15059 5
3797 8483 3
3691 11738 6
11172 16643 8
4660 15824 10
388 13679 6
10067 11154 1
6738 10071 2
2665 5199 4
594 14438 4
9253 12021 10
2871 10291 7
10064 12447 10
12830 13054 7
7190 7658 7
147 6384 4
8576 11966 2
11753 12807 9
258 12459 5
3263 4757 7
10719 14911 6
8303 12510 2
1581 8052 3
9780 12418 9
14468 14642 9
112 9356 5
12135 12405 5
2513 11944 8
14242 15082 1
2271 13015 8
14907 15279 7
5635 13520 6
1158 9122 4
4398 12891 5
9542 9951 6
3159 6291 10
5913 12538 5
1017 3013 5
12669 13982 7
6854 15535 5
4202 9393 3
9834 11720 1
3232 7555 5
8313 13625 5
1213 6724 7
301 16354 5
14342 14616 4
413 8632 10
975 13678 1
6053 11840 2
1988 2449 6
1923 3144 7
2802 14620 6
3062 3816 10
11871 15414 9
3660 15587 2
5405 10721 3
2047 10350 5
5236 15132 2
475 7003 6
8575 12160 6
13606 16361 5
6135 9176 3
11941 12750 9
10595 13451 2
7188 10627 9
2498 7247 6
4878 14441 9
67 4860 2
7726 15707 4
347 12869 4
3604 9874 10
8464 13596 2
4558 9888 3
7840 12253 2
7295 8240 1
7312 12579 2
3409 15426 8
1046 10961 1
8517 15626 1
14241 15398 7
2257 7767 4
4082 14304 1
5265 13306 8
6194 7121 10
2498 12997 6
5613 15913 7
2848 12436 2
10578 14140 3
3710 4906 4
10089 10475 7
8997 9348 2
983 5102 1
11492 15112 4
9488 10590 3
4963 5616 3
1949 15107 3
5600 12057 1
5269 11724 3
14585 16309 3
10291 14631 1
6258 10368 8
8424 12858 3
4027 6151 4
13857 14797 8
3164 14311 4
3387 5836 1
12308 13799 7
689 6942 8
1702 8165 8
8455 9946 9
3207 6986 6
1273 7291 9
6684 7083 8
2014 2044 7
5130 10923 10
5068 14130 2
9754 10355 8
582 2448 3
8417 9514 8
6390 6615 1
4282 8392 4
8842 12774 2
11513 14441 9
3927 10580 5
1439 5364 9
3320 13648 7
4110 10741 5
4937 7933 9
1856 2793 2
1804 7154 1
1585 10318 4
13872 16793 6
5762 5769 1
9508 10246 9
2269 16205 4
8477 10049 5
6809 15863 2
7740 8309 5
1408 10653 8
5080 7092 10
5997 8296 7
6731 16962 1
6302 14283 4
2738 13820 4
471 8500 9
5305 6398 5
8517 9162 1
3738 13676 3
2575 3468 2
3668 6871 7
3083 10221 1
11681 15491 1
104 7286 6
610 14706 10
2132 5021 4
3490 12873 7
3250 12331 10
7301 13768 2
767 5955 8
2757 3817 10
3155 10571 4
11524 12283 8
3911 10347 1
1235 11451 10
6610 13488 4
6310 7676 10
8649 15421 9
6722 12101 8
7497 9445 3
3378 11978 5
5723 12730 3
1430 14325 9
5858 12905 1
4298 5284 8
3321 3811 8
648 9554 3
2948 14712 7
4607 16729 9
3985 4820 8
615 8524 7
1305 4415 10
1868 2076 5
2871 15361 8
11498 12823 3
7348 12871 7
2071 10834 6
8555 10722 8
5103 13973 5
4478 11972 3
7479 8436 5
1436 2925 2
6240 8314 7
1713 7446 7
1244 10000 8
8218 11604 10
7554 11718 4
7822 8563 9
3202 12270 9
3591 8263 4
11387 16827 5
7980 13010 2
9803 14731 9
5165 11429 5
1706 3208 1
593 10362 4
5471 10663 4
5262 13863 1
9959 10883 7
8017 8800 2
5239 10183 3
6911 9429 8
5272 15270 8
3351 16477 1
12629 15485 2
8933 9495 4
361 12797 9
12108 16540 7
1899 14099 10
5696 11152 6
10486 10577 3
920 2106 7
4093 7790 4
9509 14379 2
4001 7417 2
1371 7114 3
2794 4396 7
4353 5292 6
8640 14295 10
5444 16105 5
4837 6710 3
14971 16462 10
8052 8848 4
5968 14117 9
90 11104 9
4612 7601 9
6562 14921 2
255 5935 1
943 3628 9
10619 13123 8
1002 16347 5
2651 7186 2
7568 10231 2
1413 4362 1
6188 11594 1
10973 13489 10
9611 15312 1
165 8230 2
3119 7259 3
1901 8066 7
3637 11719 3
1078 4721 2
5731 6000 5
6334 9694 3
2124 5139 8
4917 6458 5
5301 7232 5
6752 14897 8
7429 12279 3
2810 7218 4
3811 12442 4
7107 14214 6
12318 12448 2
10272 15633 3
3590 10485 10
369 12237 9
7809 15437 10
10040 12254 4
3990 12992 8
5433 16620 8
1106 10376 2
6103 9080 4
7156 15504 4
4307 12601 7
9508 14946 7
97 2289 3
9481 12834 2
1423 14792 7
6966 14261 7
57 3694 9
5890 14084 1
6093 10313 1
267 10079 2
824 1270 9
6373 11179 10
1699 10511 9
4361 16660 4
5083 7763 6
1114 2449 3
1952 5440 4
3951 11752 4
13720 16975 3
6113 8213 10
2636 15592 9
596 4386 4
1900 8576 8
832 2624 9
2580 9916 2
11294 14756 1
293 15409 3
4101 9894 9
5519 14479 4
250 7656 10
6509 14322 1
8859 11538 7
7560 11536 6
6513 13999 9
6506 9596 9
13469 16122 10
4620 14700 9
6035 11222 4
13611 14059 8
8656 14969 7
10110 12280 5
4394 15390 7
5988 14886 10
6327 15664 4
1920 9275 4
7182 9246 10
4520 15525 4
3050 6650 7
12652 13610 5
7752 9006 4
12972 16575 4
2936 5782 7
13435 15698 2
4840 14965 10
513 7402 4
10315 14978 10
4253 9782 3
12864 14711 5
1212 7807 8
1505 3895 7
12289 16993 4
11483 14242 4
4614 11643 2
6193 8058 5
3347 14614 4
4889 8127 5
8646 9695 9
9618 12733 7
7859 15948 6
7211 14643 8
3859 5278 4
9621 12223 7
2060 10924 7
5282 13581 9
2916 10479 2
8231 8272 9
5817 10821 4
1428 7547 1
3300 6064 10
6325 6805 5
1651 14253 10
5251 12582 5
3983 8226 6
2243 8808 5
5662 11575 1
2665 12945 3
9243 16397 8
2661 6165 3
3150 5688 6
409 6291 6
321 11532 2
2347 6724 6
2343 7385 8
5496 14931 2
856 6889 4
3469 12430 2
3580 3892 7
6666 12178 7
312 13390 4
12708 13857 7
7868 10409 6
6540 6996 6
6607 9161 1
5149 16754 4
122 3231 9
677 10169 6
833 4410 4
1615 12225 2
10697 15138 7
10444 13543 7
2638 14348 5
7217 15041 7
3637 9665 9
4422 15611 2
1633 10927 4
1904 5037 2
12283 13331 2
8854 16137 10
8257 10989 3
8784 14805 6
7561 14762 6
5811 9406 6
5433 14262 3
6525 12810 2
5322 10248 6
6801 9914 2
702 15836 4
161 5926 2
330 529 10
11540 11783 5
17 4720 1
8064 12199 5
1018 2183 9
4703 7499 1
9469 11518 6
6825 14007 9
3389 5079 3
4358 10392 5
9757 12660 1
2621 12663 9
7344 15237 7
4779 16463 9
14332 16645 3
928 12397 9
7418 12591 4
14567 16038 4
5657 11936 2
9669 10632 9
5487 11572 3
7301 12612 5
9440 15385 1
219 14589 2
2861 7611 3
1632 12359 9
9200 15549 4
14425 16696 7
8065 12702 6
5454 7216 10
4223 5371 3
4938 5077 2
8782 11981 5
1478 4377 10
9024 13230 7
3988 4948 3
1776 12309 1
12251 14638 4
10243 16232 8
9889 14999 10
2227 5637 5
4107 8019 9
4063 4733 8
4730 8373 5
1414 15658 10
7775 14813 6
3056 14831 9
8905 11427 5
8155 10991 1
3432 9741 8
7793 15300 7
5443 13287 10
4620 7700 6
14066 15423 8
8583 16833 7
12646 13964 5
8899 14778 2
8031 9302 5
3006 12940 1
1832 13980 8
4380 6770 10
2476 13734 8
11594 11929 10
1881 5528 6
4736 4815 8
471 14585 5
3862 13542 3
5002 10668 4
14485 15819 1
957 6289 7
6325 7304 2
12854 13539 5
1656 10756 4
5280 13229 4
5210 12612 3
11867 12698 4
61 3483 7
4802 13518 6
2350 9104 10
6613 13122 5
808 7359 8
8850 13656 6
1631 11555 3
5366 13599 4
5891 13978 3
6447 15762 1
7867 12376 5
7866 8642 5
7393 7668 1
306 12625 4
5068 12792 9
7509 8346 4
5883 15004 1
335 3370 4
846 4572 6
15377 16687 4
8446 13787 1
10848 13533 8
6928 9972 7
1225 7248 2
8810 8920 1
234 7136 8
14414 16621 9
4199 5689 8
5009 7080 10
1502 10472 1
4801 13548 5
2844 14920 4
11598 11731 4
530 5581 8
529 7603 3
195 6626 5
5434 10431 3
4943 10108 4
5532 6798 6
2027 15865 5
11408 14639 9
2634 4068 6
6055 16194 2
2590 10487 2
905 16708 3
14906 14944 8
2462 9166 3
541 14384 10
15094 15391 5
4825 6305 1
1540 14095 9
715 9742 5
12443 14941 2
4589 8842 4
1808 12062 4
3369 4816 7
3549 13628 6
9097 12868 7
2931 5763 10
3075 8444 10
1770 13134 4
7069 12042 1
1596 13287 4
5360 16893 2
187 15378 10
11728 14511 10
799 1530 9
2803 14835 7
7711 9658 10
10508 14589 3
6944 9379 7
6348 6654 5
14895 15410 4
3851 10895 7
9879 15453 8
579 14611 7
2402 7027 6
4629 13668 9
8421 10541 5
3018 13739 4
7455 15253 2
12700 15674 10
4337 13530 10
1 8133 5
3663 4253 1
5079 12638 3
5852 14238 6
332 9307 8
1133 5059 1
3620 15490 6
231 2933 2
3807 7310 2
11233 12502 5
1268 12012 6
6528 16653 2
5265 16846 8
3571 12690 6
8745 13153 7
10770 10869 5
2613 11077 1
6144 15460 3
3354 4721 4
2315 10443 9
13373 14631 3
6183 11171 8
2287 13972 4
3141 3661 4
5024 8918 9
8325 12314 6
3588 13573 5
3890 13012 2
2639 15902 4
10900 11604 2
6163 15002 4
3976 14627 7
10624 16310 9
14536 14540 3
4467 6427 10
7753 13143 2
5701 7494 1
10026 12701 8
2357 3440 9
70 9513 1
5252 5791 3
2841 6886 9
1060 3230 10
4949 15545 4
310 5404 9
1598 12321 2
9882 15078 10
916 4457 10
186 10360 7
3649 15420 7
11029 12836 5
3252 3390 6
11970 15867 9
7151 10627 3
6255 13821 1
2406 2590 1
2957 3000 8
4465 5008 3
9438 13498 9
7483 14349 6
8185 13582 3
10517 13793 7
12285 13392 9
1765 5982 2
6501 7117 3
7192 16418 10
3483 5746 4
1209 4527 6
5393 6043 4
7472 15755 5
206 11957 1
2944 11933 2
9998 10417 4
6615 13585 4
1700 3928 5
1613 4800 1
5400 15031 3
7969 14251 8
12628 14739 9
47 9748 3
1409 10893 7
12286 15613 4
3725 6159 9
877 3757 2
11884 14686 4
8752 14279 5
1882 10217 2
3665 6466 2
11738 15649 2
4462 12038 3
381 6347 8
2399 7992 10
2497 12721 5
6068 12602 9
125 339 6
166 6988 10
2162 14151 1
6748 8223 1
2275 13388 3
10944 15370 9
2416 13361 3
13334 13681 8
10549 12938 9
870 6753 7
2245 16407 4
4944 16026 7
809 9509 5
8783 12075 5
4216 15404 2
298 5811 10
9934 14811 9
1413 3939 3
3411 11866 1
5439 12054 7
549 3750 5
6828 12886 8
5289 15603 2
4808 9957 10
1966 10250 9
7055 15390 2
6432 13946 1
1548 12541 1
696 9393 9
2154 6019 4
3568 12799 10
12187 12814 6
14348 14874 7
8146 10256 8
509 10558 6
2038 12309 3
11735 14248 6
2434 14547 10
13662 16199 3
6532 8983 3
4875 10550 6
4172 16249 4
1192 8968 9
12290 12666 9
2943 8427 2
7289 15572 8
12786 13689 9
12706 15925 8
9579 10515 9
9016 15734 8
8568 10286 10
8769 11355 5
1819 3531 1
322 3123 6
10040 11357 1
2455 9418 10
4547 14073 8
2852 9438 9
16374 16993 8
1281 4661 10
14508 15206 4
4398 16090 7
13025 13259 5
6407 8809 8
8004 9249 4
11769 13480 3
11145 11919 10
12164 15626 10
1964 3686 2
7305 16810 10
4096 8990 7
8099 12849 3
2506 3737 6
9701 12282 8
8332 12311 5
8168 16016 6
3644 6753 2
6585 11355 5
1114 6762 6
6331 9074 3
6507 13586 8
7477 11094 3
2240 13636 9
8425 8440 10
3264 10462 6
3082 16327 3
5458 10904 10
896 6780 7
4593 10357 3
9341 16239 8
9868 10919 6
10438 12966 6
10092 12280 3
4635 14431 4
381 6350 7
8971 12662 5
10582 14729 7
12290 12886 6
11064 12578 9
481 10910 10
2059 9215 8
11607 13667 2
1218 14161 5
8006 15102 9
1621 13797 2
12260 14016 2
738 1755 10
907 10802 3
3292 13101 5
12668 13903 4
2866 15900 7
11801 13580 5
756 7738 2
6736 9920 3
7216 12029 9
8768 10122 10
3868 5783 5
90 11285 4
2705 15124 1
3735 15703 8
9768 15223 7
2176 8161 1
1109 11955 7
9729 10282 10
7680 8830 1
10656 13929 9
150 4919 2
5388 6682 10
3295 4157 9
3643 12436 9
6352 16078 4
351 14062 4
8084 12523 4
1679 16220 6
10859 13340 7
4478 10413 3
6698 13341 3
10045 16945 4
418 9053 7
12399 15291 10
1743 8750 1
3548 12627 2
8321 10529 7
7062 8251 3
7633 14865 9
4456 9573 7
7303 8554 4
5881 15527 4
8733 14366 2
9043 12789 8
2847 4054 2
3092 13827 3
6702 10127 5
10925 15686 1
8506 15714 9
6430 16580 2
12872 14383 7
8846 10369 6
1226 8652 10
14296 16220 3
8598 9884 10
1610 5499 10
5555 9571 7
10489 13589 3
342 3898 10
2352 4638 1
7832 8929 9
423 6803 10
1609 4193 9
4735 14724 4
30 3762 2
10240 15616 7
1658 9854 10
2064 16833 8
3031 6791 3
9400 11192 7
9767 11913 10
8115 11319 10
7036 8100 10
14547 15720 7
2577 6310 2
9294 15155 6
2360 5547 2
5622 7664 9
1115 7191 3
2492 14604 6
6541 7889 8
2858 8058 6
5869 6941 8
7065 11240 6
7849 11122 1
9067 13395 5
1036 5479 10
5529 16844 1
286 8827 10
5713 15541 3
1691 2754 7
5699 11727 2
160 12110 4
7043 15868 6
4571 8514 10
12071 15205 7
8978 10991 9
9947 14092 6
13759 16119 10
4695 12834 1
2325 9887 3
823 10050 2
9933 14059 4
4338 4924 7
7540 8728 4
6884 11463 7
4587 8389 4
11870 14215 9
2871 13831 5
2810 6627 7
640 9461 8
11020 12189 5
2440 8801 9
12312 15261 8
8118 10703 10
3618 14544 5
4572 11643 1
2292 12207 7
10190 15153 10
2668 16951 1
4872 6273 10
7795 11575 1
4016 13390 4
6596 11982 4
8349 8885 1
6921 7162 1
10252 11385 5
11404 12045 1
1915 16053 5
9723 11916 7
2047 13340 5
8585 13302 8
12122 14578 5
6756 11929 6
5161 15602 9
8726 10974 5
10861 14333 10
772 7323 9
7651 11819 2
2013 8838 8
6332 10107 5
4512 9930 8
1618 4653 1
6505 8582 3
4450 12969 2
2119 10048 2
4307 10237 1
316 12725 8
2812 6433 7
6196 7358 6
1117 1480 7
5580 13278 5
575 6315 9
3073 9122 7
6136 9012 1
6283 6711 10
2445 9702 6
2468 16441 3
2709 15880 9
12514 16193 9
364 10229 5
7855 12465 6
7833 16919 2
3213 4989 8
2511 15590 9
10167 15189 3
1 6999 6
7067 14741 4
5321 12834 8
5229 7907 5
5897 12720 9
2664 11610 1
6310 12646 5
478 5161 1
3661 13659 4
6018 7030 6
4881 6074 9
289 5393 10
12212 15399 3
3264 7653 4
13914 14306 10
10378 12282 7
4327 13334 1
1428 5084 4
4701 15618 10
9431 14170 3
8666 15709 1
6525 10424 1
6031 11003 1
6724 11475 10
3309 8437 10
12899 13597 1
6309 13554 3
5492 6198 1
4479 14351 4
4206 15686 2
6978 8173 7
2106 8676 8
7828 8795 4
1537 15835 1
4439 11409 7
6908 14611 3
4301 4970 9
357 1479 9
9594 10101 8
3092 4374 6
12054 13000 10
831 15069 3
5066 16378 9
595 6915 3
9255 10849 8
8213 11971 8
13575 15183 2
4403 9944 10
1577 11343 5
5819 10908 7
5058 7871 9
3137 9819 3
6160 6237 3
13143 14522 6
306 6140 6
5625 8863 7
876 16650 9
6322 12590 7
10081 11020 3
1940 5912 1
2222 14630 1
5135 5724 4
5638 10013 10
438 16061 7
5112 5746 5
8665 10768 7
25 8008 9
1132 8870 3
3124 5382 8
7605 11898 5
2926 3393 8
10945 12523 2
28 12471 5
2607 4495 6
7019 13913 2
10148 11623 5
5395 10777 2
13034 13454 5
6442 11630 1
7363 12951 8
15156 16353 6
1259 12337 8
5088 14652 2
5945 11091 7
8026 10182 1
4686 5330 4
5177 8750 8
6983 9041 10
10437 11587 1
4142 12703 9
7129 7490 10
646 1833 8
1590 7373 8
5441 12519 5
87 5841 1
4081 12994 7
5051 15090 8
1608 10764 9
3674 5787 1
3577 6266 5
2492 9205 6
14540 15352 4
9763 13258 3
2451 7234 4
8917 13369 8
3936 13890 6
9972 12255 7
12229 16996 1
1870 5315 1
4217 14141 2
4881 7722 4
7360 16173 8
1072 6332 6
4035 4904 9
1238 16997 6
7714 14935 9
4985 16422 4
7428 14004 10
5282 6500 5
6530 13483 2
2967 4906 6
5235 14290 7
11100 12155 8
5336 9084 9
4540 5141 2
11591 14644 1
4358 11176 6
303 4806 5
3126 12398 6
8949 11956 8
6576 13140 5
12855 16081 1
5755 10914 2
10773 13102 9
9370 11846 1
7058 9506 2
2735 16689 6
7027 15480 7
7772 16429 1
12462 13739 8
5542 8272 5
2041 8074 8
8769 11015 5
8742 11333 10
7078 9648 10
14330 15191 7
5850 15877 9
12768 15706 5
146 7593 7
8226 13232 8
335 9042 9
4230 11844 2
6621 14138 7
5411 12567 8
4187 4425 3
1188 16293 5
2701 2972 9
6732 11944 7
11913 14172 9
4433 9714 7
3276 6153 7
2389 5928 1
8159 11607 3
4310 5132 2
4429 7192 6
12080 15893 1
1891 2031 6
465 7658 9
9374 12994 7
2591 12863 6
3095 14856 5
138 11150 4
1426 5522 2
6915 12041 6
3073 13038 6
1269 4543 1
8096 14643 2
7785 12206 6
5042 11243 10
5538 12918 10
8621 10238 10
452 15674 9
2986 6552 9
1941 11146 4
9141 11232 7
8242 12400 7
6358 15225 5
1350 11761 2
1851 6125 8
3773 5223 7
141 13745 8
1759 13932 8
6067 10661 7
12145 15848 7
8385 14331 2
7874 16518 4
12147 12749 8
3836 6891 7
7695 10912 3
1645 15763 9
2489 8390 8
497 4206 8
387 16713 5
8675 14117 5
82 2464 7
1025 5547 2
10214 11089 8
1555 5165 1
2198 10883 1
6119 11437 9
982 14456 1
6696 14483 6
7270 11529 9
10303 16117 6
4093 15292 10
269 13300 6
1046 3034 10
3480 13430 3
8957 12565 1
8018 10308 8
7322 8223 5
11670 14186 7
10064 12545 10
1561 8813 3
2220 14655 2
7149 14085 7
3950 8352 6
6652 12216 8
8539 16179 3
12148 14536 1
10169 12701 2
3350 7548 8
877 2368 2
7040 10228 2
4885 6100 8
13481 15341 10
6945 8374 8
4115 15718 8
3397 9000 9
2072 8176 6
5666 15476 8
6403 7689 1
892 14944 5
2072 15094 5
4953 16213 10
8807 9674 9
13051 15484 2
7332 7464 1
6886 11637 1
10296 12016 10
6794 6900 4
4240 5088 5
1402 7873 4
7159 11768 5
1888 4043 5
6351 14720 3
9724 16794 4
4412 14664 9
1364 15806 1
2992 11075 6
11174 12928 3
2125 12308 9
6631 11656 3
4066 12983 2
746 1225 5
2087 9086 7
5629 12587 1
6304 10661 3
1411 9666 9
5106 9217 5
1299 8619 1
6097 9071 4
8459 10323 8
12701 16657 1
12604 14285 7
4992 10509 10
11790 14362 7
2499 11006 2
12671 13743 6
3994 4154 7
7641 13735 1
7893 11960 4
12621 15138 3
5310 7849 9
5945 15076 5
2990 12896 7
5535 5582 9
4505 13887 8
912 8367 3
4400 6116 6
2820 8089 1
6187 14938 4
2907 6769 4
5362 11222 8
6310 13082 3
1945 2718 2
130 9602 7
9241 11705 3
5209 9976 2
7248 15451 5
4519 9871 6
15114 15768 10
1207 13284 8
12448 13713 8
1850 12193 9
9352 12464 6
3409 13020 10
7346 10637 3
758 2746 10
5601 5920 8
5358 14015 1
5910 7917 8
10643 15324 5
5501 6401 9
9151 15660 5
3371 7477 6
3343 14298 9
814 15675 4
2116 3206 4
2285 6903 8
3048 5477 6
2015 15924 5
10854 16279 1
5898 13098 10
4551 5260 6
554 2693 8
5204 8877 2
7910 14356 5
1097 9508 8
7141 12381 1
965 9655 4
6855 15762 4
173 1125 5
3706 7964 4
7233 9549 1
5812 11704 1
1533 9641 3
1971 6973 8
151 7689 8
8192 10734 6
10207 15417 2
8916 13047 7
1643 13121 5
8358 9136 3
4195 8293 4
1509 3659 9
751 5059 5
2763 8581 6
9006 10204 6
1578 1872 1
109 13096 9
4820 9206 6
11116 15964 9
7933 8293 4
8367 15933 10
13758 14432 2
9497 14904 4
3953 7150 5
14490 14673 6
8075 9959 2
14472 14961 2
8928 15548 1
220 5869 8
7546 16485 5
8974 11164 5
3159 9560 7
544 9355 8
11678 15331 6
7616 14797 6
3103 15761 5
1099 7621 2
11835 12060 9
2496 4103 9
10391 10903 9
8236 15384 3
13757 15619 3
4184 12241 8
3010 9316 6
9253 10981 1
8047 11040 6
8399 11391 1
2516 4067 2
2552 13244 1
788 7030 6
1860 3436 8
9172 15722 1
5545 7537 4
11225 12339 9
462 13567 8
2123 2813 7
6328 7493 3
8500 10901 2
4910 6671 9
8373 10812 1
1584 5257 9
6161 9043 10
13129 13341 4
10672 11188 10
1070 10265 4
1430 7634 10
2871 15355 8
386 13572 5
5274 15468 7
6107 14539 8
1628 14953 7
6168 12377 4
7347 10930 10
1061 10515 4
1432 9365 7
7620 16299 10
4127 10439 5
3654 3745 9
3768 16437 5
7609 12663 8
2805 15697 6
7505 15299 5
6710 14649 2
652 12846 8
570 15884 4
2964 7730 9
11656 13226 8
6442 10888 10
8194 14725 1
6869 14577 4
10605 15110 7
2929 15432 9
10469 15029 3
5966 11619 8
5614 10999 5
754 4044 10
3900 9281 4
2573 9323 6
2911 3231 6
9385 11331 8
7805 8687 7
1084 10796 6
5643 7841 6
8210 9410 2
8764 13289 3
9866 12587 7
2095 7282 4
2408 7186 1
3471 15564 1
12563 15059 10
2960 5615 5
954 2518 3
4061 10584 3
1403 8933 6
889 12481 7
682 15011 5
583 8257 6
4681 15035 1
11905 15461 9
12934 15502 7
4466 15927 10
4481 9023 5
1954 13000 6
6213 10839 3
2046 14481 8
1958 12153 5
1504 6678 10
3242 10028 3
6194 6255 4
1351 2716 8
2342 15103 7
6687 7737 10
9026 15438 3
3079 12175 10
3901 9076 7
4782 14979 6
5268 11843 6
2594 14959 1
2296 15872 5
10642 10694 9
10382 12333 4
13245 16273 10
6285 9959 6
4220 6552 3
2344 2577 3
3904 14117 9
9877 12157 5
2561 12605 1
858 3952 3
8821 12984 2
540 573 3
14264 14783 4
1982 4648 8
4830 13267 8
12030 15452 7
8840 15802 8
9845 10761 5
10361 10540 8
7536 16788 7
4326 5788 3
3137 7920 1
824 11871 3
9486 12702 6
1790 15685 5
567 13194 4
124 13484 7
8462 12031 6
14148 15556 7
1418 8566 7
3863 15739 1
1542 8225 8
14736 14889 2
8619 14665 10
2735 7830 9
11756 14866 1
2573 12687 4
3509 7196 5
2074 4346 9
3022 12955 3
7813 12970 3
11825 14480 10
4859 6608 1
1552 6107 5
334 13118 2
940 6677 3
10685 11010 1
8034 9443 3
1979 14335 9
4496 14527 7
8330 10928 9
264 10909 7
532 7207 4
6517 13015 2
2542 15471 2
2765 11409 5
4188 8945 10
4544 4858 10
5035 15466 9
2842 10152 5
3354 8469 3
419 9238 1
3452 10597 2
6949 13746 3
8115 8699 7
7944 10465 10
7833 11826 4
4020 12550 5
8580 11550 6
3781 8432 5
10370 11139 8
6890 9762 5
3993 9373 9
6845 10801 9
6833 13252 7
6678 15247 3
7458 13119 3
2523 16505 3
1902 9285 7
13285 15123 6
7169 8421 10
8563 8880 7
2051 16691 2
3758 4099 4
358 14300 10
4520 13565 1
5702 7040 10
12013 14729 2
2067 4322 7
8411 15901 7
3043 7940 7
2320 4645 9
12372 14994 1
2459 14265 9
489 806 10
4541 16764 7
3083 6809 8
507 548 3
1020 12703 5
4573 13677 3
3270 5638 6
12911 15663 5
7955 14261 5
2299 13514 4
6738 7947 2
7206 8324 9
6066 15000 4
871 6487 5
4276 15644 2
2398 9979 4
4926 12559 1
4517 8920 4
3850 5475 6
820 9853 3
762 12801 7
10452 12116 10
12778 13098 4
15122 16872 1
8923 8932 2
700 983 4
13795 14850 1
3681 9580 2
4237 8511 2
2952 9400 5
7803 15508 5
2723 3660 4
13932 14293 9
8325 15616 5
6570 13316 4
9389 9483 6
7414 13140 9
2084 16265 6
4741 8718 2
4271 12788 4
467 11026 8
4424 12476 4
2399 16067 10
10977 12891 3
982 6718 5
7075 7164 8
1444 13331 5
1155 12698 8
10324 10593 2
10265 15594 2
6577 9133 7
2927 8811 1
5378 7502 2
10512 12444 9
9642 16706 4
7382 13605 3
11044 14631 1
15451 16476 2
2676 7656 3
4515 16414 8
6921 9292 9
3383 3548 1
2203 7302 1
2873 4408 6
610 10464 6
2331 11374 8
3648 6668 6
3598 4286 9
2777 8432 8
2386 7931 6
12860 16124 5
13364 13953 5
6073 6099 6
4311 6337 7
465 9149 5
4063 5046 7
9001 10760 2
1508 16794 2
9944 12831 4
11036 11991 3
7359 9404 1
7466 7888 6
5122 13616 5
3404 12256 5
6117 12759 4
3861 7405 4
9036 12485 4
4170 14767 1
4322 15991 10
7860 12691 3
4140 8613 5
940 10967 4
9539 14743 5
10748 15488 5
12593 13305 2
5713 16963 1
7369 16800 3
15440 15560 5
1292 15887 8
12188 15838 2
9652 15507 3
1277 8849 7
143 570 9
422 11485 4
11734 13838 2
10443 14413 4
4487 4809 3
9943 11509 8
10472 15274 8
5562 9788 9
10311 13344 6
3134 9707 4
2320 12935 3
3185 11555 4
2678 11595 10
1065 12688 1
3520 16097 9
1918 15285 8
6087 8092 7
1364 1423 10
9181 9884 5
921 7548 10
14439 14574 5
11064 15099 2
10663 13844 5
7492 8001 6
1808 9671 2
4626 6342 1
2216 8965 1
9253 15427 9
1774 11431 6
2870 7741 7
5182 7184 1
1527 9916 8
9007 11512 7
1114 14650 6
5091 13108 3
5134 10113 1
6936 8386 2
6049 15352 3
4833 9198 7
13947 14690 6
6834 7119 7
560 10358 6
10980 14828 7
5914 12836 8
5357 10853 5
1071 12258 3
7568 8085 10
3161 7303 1
3907 15070 1
2707 12294 8
9132 13510 9
1340 9244 2
4656 12129 4
818 10687 2
8976 9184 2
89 4205 6
7877 9989 10
1157 2311 2
1129 10911 7
1291 10909 10
3492 15967 5
6227 7098 10
2248 7187 7
6712 15124 9
3123 9414 1
1082 5122 10
1390 4117 2
2215 3923 4
2609 9385 8
10362 13779 4
4687 8633 8
7561 7690 5
944 3595 6
1026 2698 6
114 982 5
11817 12136 3
7981 9571 2
7497 11722 9
3300 4654 5
1101 11244 7
289 16083 5
1324 10721 6
1898 8347 3
6980 8813 6
3907 12167 8
6700 9795 2
341 4123 4
3774 10680 9
4677 9275 2
685 5411 4
6570 7054 10
10618 13321 6
3068 14807 3
3398 10372 5
3563 8439 6
1650 14070 6
2759 12018 7
7027 12723 8
7121 9553 8
6308 7768 4
741 9285 8
9072 9160 2
9250 14410 6
1238 9499 4
2797 15362 7
3325 12077 8
4149 9056 8
5887 12023 6
149 9715 4
4766 9793 7
506 7004 9
2331 3730 5
147 1009 2
8664 9700 1
11969 12593 2
4971 11084 5
12085 16911 8
8878 9348 2
1376 8292 4
8234 15315 4
2654 11839 1
4284 8402 5
5029 13970 5
10824 12047 7
10597 14825 1
57 13864 10
5157 10954 10
4651 8300 2
13940 14642 9
7758 14944 3
2186 7408 2
4369 6993 4
10430 10730 2
1962 12182 1
10297 13291 3
7572 10897 8
1952 11099 5
1321 8153 4
5017 6927 6
5101 9304 7
2389 13661 5
9025 11141 3
1698 9495 8
4296 5132 5
6522 12399 2
6690 11789 5
4795 6830 1
1908 10646 4
2257 4202 8
982 13494 6
5615 8750 5
8144 10235 9
8772 9512 3
3344 4099 5
11162 16784 3
5338 9858 10
10938 11466 5
6248 14419 9
8400 9829 8
1703 14300 9
3243 3317 6
4987 11582 6
5425 6387 2
2322 5044 2
5322 13923 10
281 13678 4
2955 3638 2
9654 9860 8
5561 5999 2
11733 11868 9
4462 9842 5
10858 16963 2
6762 15589 2
4183 9047 6
1999 9366 6
5111 11607 1
1094 8269 2
5451 10908 7
3033 5762 9
9886 15420 1
3267 11215 3
9987 14944 10
824 9578 4
5038 12843 6
5308 12448 2
3320 10168 4
10295 13373 1
2671 11203 5
5432 12565 10
4516 9756 2
11371 12240 10
11969 14744 8
2750 7511 10
4024 4986 9
12579 14317 9
6048 15864 4
4533 8629 6
11231 13437 4
14505 15145 7
3538 11459 10
1649 11022 4
5471 11122 8
7673 11791 10
1838 14392 5
834 12742 9
1718 10604 7
6422 8915 2
3959 4309 6
3377 8137 6
10291 11824 3
2553 3989 3
10092 10388 6
6203 11908 9
4086 4572 10
2047 2531 4
1170 5436 6
7985 16619 8
1252 9066 3
2587 16265 7
4178 16216 3
7511 16130 2
875 13035 10
7139 15022 4
10496 12882 5
1706 4728 2
3410 10412 5
138 11388 2
793 10325 6
4257 16939 10
12534 12874 1
233 612 1
5806 7002 10
2783 14846 1
9041 13592 3
3116 15272 4
2087 6681 3
1895 6436 10
7860 13595 1
3626 8979 2
11672 14197 4
14206 14767 9
2385 3547 2
11700 11894 4
5551 10292 1
4609 7890 10
4176 14151 6
5575 13071 8
6193 12051 3
3558 7839 3
8849 9955 3
592 5314 6
11020 12519 3
12175 15240 9
850 14982 8
6177 15022 1
7487 15105 4
305 4920 9
7722 10461 8
3638 12536 10
1126 4740 10
2248 13118 6
622 2068 1
7703 12662 2
3613 6981 2
2259 5762 3
5381 8668 9
3123 5500 9
11844 12488 1
96 4233 7
8023 13697 6
10407 10514 3
12627 16752 1
1175 12967 5
2931 4278 7
326 12003 6
5021 12671 3
10887 12016 6
9805 14253 8
4433 16877 5
12606 15097 8
287 15753 7
2095 10404 3
13027 15626 1
10716 13066 10
5487 14178 3
8559 8940 7
464 3604 10
907 14029 10
2888 11239 7
995 2345 3
10762 12965 6
7488 15612 3
13413 13450 10
2172 13767 9
4142 5060 7
801 11963 8
13820 14482 1
796 2518 7
5326 6946 7
10134 11675 9
11898 15024 4
3350 13996 6
165 10983 3
6422 14220 6
4860 10200 6
1041 6145 2
5061 13852 10
4445 5565 10
2350 4027 1
691 7585 2
3861 9365 5
7362 11760 3
1632 7835 2
1342 7452 5
1948 7923 9
8823 14603 6
4044 14329 1
1374 5379 7
9354 11943 7
2526 8534 5
3113 4543 2
175 13423 9
2082 15409 5
3957 6189 6
7141 14001 2
3435 11982 5
3421 13948 1
667 10354 5
9027 15397 5
840 5739 3
1489 15132 3
3832 14016 9
7602 16051 10
5171 7381 6
5203 7508 5
8218 15819 10
522 14739 2
8133 15419 10
825 9035 10
5094 6288 6
974 1340 6
6378 12546 10
815 9186 1
3728 9974 4
2994 7957 3
3544 6985 9
8629 10961 9
5213 11786 1
4580 5208 3
5989 8051 6
1356 2242 4
775 14292 5
1058 6381 10
12965 13758 4
8148 16644 8
13520 15486 1
5643 6354 10
5298 14076 7
11453 12152 9
158 6135 8
7883 11863 8
4411 12658 10
2150 9692 1
5624 9537 9
4198 11582 7
3168 6151 9
711 7435 9
200 2501 2
647 5814 9
150 2380 10
2361 7879 8
1432 15414 2
3132 11541 9
6826 8657 7
1650 7779 7
6976 14191 8
2486 12685 10
3784 9601 10
13656 15067 10
2414 14215 7
9859 13707 4
492 4999 3
446 13958 10
3127 15231 7
6322 7880 9
1264 2206 1
5441 15702 3
6740 13092 6
3847 5475 3
459 8135 9
2595 6930 4
1494 3543 7
2896 2997 4
5379 10540 3
1585 13540 4
2401 6281 10
4480 7805 1
34 10814 6
8558 15456 9
9488 16574 7
3452 13181 9
2534 3099 4
1619 12387 5
9766 14743 7
12310 15443 9
4869 8474 10
9120 11436 2
4162 5311 7
7703 16298 7
1882 14839 9
1708 1962 3
4059 11771 10
8868 14759 3
10433 12175 3
4417 9912 1
7021 12071 5
4067 9871 10
1699 9802 4
3833 13871 3
10585 16022 9
6430 15153 1
2369 13707 4
5634 10902 5
8201 11036 2
315 583 4
8812 13134 4
4026 4818 7
4664 9980 10
4011 11783 3
5166 6782 3
8840 14144 5
10038 10974 4
8572 12750 6
1627 6745 7
1017 12045 8
8993 16935 3
279 8367 7
2351 13459 1
6065 14015 4
7114 11752 5
11407 16616 2
73 10201 7
2282 7270 3
8732 14515 2
7143 16316 10
214 14521 2
12353 16356 10
9020 13169 3
10652 10860 6
2487 9296 10
7659 12232 10
800 16739 9
7775 14035 8
5032 11628 1
3671 14792 9
198 16437 2
12730 13556 6
2631 8941 4
8841 13025 3
1967 6770 7
3555 9406 9
5306 7032 3
2092 7199 5
5119 15615 2
91 9084 9
9853 11622 10
298 10270 3
3488 13473 8
6690 12168 5
2613 13950 7
1999 12185 10
5912 7906 7
7008 15543 9
3667 6951 6
12542 13128 10
12452 13998 9
1042 10916 9
3044 13156 3
4915 7920 1
7614 12251 8
7407 7715 5
6600 10903 4
2417 11655 10
656 15477 5
6786 10050 8
7531 14104 2
10046 13500 8
2222 3515 5
1268 12193 2
9768 11063 2
8089 11077 3
1641 16605 2
6170 10682 8
5179 12704 1
8049 13533 4
6280 7889 2
7287 9891 10
560 11487 5
2694 7406 7
6073 8687 3
6924 14466 5
7160 8267 7
2807 6659 3
14169 15697 4
4193 10575 2
722 15361 2
255 13259 3
2925 11913 7
4639 9644 10
187 4217 9
5659 16284 6
1916 12877 10
3999 4002 10
6075 9144 9
3297 15269 8
3459 16425 9
6681 14987 1
2767 16592 3
6947 10334 1
4801 11541 1
10 10145 7
9361 9609 10
11041 13238 4
4923 9226 9
5006 6251 1
293 8762 1
3033 12119 2
875 9454 5
13959 14691 9
10502 10833 6
725 11229 10
3466 8234 4
11731 14613 8
814 1788 9
8769 13784 3
3022 6746 1
9315 14414 3
7466 14067 7
1830 13232 6
9149 9423 10
5937 14227 9
11446 15749 8
2229 6231 8
13387 13858 4
9420 13369 7
2955 14145 3
6652 12691 3
5085 8500 3
10437 12839 5
4488 13155 4
374 975 5
1756 3183 7
590 13549 3
7770 10076 4
5284 8571 7
6654 12367 3
2890 4719 6
4574 16430 10
680 6874 8
6949 7191 3
3488 9918 2
13026 15705 8
1426 15415 3
10530 10923 1
2369 4792 9
9112 11390 10
9733 14679 5
204 15683 8
798 6885 5
12094 12185 3
357 1881 3
4900 5367 7
6061 8138 6
10676 16279 3
2293 3002 4
627 6016 2
4998 13856 8
1641 4583 10
3298 6631 3
9160 14859 3
8117 9917 8
1006 16127 10
12102 14277 1
4206 8177 1
4989 11831 1
10131 12024 3
3087 6709 6
2212 16379 7
2534 13373 4
4327 8164 10
1086 11974 4
15319 15812 2
2392 12584 7
5197 15807 2
4556 15174 10
415 15500 2
2788 15598 10
1373 8404 6
1311 8028 7
7182 16783 5
6099 7027 8
3891 10583 6
3284 12104 1
950 13189 5
230 13328 1
1142 10448 1
11678 15870 4
5500 12817 8
7245 9959 5
6822 14764 1
1674 5755 10
8501 10693 8
2322 15566 1
10329 10596 5
7988 13969 10
8605 13381 9
2837 9032 2
6612 14195 4
4720 9007 2
1916 13038 2
12387 15334 9
7486 7704 1
4232 8127 1
114 7939 6
2024 11589 10
4604 4693 7
516 15489 2
10429 13082 10
2216 12608 8
9579 14319 4
11316 15425 2
9296 16818 2
9081 14201 1
6277 11208 10
2033 2080 3
1620 12241 5
7322 10885 5
2288 16020 6
8358 11906 8
11013 11734 7
3304 15879 8
11241 15774 9
2222 14822 5
2443 13811 2
7128 12916 2
9099 14624 9
2432 16420 5
1349 7937 8
9694 10905 6
3188 9369 10
1260 11892 1
1704 1958 4
4785 11400 2
5650 12728 6
1300 16789 7
3729 11225 8
454 994 9
1160 6043 2
3123 11647 8
9842 13654 6
7633 7757 9
13512 14362 3
9439 11309 4
10899 12772 5
5070 14872 7
5169 12351 9
1262 2164 3
5824 9808 7
11011 14440 6
8527 11469 5
3205 9470 7
4125 14582 9
2454 6480 9
1088 4705 3
7236 11775 4
5301 9659 3
6330 7789 2
1852 9989 9
1940 6146 9
495 15456 3
2672 14146 8
1484 14118 1
7681 13687 2
2626 13474 8
279 1261 3
1466 13552 3
333 5278 6
3313 10025 1
9590 13050 6
370 2551 5
9756 13325 1
10592 15687 4
2408 15690 7
806 11514 5
6331 10875 8
2613 3885 7
5481 8291 10
2045 4118 7
2608 9690 6
14898 15050 7
12507 13727 10
3865 10053 7
1273 8766 7
3323 7181 7
5501 13437 7
5315 13723 9
3424 11013 10
13572 14171 8
10493 13037 6
2822 3982 4
5947 10386 2
1620 9957 10
4950 10328 3
1932 6284 3
5286 15263 1
3168 8403 9
6395 11968 4
5204 14775 6
2995 13242 9
6996 10546 1
2137 10852 8
2064 8195 8
183 12996 6
2651 6216 8
5638 13896 8
5827 11778 7
6282 15402 9
264 4957 2
2123 11880 10
5711 6968 3
12815 13601 8
2472 7290 10
4545 12914 7
449 4265 4
8909 14046 3
2566 5402 5
13056 14955 8
13600 15953 6
2528 9705 1
3359 13525 10
8468 10790 10
2324 3658 8
2719 10800 5
9389 12894 5
3572 14887 10
8227 15122 8
8914 14677 2
2456 16756 9
5961 11299 3
11993 15678 5
1147 5547 8
2900 11761 6
11828 15267 5
5194 7512 2
5610 15179 9
6874 16155 8
1319 13530 4
3948 7452 10
7419 15748 10
277 5948 6
13942 14492 1
2684 3024 8
2787 5097 8
977 9648 9
7355 12621 1
5461 12245 6
8726 9857 8
11389 15069 1
5897 10104 1
1592 7152 1
2175 8464 1
316 9250 1
8010 13848 4
2759 8894 5
2259 4194 5
1225 9257 10
2364 4349 10
5843 11721 8
5596 16284 9
9162 13524 4
13553 15159 6
4061 8960 7
3624 5648 2
8145 12336 10
7586 11003 8
3597 14528 8
5226 8831 5
128 11859 1
1270 13492 1
4526 11531 6
8222 16135 6
5459 11728 9
1739 9464 1
4780 6252 1
5892 6706 6
662 15348 5
6899 15996 6
8756 11295 2
7733 10229 3
3951 5306 4
8125 13807 1
6162 11769 4
11834 14709 2
9598 15599 1
1625 12360 9
6270 11438 10
5771 7428 5
2488 12098 9
10019 16941 5
8098 9768 7
1898 5316 5
7899 9446 5
6145 8854 3
859 14635 9
4920 8145 7
1372 13546 2
7300 9981 10
2872 3652 4
10515 14101 2
9483 12084 7
10740 15358 9
3472 8065 3
4266 4644 3
8072 12940 6
579 15201 1
10989 16824 6
3889 12908 3
1022 11430 4
12976 15458 8
3552 11807 7
6561 14060 3
4308 11239 10
7243 15545 6
1388 5422 3
4286 6194 10
10068 15574 10
797 7601 8
7954 14990 2
1578 11731 5
1407 9122 5
7295 14161 10
17 10089 1
8054 9829 6
4412 12961 4
7020 13717 6
3904 5096 7
2518 12212 2
4017 6262 6
1801 4904 1
12927 16665 5
7518 8995 3
1334 4715 6
1691 4022 6
7069 7178 10
899 8537 10
11245 11888 7
12064 15373 7
3170 5952 9
975 5771 2
8014 16769 4
11296 11543 8
3781 13295 10
10773 13267 8
5301 11363 3
8780 10717 8
2969 10790 7
5558 15757 8
2367 4997 2
1572 2783 7
6147 9160 4
9911 15767 3
1879 14361 3
5008 12248 9
5688 13353 10
10823 13766 3
12911 13804 2
6257 13620 6
10357 13008 1
4983 7588 9
1840 13933 6
13992 15582 9
2847 11241 10
2963 14319 8
2440 9031 10
607 3032 6
6002 11665 7
2890 3835 3
896 15381 6
2488 9296 2
6076 12564 1
5386 13507 8
469 2823 9
499 2500 10
2982 6583 10
11906 14210 9
9783 9993 2
5831 10652 2
3951 15040 5
10039 12449 1
1814 8238 9
773 10977 5
8209 13444 1
3666 5098 1
1135 1807 1
3411 14646 3
9194 14151 2
13612 15145 3
6775 15300 3
5001 11476 1
7778 7939 1
4680 11468 10
8093 12663 9
2275 12053 3
604 11313 3
7096 12551 10
6163 12777 3
2216 5651 6
8279 10679 6
1125 7470 10
435 1962 9
2986 12546 4
10771 10956 5
5582 14056 6
7241 14321 1
4565 10805 5
2797 13299 3
3793 15206 2
2136 6372 10
3920 11585 9
7964 15440 8
9692 10539 4
13321 15832 5
1592 3457 4
1428 9249 7
1658 6011 7
2641 12746 5
6074 7977 2
6556 7438 9
4423 9572 6
6347 15800 5
2627 15460 7
2166 10233 4
7470 13431 5
5568 12088 8
5997 11818 8
8966 14999 4
5558 8719 4
8739 10043 10
3709 13322 4
1258 4397 1
2914 7058 8
6911 16060 6
16003 16957 8
11990 13127 8
8599 15735 6
7828 14878 8
1934 3506 2
1222 1791 1
13026 14999 6
6550 11533 2
2050 11146 3
8411 13554 2
293 3900 9
932 12479 6
923 6127 4
2788 2968 10
14178 14808 8
10488 13295 4
6730 15108 7
15660 16054 7
10577 14359 10
1954 15204 9
1460 6209 6
6314 8049 8
7331 7963 4
6462 16194 5
6036 6879 4
2453 12438 8
6221 16343 6
8144 14476 6
12997 14101 8
10474 10732 9
6240 10801 6
781 3997 8
1532 5618 2
3903 7485 2
12372 15678 5
364 8462 8
6261 9307 1
1642 3002 3
12821 13895 3
10641 16773 4
9355 13634 5
12780 13846 3
1429 10310 3
6610 14953 2
9331 14023 5
9200 10208 1
6647 8772 8
482 2154 8
1834 7448 1
2170 7137 2
10764 14557 3
2423 14970 5
6657 12324 10
2245 8229 5
8410 15028 10
7797 15668 6
769 1842 2
3908 13424 9
562 14756 7
7475 9830 2
7227 9608 2
6828 7608 6
8275 9896 5
7725 13323 8
11213 16608 5
11657 16978 9
14231 14510 6
1627 2930 6
3689 14995 10
14290 16868 8
5868 13443 6
586 890 6
1903 3978 1
2556 6856 7
692 13195 7
5832 11271 3
9373 13523 5
6026 16969 1
8379 8390 2
2857 12886 9
10564 12323 6
8853 10400 9
307 9309 3
6573 6721 9
5043 10077 7
6368 6371 4
14154 15549 4
6879 8912 10
1783 4906 10
10272 13731 7
4166 4436 1
11800 14946 6
1891 11456 2
4452 5092 9
986 14462 8
1284 9561 5
4383 13805 3
2666 3521 5
4734 10184 8
11799 13721 5
5643 13408 5
5021 11310 6
3985 4016 8
47 15190 10
8458 12522 3
3255 9540 8
387 5827 4
1163 1895 6
7862 15088 10
9925 15631 1
4510 14436 3
3317 12580 6
3560 7092 3
11545 13326 5
7850 8460 1
185 9019 5
672 9310 9
604 9635 4
10636 10699 6
1869 14763 1
11046 11757 8
3738 9324 6
5815 11848 3
4954 11128 10
8659 15415 3
7374 10037 1
1595 9781 9
11255 13201 9
3053 9823 5
9315 14575 10
4138 6602 9
7931 14474 7
8361 13603 8
3133 12252 6
292 9639 4
177 15481 6
9482 15704 7
357 6192 4
7536 16102 9
2258 2720 8
777 3345 4
9882 14162 5
59 5755 6
639 14244 5
7281 7706 6
12925 14236 7
7369 11401 8
284 6336 6
215 12119 4
2149 6888 5
4638 6737 7
938 1507 1
5221 10422 2
2683 3825 1
10045 14121 5
8268 14474 4
580 3444 8
4216 4772 3
6619 11866 10
5030 11902 2
148 15857 7
9977 10922 10
5482 14606 3
11241 11883 10
2284 8308 8
9818 11872 1
8301 13665 3
3369 14929 9
598 7376 3
11484 14488 1
11957 15380 6
762 4645 1
3639 8719 10
2578 5673 1
12217 13742 6
301 11480 8
12430 15901 4
4770 13961 7
4106 16977 1
3193 4444 1
4409 11801 8
8783 16254 2
4837 9675 7
1235 15818 10
6920 8311 10
3657 8134 7
889 5607 2
26 7126 1
2618 3692 9
10835 12376 9
2580 16834 5
6114 9501 9
1499 6836 4
676 7368 1
2184 11075 6
3450 9129 9
7683 8757 3
2087 3599 1
9862 14522 5
7445 10192 1
6699 11292 3
9010 11349 7
3257 7180 6
3028 6389 7
11858 13542 2
8038 14609 5
8343 14340 2
13657 15773 2
10639 12820 9
1992 8414 9
1946 5112 2
2100 5708 10
2459 4358 10
11736 16320 9
1519 9096 6
4050 12382 5
14299 15165 4
13694 15505 8
235 3824 7
5552 11015 4
7250 8591 9
842 8479 7
9891 12704 7
9021 11589 2
7464 11497 6
6003 13298 3
8978 15056 6
1014 8030 10
6619 14422 5
8475 15553 4
3554 6399 7
2007 9214 8
10525 14320 5
8508 15483 6
6068 7720 3
1090 10751 1
8184 11377 3
5976 13570 5
10958 11286 3
3109 10553 4
8887 11365 6
262 8051 4
2443 5780 10
1504 7939 7
4630 4693 6
3761 10988 5
10357 13226 6
10243 14915 3
6806 10696 7
394 12537 6
3922 6686 9
1186 10442 3
1934 12934 6
5628 14145 7
10253 12085 10
2933 5543 7
12215 13566 3
980 10042 6
3530 15087 6
10973 15737 3
6965 9609 10
1262 5950 7
10572 12287 1
69 3281 6
1123 10123 2
6446 6541 10
13142 14509 4
6704 7567 3
6981 8813 8
3334 15909 9
5085 14691 3
160 13982 2
7166 14224 8
157 5104 3
3379 5838 4
1889 13567 6
6888 14950 6
7857 7899 5
12464 15495 5
12693 15803 9
5842 11302 1
4032 4298 1
4698 9452 7
9473 9636 6
6605 11600 10
5942 11385 3
10229 15218 2
929 3981 5
11549 13172 3
1942 10530 1
7734 15263 6
5810 11488 9
3489 9757 6
1191 5991 10
4244 13529 5
10115 10745 2
430 5351 8
2335 14580 3
1983 5494 5
8866 13728 7
8541 11771 5
7681 12658 7
5261 11483 9
7315 16905 2
2937 6953 4
3885 13317 10
5482 12529 1
4126 4784 6
4779 7194 10
11505 11517 5
2546 11925 6
5256 5821 10
4770 12686 9
4155 12965 3
4550 11866 3
10847 13166 9
305 3700 9
3409 13552 5
3856 15815 3
14877 16649 8
7477 12409 8
3764 7991 7
8632 8878 1
753 4070 8
7695 9673 5
960 2228 1
2997 12321 10
15476 16330 4
6153 13681 6
1093 6092 5
6726 14011 3
3240 13449 4
2842 15596 8
5281 5297 3
559 2398 9
11590 12957 8
3158 15174 7
3786 12676 10
5219 7462 6
7596 15643 10
815 10625 6
3120 13282 8
8688 9182 7
2178 3509 9
2437 15703 6
1882 11279 4
4762 13552 4
5193 12905 5
3376 12381 5
11391 11401 2
7626 15856 10
2168 12534 7
5110 13767 7
4345 10844 7
1338 9412 1
8942 9888 2
5398 12656 7
11679 15012 8
9214 10322 5
12090 12216 4
2130 10224 5
3792 8554 1
2153 14165 3
7221 12442 4
12304 14523 4
3288 10861 9
3908 8336 8
4038 15491 10
3312 4098 7
5438 11309 4
6339 10227 9
6313 12247 10
15314 16970 8
13633 15567 3
10442 11883 9
3354 5888 9
347 2586 8
13375 14087 6
713 3462 8
3667 13216 3
9646 15405 8
4791 12454 5
7146 13392 7
7439 11207 4
10210 12722 1
1947 4222 9
3013 5014 10
6693 8857 4
6583 12168 2
4901 10864 2
12867 15854 6
13051 15423 1
1941 3227 7
13778 16854 6
2498 9027 3
5564 14422 7
5173 5761 4
4542 7082 4
5144 5712 6
6469 11401 6
9586 13021 3
2090 16350 8
9031 11617 9
2656 6403 6
7094 10030 8
8390 14868 5
3536 6421 9
4184 11633 9
8821 9623 1
11733 14979 5
3612 14505 1
9213 13974 7
377 6598 1
5103 12858 9
13734 15176 5
3744 12276 5
4862 12462 10
8676 14088 7
6526 7313 7
8459 10125 7
1126 2116 4
3087 13537 3
10794 13792 3
2970 11442 4
8896 12236 10
6364 12750 2
3856 10367 7
5618 13432 4
757 15332 2
14269 14373 7
14769 16222 7
4551 14716 6
7088 13429 1
2766 9536 5
2703 7465 6
1157 15753 6
2218 5693 5
11281 15884 6
3571 10730 1
5184 14901 8
2245 8066 7
73 8061 7
2023 4350 6
616 15664 1
4152 8643 2
2377 12346 6
1172 8754 10
6410 10144 9
5532 11897 9
3591 7296 2
7178 8918 1
5274 8176 1
1258 2389 8
14202 16429 8
1678 3350 9
8852 14439 3
1127 12539 4
7785 16991 5
148 5934 2
5824 15487 3
8879 10539 1
10961 11864 7
6225 11578 5
6384 8022 3
9939 15593 10
12802 16434 8
6719 12600 6
3447 16604 6
12407 15758 7
14793 16026 2
2594 7089 3
2378 9024 10
410 6101 10
4207 13266 6
4603 5597 2
3919 6115 9
4555 7716 8
4105 4283 6
9774 15091 7
9372 11596 8
7826 12364 6
8487 8717 5
3532 9202 8
9311 10959 1
6531 8894 2
3879 10409 10
12578 15155 6
2628 16642 10
5197 8410 7
7116 7398 1
12496 13607 2
1731 3488 1
15823 16028 1
3151 10720 6
13566 16132 1
4356 10918 8
3828 4553 6
1077 5677 5
6115 9823 10
7097 9386 5
1324 12417 4
11775 16019 4
10807 13507 1
13794 15706 9
2590 10302 3
5886 6121 10
6786 15945 10
220 12790 7
9371 11662 4
5069 10495 8
1524 13669 7
1007 2966 2
8827 11063 5
6643 11502 1
3652 16688 10
3147 15473 10
2405 14423 7
16584 16891 4
6541 13192 9
10089 12946 4
11704 12040 6
2508 12326 1
3724 9210 6
9874 10408 10
9499 14455 2
3372 4783 10
4089 4876 9
201 5179 4
8564 12330 5
785 4264 7
13336 15556 5
1145 14745 8
969 1327 2
772 1273 9
7007 8113 9
11717 14541 4
3025 16309 6
7366 9636 3
2484 10645 1
695 2136 2
6393 11656 8
5539 9854 5
468 4856 5
3921 8656 10
1900 9937 2
4475 5114 2
8260 9955 2
1300 9302 5
2304 16379 2
48 5936 10
6166 13920 2
13 13486 1
1113 2934 5
8245 14904 3
10627 12780 3
11970 13734 6
556 772 2
8144 10053 4
5443 6938 1
2053 9409 7
14099 14373 7
7428 15028 5
8882 14274 10
15107 15921 3
8816 13846 9
4408 4793 9
8140 13843 6
2800 3585 6
3351 9702 8
6057 14201 8
2411 15326 1
4595 10286 3
5051 12269 4
1175 7757 4
7453 10174 6
5953 8364 3
71 15218 1
2464 8098 8
1482 16133 4
919 1700 10
12558 14127 7
4023 4730 6
3627 12403 5
665 7206 3
2963 12087 8
2765 8719 1
1644 6198 6
4534 13213 4
4967 10477 1
3116 13475 7
9407 14801 1
1274 11045 5
2309 12237 1
3328 14055 7
5349 15685 2
4041 8134 6
9203 16660 7
4756 7981 9
13811 16690 7
6328 7797 2
132 12469 1
1906 10116 8
1974 3340 8
3710 3827 6
10410 16076 10
7325 9362 10
5035 15155 9
167 4017 2
9411 14515 4
5006 8458 7
8840 16446 7
3915 5145 8
548 10549 8
1230 8325 8
1001 11222 7
2484 6938 10
3775 13779 1
1213 2868 4
3411 13099 6
7906 8530 6
6571 10237 3
4247 4432 4
3374 13681 8
14885 15091 9
12091 12099 5
4965 11258 5
5973 10200 5
7964 11639 2
6386 16945 6
4931 10103 6
3277 5183 8
1731 16209 6
3589 12043 4
8841 11382 10
1712 7630 3
1665 11037 5
8988 11231 8
6628 12604 1
2793 11492 1
12528 15011 10
3416 16724 4
8238 8600 7
5435 11415 4
4234 12845 3
4160 7056 10
599 12017 10
8654 12225 7
6193 11152 1
4939 13292 8
543 4171 3
4106 8531 8
14432 15890 2
10421 10837 10
4223 7886 9
6504 14353 1
3310 4906 2
6990 9053 3
477 3731 4
2093 11386 7
6276 12069 1
3969 5329 2
2723 4899 2
5820 15311 2
869 7954 6
9844 12226 1
5373 12951 2
1367 5188 10
1221 16820 3
6011 15517 3
3787 12804 9
3022 11881 6
10654 15470 8
9652 14167 1
11969 13403 8
5421 7768 2
8709 10647 9
3971 5008 3
3972 8562 6
2732 9524 9
6072 9591 9
7445 12411 7
5419 11724 10
11159 15469 7
1551 6398 9
3460 4512 1
2819 12621 10
6688 10744 3
1123 10533 3
3202 15807 4
159 6553 1
3980 13058 5
14622 15339 7
7244 15391 6
10565 12839 8
2322 12878 1
451 16842 10
8545 15695 3
5487 5822 2
10865 15473 4
1175 14338 8
1115 15639 5
3049 15579 9
3138 14852 1
163 8890 5
6092 10863 4
5457 11675 10
478 14423 10
1807 14754 5
4212 15907 6
3990 6066 3
11214 16026 5
27 12134 6
2871 7599 2
10715 11485 8
4051 14796 2
8750 12408 6
8488 11740 4
12942 14973 7
7052 11030 5
2310 13520 10
9068 10098 8
6833 14424 1
1675 8984 3
2575 12193 3
1106 5070 2
2799 12397 5
117 5657 1
5259 7371 6
5532 13667 10
7407 11523 3
4558 8933 8
10370 14164 8
3570 4242 9
10380 12740 2
1360 2776 6
3743 6687 6
1825 11052 6
9500 16591 9
1543 5692 3
6676 6989 5
11412 13532 7
1501 14263 8
1848 10679 2
133 7944 4
841 6145 3
9017 11149 8
6875 7496 3
2906 14569 3
6507 10832 2
5243 14833 4
3538 13991 3
5586 7059 7
7207 13423 4
2935 14571 2
1223 8880 8
11027 11359 9
3002 7462 7
4847 7577 1
5448 8836 6
5245 15397 10
594 11585 1
4437 6720 2
7591 14784 1
14221 16899 6
4307 5409 1
236 15517 10
12592 14439 1
4764 16586 6
8451 15027 9
159 8443 1
10595 11332 2
7896 14496 1
3344 14746 7
11243 13215 6
11645 15194 8
2208 3046 1
850 5801 6
4954 16206 2
3702 13066 9
770 9796 4
725 4997 8
12726 16493 1
11920 12292 1
6914 15776 8
13336 15206 1
7279 14989 2
13822 16489 7
526 11591 4
9780 12989 6
459 13730 4
6583 11155 6
10400 14962 8
10720 14491 8
1960 14370 2
11865 13362 4
4880 12328 8
8265 9555 6
3578 5480 6
4441 11424 5
4852 15353 5
3495 3497 7
10988 15710 9
7573 15556 1
11728 15506 10
10497 13807 8
9885 13893 5
1027 8052 8
7117 7637 6
10922 11358 6
10889 11094 4
6452 11500 1
2582 7433 7
7200 14694 10
8339 12838 6
198 7859 2
818 3269 1
10461 12994 4
8175 10551 9
4687 12727 5
1561 9073 6
813 8658 9
1075 8898 1
8222 13178 8
1740 13377 7
5793 8800 4
4138 15036 9
528 9946 5
3980 13586 3
985 12986 4
219 16558 2
2669 3026 7
5541 6070 3
6676 15543 10
7982 10732 10
151 1866 1
371 4531 6
6398 13195 10
1931 5579 4
13605 16033 5
1514 1886 2
1073 15649 3
5727 6546 7
3277 11653 4
4943 7759 2
6774 14100 4
5763 8234 5
8121 16291 8
9409 10611 8
5680 16504 6
4960 8248 2
5075 6256 7
5325 16970 5
4366 13681 6
2755 9644 5
1297 8957 6
3146 14619 8
14520 15276 1
11441 16107 9
11842 14489 5
2465 3255 1
10115 13309 6
2079 11879 7
183 16042 7
516 2733 10
2693 3603 10
791 8412 1
5356 14058 9
5626 10849 7
616 5757 5
9711 13172 5
743 8047 10
1989 10790 7
15025 15208 7
7234 9654 2
11333 16953 3
4910 14891 8
2902 13951 5
9259 9308 10
11838 12732 6
8516 16612 1
7595 10592 7
5417 10306 7
3058 3267 1
1043 4948 6
13046 13500 2
2552 6148 1
876 2823 9
7014 11136 7
1003 2552 9
4886 15346 8
9655 13470 8
1110 13082 4
29 3207 4
2997 9100 8
15470 16873 5
13490 15533 7
2730 11195 6
5383 7709 6
5324 8542 8
5341 11611 4
11173 12149 10
10658 15545 1
12272 16325 6
3225 15080 7
358 5439 2
1701 2055 8
6908 13719 5
10908 15038 4
10661 15625 4
2979 12477 8
661 9351 3
5040 7307 8
9513 14670 10
6204 7147 4
6853 16833 10
12572 13100 9
4991 7825 2
7503 15051 10
8259 8365 4
8719 14932 2
6989 9490 10
7039 11569 2
446 12996 2
2784 10246 1
8703 15632 3
15018 15050 3
6554 10871 6
12065 13067 9
1724 9191 2
3062 15623 1
11875 13224 1
3512 13119 1
6724 11039 5
5969 7947 7
10937 11299 7
3432 7346 2
13826 14283 6
4310 8174 2
7744 12770 9
14680 15384 6
1966 11233 7
12974 13633 10
11491 13518 8
1222 14150 9
2337 11426 5
3892 9958 3
5323 10560 10
8276 11470 10
4968 12609 6
6963 14985 2
3198 10135 1
2941 11464 10
6268 10405 10
6362 8610 7
3759 6521 8
5937 8335 2
4199 6410 3
11729 13155 5
2242 2253 4
3047 16489 6
3583 10291 4
7445 12986 5
3441 16889 1
2705 10399 1
9526 15986 3
6349 12572 3
634 16042 10
12200 14238 8
8216 10843 7
7119 13706 4
11356 11568 5
6891 11489 6
1609 16181 5
687 13886 5
3512 14899 10
8438 15224 3
3313 6776 8
4029 8865 3
4029 15547 10
1770 15379 4
6074 7274 1
1070 6545 9
1085 4765 8
5657 6879 9
2597 7585 9
10216 14548 2
7890 13006 3
3036 12989 7
3557 5868 5
6288 6883 3
4615 13753 6
214 13973 8
4695 16283 10
7987 10934 3
2904 15287 7
1685 11502 8
1902 6120 7
501 915 6
3498 4264 3
4587 14019 2
1580 7898 3
6872 9497 6
3972 15579 4
7717 13855 8
8078 10143 10
3582 7539 1
3230 11394 5
634 14566 9
5135 12752 7
3709 12285 4
6802 9104 8
3329 13785 4
100 5119 7
2839 5526 6
721 966 1
324 7684 9
816 6970 5
7628 12173 4
4703 15491 9
10641 14974 3
4617 16032 3
13784 14752 6
3543 16430 5
2382 12953 9
10456 14818 2
1032 4092 4
1265 15769 5
532 12922 10
4017 5072 5
9361 12992 8
1515 2318 5
2635 2870 1
6847 11078 1
8925 14233 5
6215 9597 6
8926 14692 5
5763 14527 10
11711 13380 10
1819 3887 4
1270 7459 2
8460 12529 2
6337 9006 4
2584 16618 5
3055 5577 5
4678 5470 10
744 8637 4
3776 6228 10
4648 12356 1
14524 15142 3
14404 14639 8
13595 15971 10
6893 13772 8
1818 8126 7
5265 13322 4
6231 8031 8
3651 15333 7
7989 12854 8
7301 16153 6
4057 7874 4
750 12797 8
7403 16363 5
9382 10839 4
501 8211 8
4856 9728 1
1688 3913 5
8635 14205 4
4017 9825 2
4083 9939 10
13689 14677 5
9145 10091 5
4544 9886 1
12064 16457 4
7505 13756 5
3198 8542 7
2968 4775 6
820 6100 9
2623 10737 6
3350 11947 1
7349 11099 10
444 13485 7
637 12633 9
9598 11226 6
3162 16658 7
122 4904 10
394 4219 9
5971 8714 9
8506 16329 2
2053 11317 9
5582 8056 2
3447 6954 3
5124 7781 6
10901 11428 10
2035 3482 1
4273 16682 9
3123 11443 3
14506 15775 2
1783 15491 2
8339 10635 9
536 2355 2
796 5252 5
537 12079 1
3709 10974 3
11644 14651 5
2735 3337 7
5031 10408 2
3326 7572 10
2060 7935 3
1184 10840 8
1732 8987 3
11126 11224 8
6906 9411 10
7801 15762 9
3879 8504 5
1172 15758 3
10404 12383 9
2876 16732 6
7361 7400 1
10406 13624 2
9616 10165 8
11222 11333 8
778 8631 6
3987 6610 1
4198 10432 10
6188 12773 7
4886 8417 3
9893 13974 7
8171 11722 7
3165 4170 7
11100 15948 4
8019 15709 7
3531 10234 10
9544 11405 2
654 2964 8
5566 13674 9
13966 14478 4
4504 8670 8
3934 13122 1
334 7338 8
1087 12357 3
4460 14223 4
2538 12351 3
3017 15372 6
90 375 2
8823 9241 6
3645 4017 7
4881 11336 9
1873 4540 10
1056 10259 10
3358 10470 9
6569 15699 6
2810 13327 3
13662 13934 2
12668 14346 8
8705 11416 10
8236 14796 6
480 8345 3
2190 10071 3
3072 15574 3
11283 13552 3
3406 7066 6
3005 7054 8
1488 1694 5
13339 13351 10
4753 11528 3
3617 16057 2
15529 15563 1
4840 14437 5
8960 13725 4
9682 10305 8
1440 1621 8
3043 6648 10
2032 4431 9
9618 10484 2
2199 8512 3
335 6758 3
576 2385 6
15195 15366 7
9841 11379 3
2911 12521 5
8388 10423 9
8761 14829 3
85 15499 7
6314 8048 3
3351 15421 5
3189 16381 8
4569 6325 6
9455 15538 3
5592 11779 2
2195 5290 5
7446 8213 6
14930 15023 8
2696 5253 1
7814 13501 9
948 9917 7
1943 4593 5
10868 15950 5
1785 2945 7
9820 13209 3
14763 15615 3
10302 11308 2
3703 11735 10
8021 13191 4
8631 8731 7
3434 10489 4
6158 9304 9
14239 15516 10
738 13688 9
3123 3186 2
12291 13814 5
12331 12520 4
1756 11937 6
8713 10808 1
1147 14709 2
4570 5579 6
9571 15364 1
10611 12816 10
5862 11746 7
3430 8549 5
3056 4750 4
12420 15851 5
13764 14252 4
4693 10957 6
898 13398 4
10542 14006 9
5628 6763 5
13893 16180 2
2135 9833 9
1562 3839 2
1722 2806 8
2659 2867 7
11726 12789 10
5064 9495 2
1529 6194 1
11431 16676 6
1583 5373 10
6843 14007 7
1002 9566 8
6167 7635 2
5898 12204 4
6124 13192 2
4323 16100 3
10417 15749 10
218 7618 5
1056 9876 8
11131 12940 10
4296 15206 6
254 11193 10
10833 12600 1
4966 14953 1
10773 11347 5
6840 11723 3
4219 8274 2
213 5409 2
3313 8891 4
7580 11585 8
3706 5573 10
7734 9466 1
5077 6239 5
4703 13596 2
14533 14864 2
3990 4695 9
5639 7790 3
10056 16654 10
5780 8351 4
5786 15862 5
5135 5275 9
228 8545 6
11891 12734 2
9758 13439 9
10466 15809 5
12229 15252 4
3007 11319 10
8950 13490 1
1150 13448 4
8563 15818 10
6733 12488 5
7065 7653 3
5951 8847 7
937 13346 7
4244 8107 2
7400 11534 2
5164 10737 10
889 9268 3
5667 11328 1
4107 13372 3
312 1040 3
8096 13883 4
6474 9738 3
9216 9239 1
3301 9952 6
15463 16096 4
7081 12014 2
1997 7085 2
4572 15158 9
3189 9450 8
5770 15685 6
7663 14534 2
13112 13354 4
8910 11846 4
1852 14239 7
8931 14691 10
14164 15650 4
4512 12597 7
4473 4899 1
9107 12316 6
5642 10385 2
2960 11912 9
7716 13679 6
1878 15269 5
2647 4686 8
12330 13377 9
959 1613 4
1086 9497 2
106 6713 7
3514 5067 4
3192 4843 3
10530 11033 7
5923 13348 5
490 12151 4
6216 16198 10
12429 15309 7
4989 10693 2
2315 4882 10
1474 12907 3
12391 14077 7
6467 16563 4
9282 12178 4
4753 5665 2
12291 16562 6
13689 14233 5
9510 12291 1
786 9059 5
1153 8600 5
158 1670 9
273 8975 2
429 9352 5
8150 11589 6
5068 12567 7
4798 13935 5
414 3273 2
12175 15568 2
14130 14951 4
4286 12185 1
953 11064 9
5661 9076 3
2997 9053 7
12422 14517 1
1128 10964 6
1563 9318 10
1086 10122 10
2761 7781 5
4737 5739 9
8889 14777 2
2963 5279 9
10263 16956 7
11893 14780 3
14312 14854 6
11571 12805 3
2855 3660 7
6319 6349 8
8338 12395 7
6903 12971 3
1314 4441 4
1738 4815 4
4490 10045 6
7863 12613 3
1705 2947 9
11246 13932 1
8488 11067 10
1619 6205 10
9466 10410 6
1578 6045 9
10521 12706 2
9360 10501 5
4124 16692 8
7155 9674 8
2211 4015 6
11116 14724 3
10724 12098 8
2835 4876 4
1649 3201 4
772 5391 3
5464 13028 2
7395 14585 9
53 13674 8
7811 9212 8
5232 6213 10
2306 10001 6
6566 11497 1
4075 13581 9
1132 1739 6
7441 9404 6
12790 14967 7
6630 8166 5
808 10916 1
4232 10638 2
2051 12733 3
382 2144 9
10506 13445 3
1156 8950 7
8035 12341 3
8660 10173 3
4573 11359 9
3468 8793 7
4460 5961 1
2762 7868 2
9268 15592 7
5283 12861 5
9388 10906 10
14472 15879 3
4817 14959 10
7954 8704 2
11243 11444 5
3822 7618 5
5778 14471 5
7599 10208 8
8168 15273 5
10964 14757 8
1069 5179 6
1654 9099 6
961 6189 6
3263 12945 6
12493 12818 4
6385 8270 10
6101 6778 3
2345 10724 1
13768 15690 1
2975 14469 2
9211 13137 3
43 10545 1
1045 15453 7
622 1623 7
6911 12132 7
4874 13709 3
728 2991 7
2427 7150 7
11567 14686 9
4045 11289 4
12125 13854 6
4081 13618 6
10127 15082 3
3328 9326 1
7634 14661 8
3763 11468 2
5299 12571 8
11196 12293 1
2063 12464 10
6257 12805 6
386 7277 3
6 8401 5
7890 15301 1
293 6113 3
5022 5199 4
3183 7254 9
78 8885 6
7881 14910 2
6240 6521 3
9066 14621 8
2857 9806 6
1498 2187 1
1619 9559 7
5890 16361 10
3866 7036 3
3680 13285 2
6060 6134 10
5947 12887 7
3759 9475 10
10458 11991 5
4234 6147 5
5964 6952 7
1586 4613 6
4161 6525 8
4477 14874 2
6521 10445 8
4652 12408 10
946 1309 9
8143 11914 1
25 9643 9
5230 6062 2
3064 11617 6
7031 9860 10
1190 7179 10
9307 15171 9
7477 13242 1
6751 14651 5
11812 15388 3
13627 15191 5
1150 13793 5
8494 12999 3
3489 6063 7
4222 8306 7
3790 12040 3
8718 13077 5
14076 14569 10
8727 10458 5
2562 5828 6
1542 8032 3
5990 10802 5
2530 13975 2
3513 15167 7
13760 14645 7
844 16693 3
1416 5919 3
585 14238 3
7770 10123 5
3072 8039 7
5603 13404 6
4731 13812 5
3334 6831 7
3175 5841 10
765 8091 3
1204 5315 8
6861 12023 3
6387 6814 3
736 1070 7
1024 12886 4
2802 12357 3
54 2372 4
71 13374 2
7023 10607 8
11897 12439 3
3118 5829 8
509 13388 2
634 2711 2
8100 15956 4
8128 12752 8
1878 16677 7
3214 14270 5
1822 15209 9
2324 15952 8
9821 15076 5
1132 4464 10
7926 7957 5
1402 12866 3
6986 14864 7
2131 2693 1
3613 10270 6
7898 9693 7
5843 6109 1
2823 4385 8
3483 11506 7
5293 15354 5
10708 16921 8
1189 11611 10
3245 10724 10
14575 15364 5
3285 5844 3
8402 13785 10
6715 8807 6
44 6750 4
9977 10460 2
4765 13296 8
8561 14797 3
7554 7739 10
11088 16311 4
10436 15249 7
427 1724 10
7696 11679 3
3760 10719 7
1139 9522 7
2535 7374 8
988 1487 9
9250 15321 9
848 10972 2
2426 14893 5
3878 9912 6
9858 15767 7
2249 7215 5
5712 11458 1
7287 10465 4
11679 13288 7
4549 15574 7
3325 9259 9
15781 15804 6
13900 13926 1
5417 7020 3
13525 15358 6
10681 15018 5
1446 16832 8
8861 9191 5
3742 4886 4
9312 13209 10
1591 2977 7
10910 12597 7
1382 3269 1
4417 5512 4
4292 11255 2
4876 5726 2
2615 4227 3
12613 16146 3
6907 7158 4
2265 8600 1
9627 13100 3
7100 10699 2
6496 12606 9
9749 10757 7
2456 10258 3
5447 11711 3
2526 3270 2
5585 10158 8
4262 14909 4
70 13547 10
1592 15483 3
1689 13462 8
10463 12718 1
3845 12920 10
1659 9563 2
6719 13454 4
2527 8796 5
9040 9535 4
2826 11979 1
4386 10385 5
2561 13083 5
7776 11958 1
7111 13455 6
1500 13732 5
5945 6314 9
5815 10981 10
8064 15740 4
13920 14690 7
2827 15396 5
1271 10003 1
9316 10600 3
39 12530 4
11132 13138 10
8070 16120 9
2624 7395 9
10860 16866 2
2309 7399 3
13694 16645 6
14844 15142 8
4667 10292 8
2043 5361 5
465 14122 9
1990 14960 2
8758 14926 10
3014 3192 3
2239 8493 1
3411 10600 8
5103 6337 9
2884 15042 2
7906 14061 2
747 14234 5
6079 10520 9
3043 15569 5
1357 4884 9
1060 3518 8
4326 8471 3
12648 14298 1
430 13322 10
11846 13278 2
1962 2016 1
7220 10203 4
9399 10905 2
3224 13590 8
6167 10837 10
5198 9461 7
6820 11223 7
3810 6297 4
1895 8793 10
6303 10670 3
6946 7503 7
1969 14965 6
836 5561 5
8611 9115 1
354 618 3
2209 10077 7
5728 10148 9
11557 16004 9
5923 10553 6
6813 14986 2
4026 10477 2
9000 12367 9
6846 9646 1
1236 16028 5
4081 12240 10
773 15597 2
1860 11135 3
8090 12446 2
1580 10638 2
13 9805 5
4822 16438 5
909 6500 7
7672 11835 4
13299 15678 1
1286 13322 4
8247 12017 6
568 14595 1
10705 14643 6
430 2693 3
9754 10738 10
1204 8082 3
11696 13054 2
7648 14091 8
5973 9655 2
3564 8311 1
4566 15691 10
4511 6952 8
3049 5148 5
660 743 9
6241 16871 6
4472 10823 10
13361 15626 4
3146 11471 3
4228 8121 10
11924 13448 3
7568 8028 8
11713 15071 8
4018 16846 8
7438 7814 8
6231 11261 7
2628 6249 7
216 404 4
2315 7686 6
3521 5227 3
3631 8127 6
2332 10587 8
3456 5402 10
4933 6021 3
8850 11715 10
1317 15814 9
6183 13465 10
6049 8583 1
793 13457 1
8750 9398 3
13602 14475 7
899 4116 3
8811 14693 6
2039 9485 9
11185 14169 6
579 5934 1
4276 8201 9
3717 4876 6
992 5708 7
3210 13878 8
2671 3592 2
8783 14968 3
4006 8436 8
7528 13810 9
2833 4156 5
1720 9348 2
1385 3865 5
10429 13317 10
5791 6520 8
3248 5343 8
2711 11247 6
4834 9347 5
2742 7541 6
7253 15202 6
9423 14448 9
6622 10670 3
6645 12845 1
3364 12770 4
7763 11607 5
9414 12911 4
6534 6925 2
1919 14163 10
5997 8239 10
5186 9035 9
14524 14793 3
9009 14081 3
118 8503 3
2732 6751 8
2185 3343 3
12183 15198 7
3989 10591 3
2842 11258 1
7523 8532 3
899 8516 3
3218 11226 10
1202 9832 2
4440 12863 4
633 11198 4
4221 13617 6
16306 16482 2
7950 8940 3
2989 16621 5
8096 11699 5
9256 11980 2
3165 10532 10
772 12750 10
9962 11108 3
15067 15339 2
2833 4609 4
16106 16412 6
11597 11659 8
5608 9788 4
3454 5243 10
3896 12670 2
5978 12161 9
4347 12517 1
2518 14194 5
6930 8918 8
7863 10521 3
14062 15317 1
4286 4999 3
5486 6790 7
9 4654 7
4465 5046 1
5661 13567 6
2454 11437 2
3546 16024 2
5365 15655 10
8529 14325 3
12629 14477 10
10631 14148 3
3150 15908 5
963 8240 6
5151 12975 1
658 2663 10
5638 7684 1
4511 8329 9
10480 11449 4
6170 11622 1
12276 13796 8
104 11958 6
5229 13853 5
10882 14769 9
5101 10751 1
3608 11061 7
4442 12976 7
5349 9266 6
10485 11721 10
3786 13762 8
3474 13787 10
2064 13844 5
5608 10209 6
416 6587 6
5096 14461 2
313 11578 6
2633 10057 3
568 8043 9
4953 15972 5
1131 11417 5
10705 14271 2
4608 11619 4
1632 14170 6
3088 7043 3
9528 12189 8
4356 6088 5
7022 15364 4
1188 13299 8
4108 11296 1
9621 10227 7
448 12370 2
8066 9985 2
12369 14185 8
9860 16745 5
1588 13072 8
5484 7021 9
4782 6106 5
7649 8726 3
1269 11288 7
6747 14359 7
1362 15406 7
2885 14089 8
139 15530 4
8804 14493 10
12677 14064 2
10861 14301 6
10602 12168 10
4480 11033 5
2525 5273 8
6911 10887 2
11066 11369 5
12334 15525 2
2202 4404 7
1746 9555 8
3872 6674 10
8175 15309 5
3551 8788 7
5008 15716 2
5069 8907 10
12078 12311 9
8473 16555 5
2713 3601 10
50 852 8
7622 13547 10
9385 9914 8
117 10811 5
7846 12341 6
45 7407 9
1315 14633 9
10243 12331 1
3152 10782 6
465 9730 4
805 2449 1
7241 15432 5
3666 15003 9
1321 15244 5
8517 13690 7
3133 6405 3
3758 7267 3
13045 14487 3
1465 14408 9
7709 11432 7
5203 6171 10
3 11516 7
15806 16760 2
10716 16768 7
4685 7540 2
9699 16256 8
644 8344 10
1157 9295 9
222 3129 5
410 13553 8
2247 11052 8
2329 10100 9
559 14670 2
4789 7125 3
3397 15383 7
2850 12564 7
5675 13723 7
9799 12236 9
3 15360 3
5753 6568 4
2138 10468 5
2776 8835 9
5766 11786 6
5553 13225 10
3201 7301 7
10690 13257 6
3494 5264 7
715 13953 2
6931 12377 7
1395 5315 4
9769 10908 9
809 7942 5
1139 9659 4
4579 9411 6
7279 9648 4
139 7038 9
9429 9633 10
4163 10948 8
11311 15139 2
1238 4093 2
321 1677 10
4774 12821 7
5604 14132 9
6283 12095 4
4162 11253 7
7022 9407 10
1462 9352 8
2010 13893 10
1084 6818 5
3617 8486 2
1490 4457 8
3454 6909 7
12077 15192 4
4041 6184 8
7124 14681 1
12561 13929 10
1537 10136 3
8242 12198 1
7988 15671 10
1224 15624 3
434 16431 2
2998 10807 2
3082 15375 4
6795 16705 3
3314 6248 5
7043 16839 10
10803 11447 2
5961 10114 9
11688 14931 7
768 10898 8
2324 12064 2
1924 5598 5
5106 14869 1
1288 6523 5
2680 12362 2
3672 12361 1
11301 13878 1
2226 11312 10
1434 5573 7
10701 14600 5
6211 10128 6
5124 14596 9
791 13214 7
10863 11715 10
3365 11214 4
5048 9005 6
4321 10718 6
5929 16842 3
6637 11454 7
4525 10504 3
4975 15847 4
5363 10770 5
4810 12775 7
5178 9764 2
3242 3865 7
987 4033 1
472 7923 3
438 2740 4
10958 16785 6
2516 5119 9
6753 7733 3
5297 8106 6
7763 8494 10
3158 16626 3
4980 6228 8
304 1906 10
2552 13858 8
14646 15986 9
9154 11585 5
4864 5273 9
2438 16945 6
14993 15507 3
519 2934 10
588 8736 10
8084 8406 9
5349 12649 5
3741 4858 4
1758 2730 8
1408 6124 3
10167 13939 9
4588 6347 3
8643 15433 5
2264 12919 4
1864 15010 8
6680 12708 4
10659 10661 3
2194 10588 8
4030 11746 7
1804 8486 1
7173 13602 3
386 4020 7
581 13186 2
9773 11660 10
7091 11001 3
2507 6656 8
10713 11852 7
6078 7116 5
1438 16941 3
1969 5479 10
2874 9998 8
5593 14893 7
4931 11873 10
8173 15748 5
2696 6696 1
13002 13090 4
9106 12859 10
6368 13471 1
1457 2495 9
819 5912 8
1980 16853 6
9460 15058 1
1309 6364 6
5298 14418 1
2322 5921 10
2676 3650 7
5345 9073 4
3477 12821 10
12026 16331 4
2991 8058 6
4520 8863 10
2132 8514 2
4920 15720 3
1789 10561 8
6453 8301 6
11831 12355 4
6901 11901 8
7379 11781 3
6654 10955 10
425 13037 8
6004 10967 1
4847 14636 7
6586 11929 8
1609 7002 2
5127 9897 8
13173 16604 2
10573 13658 10
11256 14344 2
924 15215 1
3985 9926 10
11699 11900 7
3575 3831 9
1247 14290 1
11349 12294 9
2346 14438 3
5807 13243 1
13109 14604 8
53 8734 2
4006 6861 4
7072 10834 2
6970 14875 3
12363 12833 1
6423 15171 6
10589 14768 6
3101 12856 7
4644 13838 2
7502 13292 7
735 6915 1
2106 7717 1
2949 13845 7
3485 8704 8
12942 13003 9
451 15338 10
973 12824 6
265 12741 10
8790 10085 10
6408 7951 4
10807 12563 4
5157 10268 3
8640 12089 9
5473 6939 6
4695 12122 5
6401 7618 2
641 6982 10
14139 16748 4
10234 15810 10
5757 16912 8
3835 12284 9
8101 9643 3
14442 15684 3
5701 9384 10
732 13410 9
14903 15280 4
9507 15955 8
11932 16611 7
1108 14319 4
4869 5418 4
3057 7757 7
535 9384 2
9837 14691 3
2991 9290 7
3788 4466 5
9464 12105 8
4564 13746 4
4252 13827 5
6970 8187 4
1452 10711 1
1660 16410 3
11185 15631 6
10358 16404 6
3515 7932 3
7477 8017 3
6832 8738 8
4233 11315 2
4112 12013 8
922 12869 8
191 2659 5
4200 13841 3
2584 12810 7
5415 11263 7
8974 13994 1
4192 9823 7
7640 14360 10
1339 7930 6
4125 13327 3
3973 10068 10
5285 13989 1
1055 3669 4
14926 15408 6
8097 13292 3
5875 13278 3
316 9242 2
8620 10831 2
4798 4961 10
20 16752 4
7957 8207 3
2475 2917 1
4438 12773 2
5180 6773 3
13989 16943 8
8310 12469 8
10449 11826 4
5251 9509 2
6501 15587 7
8502 15967 9
450 5440 6
4182 6638 7
3289 14293 4
10672 15405 5
6504 10170 6
5586 8124 9
3212 6067 9
8613 16315 2
3959 13422 5
9079 12151 9
8620 14498 3
1296 6042 10
11724 13350 2
12843 14131 7
2130 14794 4
4475 7397 2
565 14096 6
11408 14104 8
11129 14753 8
2112 9171 3
1940 1999 9
8707 14178 6
7553 9521 2
12159 13875 7
7446 16184 6
455 7258 2
6376 15012 7
7966 13811 8
3363 7512 5
3735 10158 2
11288 12143 9
10410 14233 6
7485 10556 5
9804 11197 5
12654 13582 4
8579 11939 6
2001 2166 1
7851 12119 10
674 6974 4
2119 7961 10
1971 9366 6
10308 10912 10
6823 16267 3
10818 16393 7
8869 13792 3
3272 15398 4
9932 13332 8
10653 16011 6
5694 15346 8
5318 6223 6
7731 13411 3
12567 13538 7
10070 14775 3
1492 5963 6
11537 15248 6
1272 7036 7
2548 3187 5
8254 15212 4
1450 9862 3
12993 14488 8
8826 12961 1
1066 7995 5
5925 10855 5
4380 7090 2
1041 14809 7
6362 14033 8
2184 5682 9
2459 8114 3
12356 13875 10
5955 7026 1
2849 10393 4
11124 13366 3
3437 11278 1
4919 15261 7
302 8852 3
5803 7707 5
1230 2849 9
323 3055 2
12661 14891 8
6484 13823 8
1285 15366 10
5654 8195 2
9270 13578 10
2823 8494 8
5908 8637 5
888 6968 7
229 3309 9
170 13870 9
2673 11430 8
6041 11027 9
1015 6824 7
12566 14606 6
3448 14435 2
7562 8054 4
10692 13872 4
14985 15093 1
9945 11780 7
13538 14880 3
2713 12668 1
946 10073 3
2987 9473 4
13266 13582 4
7411 14977 4
5595 11536 1
3627 7904 6
10117 15423 6
197 9950 3
1131 3529 7
3479 8386 3
2397 9012 7
3293 10640 4
11695 16620 1
11972 12142 10
13599 13666 5
10972 12109 9
5725 8116 9
2495 15035 2
9816 13568 6
5031 9484 5
1075 11816 8
3197 11527 10
884 6948 9
234 16439 1
6510 8531 7
8282 14777 10
4435 10091 10
2117 5062 6
5292 14838 5
14926 15725 2
7022 8296 8
2892 9908 8
8629 15915 6
8900 10104 3
6026 11408 9
2579 10405 9
13766 15590 4
3547 12974 4
3753 12510 9
6856 13856 10
5083 11074 10
6043 16159 7
8207 8556 5
13627 14565 3
10355 15219 9
4280 16106 7
4853 16993 8
10173 16853 4
12451 16143 3
13062 13407 9
1357 1578 10
1591 14734 6
2683 13220 7
1537 4005 10
639 1726 4
55 3101 2
2321 3639 10
6240 8082 1
3087 15809 3
4566 16087 8
14321 15113 6
1238 9931 10
6940 7092 1
1442 14727 4
318 11124 7
8352 14008 9
798 15797 1
13127 16366 7
2326 6800 1
4767 4838 3
2507 5864 4
7224 9831 2
4576 12831 8
1772 6224 3
11745 13831 5
6724 13347 7
13946 14405 2
1853 5135 6
6332 12916 8
9943 13953 9
5182 10068 4
2696 9830 2
855 3312 2
7677 14611 6
8148 16342 8
2933 12290 7
4480 7092 1
6543 12124 3
11087 13555 8
2160 9314 10
5728 12557 7
6114 11475 1
1121 5126 3
3372 12638 3
2525 3339 10
5143 13034 5
8374 14780 5
11254 13563 6
10106 15146 6
12634 13616 2
10867 11285 5
507 916 10
962 10382 8
1278 5444 3
4664 15763 6
9033 12373 6
1564 8038 2
5746 8512 9
1074 4514 6
9227 10628 10
2655 13697 6
13922 16628 10
3678 8873 3
2552 10258 2
4801 5388 5
703 15749 5
2253 6266 2
9829 10785 4
2897 4147 9
362 10788 9
6016 12159 3
7690 10040 3
3072 4710 10
6089 9833 7
1481 6719 6
5436 9113 2
6345 11459 6
14223 15322 9
7104 8162 8
2383 12158 6
7751 11797 5
3800 7057 7
4175 7508 5
602 16965 9
10215 11744 10
1701 7427 9
5463 14757 10
6117 10586 3
5928 15333 1
7052 14888 10
257 1348 2
1767 6110 2
8287 9743 1
5567 10772 1
282 10410 5
1350 11268 9
774 5173 4
10148 16124 1
2527 10701 8
3676 7374 2
4321 8884 5
2311 6107 7
7011 14082 9
5456 14265 5
7442 14560 7
6696 9691 7
2994 12307 7
7240 14177 1
6408 7967 3
2283 7508 2
8362 9141 6
1933 6023 10
6591 9796 2
6166 12385 6
4202 7908 9
1355 12225 5
12608 14143 10
39 13146 3
2144 8636 1
11893 16755 4
3881 6716 7
4829 10341 10
1824 15275 5
9768 10124 3
1026 14190 4
2065 10189 8
4023 5679 4
1522 10676 5
9508 10100 6
601 10405 3
12205 13492 4
2341 7944 8
5448 6023 7
8371 13951 5
11636 12673 7
5723 8382 9
1557 15764 6
8049 9009 2
2106 14061 7
7261 10403 3
464 16158 7
1344 10267 2
4434 7841 10
7683 12989 4
4737 14001 9
6753 10855 10
2036 7237 5
14286 14905 7
6780 13468 2
5545 11667 1
2257 14144 4
5133 14357 7
3632 5920 5
4833 10739 9
4102 5039 7
717 1209 6
11762 12079 7
4433 8192 2
5729 10030 5
8371 14682 6
3214 14887 6
3314 12627 3
3898 14557 7
947 5074 8
156 8095 10
835 8978 6
3995 7582 2
7863 8321 1
11456 13421 7
18 10859 9
773 16856 8
737 11855 9
4950 12173 5
6906 16294 10
4784 5278 8
2334 12913 7
4793 15767 5
10408 12992 7
1458 13163 10
858 13758 6
4783 13492 1
8888 12905 2
1641 5263 7
8581 10078 3
13873 13886 8
11055 14053 4
390 4861 7
13465 15560 6
2281 14541 6
7019 7023 5
304 4415 10
13075 14957 2
7955 14462 10
12002 14538 3
8557 15080 10
3766 9221 1
3429 9588 4
4919 5260 6
7430 12664 5
9795 11188 7
2838 12956 1
2046 6774 9
8349 12242 3
4753 12401 4
6667 8546 4
3462 7157 4
10856 12934 8
4593 14370 2
1761 7509 2
4955 12151 4
714 11031 1
1020 5699 9
10086 15097 9
2681 3938 9
8831 13729 3
10989 11015 6
15082 15527 1
5224 8776 6
9231 15327 4
13824 15989 10
8476 11437 1
5987 16520 9
3201 10076 7
5986 11559 8
12419 15121 4
8206 9022 3
1135 10389 1
7178 8845 4
2274 6957 9
13366 13909 5
12841 13597 2
9452 9561 9
5730 10770 5
5542 12428 6
14289 15350 3
10673 11349 9
5955 14730 6
12945 13020 3
717 9976 2
10967 14547 8
10487 10931 3
9029 15511 5
9223 16391 3
7501 9655 4
9332 11216 6
16216 16262 8
12292 14959 6
8904 10724 9
9164 12626 7
3506 6912 9
12730 14067 6
2135 5110 6
9697 9857 9
5683 7831 2
1645 10933 2
5782 11862 8
8782 13128 2
717 2656 5
3598 4708 1
863 12826 8
6039 13849 6
4744 9014 6
4522 10039 7
9908 11993 1
7800 15913 9
3899 8536 1
8519 14211 8
14800 15556 3
9073 15393 1
634 14803 4
11790 14501 1
11935 12150 6
898 6045 8
2677 5571 4
2719 15387 6
1947 9980 10
46 5198 7
1643 6554 5
9353 15648 9
4932 12890 8
2580 10403 4
3148 7644 8
8465 16687 10
1185 13268 5
5863 16384 9
2776 4424 4
5306 11066 8
7336 9771 10
2316 8020 7
9599 12472 5
4019 9534 9
3660 12141 8
4251 6182 5
6613 12543 4
11563 13995 4
3761 9834 2
3929 6680 3
1715 10487 2
4718 14484 7
1710 12486 3
7077 10023 6
795 4313 3
1742 5593 3
6415 14862 5
4081 11834 1
8009 13476 9
11772 13475 6
769 16055 7
6466 14433 10
2878 5825 4
1219 8990 9
5299 16755 5
8747 11416 10
5622 6964 1
10362 12822 8
3048 4872 6
4012 4478 7
6567 15701 5
980 12041 3
446 3448 2
4245 5068 10
5158 12668 5
70 138 7
4652 12171 5
6358 7326 2
7828 14505 8
6866 13570 7
3717 13677 9
9137 13524 1
1432 14925 9
11843 11994 9
1442 5163 1
6334 12470 1
3199 5580 4
3896 4433 3
7838 10106 8
4352 4973 9
3950 4212 9
7458 14979 5
9463 13360 1
5723 9418 5
868 3391 5
14471 15020 8
2826 14693 3
4714 11584 2
7989 13454 10
222 1302 7
5932 10057 2
14471 16604 3
4663 5793 9
10356 14513 1
806 10414 1
6122 15280 1
2262 3144 9
13471 16425 5
5903 16571 6
497 6879 3
8310 14339 3
4298 15516 2
7947 8901 4
2267 9065 10
1185 10533 4
3173 16553 1
8198 14635 4
3796 9149 4
3109 10082 4
12042 12343 10
1878 13480 8
4624 12144 4
2291 13917 6
3863 5588 7
39 5508 1
11846 13042 5
27 14671 1
7771 16229 3
592 3766 7
747 14369 4
3444 10284 7
10145 13180 4
10021 12558 8
2584 12200 9
8229 8445 4
7207 13819 1
8555 14397 6
2985 3169 6
4781 5437 9
7016 14065 4
2932 4424 1
3123 3187 5
12882 14758 5
665 14553 5
13566 13896 6
5497 11886 9
4974 5301 9
11014 14157 1
13104 14438 9
1420 2767 1
11167 14421 3
12958 13499 7
1349 10164 3
240 11282 6
6607 9136 3
907 7071 4
6222 11192 8
3580 6472 7
383 7038 9
7923 11948 1
455 12984 7
4397 14478 4
307 8910 6
14133 16373 7
10739 12128 2
3944 7452 10
9712 14084 4
9544 13278 8
9537 11365 10
6667 8214 8
1870 7065 4
4894 10011 7
7630 15229 5
4177 9636 3
5977 7129 4
6752 14569 10
3325 10832 7
8963 11369 1
5673 16916 4
5689 10395 9
4217 9436 5
9283 10440 9
8833 8941 4
4882 15828 4
8709 11875 10
5584 16579 5
8836 15155 9
12527 13858 8
2385 11796 1
3804 13574 9
3518 11643 5
4978 15334 4
581 7458 7
4197 14159 3
1169 8087 7
7859 9344 9
11865 15117 7
1692 6056 8
9836 15496 6
7196 14070 10
15163 16982 6
5167 13025 1
11675 12427 4
1070 6589 5
2351 4369 10
2205 6233 3
948 16771 3
10571 15598 5
191 2683 7
10351 13111 1
2853 7631 3
2642 4647 6
9213 15057 3
2146 5126 9
6644 15324 9
2475 3679 7
1567 2132 5
6787 8008 4
3105 14710 2
5087 12257 1
1119 7820 7
11166 11595 3
2219 16007 2
1933 13279 3
2476 12451 4
5326 7011 9
6653 9566 8
6483 13678 1
4248 5985 5
2404 12038 9
4703 7428 10
2344 2786 6
8180 9219 8
4401 8517 3
12683 13146 7
7403 15065 10
7185 14817 6
1141 5890 3
2591 9359 2
3248 3708 5
9434 11774 6
2485 2789 1
5838 9817 10
8449 15003 9
6145 13000 6
3289 4258 1
10497 11151 1
1444 16800 6
6106 13366 2
601 12682 8
5384 6193 3
363 2380 9
1008 2112 2
1094 4068 5
2945 7075 2
739 2328 9
11089 14966 4
5976 14914 3
12779 15808 2
4527 9741 7
13087 14104 7
3448 12621 10
11173 13437 3
13463 14018 1
913 1192 10
6951 11469 6
6319 10478 1
3421 14721 7
5245 11639 10
158 14812 3
1331 14509 1
6569 8449 7
13381 14553 6
13422 15220 5
223 8914 1
10185 14729 1
7189 8169 5
2401 15851 3
13437 16963 4
5435 11842 3
3467 4472 8
1761 12490 1
232 11812 7
115 15428 7
1205 5741 8
1304 10836 1
2880 12410 7
9342 10709 4
3063 11263 4
6578 16963 9
8666 15279 5
600 13954 7
394 1373 3
1381 2601 5
818 15932 2
5843 15540 5
10188 14003 5
1620 6965 9
4998 7792 4
11161 15238 3
1289 2969 3
5916 9402 6
3671 7863 8
10731 10870 8
8899 16952 2
6097 11492 1
4728 6799 9
13918 14014 10
8626 12171 1
5344 16577 1
11671 14704 2
857 5298 2
1194 6655 2
6846 14236 1
12561 15686 1
6722 13966 4
6614 9907 9
440 4199 2
14114 14161 7
2166 6784 2
7021 11577 7
9304 9348 9
1552 14587 6
3182 3783 8
2775 13194 8
509 8551 7
10174 13468 10
8215 14900 5
5549 16916 7
6256 6342 1
14327 15065 1
9374 10196 8
2495 8248 7
3520 3989 9
5426 7083 3
1234 7793 6
4910 13267 2
3797 11943 5
2197 5796 4
3409 5426 8
4541 11137 5
3855 6460 6
7143 13149 9
5086 16682 8
4424 15018 6
10786 13669 4
3172 12383 8
5140 9748 1
837 5601 10
1769 10434 9
719 15440 4
8373 11086 10
2523 3922 2
2099 10476 8
1781 10877 10
9975 10077 1
9894 11254 9
2714 13997 7
6595 8042 6
6209 16660 2
1468 11059 1
7023 13306 10
1079 11675 5
12979 15377 3
1653 7021 2
5125 13303 2
4159 9657 10
11790 14578 7
666 9108 1
1054 8120 10
5547 9493 8
2781 10386 7
4001 14327 1
8311 8877 4
7533 12675 3
3985 4859 6
4091 10213 8
1149 7359 7
4456 5984 6
1843 8766 6
3074 14168 7
1682 3919 10
4532 14320 6
6069 16350 9
2662 8735 6
1194 1459 6
10110 10679 1
8958 11554 1
7305 7841 8
8575 10530 2
6625 11637 8
9043 10403 2
3176 10913 4
202 6282 8
3549 3585 2
8878 11497 10
7134 13435 7
2195 11530 7
306 11228 7
2698 16997 10
5797 6038 8
264 5003 1
12454 15823 9
270 11041 7
2797 4536 4
12494 15859 9
5257 6794 1
6921 15797 7
7048 14298 3
13378 13832 1
2441 10269 8
478 12676 7
8297 12363 8
11136 15528 1
9238 9671 2
3643 11866 6
3120 12044 8
854 6672 1
3750 7409 5
15344 15607 1
1587 9166 10
6188 8978 8
434 16341 5
2187 2299 7
9164 12491 5
7757 14001 9
4343 13315 5
4280 16107 4
4605 13763 6
6177 6933 10
1453 10930 1
6405 9963 4
11788 12108 5
4445 11247 7
3002 8572 9
13014 15317 10
4183 6043 9
9366 10022 2
8309 9704 5
6160 11783 7
9129 12231 5
1985 5764 8
10419 11553 4
3886 13086 9
7374 10533 3
349 10796 8
969 12249 6
1058 13568 5
5673 7506 9
1776 16818 10
833 1891 6
1359 13229 5
8094 8156 7
13499 14087 5
2145 15461 5
6639 12740 8
1812 15028 7
2293 3547 8
5160 15024 6
511 7784 1
8545 10715 8
12633 14656 7
8639 14243 2
2736 3548 6
8454 15528 2
2131 10677 6
12613 13063 5
5720 9643 8
6446 14517 7
12989 13103 4
6119 16270 10
3 11138 2
9738 16119 1
6018 12831 8
5947 12225 6
7452 15203 1
9672 16712 5
12396 15303 10
7328 10601 9
12227 15045 2
8996 9294 5
465 15321 9
173 14073 8
11329 11987 7
11916 12649 8
3803 14008 9
4811 12338 1
5239 11815 10
7763 16291 8
1188 2293 9
3053 15153 5
4405 16743 4
1249 5605 2
10588 15835 9
13005 16883 6
5984 11034 5
1551 3516 5
6372 15436 10
11021 14409 10
3336 6425 3
1427 11786 7
957 3837 3
9070 14743 1
8003 13383 5
10274 15797 6
1859 13897 5
1484 12337 8
92 4077 8
3318 8356 2
10815 14783 6
12576 14491 10
4469 14092 1
4890 13247 7
10973 12512 4
3453 6136 8
4004 10406 6
13246 13332 3
6517 13068 4
4931 12575 9
3076 16581 8
8888 10695 5
6776 9650 2
720 13069 4
4545 15055 8
10879 14903 7
4008 8796 1
6875 10719 3
4198 11324 1
922 5693 8
1203 7904 8
8805 10145 8
9315 14167 9
8927 16442 8
4328 11325 5
112 4836 8
13377 14444 1
798 11618 5
80 12630 2
6783 10752 6
8811 14121 8
362 2490 1
3694 15326 6
5270 10954 9
10302 14983 1
8454 15481 4
414 726 4
9151 10035 2
9774 10742 3
9303 15122 5
1469 5176 2
10701 14809 4
2079 4858 1
1603 5137 10
7515 11664 2
6940 16393 1
4325 14664 9
3546 4706 8
1917 2199 7
10370 10620 7
9845 16048 2
1186 1786 8
13604 15581 10
2357 6862 8
565 6067 7
12868 12906 7
2204 10544 9
2129 6736 3
13477 15562 1
8339 14689 5
6814 6898 5
3947 16782 10
8044 9851 9
2706 7232 8
3983 14074 4
9974 13890 6
12181 12662 4
7635 11595 9
6362 6900 7
9206 10597 6
1441 10984 6
2090 2800 3
5050 5436 3
4505 5591 1
3874 13151 9
2625 6092 4
3008 8226 8
2710 9328 4
13082 13177 4
10690 15645 8
3766 11175 9
3596 15345 6
3822 5316 1
2365 8907 2
1190 9789 4
321 13235 6
8437 9021 2
7170 10019 6
9172 9590 1
2530 9139 5
4967 7809 6
91 12603 9
10603 15222 2
12968 13725 10
1481 10282 3
3375 7231 10
4781 14092 4
9172 14774 6
5948 6903 10
1518 7158 7
3392 14892 6
703 3074 10
7191 9652 10
1880 13900 4
2306 13595 4
8464 11610 6
1395 7795 4
420 9774 1
4057 6863 4
9348 15627 9
5309 15188 8
1703 7674 4
189 7058 4
4719 4856 2
927 16483 5
8944 9821 4
2673 4047 3
5789 11758 6
8580 12236 7
1547 12084 2
266 16796 7
9884 10916 3
11958 15648 2
3861 9126 10
3510 12059 10
9190 14786 8
2137 3405 2
2696 6857 6
3580 7502 5
2778 16525 6
2186 13276 8
9345 15842 3
508 12424 10
71 11709 4
8763 9318 2
1337 4448 5
6456 10449 10
7545 15201 6
6678 7708 9
12514 14057 4
768 12255 10
1489 5992 7
2926 15545 8
743 8841 10
1607 9996 2
4893 12535 1
3511 8421 4
11088 11632 1
6788 15148 8
3732 11218 2
1 16778 6
4151 9611 2
1026 10052 7
11055 15443 7
9472 14315 9
7203 15928 8
5440 15089 3
4695 8310 5
3574 14885 2
32 11858 7
6236 11432 6
