13000 0 0 1
5190 9313 5
9313 10379 10
8689 10379 9
5190 11151 4
10379 12113 8
8689 10573 8
10249 10379 6
1112 11151 5
5837 10249 8
3131 5190 1
3486 5837 3
894 9313 3
10356 10573 3
5296 9313 1
1835 11151 7
3780 5190 10
894 12308 8
7713 11151 3
894 10584 4
5789 9313 3
3780 12404 2
8408 12404 1
4279 8689 10
8408 12516 1
5789 8106 6
7234 12308 8
7234 9281 9
12332 12516 8
4765 11151 9
3716 10379 3
5837 8363 5
177 7713 8
10416 12308 7
3131 5942 4
824 12516 1
894 6103 9
824 12683 3
4765 7232 6
4459 12308 6
2375 7713 9
5585 8689 5
3780 9843 7
12404 12583 5
5408 10379 4
1780 10356 2
1120 3716 1
319 3486 9
204 7713 7
824 9437 8
1695 12308 8
4279 5774 8
6454 8689 9
3780 6537 6
3716 9705 5
5585 8955 9
9823 10249 1
177 9061 6
565 8106 4
3465 7234 3
3780 6294 1
326 8408 7
4453 12683 5
5776 8106 4
3057 7232 9
177 9549 4
1557 10573 10
9730 10573 8
916 12404 2
12087 12583 2
3716 10978 3
6103 8795 1
5408 6060 10
7232 12875 1
6443 9730 5
1780 11383 4
916 1811 10
565 8810 2
5190 11319 1
1835 2735 1
4459 5248 3
26 2375 2
326 423 5
894 3775 5
423 12954 2
3061 10573 2
2995 7713 10
3775 5367 1
7710 8689 8
6861 9823 6
6294 11756 8
3010 3061 1
3775 12804 5
2452 5776 2
2735 5446 8
6121 10584 5
498 1780 1
2896 9313 8
5296 7252 6
6501 11383 2
328 7234 7
9549 11404 3
2723 6103 8
5432 12683 10
3465 4544 9
423 3140 7
3573 12875 6
10249 11848 6
7234 10316 10
5131 12516 8
10430 12683 9
930 1112 10
6296 9313 1
6501 11925 9
547 12954 10
3775 11687 4
6294 7141 1
873 6103 9
2405 3140 4
788 10430 8
958 7141 7
5446 9807 10
3775 10902 9
6296 11420 10
11848 12306 8
1545 7713 4
3492 7234 10
186 11151 6
5585 11938 8
891 6861 3
12087 12755 2
958 6812 7
1120 10037 1
7341 8106 4
9040 9313 8
1872 10356 2
1120 5958 5
11860 12755 4
2392 4544 3
5150 9730 8
1670 6103 3
3131 4463 5
358 1545 3
7232 11115 7
186 8773 10
930 5229 7
10584 12334 4
7141 9031 10
10316 12227 1
824 9075 9
5861 12404 6
4952 5776 1
6133 9313 7
5382 6060 8
1670 6195 5
2583 12332 6
5432 7935 9
2995 11851 9
4245 10430 2
7067 8363 5
6195 10367 1
498 11526 2
215 10367 8
824 9321 8
5408 5997 1
1509 5789 5
2574 10249 9
2407 4459 3
1509 12443 7
4147 5774 9
9510 11526 4
7141 12251 1
10573 11941 9
3354 4952 5
5861 10113 10
11114 11115 2
5229 8447 10
8363 11884 10
1695 1951 8
3884 11404 5
8689 9897 6
186 292 4
7141 10245 3
6121 11078 9
497 1695 8
1557 9766 2
4279 5423 8
930 2498 8
3994 12227 9
2763 11925 8
9807 10033 4
950 7234 3
10033 11011 4
4266 8106 2
11151 12658 7
2452 4692 9
5281 5837 5
6427 11114 5
5181 5942 4
9807 10878 10
5837 6835 9
4243 11319 3
8532 11383 5
5131 10148 1
6294 12709 7
8925 9075 10
2288 11756 6
7271 10249 7
6084 6835 1
2735 9618 9
4266 7151 9
7935 10982 4
6087 7151 4
3082 5367 7
2735 6941 5
3057 7729 8
5969 9823 4
3643 12683 8
423 2194 4
9589 12683 5
3439 11938 2
4874 9843 4
7375 11938 4
6245 9589 5
2092 7729 9
7141 8714 9
937 8689 8
5549 8773 1
3465 13000 3
9075 9148 2
3775 8451 2
2723 4620 6
177 4141 9
26 11866 5
2682 6087 3
9429 9766 5
4213 5774 6
6983 10573 9
5997 8700 2
5005 11925 9
5549 9003 6
6478 7729 4
8354 9589 7
1891 5248 4
937 12964 10
8753 10148 7
2168 10379 10
1557 11782 8
7252 7963 5
10099 10113 5
6103 12823 4
1951 10658 1
1215 4243 10
937 11583 9
6762 8753 6
9750 9807 10
6103 12937 8
2274 12087 5
2141 6245 9
7468 9549 9
337 9618 3
8397 12658 7
3519 4692 7
6963 8106 3
7766 12709 6
2407 3446 7
2194 8298 5
3887 12087 5
5296 6944 6
8896 12516 3
8955 10968 9
4861 4952 4
1194 7151 10
6427 7527 5
4279 10384 4
11884 12933 7
4543 7234 8
5190 10222 6
7468 12652 7
7252 12001 2
1112 3175 4
401 2583 4
498 10940 7
5150 10461 4
10499 10978 4
6649 10113 8
4266 10274 4
3380 10982 6
8397 12367 5
2498 7269 7
3884 11423 4
3573 12438 9
6963 11809 1
5382 7499 7
7535 12227 7
423 673 9
1509 9554 7
802 6103 6
5969 6673 9
8773 12528 7
4765 8083 7
3578 5549 8
6861 12769 1
255 4141 9
7341 10109 5
498 762 8
10230 11114 6
1520 10430 7
255 5842 6
10316 10349 5
9807 11431 5
4463 9541 9
4788 7252 10
6151 8753 1
2795 9003 2
916 5208 3
6087 12778 7
5789 12744 2
5131 8870 2
1565 12332 1
1904 11756 2
5040 10109 10
1646 12933 4
9705 10352 1
6690 11404 7
1536 3465 2
8335 10499 6
2583 8064 5
397 3643 6
3728 12683 2
2917 12087 7
11114 12859 8
26 2950 5
2581 5005 10
401 11070 10
6080 11114 5
2950 12450 4
4620 5313 5
255 6139 4
5776 9605 10
5432 12773 10
292 2247 8
3728 8414 10
7620 9750 5
2604 5837 5
9552 12683 4
9148 10917 7
8373 11078 6
401 12220 9
4210 5837 3
1565 11562 7
4302 7151 3
4897 11151 10
4396 6944 8
9793 10978 6
5789 6970 9
7174 12804 10
5842 6300 10
4445 8335 1
4286 6121 7
2795 12510 3
7009 11860 7
186 3737 3
1295 11011 9
4889 5131 5
2917 6571 8
9807 12718 9
6672 10416 2
7592 7710 3
824 5346 4
2367 8335 1
6835 7279 5
2334 11151 4
7417 11925 5
569 2452 2
762 9915 8
84 13000 4
2152 5861 8
2682 4922 4
4245 6357 7
1515 9281 4
6929 10584 5
3380 10406 3
625 3354 3
8882 9793 3
7141 7996 5
292 3619 10
1306 1835 1
10982 12991 6
9604 10461 2
3175 8733 9
2649 4889 7
186 2834 7
6941 9928 6
1553 12443 5
401 3740 8
4076 12113 4
3737 12333 1
5382 6801 9
9541 12116 4
3458 7710 4
2861 11860 2
10982 12872 1
2898 10878 5
7527 10667 4
1194 3461 7
1719 12450 10
9464 12709 1
11383 12895 1
5689 7009 4
7537 9549 10
1877 5229 10
326 4669 1
3518 4897 10
9437 12472 4
266 4213 2
6454 8007 4
2763 9362 4
3573 10181 10
2796 12510 7
748 1120 5
2108 8451 5
903 2649 6
3057 3249 5
204 2135 6
2884 3057 4
186 10927 7
10440 12709 9
2867 11851 10
5181 9979 7
1187 11151 10
402 6835 6
2217 4669 8
1576 9897 3
7174 7666 7
673 1588 6
8044 11319 5
415 10440 5
916 10455 5
6121 8657 7
7375 8170 4
2668 6929 6
8458 12220 3
5689 9871 3
5190 7020 7
6693 12367 1
3619 5790 5
3004 8106 6
2882 5423 7
4232 7067 8
5776 8839 5
824 2573 1
1184 12652 2
1646 12259 9
3659 4669 5
9040 11448 9
3659 4710 1
6156 12755 5
9605 11085 2
551 7963 9
4765 7900 4
3089 5837 10
3167 9281 10
4620 11886 5
4708 6537 4
4695 10352 6
4281 7900 9
3994 5649 7
3015 7020 5
6412 8896 4
9075 9872 9
3768 12683 6
8359 10245 10
6130 11848 2
4894 5131 6
4788 8756 2
263 11756 10
8773 12473 1
997 4952 3
3145 8733 7
12404 12492 10
9313 10605 9
930 7325 5
10406 10925 6
3082 12735 2
6693 7711 2
9549 9737 7
10878 12925 7
8869 9915 1
1215 7883 6
10237 12658 8
215 10995 9
413 9737 7
2367 7187 9
3375 8298 6
6941 8824 5
10230 12303 2
5102 6673 4
1545 8703 3
5937 6673 10
79 2141 9
2351 12251 9
8363 9888 8
6812 11784 2
1261 11756 4
10097 12220 9
334 7341 3
3887 9132 10
5548 10222 4
6001 7537 4
2288 8011 8
1707 4543 8
11469 12735 1
1261 8899 3
4213 12388 1
3546 4874 1
3809 9928 5
71 10925 4
2367 6895 4
1891 9725 2
11583 12214 2
3824 7537 10
162 11809 9
673 12161 6
319 8952 5
2649 7528 5
6412 8504 4
7174 10362 2
5937 6120 2
3446 7686 3
2796 5579 1
3205 10349 7
204 466 2
8044 11493 9
3816 9040 3
7737 9313 4
1557 11943 3
8707 12332 3
2573 8144 9
3619 5320 7
3809 6328 8
801 12510 1
1187 8968 10
8173 9725 4
3249 7902 8
10392 11526 1
11684 12450 2
5190 5302 10
4364 5346 5
8373 8963 4
6834 9888 2
3492 5651 8
8396 12925 4
1445 2392 9
94 6801 6
4889 5750 5
3840 7935 10
4286 8276 6
2844 9589 2
9742 12735 3
2834 10424 5
2505 10658 9
8397 8489 5
2682 12078 10
8356 9510 10
4979 5969 9
2795 5268 1
945 1904 7
2723 10892 3
5842 7920 3
8852 11925 9
319 4560 6
2507 6944 9
3015 8731 5
4281 10680 2
11938 12570 3
997 5341 7
1507 3089 10
2735 8313 2
108 401 7
1674 11070 9
2318 2763 3
9421 11943 9
94 9931 2
569 10250 6
202 6130 1
4695 5889 2
2274 8863 1
2168 12874 8
10584 11657 4
8058 11420 8
801 3752 10
937 1386 10
10291 10925 10
9186 11684 1
9604 11677 7
5194 6412 7
11593 12333 5
6235 8170 2
4364 5289 1
10877 12001 2
7799 8810 8
5882 8733 2
2579 5861 10
9426 11886 3
3809 10534 8
2480 6133 7
6997 11886 4
94 1354 7
2539 10940 8
10626 11583 5
2407 5224 7
550 5549 4
5651 8211 6
8058 12468 2
108 7299 4
6226 7883 7
10097 11879 8
11549 12744 7
1515 2202 9
1794 6835 4
6296 8274 10
2108 6858 10
4234 10667 3
4234 9976 9
8361 10349 7
6929 9157 8
6421 6454 10
4369 9426 2
6098 9766 8
7335 11151 10
7316 7620 6
5535 9426 4
8742 11469 10
7507 7711 1
3612 11319 3
7575 9750 6
5190 6928 4
4262 5341 1
5058 12259 5
94 12228 6
4765 11529 3
448 11011 8
1987 3578 1
4897 5315 8
8963 12458 3
5446 10476 2
2310 10245 10
177 8307 7
8795 10204 9
10113 11908 3
1283 6673 3
11027 12769 5
4692 6788 3
9061 10452 2
1400 11684 6
3119 4695 8
4644 6693 3
1515 10784 10
10562 12773 2
186 5974 9
9374 10274 6
6998 12735 2
4291 12113 7
5470 6412 6
413 12456 9
4001 11027 1
487 1588 3
2583 12262 9
1909 12570 7
71 2427 9
3010 9889 4
1298 5790 1
108 1968 6
137 8753 6
1386 2804 5
4542 10416 4
3884 9078 4
2573 12651 1
2242 12259 8
1877 3877 2
8863 10469 5
4199 12456 1
5790 8015 10
3175 11656 9
508 6941 3
6091 10877 5
12227 12273 3
397 676 2
4366 8852 6
2152 5476 9
51 6693 5
7363 8458 2
696 8170 5
9464 12515 7
4075 7363 5
8287 8458 5
9956 10237 2
6178 9871 2
6673 12294 9
1904 8047 5
460 3877 6
3582 9061 5
270 6801 1
6963 11538 9
11383 12697 2
8583 10940 5
4695 11473 1
3332 10917 2
334 5559 10
8643 9421 2
2318 6542 6
499 2141 3
6362 7713 2
5446 11633 6
5341 7625 2
68 10379 7
2507 2746 2
4626 7799 3
8808 11526 10
3622 9186 8
1298 9475 9
4364 8744 4
6031 12332 5
744 11493 3
136 3518 4
285 1695 3
2035 8731 2
4882 7141 9
8255 8361 6
7936 11684 5
6362 12883 5
5997 8766 4
8915 10033 8
1553 5327 7
1468 5302 8
6393 10925 8
12262 12285 3
4329 8335 9
10927 11645 6
9418 11151 6
309 3332 5
6904 10562 4
62 9931 4
2288 5966 10
2917 10694 3
177 10517 4
4587 10877 5
865 12308 7
3057 3974 7
7335 11842 7
1215 3503 6
4043 8899 8
5289 9637 5
4051 9823 10
501 7507 9
4413 12458 8
402 10108 4
2668 9561 8
5714 6929 8
940 10694 1
3171 9554 9
5579 6316 9
4414 10099 1
4968 5382 10
5229 7872 3
523 10892 5
3261 7141 1
8044 11010 4
1122 3619 4
8606 12303 5
6174 11529 9
94 4372 3
8870 9981 4
4621 10455 7
4909 12883 1
2427 4469 7
2233 11114 4
8968 12960 1
1445 11602 6
6886 12262 9
1877 9423 1
9352 11526 2
1844 4922 2
6135 10037 10
3620 4621 8
3902 6135 3
3442 3809 4
873 10601 3
2392 7870 9
6138 8896 3
4459 12029 8
4268 6454 7
4722 6944 5
4710 5457 2
5722 9031 5
4356 6834 2
9602 12528 6
8015 12389 7
5974 10569 1
420 7799 9
1909 6855 5
3840 7056 10
6690 8920 10
3840 8142 2
1904 2320 10
3167 5424 3
9561 12302 7
1638 1951 10
7269 9007 1
3676 6673 8
8963 12118 8
4909 10725 5
2767 4710 4
8963 10075 6
2795 8966 4
3887 6925 5
8287 9304 6
7300 8083 8
5717 12118 6
8680 10680 5
1305 5005 8
1025 4897 3
5130 6156 9
6246 7300 7
7953 9418 5
19 3375 4
10123 12259 3
2924 10499 4
3732 7900 5
1305 7392 5
2092 4119 10
2576 5717 6
6257 10430 2
84 8038 4
257 6328 3
8606 10390 7
10349 12160 7
71 3922 2
8777 12859 1
4052 4587 1
328 10702 5
8470 11656 8
2728 10249 7
5130 11386 1
2844 5602 6
4396 6606 3
9247 10181 10
5432 12664 4
3249 5211 4
2052 3994 4
902 9928 2
5424 6973 6
3299 8824 3
8458 8727 8
4673 8955 7
677 5602 6
2536 11078 5
255 7859 2
839 6454 3
4382 6151 9
8777 11817 8
8276 11456 8
9541 10124 6
7475 11938 6
415 1077 8
5083 6257 7
5549 9974 3
4147 11191 2
1866 7363 9
2728 9886 7
3456 7468 1
8955 11590 2
7507 10074 5
4279 11582 7
8071 10601 5
7198 9750 9
5289 5609 6
7370 9602 6
580 940 5
673 3586 5
873 12703 8
3527 11448 6
1931 4621 3
5367 11723 7
10898 12755 6
1987 10281 8
6491 11549 2
487 8270 9
4708 10008 10
2728 8739 6
3473 4765 2
534 3380 8
4621 6844 5
47 12029 6
310 5559 6
3619 10302 3
108 3328 8
8024 12683 2
57 8489 2
5679 8270 3
886 11404 1
2405 7889 9
7902 10102 9
8378 12510 2
5102 10196 2
1837 7375 3
8867 10902 1
3010 3999 6
2607 2844 5
5405 10352 8
358 3803 3
551 3828 2
6858 9215 6
2644 8451 9
3186 6294 3
7766 10748 7
3473 11584 10
4997 6130 10
937 9345 9
7375 11464 3
930 8648 1
7982 8083 8
571 3140 8
9475 11922 1
2968 9423 10
5889 9160 7
4788 9876 9
1281 5535 10
420 7865 10
8724 10316 6
51 4670 7
3456 11371 6
1692 2882 7
4404 7902 8
10573 12403 3
12320 12389 2
1794 3450 2
6480 6855 5
7701 11431 8
2796 12689 4
11464 12430 5
702 6941 7
9455 12859 3
1412 3442 10
10756 10982 10
3915 12273 2
3417 6478 2
10074 12760 10
1439 12113 4
9510 10735 3
2084 3582 5
10735 11033 3
47 12265 1
1373 10181 6
2945 4266 10
11027 11516 4
3519 4031 5
11191 12932 6
571 12104 3
3041 9321 8
4378 7269 6
5461 7375 3
4373 10517 9
1283 8800 3
70 12116 7
3967 12294 5
4909 9010 3
3239 12403 4
4469 12123 9
2308 10316 4
935 8414 10
3417 4736 2
348 7920 4
542 10102 1
4203 12515 6
6837 12303 4
9437 12478 10
7955 9618 9
1765 6542 8
1891 10733 4
3187 4404 10
929 7009 5
3573 10131 4
6362 11510 10
4213 5210 1
3612 12766 6
1872 5698 3
4550 8504 4
2319 9737 5
6296 12394 6
1588 6926 5
7996 12948 9
5750 7877 1
1167 1576 1
448 2850 10
5476 7842 1
2858 9313 3
4714 6235 1
1811 7346 5
98 11493 4
3655 9793 7
5008 6316 2
9373 11782 3
5880 12964 6
3082 5737 3
10235 11943 9
145 1794 10
2092 10060 10
23 3442 8
5266 10390 5
7799 7818 10
8671 11925 2
7620 7909 10
3820 8024 6
9742 11034 8
2668 4653 5
4835 6928 4
5776 11303 10
929 1621 3
292 12489 8
7392 9869 8
2741 3205 1
3752 12304 3
5974 6008 9
2664 9976 4
3104 10658 1
6105 6296 8
5373 6801 4
5722 11194 1
8396 10046 10
1400 1485 4
4257 6926 7
4034 8756 5
9040 9648 4
11420 11981 4
4293 5382 10
1119 1295 3
3815 12388 5
5382 10144 9
7278 10349 10
309 1265 1
4356 10383 2
7386 8795 1
363 9871 1
3145 11236 6
3140 9282 1
2987 8689 8
9078 11698 8
1983 7067 1
1485 6352 7
1139 2987 10
1364 6120 3
986 3619 1
6720 9282 9
2247 11048 5
1515 1655 7
3214 9888 3
95 12308 3
145 2358 4
2645 9010 6
1334 6393 1
9583 10569 6
9889 12798 2
5351 11593 3
6294 10483 4
2985 6941 6
10462 11493 4
270 6682 4
7877 10297 2
5320 6343 7
4670 9298 2
5058 7915 6
6735 6895 7
702 12428 1
2170 7963 7
5202 11194 5
7755 9876 8
945 6961 5
2315 12306 7
4851 5790 4
257 10112 6
5285 9429 5
6121 10246 3
5966 11072 6
1060 12251 4
1076 13000 3
8753 8857 2
3313 9464 9
902 5972 8
6300 10737 10
8320 10099 3
1310 7316 4
865 6043 2
2274 9118 7
3538 5405 6
1749 8363 1
2963 4979 8
342 6837 4
11881 12220 1
5459 11011 2
8938 9823 2
7406 8742 5
7440 10940 2
1670 8442 4
5262 9976 1
3089 3677 6
1780 7783 7
11698 12959 4
7883 10758 2
150 6649 8
930 10257 7
2070 10626 9
11130 11602 7
677 10723 5
3313 12609 6
5239 11981 6
4961 8173 3
5306 6393 8
423 4294 9
2982 8064 3
413 10191 6
7326 9976 9
847 10249 5
6159 9554 3
4851 7420 2
145 7491 10
3175 5503 10
9282 12250 10
6861 11659 2
237 10469 5
3320 4861 8
8139 11070 8
5513 11464 4
3465 12327 3
6970 12330 5
7375 10003 8
108 3147 6
2746 11845 9
2744 12294 3
10755 12251 8
9178 12389 3
270 10798 6
3676 8177 8
2855 4414 7
6265 6904 3
6886 10908 6
5614 6788 7
3186 10002 6
7258 11809 8
8744 11481 6
10780 11938 5
3320 5568 7
3684 6421 6
2573 9831 1
3673 6501 10
986 3153 5
2777 8657 2
1119 5848 10
4043 7209 6
2152 6441 8
6788 9008 2
1481 5281 8
3175 11014 3
3161 9976 9
930 8825 7
5373 12401 1
2985 4164 7
3445 6103 4
3450 8983 2
7491 10827 7
1187 1457 5
1646 5747 8
4356 11393 5
10037 11390 4
5651 6724 3
2882 9310 1
6720 10682 1
9247 12197 4
7865 10511 6
1130 8824 6
3876 5208 3
9889 11966 8
3145 10988 8
5475 5549 9
4334 4626 7
5123 5248 9
4076 7351 7
188 12334 6
5058 12593 9
735 7713 3
697 12160 2
2894 3877 5
6300 11706 2
5432 11119 7
5382 8001 6
6409 12197 7
4294 10375 1
6328 10138 4
4203 11954 3
1239 3375 7
4094 11070 3
8606 10712 9
326 2331 7
2668 9878 5
1334 12868 10
4542 6754 1
2799 7386 5
4578 8703 10
3573 9280 5
309 11853 1
2796 12359 9
2855 10135 2
7883 11179 8
2194 8369 2
9793 10495 6
1874 10362 7
2735 12989 6
6983 7901 10
3976 8414 3
10907 12438 5
902 12174 5
6491 8185 4
2832 5285 8
11371 11891 6
4644 6360 7
1724 6084 10
1605 12428 6
801 954 8
5302 9261 8
2132 3145 10
3386 7468 7
9602 12615 10
7983 9304 5
4232 7932 10
6385 7932 7
4979 12656 10
5790 9341 1
5350 6855 5
482 9750 4
9742 10996 6
6500 12174 5
7900 10330 5
6294 10508 2
5725 12367 1
4031 7972 10
3869 11048 10
3410 4199 7
4687 10109 6
5058 11746 2
2279 8177 7
334 1343 6
1393 12259 1
5588 11371 4
4965 10978 2
6232 6928 2
7174 9450 6
8694 10978 2
1472 7766 4
1457 3245 6
6387 10461 7
839 7984 5
532 11011 8
2176 8839 7
5475 9920 3
9510 9582 1
7984 9598 10
4575 9915 1
5956 12450 3
4099 12656 7
2202 12579 6
2664 7368 10
2786 3824 2
2904 6409 6
6511 11656 7
5269 9976 4
6844 9658 10
2335 8313 9
5665 5790 10
5694 9261 10
703 12458 4
79 9430 4
1941 10222 10
724 8142 6
10223 11383 10
4023 9345 9
696 1948 9
4930 11072 5
3362 6133 1
8159 10925 10
4001 5953 4
2176 4782 10
2756 10902 7
9282 9740 7
6106 9421 1
4293 12602 9
7058 9725 7
1469 5102 4
8320 9787 5
676 9733 4
9360 10250 6
6727 9421 2
2640 7766 3
1605 6474 10
1399 2315 4
1565 11833 6
2279 11342 4
1235 8869 3
832 10281 5
1305 5905 10
3423 4782 10
447 12593 10
3399 12769 4
7825 12401 10
571 7023 7
429 3473 4
348 1150 3
368 2799 9
2035 5119 5
9974 11109 5
3119 7659 7
570 9725 7
5123 11142 9
469 3538 6
1646 12901 2
6700 10349 10
4835 12968 3
5446 6620 7
937 2667 8
363 12284 2
4695 9404 3
9561 9672 10
2623 2861 8
4620 4662 4
1472 2592 3
2274 12801 1
3214 11786 2
3489 9589 4
569 1461 7
6008 12550 4
1926 10250 4
6803 7271 1
2331 11530 4
976 6084 9
1283 6793 4
1920 9450 7
3446 9802 1
832 9199 3
1843 4687 6
894 10454 10
4735 10108 2
6441 11025 5
9426 12523 7
10249 12833 7
5882 8198 10
1393 5069 8
932 3578 1
2242 9504 6
10862 12883 4
6710 7825 7
1455 1646 10
4968 5849 8
2407 4917 5
7743 9605 2
2429 9766 1
3214 8423 8
600 4262 2
3578 10314 9
3862 7475 10
495 532 7
6384 7755 2
177 4292 8
4175 12868 6
5958 9417 2
5936 7067 9
10075 10409 3
3876 11210 2
10308 12516 5
6440 11687 3
2945 3600 7
2965 10237 7
12592 12602 4
8015 12081 1
4414 8183 8
1484 5559 9
6633 8925 4
3713 12868 2
1474 11210 10
6693 7722 1
7293 8015 4
6500 12188 5
3464 12394 4
136 12432 2
3752 6181 1
6835 7805 8
1844 2769 8
828 7666 6
7470 11526 5
8542 12320 4
348 1602 10
501 11166 2
502 3004 7
6427 12186 3
2092 2388 9
3553 6121 4
4542 9927 1
6246 10025 5
3538 11761 1
3879 10925 8
8795 12307 10
1941 2412 9
1451 3884 2
7768 8810 7
7443 10534 9
1443 7293 3
7652 9871 8
2626 11853 10
551 10928 3
1551 4544 6
1445 2353 8
3082 12102 4
2533 8064 7
3982 10862 5
4334 7728 5
1762 9740 5
2576 12684 3
82 3386 6
2238 6300 10
1400 10110 2
12582 12755 3
9450 12346 4
10780 11324 3
162 10029 10
7577 8170 8
822 5423 5
3597 9010 5
2274 9924 6
6159 9634 10
4467 6961 2
2581 4360 10
4210 9491 2
1187 10730 5
319 409 5
9840 12394 9
940 8579 3
3145 6389 2
5120 6246 6
4951 9078 3
2945 5043 1
4293 8942 1
9726 11130 2
1762 9867 5
1713 11657 8
1576 10229 3
1555 6682 8
10253 10626 4
1837 8269 5
7996 8266 4
2682 12611 2
1097 10694 1
990 4378 1
4473 9840 7
2703 12989 3
7640 12001 5
3518 5611 3
1926 9508 1
3119 6202 8
9025 12652 4
328 3757 10
29 12516 3
4399 5689 1
985 8313 8
3740 4983 4
3732 9744 5
3709 5689 8
8528 9742 3
3522 7020 9
5449 7271 6
70 5213 7
17 1551 1
1014 7920 9
501 2876 8
5504 10037 3
2152 2820 7
2793 10383 1
6421 9644 2
4031 4603 10
7023 12121 7
2682 10006 10
2746 10442 5
4678 12121 10
5533 9341 2
3982 12938 1
4693 5588 9
10351 10499 5
9265 11908 10
7258 8208 5
2262 8753 9
8617 9455 3
5717 12653 7
4001 4890 5
359 11386 5
1814 11842 9
8198 12178 4
1187 5001 7
3261 11427 8
1954 9561 8
7872 9855 6
6293 7440 1
4984 11085 8
7409 12938 3
2320 8638 3
10827 11200 5
3538 12971 3
5194 7665 7
5224 8150 8
5196 9040 6
1855 3464 7
4126 6293 6
1290 7783 1
7728 10293 1
188 11318 8
8814 12259 2
3070 12251 2
1239 4508 8
9275 10748 7
4164 12981 4
2293 9897 6
6582 10099 6
1656 11119 4
3646 4243 9
9322 9726 5
5211 6607 4
940 6339 6
10229 10668 10
1308 12735 6
7443 11297 1
54 9423 4
4096 11590 10
10353 11469 4
8150 9735 10
8870 10055 6
10508 10689 8
8820 11119 10
7902 11219 4
5947 7269 10
1412 7907 2
6788 11831 7
5367 8708 10
3171 6453 5
2405 3470 2
4281 7582 8
8874 9823 7
6103 11257 3
1775 3328 2
4544 7413 3
8663 12652 9
8011 9656 6
9031 11829 5
5302 10043 10
23 9814 7
6202 6924 6
8726 9281 2
3622 8463 1
1559 10250 7
906 4626 1
9042 10462 8
5764 10982 2
332 12664 7
55 1474 2
5755 10250 9
9157 10358 8
7677 10424 1
1538 2995 10
6444 12570 6
5112 11922 6
571 11258 1
3243 9374 9
11371 11724 5
7101 10733 3
9210 10702 5
26 6234 6
9078 9848 6
4670 9661 9
70 8421 8
702 12094 4
6596 11583 10
1588 7262 9
5043 6291 5
3243 3462 5
1150 1912 7
3663 12478 1
877 12174 3
7141 7227 2
2228 8015 6
762 10509 9
1215 4646 8
5306 11262 8
5732 12389 10
7316 10340 2
2094 3780 6
5801 7232 7
6959 10877 7
5260 7299 6
3351 5281 5
4955 6596 1
6834 11055 7
3114 3737 8
2840 6130 8
6451 8320 2
1082 12760 9
3243 10711 6
8504 8557 8
7421 8458 4
10308 12820 10
8664 10940 5
8259 9010 4
5632 10102 5
1941 11283 2
2664 7696 6
5006 5533 9
1400 4110 9
6507 11119 10
9880 10281 1
2685 11070 8
1112 3071 9
1445 10587 3
42 7279 7
7222 12121 6
3214 6540 5
916 7693 9
4764 6001 8
3966 9974 10
137 5866 1
501 10779 6
7777 10314 7
7052 7920 5
3614 11011 3
369 11582 6
9423 12154 7
1517 5202 9
9664 10928 7
7572 9475 6
2135 8507 8
8421 11639 9
136 11594 8
7900 8953 10
7818 12502 4
3354 3738 8
956 12456 4
596 10455 9
1060 12527 9
937 7217 9
3994 4280 3
8657 9910 2
475 3614 2
5549 6741 1
1602 10173 3
7141 9650 2
9594 12651 4
2579 10884 8
2982 6807 4
1196 7413 9
4356 6397 4
970 3245 5
3270 10181 10
9443 10723 5
876 1235 8
1058 5579 8
4582 12773 1
1520 12022 8
1400 7681 7
118 3186 9
1713 8110 4
2844 8322 8
4382 7675 6
6456 9910 8
2579 10614 7
9404 12955 6
4399 10214 8
5130 11169 7
4961 10431 6
8859 12473 7
3255 9040 9
3214 12425 7
6734 10907 6
5058 8398 10
8077 9787 7
530 9360 8
69 7234 2
7988 11324 2
1120 6851 6
8824 11850 10
9231 9345 5
1520 3576 7
4429 12801 5
5354 11109 9
77 270 3
1576 5872 5
6480 7137 1
3976 10721 3
2985 10395 8
1687 4673 9
6089 12709 6
1579 4399 3
2937 4076 4
1233 4373 4
7491 10918 1
1915 12250 5
1517 6934 9
10097 12636 5
2094 11624 8
1813 7755 1
4110 9708 5
2948 10406 2
1797 8507 6
6837 12354 4
985 1625 3
98 7927 5
4658 7983 7
559 12456 3
399 5579 3
1364 9045 1
5533 10445 10
9426 11828 10
1938 4917 2
3389 6944 7
7953 11974 1
3862 10808 9
876 9034 9
934 12937 6
6422 12895 10
3866 4890 6
6265 6367 8
8643 10436 8
9008 12904 4
106 10375 1
1009 8322 1
1100 8198 1
1833 12401 3
1193 1877 6
7996 11980 8
186 7770 3
3245 11522 4
1065 12001 10
2284 3546 2
3415 11481 5
2007 6478 1
1693 6387 8
1877 12522 2
6430 7386 3
4253 5969 2
1765 4766 8
9008 10168 2
6316 8875 2
10654 10808 7
9426 10591 5
2767 6048 10
3350 8808 3
9831 12249 8
4646 9369 4
2202 3312 8
6164 8024 8
6834 7107 7
2480 11441 10
3245 10700 5
411 4587 6
1843 2969 10
8648 10606 9
3856 4294 3
3062 3332 3
2607 11041 4
8211 11068 7
2345 12868 5
6362 8028 1
3057 10752 9
3990 10406 9
287 5281 7
9602 9649 5
2688 12959 7
482 6481 4
1601 3492 8
5281 8358 4
3195 9281 6
8266 12483 1
2262 8556 8
82 11512 6
9197 9831 9
9218 11866 2
7449 8307 9
4781 12320 1
47 12107 7
6220 11584 10
5120 8652 4
460 12519 2
7067 8525 10
5886 10907 5
940 1074 4
5288 9362 3
4735 7651 5
3214 11140 2
371 11191 3
2894 5851 10
3716 8530 9
3336 11938 1
2485 3015 7
1228 7151 10
401 10239 10
7725 12265 1
1625 5076 3
1891 5191 4
3007 4979 1
68 4859 9
2612 9726 7
8412 11884 7
6694 7227 10
8316 11848 6
6045 12259 8
3604 6582 3
186 7498 6
19 10361 7
5651 11772 2
530 2000 5
9010 12198 3
4496 9802 6
1866 12253 10
317 4695 9
986 8603 9
6384 12484 7
4533 12683 9
3251 7475 3
9058 11677 5
6043 8116 2
3702 4788 4
6441 7586 7
5102 8108 5
5274 10003 10
3722 6443 4
4859 9239 2
2455 8899 6
4239 12265 10
880 2741 9
3163 3646 7
10769 12937 10
379 7710 7
5969 9193 9
5584 10108 1
2936 5722 7
6557 8983 6
9489 12359 7
3236 6904 1
4742 6045 6
3427 3757 6
6649 11305 1
2000 10218 9
7432 12489 8
328 5834 9
547 1333 9
2156 11809 9
1159 6103 10
7880 9374 1
6087 11580 3
95 6666 2
976 9967 3
3982 7513 4
1520 4010 4
4399 12497 9
530 562 4
562 8131 5
2992 3869 10
7901 9991 1
4575 12494 4
5014 10361 6
3816 7580 4
3879 6719 7
1331 10562 1
9738 12354 6
1802 10204 7
7031 9298 10
10730 10998 7
968 4543 7
3486 6524 6
6026 11845 1
6245 8392 6
1595 6453 10
496 12334 4
3699 5350 10
562 1504 5
2171 5382 7
7915 9358 7
3273 8412 10
6294 10732 4
6565 9931 6
1674 9442 1
9387 10755 9
9589 10149 6
8687 12294 1
677 12997 6
5174 5503 6
3157 7009 3
2293 5669 2
2674 4266 4
8449 10680 10
3775 9851 1
2397 3522 8
1844 8041 1
12439 12582 6
2644 2766 8
4693 5854 9
3745 8867 8
3721 4414 8
906 6558 3
3186 11246 5
55 12795 8
6779 10204 1
4597 5972 5
1284 12527 9
9939 11746 6
1775 2833 10
9313 12165 4
2222 6174 6
11878 12197 4
2431 12593 7
2896 12431 8
7023 8750 8
1120 7244 6
11652 12804 7
4522 5224 2
337 1190 9
832 8019 2
2644 3524 3
542 11689 6
7186 12178 3
4604 10257 3
3057 12134 10
5672 7902 8
262 6837 7
2952 10138 1
676 2009 6
5997 12269 8
9190 12651 4
6103 10678 10
542 1684 2
2472 4714 7
6993 12718 9
5043 5759 4
5035 7234 7
41 8955 8
7021 9927 10
4478 10735 8
5376 11512 5
2937 8107 5
1557 7570 6
2618 4302 5
2194 10554 7
2684 11842 2
1938 9548 9
4764 8495 3
4322 7755 2
2702 8744 3
2470 5972 6
7710 8422 10
1480 10102 8
1150 3899 9
1497 2898 10
6904 6908 1
1601 2880 1
4171 5306 3
1944 10060 3
4239 11116 6
956 12841 9
9991 12537 7
8287 10076 5
3408 12925 10
6944 9066 9
7809 10737 9
8163 11580 2
3681 4369 6
4587 5603 5
3408 8143 3
554 4052 10
2902 5446 5
8603 9406 2
2573 8546 3
1371 5956 2
2377 8058 3
3620 5720 2
1331 2355 4
70 2768 4
1883 6387 5
4608 11169 1
7358 9197 7
1481 2391 5
1262 8451 6
4237 10406 5
2924 10636 5
1058 5240 5
9220 12773 6
3208 8532 9
839 2972 2
1644 8211 4
4560 10398 5
3134 11258 4
1915 8175 4
1085 11236 10
7186 8960 10
5367 9213 9
409 12119 2
2630 6478 2
5452 6886 6
4197 11677 9
2735 12387 8
9197 11697 3
7634 9766 5
702 7759 2
1909 12111 9
4030 10511 5
4522 11613 2
1891 10631 2
3495 7535 3
9423 11854 4
3601 7677 7
2735 6025 1
7818 9542 3
672 6246 1
1967 7528 10
7402 12346 3
10190 11390 1
313 8259 6
7743 10296 1
2962 5503 5
1877 12015 8
8369 9765 3
985 4195 1
2194 7940 6
5034 10452 1
4439 10988 1
7229 12450 10
1601 7789 10
7385 10110 9
677 7356 6
2988 10392 9
165 7737 9
1290 12335 10
359 7742 1
449 7470 6
8338 12116 3
3086 9876 2
4994 6754 10
2114 10925 5
2895 5320 8
8824 12563 8
9072 10204 5
6532 8814 1
7216 8408 6
256 7351 2
3152 9598 4
4120 10752 2
2644 10038 7
3722 8246 1
1967 2031 6
9242 9406 3
2534 10316 9
1926 5945 9
3157 4313 9
2652 10827 10
4001 5916 3
7946 12430 6
9870 10469 8
8763 11833 7
8359 11930 1
2916 3464 10
2416 10229 10
1327 3104 4
256 6486 6
3699 7455 7
2680 4473 5
6406 7728 6
1967 7658 8
1926 6442 4
6367 10335 5
3152 4124 4
7818 11304 6
7216 12878 5
2992 7429 6
2968 12301 5
3470 12715 4
353 3261 2
4115 12443 2
6275 9802 9
3773 7859 3
1100 11100 1
256 7210 7
2853 9281 2
1941 5754 7
317 3558 2
4890 8304 2
77 4565 8
98 1698 8
2034 2318 5
6232 9754 2
2727 7902 8
8011 10958 9
4916 5150 9
8536 11493 10
42 597 3
5691 10898 6
2672 4508 6
2940 7677 10
3041 3843 4
3230 7696 1
5703 12744 9
1673 3362 6
2031 11710 5
170 11687 5
8110 9382 6
2318 11395 5
1948 10247 8
6546 12388 10
3800 6596 4
6501 9405 6
2035 11986 3
4804 11828 1
6524 11374 5
2031 4509 8
7311 8276 2
3269 7927 1
2080 6886 10
7314 9475 2
2603 10076 4
5092 5181 9
8389 12118 6
1268 7982 3
2828 9010 5
4708 11859 4
2000 11889 5
570 6696 2
10262 12968 10
6526 8507 2
1920 2109 6
1010 8663 4
4153 12989 7
7271 11728 10
5942 8443 1
1441 7570 6
5795 9735 1
1637 8470 6
1310 9400 10
2326 3573 10
2419 3134 8
5424 8147 8
6226 10386 3
54 12115 4
3326 8266 6
9265 12316 6
10140 10495 5
2052 10125 1
3130 12895 2
4376 7217 1
5353 6397 9
5150 8466 2
4469 6363 8
4835 9680 4
5241 12823 1
4521 11593 6
1283 3483 10
5282 8044 6
4578 4629 1
5882 12488 2
32 7300 6
2001 6998 1
2164 10862 1
2160 3486 1
986 10385 1
3722 5155 6
11807 12527 3
3020 12901 5
1837 10558 3
6829 8708 6
9561 11245 4
5150 11158 8
1308 2889 8
665 9157 8
934 5046 3
894 2476 4
3534 12332 1
4629 9332 3
956 6689 3
1539 10606 10
7986 12022 1
3861 5611 1
8727 12260 3
823 1009 5
2889 9458 2
2629 9976 6
2962 8155 1
3161 12708 6
12454 12516 7
3713 5895 10
3960 5382 9
3380 4949 10
3848 10779 3
6726 12087 1
2214 4984 1
48 9405 2
98 12674 5
8316 9671 8
7335 9800 8
123 6944 8
12094 12535 7
1724 12648 4
447 10145 6
9218 10107 2
3187 6320 1
10483 11471 4
7477 9421 2
3757 10593 6
6219 12489 5
349 3884 10
8800 8845 6
7507 11465 10
6540 10607 7
9833 12116 10
9315 11258 1
10316 12900 9
5112 6124 8
2036 10144 4
1194 9849 8
2202 6004 7
4597 5204 2
2684 5887 7
6300 11792 1
8742 11192 5
2549 12883 4
856 6103 4
9504 9685 2
3411 9658 10
4521 7022 10
4346 4687 4
5237 7475 6
3368 5354 5
1576 5995 5
4658 5134 9
451 5725 6
693 6735 5
2183 6105 1
4146 6060 2
1331 8431 9
6338 12119 6
702 9473 2
3062 8586 5
4220 7234 6
2345 3262 8
208 6754 6
8038 8483 7
6105 9642 6
924 9157 8
8536 9184 4
7799 8656 5
4648 11194 2
6544 10239 7
2912 10892 3
2367 8193 3
3074 8966 10
3377 10274 1
2724 11011 10
2480 8230 4
4784 7872 5
1333 9413 7
305 1670 8
4010 11635 6
4962 12841 5
3655 6088 2
270 9755 8
2010 7880 2
8643 11372 1
5728 9031 8
22 12955 2
6803 12041 8
1327 5490 10
7067 7994 8
3300 3721 7
2205 11922 3
7952 12387 1
15 145 5
6026 8713 3
2958 6803 6
2549 8403 4
5477 5602 7
5102 6126 4
6944 9258 7
812 11881 6
255 12552 9
4431 12760 5
6219 8114 10
24 8175 5
2530 8359 10
12214 12446 5
2902 7469 8
8001 9012 3
7877 11539 5
8656 10954 9
1993 12403 6
5352 9552 6
2901 4714 1
188 8308 7
2723 11344 3
2859 10214 3
151 3270 8
2999 12478 9
7343 9878 9
5124 7580 1
6268 8463 5
3677 4805 2
788 6256 1
8175 11795 2
616 8449 7
9395 9642 2
1595 10381 5
19 9580 1
7322 11386 1
3244 8713 5
5306 7968 8
385 5351 9
9713 9967 3
9424 11530 6
3186 10644 5
2501 6385 10
659 12472 1
817 7262 9
1538 8187 9
3463 8968 7
1928 12798 3
3990 10515 1
832 2099 10
4565 8501 2
2916 12551 10
2156 7361 6
3500 6226 4
67 2183 9
9725 10082 6
940 4912 6
11913 11922 9
1061 8643 6
4612 6422 2
7069 11908 5
6557 11030 6
1077 12245 2
2168 12358 6
7499 11452 10
6866 6944 5
6689 11622 4
3644 10752 6
6805 9008 3
1224 5266 6
1196 4847 5
2945 7802 1
1577 8077 10
4544 12661 7
7021 9051 5
5632 10264 7
3037 10107 7
1233 12568 10
6150 10229 9
8671 11122 8
8756 10801 5
1221 11122 8
6089 10524 5
10884 11826 7
2174 2334 5
7299 10580 4
9699 12249 6
2427 7654 4
3809 10589 5
2826 10711 7
1215 10684 7
8256 10249 3
10367 12023 10
4578 9060 3
3757 8349 5
3143 3354 10
2559 11828 2
5128 11219 8
969 4257 5
9931 11543 7
1038 2583 3
1833 11901 10
3243 9789 1
1674 11541 3
8825 10882 6
3262 10617 2
2485 8132 5
8657 12984 6
135 266 8
369 943 7
1058 8184 3
7076 10476 10
3197 4917 2
10003 11927 1
4597 10691 10
5018 5282 3
7972 9383 3
4264 11881 4
2036 7815 4
8800 12021 7
4751 12198 4
10190 12511 5
1772 10082 2
1455 2068 8
318 10508 9
5209 9358 3
5755 6269 5
2775 3643 2
4600 10737 2
2942 9991 5
2681 9561 4
8606 11080 6
1031 3399 1
2684 4230 9
244 3313 2
1865 2507 7
4616 8495 1
7944 11078 2
3206 8546 7
4482 10712 5
6620 8692 4
951 6855 10
4765 8576 2
6262 8389 9
11612 12431 6
5045 8083 9
7779 7944 7
11331 11854 10
6975 10043 9
159 9976 4
8470 12241 1
5046 9982 9
616 10413 3
6298 7406 3
7186 10716 2
1883 9882 6
6537 7211 10
1792 2170 5
1100 2930 1
1266 2668 9
6092 8019 4
953 6526 1
9291 10442 3
7530 8525 5
4565 9162 6
744 5255 5
2766 9135 8
173 10469 9
886 11631 7
7521 10190 4
8631 11283 7
9549 12254 10
1301 2094 9
6248 10037 10
6627 11390 6
3111 9213 8
10668 10766 2
3469 12971 10
3693 4237 4
4404 5896 9
6478 12765 9
270 2698 4
8139 12685 10
10214 11087 10
8946 12528 8
2367 2974 5
6904 10209 3
3519 4166 7
9939 12248 6
487 4759 5
3685 5872 2
3715 11925 9
2553 7737 9
5224 11133 6
308 317 8
2242 10451 1
41 3512 9
7054 9406 3
3244 5259 9
8845 12642 6
588 11324 6
8746 10644 7
1101 2284 5
415 1696 7
38 8322 6
3603 5040 3
4095 8358 2
4413 6920 2
5984 7693 9
1306 10449 7
6976 8504 9
8915 10147 7
2583 3173 3
11541 12056 5
8753 10707 4
5872 9841 7
7410 8504 2
4214 8946 7
2228 9866 8
4542 11111 10
4329 8637 1
532 5231 2
1263 3757 10
3169 10689 5
893 4280 6
3076 11829 4
693 9693 7
1844 8314 5
744 1921 7
10362 11799 7
4977 6682 7
1239 9396 8
202 11823 1
8556 11238 7
8909 11807 4
4995 5239 3
3654 4575 4
2838 11631 2
1075 6803 7
580 1857 7
2005 11142 1
4448 11922 7
5421 9058 8
62 5836 4
2230 2850 1
11070 11336 8
2948 9054 3
5446 11763 1
4575 12025 9
10063 12664 7
2973 4141 3
2132 8512 2
5053 8313 9
8154 8652 8
1443 11208 3
470 702 4
3350 4151 5
3481 10882 6
668 11656 3
2756 10159 7
8435 8463 9
10482 12582 5
5470 12224 3
1630 10784 8
103 12651 1
6106 10872 6
5715 11756 5
6471 11011 3
762 3774 9
7173 11530 4
3114 4100 7
1938 4150 1
10036 11784 10
4736 10470 2
12248 12680 3
6834 8614 2
194 3195 7
940 5793 3
1814 4055 7
3737 11499 6
43 3261 6
8449 12256 8
2549 3505 10
6328 8133 1
8779 9982 9
11041 12088 5
4712 5755 2
7125 10362 4
935 9235 6
5461 12525 4
482 688 3
5719 6092 9
4658 4919 8
368 8752 7
2214 9854 10
2470 4285 7
3565 9878 10
1439 1727 1
1318 2832 8
9774 10147 6
4459 10493 9
10062 10361 7
10962 12766 10
4950 10291 1
10667 12156 10
2533 3027 9
5105 9060 9
2536 4845 3
6413 7535 5
3827 6248 8
1368 5268 7
6566 7955 4
7034 10330 4
7879 9664 8
1100 12723 9
10847 12981 1
3273 5448 10
4670 8018 4
587 3546 6
1983 2975 7
2898 11408 10
2565 4052 2
8167 10029 3
753 10779 10
1601 12882 10
6963 7303 9
1749 6277 8
6440 10368 5
6031 9083 7
11831 12282 1
7244 12613 9
12271 12938 6
947 1196 9
6442 12777 1
4879 9075 4
11282 12320 4
1224 6457 4
1468 11797 8
7322 12794 6
4032 4232 2
2202 8242 7
1121 7375 8
968 1852 6
7391 12652 2
7681 11682 5
5091 10296 4
4275 9418 6
466 7282 5
2742 12592 2
6881 10482 8
7909 9829 5
3637 6829 3
3201 8839 6
428 4897 2
2012 9649 5
5331 7575 9
6326 6456 4
7413 9652 9
625 8395 6
6271 12674 10
5807 10340 6
8167 11190 4
9491 10497 7
10454 12417 9
4835 5771 9
29 4309 6
8753 12405 10
3368 11737 6
9210 9303 5
4670 8123 1
797 11828 10
5593 6607 10
3216 6362 6
194 8593 1
6441 9301 6
846 6422 7
162 6739 7
3071 4424 8
2537 3693 1
475 7992 4
281 11085 6
8773 8986 5
3326 6485 2
420 1978 1
4309 11585 6
6642 12303 4
5848 8634 10
6881 9806 6
1864 6256 3
6959 7661 6
19 5529 8
4462 4544 7
3426 12081 5
1400 10283 10
3351 6811 3
1329 7303 1
2164 6472 3
2596 2786 1
1815 8230 9
6031 6128 5
8185 9864 3
6704 11613 9
5767 6268 10
2467 8083 1
8304 12082 9
145 9350 8
7815 9182 5
2762 9426 7
3228 6456 3
9261 9900 10
5211 7803 7
7981 10668 8
5430 10386 6
1786 5208 3
756 12516 1
1492 10476 8
2274 6033 8
8795 12012 2
453 10988 8
7076 11141 1
5006 9309 3
2262 4630 6
1190 11979 4
251 10144 5
8699 10454 9
2070 12671 4
3620 7495 1
4663 10461 3
4010 8126 3
3763 6485 5
2086 3999 4
3246 12354 8
8011 8706 5
5405 7846 7
2799 6636 5
6120 7939 4
9188 10257 6
3350 9070 6
4822 10940 4
194 4324 5
1204 1265 8
9394 12948 6
3663 9868 8
1725 12535 5
3876 6531 10
1025 10590 7
4075 10277 8
7677 8484 6
10369 11493 7
2804 7452 7
8001 11987 10
5443 12841 9
1283 9995 8
421 1100 9
8441 9765 8
411 1824 4
3034 10204 9
7319 10862 9
5789 10627 1
5084 6135 6
383 2876 1
3123 6726 8
1687 8323 7
8421 11548 2
3768 9128 10
10296 10603 9
8024 9657 1
318 11976 8
4153 4943 10
5018 8503 1
5884 7244 8
650 10351 1
8047 11463 2
10462 10838 8
3208 9719 7
7171 11427 4
9870 12211 10
409 10186 4
2699 11697 10
5714 12920 4
4089 4175 8
1674 2305 6
3320 9053 7
2968 11348 3
4822 6678 9
6158 9362 2
9269 11473 4
2427 7522 4
451 6622 6
3186 8704 9
8596 10097 6
3624 9332 8
3375 11015 7
3163 3781 7
3669 12088 2
5223 12333 3
8925 9544 2
2568 11656 1
3678 4997 9
6622 10556 9
6881 11485 7
1968 4375 9
3752 6183 9
2646 11246 1
7072 9561 3
7917 9360 8
5243 12769 10
5789 11882 1
677 1568 2
1265 12649 2
5344 11464 8
206 6202 10
1900 9369 3
9362 11993 5
8857 8880 7
1621 2102 7
6052 8304 6
6739 8040 4
10386 11061 2
8509 12511 9
3496 10314 9
194 6662 6
9313 11492 7
4348 7963 8
902 10993 8
5357 8966 3
3732 10407 10
3537 11746 9
4076 11425 5
2747 5694 9
8192 9443 3
3946 7335 5
6048 11355 9
2152 12219 3
10756 11691 3
2259 6719 8
5171 11448 1
3732 12748 5
9261 12007 1
561 2756 1
12272 12872 10
7346 9612 7
2085 2536 8
2262 2609 6
12651 12738 2
10319 12723 10
10115 11585 6
1993 7074 9
3261 9401 1
3968 9395 1
10441 10954 7
2838 8034 8
1492 12298 3
2254 10264 9
254 8955 8
6969 12186 8
2010 2300 1
5289 9578 4
5355 9754 1
6499 6694 7
1553 12529 1
1053 8018 5
2576 11026 5
7611 8139 2
9655 11493 9
4658 9665 2
4262 5027 9
2834 12638 5
8058 11649 5
4023 5283 1
6477 11842 8
6365 9304 7
12110 12535 7
11522 12946 4
7953 12909 6
209 3020 2
6718 10780 8
2685 3760 10
8164 10113 7
5778 8733 4
4582 8031 6
348 12158 4
4469 11692 3
394 8354 10
7847 12056 9
411 5337 3
1030 12523 7
6744 8536 6
8177 8674 10
2840 3943 10
42 11221 4
1515 12416 4
8421 10951 1
3816 8956 5
2644 10488 2
10772 11631 1
9636 11061 2
1110 3745 8
6617 7186 8
308 1028 6
11141 12902 6
2820 12103 1
7091 12671 7
1183 3450 10
1445 6292 1
2790 11633 2
7786 10361 7
3899 4671 2
1641 4604 8
3399 11747 1
73 3130 9
370 11925 5
79 12628 7
7944 10975 6
3035 10124 10
7571 7620 8
5448 10897 7
2530 6555 8
8763 10594 9
4495 12245 9
2850 7912 7
1784 5231 10
12738 12886 6
1274 10038 6
2319 11752 10
1164 4550 4
4130 7058 1
2769 5057 7
7392 9299 8
5287 9218 9
68 2359 6
23 592 1
136 1819 1
5641 8634 7
1002 10601 10
3084 10617 1
6316 11844 4
1497 2512 7
7626 8192 6
10440 12371 2
3119 5627 1
5475 11564 4
378 1644 4
1507 8121 8
2067 10442 10
1671 12938 9
6298 12167 1
7843 9733 2
1646 9245 8
3427 3806 6
3114 7183 5
5882 11560 4
1932 4742 5
8336 9719 2
3269 3993 3
4348 9512 9
7755 8030 10
1877 2282 4
469 7285 1
2015 10055 9
4030 10471 3
7652 10094 8
262 10676 3
5635 6741 8
8378 9584 8
3187 10883 9
11491 11901 6
6129 12330 5
5475 7093 3
6694 12802 4
2198 6944 8
2242 6703 7
6511 7584 2
673 6247 2
43 3447 10
1883 12899 9
1075 12720 2
4814 10878 7
2833 7734 5
1904 12591 2
128 5248 6
1298 1979 10
1647 8316 7
8778 11425 6
2501 11366 4
7796 10668 8
5447 7361 3
5576 6178 4
9286 10383 4
1701 12653 5
1906 5461 8
551 7878 3
4254 9650 2
4250 7658 4
3586 5324 10
4224 6565 3
937 6759 7
5629 8398 5
1546 6004 3
5196 11308 5
2709 7982 1
3498 5895 1
6685 11456 4
219 5243 9
4646 7454 8
2080 10816 5
668 12340 1
1119 3054 2
4079 12981 7
1492 5417 4
8332 9807 4
1555 5253 1
8201 12250 1
1258 12882 3
1698 9081 5
9277 12778 1
1164 11660 1
4164 4659 6
9715 12405 10
10556 10585 3
4296 9231 5
8287 11870 10
1749 7025 4
4900 7341 7
1772 6455 6
3473 10127 7
334 2413 9
1308 10867 8
4291 5800 7
6022 8107 5
8193 11367 4
2601 3732 5
3723 6357 2
7627 9443 4
599 4230 7
1735 8671 7
11219 12105 10
1085 5751 9
3094 8131 4
6526 7295 3
9705 12207 6
3016 12022 1
3718 9680 9
522 3740 7
6360 12659 6
7725 8200 9
641 1025 4
2454 11200 7
1880 7728 1
332 10751 2
3573 10609 9
298 7786 7
1099 9184 4
2224 4565 2
2832 4504 3
5747 12310 10
3091 6256 7
4082 5053 7
7975 8108 7
482 4367 10
1894 4055 8
2741 9416 9
8437 11151 4
10411 11981 9
1644 10294 1
3880 7211 2
5945 7453 4
6821 7527 9
5169 8123 8
5130 6538 1
1851 4462 6
11831 12234 6
2388 6374 7
11023 11441 3
6087 6567 3
6136 7499 3
917 12303 8
3112 7244 2
1041 12925 3
7556 9814 10
7639 11974 2
1467 12552 8
1108 12709 3
8486 9416 1
9766 12914 6
2258 4032 5
3429 11318 6
6206 12119 8
1082 4807 1
1112 2143 7
684 3131 7
847 6369 7
3243 9503 9
3135 3702 2
2295 2576 5
6390 11580 2
2152 2249 4
7624 11061 8
9775 11564 5
1846 5691 5
934 9451 4
5945 11226 7
9708 12753 8
7570 11587 5
6036 7734 10
1074 5670 10
8386 10074 4
1584 3094 6
399 10275 5
959 8896 7
2160 8318 6
2666 2756 5
4302 10090 4
4413 7679 3
6670 7495 1
1398 2174 3
241 10702 2
5142 9671 8
4742 11345 10
6106 10231 10
534 1084 9
3552 5229 5
4206 10008 9
2719 7440 7
6735 7140 5
11768 12118 10
1638 9367 5
774 8392 4
9331 11795 5
6505 8441 2
9218 9935 1
2176 11572 7
1211 7141 5
7066 11853 9
5041 6022 10
8376 12833 9
192 10249 3
776 8270 9
3070 10550 4
5292 9406 2
2763 12244 4
7650 10075 3
1965 12636 1
784 6328 9
1343 3118 10
263 6746 7
3269 11514 5
2955 8512 7
2533 5570 6
9467 11689 3
4649 7865 3
9376 11660 2
3116 10204 8
4644 8782 2
7471 11355 1
812 5096 7
6219 6789 10
856 5741 8
7210 9639 4
6235 12724 4
3332 6951 8
10379 11449 8
8129 10902 2
8778 10292 1
7919 10471 4
4704 4804 1
4501 4629 4
1602 5612 9
3840 12317 10
1086 7940 8
3483 11559 5
1256 12492 7
8103 11386 7
12217 12715 8
10125 10921 6
12094 12751 8
4210 5657 9
5717 11800 7
1159 5810 1
328 7540 6
1874 9445 1
1577 6260 4
1900 2079 1
399 10709 4
2178 6542 8
10812 12207 9
4267 10682 5
1897 8287 8
4670 9834 2
2171 8711 4
1558 12431 9
2299 8495 1
40 3816 7
330 2156 5
10384 10463 8
6774 7796 9
2655 2804 9
3635 4722 9
5872 7068 9
11246 12635 3
2950 7360 5
1629 5810 3
265 4334 10
4502 8638 3
5017 10138 6
5913 7847 2
4222 8001 7
3140 4840 1
4488 11072 7
3444 5035 6
7652 7674 10
6328 10399 1
2450 9510 7
6550 7198 6
11737 12520 7
2653 8713 2
9221 11772 5
5896 9698 6
1032 3915 5
1656 1953 4
4054 11282 8
3007 5126 4
6545 7069 3
252 3752 3
4861 6913 10
8639 12528 8
2227 5722 6
5292 8002 8
3255 11990 4
5269 10608 1
948 8648 5
4704 12052 5
3537 7160 5
6557 11036 8
7972 9731 8
7392 9410 3
9730 11186 4
5904 12522 2
91 11828 10
982 12198 10
5997 8755 4
9489 11445 8
1856 8255 2
5568 12459 1
2849 8038 1
5582 12219 8
5235 9053 4
10887 12298 2
4082 8279 10
4941 9458 3
3723 5610 5
4941 6561 9
2657 10352 8
194 12230 4
8746 9615 4
9880 10889 10
1499 4565 6
3093 6206 3
10562 11396 1
311 8504 10
454 5130 4
119 894 8
1758 3147 7
6278 10682 10
908 9544 6
3299 4567 3
2025 11728 9
696 12500 6
1375 2141 2
823 10268 9
5552 12439 1
1447 7314 3
10798 12266 3
6187 11543 5
5506 12886 4
3514 11943 5
8509 8610 1
5204 10624 8
1269 4124 4
9348 11116 4
7358 12296 8
366 9341 2
8528 11096 9
3734 7654 6
2533 5594 2
1696 6090 6
5421 11211 1
2365 8739 9
5996 10292 5
2951 4621 8
3791 11828 9
8021 8674 1
2410 4448 6
6271 8574 3
7184 11211 10
1965 8310 3
4831 12459 7
3666 8114 4
5913 6503 8
4843 9636 3
6121 6416 10
2110 4234 9
5062 11423 1
7409 9801 9
1480 4974 5
5046 6664 6
4767 10998 3
2419 9377 6
609 1880 5
226 2454 6
4567 6717 4
7901 10360 5
847 10604 9
8843 11797 1
5773 9430 8
6374 9266 8
2266 2601 6
5167 12087 2
6326 8589 3
1292 4329 3
5995 11920 9
4573 11990 3
5522 9269 2
2768 9675 6
5669 9288 2
99 2703 6
946 6384 8
6248 6539 10
12124 12960 9
1001 10927 10
3911 8335 3
5537 8031 6
5014 10537 10
2874 10245 2
10830 11166 3
310 11785 1
8982 12753 4
9112 10609 9
10293 11154 7
3563 3773 5
534 7609 3
9162 9817 6
1967 5546 10
3800 12548 3
8389 10104 4
10859 11548 2
3617 6944 9
1191 5241 7
7774 8501 4
1712 9935 5
5641 8333 10
4445 5929 6
4394 4533 3
8059 9132 8
8314 9260 9
2355 11162 10
1124 9321 8
6805 9253 1
10557 12156 1
6366 9184 6
4197 6515 10
3912 10231 7
8436 9801 4
4985 11366 1
4122 7262 4
2873 3728 5
945 5599 3
7736 9604 8
7913 8314 10
1909 5480 4
2472 12966 4
1877 4080 6
3666 7457 7
2673 4075 10
2649 3191 2
2092 5745 5
5383 12516 7
1670 3782 5
353 9137 4
7140 7810 8
7453 7481 10
5209 8148 1
5499 12946 10
6370 7759 10
1399 8605 2
9371 10658 5
3452 3537 1
7980 8542 5
1680 11980 3
6098 8760 9
6026 8496 8
1143 3637 3
1729 12697 6
420 1627 5
1087 11140 9
3080 12522 5
9876 12413 2
974 5130 9
943 5955 1
559 9603 3
9322 10081 8
3848 10736 3
1378 12025 10
4337 10451 9
5053 10825 9
1685 5344 4
5137 7889 8
3635 7688 7
6447 8880 8
7394 7789 1
9738 11625 7
3488 10601 5
2259 9545 7
12392 12968 7
210 4648 3
6782 8689 2
2242 6081 2
4698 5669 4
1645 3410 6
5318 9869 8
7153 11283 8
8108 12711 4
5191 9628 2
5874 11072 1
2450 5414 3
1182 8617 1
7915 10874 10
10221 11853 4
349 8238 10
8323 12305 10
11621 11831 4
5519 12041 7
7250 10605 6
403 1915 10
2160 5418 4
8028 9712 7
4645 10351 6
4185 7651 7
2632 4262 4
4234 10141 2
1648 10379 8
9420 10627 9
7256 11080 1
8635 11324 6
704 8167 1
4663 11769 7
4633 5579 8
7625 9366 1
1872 12376 4
5282 6400 2
9369 10705 7
12105 12815 10
2925 6385 1
135 4856 7
6350 9656 1
1944 7828 1
8761 12078 6
1851 11936 4
2467 6559 7
10448 11190 1
4979 8181 3
6783 7870 8
9072 10651 7
1407 4079 1
4092 6505 1
353 8784 9
191 7878 1
1441 1532 1
4068 5424 6
1634 11710 5
7067 7150 2
9102 12592 1
8234 9387 2
1386 12917 1
7984 12159 3
1577 2920 2
62 1466 3
1247 9612 9
1683 2249 8
11246 12135 7
951 10964 5
1388 8308 4
7388 10589 8
6788 11801 9
6343 6977 4
9485 9628 1
3349 7410 9
1686 8256 2
7274 10159 2
3367 3922 10
10557 10938 3
664 10772 7
3800 5002 7
6005 6538 10
2001 6621 6
9092 9554 5
9223 12260 10
5156 6328 3
1247 2996 4
732 4678 5
5128 8174 4
5222 7872 2
939 6232 7
2139 9742 5
152 4533 8
7034 8903 7
2010 9990 1
11871 12087 10
2623 12192 10
2463 7639 1
10760 11390 5
3692 10928 8
2705 11539 9
10002 10287 8
3987 11954 7
23 230 9
2028 6246 6
2623 7956 8
1491 2279 3
7280 12735 4
170 10238 6
7825 7894 10
4742 7771 4
2549 3953 2
2355 8012 2
7572 10818 9
1390 4950 9
10667 12922 4
9562 12305 10
1819 3535 8
4231 12230 3
5874 11893 7
3122 6649 2
6158 9021 7
2700 11795 7
4126 12232 1
7044 12359 8
5460 10110 6
2680 11944 3
595 1696 6
10317 11944 2
8460 9112 3
1010 11611 6
5546 8688 3
4482 8426 2
7633 12769 1
3261 11098 7
4051 12383 2
1265 6011 10
4452 4919 10
6899 7639 5
4955 12681 7
1457 8962 4
62 2329 6
4296 9229 1
2001 4794 4
5864 9377 1
2579 2863 7
5018 6923 3
1378 9524 6
4312 11698 8
6641 12214 9
4102 9485 10
11026 12471 4
1028 1185 6
1318 8895 7
2085 3724 10
3333 5745 6
2207 8279 7
1016 10604 1
8489 12100 2
7061 8614 2
2155 8449 9
5552 10600 7
6631 9967 6
4460 6181 2
1251 1467 6
7582 11417 7
4903 10036 3
1283 6728 5
4940 10245 4
2698 2947 10
1682 8536 4
11664 11879 4
3704 9178 2
3246 10282 4
154 9508 6
4115 7169 10
363 12435 3
6326 10757 6
403 972 5
2053 8363 3
225 4658 1
9418 9532 7
1187 10764 2
10617 11964 3
2856 9871 4
4051 7376 6
5163 8177 7
10804 11448 8
2155 3609 6
1002 2075 10
5692 9650 3
826 5043 4
3987 7523 10
6887 7343 6
1336 9373 5
186 2683 1
44 10368 8
1652 7457 6
5895 10717 1
4462 4494 1
4504 4528 8
2551 11807 8
1992 12920 5
10230 11306 10
6451 9308 7
1314 5861 6
6366 10934 5
1750 9705 4
7053 7968 10
3064 7968 5
7633 12835 1
2972 10023 8
5008 10765 10
2139 8654 10
2588 3573 5
7417 9059 10
4056 5490 2
3026 3721 9
2326 12311 3
8350 10812 8
5089 5895 1
7045 12317 3
2965 5770 4
2526 2975 10
1809 8637 2
187 9186 6
3173 6490 1
7131 10104 4
6834 9682 1
608 9221 1
3417 10177 5
9437 12944 4
42 12961 1
8621 9605 10
12697 12957 3
9102 9923 9
8107 9968 3
1713 10856 2
601 12308 5
5596 9007 2
2160 9143 6
1736 6091 3
158 12241 8
1694 12262 10
3128 6471 5
11319 12319 6
4856 9030 8
7655 9210 5
9152 10145 10
4193 8952 10
3760 5339 8
8814 10267 7
1204 5832 10
10021 10245 5
4529 11491 5
1194 12323 10
7420 12424 5
227 7198 6
26 4319 6
5046 9502 3
7052 7284 1
6693 9842 3
1625 7518 10
1438 12439 3
3848 12453 8
3432 5499 6
6236 11072 3
2652 8262 9
154 708 9
321 10471 10
11728 12258 5
3845 5546 2
9328 12424 10
8618 11210 6
3598 10385 4
7052 9476 1
7723 10002 8
8649 12653 7
174 9915 7
332 3340 1
1655 12607 5
347 3922 7
9645 10631 9
3381 5895 9
3962 8307 6
3423 6916 10
91 8958 5
361 3147 1
9090 11809 9
11738 11941 8
2795 8502 9
1695 2177 2
1484 11505 3
6206 6879 4
6976 9747 1
1364 10630 7
1496 3678 5
697 9175 8
1067 1194 4
8921 8955 3
10590 11501 5
2596 8979 7
5521 6178 8
7864 8606 6
932 7081 5
9239 11781 4
3669 11163 5
817 2182 6
4001 7740 4
6128 12267 2
7505 10356 1
8579 10894 9
3239 8906 5
676 12660 1
2053 12289 4
3642 5169 6
4193 7554 2
6694 6981 3
29 6865 2
11756 12788 9
4277 5594 2
6511 11160 8
11058 11848 7
947 1214 8
661 6387 9
4898 6678 6
1138 4994 5
6418 11023 2
185 943 4
3149 3473 10
4648 7189 7
1659 9309 6
4861 7002 1
276 7173 1
3326 8999 10
10369 11280 2
3101 6627 1
3880 5038 6
1141 6774 6
165 9447 1
4649 11216 4
1028 9151 6
5796 9834 7
1215 3995 1
3426 10794 5
843 8159 9
2734 11396 1
334 3941 8
746 11319 10
9190 12032 3
1308 11917 9
5610 6479 6
5401 5490 3
2791 7443 8
4950 8948 10
4859 11953 2
1652 8545 5
7545 7693 10
8133 11243 1
1393 8372 4
3854 11548 4
8456 10316 1
110 4644 10
6354 10569 4
2063 3187 5
8506 10038 3
3988 10808 9
3537 8954 5
5092 9212 1
4292 5348 9
4270 7410 8
3503 11165 10
3967 9798 10
4908 9421 6
3093 7123 10
1256 7695 9
3186 4470 7
1138 2701 3
985 9587 9
10305 12186 4
8673 12795 4
12258 12426 2
3724 9227 7
2284 9925 9
693 3951 1
4166 6653 6
4859 5079 1
826 5500 8
8275 10385 8
3145 6484 9
6543 7651 2
4587 12171 5
5065 5171 8
7780 10131 10
402 5757 7
10271 12439 3
9025 12212 9
7323 12957 5
1928 8864 9
7733 11543 1
8502 9120 5
2010 10157 3
1841 12453 3
6658 12284 5
7288 12954 2
2274 12410 2
5581 10147 1
5813 12795 8
2715 7054 5
1048 2793 3
298 3384 3
319 4242 1
636 11186 10
5135 6451 6
4920 12431 10
557 4375 5
4423 5490 5
1203 5046 4
2746 9472 3
909 4909 8
359 11157 9
4035 12529 1
7584 9909 7
5461 8013 2
4399 7597 2
3709 7253 1
2180 7475 5
495 2124 4
863 3685 9
4627 11130 9
6573 8323 9
6944 8057 7
7871 11072 7
3899 6438 6
6257 6892 1
10015 10691 4
2935 7789 5
893 10397 10
7249 12914 5
5230 8458 3
4199 11628 3
2760 6440 9
2277 7495 8
2169 2604 5
8820 12097 8
6277 8082 10
6092 12353 4
2362 4550 4
7358 7692 5
8338 11972 5
4206 9709 2
2035 12048 1
5714 11406 7
4560 12771 2
6792 8920 4
1333 12190 8
3751 4678 10
5336 5614 2
9463 11917 8
2903 8635 8
9876 12166 4
7550 11645 2
8566 12081 4
919 1058 6
1812 12984 6
12064 12961 7
5169 11296 7
1882 3824 3
3659 7797 9
8052 11851 5
9224 12961 2
6503 12437 4
6229 10186 9
8107 11504 7
53 908 4
10222 12547 7
1082 5384 2
5599 7038 1
7960 8144 10
6308 8617 4
10406 11409 9
1951 7396 7
3302 8556 2
4494 11222 7
3585 8395 10
10140 11357 3
9167 11953 4
1191 9477 7
7311 8250 1
10627 12070 10
2428 8083 5
1987 6496 5
4376 11592 4
2080 7896 3
10467 12430 8
3036 12552 4
5913 6530 3
84 11486 3
3175 9497 10
2738 3086 1
10181 11205 1
7755 9349 9
2869 12459 7
9970 10772 5
334 11849 1
197 3086 1
1352 6672 3
4709 10046 10
10611 11417 6
3004 5871 3
2875 10764 5
1564 12458 10
12305 12867 6
9000 11687 5
6983 11149 3
9512 11495 1
6229 7542 8
3740 6147 3
8366 11628 7
4871 10918 6
371 5200 6
5112 11880 5
2737 9000 9
903 8604 3
8756 11767 4
7885 12438 7
4582 8908 10
4079 11174 1
3332 10512 3
2602 6187 4
6393 11928 6
2644 10494 6
735 7223 6
7402 12734 9
3773 8068 9
2431 8594 7
7639 9919 8
4899 10353 10
5611 7362 3
367 1266 6
11538 12849 3
9696 11809 2
3546 7197 9
2666 8003 7
7420 8312 4
8502 11474 3
4075 8008 8
325 3684 6
820 9286 3
7537 11971 4
3619 6893 5
5166 11014 7
942 6338 1
5984 7220 2
5233 6672 6
702 8149 7
10727 10978 1
5679 9461 6
2749 7980 4
729 10287 6
154 1155 3
2455 9263 10
2556 12265 1
8707 9575 6
12744 12749 10
1571 8639 5
53 8235 4
3611 8133 3
5701 8466 4
340 5770 2
8617 10244 3
5567 10573 7
3024 5750 8
2010 2785 3
7092 11860 8
2472 9938 5
303 4001 6
6720 11264 1
557 4833 4
1805 3367 8
3382 4404 4
2025 8822 3
7374 9120 3
4112 12753 6
118 3472 2
5448 8561 8
4736 8462 10
342 10853 10
9135 12378 7
7069 11189 4
270 9351 10
4029 5105 1
1685 5279 10
9947 10148 6
4278 8859 2
1824 6252 8
1624 7363 5
3660 10275 7
4601 7210 10
10973 11486 3
2736 5807 4
8733 12409 9
2507 8981 8
5292 9076 6
1505 4804 3
5294 10515 3
1854 12766 5
5464 8968 9
1899 4348 7
8185 12988 3
8176 8287 8
7886 10557 7
8094 9840 8
2791 10628 2
2492 3375 8
5926 6232 5
570 1781 6
5266 6100 3
186 1096 8
7453 9293 8
2132 6674 2
2629 8217 1
6294 12732 2
3080 9318 6
6719 12775 9
322 1634 3
3538 7615 6
2170 7159 5
4039 6557 4
1815 12605 5
1138 11038 6
1149 4364 1
822 8677 4
7202 8561 10
7186 8169 10
796 2602 7
7468 8984 1
429 9654 6
6341 6734 7
1383 2300 3
4022 8906 7
7458 8030 5
803 12748 4
5330 11860 2
310 9686 7
4501 5833 3
50 12944 2
2530 5662 2
8771 12417 6
1797 4113 9
1592 8310 7
2159 2180 9
4955 11057 8
4411 6524 4
7569 10036 4
845 10628 3
4954 9981 8
41 2272 7
10201 11976 9
7819 9615 5
1274 5890 6
499 611 3
2962 5020 6
319 11153 8
7503 8777 6
9822 12174 4
3599 7940 3
1496 7977 2
370 9283 4
4851 7680 6
9583 11897 10
2902 5107 7
8316 11103 4
2467 2825 3
2484 2951 8
1116 4193 2
3875 11318 2
238 8999 9
7577 8138 1
5990 6735 9
8145 8403 8
5373 7848 1
5823 8983 1
325 5628 4
1912 4072 6
5832 8434 2
3010 10260 4
2428 4391 4
2985 11509 2
5948 7592 10
2201 8149 9
3650 5421 7
8021 10670 5
1495 3377 7
4178 5588 1
4886 12960 6
8477 9360 6
23 7448 1
6690 6870 8
911 7556 5
1089 12760 10
7782 12190 2
10611 11412 4
2612 4021 8
5014 10338 1
1359 7550 2
3171 3672 1
751 7992 3
5931 8496 7
9795 12167 9
9139 10335 2
6673 8347 1
317 8697 6
1958 6124 7
3175 12799 4
7254 12404 10
5127 6886 7
4119 11107 3
6724 11309 9
16 4023 5
337 4674 9
8945 12241 9
505 5552 3
4780 10934 3
48 717 3
1814 2003 2
4951 7776 8
502 2221 6
2247 6459 10
6166 9652 2
8121 8493 2
7183 8009 4
1698 3031 8
5049 8376 7
4346 11176 2
1939 12456 7
1754 3553 2
5421 11213 2
9779 12527 9
3389 6529 9
6513 6620 8
6183 11029 9
2630 8411 8
4869 9775 2
1278 12272 9
2769 5338 4
5024 10772 5
4774 10046 1
4166 5695 2
3992 8426 4
2824 10218 3
826 9810 9
1314 1529 5
158 3048 3
5612 10344 8
4212 11396 1
776 7765 5
8298 9185 8
2561 11308 10
3445 7259 1
1736 7307 8
6298 12173 5
2875 10188 3
8252 9510 7
8600 10780 5
4526 5579 5
1922 4710 7
8541 8960 10
3745 7566 10
2930 4770 4
498 6381 7
8160 10398 5
1002 4005 2
2320 6007 3
7306 9010 3
7766 8390 9
2684 5683 8
7244 10128 1
11141 12108 6
3995 6067 5
5398 9854 9
646 1058 1
3444 9942 7
3005 7901 8
6513 6862 5
3082 6738 8
1284 2548 10
1190 12352 9
3904 7659 8
476 3384 4
2674 6062 10
3644 10570 3
1712 8645 7
11801 12447 10
3071 7177 10
1001 6160 1
3715 6748 9
8783 10277 6
2258 11603 9
5048 8903 5
11687 11921 10
6691 11216 6
214 12680 7
6800 12443 1
6350 9015 8
8964 9774 2
2432 3261 4
159 2605 2
5866 6680 1
2735 7539 9
6670 11743 5
1804 4621 3
1185 6764 4
2494 8024 8
8783 11556 9
861 8742 3
6698 8594 10
4326 11296 4
3690 9656 5
4464 10483 1
10221 10775 8
893 9809 1
795 2224 3
12815 12913 6
2698 10971 5
4239 11447 10
2951 11440 9
2880 4942 4
3566 7396 10
7391 11875 1
6298 12756 8
2850 9384 2
2457 6481 5
985 12629 6
5599 8696 7
1621 7867 6
934 6625 7
6327 6567 1
7487 9185 5
2146 2738 1
2826 5804 10
1187 6307 5
8236 10958 8
8671 12950 4
607 6835 2
9291 10944 7
2189 2974 3
7659 11736 3
5447 12739 10
2634 3757 2
525 3465 10
532 9375 5
4581 7994 3
2957 4612 3
5844 9657 7
3999 7690 9
482 8260 6
1231 7413 10
2495 10517 10
7985 9822 7
3256 11635 7
11245 12074 6
4589 11580 5
940 2943 7
4581 9194 2
741 10624 8
178 334 9
3528 7713 7
8406 10483 7
618 4759 6
4267 12355 2
1621 3559 6
3967 4071 4
5120 12806 8
8429 9979 9
4214 9368 10
1230 12327 9
7132 12488 6
6360 9069 3
2309 3429 8
1295 8339 8
959 11413 9
8440 9362 6
4215 5599 6
3911 4017 2
6961 7601 6
6379 8142 9
1064 5519 5
397 6688 5
705 9042 5
5412 9137 1
104 11691 10
1404 2230 3
10883 12963 9
5582 10437 3
1963 3062 8
1455 2570 10
4834 7244 8
6063 10467 7
3792 6540 5
9114 12899 8
5058 5733 3
10260 11672 8
4488 4819 3
2139 10205 6
86 2537 3
7911 9288 4
7166 7935 8
3644 8922 4
2267 3444 7
4431 8613 3
5455 8107 10
289 303 4
6193 10431 1
1749 5487 3
3461 10800 2
239 9081 9
3589 3672 5
1517 6317 6
7382 9152 4
5920 10993 5
9173 10349 8
653 7362 8
6150 7082 7
3173 6882 4
2442 2882 4
10906 12649 4
8087 12108 8
8796 9823 8
474 4126 4
2357 3738 7
5627 7578 1
4844 8008 2
3147 9099 2
694 10712 10
2370 11786 6
8113 12001 2
11411 12510 8
5287 8701 10
1161 9615 2
340 3545 7
547 7844 5
7288 11277 9
2764 8129 2
4068 6825 10
4903 7579 10
8936 11831 3
4952 8025 7
1904 12942 2
3086 7108 10
4153 6832 6
122 3524 10
2364 6727 4
2833 2953 6
306 2388 3
3877 9050 4
5269 7372 2
763 8814 5
2419 7247 6
11501 11629 7
8581 11556 6
4979 5870 7
9382 9957 10
3073 11706 8
808 8864 4
9319 11782 3
1990 8208 10
8799 11514 10
3885 12244 8
4985 9267 9
562 5562 10
4259 10476 8
3171 3865 8
658 2867 8
3971 4528 2
5770 11450 10
1534 9376 9
6262 8856 1
7686 11171 9
536 3601 10
3036 5968 1
3491 8692 9
2776 12219 7
1987 12939 6
3792 12947 1
8079 10124 4
266 12469 9
46 3702 9
5496 12302 2
2847 12409 10
7936 9520 10
4865 9882 1
5643 10283 2
4302 5094 9
3192 9742 4
4844 11218 1
1446 7696 9
4234 12907 2
7543 12570 6
8427 8656 9
104 12360 7
7704 12683 5
3702 10489 10
3596 4805 9
4159 7540 3
5242 9099 6
1755 2904 2
2358 4183 9
1833 12986 10
1387 4985 7
4402 7523 2
5421 5589 4
7220 7494 8
6323 8242 6
7626 10513 6
845 1072 3
8721 12971 5
8757 11526 4
6527 11213 8
1234 12198 6
1915 4617 5
8868 11538 2
2109 12084 10
7680 9122 5
5797 8657 5
2925 9202 3
130 2549 2
1228 8767 2
4605 5649 1
6960 9030 6
3040 12453 1
9105 11930 9
6800 11384 8
7256 7683 2
4920 12973 6
10950 11767 4
5296 6437 6
5014 7397 4
922 2723 1
991 11882 6
8622 11772 7
1242 9218 4
334 11500 6
5375 12968 9
9680 12729 5
3679 6008 3
6137 10493 1
7040 8964 3
8250 10044 10
5815 6865 3
2976 11672 6
6226 6263 8
1167 12931 5
6837 11609 10
2768 10405 9
8031 8249 8
5335 10267 3
115 6811 7
10754 12219 8
5483 11781 7
6606 10243 7
2091 11471 9
2134 4916 2
2274 5724 3
2333 7880 1
6042 11706 1
5910 10368 7
3843 7950 3
1458 7907 3
1332 6698 3
6136 7762 10
3774 12790 6
9489 11434 10
5460 12694 10
1965 10422 7
6157 11495 10
3607 8145 5
6597 11854 6
6783 6799 6
5451 6271 6
2886 9915 6
5649 10533 5
6786 8389 4
8147 12448 9
2428 3801 6
10984 11100 4
2473 6807 2
3866 8049 6
2182 4672 9
6245 9857 3
6431 8726 6
3267 8320 9
3459 12806 9
7785 11427 3
8876 11609 1
1680 7205 6
1112 12564 6
2789 10390 3
571 10849 1
4408 8697 6
8470 9874 3
2872 11319 7
1254 12802 8
1672 12960 6
8981 12218 3
3313 3348 4
7100 12392 4
2564 11010 3
7877 9660 9
4624 7421 8
6337 8484 5
5916 10648 7
5369 7956 9
818 10384 4
4596 6337 5
677 7589 8
1533 4624 1
1824 10985 4
1393 9964 3
339 5005 9
10236 12301 8
5331 5831 3
5316 8019 2
2655 9026 2
3270 12018 1
4541 5048 9
11829 12558 6
7572 11117 2
279 2904 6
2418 5043 10
817 1022 3
3962 11295 6
11028 12790 6
4036 4962 9
11020 12859 1
5237 5743 9
1390 5144 4
2714 6427 7
8894 9199 6
667 10995 4
1950 5732 1
4708 6626 1
3383 4373 8
12164 12984 7
8609 9935 10
5715 10977 7
599 9195 3
306 7172 2
769 10938 5
7657 11303 3
900 11801 4
5742 10626 6
1444 9800 10
4688 11026 7
3336 6212 8
7048 12568 1
7478 10998 10
1201 6459 10
8749 12738 1
2534 5317 6
1932 8428 8
9284 10405 8
347 12884 10
6626 12463 8
501 10254 5
1836 11747 2
302 10157 6
3164 10454 4
6656 8113 5
9579 11829 3
2858 11537 3
1134 7394 1
3578 8608 1
1424 9319 6
1390 12741 9
6579 10190 6
1037 10254 4
4569 4653 9
7365 10736 1
2097 3679 9
1016 6592 8
3972 10238 8
7184 12444 2
844 2272 4
718 2859 5
6600 11264 5
2247 8975 10
1560 6294 7
5513 8248 9
5102 10793 4
5378 9160 8
684 10329 3
5850 9636 4
8123 11007 4
2083 6904 2
7343 10321 6
4115 8290 1
2480 12400 7
7388 9570 8
1951 9769 1
7495 9963 9
3386 4503 4
6473 10716 7
4453 6819 6
4543 8926 4
83 1646 10
9931 12927 1
5652 5665 10
7142 11953 9
3463 10402 2
3538 11044 9
920 1517 5
541 10636 6
701 3496 1
5979 7101 6
1472 2956 1
10053 10702 2
503 7470 10
9932 10856 1
2209 5942 6
9935 11535 5
8120 11682 7
9812 12680 7
4923 6390 5
2943 10986 2
2509 10110 4
12062 12537 5
2967 4291 8
9067 11404 10
7838 9185 1
626 7920 3
10367 10837 4
7470 8228 8
803 7850 7
6513 10597 5
1640 7452 3
2401 4616 8
4508 8070 1
4469 8267 4
529 12961 6
2818 7627 6
465 11194 3
8050 10971 5
10555 12815 10
9813 11971 2
4501 4731 4
9348 10315 1
6691 9089 7
1328 7370 5
2028 4675 2
1572 5006 7
3994 6070 10
6444 9551 10
3521 11860 8
3861 10833 9
1754 12865 8
10139 12064 7
756 3067 9
6954 11625 2
7634 8474 7
1932 3402 8
2252 12551 1
519 3483 5
8888 12108 2
745 9582 10
89 664 1
8403 12542 2
5765 8999 1
4408 8900 10
6961 11967 1
5471 9395 5
991 4484 1
4298 8123 8
1735 3095 4
1727 9839 8
1502 10925 9
1441 9427 9
2542 7341 4
2840 5900 4
2359 3258 7
1474 8195 2
659 1409 4
3581 4197 1
5471 11741 6
5766 10277 10
3103 9182 10
702 11571 10
5095 7346 8
8047 12506 1
7337 11485 2
5200 12466 10
628 5181 8
520 11331 5
5020 7400 5
5278 9928 6
4722 10310 5
137 10536 2
1016 9736 4
3073 7235 2
257 7893 10
3143 6826 7
2117 5778 8
7575 10933 9
6004 9174 3
266 8625 7
2072 6555 5
1374 4698 5
6585 11114 5
1724 6163 9
1727 2798 3
1794 8420 6
8409 9321 4
6527 10380 5
1488 6925 2
1556 2859 7
906 1717 5
1775 3294 7
6100 12980 3
6365 7622 6
3819 8888 8
2540 11582 5
8645 11255 4
3884 11435 5
2965 9782 7
5014 5883 2
5771 8043 4
3091 11877 7
1281 2449 6
5311 6130 1
10395 12240 6
598 11210 9
4251 9050 4
3535 8415 5
5530 8094 1
3068 5955 6
352 1010 6
29 12293 7
10954 12180 5
5413 9400 5
4428 8167 8
5318 10671 9
4487 9051 4
5775 11795 2
3136 9897 10
84 1738 8
3354 7070 4
1555 10693 1
8076 8409 3
2499 3875 10
8657 11159 9
4141 11062 2
358 9140 3
5167 10718 10
1657 11797 10
3409 8744 1
2168 2993 8
1228 12721 6
3112 12750 10
1474 5021 7
254 9596 2
9445 10182 9
7034 11387 4
735 7551 4
1251 2656 2
4786 11057 2
4750 10128 7
7915 9748 4
1309 11543 1
3369 9467 6
10122 10392 3
3927 8920 4
5484 9855 1
1109 2484 7
6041 7054 4
1625 8803 2
3324 12592 10
5040 6504 5
4633 8516 6
8358 10994 7
521 10214 10
1545 5827 10
267 611 3
7011 9430 1
5217 7542 5
900 8401 4
5617 11659 7
8938 11563 6
3427 8056 8
291 9642 4
833 6277 8
5025 11163 10
2448 5499 7
2546 5503 8
8372 11634 7
6466 11434 6
7492 11171 9
5533 11054 7
7552 8211 1
1070 12430 8
3530 12310 1
1954 3284 7
608 1603 10
950 9543 4
6995 7625 1
9811 10254 3
1565 1873 5
9582 10265 4
4220 8492 6
8771 9329 7
2222 7063 10
2197 10283 7
10929 12119 5
516 2965 5
18 2820 2
4903 10551 9
9669 12029 3
7318 7542 9
4402 9903 4
1150 4720 3
4522 8445 10
6315 7878 2
4915 8909 10
6781 12425 5
9334 9848 9
4984 10742 3
1297 7468 3
3980 7551 1
911 12053 3
1549 12320 5
1611 12387 5
4869 12507 6
3496 9392 6
8512 10289 1
1734 10239 5
2777 8929 7
4460 7355 4
4964 6582 6
3904 10949 7
7392 8937 1
1038 3107 10
8465 10201 4
631 12931 8
3104 11197 9
9091 12245 9
475 4300 6
279 3647 10
8000 12895 10
161 9650 8
8996 9218 4
2148 4930 9
8844 10993 9
8505 11829 10
6240 9367 4
9818 11781 8
6275 7560 4
2839 12230 2
1655 3594 9
10309 10448 2
8147 10834 7
997 7389 7
3871 11954 2
1877 7923 5
2155 4427 6
7126 10094 2
1064 9365 10
929 11272 9
11148 12593 8
1118 9489 6
491 3067 1
9561 11321 1
3612 7230 6
2481 4445 9
434 2634 5
599 9441 1
3982 11753 4
1197 3718 6
1739 7556 9
390 10682 9
128 7998 1
23 5688 6
10496 11098 10
1673 10981 4
8586 12342 1
1238 9015 4
5057 12640 9
473 2840 7
2598 7688 9
1887 5405 5
2644 11905 4
2025 5264 1
1373 5416 9
3265 7710 9
3185 4237 10
3495 8199 4
5242 11931 8
7888 11448 6
502 11356 1
8663 9013 1
1187 4554 10
5665 10547 10
4429 12577 8
1848 5871 4
5871 6588 1
6718 8517 2
118 5180 7
1332 4610 9
68 12035 8
5305 6245 10
498 9354 10
5141 9968 10
467 6959 7
8208 11569 1
9284 12828 5
11560 12782 4
8846 10590 1
936 8421 6
66 1698 9
3182 11583 6
2084 3412 2
5485 10872 9
4594 11590 5
2824 11360 1
1376 8492 6
2547 3349 7
2866 7521 10
7138 8825 6
6484 9581 6
2281 5724 5
117 1983 1
6560 8956 1
7870 8655 3
4222 12067 8
5410 6759 5
2806 4394 2
122 11199 2
97 8107 8
118 11298 2
958 3124 5
9133 11613 4
6946 9957 3
2463 4875 3
9931 12618 4
10578 12527 10
298 12324 7
1875 5724 3
5255 7699 9
9094 9502 7
6261 12383 10
453 11207 5
5562 12501 4
605 10794 1
6997 10479 3
3887 11658 6
4061 7285 8
2053 3897 2
5866 9571 6
1349 9066 3
6119 11171 6
4319 4734 8
3713 3961 5
336 11159 8
4707 6673 8
3465 5950 3
2570 7116 10
71 1581 3
3284 6493 9
1335 2083 10
10127 10520 2
1324 1601 6
8475 8593 7
6155 9485 9
3488 3652 4
5144 5389 2
6653 7684 3
12232 12866 6
6812 10056 7
9446 9829 3
1762 12774 2
5701 11418 4
10020 11420 4
7582 12028 5
5740 6261 7
9031 11843 10
7210 10697 1
929 8283 5
2339 2681 10
256 1964 7
2545 9447 1
1112 9126 5
10596 12483 6
2736 10234 1
2169 12235 2
1189 5049 10
1239 2229 2
2392 10683 3
7652 9745 4
3650 10778 7
11278 12164 4
12620 12689 4
3489 3952 5
6865 8035 2
744 3151 7
1092 1215 3
5920 9431 2
7229 8091 1
6417 12107 10
626 3487 4
6035 6381 10
3232 11367 4
8882 10759 6
4731 5334 6
10409 10868 10
757 9604 3
1002 1924 5
1936 12387 8
12123 12242 1
3799 8960 9
818 3682 8
1186 9366 6
4597 11764 3
2310 12505 4
2767 5731 5
2674 3996 5
3389 6251 9
10581 10982 3
1402 11826 3
4169 8746 6
2319 10539 8
1229 8800 7
483 3300 8
1718 9362 2
5239 9176 4
7928 11189 3
453 1757 9
5801 7881 6
1100 11290 2
7798 10607 5
8952 9285 5
570 6857 3
4817 12102 8
4246 6120 6
6232 12513 1
2626 5458 2
1579 5407 5
7303 12246 1
2140 4714 4
8317 10600 7
2942 8660 4
863 1879 3
10904 12262 9
4428 5387 8
8734 11029 2
4334 11419 5
7845 9925 2
3338 9855 5
379 5393 5
11 856 8
4961 5307 2
44 644 4
2347 5243 8
3542 12367 9
4121 6507 9
778 3093 2
9985 12029 7
10009 12611 3
3237 10816 1
605 4959 6
5688 9727 10
9603 10553 2
4952 9325 2
2573 12464 3
5662 6165 4
3282 10981 3
665 11662 3
1439 7533 5
5464 9913 4
3321 7499 5
3299 9734 1
1926 2918 9
2375 3441 2
4752 8313 6
1632 11559 3
9117 11522 5
2690 7375 8
5148 8870 8
342 5203 4
2700 11250 8
1069 5413 4
377 12302 8
4112 8327 6
241 7591 2
3519 12976 3
9862 12240 6
1190 1789 1
367 963 3
1326 10386 5
5805 8760 8
9564 11672 3
7432 9624 2
6034 9508 6
6173 12984 10
4402 10233 8
7639 10180 5
10275 12879 4
2034 7488 10
3075 9605 1
6100 6324 3
3390 11682 1
4107 7306 1
5553 12211 7
1215 4918 5
7036 7227 6
1784 6186 2
10550 11744 6
8093 8638 9
100 6091 5
3054 11457 8
2097 8748 4
1656 12677 4
7896 8853 6
632 7575 7
1236 7002 9
6911 7530 8
4790 11833 9
7902 11201 3
5839 11140 1
1628 10074 4
2543 9909 2
2891 11936 10
1846 8533 10
3682 6211 7
1852 8370 9
2888 3607 10
3934 11583 10
4477 6631 5
10842 12219 2
7557 8810 2
5348 9136 9
2887 6307 6
2917 7485 4
5020 7482 6
7831 10830 8
8802 10173 4
5117 10060 5
554 582 9
830 10283 9
2068 10523 3
1325 3968 4
2405 6134 2
4150 8342 9
2076 2683 9
7912 12407 4
2346 6941 8
4189 9025 6
978 3538 2
245 4709 7
5303 9137 1
5607 12186 4
5194 5523 5
6900 8820 8
4960 7865 4
6488 8447 10
7935 10790 5
5916 8907 8
440 11724 1
780 5416 6
1790 5126 9
1964 10813 4
2285 7020 5
1747 5274 8
1274 4981 7
1264 8389 4
601 9555 4
625 6000 5
4929 8323 2
7905 9285 1
5503 8452 3
2648 5341 9
2472 4867 8
3238 11799 6
4005 8178 9
11153 12813 7
7782 8961 10
5679 8239 2
508 8232 2
8690 9730 9
7269 11906 4
8913 10973 9
6386 8614 3
1482 7252 4
12174 12762 2
107 1857 4
2312 4648 5
3258 6213 6
5406 10495 1
1865 10869 9
4447 12963 3
297 11537 10
4294 12877 10
1464 3684 2
7973 9979 1
5250 10424 3
3016 11915 7
4532 9383 8
5788 6363 4
900 7995 10
5126 12315 6
826 9338 2
6368 11151 9
7427 12917 4
11267 12253 4
5961 7652 3
8050 10120 4
2448 12809 9
4960 11733 5
1266 5930 9
427 9842 3
3799 5502 8
4816 11927 4
3033 8138 7
562 11536 6
769 11670 7
6922 12333 4
5281 12061 3
521 8253 6
4134 6544 6
277 12394 10
7011 9440 4
824 10266 9
4126 12270 1
251 355 7
5424 10136 2
5694 6808 1
5073 10940 1
3613 4735 2
1343 10024 2
86 7472 7
6856 9285 5
7813 10752 9
9752 12520 3
5437 10392 8
230 7930 6
4473 10637 5
3650 10821 4
5 5313 6
5069 5623 4
8378 10655 10
6529 12533 8
5316 12096 3
3171 11051 4
8913 11713 10
6350 6751 7
5242 5784 9
5866 11468 8
6315 6971 1
2016 2746 7
10375 12452 9
5992 7770 4
9289 12410 2
2797 3027 10
6974 12664 1
6925 12369 4
541 6221 10
2092 3448 9
3128 4227 6
857 8505 1
391 7307 6
6018 9508 1
7529 8608 5
1909 6037 8
2905 9392 1
10712 11542 2
121 7216 10
165 6470 8
7006 11807 4
1351 2992 3
10812 12911 2
2621 4141 10
1673 10690 7
1690 5728 1
476 4682 4
10193 10315 6
5039 6260 3
37 9472 7
2059 11831 6
33 2345 5
707 10927 4
3322 8058 4
1161 1432 2
4622 11448 10
2512 3779 7
9465 10356 9
3004 12058 5
428 829 8
1300 10769 7
5028 12620 5
5409 5484 4
1368 8180 10
19 2555 10
2918 9378 7
2354 8126 6
2470 5781 5
369 8453 4
4185 9071 1
2097 5898 7
7741 10317 5
2965 9988 10
1296 9239 10
2197 8400 6
5363 10849 7
1678 7256 8
413 3870 10
1582 5683 1
722 3036 3
6393 11834 5
1256 10093 5
12481 12660 4
961 10406 1
303 11770 6
1412 3680 1
569 10880 4
3737 5875 6
2612 4721 3
2738 4760 6
5851 8006 9
4909 8128 6
587 2206 4
8605 11248 9
9114 9526 7
8377 8739 5
6690 7180 4
11189 11388 10
2005 4980 4
9892 12734 6
3260 9261 8
719 2335 10
2859 8987 4
1935 12282 9
4950 6190 7
7136 9410 6
2262 9134 10
2316 5471 4
3640 6973 5
3270 4226 6
4947 6456 5
2944 11761 2
10203 10978 10
2328 3845 8
4034 9064 3
879 6236 3
5108 12946 9
4512 7956 7
7340 12012 5
4122 9557 10
2609 11285 3
4666 6365 2
1808 3775 3
8386 9760 9
4286 5960 1
9450 12621 9
2704 8975 4
3578 12853 2
5232 5692 9
2122 9596 1
1503 6265 10
1891 3207 6
7057 7589 6
5346 11524 9
5296 5512 6
4040 8795 4
3341 6543 5
7944 10817 4
2735 4336 9
6549 6666 1
8260 10850 1
4321 10751 4
11960 12265 10
1178 8507 8
9451 11725 3
1600 5837 4
2108 3345 7
5774 7276 2
2279 7476 3
2449 12626 8
557 12455 4
2626 10049 7
4662 5605 2
466 2815 5
2723 12666 3
323 11634 10
836 12248 8
6954 9674 5
1457 12972 8
2127 4804 9
8434 11035 4
355 8601 7
2112 12568 3
6498 8955 7
2558 4597 7
10359 12506 10
4026 8783 1
2435 8290 5
10956 11149 7
9338 11815 5
3432 9917 10
197 12099 4
5536 9964 6
4784 10901 1
2505 9453 9
1761 2666 8
7324 10029 5
1091 3666 10
69 6563 1
9617 10055 1
2561 9027 5
3075 3087 7
1157 10508 8
10167 11893 5
2825 12763 2
430 2507 3
2579 7962 4
13 11536 7
5507 8421 6
1381 5155 1
6654 10123 3
251 5544 3
7356 10313 8
224 2293 2
274 2159 4
3 4765 3
3753 12971 7
4310 8495 4
5582 8632 6
3909 5119 3
3299 7619 4
7693 11947 9
3180 12613 7
8389 10860 9
1983 10615 7
3308 8133 4
5814 7893 10
5107 5591 4
6392 8503 6
1455 6199 3
1227 12438 6
3064 10446 9
1081 4786 2
11810 12523 6
318 6831 9
7764 9541 9
2334 5007 2
4695 10030 7
1526 2799 2
102 11366 7
3586 7037 3
102 2635 7
1817 10520 7
6332 8614 2
4282 10296 8
10207 10689 4
4161 8594 5
6784 7038 3
7177 8627 1
680 5174 9
3286 4367 3
5390 10667 4
557 1732 8
3378 7457 6
5655 5827 2
3393 8333 6
2905 4568 3
3582 7916 2
10144 11380 3
11364 11587 1
646 5308 7
436 2806 3
3253 5728 6
3527 11596 5
3217 5174 6
551 6168 9
6261 8640 3
5367 10564 3
4309 4657 9
273 646 6
4578 12487 7
952 11141 8
10887 10959 3
6030 8605 1
782 6800 3
330 11619 5
4474 8908 9
2571 3236 4
760 3775 6
6373 11264 8
2170 7015 3
7068 12337 2
393 1685 6
55 6988 10
9720 10367 2
2882 3807 2
6568 9118 10
6733 7458 1
10532 10755 6
719 12069 10
5462 8803 6
6738 9944 5
7574 8614 2
2973 12825 6
1633 3429 7
9039 12721 1
6962 7341 3
5892 6438 9
3894 4210 3
9465 10064 5
6135 11951 7
6063 8675 6
857 4921 10
4924 9092 2
3533 4378 1
771 7449 10
8045 12813 8
3478 10940 7
9149 10636 4
2872 5560 1
9504 11952 8
10129 10874 10
5095 10162 5
1237 9174 6
8227 12790 6
1556 12091 6
7364 7389 6
10337 12884 4
5365 8581 7
310 12831 1
1835 7369 2
6704 12390 6
11445 11646 3
4459 6771 10
2577 10982 3
6898 11609 8
1449 2790 8
4707 7366 5
3110 9167 4
3843 9894 1
4095 10199 1
6004 7555 1
779 1100 10
4763 9050 9
1595 11182 2
3594 12665 10
924 9397 10
4744 6904 2
1496 2650 8
6672 10279 6
3676 7228 9
980 1076 5
255 412 3
2351 5983 4
8943 9589 9
493 6654 7
1353 1904 2
712 2309 3
3409 5286 4
3292 4924 7
3397 6858 4
5074 5194 4
2766 11484 10
621 9190 4
10791 12760 8
10571 11657 1
2582 5317 5
7332 8445 10
1900 5706 6
3703 8150 2
2199 10511 6
9190 9847 6
2666 10739 3
3545 7380 7
6130 10831 10
7221 10607 2
2804 7595 9
2458 10356 7
4555 12729 8
566 12769 5
10865 12833 3
2714 7064 6
1057 7909 2
6911 10438 8
8102 12683 10
4588 10772 1
213 4560 1
4217 4903 1
1802 11467 6
2407 9567 5
8176 12406 5
3679 12690 9
1759 3447 4
4639 8408 3
3152 12742 4
653 3956 5
1119 1132 2
6658 11959 3
159 8476 7
8395 9828 7
1894 11059 3
3245 8553 9
7385 7489 9
6018 10312 7
8597 12505 5
168 206 9
3429 5261 6
5764 11717 3
7405 12900 2
1006 8516 3
460 1934 9
6245 7612 4
8427 10073 6
3213 11396 2
2290 12425 8
8663 12418 9
110 1033 1
6407 9970 5
8859 10619 9
878 1037 5
6154 6800 2
3873 12715 8
5882 6768 4
7293 11104 3
2894 9271 5
3976 12905 3
4415 8756 6
3162 11189 4
2325 6913 7
2064 5091 10
12389 12702 8
1652 12604 9
2498 2842 1
5233 6097 8
9148 9610 9
5778 8295 9
3282 11798 7
5104 12579 2
593 6710 9
686 12868 2
9803 12640 1
7915 11841 8
5246 11213 8
5645 11639 4
607 8995 6
8746 11876 2
822 10681 1
5570 12873 5
30 9985 6
1650 10573 8
719 7120 8
8069 10162 3
15 548 2
8896 9307 5
209 9398 1
4326 10588 9
7479 7533 7
4449 10681 4
10001 10294 10
10954 11275 7
98 1590 10
6170 10898 9
8570 11560 4
1439 9667 1
4185 5359 5
2401 11470 7
5025 6553 1
9796 12262 3
6069 8663 7
429 3811 4
6537 6950 5
681 8236 9
6406 12422 6
11610 12735 5
9664 10714 8
4298 12068 7
1521 11142 3
3025 3680 1
11899 12178 8
9592 11449 2
6562 10075 9
5556 12401 4
2769 3908 4
2780 12430 1
1023 3961 2
5261 11091 5
5933 10250 6
937 7207 1
3454 5169 3
1907 4121 6
4277 5749 6
3161 9797 4
8027 8708 7
4807 5050 10
2033 11744 7
3280 5117 2
1402 8884 10
2598 11663 9
8998 12159 6
1625 3290 7
6671 8198 6
407 3465 10
10660 12937 7
1727 3355 2
1581 10171 7
10072 10562 5
10209 10810 5
756 11705 10
3350 5225 7
3407 10842 10
4291 11997 4
6627 6767 6
1382 12273 6
3095 12109 6
4823 12939 5
224 4344 9
2378 12258 10
444 6922 8
6068 9008 4
5047 10551 8
8265 11938 4
1291 7684 7
493 6930 8
5842 11341 10
2898 5906 8
10099 10770 3
6784 11939 9
1406 8869 10
4895 7184 6
6292 10048 2
4608 8166 6
401 6104 8
949 7728 8
7024 9453 6
3883 5695 10
417 9823 9
5782 11831 2
743 5559 10
3300 11330 5
3644 3929 6
2003 4625 9
2791 7559 2
3810 9526 5
2111 3312 10
7135 7300 1
4139 12025 3
2847 3822 6
6511 8788 5
6277 10324 1
1485 11929 4
371 12125 6
5325 9839 5
4031 10848 4
2699 6796 10
9189 11713 7
123 10960 10
7241 11974 1
950 7855 1
2272 6935 3
4498 9765 9
1935 8797 9
6719 7769 1
8543 9942 9
4085 12064 2
1428 8266 10
1643 4206 6
5822 12937 8
4362 6397 9
2007 7794 1
1981 5593 2
10917 11172 3
7968 8916 9
3203 10218 8
6659 8622 10
135 11394 5
12583 12965 9
2528 10988 5
2281 12085 5
3114 12139 2
3046 6788 1
9804 9928 3
2062 11033 8
7259 11458 4
1275 12250 7
4046 7896 1
9598 12079 8
1105 2505 7
6849 9810 6
2314 3678 10
2101 6418 9
6932 9748 6
4509 11086 3
9774 10665 10
7514 10690 9
4127 11649 6
3212 11941 3
2987 9977 3
5417 8885 2
3027 5154 5
1106 11603 3
2257 2858 5
538 7799 4
4045 11960 2
2257 12143 5
5676 6694 6
3583 11309 5
5746 6526 1
2392 2642 9
680 12704 8
727 12301 9
65 8777 1
3704 7213 10
1490 6357 4
2177 2773 1
9351 12977 8
1370 2305 10
254 7294 2
6990 12794 6
1794 3629 1
123 1793 10
2686 2904 7
6314 11849 10
1180 6789 6
3995 6769 3
10590 11327 6
5286 6071 4
8227 10599 4
5800 11446 4
1194 9183 1
7821 8015 2
398 4134 6
3182 3226 5
9508 11424 10
2691 12927 5
6112 6959 10
4045 7028 6
6693 11977 1
8586 8985 2
10857 11633 8
4646 11852 6
818 6217 1
2962 12934 1
4457 9031 10
4293 11433 8
8737 10842 7
5788 9576 1
4134 4276 1
2428 3181 4
546 3103 8
11774 12487 10
2837 6993 8
4964 8016 1
322 1618 9
7397 12372 9
8621 12858 9
4254 10792 2
5387 6435 5
1417 4588 2
5722 10623 3
5433 6812 6
937 3257 10
7848 11968 10
206 7717 7
115 8374 1
9857 12209 10
2146 6509 7
1420 3341 10
7393 9443 9
10150 11297 6
7037 8641 7
7679 8587 4
4574 5610 3
3847 6607 5
6146 8369 1
10617 12247 2
7218 12227 10
6483 10223 9
3380 4042 6
1691 2412 6
7925 11752 1
7370 11212 9
612 5242 10
2884 5545 4
6942 11456 6
226 2712 2
1060 11523 3
9045 12098 6
2508 6352 5
2423 8594 5
2151 7927 4
4521 12575 7
609 10789 5
846 933 1
502 6979 5
2646 7929 8
6871 11160 4
1061 8067 4
2246 3734 5
3451 5670 6
1452 8102 9
3880 7329 10
9616 11393 10
23 8500 9
2989 10452 9
95 1410 10
4370 8639 6
9336 11886 7
1026 1371 5
3296 4362 8
1515 8805 3
8563 12583 3
8236 9498 2
720 7815 7
6464 11801 3
3796 11559 9
2175 2837 3
9634 12039 3
2626 12195 7
2382 9982 4
3114 12781 10
3959 12064 9
3362 9691 1
5645 11651 1
6786 11984 1
9739 12188 3
1474 8258 9
5922 8018 7
11565 12766 4
4472 12087 9
334 3198 5
1627 8010 4
814 9431 8
3772 10430 1
1571 6721 8
3971 11231 4
1365 10801 2
511 6928 8
2545 7735 5
2909 12564 7
4653 6425 5
926 7994 2
3744 6138 5
6834 8261 4
4437 6762 8
1078 10523 9
9794 11130 3
1224 10363 10
8468 11705 8
3258 7267 4
614 1284 1
861 7014 9
2135 6310 3
6882 10579 8
8432 10587 5
2 379 9
3855 10392 3
6379 11999 6
6554 7701 3
7777 9563 6
4804 12112 10
5986 8087 7
12258 12696 5
6618 8868 9
3567 9377 3
1840 12108 3
7702 7936 5
1497 5824 1
913 3962 4
1010 9770 7
373 10878 5
7547 12164 10
5204 6284 6
4737 7783 4
1047 5196 6
705 979 2
9038 9745 9
2210 6673 9
11000 12160 3
5739 8868 1
4193 8172 8
8289 12230 7
119 5247 6
5181 11695 4
3955 6720 5
5594 6903 6
1139 2726 2
1429 6710 4
16 4914 8
6495 9900 4
5512 11095 5
229 4445 1
8343 8955 5
4630 11112 7
1886 12124 10
444 8247 6
4663 10342 4
199 5775 5
3079 4452 4
3538 11816 10
6265 9597 8
6523 12724 4
5449 5699 4
874 7652 3
5704 7702 7
1514 9322 3
8834 11922 8
9433 12795 8
7000 10253 1
3904 7727 7
973 5455 8
965 5895 4
4260 10060 8
6519 11191 6
7845 8215 4
2294 11514 1
686 11973 10
3004 4593 8
2491 3469 7
4094 5964 9
4130 4184 4
6327 6548 1
5183 11611 3
6200 9102 5
3622 8471 1
8364 12094 7
7969 11562 9
2966 9580 9
2177 8337 1
7116 11196 8
4592 6971 6
1560 9326 1
8946 12436 7
4929 10153 4
10911 11051 10
7471 9971 3
3597 4154 10
6204 12866 3
1309 6244 8
9341 12908 6
8567 8744 9
2347 2402 1
609 5386 4
7513 7644 5
5396 10818 10
3656 8692 3
4171 8666 9
126 4644 2
510 6546 9
1086 3184 4
1796 5883 7
1907 1908 9
5135 9529 10
6325 8689 4
10541 11976 1
913 3297 4
2005 2342 10
6174 6510 1
4813 9686 6
10301 12738 6
3404 5408 4
6068 9001 8
2837 3906 3
3002 7221 4
3053 7417 9
2342 5630 4
949 10042 9
1602 2761 4
7222 11121 2
4087 8726 5
9264 11658 3
3192 8522 2
3104 11525 10
329 5831 5
4448 9763 1
6415 8386 8
7668 12383 4
8790 11282 2
1467 11940 6
11945 12134 7
32 7756 6
2977 7138 2
5870 8454 6
2699 12587 7
2186 9282 2
2963 6179 4
5213 11566 5
7066 12031 1
10018 12098 3
525 11627 3
5605 6772 9
4558 11484 8
2362 5070 1
3522 4451 1
654 677 9
571 6469 1
1396 10099 6
3709 8165 6
4167 7267 2
8539 9026 5
6486 11793 10
4262 5342 9
738 1696 3
3999 10661 5
2836 9656 2
3800 5012 9
8019 9454 5
5693 12833 5
1622 4764 5
6066 8336 4
605 2157 2
8767 9068 8
3549 4649 1
471 4673 3
1110 4809 10
3428 5283 6
2581 5723 2
5306 5857 8
2659 9375 1
281 12707 10
9143 9853 5
5175 5196 7
7730 8180 5
2536 7978 2
9744 12397 4
9368 9588 2
643 8363 5
1069 3365 1
321 2200 7
2052 3259 10
3126 12516 8
4199 9087 6
1427 12068 9
7093 10504 9
2572 4459 8
1081 4347 2
2142 5437 8
4254 4938 8
2750 7877 1
751 2133 1
7406 12881 2
3074 7671 1
1121 10012 7
2646 9388 7
860 9349 2
6801 10610 2
5161 8697 4
358 4098 3
112 8495 5
4789 10637 4
1282 9854 6
1227 4352 7
3227 9247 8
4128 10445 1
80 3660 1
6580 11954 3
8162 10668 10
7562 11656 8
5069 11167 4
1140 6825 7
1746 9455 5
3535 8109 9
3021 11246 9
606 1577 1
3964 5287 4
1587 3227 4
11307 12798 5
4899 6919 5
1533 10841 9
11431 12514 1
3097 12704 4
889 4184 6
1431 8361 9
1957 5352 8
5852 11901 2
5973 12592 1
4295 10483 5
11147 11303 7
3184 9975 5
4721 12559 8
4635 6098 2
3661 9719 4
536 2275 6
183 1645 6
652 7499 8
2275 3356 4
4849 10755 1
1354 3821 4
277 11846 1
132 4364 1
7214 11763 6
4707 10286 7
2892 10604 4
4380 12456 1
2676 12593 10
4006 12934 2
6129 9518 10
1143 3852 7
5029 6440 3
8674 10208 8
4605 6514 4
6552 10960 2
2484 2772 6
8357 11303 5
117 9439 6
401 5802 7
7929 10706 7
3228 8794 10
5856 12453 8
4776 11512 8
856 10047 5
2240 3843 5
167 2701 7
904 2339 5
1271 6441 6
501 5967 9
7533 8214 6
3057 5081 6
5334 7921 5
6896 10021 4
23 10839 2
3094 8080 7
4639 8919 7
8542 12554 3
2648 8321 1
1618 4390 1
6618 7331 1
4062 6392 5
8795 9746 6
4991 9497 1
3932 12766 8
136 6411 2
5732 11269 8
5780 11940 1
642 4856 4
2171 11739 5
7890 10424 8
9536 9675 2
2744 10270 10
516 1623 8
748 12075 10
5336 10728 4
7968 11789 2
4657 7849 9
4698 9819 2
2586 6568 7
418 7555 2
182 10534 2
226 12181 10
2454 7004 7
5598 11884 8
4342 10384 4
3065 10409 7
5761 10127 5
1273 7680 7
1249 5699 4
3352 11297 8
8346 9405 5
6955 11258 8
6319 12346 8
6548 9619 4
1700 7482 2
9989 11917 2
8526 9920 10
641 1666 2
523 9272 5
2897 8008 7
5409 11385 6
416 3378 3
2453 5607 3
2635 11373 2
3053 9343 8
4774 11661 7
10624 10819 2
4486 11425 1
830 10306 5
794 4075 5
1866 2721 9
1315 8165 10
5064 5931 10
2549 11311 9
6862 11289 6
7353 9202 7
7743 11012 10
1864 3072 4
1066 2762 6
8881 12593 9
292 8923 4
3878 5050 5
5439 10294 9
1152 7455 3
4899 12654 6
5256 9841 2
1630 7196 8
6905 10422 2
229 7600 10
1019 4085 4
10047 10325 1
9176 10005 5
1595 10346 2
1008 2867 8
3841 11879 4
2062 9907 2
692 2838 3
8628 12635 8
3972 11902 10
92 9787 8
2201 10777 3
1204 2595 4
7623 9796 8
359 5678 10
3902 11506 7
1441 9233 2
4787 5926 4
5402 7229 9
8101 10816 7
7582 10695 3
3441 9759 6
389 8919 4
1345 10831 8
262 12475 3
2263 6767 7
2543 9419 8
2356 2736 5
6516 10889 3
4223 6555 5
11230 12671 7
6618 7164 8
7607 12564 9
652 12953 3
2607 11254 8
4088 12074 4
4383 8361 10
5308 8584 7
1066 6333 1
7964 9617 5
11914 12593 8
3640 6096 8
1049 12035 8
7260 9520 9
2380 3869 5
7524 11096 6
3941 11084 2
8903 12772 4
3563 6701 8
9411 12439 9
3449 3678 9
6842 8621 3
2349 8779 10
3490 6976 1
8649 8944 7
6551 11971 3
2456 3192 1
7243 7980 9
7554 10195 7
181 10739 4
839 9679 7
2247 8872 10
57 11105 5
1237 7897 5
7011 9960 5
2373 11176 3
2447 9502 3
6765 10962 8
6399 7482 3
11860 12619 9
8338 12894 9
4157 4588 1
5138 10452 7
4587 9701 5
10149 11443 4
1092 5090 6
4293 11654 7
4812 5665 9
7593 7651 6
154 6679 1
4414 5236 6
2088 10680 2
6771 10169 6
10249 12539 6
5028 5818 9
82 9459 8
9279 12400 8
614 5426 5
7983 12827 9
2642 6038 7
6184 9117 3
3115 5703 3
4959 9651 7
2340 2626 10
6793 9514 6
7555 12000 10
4227 11181 6
6909 9075 4
159 12049 10
12433 12677 10
9553 11091 1
3957 9770 6
3066 9880 4
384 1298 9
3573 11827 1
1038 3705 6
382 11877 5
3581 6756 9
1481 9521 10
5713 10769 8
7623 7744 5
1991 11107 8
1401 10684 3
4459 6766 2
4771 8542 5
17 1911 9
1745 10874 7
2562 6834 8
1521 4106 1
2392 5798 6
2757 6478 5
5667 12302 8
1035 5905 8
1038 1241 4
384 6564 10
5999 11842 9
3689 3751 7
5496 10567 7
2679 12355 1
6332 11498 6
5425 8687 9
2051 6690 10
4535 7547 3
5562 6194 7
3456 5826 4
2367 6695 7
3757 11714 10
6332 10662 2
8129 10394 6
1456 4919 10
6383 9738 2
1673 8231 1
1209 6168 7
76 5342 3
6330 10302 2
9787 11067 8
2302 7885 4
102 5927 1
3415 6420 6
2507 9254 1
6061 10956 5
6032 11116 7
2510 6308 4
2791 10710 8
153 5701 4
6373 8670 10
5351 8535 10
669 7905 5
6974 10045 7
2125 4698 8
1204 5825 5
8185 10226 4
1134 9961 10
7307 7748 2
2372 10139 2
1502 7041 8
6540 11742 6
5684 12192 2
11878 12020 9
5370 11728 10
2846 5401 8
2452 5618 5
3393 12003 8
8683 9864 9
2339 12737 9
3868 10789 6
8016 10990 5
1213 10005 1
8813 9639 8
2568 4838 10
2639 11829 1
8276 9005 7
3689 6180 6
4695 6055 9
3010 7163 3
5672 10873 6
3655 12126 6
5849 10011 10
1393 5631 5
3715 11178 7
7568 10489 2
1284 6890 4
10056 12650 6
2829 11298 9
7763 10239 7
1961 4774 8
6806 7741 8
6863 7260 9
4913 9475 3
973 12440 3
4519 7123 7
8795 12761 1
151 6433 4
10112 12993 3
5118 6362 1
7468 12013 9
7175 11388 5
2873 5151 3
3330 7410 8
5668 5698 8
3883 5215 5
131 9245 8
4863 11142 6
10996 12257 7
3752 11175 3
6373 8665 8
5185 10422 2
11353 12112 3
7323 8653 7
6033 11765 9
10485 12674 7
1482 2755 8
462 1732 6
5026 6858 8
277 9088 7
818 5111 1
3827 7231 8
325 7098 1
11146 11386 7
3213 3798 10
2486 4657 7
4979 10412 1
45 5782 10
7063 7238 10
1458 7145 2
5689 8807 5
2903 12585 5
28 11854 10
799 12533 3
3597 5276 9
7666 11883 6
6114 6385 3
7490 10644 9
8217 12822 4
7927 8947 7
1828 6246 2
3648 10794 3
9067 9827 2
525 7544 1
2160 11299 7
1140 7296 7
2959 8374 3
3275 4630 5
2939 9051 4
4855 11853 4
5742 6468 2
3922 4485 8
3950 7038 6
4875 11707 4
361 10852 3
3582 8226 10
11927 12312 1
1878 3465 8
4218 5477 8
4712 12106 9
9392 9946 9
5468 5942 2
1993 5228 7
6632 11889 2
78 6768 1
10232 12704 7
930 7833 10
5960 10586 10
2125 10744 3
2250 9068 1
3462 12673 9
4070 11456 7
2844 12076 10
1912 2020 2
1465 2828 5
2311 9829 3
2320 6465 2
2424 11846 3
785 7523 4
9748 9955 4
604 4042 6
2023 6106 5
2810 9405 4
4450 7294 3
6049 9185 3
7128 9026 7
4232 9493 7
2374 3545 6
5103 8109 8
594 2148 5
4686 5336 6
457 10665 7
4020 8128 1
495 6059 7
5939 11166 7
2966 7161 7
936 6489 3
2435 11063 3
3632 9774 7
8004 11714 4
5666 6066 6
6116 9876 6
120 9886 1
7145 12770 1
1169 11051 3
3343 12272 8
9494 11733 2
112 6388 5
1699 5191 6
6585 10220 6
5332 9526 6
10204 10572 1
757 4114 4
11951 12442 5
5979 12890 1
85 3459 10
10772 11519 5
6064 6842 8
5880 8559 4
7675 11674 9
2701 9614 2
303 2032 9
3245 12239 1
8372 11578 6
1724 10783 10
2806 4946 6
6526 8575 8
2149 6881 1
5030 6081 3
4255 12455 1
6683 7530 6
4483 4941 4
6407 8630 5
2092 12863 10
2658 8506 5
2519 9747 4
2012 6254 10
4255 5991 10
2002 2806 2
8969 11536 7
4403 12715 6
669 5431 6
2791 12616 10
6930 8219 8
10309 10843 2
75 9015 8
4262 9274 2
4063 10236 3
4722 8459 6
3180 12836 4
3882 9182 8
3 8841 3
1552 11609 7
5530 8538 10
3695 9279 4
1063 10918 10
905 3256 10
2600 6539 9
1981 2991 4
1637 7415 8
5174 11415 1
3536 8003 2
10176 11927 1
5777 8252 3
6616 11441 6
3874 6925 7
7328 12984 3
2186 8736 10
4061 8302 4
6306 8501 3
1193 10217 6
2726 9294 1
8367 12878 7
5814 7272 1
8883 12878 5
8035 8303 5
2965 3671 1
219 12162 9
9542 10685 9
7481 8446 10
6662 10432 4
4893 9010 5
1708 11364 9
4190 7488 5
986 3742 5
3923 10950 7
4446 12525 2
6547 11966 1
5521 12700 4
9838 10193 6
4524 10141 8
7085 10446 3
2169 11338 5
2620 5128 4
1147 8279 6
1366 11304 3
10169 10945 3
8778 12569 10
7203 11816 1
3957 9718 3
7476 12421 1
10170 12121 5
965 8928 2
8832 9398 6
5311 9519 2
5349 11424 1
2111 6611 3
1660 4930 3
713 4789 10
8508 10048 7
7887 12103 4
4010 5680 8
2537 5329 6
2216 8938 9
1578 6997 4
415 994 2
1458 12152 9
2692 9654 8
4317 10877 1
11378 12174 10
5904 6994 7
944 2818 8
6029 6545 5
5715 9825 6
3042 6680 6
3025 3219 4
9132 11193 5
4147 12065 1
758 11158 1
3048 12969 10
7962 8873 6
10578 10876 7
1087 11702 3
1877 2923 2
2246 11093 4
7283 12317 3
2303 6728 1
1993 4442 9
2591 4427 7
1271 7275 2
1753 12900 3
631 4505 2
5239 11244 10
11472 12032 1
3927 10638 8
2760 12561 7
1046 6672 9
1095 2645 2
566 1320 2
10559 12836 5
8281 8853 1
9755 11322 2
11915 12595 7
7692 9302 6
1497 9788 5
5956 8951 1
5583 11810 8
518 596 6
6700 6952 6
2759 7571 8
3968 11988 5
4079 8672 7
3554 7734 1
4401 11327 9
1798 9078 3
1682 5391 2
222 323 1
445 4193 10
7445 9286 6
4779 11448 8
6032 9966 6
3020 7273 7
5251 5405 8
1197 1925 10
10567 11722 6
8462 10519 7
3419 3880 1
3741 12976 7
2709 6380 4
1129 2604 9
4109 6022 6
6770 10452 9
3225 5081 1
908 8978 10
4030 10903 4
2327 5880 10
7429 10087 8
2394 5688 5
1568 2479 8
2951 11144 6
5593 12461 6
571 4850 10
7626 11825 8
3688 3972 5
3256 12474 10
1279 5471 2
80 3634 8
4418 8019 4
1994 7082 5
9597 11223 7
3925 4983 6
5906 8439 4
1702 11255 9
332 11868 3
3103 9950 5
4494 11791 10
10283 11783 7
6034 8764 5
4287 8982 8
7115 9686 9
348 12351 5
916 8743 6
1725 3945 6
4397 11087 5
4693 7255 4
3799 11429 2
1492 12719 7
7067 11032 10
1123 1545 1
2216 7636 7
5021 12824 7
3148 8880 4
3498 10720 7
8881 12678 9
8745 10253 6
3970 12110 5
2835 3873 1
7329 8137 8
6166 11312 8
7085 11983 5
9380 12878 3
2104 4279 9
6216 7388 5
3118 7195 4
4812 9608 3
12066 12542 4
6884 9825 4
633 12575 3
8828 8916 2
1466 5894 4
9865 10015 6
1602 6541 1
7167 9557 8
527 891 4
4789 8934 1
6765 11949 10
201 4582 6
10213 10229 6
43 8854 3
9029 9426 7
999 4574 3
8169 12672 1
6924 12223 9
1213 10686 2
7279 11730 8
508 3190 10
552 5741 5
5839 8977 8
6984 8496 7
3669 7442 6
4183 6250 5
1790 4745 2
8235 10280 10
4266 7979 1
495 10435 2
3943 11019 6
634 5237 5
3920 5386 8
4201 7681 5
4229 6782 5
2642 5164 6
2147 7183 8
8620 8961 8
1358 3112 3
3678 9469 3
2866 12155 3
1844 9004 7
2065 8746 6
2053 5914 8
6535 11774 1
7868 11516 10
4362 11183 1
6640 8750 4
8906 12300 1
4317 7465 2
210 1620 8
29 8629 8
3337 4039 8
2268 12587 5
2838 11719 4
4307 10296 3
5051 7054 9
300 6803 10
1013 9897 9
4965 5056 4
4496 8917 6
7127 12354 7
698 8533 8
4516 8174 9
1244 2844 10
177 9647 7
2081 10918 6
5805 11749 8
2646 3641 10
3874 4416 3
7848 9306 3
4487 11407 7
11301 11742 7
9214 9503 4
7110 12651 9
8532 12362 2
1508 9012 1
5276 6591 6
734 9619 3
5300 7031 8
655 12866 3
3220 10344 5
4950 11333 5
3158 8507 5
4108 8900 5
1464 9049 5
4691 7210 10
2957 7170 6
3844 9545 9
1206 7325 2
1071 10830 8
6518 10732 5
3155 9351 9
266 10692 2
1941 3517 10
6661 11881 2
1886 7039 6
4174 12959 10
6576 8696 3
636 11937 10
1647 5675 4
1642 12075 4
5014 12011 2
3447 4304 6
8088 8998 7
1315 5347 6
3719 6339 3
510 3914 4
1065 4743 9
5490 11108 2
10621 11941 4
8151 9302 2
5003 12947 3
9566 10874 4
399 4732 5
6941 7884 9
2736 11217 3
9644 12838 8
4526 12805 2
7023 8723 5
6516 6736 2
8329 11096 9
318 1435 4
7303 9856 6
2392 5023 9
1598 8581 9
3862 5730 8
9345 11858 10
6954 11401 10
1198 10149 6
2224 10701 7
4914 11361 4
801 3001 2
4577 12084 5
5446 7778 8
6110 9213 7
450 12506 8
329 648 6
4938 5071 5
424 2828 6
4409 7537 7
1541 8281 5
952 3011 2
2440 11560 7
12131 12520 1
90 2080 3
308 10433 7
5187 11587 10
2145 8114 1
5604 11169 10
1051 10554 4
9357 12973 3
81 8541 4
6468 8642 5
4228 11782 3
8049 10339 6
8398 9918 7
11098 12137 6
6400 8497 10
845 1479 2
6610 9315 2
8755 11188 10
1784 10881 4
3225 12999 7
7667 12613 6
3382 6072 6
6817 9834 10
4949 11618 1
7763 8865 6
3654 10134 9
8670 11135 8
3687 10291 10
4291 6574 7
954 9222 3
8659 10139 9
3236 12844 7
5733 10057 6
906 3501 8
3388 5169 3
1910 4621 7
7226 10911 7
4799 5124 4
3707 7081 7
463 3684 9
2195 11590 6
11352 11868 9
2034 8032 6
7593 11060 3
4040 9024 1
8054 10791 7
689 5311 5
751 11985 8
4345 5894 2
5132 8476 9
5444 5503 2
10647 12583 2
3635 7480 2
3621 5084 10
4472 11076 9
4927 5947 2
6262 10388 9
8907 11686 3
804 6381 6
2925 6358 8
10374 12272 5
8236 11696 2
2712 4058 6
366 2881 6
144 3228 4
5366 7217 9
2956 11935 3
2113 7272 1
2199 11124 1
4814 6209 4
3018 9734 6
4124 10505 1
8734 9873 7
3902 6647 1
4906 7368 8
602 9429 3
1952 6746 3
8989 11985 1
11323 12948 9
2479 7308 10
6375 8597 2
805 9182 5
8324 8608 4
9317 9864 7
9215 11069 10
395 5079 8
2296 5424 1
644 12811 8
1611 11483 6
6060 12225 7
8309 10302 7
2718 6580 7
3670 11563 7
8213 11149 7
3953 9211 2
5919 9099 7
3730 12459 7
705 4928 4
1417 6677 1
7007 12437 6
2742 3372 3
9995 10976 6
3402 9080 7
5034 8251 2
343 10335 7
20 1472 2
1930 4369 5
58 595 3
5123 7538 2
7462 9494 8
897 5757 10
12656 12713 2
1989 7448 1
1188 11419 2
3531 12048 5
2705 5149 10
8884 10258 3
11533 12735 6
2903 5088 8
2606 10346 8
3848 7643 10
1841 7635 6
3276 6470 2
1066 10952 5
1574 12969 3
578 3175 1
1627 6604 7
4424 6487 5
125 2576 8
6712 9957 2
9605 11261 5
6621 10480 9
3517 12816 7
3600 9144 5
10283 10323 6
9608 10542 10
7707 11510 5
4744 7959 1
2029 3871 5
2743 8337 5
2420 12340 9
3683 3946 1
11595 12806 9
3794 10718 10
1745 2696 9
1373 8074 1
1856 3696 3
595 1162 8
7141 8607 1
5199 10821 10
309 7718 6
6084 9771 8
4170 11987 1
2445 2797 10
1763 11060 8
10752 12768 10
8025 10320 10
1043 5446 2
2841 4916 3
128 5179 2
1718 7122 2
9619 11923 3
8599 12611 7
1734 10635 3
2601 12524 7
4290 10374 4
315 8601 2
4347 5032 5
8551 11660 1
6921 8133 8
10751 11637 9
1235 7616 10
2180 11398 2
3236 8130 1
11232 11828 1
1150 8095 8
3676 7434 3
1748 9280 1
6762 10078 8
512 551 6
8142 9887 4
2957 7942 7
1299 4253 8
4239 11970 4
1569 7693 5
2054 10246 5
1771 10694 9
11786 12508 3
7077 12405 4
6644 11784 2
2269 6453 1
568 11974 2
5151 10514 9
282 12708 6
1943 2205 8
6445 9117 10
3393 5486 8
7069 9756 10
6883 12748 10
4910 6829 6
7225 11336 3
591 6407 3
4839 8713 8
2557 5470 5
3036 5221 4
8845 9460 8
171 10606 4
5817 6673 9
9853 10846 4
8872 12179 8
9643 11231 7
6485 7242 2
2827 2901 5
2081 9623 7
7476 10823 1
11044 11195 8
5449 10010 9
2083 12033 9
2404 11200 10
5802 8417 7
5912 12611 4
772 8977 8
2479 2754 10
1570 3020 2
1391 6211 5
601 11150 10
1850 5053 8
410 10559 8
5190 10663 3
3400 10973 5
3251 11673 8
4408 12983 6
2822 4977 3
66 3391 9
1126 8174 6
3040 7588 5
2305 12189 1
498 12086 2
5255 11579 9
7440 12092 1
3273 10401 2
2593 3535 9
7847 12148 3
5855 12875 2
1038 12093 7
4 5591 3
1680 8362 5
1651 7189 4
1029 4787 8
9795 10295 3
2269 5538 5
9535 11920 4
1196 2039 8
4565 4963 5
9780 12762 10
4244 10406 1
3567 10650 3
2465 6464 3
1333 11991 2
7109 7363 9
4796 11183 6
6333 11942 5
2933 6544 10
5643 7233 1
5225 8186 7
11451 12161 5
5053 7553 3
453 7178 9
11208 12893 1
5338 11343 3
4874 8152 8
5388 12234 6
9555 9586 1
820 12237 6
5949 7803 8
3136 8288 5
2155 10787 8
3242 7756 6
6987 11674 7
10155 12317 10
1843 6237 4
903 7373 10
8117 12306 2
8115 9708 9
1701 7383 3
192 10192 7
865 1414 3
6391 11971 5
4947 12470 4
370 3387 5
10605 11794 6
6479 6947 8
5127 9826 9
5523 12641 4
4734 9131 6
6313 12524 5
11034 12364 9
4819 9466 9
2232 3732 3
3893 10147 4
3665 11583 3
6289 8032 6
1087 3564 5
1113 5733 7
360 8316 4
4564 7037 3
1030 6215 7
453 6635 6
1317 11230 3
2888 6301 2
6942 12553 10
10060 10224 3
8069 8081 7
4186 12723 2
737 6998 10
3184 12040 2
431 2067 6
10480 12663 9
6791 12719 8
649 2850 8
2872 4196 2
5360 12389 5
3309 8929 4
4451 5116 10
3005 12175 1
4999 12833 9
3917 9557 10
1070 7097 5
6173 11155 4
8263 8542 5
5617 10866 9
11828 12727 9
10972 12315 8
1626 12737 8
7082 11557 4
4786 7775 3
355 479 3
12597 12694 1
4081 5745 2
9416 12832 1
2051 12191 8
6854 10060 5
3346 4427 10
8569 8802 3
397 10645 10
7614 8145 4
1636 3157 10
3405 8149 1
235 5285 6
12147 12269 9
656 1684 5
1680 10905 3
1323 11211 4
8558 9809 10
3313 9244 6
3109 11217 9
6584 9260 10
121 1612 1
2495 9607 10
7069 12402 4
946 10806 4
7782 8158 10
8474 11775 10
8558 9330 4
300 4187 8
4341 8522 1
9625 11473 5
351 3130 6
7460 12188 8
6616 12216 9
612 11315 7
7031 11802 9
6844 8022 9
1399 8588 6
2115 2618 7
10843 12912 3
6705 12293 7
931 4573 5
681 7841 3
5629 11187 5
8457 9264 8
669 2341 7
8318 12485 7
4879 8732 2
7157 7295 8
11881 12601 4
1425 6976 4
1360 4470 8
6892 7315 3
4206 9488 8
5841 8800 10
3376 4789 6
5632 9836 8
3901 8144 5
6559 8461 3
2670 3173 9
1670 2823 9
7384 9049 8
5103 11018 4
8572 9122 9
1871 11971 7
5718 12651 2
6909 7536 9
7107 10828 6
12361 12836 6
1929 8458 2
4774 7008 10
887 11336 6
3051 9451 7
5170 6328 3
1566 12035 5
5031 9454 9
6713 8431 3
6986 10462 10
11700 12683 1
7584 8085 2
7841 8513 8
930 3851 9
4562 7214 6
9935 10893 4
2399 4203 3
5377 8483 1
5575 6791 3
1012 11036 8
10401 12876 4
7252 9206 2
3226 7104 6
624 7591 9
3384 9353 4
5277 9796 8
7089 10431 2
1656 11614 1
471 10284 6
4069 8021 10
7093 10629 5
4776 9678 8
1769 1953 1
858 1857 7
1696 9653 9
680 2569 4
2427 3174 5
5917 7789 4
5897 7880 10
1153 7735 4
6149 12920 7
3646 6709 7
9066 9902 1
9141 12775 6
993 6128 1
1247 7832 9
309 5951 9
2325 11365 7
3597 4024 6
2625 9995 8
9153 11943 10
2439 11165 6
3317 5844 4
216 3576 9
6612 10379 3
880 10946 6
5120 7208 2
6537 9495 9
7375 12221 3
6780 11556 2
6124 8914 1
827 11338 3
1522 2747 3
3243 10895 2
2477 10626 2
5029 8243 3
6583 7063 2
2076 12725 9
1400 2090 9
2855 12184 4
2708 8173 4
8557 12499 8
5193 12025 7
3675 11373 8
3810 12928 5
981 2186 5
7375 9243 8
2801 3974 1
7417 9668 7
6739 10980 5
1303 11970 10
1888 4169 1
1361 11261 9
3657 9794 10
4229 12945 8
2075 8385 9
10413 10762 7
4611 5313 1
769 6512 5
702 8498 7
8795 9486 10
3551 8783 6
9483 10330 5
2468 12934 3
115 12411 7
6638 9974 5
1824 2237 6
3935 6738 1
5306 9808 1
1648 4907 4
6797 9286 3
2067 7974 8
5864 8112 10
3267 9047 7
1627 9273 2
2262 2307 9
2522 4516 3
8735 11018 6
3929 5925 1
6836 12189 6
1621 6172 7
6925 7630 10
1269 11616 6
5655 12627 7
2488 4819 7
3082 6578 1
3580 6486 10
1639 2894 9
3614 8156 10
9071 9993 5
3041 6931 9
5749 11145 1
9484 12259 5
9646 11664 1
856 10888 8
3401 11687 5
1629 10574 8
5461 12576 5
6405 7743 9
8128 10679 4
5777 6015 10
6895 7720 9
10629 11126 2
2918 10070 7
7515 9309 5
7757 8687 9
990 5434 8
7520 9446 9
9453 10343 7
2023 6860 10
2936 9241 4
1407 2360 1
908 5965 5
8595 10539 1
784 9943 3
7673 9362 9
3196 4119 2
8339 9478 10
574 10975 6
9377 11507 3
5702 10234 3
1868 12506 6
6566 11683 9
4137 9330 1
1827 4070 10
39 8652 2
2310 3271 3
4335 11991 6
12935 12945 1
5350 8847 8
5671 11387 5
6770 11437 4
5714 10672 3
408 1274 2
263 7027 3
3562 11563 3
1146 6672 1
5838 12470 5
2091 7648 3
2644 8685 7
2029 4090 7
3985 7477 4
10653 12932 10
156 9734 6
9536 11803 7
4935 7905 5
5462 5674 9
2368 7479 4
1175 5669 6
1675 8597 3
5916 7749 1
3484 6269 7
1091 4480 9
3793 6405 8
8444 11737 2
4560 9786 7
3901 7861 10
1995 5814 8
5671 10026 7
4343 8561 10
86 1225 8
6124 12480 9
5392 11658 5
1583 9607 1
1663 4070 5
5739 9741 1
5181 5435 9
6818 9624 9
4748 12450 6
681 9717 10
744 3557 5
4259 6185 1
4984 8555 3
8478 11853 8
4133 6292 4
984 4688 9
7571 8904 1
8370 10240 5
6426 7066 2
1219 2127 2
6179 12852 2
11682 11911 4
5785 10406 7
2174 3630 3
5925 6648 2
7791 8922 8
3735 8126 10
8159 11206 5
499 10543 6
9114 11962 1
1017 3446 4
2245 12520 5
351 9470 3
2275 5734 9
5778 11436 2
7852 12483 2
2809 7250 10
2721 10657 8
9221 11874 5
10851 12831 8
5015 11491 3
8119 10292 4
1232 10230 3
3529 12074 9
2670 3539 6
2959 11558 8
460 4240 9
4147 6075 1
6910 7994 7
5664 9727 5
8207 12879 1
9767 12480 1
865 11132 3
3078 6780 10
4711 9321 2
5602 11399 3
11229 12838 2
4595 8434 1
2058 8255 9
545 12719 9
917 7398 3
8588 8889 2
7729 11164 10
4603 7761 10
9885 11639 3
4885 10267 10
7433 11943 4
10043 12921 5
9442 12617 3
1413 3343 9
4868 7779 10
2350 5487 4
118 10077 7
991 5613 3
4510 11580 2
2393 4164 2
8105 10157 5
5641 7017 7
909 6118 4
2525 2988 8
9040 11813 9
7587 10630 9
4223 8294 6
124 10293 5
1134 11511 5
6023 12403 4
2881 4044 7
2417 7227 3
2578 2836 10
3946 4665 3
9846 10235 6
358 1372 5
11374 11836 3
1254 7772 1
1880 9992 2
6867 12260 8
2196 5649 7
6072 6141 2
6304 11654 6
5542 10827 5
110 7820 7
6589 7562 3
611 5918 7
4091 11625 7
1405 10236 2
553 7025 8
3637 8624 10
6977 9724 3
3318 9387 4
9324 10349 10
64 8484 8
1774 4257 1
4266 7191 8
1231 7525 4
6239 10599 6
1676 9081 1
2795 12264 6
3461 9791 2
5596 12072 1
491 12073 9
2806 8840 3
6082 9608 8
5187 5558 4
4417 12664 10
7934 10524 8
6044 7693 10
5526 11012 4
7714 12827 7
4394 12857 1
1472 7399 2
1418 9334 4
4125 9013 1
4565 9333 6
3314 4564 4
9519 10763 8
9908 12319 3
1823 9321 5
4937 9049 6
5907 6542 8
6532 9723 6
3940 11159 7
3950 4828 5
8692 11156 10
10166 12988 9
9452 10169 10
4238 6454 10
340 4667 8
4699 9090 8
7941 10798 5
1661 10122 10
2640 3983 2
536 9936 8
1336 6288 9
766 9508 5
899 7429 9
6079 8047 8
671 1449 2
9600 12938 3
514 5002 5
685 6779 4
9024 9207 7
971 3927 5
6263 7103 6
7798 8651 6
6461 12013 4
8179 12175 5
1866 3574 5
145 6980 1
9831 12639 8
4938 11123 3
293 11634 9
1145 9401 5
1435 3645 1
2098 11212 4
3321 4989 6
7529 10051 2
4070 11586 4
229 8972 8
2940 7709 1
2188 5240 6
5983 6521 5
4202 10440 2
4002 6319 1
3500 11550 1
742 9047 4
517 3599 4
2648 10745 5
2765 9807 10
503 7378 8
181 1313 6
7540 10473 8
2344 4293 3
919 12408 10
2027 7530 7
3621 7837 7
6338 12449 3
9335 11208 6
1468 3592 7
1274 3638 9
7321 9793 8
2444 10218 7
2022 6677 10
4798 5074 3
4174 5885 2
393 8602 3
6692 8928 6
2676 5681 7
5279 11818 4
1830 10559 2
42 8716 2
2242 10261 8
8860 9380 6
2521 9634 4
3692 5853 10
2857 5448 9
2379 8454 6
8381 12015 6
2630 3725 5
81 10290 9
3509 11199 5
8775 12489 7
10574 11302 5
1056 8333 8
9445 11350 4
2483 8176 3
2645 5640 8
10064 12892 4
5230 10007 7
3587 12981 4
2973 4520 6
479 12142 5
3056 11810 2
3440 9771 7
3732 11819 3
7801 9649 6
8113 11340 3
4493 6247 5
4779 5944 6
3319 11816 9
7329 8124 2
10935 12772 4
4542 11694 8
929 9799 2
10060 12855 6
5748 12106 8
4191 4596 4
1379 5237 10
2180 9987 7
4820 5318 10
1718 10034 4
411 6101 6
4643 7588 3
6921 12133 5
2319 6880 7
4441 9202 4
5129 10651 10
2577 6508 10
1606 2755 3
10286 11430 6
578 7989 5
4254 6740 8
619 8764 8
10019 10867 1
877 7899 2
7352 11733 5
8504 11575 2
7858 12660 9
1416 2221 8
907 12583 5
2824 6349 4
2526 2986 10
3132 6306 8
2720 8476 4
960 12620 2
11198 12640 8
4356 11118 6
2303 11636 4
1105 9695 5
1642 10963 8
4614 9042 1
5745 12385 7
5586 7151 3
826 7090 8
1304 6091 8
675 5117 3
272 11483 6
5540 7372 7
10252 10679 2
9883 10002 1
1036 8095 9
10088 12407 3
6342 10338 1
4606 7038 6
6446 9798 1
5262 7891 3
5012 9205 4
11005 11076 2
1988 4688 3
4119 9327 6
1200 3500 1
3169 8698 6
70 8469 10
9316 10744 1
3885 10807 4
6100 10059 8
2323 12659 2
6365 11354 8
4394 4517 8
375 7458 9
3817 10635 9
376 2281 1
1110 11699 1
2369 6487 2
7995 12814 10
9213 9590 3
3626 5231 6
3359 6740 5
361 12843 10
11021 12795 8
4677 5746 10
3542 12896 5
7886 11965 2
3394 6720 7
646 10652 7
6438 8051 4
3251 8798 4
202 6143 8
573 2146 4
5647 5722 4
3095 3223 4
4421 11302 7
3835 6442 7
6806 8897 6
2190 9058 5
9361 10651 9
5024 7266 10
2345 10447 2
6500 7428 10
1452 9509 6
255 12172 8
2929 8841 1
4247 8955 2
1176 8516 2
4142 4820 5
6344 9775 3
2081 4772 10
7869 9644 6
1593 8778 4
1456 7689 1
8790 12797 6
8025 11097 9
225 6824 8
1531 11859 3
2671 9733 10
4871 11184 10
3514 11239 6
1980 3530 8
1111 5810 2
2927 3676 3
1218 4865 6
7289 9307 7
5203 8686 7
7102 9377 6
897 4825 9
1577 6056 8
97 9257 2
3601 7617 8
6792 9676 2
7384 10477 3
4020 4355 5
2541 5688 7
6997 9346 8
4420 10125 5
4059 5755 9
9879 10765 4
3076 3323 3
4630 12268 8
5735 7353 10
2142 3160 2
4193 4525 9
229 6667 9
703 12467 9
6901 9924 8
89 6967 8
9965 10112 9
234 12126 10
3636 8666 3
110 635 1
1384 12769 1
3587 10364 8
1343 11074 6
2607 4905 2
6646 12439 3
3001 10592 3
1293 3171 5
83 5397 1
4282 6528 9
5711 7376 1
3464 4530 4
710 5058 2
1979 3425 7
6141 11274 3
8075 8874 6
4860 5018 5
834 5540 7
809 10825 3
10081 10332 1
6286 12052 8
3230 12714 2
5902 11696 4
417 5572 3
3239 10870 5
8232 12633 7
8449 12990 5
10308 12567 8
3205 5619 6
5456 11034 5
409 12916 9
3515 10499 9
6287 7679 10
11966 12810 3
1490 12834 10
3125 9254 3
5654 9615 2
9837 12613 1
4057 12813 8
1990 10854 10
585 2836 6
6438 7924 5
745 6575 4
1837 2283 8
10228 12663 9
6310 12885 9
5616 6960 7
1349 12357 3
5814 7549 1
363 915 3
7003 10224 2
5434 6377 10
5530 5532 9
10100 11309 3
1301 10886 6
9747 11869 9
6035 8819 9
357 7666 1
4770 5082 1
4023 8405 7
160 9051 2
8380 9010 6
2337 6724 1
787 8948 6
9129 9598 9
1814 9997 7
3628 12875 4
7066 7840 1
922 8330 3
7149 7932 2
5725 7512 2
7166 7753 8
7203 10417 4
1960 8003 10
4794 7509 8
1286 5704 3
9336 10418 7
6583 6809 5
3206 3892 5
10274 10786 4
10384 12419 6
4335 5888 4
7185 10705 8
534 5563 4
326 10914 4
5326 9828 2
12064 12936 5
2356 7752 1
59 5464 4
3621 7501 10
333 3972 2
317 10802 10
3809 10334 9
5905 7708 5
8174 12783 6
7528 10443 9
4811 8853 1
6397 7201 10
100 5362 3
8139 12208 7
11285 12903 3
4454 4794 2
126 11346 2
1890 8120 7
3229 8255 3
7723 10864 9
5065 5554 1
7508 8015 5
2279 9434 3
4129 7398 3
2834 12005 7
2069 9394 6
3514 5963 9
6554 11681 3
7124 7665 8
46 9622 9
2107 3238 7
7426 12428 10
833 3303 3
6620 10366 8
3915 5791 10
1482 2550 2
4207 12719 6
4982 8657 2
6303 7341 5
10298 10580 6
7874 9274 1
6074 11145 4
1181 8670 4
339 3938 8
7359 10045 7
4688 12343 9
1379 2024 1
1134 5385 7
3019 11968 7
5601 6993 4
2181 9280 4
3731 7375 9
7605 10676 2
1425 6203 5
3741 5811 8
2558 12145 7
4581 11287 1
7275 10000 7
1879 8472 9
1081 8157 6
3722 5901 5
4780 11838 7
5730 7807 5
3797 7123 1
2979 9327 1
1821 6976 10
3069 6584 9
155 5046 7
675 10382 7
1109 12862 1
10106 10638 6
6223 12232 3
9850 12456 1
2225 10593 9
10086 10977 3
1267 11154 5
2451 2526 1
1612 9911 1
9113 11290 3
8384 9600 10
10319 11400 3
1235 9844 7
308 883 2
2796 7808 4
3103 10632 10
8391 10075 5
6653 12608 8
342 9297 3
6686 12355 9
4465 11434 6
8846 12226 4
8447 12420 3
6786 9238 5
2230 7971 4
3025 5555 1
4372 11641 5
5661 8478 8
3290 12949 8
6264 7322 10
4556 11747 10
2843 3791 5
5203 6902 1
2293 7330 9
872 8922 7
4499 10982 2
6107 10733 1
9494 12213 9
7297 11925 7
3 10403 6
4728 6381 4
7969 11626 5
3862 10890 6
535 9333 1
8775 9861 4
9837 10278 7
5533 11089 2
5983 9749 5
4898 10456 1
3120 9894 5
7285 9372 9
772 6410 5
8204 12927 2
816 1852 9
4583 5540 9
4830 9802 2
3254 10951 3
2371 4054 1
3771 5683 5
1527 12112 4
5783 12709 2
5117 7111 7
590 681 10
4410 8526 1
7949 10499 6
1618 4837 1
4300 7236 5
1040 11205 2
2697 6781 5
11216 11867 6
2197 9320 5
11205 12791 4
799 11073 3
525 7129 1
5340 7006 1
1315 9234 5
10740 10884 3
1335 2964 7
3154 4782 4
5978 7665 1
739 3400 4
1142 12611 6
2205 7192 8
3304 3993 6
873 9792 3
391 8911 8
7065 9001 9
570 4235 3
2929 12381 3
1674 4631 1
1014 10729 6
8823 11725 1
3018 12286 2
2299 2807 8
87 5601 3
1312 4923 4
7212 11619 5
4580 5714 6
114 7699 9
3520 6596 8
384 425 8
1251 7822 2
3000 6821 6
1361 7745 7
3508 8274 4
9937 11698 3
2248 12225 10
7857 10131 9
5227 12913 10
1260 6560 1
3137 10660 9
6974 8084 3
5846 9910 9
4012 9571 2
2822 4172 8
3928 12881 2
11234 12834 9
238 12733 3
8063 11321 3
7172 12059 3
16 5472 2
8513 9056 8
5323 9736 6
3012 5837 10
1708 6968 7
7016 10059 5
464 10935 2
3315 8126 10
2384 12635 3
5808 7201 4
6307 7071 1
4854 7289 9
6242 9088 4
4386 5875 4
1524 9329 3
11583 12566 9
2314 11271 5
4593 10013 1
286 6976 5
3872 12023 4
5024 8774 5
1851 2819 6
1254 11088 1
11861 12235 6
8230 9620 9
11 850 9
7889 10803 6
864 3337 2
5617 11134 9
7882 12673 4
3906 11488 3
7407 8333 4
5178 8242 9
8276 11064 3
1860 4983 1
6273 12735 2
8791 8921 8
8947 12465 8
5267 11564 9
4702 9094 6
1942 10878 5
11708 12303 10
10556 12889 6
9697 10139 7
10835 12397 1
3780 7155 1
1316 7542 2
3945 12940 1
5273 6120 3
4326 11669 2
6460 8068 6
2172 2818 7
979 8829 3
7319 9565 4
4143 8635 6
3682 9984 10
7509 12612 3
3309 9895 9
7581 11319 6
2019 9328 8
6722 10650 4
2026 8545 1
3743 3911 3
7547 11729 3
1991 5078 6
5411 5630 4
1359 3857 2
6106 10595 3
2100 6641 7
8134 9190 1
3901 10089 6
4479 12408 6
1806 3432 7
3735 9121 1
3726 8170 9
2514 3742 4
7671 12543 5
5383 12278 7
2009 11349 3
8605 12283 8
6658 10269 5
4379 6041 4
6940 12440 1
7946 8072 5
1044 11858 2
6351 8152 7
5790 10098 1
892 6343 1
534 11017 2
929 12477 9
1495 11358 4
659 9914 2
1163 2310 6
870 12416 10
9237 10217 1
7788 9520 4
7176 12795 9
2735 5573 5
7869 9262 9
6870 9496 9
1696 4824 10
3852 6730 1
159 200 9
8659 10288 8
3570 5127 5
7919 8345 1
2839 9820 10
3048 4531 3
7128 9860 5
5159 5825 2
902 7716 3
5666 10747 9
3172 11465 9
7678 10682 6
6495 10942 10
161 5660 8
4529 8291 3
11264 12089 10
2241 5694 7
10213 12163 2
5804 9127 3
6215 12493 9
7235 8997 10
2431 2441 4
8017 10138 1
11058 11751 6
3597 10039 1
5482 8478 3
1487 12843 2
3187 7898 3
9979 12279 8
1659 5113 8
2750 4331 10
34 6580 10
371 3697 6
4351 9153 10
815 8287 2
584 9600 1
731 3078 5
2563 9420 3
11004 11639 4
4909 5125 1
3169 9389 6
1527 1665 10
8367 10885 9
8486 12657 4
7712 12485 7
2706 7266 2
1554 10878 7
1544 2737 8
9545 12952 2
3828 5819 6
5461 8836 2
1583 8537 7
6601 12997 2
266 8182 2
6875 11030 4
6602 10817 5
614 4547 4
9063 12843 5
2386 7376 1
359 12830 3
2567 6298 1
1268 1397 3
7416 7580 6
10178 12905 9
2590 11743 7
2122 6520 4
3580 6594 8
8334 11087 1
314 9160 7
9158 12431 8
11329 11353 10
3408 7292 1
791 9237 7
425 5869 9
2736 7641 6
3496 8244 6
2197 11460 5
701 1984 5
6522 7688 10
3054 11779 1
3807 4755 4
3506 5458 9
1063 4586 10
8832 11608 5
11221 12374 6
3912 5587 6
350 8868 3
2420 2911 7
1597 11181 10
2818 6660 5
4441 12150 6
10091 10397 7
10756 11820 4
134 1926 9
4339 12437 8
7119 10295 1
7934 12393 7
2347 6609 6
1654 8955 6
6231 6546 5
2317 9075 1
5301 9313 8
408 6225 7
7192 11948 10
9568 9624 8
6991 8017 3
1403 11744 4
7160 8902 2
6047 8605 8
10009 11040 8
6502 9056 10
6874 11871 3
1161 5574 2
5193 10546 3
211 9443 5
4974 5143 7
1562 10379 9
4977 11555 7
733 2369 10
7620 7906 3
10393 12435 3
604 9688 7
6984 11042 8
9236 9837 3
5821 12332 9
2598 5608 5
2208 3320 6
418 4953 4
6941 8202 4
7377 12502 7
5535 6311 3
7444 8256 4
3127 8364 9
5299 7693 8
4017 9456 6
325 6918 8
12294 12504 6
9391 11935 2
1208 6527 10
1383 5787 6
3079 3919 4
6488 12540 4
647 10816 3
6271 9640 9
3352 12095 8
192 4654 1
1917 8002 3
3677 5580 7
5427 10409 3
6887 10997 1
9279 9784 5
1506 9589 2
4059 9922 4
5838 6238 5
1985 10921 5
1287 3768 8
6664 12138 1
1091 3331 3
1422 11051 3
4198 7547 10
2967 8941 9
3399 6125 9
3445 11950 3
1453 5503 7
1281 4697 3
4489 8683 5
125 12386 10
10970 12950 6
9095 11683 10
2409 11793 9
4980 11402 3
1257 11794 8
7058 12840 6
2313 11330 7
406 9137 2
5633 12582 2
3757 3777 2
1174 9526 10
2628 11807 5
4074 11289 10
4 3218 3
6525 12064 9
1471 5882 10
2779 3343 2
9525 10973 6
871 2798 7
9824 12428 6
3934 8245 3
3318 6859 6
4590 8302 9
7063 7304 6
7674 10184 9
1251 10119 6
4979 10815 1
2130 3275 4
4719 10849 9
9256 11219 10
6177 8265 7
7296 7698 5
351 5696 6
386 4096 1
9259 10911 7
2958 3991 9
9264 10560 7
79 2239 9
880 11180 1
1103 1900 8
2509 9934 2
2749 3802 6
4258 10993 8
8578 11366 8
1240 2834 8
2452 12222 3
3541 7871 10
3921 6578 1
1733 4781 8
3022 10021 7
1601 4615 5
927 10554 1
4507 9766 8
35 6574 3
3931 10954 10
6038 7526 5
3309 3778 4
3326 5727 7
8606 11666 7
5534 10700 1
929 7357 10
2830 10091 1
2461 6718 10
6325 10989 8
4458 6701 4
3114 7005 8
3360 7591 8
3580 4149 2
2512 8299 7
7200 8538 7
2860 11216 7
9429 11894 3
1095 11009 10
5351 9436 8
9248 12633 5
6713 11125 8
1404 9630 8
3559 10613 9
1785 3515 6
7511 9369 3
932 7933 2
11102 11383 3
1923 11815 7
7031 7350 10
4901 12159 3
1358 9890 9
1438 2908 10
248 541 10
85 3421 4
6310 7474 5
2775 11313 5
1859 2239 8
4423 12924 10
3006 5496 10
1868 7715 9
8427 11129 8
4117 4485 6
1194 4350 6
1722 12126 2
707 5333 5
4867 8738 9
2005 9560 8
8854 12200 10
6297 8299 2
844 7424 10
9291 9948 8
3868 7422 10
2869 9969 7
3154 11690 3
3674 10287 1
20 4116 9
7360 12010 9
7100 9216 8
5597 5793 3
7275 7486 4
8488 9649 5
2193 9974 7
2770 10534 2
5066 11336 8
1315 7344 4
7838 12101 1
3860 10973 3
1831 10232 8
3840 8728 3
561 11644 3
5336 8450 1
6753 12768 5
6401 7477 4
575 7577 10
70 6758 1
7882 12038 5
288 10051 9
3052 8017 9
6490 8286 1
9659 9693 10
5300 9758 6
3957 7691 2
8114 9019 9
1660 6201 10
2292 3884 10
111 11312 3
7162 10496 9
8821 10176 7
1243 5757 1
279 9729 6
3956 5136 8
8715 9844 4
2959 12974 10
1575 11093 5
5743 9462 6
5622 10009 7
8058 11002 4
563 11592 4
8400 12962 6
7029 8349 7
8240 12023 2
7500 10368 10
6290 9504 7
2293 8710 10
1546 9471 3
2083 10101 4
5025 11890 8
2594 12997 8
4387 7020 6
4916 8418 7
8322 12277 7
226 6436 4
3933 12932 7
7190 8217 7
7322 10458 10
798 1655 5
4216 6545 10
2352 6480 8
5084 5959 5
114 1861 3
11773 12310 3
2408 10150 4
4203 10858 2
9482 10102 9
9137 10687 9
2871 4781 1
368 9550 4
7459 12104 1
3170 11571 2
5429 7714 8
6513 10776 4
6248 10300 5
7674 8747 5
8893 9525 10
4800 11741 3
5284 5655 6
2946 9167 2
4099 9073 1
3662 9013 6
8878 9695 4
11731 12694 8
6299 11234 9
6388 9523 6
2952 4354 10
6276 8113 9
10651 10741 10
161 7408 3
777 10203 3
972 9119 9
2861 4747 7
6945 8256 10
6996 8401 10
3889 9467 2
4322 4536 2
3201 6336 5
72 7972 8
486 7020 7
1658 8240 9
195 6104 7
7388 10768 8
1090 4484 6
1789 5054 9
1145 11862 1
3718 8886 8
6645 7002 8
1002 1585 9
12314 12720 9
5708 10710 4
890 10636 3
2993 5915 4
1770 10076 5
7787 11155 4
5539 5591 6
6788 6964 1
4801 6661 7
7072 9033 8
9592 10333 5
3181 5726 1
376 2118 4
1279 12318 5
2265 11861 10
4838 9364 8
3406 12298 4
9807 11600 6
412 7510 8
156 2018 3
7317 7499 10
2530 8053 4
2895 10327 10
3221 10220 8
6310 6398 7
3425 9546 3
2675 7691 9
3211 5294 1
2887 3385 7
7617 11053 2
1997 8603 6
9036 12973 3
455 1934 3
6809 11260 7
5189 12570 7
1885 7462 7
2419 7483 5
3069 6078 2
261 9488 5
2130 6140 5
6568 8682 10
881 4268 6
5197 9450 5
954 10117 8
1064 6108 10
1470 8535 5
7726 9695 7
5743 8817 4
7517 11925 10
725 7776 2
1397 12187 8
1662 12230 9
2182 9323 8
778 4221 1
4252 11692 10
4482 9246 1
86 3615 8
1604 9955 1
1661 2078 8
6219 11120 3
820 6814 1
3220 11577 7
3237 9569 3
5668 7181 9
4225 12908 6
2922 3273 7
4739 7925 8
590 5595 8
2824 6668 5
2492 3030 10
7311 12846 5
5576 7088 4
471 1321 3
4180 8435 8
154 4111 3
1171 5375 10
3222 7624 6
3507 10519 6
7497 8952 2
1791 7072 8
5812 6465 6
3759 6573 3
5467 7763 3
3658 9594 6
2496 9060 9
6171 7884 5
4960 11808 2
1562 10481 2
4883 5825 1
4404 10444 8
8048 10553 6
91 4832 5
5862 9568 2
1669 11324 4
3480 7022 10
5110 12961 4
2505 8850 3
6228 10390 2
60 7321 4
6253 11736 2
7642 7889 3
6598 7878 1
7076 10304 6
5341 10966 10
1803 7798 10
4817 12743 6
555 4847 3
3171 6340 4
2193 2398 4
4705 11254 3
1080 4831 2
227 7908 3
9893 10893 6
8866 9934 3
3140 11049 9
7750 11207 3
1529 1834 9
1031 4842 1
1390 7585 3
145 3591 9
2523 10660 8
2086 6747 8
5614 8793 10
9286 11835 1
8927 11053 2
4002 10355 2
7381 12815 6
2907 12685 4
4047 6835 6
6027 6883 1
5658 6940 8
1270 5423 9
6787 12355 7
5806 7180 5
10496 12538 3
6697 10122 8
1834 9635 7
5478 7513 7
4930 6086 5
11070 11453 10
3099 6703 4
5324 7060 10
9665 11806 6
5535 9613 4
2503 11074 10
2299 8862 8
747 3046 10
1607 7933 7
335 1329 5
2153 3057 2
4089 6020 3
169 10167 7
8099 12464 1
6512 11805 2
437 9064 5
2530 5077 3
6271 9663 8
9180 12266 7
1337 10764 3
2460 4046 6
2947 12356 7
3366 9083 9
10001 10923 3
360 9268 4
3896 12175 9
7450 10467 9
4719 10961 9
6490 9785 8
5054 7516 6
1183 3788 9
4532 8078 3
2466 9012 6
973 7339 7
4622 4866 9
1854 8523 10
7096 8763 6
6434 10716 10
6164 8325 10
1857 5828 9
8116 10677 8
2298 10813 10
962 8309 6
1660 4652 3
4270 11439 9
444 1782 6
10945 12462 6
5011 10876 4
3226 10425 5
8260 10348 8
8804 10732 6
5020 5687 9
872 4681 4
7582 8065 5
1840 5122 10
10380 12786 7
9275 12151 6
564 5589 7
6827 11250 10
3815 10474 10
961 7910 6
2530 8792 6
11218 11265 8
470 5716 10
1356 1637 9
7761 9538 3
5212 8589 6
8425 11708 6
4496 11083 4
1867 12385 4
9058 12941 4
505 1207 9
5944 10879 1
3745 11521 8
2337 9670 5
6071 8479 10
599 8540 1
3121 12058 9
4857 6781 7
5501 6119 3
1083 7149 7
2812 3197 8
7543 9958 1
451 10318 9
997 9390 8
6727 8980 7
3750 9789 6
4102 6207 5
6974 7403 9
356 10705 1
4660 5260 6
503 9168 4
316 8767 9
3328 3618 5
1012 2425 7
11179 12498 10
4639 12368 8
4772 12534 5
928 7207 3
5109 6501 8
1160 3350 8
10505 10809 7
362 2099 5
3510 11537 6
2981 7279 6
1375 7436 8
11337 12775 8
8830 12192 4
4272 10982 9
5214 5512 8
377 11494 2
3568 5905 10
3108 7011 2
4145 12058 2
2602 4438 6
3750 11094 9
8732 10936 1
3288 9567 3
1362 5452 2
3978 12564 3
12026 12595 5
4885 10535 8
2587 6217 3
862 5483 2
5913 9753 8
3577 10063 5
2354 3832 9
2941 8937 2
5606 7011 1
8410 9051 10
5685 8000 2
1094 8622 6
2419 5932 6
8552 12035 7
3611 8905 9
1743 6962 10
4047 5505 1
6069 10939 2
8 2867 6
196 4964 7
3211 12994 8
3021 7532 2
2138 8289 8
10454 10468 6
577 9995 4
7075 7852 8
658 2055 9
5527 9464 3
17 9941 4
8506 8930 1
596 3039 5
2729 8961 7
1871 10969 5
5024 7731 8
6603 9026 9
984 8661 3
1216 9129 8
3761 6858 7
9333 10746 6
7668 8658 10
3373 9135 8
7091 12509 10
5609 9481 1
10411 12412 8
6137 8404 9
6911 9601 7
3547 5301 7
3590 3845 10
3473 4862 2
2522 8842 2
5533 8787 5
6322 10837 3
3709 9501 3
8843 10948 5
5617 8877 4
5874 11177 8
4156 5780 4
3860 4303 4
11139 11818 2
1441 6822 3
8890 12903 9
5456 12146 6
10576 11267 9
4346 7073 9
8865 12182 4
2096 9879 2
5758 10758 3
3779 12845 1
620 3968 7
7152 8380 8
7489 8284 5
3131 8326 6
1357 3931 9
1969 11967 5
4278 6197 1
4932 9890 3
9147 9990 5
4122 7583 5
1797 9884 6
4341 6210 4
3027 5404 9
3032 7971 9
10213 11811 2
10697 12956 7
2811 11093 10
7726 8212 8
2143 4016 3
7082 8382 10
9322 10788 5
8396 9240 1
2779 4795 7
2622 5190 7
5241 8719 6
1116 6687 5
3691 9214 5
3203 12004 7
307 2992 10
3752 5993 9
9980 11154 10
7869 12391 10
2492 4785 5
579 10709 8
6719 11237 2
2198 7496 8
317 5063 6
2517 6150 6
2378 11466 7
4806 10589 7
7993 8211 3
923 6490 7
5037 9731 8
1799 6327 3
4618 7996 2
3374 9391 8
4168 5805 9
2493 5341 6
2 6743 3
5086 9143 6
3756 11213 2
5648 5742 1
10006 11896 3
5054 9711 1
1059 11645 3
615 11206 5
4721 12348 9
176 4262 6
6922 8971 7
6088 9858 3
9638 11453 9
93 3500 5
2174 3083 3
9429 9777 7
3641 12817 4
1945 8472 9
4392 12472 5
366 1460 10
3819 6536 3
2771 4498 2
759 3621 9
327 1372 2
2468 12047 10
4538 10868 1
8789 10380 9
3464 8331 4
815 10255 2
444 3881 7
4273 9401 10
1696 5994 10
9461 12722 1
3775 4083 7
11562 12819 5
3125 9815 9
6985 11507 2
4679 5006 6
7808 9002 4
4529 8712 10
1223 4063 6
1768 4296 7
613 7385 3
2887 9104 10
5424 9444 10
1505 11161 10
1515 8368 10
7431 7470 9
1518 9651 9
5275 9787 10
7189 12196 7
179 4889 10
8708 8990 6
902 3867 5
1130 5971 7
918 7977 3
982 12701 8
3805 10648 7
5445 9040 1
2142 7158 6
3908 9408 5
4986 12760 8
1050 8782 6
891 9161 10
505 8413 3
6838 9127 7
5312 9429 6
6953 12456 6
12234 12780 2
3561 6344 3
1965 4836 1
8835 12235 10
4847 9852 3
3953 9339 1
10393 11957 8
2824 8818 6
897 10656 8
4933 10588 6
11217 11362 7
1513 5109 2
6816 7552 5
11048 11903 8
4690 10458 9
3245 7647 9
4127 12370 4
2999 4422 3
9075 9203 8
4523 6393 1
5972 10387 5
4428 8353 7
6629 11987 1
2463 10965 10
11617 12018 3
3790 5352 4
613 11252 6
3264 5183 3
7079 7503 9
4841 7525 5
10079 11058 6
1267 2802 3
1445 2990 6
299 11624 3
8416 10895 2
2269 4738 2
3077 8708 7
3028 7587 9
6843 12056 3
2492 11008 7
5392 12349 3
6227 7158 10
3787 11889 7
5682 7555 6
6304 6458 8
540 12885 7
482 5176 6
1631 8309 1
2854 4603 6
3519 9633 1
452 8752 3
4358 5990 10
2462 9844 10
4407 12239 4
147 2285 2
10003 11379 1
1012 12210 5
6651 6654 8
1573 1867 6
7911 8264 7
4160 12802 1
5865 7626 6
2905 10156 5
5232 11065 7
2592 12574 3
5368 7825 8
1004 2601 1
8055 8671 9
3654 12610 2
2693 4776 5
68 1998 8
4319 6763 10
2616 5026 7
3739 6651 1
769 11534 8
2619 9131 6
10731 11069 7
10963 11037 2
1689 10972 10
2586 2641 7
806 2080 10
3420 7220 4
5309 6739 6
686 10941 2
4015 9099 9
1946 7126 6
8374 9046 10
4608 9145 2
7032 9253 2
8284 12541 7
4043 12291 4
1497 3475 6
6265 11235 8
2089 9310 10
5659 10078 2
5794 7433 2
4772 5380 3
7555 7590 1
1528 7791 10
4262 4492 5
9735 9959 8
4849 9077 5
4570 6923 9
10414 11149 2
4971 9424 5
6005 7829 2
477 6713 9
4966 5947 7
3497 11556 1
6927 8588 9
9138 11118 5
8350 11518 10
6173 12233 3
1229 6725 6
3247 7169 1
1497 4548 4
4878 9383 8
1242 9415 6
5165 9984 6
8438 9126 7
3813 11880 2
335 10924 8
5615 12666 1
1568 2376 6
4797 6056 3
3508 4491 1
947 2395 2
6777 8733 4
10015 11016 9
1610 5617 5
1256 7114 7
4366 7270 2
810 8526 10
6703 11734 10
8035 9187 3
5466 10019 7
4396 4746 3
4147 4466 5
8630 12415 7
2490 9067 1
1205 6925 4
6970 10216 2
4404 12129 3
3352 12280 2
1519 6474 5
6301 11701 5
1277 8804 5
5696 8491 5
9736 10625 9
526 6822 2
4695 10187 9
5295 5586 8
3339 7176 6
7662 9883 8
3056 3979 6
1527 6095 8
8058 11554 2
1740 11229 2
392 7076 9
7106 8502 8
6423 11646 10
3673 6073 1
1818 2054 6
1268 10299 9
2911 7653 5
2890 8732 7
8015 10389 5
470 11676 2
6287 11821 2
5441 9518 4
1501 1513 6
10231 12687 10
4685 8151 8
9155 9607 5
9604 12034 5
79 9172 7
1320 6915 2
1857 7999 6
734 8464 5
4769 8230 1
1567 9388 6
12666 12716 2
61 11593 9
5975 7982 4
50 3063 1
1999 12351 2
1394 5150 10
426 5701 1
3343 6737 7
1528 11718 3
6491 11759 9
10801 11790 9
5638 9071 8
1094 4400 8
2203 5632 6
871 1783 6
1795 12121 7
1485 11082 4
4826 10252 7
11423 12036 5
6124 6775 5
6094 10647 8
275 8663 10
7435 7653 5
1199 8942 9
8188 12786 4
989 4216 10
4518 12371 7
7495 12287 7
439 11779 4
5068 9242 1
9500 11897 3
3778 10703 5
7413 10875 10
5405 10820 2
833 6830 3
1355 11037 10
6108 11517 10
10274 12546 10
3417 7224 5
6354 9249 9
3047 4253 8
2701 6127 9
2433 5084 1
4810 11257 3
6739 8096 3
5633 6581 1
1620 7349 8
4707 10066 6
5794 8644 9
5846 11581 7
1046 7010 2
7904 10416 1
4778 4806 5
632 7873 9
2346 4988 9
1156 11869 4
8107 11475 1
4799 7237 4
536 9379 5
3676 6804 3
5443 8678 3
8702 10297 1
3146 3607 7
11108 11414 7
252 4888 10
851 7818 1
427 10154 4
5399 11415 2
260 8734 5
8283 9422 1
2236 3912 9
3766 8178 8
1744 7583 9
1300 1800 4
731 2187 10
9093 9126 6
2062 5799 2
2518 8038 9
1510 4199 10
4552 10537 7
1812 10341 5
3963 4915 2
3352 3544 9
7130 7217 9
8127 9054 4
9250 12178 8
1389 10283 2
7794 11855 2
5628 12063 7
308 2437 7
10090 10521 2
10129 10503 4
1686 10328 9
9447 10004 4
10014 10712 3
7878 9016 8
1171 3485 2
6391 11552 4
8250 10575 8
748 2289 4
2979 12603 5
3764 5959 6
2655 5859 3
6378 11802 5
4362 5100 6
5759 8499 10
4805 10248 1
4769 8527 9
2864 5236 6
11526 12918 3
1450 2339 5
604 11392 7
6754 11754 3
3117 7627 1
4003 7642 8
5591 6643 2
5219 12733 5
1777 7322 8
7676 8288 8
63 2824 1
4580 10822 8
3061 7835 6
813 7426 2
6261 11648 2
1767 8832 9
8616 10413 10
2910 7176 8
6700 10620 9
8320 9020 7
8205 11078 1
3620 10273 9
372 9553 8
1223 1535 6
7894 8203 5
1326 5634 5
4874 12379 9
5694 10829 7
243 10918 9
9294 10420 9
4917 6755 2
3416 7141 9
6561 11916 4
6142 7400 6
2093 12289 10
2152 7168 9
3396 10564 6
10494 12008 3
4194 12082 1
9108 11702 7
10570 11740 10
1816 6365 8
10810 12599 8
9367 9386 6
9425 11427 10
2563 9516 8
4884 8958 2
2147 7814 5
5124 12231 6
6323 7418 1
10507 11165 9
5172 11390 7
198 7300 10
38 5115 1
2584 9138 3
269 2937 9
3734 4858 5
6930 10426 7
2951 6840 8
1272 3331 7
8684 11146 2
11720 12355 10
6688 12995 7
197 2954 4
4958 8157 4
9716 12665 10
10049 12120 7
10236 11907 7
7483 12837 7
3266 10346 7
1367 3485 10
3024 3804 1
2824 6752 10
2886 8855 6
3770 9345 2
5560 6396 4
7624 8141 5
615 8387 3
6953 10919 7
6659 10947 8
4432 11319 3
7906 10916 8
10565 10834 10
8111 11949 5
4011 9645 1
7579 9359 9
988 12836 7
7741 10370 5
946 4726 10
7780 8196 5
3603 11215 8
2666 5162 4
3775 11863 1
7745 9052 8
6249 6918 2
2809 10913 3
9107 10170 2
7964 9951 1
5994 12926 10
3653 12089 8
413 6630 1
7996 11110 4
2235 9620 9
980 5234 10
2036 11276 8
3838 4415 1
1425 9226 7
2297 4484 7
2750 3008 2
6937 8599 7
5076 6912 9
8089 8183 9
8855 11202 7
6832 12637 1
1771 1986 4
3199 9529 7
6429 10588 2
2223 5949 4
5034 10836 5
4729 11110 4
7645 8284 6
10704 12411 3
2845 10077 4
1841 11963 7
8548 11505 2
4553 11899 8
1782 8424 3
116 696 8
1010 1523 1
6753 8191 8
2527 2838 9
767 2466 7
3233 12335 5
9035 9439 2
750 4287 3
5448 12530 1
11747 11776 7
2536 6847 8
3840 8988 3
3891 6445 5
4237 7347 7
6761 10687 4
3310 12723 4
6417 12848 3
5387 12897 6
2638 10406 6
1476 4492 6
443 10299 7
4758 7260 6
9699 11588 4
3879 9559 9
8141 11528 8
8560 9607 6
2509 8482 6
10818 11847 1
620 1971 1
3809 6676 3
4637 12125 7
7335 12517 5
7121 9617 6
6963 10183 1
3290 7945 2
9103 11305 7
2900 7513 8
3294 5863 1
3210 6485 10
3307 5398 1
9465 11892 7
896 12004 9
4701 12251 5
3368 11667 10
5277 8582 10
1477 8323 6
1209 2243 6
5954 6622 1
7600 9973 9
660 8606 3
4318 12509 1
4163 12895 1
4473 11003 7
3774 10896 7
1915 9101 7
2438 12332 5
3570 8534 2
8815 10217 7
1280 2521 6
3413 4524 3
2526 6848 4
1338 11987 6
3424 9203 7
2541 6615 2
41 8125 6
6459 10734 6
11128 12158 3
2126 11666 7
2082 4794 3
1426 8664 3
8795 11376 1
6752 6773 5
9429 10114 2
10392 12759 7
8518 8960 8
10510 11402 3
5495 11914 3
341 5092 3
8223 12348 8
425 7033 9
3548 10167 8
2080 4689 1
488 6540 4
5772 10190 3
7556 9547 7
5343 9682 2
6131 12962 4
8751 10099 8
1263 5934 5
180 5627 1
3435 11807 2
5852 8190 6
3505 9028 4
3991 11678 9
10484 11651 6
5826 7694 5
5482 6577 3
8298 9757 2
3142 8071 1
271 3800 6
5695 11632 7
2280 11329 4
5845 11728 3
1018 12465 1
4661 6373 1
7786 10983 2
3448 10225 8
4444 12421 1
1714 3472 9
5483 11933 10
6569 6635 9
2505 3023 8
2341 9479 1
3199 7613 4
1977 3607 4
7603 11243 4
4446 10263 7
1911 10525 1
3404 6650 4
1525 12368 3
5806 6972 7
4442 5935 10
8194 10847 4
7193 11108 7
2474 5018 8
728 2811 7
504 8567 7
515 10690 5
4671 11479 9
1363 10138 6
10616 12370 1
6590 12602 10
1588 12856 3
4323 10463 3
11756 12313 1
9929 11350 8
8991 11086 7
6451 12898 10
4249 9281 4
8779 11992 10
3289 9658 2
2687 4267 1
3149 5314 6
2478 10191 10
1055 3541 6
5840 8444 8
5106 5808 9
319 4876 10
7545 10844 10
6926 12046 10
564 6506 1
975 7675 5
2043 5900 4
5902 6099 9
441 5837 10
2919 8482 9
4094 12572 3
3188 4596 5
30 11888 7
1829 12284 10
7658 10450 6
8901 10294 5
8251 12728 10
581 5475 7
7672 8028 5
9414 10972 2
6440 10142 3
1808 7215 8
321 754 6
638 4303 9
2412 12261 1
6302 12282 1
3009 7581 9
1133 5570 7
7265 8126 7
461 4447 2
2603 8826 7
3638 7438 2
338 7883 9
992 3961 6
3697 7439 4
657 4494 5
4263 7695 1
11965 12556 4
8858 11519 5
5152 6807 3
3703 10194 2
1788 2909 10
4458 12632 7
2304 4932 9
4816 12560 8
8734 9124 6
2488 7806 8
1716 6851 1
2659 5206 10
858 4931 9
7117 7398 5
7981 12869 3
3969 5546 3
8797 10354 6
3301 11398 8
4327 10751 5
1276 4488 10
2535 12753 9
565 1005 2
7594 12553 2
7219 11366 8
434 5756 5
7766 11214 1
6825 12958 5
8254 11434 9
5577 12119 1
246 10159 4
1903 7321 8
6146 10582 7
4406 5418 2
5257 7681 1
2837 3281 6
178 10785 4
8008 8319 10
1330 4645 4
8549 12319 5
7752 11598 8
3356 6619 7
5497 8235 10
524 2861 7
1264 3944 9
4353 10838 1
2397 5578 10
3437 9535 9
10528 12289 1
190 11844 9
6808 12288 2
10651 12373 7
4219 10278 4
381 602 2
5186 5283 1
7359 11359 2
1978 6476 10
133 2690 3
3311 7821 1
11251 11512 7
3913 8470 10
4140 6211 6
2237 9181 6
12290 12700 5
359 8758 1
3922 8026 7
4694 10812 6
7833 12050 5
202 4715 4
2421 8084 10
3926 9733 7
4521 9714 8
6715 10735 2
3476 12198 2
1737 8886 9
6266 9127 3
1426 1832 3
6054 11539 2
414 3877 9
6378 11599 1
2073 2374 9
1311 11430 5
4884 9228 8
1871 4873 2
8126 10434 4
1918 8972 10
10290 11711 4
5475 7313 4
4288 12964 7
6868 7247 1
7018 10553 7
157 3362 2
5152 10068 8
1196 5491 9
4412 9910 8
7441 10274 9
723 1431 9
1042 1568 8
4110 8399 10
8483 9109 4
8431 12114 3
5564 9222 3
1676 7327 6
7180 12445 2
4641 11664 5
3856 6046 6
1256 1547 5
3269 11405 9
5297 5427 7
1065 11220 2
8455 8649 8
5698 12565 1
7847 9641 7
1797 4892 2
6332 7087 4
8452 10285 9
4359 7904 10
18 2788 7
3776 12648 1
9039 12992 7
11377 11767 8
1404 2185 9
2696 7610 7
1569 11092 5
9569 11432 3
1342 4439 8
5372 9388 4
3924 3996 6
8500 11310 5
3364 7570 6
1438 3494 4
217 7728 5
303 6117 5
2843 4585 3
2222 12263 7
639 1763 6
11564 12127 9
6534 7066 1
376 2906 5
7812 11176 9
8745 10219 8
10816 12130 5
589 6459 9
4701 7148 1
1377 7394 8
6408 7031 5
2148 10549 4
1341 8081 2
5180 9687 8
6342 7412 4
639 3859 2
4584 7633 1
2436 6563 9
5861 6224 3
825 6857 4
1905 7372 9
3839 7400 2
3716 9805 4
1226 11208 10
8892 10971 9
8352 9827 1
5013 6844 9
1731 12266 1
6167 12217 9
1148 7174 8
6742 12772 6
346 5053 10
4546 6030 3
365 8308 2
3363 9858 10
2637 3386 7
1400 3209 1
895 12744 1
9523 12854 2
1288 4239 9
7046 7370 2
1322 2780 2
4847 7461 3
7978 10544 8
2861 6939 1
165 11351 9
3082 12706 8
715 5930 8
3971 7895 1
2150 11768 2
7122 11300 4
2353 12731 6
6571 9632 8
4723 6710 4
3216 4097 5
2378 6346 4
3189 4526 2
19 3823 3
2430 5288 10
891 9761 3
1539 3997 5
4093 12918 5
6499 9996 9
3050 6276 7
7538 9573 9
1399 10900 9
7140 11540 2
4385 11783 9
2469 5069 9
2211 9417 8
10925 11316 2
950 5721 9
6915 12215 7
1473 9186 1
783 3722 10
10297 11531 4
6605 7831 3
6245 12982 4
6691 6702 5
3403 9598 7
7863 8477 5
8107 10666 1
4609 11151 9
4246 6028 8
4791 12039 4
22 242 5
12 1036 10
6999 9808 9
1190 12395 1
4001 4265 4
77 9511 5
6714 11746 1
9863 10980 3
12146 12345 1
5314 9096 5
5541 6411 2
36 917 10
9474 12092 7
7086 12956 7
1880 12785 9
1761 10210 2
4298 12796 1
1762 4455 1
8019 12667 3
3720 7921 6
3467 12533 8
937 3975 8
9642 11975 5
3633 3980 4
5561 6004 1
1668 7232 6
5418 8801 9
221 508 3
413 1392 4
534 12847 8
995 1133 5
2226 5756 4
9009 10509 8
2060 2594 8
777 11508 5
3059 12108 10
651 10857 9
1730 6796 6
401 687 5
4137 4602 3
1626 4768 6
7448 12776 10
4073 7588 4
5953 6111 3
8220 11479 6
4716 5929 7
4155 4695 5
31 4950 4
1222 6805 3
3947 6128 8
8871 10181 3
3015 3664 3
3318 12153 2
6406 6655 10
10891 11970 3
2310 12787 3
4925 12218 10
8623 10972 6
6023 12384 7
4104 12164 4
3854 9164 9
2820 12793 7
2926 8989 1
678 11564 9
5201 9705 7
1766 12724 7
7987 9304 3
8781 12539 9
2273 12936 8
2437 9191 10
1114 3581 1
1173 3721 4
3966 8355 3
460 5946 8
280 1360 10
828 842 10
9852 10158 7
3807 5653 5
1956 3546 3
3711 6048 1
162 10698 8
442 5320 3
3105 7366 4
3863 7068 9
52 2005 3
1787 7386 5
1838 9095 7
10885 12589 9
8519 10828 8
9156 11617 2
1189 2011 6
1844 12377 3
1306 3274 5
8989 11426 7
11013 12656 4
2044 12551 5
1612 4013 2
1711 2623 7
3981 12233 3
9356 11588 10
2449 11721 9
8951 12531 2
8142 8837 6
987 1534 9
2834 10103 7
2322 2590 8
2446 8357 8
6449 12428 10
7931 12828 8
4053 11501 9
7278 8725 4
11812 12438 10
142 7397 5
4311 7528 10
11211 11532 9
7094 9679 5
5686 7213 8
8669 9716 9
852 8063 8
8514 10173 4
8293 8435 8
8986 9930 7
5169 7026 8
1764 2842 1
8896 11679 6
6914 12956 3
5156 10957 7
699 1016 2
2180 3165 10
3422 11472 9
7236 10824 9
1754 5216 10
101 2322 3
9563 11489 5
23 3014 5
6 3885 5
4372 11989 10
1717 4957 3
3017 4402 4
1454 11728 6
1888 2244 1
3492 4887 9
2879 4789 4
10704 11363 10
6891 6969 7
9114 10540 10
7346 9171 4
3834 9421 5
3176 8205 3
10737 11655 2
4398 7494 10
4062 9159 2
2808 7279 10
126 7012 2
7419 8016 4
5830 7740 2
11062 12979 3
10377 12367 7
4733 9834 9
5707 8605 7
2057 7776 2
2387 6038 7
4900 11138 1
3958 10996 7
2740 11029 6
182 7062 3
4308 5191 6
2181 8994 3
11668 12845 2
1119 6419 7
5648 8693 5
4430 4748 5
8933 9562 5
5433 8296 1
7828 9684 1
966 8497 1
309 4103 2
6161 7551 2
2816 2822 9
7717 9252 7
705 2994 2
3349 5644 7
4371 12368 7
2286 7674 5
914 12793 10
3829 6179 9
119 5442 10
363 2949 10
4598 8027 1
8599 11788 3
5801 9097 10
8521 11531 2
3869 10566 10
2619 11750 5
388 5362 9
4200 11707 6
2363 12940 1
5636 8274 2
6861 11597 5
10107 11671 2
2828 9706 9
6371 8126 6
7154 9433 9
4700 6927 4
3168 5852 3
2452 6102 9
1598 2970 4
2914 12615 6
8032 8419 2
4468 7828 2
2440 12170 9
1121 6839 8
6583 10400 4
7747 8220 4
2928 8457 5
4514 8968 4
2552 11850 7
5386 11410 5
10134 10664 10
12714 12851 5
490 4196 10
1766 5358 6
2817 4226 10
8898 10821 4
6486 12861 10
1127 10881 9
4252 5710 3
162 912 9
3824 7055 1
9468 11808 6
10637 11284 9
6257 9528 3
2434 2874 6
4650 11800 7
8678 10465 5
1385 7018 6
2702 6065 1
1972 5496 1
6992 9242 10
7846 12562 4
4391 7965 8
5510 6562 8
263 7851 9
3180 10303 5
859 8089 2
1388 11872 7
5611 10871 5
5168 9806 4
7437 9543 4
10921 11263 6
3984 5056 3
587 7493 4
4686 7309 6
3493 9051 7
2683 9781 2
678 10032 2
9625 10490 5
6362 6414 9
7158 7367 6
7790 10484 2
2134 4435 2
4827 7723 10
9638 9768 7
5989 12895 6
1546 4990 6
124 9017 3
945 5419 8
5522 6665 6
6565 7976 1
3059 4684 2
5324 11496 5
3129 10068 9
5663 6247 10
1962 9871 4
1616 6451 9
2599 12708 2
2110 11288 9
6619 12888 10
2291 5115 6
1344 7651 5
5191 9926 3
5016 10127 3
944 6599 8
716 7941 10
2958 5893 9
6349 10529 10
1865 2613 3
584 9631 10
7907 11066 8
1140 7637 5
3185 3430 8
9197 10909 1
5313 12252 4
7075 9877 9
8610 10999 2
3100 8128 10
4780 8547 5
3242 4846 10
1710 9770 6
770 815 2
7050 9329 4
2529 6548 6
63 1459 2
2381 10097 9
769 12682 8
2276 8528 8
10953 12683 5
533 3026 9
2701 5097 3
8118 9090 1
1386 11574 9
8676 9928 4
5987 7227 6
1734 5244 10
4326 8924 3
542 2643 1
3837 12517 2
2801 2862 1
6699 10630 7
9036 9048 6
7808 11520 2
5085 7882 4
876 1742 4
11369 11598 4
3543 11275 6
6407 12054 7
3795 5555 1
1779 5578 5
570 9084 8
2801 11170 4
8 11421 3
4636 5086 8
4014 5269 9
8122 10015 2
2644 7632 6
216 2915 6
728 5928 8
1847 3984 6
5792 8597 2
6291 7958 3
10619 11286 6
6113 7462 6
11 2710 6
228 9083 6
609 11606 2
6456 7194 7
1158 6293 10
9661 9677 5
4165 9729 8
9037 9095 9
10069 11235 10
3150 3696 10
663 4501 7
7334 11913 7
8392 10365 7
168 11653 3
785 12281 9
2095 9376 9
5450 8410 3
433 6089 3
2277 11422 6
6732 8194 10
8073 10483 4
538 1681 3
328 419 6
5042 12501 3
7102 12812 3
8646 9519 5
8976 10470 2
4332 10138 5
1586 5358 1
6634 7088 9
203 7891 2
11840 12131 4
6412 11185 5
941 7870 1
5938 6816 10
4902 7023 4
2405 4559 9
3820 8153 3
259 696 9
11370 11653 1
1329 4775 7
11369 11766 8
3700 9911 1
8060 11165 2
2968 12363 5
2139 11727 7
7154 11052 7
1198 1845 1
6236 12634 3
1862 7503 1
1893 4837 8
2242 12584 1
5508 8417 9
1898 10833 5
8383 9186 7
8202 9700 7
6833 8279 3
4976 11378 3
1027 9637 10
3088 7593 9
2920 5265 6
7966 12330 3
5726 12943 10
5927 7277 8
2621 5921 1
1493 12597 5
4762 11519 4
8354 12051 3
1307 3854 8
3274 5291 10
432 4681 10
7112 12770 6
4355 9399 5
543 9382 10
9209 11550 4
3098 10914 7
10143 12569 6
4410 5394 2
10675 12722 2
6017 11609 3
3038 4583 9
2047 7471 10
1647 7182 5
3644 12970 7
3166 4371 10
8145 10796 9
6727 12194 9
4316 5325 8
2551 11513 4
6285 10890 2
8055 9999 3
2013 6140 10
4972 11449 9
1895 12426 5
2251 12085 3
677 7937 2
96 12316 4
1444 6024 5
220 2379 2
2178 10227 8
6276 7875 9
2615 12946 6
231 12805 10
1058 4060 3
8659 9355 6
5929 9517 4
8529 10286 3
3628 8020 3
10118 10461 2
4288 12122 3
2391 10814 1
1543 12685 6
869 7012 4
3972 10633 10
4640 12809 4
1614 10540 8
4144 6568 1
10741 12375 2
509 11931 3
1339 4991 6
4188 11087 3
1344 2980 5
3955 11071 1
2323 6233 9
6638 9449 9
537 2142 1
1500 7208 9
7022 7049 6
1372 5970 1
4067 8505 1
6757 7216 1
2885 6433 10
2678 3421 9
5121 12690 8
3482 7303 3
9256 10189 1
5213 6274 10
1878 5272 1
4033 10327 7
3434 5721 6
3717 8212 4
4283 10402 3
924 12590 4
4433 9807 9
5075 10149 10
2782 8761 3
208 11527 7
2178 2654 3
761 11080 10
2081 8306 6
10782 12885 1
1380 5504 2
4982 7387 9
480 8373 10
11121 12204 7
4015 12740 5
10189 11046 3
1553 2868 5
281 10200 3
3691 3754 3
1474 7853 3
4899 12486 8
4430 11909 10
9773 11957 3
2259 6218 2
6978 11882 4
145 4182 3
4363 9168 7
2811 6359 8
4381 12224 8
12017 12750 2
9434 10160 9
8253 8741 3
521 8062 6
3991 11704 2
2106 7277 1
5251 9208 9
4987 7845 6
9870 12730 9
7513 9062 5
4329 5569 5
2294 7263 3
292 1550 1
8155 10861 3
7830 9639 8
6965 7096 1
6736 11391 8
2998 10268 4
11567 11993 9
1428 6318 7
977 1473 3
945 2219 3
475 2056 10
3353 4329 5
9405 10639 1
1647 4534 2
5321 6068 2
5753 10895 2
2532 10305 10
4967 5299 1
2708 11335 8
3535 5319 3
909 3250 8
2415 12263 9
720 1434 7
10208 11547 10
1940 5635 10
893 1752 2
8681 10852 2
5025 5516 10
4038 9709 6
2821 3265 2
8679 8715 5
2705 12205 10
7938 11560 4
6008 11856 7
12676 12813 3
277 840 8
721 5057 10
1478 12463 2
9595 12492 7
6327 9954 1
4893 6175 5
2555 6906 3
348 8949 10
2531 11427 7
2417 6003 6
7839 9408 3
10551 12670 4
4142 12321 2
9540 12748 9
4691 6432 8
3825 4890 5
2883 8741 4
3479 11939 2
5762 9950 6
7615 11703 3
850 4945 3
1068 7542 9
576 4448 2
8808 12662 2
5768 11063 5
10773 12041 3
7291 9941 4
4205 10386 5
5236 6077 2
1104 4428 1
2045 11165 9
1422 8171 4
8039 11399 3
4844 8959 7
6559 6845 8
5285 5547 4
7043 7794 8
4306 9976 6
11264 12996 10
1853 12607 1
3327 3950 5
3092 4907 10
2462 6162 6
544 8981 5
4864 5048 8
4104 4936 1
3942 10291 10
212 12809 6
3972 6196 4
5730 10126 5
7573 12239 4
8225 12499 8
10522 11352 6
10016 10325 8
320 1861 1
7458 9531 9
792 9153 2
9899 12393 10
7095 11038 4
12322 12353 3
1866 12476 3
7961 12471 10
8209 9847 4
9061 11887 5
1081 5998 6
959 2464 6
6751 10538 5
3336 4419 1
528 3669 1
2109 6888 1
5553 10022 10
4004 9384 4
6917 12122 2
1847 10410 9
2287 8466 1
10795 12684 5
9432 12927 4
5962 6921 10
1363 12647 3
4620 6823 2
6075 10152 8
5492 9364 3
1548 3915 10
999 5511 4
8252 11090 10
3905 11742 4
7699 9707 6
836 12414 5
1926 9722 9
3686 12894 7
6039 11276 9
8861 10521 5
9385 10817 1
2961 3427 1
6530 7354 8
223 7661 2
2651 5228 8
4381 7113 3
2018 5621 3
7133 7537 4
757 4236 8
11089 12060 9
139 5989 3
3698 6289 8
843 1015 10
5252 11962 2
849 12241 2
8687 10568 5
1439 12080 3
11394 12754 9
3133 4827 8
12490 12982 2
3163 4289 4
3159 11134 4
5686 12571 6
4777 8952 1
8666 10642 9
6956 10248 10
6794 10511 10
3532 4172 1
2689 7595 8
3606 8881 6
9574 12899 1
11503 11521 10
8081 10242 3
5023 6132 7
5694 10459 7
302 7286 3
344 11427 3
3758 5486 4
998 2885 5
6144 8167 3
751 11762 5
3276 12839 10
2589 12980 2
6251 12423 3
4118 9491 4
1791 5816 4
3281 11969 9
1810 2086 5
9787 10132 5
6346 7918 9
2034 9704 10
3358 3570 1
1703 5888 2
7001 10523 7
10825 11497 6
127 6235 1
2902 11249 8
2318 11022 10
5146 10589 1
2614 2889 10
7078 12025 6
2734 6494 1
6813 7571 10
198 12588 2
164 9215 9
8957 12996 5
1982 2350 8
2261 4986 6
2731 9729 7
5098 8783 5
1369 12138 9
1207 11837 5
4641 10930 1
548 6587 8
2664 3886 8
2957 4066 6
1309 7860 3
3322 9086 3
2508 12503 5
248 4261 3
4926 7689 6
4824 12699 10
2612 7795 1
7619 8268 4
2908 3890 3
1079 1111 1
12698 12804 8
74 6990 5
3045 6742 2
1994 6684 6
10530 12524 10
10385 11056 2
7105 8361 6
504 6189 6
1561 8489 7
2497 6159 4
6312 11867 1
25 7330 10
8218 10934 5
6499 10498 8
4870 12952 7
2459 5278 8
1945 3248 3
353 2931 3
2432 2627 1
2059 4131 3
4562 6707 3
2090 7990 6
7910 9230 1
8943 10251 5
1248 13000 6
7705 7884 10
2676 3555 7
6032 12299 2
11421 12176 5
6122 10893 5
4572 11221 2
11985 12630 10
5984 12688 8
10083 11498 6
9835 12210 1
2878 5683 3
5792 12295 5
1826 8735 1
4629 9998 4
3193 11437 8
3677 9290 1
6402 12938 9
188 12532 9
2874 4557 3
10035 11963 6
921 10230 7
10552 11353 10
111 7670 3
5274 5650 2
866 2556 9
6006 11333 1
1507 2116 6
608 3948 1
1858 9768 5
6969 11241 10
4818 11119 1
1384 2848 3
10511 11591 5
5097 8292 5
996 2413 10
3732 12325 5
1052 3980 2
5699 10669 1
6708 9158 9
6056 10137 8
2464 7558 10
2852 4390 7
7290 12772 5
2387 4389 6
7147 12161 8
814 3714 6
791 12457 9
27 6254 2
8896 10992 7
7083 12527 3
5576 6475 5
1508 3769 5
9951 10583 3
1709 7735 10
10415 12010 3
2674 3316 3
4252 12274 5
4268 9044 1
8136 11160 2
6991 8585 3
11152 12913 9
6810 8956 3
3974 9337 2
5436 7619 4
7030 9598 8
4682 9689 8
1388 6639 10
431 8104 6
1039 8395 8
5699 11268 6
1776 6236 2
400 406 7
4948 7290 4
1100 9940 6
1285 4099 7
5438 11891 3
2230 5379 4
5670 7281 7
2823 12329 6
5984 7721 2
8000 11334 2
2121 4900 5
2093 4008 7
2714 5036 8
2228 6002 1
500 10515 8
1347 5156 6
203 11994 1
6407 6450 10
5416 8940 4
1430 3984 5
855 4030 2
7077 7836 9
4957 10577 10
7635 9772 8
258 12226 1
11022 11168 9
6716 9564 5
3090 11261 6
305 438 10
530 9537 2
3846 4186 6
231 4551 7
4579 10314 1
2719 6258 5
8340 10190 1
1635 5057 2
2366 8390 4
10545 12300 1
1061 1807 10
1230 11253 9
508 4515 10
9721 11733 5
4803 11663 4
5867 11053 5
7380 7576 1
4815 9493 2
6335 9238 3
7190 7970 7
695 12793 4
4948 5059 3
9197 11589 1
638 9832 6
1221 11926 8
2400 3829 5
4340 7874 10
10259 10638 7
8161 11625 10
2321 8794 10
6852 8923 2
184 5456 10
1408 8830 1
5000 7266 4
6492 11439 9
2807 12002 3
2375 4132 3
2997 6397 5
1348 7526 9
639 9085 2
7076 8490 1
2662 3086 10
3531 9196 1
8224 11571 8
1125 6342 7
376 773 8
7261 11611 3
3102 3496 5
4235 4395 3
853 8834 10
8971 9490 7
10376 11386 1
4998 6803 8
821 12431 8
4894 10085 4
9824 10931 7
10095 10601 5
8482 10421 3
5456 10058 8
194 9363 4
1168 10710 7
6277 8717 5
801 11822 7
3393 10527 10
3113 5842 10
662 2400 4
8769 12799 8
2516 7680 9
11502 12502 8
1421 11186 4
4498 5646 8
1016 3156 3
3629 4664 5
3850 8688 3
4898 12987 4
8927 12829 2
6490 12338 1
6505 10028 5
2296 7957 8
1779 2663 2
5752 11905 4
4116 12544 8
6064 9577 2
6411 11830 4
3371 8839 1
6637 7607 9
5979 11416 6
3196 7628 4
5688 12427 4
4651 5031 7
1054 9329 9
8674 12495 6
2144 11753 2
3762 4491 10
2639 10563 1
4036 6877 4
1927 2906 4
10001 11225 5
831 11366 8
8529 12622 4
9777 10743 10
9673 12634 6
4924 10932 1
1571 2748 10
2514 11127 10
1847 4138 2
1666 4676 7
8365 9426 2
7606 9797 4
2779 11444 8
2883 3357 5
6138 6760 1
2764 12967 7
905 1996 10
3003 4606 6
7596 10752 2
2801 5220 6
7506 12165 1
1093 11262 7
14 11100 8
1177 3162 7
3540 7105 9
9710 11992 8
4419 10372 1
3426 6152 10
1544 5153 2
9748 12341 9
5101 9839 3
3395 11404 3
10267 10408 6
1869 5257 9
2803 6234 3
455 8611 1
851 3998 10
9545 11630 3
2791 9165 2
1128 3475 10
4284 8400 8
1713 12117 10
3949 10239 5
9202 10371 7
5571 12376 7
2042 7846 9
2471 8012 4
6371 12045 1
793 12277 4
2734 3466 6
10673 10962 10
1793 2524 4
4061 10811 7
4703 6772 9
2934 9686 2
9163 12698 1
3890 6281 5
7991 8969 4
2271 2832 5
3746 11588 3
2096 3252 1
1540 12753 2
5962 8042 1
5033 10489 5
9179 9531 5
1135 11140 7
768 1931 5
7531 8639 8
2005 4208 7
334 12201 8
5306 6749 9
9866 12712 2
806 8510 4
4368 11366 3
2040 11637 3
3220 5878 1
670 10312 8
576 2813 6
52 1975 2
3787 9412 6
5486 7561 10
7209 7245 9
10155 12042 4
153 9611 7
214 10419 9
7348 9892 5
1831 4970 5
7252 9435 9
2008 8999 2
1773 3641 1
4182 10460 9
3983 4757 4
4647 12463 5
187 7800 6
3461 10345 7
1952 10357 7
2396 3703 6
4532 8206 5
4297 7132 1
3783 12262 3
615 12919 7
522 1210 2
2056 7669 9
6057 8284 1
781 10203 8
455 1202 7
5004 6495 4
1701 3593 4
629 1297 8
94 7013 3
126 1705 5
4241 5652 6
765 3492 6
812 4808 7
7835 11224 10
4774 7903 5
4511 8625 1
2753 6561 4
640 11952 8
7047 9834 2
8431 11077 8
12229 12418 2
7609 12183 4
5370 11688 5
1483 3585 7
347 5184 9
997 6439 5
3590 8311 8
875 5950 8
7509 8912 8
5160 6338 7
6958 8502 1
7608 11907 5
3043 5119 3
3645 3888 1
1283 8887 9
1647 6093 8
2661 9823 10
2037 6748 6
2795 8967 6
6303 10096 6
2795 7059 3
2006 2134 1
7717 7922 7
3299 5881 6
1144 2012 3
3081 9792 6
9751 11701 3
2004 2606 8
9901 9959 4
7856 11850 4
629 6876 5
1558 3141 2
3595 5887 8
2737 6463 10
4773 10639 10
9321 11545 4
1822 2773 9
4762 11638 9
626 10453 8
1903 5356 9
4770 10151 6
451 7638 2
3457 11531 7
6145 12327 8
2009 4706 4
8686 9845 6
6699 8272 3
171 2831 9
2696 11956 4
166 2667 2
4152 8220 8
4666 10050 10
9743 9753 4
8146 8154 3
3897 5420 6
5515 11184 3
5652 8668 5
4928 8301 2
1431 12951 10
9311 9874 3
6282 6688 9
2119 10403 2
3325 8830 7
10202 10477 5
4019 4920 1
515 10622 1
2835 10922 1
786 3444 10
2739 11121 7
1667 10381 3
5981 11230 3
7697 9575 4
1900 12695 9
4233 10981 4
2661 9949 10
6521 9702 10
1892 11182 4
3858 7158 8
627 4705 5
4271 11774 10
6877 8029 6
4301 12310 9
5182 6426 3
5107 7824 2
2970 7414 8
3106 3350 10
5403 10096 10
5641 7876 1
10111 10611 5
2520 9736 10
7998 8564 6
3896 6938 8
6853 7812 6
8455 12594 6
4340 9515 3
6021 12431 5
7945 11726 5
1504 7646 10
5820 6956 10
7905 7948 10
3616 9586 6
6645 11955 3
2954 3627 4
8787 10753 10
4680 12213 4
2054 11113 1
230 2711 1
6570 8232 7
1323 5700 9
1609 9545 1
3096 10846 1
6205 6597 5
967 2675 1
3364 11487 7
5093 9532 5
3585 7621 7
2794 11282 6
6394 11090 2
836 8098 1
1424 6989 10
2732 4010 9
679 6695 1
2315 11732 6
1629 4436 7
4418 5786 6
2379 5195 7
3335 11530 1
5055 7590 2
6081 6255 5
7528 12202 8
4933 9962 9
7037 12864 4
2131 2939 8
3784 3815 1
4943 11573 6
7703 10992 9
478 638 10
3241 4435 10
6556 8230 9
3694 6547 7
2641 6873 4
6080 8393 9
1148 6014 9
6156 9106 10
4741 10254 3
175 11380 5
2406 11093 10
5099 12497 5
1247 3058 9
1669 5860 7
6795 11507 10
707 8577 7
4783 4946 1
3434 11982 5
5705 8250 8
2758 9364 5
4589 12880 1
2631 4860 5
1581 11081 9
2361 3589 3
5136 9492 5
4349 11401 7
3551 4314 5
1391 7395 6
148 10567 9
2978 5905 10
4619 7578 1
7398 9692 1
2050 2532 7
8136 12019 2
1720 11264 1
4717 9501 5
1660 2215 2
2544 5166 5
4790 6586 7
3285 5005 5
7099 8213 6
2475 7392 6
1006 1842 7
9204 11369 7
331 7955 3
861 7685 8
6943 9595 8
7740 7793 1
5580 8786 7
3471 10822 3
442 6192 6
1346 9663 5
6059 9830 9
11978 12308 2
4520 12144 2
3884 12044 10
7618 11125 7
5139 5587 9
7159 8838 6
8216 12817 1
8667 10399 10
4638 10360 10
2698 3895 4
2269 9312 7
3727 11963 1
60 10331 3
3949 10472 7
4065 11634 6
3569 7141 7
786 3379 6
9249 9527 5
317 3986 4
4519 9912 9
2472 9896 4
2087 12138 5
7156 8617 10
8168 9976 4
5013 12292 4
3937 10689 3
205 3007 8
4513 12258 4
774 5469 4
698 11043 1
1072 10464 1
1931 10067 7
9916 11194 9
558 4684 1
6321 11492 9
2068 7425 9
3896 12800 5
8483 12037 8
1688 7288 4
8529 10116 4
3240 8828 10
3873 4992 7
1034 5441 6
3939 5351 3
2167 7021 3
3805 11515 5
5008 11576 10
10635 11918 3
6862 8592 3
8993 12632 6
4848 6449 5
5463 7140 1
4041 6405 1
10754 11397 4
4973 8510 2
1065 11910 1
2279 4471 7
3853 7601 1
2389 6773 9
267 4490 8
2991 12978 2
4756 7628 4
2532 7456 5
3195 4357 4
622 4110 7
4864 5147 8
290 9091 4
3750 6083 3
752 9283 10
10006 12398 2
4566 9672 9
7423 8880 5
3234 12084 5
1909 6279 4
3403 12686 10
4574 6169 2
2513 11393 9
5169 5624 8
5976 8504 8
12585 12975 5
2636 9800 10
5112 9728 4
385 9764 2
11480 12163 2
5142 5677 5
539 12430 6
865 10065 7
1859 10491 4
2306 4983 1
2337 11242 9
2411 4335 9
5563 11642 8
12380 12619 5
1537 6735 7
1237 5498 10
7749 10531 4
2893 6521 8
1607 6123 5
1644 9232 9
422 10551 1
6287 12460 2
483 9055 3
9945 10810 10
9593 10690 6
2260 10098 3
2444 3455 6
984 10991 7
5364 6932 6
1499 2694 10
4846 10688 10
10185 10991 9
2726 4872 9
1728 11070 1
6825 7035 1
6261 6608 8
5394 10602 4
36 12803 1
7548 10204 10
8360 8434 8
7866 11860 3
3973 9780 5
7740 12396 9
49 4624 8
3708 11571 4
1208 3138 6
7541 7867 10
1289 12690 3
7141 11780 5
2153 8379 5
6879 11173 7
9478 11326 6
7019 12843 10
1919 7444 5
4434 4670 9
2301 9639 5
325 5809 9
8568 10281 2
964 3911 2
1004 10198 2
5600 6133 1
2574 3438 2
3738 7663 4
3453 8372 7
4139 9082 7
4107 9666 1
6124 7371 8
1319 5991 2
11382 12121 6
1656 10311 10
9370 12040 7
1960 11832 5
7144 9628 10
7963 8765 2
95 11904 1
1154 6416 10
5461 7827 10
1489 5750 4
901 10822 9
4038 9043 4
761 5835 4
2158 11192 6
5345 9791 10
364 4924 4
9643 9681 6
2231 8213 10
3729 7081 9
716 736 4
3335 12336 8
4185 4934 10
978 10699 10
2778 9597 10
2110 12090 10
5734 11442 8
417 7598 5
726 6154 10
5602 7862 5
56 3510 1
10541 11292 6
8573 12183 6
5432 10724 7
3168 4123 10
1652 8237 5
945 5877 2
3356 7342 5
9287 12962 6
4030 5080 9
1398 5673 9
6127 11778 5
380 2098 9
1494 10102 8
8407 12212 7
4806 9217 8
1437 9144 5
3397 6176 1
5621 7264 1
988 5280 6
6731 10173 2
1462 2703 10
10591 12668 9
4656 7453 5
6850 7991 4
5376 5712 6
1530 3828 5
109 7004 10
5857 12789 10
5729 8937 5
4571 9061 2
9235 11758 5
2170 2745 9
4944 10635 9
2220 7868 5
754 6663 5
5481 6461 4
5374 11984 8
5592 8358 3
5924 10872 8
4687 11293 5
2077 2755 9
8619 8907 8
12020 12128 10
1522 7301 3
7773 12888 7
1098 2510 9
3460 3665 1
4294 4563 4
2048 3569 1
11461 12362 6
8308 10197 9
3504 4610 9
9507 9677 10
3623 7547 5
494 5755 6
2338 11337 3
1020 3721 1
1111 12083 3
4060 5157 9
8634 8720 10
8522 10172 2
2774 5458 2
9002 12717 5
3608 11985 5
691 8080 4
3651 5527 5
2275 7967 5
4109 7206 4
4000 8493 3
4539 4785 6
8409 11332 10
1024 11268 10
9778 10547 7
1350 9246 8
5755 12818 8
1001 9116 8
5763 6891 1
2105 10717 9
605 1594 3
3526 7360 1
6109 12287 2
3557 7834 10
554 1959 3
7792 10217 5
3807 12451 5
8140 11398 6
4256 5671 9
4209 10207 1
1432 3305 4
3826 11751 3
10646 12607 5
4384 5648 7
755 4312 7
3965 5896 5
2493 3477 6
2716 3616 6
3475 8691 1
4295 11294 2
8503 12792 3
3579 8536 8
86 2504 3
8700 12826 7
107 4440 4
2790 12580 10
4877 10374 10
1973 2888 3
8520 8984 7
4481 5951 1
7246 10235 4
917 5010 3
6424 11781 1
5198 6852 8
159 5566 6
193 3142 1
57 12043 4
2489 2639 1
835 5142 5
237 8036 8
2385 2590 3
4315 6017 1
3918 12487 1
4740 10720 5
3044 9842 9
6372 11324 8
3481 11998 4
3055 6273 5
1937 12844 2
517 4821 4
4962 8233 10
2551 10767 5
1330 5489 1
11491 12887 10
4656 9057 6
698 11317 5
6292 10863 4
3674 5173 7
5680 11490 2
7476 8879 6
5519 7451 3
3139 8693 9
11293 12365 6
1247 1512 5
1123 12557 10
3681 5133 10
838 8847 6
925 7696 9
8637 12842 9
3848 10974 2
9044 10943 9
7179 7744 6
12203 12711 6
5923 5933 6
1315 6613 10
10799 12422 8
2964 11455 7
5226 12868 8
734 8730 7
8357 11347 9
864 10457 10
8662 10019 4
4943 4993 5
9381 12336 9
4632 8666 6
3370 10857 4
6230 7465 2
8511 10818 7
1217 5544 8
730 8060 9
1591 2242 10
6460 11050 9
3416 5873 2
3205 11771 5
6295 8444 2
534 5290 6
3214 12736 6
5254 7383 3
5022 8384 1
1732 12784 10
1166 11060 6
3315 8851 6
38 5087 10
6097 10722 5
3560 8428 4
2330 8778 6
4419 6957 4
4370 8282 7
7567 8963 2
2177 6723 10
5477 9100 2
6805 9192 6
3585 6395 4
873 10322 7
2500 11812 6
11851 12141 2
5854 6272 3
2348 6699 4
2932 3452 4
2001 2137 9
8005 10222 1
2163 3450 9
2173 7586 9
8343 11247 6
3550 11888 1
8002 8273 5
7951 9384 9
2156 6846 3
3479 9530 9
7302 8576 3
4881 5257 7
2960 5234 7
7430 12259 1
5632 7204 5
8709 9380 10
5193 7546 7
5760 12887 8
3075 3414 7
6140 10276 6
12441 12867 6
898 2006 7
4319 9906 1
711 5643 1
426 789 6
1050 7268 6
4880 10823 1
100 5479 3
2258 5524 8
1079 12758 8
2396 3842 5
6743 6936 10
4990 5977 9
336 6309 7
5642 8054 4
2997 11693 7
2461 6016 1
7151 7682 5
5868 8988 9
1617 3566 3
8277 12514 6
370 10487 4
1117 7785 7
82 2608 4
5220 10373 9
10175 11728 8
12275 12756 4
8572 12891 6
2453 4540 3
10253 11745 5
7724 8126 10
10548 10679 7
231 387 1
1419 2470 6
5769 9349 10
815 2017 8
9534 11983 1
1021 10233 2
699 3789 6
1849 10281 5
7139 7567 8
5323 7338 1
2041 9141 9
1947 2603 1
7230 12692 6
3329 4624 5
278 6406 6
3290 11403 6
4158 7539 4
8558 10738 10
9843 11031 6
8340 10979 10
2336 10572 1
7664 12488 10
4928 12326 2
3736 7161 5
1136 2716 3
3364 12871 5
12293 12434 5
653 9403 5
6085 6707 9
1672 7447 3
3029 5130 7
5086 6361 4
7954 8060 8
2165 6782 3
28 9972 1
6994 12764 8
1851 5322 3
3917 4549 6
652 11047 9
853 11898 2
1300 4405 5
2870 5664 4
4410 7310 5
6920 11131 6
4320 10596 4
324 11217 8
6403 10668 3
7305 9899 4
1933 4906 1
7680 10256 3
9476 9506 6
1920 7826 9
6141 10899 1
3832 9300 9
1601 2511 4
1951 4050 3
5821 6051 9
1741 3974 6
236 3549 7
10241 10940 3
8430 8954 9
4478 11760 9
4724 12863 10
1976 5825 8
1864 2695 3
10 10332 2
6729 12780 7
3701 8432 7
5227 11381 1
3358 12006 4
9332 12752 3
11724 11777 6
2464 12910 7
6809 7118 7
2554 4421 3
983 12210 7
3060 4429 4
2677 5195 2
7451 10955 10
1172 10889 8
2719 6334 1
3723 4177 10
1415 2350 4
7667 10774 5
1799 7042 9
5287 6885 1
7473 9524 8
347 4037 8
6724 7602 7
5980 7335 6
6798 9942 3
3262 7767 10
1256 5520 10
4634 7774 1
7781 10425 5
6050 9489 4
1324 7817 8
5959 6841 7
5984 8626 4
5459 7143 4
435 1657 10
11026 11757 5
3334 3377 10
1028 8210 4
8932 10580 10
2937 12850 6
819 8165 1
7242 8848 4
1949 4845 9
4500 11382 1
865 1613 10
4045 10161 5
1723 9601 2
1000 7537 7
140 6522 7
383 10719 2
1812 4725 7
481 3407 3
4295 9146 2
3743 5517 2
4956 8646 4
2805 10097 3
7927 8849 7
5819 6182 4
5941 10938 1
3778 5415 9
1003 2867 10
169 5988 4
7146 12719 3
1324 11885 8
2814 9188 10
5738 6175 8
3997 9142 4
8609 8776 1
4591 9726 4
138 4862 7
21 3416 1
6399 12644 6
5493 6726 3
2581 9407 6
1294 7764 1
11428 12475 6
3183 8118 9
7199 8777 5
3631 5472 2
4018 4047 2
6241 7662 7
1195 12125 3
531 2325 3
3127 10211 2
1107 11818 2
8989 10071 10
1482 3306 10
10332 12643 6
674 1171 9
5754 12631 2
3013 4072 6
232 12232 10
1108 10598 1
5061 12842 1
67 7379 9
6153 7898 5
10179 11562 4
5639 7256 9
601 6404 2
2403 5594 9
3712 5566 2
4310 5656 1
1567 11615 7
7926 8283 3
916 10761 1
2038 3951 6
3602 12965 2
1409 1608 5
6336 12646 3
8481 8699 3
10378 12905 8
1889 6236 7
8531 12845 4
4752 12479 6
9473 12496 6
7700 12036 2
10926 12776 6
283 9984 10
3907 5747 6
6040 7060 10
2046 11145 10
1252 4130 1
9 4272 1
105 5250 3
6148 8192 9
4007 5105 1
1253 3409 7
1580 3729 7
374 1236 5
1395 9004 3
9397 12821 9
8222 9917 9
6872 9695 4
1758 8718 3
10380 12578 4
2184 4831 9
2611 4582 1
3969 5177 10
1619 9500 5
9278 12580 9
4377 11295 7
4314 10307 6
9967 11551 9
492 10412 2
2752 8530 10
1746 2617 3
4319 8965 3
2853 2983 3
3743 6966 4
2080 4802 8
5843 7912 10
1833 9505 1
8135 11631 5
1726 2790 1
955 12738 8
2508 12757 7
475 9487 8
2213 8631 4
739 7706 7
1402 7446 9
5514 10834 9
938 3851 3
637 7775 9
247 8250 1
811 12501 8
1302 2456 3
1237 5395 1
5385 8973 3
3045 3667 8
266 11640 2
9022 10414 2
7626 9533 1
3524 8633 6
10007 10347 4
10049 12747 1
304 12865 2
2234 10664 4
3898 7863 9
666 6576 4
6108 7943 10
250 7078 10
6012 9619 6
7126 11281 10
1376 8647 1
4939 7882 3
2938 11817 9
2256 9099 3
2027 7134 4
10623 11604 1
147 10027 5
4135 5995 7
4740 11924 3
6330 8759 6
3268 12089 6
3151 8891 2
616 8328 3
10977 12243 6
440 11544 9
134 11675 10
2049 3153 8
102 10423 6
143 744 1
8476 9074 5
6948 12054 8
1881 5329 2
7298 9741 1
3626 9305 5
6933 10077 3
5288 8811 1
2195 8831 3
3073 5371 5
4351 8221 2
5012 10708 5
2623 5982 2
5052 8973 8
1351 7257 3
7410 9276 9
3215 3950 2
3059 12057 2
4671 8935 10
1596 10707 8
1246 2485 9
516 8772 10
2799 9905 7
1589 9021 5
8033 10199 10
2725 6275 10
4607 8123 5
8934 11227 10
1719 11647 7
4590 11438 1
822 4078 8
4865 5067 10
2525 10502 6
1 6554 8
6652 10258 5
764 3628 6
5899 9374 6
1103 3910 7
383 5381 2
2733 4912 6
129 9105 8
2627 7751 1
7903 11804 3
7467 9665 9
2704 3194 2
6345 9088 10
3499 10608 7
1782 12399 10
4745 8097 6
9142 9448 8
1679 11358 7
9344 11069 1
7687 11290 8
4299 9713 7
8090 10382 10
894 11546 3
10790 10915 5
3926 4576 2
489 3455 7
5636 6533 4
2653 2751 7
10159 12206 1
3873 6517 9
485 7203 2
496 7239 9
2120 2615 9
7411 11027 7
11663 12014 8
6331 7605 3
5940 7065 5
3181 5158 3
5429 7660 1
3668 10730 2
11482 11827 1
9393 12176 1
7513 9342 6
1045 3899 9
3469 6058 8
2700 5957 1
888 2702 5
2426 2503 1
10855 12701 5
3202 5496 6
1519 11279 8
839 3571 4
11273 11357 6
284 4410 9
8351 11637 6
3222 7080 1
2353 12675 3
7163 10052 8
3959 5637 5
10178 11389 9
4369 11024 7
1727 6907 8
3200 8309 10
1552 10133 8
4443 9563 4
625 957 1
1448 6844 6
3892 7312 8
11553 12845 7
7599 10945 6
5898 6348 10
7245 8092 1
3443 7679 3
1031 3830 5
6009 6417 5
586 11443 2
9691 12779 7
2921 10090 3
3179 3921 10
9111 11184 5
3855 6448 3
5422 11822 4
2741 7563 5
707 8348 2
1830 5218 9
903 10526 6
882 1793 5
1775 10215 7
1645 9606 9
3924 11454 6
7974 12276 4
4893 11605 4
6488 7719 1
4178 12549 4
9874 11620 5
4046 10832 8
352 8827 6
9265 11865 1
1542 6262 1
3287 12216 7
4047 10486 1
1719 6681 3
714 1529 10
5433 9115 1
7699 11748 7
2492 12614 8
8229 9723 7
6897 9574 3
2793 12655 1
6826 10212 5
4028 5017 1
1088 2932 5
7997 10143 1
4790 6376 1
4192 12814 10
452 10967 5
884 5443 7
3279 12021 5
5882 8315 8
2560 11174 2
2253 2561 5
1966 8199 2
2657 11934 7
259 3808 6
274 9609 5
3747 10589 9
1715 12610 6
8705 11278 4
1011 7638 6
11297 12598 5
7858 11735 6
9402 12066 4
3295 11881 5
7220 12199 2
4049 10455 3
1313 12545 1
774 6593 10
8358 10404 8
5810 5903 6
3203 9347 6
4683 10605 7
2030 11772 1
4173 8071 7
3513 7196 8
681 3989 6
1954 7519 3
4223 9023 2
8485 8936 5
6459 8189 8
1259 6766 9
2612 4048 3
7353 12767 3
2538 12419 10
405 703 4
1784 6828 4
2816 9065 1
5163 5690 4
8931 9789 1
88 3819 4
4204 12905 10
9173 12870 2
3283 6021 6
10084 12001 7
4727 5113 9
2502 10291 6
1277 9585 1
5844 12586 2
1423 4768 6
3415 7649 3
1027 11995 5
7844 10427 1
7629 7897 2
3771 8833 4
1857 4599 4
2014 10481 1
1463 9598 4
6887 12140 2
6952 7738 9
683 12342 7
7463 7769 8
744 3224 5
7417 8580 5
5298 11165 7
1073 6202 10
3255 5328 6
447 1250 3
2034 3785 4
3525 8261 6
8492 8809 5
3910 10080 3
3748 12560 3
2851 7318 2
2357 10391 4
9554 12009 8
6516 9409 6
6657 9589 5
2707 4465 2
620 6462 3
11543 11873 6
2021 9674 10
11027 12071 8
7720 10643 10
6862 11143 2
1884 4487 4
9572 12154 10
8074 9428 4
6962 9690 5
3474 3807 8
3814 10754 6
2575 11585 8
1909 3277 4
7726 12521 5
9079 9269 7
10031 10725 1
4558 10054 1
5878 10206 1
5551 8953 3
1914 6424 6
3516 11472 7
5968 12193 10
3484 11228 2
9292 9348 2
617 9188 9
8197 12227 5
7320 9743 9
3525 12573 2
4344 4393 4
8278 11388 6
2952 5557 4
2039 4084 6
5780 9032 5
2585 5166 3
636 1839 3
803 10130 6
704 11561 5
5847 8243 4
5941 10165 7
396 3359 8
682 10395 3
12157 12355 1
4969 9509 10
4105 6738 6
4743 7758 8
9426 11900 3
6252 6267 4
5902 8740 7
4659 4792 9
347 1436 9
5520 12600 3
825 1916 4
7436 11006 10
1351 3584 3
456 1628 5
2443 9869 8
3746 4025 8
8562 11582 6
4583 6706 1
11024 11570 9
1117 5829 10
7336 10388 5
5304 8092 6
803 885 6
8433 12589 9
318 4829 2
10659 11737 9
6283 12387 5
5593 12077 8
5439 11864 4
3605 6011 2
4001 5779 5
3528 8341 2
3498 11204 7
1934 9904 2
1631 5293 2
9438 10157 9
10174 10255 10
11716 11989 6
6894 12575 10
749 6373 5
3263 6378 8
3080 9169 5
3106 7251 6
5736 11200 4
4077 4441 8
4136 12142 10
6199 8554 6
2324 4001 1
4544 8014 6
3305 9225 3
2032 3177 9
6163 8494 2
9522 11571 9
10282 11568 8
2495 3392 8
9637 10350 1
1516 10413 10
697 2717 9
2264 5871 7
2420 11476 3
572 1806 7
1494 7240 3
7833 10506 7
1820 6870 9
6329 12033 8
11857 12523 3
5555 12526 2
2274 10146 3
10496 11325 4
12362 12929 8
1721 4081 10
3342 12840 1
1649 6227 1
3927 5192 4
6614 6763 1
3270 6750 3
205 7084 10
2771 11314 1
6982 7510 6
7674 9732 5
6395 6785 8
6928 10618 6
4431 10797 10
5879 6721 4
11320 11467 10
4058 10466 5
5361 6528 1
6790 8528 9
11824 12656 5
5566 12024 9
7739 12834 5
775 5202 2
189 7492 1
9742 12491 2
10014 10518 6
5620 11357 4
3296 3954 6
2951 8812 2
4649 9986 8
3278 8387 8
2683 2913 6
3256 9041 3
4561 5844 8
74 2179 1
5181 12309 3
1062 6887 6
3749 7990 9
8163 8305 3
6380 12923 10
1751 10345 8
8615 11673 8
5072 8800 2
3347 11149 7
4029 10674 2
8086 11847 7
2781 5661 5
854 2140 10
2865 6575 2
2341 5876 7
6531 7565 7
2514 5270 6
8199 10429 9
841 1257 2
6467 11068 6
1292 1706 5
6700 12168 1
11137 12653 9
3950 6628 9
507 12991 6
3593 5140 8
3568 8910 8
1056 10805 3
3625 7100 1
1433 8347 9
2984 12250 7
10277 11961 7
8334 12350 8
4655 7378 8
1308 11079 9
9112 9150 7
3291 8172 7
1842 9154 6
2191 10060 5
11045 11517 1
2066 12037 10
6135 7502 5
5921 10840 7
4274 9115 4
868 5204 9
6614 9130 8
4527 5420 9
5488 8849 3
1165 8170 5
163 12346 6
12382 12643 8
4010 5428 5
6778 8497 6
1685 2787 10
9018 11936 2
5858 6052 5
9750 11650 9
4330 5131 2
3733 6372 4
3178 10747 5
3610 10952 9
7345 12605 10
567 9413 1
8222 9006 4
630 3957 10
459 1717 7
2566 8195 10
560 11498 6
233 8235 4
3767 8589 3
12416 12679 2
1340 11012 1
700 2275 9
2115 7466 4
1162 9762 2
2972 4248 1
7 1238 10
149 9716 7
8040 12930 4
3827 6188 1
2713 7256 4
10309 11375 1
5009 10080 3
2971 9332 1
1569 1896 8
4269 10741 7
3826 3916 3
9123 10070 7
1615 1725 7
4388 8439 5
1212 4933 2
8467 10211 10
172 11385 8
880 6623 1
498 7914 4
2834 4211 4
2506 4937 2
3316 6869 5
3744 6815 10
264 11450 8
7746 12070 7
8100 12955 1
4817 11680 5
5114 5917 10
5723 5803 2
4928 8762 5
5911 7358 2
7321 7854 6
2947 8371 10
1602 2162 3
2098 11715 6
7041 8729 7
4613 5650 2
2800 11292 10
2379 3930 6
3649 5422 7
10975 12808 1
8268 12906 5
5188 6724 2
11399 12482 1
12104 12339 7
4305 8219 2
4975 11556 5
1147 1440 9
9661 12581 7
7660 8375 9
1930 3765 9
7045 11643 9
5207 7777 8
4545 10314 2
4158 12596 1
1102 2331 5
6959 9629 7
458 3349 5
1020 5271 8
4537 7538 10
2729 7534 4
2432 3831 9
52 11256 10
207 11761 10
7133 11623 1
141 11391 8
932 5528 7
1031 10750 6
5531 8711 4
4213 8280 3
6675 11582 10
4333 8121 4
4325 11789 10
4162 11573 8
5396 10826 1
2669 4161 7
4475 8049 5
4027 8847 9
378 11839 3
1266 9891 7
484 5530 3
7404 8610 8
594 8544 3
5238 7599 8
3157 4896 4
4216 4628 10
4891 6529 1
512 10561 2
218 10885 2
9786 11266 4
5891 6038 4
7502 11601 9
12185 12520 10
10696 12170 9
4587 7484 2
3218 12366 4
8747 12555 8
546 11240 7
8066 8106 5
4668 6165 6
6356 9528 10
5873 6364 7
3812 5691 3
2783 3618 10
843 10439 6
6944 8550 1
7188 7222 4
10501 12515 10
5825 9200 9
534 2192 1
2191 8046 2
9266 9539 10
5780 12149 8
4636 7656 2
10937 11325 4
6259 8248 6
4456 5351 4
6446 12055 10
842 10428 9
3025 4978 9
446 10673 7
5161 12623 10
10609 10612 2
6924 9219 8
2877 7616 4
5626 11921 4
4915 10781 2
3586 11607 6
5812 10500 6
4026 12169 9
5044 9561 5
1863 10941 10
4101 4358 10
2576 3361 3
9336 12691 3
1007 7000 2
10396 11882 1
1511 12896 7
8228 10041 2
265 506 7
645 6229 9
2161 10241 2
2756 4753 3
623 8098 8
7314 8297 5
146 2088 10
9952 11229 2
3793 4793 1
1848 5205 8
2413 4749 3
4425 8659 6
1475 4639 5
6315 7732 2
2660 10673 3
2309 5440 5
6949 7314 4
1179 2982 2
11760 12344 1
1498 5813 2
5823 8300 8
6222 6636 9
910 4772 10
5909 10851 4
188 1411 7
301 3804 10
7804 11677 7
5621 9875 7
2947 3588 4
7446 12860 5
5245 12300 2
5908 11123 7
3175 9014 6
5116 11932 1
5370 12693 6
3903 10636 1
1936 12645 10
9994 10609 6
1901 11706 7
9881 10555 4
8388 9365 5
1894 7287 4
343 3523 9
10771 11230 8
3979 8448 1
113 6095 7
2103 4849 8
10040 10786 6
1170 5950 1
3579 10715 9
8243 9556 7
6988 9198 6
4648 12297 9
1814 9627 9
3597 8816 3
402 8770 8
3239 5518 9
2647 3660 4
1115 2377 9
6146 10912 10
513 8614 6
3860 12512 5
4145 11136 6
3849 4650 4
5624 12518 3
4181 9167 5
4761 5992 10
1758 2414 8
2610 3372 10
10478 11713 9
1023 11958 5
2398 5943 1
1876 12241 5
2154 3256 5
379 8636 3
2204 3629 10
8590 10760 10
6669 8467 5
7677 12745 6
9910 11919 4
10840 12236 2
1406 6428 2
603 10514 1
6820 7273 2
7165 7982 8
246 1974 5
3433 8846 8
4366 12027 4
9703 11631 4
8785 11312 2
3294 3398 6
2074 4264 8
3864 6141 1
3235 8789 9
217 11039 9
7464 9736 4
3468 7652 5
810 12016 4
6960 8061 7
5855 7604 7
10092 10911 8
549 4881 1
2482 5483 2
1910 12606 9
2269 8722 8
6270 11091 6
9513 11941 10
2730 6770 5
7628 9170 9
4642 7416 9
6926 11814 7
2963 8515 10
8402 12680 1
2483 2633 3
6052 9621 9
5670 6624 7
3653 6452 8
5465 8606 7
10910 11002 1
6115 10830 4
2480 11339 5
690 12135 9
1109 11106 1
9457 10607 1
2296 4713 8
6776 8063 4
7564 10468 10
6243 10088 9
1639 12536 9
7051 11061 10
11368 12355 3
2722 10664 10
3738 10105 2
556 11555 3
5745 7823 3
1801 4707 8
2332 5795 10
2402 4853 7
2447 11755 6
9359 11709 5
5171 12030 9
292 8754 6
2422 9173 3
3609 5550 2
4410 5494 6
8770 12429 10
1454 9110 7
7053 9166 2
5473 12274 4
4524 8950 7
3071 7248 6
1825 7372 2
7754 11749 2
1913 8180 9
9296 12364 6
60 3298 4
3293 9555 2
22 1563 5
5680 12985 8
2115 9314 9
1756 11689 3
9933 10298 10
4395 12998 1
3528 8970 5
1599 1646 8
6398 11946 9
8241 8352 4
4597 12746 9
4009 7122 6
3710 8844 8
2624 5143 9
9011 9544 8
6042 9978 5
6280 12501 8
1229 8271 7
1936 3900 3
1061 6745 9
131 6878 10
1364 8037 4
7159 7401 7
5215 6353 5
740 8174 7
2685 5697 9
1559 11075 8
2218 12594 7
6264 10326 4
1747 12726 5
6295 12710 6
744 4730 9
7811 10123 9
142 867 2
3755 11623 3
1228 10121 1
7848 7892 10
2792 3142 7
9374 11895 9
106 11101 4
4718 9853 1
222 9270 9
1618 4754 7
4439 10492 6
1192 9620 8
10641 11319 3
249 3899 8
9748 10640 1
5154 11459 3
5985 6021 10
2061 9768 7
3916 9921 4
10726 11187 4
3706 10344 6
3556 8289 4
1442 4977 10
4415 4996 5
2467 5453 2
2128 3138 8
4904 5218 10
774 2487 5
3071 4179 3
10336 12548 9
8565 11341 5
6305 10048 5
8974 10671 10
468 3846 7
1131 8419 4
1528 9816 10
6194 8394 5
10516 10700 9
3786 6487 7
10723 11209 8
655 12255 6
3502 9827 2
4911 5316 4
240 4051 3
9466 11478 5
5385 11787 8
7244 8992 1
8780 11222 1
166 8473 2
3644 6198 2
312 6830 7
1486 4208 8
7947 9529 4
6191 12237 10
790 12899 9
1902 12957 7
688 2899 10
10735 12669 2
253 1717 1
9626 10383 3
672 5565 1
2597 8089 6
10713 12286 8
7897 10649 10
1642 2212 4
6564 8918 7
5715 11099 6
3249 11665 8
4388 6208 2
4882 5509 4
5727 9953 5
800 9027 5
404 10408 5
10391 12238 2
11725 12136 7
1704 12971 6
3977 9168 10
2875 8806 3
8939 9788 8
6355 12001 1
4509 11685 5
2659 9859 1
585 4852 1
2929 10634 8
9699 11912 1
4365 11878 1
268 6264 4
583 5357 8
9083 9599 1
6053 9553 5
1255 3582 2
5952 12867 10
5543 8172 5
8153 8285 7
4666 9098 3
2515 7296 3
354 12473 1
2166 7036 5
11203 12905 8
1220 10964 8
4176 11813 1
6205 8612 2
10222 12705 9
6864 11009 4
472 4375 8
296 3462 8
8768 12438 4
2549 6076 4
3511 12652 6
1245 8664 7
3833 10053 7
3522 6214 6
2056 2123 4
2390 6703 9
837 7763 10
1760 2020 1
6852 12132 5
9983 10839 4
6666 9177 4
1320 4338 2
182 12331 5
3578 6889 1
6010 7530 2
7769 12915 6
9201 12543 5
5310 12718 4
6497 8660 7
7982 9683 4
7775 9295 1
1970 8342 3
1553 2343 1
123 11996 2
3850 8344 7
7858 9480 3
1713 3936 9
1151 2671 9
5044 11233 6
610 12493 7
3818 9293 7
2856 12328 5
10920 12803 6
2255 6776 3
11117 12807 10
2055 5625 10
8257 8813 8
884 10163 4
709 1296 3
3204 10522 10
3639 9033 4
3344 8715 2
2078 8023 10
5474 9925 10
6802 7152 9
5019 10139 8
2270 12904 3
7333 9437 8
9105 9499 10
7784 7961 2
4064 7774 8
848 10819 9
1137 12755 3
2278 2458 3
8480 9559 7
10029 10987 5
1677 9484 3
4046 4374 1
8487 9960 1
800 10749 3
1157 7390 6
8009 9790 7
7504 10697 4
2136 9848 1
6347 7310 1
10004 10845 10
9821 11566 3
9125 10773 8
10272 10934 9
7760 8353 4
7672 11328 8
294 6650 1
310 8598 7
222 3231 1
706 3876 8
1664 4254 2
5525 10884 10
295 11498 1
3436 8422 6
2383 3145 9
8656 10017 9
2784 11514 8
3575 11016 7
9037 9251 9
6858 8650 5
3438 6019 8
1320 8591 8
3431 6618 5
7631 8618 6
8057 9558 7
4148 10258 9
907 11462 3
1796 11796 2
3272 7603 8
4114 6382 7
6459 9662 9
6849 8524 1
6207 8571 6
6595 6825 9
2344 5709 6
5400 8811 10
5249 10084 2
574 9776 5
9255 10653 8
4660 11001 6
9294 9591 7
7261 9340 3
4328 4834 9
4017 5744 6
3889 11291 9
4476 8764 10
5590 5669 7
345 6128 8
3498 6572 8
2356 9694 6
8239 9783 5
1778 3794 8
6482 8804 8
3836 12421 7
4497 8800 1
4426 7985 3
5145 12375 8
10061 10813 9
4623 12213 5
5258 5931 4
5845 11259 9
378 2580 6
1928 12625 7
906 1955 6
1870 8290 9
3085 10347 10
4461 12351 6
1697 10956 7
9682 11477 7
3572 8618 4
10475 12742 10
7353 8695 6
4086 10881 7
4608 5060 3
4361 6795 2
2129 2742 8
2071 11369 6
3330 6013 9
7816 10471 3
7605 12177 9
4506 9435 2
3590 12624 9
5454 8645 1
807 4489 1
2665 7021 2
5038 5263 7
2421 4696 1
3144 7096 4
3049 10696 4
5488 10164 9
4763 11712 9
1653 11375 1
8916 11270 6
9898 9923 7
10607 12347 7
3418 12258 10
952 6711 3
5183 11945 3
841 2725 10
1678 5235 9
2405 2963 8
1504 3758 3
1201 4232 10
1810 4612 5
1375 12869 9
4739 5836 3
8925 12243 7
6461 6641 8
4752 6933 7
3191 8559 5
3 1115 6
5915 10811 9
5046 5424 1
3988 4194 9
685 5095 4
1735 4732 1
8555 11023 5
902 11272 7
3783 10021 9
3575 4976 3
1927 6646 5
4404 4764 2
6735 7950 1
930 4094 2
7059 10309 10
3220 5231 6
264 5941 5
2805 4041 2
143 10106 10
2113 4040 5
6085 10126 9
5273 5863 6
11370 11721 1
5282 6373 8
4787 12078 4
1197 9151 9
5405 8123 2
11206 11953 1
10311 11763 5
763 1650 1
3329 5246 4
1573 9878 1
8583 9147 4
988 12305 2
3484 12270 3
7177 12523 2
8425 8655 8
2024 11780 2
11524 12874 8
2063 5638 1
8186 8567 8
3460 6044 3
6569 11582 8
7068 12553 5
5495 7610 1
5322 9553 6
2343 6404 9
9897 12398 9
3527 5786 10
5113 11307 2
7777 11403 3
177 10022 9
3807 10605 4
6734 7257 2
2903 12236 3
614 1914 9
4478 8490 8
8401 10764 7
417 10690 8
3722 5637 3
1285 10871 1
11224 12522 3
6322 11567 2
1489 11664 9
5199 10835 5
117 9247 6
2337 5025 1
3386 10005 10
6583 10433 2
862 4888 1
5390 12984 8
961 4346 10
690 1492 6
1823 2535 3
11322 11934 2
826 7961 8
3302 6944 6
5198 10023 2
1778 2422 7
5096 7381 7
4533 8633 3
2004 3165 3
4454 11278 6
603 7511 8
1096 6193 10
6095 6290 6
2649 3656 8
4970 8310 3
1631 5646 5
2891 3216 4
6149 11081 2
304 455 5
1588 2794 8
835 2315 10
3427 5009 10
3484 5167 1
7650 8257 9
2181 4862 10
4521 8228 4
7638 9480 6
2048 11814 3
5664 11523 10
10523 12265 8
4683 10109 10
5774 6922 1
47 7656 8
2118 11051 3
1636 9326 9
4426 8640 8
1488 1901 3
4030 10760 7
4260 5930 4
9307 12180 1
1387 1634 7
190 5666 3
8015 9995 4
4395 4639 8
2994 5483 10
3628 8584 4
3190 5688 1
906 5567 1
2076 4744 3
3288 8849 10
4389 5051 5
9140 9262 6
5186 10812 5
8043 9814 4
2603 6629 1
7190 10720 7
4908 7710 3
926 2438 6
351 962 8
1492 7003 6
4406 5308 6
5798 9042 9
6601 7923 3
3092 3492 8
3589 8191 2
705 10920 9
3678 6636 10
6704 7663 3
71 588 2
6705 12725 7
2253 6174 8
7088 10513 6
8111 9979 3
11630 12095 8
5778 8325 8
6653 7867 10
210 1097 5
4573 7671 4
2448 10875 5
1066 3081 2
6402 10039 1
81 11513 2
3861 5422 1
988 12945 5
6870 9607 6
745 7270 8
3901 5458 3
3569 4874 6
10774 12786 8
497 4381 9
4700 11046 8
7769 8012 7
5372 9279 2
1191 6603 10
19 3420 3
1688 3751 6
57 7796 2
71 6049 6
1394 2881 7
3800 9292 10
3083 10180 8
2461 5705 3
5362 9687 1
3101 8185 7
4894 6312 7
1011 1804 2
1284 3428 8
11737 12489 3
719 1220 9
9483 11831 8
1959 4761 5
5007 7491 7
677 7613 5
2329 12570 1
6398 9712 1
2231 7682 1
442 3656 6
90 2213 10
3958 6572 1
3260 9560 6
4073 11990 10
4128 10435 5
293 6691 2
389 8962 3
1590 7680 7
980 4228 1
518 523 4
2519 3318 3
1762 8304 5
598 7153 10
1693 3992 8
2904 5194 4
1756 5165 6
5853 6420 10
6058 12897 3
4482 12908 5
5402 8057 10
1225 1363 5
8058 10668 4
564 5212 5
12641 12979 5
4158 12863 6
183 3092 2
5799 11842 7
2419 3220 4
5282 5826 1
2665 3809 3
6366 11518 2
8734 12286 10
8406 12234 3
9831 12513 4
905 9589 8
6053 10216 4
6788 11592 9
3006 11462 2
1025 1797 7
1399 5859 2
1303 4261 5
2894 12811 6
10860 11565 6
2417 3170 2
6696 9605 8
5443 9205 2
7840 10081 10
2726 6506 4
1672 12109 10
6682 10462 1
3322 8886 6
633 6414 6
4066 4275 5
9995 10838 10
893 4349 7
1161 5855 5
10 555 6
223 4774 7
627 10667 2
6613 10634 8
2001 8731 8
7092 10475 4
978 8791 8
10444 12144 3
373 564 3
3771 5661 3
9278 10558 5
437 2070 9
2626 9190 10
5157 8278 10
6094 9323 7
22 8306 7
2587 9122 6
2118 2491 10
901 10630 4
4215 7016 6
2876 12206 5
4186 9185 9
1903 4960 2
3845 10208 7
4464 6554 3
4730 9990 5
2882 6995 7
6301 12662 6
5532 7757 6
714 9112 6
4677 10325 6
3553 6260 2
3732 11175 7
2465 12765 6
11832 12793 9
387 3137 10
44 2607 8
3548 5297 6
570 2595 9
9576 11827 2
1560 6077 2
980 8551 8
5741 6543 3
669 3460 2
6587 6836 2
5469 7227 6
4781 8419 2
619 8453 3
4433 10747 4
8075 8652 4
247 380 10
10086 12450 6
496 3207 3
11549 12850 8
3744 8775 2
5 187 2
5060 5707 8
4662 5621 8
2557 3190 5
5090 9221 3
330 614 9
6312 11751 4
3106 5004 2
674 9138 1
3947 9747 6
897 4989 2
5981 10430 5
9782 11350 4
700 2733 10
6664 6740 4
319 1196 5
394 7316 4
820 3654 7
4319 5393 8
6171 12323 9
3451 11148 5
8723 9256 7
3115 6814 2
654 1566 5
1824 2746 6
5480 12095 10
7664 11012 5
1435 8360 6
2435 4553 1
1325 1903 10
2021 10287 2
5872 6142 5
6095 9546 4
883 3532 9
2330 2510 1
7101 12375 10
617 2370 6
97 4321 9
390 851 4
6977 8788 6
2281 12324 1
4703 9008 1
342 1871 9
3365 12671 6
1646 5507 6
3904 9807 1
2660 3711 1
3385 11552 2
5565 10451 2
5945 9696 7
1167 9683 9
295 9434 8
2586 4051 7
2784 7232 3
3967 5881 6
3307 9520 6
3292 10562 9
3183 7073 8
7009 9863 6
6048 7208 4
1577 6987 3
2517 3802 7
4560 10754 3
4153 11004 10
1748 7363 2
2245 2556 9
1889 4543 2
4310 8090 8
2646 8888 2
8277 10699 10
3337 10286 5
4589 12493 6
5832 9832 1
1580 11546 2
475 4319 3
1276 6822 3
10154 10232 9
1635 2473 1
8152 8595 2
2471 11455 5
915 5557 6
1780 1845 6
661 2561 1
5773 9627 6
97 9049 6
4028 6110 7
1181 4318 9
2805 8555 2
5167 9741 2
918 5657 2
7551 10980 7
11887 12797 9
4294 11827 3
1001 12561 8
5717 7948 3
1675 3458 1
5817 12452 5
2948 12111 2
76 5128 3
132 4401 8
772 4910 9
4474 6471 2
4035 9544 3
5015 10995 5
471 9245 1
4624 9849 1
9016 12766 8
10074 11196 3
6451 7130 8
2676 3565 4
4051 12050 4
771 6586 3
7190 9064 9
5293 6381 6
9665 12403 8
5445 6844 5
4112 5872 2
3447 4953 4
3936 7634 3
3171 4518 3
515 2385 2
1132 9048 7
2074 4667 10
4622 12431 4
4920 5848 7
4116 6024 5
6301 9180 3
2010 8260 1
207 6752 6
2684 5099 4
6513 12120 8
1381 6048 3
484 8465 8
1801 6382 7
1484 4024 8
2032 8152 10
2601 8074 2
557 2188 7
11826 11839 6
1284 5390 4
10820 10857 7
1862 7391 10
2977 12286 1
8114 9433 5
1838 5812 8
2704 5628 6
5393 8644 4
1286 8038 6
1862 6631 6
6767 11153 1
6626 9854 10
1363 4539 6
4442 6579 2
1272 5901 1
1646 2744 4
4877 10913 2
1280 3060 9
4265 5196 1
3714 6200 2
2863 3944 5
9538 12214 8
4891 6505 2
3103 3132 5
6458 8470 8
9576 12393 3
1392 7142 8
3808 4873 10
7594 8247 7
8676 8727 10
33 11967 5
3509 4223 9
4512 6988 5
3688 9409 10
521 12367 10
6543 7931 10
717 12942 3
5538 8201 8
7567 8801 10
3662 7684 6
2926 6188 4
1527 6140 5
1686 6590 5
393 3889 10
1973 7491 10
1018 2255 9
3094 4701 2
1375 2094 6
984 12476 7
5710 6606 10
9902 11561 4
6167 7285 10
3938 12190 5
7184 8982 6
4398 6917 4
3793 10365 3
175 11158 2
8009 9852 7
969 11640 3
1708 2464 9
802 9869 3
3312 10406 6
2093 5190 2
12252 12888 6
146 5241 4
742 11707 10
5238 6037 5
2873 5669 10
10237 12221 1
9363 9887 6
5469 10609 8
8163 12846 4
2085 4253 10
78 8370 7
167 11475 5
4829 7003 1
8833 12381 3
10425 11861 2
2580 7324 5
3985 12018 8
6017 8456 4
1266 1630 5
38 6265 4
12457 12764 4
6917 12540 6
628 6046 6
595 8656 10
5323 5498 2
4445 4559 1
547 6685 6
2962 8351 2
1699 5456 7
5031 11402 3
655 12963 2
5226 9410 5
696 10156 1
574 8780 6
4302 5759 1
3136 6005 7
1121 4418 1
2064 10866 8
5550 8081 5
3694 6591 8
1925 4222 9
11162 11498 6
12064 12277 5
1303 8582 10
3117 3511 5
4282 6855 6
10342 11927 1
4468 11253 4
6397 10492 1
8573 8880 7
3692 4076 6
638 5873 10
186 11127 2
1137 3562 1
2872 4293 5
341 1495 9
5737 12773 1
6007 12599 5
77 3725 7
5564 11974 6
8265 12341 10
4485 5083 7
1610 2518 1
1430 3196 7
3568 8363 7
20 4770 4
2677 3463 2
3994 9444 10
10375 12338 6
1635 3798 7
3894 12620 2
2949 7855 9
1222 1226 7
627 5655 8
742 11916 1
10377 10555 1
1694 6198 8
6329 7262 5
9106 11812 5
2813 7651 8
2721 11868 7
1856 4471 3
2064 2507 3
327 439 9
1540 4217 8
998 10136 8
1930 9386 4
3685 12923 10
5104 9978 8
6460 11486 3
1137 6716 9
3032 11680 4
989 2083 5
5836 12054 8
2180 5436 8
1547 8339 7
4027 7213 9
1335 10666 2
6053 7402 6
161 8255 8
804 5004 1
1577 10825 9
5372 8416 3
347 6403 2
562 7374 3
6194 10423 2
4003 4268 10
1641 11292 1
4174 7619 7
1823 2795 7
2952 4928 1
6949 7392 3
5443 6693 6
7722 10286 3
8 50 5
701 3113 9
868 9750 10
732 5989 8
10013 12677 4
4198 6285 4
307 5423 2
115 4397 4
3390 6922 2
989 7797 2
3242 9492 7
5715 11415 7
3417 3593 1
2247 10488 6
2011 3434 7
2869 8798 9
9815 12607 6
3395 3685 6
5255 7416 4
143 1340 8
3866 4120 9
3638 5587 3
4843 10360 1
2172 5750 9
4707 12224 10
11330 11543 10
1486 12206 6
2480 8618 5
3914 6380 2
2355 9498 5
2762 4368 6
10009 12701 9
1202 12339 10
2197 5494 10
329 2431 2
401 9322 10
805 9761 4
3879 5874 7
3663 5781 9
3678 9419 6
396 5894 7
6739 7426 4
256 4320 6
9688 11165 2
1553 6565 3
4400 7924 3
1249 5368 1
4828 5015 8
2342 6067 3
4386 7278 6
6675 11580 5
4707 6761 8
1485 4882 8
7109 12520 10
5399 6009 5
5908 6993 3
7018 9861 4
4925 6500 8
9301 9358 10
7039 8087 4
6294 7414 3
3513 12756 9
1429 10614 9
5466 11633 10
3420 6329 1
6340 12788 6
1508 11411 4
719 6440 6
814 12594 3
6585 9807 5
2258 5295 1
2929 12083 4
3391 5230 6
4220 5873 2
2200 9647 9
7043 10571 9
6332 8904 10
3401 6631 2
4279 10347 5
668 5597 7
10018 12719 8
2440 6559 8
2958 7818 9
455 7767 3
8378 12528 7
10255 11563 3
2608 8977 8
652 3680 10
3162 7682 5
893 6663 6
2196 3299 5
2254 7848 2
2056 12573 3
11487 12354 9
1845 11765 5
9904 12775 8
341 3018 2
10359 12326 10
3803 3827 2
10807 12540 6
3243 6692 2
2271 7937 6
4194 5063 9
1678 3659 9
3459 12164 8
11871 11929 2
594 4610 8
79 419 7
4809 6034 7
4102 5892 9
7093 9519 5
41 6236 10
1089 3354 6
1384 12221 7
4161 9466 8
10263 12793 1
10163 11831 6
4893 11589 5
751 4277 9
1859 6114 7
1434 9999 3
2224 2307 2
2519 11120 4
6510 9364 5
1903 5608 3
1564 12791 3
1586 6159 6
1744 7656 6
1143 12095 7
717 4964 8
1799 5504 7
5598 5689 1
4850 10435 5
12409 12825 6
5679 12109 9
5662 6707 1
2782 7252 7
3565 3714 4
2493 5608 7
3905 4906 7
3499 4642 10
2923 4253 5
2518 6366 2
6827 8310 7
3332 10422 3
6456 10843 5
323 10602 1
2876 5782 2
694 3819 5
8601 10929 2
7651 8023 10
3256 5096 8
7900 8841 8
4344 7029 4
5685 12648 6
6299 6368 9
7916 9616 8
4066 12056 2
507 2044 5
1505 3319 3
3088 8417 2
1112 2316 6
3251 3358 7
1743 12613 4
183 3361 3
2540 4720 4
6890 11056 8
1200 10579 5
561 4747 2
1213 5068 4
1705 4626 4
9942 11986 8
2055 3225 2
8560 8908 8
6359 7124 2
7882 10360 2
5460 6153 4
3689 4735 7
4196 11005 1
9456 11637 10
9455 10606 4
4546 6089 2
3598 12661 2
4932 5818 10
88 10265 7
7181 12382 3
4047 5105 5
1164 11148 10
747 8838 9
6035 8948 5
282 2561 8
4524 12667 7
2473 3686 5
4240 4528 9
9520 11802 5
2463 7841 8
6433 12088 10
10090 12287 10
7489 8681 7
4092 6756 4
6501 12585 10
2391 9231 2
863 5392 3
2824 4386 7
6054 11543 2
2957 12400 8
4369 5256 9
6019 6815 5
3260 11887 10
10344 12437 10
800 12447 4
3955 8381 5
424 12694 8
858 5212 8
5743 7344 9
2582 3703 8
1225 10508 2
2137 8738 3
3699 6077 10
3546 10544 6
6230 10988 4
2402 2831 7
7611 12323 6
5161 8883 1
791 3435 7
4846 12451 7
4519 5807 8
4352 5213 1
6185 11023 8
6194 9469 4
6459 6474 6
4536 12767 6
3026 5702 6
467 2339 2
3727 5071 3
2319 12232 4
1104 12043 1
3626 6161 6
532 8489 10
10754 11846 10
8190 12552 10
662 2106 9
3103 3620 10
5070 12902 5
6311 11880 5
2304 7419 5
4473 9326 5
4936 6519 8
1417 11952 4
10317 12603 1
3647 7732 9
2647 7242 4
6105 8123 10
1565 2668 8
6119 8353 6
760 1615 8
2517 7091 7
1571 12808 9
3498 7800 2
3602 12113 1
2418 10363 2
2402 4324 6
1092 1648 4
4581 6595 10
4391 9386 1
2578 6360 10
2553 7978 4
1252 8813 3
2799 7142 4
256 12744 10
5171 7622 3
2867 8969 9
3498 11393 7
11238 11773 6
3648 7450 5
1357 1443 7
1090 1107 5
5596 11789 9
1968 12399 2
7091 9577 7
1640 2988 8
1002 2454 9
2796 4753 2
5756 11216 3
115 10717 4
1443 11426 6
3317 3892 2
786 1839 2
476 11758 9
4517 10152 7
2761 8494 5
1701 9701 6
6266 11709 3
3664 8038 1
4039 4998 4
1398 11622 8
1959 12076 9
9622 11651 2
1020 12961 9
1776 3233 1
11822 12113 7
477 516 6
5542 10014 8
7255 9264 8
11023 11094 4
1426 3469 7
4432 6506 7
3721 10435 2
1433 6575 6
2218 11318 2
2373 2968 10
1227 4248 4
4408 9031 7
2549 6061 5
2219 3984 6
1379 5903 8
3376 5589 5
6802 8221 1
3068 10397 2
8928 11073 6
1157 5059 8
3156 5352 9
6070 11710 6
5985 6504 1
9744 11825 1
9986 12966 5
3913 12088 9
9345 12042 3
2128 3285 5
583 2622 4
3907 7712 1
10425 11514 9
4361 12682 5
2258 2806 5
9772 10793 9
2626 7062 2
3349 12136 2
2614 6096 2
2340 5928 3
4044 6149 10
4777 12954 8
155 4009 5
158 8109 4
1596 8801 7
6570 9947 4
9075 10370 5
8580 10955 1
1083 3194 1
4379 9094 5
785 2145 1
3631 11964 3
4543 9586 6
718 2909 9
3902 5779 5
1980 10954 1
90 2122 1
2552 2669 2
4685 5306 3
3800 3986 9
8958 9490 2
1700 2149 8
3997 12014 6
2209 5558 4
464 11757 8
4452 5170 6
1652 6154 4
4029 11655 9
6423 9672 3
7981 8218 9
150 3887 8
2560 11976 10
734 2530 9
1738 12670 1
6451 11964 9
8207 11675 7
11879 12609 8
5727 6030 10
3980 12594 5
7691 12469 4
3771 12680 1
1522 5093 2
2365 10274 3
6130 12964 8
8017 8556 3
3027 12990 1
1243 8608 4
87 157 3
397 5930 7
6439 12704 10
479 2068 6
2355 12121 4
499 5753 10
3986 10604 7
1812 6294 5
2414 7126 5
3272 11161 1
8260 9488 1
1801 9405 5
880 5173 9
2858 12517 3
1351 2669 4
1816 3342 5
948 9488 7
8673 11537 8
85 9669 3
19 5749 9
4327 11884 3
7751 11265 3
1026 6521 7
4752 11495 1
1048 4220 5
1214 6499 9
2537 3662 10
6485 9255 2
4007 7506 8
525 6335 8
2742 9036 6
4120 10558 3
1410 3016 10
1334 11950 9
2260 11986 3
3637 10605 7
4259 11150 3
3600 5717 2
4292 11631 2
3832 11367 1
5507 6232 4
599 8438 7
5936 7298 7
3509 4992 10
942 5422 5
223 377 8
6303 7222 3
6197 12444 6
4292 11988 1
3129 8471 7
994 6112 3
3244 6552 5
6105 9157 1
1613 4073 4
113 4359 7
4739 10250 7
6230 8198 9
258 6660 9
1118 6801 5
2009 6186 1
5716 6589 9
887 4284 3
5222 7128 2
4469 10640 3
715 8437 7
5760 11390 10
4603 5510 1
5438 12209 3
3610 10956 4
3650 11346 6
5514 10619 5
5089 12034 2
1375 1849 2
11606 12082 3
4848 10481 6
5955 10763 7
6695 9122 2
357 550 7
10905 10951 8
8858 9877 10
1232 3332 3
9162 12599 9
7477 8280 1
2874 6115 2
4600 9162 3
4752 7745 1
821 9864 4
1583 8195 3
1795 11062 7
2024 11963 5
4668 5213 6
2352 9521 9
1114 11228 10
4569 4956 5
10585 11228 3
62 7096 5
3663 11614 9
2325 12959 5
5459 8670 1
2544 7088 2
1576 11774 2
3721 10215 1
1861 2146 6
8542 12151 9
4295 7113 5
1465 8266 2
3852 8532 10
73 4806 9
3074 8185 7
3511 5679 9
4368 8822 3
5295 5999 1
968 4071 2
3570 9981 1
9383 12030 4
5842 8135 3
2579 3279 8
4402 7577 1
1339 8333 10
209 9220 9
5297 10960 6
8958 9105 5
8068 8079 6
5411 10916 7
2764 4454 1
3525 4707 1
344 11934 7
846 12443 2
2666 12713 3
1403 5865 9
6131 9115 4
1817 12236 3
884 4531 4
3968 8041 1
1213 1756 4
1441 3588 6
6209 8611 4
1501 6142 4
2789 3764 6
2935 11288 7
1092 5400 7
6418 7921 1
26 85 10
2125 6196 4
5122 12680 2
10326 12952 3
3304 6739 4
8915 12320 4
5130 11280 10
6570 11846 3
2585 2906 7
1621 1818 9
83 5969 10
546 10504 3
2105 12389 1
1403 2851 5
9878 12829 3
3894 6630 1
1261 7933 4
2808 6767 4
1564 4652 6
9708 11739 2
1714 8806 8
5802 8804 5
3082 5289 8
2758 9395 8
1263 3209 6
2851 5617 8
3381 6327 2
1719 12110 1
4252 4375 3
2690 4678 5
4024 9242 5
4759 10011 9
3023 11676 8
1761 6429 9
5964 11081 6
468 12621 9
10226 11795 9
788 893 6
3485 6519 7
4650 11441 9
1418 8881 6
2950 3729 9
5819 7801 10
3069 11616 1
3519 8675 2
1966 6688 7
2847 8460 1
5077 5156 1
864 6250 3
4482 6517 9
5479 9790 7
873 4357 1
1056 10286 5
523 6842 4
6028 11980 9
4221 9071 3
453 857 4
1460 7957 8
4037 6002 4
3378 11603 9
7600 8525 3
1270 3804 2
821 2538 9
4126 7532 4
3332 10110 10
7757 8736 8
4188 8116 1
2250 4407 10
6165 7055 4
1502 2109 10
5844 7796 4
219 5362 5
2370 8153 7
4000 10165 2
2353 6630 2
2863 10528 1
5234 6388 7
3608 8437 2
266 1734 6
2717 6930 4
1368 6788 10
3659 7958 8
4320 11650 1
749 4732 4
2990 6612 10
7035 7811 3
6169 8366 7
313 10037 4
5998 8149 1
3759 8974 4
1948 6018 5
7690 12635 1
6937 9575 9
6430 8046 5
3410 6479 2
2056 7420 8
5539 6320 2
2161 2734 9
9128 9243 2
1138 2200 8
9501 10420 8
3668 6029 8
7375 12663 10
4495 4956 5
9513 11481 7
537 12985 5
4268 8387 4
2407 11713 10
6895 8525 10
2888 4830 5
254 629 7
3226 4894 2
342 8131 10
6604 6635 2
7673 10494 8
8804 12091 7
3322 9808 4
1807 10839 10
10057 12895 5
10190 11118 10
1608 4072 7
3539 12340 7
5614 7749 1
6640 8668 9
2797 7184 9
3751 6639 4
2488 10512 1
1963 6723 7
35 6468 7
4396 5039 3
433 1790 8
240 5552 1
2996 3901 9
3042 12483 3
1234 6173 2
4546 9484 2
7282 10526 9
2778 3043 10
8443 9191 9
3210 4680 7
4053 5886 9
1400 7775 5
76 6768 10
2847 11146 7
3301 9555 10
3963 5779 9
513 4219 3
1327 12066 7
1911 2113 3
3788 5781 6
927 12212 7
2669 5476 1
5582 6125 2
4345 11886 4
9163 11887 1
194 2017 7
6214 12683 7
657 11048 2
5647 11143 9
1570 3641 8
6790 9312 7
3195 4639 4
1157 11860 10
1945 5561 2
389 5946 2
2998 6286 6
7203 8630 5
2069 6874 6
2147 2785 3
7723 9252 4
8340 12229 2
8626 12080 4
2541 4182 6
5793 10503 6
3714 12473 6
2311 3829 2
5660 8240 2
3041 4342 4
3316 4100 1
7748 11137 10
447 3730 10
9301 10195 10
567 4897 6
1942 4885 1
865 9196 4
4864 5142 9
1982 8823 5
7938 9831 8
5829 6995 9
1570 3954 6
3147 6623 5
2536 3568 5
10554 10631 2
1441 2281 6
302 7638 1
2738 7147 9
7706 10207 1
5943 12673 1
1514 11682 9
846 4960 5
630 6274 3
4856 9719 6
759 2838 9
56 2745 5
846 12109 7
5951 8850 2
6454 9945 3
1908 8980 5
2288 3241 4
7854 11246 8
224 11005 1
1706 10411 10
181 5484 3
1536 9452 5
1941 2769 9
4348 7038 9
589 5856 5
98 537 10
7537 11051 4
2957 8057 1
1203 2595 7
10637 12387 8
2300 8872 8
6277 7602 10
5512 10030 6
946 4859 6
3202 9084 3
5389 6552 2
4963 5990 6
1266 9965 2
4848 5177 10
2895 3635 8
1745 2080 5
7490 10098 6
2044 9760 6
9083 9390 5
1813 3112 6
11873 12289 9
5570 7120 7
7958 11976 8
10700 11309 3
6873 11328 7
2427 2934 4
9103 12953 3
573 6479 6
495 3486 7
9203 11716 3
1558 3521 3
3860 4041 7
603 2787 5
3753 3861 4
1880 3091 2
5383 11207 4
6852 10976 8
2530 3418 9
5794 8245 9
1644 12962 4
10965 12806 7
371 11006 1
4527 9305 10
2725 5385 1
2578 10946 2
6378 7887 6
2400 12851 3
10687 11683 1
239 11354 5
2314 7380 4
5075 6468 8
4531 7187 1
2966 6655 3
10575 11179 9
7721 12707 4
9526 10878 4
2868 7279 6
3967 5223 7
129 1766 4
4285 10193 9
1803 2982 4
1786 7759 7
613 6612 6
327 8941 10
5183 8505 7
3190 6024 8
578 6149 7
1360 10943 10
915 6484 1
1396 7837 10
2411 12206 5
82 2294 6
5509 7566 5
1220 12727 10
8785 11838 1
1880 4423 8
4241 8020 4
4707 8944 10
8681 10953 7
4860 8223 2
6452 8928 5
491 11770 3
7511 11014 6
5273 5952 7
240 8391 4
8854 9851 6
993 1292 6
39 4844 5
4201 8565 4
2619 5191 3
1119 5842 10
5082 5402 6
6705 7225 2
4419 10579 4
2410 3654 6
3066 3656 7
2275 11581 4
2380 12892 3
1634 4193 9
1070 11610 6
4383 5269 4
3735 4917 4
3289 10651 7
947 2243 9
3775 4382 6
64 621 1
7933 11364 8
841 3484 3
7405 12718 3
2872 9694 4
5554 11315 6
2454 8547 8
8139 11906 1
1925 11291 6
2104 6426 2
6574 8863 2
3140 9654 6
1466 7371 6
1279 8896 9
1390 11254 9
6270 11533 1
5494 11544 8
4195 11540 5
1924 8186 9
1001 8942 5
5117 10055 5
1540 12432 9
11274 12499 4
1748 3619 4
10191 10600 7
3849 4261 4
5866 7865 5
3733 5372 2
3667 4274 8
7171 12157 3
3423 12760 3
1118 9483 5
4581 10650 1
6387 6747 5
10429 11643 8
1305 2090 4
1600 5515 8
299 379 10
3104 5239 2
6364 10769 2
854 2297 3
5572 6091 8
965 4485 5
6622 12159 1
9793 12678 5
3779 4591 8
5196 6868 2
1415 8732 8
8504 9370 5
1260 8731 3
532 9969 4
998 4643 3
6391 11757 4
6552 12462 6
2399 11105 2
4631 9900 2
794 12231 7
5459 10484 8
3707 9627 1
473 8413 5
4084 6312 7
4565 10296 9
61 8997 9
1674 5622 2
827 1654 3
3531 11411 4
8129 12807 1
1667 5150 1
1337 9249 8
12833 12940 2
1174 9414 4
3427 6601 2
4790 12658 8
5829 9189 4
6034 9126 3
5612 11868 5
7163 7876 4
6493 7265 2
1520 1959 2
7049 12243 10
7328 7942 4
2665 4907 8
5194 6016 6
4055 8088 3
3368 6286 8
1556 4225 1
3215 11348 8
1104 8774 1
729 2454 7
4697 9992 3
4585 5584 4
1229 11343 7
3012 6949 10
6078 7838 7
7915 9013 5
2620 3262 9
5448 9530 10
268 486 4
4345 6140 4
3432 5532 8
1242 7512 10
693 12164 8
5404 6684 5
425 2671 4
6782 10361 6
3309 5145 3
5206 9056 7
5184 6436 5
6226 12771 7
9231 12901 8
9531 12869 7
4070 5580 3
5010 7120 10
955 1048 5
1485 2726 9
6276 8205 4
648 7098 2
4564 9598 2
3712 11755 10
4990 5250 3
4682 8207 8
1513 3953 8
1629 8858 8
1005 2341 10
1280 10788 8
1711 10614 2
1673 7960 5
1084 11217 6
5099 7121 3
107 8558 7
1595 11419 2
9923 10095 4
8151 8894 7
2966 6732 3
10202 10256 3
2658 9352 3
263 6722 6
988 3900 3
2906 4187 10
3775 6833 4
1563 10654 5
7384 10587 3
4689 8917 1
2695 7305 5
3086 6759 5
4363 12283 1
4501 12155 2
5124 11709 1
2247 11041 7
3236 5031 9
8084 10455 10
9727 12705 10
2106 8149 8
949 4741 4
3230 12407 3
3316 6756 9
195 12602 2
1497 8255 7
718 10703 9
2891 4057 8
1765 2424 3
241 7523 2
2121 5875 5
5769 6381 2
4716 12958 3
2793 12032 1
3881 9074 5
1413 11943 7
3002 12676 10
9392 10075 3
6320 11702 8
4570 5123 9
2012 8046 4
3741 4543 2
2757 11984 10
1427 2382 3
1250 5439 1
3661 8424 7
6248 6324 10
957 2559 6
1277 6194 10
1444 6063 3
2491 4640 4
2286 4056 1
6851 12726 8
124 2646 7
3980 4559 2
5428 9260 6
235 12712 5
3198 4885 6
3167 4638 1
427 857 6
4846 6441 2
3596 12070 7
2133 5267 3
5536 8526 8
3600 11601 7
4265 5492 4
50 12817 9
7727 8132 7
311 4569 4
5724 12904 9
1377 6374 6
4470 6868 6
2164 9598 10
5973 10937 3
5524 6731 8
1340 11577 6
2662 4062 8
3557 6874 6
7176 12996 9
1216 2244 3
2495 4338 6
2043 6005 9
1899 10869 8
4455 8317 4
3461 8178 7
1246 5395 9
2091 4128 8
4947 7628 5
668 4908 2
6651 12620 7
613 11017 4
3545 10982 2
495 6138 5
3819 9392 4
2505 10095 8
1552 2424 9
2110 4866 6
5683 5860 1
4217 8905 8
4822 10339 1
7848 10582 1
10432 12605 3
6621 10236 7
4902 11410 1
998 2129 10
4041 6032 10
3044 3352 7
1200 4804 1
4477 6418 5
3635 6921 3
1583 10801 5
116 6923 7
1646 6590 6
6114 8936 7
2710 5766 3
1745 5918 9
1506 11367 4
6197 10803 4
8505 11226 5
2226 9268 8
5972 7413 1
2186 9003 8
351 5572 2
17 4876 3
1962 11336 7
3015 8058 10
8038 10431 8
4687 11970 2
8471 11532 6
8244 11977 10
9890 10022 8
5134 7376 8
905 6751 5
328 11093 4
1454 12958 5
8283 11314 1
2165 3669 5
2072 2598 9
5856 6964 4
3385 7042 5
1390 10476 6
2645 5751 1
3624 4010 10
4517 12491 3
3145 7976 8
5366 5603 5
3595 10788 9
220 8116 4
189 9009 10
5691 10843 9
7295 8942 6
8766 9817 4
1482 10320 5
1447 6629 5
588 4543 1
6684 9664 8
8717 11357 3
3303 5841 1
3533 5218 2
2034 12972 3
3772 4763 9
1014 5884 3
8707 12825 6
7429 7867 1
1065 11772 1
7251 9482 2
744 10151 9
2929 5858 5
745 6538 7
580 10864 1
2937 12278 1
719 744 10
1330 5691 1
1614 6194 7
5932 7284 6
6643 8545 4
3509 4211 7
3217 10038 9
4963 7991 2
1513 4511 2
242 10246 6
1093 3670 6
2570 6892 9
3447 4671 5
9163 10269 1
6611 10018 9
9075 11337 4
2925 4545 3
3358 10349 6
4298 5250 1
2237 12057 5
3310 11065 3
3924 10785 1
3999 5900 5
5141 8707 10
8574 9251 6
5550 7353 2
6804 9647 3
9 10811 1
4797 11285 6
1209 4080 6
213 6830 3
4766 6303 8
4768 7220 2
3257 8207 8
6188 10827 8
639 3821 8
3726 6664 4
1253 5660 9
2369 8048 4
5030 8957 6
1328 9774 2
1053 10512 7
9515 12380 5
6718 8291 8
834 12230 5
1183 6957 2
2904 11703 5
7542 9884 1
3762 10448 3
244 3576 9
2848 9691 7
595 615 5
9742 12982 2
2131 12554 4
2081 3769 4
3264 4331 6
2290 5255 8
844 4728 7
4373 12981 2
6314 6951 1
3228 12133 6
6031 10432 7
3381 5959 7
1646 4863 7
3549 6247 2
1699 3783 6
179 519 10
3990 6574 2
5434 11057 1
3847 5989 6
2366 3290 1
225 1858 5
3400 3923 2
580 10858 9
5646 8557 2
4001 11972 9
5748 6933 2
6193 12244 5
4593 9634 7
3364 11798 7
5189 8476 10
7397 11968 5
3294 9999 1
4904 10579 7
1620 6770 7
648 6854 1
9356 10011 2
1329 5675 4
4589 11922 1
5617 12060 9
1261 7411 1
445 6275 7
8497 10919 1
537 1752 8
509 5689 5
3748 10949 10
529 7293 7
8800 9981 9
1479 9048 7
1627 1670 10
1311 7510 9
9876 11396 9
2684 3321 10
4794 10919 5
4028 6018 6
2750 11085 5
10605 11114 7
365 3726 3
202 6784 1
674 10115 1
4668 6563 5
5141 10112 9
380 1695 1
99 7539 6
3978 6305 9
1256 5409 5
4548 6840 9
7250 10512 8
4339 8485 10
2647 9838 2
1683 3240 4
693 9381 1
2553 6915 10
7115 10748 8
1294 12585 1
458 6520 6
3130 4344 3
247 10881 1
2161 8912 1
3235 11852 5
8269 9508 6
6286 7709 2
1172 12375 5
5779 12716 1
1100 6620 9
2624 6223 2
4858 10990 6
3567 3869 6
2553 6681 1
3963 6933 6
4800 8732 5
3186 6496 1
5240 12958 10
6789 12806 1
3277 11313 1
796 5161 5
6285 10919 6
653 2990 3
2145 10197 2
3619 4557 8
2057 8071 7
2211 2729 10
3804 7625 2
554 5481 4
7473 7559 4
7115 10972 8
7137 9927 10
3988 9932 8
5949 8442 6
1684 9949 2
1473 4840 3
3305 3705 4
1343 7063 7
7150 9411 4
2493 9025 5
3928 5031 6
3611 6741 2
4897 11499 4
9034 11109 1
4635 7006 1
2683 6080 5
5612 12187 3
1489 10365 7
3126 7360 9
3775 6615 8
5919 12501 4
6056 7915 4
4706 5356 3
732 5085 2
6764 9574 3
1732 9288 1
4889 6286 1
1731 4513 1
6304 12842 10
6304 8447 4
1006 12777 8
8022 9158 10
6466 11582 8
2239 11649 4
957 11344 5
5664 10661 8
8288 12094 4
4951 12651 2
6014 6398 7
7415 10024 8
3156 9617 6
6668 8521 3
2429 2949 10
7822 7855 2
3137 4863 5
89 4637 3
5515 5518 3
3356 7569 10
2655 3815 2
195 11830 5
8375 11144 2
2975 8624 7
10982 12081 4
9751 11373 5
5194 8444 3
1236 8173 10
6526 11552 7
8770 11334 7
3878 8034 7
3659 6635 2
1853 4058 5
2698 3820 2
7397 12867 6
7370 9349 4
2161 7809 9
6474 8711 7
2244 4635 8
4676 8577 3
6414 10463 5
2476 7673 8
1474 12868 10
2755 8135 10
1384 3286 10
1257 2903 9
4585 12221 10
4578 4957 1
3537 3632 2
6305 10529 6
615 6767 1
5345 9445 4
8711 9976 8
4736 7899 1
238 2889 2
610 9303 6
8091 11571 10
392 4470 5
2733 5593 10
1620 9872 6
844 7611 3
1223 11425 8
4933 7791 3
3301 6464 10
224 2995 3
934 2806 8
11046 12326 9
11869 12653 2
9645 10535 5
4138 7256 1
3738 11237 4
2101 4737 8
642 6245 4
451 1696 5
2127 5209 6
6412 9357 7
6201 9731 2
3128 7352 8
9563 10064 4
8399 11128 7
2354 3632 5
7051 10730 3
2710 10696 4
5973 9985 9
8258 11838 1
1141 8906 2
5201 10330 5
1791 7390 7
3434 5790 4
5743 12405 4
7147 9875 9
8597 9509 6
6728 8205 5
602 6249 6
1515 6686 6
5103 9035 7
2089 7692 10
1390 3250 10
2180 3777 6
5495 9189 7
1627 9717 2
1089 12082 4
1196 3825 6
300 9044 10
554 11033 7
3977 5578 4
3980 4294 7
5375 5539 6
4119 8150 8
1552 4180 10
9622 9717 5
3157 7319 7
1764 2871 10
3910 11184 4
1522 7096 8
4818 7971 1
5521 10089 7
178 888 7
5597 6617 6
6220 9790 9
804 5216 7
2871 5908 2
1969 5533 7
8853 9967 3
753 6254 8
2020 5272 9
1847 7200 8
2137 6978 6
4632 8014 8
7904 10842 10
2277 11004 2
2285 7544 3
2282 3411 10
1254 2224 7
5601 10640 2
3925 11567 3
10045 10142 5
1458 2628 7
1753 6378 4
513 2343 7
2097 4404 3
723 762 1
1199 12494 3
4349 4923 2
6076 11021 5
915 7459 4
10254 10621 6
8519 11421 7
6002 12243 6
2256 12927 10
255 3512 8
639 6361 8
8147 11816 4
6823 9182 6
1698 3099 7
2082 10111 9
449 830 2
5884 12036 10
4850 7678 1
5351 11115 10
9488 11551 5
5701 10798 4
8429 9436 4
101 3009 6
4584 8138 1
6454 11265 3
857 12650 9
3181 6580 1
589 9640 2
9436 10782 2
191 806 4
2586 12904 4
244 5765 3
4610 10303 9
4795 6062 4
6053 12970 2
1614 4545 2
5081 5587 6
5501 6017 3
3354 11937 8
10921 11664 10
3944 4475 2
3365 4281 3
1038 6242 8
3598 6167 8
2202 4478 3
1449 3908 6
7884 11966 4
8 2676 3
6507 11167 7
182 12069 8
794 7390 5
7280 10094 7
10053 10197 5
7404 8777 5
854 2048 10
2148 10492 5
4579 8103 9
1294 3580 8
3641 9055 5
850 5513 3
7591 7827 7
1307 4139 2
3784 11309 10
9365 10149 6
1805 1997 3
4570 12381 1
1239 5901 7
3730 11283 1
1760 5569 4
4411 7203 4
887 5130 10
5819 6266 8
3256 5760 8
3513 7066 1
7826 11447 10
2184 10754 10
7642 11701 10
5339 11777 10
7988 11882 3
3323 7403 5
2960 6295 2
3801 3814 3
1834 10256 9
8537 10708 4
6989 11971 4
4110 4239 6
4495 10686 10
537 4079 2
1813 7176 9
401 10023 8
6940 7892 3
3825 10979 8
2553 8970 3
5624 12616 9
12109 12208 7
113 4958 6
5285 5867 2
1915 2435 3
459 8333 4
2415 6697 2
2633 8594 3
4847 6331 6
6365 8689 7
10795 11671 8
3865 8492 2
991 4629 9
4190 11207 6
3966 6668 2
1036 5564 6
4930 7729 10
1323 11538 1
6716 12759 8
1220 1364 8
184 1485 9
3347 8583 5
2959 3082 10
6294 8742 10
2098 11183 8
8900 12712 10
2868 6587 1
4005 5012 3
6403 8480 4
9990 12476 1
96 2935 6
8294 8458 2
4077 10780 2
4528 5272 1
1935 3836 9
1691 11575 4
768 847 6
152 9216 1
3027 4223 2
2517 4487 6
329 4081 2
3931 5400 9
2577 10744 1
1739 11464 1
1214 1799 3
4944 11648 2
1826 8978 5
546 12497 7
6523 9071 3
2927 6570 3
518 10825 10
1168 5791 5
3698 5252 5
809 1237 5
108 10386 10
3392 6335 3
4081 9383 7
4224 9162 10
681 9088 8
118 6558 2
1068 6632 1
655 4997 1
4593 8108 5
2573 10121 7
2186 11775 4
6661 11746 1
4108 10998 9
542 6123 10
2310 5876 2
2413 9216 6
4441 5882 5
7834 11450 8
605 9392 5
1810 2492 7
3076 6964 1
243 11677 2
429 9445 2
9771 10259 1
6875 8559 7
2361 7440 3
2962 11216 6
2986 12916 4
13 2825 7
8312 9738 4
4270 4905 8
1864 3144 1
6258 7334 6
701 2954 3
1349 9367 10
5772 11452 8
6475 9024 9
4659 4670 9
182 8325 4
3590 5386 6
4367 10135 10
3283 10340 5
5891 7048 7
1202 1863 1
885 6185 6
6323 6384 7
4815 5248 10
389 6100 9
94 702 1
3346 9416 3
8022 9487 4
1504 4218 8
3413 3707 7
247 2848 7
2334 11321 3
753 6188 10
4487 11428 6
2677 4772 3
3228 11692 6
6556 8948 9
1879 2629 4
5719 12721 10
166 12086 7
1757 12154 8
385 11889 3
885 10009 9
4456 6043 4
7398 9974 2
96 11829 2
11 3930 9
6411 9781 3
280 8270 9
6177 6513 7
1413 5773 5
9727 10397 6
7608 9086 1
4756 4772 5
2771 10359 9
3925 5434 8
2043 5877 7
3477 4222 2
4087 6191 9
10255 12049 8
1421 7143 1
2499 10895 1
1715 10130 9
4130 6479 1
3141 9640 8
11237 12433 8
2434 7810 8
3837 10610 6
3766 4255 9
3572 12194 6
782 1774 3
1217 12889 5
1312 3533 1
4022 5948 6
3017 9106 4
4139 5323 8
2672 11169 5
33 4863 1
1219 8407 10
109 7182 3
309 2167 10
1167 11689 10
907 4965 5
658 8378 8
1876 2867 4
1049 4861 4
5990 10664 1
3067 4140 5
3631 9799 10
547 8854 4
1001 1888 9
11618 11773 7
1681 9421 1
150 5573 9
2111 3398 1
9881 12672 3
1426 3645 5
2310 10149 1
8946 11798 2
1109 1601 5
1362 12731 1
486 3574 7
3170 8401 10
1634 12143 5
775 2184 7
673 4008 10
8593 11574 5
4680 4829 5
492 8369 10
1041 7324 8
6552 6624 8
4159 10900 8
5471 12150 1
3264 5666 1
7316 9068 9
1008 2677 8
2959 3460 4
934 6051 4
11379 12155 9
1318 7611 2
1427 8855 2
5457 5612 7
2284 3670 10
1850 2881 2
1257 6342 9
3646 4432 6
9932 12633 9
3467 7019 6
2884 9437 5
3081 5764 9
2581 6610 2
5713 6059 9
5314 7647 2
5676 11036 8
1318 5114 10
3872 11691 9
5187 11212 2
7453 8595 8
1750 6476 7
6770 9423 4
3583 4913 4
4738 12576 9
9241 10748 7
514 5193 1
1980 3626 2
617 1790 4
553 11481 1
13 6248 7
450 11776 10
5231 12858 3
768 7706 10
811 3451 2
1151 6579 1
2186 11327 9
817 7928 1
2605 4932 6
3705 4911 4
606 12924 2
4659 11441 3
2827 7999 7
90 6947 6
4538 11254 10
4694 6043 1
2974 3677 1
5949 6675 6
5803 11804 3
3736 9256 8
2356 6355 6
6190 10342 8
1698 10810 10
10338 10840 8
2255 12064 2
2587 5447 9
4749 10314 2
10643 11200 5
3837 11857 2
217 6440 4
7364 8522 2
641 3870 7
691 2683 4
9374 11215 2
7968 11926 10
1750 2037 7
2529 11667 8
3075 8485 3
5405 6167 6
1945 5806 2
1336 4108 4
1426 11974 1
2679 6503 8
4966 5382 6
619 12088 2
688 3867 8
809 9191 2
1892 6017 7
3612 6004 10
4223 6084 9
1197 2473 2
2152 10709 8
2753 9899 2
6470 11089 1
10760 10777 5
1808 9937 2
11968 12610 5
615 4909 7
2115 3924 2
3255 7171 4
2442 3623 2
4698 12220 5
3220 4548 10
1121 4293 3
3281 3373 4
8862 12437 4
3047 4360 2
1569 1662 2
862 10511 10
2060 2791 3
5258 9164 10
4758 5469 5
2392 6107 5
4847 8256 5
2452 7024 4
900 2553 5
7610 9144 8
980 7382 10
3242 6327 3
775 7300 3
1479 6648 1
6333 6428 7
2848 3607 1
11935 11943 4
4365 8710 9
3116 6787 5
22 1757 4
1977 2349 10
5766 9451 8
3051 6026 3
3604 5931 5
4498 11838 4
5967 9986 4
3586 12474 3
535 2254 2
9499 9988 3
5951 12430 1
4035 9105 5
971 7700 5
12569 12840 6
2388 10299 1
4629 7279 10
1263 4774 2
6454 11191 8
3174 9063 2
4954 7540 8
3781 7709 3
3003 9163 7
2230 5777 7
4016 9834 2
743 12895 2
1478 11878 4
5598 7455 5
6381 11189 9
3683 9412 9
7199 12437 1
2442 2570 2
4373 8911 4
5165 10448 3
3072 6626 5
4583 11244 10
5782 10247 7
806 4234 5
2822 7425 1
4297 11542 10
1083 5199 9
7389 12864 7
5119 6732 5
3892 9434 6
1038 9083 9
3142 5220 2
7594 8932 10
5639 7044 1
3267 5062 3
4237 7567 8
7110 10745 5
1930 2522 10
2310 5935 4
3120 8913 1
53 7866 8
3693 10997 3
1758 2806 8
4167 12278 9
703 9935 10
8322 12969 3
4639 5831 10
849 3897 4
2780 8785 4
5396 10427 10
1290 9356 6
817 3237 9
1444 11104 9
1846 7411 2
5060 8417 9
2249 12272 4
7128 8686 7
2605 4854 5
1179 5439 8
3492 6076 1
6475 12294 5
4130 5308 9
270 3276 1
12037 12157 1
2898 5111 8
1391 3538 3
3049 7355 6
1540 3831 6
1305 10309 4
2380 6434 5
4844 5798 3
4577 5745 8
1839 4914 9
2703 9349 5
1753 5126 2
8210 11590 4
9291 11273 7
4545 9072 8
6226 7572 4
2106 8105 3
5708 12072 8
1566 2646 1
2173 5825 9
2581 4105 4
2718 6687 5
10126 11949 5
4313 6732 4
28 879 6
1164 8603 1
4847 12190 5
1127 3357 10
2193 3517 10
5104 12546 10
3944 12445 9
4226 9787 7
1266 9485 10
1778 2878 2
148 12493 7
2087 11238 9
941 6010 2
5729 5795 7
5089 9091 4
870 1241 8
868 11734 6
2402 2984 5
4637 6581 2
1308 2856 7
2703 10606 9
3770 6306 10
3562 4732 3
3611 9502 3
567 5986 10
765 2465 7
3180 9494 3
1147 5656 9
6983 11677 4
2 9706 8
3312 9953 4
781 1102 8
3522 4013 1
3050 10925 6
3956 11721 1
12114 12317 3
11930 12756 4
4821 6455 7
3191 5310 6
1820 9992 5
2492 5157 8
5619 11255 7
5502 6253 6
7324 12880 7
3899 8736 4
3797 7066 8
1254 7712 9
2447 10621 4
1601 12395 7
4194 8187 6
4112 4694 8
3262 5284 9
9990 11231 6
4530 6500 6
4273 11034 7
4117 6155 7
7463 11012 6
4117 7201 9
5406 10718 5
2114 10244 10
5302 11395 7
771 2806 10
6030 12270 4
3260 4645 2
1784 4987 9
3243 8516 9
700 10735 1
819 881 8
2382 11300 3
3471 11875 3
1612 3272 2
4 3827 10
8355 9021 9
668 8550 4
193 1429 9
123 10788 6
1374 4937 6
971 1319 9
1033 2899 6
1391 9760 3
1537 8885 2
7019 9421 9
1816 3801 3
2039 6874 6
3905 5910 7
5426 10768 6
2605 6684 4
2952 6938 7
146 6336 9
5219 7294 10
882 12003 3
5311 7103 6
1789 9832 4
138 12603 3
4901 6397 1
586 661 8
6352 11736 1
3290 7454 4
7336 10822 8
562 10496 5
11393 12215 3
4710 7987 6
5425 9874 7
1743 9902 2
619 3601 1
6674 11243 10
7576 12580 7
3508 10875 10
2811 9925 8
2806 7797 7
2473 12620 10
4075 8991 5
4487 7115 5
324 6391 2
5531 8407 6
5962 11255 3
2974 8735 6
24 5226 5
7459 8436 5
8182 10625 7
89 9790 5
3841 6664 2
9376 10706 6
4411 7145 9
5474 9582 5
1174 5129 6
4806 12597 2
4955 11689 2
109 9649 3
5508 7262 1
2133 11674 3
3154 10952 10
4483 12302 7
8720 9060 2
2698 5760 10
1624 7038 5
2391 8878 6
4595 8450 4
1562 9049 5
3681 6101 8
4992 6176 9
4200 4314 1
3691 7496 6
986 10218 2
2818 7077 7
11449 11749 6
8223 9249 7
5293 9575 3
3213 11873 10
410 1537 3
2751 9676 1
4018 10911 3
1115 10493 8
3945 10107 7
4 5940 9
5198 10856 2
3461 11037 7
768 11279 10
1528 11881 7
2448 10071 1
1009 2916 6
4665 7618 3
2387 4675 3
3242 3656 3
10219 10578 9
12824 12896 4
1451 1574 3
3782 12500 6
8064 10955 8
930 8887 4
8941 9791 7
1817 4280 10
4816 10687 7
223 6352 4
2661 7168 9
458 2404 5
5946 11746 6
3781 4246 9
275 11137 3
5249 7318 6
5767 10466 9
2231 8488 6
3174 3738 1
3977 7171 8
2704 5710 6
3270 9328 9
9830 12130 3
4042 5973 8
5314 5392 4
6879 10719 10
3709 9886 9
4814 11317 7
4048 5949 2
8034 8076 1
7722 10905 1
81 636 1
6912 12421 6
3160 8095 7
1565 8356 6
2785 3345 8
1719 12742 2
7606 10061 2
2276 7940 10
5302 8172 7
537 7669 2
710 2077 4
2954 5472 4
8401 9782 1
10 9712 9
6615 7400 4
670 1232 2
4391 6388 10
860 5148 1
3654 12486 5
41 5820 2
1190 9470 5
1920 8385 10
1716 6238 8
2959 3843 5
5119 7413 1
302 6012 9
580 10447 3
5163 11493 10
6198 11225 6
4677 9113 4
11799 12954 10
2604 4714 9
4043 7165 1
8028 9155 3
210 822 1
315 3860 1
993 4668 8
2050 10410 8
870 11225 9
471 7005 3
6695 6962 1
2622 2685 6
7823 12167 9
10266 10770 3
1375 6073 5
5743 8306 8
693 1127 6
3935 7263 6
1346 11384 8
7395 8206 4
9105 12828 7
6257 6409 7
249 5630 10
8109 9124 4
5933 8918 8
1903 12192 8
193 12502 7
1320 3969 4
4664 6814 3
7782 11995 3
237 3163 9
7787 12828 8
1563 3761 8
732 939 2
845 3399 1
3556 9615 4
9417 11659 7
4122 7725 5
3766 8558 7
6924 9292 5
866 6119 2
5778 12105 3
2964 7952 8
3164 8547 9
4433 5269 4
5337 9096 1
1924 12773 10
798 1043 9
3671 12570 1
6301 10118 9
834 11103 10
89 11917 2
5481 5942 4
3074 6900 5
3174 8575 5
6465 9948 2
286 8107 2
8486 9462 3
3901 11987 9
3768 8630 1
1906 4406 8
473 4621 7
1221 8381 1
9019 9406 5
9247 12832 3
4702 11544 3
2363 3792 3
1788 12439 1
5607 6947 2
1557 9616 4
3205 10120 2
5755 10974 5
144 2983 3
3587 9865 3
1716 3265 9
3971 8310 5
5256 8565 6
5748 12598 5
7875 12781 7
4816 11482 5
847 10679 4
1586 8141 1
923 9455 4
4185 5131 5
783 6606 7
4996 6159 2
3396 10347 3
6791 8840 9
4252 4576 3
10392 11732 8
5021 12233 1
3500 11015 9
3020 11476 1
1926 2232 6
3382 5405 1
7144 8596 1
697 8489 5
42 3673 3
5804 8527 7
6186 9426 1
2065 12249 8
5375 11973 10
6756 11112 4
8928 10408 7
3321 4672 5
2219 8771 4
1433 4210 2
3614 4749 6
2016 6602 10
69 1617 5
5338 10780 5
1009 3179 10
5895 12869 2
806 8571 3
7134 12959 7
1159 8808 1
1338 10338 1
6552 6903 1
627 6233 4
825 3948 1
6522 9487 2
280 2589 4
9757 11172 7
2700 9610 7
1767 6840 9
2910 11870 3
4550 5230 6
3786 5095 3
17 4174 8
9583 10190 6
1032 2963 6
4039 9355 1
1450 3827 4
900 3613 9
4988 7456 8
11504 12970 9
2148 6516 5
1928 3027 5
5538 6381 2
3697 4099 6
245 2265 4
4099 5757 9
2913 5260 9
1651 10803 1
5071 11348 10
2489 7711 8
2946 7166 1
498 3153 10
1334 6015 10
4159 8989 1
6258 8067 2
2211 5085 8
11196 12281 7
7108 11509 4
3664 4681 9
9129 11663 5
2744 4156 10
4831 7581 2
4941 11919 1
5755 9514 9
1189 3822 8
1380 5385 10
1192 8566 4
2639 2867 3
5663 10611 9
7420 8580 8
5461 6851 1
5074 8544 5
6138 11457 9
2593 4927 5
1559 11561 3
3251 9201 9
2103 8490 2
3514 4154 8
12488 12874 6
1289 7944 4
3827 5574 4
2620 10737 8
721 4044 8
4261 4750 1
3384 5162 5
4981 5707 5
940 2949 7
3543 11682 10
2444 2464 10
11096 11190 3
5538 10157 4
8017 9288 8
10281 10494 1
3262 7275 2
2394 9744 3
9460 10903 4
6515 9733 9
10425 12098 3
6386 12207 5
1240 8677 6
215 6602 7
10563 11827 5
1452 1804 7
1104 1239 5
5170 9216 4
10522 10991 9
6351 7968 3
1700 12445 2
2196 5605 6
3304 7125 9
3211 5316 6
6515 11091 4
4550 9914 4
1156 8429 10
1998 3142 1
1163 3714 6
4939 11373 5
4594 5585 8
1798 3570 6
4044 5410 10
2413 2714 6
359 9086 4
6489 10441 3
9377 10152 4
2463 6546 9
5817 6928 5
4192 7993 9
1293 10734 10
2674 12667 1
1437 3858 7
1537 11934 4
2325 10838 2
1883 11376 9
1946 2201 5
9275 9775 8
2669 4891 2
2261 9057 7
2695 7620 9
1341 2774 3
1280 9910 7
1 7983 8
7475 10918 10
5344 12923 1
3243 11904 3
5685 10355 3
1706 12936 8
134 877 2
9230 9564 4
5736 12874 4
2937 12350 7
377 10889 6
11525 11619 8
2048 6984 8
1239 5678 8
965 7566 10
2327 5152 7
339 7414 2
3230 11656 4
11724 12675 8
2061 9092 3
2403 10007 6
4731 11391 7
2899 8914 10
5085 5871 3
2972 4427 4
8392 10369 4
4841 7160 6
5035 9715 10
8092 11418 8
4599 7591 2
2199 3902 1
3908 6095 6
1437 10465 2
2765 6701 1
4409 10070 6
512 6793 7
10419 12980 2
5740 11036 6
1207 5086 8
1571 4696 10
2466 6539 1
2485 4302 9
1509 3411 10
1635 4923 10
4131 4600 4
3141 3572 2
265 8168 5
1187 12249 3
3005 11066 7
3565 7729 10
871 11229 10
2830 4380 1
6343 11146 3
10509 10876 5
4447 11198 9
11683 12517 1
3518 7824 6
4815 12320 9
2868 12302 4
11841 11888 4
8322 9440 10
2610 8746 5
5463 8396 7
2215 3118 3
6355 6566 10
2188 10385 1
4565 6181 9
1269 5827 4
8749 11514 7
1162 12955 8
4265 6318 7
7158 9048 6
5764 7983 8
258 2685 3
375 4282 9
4597 5005 7
1151 7566 9
891 10362 5
6357 6583 4
3318 10539 6
2135 3038 5
1125 11293 6
6368 7841 5
659 3337 10
8722 10420 1
6951 11776 4
1415 8031 5
5943 12032 8
4594 11349 5
9527 9830 5
5033 7351 10
5901 9981 5
6181 10302 6
2820 6928 3
3501 8306 7
3450 8517 6
568 9452 4
2507 6322 6
4995 7025 2
3829 5811 6
9815 12145 9
4184 12096 10
1925 4854 9
9709 10615 6
2510 3949 10
9608 10898 10
2040 9758 2
6656 9714 5
1251 11598 8
3958 11797 2
826 6219 10
4181 6743 6
10633 12007 10
3899 4599 5
3075 4330 9
5764 7650 7
1651 5810 5
6907 9831 6
5219 8542 3
10565 12595 2
571 3023 8
437 11333 5
5208 11551 8
864 5294 3
1423 11570 10
6065 7957 3
5398 7187 8
1449 6648 5
2198 7725 10
171 8822 9
2445 9496 8
10904 12416 4
39 10921 3
4255 6809 1
5603 10397 1
2098 2571 3
8567 9807 6
2568 5006 6
8920 9038 6
3266 11174 8
2302 2837 7
2705 2843 5
2069 2430 5
9936 12295 7
11569 11632 5
2683 10507 1
2059 6998 1
5288 10113 1
4023 12045 1
659 1537 3
5747 6609 5
536 12668 5
507 2397 2
859 10044 4
3166 8245 5
1925 8923 10
4129 6625 4
244 2005 2
7291 11300 9
8089 9319 8
4577 6321 3
11120 12265 3
6301 7378 3
1423 4971 4
2204 12677 9
6983 10008 1
1048 10150 9
6168 8153 6
3247 6155 2
723 8846 8
7312 10201 4
364 3214 2
3085 4884 3
1443 2003 9
1548 2107 7
2772 4627 9
75 8654 7
1716 9849 3
770 7361 8
2807 8190 4
3180 11392 5
3813 9087 8
1995 3302 7
4917 9975 1
3006 6082 4
1 10931 5
3279 11163 2
6466 8878 6
2100 3740 5
2740 7018 5
4194 5329 6
1677 11785 6
366 4522 6
1149 4984 7
4202 6493 7
226 9227 8
9315 12400 6
2439 2860 2
3077 9706 5
2289 3479 5
1079 2754 9
6250 10546 7
401 7199 1
1069 5196 3
18 11384 1
2020 8967 1
895 3120 1
3679 8481 3
1432 5039 6
2953 4536 7
1769 7589 7
1723 7623 1
2604 7279 6
4470 6755 4
3039 4833 5
4043 6531 1
835 2367 5
6039 12555 3
1247 7006 5
2492 10111 9
3682 10320 6
1331 8659 6
9171 10666 3
822 3101 3
972 2007 2
2335 6894 2
1634 3813 1
4240 8416 1
2057 11076 5
6556 9857 4
12393 12831 8
1220 6309 1
6039 6292 3
5763 12285 8
2486 11628 9
318 4855 9
4974 12907 9
2342 5547 8
11012 11442 6
2691 9115 5
5689 6203 2
3322 4614 9
6846 12841 9
5936 7688 10
6949 9182 9
7949 9390 7
2538 3895 4
7866 8840 7
2155 4668 9
2242 8725 10
6393 11146 10
1128 1491 6
5209 6696 2
584 1359 4
619 825 8
3428 12524 7
704 1933 9
4434 4806 4
11019 11899 2
8266 8466 9
5865 9551 4
4314 5859 4
1517 1702 6
321 10140 2
1153 12086 5
5731 6799 2
7024 7224 2
2361 9557 8
157 9295 4
6073 11520 3
2985 3313 4
9024 12948 6
6287 11401 6
901 11239 8
10781 12051 9
4250 11092 5
4344 9172 3
1343 2789 7
3516 5806 9
9004 9310 1
5447 7847 2
10729 11658 1
1675 8777 6
8320 11704 2
5786 7194 5
1902 5596 3
2770 5622 4
766 6581 1
22 7983 1
5163 9364 10
3681 9172 6
11031 12714 7
4452 10766 4
4070 6373 9
623 1368 7
9017 10203 4
880 2629 2
6415 11293 4
6973 12676 7
4406 7974 9
8669 11406 7
246 8708 3
4573 5061 3
9763 10325 3
7231 11378 7
11410 12105 5
1990 3809 6
3672 4213 10
8694 12991 2
2290 10314 1
4989 9656 6
4743 9479 7
3079 7097 5
1929 11984 3
4593 5847 5
4432 4819 9
1918 4797 5
6567 8223 6
1288 3058 4
6072 9709 10
1602 6929 3
4548 6014 10
3368 8618 5
4416 12911 10
12801 12844 4
4765 7738 2
2819 12241 2
4003 4100 3
2947 3060 7
2852 12308 1
2498 4299 9
8749 11026 10
3811 8580 10
6140 8178 5
2162 10223 2
4384 6539 8
2685 5027 8
5549 11881 6
1297 9598 3
5530 12140 1
3008 10350 8
2467 2845 1
2328 8473 3
5267 12856 9
930 2170 7
389 1856 9
1693 9252 5
739 5791 4
330 6037 4
2747 6090 3
1138 1967 6
6461 6656 7
5630 8787 2
4047 10562 5
5640 9480 1
5108 10106 2
1110 4994 6
5010 10807 6
6617 11787 6
425 3243 5
1752 7914 4
7670 11116 7
1636 10993 1
901 8753 3
1321 4254 7
7373 10839 1
4159 11229 9
4100 10018 1
282 3685 7
1083 5658 7
8020 9091 7
1871 11808 2
4097 10142 7
1961 4737 10
9769 10878 8
1023 3956 1
6681 11233 10
2472 7410 4
679 1789 10
2585 8917 7
1551 11089 8
8315 10594 9
4184 9741 10
6021 7144 5
245 1152 2
2494 6087 3
7987 11290 2
10465 12476 4
6249 8507 10
7420 10916 3
12027 12568 5
2667 5681 6
2783 8928 9
6353 7019 1
1721 4423 9
1054 3084 6
5862 8229 1
5566 11085 10
5082 12004 4
6713 10629 5
6309 6406 6
2093 5859 1
52 7217 2
6762 12544 2
6960 9146 9
3108 3815 1
1751 4119 4
1237 9690 1
499 808 9
4590 5839 5
2552 7418 3
8146 9156 8
2291 3553 7
1812 5956 3
6661 10466 10
4759 12773 2
4645 6546 4
209 11666 3
5170 6607 5
5510 9103 6
2664 7633 9
331 8867 9
4050 11083 9
1155 11219 6
636 5963 7
1717 5402 4
69 11033 1
153 7298 5
3400 7773 7
6351 9182 5
5057 6315 3
873 8734 1
4639 8576 1
4366 5689 3
8116 10303 8
1817 10084 1
3406 7239 2
5708 8158 9
3034 5347 9
818 12779 6
653 3225 1
2787 12199 5
3981 12496 7
2935 3005 9
1922 10052 5
1609 10907 7
9822 10896 7
3884 11742 4
2382 10208 1
2652 12657 6
7264 7669 1
326 5417 3
7609 9260 2
5871 9154 3
1614 5962 10
6736 7348 2
4040 11193 5
194 822 3
4539 10485 3
796 11358 8
65 2665 8
2226 11318 9
2890 5550 1
3649 10372 3
2255 7841 8
6338 12887 3
2893 3243 2
4827 12166 2
9735 11952 8
1405 5952 1
3876 4515 1
5809 12685 6
4354 6249 2
167 6431 8
4942 9060 10
1363 10859 10
7243 10152 6
4930 6656 4
794 9745 5
642 11083 4
540 12761 2
5084 9336 8
2236 6347 10
5177 12625 9
3360 9402 4
6434 7656 9
10988 11793 4
2376 4005 2
1389 5577 8
2583 3356 9
6783 7102 9
3972 6561 1
3299 4288 9
1338 5452 9
350 7891 9
10545 11186 4
4052 10084 5
2279 11849 6
1649 5108 10
2247 6662 4
3212 3694 3
6686 9962 8
2927 11404 1
8563 9823 8
2092 4279 6
1979 10054 1
6986 9569 8
2615 4679 5
3815 10269 2
2504 3787 6
1533 12656 10
251 3893 6
2940 4998 3
5788 10442 8
3360 10970 2
5438 10999 7
4501 9603 6
5291 10094 6
3055 9004 9
2878 6090 10
2612 12377 10
5292 6721 9
6147 8115 7
1769 3356 6
1430 9747 6
9664 11356 2
4128 9896 9
5452 7300 2
1326 1927 10
10465 12377 6
1878 6035 8
3763 11016 3
1485 2008 9
1552 9688 7
237 5458 7
4634 10583 4
1301 6376 10
3766 6479 8
3301 6443 7
6554 10153 9
3333 10365 8
2224 6133 1
4314 5178 1
2636 3431 3
10060 12665 4
1663 3214 6
728 10036 4
8129 11432 4
832 10637 10
5618 7772 7
9670 11348 5
7392 10030 10
9220 10650 4
1197 12354 10
2602 3120 9
3477 12876 10
2987 8856 1
217 9564 9
3717 7774 7
7102 12798 5
3628 9886 9
2588 3812 1
2962 10034 5
3921 7145 9
1674 5200 3
2819 6699 4
1446 7991 2
4813 12614 7
3468 8230 4
4366 6003 10
1105 11990 8
9308 10128 2
3558 3943 3
112 2960 4
24 10312 9
5839 5868 4
2596 3203 2
1503 8320 9
6472 6604 4
1280 6678 5
6284 7759 8
6914 12318 7
8393 11634 8
3474 11645 8
2587 5735 1
2862 6186 5
12867 12958 8
2360 7531 3
286 7556 3
686 1346 5
219 2426 3
6790 12304 7
137 8988 4
3410 5681 9
3433 4421 1
1289 7584 6
1746 4939 2
3610 6582 6
488 3852 7
700 2396 5
10596 10621 2
1366 6199 5
7661 9541 4
3701 6701 3
8618 11354 4
2531 2843 5
2768 10299 10
5399 5524 6
2666 6005 6
1990 2886 7
1148 4232 2
3988 11223 7
2058 2864 5
1834 2231 7
3796 11184 2
1751 4788 6
5721 7015 9
6399 8323 1
157 11271 7
3197 12941 8
9184 12549 5
1495 3421 9
108 5136 4
2372 3915 10
5031 6871 9
2920 4161 1
297 1104 3
6784 12248 10
6035 12983 1
2435 5351 4
1344 2836 7
5415 10152 3
15 12915 4
614 12490 7
9222 12427 9
142 4415 5
191 8168 1
2416 12197 4
1865 3529 2
1559 4740 10
4933 12832 3
6324 8547 9
97 987 3
1151 3859 4
990 4587 2
846 6306 9
2784 11751 7
735 9227 6
1355 10989 8
6312 12427 2
4676 7702 2
3226 5371 8
441 5388 5
1383 9684 1
1613 5962 5
3224 8847 4
7455 10118 6
9922 10336 5
1881 10729 1
4111 5442 4
1207 11288 2
6161 9449 1
5312 6646 8
3871 5186 3
3480 11430 3
6134 11381 6
4903 5180 1
1694 10799 6
3894 11769 8
3478 5920 5
9475 11940 10
653 2707 10
6140 12206 3
6270 10014 8
618 3273 3
5478 7595 1
4306 6550 7
2665 12651 6
10770 12570 6
2218 3786 9
8637 10959 5
4491 8961 1
1149 2135 1
4251 9859 9
5865 8879 8
4629 5902 4
4254 9435 5
539 2299 6
4134 11414 3
6853 8683 10
3113 6497 1
1110 5830 4
4402 10019 7
1265 10895 8
3666 11071 6
3571 6779 8
2760 6612 1
358 2688 1
3905 9703 4
2469 3060 8
1508 3679 2
3767 7756 7
1162 1199 6
3066 4834 5
5451 10442 7
7 3311 7
2152 11346 10
8803 9959 10
4590 4697 1
3632 8094 8
5118 5220 4
6740 8877 2
299 12174 9
4558 11679 5
2489 11559 1
10151 11164 3
3389 9155 3
5068 6546 9
792 10368 1
4568 12980 6
2097 4439 1
121 8584 4
2185 7946 6
8570 11229 2
7143 12635 1
538 5577 10
4722 10621 3
3811 11523 2
4534 12910 7
8591 12003 6
4521 10103 9
2236 6623 8
1377 4842 4
2478 6018 6
5277 9108 8
132 7147 9
698 1029 4
6534 7894 5
5874 6718 7
1845 6622 4
444 796 1
2639 8168 10
5717 12749 9
9089 13000 1
95 2082 7
4087 10727 9
2212 3357 8
4142 9814 7
3444 11225 4
1441 5056 1
5270 10518 6
5691 12269 1
7160 11075 9
5303 8208 10
3851 11039 8
712 5898 7
1882 7511 1
5186 12994 2
1991 10597 5
3704 9689 6
2400 4695 8
2311 6998 7
948 10344 4
6417 10896 5
4294 9290 1
2498 2516 1
4266 6203 8
3287 7211 5
83 5996 2
139 578 5
1696 11461 1
3009 5909 3
2822 4473 7
2486 3750 2
4037 5685 9
3006 12733 9
3539 8743 7
5194 10501 6
450 6586 6
3203 12913 7
2690 6708 10
2739 9652 1
1586 6084 7
2651 4593 6
1130 4282 7
4744 11440 9
4492 9877 9
4768 6119 3
6950 9049 4
6436 6966 4
4092 11264 8
4129 5726 10
2824 8916 3
7120 8871 8
165 4366 9
966 11487 3
2509 7580 8
1614 8345 10
8090 9502 7
2165 11654 5
1990 10799 3
2972 12270 8
1034 9671 6
6991 8954 8
5936 7641 7
3134 4674 7
6669 12360 1
5425 9871 4
9136 11375 1
11086 11722 9
1511 8820 2
4809 9399 10
8989 9238 8
4381 6770 10
5137 10292 9
5250 9581 7
3030 4485 4
2386 11523 8
9422 12154 4
1776 3933 10
2909 3802 8
3696 4160 5
1704 6509 2
3993 5782 2
1125 4279 10
1800 6666 4
3973 7585 5
6571 10674 1
2914 6700 7
5244 12454 10
1883 11605 1
7182 7661 10
2258 10120 8
2372 9407 4
4041 11932 6
3425 9756 10
2399 4787 8
1191 2843 6
612 7060 1
517 6467 2
3998 6191 7
1469 10563 7
6135 12334 10
6808 7336 2
4589 11672 8
710 8411 1
8482 9431 3
3969 9287 2
913 3688 5
462 825 10
117 6392 6
2473 9321 4
3689 9861 2
2902 12124 3
6515 12044 7
3384 3699 2
3237 4017 3
5940 10496 3
1867 10945 8
4003 5151 1
3662 9827 8
1585 12734 4
887 3765 4
6159 6882 3
1261 12712 6
2511 11314 4
4388 12604 3
5078 6515 5
3157 9910 3
2017 6433 3
7691 9474 5
4265 6866 1
4301 12257 5
10780 11421 10
10670 11949 4
217 11564 8
5656 11323 4
5215 5382 2
4374 6429 5
848 1545 5
304 2334 4
4776 12396 4
2272 5194 7
1918 2981 4
6852 9065 3
2137 12521 3
5847 11939 3
3116 6926 6
4273 5561 8
10537 12326 9
315 10946 5
7226 12826 1
249 1861 4
2507 6282 5
5281 8598 8
5548 9371 4
5527 8623 1
3646 12108 9
208 11116 3
1703 8248 10
31 4582 9
12331 12372 3
4064 9715 7
1874 2831 3
2278 7492 5
786 5079 3
1781 2999 7
260 9212 8
1376 6397 7
8078 9212 2
4535 12931 9
2367 6009 2
2515 4989 2
5691 7377 9
3450 3820 1
6241 7329 6
6538 12587 9
5969 10712 1
2802 3246 7
115 8368 3
1580 11324 5
601 7520 4
2737 10433 10
8085 9526 7
2466 12631 2
10781 11321 6
2557 11625 3
401 1915 8
1078 6712 2
5439 6063 10
6278 11703 5
3626 5803 1
591 4393 3
4086 5612 4
214 11565 2
205 3197 3
3922 7430 7
2964 8333 3
5960 8752 5
3415 8024 8
3417 10995 8
3456 6714 4
1422 11681 2
1988 12530 4
71 4081 1
6396 10573 5
1999 7667 4
599 2637 6
2541 11785 10
3544 5126 7
1103 11687 8
1407 5169 4
10247 10515 6
4082 11994 7
3884 10142 3
3072 6767 9
3678 9226 8
3222 11210 4
3612 11032 10
925 3787 1
682 9305 2
5617 6038 6
2231 5583 2
5674 5796 7
6016 7378 1
4395 4897 7
6369 9891 5
1122 4971 1
3281 12927 1
362 5288 9
3691 9709 3
517 2422 8
11029 12546 4
4293 9094 5
5074 8527 2
2056 2339 3
889 3632 2
410 2408 5
2266 8035 10
1047 11374 3
2267 10619 5
6656 9567 1
6713 10972 1
1242 1277 9
2744 9406 3
1299 2475 8
6037 6041 1
1711 10064 1
2647 5252 1
3437 11703 6
5523 8043 10
2136 3409 8
5918 8994 5
1160 3819 2
7596 11836 6
6534 12311 8
5595 7697 9
3995 11295 8
220 7786 10
7848 9764 2
7558 11061 9
766 6332 6
1060 3063 5
368 3501 10
4158 10393 1
4185 5325 8
1261 11955 1
418 8269 3
2894 2952 10
6346 7396 3
7822 11154 10
6562 8358 5
5597 5882 5
3334 7026 4
4146 5788 2
4344 11809 7
5539 11648 6
915 3300 6
2218 7186 6
5056 9276 9
5802 6025 5
9524 9782 2
3907 8108 2
1151 9284 3
2324 2391 10
502 3694 1
3044 12084 7
6198 9704 1
3268 5612 6
3395 6757 2
650 9983 9
511 12991 5
3223 3857 4
5329 6672 3
2549 3908 1
5109 10045 1
414 11893 8
3818 8545 2
3345 11315 4
3426 10215 2
1601 4217 3
3115 4011 3
4906 5416 3
1252 10608 10
6965 7027 8
5321 6725 2
2089 5408 3
316 9569 2
1998 5141 5
6637 9484 3
4349 5426 7
3176 6583 8
6857 9719 1
5056 8138 3
646 7470 4
2071 10724 3
1673 10179 4
3727 4321 1
3353 10214 4
3521 4568 9
4397 5566 7
8676 12447 10
5641 5877 6
4445 9821 8
1858 4998 7
5987 8150 5
5145 10523 8
3061 3768 1
9579 11840 6
4503 9451 4
5225 11413 5
674 12400 1
2323 12178 8
3324 11375 5
6237 7494 5
3299 9709 8
2558 7597 5
6425 8312 7
102 5527 5
6404 11753 8
764 11186 5
6494 9365 2
2869 4920 2
2359 7975 8
2123 11821 2
1365 6191 8
1153 7837 8
3970 9640 9
8052 8640 5
1677 3715 7
219 8884 1
4860 10327 1
294 6202 2
1456 5875 1
5194 7531 10
652 9933 3
47 6218 7
8345 10960 1
2623 2762 6
1377 6580 9
2449 11159 1
234 4008 6
1678 6472 4
3974 11165 9
4264 4301 6
2862 12885 3
3521 11530 2
3263 5902 9
1250 1891 7
166 2373 8
2689 6425 1
4759 7520 5
2563 11536 5
5670 5918 10
2345 4156 3
2085 2661 4
5567 8774 2
5387 5709 2
3710 7808 5
777 1422 3
3860 9190 2
1259 8850 10
6389 6528 4
1809 3438 8
1815 11454 10
519 10643 8
2108 11810 4
8764 10639 6
3232 6861 8
3315 7637 4
2424 12970 4
3865 7144 10
2095 3642 10
5357 11016 9
3548 3942 10
5048 11274 3
1648 2485 3
2556 10418 8
8463 8501 6
5783 12149 8
3395 4036 3
283 3527 3
11458 12966 4
1820 8313 9
679 9907 9
8375 12975 4
2867 9398 7
152 491 7
3998 11088 4
1150 2248 2
1056 1284 9
4479 9974 1
3290 8988 4
1052 6441 1
1330 4320 10
2447 5045 4
7127 12394 8
2290 11892 3
3267 7484 2
939 6061 5
3560 8084 4
5985 10262 8
2330 9515 10
562 1392 10
171 1947 7
1805 8404 7
2860 12552 10
335 7346 8
606 2020 2
1152 5886 5
5012 6895 4
2823 4492 8
2713 3009 7
906 4422 1
3439 6426 8
2232 8934 7
2855 6861 2
4912 11527 9
2111 6082 4
1241 7376 7
3052 9824 3
4000 4837 5
4427 5427 4
1153 2207 6
2264 11450 7
5868 7156 10
4944 11527 1
6010 6400 2
1711 5927 4
8998 12379 9
6819 7822 2
2061 4467 5
1434 1627 6
2547 5764 2
256 7558 8
1145 6488 7
5651 5949 1
1031 1305 5
2801 7163 6
6748 7626 2
4305 9453 5
5938 9840 3
9097 11448 7
4871 5180 3
27 6060 7
4666 6921 1
4247 12715 3
5039 11658 7
2626 4078 1
41 3991 6
1662 4494 2
2116 5175 4
8516 8801 2
5177 11261 6
4179 9580 7
3907 9807 10
7524 8007 8
2478 6497 5
963 12417 5
8316 9740 4
1021 10359 9
5720 11265 4
2466 5067 4
8835 9799 2
2589 12275 9
3906 6308 5
3513 4223 9
1859 9129 9
5890 11588 7
9148 11140 3
5425 6063 2
3424 6402 7
8994 9478 9
10488 12802 10
9929 11143 1
3526 12525 8
5282 10151 8
12 12561 3
522 2787 1
6484 8291 4
2745 6397 6
111 3219 8
6303 8788 6
328 7995 6
4915 6481 3
3232 10481 1
5838 9902 4
3282 10361 8
3955 11863 5
1582 4613 8
4886 12642 3
11763 12596 8
11871 12475 2
3507 5156 7
824 5002 7
1572 12572 9
2063 4190 6
5681 11300 2
8358 9385 7
4045 10415 6
10970 11223 3
2125 8357 2
459 2560 8
780 1856 2
1413 3517 9
5184 12133 1
3845 4664 8
6373 9120 9
5366 9760 1
8110 12502 6
419 6301 4
6166 9458 2
2716 9356 6
3174 8540 7
8432 11189 4
2493 4051 1
2924 7314 2
200 11926 3
1670 5577 10
6018 12362 8
7625 11183 1
2734 5588 9
854 1045 8
2576 3472 6
5662 9458 1
601 8723 6
949 3340 3
2405 6972 10
414 12856 9
4914 10442 4
701 787 6
4444 5453 5
8437 12890 5
4473 5957 9
2727 7692 9
6663 7471 5
1556 4876 7
4011 5546 3
331 10935 10
3139 9748 4
1005 4662 7
225 2136 4
7955 8355 2
5552 11716 6
5417 10186 7
1509 10014 8
9064 11602 4
141 9372 6
3070 6048 6
8182 12375 2
889 8134 1
2437 8750 1
5069 10039 7
4229 6488 3
6972 7570 4
391 3793 4
10158 12201 9
5608 10686 2
7018 11591 4
102 3190 6
7871 12528 6
1036 7694 10
6290 10635 6
9795 12383 10
2414 6893 2
2856 4828 10
3658 6653 3
776 2278 2
2660 7770 4
6038 10922 5
3538 7117 6
610 7778 5
51 6117 1
6341 12782 10
4869 5544 1
12564 12734 6
3205 3555 4
3735 11541 6
2746 6696 7
343 857 5
3855 5595 10
3610 3764 10
7913 10660 7
2351 7082 5
4821 9650 7
6915 11170 2
7424 13000 7
10290 11345 10
5629 7769 3
4890 6428 8
2326 7749 5
5482 9399 1
8297 9444 7
1667 11390 1
7851 12914 6
2227 10294 8
9133 11405 1
3274 5314 2
244 534 4
1454 4943 1
389 2821 8
3130 11764 10
4601 11073 4
175 7929 8
1012 1873 5
385 6003 2
4684 5513 10
6551 7325 4
8807 9440 10
2768 4676 8
5110 7049 2
8520 9315 6
4744 12977 6
7056 9840 4
965 8659 7
3066 8988 2
2447 10577 10
907 7781 9
6137 7672 1
4624 7045 4
8825 10588 7
160 1002 8
6985 12676 10
3001 3242 3
5763 8769 8
5909 8722 3
2427 8518 3
2223 6789 1
1813 7922 3
5223 12751 7
3687 12811 9
3543 7493 4
7958 9317 4
5701 9981 9
2693 3160 8
516 7577 5
3825 10393 1
5241 9889 5
3713 8806 4
2096 2169 5
4369 5473 9
3570 6955 5
120 12430 3
7656 11866 9
4251 11690 7
2065 4028 3
1141 10060 3
1659 5198 3
1606 11969 2
3526 6681 5
2997 8492 2
1994 10063 8
5931 7866 9
4196 5050 7
8300 12110 4
1115 4155 3
5232 7925 7
7498 10508 7
3924 11308 3
4673 9332 8
4325 5731 1
4986 6567 2
3301 6306 10
3913 7496 8
1689 10516 3
2362 7999 7
592 1888 9
2450 8993 7
2373 10340 4
4881 10862 10
11413 12885 3
673 11623 4
1157 6145 10
1435 2922 6
1031 1777 6
5087 7848 10
3210 7212 10
4453 5038 3
838 9017 4
2335 5581 10
1699 9842 10
558 1948 7
1925 5629 1
4752 5150 6
9452 10793 2
138 5334 3
2962 4390 9
2512 6990 9
4423 4722 8
2302 3615 4
3627 7455 2
5900 6054 5
1751 5981 9
1965 6794 5
5321 8216 2
4963 11330 2
3231 9788 4
3472 10451 8
544 3594 1
5861 9413 6
1228 8595 9
537 3104 6
443 2771 1
755 2383 1
393 997 6
9605 10200 4
5708 6019 9
806 5275 9
8282 12105 9
428 5536 6
1969 12161 8
4568 6838 4
2855 12395 7
672 2800 8
1215 3330 7
2482 11465 9
5278 6160 7
3227 12700 5
5263 12552 7
4663 5305 6
569 9830 3
4325 7261 9
621 5163 9
3560 4325 1
3106 12339 3
4518 9992 3
5857 12856 1
2835 5892 4
2960 7857 9
4056 8722 1
7864 10539 7
4545 8337 3
3344 6270 8
1315 2039 6
5989 7719 3
539 7221 7
1783 2369 3
959 6727 3
5283 6269 2
2147 11852 6
5935 12734 7
6512 12661 7
1245 1853 3
5647 9191 3
4968 7668 5
9562 11008 1
725 1347 6
3381 3820 1
4801 11790 7
3277 9911 3
48 303 1
4096 9012 6
4116 7620 4
2304 4584 1
8912 12937 4
6598 8325 8
3927 9092 4
1281 3862 9
8535 10319 7
1399 5530 3
2535 7605 4
3418 8170 5
6707 9904 9
1236 9054 5
6287 9238 7
7554 11110 1
2625 9586 7
1168 12063 6
1044 11896 8
1320 5909 8
1737 8860 3
5681 9458 5
1887 2659 3
1450 3216 8
1629 2731 10
6315 10210 6
11890 12426 1
330 1727 1
633 1333 6
3043 3733 8
5148 8756 3
1375 4336 8
2353 8456 1
6799 12060 8
6178 7401 3
5159 9023 3
960 6126 9
10647 10889 1
5604 6281 3
5805 7908 6
915 8990 3
3015 7131 9
628 8051 9
414 5789 9
2570 9289 7
6335 9597 10
1170 11042 1
3466 8842 2
5195 5793 3
5383 8811 10
722 5063 8
82 4075 7
1415 4982 4
1670 5773 2
8988 12920 3
3089 4383 4
5433 10074 3
2015 8404 1
1795 2953 8
1676 3768 2
4409 4411 6
5919 5969 2
1976 4442 9
5524 8452 7
3855 12941 8
1475 2091 4
3335 6697 8
2874 5674 10
4486 4808 1
4422 12026 6
6784 10371 9
2266 10197 5
5325 5548 5
6763 12199 2
4942 11553 6
4418 11467 6
4464 9842 6
965 11538 8
3756 4881 6
454 9519 1
934 10055 10
2332 4292 5
672 4658 7
44 7561 7
889 11360 1
1658 8302 8
6540 10247 7
1077 4499 3
7738 9386 8
985 9519 4
2956 3645 10
8142 10907 5
416 5177 2
3033 5984 1
6544 10308 5
2815 7832 9
4715 9965 4
47 2020 2
900 6676 7
1513 12969 1
8107 12694 8
79 3719 4
1184 11830 10
2238 8879 4
4338 12653 10
5315 9677 2
965 2529 1
136 6787 7
4660 11910 2
3374 7732 1
9155 11817 4
5916 9617 9
1635 2366 8
2085 4979 5
7018 7339 3
2246 10486 10
2678 3602 10
2365 9014 7
2561 10028 10
4618 9295 5
2262 11132 7
1419 10913 1
3614 12776 2
629 4127 4
2860 12001 6
2123 3624 3
2765 11465 8
726 4613 5
3627 6195 9
4512 8099 9
5602 6465 7
2108 7091 5
1479 2985 4
2323 11662 7
2657 7972 10
4068 6521 8
3476 3541 10
1237 6488 1
3706 8089 7
3345 4140 9
6754 7805 2
1254 8321 9
6731 11738 5
6683 11128 3
6653 9608 9
6795 6833 6
4547 5015 7
4488 6556 5
5377 8698 3
5505 7608 9
5292 8112 4
814 5559 8
4895 11526 9
7434 12125 6
1900 5101 5
2502 4124 6
6427 11910 7
2820 8714 10
6135 8195 9
995 4091 2
5613 5800 10
2648 5598 2
1090 8413 3
4027 9074 8
1361 2001 10
6006 8274 7
958 12282 9
5237 10739 9
2070 6171 7
3630 4891 3
274 10853 5
3388 8607 10
9615 10333 4
493 1423 5
4452 4834 2
11579 12307 6
454 11853 10
8956 11110 4
2136 4418 2
761 5842 7
4184 7792 3
506 12251 6
4633 11295 5
9801 9993 4
4612 11531 1
1587 2821 4
7691 8542 5
1315 6593 9
46 12374 1
334 10300 9
837 11160 2
148 2794 1
1306 3565 9
7223 7596 7
1984 3581 5
4004 8838 1
1291 4349 5
6637 11351 2
1431 2801 9
7980 9880 2
8291 10188 8
2948 12520 1
588 2773 4
249 12580 5
6544 8394 10
1394 6471 1
2830 5434 4
60 11659 1
6391 11811 8
843 12785 9
8300 11480 1
3212 3910 2
468 5157 3
1588 6042 4
10660 12340 3
203 4535 8
3873 7611 1
2236 9436 7
6595 10205 4
851 8718 1
649 9158 8
105 996 2
7069 7923 2
6106 8739 2
1584 2248 2
9586 11466 1
4555 12684 3
1202 10525 3
10241 11191 10
10050 11003 4
5350 7318 10
3519 7492 3
1258 3743 5
3483 12579 7
390 9123 4
1994 4016 4
5769 10948 9
4616 5952 9
364 9485 5
239 3288 3
11207 12564 7
738 8693 6
3644 7956 6
2671 9363 3
1839 7814 9
4388 6071 5
4844 6529 5
436 12743 5
3280 7088 1
3504 5976 4
4017 9005 1
4956 11807 10
2705 4551 7
338 7993 9
347 10874 4
4410 5575 8
9360 10179 6
3223 6472 6
6237 11022 3
3532 7480 7
631 11006 4
6135 7316 7
1552 12901 8
2450 11697 1
674 3240 8
7724 10106 8
8273 8934 3
1563 4257 2
186 12823 3
6824 6912 3
402 7465 5
242 11930 7
1931 6130 1
1379 9020 3
2984 5768 2
7929 10255 10
655 9102 5
796 1746 5
599 1807 5
940 3641 10
224 5089 3
6981 12849 3
10034 12096 7
5578 7782 3
2834 12848 5
9655 10930 2
8354 11838 10
3255 3715 4
899 12022 2
5449 11925 6
4240 5192 4
2504 8473 6
2829 8311 6
6085 6408 3
5705 13000 9
2214 2727 7
6242 8302 4
1290 2348 9
3758 4527 6
108 11381 7
8993 11299 5
8905 12975 3
43 2779 10
2478 8065 2
8878 10074 4
2250 12839 4
226 11655 4
572 1107 4
9539 10318 10
284 4154 3
5791 11579 2
1951 5644 1
3469 5754 2
629 5590 7
3028 5704 1
1630 5019 10
1726 9636 10
3465 3695 3
3563 5771 8
1261 2405 5
1672 5831 3
1972 7771 2
3855 6090 4
2267 5978 5
6186 7245 7
133 10696 5
2380 10702 1
1587 3197 3
3377 3905 9
875 3114 6
1755 6366 6
2417 4249 6
416 5926 1
6166 8684 7
3176 3881 9
2156 5787 7
605 8177 8
2959 6366 3
3875 10905 4
6840 7734 3
11100 12764 10
1367 11746 1
945 10971 3
266 9551 9
3214 3389 1
1448 4335 8
4938 9875 4
3302 6408 6
5767 6035 2
4677 12547 10
2327 9188 9
4136 9912 8
4462 10505 6
1682 10882 9
3491 5936 7
384 5386 3
2679 11006 2
191 2252 9
2982 3010 3
3728 9526 6
5609 6833 3
4887 11460 5
1898 2177 2
119 12904 6
1934 10458 1
1352 11477 7
3571 10025 6
1149 4250 4
8734 9213 6
2179 10322 2
10967 12650 9
10132 11440 10
3954 5568 9
3139 9664 6
4325 9045 2
4855 5483 5
7603 10417 10
3948 6742 4
5458 12345 6
55 6448 10
3844 7422 5
3746 5463 9
1741 3635 6
7764 11656 4
1806 4321 10
4113 10354 2
2036 8316 8
814 1497 6
4343 6032 8
6730 7618 9
4820 11790 4
664 1214 8
9167 10305 1
9782 11569 2
791 1323 7
11162 11415 3
1918 3586 8
133 4435 7
1313 7294 3
298 7281 10
368 10707 3
2466 11717 7
6417 11521 9
803 11064 10
7773 10490 3
6405 9739 10
9258 12643 8
6644 11481 2
8347 11079 5
857 7890 4
4052 9157 9
2806 8366 8
117 7195 7
2373 6045 2
3103 6975 8
2072 8357 2
6217 12272 8
4824 12525 6
6099 9005 10
1277 2214 3
4498 6466 3
1294 9676 7
5876 7757 1
319 12120 10
8147 11361 9
2266 11176 1
3755 3831 1
957 12408 6
2134 4835 8
4139 8249 5
7999 8637 9
5324 6090 6
8852 12232 7
222 2910 8
2230 7734 7
1037 4332 1
11446 12674 3
10354 12154 10
834 3985 2
978 7959 3
8270 8872 2
1777 12251 10
70 3143 6
6089 11564 4
6547 12947 1
10081 12180 3
1986 2098 6
5727 9486 8
3095 11758 1
5866 11807 3
2677 3533 1
1121 3390 9
7142 12838 7
476 1753 9
1131 1929 2
5104 12963 4
1235 11977 6
3507 10353 7
8223 11287 6
3684 10234 3
2665 12168 5
4414 4603 10
10669 11932 1
5371 6410 3
8039 10615 8
5998 10822 6
3859 7439 2
9000 10407 6
129 8915 4
3382 4285 5
2563 5323 8
2565 4850 6
3238 3473 4
1085 2391 1
244 8899 6
3671 12554 3
391 10965 6
8843 10566 7
5397 5606 4
2742 5652 9
9414 9596 10
114 7431 7
2437 2674 4
5945 12882 5
2187 2453 8
2476 10978 3
1759 8812 7
6858 10590 3
5241 5537 5
5943 7542 10
520 8697 3
11601 12042 1
4523 6685 5
1803 3572 4
6732 11369 9
8830 11918 10
660 2566 1
3980 10467 9
2476 10670 4
6187 11611 5
2454 2670 2
9439 9993 7
3151 7550 7
2764 7924 6
2887 10086 3
8661 11173 9
926 5009 3
3081 6649 4
9771 11733 2
3802 5603 10
7480 8409 10
6170 7843 8
1541 4507 3
4604 7495 3
1481 4068 9
1811 10269 4
2878 5417 7
5485 5981 3
9901 12321 7
2741 10179 4
8529 9860 1
6115 10346 3
3513 4274 7
3067 4600 2
772 11355 7
6039 8750 10
762 5816 1
3390 12706 5
607 1856 4
9325 12761 7
9280 10884 5
3038 11270 9
1589 5009 7
6358 9587 3
5827 6182 10
4789 9044 3
5170 5824 3
1754 8197 9
3073 4902 2
10462 12888 7
7470 12071 7
4141 5222 4
7428 8213 9
10267 11027 4
1112 4704 6
4071 8505 3
2683 6339 7
7543 12084 5
6568 9578 9
200 3764 5
2331 8116 3
2166 9370 6
3921 9372 8
4814 10989 4
429 11943 8
2896 4711 1
108 12416 10
730 12731 5
1239 3144 10
8987 9807 9
4104 12062 5
602 1540 5
6119 9960 6
1024 5561 2
1435 10106 1
955 2037 7
202 9727 7
1100 8785 8
694 10669 7
2444 10031 3
4042 10906 10
3873 12958 10
4437 6156 2
2473 2487 1
7199 12865 2
867 4618 2
5397 5988 1
585 10200 7
10465 11633 1
256 3295 5
4241 7823 8
9021 10727 2
456 5362 9
1545 3762 4
3481 3714 1
2117 2675 6
1178 12088 3
1555 2708 5
4078 10644 2
3687 6398 9
2026 6524 6
9749 12012 2
8575 10175 7
4708 10350 5
6912 10926 10
2435 9171 5
6667 6811 7
3358 8189 3
1931 7866 7
5056 10771 3
4956 10014 4
3284 12642 3
309 1219 5
1834 9961 2
299 1712 3
2565 6650 7
847 5266 6
4757 5189 9
3428 9464 1
907 2193 5
879 4608 1
824 6754 1
3754 3855 2
546 3101 6
9699 9897 2
3494 6698 2
5226 10405 9
2793 9092 3
5858 7820 9
204 1647 1
2053 9818 7
1149 7314 2
3771 11176 7
3675 12732 9
3556 4675 4
823 5322 9
4193 4262 10
1622 2070 3
11074 12233 4
1309 3526 4
2770 5717 9
225 602 1
6659 12034 10
1093 7995 7
1928 3761 8
4760 10595 1
1302 3680 10
5081 5397 8
2093 12484 7
9086 9743 8
7877 8355 4
3330 9904 9
3996 7355 2
4700 4762 8
5220 12418 5
4098 7966 10
7467 9173 9
92 474 9
86 3738 2
9327 11241 10
5122 11072 6
5286 11326 2
2095 4556 5
2069 5428 9
3043 9551 5
2152 9171 4
12391 12530 6
860 5958 3
3603 6791 5
6232 8185 3
3750 10325 3
7474 9030 8
11033 12051 7
6118 11190 9
7277 8130 1
605 1244 9
2899 5263 4
2540 3499 6
2388 4524 6
1243 2893 6
1023 1443 5
3978 9187 10
469 9824 6
6396 7839 5
2913 3009 5
972 8861 6
3007 4223 10
6594 12443 5
2801 10393 3
718 1649 1
7283 11546 6
2093 12502 5
4879 11660 2
54 3378 8
4771 5963 9
6446 12910 3
4651 12302 1
1364 4920 4
9893 9928 10
3939 5283 10
2383 3577 1
2692 5619 6
5719 8944 5
317 11061 9
8103 9950 5
1650 2158 3
3714 4332 8
847 11889 4
3190 3482 7
7977 12190 2
5813 11388 1
64 7681 2
2034 2129 10
270 11742 4
2270 4221 5
5910 6809 3
2942 4401 2
8600 12748 10
4254 5508 3
2102 3538 9
3189 9755 4
6159 11946 2
6051 6646 4
2677 3983 9
5982 11141 8
2071 4080 2
1399 4386 6
5912 7472 6
2016 7009 8
5341 12910 6
5635 6591 6
3927 10750 4
7318 9050 8
3640 9213 7
421 11057 1
7651 12429 5
1173 1295 8
6808 8613 9
3310 5228 5
1417 6589 1
7262 12439 1
2797 2837 2
1272 2577 10
6518 12845 10
7827 12834 10
1154 4149 10
2575 3965 9
11128 11742 2
8292 11842 8
2591 11953 3
2905 6463 8
2773 9738 4
1771 3111 4
100 9682 9
1827 9639 10
1447 1509 6
2484 3174 1
2168 6699 8
594 8937 2
2388 8265 7
7288 8736 4
6257 11719 1
4213 7516 3
386 5150 7
8303 9211 1
6947 6991 9
1601 4016 4
1387 1417 4
1520 10325 7
5111 8013 2
394 5177 8
758 798 8
1215 11354 9
2691 10671 3
2065 5712 9
3534 8848 10
3684 9642 3
7602 12864 1
1551 6054 3
1164 7579 10
2138 8126 4
6037 11174 4
6176 7075 2
4304 6627 5
1726 3258 6
335 3620 1
1148 4324 2
4789 6757 9
1408 1662 4
3032 9290 4
4786 11139 1
7088 7786 10
6222 6859 5
3110 8982 8
1728 8649 5
5219 12265 2
4635 5500 5
478 2240 8
551 1456 1
2423 2886 5
236 8545 3
4181 10432 10
2264 8099 3
144 1704 10
6726 8781 10
1806 12951 9
7062 7906 10
2326 11741 6
627 1582 10
12084 12558 6
5129 11254 10
1757 4670 7
4985 8787 6
3805 12288 4
247 3513 6
2780 8127 1
4384 10147 1
3410 6049 5
3415 10397 7
70 8458 2
10351 12546 4
784 1966 5
4051 11394 3
1507 3591 1
3529 9632 3
195 4986 3
3017 7265 4
729 8819 3
6556 7019 3
1969 11562 5
3083 12021 1
5682 11312 4
2209 12335 2
193 3111 8
7182 9937 5
3509 8406 3
2100 4024 7
1629 2480 9
2871 5064 4
1737 4439 4
7479 12788 4
325 8067 4
3093 7543 9
1897 6218 9
3318 5596 9
1778 6575 8
4376 8473 4
1824 10569 8
2220 7567 2
1426 1563 6
8309 11032 2
1039 3061 7
5050 8537 3
660 8905 4
3587 11283 7
4494 8139 6
1212 1399 9
2033 11818 7
2833 6717 3
7410 12142 8
6289 9639 9
797 6099 7
9175 12877 8
8549 12206 4
56 5031 8
1960 10069 7
4274 6606 6
4473 5652 9
9163 11007 5
1086 12105 5
4575 12069 7
2218 3428 8
6654 7881 10
582 12181 6
3750 6131 4
8065 11732 4
2046 2437 3
681 1954 3
4155 6610 2
690 8145 3
5719 11599 3
3543 12810 4
4477 9966 10
1753 2350 4
8215 11980 1
3708 4428 8
4731 5466 3
2055 4146 7
2682 4538 7
6865 11424 8
2475 7103 10
3583 12374 7
1229 1831 7
3744 8772 1
710 9886 6
2352 12010 5
1266 4865 1
1245 12631 6
1568 2271 2
6376 8806 2
4124 4419 10
1083 5651 8
1120 2546 7
8000 9212 2
2066 8424 2
1919 3070 1
1080 1480 7
4504 5834 6
1078 9176 9
8871 9671 9
1716 6192 1
9470 12085 4
2256 9350 7
3374 11473 5
1584 11911 1
7260 12542 5
2857 6832 1
7622 9928 4
4952 8237 1
137 12881 9
1593 11028 9
8257 9746 4
1365 12626 4
1267 5226 6
1625 12729 3
2772 4885 8
1261 8443 2
844 2307 6
3344 9339 9
7992 10356 4
8338 10450 5
3116 4473 4
4102 8413 10
484 11934 2
6033 11990 7
1392 11716 8
3162 10059 8
9631 12389 10
2445 5572 5
446 6652 9
3570 5810 8
2439 5649 1
792 5256 9
3124 4012 3
7992 11587 6
4614 8568 6
5536 8864 5
3660 4047 6
2708 10705 4
3063 6019 2
9246 10956 8
10776 12932 2
1246 9881 10
803 2353 2
844 2330 3
165 6828 4
6883 8312 3
4446 6711 7
2659 2676 10
3284 4044 5
5328 12728 8
358 6545 8
4960 11318 9
5663 9293 8
3738 11298 10
4950 5690 10
378 889 9
5421 8856 8
3655 4307 5
560 6666 5
377 7369 8
1656 6492 7
4915 11169 6
7948 11598 8
1581 7593 4
10742 11595 6
3439 11565 5
3131 8965 1
5649 5942 10
2595 5696 9
5007 6154 8
263 3689 10
4104 4880 2
102 3057 7
5007 9187 5
8276 11813 1
3908 9971 9
2477 12378 8
3841 7109 9
2267 12614 1
1043 6006 10
3624 10973 8
883 7822 8
7396 10319 9
2843 8778 7
106 584 2
5085 6352 7
1999 9453 1
3111 5368 1
9867 11755 3
139 12484 8
1560 4901 9
1025 5820 8
3789 6965 4
2826 3211 10
5220 8616 5
2741 8299 2
4907 8507 9
1292 1965 9
1310 7893 5
5802 9457 6
7287 11378 7
6154 7104 10
3602 5273 6
2451 4962 2
676 8455 4
5664 6684 4
4477 5697 9
703 4769 3
5092 11260 6
2869 10263 2
855 7790 4
1894 10664 3
3819 10717 1
6958 9272 7
903 1778 10
5665 10456 6
6251 8587 7
4173 4175 9
3609 7313 1
1622 11107 10
5977 6479 1
2220 2736 6
5761 5774 9
599 11499 10
5057 9530 1
191 6635 5
4225 4909 5
9883 11810 6
3260 9470 6
2315 7615 10
2936 10672 3
9161 9427 9
2171 8572 2
5291 12727 1
2917 5292 5
653 5405 3
1215 7970 4
3649 6454 7
10074 11814 2
1830 4861 5
658 3594 9
1968 3587 5
4227 7687 9
5143 5801 3
5611 12212 3
10320 10360 1
569 7777 7
1889 9722 1
1344 8601 10
1193 6495 3
10642 11130 1
7131 9257 4
116 3240 10
8037 12820 4
829 10840 10
4960 9391 4
2847 11040 8
2070 4339 7
2230 12570 5
2404 12002 4
2208 6538 6
8305 12151 7
7 128 10
2340 8950 9
810 2730 6
582 9010 1
3795 7545 1
1288 10495 2
1207 3775 5
10324 12950 5
2117 2851 1
2719 6777 9
758 11973 1
2100 10457 3
4863 6078 6
1551 11188 3
4275 5129 2
4332 9074 3
5057 9682 3
3944 11506 6
5844 6351 9
4745 4938 8
3506 5936 9
1918 2895 2
6033 7270 10
5467 12668 8
5155 9191 1
8709 12042 7
1775 8149 5
386 10432 4
2735 8875 2
1190 3555 6
983 8976 9
1322 12089 8
520 11736 9
229 12145 10
4872 5232 3
3927 7118 7
5711 5819 4
3203 5007 7
7291 10929 1
4136 5759 6
884 3986 9
1823 7318 4
1420 9809 2
1294 2948 6
3978 4118 4
8991 9252 1
73 8788 5
2801 3175 4
2505 10342 5
861 7899 3
5611 10729 2
6341 7592 10
10789 11840 10
3359 8535 6
3458 12323 7
9460 10049 2
4177 7284 3
1333 6026 7
6555 12826 10
8593 11709 1
7452 10912 7
8710 9099 8
3294 10442 8
9056 10761 8
316 7382 8
113 3959 4
3710 9412 7
5407 7176 10
88 7212 10
4014 4246 8
3356 4111 3
5559 12276 2
2743 2954 8
888 2221 2
10999 12594 4
320 2841 1
6670 11102 9
4047 7767 5
5431 11916 3
9255 12008 7
11976 12396 4
1233 12648 7
5669 12263 3
1914 12339 10
896 7707 10
291 2219 6
507 4863 5
4435 9872 7
33 12597 7
3319 9522 10
280 6921 3
6760 8493 7
4861 6880 7
10657 11491 6
406 4840 8
479 3525 4
179 6428 10
6182 11496 7
21 1758 2
4814 11978 2
5975 7843 10
8060 12250 5
4771 12625 10
11012 12099 3
2600 7211 5
1964 3209 3
2974 5426 9
6539 12239 4
234 12005 8
4755 8049 10
4755 12291 8
81 5041 6
3390 6278 7
4222 7539 8
3760 10099 6
3777 11986 3
3068 9432 10
1394 2212 7
313 10984 2
5378 11856 8
868 11553 6
9131 10721 3
4880 12784 9
62 7071 9
3054 9624 2
917 8461 1
1472 1754 7
2512 6235 8
7303 7310 7
2193 5986 9
6254 7181 10
2837 3563 2
956 5320 2
18 4014 1
3119 11286 4
1628 6792 2
309 3677 5
651 11988 2
650 10753 2
756 12874 2
2230 6332 10
11221 12337 6
4438 6807 10
7228 12022 6
5547 7330 9
8514 9284 10
2893 6219 6
1226 3038 3
1143 2891 3
506 11611 1
1692 8821 9
7386 9520 7
1391 8193 5
3471 10337 10
283 5103 3
3892 4499 6
8067 12229 7
2377 11035 10
3422 5628 5
345 4086 3
460 2074 7
443 5177 10
1781 5933 9
7489 8021 9
4966 10547 5
3842 9014 9
3193 3646 2
4753 9314 8
4752 7736 5
3679 8356 1
4318 8762 3
3556 12681 6
132 1323 1
452 3495 3
6771 11336 9
1665 12821 5
3871 5617 3
7892 10028 2
3430 12286 6
11696 12540 4
3948 5688 2
2771 4664 3
3515 4862 10
2216 12632 1
9411 11184 10
5437 9682 5
7230 10625 3
4681 5332 2
4244 7652 3
1273 9807 4
921 3670 10
8688 11432 10
508 3628 3
6597 10750 5
7782 9026 2
2077 11598 9
4943 7148 9
201 6079 10
939 8063 10
9804 11691 5
5604 5623 6
5002 7413 7
1002 2086 7
4258 10162 2
6530 9815 8
3147 5528 4
4413 6407 3
3920 8895 7
2579 4202 3
4989 8827 8
1932 7172 8
2318 5911 1
4586 11711 4
2136 3953 1
5156 12127 9
1898 3303 3
5053 9589 8
1316 7170 7
5870 12185 2
2231 8501 1
2072 6969 5
5225 10592 7
8210 11152 4
4188 8296 9
3896 8244 6
417 510 3
4646 5135 5
4298 10219 8
514 3542 5
4756 5732 4
2493 9649 10
3594 7940 3
8186 12187 8
6446 6687 8
1212 9135 7
3496 5959 9
11897 12187 7
814 1249 1
4087 11291 3
2600 7531 10
3213 6240 4
3871 12829 5
4851 5351 3
7424 11284 9
1864 4954 4
5795 6963 3
5007 6949 4
7662 12811 5
2440 7897 2
3032 4879 6
4670 5171 4
1053 6001 10
2656 8283 4
5505 12307 3
1336 10568 2
9463 12879 3
1295 2923 4
1656 6033 10
2465 6567 8
3469 8873 1
4352 4986 6
617 2342 4
36 7734 10
5989 11464 6
6376 12667 5
3116 12649 10
1388 5493 9
1657 12796 5
9791 10215 1
2359 3511 6
4845 9568 6
2082 5858 1
2320 11598 8
6186 7828 7
4198 4845 7
2283 5536 3
2551 6241 3
3450 6506 4
2623 11608 7
342 2284 7
1645 3360 9
4263 5586 4
2246 2928 7
3741 6262 6
2715 5800 7
4451 4496 1
8634 12002 8
5876 6543 9
4345 10953 1
1682 5806 4
1151 3308 7
3240 3821 3
6999 11352 3
718 2751 8
1976 6527 10
6455 12373 5
2233 7543 10
3436 9281 4
452 4598 4
6526 10447 3
2014 2156 8
2163 8079 8
7373 9985 10
5267 8622 4
2078 5162 10
7 10559 8
4801 5194 6
3260 7515 1
1973 6789 9
332 1851 8
2701 11270 6
169 9290 10
997 6466 4
8437 11847 10
4864 11950 9
3961 11945 1
4370 12818 9
4975 5958 1
2511 4262 9
6533 9520 3
8934 8950 6
2875 3369 6
3566 4567 8
12464 12572 1
3056 10712 7
1366 6653 4
3648 4342 2
10145 12074 6
848 5747 1
11352 12200 10
483 10762 1
1080 8566 8
1132 12448 1
773 2147 7
3162 12049 10
2871 6668 5
7166 7344 6
2094 10222 3
7890 10872 2
5206 12805 6
5232 10918 5
3975 6267 5
1255 1658 1
2340 12112 3
10487 12919 8
4266 5232 9
2682 9871 4
2887 5116 4
4309 5943 2
1065 2481 1
5288 5579 1
5978 8512 1
4882 5694 8
4629 6401 10
4178 8979 9
81 6615 9
1851 5522 3
557 2347 5
6821 7928 10
2025 11233 7
1937 12234 3
1151 12812 3
2463 5269 7
1225 10865 4
1418 2709 7
1592 3977 4
2128 4949 8
2316 6278 1
8396 11368 6
1837 7449 4
4408 5207 7
5888 6140 5
1230 6481 4
6278 11343 2
1035 5323 8
726 8968 9
2262 9526 10
3406 11585 9
368 1223 6
1878 12800 6
7612 11185 1
518 5662 2
3929 5340 7
1690 6435 8
2236 12081 9
5047 9006 10
1861 5343 8
4554 5368 3
3417 6557 10
1819 7594 7
3576 9062 4
1167 1788 9
8182 8788 5
4849 11487 5
4683 12426 7
3056 6401 8
4921 10567 8
1259 4499 8
1917 10710 10
3893 6703 9
794 3131 4
3750 10280 1
1593 1803 4
10759 10789 4
2704 5299 9
2222 3185 9
1012 4169 5
1997 4420 9
2834 10909 6
3538 9029 8
2538 4390 1
1092 4368 5
4862 7159 10
892 10004 9
6105 6867 7
1370 1585 9
2278 7799 10
3104 6105 8
1827 3990 6
3623 9812 3
3816 6211 10
2888 3472 8
3783 7991 7
4609 12226 9
95 9239 10
9608 11511 6
5356 5422 9
3204 10679 3
3821 9174 1
1322 3348 6
1100 6003 2
7427 8112 3
6942 11224 7
4883 10976 5
1417 1631 9
908 918 2
4550 10599 1
3142 12538 8
4452 9368 7
7025 8738 3
973 9155 7
6606 6946 10
2688 4443 10
1563 5922 4
7997 8920 3
949 3731 2
2651 5117 5
4798 7400 5
6328 9446 7
651 12272 3
5129 12910 8
6459 9175 5
4842 9401 2
4860 9464 8
6730 11726 7
5215 6909 7
1884 8212 7
815 7168 7
2917 3788 8
4380 5962 9
3731 8730 8
3803 4054 2
1025 5055 2
4694 5097 2
9705 11450 3
3884 9194 7
3345 8969 5
1171 5700 3
4912 6769 3
9391 12123 2
5085 10736 6
3031 12455 3
8721 10030 7
1322 4177 1
5453 8885 3
244 2859 2
1415 10174 1
1720 2091 8
459 12022 10
401 1205 3
1868 5341 4
6245 6437 2
468 9615 2
6427 7869 3
3659 10093 4
5815 11823 8
5679 7028 5
314 6555 1
1607 1666 1
1851 9508 8
1640 3323 4
10503 11684 7
623 6728 8
5984 10880 5
3798 9136 5
2194 9132 3
1252 12413 8
192 325 5
856 9419 1
764 10230 8
8523 8566 8
5847 12658 1
9563 11963 10
4622 11396 4
6512 9324 6
1726 9761 3
1316 1704 3
180 11792 3
6085 6616 5
5974 8892 2
9891 12452 2
4296 5386 3
1258 3715 1
6416 11015 3
1413 5248 3
8512 11596 1
3110 7522 8
8265 8671 9
5196 10762 8
4589 11761 4
976 9390 7
2340 8942 7
496 6464 3
322 1129 8
1444 2244 3
4663 5332 6
1618 5830 3
7030 12309 2
2719 5778 8
3510 11260 9
5604 10743 1
5106 9849 2
3203 6611 4
5233 6552 2
7270 9881 7
1617 12548 7
13 2083 1
2247 3645 6
2706 5582 1
3095 12100 5
383 6877 9
2430 4677 7
7681 12169 8
9449 11250 7
1350 5423 3
4840 8570 4
3106 12020 3
6301 10297 9
5026 7194 3
983 1090 9
1216 3459 5
2587 9550 6
2376 8386 5
54 1879 5
7427 7476 5
2739 7036 4
4233 12609 6
8646 11130 3
4805 10099 3
980 10576 5
2815 6819 10
1391 3334 7
5892 6390 5
3533 8589 7
9008 9774 8
2814 5891 3
3236 5711 1
5684 6661 5
3626 5334 1
5198 5885 6
669 5546 1
2433 10052 3
9837 10463 5
1026 10839 7
2872 5729 1
3778 9901 6
6115 10522 4
8852 12997 1
764 3867 10
6380 7364 3
3713 6020 6
4471 6962 8
3764 11661 9
1198 8132 3
9449 12419 8
3469 10630 10
6116 6990 2
2540 2703 9
4150 4518 2
5582 5755 2
1420 8495 4
4020 7900 5
871 5143 1
6286 6743 7
2697 3935 7
2077 6700 6
1564 3238 8
5247 8967 4
7290 10205 4
8268 11386 8
8250 11260 10
6057 7129 7
8408 12641 5
2782 7451 1
7214 8821 2
204 11558 9
7355 12179 3
1657 3831 7
3307 5100 3
2063 6982 7
4572 6090 4
2659 10932 7
1089 4784 9
4352 11113 2
6049 7757 10
1131 2586 1
1339 5704 9
10678 11340 10
672 5239 2
7123 8359 2
6635 10874 8
1625 8100 4
724 7249 8
8026 9727 7
4677 5846 2
6082 6705 6
3363 12690 1
644 3161 1
534 11940 8
3055 12669 6
219 6264 4
1494 10836 4
279 2036 8
3534 4325 1
666 5404 8
6626 7046 7
3503 11364 4
2395 8483 3
1058 5862 9
8407 10726 6
1701 5783 6
6031 8721 4
7436 10072 8
379 12026 1
5619 9213 10
41 12264 8
3512 9550 5
923 9301 7
8387 9142 7
6739 10023 2
1519 11553 7
4563 6305 10
2902 10689 3
924 4433 1
746 5384 6
2010 4509 4
1724 12511 6
6161 7004 3
1297 11471 2
2333 7211 1
46 4696 7
3234 5863 3
8952 9985 2
930 3525 5
565 8097 4
6117 6633 5
1182 12480 7
425 2056 5
2445 7238 2
1162 2428 9
2698 6827 10
4194 7805 10
1422 3029 6
5003 5780 10
5380 5950 2
6949 11876 5
2909 5775 6
3389 6763 5
2916 11313 5
4896 12260 6
1050 12074 9
6755 10336 4
7725 7878 3
4619 7998 2
2494 9434 4
4317 5788 1
2763 12482 9
452 12837 7
427 12513 7
2245 11385 10
63 9275 1
6896 10505 7
5940 9938 2
680 7422 6
3046 10329 4
1718 8839 5
4378 4876 10
166 3404 10
4125 8116 6
2839 3805 10
6162 11160 5
1455 11577 2
1232 9601 5
6333 6817 4
1412 5127 2
3102 7078 2
2550 8768 5
1670 5893 6
3876 12343 9
1404 5562 1
9173 9978 8
2926 3033 6
3975 10998 6
7343 12254 9
2586 6271 9
4510 10809 4
678 4507 8
145 5686 9
1899 6610 2
552 1263 4
2674 5014 5
1228 7871 7
6370 12754 4
5677 6788 3
1392 3873 5
57 2137 3
3941 12322 8
2577 9730 10
211 5305 9
1574 2450 10
4865 6765 2
5381 6517 4
3510 8995 8
2325 11314 2
1216 5833 7
2014 3242 8
713 6292 1
7278 9000 7
1390 4914 6
5140 7408 7
2556 10699 6
269 9430 8
1593 10712 1
4477 11750 5
3623 7390 7
2813 7285 9
2893 6397 7
3507 9972 8
10288 12690 1
8483 8750 2
1816 4400 4
3789 9437 9
4124 11513 3
880 3142 10
1334 4022 8
6003 12732 6
522 8255 4
2536 6517 6
9962 11060 10
10310 12140 1
861 8963 4
7607 12663 7
185 1430 3
808 8242 4
3472 5039 10
1925 5603 9
410 2076 10
1173 8194 4
117 2636 4
6555 9387 5
2909 8477 5
5555 9528 6
497 4221 6
4400 4969 8
11777 12426 6
4614 11082 9
4572 8021 5
504 3199 6
5807 8583 7
3190 4557 10
3301 12110 4
2452 3778 3
3987 5711 5
53 3204 5
859 6344 5
2767 10144 8
4101 5966 3
2936 10346 1
6682 7786 8
4187 7540 4
312 10712 4
3185 5759 7
1285 11989 10
1848 8991 4
8819 11871 7
6453 7831 9
1167 8103 2
487 6934 4
7028 8763 5
863 7116 5
3576 11598 8
1229 10030 8
7144 10386 5
5631 9449 8
2202 5360 8
1489 10187 8
796 1130 1
6442 10803 5
9853 12399 6
3764 7754 1
2965 7551 9
3349 7796 3
1889 12347 8
3472 5262 9
3052 12868 6
1181 5448 9
620 7832 4
2835 10128 10
1782 9843 1
7698 11700 4
7120 8531 9
3323 4094 7
3598 5299 6
324 9499 3
4843 12534 10
3288 4424 9
4769 5079 2
1694 9771 7
4028 12633 5
2818 12443 7
4581 10369 2
2976 12218 9
6948 10898 2
2284 11560 3
7436 9069 9
1968 10396 6
1148 9005 1
9938 9990 8
909 4286 8
1160 5970 3
5431 9582 5
2729 12445 6
648 3950 1
4637 12203 1
4784 12676 2
1495 4227 7
289 2594 5
8224 8605 5
1461 4546 7
2947 8268 10
5052 10146 8
1704 5502 9
3721 11796 8
5751 11708 9
6204 12641 8
1543 10023 1
4545 10822 5
2039 4596 8
899 7750 8
7465 9135 3
1348 9400 5
1426 8326 6
2175 5571 1
3188 8538 10
6891 8173 8
1459 11153 8
1937 6247 6
133 6537 8
80 4964 10
4017 9634 10
1271 1721 2
10465 12518 9
1530 7553 8
3833 7695 9
1471 3428 1
1369 9778 10
614 663 5
758 6172 6
2286 12637 4
4036 5060 2
764 1839 1
4576 6111 10
1463 7130 10
2339 9411 4
494 8486 6
4944 7396 5
9193 11207 2
6434 6596 2
5429 6534 2
694 5953 7
5741 7552 5
3979 8327 10
935 1914 3
5644 6252 10
660 3174 8
2185 2550 8
4089 4986 1
5020 6678 3
2598 9871 1
207 9368 1
3660 6150 6
6645 7489 9
5527 5879 3
3486 8400 6
3579 4045 7
3408 11394 3
6704 7546 5
9498 9789 5
2436 9161 10
5196 6657 7
2201 10743 5
7099 8111 3
3707 8759 7
5334 11831 2
1207 4677 6
4683 10761 6
368 8839 10
3948 8199 7
8416 12556 3
2437 10010 6
9217 12547 3
10505 12044 5
1451 6329 6
7806 12304 4
3607 4865 5
179 5735 9
9360 10544 3
5293 8462 4
3080 9464 7
5723 12809 4
7436 11469 8
903 12967 9
1758 10615 9
1753 5207 4
1920 6405 2
2707 8050 7
2985 8761 7
8467 12676 5
1098 2418 8
5526 7801 10
3185 10028 6
5689 9753 1
4286 7436 2
5723 10203 8
3489 5282 3
1637 4787 9
4890 11892 10
743 12872 9
2993 4557 5
6477 6718 3
2301 6701 7
5192 8999 7
638 5757 9
329 12803 5
3580 12330 9
4336 5115 2
4258 10276 5
1483 10613 4
4674 4839 2
7621 10543 7
2162 8462 2
688 9852 8
1066 3769 2
503 3380 3
3441 3538 4
7189 11212 3
4093 8951 10
6962 10465 6
1015 7035 7
2193 8028 5
5206 6300 4
2573 8971 6
1430 8047 9
1317 2703 8
686 6379 7
221 3627 10
565 6775 4
67 3238 5
2455 3039 7
2281 11689 3
223 5018 10
2271 6051 10
646 6386 5
2671 6881 7
884 2013 4
445 11807 3
5561 12025 9
1106 11971 9
2114 4330 6
2796 4389 3
638 10082 1
4695 12859 3
6304 6649 9
5215 8458 4
468 6705 1
11783 11912 8
4470 6288 8
10024 10841 2
2911 9447 5
1574 7764 7
2030 4523 7
5114 5658 3
2926 8291 9
3491 7264 2
5773 7848 4
4649 6712 6
4469 10879 8
1452 9033 8
607 3185 2
5776 10399 6
10751 12654 8
740 3615 5
3307 12764 4
2508 9852 4
146 11725 8
3692 4734 5
1539 5721 9
10349 12337 7
2600 4449 9
6860 12619 3
989 12341 5
10774 12984 2
1728 4028 2
821 9535 4
728 5556 7
1233 3946 4
329 5070 7
4986 6703 2
840 11412 2
1798 12651 7
5529 8630 7
6086 10827 9
4181 4271 2
9238 11750 5
5170 5658 4
3743 5019 10
2074 2523 7
6008 9761 5
7600 8756 4
3593 4367 10
1388 9539 4
6615 9475 7
3439 7956 9
5082 12680 2
1981 2964 9
2564 8642 6
7786 9254 10
1342 6277 7
3082 10882 2
3140 3204 7
104 11468 3
2623 6606 7
3820 5916 10
4748 7097 2
7306 9348 1
2377 5537 4
3790 11603 2
1030 1966 4
8741 11121 8
6748 10181 2
925 5410 1
3651 11357 8
1172 7277 10
3774 12035 4
414 6792 8
6550 10344 9
9583 9731 2
4065 4906 5
1908 3168 9
230 11079 2
5353 10784 5
5726 8344 3
1257 4934 8
4028 12911 5
6717 9499 8
6518 8274 2
3260 3764 8
5366 7380 10
2555 5925 1
750 2567 3
552 1355 1
2807 8254 8
3768 5065 5
2782 5255 1
910 6247 7
7238 9075 9
1085 6390 1
2483 12234 7
1122 3118 8
137 3288 2
7489 12227 6
1616 2009 9
4685 11768 6
2729 6198 3
1835 3426 4
5397 11108 6
8990 10696 6
2784 12417 2
3136 10546 2
3359 4038 4
6766 9150 6
9532 11272 5
2588 5951 6
6297 6928 3
11609 12142 1
1516 7317 2
2793 4627 9
3375 11885 5
4353 5832 1
1332 12763 2
1406 6444 6
4047 7337 10
5076 7860 8
2555 7945 3
7488 8289 9
6607 9455 2
3582 5765 1
4557 7923 5
10750 11943 2
2153 12707 7
3731 9005 6
728 3196 9
3746 3935 3
3426 3700 7
2876 3434 10
630 5023 4
465 2496 1
9139 10807 5
4019 5232 4
4550 5904 7
6954 12164 7
8152 12123 4
852 9071 3
1126 10480 2
4046 11772 6
645 2099 5
2677 9358 4
2904 8276 6
6182 9017 10
8862 9193 10
2803 3156 9
990 2205 9
10134 12863 6
2370 5153 7
3462 5924 8
6569 6746 8
7433 11019 5
2839 2932 7
1079 9089 2
137 4289 5
5307 10202 6
8310 10041 4
4611 9136 8
5796 7288 10
6500 7313 1
11041 11585 3
2595 6737 5
156 9934 9
857 7701 9
1461 7902 4
8631 12280 3
5274 7146 4
4117 11184 1
6030 10876 3
2067 2096 3
826 11770 10
898 7596 9
412 5448 10
3182 10931 10
3425 10492 9
869 9835 9
5976 9231 3
5220 11373 8
1997 7217 3
8308 11172 1
1995 10587 2
3385 5858 3
5097 12290 9
1506 2736 6
9951 11891 2
3165 12880 7
2425 10639 6
6313 6984 3
5801 10078 2
1720 8599 1
2222 12427 2
2726 8546 4
1157 5606 5
6986 10372 4
4292 6379 8
4274 5282 9
1207 4085 10
2340 5356 8
2399 12532 9
1148 8098 6
9133 9376 9
921 4353 10
2891 6754 2
11249 12710 9
1221 10654 2
1772 4772 10
254 8413 10
2184 5384 6
8508 9922 6
2052 8771 6
2225 3624 7
958 1167 10
1620 6701 6
548 9197 2
1419 10010 4
1811 4215 1
10477 12550 10
1575 8939 7
1175 1585 8
1690 3008 3
937 8498 9
642 10116 8
10575 11622 10
4465 8553 7
5829 7495 4
3117 11367 7
5250 6338 9
198 8133 3
1957 6993 9
1845 8674 4
2271 5005 1
4704 11369 8
2289 11152 1
4023 9738 9
2985 7633 8
863 1774 1
4529 6551 8
7009 8296 10
2150 9041 8
7880 10736 6
4418 8394 9
6248 6784 3
9616 12474 3
5799 9755 5
5449 9965 6
980 5105 10
2152 10225 10
4028 4137 10
2530 5532 5
2427 5941 3
4675 7738 5
12495 12961 3
3644 4584 1
3206 4040 4
3794 9266 1
3223 4124 2
3934 12996 1
609 7076 9
2344 4982 9
5906 8921 5
2703 11458 1
721 3059 4
10027 11011 10
2958 10283 4
3511 5696 8
1549 5155 8
10156 10821 10
6765 10058 6
4088 7209 10
3101 3527 7
613 5019 2
3129 3949 5
3881 4935 1
2155 5475 4
549 10071 5
1141 7891 10
3293 4844 2
577 9526 9
1839 5854 9
4502 9478 10
4939 7514 8
6974 8606 10
7309 11903 1
3651 11232 10
2325 5516 4
3863 6896 2
5326 7244 8
4250 5640 4
6629 11491 2
3939 5255 10
2922 11448 5
2046 12278 3
5679 8980 2
7238 11362 8
5047 7514 6
2456 2546 8
1534 4923 7
2156 3283 10
6052 9056 3
341 9273 6
16 7781 5
208 8417 10
3155 10115 1
1277 7478 9
3528 6522 1
3803 11100 9
12743 12973 10
616 3240 3
2505 3414 4
4820 8075 9
1958 5413 3
277 1848 9
4329 10125 8
8164 8685 3
5593 9982 6
7084 10543 10
3527 12707 8
10268 12119 9
3532 6818 10
4228 6317 4
2165 8942 4
3928 5500 7
6829 12895 3
4481 8189 9
638 2920 1
2195 10085 3
5018 7700 6
7245 9474 6
4226 7218 10
5187 11602 3
4937 11522 3
752 2691 2
5572 9964 4
4355 11845 6
7104 10970 3
2827 5420 2
1948 11319 1
99 1529 4
1274 11842 2
6119 10304 4
6446 8110 7
3851 5890 4
3537 7090 7
8711 9955 3
4450 5942 4
745 6541 9
23 10189 9
1355 6548 8
3007 4969 10
5702 10539 2
7992 10021 8
9826 12093 4
5775 9173 9
1016 9273 1
1743 11414 3
5292 11755 9
9815 9835 10
3697 8150 4
2674 6698 8
9682 12869 8
8062 9812 5
520 4939 10
1018 11756 2
5538 10306 6
9531 12234 10
2284 5853 7
3178 4129 8
396 4094 6
1984 6378 3
4957 5576 7
6339 6512 1
8101 10603 9
2590 11707 5
2926 10715 2
8837 11670 3
7251 11142 8
1810 8235 4
272 6218 8
1579 6251 7
470 6563 10
117 3196 9
4500 11349 1
8633 9074 2
5211 12136 4
6434 9411 8
8253 9077 6
6480 12951 6
6165 10045 3
3508 6057 5
3098 5873 10
3179 10273 8
2873 8120 10
5905 12386 2
3255 9387 6
7312 12171 10
5855 7299 2
5923 8269 3
997 5943 7
5902 10323 4
1870 2653 3
3242 7901 7
1470 2828 5
3154 5792 4
10328 12674 10
2409 7286 2
2879 12899 8
748 8770 10
3001 6970 9
5879 9381 2
1164 4851 5
6490 9938 4
1396 2972 8
72 9872 4
6096 10594 9
221 7113 4
1688 2046 3
2526 10917 4
1220 7371 5
1967 12632 10
4687 8560 9
1440 9945 9
7776 12573 5
566 4239 5
1985 2661 1
546 4603 1
227 5486 5
5871 10980 6
9987 10753 2
2576 10086 1
4779 9052 2
2534 2847 9
3875 12313 7
3652 6607 5
3694 4861 9
2958 12298 9
5120 11300 10
1160 11358 10
1589 3701 1
6661 11797 6
5539 11396 8
2227 12571 7
407 7955 6
2890 4338 2
5142 11989 4
2385 4946 1
962 5003 6
798 6529 7
6956 8899 8
8850 9847 6
442 11086 10
3318 6929 9
1280 11300 10
6068 9657 7
611 7483 7
839 12576 10
3241 10670 5
5242 10808 4
5235 10836 6
337 6263 7
4705 10211 2
1094 8771 10
3267 4955 2
2260 7058 2
4889 11003 5
2709 11329 10
6403 8252 10
838 6952 2
5501 8434 5
9271 11637 10
3895 4368 6
7152 11967 5
6463 11392 6
6716 10919 8
3055 3632 3
5197 7787 3
1042 4073 2
1954 12968 2
2165 11894 8
6935 7405 9
1868 9957 9
855 9917 8
1363 5489 8
9044 11138 8
7849 11585 4
9565 11925 1
947 3090 10
409 5546 7
163 4590 5
6328 9874 10
5658 7571 7
3208 10839 7
2930 7791 6
309 4860 8
1016 6526 10
2845 11032 8
4117 10565 9
1223 2959 1
3078 8290 1
5890 6800 2
3616 7940 10
7350 11500 2
4858 4880 9
2156 4201 10
5541 5788 7
1202 3311 8
6884 12815 9
4890 6621 2
5593 8087 10
8429 9808 4
2134 2707 8
2223 6873 10
2709 6076 9
3497 9413 8
1422 10806 7
281 9228 5
8993 12143 3
7813 10770 6
11519 12905 4
1112 2744 4
1220 8796 7
1708 2319 2
826 3361 9
1139 6831 6
689 4610 2
3254 7599 1
5403 6629 4
6175 7178 10
4817 6054 4
9746 10794 4
7815 10366 6
6681 11574 1
2960 4201 8
2171 8375 3
6797 12446 5
3027 12690 3
4942 6424 4
10781 11381 7
1764 8691 3
4112 10970 6
8182 9572 8
4790 5224 2
558 4045 7
365 6939 9
12 12739 8
562 3003 8
3755 6214 4
437 10653 2
1577 4775 9
5129 5763 8
6234 6528 10
3605 9009 7
5107 12997 4
9404 12084 9
6752 6913 4
1020 4117 4
1442 2454 4
6504 11764 8
6761 8499 3
2863 3011 10
6668 10439 1
4331 7007 7
2253 5047 1
7446 9700 4
6453 12746 3
650 4615 10
12168 12322 5
1186 7388 9
202 341 1
2246 9903 8
6083 12952 9
1939 11324 9
618 12750 5
6585 7473 9
1853 3497 9
1253 6954 8
2173 9136 6
537 4731 2
6969 12368 8
3576 11208 4
393 3152 8
5361 9321 2
2334 4868 8
1216 6502 2
1563 3129 4
159 1135 7
784 4783 5
9057 10321 8
1320 11779 3
717 12268 6
2092 12886 10
8504 9824 8
1854 7056 4
662 2583 9
578 12775 5
194 3523 1
6854 7528 5
1481 4481 10
4295 12543 6
4271 9793 10
2850 11384 2
969 12754 2
440 11262 1
3808 7577 1
2896 7996 9
3055 6339 1
4938 5104 10
3220 4350 7
1722 4119 9
2931 5830 8
2826 10563 4
1722 5786 7
4338 12176 8
1437 10852 3
6695 12225 5
8502 10913 2
3494 9365 3
4861 5834 5
798 12717 7
3435 11852 5
2420 4568 3
2323 3087 2
5796 6790 8
1371 6690 9
2243 5589 1
4471 10001 1
6933 11052 6
4999 10153 2
1790 6344 7
3443 5288 3
7043 12398 1
6348 11968 2
4463 12921 3
3691 9281 3
2142 8763 6
4782 5984 2
1171 6785 8
860 4723 4
7699 11894 9
2712 6906 5
3777 8827 9
1528 7796 5
8353 12476 5
1085 2788 2
3749 7647 1
2908 3891 7
1185 9019 9
7410 8304 6
2052 6433 7
5384 8003 3
364 3190 5
3260 8955 7
8147 12669 4
2067 10028 6
10583 10924 4
3239 4239 3
5312 5449 5
2432 3544 7
2716 10008 5
6147 6175 10
341 7961 6
1037 8006 5
797 6301 6
5518 10932 6
4733 11076 10
962 8468 9
4770 6811 8
2111 7679 7
3721 7112 6
4180 8989 6
2497 4368 2
1151 8258 1
4371 4747 8
1703 8286 6
4848 10929 3
3824 6028 9
1922 5741 6
8407 10431 3
2357 11776 4
6977 12941 4
5774 11242 9
12395 12582 10
2365 3378 10
1578 10929 6
1894 3980 8
6499 10773 6
2592 10455 3
12768 12980 6
8080 8377 1
9099 12692 10
3154 9898 5
3791 8139 5
296 6152 4
4168 10580 10
1443 9885 2
509 676 4
11178 11179 10
7076 7399 7
854 5227 10
1010 1287 6
3471 3893 9
565 1970 9
2225 11683 8
737 10251 3
3031 5049 7
2217 3645 4
1891 7950 7
2691 11188 6
4513 8075 1
4559 6687 2
582 8086 3
8713 9843 2
3818 9421 3
223 921 5
4656 9604 1
4040 11531 8
3609 8408 3
6273 10742 9
5118 10646 4
1035 1998 3
4097 6845 9
3715 11145 5
1798 5674 9
179 495 10
1403 5456 8
5570 8804 10
3197 6407 3
5488 6672 7
5690 7057 7
1580 5582 10
1527 3484 9
2199 3529 5
7679 11276 9
3475 6038 5
84 9941 2
3016 5149 9
501 1643 6
4637 6551 3
8247 11101 5
1111 12266 10
16 2528 3
4660 12809 4
6165 10396 9
4000 10450 2
1353 10385 8
4364 11191 2
942 8363 1
8043 8226 2
2906 3298 9
15 7826 10
215 3956 8
4823 8499 10
230 1118 6
904 8367 7
855 6512 4
6624 7154 3
4105 11589 2
4280 10776 9
3384 6199 5
892 957 1
3896 4837 6
2188 2736 1
5911 9951 10
1367 11307 9
1153 8430 2
721 2518 7
3907 9491 5
4124 5847 7
3911 8999 10
144 7217 9
2645 3935 3
11011 11592 3
1613 5633 2
2616 8950 6
7949 9959 10
2329 10857 7
1561 8710 9
3668 5971 4
1755 5738 10
7029 12502 10
138 1827 2
1658 2686 2
3441 11755 5
2516 6013 6
3468 5668 6
3802 4919 10
532 2847 4
1001 3456 4
4007 4211 8
4461 5845 6
7821 9585 1
4005 5176 8
6515 7654 1
1941 2859 2
1694 10683 4
3855 9473 3
2804 7292 9
8808 9491 4
1161 7845 2
4737 12606 2
3824 6420 4
2590 12630 7
1141 8090 8
287 5212 7
1539 3129 9
9012 11563 5
895 10167 10
815 9293 6
2746 3045 4
88 3726 7
4465 12698 3
9709 10335 6
227 935 1
1972 6055 1
9073 10181 8
1119 7743 3
1966 9909 7
3809 6777 2
3836 5726 2
2346 4343 6
12440 12519 6
4114 9739 10
4496 12908 4
9166 9515 7
7147 7870 3
2 4276 9
780 4472 10
6445 7196 5
5641 6965 1
1535 9115 3
6962 10742 10
6482 11814 2
825 9215 10
172 1737 4
7055 10663 9
3736 10876 1
3919 10813 2
2577 8494 9
4337 8291 4
1074 2244 7
6221 11205 3
616 4792 4
5678 6153 7
1725 6763 9
9610 9851 10
2738 11872 1
281 3667 3
4133 8763 3
1704 4925 1
1124 11028 6
4958 6967 4
417 5326 5
284 4033 2
2192 9536 2
6952 10904 5
6362 10205 10
2758 7741 4
7214 12241 8
1126 1472 1
2073 6716 9
5833 12032 8
2498 11668 2
490 6346 6
724 5026 1
5503 12636 6
1418 4835 1
10315 10630 7
1145 12027 3
593 10723 4
3878 11203 7
1093 8468 8
9423 10796 6
1422 11145 2
2193 4323 10
3387 5889 7
696 3608 7
298 2330 3
759 3823 10
4495 9099 8
1184 11870 5
854 5016 10
2249 6764 7
2160 12573 3
1263 1389 9
7887 8141 8
2253 7390 4
333 5429 1
3991 8126 3
277 1971 5
5156 8646 1
5097 5920 1
3024 7220 6
9217 11440 9
4071 5486 2
1685 10709 2
163 687 6
1072 6806 4
307 1681 1
2842 8623 7
3740 9734 5
3380 6330 7
1529 11009 3
3129 4475 7
7547 11653 3
3541 9474 3
4705 9050 9
7824 10096 6
1163 3064 5
2656 5880 5
2014 2633 3
1789 10142 4
588 5543 7
5629 11008 8
1360 2617 6
6713 12414 3
319 889 7
8727 11669 10
3282 9941 5
11674 12095 4
3046 7023 10
11917 12475 2
276 2964 4
126 8933 1
6376 6632 4
5507 11593 4
8351 8635 5
5566 5595 5
1751 5980 1
9546 9917 4
2435 11789 4
1626 4689 1
5021 12555 4
5697 6767 2
2419 12034 2
1542 8374 4
1110 11769 1
1536 6531 8
4716 8095 8
7840 10301 3
2621 5670 7
1838 1947 10
3326 12093 2
3293 10424 8
2118 3094 5
4733 9272 5
2995 3000 5
8507 10003 9
8040 12925 7
3432 7324 7
1981 5182 7
1024 8526 6
6137 6622 2
6373 8789 8
633 1894 3
1134 4328 9
4821 9481 3
1754 9668 9
3822 6397 8
8046 8292 2
265 7560 7
2514 6621 3
4228 10687 2
2262 11460 5
5953 10805 5
8097 9674 3
1694 10816 7
4557 6821 4
2163 3077 9
3641 5016 7
2468 6050 10
8673 12359 1
5840 11836 3
3194 7260 8
16 3572 1
45 4549 8
3532 8008 2
390 6756 4
3185 12906 2
3172 7293 8
963 5269 5
7086 7999 9
1205 1939 3
3976 4986 10
8884 9094 10
1630 4570 7
132 6438 2
6491 6653 7
4469 10179 5
9587 12057 2
2863 5306 4
6205 6336 4
11783 12542 4
5473 6997 9
6302 9695 8
2545 5084 5
4588 8311 2
395 4460 9
336 4210 2
2946 7573 4
3690 4495 4
1607 4611 1
856 4763 3
2303 7878 2
2464 3242 4
3058 7759 1
4956 8797 10
1652 6036 5
730 3990 5
7795 11779 1
1988 7749 7
6173 10354 6
9441 11642 6
386 9774 7
311 4606 2
4859 8415 2
7458 12588 10
3335 5234 10
6325 10090 9
2739 9078 8
1102 9455 5
528 1599 8
5054 11604 7
4795 10847 10
195 4451 10
6653 8262 10
2779 5697 1
4748 7183 2
6982 8818 7
1143 5668 6
6167 8134 4
1525 10131 5
1302 3382 5
3289 4837 6
1248 6987 4
5423 6394 3
4471 7916 4
2790 12226 10
1401 4794 2
2102 9209 3
1390 3660 10
5140 5997 7
1393 6158 2
1327 2859 3
2566 7087 10
3035 3824 10
603 8775 10
6464 12554 9
5226 10818 2
713 10100 7
742 6280 9
3720 6587 1
2442 12932 2
3119 3216 9
5595 9292 2
1201 11728 1
808 3765 10
464 9025 6
6709 8797 7
4392 11317 4
2271 10821 5
2396 2605 6
1032 4560 3
3161 6599 4
5580 7116 1
4208 11045 2
1749 5649 8
2415 8710 10
3902 5889 10
9888 12181 1
5543 12490 9
2660 6374 1
447 10211 7
1740 5743 9
3387 5831 9
1606 9041 2
6345 9190 4
4994 5101 2
9369 10735 6
733 12634 10
3196 9919 4
10186 10784 9
2761 8734 1
1244 7913 2
2111 9250 8
4888 5643 2
537 6361 1
5844 9799 4
3766 5507 6
4946 10522 9
786 1133 9
3059 3473 3
4420 9979 8
3546 5646 5
1991 12461 10
1244 2738 7
496 7214 9
1116 2691 3
4021 8725 1
3847 7698 2
4845 6370 2
1023 4231 7
2315 6520 3
1058 9475 3
305 2357 4
4303 12061 1
3487 5693 8
216 5322 3
10142 11010 4
861 6559 5
1643 11867 4
6132 8621 4
844 12480 3
10916 11503 3
6351 9660 8
1657 12510 7
2045 8036 5
922 3859 7
2348 8364 7
2446 5063 2
6560 7955 5
3652 5122 5
11075 11311 10
5438 9175 7
107 5999 6
4505 11910 9
5653 11331 6
2356 9910 1
2786 4723 6
5601 11266 9
4637 9429 1
2237 5463 9
289 6960 4
4344 7148 10
319 7388 10
702 4581 8
1905 8807 1
2285 5047 3
4224 8955 1
10335 11633 3
7955 8893 6
96 5786 10
222 5238 7
8327 10931 2
3902 12432 2
3567 9305 8
6006 8490 10
9977 11271 5
1415 6277 9
284 7272 9
11542 11886 9
2210 6999 4
5112 7481 5
1000 4663 4
2485 5774 2
8214 8981 5
4409 5715 7
1733 10842 5
4890 10851 9
3339 12793 7
8428 10138 5
7813 11965 10
6288 8299 5
111 4521 2
1257 9759 9
10182 12785 1
1164 5642 1
3287 9652 7
3854 4058 9
1700 2111 6
7355 12751 2
2382 10620 5
1344 2223 5
1468 6700 4
5258 5402 10
3165 5819 10
643 4158 4
7069 10305 1
3744 7905 5
9438 9668 10
2485 5253 1
849 10742 8
6142 10445 7
2127 10713 8
3846 6648 2
7819 8604 10
8918 11884 9
1983 6182 5
4811 7314 2
3668 12940 4
1994 10656 4
4618 11809 8
6489 12463 6
1557 10432 4
2911 12936 2
516 11583 6
5231 12859 7
2873 7862 3
3003 11755 1
1028 10008 4
1468 8728 5
6204 10285 5
583 2711 10
1081 12807 8
11289 12726 7
1155 10380 3
4038 7453 5
832 1085 9
5353 10789 8
1044 9268 8
1578 11570 10
2814 4045 1
77 11286 3
405 4322 2
5633 6405 4
150 2067 1
1324 11475 9
95 7351 1
1412 7940 8
1897 9698 8
2467 4843 9
71 3483 10
1566 6913 10
4520 5824 3
3087 5109 3
2737 11849 2
2403 4425 1
3575 8775 5
2941 11938 10
2024 3395 10
308 8630 10
136 1999 8
728 2766 7
1194 11498 2
1269 4884 10
3417 9176 9
1286 4295 1
2912 11664 8
2146 6800 9
9009 12286 7
2839 9693 9
95 12006 4
2163 8886 2
1386 12426 1
4409 4527 1
4526 10079 2
4748 8099 1
7023 10315 10
125 6425 10
300 11160 3
2316 11840 10
2366 3519 2
5492 7378 4
6163 8625 10
2159 2822 1
3216 4419 1
3905 4447 2
10314 12073 8
3967 10926 6
4527 6522 4
1094 1922 9
9206 10007 8
4212 7654 9
3893 8855 7
6245 9249 3
3668 8884 10
4525 9782 7
2184 5318 3
3331 6696 1
3691 6223 9
5395 11536 3
4028 5747 3
5099 5808 10
2098 3931 3
7133 8348 2
84 8906 1
2444 5212 10
405 11561 5
2741 12479 10
5895 6568 4
3758 10556 3
305 3456 7
3606 7306 2
4174 12532 6
865 2661 10
4063 10961 10
4226 10985 6
2537 5091 5
592 11951 2
6615 12462 9
4655 10120 9
2551 3028 3
4140 9287 4
1703 11941 8
2098 9500 7
69 2270 6
2083 3328 1
2351 2411 1
2565 2886 7
371 8653 7
5906 10126 1
12330 12482 10
4221 11733 1
2372 10130 5
2596 2904 4
4655 4832 7
8236 10087 8
8965 9705 4
867 2009 3
3328 11334 9
98 1107 2
5011 12250 10
4252 5704 7
1629 10815 7
3792 8824 1
5639 5957 7
10734 11022 10
2677 6096 4
1849 5593 10
4436 5312 5
7038 8536 4
3311 6140 2
2221 11671 10
10968 12543 9
3625 4410 3
4973 11602 10
11561 12151 4
7778 11011 5
9659 9794 4
2430 10229 3
6449 8977 2
549 4665 6
9116 10529 8
3255 6080 1
9160 10052 4
9782 10252 4
4614 7920 10
249 347 10
1084 1908 9
4154 9324 5
4975 9644 2
2174 5860 9
7887 9875 2
7911 12445 3
5250 10081 4
3670 5577 5
1397 12091 7
1743 4690 6
5211 10360 10
562 7553 2
5492 7756 3
249 9511 8
2154 7164 4
1309 4023 9
6750 11750 6
3361 9536 6
8088 8429 9
7089 10582 7
4969 5116 9
863 9832 1
3508 6385 1
2126 11413 6
3113 6173 5
5613 9234 8
1287 10545 6
1777 3570 10
242 6794 10
2069 6351 5
231 5530 2
4895 6989 4
3219 8899 2
784 1280 1
288 10701 5
819 11783 3
5433 8563 2
2264 6062 4
247 2808 4
7469 10700 1
1343 11471 10
3047 6307 2
5543 8194 2
3030 10971 10
3307 9349 2
155 1768 6
8253 12924 10
8478 11937 4
828 1706 7
1657 1787 3
549 5767 3
5338 9898 9
6412 10866 4
473 2674 7
172 2286 8
1586 5288 6
2863 12531 1
6785 8331 6
2570 4058 3
5560 12023 5
3842 7300 2
1150 2508 10
2521 4405 10
1156 4827 7
4138 5037 1
455 10337 2
4877 5885 10
5811 10572 1
2409 7745 6
6286 11948 9
3085 4187 8
7364 12485 7
7387 9711 5
606 6072 8
7548 8002 5
9806 12147 8
6046 12321 5
5659 6089 2
5750 10023 4
8276 8922 1
4537 6002 3
1905 8973 9
727 12974 1
5689 8382 3
5038 8191 10
8205 10445 6
3770 9939 7
6195 6508 3
465 3322 9
9086 12150 1
3234 5125 8
4389 8192 4
654 9426 7
1415 1753 4
10059 11778 3
4300 5953 9
2074 7473 3
5455 5993 7
1958 6446 1
2035 7231 9
1022 11838 5
8859 10164 9
2468 10419 6
749 1211 4
8764 9921 1
1136 1848 7
3115 6415 5
3170 5350 3
6421 8435 1
4107 4447 10
7021 12236 5
5662 5849 8
3069 6436 4
2730 12847 4
6052 12349 7
3752 4093 9
7900 9348 8
12692 12966 1
4087 12574 6
1705 11164 1
1499 7383 3
1808 5034 2
5867 10406 1
4044 12935 6
3679 12474 1
1292 7792 3
292 5696 1
3079 6151 10
3023 12506 10
3633 8600 6
2608 5296 8
4355 10886 1
10561 11857 6
5453 12745 9
547 7017 5
12080 12661 5
10190 12103 10
5507 6681 1
5058 8436 2
3137 7760 9
2584 4760 1
296 999 3
3945 5134 3
7333 12655 10
14 4252 1
7754 7880 1
2642 6496 9
5618 5719 3
6971 9356 10
6823 9758 9
4485 8605 6
11381 11395 9
1301 5475 9
6199 8547 8
974 6477 2
5223 7764 3
764 12673 5
880 1381 10
5001 11476 8
2276 10901 6
3892 11365 2
1350 6554 5
8123 8429 3
1613 4416 5
1091 4651 2
4933 7907 2
6031 8463 7
10084 10223 2
6071 7790 1
1700 7073 7
4076 4941 5
695 1380 3
1166 11731 9
6801 8232 10
3931 12980 4
6643 9256 1
1151 4110 6
8626 11475 2
7653 9808 9
2171 11414 2
2438 7396 5
2623 12459 7
3504 11332 1
449 7257 7
5113 6292 9
3812 4443 6
3961 10306 6
3984 5627 10
5546 7437 5
1415 5325 3
2248 12608 5
4870 11203 6
5865 10682 10
4656 4681 7
11852 12239 2
944 1119 3
1218 5364 8
4723 7864 5
4717 9680 8
6497 12838 8
230 9629 3
577 9288 1
3403 10336 8
2143 5703 8
3360 6666 2
359 657 1
796 5157 3
2367 3182 7
4495 6420 9
3947 12796 4
5862 12518 1
5779 6491 8
655 8859 10
4242 4693 5
3885 6615 5
4348 7391 10
11535 12081 3
1439 5416 7
3739 8817 3
5181 6319 2
5755 5936 2
3222 9595 3
4481 6722 4
6385 11465 2
5882 7710 6
1347 5310 7
11996 12102 5
8072 8660 5
1398 3811 6
66 4662 3
4710 4740 5
1147 6926 1
3135 11608 2
250 4296 1
505 6948 7
11713 11929 8
4766 9245 2
403 5812 5
6071 7860 9
5339 10471 8
14 11710 2
2029 8484 7
4558 12176 3
1326 4011 8
2555 4699 1
227 4484 2
5690 11751 1
6172 9119 1
2251 9150 9
487 7732 1
879 12796 8
5733 11066 1
4300 8834 3
1546 11818 5
2805 9860 2
9872 10446 2
9085 10643 2
1465 4640 5
145 11690 10
4995 8844 9
801 4865 4
3299 3972 5
258 12170 8
5902 6669 3
7376 11433 5
1152 11461 8
5103 8752 1
2228 3930 5
192 2461 8
4059 7024 2
1953 8150 6
115 10311 6
2651 8443 6
11188 12358 2
592 5460 3
5050 7854 6
3565 3754 8
4025 8600 1
10891 11585 4
1064 5282 2
8759 11370 5
6365 8910 3
2441 10073 9
4504 8553 9
1238 5493 3
1353 6764 4
649 8190 7
1967 11655 8
3339 5862 8
3222 4562 7
2528 10409 1
4936 11279 6
2161 10277 7
998 2946 4
307 4720 10
2657 12858 10
755 4743 3
7603 11987 7
5461 6563 4
2627 2872 9
602 10221 1
5383 7877 7
7312 10636 10
8839 10101 5
3900 7912 4
8093 10143 6
6328 10133 7
10540 11513 1
1450 12969 8
3097 5516 5
1637 2151 6
2919 3537 3
238 10609 7
6933 8434 1
2398 11090 8
1217 7189 6
3202 12422 5
3997 9335 2
3673 11193 8
7084 7664 10
2257 11200 10
688 5508 8
8278 11012 3
928 3376 4
3420 7034 8
8802 10619 8
174 2587 1
766 6224 6
2459 8174 1
1521 4036 6
6127 10756 10
3751 7842 5
3509 6747 5
2176 8958 5
7376 9538 5
6243 7041 4
5087 11384 7
11746 12891 7
4311 7657 8
6147 6156 2
2430 12935 9
5621 10733 8
1167 12399 8
4046 8473 7
7009 12691 8
1579 8904 6
490 12583 3
1326 5612 4
1488 2750 2
4583 4920 9
9401 12535 9
8970 10759 9
4662 11024 1
4875 11278 9
8118 9963 5
2323 5908 1
311 2706 1
7733 12866 7
3659 3842 6
317 2066 1
7985 7989 1
343 3118 2
1484 8852 9
8220 9583 9
5699 8730 3
5602 10606 4
1686 9246 6
885 3964 4
3721 4991 8
6611 8671 1
6312 6864 1
1624 7614 10
1841 11433 5
1554 8725 6
361 4937 10
2916 4781 5
1192 4767 4
3536 11446 5
96 6169 1
5614 8648 5
2313 4782 10
3630 4144 8
3731 10799 3
4500 7430 3
2239 2568 2
536 12052 5
3884 11322 5
2355 7470 9
1356 2535 1
4148 10750 1
688 11795 2
8888 9775 10
1561 6427 5
5708 9645 8
1755 2964 1
1520 12381 7
1786 8316 1
1362 1838 1
4672 6266 1
821 9234 5
5202 7564 10
8708 10227 1
6735 10134 3
9730 12526 4
3010 4924 1
11797 12903 9
1222 7663 3
430 12635 8
7475 8233 8
5545 7269 5
3662 5741 7
4020 12078 9
4004 5799 3
5101 8293 4
911 3929 4
623 4061 8
2286 8896 3
1927 7295 3
147 3974 4
6085 7442 8
4890 6547 9
10085 10146 4
6670 7843 2
4599 5636 9
2868 9646 5
4326 12713 6
27 6573 6
1901 11530 10
6059 12478 7
2522 12460 7
3993 5588 2
3788 10357 8
2055 12283 6
970 8672 10
992 5586 7
1617 3470 7
6495 8706 8
2279 8340 7
5678 8378 8
9565 11442 10
33 5169 4
2528 4192 4
3019 3109 2
53 9064 3
8071 10284 4
6904 12507 7
676 2686 10
3259 10645 9
3571 12360 4
2302 10969 1
81 4650 10
2943 12555 9
3235 4307 7
1291 9856 6
10276 12499 8
675 1626 1
1260 11662 2
1601 3295 10
258 2970 1
613 8043 4
1812 11021 6
6661 8418 4
3440 6835 6
5795 8048 10
9903 12292 7
2156 6401 2
1121 10924 6
3338 12215 2
2474 5986 4
4752 6083 10
946 3275 6
1224 8170 2
6751 10402 5
8691 11321 6
5518 7241 9
1189 5988 8
3911 6966 4
1793 5417 10
4147 10661 7
5953 10108 7
5671 10263 2
7666 12621 1
772 2775 10
4089 11990 6
6574 9280 1
73 8160 7
1002 6363 5
4061 6114 5
3897 11212 3
5287 10886 7
152 6538 3
5490 10839 2
401 7443 1
9419 12011 7
4248 6406 6
4463 11832 9
3734 11364 3
312 5622 2
931 8387 4
10762 12292 2
7462 8928 6
1707 2775 10
4755 8870 9
2545 4579 6
7915 12726 2
5737 12298 7
2600 9624 1
1676 7408 3
4699 8793 1
5183 6861 10
5048 11149 8
1258 9787 1
5020 5809 9
6579 8114 2
4430 8027 3
3986 9583 1
6885 10664 10
6081 7559 2
905 8082 4
4027 11930 5
45 1683 10
4727 5116 2
4332 5958 9
2616 8468 4
4717 9701 8
2692 11613 7
5379 9650 2
2506 4860 10
8215 11583 8
3518 8544 6
8663 11998 6
4191 4825 7
405 11258 4
1973 2295 10
3255 8712 6
2917 4286 9
6278 12389 1
3886 9888 1
4731 8633 8
7252 11116 5
3009 5765 9
195 3705 7
1636 3120 8
4231 12231 6
703 2314 3
439 6740 1
11910 12120 9
681 4070 3
3399 5630 8
5597 12795 5
2722 7305 3
3335 8299 4
11218 11979 5
3659 9170 3
12033 12836 6
5916 12121 8
2978 4185 3
177 7369 8
2229 4020 7
3967 5903 5
7057 7823 7
1261 11840 1
5658 9522 3
152 10894 2
5934 9010 6
252 10977 9
36 512 8
6456 7137 6
2777 7981 2
7958 12517 2
2481 8913 6
5776 10963 5
9452 12143 4
429 509 1
812 2283 7
919 6883 10
1434 9762 1
265 10574 10
6481 10728 6
195 2862 7
383 3140 5
1380 6700 5
2608 2635 1
1676 6303 2
2907 12783 10
927 6154 3
3786 6465 4
4060 10970 5
1217 1231 5
4502 11289 6
7811 11799 10
712 5401 8
4682 8701 2
6002 9241 1
1953 5167 3
2665 3807 9
429 11299 3
3508 11237 5
4836 7982 9
260 3016 4
903 6140 6
1969 6059 1
4895 9011 6
3692 12937 2
9840 12052 5
3271 5843 3
5523 8445 6
481 5398 1
3728 7859 1
3047 3220 4
703 1844 5
3321 10853 9
620 9101 2
2498 11831 8
4 7998 7
7375 10973 3
5982 9932 4
375 7210 8
2661 7206 1
6679 9639 8
448 792 10
813 8972 8
79 5471 5
5708 8569 10
1951 3692 5
5618 7934 1
6988 10423 10
860 7641 7
5304 9896 5
1671 3318 7
907 9461 10
3185 6236 4
2849 9184 7
163 5723 8
2269 6905 5
2345 6312 4
1497 12558 4
3881 4776 6
874 11555 2
2680 5405 6
2987 11349 10
4377 11083 7
2201 2378 7
8646 12794 5
8695 11679 4
5222 6646 5
6509 12614 1
6474 10712 8
4569 6226 9
2026 10474 1
2658 5634 4
4487 10928 8
2107 3553 10
2781 4058 5
693 4730 3
4112 8459 6
3789 6967 9
5444 11447 5
1274 6314 9
1177 2725 10
10601 12005 10
2722 4055 5
5136 7799 4
1808 2036 10
3998 11378 1
1288 10252 7
7730 9345 1
3621 11071 8
5456 12783 7
9386 12346 2
6225 7829 7
1413 9962 3
1089 6866 6
4077 10841 5
1953 4656 9
657 12788 6
3814 6877 9
3742 12552 4
5312 6947 4
5608 8142 10
6608 11020 7
1562 5151 4
939 7774 6
434 2278 2
9824 11835 4
639 11964 1
626 6258 1
4526 10556 2
2855 8188 3
3439 12790 1
3473 6858 5
7696 8163 4
3778 10411 7
1816 10606 1
2575 4822 3
5354 10263 5
4091 4319 1
8650 8931 2
5734 5900 7
7973 12745 7
8082 11343 7
442 11027 10
4450 9041 10
6194 9615 9
10381 12333 3
3692 12081 4
6574 12352 6
3272 11926 8
1376 10334 1
4141 7102 5
779 12202 4
4076 6547 8
7201 8663 3
58 2927 9
2865 5126 3
7767 11857 8
8112 10301 6
1762 12530 7
1512 3294 5
1075 1617 7
2479 3713 8
4794 11542 5
40 5657 3
2370 3835 3
6082 12633 3
1196 1913 1
1107 11137 10
2052 4711 3
8898 9097 5
969 10735 5
7637 11150 10
886 4091 4
4802 12485 8
403 1767 2
566 10967 3
4657 9589 1
459 5348 6
2253 8480 6
1079 3810 4
5025 6169 8
1427 9503 8
3544 3599 9
2599 11936 4
2022 5249 7
6251 8530 1
593 8587 4
2900 6236 6
3332 3885 2
3873 4057 10
1351 5874 7
3385 3587 3
4513 6879 7
11055 11987 8
6890 9653 3
4666 8524 1
4325 9469 4
784 8695 8
5873 7483 6
196 448 9
387 7569 6
1118 8713 1
4537 10637 2
654 4426 10
577 2387 2
6953 8376 1
5794 12610 6
2391 5957 5
3301 12352 4
3030 3531 1
1160 5138 1
5 69 9
7251 8329 4
6355 12554 10
5273 5332 10
2893 5579 5
3141 5271 5
771 12112 8
2454 11740 10
8247 11981 6
4294 5283 5
4726 5414 9
3078 4214 7
1757 10945 6
289 11444 9
1484 6549 7
1357 10473 7
5421 6731 6
4330 5569 7
3358 11182 6
8812 11440 2
5539 11369 3
3275 6615 9
3441 12323 8
3041 7480 1
689 8045 6
2927 4591 6
5490 7019 4
9010 12601 10
5606 11944 9
3184 11837 9
3165 7292 4
4331 12748 3
1280 11618 10
3678 5610 6
4059 5908 4
3965 4231 5
827 11967 7
4030 5385 6
6660 12079 9
6181 8846 5
1537 10329 1
6228 8910 9
596 9740 5
1374 10037 9
3993 5844 1
1283 1562 1
1839 5223 7
2318 8118 3
1477 5828 1
3794 5718 4
2827 3117 3
8877 12576 2
523 6433 5
3831 9848 5
1177 5833 5
1650 7562 7
5588 9764 3
6132 11140 5
7460 10394 5
9446 9816 2
9562 9804 7
5930 11829 8
1928 5414 6
4417 8833 1
5625 12759 8
2911 5690 6
2402 3479 3
1985 6674 10
9540 9873 1
963 8871 3
53 4088 5
2279 7736 9
1936 1946 6
6166 12492 5
2797 5707 1
2767 9375 1
5145 11607 9
7579 8067 10
4241 6310 8
10355 12118 10
1288 8761 6
1763 3509 4
1063 3204 5
4032 11918 5
10004 10082 1
1956 3429 3
7074 8168 8
6449 9234 4
147 9225 7
2009 12728 7
5323 11822 3
4875 9059 6
936 4921 8
5238 9526 2
4266 4791 2
9044 9281 5
764 4777 7
1211 2147 4
5810 7215 9
9488 11515 10
4906 7406 1
5367 10177 2
3482 5692 4
4978 6315 5
5977 12188 8
1086 10155 10
9307 11616 3
1405 1443 7
2268 4236 7
9010 11232 1
4779 7443 6
2604 10481 4
12330 12596 8
2231 6918 5
7355 12490 1
1981 2093 1
4202 11373 6
4929 9864 2
2470 7957 5
8612 8929 3
541 7909 1
9157 11295 3
5088 6304 6
4340 11968 6
864 1977 7
5721 7856 5
794 8567 5
1691 9691 2
906 6541 10
6610 12669 9
94 7140 6
1091 9249 9
4808 10115 8
1284 7721 8
1443 2943 8
5644 7459 3
284 2318 9
3189 12597 9
2204 6198 7
5206 5248 8
2855 7437 9
2407 8279 9
3438 11885 9
8160 12360 1
697 9393 5
3393 12524 8
1811 12500 10
8778 10939 8
252 8988 2
1288 3351 2
888 9638 10
8935 12956 2
215 9634 8
8403 11194 3
508 10622 7
8707 9388 10
6672 7460 4
442 6791 2
2693 10994 6
631 4439 3
2365 2731 8
718 1316 2
3093 3541 5
2260 5858 9
1519 2768 5
2332 7828 2
3057 7398 5
708 9775 3
6989 9309 2
6166 6899 1
8462 10277 6
6214 12315 8
3112 4116 9
8505 9484 5
11863 12926 3
4243 8887 5
9167 11670 4
7229 12684 2
11 9742 10
3744 9601 4
4944 5634 8
360 6483 1
4504 12521 1
1424 10818 10
2985 7763 8
559 2056 3
4122 7374 10
4887 7455 1
6066 6771 3
3576 9675 3
477 1604 6
942 12967 10
186 4670 5
5425 7362 6
2694 3418 8
4285 10068 10
2676 6678 7
1279 3930 1
5343 11103 2
6664 12914 1
3197 3766 7
556 1557 4
633 4632 2
5690 10910 8
2616 5417 2
2951 9391 1
2193 8195 8
7307 10990 8
6573 8569 3
7036 12085 4
1422 5204 3
781 1514 3
737 2259 7
6548 11961 9
1592 6583 9
1677 2928 10
7720 12441 3
1844 6981 6
3142 11867 5
1841 11361 7
4591 11003 9
2540 3955 3
6149 11580 2
8484 11967 3
848 5390 4
2457 4190 7
4355 5195 5
2450 8179 6
1465 5526 2
6595 9636 10
2682 5803 2
5991 6109 9
4667 9092 9
4075 7534 9
3468 11597 2
3423 6717 3
3543 6258 7
4209 9679 4
3460 12421 6
883 5630 4
3644 11177 3
4196 5817 7
2068 4469 3
11234 12699 3
6225 8286 5
1297 2235 5
2040 2477 5
1510 2884 6
10408 10608 6
289 5049 1
6541 8481 7
3288 6339 4
9078 10645 3
5778 8146 5
2527 11975 7
3482 5101 2
7584 7850 10
391 1287 8
3883 7241 7
5686 6948 4
7831 9765 8
5340 12688 9
4032 11504 10
4952 8144 1
1003 8147 9
715 3541 8
2955 4035 8
8596 9290 1
10101 12442 6
6482 9315 2
829 2726 7
5032 9567 7
798 8572 9
406 5303 1
3557 4603 1
2038 4158 4
5970 8312 1
2278 4644 10
7629 8192 9
7677 9613 3
1284 1638 2
3565 10814 5
2379 5801 8
860 10813 10
2453 6468 10
1484 12128 10
1826 12743 4
72 2995 5
5172 6306 7
811 12551 8
3894 10643 4
4721 6135 6
593 4264 5
3952 12702 5
5131 10575 10
540 2644 7
1037 10242 9
12260 12683 7
3401 11548 8
4495 10181 6
11297 12648 2
5378 8969 10
602 2857 1
2556 12624 3
6173 7490 3
7143 10674 9
2105 11359 2
1314 1346 7
366 3783 6
50 7123 7
3162 6221 3
5116 12962 7
811 12283 10
4955 7009 7
1931 10661 4
1527 9436 5
1644 10919 3
1245 6336 1
3370 6719 7
1519 7638 1
5141 7170 7
4285 12381 4
1260 4690 2
4741 5377 7
4437 10026 1
2405 12642 4
1502 2440 5
3995 5553 6
6104 12866 4
2333 2337 9
6959 8817 9
2450 6469 10
11132 11635 2
529 10547 2
3436 12195 3
3990 10994 7
4726 11218 6
5087 6113 4
2896 10741 4
221 1944 8
1192 3369 2
2695 4039 1
1681 12344 6
3131 12512 6
1126 12766 7
597 2625 9
6054 11368 4
2452 11007 7
5679 7418 6
4415 11161 4
3754 12533 10
3114 11637 6
1665 7589 7
11308 12201 9
173 645 8
1741 8072 5
1169 1452 10
600 1564 3
3163 7552 9
532 8709 8
4554 12333 6
804 3730 3
4177 12493 1
195 10165 1
2756 5693 2
1494 3439 9
988 3422 2
2374 6165 5
3209 7937 5
861 4975 5
3098 6305 1
16 8407 3
573 2001 4
88 5917 10
3222 5575 4
2828 3313 5
273 12013 3
5222 6849 5
8874 11422 10
7411 11741 6
3176 9476 5
361 9700 4
5430 6180 3
432 8646 8
3207 3333 2
6882 10883 3
1505 10156 1
2352 2621 7
5942 8901 4
6573 9276 2
617 9337 2
2615 9738 3
9355 12485 10
742 9998 6
7179 12573 2
4630 5678 6
1213 7596 3
1762 5135 8
2497 12928 6
5485 5991 5
9045 9988 1
280 6907 8
4611 5861 3
9487 10227 6
1381 4077 9
6980 9358 8
10681 11666 3
7603 12757 8
1127 1562 4
10132 10179 9
193 3244 6
11705 11968 5
3495 3540 3
9277 10943 10
3805 12461 5
3761 10645 9
1769 12775 7
1397 5323 3
3671 10016 5
10622 12504 9
4730 7592 9
10445 10750 2
1152 4266 7
6669 10639 5
344 4970 1
8247 12204 1
4845 6895 8
2325 12089 8
3458 9114 8
306 10981 3
2019 2443 9
3602 4395 3
9158 11128 2
5715 6723 5
3269 7351 9
4333 11552 5
1169 11389 3
3101 4936 6
1995 11246 4
11990 12905 3
6026 11868 5
824 1177 4
10665 11326 1
1078 9377 2
6152 10206 9
3125 10224 3
9295 12233 3
3374 12493 5
6659 9824 7
4766 11689 7
1682 3487 4
9577 12863 3
2979 10878 3
1835 4880 4
1458 1634 6
2149 8718 2
10156 11715 2
10655 12427 6
9892 10689 10
4199 5694 9
2133 5711 9
3495 7952 7
3638 6571 6
1663 1741 7
2621 5877 4
1336 8621 2
374 5474 9
6323 10262 4
1393 2506 9
1535 6590 4
2743 12907 7
3117 3788 10
6216 12085 9
4230 9147 1
635 11063 2
10871 11627 3
4075 11875 5
10631 10673 9
5186 8937 3
8834 9799 8
6225 9563 8
141 4254 10
1875 11263 8
6498 6849 4
1110 4282 7
8906 9270 6
2321 9397 9
2739 4385 8
7886 8400 7
1965 9731 7
246 5499 3
4771 6525 8
2786 11549 8
2865 3112 10
57 1215 7
3380 6655 1
5482 10154 6
463 12138 7
2350 12869 3
695 4175 1
1069 3580 1
3713 11331 7
4995 8432 2
794 6627 3
4842 11382 2
6334 11300 7
76 7685 7
335 12803 7
2431 10315 10
4380 10208 8
2549 8062 7
4445 12296 10
4852 9879 8
1232 10521 6
2776 5844 9
599 7551 2
3975 8345 2
294 7470 9
4475 12864 8
6617 8127 9
5595 11348 4
2648 7967 9
2076 11620 5
3515 4998 9
3020 10188 4
3495 11789 5
2674 12420 2
1729 7063 1
3700 3809 7
7223 9880 1
2572 4913 6
301 2224 4
2986 9829 10
3892 8828 8
4482 9548 2
3230 6278 3
2234 8650 1
2928 4681 7
4801 5412 6
1508 7307 3
6357 6702 7
471 6420 10
3900 12341 3
232 11567 3
3852 4877 10
452 11176 6
27 4904 6
3233 4795 10
981 5356 10
2243 7602 5
3371 12150 6
695 4031 9
2246 3589 4
854 1718 8
531 2663 2
5868 12898 6
277 10720 4
2542 11564 4
6249 6551 7
7493 8263 8
6547 9896 1
6640 12585 10
3282 4485 10
9084 12192 10
2773 11617 3
5018 10249 10
4733 8334 2
4214 6353 9
6006 7342 7
4091 11151 9
7497 12737 3
4771 12766 8
434 3446 4
1196 2959 3
3225 10867 10
386 5830 7
2001 4645 5
2351 6020 7
3305 8082 2
7331 12782 8
6763 11590 2
4477 7567 7
3419 6868 2
8746 11894 8
1841 9328 8
2145 5114 1
219 6773 1
4687 9089 9
5826 7788 9
1307 5518 8
6134 11450 5
674 7061 7
1649 12120 9
526 5387 1
3433 6135 10
9956 10624 1
2981 9920 2
4614 10901 2
1814 2467 5
1626 7706 5
1272 7854 10
2053 7453 5
533 4383 4
1520 7055 7
5041 11768 8
6073 10436 10
3289 12180 8
498 3239 3
1414 6930 7
5394 5659 1
263 795 3
4262 11225 9
1577 5313 9
8253 10380 1
928 8032 8
4157 5464 1
9779 10679 7
361 3488 9
540 8597 6
3115 4628 1
1498 5081 7
4543 11003 10
1640 8525 9
300 1572 6
4113 6148 6
1100 5655 4
2419 2645 6
1005 12759 5
3784 8539 2
1660 8821 3
5220 10651 6
2786 3090 4
753 8353 4
5263 12442 6
11616 11881 9
3113 9265 6
43 5316 6
4117 8917 7
5493 9710 3
1006 2738 7
4473 5040 5
2518 3342 5
4032 5048 3
7138 9820 7
2155 5689 5
1780 4592 4
1003 1382 2
2276 9400 6
216 2213 1
2212 11955 1
1288 7614 5
7850 12441 8
4053 4576 9
929 7396 9
2824 3432 1
1611 3110 8
1172 2435 2
5675 6230 7
2607 10442 8
4054 10904 8
4961 11586 10
1789 6880 10
615 6417 6
4088 10518 8
4111 5904 8
8777 9480 6
3401 5648 10
2073 5586 7
3282 3367 6
1392 10831 9
973 3681 4
639 10943 7
4587 5253 8
1647 9118 7
2975 4838 5
2652 8626 10
4081 7173 3
2660 6082 5
7167 9774 6
5938 9676 5
2974 12676 5
562 12731 4
3657 5197 7
1052 1168 1
3200 8140 4
1095 8307 10
1292 3267 7
7573 8755 1
1877 1994 10
2463 5933 5
5729 11951 9
2212 5181 2
4814 9949 8
1926 6769 1
1185 10832 10
2117 2847 3
953 1311 6
4099 10502 4
133 7503 1
9814 10418 9
6006 6473 5
3745 8086 1
10737 12973 5
4944 5131 1
5059 11170 10
1045 7351 6
7105 10506 1
4621 6306 9
2513 5094 1
1000 3100 3
5009 11216 3
5516 11760 4
6647 7955 6
989 4965 8
3948 10373 10
2808 6321 8
6117 6313 2
61 2443 9
4486 9894 3
363 5484 5
6089 7637 5
5792 7649 9
12378 12733 9
1377 7027 1
1596 2320 2
3736 5535 5
2900 6177 7
1193 12604 3
919 7484 4
3109 4484 1
4789 11295 2
9201 9281 8
5856 8171 2
946 6614 4
1434 8515 5
1566 5137 3
6090 9104 6
7890 11508 2
11824 11831 9
10788 12700 5
8306 10160 10
5237 10364 1
3603 8764 2
10228 11447 3
2181 9728 2
228 2444 2
8901 11490 6
1300 5120 4
3785 5748 6
2338 12207 1
3262 4450 2
3191 5573 6
343 9949 7
4325 12958 5
7619 10098 5
431 2929 9
7446 10806 1
3241 8443 7
3866 8120 10
4395 8286 4
2264 2864 4
4042 11230 6
1894 6616 9
120 11009 9
5572 9270 3
1778 3754 7
3422 12658 7
7121 12072 9
2859 9530 8
2989 5775 10
1450 5137 4
1959 10693 4
2915 10385 7
3140 8135 1
3114 10908 7
6445 7882 9
1105 11696 1
6558 10519 10
921 10993 8
5108 8792 9
5376 7282 4
1771 3080 8
5533 5770 8
6738 9399 3
10029 11498 5
6076 7733 9
994 6177 3
1670 3295 3
9636 11065 8
4185 12063 4
1636 9644 7
1403 6428 1
1819 12461 1
200 8735 4
2426 10834 1
2999 11462 9
1715 10443 10
3744 6073 3
338 10862 10
6719 12516 1
2840 10005 9
4158 8656 1
3212 5897 10
5730 8941 3
1402 5325 8
2394 7786 6
1004 12371 6
5070 9774 5
1712 2015 8
9340 12950 4
1424 7839 5
1397 3938 1
5580 6373 1
5251 11293 8
8289 8452 5
3418 3937 10
11369 11935 10
10205 11190 10
479 1728 5
5473 8787 5
3222 9344 2
2821 4868 5
4790 8465 4
730 6070 6
2645 8661 3
1672 7622 8
4026 5947 7
5187 8146 2
8604 12673 10
2223 7754 5
4148 4163 6
1131 4721 4
41 9003 8
6548 12431 10
5381 12539 10
1269 7102 2
4083 8656 8
10110 11372 6
6509 11324 1
12438 12511 1
3611 11062 4
878 1505 3
991 2353 6
2740 6701 3
981 2200 6
1397 9689 4
156 10908 6
921 7460 2
715 3694 8
2112 7953 8
9149 10334 2
1891 12495 6
4820 9476 8
3534 4154 7
2729 5006 5
4256 7452 2
565 3769 9
149 2633 9
1049 12769 5
6643 7600 2
2232 4258 2
878 5644 6
2495 12300 1
2176 4299 6
4843 6695 3
2923 3489 10
541 2165 4
6187 6725 2
1148 11859 2
3188 11722 8
187 5681 2
4016 4144 8
965 10639 8
3804 7344 2
1066 5986 4
458 8965 8
346 1972 3
3291 11211 7
1384 9224 10
1903 6143 2
1061 9634 3
54 7580 4
2970 5285 2
3459 4527 10
5860 8158 2
1404 9545 3
6381 6389 1
87 5620 8
732 12601 8
723 12058 1
4460 11189 9
362 10052 2
2350 12268 9
9 10372 8
4192 5443 5
4511 11521 5
1142 4184 5
5270 5716 5
394 1057 6
4316 4939 7
1629 6183 10
2905 12399 10
1680 8498 6
2314 4484 8
7531 10031 8
500 8294 10
3863 6181 4
1154 2208 8
3280 7899 10
4732 5964 2
9708 11762 5
4522 10155 6
911 10094 10
5867 6397 9
1844 8622 10
8094 11780 6
4803 6362 2
849 7671 6
8596 9409 1
5367 7454 6
5763 7724 9
3626 11233 3
7545 9380 8
926 3319 4
5857 9079 7
2190 2780 2
1641 11401 6
2657 2669 3
2238 4242 7
6454 8070 4
4323 5345 7
3102 9896 6
2243 7565 3
2613 11146 3
3168 4815 8
651 12941 7
5714 11321 10
643 5371 4
800 10702 7
7246 8891 6
6714 11242 6
748 7312 8
9498 10239 5
1908 4335 1
5314 6703 4
3611 11830 8
560 6332 6
7403 9497 6
891 11493 9
5739 11270 2
2550 5459 5
9873 10073 3
1128 3154 8
4672 10635 8
4913 10178 8
8762 8871 5
255 2907 8
10978 12678 2
4894 5160 4
5454 5499 4
129 5928 5
4101 5700 3
558 11534 5
6758 7248 10
8845 10256 3
3561 8228 10
1284 4523 6
9839 11693 3
1575 5311 10
158 5068 4
8589 11552 10
1929 7573 8
858 9896 10
647 5523 1
107 4454 5
2461 4821 6
3264 9754 2
11305 12925 8
570 12731 4
12498 12980 9
2313 8386 8
4298 12837 10
6340 10076 5
4808 8897 2
2531 9125 9
7387 10974 7
2235 8122 9
860 2255 9
8081 9934 4
3448 9010 10
1888 4742 1
164 6225 4
315 6100 2
3080 4234 1
8172 8351 4
571 9675 5
1901 6734 7
1108 2053 7
3455 8937 6
1866 3313 8
6071 8979 2
4729 7230 4
8467 12964 2
2448 8024 8
1144 2444 7
1177 1377 9
4312 12007 7
1346 3315 2
4663 9083 10
8304 10950 6
4836 10619 9
838 1292 9
8187 9556 7
2316 5561 6
4211 10941 9
1447 7149 6
3374 12314 2
5181 8034 7
11 5680 3
43 4981 3
10521 11216 3
2392 5556 3
3731 8834 10
4120 7015 1
1403 8426 1
2997 11441 6
637 12580 1
862 6930 8
556 8941 10
972 3550 6
2086 4924 3
120 149 2
2208 3242 8
2010 3289 5
10226 12610 5
910 1792 10
3011 6303 8
5061 7398 7
3175 3971 7
1944 9576 6
2691 4391 4
2486 7766 3
404 2539 9
9280 11894 5
1915 10911 5
7885 10506 4
4919 11913 10
3557 4428 4
6447 8620 3
506 5739 9
8892 10927 7
5845 11190 5
908 6732 7
4536 12513 4
2892 10980 10
3444 3587 1
1424 4593 10
6631 11713 7
3122 6142 4
1998 10981 5
1021 12666 10
6540 12006 6
710 9983 9
3480 12250 1
4916 7696 10
1646 5337 1
362 1986 5
6755 9127 8
2748 5720 9
4921 5166 5
4511 12732 5
1783 2620 10
4811 5395 2
2821 9927 7
114 5933 6
33 2770 3
3352 3519 3
5275 12284 5
1434 10473 3
10688 11586 10
3152 5240 6
10042 12042 6
10232 12535 10
1862 12525 3
9058 11889 10
240 6462 1
5081 8321 3
811 2979 10
769 1466 4
4366 6014 5
4305 9668 5
4011 4540 7
972 11609 10
3088 9999 7
4033 5273 4
460 4205 6
1769 3672 6
1383 2549 1
2437 3819 8
7878 8691 10
4312 9420 2
857 5195 8
243 4558 10
1862 4557 5
4736 4858 8
2902 3483 1
2688 9886 6
1738 2503 8
5328 12148 7
460 10217 10
395 5652 3
6899 10530 1
9399 10241 3
11425 12585 2
120 6431 4
6980 11907 2
3408 5618 10
5244 7259 7
1998 6922 9
12176 12213 3
411 616 5
8364 9417 3
660 5990 9
3420 6862 2
5939 10761 3
4491 7160 8
326 8771 7
656 4556 9
3724 7259 8
2044 6043 4
1661 3410 3
3851 6739 10
169 10991 6
2743 7252 1
45 1423 9
237 8478 7
1301 6878 2
3937 5424 8
3536 10629 8
786 12029 4
4949 10364 10
10225 11072 7
8906 12850 4
6968 12555 7
36 893 10
5503 6752 10
8515 9431 1
6158 9059 8
4089 5533 3
6281 10784 8
3663 11901 7
481 8425 10
1583 6820 4
375 1962 6
6749 9449 4
6230 9290 5
379 3329 9
4951 12581 2
9877 11340 10
2372 9237 1
1982 2218 9
1280 7763 3
6586 11248 7
3650 9294 6
8268 10147 2
9387 12816 3
7545 10251 10
2063 2243 2
4703 12485 2
142 10080 5
11586 12329 3
5173 5250 5
2022 9017 9
602 4785 7
1183 10275 4
4465 12498 4
425 1636 5
199 5110 10
1453 7803 1
4431 10424 4
3739 4115 8
1925 4192 5
4993 5629 5
807 8719 7
6252 12636 4
8872 11617 2
3194 5016 7
5450 11260 1
1289 8122 10
2311 9363 10
2196 3774 10
249 6185 3
1520 3140 8
2120 5223 7
5180 9700 2
965 4627 6
4124 4256 7
6826 8093 1
6263 6691 5
576 5664 2
2022 11892 4
3721 12044 7
9012 9668 7
12650 12878 3
8524 11856 8
3676 10959 8
4490 11152 1
567 4624 10
8143 10997 3
6125 6718 8
4441 9105 9
1629 2453 4
6016 9275 2
4323 6391 10
3606 4910 5
3768 10465 4
8017 11603 7
3760 12101 4
670 9135 8
9686 10415 1
4011 6752 4
6553 11655 9
2211 3281 7
870 10655 1
3842 8767 10
3647 4604 6
1241 5992 10
1421 11014 9
4874 6130 3
4719 6148 7
2002 12940 2
554 2881 3
6436 8130 8
2253 9261 5
11526 12854 2
5672 11025 8
5159 8052 1
3263 10650 9
5584 7507 5
3100 4953 1
6606 10415 3
372 2037 7
3155 5788 4
4882 5705 9
8118 8221 2
1081 4641 10
4361 7999 10
5667 6680 3
11378 11731 9
2190 6375 7
2980 9955 5
1134 12910 6
2237 7855 9
2039 6243 6
8606 10842 1
8656 9707 7
2059 5846 5
6412 8570 9
79 10206 9
1523 3584 1
899 3255 10
5278 5683 10
3654 12400 2
5780 6371 5
77 1884 1
4919 8251 6
6583 10577 4
5508 9559 1
12267 12582 5
1074 10739 10
5074 11972 5
2504 7623 1
4360 5968 2
2788 9066 1
8578 9186 8
413 790 8
1722 12728 3
2645 9634 1
2491 11782 6
3082 6297 5
3394 5913 1
7986 12523 4
2681 4650 7
2765 9074 8
3091 10428 2
1988 6664 1
515 12557 9
5864 9744 4
2864 5505 10
8828 12823 3
3885 4978 8
2897 6860 6
2684 5340 10
408 8566 4
3940 8038 7
1007 1982 8
2132 5883 9
6116 8693 6
22 7957 3
5851 12943 6
5736 7729 10
8067 11230 3
293 4489 6
2408 5784 10
4738 7276 9
2620 11338 10
999 2753 7
894 1088 8
5298 5889 3
4618 12046 8
4365 4843 2
29 5124 6
1855 8268 3
1718 4927 1
11326 12025 6
2996 9731 5
10922 11123 8
386 12374 10
4561 10213 5
1060 5879 1
9975 12920 7
1241 12290 3
4501 4844 5
3986 8280 2
7212 8137 2
2671 5375 1
5009 8442 7
454 810 9
4932 5525 1
681 6063 3
5123 7835 5
1890 5062 2
1142 2944 5
5656 9509 2
9783 12361 2
1415 7476 3
1313 4687 9
880 5776 8
7285 12477 3
2992 6612 10
6721 9817 7
1369 6721 2
5448 6744 6
11444 11625 3
135 2884 5
2456 3624 7
9057 12411 6
1009 1798 6
2495 3638 2
2822 3787 8
1047 12721 1
2555 11606 3
1716 11398 6
3095 12329 5
10519 12694 4
3261 9179 10
113 12370 1
1357 9528 5
10333 12324 6
5051 9444 8
832 8416 9
3563 8654 2
3069 11078 9
6639 11313 1
387 7733 10
1751 3652 10
3516 6021 10
3940 5448 7
5420 6581 3
505 4572 1
2597 5716 4
11105 12818 2
2868 5043 5
223 9597 3
4814 6638 1
5531 10700 6
5121 11162 6
228 5182 3
3047 4691 3
4691 12881 5
2175 5616 1
535 4562 2
6516 6804 5
8887 12101 3
134 1623 7
6744 11227 4
5050 9760 4
4538 6384 3
4952 7562 1
1358 7562 6
287 11814 2
746 9284 9
361 2458 5
1006 8299 5
3031 11740 9
736 3996 3
3952 5376 1
9124 12427 5
1326 3485 6
4462 8669 2
5488 8403 1
717 8003 7
6236 11805 7
4276 5496 7
2672 6653 10
6043 12657 4
6172 6332 9
2236 8706 6
3456 10578 9
2116 11581 1
1953 12982 4
259 6567 1
542 4722 10
1575 2646 8
1739 3329 8
6932 12904 1
16 6141 5
4832 6255 5
6094 9578 9
908 1066 5
3718 6357 2
359 11172 2
1792 5869 7
1087 1682 3
253 8781 5
2864 6812 8
2967 9601 6
847 4817 10
1327 3744 5
4608 12607 7
841 9356 10
7753 7985 5
8094 10784 3
4115 7574 10
6422 11844 10
3610 8158 5
71 6686 7
7728 10420 9
3867 5613 6
6350 11677 8
1423 2246 3
2261 8557 10
413 11667 4
4621 7114 2
1930 2965 1
192 12215 8
1698 6221 5
35 8475 9
10935 11039 7
5334 5931 6
7495 10977 8
491 3610 9
10083 12827 4
243 1521 2
3530 4591 5
7269 7790 9
3507 11290 8
732 2955 10
1454 4925 2
1409 10617 9
4159 5124 4
948 6752 1
153 4844 4
1930 5593 9
7379 10869 6
1845 10716 2
1999 8077 3
1783 1800 6
6640 7080 5
2778 3794 1
739 5456 1
2497 8578 10
6074 10403 7
353 5524 7
1915 3446 5
12064 12451 10
1404 10361 5
4920 10163 4
3384 3897 8
9353 10216 2
9013 11938 4
4001 5288 10
5651 6758 5
990 3384 3
2749 6623 4
6120 6502 6
700 7019 6
6369 11671 1
20 5833 7
5752 12902 7
3545 6722 2
528 1835 4
4110 6241 9
605 11351 8
62 10752 6
2792 8500 10
9554 12346 8
3006 11088 9
868 2684 8
2182 9506 1
449 11492 6
5456 7108 9
1702 12684 9
5435 12654 2
1451 10438 1
778 11385 8
4952 5533 8
1692 3185 5
1086 1635 6
6138 7657 8
273 8674 7
4270 4639 8
791 5649 5
8768 11127 2
5609 10371 2
8078 8590 8
1610 4114 7
1755 8301 5
1426 3640 8
373 3589 3
226 6096 2
128 8478 3
3224 12368 8
3967 5660 3
1852 12340 5
917 8580 8
134 6639 8
7074 12955 2
656 6215 7
10816 11880 6
546 11523 1
5317 12807 2
595 1161 3
5162 6042 9
5534 11854 4
1940 6088 5
3696 4321 5
6139 9310 9
3026 10669 1
3319 8856 9
2584 5011 5
4703 11177 1
4801 5275 5
140 11621 5
6645 7293 2
6443 9792 8
858 3814 6
1026 3698 2
3620 11755 9
970 2768 2
2130 4558 2
2480 8625 8
3645 4356 2
10545 12751 7
5652 10823 10
6878 8156 2
2328 12919 4
2555 5854 8
2228 4768 10
388 6829 1
3556 12096 9
700 4637 4
912 10780 3
2260 11312 5
8997 12881 9
1904 5852 9
4377 9920 8
800 3460 3
4694 10888 2
3506 8424 7
7612 9378 10
1256 1304 8
10473 12891 9
1685 4634 6
962 2324 2
4802 7357 10
1927 5158 3
10657 11292 9
2705 5492 7
556 3226 1
456 2188 10
9255 11268 6
2479 6930 2
5482 9675 8
2425 12646 3
5803 6321 7
2936 6859 1
3297 11375 1
1151 5110 9
4671 11134 4
3677 5989 10
3259 4250 3
2225 8808 4
448 2880 9
127 8725 3
5003 9434 1
3256 9906 2
681 4218 4
2557 3876 9
1302 4187 5
192 6023 9
4073 11444 8
831 11300 8
439 4312 10
2201 4643 4
1814 11469 9
4819 6202 5
670 8870 6
764 6899 1
3658 9739 2
7062 7805 1
1181 5614 3
1960 6731 3
3388 10601 10
4537 9348 10
10914 12852 4
673 4943 4
4561 9952 5
906 7286 1
770 10891 8
4875 7783 5
605 3912 10
9803 11621 8
2213 6772 7
389 7864 10
573 11199 7
3412 8793 7
2132 5175 3
1151 12993 8
1646 2692 2
3971 7443 4
1233 9449 8
1708 7448 10
5404 6669 1
1977 5196 6
7788 8784 1
4913 7081 2
2212 10287 2
707 11481 8
4627 4681 1
6237 11365 5
3684 12670 10
6409 8274 1
2197 4247 7
5988 10369 1
9885 10009 3
279 1878 7
10255 11269 1
2431 5599 4
3650 4886 1
9053 11782 10
5112 5880 1
5332 8136 4
1473 1552 5
1926 11280 10
10910 12065 10
9529 12401 7
6683 9204 1
2052 4580 1
4912 6346 1
5092 11878 10
3656 7770 10
1884 8193 9
2443 5237 6
3384 4942 4
4349 7067 5
915 4713 2
4498 12920 1
10988 11001 2
1892 6379 10
2287 5933 7
982 5822 6
2715 2723 10
106 9211 6
4938 9538 6
7780 8731 9
8013 12844 9
1934 11785 4
9225 10711 10
4997 7522 1
7199 12256 1
2667 7087 8
3065 4586 9
4971 7256 1
4107 10067 2
2590 9706 8
8332 8605 6
2745 5788 10
8669 12155 1
4598 8849 9
2709 10367 7
3470 11543 8
2193 10964 9
3820 6412 3
5103 7993 6
6375 11515 3
9323 9394 4
4197 10883 2
2083 5990 6
643 6602 9
2837 8707 5
8297 8630 7
4539 5534 7
1243 8858 5
1742 2875 3
5727 8240 3
10714 12589 6
69 12512 10
5041 12278 6
1083 6277 6
4746 4804 1
3957 5522 8
100 3010 8
8559 9582 10
2064 7265 6
186 9306 4
12286 12504 4
1514 9970 9
7583 8262 1
3870 6415 8
2693 9377 6
6537 11804 6
2384 7625 5
2335 12523 8
4753 9154 1
3701 5082 6
3085 4281 2
1483 4344 10
11164 12907 10
3065 12721 6
1427 9649 2
1642 4942 3
5405 9179 6
1306 5672 10
263 11440 4
1012 8898 6
1224 2046 10
6005 12232 10
3439 10540 9
6779 11099 3
3219 9493 8
1553 3417 3
1650 6510 8
2884 10047 9
9417 10471 9
9543 9618 8
1399 3452 8
7694 9790 4
1654 9429 5
11812 12183 10
2939 12742 6
5247 11245 4
4648 11068 8
2905 7808 4
7874 9254 4
2784 11866 2
3387 6639 9
2082 4741 2
21 2291 1
3259 4773 2
594 5843 9
381 3825 1
5752 8747 10
12049 12785 4
8647 10001 10
914 2744 6
5083 12041 8
5426 5855 5
1450 12913 1
3046 3900 2
1622 12995 9
2773 7885 4
1244 6439 9
36 1846 6
2341 8648 8
2170 2802 8
319 12745 1
6925 8540 6
1392 6268 7
3077 10694 6
2098 7333 10
108 5010 6
5305 5578 10
10128 12861 8
6168 12251 7
4810 9081 3
2597 9059 9
3557 8721 6
6060 11641 6
1658 6619 6
1509 8607 4
1463 2690 9
3111 9666 10
1716 12480 5
2882 4550 3
4556 8870 5
1789 2624 5
104 10277 4
1325 4715 6
2561 3964 6
1405 9834 1
3933 12001 10
8132 8956 10
9883 12629 9
749 8276 4
47 4339 4
3421 5297 7
6791 7475 2
1122 1626 7
2582 11835 5
3064 5962 9
2355 6062 7
819 2231 4
2371 3490 9
2345 4684 5
5416 7455 4
103 411 5
7655 8732 7
6175 6939 2
2457 12347 2
576 1521 9
9614 12182 3
2449 4276 6
84 7324 10
5230 12962 5
6162 7474 3
2193 12298 8
312 3353 6
1175 9529 1
10258 11490 5
2916 5376 9
362 9230 3
8477 11216 9
1808 11110 4
1012 1476 7
750 7620 10
6038 10635 8
370 9585 2
3403 10615 5
1380 4969 7
2047 7988 1
8086 12718 4
10613 11064 9
708 6954 8
6282 8321 3
2999 7722 10
1829 8481 3
682 3729 2
382 6331 3
2383 2818 6
2930 7546 9
1164 1857 8
4492 12660 8
764 6910 5
6646 9427 2
970 5914 9
2659 7506 10
3883 8634 7
6599 11756 1
2251 5637 9
143 11116 3
4200 7414 10
5763 9571 9
3636 5602 10
7905 11217 3
4412 6000 7
1433 12544 3
1213 1282 7
4569 5602 3
9006 11773 1
5473 5688 7
1152 5173 6
4233 4862 6
2486 3179 10
3505 12900 7
1522 9720 10
3726 10405 3
3849 4527 2
1289 5070 9
7198 8408 9
4200 11905 10
1114 3170 1
3033 12752 5
66 5831 1
2864 4154 3
1354 8647 9
3500 4196 6
145 4251 8
5060 10562 8
3463 10162 6
1423 8201 6
1051 12714 1
2174 8709 8
1993 7493 8
938 2823 10
508 8040 7
1816 6257 4
8613 8660 10
4373 8335 10
7334 12848 7
4955 9253 8
5204 12568 10
7812 10528 5
118 444 3
2607 10400 9
3060 6163 6
1844 10151 9
164 1368 7
1500 8548 3
1593 3097 10
1042 6381 6
1114 6985 1
9419 11270 9
4415 11359 3
5903 11935 2
445 12683 5
9195 10027 10
4749 6762 9
4915 6135 10
4983 6490 9
3038 10988 2
438 3184 4
6712 8786 6
328 4281 3
5830 9541 10
7603 10285 1
1243 9376 4
4391 7557 7
7458 9772 9
1211 1705 4
6450 8679 4
632 6736 5
1792 6359 6
610 10882 4
2053 4061 3
6015 11357 8
2672 12325 4
874 3245 5
1576 9182 4
4068 9642 7
107 10041 6
521 10264 1
227 2819 3
7982 8114 3
12374 12468 10
5444 7777 10
1780 12649 8
3684 6366 4
437 9231 9
7096 11797 5
245 410 6
1798 4805 6
6072 12523 7
8525 11136 7
2557 4613 7
4134 5094 9
10243 12341 2
5007 5224 6
1037 3447 5
87 4804 8
5642 6020 6
4397 7238 2
4606 9304 6
329 8228 5
1986 7222 1
4687 6837 4
5778 11649 8
2137 4122 4
10530 10668 4
3151 3563 8
648 10351 7
1031 5255 1
5731 10708 4
967 8228 4
2913 3997 4
10728 12415 2
1528 4787 7
2120 6618 3
853 5793 4
603 8731 7
2296 3645 10
6423 11132 6
9477 9851 8
5217 10697 7
2729 5888 5
909 11169 8
2544 8047 1
3925 8609 8
4510 6558 5
4493 5380 2
3556 5673 2
1260 6752 1
9542 11799 6
3157 11293 4
5201 6052 6
5409 11108 2
2241 6795 6
1909 9959 10
6437 9460 6
5396 12042 9
6062 10758 8
5138 7483 3
1993 5556 6
190 3383 7
433 9567 10
1611 4263 6
3282 10257 7
2835 3979 8
10490 10818 1
4852 12696 10
5420 5915 4
411 4274 6
5079 9617 10
6519 9802 3
358 448 8
4879 9991 5
2558 12733 7
1669 12796 4
7627 7847 9
405 906 4
1366 8839 1
2771 10965 10
1524 3656 8
1611 7291 3
5934 11454 10
1149 12481 9
566 5320 10
5201 8224 6
3875 7256 9
2001 8707 1
860 3893 3
5075 11547 2
4523 8995 10
3109 4998 9
4636 6900 5
1399 4356 10
1651 2404 5
477 5319 8
3737 4560 4
2659 2667 9
876 6986 7
1638 12728 9
2307 6264 9
6738 10942 1
2499 7771 4
6790 10016 8
6145 7045 2
1241 10191 2
8263 8929 10
49 5245 7
9550 11507 7
5497 9109 1
4244 7122 3
5747 8798 3
623 8109 5
3263 7297 1
2641 6123 6
390 7938 1
5354 6941 3
188 8065 3
3809 8858 5
1299 3417 3
641 4491 10
819 2272 3
3258 12835 3
7359 9564 1
224 3320 10
8709 11339 3
6841 11132 5
2132 2454 6
7132 12243 7
1881 3814 9
1546 5846 3
5152 5164 4
8445 12810 5
2050 3643 10
2105 3804 9
785 9955 5
9381 12892 7
7717 8784 5
5931 6649 6
3286 3471 3
2409 7165 2
2823 5749 5
3005 6912 6
7838 9218 2
3024 3243 3
2439 8116 2
2317 9327 8
1079 1335 1
506 8225 7
4552 6231 9
7342 9087 5
500 1015 2
1193 12131 8
4915 5851 1
3787 5164 2
2672 5029 8
2814 10408 5
1571 1969 5
3265 3304 9
4667 4690 1
257 4625 2
9180 12557 6
1175 2355 6
5106 10447 9
7617 8132 8
1563 10106 1
1516 12723 1
3655 3914 3
3349 7330 6
2773 5706 3
7034 10745 6
7385 12917 9
1613 3941 6
1595 4638 8
5145 11137 2
747 10759 4
3121 3576 8
883 6373 10
3794 11251 1
42 4978 7
2536 6431 4
960 5162 8
5915 12433 9
1117 11798 1
76 2834 7
587 8241 8
3071 12343 5
1928 11705 1
5165 9045 7
6670 11449 3
4378 9585 6
341 5597 1
3572 7426 7
6692 10983 7
881 3333 7
11652 12456 5
189 519 7
1349 7843 10
1640 12852 2
3597 5402 6
3878 8245 1
3916 6255 9
2029 2950 3
6226 9193 8
12384 12473 8
3022 4518 3
6050 11146 2
4847 8804 7
1882 5775 4
2902 3328 8
1334 12532 9
2465 3052 6
2061 11466 6
893 8966 7
1515 4854 7
5758 10435 10
777 1991 5
2812 5922 4
3420 11191 1
7223 11845 7
1028 12983 8
4209 11801 7
926 2758 6
123 5092 6
3124 9101 3
594 6721 1
3854 7717 2
672 2061 5
4946 10594 8
1785 4303 8
195 5349 2
5215 8255 2
450 8668 3
1058 4690 10
2583 4133 6
5268 8136 6
3450 9194 10
3062 6396 4
3963 5573 3
6189 8831 2
1271 4999 2
6379 6834 3
188 3110 10
8582 9885 5
2426 5442 2
3575 4106 8
8900 10105 6
4822 10966 9
3912 9093 4
3555 9747 1
3872 6389 8
2911 5345 2
1373 7040 7
2956 7772 5
7537 11069 8
3013 8583 7
2267 6903 10
1419 2474 9
6784 10286 6
5949 10658 2
2663 8201 7
5831 7857 3
5101 9920 4
8079 9559 2
8123 8468 3
6933 9979 1
5983 7972 1
499 1123 7
877 11195 5
5514 6923 3
4015 11878 5
7724 8645 3
4658 11987 6
2925 6224 7
3298 12602 9
3158 3215 3
1967 11508 8
2952 6008 4
727 2512 3
5841 11589 3
5833 6262 7
2332 8447 9
5332 8634 4
2538 12915 6
2215 7160 4
6656 10748 5
6768 10858 7
3725 10895 1
6753 7364 8
179 12612 3
1464 1740 1
1868 2331 8
5693 11723 1
9374 10340 1
3329 8935 10
3618 11211 8
1867 6812 3
2983 3537 3
357 1461 6
1295 11025 1
5304 7252 9
1947 12658 3
808 5291 10
2845 11763 8
264 5463 10
5579 7257 10
104 4897 7
3147 8154 7
85 1988 7
5713 10407 7
2673 9326 3
156 3650 8
388 2324 3
1286 11933 7
8902 9977 1
1558 4436 7
3325 9445 9
1873 5268 6
11362 12861 3
3203 7860 10
2372 7173 8
3668 11964 4
1440 11124 2
7168 12027 10
3256 3885 6
2854 10248 6
1957 5194 5
1735 12396 9
5911 11214 5
6629 7823 2
1358 6130 1
9211 11105 2
948 9244 10
3122 3226 4
2177 3642 4
4328 8818 7
7579 11329 5
4717 8703 7
1504 9417 1
6769 12721 4
11011 11742 4
2054 8789 8
328 5020 2
4304 5565 4
3096 4111 8
1266 7988 6
3021 11122 1
2628 7852 10
1782 12598 9
2522 5778 9
5686 7488 7
3691 8881 2
5120 6569 1
2629 8061 3
2115 3622 2
6564 11216 9
984 2375 1
1515 4688 1
723 12138 8
5977 6454 4
4327 4794 5
1295 4941 9
1028 3274 9
3065 6000 6
2341 4881 4
6763 7701 8
4243 5929 6
125 4674 4
1220 1966 4
2963 3408 6
4211 8067 3
3291 6848 8
8919 11608 5
1117 3874 1
338 3467 6
2277 11398 5
5851 8690 3
4504 8574 6
1012 10418 5
429 2723 6
3892 12243 7
3513 10913 3
2118 5664 9
5744 6084 10
4272 11578 1
2110 12917 5
5532 6069 3
11428 11581 3
1720 7811 3
893 3270 5
3947 8613 6
2824 5131 3
3237 12463 6
2655 8768 9
243 3024 10
8553 12501 6
4253 7238 7
2286 3189 4
2529 2582 2
618 2333 8
6936 8771 1
10533 12509 9
7208 9237 3
5257 5368 7
7024 11289 9
3784 10830 9
5449 5972 2
3950 4202 9
1457 6432 5
4058 6240 10
1088 4854 2
4827 5684 7
2326 10244 10
1580 1898 3
5811 7997 1
5135 11249 8
2227 2556 10
5928 10661 3
7355 8673 1
2355 11154 2
2201 12765 4
9382 12622 6
1299 3341 5
4164 9098 5
3350 12455 5
5837 11074 3
6597 9946 1
478 8631 8
773 3987 9
1704 7147 2
4251 6791 4
2880 12674 3
5276 11018 9
10014 11492 1
3112 11215 6
7299 8522 3
3030 9376 9
3289 5189 3
611 8391 10
6756 11968 10
366 6829 6
1680 2562 3
4989 10414 8
5173 10532 4
3005 8665 7
5891 11548 2
3012 11830 1
3991 11366 3
7906 10403 3
2433 12373 5
1594 12824 5
1383 6317 7
1348 8601 1
9734 10969 4
1109 3216 7
3717 5762 6
1567 5958 3
585 2338 10
3239 11116 4
4790 7366 8
9930 10237 6
8539 11246 7
6787 12653 9
6066 6293 10
5188 9888 1
1150 8635 1
5689 6365 2
286 2950 10
982 3731 3
2030 10578 8
8382 10734 10
1599 6624 5
6020 8136 4
1797 6320 10
747 12718 5
423 9019 9
3114 4144 4
4429 6513 9
6647 9823 6
5224 6447 4
4920 7549 5
1572 11722 5
2380 8784 10
7536 12112 3
4141 11698 4
6439 12053 10
3289 12776 4
428 4642 9
905 7186 6
2376 2418 4
7095 7823 5
11489 12667 4
1000 5524 6
5635 9782 6
9396 9999 9
5567 6991 7
7436 8589 8
1053 7164 5
964 2917 10
3985 4611 1
3954 4052 8
2553 6583 7
181 5049 3
12620 12907 10
1802 7382 10
2562 7621 6
4409 12063 2
2510 3984 3
1008 4107 8
661 9528 5
3428 12451 8
6595 11198 1
6299 11027 8
3966 4699 5
3055 10364 6
3261 7838 3
891 3386 1
6637 9508 8
2969 5978 5
6042 9970 1
3717 11200 3
2566 3912 1
4873 6141 9
5060 5678 6
8739 10249 2
2172 3447 5
2918 3160 2
333 3896 2
1407 6530 4
3565 10003 1
2411 4780 3
9404 10578 5
3473 6829 7
2518 12041 9
3913 8405 2
19 11283 9
1822 6357 9
766 12832 2
2305 2415 9
4977 9319 3
5845 11653 7
11110 12850 2
2190 4161 7
8030 9897 9
2453 8309 7
1002 8263 9
4860 8871 10
1906 8427 7
11121 12982 7
3631 8307 1
5111 8977 10
2852 11840 2
1280 2223 2
118 7834 9
683 4222 4
4330 8883 6
4405 7393 4
48 8083 3
2115 6491 2
242 4845 6
2288 3757 8
1740 2082 3
2145 6923 5
5961 11083 10
5234 6051 5
597 11249 4
21 1704 9
2884 3142 10
444 4717 10
9153 9695 9
1655 12269 10
315 7270 6
5250 6705 6
205 10643 10
1639 4468 9
340 9211 2
4766 4949 4
1453 2610 7
622 12267 1
5721 12434 4
101 2507 3
3626 4338 3
3751 7855 10
1018 12256 5
3123 5471 7
1634 5043 6
1982 3146 8
7558 9506 6
8503 9548 7
385 7959 9
2610 7439 10
3700 7223 2
591 2456 8
5431 11571 8
13 8210 9
2182 12103 5
5475 5712 8
981 11610 5
6295 7150 3
885 5519 9
1609 6461 5
5790 8326 10
9719 12346 6
4587 11615 4
135 12024 6
6619 12178 10
11670 12237 10
1892 4774 1
6864 7363 1
1795 10458 9
5926 12448 9
7410 10715 4
10985 10999 6
2123 10172 7
579 2137 6
5780 7889 9
8106 11373 8
799 10743 10
4860 7108 2
1666 7057 3
2436 5248 9
2608 9609 10
1070 5324 6
3922 5862 6
8958 11441 8
2025 6212 6
336 1873 1
4832 5258 1
8729 9968 1
552 8864 4
405 2207 1
3453 4176 3
407 1207 1
3030 12430 1
3774 4338 1
3405 5766 6
456 4016 3
801 10446 5
2725 7466 3
3374 11615 9
4201 4733 6
5702 10197 4
875 11237 5
5302 6220 6
1772 9947 8
1173 8238 1
1354 6423 10
2281 7765 7
9786 12723 8
793 11671 6
6058 8177 3
1439 3366 5
5247 12073 9
4387 9125 6
1454 5080 6
6244 12051 3
307 10241 7
732 5027 6
3446 11043 4
49 8052 10
8659 11139 7
10438 12916 1
6068 9745 9
3311 5763 1
516 11739 2
3990 9209 7
2595 4975 2
7030 10902 7
5697 6155 7
725 12089 7
2252 3525 5
12245 12950 3
2381 3251 6
6287 10807 9
1155 6486 7
7945 8867 3
3189 11105 5
4472 6120 9
2146 4846 4
1335 5653 10
5592 7436 4
1900 12338 10
374 4898 9
7779 12638 1
3032 6383 8
2837 5023 2
1463 10513 5
7986 12421 4
3471 9999 5
4021 8579 8
4892 12082 7
279 9091 5
4890 5113 7
577 3357 8
6090 7611 10
2351 11951 4
50 4167 10
1590 4702 6
9135 9328 6
5633 9083 5
2864 10314 1
2971 6406 1
8421 10737 3
1256 5956 8
5050 8125 1
369 6439 2
991 10650 7
5687 12490 10
4166 5783 10
1201 6948 9
3106 3901 3
2955 4078 3
9229 12681 8
414 2274 6
8833 9039 3
1644 7663 1
2319 11330 6
4374 12781 7
961 3941 10
1406 8549 4
5202 8468 8
55 7073 5
1517 10599 10
1392 12051 2
3682 9365 4
2598 10723 1
2825 5486 1
5020 7340 9
6651 9602 10
5085 8647 4
5251 5866 8
2261 11609 10
5728 11973 3
5663 8492 9
1165 3971 7
4613 6928 1
1879 9069 9
2348 7230 7
6330 11373 9
4891 12094 4
1893 6325 6
10505 12298 9
2398 4680 6
12069 12671 2
76 10939 2
2467 8272 6
1907 4831 2
188 1530 1
5677 11554 1
9237 10700 9
2978 8589 1
6245 12546 9
1186 2921 3
568 6943 3
4432 11910 6
2133 2147 8
2974 7220 3
3808 6142 2
185 6239 6
4422 5058 3
5565 6308 2
1783 2600 9
3530 11013 10
3068 12690 9
2593 7762 9
940 7988 1
4887 12374 4
1197 3356 4
3421 10440 5
1424 4082 2
1528 3731 6
1128 4662 2
2755 11876 2
2625 7913 9
119 6255 9
2252 4296 4
3987 12752 10
3140 10749 4
4691 11723 7
6160 7216 2
10641 12487 10
4502 10804 1
3499 9946 1
2714 7403 9
5937 8940 10
2396 5393 9
7582 11346 3
5884 9908 9
3694 8847 9
5935 6957 5
5773 6285 1
853 2760 5
10438 11914 7
7780 10824 1
5643 5711 8
3666 7732 6
1117 11022 6
1826 8296 5
320 9304 4
1904 5286 6
1442 5378 4
8333 12932 1
2852 3337 8
5292 9340 1
11642 12834 3
4169 9274 6
3234 12668 7
8627 11992 8
742 6258 3
4756 10751 1
747 5842 6
5029 6094 1
7586 10251 1
2203 7199 7
2373 7707 1
977 10717 10
147 5314 9
11166 11404 9
3543 5513 6
3306 5844 8
5960 6607 9
4781 5005 1
34 4714 5
5265 10863 3
6224 10494 1
5836 9634 7
617 2694 1
5141 5458 4
1515 6300 4
738 7687 5
10712 10815 4
1000 5654 9
1285 1668 6
1359 12273 7
5896 6855 9
1099 5937 5
4057 6279 10
4244 5696 2
534 1352 1
4894 11169 5
4555 6155 8
4182 8273 8
5301 9561 3
417 12939 4
6052 10561 2
4725 12272 7
2792 12207 1
146 9014 6
7332 9838 9
10729 11300 8
1437 6080 6
8261 12137 4
8131 12525 8
4929 9608 10
432 1439 1
3634 4480 6
103 12433 2
5508 5966 5
2067 9789 10
7507 11467 4
5010 5357 2
7196 7898 5
6205 6910 5
1168 12927 1
1060 11926 3
12038 12910 10
6980 9058 10
9656 11221 3
1363 3888 4
2583 9439 6
811 6044 9
6123 6126 6
1460 6618 4
4461 5777 5
4659 8550 5
2769 6590 1
787 10686 6
3206 10928 4
871 6396 4
3121 10059 6
10717 12128 8
214 9697 10
7837 7949 3
94 6517 1
3019 6326 8
5657 12337 9
3069 10877 10
1417 2728 3
116 10774 7
8550 11274 4
6190 12612 4
1233 8238 5
2456 7618 10
3063 7959 3
4594 11616 3
7159 11691 1
1176 2930 1
2444 5452 4
1118 6478 4
4657 4696 10
3494 3599 4
1253 11995 3
527 9329 10
5833 12289 9
9144 11391 2
3296 11864 9
8229 11058 7
8915 9678 3
8 3951 7
1082 3641 6
6307 12087 3
1164 4134 8
11421 12128 6
6622 10675 10
30 2447 2
1142 11597 4
2912 4626 9
7316 9647 5
2323 3314 4
9642 10340 7
605 2025 4
10296 10929 7
6555 11253 7
3859 6820 10
6379 7134 4
4700 5440 9
3968 12277 3
10707 11036 4
1172 3851 4
6002 7184 6
6594 11286 1
4388 8622 3
1064 8663 1
73 2211 1
1099 12071 5
5696 11024 1
3162 11416 7
128 2501 8
1356 9235 10
9843 11240 10
1446 9932 10
2680 4870 4
5755 8515 8
2262 2284 3
2587 8055 6
1137 10999 10
1068 5746 4
5177 6350 9
5944 7113 1
4194 12699 4
5167 7586 5
2516 8053 9
2248 4579 4
4555 12931 10
5973 10002 8
4785 12662 10
5590 10358 5
173 2075 1
6263 12071 1
1257 6757 4
6253 8724 4
6091 9849 10
4139 12744 10
2501 3912 7
3257 6519 1
4137 10224 8
3161 10667 4
2439 11524 4
1259 9667 8
5257 9132 2
3884 12646 2
981 5215 7
6814 7442 5
3772 4585 4
2249 10446 6
863 1045 2
586 3658 7
2974 11138 2
6519 8879 5
1788 9811 1
4734 9826 5
3571 7997 4
11769 12940 1
1561 11472 8
2817 4033 9
5111 6638 7
437 12580 2
4987 9747 8
4337 5904 7
418 9221 10
2275 4383 10
3882 8972 3
5863 10873 7
5228 5545 2
1853 6494 6
9247 11071 9
416 6209 10
230 512 10
4371 10098 5
5568 8157 7
3418 4177 10
459 7220 1
3833 10054 10
3266 4292 9
1414 9074 8
2667 5629 9
2313 8762 3
4903 7417 2
1738 6267 7
7711 12134 4
3183 5861 6
2388 10911 4
3839 5855 6
1707 6865 4
113 5256 7
5653 12108 7
10172 11958 9
902 7057 10
1829 7264 9
2333 10193 1
1212 8965 8
3588 8200 10
2630 9526 9
915 10798 2
10491 10801 6
9923 10785 2
2517 12109 9
1247 4179 2
7264 8153 8
5353 7515 3
3808 6537 3
458 4370 8
4479 7114 2
1876 12040 5
1405 3953 2
3416 7559 1
5693 6432 2
9949 12909 7
976 12524 10
3574 6096 6
2197 5829 10
4704 7986 10
252 12389 10
2554 6137 3
8806 9293 8
11004 12052 9
8921 12516 3
6507 12810 5
1857 6394 1
5365 6567 1
5708 9960 1
1443 10546 1
1378 7067 3
3815 3846 9
571 10958 10
3942 11975 7
7060 9875 10
2794 7472 3
435 4477 9
8905 11721 8
1553 7807 4
5516 11623 10
5186 5497 7
6277 7845 8
4226 9231 6
4513 8804 6
2101 4451 4
2036 4941 4
1163 1650 5
2222 7338 2
10376 12522 6
628 10937 1
3592 3653 9
2022 2384 5
1374 10613 3
9385 10638 7
1881 3136 7
2997 10817 5
969 2331 7
10672 12551 3
6128 10573 9
8203 9081 3
4922 7498 3
2457 9787 7
2148 2969 9
1248 3620 7
2727 5203 4
2207 7613 9
4806 9136 2
444 4163 3
1182 5894 5
9241 10053 8
4916 10435 9
1707 7193 5
3382 12337 10
9377 9652 2
167 6315 4
6602 12526 7
4812 7336 8
4745 5297 6
4717 8939 9
870 11156 8
778 9098 9
305 12957 4
1824 2765 4
3688 10096 9
713 11315 9
2536 6727 5
8902 12167 1
379 10754 7
1637 2308 9
5769 7414 3
2578 6544 3
1461 3969 4
464 2871 8
4371 5992 10
175 3384 10
1202 4381 4
3159 8034 2
358 7062 9
5617 7274 6
4317 6142 6
11039 11863 6
242 3979 6
785 5100 10
2134 7622 4
63 1140 1
4560 11743 3
146 6347 4
535 704 10
2435 8071 9
7460 11606 8
366 688 7
4444 5774 1
1286 8133 8
6868 8405 6
4907 10376 5
7186 7999 5
1750 9102 3
223 7339 2
5328 5689 3
3638 11302 1
88 11190 10
3629 6224 6
1205 1242 8
265 5162 1
3303 3614 9
2193 12177 5
7369 10373 2
2037 10210 1
2625 7595 8
9755 11451 2
1939 2178 8
4070 11511 9
6490 8061 3
1351 8106 9
9668 10478 4
6417 9701 10
3115 10380 4
3497 8541 8
2817 3256 1
626 941 8
4518 11381 7
8488 10483 4
362 8574 9
4901 5993 4
4395 6259 3
10846 11984 1
7307 9930 8
939 3670 5
4508 7646 10
6221 12341 9
5488 6820 8
8454 11278 3
1972 10609 8
8788 11126 7
6723 10722 9
2374 5758 8
1563 5642 10
2669 8340 9
4165 6618 7
1664 8275 9
1712 5115 3
4119 4963 1
9319 10398 9
834 2541 10
2133 5889 3
4413 10051 7
7465 8919 10
1677 12123 3
8775 10484 9
1855 10036 5
923 5875 2
1103 10804 8
3159 6047 8
11444 12345 9
705 4748 1
4277 12179 2
4354 10730 5
6691 12122 10
1563 3635 4
5651 11669 10
6300 7546 5
3592 6957 3
3588 10636 6
2412 5393 1
6479 7796 3
3933 10223 1
3642 7396 3
171 5564 6
3184 4199 3
634 9806 5
621 1015 1
1478 3367 10
3897 11845 8
6098 12342 3
5721 10289 2
4298 5742 5
4337 6731 10
325 2566 7
2377 11995 3
5197 9687 7
3072 3376 3
444 11185 3
209 333 9
7524 10558 10
7037 9415 7
7102 7239 7
8485 12337 4
3213 12817 5
5603 6061 1
4156 5898 5
9173 12727 8
6240 12446 6
6332 12045 3
1713 7355 2
3366 4363 3
1567 6456 7
3352 6347 3
4705 9690 7
3723 12556 3
241 10221 7
1637 2680 8
6540 8538 2
1820 9657 3
4530 5114 3
5774 12528 1
52 3572 7
5337 6580 4
8125 12986 2
882 8558 2
1147 7191 10
7905 8438 10
1103 12449 4
4297 7949 7
968 5078 10
521 1180 10
6379 7640 6
942 10630 9
6330 7772 7
4523 11727 7
3475 10677 6
638 6242 8
4428 10980 8
6023 9584 9
2002 5641 3
4720 5226 10
4040 7575 1
1915 5479 7
1272 5154 5
1390 2637 5
979 5581 4
10083 11527 2
4671 5736 3
2787 4992 3
5395 12594 8
9262 10283 10
1959 4696 10
249 2273 8
45 7885 1
9518 11758 1
7775 8918 5
1390 1484 4
8523 9674 10
3202 5393 6
4216 7342 9
7023 10100 3
3968 8845 4
266 637 7
5727 9025 9
2875 4003 6
5949 6313 8
1460 5709 8
1415 8514 9
434 1539 8
865 3980 2
3082 12261 4
10840 12623 8
1444 8077 2
7036 12298 1
1224 2251 2
390 856 7
5450 10968 4
4917 10223 1
6514 7093 9
1973 6030 1
2081 4540 8
7477 9478 2
5308 8763 8
1184 3816 7
1355 12671 10
2716 4353 6
1040 9257 5
11723 11735 9
5730 11288 3
4706 5266 10
1752 3893 5
9323 9433 2
1669 10652 6
4708 11685 4
5030 6268 3
3181 6394 6
8392 11899 7
4175 4791 9
6340 7040 5
6893 9369 6
7017 8700 1
1330 11025 10
3714 3946 6
2786 6200 7
9858 10501 8
1247 4610 9
340 2183 7
2145 3977 4
2219 2815 5
467 9034 4
332 12968 9
555 5926 9
783 8586 7
7309 7708 5
6535 11746 7
4148 11521 4
2955 3859 6
2715 4760 7
7487 10620 10
6417 10997 3
1305 9520 3
4357 6762 6
5454 7929 7
561 6242 5
168 9664 1
8608 8755 9
1711 1855 2
8936 12954 7
1363 10583 5
3444 5634 5
3786 6817 4
2583 5808 9
10401 12240 3
1884 3000 8
5758 7810 4
9594 10097 3
3970 6746 1
3527 11008 8
541 845 3
2441 7590 8
1893 12429 8
2208 7293 2
453 5030 9
5009 12170 6
1253 3442 2
449 4879 4
3645 9818 1
2563 7820 5
1822 5282 3
6202 7864 3
6060 10375 4
10384 11290 7
4681 10245 7
4660 11225 5
389 5155 9
3393 3530 7
3855 9327 8
9246 12310 10
3453 6463 4
209 11758 1
1053 10998 6
154 7956 8
462 3390 1
3066 5596 2
10552 11027 8
1809 2676 5
2066 3838 1
8820 10967 4
4643 9651 3
3629 11277 9
3415 8723 6
3775 5207 7
5284 9984 3
3334 9844 4
378 10098 3
9766 10233 8
1732 5452 7
2190 3872 6
517 2379 1
9688 12886 6
1400 12014 2
6799 9916 5
1766 9162 8
845 7302 6
3258 11376 6
3391 4705 5
1394 5143 9
400 12811 8
3323 3794 8
45 6709 6
517 5494 2
1985 3358 6
537 11726 9
3390 10208 5
3441 4232 2
2131 12086 2
2311 2730 6
2376 4938 7
1356 11451 2
3070 5053 3
6069 7177 7
2441 11015 1
4915 5692 2
2394 5227 1
1330 3971 7
2733 7560 5
3280 3382 9
3200 12214 2
1662 8293 1
6331 7248 6
2317 3304 10
1684 5182 1
2275 9436 3
5159 10014 8
6342 12030 2
222 2398 6
7364 12737 2
4990 5144 9
566 2890 9
3575 3990 8
57 1164 10
9725 10201 7
8027 9089 9
3579 6615 10
733 1808 6
766 9960 10
7368 12768 5
5718 11052 9
470 3445 2
725 11371 7
5367 12427 1
5025 12087 2
1921 5341 4
584 1042 4
715 7978 4
563 9762 8
2548 10915 9
6409 8149 3
672 5673 7
728 10737 2
10207 10441 5
2586 6071 5
4313 12589 4
3853 8510 7
1351 11455 4
536 1451 3
2266 8665 2
7117 10486 9
4135 4486 10
400 8096 6
7964 10964 2
4626 7054 9
1689 3836 4
1226 1301 1
2355 9595 3
3443 5516 9
8170 11428 8
2164 7002 7
10365 11407 1
5371 10764 10
1533 1700 9
421 9395 9
747 8543 4
499 1475 1
6919 9325 10
9695 11650 1
1309 6742 2
646 10768 2
2101 8372 1
5544 5557 2
7923 11506 2
1744 9550 10
5368 7608 4
7778 8549 6
4605 12532 3
8886 12938 2
1240 7480 8
9248 9329 5
6164 10981 6
806 8979 1
5042 10594 1
1379 7627 9
2886 3681 6
1724 2167 3
3338 12563 10
871 9024 8
7094 7435 4
3017 8935 1
1896 12321 8
164 10146 9
2415 7525 9
141 324 6
3894 9511 8
614 8564 2
10425 12215 8
1961 2600 2
2545 4390 6
1043 6375 6
5379 6643 6
3821 7883 1
695 10428 10
3326 6747 8
12302 12973 10
680 5702 3
3944 8618 4
371 7201 8
957 6154 7
1520 6970 4
5728 10056 6
2615 11778 3
3031 6508 5
3159 4728 6
1355 10678 9
1136 12697 7
2319 12502 10
689 7878 3
3081 11517 9
1963 3962 7
9308 9553 3
721 10330 8
473 1085 8
1101 4560 3
6758 10232 6
1342 9906 9
1595 4153 3
4526 5543 5
1268 4752 1
9059 12705 5
951 10579 7
1038 2874 7
9390 12164 9
4647 9235 10
4774 12880 7
520 11220 9
2782 3756 1
2072 6169 8
526 11648 5
9276 12749 5
11265 12944 1
3372 6958 7
733 4806 6
2797 4735 7
225 7875 5
3393 6874 10
6338 12667 1
3966 12896 2
2917 6677 8
6446 6502 2
5323 5523 4
3034 12822 9
3606 5109 10
2786 9152 8
5088 5142 1
2430 9854 1
1889 4378 2
3040 9195 7
345 9918 10
4037 6293 4
3164 10664 3
2908 3130 7
3929 5130 5
419 423 7
3304 4277 7
6901 7768 10
1521 4160 6
6667 9257 6
3431 3972 5
3114 7909 1
4408 12014 6
3227 10347 8
5751 11288 5
578 8372 5
531 6072 3
8578 12230 2
2395 8246 10
2475 5770 2
5977 6446 6
1136 9335 5
2059 3260 2
143 4395 4
5699 5949 6
998 4723 5
1144 9011 1
4754 11177 1
3394 6054 10
5420 12703 5
98 2546 6
1447 6606 2
2405 7083 10
3 5215 6
1986 10241 3
973 7969 8
2438 8796 8
8422 10522 1
2481 12551 4
2083 11111 9
1707 7258 2
4644 7383 9
350 2694 10
4988 10923 7
4224 6903 2
893 11167 8
448 8287 3
953 5038 6
944 7559 4
17 9974 5
2338 2402 1
769 1550 4
2271 11032 4
2355 8634 4
2042 10913 5
9120 9361 4
511 11475 6
10498 12703 6
2872 10131 8
7471 10912 10
2578 10458 9
370 3008 6
2232 12825 2
1138 3520 2
2677 4030 10
1608 7171 1
545 9661 5
560 4813 3
67 8772 7
4827 6007 5
5177 8953 5
8364 12948 6
2598 12811 8
2723 12819 1
307 3861 3
1222 4973 10
229 494 4
3358 8611 6
4946 7786 2
2298 8900 10
1145 6839 7
6639 6928 3
983 5749 9
5490 8063 9
199 3375 5
2263 3359 3
2169 5054 5
845 5107 2
8093 10591 4
2697 7229 10
10231 12614 4
3603 5611 5
3833 12202 10
3992 6673 8
6038 9091 10
4526 11054 5
4709 5040 1
1012 4929 2
694 4217 10
857 2402 8
2498 10913 3
6606 12545 1
2277 7814 9
3217 4837 1
676 4850 10
2560 2984 7
2868 7833 3
7606 9819 3
1220 7028 8
2721 4093 5
2380 9535 7
4788 4860 2
1377 11715 9
432 8777 9
10761 11417 10
12275 12534 4
1196 1271 8
958 6718 1
11649 12720 8
5762 11471 8
1338 4908 4
1201 2584 1
10390 11099 6
6842 12374 10
1620 10704 1
4681 11407 2
513 3804 5
2906 7009 5
9238 11412 1
2680 3443 3
3782 7607 4
1931 11005 10
8819 12435 3
2903 9817 4
5197 6230 4
881 6300 8
6196 12846 3
1118 11546 2
2242 4929 5
4977 5122 8
8783 9410 6
3290 3465 2
104 12134 8
1888 11336 7
873 4381 6
3089 8451 2
3176 4757 2
301 6450 7
5790 11944 6
9256 10238 7
5156 6712 7
5610 7329 2
9726 10060 1
167 6610 4
3229 11112 6
613 1367 7
3187 4973 8
3794 8605 8
8985 9546 3
4484 6148 3
4258 4337 4
5330 10824 5
11 6830 9
3353 8883 1
1249 2405 10
5966 10583 8
1090 8553 10
3924 5705 3
3499 5724 10
317 11561 5
2422 9604 3
5772 10435 10
116 7535 8
4307 9900 2
10792 11085 1
1503 7637 1
6189 12686 1
6056 7850 5
1057 7860 4
3911 6541 4
1430 8234 6
4288 12691 2
54 5200 7
5300 7417 2
1417 11908 6
1853 12380 3
4550 10718 6
5637 10263 2
4481 12533 7
4314 5756 2
2938 9811 6
9894 11299 9
8023 11050 8
2475 6647 7
1310 9452 4
644 6219 7
1196 7545 2
220 8147 2
4843 7160 9
6753 12844 4
1924 5856 1
5213 11509 5
6915 8401 1
70 10240 4
820 4812 10
3952 5283 7
8011 12060 7
2428 10058 1
2099 6035 5
1732 5334 4
262 12708 2
885 2131 7
4012 6212 4
9067 10152 7
6150 10672 4
5839 6250 8
578 4151 1
3112 8477 9
6415 8476 10
5905 11870 7
8323 9571 2
1162 4434 3
4760 4946 6
3375 5096 1
1875 6216 6
5881 7884 8
1824 11889 7
2914 6639 5
46 7044 5
495 9124 3
2217 7081 1
5108 5283 2
2798 11308 8
2086 2758 1
1790 7519 4
4241 10367 2
9401 10815 4
2743 6649 2
9825 11226 8
6328 12517 9
6662 6830 2
4738 8297 2
6717 11816 2
5176 5939 4
6951 11576 6
5081 5407 8
438 8656 8
2940 4968 5
4750 8095 3
947 7293 7
6601 7299 7
10291 12609 4
3732 6829 7
1497 3857 2
7079 7516 10
2722 8647 5
5367 8827 5
1726 4115 3
4499 10210 3
4260 11958 1
2861 3721 8
676 6264 10
613 7466 9
124 1757 9
2269 4396 10
3903 7244 7
488 7785 4
9276 10056 1
3533 4933 2
47 3598 2
3729 12082 8
6977 12463 7
3824 4359 9
6697 12318 2
356 6146 2
3820 7474 8
8252 11808 10
5912 12865 9
1005 11881 3
2881 7952 1
5066 10759 1
4901 7162 10
1051 7388 9
214 9230 4
12593 12717 2
343 6561 1
6519 11224 5
2551 3114 1
441 10396 2
218 9237 7
3815 5479 4
11099 11398 4
2926 5851 2
1104 3041 6
96 5101 10
4826 10451 4
4019 5044 2
2993 6727 4
11243 12291 3
6044 10008 1
4302 6752 4
6078 12906 8
389 3946 5
1021 12043 5
351 10767 7
3644 5976 7
2892 10176 3
5953 6637 9
9329 10126 1
5572 11921 10
427 3114 5
2754 10869 7
2443 2826 5
7453 8441 7
238 4476 10
3687 5225 3
3404 11481 7
1926 4904 2
10744 12351 3
352 5510 3
987 3705 2
568 2472 9
444 8864 2
4882 8021 2
9928 11985 9
3468 6301 2
571 11615 8
2997 4588 10
1091 5268 3
535 11604 2
1053 9360 4
1435 9236 9
4412 4849 10
5914 8370 5
7028 9410 6
2365 10480 8
3270 5620 10
81 643 2
69 12115 2
1977 11477 10
9434 11823 9
522 10780 6
5840 11556 3
9675 12627 4
1055 9564 6
5105 5409 7
8915 9548 5
428 7409 2
5234 10941 2
1277 4623 6
6986 12743 8
5141 5571 9
796 5636 5
3260 10645 9
5339 10477 6
1892 3625 4
4605 9468 4
1249 9821 3
7529 11421 9
10212 12242 9
6066 9148 5
4936 9460 5
7823 10702 9
4628 5801 7
1136 2910 1
1474 4198 10
9479 9682 8
3496 9447 10
2782 2843 4
5928 12684 6
4465 8863 5
1441 5459 1
6707 9678 8
10241 11809 1
4214 5100 4
51 6251 8
616 9145 1
3754 5833 9
2856 12254 3
3413 4217 9
2478 10965 9
1126 7404 3
5683 6269 8
4747 6107 10
561 1687 9
1184 7365 4
9107 11070 2
1479 5273 10
2653 9361 10
3204 9282 7
1044 3038 2
2251 3778 7
2725 3177 2
884 2783 10
10488 10686 3
10623 12741 3
4745 10233 10
2254 11206 2
5172 9363 7
599 8791 2
2375 11366 7
3784 6279 8
2901 6073 2
2904 3074 3
834 6765 8
4832 5939 3
623 1296 8
3002 10316 5
2103 9551 4
1064 6579 5
3514 5627 10
3983 7051 1
992 2338 3
8795 9365 8
248 6041 2
5728 7682 10
3609 5795 8
1787 2704 9
7476 9036 4
1192 10172 2
639 7930 7
4568 11842 1
9227 12009 3
6324 11303 4
9735 10638 10
8042 10110 10
155 2110 8
1021 12602 9
4042 12261 8
2042 7566 6
2656 5769 1
1744 4041 4
3249 7405 8
4520 5748 7
1496 12625 9
6867 11972 10
4421 7759 8
9160 12055 10
2082 11746 9
1486 7201 4
2379 10329 9
3555 3926 10
8196 10147 8
35 1253 3
2708 5679 3
4042 5604 6
9819 10051 4
5908 6317 2
4452 8393 4
10430 12469 7
405 1295 4
5098 9803 8
467 10088 10
7776 9178 1
2623 6136 6
2127 3404 10
11134 11360 6
2771 12160 7
1960 4196 2
2664 8486 7
3123 4524 9
1778 2857 7
3342 5039 10
3325 9973 1
2498 11802 9
184 186 6
5309 8990 9
3444 6294 7
12569 12839 8
4842 12244 3
1549 7707 9
1746 2568 8
3106 12369 5
2211 9786 7
5939 11014 6
4204 6142 1
4645 7433 2
2377 11650 2
2947 4100 8
1208 8583 9
225 2897 2
1703 9958 3
9531 11618 3
3630 11160 4
866 2994 3
5306 7108 2
351 546 2
298 5435 8
2194 5004 6
5652 8919 9
7519 8523 2
281 2245 3
6237 7237 4
2929 3014 7
1542 4479 9
678 11522 9
10097 10516 2
1595 10408 9
6270 10754 4
2801 12699 4
1209 2801 2
4932 7110 2
3219 9120 7
1270 11095 5
5190 9388 5
4175 10023 3
3637 11641 4
1832 2519 8
6133 9807 4
4392 4976 5
2579 6048 3
5621 10539 7
4585 5115 3
3378 4238 4
1756 3737 8
9544 12174 3
1861 5189 1
8072 10733 6
2427 10319 9
1849 6332 1
3362 12277 6
4463 11899 7
5016 11784 2
5331 8271 5
2201 5029 5
7172 11710 7
10975 11282 8
4080 5481 2
3708 10343 5
3296 6453 9
2086 4493 2
3897 4316 10
2278 6883 4
4972 6486 10
3915 7595 10
2957 4924 4
941 4149 8
520 5061 5
2956 3655 6
4854 5768 6
2620 6872 9
3351 12494 5
8224 9562 8
3490 12165 10
895 1755 5
240 6317 7
6351 12841 3
10738 11506 6
4650 6886 7
6372 10957 5
95 12212 5
1516 3188 3
5345 10696 6
1327 2678 5
579 2797 6
1945 4616 4
5662 7008 6
6002 9059 6
3216 4703 5
1824 11969 4
10811 11793 5
6756 7622 5
3795 12514 10
264 7877 7
3433 5375 9
212 11146 3
2369 8591 6
5665 7340 3
2048 5946 1
6944 12060 9
570 2374 1
5177 6319 3
726 6734 10
275 8175 9
12300 12301 1
1063 5245 10
5759 8995 1
4556 12703 7
2614 4931 2
5578 6637 9
3955 4605 10
960 2775 4
2465 10258 7
110 541 7
713 12183 7
2140 7729 7
75 1525 8
8114 12696 9
130 9973 9
4969 6967 3
3602 9361 3
877 6531 3
1902 3946 3
7915 7994 8
5668 6333 3
1891 12574 3
3972 11328 1
2843 5408 1
3774 5779 1
7386 7494 9
3981 9508 5
2733 12349 3
9516 12223 7
6810 9342 6
5860 10430 10
1835 4405 1
10771 12076 6
9620 12045 1
5560 11920 9
5758 9705 6
5657 12360 6
1076 5915 1
212 10615 9
7738 12223 10
4116 8538 8
447 9484 2
4397 6155 9
6404 8891 4
11776 12035 5
5445 9135 9
815 2127 10
2075 2497 10
1846 3394 8
1302 2332 4
4384 11820 5
6706 8117 6
1849 3443 10
5336 11469 9
4002 9552 6
335 4060 9
5369 9282 5
3409 9541 7
569 7062 7
6137 12187 8
10815 12418 9
5143 7577 4
11197 11543 3
2040 9557 10
912 9964 6
5854 12557 5
3325 6554 2
2239 9155 6
3943 10955 9
747 8602 8
9394 10663 2
1575 12597 1
6809 11898 10
5017 12009 3
890 2023 2
9231 9671 1
2602 3912 6
10614 11953 1
4575 11674 6
3989 8945 3
5271 6546 7
8091 11493 10
2585 5359 4
3644 9710 9
2495 5752 9
1058 1239 6
282 12455 7
3468 5490 3
1902 11506 3
11487 12812 6
2808 8681 10
3148 12624 7
8171 9266 1
4024 9043 1
2928 12172 2
180 2398 8
4005 6411 3
6136 10833 9
4928 12228 3
8207 9553 10
1417 4394 2
2118 10714 10
3458 4092 3
12009 12809 7
346 913 9
7190 11507 1
8768 10631 2
5241 5737 1
4739 6131 7
3793 12820 2
1086 12876 1
3140 6644 5
6465 11497 9
2624 10954 7
1473 9298 2
4176 5118 10
1125 8357 6
5357 10099 9
1623 9107 8
3377 12179 4
1405 3866 2
543 2273 7
2996 3443 1
3061 4667 9
578 6923 10
947 6291 2
7140 10046 8
2884 7688 7
2167 7635 6
430 8213 10
6731 8014 9
465 2900 10
3687 8677 4
2523 12647 4
6616 12526 2
2141 11543 6
6647 7110 3
1075 8581 6
2972 3372 5
5576 10338 9
3112 4373 1
2670 2838 10
2420 12356 3
6516 6861 7
649 3041 5
314 11197 4
8874 9276 3
5763 7935 1
434 3859 2
3914 4381 4
5927 9549 9
12670 12702 2
7443 12781 8
5718 11087 9
7424 8191 9
7280 8857 5
5442 10279 5
1202 1803 3
2513 7291 6
7003 8771 4
2577 8241 4
5037 11492 8
721 12884 10
627 2194 1
6573 8897 10
1325 10716 7
802 10012 10
953 1702 5
1006 4556 1
24 9080 7
5358 5791 8
3035 10101 6
1024 4858 5
3687 12078 3
851 5993 4
2064 3312 5
8725 9290 2
1259 4813 4
738 5262 6
1788 4939 3
3167 9114 4
309 7389 8
6466 11445 1
588 1876 4
692 3776 1
1265 8561 5
2766 3918 8
69 11138 8
6080 12457 8
4332 9057 5
298 8459 1
6234 7549 1
260 1365 6
686 2220 4
2565 5124 2
899 12170 3
3575 5914 8
4405 6745 5
4039 11186 1
5671 8216 8
327 3618 2
3714 10709 6
6080 12893 5
1715 8224 10
9192 11458 10
6769 12543 6
211 8473 6
9405 10841 8
3373 10334 2
3195 10708 7
1374 11467 1
3493 11617 10
1906 5820 6
5118 7927 2
5872 6396 6
2913 12773 2
1152 6426 10
8681 11406 8
556 975 4
2575 8211 10
1842 9157 2
4136 4623 5
4115 9792 6
717 5442 4
9745 12013 5
6281 12190 1
1204 6039 3
8348 11041 9
5720 8435 4
5357 11724 4
6293 7887 3
1053 12115 4
6745 8505 4
6809 6836 4
3335 8169 8
3386 11032 8
5761 9071 4
934 5398 9
5590 8381 7
7198 8053 4
3402 3971 5
960 8560 6
2394 5255 8
4555 10353 9
6387 10968 5
5964 9465 3
1492 6510 6
5296 6168 1
7524 12750 4
2940 3344 1
748 5898 6
1635 12119 6
8 1592 1
2208 8299 5
5674 9203 10
6171 11003 1
1964 4166 7
1739 6670 4
2483 3027 6
6726 7904 8
1950 7632 1
4530 8072 5
5323 7230 3
459 5098 4
2634 5171 8
2389 4975 9
4084 7571 6
3408 6597 1
3027 6047 10
349 2543 9
6663 7311 5
3135 11392 3
4125 10336 10
1107 4898 5
1707 6222 4
672 8853 3
1732 5699 2
4495 5636 10
5683 12719 6
701 1318 7
3576 9309 3
1173 1355 5
1085 8816 3
5253 8306 10
1602 8540 4
7931 10814 8
1628 8122 4
5775 12516 8
3772 10096 8
3037 3280 8
3281 8743 5
1839 10370 6
3371 4655 10
193 5312 10
365 10842 9
2190 9863 5
8593 11418 3
3986 8297 4
4664 9273 10
4672 9030 3
7937 9230 5
3762 4314 9
716 1475 4
268 9974 5
2213 10728 10
524 12258 6
513 1200 8
652 9273 8
544 9661 7
3383 6767 10
2619 3287 6
373 8382 9
4180 10238 6
183 2238 8
790 10048 4
1728 10560 6
2074 10101 8
5177 6055 10
5154 8282 10
6485 9666 9
4331 6537 3
1510 10544 3
1307 5005 8
271 7373 2
1881 7308 3
6005 7992 8
2162 5909 1
6078 7769 4
4227 7952 7
4844 12749 6
2610 5172 2
5529 6619 7
692 6357 5
5912 6247 10
6332 7545 7
7875 8329 6
5314 6001 6
5023 7811 2
758 11266 10
7144 8271 9
615 4148 2
5788 7116 4
1135 8494 7
1280 12516 7
4983 9275 4
4731 6318 7
4882 11505 9
1636 4426 10
121 669 5
4608 5378 4
1106 3501 6
7712 10482 10
5842 10704 9
10266 12626 4
4703 11193 4
2482 8310 6
1157 9388 9
2335 12905 6
3253 6274 10
5050 8722 7
968 1798 3
3609 6830 6
2261 10194 6
6360 11352 5
6043 12293 5
537 2290 9
4048 5537 1
2276 11440 3
5117 6650 8
2587 8905 7
1918 5031 6
2188 4678 6
41 2296 8
3430 4097 8
3298 7230 7
4843 9302 6
3663 10501 5
3994 6083 4
1733 3342 2
6567 11770 2
295 1994 10
686 983 10
10954 11973 1
2066 4594 4
11157 11466 4
3029 5023 3
7700 12428 6
5413 7128 10
4993 6092 7
394 10486 7
5108 7149 5
4355 5410 5
6210 10161 10
4881 10573 5
714 2961 4
4860 7539 3
3022 7925 3
2013 3245 2
154 4472 10
8367 10892 10
5783 9537 10
916 5420 9
3129 11906 9
661 10520 6
2485 11587 6
5591 8285 9
2732 4737 10
3182 11187 8
3193 6382 2
2690 4576 5
4930 10957 5
2906 12232 6
5675 10677 6
4581 5853 5
8314 11507 7
295 4366 10
1523 6207 5
2194 4287 3
6334 6713 10
934 4716 1
457 7649 3
2181 3497 10
5113 10588 3
5384 8176 3
4837 7134 8
6492 8656 1
3340 3422 8
3847 8477 8
1195 9592 5
7859 9255 4
8119 8954 4
245 3565 10
2490 8495 4
5134 8075 2
1392 7960 5
4733 8244 7
7784 9934 9
2870 7889 10
1618 12386 7
2115 5256 6
2158 5081 6
2222 11264 1
8990 10880 2
6499 9324 10
5941 9558 7
1354 5032 4
3442 11030 8
858 9251 4
2847 12029 7
2201 7104 8
1231 4295 6
7105 8809 1
2618 2965 10
81 10642 2
1511 7548 9
1109 4353 5
2430 4791 10
3798 12723 3
3593 12364 6
9097 11228 2
541 9290 8
4060 9111 3
2980 12776 2
5706 5741 10
1127 11481 10
949 4880 1
578 5226 10
2432 6630 8
1025 2916 9
3902 9498 10
6925 7286 2
8700 11461 10
3292 12123 9
581 5284 1
210 9855 3
5526 10099 4
2093 2838 7
4565 5014 4
5359 11538 1
6734 9285 3
4696 4821 8
2108 10802 3
15 4413 4
2860 9901 8
245 6623 7
6119 8093 6
7565 9492 2
5326 7016 4
2808 8505 9
6881 11414 4
6105 10227 2
347 2841 2
9083 10651 10
1239 11225 4
2625 8110 10
396 9191 10
1480 12165 4
2938 4931 2
1278 7169 4
43 11073 2
457 8628 9
1119 2161 4
3187 5282 10
3261 4980 9
3672 11003 10
5865 11316 1
2120 12919 10
5933 10338 8
11246 11282 8
5824 12429 4
5906 6893 8
955 1718 1
3163 11552 9
1033 2756 7
1275 11334 8
1033 10624 8
105 2121 4
5753 9547 10
5260 9925 7
6040 11674 10
6623 9104 3
449 9924 9
2370 12579 3
6612 11811 10
2255 10276 9
5550 7192 5
4150 6047 2
2546 3436 4
587 6878 8
3971 5286 2
3100 3374 10
9440 10251 8
4287 4743 10
2484 2576 9
654 5489 3
1791 6269 4
2953 8008 1
2352 5113 9
7960 12393 2
8808 12555 9
1132 12340 5
7200 8938 6
920 3259 3
8385 9909 10
5680 7696 7
7561 11905 3
4361 12629 4
9779 12856 9
3936 9593 1
1794 4136 1
3089 4601 5
2638 8947 7
597 9115 4
1859 5287 1
761 1641 10
10850 11101 9
8245 9614 3
3980 11961 3
1637 2084 1
6901 9051 8
8420 12231 2
864 2705 3
665 3100 5
3388 6215 9
5626 7781 8
794 7796 6
5913 6682 7
180 3079 2
5642 11790 9
2773 9927 10
2155 6474 10
5580 11024 5
6129 8268 2
711 3434 7
10080 11715 7
415 5882 4
10325 11294 8
1167 9475 6
1594 4584 4
1511 10854 6
4372 12955 1
2442 4715 10
964 1153 7
5834 6537 2
3409 12322 9
8970 10918 5
2374 8133 2
1656 7836 1
1399 6178 9
2926 5489 1
7285 10198 7
1036 2580 8
6214 6341 6
1152 7717 2
975 5984 7
3893 12415 3
107 10812 4
4453 10218 10
4307 12941 9
1728 5227 6
1379 5176 1
6629 7122 4
607 8806 2
2985 4744 10
10323 11989 1
5280 8089 7
3902 4803 5
573 10237 6
10234 11939 5
11239 12503 6
8663 9718 10
304 6248 8
3131 5116 3
8404 10355 8
365 1099 3
1095 11656 7
2843 7014 7
8613 11280 4
6902 9777 5
834 2731 4
4024 7122 8
829 7477 8
8699 12414 6
4896 8608 7
150 1596 9
823 1350 2
7456 12304 8
7284 9474 9
4626 5326 10
6161 9661 6
11764 12986 7
2493 9202 10
744 3032 5
6866 10177 4
8507 9110 10
6444 8368 8
2591 11774 1
2557 5838 5
5156 8497 5
4917 5239 4
6019 10890 5
6477 11361 4
4514 5286 8
1354 11114 7
15 1111 10
6273 6725 10
5569 6460 7
115 395 5
952 6121 3
5610 9264 3
7050 12204 10
1979 6817 8
752 4121 6
3631 7240 9
6845 7233 5
918 4185 6
42 12893 10
4223 12458 8
3980 11885 2
768 2544 5
424 4306 7
292 2758 8
4101 12946 1
2524 10441 1
1571 5276 8
2092 4018 9
4440 6703 9
368 7427 7
2743 10112 4
6909 9315 3
1348 10401 1
1959 2868 9
2457 4618 6
10620 11637 8
4646 5980 4
2438 10283 10
3296 6885 1
5464 12859 5
8082 9323 5
2230 8306 10
947 7257 8
612 3652 7
1735 5665 3
3479 8433 5
506 4001 6
4522 5868 10
4762 12533 8
798 5046 1
5040 12635 10
356 11956 7
1443 2518 6
2473 11890 1
1442 7714 1
3305 6171 7
3587 8021 2
6223 7064 9
1345 12087 8
9694 12051 2
815 8307 9
4249 4637 8
3550 9904 3
2031 2078 6
199 12365 5
6437 9453 10
8750 11082 10
1167 11114 1
2910 5134 1
6451 11340 1
4422 11816 2
90 2277 6
5472 10933 6
3623 9358 1
958 7331 8
1926 9519 8
5295 6215 8
988 5684 8
2045 3901 5
11963 12060 4
2762 6988 4
5384 12040 7
8833 11364 5
428 4744 3
3499 6069 2
63 12112 8
3251 7795 5
1915 7097 8
2813 5550 9
794 9490 4
4218 11195 10
4838 6854 4
2326 5649 6
3653 12515 2
3029 8716 1
3081 4877 5
6898 8526 1
6526 6682 5
3816 6667 6
3587 9017 5
5422 7414 10
8409 10781 10
1208 5055 1
658 8589 7
5894 11480 1
1735 10902 10
3238 4202 5
1186 4031 9
8419 11620 8
5968 8205 6
3370 7323 5
4543 4644 2
2185 2697 7
2702 7405 10
2106 2235 9
449 2634 7
3628 4266 8
11587 12689 7
11148 11909 8
5624 6361 8
5420 11883 6
701 1142 8
5238 10734 5
12322 12788 4
2231 10889 7
5792 9726 1
912 1776 8
118 3274 2
4094 12090 6
471 5973 9
1277 10431 7
6593 7050 8
1423 10054 3
7912 8085 7
8833 10838 5
4678 11360 7
718 5235 8
2538 5790 5
184 11729 6
7112 11294 9
4950 5718 1
7452 10396 5
2793 3835 5
1580 4435 3
5243 8489 7
924 7105 6
3025 3907 1
1974 3616 7
4306 5906 3
740 1326 9
286 5470 8
8677 11232 4
5529 6651 7
3448 10813 3
6072 11596 7
1563 4086 5
1041 12996 8
1768 5920 6
2289 11099 9
522 3002 10
2488 4743 3
5113 9326 5
3904 6429 2
2013 2289 8
2973 4296 6
3449 5716 8
3258 12927 3
392 9299 6
795 906 1
2139 5378 4
1048 1901 4
857 1857 1
6997 8838 7
3560 11903 10
2374 12474 5
1465 11596 7
4178 5313 3
1598 8528 5
999 9026 4
4952 10933 6
1413 9372 4
803 7710 5
11207 11880 10
1382 5401 1
4109 4399 6
1358 8276 3
1741 3074 3
5460 5911 9
1601 7059 9
3212 3483 7
5672 12652 7
113 12000 9
2690 7016 4
6268 10494 8
699 11087 1
3482 6419 10
2531 8905 10
5395 8051 5
1081 6889 1
320 2397 1
6388 10231 4
2158 2776 7
259 11296 3
5802 7069 8
6810 12470 10
6418 12705 3
10940 11581 6
944 12351 10
5307 10180 3
930 9508 9
5200 5532 6
10553 12631 8
8034 12140 7
5210 5478 1
5800 9875 1
5003 10788 8
1491 9529 1
2624 6466 10
11497 12995 8
3416 4950 3
1912 3615 9
9866 12330 10
1236 10420 7
6403 12006 2
9651 11865 7
2887 4964 1
7671 8048 6
1576 6368 8
3175 10395 3
2711 3218 3
887 12454 2
6076 11970 2
321 3697 6
3080 6561 7
8641 9083 10
9723 12760 7
35 1227 3
906 1825 8
4364 12361 3
3803 11437 2
5265 12472 5
4876 5160 3
4822 12112 2
5488 8095 6
1525 10637 8
9178 12519 9
3736 10783 4
4605 12231 1
590 8463 7
656 8973 10
4108 9888 6
1461 10140 1
801 6756 4
3124 9521 3
2670 9714 9
2464 7146 1
4882 5672 5
3496 5987 2
5957 7893 3
265 6926 6
5645 6075 3
7792 9243 8
6118 11096 3
4420 6064 5
305 6040 6
2769 10575 3
8155 11364 10
11404 12011 5
577 8159 9
4566 8731 7
2311 7607 10
3286 7487 3
2331 9453 8
3032 8833 3
4336 6621 1
6358 11075 9
1169 8428 10
5566 11413 8
4697 5763 9
1400 1839 5
4614 9322 1
4353 5769 5
1866 5365 6
2925 5605 5
949 2394 1
6730 8569 4
7871 12319 1
11392 11477 9
4715 8835 10
6415 11819 6
4667 6680 6
3291 10526 3
6271 7190 7
1798 11194 3
2006 8652 2
312 12088 8
8054 9293 5
608 6864 5
3513 5172 9
4068 7648 3
3749 11273 4
1755 5873 2
3423 4812 8
5394 11394 6
5361 10876 5
2411 11027 10
1060 5680 8
4630 6410 10
3625 7391 9
12914 12931 6
2977 11576 2
4116 8461 6
256 5661 7
3204 12199 6
2310 9701 9
3978 12818 10
6235 8625 4
1435 3388 7
6013 8347 4
4771 9983 5
4596 6091 8
8156 11396 1
4042 7641 3
1711 4777 9
6393 10272 3
6649 7243 7
3415 7230 8
9773 11038 10
2052 3866 8
2350 3287 2
7235 8106 1
3604 3779 6
3885 4241 8
6729 8907 2
6225 10964 10
4003 4592 5
547 5076 6
1592 5241 5
7716 10949 1
2820 10534 6
2783 10307 1
4197 8675 3
5045 5649 2
3801 11039 2
10652 11495 5
3948 9531 5
3261 6269 3
8819 10939 9
9276 12873 1
2343 11495 8
3936 9693 7
977 11112 2
3981 6929 4
5195 6954 3
4903 8178 8
6124 6622 1
1332 6561 5
4514 9584 8
1628 12668 4
5490 5960 9
4775 5012 6
346 8361 4
5208 12310 5
3180 12191 4
3432 8155 5
3798 12769 5
2437 5926 6
7588 10641 7
5025 5813 5
1983 9484 10
1719 6237 10
379 9741 1
3353 10291 8
11427 11617 7
329 8363 2
1470 8734 8
4042 6424 1
8715 10978 10
7223 12132 9
6512 11984 6
3586 4959 1
4750 8701 10
954 1318 1
179 12935 3
2910 4315 10
4688 5456 6
1275 4562 7
1444 12484 2
1858 8447 2
652 9725 4
3151 8189 8
5873 9831 9
1972 9237 6
648 5245 3
2718 9141 8
1364 4987 2
5518 8252 4
512 2426 10
5866 7227 4
4229 6444 5
803 5431 8
1203 7353 7
6787 6963 10
6306 9889 2
2643 11154 1
6093 10749 4
1481 10017 4
4893 5978 7
633 11842 4
5680 11206 9
628 2107 8
5841 11897 3
1933 9676 2
4956 7465 5
4529 7317 6
3567 4758 4
2248 12387 7
3316 4838 2
4147 8245 10
9125 11893 5
1067 9217 8
7439 11553 7
945 4007 10
859 11657 1
2098 6102 3
1830 6211 7
6834 7312 7
3803 10143 1
6312 11422 9
3957 11474 8
3562 5995 1
2508 11891 4
298 7627 5
3197 10759 6
5774 10016 2
2997 3460 2
5430 6304 7
7273 7573 2
3576 4864 3
7412 12276 1
4264 10572 7
1052 1718 4
5300 5994 10
1661 12806 9
8251 11944 5
732 3023 7
4547 8367 2
11275 12823 2
5169 6729 5
6413 9254 5
7510 8052 9
3241 7480 9
3719 6790 4
8405 11211 9
1682 7931 3
4834 5107 3
4154 9846 4
315 12414 2
4162 10449 9
1275 2923 4
3874 6185 6
746 9489 9
2651 4885 6
5485 9737 9
1100 8752 9
3111 7907 9
2245 11255 5
12149 12285 6
3705 4156 2
2330 4956 3
1400 12824 2
2866 8588 10
928 11743 1
900 1492 9
7758 9736 3
5583 10502 8
1317 4836 6
472 11414 4
250 2767 1
2647 11417 5
5730 7035 8
719 10557 7
5153 6457 6
3124 6566 6
2418 6700 2
2353 2832 9
2222 5796 6
652 873 8
9152 9994 5
677 6262 2
732 7291 10
8407 11226 2
372 6257 2
174 10228 3
6690 10574 8
7118 11170 3
3510 4139 3
1052 10452 3
6418 12800 5
2332 12580 3
6030 12318 4
10415 12694 2
1416 3047 5
278 4413 3
3382 7782 7
3443 6463 10
2797 4988 4
2194 6516 1
3705 5386 1
2589 3370 8
6738 10802 5
3657 9847 3
2787 6572 3
3709 9125 10
2724 12683 7
1260 9043 5
6023 8289 10
6603 9137 5
1 7702 2
8611 9151 9
289 10413 2
1666 9022 8
1138 8763 10
2529 7203 3
6971 12343 10
9889 10670 2
265 1779 4
961 5426 1
2285 4190 9
974 999 3
4419 6394 3
4881 12441 10
5047 5611 1
5589 9552 3
2760 4462 5
1342 2063 4
1110 4148 2
53 12907 2
3364 9322 10
3357 12594 7
7160 12751 9
2661 4183 7
3241 3772 4
399 4859 9
141 505 10
2627 4678 3
995 7441 7
5493 9860 7
6404 11411 1
489 7933 5
3802 6619 4
474 2395 10
935 3020 9
9907 9958 6
3801 4804 8
3736 8656 10
6532 10983 2
3469 3660 2
67 4097 6
5187 6541 6
9503 12052 5
3684 5100 3
5997 6913 9
5060 6291 10
9069 10411 4
3760 6086 6
293 2273 9
28 1689 8
4593 7297 3
2581 5794 1
10671 12959 4
5566 7498 1
4216 8296 8
4886 6400 1
2700 10174 2
1851 5123 6
1459 8807 9
5871 10414 2
3198 8424 9
839 12279 1
5687 7360 3
1387 4255 3
714 2513 10
10006 11705 5
4077 7715 9
6728 10892 1
3791 6778 1
1716 4046 3
744 5415 6
10801 12373 3
5602 6615 2
904 6408 8
2977 8590 5
1183 6451 2
1188 2554 4
1173 11932 2
8063 9734 1
5327 8322 5
107 4739 7
7 5764 2
6621 11901 9
4986 7487 9
8005 10419 10
1972 4053 4
4147 5168 6
5726 11639 5
3568 7907 7
1859 8538 7
41 11507 7
4457 10880 8
8516 10755 7
876 7652 1
10918 12873 4
2216 10230 9
2605 3253 6
3215 11191 7
1358 7898 7
3225 5521 10
5115 6163 10
1917 3032 9
7552 10846 9
4755 7039 9
798 7676 3
2271 5977 10
4229 6565 6
10414 11445 10
2457 3691 5
2018 2388 1
676 6678 4
5697 10451 6
1006 5946 8
9391 10272 9
4793 10588 5
2116 2330 6
1591 12197 8
4776 6985 1
3384 12890 7
3168 7793 6
3928 6312 7
1329 2284 1
4490 8857 2
5044 10152 8
5987 12308 2
3922 8380 5
1867 2417 3
4681 10771 3
3692 7732 3
1990 8036 10
8755 12230 7
5944 12658 5
3439 6246 1
6677 9027 4
5674 7007 9
5635 9015 9
1567 5784 10
713 8194 6
7266 8400 5
2777 6746 5
7777 9104 6
1721 8542 3
7358 11833 10
5017 8423 3
928 1288 7
3292 8845 6
5020 10196 7
4947 5108 8
6624 12963 2
850 12072 1
4740 10288 10
2934 9123 8
910 3132 3
5473 7261 4
3371 10908 2
3999 10398 6
801 7715 3
4741 8066 3
1801 7497 8
4344 10194 3
1553 5167 4
3566 11727 9
3877 4966 1
1144 6670 2
2608 9888 6
6449 9817 5
5813 9402 6
4496 5783 5
1475 8702 9
3215 5161 6
4504 9479 8
2730 6368 7
8497 11107 8
3365 5576 3
2386 12416 8
1344 3220 10
1868 7486 8
4150 5579 4
8975 11566 5
1923 1934 1
2071 10221 4
3515 5824 2
5946 12176 10
3486 5720 8
8874 10486 8
545 1976 6
3267 12990 4
8219 10290 10
10276 11629 2
2328 6499 5
4295 7296 7
1050 4711 9
6734 9641 3
11352 11597 1
2481 6741 1
6507 11442 4
2672 3347 5
1567 7262 9
2041 7695 9
539 3478 3
5213 11370 7
2839 6551 9
5945 9055 9
10337 10519 4
6950 9639 9
1846 5967 2
5161 12051 8
1077 12677 9
9364 11088 9
961 8893 4
2811 7816 8
4203 4389 7
6248 7272 2
9034 9529 3
8373 11110 3
1226 10303 6
23 4563 5
2691 4764 8
2112 8304 2
3021 6487 1
221 5350 2
5445 12495 2
3198 3790 5
4216 7226 5
8409 11295 5
11307 11849 5
3408 6404 8
2744 2790 6
1555 7160 8
2077 11226 1
7009 7963 10
2715 12285 1
3235 10951 3
5962 7213 6
7456 10280 4
4540 9096 10
4226 5795 4
9877 10173 7
3876 9867 6
259 2926 2
3081 11428 5
2473 5409 8
4466 8809 4
2818 11134 2
1770 11331 2
2015 8316 4
3572 6531 1
6049 10431 8
1758 3499 8
842 1429 2
5594 11595 7
755 7879 6
3293 6712 9
636 2501 2
826 5709 9
6554 9681 10
4640 9984 9
3822 6970 4
2413 10573 2
1514 12759 8
2341 10070 5
2450 5567 10
1825 5356 3
2811 9961 9
2322 6351 7
3193 8944 9
2075 9962 4
337 9278 2
114 1346 4
5312 5691 1
495 6977 5
5738 7022 6
3666 11471 1
3634 7569 7
1401 11875 9
748 10760 9
5354 6284 4
11154 12945 1
8410 8629 3
740 9113 4
1744 6308 1
2603 7981 5
3291 3940 1
6438 6561 3
10001 10067 4
3515 11774 8
5758 5820 5
4824 8077 6
6103 12098 7
2768 7619 7
9164 9558 9
3185 6416 3
7036 8587 7
4240 10780 2
6877 10499 1
2248 10125 9
1815 11133 2
5072 5101 7
7702 7738 3
1713 4593 2
2218 2622 9
9150 11753 5
6303 10938 7
511 6281 7
6212 7943 10
4946 6144 9
7614 10336 2
7329 12834 8
348 4133 2
3101 9407 7
776 3258 9
5434 5572 3
1907 9049 1
9479 12788 10
1670 5360 6
2780 4735 7
7003 7839 2
3108 11258 2
7323 11593 9
3489 4510 10
10 2168 6
3976 9282 9
5920 10298 2
5460 5894 1
9287 12646 5
2541 6537 10
8640 12463 10
4444 7038 1
294 12462 1
3795 4800 6
1987 7790 7
2648 6139 5
999 1315 6
480 11064 6
253 12396 6
4637 10757 7
3457 10701 10
6043 10491 1
479 11435 9
2660 5496 8
318 11504 5
8523 8624 9
1115 2550 1
155 8249 7
1211 12796 9
7378 10462 6
6386 12912 1
7941 9488 6
203 4274 9
2047 6095 4
492 3227 4
4348 5079 3
1985 6922 5
1199 6409 5
906 3299 4
164 7780 10
9441 12931 2
5762 8613 3
300 2598 4
748 1064 6
1377 4838 4
8177 11490 9
2981 3193 5
8164 9079 4
117 6455 2
2479 4117 10
11845 12444 6
609 3867 10
1510 4748 8
28 8990 3
6813 7426 5
47 3249 4
9054 11407 6
637 12998 3
45 4918 6
1743 2031 3
5358 9122 5
2336 6742 8
4738 12002 8
1908 8651 2
703 4033 6
1308 9415 7
739 7101 4
1858 11558 7
1253 7632 8
1847 11045 5
860 2541 5
10024 11320 10
4100 10019 8
2855 5498 8
734 8625 4
2427 6752 6
1833 2527 6
2914 12226 8
280 10936 8
404 12486 9
2848 8667 5
3357 11863 2
6762 8053 2
3254 10337 6
4147 7956 5
2609 3289 1
4387 4443 6
1422 7306 10
1774 9105 8
2264 3898 1
1120 5368 4
463 791 9
1214 3182 8
2142 3033 2
1263 7397 6
3860 10964 3
895 12234 8
2818 10505 10
2093 2572 7
6454 10543 6
5334 5650 3
3272 10478 10
2571 9251 1
3338 12224 1
2147 4041 8
2015 9083 6
7166 10378 3
4205 10762 6
645 4488 10
6 3178 8
2223 7097 2
113 4167 2
8202 8456 8
1961 3031 4
650 7228 9
6263 11291 7
5564 9759 3
5675 12190 9
1990 5824 8
6676 8717 6
4341 4893 9
638 10844 2
4197 6436 3
1081 4162 4
6481 6605 1
2478 5100 7
2471 3041 7
268 6675 5
1518 4186 7
5778 6636 5
173 2932 1
7891 11720 9
8871 8883 1
1924 9546 7
3808 6668 1
2676 6339 1
1393 12882 10
1023 1164 8
1712 12325 7
423 937 7
5019 7067 10
5465 11525 10
9515 9843 3
1634 6970 4
133 1522 2
8315 12197 6
4826 5826 9
6157 12898 1
1108 2980 7
643 5003 8
8764 10547 2
3297 6046 9
1508 6253 5
8089 9672 10
3898 10811 10
2436 6576 2
8138 10185 4
2666 5181 7
2489 6633 5
4392 6348 4
1094 10400 9
9234 11884 10
6494 8339 9
1354 12303 3
11968 12389 3
837 5526 3
5313 10588 5
2061 5323 4
7013 7976 9
4121 7028 9
4043 4442 4
1190 10528 7
2905 6011 6
6223 8102 8
6606 11658 5
5144 12176 10
539 3766 1
8177 10314 9
3965 9340 10
571 1778 1
4493 8824 1
112 1719 8
5778 10495 6
4857 5333 4
1671 9931 9
8026 9326 6
6460 6632 2
6840 12794 7
5022 5239 6
10352 12748 6
4620 5382 5
5812 6030 9
1627 3671 7
3912 8666 2
10223 11824 9
783 12931 8
8635 10461 2
3569 6661 5
1057 7333 5
12185 12802 4
7669 8341 8
4296 8631 10
275 6253 6
5113 6016 10
4009 7989 7
3460 7290 1
6291 11142 4
336 3651 10
382 3172 4
171 6496 10
1171 7594 10
994 3497 3
5780 11687 8
135 9225 10
43 6066 2
8040 11081 5
356 5689 4
3737 10359 9
871 8816 2
6262 7023 5
2666 8529 4
899 7674 1
5592 9902 9
7967 9006 2
3604 5065 9
5940 9646 3
1157 8017 5
1012 1375 3
6414 9774 9
5793 11886 2
2108 8429 1
5654 5756 10
12584 12879 3
8804 11684 4
336 8926 4
3040 8745 9
8452 8865 2
3801 9744 7
1325 4761 2
5738 8458 1
5095 12163 1
2851 6572 3
1108 5149 10
2244 3399 1
5257 12719 3
175 9712 3
2412 10111 9
889 6069 1
2764 5759 3
2104 7679 2
1656 2733 5
1350 4591 8
268 3530 4
3791 5728 3
4080 4553 5
246 1186 10
3715 6050 1
5717 12704 10
4128 5571 10
3913 11707 4
1558 7899 4
1386 2260 5
7003 7386 8
2521 6049 6
1846 9475 3
6841 10839 1
6438 8946 8
9871 11110 5
94 369 2
2275 5364 3
281 1392 5
5542 6175 9
3673 6439 9
4894 6272 2
8300 10000 8
4262 9037 5
1987 12604 2
10159 12395 7
5156 11589 7
9258 12996 10
4100 12511 10
801 9052 8
3237 3386 4
1967 6179 7
2923 6729 3
2654 7189 10
3853 5196 2
309 6541 2
598 1758 9
1302 12246 2
3549 4323 7
5116 7579 7
7266 11371 1
1832 4188 9
509 8549 1
8315 12947 2
9288 11244 4
467 5606 6
732 12081 6
365 681 6
3033 12445 7
4398 4816 7
1753 3417 3
405 4870 8
7804 10152 3
6499 12687 10
1255 5312 10
1146 2377 9
1959 6078 7
4176 8284 6
3995 5006 10
1786 10183 6
3889 4141 9
5845 6160 6
6725 8847 4
5121 7962 6
1663 2288 2
2473 8696 2
6271 6326 6
11184 12474 4
1631 5026 8
5262 5353 6
4351 5580 6
8533 10158 4
5082 6296 5
1884 11914 5
2766 2883 4
7155 8922 6
516 6302 3
1366 4124 6
1721 9741 9
7914 12267 5
5766 12244 5
2183 9383 6
4316 9763 6
9231 10315 2
485 5362 7
6140 7117 5
9145 12719 5
1037 10912 7
4194 6155 7
1874 5242 6
3317 11190 3
9051 12045 1
1125 3981 4
12129 12754 7
5952 7460 8
5572 8631 5
3700 10635 3
3015 4361 4
6849 11047 1
2404 8989 4
6214 8975 4
8438 9857 3
6533 12114 3
56 2271 1
4488 7912 5
1114 1429 3
318 12011 5
738 5972 8
271 9379 9
2409 4225 8
3486 9124 5
4207 6944 6
4681 4705 10
8616 11937 3
1694 7204 6
2114 11812 5
3972 4939 10
8225 8651 8
9663 9795 8
7555 9758 3
5087 9149 3
532 12221 7
4753 5557 7
1083 4414 5
11400 12449 9
3169 6153 3
2779 9373 9
2485 4337 9
1808 6708 10
4000 10690 7
10012 10076 4
3375 5553 4
293 8163 4
365 2773 8
478 12533 1
4988 5601 10
1561 6844 7
838 8320 6
3223 9196 4
1583 12307 2
491 1312 2
44 5423 3
7828 10325 9
892 4404 5
880 1358 8
1847 4830 3
1480 4171 4
5130 10096 9
3873 5782 8
1459 4263 3
3548 5823 7
6940 11440 7
1303 4252 8
6869 7456 2
806 7108 2
1796 4273 6
294 1349 2
3403 5469 3
6547 12708 5
3346 9716 2
2866 10017 8
2650 7244 3
118 10191 6
4119 6046 10
8363 9973 1
3627 4021 6
5028 10353 6
6057 7737 6
4448 5955 4
7191 10915 7
8767 11375 4
3503 4180 8
2261 6244 5
2228 12903 8
376 1748 7
959 1557 6
1812 2138 5
6286 10110 7
5880 10472 1
4868 6648 4
4862 12167 6
2140 2754 8
8434 9489 8
4407 5154 5
330 1978 1
154 7044 8
1498 7622 4
8485 11327 6
3416 8063 9
612 11890 9
1058 4888 4
8269 9110 8
2962 4479 8
2051 10368 3
3205 12554 5
2213 2436 7
3589 6426 10
3608 10980 9
4954 5853 6
6026 10344 5
1658 8423 9
204 4296 3
5705 6169 3
2614 3174 1
2328 6256 3
1121 12834 10
786 4992 7
6330 11260 7
2143 11836 1
7753 8899 2
5620 12232 7
6514 12227 5
6651 12942 9
1746 10762 5
3329 5866 4
263 11263 4
9192 12677 4
1204 10561 4
520 4967 8
5367 6926 8
659 2906 10
3264 4940 3
7997 10514 10
1030 4536 5
641 11529 7
4749 8901 3
397 6698 5
3386 4802 5
3706 4722 7
1262 9636 4
4825 8271 10
4584 6489 10
538 11502 8
8303 11102 7
5151 8441 7
3370 9807 3
8314 11471 4
2352 9171 8
262 1102 8
1465 12092 4
4767 7158 8
663 3376 3
2252 6200 8
175 1471 4
84 11967 9
4872 12463 4
3362 4895 1
3805 4016 2
3119 12871 9
403 5895 2
6644 10691 10
4021 11397 4
6497 11453 5
1863 4987 10
1547 12918 6
588 8856 8
1815 4009 8
3001 6691 7
896 3140 8
4129 8869 4
933 3651 8
1083 6394 4
1390 11963 4
5137 12329 10
726 5993 4
5374 8692 5
248 1247 9
4975 11410 1
3050 10411 3
2230 12070 9
4328 12096 8
1942 12155 3
18 3280 6
1671 11500 6
1736 6714 3
5231 5846 6
3795 4994 1
9785 9844 4
2647 8065 3
644 1912 3
118 7985 9
1624 4398 1
240 2505 6
11068 12357 4
4082 5206 1
4394 6638 7
6032 7349 5
2998 8786 1
7455 12147 7
580 7019 5
6099 9964 2
2928 8630 8
5 2397 5
1385 11250 6
1038 4403 2
424 10788 1
8230 9008 4
2524 8002 10
4117 8659 2
237 4119 7
3042 10368 5
5624 9147 3
833 2432 2
458 4230 4
1669 10552 2
770 3007 4
1533 8208 10
3204 4479 4
38 2686 2
2914 7918 4
5599 9318 6
3363 4584 9
5403 8846 5
4065 8118 10
2433 4891 10
5492 6632 6
1768 2686 5
6689 8909 2
1461 9064 3
3680 3866 8
9250 10365 6
245 12134 1
3953 5158 7
3312 7373 5
1040 10371 10
4826 9115 1
528 4688 5
6254 7752 5
2659 11435 10
9395 11005 8
1389 2837 6
6242 11520 10
251 3025 10
4385 4689 5
3024 5461 2
5023 5590 8
7388 10640 3
1192 5184 4
2233 10445 5
149 5299 6
1302 6764 10
2672 3661 1
305 9225 5
767 2942 2
5326 6053 1
1183 8726 6
2891 11549 1
4669 11684 4
1952 7973 10
1688 3820 1
2932 8828 6
2546 4549 4
263 9556 6
3461 3765 10
5706 6547 9
225 5307 5
4647 11475 9
4446 11700 6
2109 10489 5
516 9901 3
1685 11242 9
2103 6993 10
5768 6021 1
909 1006 4
4870 6968 2
6903 10931 6
10630 10973 6
1946 11846 7
329 4261 8
4377 4993 7
47 1093 3
7731 12497 8
3466 6787 6
1954 11293 9
5559 12639 5
5270 12457 2
4942 9879 2
459 2127 2
3823 6935 1
4053 4844 10
2257 9535 8
5242 12039 1
493 11146 10
3301 12069 7
4998 8843 6
2446 4141 2
5709 10466 1
1746 10607 10
5887 6464 1
6409 8780 4
4499 6001 5
3036 9314 2
9579 12940 9
1396 3578 2
2462 8315 8
6854 7376 10
18 2777 10
2405 11452 7
1560 8949 5
1172 2002 3
1713 6516 5
5137 8044 10
3209 10558 4
6001 10141 5
3140 6108 9
7453 9416 9
5042 10288 6
4664 8489 9
3087 3961 7
385 3627 4
2136 2262 4
6605 7127 6
6891 8929 2
420 5898 6
5992 9321 6
2049 3288 1
1128 1565 8
5562 9459 10
1313 8391 6
7716 7722 4
8316 12974 5
4296 7427 10
2169 7889 3
4076 8663 8
2123 9910 3
3131 4678 9
4671 6288 5
2032 6356 2
1918 9069 3
1987 5454 3
4866 11681 3
6488 8330 8
3072 3873 2
3840 5043 8
5794 8703 6
7012 10404 10
4350 12498 3
5894 7553 2
724 3369 8
2726 10519 6
7091 9121 4
6260 7217 3
337 6438 7
8638 10140 3
4664 10027 4
4595 5609 9
5479 11143 4
519 3855 4
5018 7275 3
4074 6575 3
3817 12300 7
5110 8835 9
7498 11851 4
5345 12548 5
2119 11119 1
4100 8525 2
6149 9389 10
2443 12887 4
1593 10269 8
10918 12720 3
775 4855 8
5215 7314 8
5114 8010 6
5075 8736 8
2889 12616 10
1878 3388 2
1182 7304 2
11680 11929 7
2162 9301 2
1392 9325 7
7061 9891 7
3609 12448 3
4914 11853 6
2011 12136 5
2976 9856 9
1635 3815 10
608 5549 10
5156 8388 9
3295 9408 2
1281 6070 8
4013 8387 4
2733 4739 1
4632 12128 8
8098 12737 1
8328 12444 10
412 9542 7
1230 10005 2
3608 4543 10
1186 6529 4
1169 9584 10
4833 12014 1
2084 8549 5
5483 8063 1
4095 11456 9
8792 12313 1
2156 10724 5
1808 3157 6
1668 7944 10
4539 5887 10
192 2656 5
413 4304 5
3493 3570 3
69 4293 6
4482 10805 6
10432 12186 6
1628 6355 2
2015 5260 6
2525 6513 9
3530 4118 10
3467 7898 7
4618 12369 3
5054 6495 7
6039 12418 1
1082 3357 8
8061 12603 1
1935 2700 3
1092 12632 9
4427 4529 9
5001 6533 10
4084 4643 10
186 8740 4
766 12944 2
1785 3176 7
1599 3466 9
4615 12162 3
8768 11358 2
1598 11587 1
6075 12712 5
4395 5291 3
6112 6967 5
4239 8059 5
4442 11157 10
1183 5354 1
7532 11592 4
4209 6330 2
2207 2685 3
1380 7203 10
80 1050 9
4718 11851 2
18 611 5
4737 5773 1
2807 6836 8
2676 9687 2
2902 11609 1
1094 5184 9
6071 6459 2
4223 10471 9
7739 12240 9
5577 12928 6
2993 4368 2
5773 11308 7
456 5943 4
783 5354 8
4441 11881 2
3884 6664 3
6942 10476 7
3357 5845 3
6448 8908 6
425 2323 3
5179 8983 5
4679 6724 8
5408 6675 7
260 1285 3
821 5302 6
8340 12728 1
7660 8065 1
5761 6002 2
2730 10210 4
5539 7777 3
336 3042 9
5411 5756 2
689 4493 8
6332 11594 3
3614 8689 5
8046 9736 9
4877 10242 5
1367 2760 9
687 6143 3
3370 4334 9
6173 12661 9
4897 10363 8
4009 11345 1
1572 7080 2
7967 12050 2
2888 3107 3
5346 9544 5
7387 11863 9
3190 4865 7
3298 7316 1
9867 10665 7
4152 9626 1
753 918 9
3096 8973 1
2078 5149 6
2980 12225 4
6748 11580 5
2010 4050 4
5160 9946 10
3437 8566 5
1802 2025 1
837 9547 8
10657 12886 5
4809 5782 4
5511 10178 2
2401 11360 6
4258 4506 9
4512 4676 4
2914 11210 3
5464 12805 3
6150 7301 6
5746 12334 6
5101 7098 7
915 3435 2
3131 5172 1
10401 11380 10
1717 3047 4
1392 5831 4
1732 8173 3
2808 3119 7
582 3089 9
270 7142 4
8721 11401 2
1715 5234 7
408 4672 5
6645 12062 4
4996 5599 1
5258 8212 9
1836 3542 5
86 3325 4
7069 7694 8
2047 4011 6
341 7416 2
9075 9427 5
10030 12060 10
4442 12373 6
1495 5754 5
2989 4266 9
665 3887 6
5418 5636 5
6505 12804 3
5406 12617 5
3435 12952 5
3692 4506 9
8428 11287 9
7457 10285 9
450 4310 2
4220 12010 10
5688 8703 4
449 2841 5
9118 10992 8
3838 9369 3
388 11605 7
984 4692 6
1552 8001 6
4552 7210 1
7477 9249 3
14 12238 8
686 4471 7
4911 8526 4
6975 12573 6
398 1995 9
1287 8857 5
1125 9061 10
3834 7732 1
1387 9137 6
5255 10949 2
4049 12368 9
2813 4941 7
6101 7689 3
5232 6293 5
6706 11137 3
1338 12458 5
4793 11452 10
293 11896 5
4204 10758 9
1030 8257 10
2308 6473 9
2156 7145 9
2434 4620 10
1466 4753 2
4913 12758 1
5100 10796 7
5611 10165 6
2605 7249 10
7922 9173 2
3200 12302 8
620 7326 3
5930 11351 1
4714 7842 4
4651 7791 10
49 536 7
11424 12020 8
5226 6730 4
3226 3887 8
8969 9502 6
5194 9630 8
2199 8483 2
2744 5276 3
4362 6299 9
5191 9553 9
82 2813 8
29 5620 8
2801 4747 1
5539 9268 3
326 12379 9
7427 12325 4
272 6530 1
5732 10492 3
2549 12405 8
130 9715 6
5993 12309 2
3594 7614 5
10708 12646 1
146 4999 1
4437 5877 6
9322 11869 1
6362 7906 7
7741 8560 3
1215 9544 10
1695 6289 5
2687 3383 4
4838 12714 10
10029 12965 7
9099 10912 2
4180 9179 10
289 9196 2
4236 9992 7
1220 12056 6
1546 2575 4
7551 10378 8
790 3316 4
5747 7268 5
779 7697 2
5253 7592 9
8170 12053 2
832 7303 7
4994 8318 9
701 10528 2
1938 11206 8
1140 2661 8
259 1634 5
1884 11758 6
2263 3287 6
1099 6947 5
219 4421 5
2158 10761 1
2304 12654 7
7419 10783 10
3818 4353 1
2132 5863 9
2848 9366 4
11520 12660 1
5888 12278 9
5165 12987 10
8134 12602 7
4541 7917 8
4309 11067 5
1567 4999 7
667 2631 7
9794 12902 3
3722 3870 3
6429 11007 3
815 9489 1
2409 12296 2
454 5660 2
265 5792 3
3123 3492 9
1437 4935 9
5876 11783 4
2638 6622 8
2810 5129 5
4197 12572 10
2431 4480 3
12103 12715 9
1056 11380 8
937 2891 7
1891 8842 4
6082 10920 2
9077 10902 6
1368 6360 4
4375 12086 2
7379 9974 9
9554 10535 5
1935 2311 7
155 1663 9
4336 11218 6
2155 12489 5
713 12454 3
1680 9870 8
5392 6218 6
2789 4489 4
1906 12523 9
5697 12294 4
3668 5633 3
9864 10776 8
4114 9941 9
765 7935 4
2665 11212 5
490 5039 2
4642 6340 9
1513 2898 9
9879 9950 7
2774 4661 10
3155 4916 7
6040 7583 4
1820 10867 4
8200 10554 7
4579 8641 6
595 5927 5
2161 10204 8
1858 1944 4
6799 9842 1
4622 5243 7
793 2765 4
5029 7658 7
2501 2928 3
7114 7336 1
4540 11250 1
297 8244 9
836 7951 8
3413 5998 6
5015 11044 9
4552 6977 8
3148 3776 8
1423 12008 7
1118 6117 7
120 2065 7
5862 7009 6
830 3273 2
4901 12715 3
4643 8124 3
4329 6900 6
1338 9573 7
3572 6444 1
10403 12935 3
856 9669 9
9118 10511 5
5099 5485 6
524 1907 3
2234 10451 3
7905 12831 10
4882 6811 7
3357 4093 1
669 1247 9
4169 7391 3
2560 6492 5
2256 8353 5
3770 4006 4
54 8808 6
2333 7511 3
4523 5561 3
974 12328 5
540 8555 7
4252 4515 1
7677 10032 2
3288 9906 2
7198 8361 6
10243 12662 6
2720 7356 9
8484 12046 1
2107 3466 8
3575 5965 5
32 856 2
3990 12954 6
4417 11231 4
219 721 6
3407 8470 8
891 5927 6
3119 5252 10
3779 5944 2
2173 6446 8
1242 4780 7
4186 12828 10
2454 10172 7
2421 12982 1
5033 7834 2
2481 2615 5
3115 11807 9
10963 12179 5
4794 7646 2
3148 4778 6
8185 10699 2
3138 12477 9
7613 8419 2
5772 10037 2
11225 12693 4
2771 7156 1
154 2208 1
2125 5347 4
9993 10162 1
6177 11263 3
3100 12413 4
1112 4317 3
1239 10856 4
559 3958 9
929 6136 6
2453 7032 9
5958 8398 9
1443 2907 8
4081 8588 4
312 1350 4
566 12245 5
6233 6695 4
11696 12672 2
890 3251 5
6698 10292 9
10768 10901 8
2525 12848 6
1602 4034 4
1977 4998 3
6124 12051 9
8690 12683 10
7141 8592 6
2522 8044 7
4129 8184 4
2096 5536 4
3110 7171 4
8685 11054 7
1891 7005 5
4728 10315 5
1723 8917 4
4972 7816 6
2072 11093 5
5185 10912 9
3442 12766 2
491 12960 2
3615 4886 3
3486 10376 5
2816 12615 2
2481 6571 8
6612 8432 7
1659 11243 9
8890 12877 2
8078 12961 5
1191 12836 2
3749 4911 5
4917 5127 6
6152 12175 9
10634 12919 6
3270 11843 5
4338 11447 2
2541 5967 6
763 9752 8
5818 12813 7
3623 12887 9
7274 8223 9
3567 5777 1
1728 3832 2
6078 10698 9
4295 8483 1
7407 9842 4
2538 7490 5
2976 3937 10
3088 3770 6
3530 11906 5
3078 6591 5
4054 6766 5
7828 11667 2
4754 8694 5
645 4228 3
10790 12847 6
3476 11674 4
10380 11091 3
4657 7719 10
668 4355 4
1167 11544 7
8711 11942 10
131 12876 5
5543 10716 4
1826 6309 9
2837 11513 1
3906 9502 4
4537 6457 3
3253 10981 5
1721 5152 9
4511 10558 2
2658 9905 10
681 2253 4
461 4639 10
3546 5829 2
4431 9807 9
111 3359 1
2912 6306 6
1485 9890 7
1327 3260 7
6958 11345 3
2519 3677 7
3573 6838 6
7078 12173 7
7616 12914 9
791 2704 10
4141 11434 8
3226 7404 4
2843 4807 8
3561 7648 1
6133 12218 9
1517 10464 1
5719 5740 1
6949 10283 4
1634 4315 10
3116 7887 1
3012 5080 5
2343 7542 1
5661 12413 9
2382 3238 2
763 3052 5
4120 10459 4
473 3176 4
2696 3950 9
4614 7775 6
5432 9373 9
46 6926 7
5868 7885 1
1681 8821 4
5965 7293 2
6031 12979 9
4800 12229 8
9727 12818 10
2867 12514 8
892 6953 5
2255 11982 1
1632 10485 4
3586 7719 8
1087 1557 1
7624 10229 4
494 11546 3
189 401 8
8711 9879 9
3948 7086 2
2176 8546 8
3479 7770 4
6731 10999 7
9598 11269 2
1379 4756 10
887 1854 4
3773 9562 9
4958 8979 2
9035 11369 6
1900 10661 1
1666 9232 1
1423 12462 6
2612 6946 10
4751 5926 6
7485 11796 3
2389 4165 10
2033 2712 5
2558 12259 7
6828 7066 5
2755 9533 1
2060 4436 5
5238 5450 4
7551 11811 6
8133 10684 1
1756 4171 2
9961 10342 7
1882 8042 4
3271 11617 2
6952 11504 4
3890 4824 4
400 2324 7
9258 12692 6
251 3786 4
1427 4223 8
1862 5235 2
3784 9804 3
2038 4810 4
2243 4716 2
4878 5337 7
2602 7454 4
94 6706 3
933 1342 5
2250 3661 10
4144 6176 4
6040 10817 6
1528 4625 2
5925 11710 4
3415 5300 9
5501 7755 6
8027 8148 2
522 11106 3
4922 11096 6
431 11751 9
1299 7041 1
5055 11794 2
5235 5476 2
845 12349 2
981 2691 2
6375 10691 8
4808 4887 9
3157 12902 8
8623 9277 3
4247 9473 1
6224 12951 3
4620 8896 10
147 832 9
3591 9073 7
894 7382 5
5072 7695 4
2498 12983 1
6721 7048 9
7824 12714 6
10388 11442 3
1908 10956 4
433 10688 4
2403 6892 8
396 8490 1
6125 6149 10
2097 3773 6
567 4490 7
6424 8851 2
2697 6141 4
543 7762 5
4525 10800 2
3639 6315 3
4055 11339 2
1722 4578 3
2866 9918 6
1460 2105 1
7144 7676 9
1191 3325 7
4446 5165 9
1877 3081 2
827 7238 2
5079 11732 5
5464 10070 5
5143 9920 3
941 12061 8
854 1763 8
5376 5582 3
6403 12280 8
3357 12281 5
6030 12433 7
3141 9409 10
4025 6401 3
7681 11391 10
616 4448 1
4315 8360 4
2158 8574 10
3639 11594 2
3384 11766 1
3656 6751 8
2705 12898 7
1635 4664 8
6239 9193 7
7062 8322 2
1304 3668 3
1276 6012 1
6711 9169 1
6131 8376 2
2362 6206 7
7749 12775 6
2351 4781 6
3915 5504 2
2831 11548 8
9773 9816 5
2030 4144 7
7486 9511 5
2662 12104 1
2522 11959 8
580 4126 8
6713 7318 7
4206 12600 7
5411 6176 8
2921 3103 4
1688 9180 4
5670 8649 2
5839 11260 5
5014 7294 6
1183 6445 9
3405 8192 4
2889 3237 4
616 7206 3
8621 12717 6
4806 10040 5
2053 4066 1
1551 4225 7
5973 9615 7
7357 8134 4
10597 12004 3
9 1175 3
7062 11203 9
3123 4166 9
2375 6104 6
2562 11167 5
4112 4327 6
269 7838 3
7601 10005 8
2970 4973 7
1319 1587 2
131 2999 3
5824 7880 1
3979 5040 7
3352 12690 4
10949 11809 6
836 8878 3
52 11999 3
4110 10607 10
1913 12506 1
1861 11349 2
1732 5561 7
6119 7345 6
2047 4960 4
4423 5009 8
888 9532 8
3063 4205 2
432 12740 1
3140 5480 10
3158 9586 2
1540 5325 8
4837 12276 2
381 3445 9
5810 5937 9
926 12427 9
8671 12797 1
3150 6064 4
426 2104 2
6313 7431 2
6199 12374 3
522 2795 3
5434 12461 6
172 11112 10
2721 12191 7
9640 12614 1
4596 8619 8
9654 12022 5
3836 8889 10
2 7233 5
190 7756 10
268 3196 6
4999 9520 1
3015 12877 4
1034 9457 10
1216 9730 5
4060 4544 4
3354 4877 1
5333 7556 5
3055 5701 1
273 7894 2
7200 9143 6
2377 9400 8
4080 9813 5
787 2905 8
6729 8100 2
7582 11787 6
1424 5715 3
1668 10890 3
1914 7797 6
145 4951 1
8139 10106 6
7475 9917 2
3599 8778 5
2341 11033 6
802 6428 8
29 10494 10
1740 6967 1
1117 8934 10
10479 11520 10
6596 10869 6
1017 2035 3
9100 9343 10
3472 3845 5
1083 10120 7
1959 2203 9
533 10944 6
553 4582 9
1166 5579 3
908 12919 3
1819 4691 4
2801 11474 9
5902 8695 3
46 2852 9
6940 11712 6
3430 10997 10
315 11954 10
155 10239 6
11124 12597 2
1988 5988 8
5076 12356 2
2325 4160 7
438 1349 10
2002 5997 1
3554 4419 3
644 5630 9
4062 7998 6
4729 10325 9
924 6701 10
3077 6322 1
1545 10774 3
2860 5126 4
3892 11407 5
3260 3411 9
1334 9513 7
218 4179 6
12232 12239 6
1263 11067 3
3508 4424 1
3860 4453 1
6438 9844 3
2277 6312 4
4276 5085 10
6225 11679 7
2244 11244 5
9570 12546 9
738 3973 7
1999 10129 8
2980 10393 3
6088 7511 1
5509 12999 2
2272 7783 2
3113 3873 1
5156 7721 4
909 11854 6
128 541 2
3255 12812 5
3479 9705 1
903 5529 2
3704 8435 7
3807 11261 10
2746 9217 3
3815 11638 4
5080 10677 2
646 6781 4
619 2129 7
5716 6849 3
2459 3044 6
9552 10723 2
5277 12890 2
1390 9411 8
7523 11611 3
313 10163 7
21 2551 5
6495 7828 8
8637 11766 8
1640 7102 2
5420 8706 4
4951 9988 3
1713 2093 8
9757 10420 8
6038 12553 7
5135 7172 2
5837 7339 9
5186 8810 2
5139 6014 6
3154 5438 7
2981 11922 6
2650 5571 8
7471 12414 3
2098 7977 9
1733 7355 5
2258 10855 7
8016 11238 8
911 8004 10
10223 11818 2
4272 9033 7
8437 10868 6
5768 7039 2
2855 3885 9
5879 8639 6
10491 12012 7
3701 9965 5
2309 6788 6
3675 9405 5
380 3054 7
805 2343 4
5376 9764 4
1863 8193 3
2414 10401 1
5231 10817 6
816 10827 7
392 4956 10
3954 11013 7
8393 12331 2
1814 2774 10
1695 3030 1
732 6444 1
5121 6448 8
766 8120 5
133 12722 10
7268 7570 9
4146 7764 7
512 1826 6
4 7048 10
2048 2610 8
4091 12183 10
4251 5995 5
248 10021 5
5442 9919 3
4053 11598 10
1212 3982 2
3727 4867 7
906 2023 1
4606 6306 9
6576 8568 4
2136 4126 10
8896 11619 8
4933 12759 6
2703 5158 10
3017 7990 3
5440 10391 9
1588 8338 1
1308 4430 5
2018 9251 6
8910 12179 8
3483 6293 8
11072 11842 8
1687 7240 1
3295 5204 10
202 430 2
311 12170 7
13 5407 6
1369 1971 10
616 7271 5
8612 11328 2
3175 8875 10
4476 5375 10
4967 11164 5
2899 5487 9
2612 5370 7
4799 5586 7
1426 4249 3
10330 12466 5
2175 5366 6
15 11016 8
212 10511 4
661 7934 2
4386 5291 1
10325 11438 8
5039 10267 7
1433 3322 9
3766 6123 7
1747 2604 4
3878 7846 1
2442 11351 4
2804 3167 6
3401 3747 9
4401 12038 10
6250 8904 4
221 475 2
44 6693 1
516 1304 9
5110 11890 10
4014 6228 6
6994 11383 1
643 8189 9
2815 10108 10
812 1952 5
2103 11637 6
1046 7142 3
4272 7351 9
3560 8358 4
3014 5974 6
3340 12289 5
15 9601 7
2337 5784 6
11790 11899 6
6484 10975 10
5260 6886 3
2987 11412 9
10431 11609 7
2556 11428 8
7117 10507 7
541 9177 6
2221 11553 2
1214 4486 10
42 5150 4
3596 4380 9
3821 6203 2
5960 9672 3
2700 2986 5
2707 3518 3
3277 6525 8
10747 11456 1
2187 2569 6
2861 8277 9
670 11860 9
855 6816 2
5138 9719 3
1799 9307 4
1758 9768 2
1065 12725 7
6817 8211 6
1631 5708 9
5325 11066 4
2533 4230 6
1155 5483 1
2680 9132 3
3097 3909 9
1793 6878 7
4117 5290 9
3887 12331 7
9047 11763 1
7419 12098 9
955 10920 4
5297 6166 5
2882 8683 3
3107 6570 3
5138 8557 3
10528 10761 3
2146 10053 4
4660 10650 3
5869 7230 7
4703 11115 1
7936 12591 10
11484 12941 2
6485 12399 5
1434 1979 8
7226 11383 3
3649 6412 2
3590 11472 3
2692 10639 4
2944 11221 9
326 8451 7
515 6303 10
4415 5815 7
1404 8015 9
3486 10477 5
3577 11109 9
6240 12343 4
3366 11785 9
4757 5868 1
4759 10832 9
6813 8834 3
498 12495 8
5300 8268 5
1690 10443 1
3325 3952 5
3014 10164 6
125 3689 10
1359 6080 9
58 976 5
4966 5336 1
1710 8975 10
3350 5173 10
8405 9327 3
1843 5268 3
7100 11127 6
3099 5654 3
3759 8258 4
79 334 6
1344 3489 2
4263 9897 8
5198 5523 10
2641 6204 3
4436 11657 7
2487 10562 4
9455 10464 5
4309 9652 9
1579 6339 4
2 2799 8
5106 12872 3
861 6422 3
2731 7045 3
4800 8260 1
2168 2213 10
113 9694 6
1227 2840 10
2873 12988 5
2218 4276 9
1253 3347 10
3692 11148 5
1107 11597 3
551 5337 7
151 5720 5
3323 9596 1
4350 5486 3
4418 7290 8
4595 12848 1
2366 12324 8
990 1724 6
4133 4258 6
3661 6682 1
2791 11062 6
3747 8942 1
5542 9964 10
443 5905 2
2991 5027 9
1561 6662 10
6890 9171 8
2054 3003 8
2384 3500 1
10535 12559 8
1172 5233 5
2368 7954 8
4483 10808 6
7083 10306 6
3030 8041 9
7219 11773 9
4862 8949 2
1982 4916 1
6254 11757 2
5877 7695 1
1986 3833 4
6931 9749 6
453 12423 6
2630 11963 9
1885 5551 8
1387 4766 5
6363 8314 5
6884 11053 1
6225 6468 2
2200 12759 2
3650 9740 5
1867 9083 7
6698 7854 4
1702 2627 1
327 4240 4
1596 4550 9
4548 5083 7
12332 12658 1
1598 6365 8
6127 7986 8
1489 5731 10
1094 3264 8
534 8313 8
5709 9239 2
4950 5117 10
5826 10632 5
176 3906 7
5250 6270 9
1510 12894 5
2501 6035 5
5191 9110 8
692 4908 9
2124 4027 9
8359 10578 7
53 4760 9
4903 5317 7
3012 3449 2
4442 10733 6
5553 9965 9
7124 10720 9
941 11513 3
9738 11390 2
3195 10933 4
5632 8754 5
2884 9349 8
5533 9906 9
8244 11100 4
1158 3618 9
2408 6477 5
97 9973 10
2442 12899 6
1802 7426 9
1259 4061 5
1580 3180 9
49 10801 3
2927 5979 5
5369 12504 6
3060 7464 9
9657 11309 7
5073 8581 4
5642 12672 9
10432 12698 10
5942 6148 2
2327 5389 8
4945 8859 8
5818 12601 6
579 7122 8
2022 6244 1
295 11329 2
2076 10765 7
9588 11242 10
2886 5980 5
5746 10314 9
1701 6466 1
8493 12639 7
2790 12470 9
3244 3525 8
4895 7556 5
3978 8875 8
7848 12380 9
9432 11100 1
6945 7684 1
144 11566 10
3211 4349 9
6569 9182 6
7724 9656 7
714 12818 7
3717 3911 8
4700 7110 2
2731 4863 6
8 12989 2
9460 12724 1
1491 10789 10
10216 10508 7
2307 10752 5
2294 8416 6
1880 6434 7
994 6219 7
764 11422 7
8025 12207 1
3496 8326 10
8834 12466 5
4328 4839 5
4670 6797 4
204 12658 3
1642 7591 10
3 3878 1
1700 10311 5
724 4341 4
1578 12132 3
4189 4713 7
963 2134 6
60 8600 7
1779 3202 7
8086 11374 10
1409 7315 5
2075 5429 7
4055 4084 7
1284 10059 5
3211 7934 1
830 10723 6
648 6565 10
2836 4025 5
10775 12353 7
5424 12252 6
7395 9105 10
527 10081 4
4198 10170 8
4530 11790 7
5501 11354 7
5070 9103 5
2985 6470 4
99 3955 1
25 3289 2
1809 6685 8
97 3543 2
1513 11805 5
8461 9403 5
5441 9136 3
7530 10773 2
7805 8089 4
2547 2692 1
5216 11034 9
3431 6230 7
1826 1867 6
11832 12445 1
2366 11339 9
4541 5934 8
3274 8545 7
5950 9222 8
3438 5171 4
4639 9770 8
2509 9064 4
4496 11108 2
714 7789 1
5207 6822 4
2258 2421 9
803 4982 6
10712 10840 4
818 1720 1
3734 9529 6
1046 4907 3
268 1020 2
898 11294 5
713 5177 5
2468 10086 9
6399 6640 1
1461 4210 6
5739 10478 8
6007 7964 8
3781 8589 2
1217 10344 10
7871 8732 5
2226 2445 5
4237 10302 9
6417 9383 5
6542 10545 6
3283 8835 9
1668 11606 2
8058 9353 1
1644 5487 6
5671 11016 10
1063 6548 4
6469 10271 2
3084 11897 2
4690 8213 3
6914 8138 1
3073 10655 4
625 2409 2
1231 8055 1
1615 7581 4
3374 9916 3
5362 9558 5
1797 2463 2
553 3246 7
6709 10358 4
503 2962 9
4865 12971 5
4913 9526 9
3029 4814 8
325 7829 10
9424 12651 6
2624 9974 1
1166 10338 7
4601 7270 3
1594 8185 5
9955 11477 7
4725 6822 1
2785 7922 7
2578 8901 6
1579 7376 1
3322 3482 4
8201 11308 3
214 9823 4
6861 9024 2
2511 3637 9
8874 9513 9
7144 9407 8
329 1488 3
1183 2104 6
2356 9231 5
2221 5860 6
864 11397 1
2407 7052 8
4825 8112 5
1463 7744 9
2029 2670 1
2214 5945 7
13 4541 7
680 5906 4
712 1575 7
798 1859 6
6030 11098 4
1759 7152 2
2817 6497 9
185 892 10
3891 9518 4
1370 10118 5
4209 8799 3
392 10140 4
547 11131 7
4027 8685 5
4211 10734 5
3241 6374 5
387 4743 4
3344 9445 1
2654 9729 3
1519 11414 4
5193 8844 5
1494 5013 5
3326 10507 4
169 4667 4
11180 12575 2
3806 5356 6
4625 5097 3
4647 5060 1
7575 10884 8
1121 3482 4
5969 6037 9
1665 9107 8
4330 6100 5
428 4709 6
11646 11785 5
5506 6945 1
155 5177 8
1466 4125 2
9367 11162 3
2925 9363 7
4333 5006 2
1439 11652 5
1706 7362 10
628 8753 2
5830 10404 2
2165 9613 2
4671 7030 2
1958 12372 3
2359 9075 10
3077 11739 5
1646 11362 10
2495 2668 7
4409 10340 3
1328 4939 9
6339 9744 1
3341 9154 4
4792 9730 7
8437 10997 1
1695 1738 3
2244 6141 2
1916 10354 6
5958 6674 3
10835 11940 6
862 8485 6
723 9979 7
3416 3555 6
8552 9046 1
10928 12392 1
4262 12173 9
10161 11603 9
1433 2001 4
3310 4289 4
6274 7770 1
7598 10197 3
112 8020 9
6102 8681 7
1067 1109 10
7186 11435 2
9987 12340 1
3601 8598 8
835 2665 1
4838 7831 6
1895 9954 8
32 6164 2
8959 12714 8
2885 4124 3
11272 12231 5
4242 11598 9
8271 10169 8
4943 6929 5
2122 5156 1
413 2731 7
10526 11196 2
2491 7130 7
436 2025 7
5709 9765 2
5994 11157 5
3292 8955 1
4040 9965 4
4776 12040 4
10570 11501 3
1180 9185 4
863 10613 5
5284 6791 4
5086 5925 3
2249 12937 9
800 11568 8
2462 6113 1
1440 5430 5
196 8523 1
4356 6362 6
6684 9778 6
86 4819 8
3498 5546 9
704 1315 4
9235 12613 4
4125 6637 10
6310 6508 1
3962 6019 1
6205 9376 7
4510 8654 5
7562 11107 3
8496 11054 3
745 7181 5
11353 11613 3
4302 6507 3
10125 12437 1
518 4525 10
5749 10279 3
5370 11855 4
4390 5555 10
5529 6137 8
4613 11928 1
3997 12268 4
3840 6108 10
7088 11970 6
2292 9325 7
2719 9034 4
1691 10779 5
107 3838 5
3194 4464 5
4188 4833 5
5040 10917 3
2616 7938 4
2868 4551 6
10825 11178 1
775 11740 10
851 7950 8
9322 12619 2
1557 10748 10
116 3295 6
424 606 4
2028 6551 10
9292 10319 4
275 11284 6
5720 11754 4
721 10435 1
2813 2889 9
2997 4549 5
3922 8540 6
15 7357 9
1330 5681 2
1212 3456 8
749 7626 7
1831 7768 3
7091 7927 2
750 5857 2
528 3752 4
1882 8374 10
8341 8865 10
1288 2617 3
4182 11850 1
1875 12177 9
1945 4324 2
4169 6084 10
5348 6955 7
7709 9493 5
1447 6131 7
10515 12220 6
5316 10235 2
3991 8095 2
7104 11365 8
801 2208 2
4487 9843 6
6409 7794 3
1377 3046 9
6145 10837 6
550 2239 3
67 9421 5
3584 6491 6
2523 6460 4
69 7920 10
3718 5880 9
2655 12107 9
3455 6463 2
236 4118 10
3767 11863 8
3615 11845 9
1828 10335 9
2085 4408 8
5119 9166 5
4267 6154 2
3786 4678 9
11061 12269 5
3669 5071 4
5919 11610 6
432 6465 5
3357 9509 9
4518 5676 10
7484 9897 9
842 4032 1
4299 5264 1
7678 7999 3
875 4845 7
906 3294 5
6682 10780 4
1416 5849 8
2991 12470 7
4428 11916 1
6770 8399 9
2593 6739 1
5189 10117 1
8850 12830 2
6026 6414 5
872 6050 7
4553 10813 1
3414 3497 2
8356 10616 5
4515 6508 9
5141 6263 4
8395 12005 3
424 2764 5
4890 11246 5
1691 11539 1
4556 12269 9
6060 7025 2
2160 7830 8
3532 5060 1
9368 12587 1
5516 11212 8
10587 12075 6
5081 9869 5
585 4964 5
50 229 10
11663 12800 8
8199 10476 5
4714 6069 5
848 4914 9
3161 8244 4
5288 12148 8
12807 12845 9
6275 12661 9
8749 9562 8
2080 9909 4
4263 9223 3
4605 12921 5
2543 4969 6
1145 4023 4
5450 6053 4
3111 10165 6
3647 11710 8
9268 11001 6
3044 9858 2
6875 9048 5
2629 3028 7
1858 3669 5
1586 11579 7
11674 12249 10
1525 12723 2
107 975 5
6097 9033 4
9762 11762 8
3378 5832 8
4487 6255 4
5992 9022 2
5367 10913 5
3932 11217 10
3875 4674 2
3498 4629 7
4329 10222 1
956 7722 2
840 4053 7
5543 12013 10
7122 9127 9
969 1498 9
2833 9338 1
1669 11756 9
4179 9622 3
4005 7786 1
4890 5454 4
291 6754 10
7191 11196 7
1704 5991 4
2168 8061 1
1338 9714 3
1570 5831 4
4869 5314 9
4842 10898 2
4401 5131 1
924 8152 5
10284 12397 8
1156 11461 7
1075 4082 2
5253 5470 9
9108 12133 6
1016 6098 1
655 4439 3
9541 11522 4
1918 5705 9
12334 12608 9
6128 10111 5
45 12943 5
2548 3618 3
188 410 8
5403 12100 2
4877 11072 8
8049 9813 5
436 5833 1
5273 5976 10
2369 8592 4
5090 5207 8
1848 11676 10
644 10887 6
3004 4635 3
11406 12415 3
346 3874 3
9118 10293 5
5638 6906 4
422 8278 2
800 8712 5
1638 10904 8
2801 10422 8
9858 11553 2
1417 2849 8
1479 4398 1
1465 12550 1
1455 1578 1
1338 5705 4
4510 8904 10
661 2840 7
3517 4279 10
804 4019 1
675 8415 10
3012 6133 6
10143 10684 10
12183 12202 9
2385 10891 5
3256 9995 5
2496 4177 5
2259 3895 5
12050 12531 2
2015 3598 10
958 5166 6
1307 6636 10
1241 10279 5
8108 10102 7
3875 8292 3
9607 11564 6
1974 8062 6
3341 8699 9
1166 1594 6
2643 12699 5
4489 7042 7
5963 12476 3
79 3537 2
5734 7052 5
1173 8524 10
1698 3003 6
324 7359 5
2911 5425 5
842 9914 9
102 8305 6
1633 12535 2
3022 9668 7
1505 10578 8
3107 11492 1
5414 6778 10
10192 10212 3
638 7439 7
3566 9901 5
1502 5108 3
2193 4707 10
4121 7836 7
2298 6489 10
4135 8277 3
4682 5503 6
7970 10867 8
2190 9978 5
10121 10164 3
8985 11097 2
5075 7660 8
1517 6932 2
2280 3259 2
2904 3059 8
3060 11196 4
3246 9456 7
288 4412 1
66 163 6
2972 7361 9
2442 2951 3
5666 9008 9
8534 11874 6
2639 11378 9
3225 6705 1
660 751 3
4367 6480 3
358 4385 8
5992 7112 9
692 2376 9
3759 8910 4
2772 5661 2
2541 10930 3
63 1056 2
3574 6763 2
3693 11637 4
5420 5891 7
127 4606 6
7694 12497 6
5045 8774 9
1874 4623 7
1 5700 6
164 4312 10
1554 7858 2
799 6927 5
3876 8983 5
6246 9862 4
366 5514 2
3905 11768 8
3906 9619 4
6117 10227 7
8698 10555 7
1621 8221 4
5208 8345 4
492 10108 4
1414 3590 10
3766 11880 7
5210 6296 2
4057 4671 10
6334 7844 7
5910 6158 6
2960 4685 7
2800 11802 9
6015 10568 3
2382 6210 6
6552 7626 8
4844 8584 1
5551 10243 8
583 9860 6
7685 10371 5
3345 6037 1
8826 9013 8
6014 10845 1
2946 8484 4
8146 8293 7
5441 6513 6
2528 4158 5
8077 12899 3
470 9859 10
2778 9511 2
5012 8983 8
4616 9366 1
556 693 9
1838 6915 4
1175 11053 2
6099 7143 2
814 5803 4
1677 2072 4
1597 12846 7
4763 5431 7
5490 6608 5
10963 11362 5
5343 10230 9
5541 5813 10
711 3268 4
2093 10603 6
9786 10099 2
5741 6175 3
4760 7142 1
2107 11899 8
4117 6970 1
544 6843 1
4532 7384 2
4191 8321 4
1644 6147 5
2013 8909 9
1237 12112 1
3840 12743 7
2015 12427 10
1150 6028 8
2096 2459 9
1942 2847 5
298 3536 5
1198 9328 4
2599 3680 6
4793 9824 4
3660 5289 7
5153 5842 4
2977 7097 8
262 9812 8
1918 9051 9
2017 9381 7
978 5893 1
134 8402 3
1878 3114 5
5539 10569 10
7020 9165 8
1006 5581 10
8090 10543 10
429 4456 5
5241 8621 9
205 2137 10
270 8172 4
2302 3697 4
487 2613 8
274 989 10
1910 2910 3
5324 6406 6
2977 6675 10
2335 3213 8
1741 2124 2
4536 10553 10
3028 12133 2
4918 7556 6
832 3054 2
4842 11410 6
781 9063 4
5192 12853 2
84 6922 4
1045 3825 6
3485 6015 5
3154 4533 8
2848 10858 10
2986 6548 1
4515 6052 8
1055 7829 2
727 3272 5
3440 6571 5
7201 8082 4
4657 8133 6
5415 12459 8
921 6732 9
672 7421 6
1192 2169 7
9795 9905 6
6654 9078 7
410 9738 3
7436 12408 9
8672 8867 10
2967 5700 5
3449 9494 1
667 9847 6
1327 1796 4
5227 12674 7
641 4722 7
1221 1333 9
7663 8176 5
6075 11910 7
6924 9876 8
3886 7302 1
1343 6975 1
3494 11067 6
4137 7893 2
4535 5938 1
636 5647 10
1690 5429 9
1378 7006 10
1296 4631 7
103 5082 6
18 9557 8
4253 5692 4
1285 2440 1
1752 6728 4
520 6388 7
5889 9096 9
1906 9671 6
4544 8805 9
4571 9726 10
2761 11123 10
3651 12468 2
164 5599 8
7607 11122 7
93 5166 5
7470 8392 9
6065 10544 4
7835 8306 6
3897 6697 6
5346 7681 1
2474 2669 1
3401 8325 3
4988 6622 3
258 3662 9
125 11744 8
2849 11413 8
5378 6334 1
513 4832 5
1230 1471 7
474 1841 2
6138 10994 4
95 11243 5
78 5969 3
983 5129 6
1574 6647 8
5059 5074 6
967 8045 3
981 5372 4
62 9014 1
12767 12917 3
1469 10633 3
305 6439 9
3459 11353 7
1627 6581 2
3340 7264 7
61 339 5
2072 3874 9
6709 10222 6
1497 11513 10
8263 9643 4
5658 5859 4
4838 8399 6
2710 9060 4
6381 7123 6
2125 8757 2
6068 10995 5
3142 10029 4
338 6233 8
4307 10128 10
3843 5556 8
3424 9530 4
1696 3778 2
10226 10536 1
11097 12252 7
210 4485 7
6133 12136 5
7454 11150 1
9336 10766 10
3028 6065 3
1155 1499 3
417 9628 2
4714 5921 10
4790 11177 7
1163 3988 6
1076 11202 3
4887 6760 2
1288 2880 2
976 4067 5
10554 11778 5
3299 3709 8
120 2120 5
9554 10610 7
7479 9909 10
2338 8753 10
1908 5320 6
6577 8114 2
4088 7281 4
4180 6446 9
4831 5131 9
2270 11315 2
4889 9181 10
699 9912 4
1340 8915 1
5133 5528 9
4276 11863 7
2487 8584 6
3852 6528 3
1868 12165 6
4021 11643 5
5750 8228 8
1486 5853 8
8593 11753 3
1530 3723 10
6329 6701 7
2179 12531 1
33 3671 7
2771 3300 5
2681 5547 8
3170 3913 1
9592 10225 9
8763 12285 7
4716 4848 8
1739 3069 7
1065 6082 10
4158 4538 4
436 4165 10
4486 6525 6
2541 11678 5
2893 6840 3
2170 5935 3
1314 1957 1
2263 12312 2
976 1818 4
7524 8224 1
4317 6337 2
162 5271 5
2458 3813 5
457 12880 4
469 799 4
3308 4108 5
1922 5261 4
10049 12007 4
1276 3851 5
2383 4916 5
2913 10219 10
4851 8106 6
2440 5189 7
11279 12642 4
1538 6287 1
2744 6647 7
2705 7272 6
9696 11057 1
2811 12132 3
5333 8460 9
1635 2280 9
432 3528 7
2016 10664 9
524 3285 1
836 12308 4
6422 12173 5
8397 12852 3
10951 12693 8
2012 7880 7
2992 5319 10
631 4295 1
2802 6962 4
7425 11462 3
2439 9554 10
2330 3674 4
6583 8885 8
12119 12776 6
2895 11949 10
134 12654 10
1872 11943 5
1112 6016 6
1054 8366 7
829 5963 1
6932 7524 2
2294 6950 8
7454 8901 10
6767 9852 2
5405 12890 2
999 12537 8
110 3270 7
9374 12561 5
2834 4003 10
2881 8641 7
4939 5565 10
1057 8060 4
110 3598 6
764 5646 1
6378 10584 6
5260 10071 5
1145 11034 3
5878 11265 7
5365 9298 8
710 12827 4
9008 11249 10
1662 2858 5
5976 7828 3
11916 11951 6
4518 8681 3
2182 11304 1
2037 5200 1
2164 10313 8
736 7952 6
4861 9146 6
630 9390 8
223 10500 5
6240 6510 1
6356 12318 5
2407 9559 5
4881 5188 3
1441 9148 8
3874 10030 4
2091 3080 8
2654 5740 1
1974 4587 2
1081 9571 9
402 8388 3
7987 9779 9
270 2131 2
8180 10941 5
5587 12372 6
2669 3870 4
11044 11713 1
6433 8138 3
6538 9303 7
614 5320 9
4213 5175 9
4157 6422 1
561 1873 8
3938 12364 8
1646 11570 6
3061 9730 1
2453 6934 6
1898 10800 5
6293 12071 10
4857 5634 3
6669 11470 5
2790 7534 5
3543 4242 6
4685 11738 6
873 8337 8
3650 9429 6
726 3843 10
8356 8934 2
8254 9302 2
5406 12122 6
923 8091 3
1362 5495 6
5614 8779 4
2375 2852 1
1060 3258 5
8351 8998 2
2267 3832 6
4729 5152 6
1792 10124 3
2529 5485 6
4103 11052 5
5172 7767 6
1702 11423 10
1844 10844 5
4409 5914 4
4080 12506 5
1011 12919 8
6261 6832 7
83 2107 5
6034 12705 9
6428 12213 2
3535 4925 5
1714 4511 6
5907 10465 4
7561 9127 1
4216 9147 9
3565 4850 10
6131 9960 10
4399 5852 10
2340 4321 6
3256 5120 7
3066 11925 5
3802 4391 4
9863 10515 4
4897 6559 6
3637 11840 7
682 3324 6
7292 7867 5
978 5252 4
1157 4746 2
5986 6693 5
2420 4188 1
6538 9108 2
11992 12688 10
640 1892 5
5956 8201 5
683 10723 8
2252 4198 3
5252 6448 10
6108 8089 4
2611 3195 8
938 8863 10
286 10058 1
3612 7550 5
1733 4561 6
3165 9853 2
1360 7946 4
4480 12415 5
715 4297 7
1385 7534 6
2509 7630 5
8848 10362 8
766 4272 3
1563 2719 7
4114 4403 3
278 3777 8
68 5160 5
3206 5501 1
2175 5321 4
966 9712 6
2279 2721 6
2419 5943 5
2885 6831 9
8796 12382 10
6212 10855 6
2484 9482 10
3984 6570 10
2831 11998 1
2615 5413 4
212 4711 2
361 6709 5
2547 3126 8
4423 5077 6
8100 8360 2
7267 10446 6
2517 9089 7
195 5199 9
6722 10373 4
1284 4156 8
1158 2180 6
5327 8604 9
13 8349 2
1800 8353 1
1290 9902 8
5857 10127 4
487 1319 6
63 898 10
5887 10527 2
9927 11062 2
711 7702 8
9067 9705 1
4261 12999 3
1356 8805 10
2819 7809 7
6800 11623 10
226 1152 3
5969 6694 3
1724 2024 5
2188 7128 7
2154 9451 10
887 8143 4
517 5506 5
5406 12898 6
76 5236 5
4967 5669 1
1743 9227 9
2564 8912 5
3961 7295 2
5014 6661 7
555 11487 3
2737 7105 4
2542 2839 4
334 6404 10
2822 7472 1
1989 5944 5
5079 7776 3
701 11824 8
8111 9007 1
2362 3250 4
7099 8718 2
3724 4168 4
4594 7947 10
860 6678 1
2191 3591 8
1244 9789 10
6223 12756 5
2063 4846 10
4442 12185 8
4154 5867 7
9575 12547 7
6341 8863 4
4903 4944 5
345 6080 2
936 8436 1
3415 6738 2
8667 12535 1
2220 11935 9
4012 6185 7
7623 10921 3
2964 12442 10
4968 10428 4
1182 12261 3
1872 3576 10
4629 7002 3
1119 7219 6
2315 8185 1
2541 2762 9
9231 9512 8
700 5073 9
9690 10453 8
1354 6390 8
4883 9964 1
3328 10326 7
2105 2767 8
7352 11562 1
2781 12104 8
113 4391 4
5543 7531 8
211 12259 6
3469 11326 3
2095 9733 6
7723 9071 4
3360 6427 8
3378 8064 10
7541 10420 8
991 6214 9
9927 11788 7
7420 12077 5
37 12754 6
10882 12732 6
5865 5918 2
337 11473 3
8492 11585 3
7084 9942 7
6641 12809 10
3989 4307 10
603 4833 2
4883 12253 7
456 8350 4
1115 10974 7
6691 8788 1
7026 12697 8
2434 2753 2
5231 11154 1
4304 5030 5
5746 9662 9
4689 7050 4
10064 11442 2
986 7580 2
3243 8235 4
2670 9454 3
3047 3307 3
3567 11237 3
6458 8919 6
7711 10104 1
3618 11725 1
3503 8283 9
3896 7536 4
1405 6007 2
8109 11925 1
2402 11213 4
3712 12193 6
1175 12296 7
1143 10141 10
1436 10976 4
3924 7741 10
1483 2668 5
4115 5694 9
7516 10785 2
2663 2847 4
5364 11343 3
6739 12754 2
7300 8592 8
1051 10021 6
4620 7267 4
3114 9957 8
1744 3508 4
262 421 5
1493 6313 4
30 4774 6
255 2755 1
8000 10601 5
1215 5623 4
4212 12253 5
2330 2746 2
117 12516 7
3948 6582 1
7350 8606 8
3085 12002 8
3028 4313 6
4299 5250 6
3183 3768 3
289 5515 3
4363 11238 9
997 5452 6
5238 8628 9
133 4693 4
1444 10696 6
528 8657 3
3550 3811 8
520 3561 6
1103 1733 2
719 4199 9
949 9524 3
352 2012 1
121 8432 10
2155 12119 9
6082 12917 1
2182 12487 6
1865 7891 3
1640 12219 5
3425 8811 4
6377 7820 9
2577 10722 8
1222 6773 6
1118 1232 3
825 6676 1
4465 5000 5
3110 11708 6
6645 11111 9
4525 12857 9
2227 3370 3
8202 8715 2
1987 4692 6
126 5745 9
2867 3042 9
3610 4756 4
6133 10530 4
7515 10868 5
1470 4610 9
4671 10319 3
2337 6103 5
6238 11711 8
4279 5426 6
440 12935 1
7154 9997 1
117 11002 2
641 12259 1
3811 5385 5
2138 4729 1
7839 10508 6
2139 9309 3
878 8252 4
2081 7167 6
7640 10720 8
9114 9921 4
6659 12578 3
9671 12093 3
10708 12636 6
3602 8782 1
6028 11565 3
1376 6293 9
4489 11807 7
2586 7957 6
7833 7894 3
4259 10848 5
5107 5714 1
389 6954 6
190 4541 4
320 11913 6
5266 11449 6
9520 11033 6
984 7352 2
4401 5895 2
4366 8051 8
1402 11686 4
3812 10082 5
7259 7844 7
2047 4830 10
3264 8497 5
1123 11172 3
4382 5980 7
653 10193 5
9822 10980 4
1187 7544 9
2330 7488 1
61 5467 8
3837 9581 4
2716 6670 8
625 4055 10
850 8048 3
3317 12037 4
3936 12244 5
6727 8728 7
281 3205 2
7450 11682 10
629 9810 6
4428 7221 2
1329 6280 4
3734 12198 4
3287 5812 10
1322 8645 9
263 9222 1
1507 8197 10
12218 12652 3
3690 8172 8
4278 9360 4
1645 11218 5
10997 11550 8
9807 12392 7
755 1779 6
152 11776 5
3470 6084 9
1291 12105 9
5537 10134 1
2340 4124 9
1824 11974 9
5113 6337 8
30 12811 9
2353 3845 7
2948 6735 5
9926 10678 8
1876 11458 4
5052 12887 5
7337 10988 5
310 1556 7
3148 8330 8
721 969 7
2673 12728 6
1772 10552 3
199 8714 2
416 12062 4
3576 5005 7
5027 9689 9
3630 5136 8
3319 9575 10
2521 5206 9
4951 12028 6
1941 6552 8
2738 12316 2
234 1124 6
655 12651 9
6333 11149 6
6924 12646 8
2352 2860 3
3931 12783 3
5706 10810 7
3596 5165 7
583 2531 7
4284 10124 7
3223 3240 7
9719 10322 5
346 11047 3
5593 12974 7
1298 6785 7
2585 2963 2
5207 6358 6
1723 6157 9
6418 8951 1
1368 5627 8
5672 6073 3
2646 5652 5
2368 7687 4
6808 10956 1
1409 6064 5
8625 12997 1
3145 10750 2
10259 12295 10
2856 12139 1
4970 5903 7
857 4643 4
351 11711 1
2215 5320 7
2571 3010 5
4053 10699 10
3492 4507 6
6029 8970 4
3395 12585 9
4821 8201 3
1473 6622 8
4078 8643 4
2842 5335 6
1856 4045 2
1206 4012 10
1668 7757 8
914 7680 6
119 5866 8
3875 6467 10
706 11841 4
882 5651 2
1395 8892 8
1880 3319 10
2975 6746 6
1998 11805 4
3023 4131 8
813 4833 10
5920 8334 9
4543 4814 10
4190 8352 4
8772 9793 8
3889 7291 8
3609 12292 7
3316 11200 2
4766 10664 3
4478 6991 6
12432 12746 2
11020 11621 3
3150 11751 6
4484 8037 9
919 4074 5
8437 9655 1
663 10651 4
2023 9050 5
5620 12693 1
7462 12604 8
303 2611 3
4071 12343 1
7920 9084 3
4319 9057 5
276 10508 7
5322 5620 5
102 12527 6
5519 8017 9
3405 6584 5
7968 10633 6
6169 7431 2
5154 6047 10
3940 4720 1
4899 4994 7
7757 9828 8
2133 5119 4
1079 11335 10
797 4244 10
5469 11108 2
10048 10149 9
3958 6120 3
5099 9710 10
10370 12639 5
1380 11706 1
2064 10814 3
3669 5742 6
206 5034 8
1617 11583 5
5142 12731 9
5952 11164 6
1204 6922 3
4320 7509 1
714 975 5
2369 8342 3
3442 10668 10
8904 10327 5
2158 2861 7
5031 8040 10
2779 8715 5
623 8757 7
2266 2611 4
3998 8843 6
7149 7290 9
9328 11125 10
7826 11894 10
4807 12663 8
11115 12616 5
6600 7768 7
527 1974 1
9591 12394 8
3077 4399 5
3922 4076 5
2320 11287 7
734 2349 5
3159 8890 5
1406 8878 9
2009 4665 3
407 775 1
131 1841 10
2202 12254 5
9509 11399 1
6167 7736 4
2610 12847 4
1857 9614 6
4424 11054 8
2771 4312 9
3718 8800 10
2290 11037 8
9902 12895 10
4677 6066 7
7423 8722 8
7445 9813 4
920 1920 8
3880 12434 1
630 5973 2
5588 9682 1
273 11607 4
631 7530 3
9105 12409 7
5434 6602 9
1109 4726 2
3138 4772 7
6987 12252 10
4101 7453 9
7681 8775 6
2011 4600 9
1183 12010 9
3174 11673 9
8879 11297 1
3936 4432 7
995 9272 5
1283 10955 1
2698 3466 4
8070 8752 9
3634 11199 2
4247 6825 7
2205 11227 7
2958 9062 10
6246 7817 2
6289 12719 10
5609 10176 1
3753 9731 1
6282 11683 1
1123 3752 3
7900 10472 7
540 5605 8
4259 5406 7
4109 12239 9
4749 11590 4
691 7028 1
303 6576 10
4548 7955 10
535 12800 8
6891 10539 10
1618 11342 3
334 11887 2
6715 9031 9
4287 9843 3
1787 4689 8
2290 12353 4
4880 6232 6
3281 6104 8
3475 3882 1
7075 10950 4
2150 2378 1
4548 7586 10
1141 10010 6
5783 11265 3
2282 12191 3
3542 7185 4
2776 8094 6
9566 12924 3
8252 11537 8
2097 12605 3
1276 2518 9
1130 5678 2
4387 8425 6
4271 4610 4
8937 9954 8
1608 5111 3
6956 11488 7
6381 8537 1
4964 6869 5
6281 10607 8
2793 6272 6
8419 9927 8
4907 5823 9
6897 12336 6
3377 4595 8
5767 12255 9
6254 6361 3
1530 4121 8
2901 12757 2
6041 8401 3
296 1083 7
882 5286 8
1156 6109 3
1311 8745 1
3856 7673 5
5613 11770 1
8019 11254 10
5709 12891 10
4439 12622 6
1170 2851 1
4007 7754 9
3369 3462 10
3027 5974 10
7822 11609 7
4177 7157 1
453 10099 8
1288 6088 3
7051 8931 3
11032 11648 7
2210 4508 7
2557 9820 3
2171 4638 1
10275 11960 8
6254 8621 6
3927 8540 6
5953 11206 3
4239 5070 10
507 2956 2
7673 8420 9
621 3792 1
4630 12738 9
1442 9418 9
460 1695 7
512 8468 6
544 5541 5
3133 3159 5
220 5325 9
3846 10551 6
2685 11658 9
4721 12027 5
3583 7469 6
6060 10893 4
3043 10218 5
189 12297 5
598 12882 6
3849 10608 2
4512 9586 1
3313 10527 1
656 8552 8
3650 5888 6
471 5907 4
3490 6543 4
2227 4274 6
1585 9399 9
3502 6156 2
5426 11060 5
6084 7999 5
8675 8690 4
1704 12769 9
5785 11725 2
4322 7129 5
7038 8773 1
1906 10261 2
5387 5594 3
3335 5401 3
1062 9191 9
4191 6583 9
2904 10825 5
1628 12051 10
4670 7076 1
3362 8745 6
1851 7849 10
9231 10019 6
6204 12002 10
4098 9967 9
1136 5330 2
3262 9627 4
22 3912 9
3355 10517 5
3098 4349 7
1410 1595 4
8519 11141 4
2876 3203 8
7854 9103 10
2224 12503 8
3820 4186 6
6221 6610 4
1400 2670 8
2921 11329 6
482 6074 4
2021 10902 4
377 1331 1
2218 6242 1
2769 10522 9
223 8674 10
3716 7851 4
848 10688 8
1139 4832 7
6115 12449 9
5042 5399 2
8586 9439 9
1942 11944 4
11719 12111 6
5987 8021 10
1777 4045 7
6923 11113 8
339 1380 3
1076 6217 4
1750 3358 6
2206 12040 5
6804 8462 7
879 2615 7
2896 5708 6
2378 5808 7
1228 3940 1
7561 10515 10
1264 1375 10
1257 2010 2
5486 8909 4
2952 12818 6
1582 6051 7
2826 9482 9
1006 4961 8
153 12399 10
2166 5015 1
4443 12963 1
10303 11701 10
4643 9454 9
3708 11951 9
1982 5543 10
8913 9845 10
1323 4431 1
6911 11139 2
1220 12924 4
1314 7910 2
11078 12257 4
967 2267 4
431 1066 10
4499 12786 6
3367 8839 7
1611 10005 6
1792 5248 6
1437 8896 8
1032 3718 10
711 9967 9
35 8954 6
708 6003 5
1125 7031 10
278 2765 10
10367 11824 8
953 1108 5
3512 11865 5
5155 6804 3
753 9708 10
328 723 3
6562 7463 8
1546 8357 3
5524 11753 8
111 1276 2
11946 12287 1
5597 10909 2
4427 10218 7
4265 10380 5
8866 10011 6
1501 7170 3
2898 9983 5
486 4889 8
3636 6966 3
2616 11326 5
2938 11351 8
216 2146 7
241 8850 2
3603 12979 5
1297 10077 8
1641 8633 4
2176 5133 9
3729 5396 3
744 6142 4
4306 8304 1
9191 9727 7
130 11844 4
941 7437 10
4308 12218 2
4773 5632 2
2563 6154 8
3079 7880 7
1987 3012 10
1772 10451 9
4284 5464 2
3035 12250 1
1831 3645 5
282 6312 6
1171 11064 3
5525 8796 3
9626 11189 1
4112 11930 2
8522 12352 2
671 4891 6
116 3400 1
8646 9804 8
1881 9049 8
1878 2723 10
4607 11930 6
4270 6593 5
2440 11260 8
449 11421 8
1635 4263 8
1366 2245 7
3458 9373 6
4647 6699 5
5604 6613 2
3807 11227 4
6235 10595 9
6300 9623 7
1418 11140 8
2466 10082 2
553 6528 4
1359 3955 4
1523 10560 1
9047 9989 7
3571 4718 3
905 2857 10
906 9085 6
2497 12786 3
4298 12470 5
3000 12187 8
2777 3765 10
1393 11504 10
3493 6374 8
5198 9787 9
61 6660 4
4117 11585 4
6665 8508 4
8464 11802 2
273 422 3
1419 12894 9
9039 11229 6
2247 4707 4
3540 3617 5
5649 11706 1
4176 4875 3
5082 11010 8
670 12286 1
5114 6550 1
6433 6497 2
1896 7364 8
3065 7306 3
8246 11281 8
3503 10863 10
7205 12472 7
8816 12832 1
4628 6372 7
928 2703 10
5403 8357 5
518 902 3
297 10523 1
2515 5806 4
5080 8057 7
712 4762 8
6502 9772 7
7309 11075 9
4315 8436 1
9489 9554 5
1939 5658 7
1962 9981 5
293 5623 8
7494 12449 9
10849 11176 5
3005 5961 8
4268 4579 5
3405 6972 7
1698 9719 6
4132 7528 10
7835 12968 5
2639 7061 10
4764 9852 9
7316 11344 8
9040 11188 7
3148 6106 9
1541 11402 7
3276 3526 3
7351 7578 10
1113 5837 9
2847 12289 7
7892 8516 3
8216 11761 2
3899 8033 1
4404 6576 7
8740 10594 2
5330 7378 2
929 5009 3
1106 4386 6
5138 9321 7
5010 12553 3
7328 9517 9
907 3725 10
4939 10333 3
1172 10883 10
5719 8736 4
6959 12968 1
1021 1052 1
1043 11374 4
772 5333 3
5718 6450 2
2585 4079 5
8685 12114 6
2986 6710 2
2489 5929 2
4885 11279 5
3588 5037 10
10508 11437 5
253 4861 5
3925 11991 8
7391 11967 6
495 5661 4
63 3823 10
3902 7876 10
2138 2540 3
7235 8140 4
1566 2319 10
3550 3991 1
3802 9202 1
3442 11428 10
5966 10627 8
1273 12306 6
4907 11788 9
11065 11100 9
705 7781 6
687 1729 1
3941 7509 2
592 8494 8
555 12183 6
2358 9271 8
1000 6092 7
2227 6959 4
11270 11816 4
9620 11139 9
3911 8288 5
1452 5652 3
1393 6924 1
422 2924 1
9517 11377 2
3591 4427 2
1257 11823 5
436 11098 6
1004 8513 3
2704 8873 4
3823 9892 9
1599 7525 2
10610 11548 10
6136 10531 9
5374 11375 1
4594 6309 6
3119 4042 4
275 5540 1
2880 8383 8
6628 9205 6
98 4888 8
1802 2616 7
2140 3654 10
6450 6783 5
1051 3156 4
5397 10209 5
68 2528 2
3930 9505 10
481 8090 3
3307 5610 6
1507 6705 3
1932 11309 9
3821 8407 6
7428 12960 4
2966 5316 8
2967 3901 6
6587 7759 4
598 4898 4
4848 7988 1
1764 2940 8
4603 4992 6
144 1224 7
5112 7318 1
12003 12894 1
7952 10399 3
8026 12616 9
596 769 1
1882 4332 8
3914 12809 5
4096 7435 8
1866 6581 5
5199 11029 6
5286 12325 2
2072 2630 8
3480 9888 9
8439 9057 1
7548 11289 9
5963 12660 4
1497 7858 8
11762 12752 2
10864 11629 10
7105 12331 8
7081 12921 2
937 2926 3
7908 11234 9
1531 9235 2
1258 10903 8
4948 5976 2
2161 8860 10
4902 7880 2
1768 2018 2
5949 10052 5
6148 6207 3
1467 4659 4
569 12060 3
5176 7591 1
4143 7086 1
288 6292 10
931 5386 6
8387 9332 5
2818 8143 2
11982 12639 5
2843 8127 2
2065 4772 1
2852 10231 8
4638 12547 8
2426 11857 10
6831 7984 6
898 10912 3
10846 11042 7
773 4283 2
2320 4634 4
10425 11032 9
6415 9909 3
5356 5740 2
2946 11654 10
3681 3924 4
719 8805 9
339 3255 6
10971 11262 2
195 2404 1
3879 4003 9
1291 2842 6
1405 9125 10
4109 6711 7
10474 12587 4
860 4240 2
1953 12517 7
99 761 2
555 3509 8
5761 6845 1
8226 12738 5
280 6508 7
1981 2846 1
1594 6619 1
1809 7218 4
5170 11080 8
2944 8074 4
4791 9698 2
6038 7751 7
2145 5401 8
1384 2217 7
1934 9757 7
2138 7697 10
4717 7988 8
5157 7851 7
4995 11323 6
4885 8680 3
851 9390 3
4333 4528 10
934 7935 7
482 3489 9
2792 5304 9
1955 11992 7
5133 9749 4
5372 9014 8
5138 8283 10
5016 5277 8
440 4136 9
8573 12857 10
1092 6796 8
5345 11781 4
6206 12206 2
2333 4919 4
6500 9721 10
157 8880 10
625 5050 9
6529 7093 9
3169 10592 7
5247 6642 7
2236 10496 9
5824 6955 4
3494 6924 10
3534 8501 9
3265 7474 8
4429 9873 8
6455 11356 7
1891 7930 9
1438 9846 3
1308 7713 9
113 10505 2
344 6780 1
4447 8779 6
9473 11442 4
2124 12972 10
3895 4917 9
859 4050 7
7311 10650 9
523 9101 4
17 2764 2
6869 9573 6
4783 4889 10
4141 4913 9
6795 9611 9
8352 12060 9
4514 11366 1
4949 7589 10
4355 4928 4
3876 10231 3
462 1281 2
4182 9183 4
2668 4267 1
2014 8851 10
6070 7370 1
6599 8148 5
11953 12723 2
6613 12950 6
3627 12560 1
8557 11059 6
2551 4462 4
2757 10965 2
3396 3436 6
5814 12753 4
705 1325 9
4065 9328 7
5505 10792 10
584 4629 4
3126 5020 8
6938 9953 8
3344 10528 5
509 2719 4
7671 9030 3
4906 7967 6
4315 5128 7
4858 9276 7
637 4589 4
3490 9738 9
1387 3820 7
11016 11876 1
654 2857 9
8964 12945 2
562 8707 2
11712 11905 2
9420 12783 8
3412 12591 1
473 6179 4
10422 10926 1
3657 6894 10
891 8420 2
6270 8347 9
137 10000 3
11387 12052 10
2208 4871 6
7209 7341 5
429 12597 7
1177 9269 7
1811 2239 5
6312 7796 5
6021 8453 1
4274 4566 8
2676 6161 4
11714 12852 4
807 12097 3
3561 4741 6
4333 4361 6
3445 4539 4
2191 12818 2
4562 7717 4
4004 4663 7
2935 10882 10
10904 12331 1
3526 11512 6
7337 9168 7
4986 11622 5
4255 4917 6
513 10300 5
8374 11835 10
1592 10999 1
3323 9821 10
780 3886 9
1633 11921 2
5731 6286 8
1975 5676 4
2956 9376 3
2047 4013 3
4664 6129 2
6621 12877 7
2695 7450 3
1085 1671 2
1808 7596 5
3212 10955 5
6255 12828 2
1252 6151 1
6727 9220 7
7018 11035 9
479 5567 5
3953 12729 9
5341 10793 5
3911 7217 2
596 6275 9
918 2572 2
4848 6975 8
4653 12202 6
9568 11225 8
3755 11211 9
1663 11498 1
3188 4066 10
4282 6820 2
6856 12875 10
2051 12608 2
2375 11012 9
130 8507 1
2496 2546 5
2546 10487 8
2225 3016 7
3755 8383 6
58 2959 2
907 8795 3
2758 9527 8
7705 9040 10
238 395 8
1226 5007 4
1297 8385 3
5356 9393 6
1441 9219 6
934 7746 9
6019 8001 5
8517 8955 10
2145 6955 4
9610 10275 10
4602 5439 8
2695 7521 3
2129 3281 5
2228 9405 5
5977 9166 10
2980 7638 9
2949 10136 9
3231 7624 1
1305 3117 7
2003 6242 7
523 2014 2
483 12602 5
1580 6091 8
10529 12928 8
1409 5071 3
6507 12872 1
6054 12107 5
5798 8045 2
4261 9993 4
2103 12544 7
2677 3890 6
3349 4496 1
2285 9393 2
1103 3534 3
3228 4520 9
4210 12644 5
4352 4586 7
6665 7595 3
9779 12095 1
11755 12271 4
2430 5197 2
3695 5902 1
3236 10634 4
4486 12959 1
150 1243 8
2006 6103 9
5871 11422 5
7840 12189 8
334 4808 6
6436 11711 7
3376 10661 9
2959 10372 2
1887 10892 8
11062 12265 5
3645 4743 3
4928 12869 8
2728 4101 1
10342 11648 10
10625 11772 2
4169 12014 9
4244 5087 10
3446 9077 10
4783 7838 4
1800 9014 6
6636 8979 9
2254 5694 5
32 2861 8
1958 11599 10
4498 5785 1
2188 4684 4
3267 9831 9
2821 10479 8
4000 9200 4
922 1862 1
6988 11776 7
419 2873 6
8205 12851 9
877 11536 9
6423 11177 7
879 4512 2
2027 12502 6
1055 6196 8
4374 7958 7
3208 7615 6
9694 11634 6
342 11258 9
458 2809 10
3826 7343 4
2009 2917 1
4664 9899 6
3258 5546 4
1290 8139 2
8613 11612 5
4444 8847 6
6371 8085 9
3682 5088 8
3393 12720 4
3780 12254 4
4768 5981 3
7150 11243 1
4876 7981 6
4551 5211 1
6130 12072 3
96 4934 8
3476 7158 2
2986 6409 7
6883 9635 2
2106 5299 9
2063 5135 10
7969 11263 6
526 3329 5
3957 10015 1
513 11686 4
3305 8073 6
7083 8254 1
4363 6733 8
2198 7811 3
790 4859 6
426 712 3
2392 7606 1
11483 12619 10
3266 10591 4
5664 9677 9
5037 12032 4
5326 12767 4
3539 5290 2
1092 4163 1
7718 8190 10
2440 6125 2
5662 6088 8
5715 9800 4
7792 11021 9
1905 5705 8
3402 6539 7
7697 9339 9
102 5228 1
5010 10994 9
7489 12207 1
1939 10784 5
4004 12804 8
1084 4026 8
666 12348 2
1950 10613 1
3476 4177 10
2145 9604 2
8498 12764 7
6432 7989 2
7680 9458 8
7808 9022 5
4982 4995 6
870 4532 10
7866 12753 6
2726 12214 5
5291 7030 8
5806 9427 3
3335 6098 8
5795 6327 2
3824 4028 2
5694 11774 1
1751 5578 4
5024 7290 5
7437 11736 6
10463 12033 5
86 1017 4
3760 11919 1
736 9439 3
816 2966 7
3093 4128 6
1618 8944 3
5649 10741 3
2876 11430 6
1692 3747 5
2580 3984 10
2608 10592 1
4330 10627 5
2390 11373 3
11964 12769 2
8847 9088 6
10756 10763 3
1954 10655 10
3983 9304 5
3176 3208 3
5165 8325 9
502 2474 3
7246 8122 6
2539 4230 10
3803 12541 2
1038 1488 10
6828 7242 9
4598 4768 8
3025 4389 7
2720 6796 4
745 4376 5
9710 11277 6
667 3826 2
6570 10965 9
4634 5214 6
2739 6485 10
6715 12478 5
11234 11639 10
5239 7279 1
6160 9406 9
3951 5814 1
4227 6844 10
1839 5148 5
3530 12995 4
10202 12936 5
5315 7922 9
2182 6474 3
1368 9285 3
1022 3115 6
2891 9891 4
6533 7527 3
1869 3026 2
6312 12164 8
6436 8258 7
275 3830 10
4313 10627 7
3342 4228 8
936 4565 6
385 3178 6
3410 3888 9
4653 5023 9
1115 2510 5
3874 5129 1
1749 6577 2
4037 11211 9
356 794 3
1832 5861 1
4944 10968 6
8196 12930 9
1394 3667 3
2361 9672 1
4569 6574 8
5112 9818 8
1936 11762 9
7249 11735 6
3971 5516 7
1985 2260 7
2690 3466 1
4339 6170 4
1949 3252 9
3518 12900 4
3852 9222 1
5588 6425 1
1622 3672 2
664 6799 3
8422 12815 8
267 9021 5
5594 7038 1
12483 12964 7
5032 8319 2
3130 4901 2
3007 3172 3
4756 5028 3
4057 5140 8
1701 2153 9
1562 6829 2
458 3776 1
4725 11782 1
8587 8850 4
7435 7852 7
1161 12306 8
10522 12951 3
2121 8632 4
1967 4602 10
3831 4139 2
1308 10610 8
9436 12523 3
649 6689 8
672 11381 1
124 4851 5
1012 1383 9
5236 5422 6
3066 5703 5
7161 8418 3
2682 8815 7
5217 12746 6
4969 10225 1
4593 9922 9
6460 11546 10
296 10876 2
7043 8195 1
867 880 8
878 1589 2
3137 9622 1
6420 12571 9
4916 6920 10
1341 6791 8
133 10936 7
448 883 8
3854 5081 9
6418 6608 8
2162 6533 4
7427 7550 4
192 3982 9
3348 3859 1
2521 11228 1
2877 10744 9
4719 5223 4
2895 8526 8
132 1430 10
3667 6470 3
4126 11704 10
4429 10854 5
3187 8606 6
7621 9546 1
5372 9632 4
5193 9089 5
80 1823 8
224 4686 4
4365 6381 9
3473 5592 5
246 10869 7
2804 6581 3
475 4031 8
4150 6593 1
6567 10751 3
1324 9568 5
605 11067 4
5015 6156 3
5163 5453 6
2191 2259 4
1216 8295 5
2799 8251 1
3863 8838 9
6450 12765 10
4567 5340 2
864 11084 8
5555 10631 6
801 11386 9
4095 7793 10
1609 6298 2
6746 7259 5
10790 10853 7
1151 3547 3
3159 7791 10
5124 5617 2
6975 8021 9
195 11464 3
648 742 2
2473 3315 4
156 336 8
9122 11776 4
3248 7442 1
768 2539 4
5316 9811 1
254 9333 1
4369 5618 2
9162 10502 3
5455 7495 5
276 6324 2
8484 11008 9
4523 4685 3
59 12246 4
5226 9630 9
4912 9751 4
2742 5429 2
6470 8377 3
2588 8669 1
3509 10201 8
2096 3208 4
11558 12751 8
58 8730 9
6412 9421 7
2851 12816 2
4810 7471 7
6458 9544 2
3947 10710 9
5217 6109 8
4433 10472 7
2497 10575 6
4982 10745 1
2521 5686 6
7980 12405 3
5011 10231 3
1592 3305 3
3159 4197 10
6114 7853 7
26 9996 2
3426 10316 4
2592 6239 4
4577 9852 4
803 928 4
1764 4106 5
2185 3902 10
5726 7288 4
10513 12054 7
2885 7475 4
1603 10430 8
5438 11898 4
11743 12743 6
5107 6538 1
4177 11719 9
8769 11191 6
1681 8601 9
5655 6983 6
5539 8610 1
10604 10800 6
2978 5260 1
525 10634 8
1858 5810 2
1044 3295 9
6080 12764 4
1817 6402 1
4237 6045 8
365 11708 5
6332 10165 10
4930 10347 6
9442 9652 5
3092 6494 9
1370 11458 8
3334 4708 8
4048 5864 8
2386 3543 2
1682 6107 3
1896 3604 5
582 9436 9
8670 12293 10
3042 6273 7
11100 12095 2
2036 7561 3
1012 10237 2
4391 8845 8
2322 7841 10
1973 3932 7
4767 10920 5
2364 11096 5
1602 10578 2
1008 11497 4
2913 7180 8
2043 3308 5
4939 10452 6
10847 11801 2
851 11842 3
3512 5742 2
3755 7687 2
4732 11696 6
5752 10688 1
5328 8130 10
5572 7412 3
4341 8381 1
1177 11519 5
4519 6341 7
10688 10877 5
8506 9490 5
5609 6008 6
2734 12899 8
5348 8246 8
2846 9916 7
2132 4506 10
7999 9223 10
2414 7157 5
8520 8561 8
4439 9748 1
4659 7097 10
5257 12597 1
647 8229 3
4207 5929 3
2821 10890 7
3060 3973 4
990 9868 6
9233 11136 2
4961 12700 5
144 7328 4
10817 12857 3
5668 10882 5
10206 12521 4
4163 7067 1
3632 10422 6
7321 8552 10
6696 8434 4
5385 6431 7
4808 10783 1
2712 12864 10
4306 11812 5
5905 11112 7
215 4717 10
6058 11941 1
3570 5705 9
368 7811 9
5386 9687 4
8661 10667 9
3763 5485 3
1125 8554 7
2190 4431 3
441 6716 6
752 2522 8
4078 4418 9
1112 1232 9
5640 10116 2
1377 5500 2
273 6150 1
1249 4069 7
1140 8615 1
3872 5222 6
2119 9660 4
410 6502 4
544 7358 6
12525 12768 1
4233 6365 7
3031 3832 8
3459 10936 4
5167 11196 6
1363 9164 5
345 6542 3
6826 11250 1
2403 5881 1
7040 11941 5
474 3622 8
7196 12485 2
2005 9628 7
1233 5676 9
3261 5271 8
4866 8095 3
3316 9412 3
2239 6352 1
2969 9983 8
3271 6627 8
1829 12197 6
67 11980 3
2752 9622 9
5787 7777 8
6266 7907 7
7304 11828 10
8474 12283 5
1024 2230 6
3501 4959 10
3021 5069 6
510 3491 6
1540 10068 10
3172 6789 3
1389 1467 7
6313 8754 6
4380 12406 9
5925 11611 4
8441 11649 1
2805 8031 5
3086 6776 1
166 10541 5
4500 6448 3
3321 10983 5
1532 12286 8
11757 12540 7
2005 9900 6
154 6858 5
3819 4668 1
3584 5254 7
2598 4770 1
1597 3186 10
2057 9748 4
997 3392 7
1623 3372 9
1915 6499 2
1789 8860 8
1791 4902 6
1370 12964 6
2037 3098 3
6360 11696 7
4841 6386 9
977 4811 1
2179 4158 4
6260 11165 5
468 11447 9
326 2280 10
2553 3708 1
4400 6986 3
1152 12908 5
5866 7374 4
966 5372 5
5666 7348 1
2883 8689 5
4379 7573 10
5751 11015 3
2118 3915 5
4119 11327 9
4088 5739 6
3187 4786 2
1611 6380 1
5130 5792 6
438 1911 7
1153 12165 7
7444 10550 3
356 9884 10
8909 9348 6
3093 10108 4
1090 4557 9
896 3258 6
3917 6143 2
489 1982 6
9603 9819 6
9363 12863 8
422 4961 7
3317 4037 1
7534 12963 9
5047 12559 4
444 7475 10
2710 10681 5
816 5290 6
6105 6770 6
1281 3873 10
415 5422 6
5268 9955 8
5784 12033 2
2145 10107 1
9870 10212 1
2379 5944 1
4132 4142 9
3815 4470 3
619 5637 8
6229 7878 7
1046 7482 9
4703 8990 10
2598 6659 7
1419 3757 5
6369 9525 8
4496 5564 6
7579 8468 6
1908 8147 9
1734 1823 3
5508 8070 3
6847 7181 7
3728 6328 10
4229 6603 5
693 5087 9
10355 12783 8
3061 6585 9
2117 6461 1
5806 11100 9
666 5722 7
4718 8035 9
1397 12705 5
3017 8840 3
9571 10617 7
10928 12755 1
4687 5166 8
3061 5673 6
2527 8150 4
1258 11494 3
4864 10789 10
4177 5790 8
2222 7573 9
9199 12207 5
5819 11260 8
4255 9121 9
4606 6223 9
2454 11599 4
17 5647 2
6087 12284 9
1267 12696 4
504 2466 1
6060 6361 5
2606 6032 9
2917 7154 10
47 3567 4
3051 4898 5
5173 8276 8
4077 5238 3
11757 12429 10
2521 11847 8
1738 8046 5
4557 9303 6
10252 12140 9
9094 10453 9
5031 11302 1
8094 11458 5
898 8798 5
2014 7296 7
2996 3396 8
1332 5785 6
371 8431 10
10321 11736 4
2183 3180 4
1575 6167 7
4356 4514 4
348 8644 5
4782 10000 10
7653 9294 7
125 4085 1
2959 3735 1
4874 6390 7
19 3312 5
1655 6087 10
4156 10870 4
3391 4010 7
2143 3330 9
983 10720 7
1145 1401 7
3134 6529 10
8871 10853 10
737 2338 3
692 1044 1
3892 9446 8
5344 5911 9
5546 10653 8
3319 6069 1
6890 10083 4
1163 12372 10
6279 8544 1
433 2219 9
5768 11481 1
2959 10853 4
5238 5738 7
3891 9752 10
935 10824 7
1985 5336 6
1647 11630 4
2174 9268 4
2345 4285 8
9784 9885 4
4071 8185 5
431 8920 5
3617 7064 6
3724 9491 6
2251 10122 4
6312 11869 10
1045 2550 7
3278 4435 9
1915 2970 7
12494 12856 8
1061 2505 8
3737 12309 2
7145 7154 5
2900 3373 3
4579 11571 3
6211 6719 3
3166 10208 3
5157 6099 3
1787 4951 10
6679 11213 3
1467 5341 7
2044 2523 2
600 8832 4
9623 12995 6
738 10151 7
3594 9043 2
3311 7078 6
748 8689 2
2655 6858 5
3899 5235 4
2435 8775 7
5659 10997 5
7653 12024 9
9561 10738 10
821 12009 6
5226 8061 3
3901 12448 3
2428 3562 7
2203 9312 6
11803 12917 5
4791 5111 9
6423 11355 2
2260 2305 4
7151 11490 6
88 12400 9
3384 4178 8
7391 8053 6
8027 12134 10
1415 9351 2
4666 5646 1
7027 11362 10
6223 8757 1
961 2386 6
4616 8657 2
2317 2626 9
2380 8850 5
837 11346 4
4103 7687 6
8830 11844 5
1434 6704 8
3511 6443 2
3385 5377 5
6613 12228 1
6933 11554 10
1443 5542 6
2991 6971 6
4726 4836 2
12255 12342 7
2969 7374 3
5207 11572 10
6748 7279 1
3278 7984 1
638 12886 2
3926 5918 6
3908 7034 6
2543 5164 10
10011 11984 5
2343 4839 2
3820 5426 1
8822 11237 4
821 3423 6
303 7173 8
1470 7087 5
7518 11788 4
988 12869 8
6753 9454 5
1774 5038 7
5347 11214 8
4699 4981 7
12359 12952 7
1495 4722 2
4468 5378 1
637 5061 5
2031 5290 9
495 1451 2
1359 7752 8
1228 2883 1
1758 8535 5
8194 10792 3
7385 9253 9
238 8740 8
67 7339 6
3657 4673 4
3343 3978 6
830 4800 3
3590 10433 6
1967 7344 6
3696 5966 5
6497 12858 2
218 3553 8
4856 10756 6
9613 9802 10
7419 11911 3
220 6742 4
5416 6721 9
2682 10370 5
783 5384 3
4973 6437 1
3388 8716 6
4268 10789 9
2994 6163 2
2194 10276 7
10039 11842 7
4257 9874 4
4604 12884 4
11556 12772 5
1852 10969 10
3317 8077 9
7654 11509 3
4552 5148 6
2789 6297 1
4547 11969 3
6915 11685 9
1759 7496 8
2785 3174 7
6466 11952 9
5335 8787 5
123 1262 2
8562 11296 10
1278 8947 2
4868 7494 10
8863 9098 4
5879 9588 3
1399 3765 3
2888 5378 6
5406 9806 3
6947 7487 7
3977 12800 2
8152 10216 10
7101 10742 2
438 6852 4
4769 11615 7
3120 4455 10
2337 4197 8
9677 10726 8
5122 8583 7
4 88 7
6897 9096 9
7356 12441 7
2882 5693 4
1498 5782 10
5460 7962 8
5459 8724 5
1902 3039 3
597 3371 4
3979 6722 6
1803 11216 10
6179 12112 2
1115 4440 9
1499 7654 5
6113 12220 10
812 8289 6
2712 3511 1
5720 8656 8
6962 10651 2
3092 11992 5
2967 8736 2
1236 7957 7
6596 7420 1
1163 9720 8
2937 5026 6
615 5683 1
823 5357 10
1558 8791 4
139 6472 5
5107 12954 7
3192 10893 4
330 6557 9
4945 11516 1
6967 7156 6
783 4751 1
1544 7726 10
1083 3625 9
3688 12770 1
173 3689 3
5930 9682 2
7986 11879 4
4294 12121 8
1346 9605 1
4719 7563 10
1441 1759 2
5627 8295 1
3907 3918 1
808 9720 1
6636 10461 10
53 6117 9
751 10596 7
10590 11809 7
79 4247 4
1666 6505 1
3389 7398 7
4428 10790 10
504 7903 10
916 8178 5
1156 1920 8
492 4877 1
5608 7060 8
5901 8702 4
4543 11488 9
5554 6659 2
3790 6175 2
2223 5296 8
2457 3043 2
806 1970 9
5721 8231 4
3739 5528 1
3695 5186 3
1956 6267 5
5722 8234 1
4682 9381 4
3200 11560 3
1148 4499 9
128 9457 4
9680 10290 10
3615 8375 7
3033 10468 9
1160 5937 2
4500 11520 6
7123 12944 9
2938 9771 8
1230 8999 1
2987 10875 6
6933 12590 3
201 9804 6
5735 6910 1
3737 4502 10
1480 12443 5
806 1661 1
2869 7460 2
675 4798 1
1821 6629 8
2898 11393 1
8986 10704 1
921 6051 5
2829 9502 8
11279 11718 4
1456 8012 9
1705 3662 6
3066 5199 1
2708 6283 3
8053 8573 10
2311 11526 5
194 1600 6
4178 12376 6
44 4305 10
7041 8600 10
2868 7720 7
1493 7053 7
1440 6616 4
3929 6671 4
129 10149 6
8195 8561 8
948 4742 1
196 5090 2
4611 5420 5
458 7155 3
1569 2701 7
6082 9491 4
917 9317 1
1600 2588 6
2857 4736 9
3944 5565 1
5872 8015 10
1456 9186 3
914 4299 6
1994 4808 4
7899 9963 2
6753 12226 2
4084 5348 3
1771 6803 3
3744 4094 2
1618 2351 5
2565 8948 7
2315 12838 4
3375 6121 3
10646 11830 8
1644 10282 1
389 10882 4
1323 8856 2
7589 11818 8
6656 10332 5
1327 11085 10
2622 12198 6
2486 3407 2
2173 9075 3
605 3684 1
6526 11930 9
5876 7140 6
1326 9801 5
1866 4295 6
3478 6609 7
2755 7016 7
5413 12841 2
4174 5140 2
7368 9316 5
5194 12735 6
2216 12311 4
8319 9307 3
7372 9495 4
5840 11844 5
4392 5276 1
2230 9162 9
1166 1666 2
3626 7199 1
5229 6141 10
3011 12015 1
1424 9160 4
4527 10340 5
1729 6129 4
585 676 1
2096 3562 4
4833 11835 9
3353 12509 5
1015 5636 3
1701 12560 8
7863 8523 8
2386 2932 2
1206 6665 5
5919 11896 8
2562 3078 3
157 6326 6
5002 5896 2
5244 7888 9
800 7248 9
1519 5694 7
3471 6542 3
597 8693 7
3462 3499 5
99 1938 2
672 5843 1
8140 9248 6
3705 8974 7
4568 6152 3
1147 9012 10
2288 12991 2
875 1563 1
3185 5556 6
395 4996 8
4396 7473 10
5012 11246 4
195 6055 4
2862 4301 7
4728 7763 1
6593 10001 10
3507 7626 6
4388 10183 6
5654 12995 8
1103 5306 9
2739 8369 9
5165 11700 9
2637 4749 4
7634 8115 2
448 6873 2
1092 8742 8
1358 6528 3
6111 11741 4
4910 5260 5
1378 4582 2
7137 10584 6
2741 3949 8
2793 3689 9
5171 10435 4
1441 7590 4
1808 8637 9
736 4652 1
5824 10608 2
553 1922 10
3873 4885 6
8697 10889 5
4083 4471 5
1655 7386 7
442 3412 10
8287 9264 10
7689 8743 8
10989 11023 8
7453 8140 4
3293 9614 2
8484 12168 4
944 4048 4
624 4121 8
5848 10089 10
5686 9407 8
1729 12057 2
3332 11953 4
3735 5610 1
3167 4518 5
2803 6333 5
638 12055 5
1908 12022 4
3105 12001 9
4665 12664 4
5820 6854 8
11566 12375 10
7282 10744 10
214 9599 8
612 3761 2
795 8556 8
1342 10958 9
2183 12940 3
4174 9710 5
1547 3733 2
3680 5828 7
32 11557 6
3269 3509 5
4138 8092 5
6603 11608 4
8657 10933 8
371 8540 10
8497 8814 6
735 11935 4
4243 12926 10
5634 8459 5
1560 4055 3
9790 12120 8
1949 5322 3
5337 8698 2
7071 11603 10
947 2076 3
976 6560 1
2685 9081 5
4382 6176 1
4163 7161 7
4124 12909 2
474 6913 8
10919 11526 5
3752 5679 4
1770 3475 2
1766 4162 1
5368 5946 4
3333 12047 4
3921 9807 5
3320 12574 2
7785 9440 9
3992 5010 7
3975 6055 9
1212 12775 9
4804 5910 7
11616 12022 8
3628 7534 1
5064 6415 6
2334 8250 6
7901 12262 8
3492 12673 7
128 10394 5
6038 10934 4
1535 5891 7
4760 6137 5
3905 11555 1
2411 4739 6
1464 10318 10
2848 12000 4
2333 4768 10
3156 6146 3
11605 12712 4
5907 7647 7
12392 12820 10
1662 6390 1
9960 10509 2
2968 11977 8
2091 5698 7
1048 2582 2
4154 9126 5
3883 8248 2
1111 2755 6
8754 10713 9
2364 9257 3
1003 2525 5
3746 3841 7
1790 3052 1
2280 6402 5
7044 11025 4
5007 6591 10
4996 12531 8
5336 11320 8
3284 11944 1
1938 6545 1
4997 6420 3
388 9661 5
3997 11218 2
427 2743 4
2042 7521 9
4379 9279 1
4450 5877 4
3168 6706 5
353 4544 3
2288 11958 7
390 5095 7
1366 7544 1
3961 12502 10
3715 3906 6
9512 11352 3
5843 9169 4
3405 5964 1
4384 5519 2
1386 11120 7
1645 5760 10
1307 5469 3
1885 8753 1
513 5062 8
4900 10462 3
4651 12522 9
4134 6165 3
4964 11191 5
4201 6284 9
2889 11164 6
5686 12825 4
1363 2115 4
6230 10407 5
1932 6218 3
5028 12848 8
2247 5244 7
9045 9336 3
3898 9528 1
4157 6183 10
422 1214 6
5165 6776 2
10753 11511 4
4091 6547 10
164 12356 3
4964 5884 4
10 3328 7
3342 9945 5
838 5451 9
12099 12627 4
1663 2124 4
2191 2954 8
186 4108 5
5923 8953 4
1748 2890 4
3142 6783 1
4643 5524 3
12130 12805 5
3416 6573 2
4009 12204 6
3653 4940 2
4246 4488 8
3788 9772 7
5121 12654 9
4312 6059 7
4735 10682 3
2604 8184 4
6889 9712 9
6143 7573 9
2304 2684 8
4742 11926 5
650 11856 6
789 2684 10
7663 9872 8
1203 4537 7
3505 7900 9
1583 7269 5
2833 3009 3
8562 12024 6
7873 10824 10
8625 11685 2
3402 5640 4
3918 8713 4
429 1769 8
266 5077 6
1914 7485 3
760 2965 7
421 1618 7
7600 12868 2
490 4655 1
9760 11224 4
62 10072 2
2304 11127 9
1787 4524 7
3852 4317 3
5086 11474 2
6500 7663 8
12875 12902 7
3453 11747 5
9689 10458 3
4156 12365 8
8197 8833 10
4082 12156 5
3340 12098 3
1022 4846 7
11262 12234 6
422 7958 7
1010 11049 9
6427 9887 3
6150 7167 3
1757 5011 10
8676 12169 6
5052 11065 10
2799 7345 5
3553 4576 8
9045 9898 10
2426 5874 5
213 11721 7
4565 7866 9
5447 10162 6
6059 7853 7
1574 12565 6
6250 8325 4
1580 3490 2
7754 8996 10
4534 11561 3
7864 11783 3
705 5498 3
8775 11670 1
8512 12691 9
1634 5738 6
1232 4959 8
743 11597 9
4128 11726 6
565 4870 4
4062 5274 3
89 6869 3
85 489 6
4929 12334 6
6531 11110 2
6660 11875 9
2372 4468 2
9466 12697 10
8278 10669 4
2028 10676 1
3543 8354 3
574 3518 9
6220 6408 6
1743 4872 8
6244 10574 3
1649 8914 9
532 3483 3
2577 5691 8
119 6388 6
4759 7676 7
11359 12199 6
7712 11791 1
4355 6989 1
5074 5483 9
3196 4675 2
1268 8879 8
3600 4798 9
183 11130 1
4397 10082 2
2271 9131 2
2637 6917 10
4306 5040 9
4444 9788 3
3392 8518 10
1634 8801 9
4602 11212 3
3029 12617 4
768 12718 5
249 4338 3
5447 9326 2
1327 7955 1
1795 3137 7
605 3703 3
1472 12414 1
2693 4494 9
1790 6816 5
7777 10521 8
133 2284 3
4450 9417 8
3476 6698 9
9174 11276 6
725 5853 1
6297 12828 4
3363 7077 4
2489 8505 4
888 10679 8
5162 7027 7
6551 10981 3
6880 11493 9
6345 9868 4
571 1104 8
954 5629 7
2407 2660 1
8121 10121 5
2714 10666 3
2406 12360 2
8000 8350 5
8504 10744 7
10316 12552 6
1462 12008 8
4545 8174 3
2283 12497 1
592 9530 2
2849 4852 6
2819 12407 10
14 3587 9
486 3904 1
202 3961 6
4153 12613 2
7437 8803 6
7054 10014 9
3057 10478 2
5234 10844 5
1837 6511 3
6754 12538 1
2341 3309 1
8827 10457 8
4411 8965 3
3572 8968 5
490 12173 7
5830 12823 5
217 9001 9
777 12800 4
3384 7399 2
5795 9676 2
4827 8754 5
6356 12442 7
992 9372 10
6680 7056 9
299 365 7
8370 11485 10
2179 3947 4
1611 7553 8
11601 12720 3
4728 12308 4
3324 8451 8
4026 10688 8
6192 7475 7
3494 4199 4
1437 8535 9
3607 8383 4
4996 8237 6
3016 5570 1
1575 6321 5
4869 6779 6
6120 6316 7
3856 5785 6
11128 11429 3
1080 1358 9
2187 8138 9
3024 3116 10
66 12644 10
3020 10517 1
1669 12753 7
7809 11331 8
3553 8692 3
3478 3978 1
632 6369 9
515 6818 8
6020 8629 2
2122 2567 8
91 10087 2
4894 11029 8
8314 10046 8
543 5057 5
1709 2777 9
4072 10207 4
296 1661 10
1164 8975 6
1901 10408 5
4142 7241 8
3914 7913 8
1552 8332 3
5741 11272 3
664 3647 4
569 8493 7
1971 9824 1
2778 3004 2
2750 8000 9
6841 7543 8
1552 2506 4
2031 12451 5
5726 5936 10
7258 9149 3
5248 8750 5
9064 12578 1
2863 8050 1
9408 10903 8
3170 3755 5
975 1960 8
3870 12420 7
1203 4163 9
4178 11965 10
4543 6018 1
5045 12401 5
2285 5965 7
5499 6514 1
3233 8846 7
3550 12926 6
10335 12814 8
9904 12953 5
1582 2585 2
2780 9192 10
3472 6381 9
4416 5086 7
6519 10930 8
277 4451 4
6466 9018 8
6338 7951 2
6099 12954 6
9934 10556 6
8003 12459 7
3367 4446 6
5744 11420 6
611 4694 8
4652 12407 2
3242 8451 1
670 10672 8
571 9103 7
6115 6244 9
2168 3687 1
5689 10006 6
5145 9354 6
2069 4756 10
3611 6337 10
854 7445 1
2120 11136 5
546 4827 9
3783 9051 2
4553 12540 10
573 6596 6
5703 11889 9
1900 5619 5
7523 10846 1
3704 5564 7
5704 12277 8
173 2870 8
2346 12487 10
2690 3092 6
8179 11461 4
4742 5314 1
6347 8443 6
2828 9595 1
436 9247 9
7776 9280 8
2558 4013 5
5324 6474 7
882 2191 8
3892 6228 7
10506 11272 4
2424 11070 3
1014 12389 5
432 2469 5
7010 10999 2
4031 8524 5
1812 4400 1
2672 9656 9
3816 4553 6
1417 6528 3
5117 10597 6
2779 8325 6
5223 8787 5
3585 9151 8
2806 3521 8
5376 11089 2
1484 1974 4
4693 7379 3
1129 4577 9
211 8411 6
9019 11919 9
2355 4359 4
701 2183 7
3098 12291 2
6406 6927 9
10994 11712 2
6605 10676 10
389 8663 8
5985 8640 4
4328 9068 7
509 8918 5
1672 11548 10
7886 8432 8
463 2439 9
656 9068 2
4465 10862 6
4359 10038 8
6405 11170 4
8687 9357 10
2034 2151 3
4458 8169 7
758 2413 9
3788 8962 8
6359 10183 3
6352 7605 9
1613 1931 5
5195 7069 5
6514 11195 3
5609 11091 3
8220 11260 6
4884 11816 5
5062 5358 10
9061 9895 1
10679 11844 5
760 11070 3
400 7095 7
6571 6628 6
7314 10643 3
8068 12989 6
7267 11941 9
6161 6804 4
5289 8522 6
3060 3835 1
7188 9287 7
4128 11457 1
5899 8894 9
4226 11249 9
6994 8085 3
2921 10641 9
2965 10476 3
1055 4053 1
1641 9392 3
1249 7704 7
3558 12789 9
2361 8475 7
1234 3706 9
3680 10405 7
3521 7969 10
1959 4621 8
717 9621 6
260 9050 5
8800 11011 2
3034 6025 4
9752 9856 2
5259 11310 5
8321 10650 5
2899 7837 4
2950 5778 1
4241 11780 2
6386 7469 10
7429 11948 2
1178 2595 10
4222 5961 4
3666 3921 7
3568 9791 8
1867 2018 5
1181 4744 2
2739 5940 6
2362 4243 3
288 12186 4
6695 8163 8
3062 3499 1
7416 8875 10
5308 7220 4
3029 11846 3
322 1793 4
907 4983 4
1589 9718 2
6120 8540 10
4268 8194 8
3891 4200 4
6367 12988 7
417 1270 10
4051 6861 8
4151 10903 2
951 5704 2
5158 6945 9
3687 6655 2
1263 9161 10
3067 4981 9
1997 8530 5
10527 11546 7
615 5635 6
11520 11922 3
8895 10695 5
5333 5928 8
3466 12336 5
3639 5577 10
2024 7536 6
9215 11529 10
8043 11130 8
10673 12768 5
687 9204 4
1400 11469 5
2940 8412 10
1952 6052 8
2753 5192 4
926 8483 4
5907 8495 4
6530 11497 4
9255 11945 6
1476 3399 6
1810 2371 10
773 3897 4
1675 4814 3
1045 5885 8
4896 5166 5
5739 7975 3
2925 6219 10
9715 10205 7
1228 8291 5
6401 7693 2
1903 5885 2
8098 9943 10
362 1050 5
4209 10310 8
270 5878 10
2548 2580 5
139 8100 8
4114 4876 4
803 1168 7
5306 11788 5
392 5410 2
4530 7292 9
2156 5298 4
724 10268 3
3443 11874 4
4522 9814 3
2577 5250 7
8519 10177 2
2424 6539 1
1444 4342 1
583 4900 8
3024 6648 3
4028 4470 10
354 9985 6
9234 11016 7
3311 7920 8
4836 10119 5
5862 11989 4
7627 8367 5
117 2930 6
3792 4189 6
3517 11597 8
698 3668 1
9083 9871 5
3663 4112 7
1254 2431 10
3329 7974 4
11303 12943 2
619 4636 6
5898 11669 2
5248 10646 2
2298 10060 8
4736 12947 3
1820 5081 3
8667 11856 8
774 8609 9
10412 11900 4
4612 12534 10
2048 5160 1
6579 12315 8
946 7786 8
1815 6979 3
9533 10325 2
758 4033 6
5456 6177 7
9866 11160 1
833 4930 3
1092 3387 3
3435 10042 9
2503 12233 9
6167 12439 3
3160 4595 3
7700 12405 3
4990 6743 7
306 1233 6
2485 3812 5
661 1318 3
1554 3513 8
1272 8720 2
244 2719 10
4457 6385 6
3691 5454 5
3185 4920 9
1449 10017 1
2257 3617 8
2240 6178 3
6487 7969 1
2891 4307 4
4433 6610 5
805 1938 1
1137 9031 4
1810 11428 6
2173 7569 5
6550 12668 1
4014 4762 3
4782 6302 7
3777 11298 5
1988 6694 5
7371 10696 7
5007 11950 9
3925 12692 9
5518 6418 8
3121 9775 1
1535 5835 10
96 10425 3
7162 9510 3
468 9333 9
2931 5396 10
2857 4631 1
3027 11346 5
5069 11623 9
4446 7088 2
551 1960 10
5579 10401 9
7790 8237 5
10172 12986 9
5071 10555 3
5342 5383 1
588 12319 4
3518 11030 6
4425 7734 3
2586 7224 5
3110 4731 7
111 5571 8
8820 12496 7
9482 12016 9
2379 2857 9
143 9130 3
790 8095 9
8736 8828 9
7711 10069 5
2321 5540 9
4633 5452 5
8498 11248 2
632 5472 5
1154 7506 4
3476 5757 8
6280 9565 9
4895 5892 3
505 5673 6
5132 10831 10
495 7101 3
1386 6136 10
641 966 5
2546 2733 3
6121 6537 1
4308 8914 3
154 12629 4
7879 10839 6
5539 7269 3
639 9742 2
2718 6213 4
2662 12706 6
1321 3469 5
1932 4514 2
532 4307 7
1150 3419 2
7821 10017 6
5334 10464 6
2072 5619 10
8638 11890 8
1037 12341 2
7232 7283 8
9492 12472 3
7283 8226 4
3505 10418 3
1131 12495 3
2580 7729 6
2696 4504 2
3394 11002 5
3134 11552 9
1229 4041 4
3499 7595 8
1070 3698 3
7281 8363 2
786 947 3
7939 9862 3
514 10388 9
4163 9187 1
5335 10400 10
6477 7817 8
3477 5855 4
4816 9338 5
3192 8226 10
1700 3700 7
288 7763 7
3856 9141 8
9846 10154 2
5990 7528 2
2575 4534 3
238 6383 4
440 1969 1
2853 10712 7
231 7288 7
1884 12182 5
5741 5933 9
7003 7086 3
7335 12829 5
1579 7010 9
5318 9064 1
4847 10348 7
1546 5723 8
10122 12563 8
9764 12825 3
5828 10662 1
3783 11704 4
732 3503 3
4572 9868 1
2800 12278 9
1922 3668 9
6683 10227 10
10069 10192 1
6668 11477 9
4156 7633 1
10177 10189 2
6195 10263 9
4855 12614 1
3460 5422 6
1147 3004 1
1799 4419 7
3666 4394 6
154 10558 6
6764 9132 3
2681 7034 8
2797 4943 1
5300 9908 7
438 3889 10
2406 5439 7
4976 12768 2
3808 11116 3
7220 9164 1
1288 6961 2
706 7404 7
1019 4147 2
5385 5917 8
5130 5973 8
6768 6869 6
8851 11566 2
5205 10066 6
3355 6043 9
6488 9875 4
2259 2962 5
138 4755 1
3554 4736 4
834 4719 2
1468 12667 7
6090 6874 7
1608 10034 2
5108 7868 6
2905 3193 10
4464 10596 6
8295 8472 7
3541 8571 8
6867 6938 7
5040 12577 8
11717 12717 7
2533 11984 9
2041 5550 4
8561 11202 4
2339 5603 2
7332 9248 3
10822 12365 10
8875 9634 7
2817 9137 3
4736 6582 5
3222 4794 3
4880 12282 7
96 523 3
3600 5448 10
3473 6277 5
9964 10868 10
2017 5640 2
2678 2885 5
4509 11916 8
1836 4630 8
2402 3420 9
8491 11953 4
2845 10771 5
5056 11170 6
11424 11514 8
1185 8320 4
4329 9946 3
1920 9596 1
2559 3967 4
3584 10125 3
2671 8408 3
4982 9201 7
5987 9850 5
4720 5289 5
9024 10460 9
2542 8328 7
2934 5873 7
293 11894 1
2038 5659 9
3582 6675 1
2059 10635 1
3295 12620 8
972 11841 8
1239 4683 1
2718 5139 4
149 6502 7
6638 8266 10
37 12993 9
5733 5748 1
5014 12055 7
5620 9669 4
2158 3673 1
2788 4283 10
10514 11025 8
5787 10149 2
9546 12920 3
1097 3899 5
10607 12521 2
7970 11620 8
1138 4204 8
2067 6221 5
6198 6708 7
7121 12090 10
8721 12536 3
12161 12716 7
2157 6728 10
77 1472 5
9413 12139 7
9032 11693 6
2546 7260 8
2827 9132 3
992 7039 7
5020 10708 2
4552 12631 3
1815 10723 1
1045 2831 10
189 2957 3
10341 10448 4
696 4892 3
1544 4073 4
1919 6517 8
1619 3070 7
8813 11923 5
1747 5472 4
1350 10512 3
3889 12549 1
3114 8822 7
2705 10698 4
3233 12068 1
6151 9718 8
6715 9423 3
279 9421 3
5242 9442 5
1015 6695 5
1544 10867 6
1660 8948 6
7535 11506 5
2733 12662 7
1961 4627 9
5803 5942 2
338 489 9
1780 5688 7
4854 6150 1
526 2504 9
2703 5373 9
688 7129 1
8109 8900 2
558 11027 6
87 8638 4
5550 7817 5
2986 9521 4
6013 7132 1
9169 9603 5
1629 10626 9
9334 11270 10
6138 11667 5
1851 10778 3
1634 2827 6
4735 8104 3
10251 12769 1
1508 6283 4
6847 11552 1
4339 9437 10
2443 4946 6
3173 9925 4
1203 4808 10
7757 11890 7
1558 5246 7
588 5212 2
1244 12336 7
509 4348 3
2866 4855 10
4668 12251 2
7509 11275 7
101 8525 8
3746 4348 9
2174 5114 1
8199 10873 10
4865 6329 3
1234 4247 7
2889 11626 5
9090 11544 7
3070 7824 10
972 4761 2
1368 9281 1
586 1356 6
943 5622 1
12336 12390 4
1099 7919 10
7424 8224 10
8436 12265 4
3888 5286 5
2376 4096 4
1127 7289 10
6266 7461 10
2117 5355 10
5656 9027 3
2657 6366 2
4815 9598 8
2165 8120 8
4657 6580 5
1014 3649 5
6995 8143 8
192 4127 8
2135 3513 9
2099 9587 7
4878 12727 1
2107 7683 9
8862 10037 2
2330 11220 2
5756 10902 9
3593 4971 1
177 9098 2
8543 10550 8
6978 11299 2
2230 11376 1
178 2887 5
2649 11375 9
9091 9192 1
4565 6193 9
6084 6433 4
5638 7352 7
2291 5816 10
1659 6862 8
1041 8762 7
9323 10475 6
1267 10868 2
961 5853 2
2245 2793 5
2122 5417 9
4396 7571 6
90 2968 3
3503 5839 8
207 6308 7
1997 5517 10
5897 11588 8
2981 4595 9
1250 1744 2
3046 5746 3
7350 9513 8
1866 12655 9
6223 11650 4
1542 3656 5
4112 7754 6
1899 5242 7
3695 5503 3
2358 12513 2
6833 8419 6
2684 5482 4
2282 11065 7
17 934 10
2087 9926 9
1442 12780 10
5162 10502 2
2435 6197 8
2252 11569 9
222 2391 7
9055 9787 8
3623 4818 2
1108 4115 8
1921 6754 6
4490 12886 2
285 4040 5
5796 7369 2
1948 9463 4
354 3983 8
603 11915 7
1502 3691 9
11203 12972 7
1882 12358 9
3042 10986 10
8093 10997 6
3590 7311 9
8 3539 8
1208 2690 7
437 8389 1
763 2703 8
3172 12188 1
4612 6112 6
507 4060 3
2272 10808 10
4060 4956 9
58 230 4
1035 5600 8
1161 11285 9
3657 11678 8
2045 4567 6
336 4761 9
1280 6833 6
5185 10380 7
7870 9974 4
2369 6098 1
3715 12464 1
1410 5122 9
1673 4357 9
500 11784 6
1308 2953 2
1289 10617 10
3747 8773 2
6096 12732 2
1861 2431 10
904 5779 1
665 7941 8
1567 6014 5
6671 12340 10
1520 4578 3
268 9572 9
6427 6490 8
539 10598 10
5013 9157 7
4984 6892 2
4223 11560 9
2692 6242 10
4852 9467 8
1363 10876 10
1800 11839 4
2568 8539 3
8814 11500 2
6258 8886 6
382 3401 4
6430 10223 2
6483 11985 8
1200 11872 2
4780 6407 1
2736 9077 9
389 12338 3
3924 4462 2
634 11263 1
2079 3701 8
10017 12234 4
6700 10875 7
5742 6528 9
615 6304 1
6849 10143 3
5282 6445 8
6564 6685 7
4001 11351 8
4793 8445 6
3901 6498 7
1840 4340 5
5826 12200 2
2706 4002 10
3551 4345 10
5375 5716 2
90 7518 7
3804 4996 9
3423 6620 8
1334 12509 5
7351 12921 7
2628 8772 7
2629 2759 1
3091 9786 2
6658 11838 10
1194 6280 9
1390 7224 2
217 2906 4
9114 10176 6
1161 11705 9
1369 10321 7
6509 11541 10
2020 4674 3
1414 11945 10
654 1918 8
7441 11294 2
3078 3115 4
3454 11877 5
5038 5939 2
110 10536 2
9279 12832 3
7110 9756 8
3166 11242 2
5159 6366 2
6405 11209 1
4227 6475 6
4212 12900 5
2475 5154 9
5677 7378 9
5200 8914 5
3694 11775 9
1048 1349 5
6745 9866 2
8485 10861 6
2950 12241 1
5550 10327 10
7722 8027 5
768 5454 7
3382 5335 3
3045 4547 8
6549 8308 6
2641 5165 8
5460 7841 5
2810 9318 6
6994 11491 10
8488 11445 1
7852 9074 6
565 1514 3
1097 12992 7
4057 4752 4
3674 6559 8
633 12955 6
1455 8462 1
1355 12239 10
3438 5092 1
5933 7732 5
183 8805 1
7992 8375 2
839 1004 10
1204 9128 1
4410 12264 9
6064 6415 5
3188 9783 7
3156 5403 8
1424 8052 2
2408 12216 4
4308 10693 3
2106 10115 1
5222 6275 4
630 2905 3
2588 5338 2
2707 6461 5
1619 6359 2
9800 12553 1
1885 4150 4
5276 10575 9
4251 7685 1
3870 5222 8
1775 5966 5
130 4828 10
7240 10327 2
8529 12657 2
11323 12653 1
779 10983 3
3686 9022 2
1539 2685 8
7976 12677 4
1571 2773 5
4997 12687 3
12680 12729 2
253 12219 1
881 4822 6
3965 4204 7
4058 4931 7
8568 9343 10
6595 10019 10
2612 11751 1
1853 2269 10
2170 7553 1
401 6909 3
8727 10872 9
8707 10252 8
2724 6516 3
4146 10457 1
2608 10582 7
456 7581 1
999 11541 10
99 176 1
3886 12626 2
2162 8747 1
3957 6230 7
1892 3935 2
4183 4477 4
1920 2096 3
3687 5384 7
127 8531 8
3054 9813 6
68 7209 3
4963 5230 3
4928 12322 3
1579 8269 3
6380 10262 7
4329 6281 4
1886 5161 10
5974 11791 4
3782 9144 10
66 967 9
4876 7314 9
2931 3678 6
5980 6467 10
1125 6430 7
4272 11984 7
952 1940 10
2214 2774 3
2581 3375 4
6769 11143 7
896 6116 2
423 11682 5
684 5006 5
5030 10225 8
6882 8937 6
1258 7455 1
8231 8725 1
1695 8785 6
6006 12305 6
5917 11117 4
6452 11834 6
10991 11643 3
2671 8716 9
2861 4130 1
4729 6367 2
89 941 9
1925 7840 9
6100 8111 9
8823 10568 8
5966 10575 7
3912 10773 3
5984 7376 9
1699 6444 2
4340 11207 10
1510 6256 8
189 9972 1
1473 4450 4
8410 12720 5
1732 6630 4
2349 7490 7
3891 10541 6
2941 5274 9
2678 7358 5
2526 11158 8
6914 12432 1
2616 5369 6
4307 7769 10
3762 11716 8
7974 8766 1
9140 10671 2
2188 9653 7
5775 6544 10
5312 8692 9
3738 9810 10
56 2882 1
5023 6536 3
2526 11769 8
4957 12016 4
5141 9960 3
1167 10900 9
1439 11272 9
12093 12601 7
313 7824 4
4712 11300 3
511 9837 1
5122 9326 3
7908 10549 4
8047 10263 9
607 12244 2
2122 3756 1
4628 4899 8
3521 3856 1
8439 11511 5
950 6717 2
3659 6340 3
436 3490 8
2363 4611 7
6539 11989 4
8153 12255 5
1109 9328 5
480 505 6
4113 5404 1
79 6402 5
2073 4976 3
247 8498 3
421 2009 9
809 6226 6
2186 10331 7
229 794 7
4720 5984 2
3289 7141 10
1662 8831 8
5207 7787 9
3198 6088 7
2628 10847 9
1715 3071 1
2023 4951 9
5072 6452 7
1563 5422 7
2459 6596 4
5406 6108 3
3190 11357 3
3527 3903 7
4422 5065 9
1132 4258 5
5579 9781 3
1496 6052 5
7371 9798 4
1780 6177 2
5012 10431 3
670 3188 7
3422 12048 2
1500 8167 6
3536 5630 3
2713 3126 10
344 1934 2
3678 6808 4
2118 8459 2
5071 5796 6
3546 5255 4
326 6412 5
6269 12841 5
8845 10398 10
6042 7371 6
3769 9425 9
120 2378 10
6132 12220 5
1093 6213 6
4152 9492 9
1882 2092 9
4519 7746 5
2650 3468 3
7506 7950 4
3343 3874 3
2926 4719 9
3557 8383 4
5908 8714 9
541 2508 6
155 2553 3
9843 10857 7
8741 11004 8
2917 5783 9
800 8272 10
1987 3190 8
9562 11497 7
7466 8892 10
657 12779 7
2642 7909 5
395 10871 4
481 1372 9
8447 11790 1
3447 4172 5
265 11692 3
2780 7473 5
817 11048 1
3369 6341 8
484 1232 9
8003 9007 8
5210 6200 2
1410 2506 7
9730 12478 8
442 2893 3
2474 12949 2
6613 10481 9
5551 8358 4
2759 8080 9
707 9793 6
6105 10190 10
4392 4585 9
530 4203 3
5021 10161 4
4967 7023 2
1461 2081 1
732 7796 7
1076 2997 4
158 3952 4
3383 11737 4
3528 6733 4
5827 6572 1
6636 8657 10
4146 7435 3
2616 4914 6
4226 10628 4
4561 11178 8
7015 11643 9
4970 5727 10
1587 2183 8
4388 7290 10
807 9530 5
168 9512 10
3261 9634 2
1198 10714 4
6198 8612 10
4609 4871 7
841 1283 5
2392 6683 2
3270 9669 7
2967 4431 9
3796 10296 2
256 967 8
559 5589 9
8564 12807 9
2189 8789 10
2916 3317 8
5317 9538 8
4596 9975 7
3467 5869 1
1860 7448 1
708 935 1
1705 2978 7
5810 5958 9
4418 8067 2
2453 6538 3
4207 8632 3
5097 8246 10
760 10584 6
1803 4845 4
180 9155 2
2976 7902 6
4652 7291 5
3070 3916 10
8454 12867 10
1083 8583 9
1520 6021 8
3988 5134 1
1250 8293 2
74 10404 1
1341 3991 9
5420 8643 9
8479 11271 7
49 4451 7
2788 6098 4
9016 9737 8
4458 6106 1
1100 1757 10
603 2968 6
752 6660 1
1503 4922 7
5278 6660 9
3858 5139 8
816 5898 6
8843 11620 4
1653 5307 9
329 897 4
677 8837 7
1326 4631 2
9219 10951 7
236 3103 3
2050 7910 4
6892 9811 9
1112 7836 7
3278 8657 3
3778 12181 8
5539 12159 4
4331 4462 10
6019 10450 2
1272 4534 3
2882 3187 4
6512 6998 4
2988 4869 10
5499 10368 6
65 12718 4
59 5585 1
3885 11045 1
375 10865 9
6621 8860 5
2907 5207 3
4037 4832 1
2392 6540 4
549 11856 5
935 9866 4
2198 5848 6
1301 3738 8
9145 11866 1
3809 9260 5
8207 9892 5
217 3546 2
490 835 4
1688 5789 10
4725 6320 4
926 12459 5
5357 6014 10
553 5331 1
2787 9860 5
1617 2854 8
6197 10632 8
2689 6195 5
194 10652 9
5414 9642 4
563 8607 4
4154 11165 3
4035 5790 10
5506 7420 10
12093 12932 2
7036 7785 4
2586 9066 10
4271 4776 2
9548 11772 6
2669 3360 3
4021 7386 10
519 11448 10
53 1728 5
3119 9478 2
3401 7490 6
3605 5925 2
3073 7532 9
649 4385 7
8634 11541 10
139 9905 8
10219 11266 1
5262 6522 10
4819 8449 7
2606 9174 10
2385 2552 9
724 8778 1
5863 6089 2
6449 8353 10
2211 9332 7
5605 10158 3
1656 4889 4
1500 2555 2
4224 12533 4
2327 5653 7
794 8340 1
167 2410 2
5996 11272 6
788 3522 2
672 8933 5
116 1260 7
6263 8891 6
4031 9156 8
35 5687 7
149 11146 1
8873 9129 5
1463 7838 1
6708 11597 6
2576 5138 5
1019 6307 7
4066 11867 9
804 12604 3
2382 2878 5
630 4385 5
148 3839 9
4458 8310 3
3749 4707 9
8346 9832 1
2441 11555 7
2653 9786 3
2314 12214 6
6372 10464 9
2360 6807 3
2526 7559 8
3237 5046 1
1324 6989 3
4906 9206 2
10119 11279 8
1682 9233 1
1678 2498 9
1460 1468 7
2820 7166 9
3947 9007 4
2624 9302 1
2517 5102 3
7512 7947 1
3185 8032 8
2264 4749 8
4970 7598 8
7406 9682 5
5007 11944 5
11150 12672 3
1838 5688 3
952 1819 8
2951 9749 4
1996 7901 10
8508 11923 8
4247 6013 5
6635 10154 9
4205 9698 5
2832 10100 1
3280 11910 9
276 12174 3
9520 11919 3
6762 12374 6
5378 8635 4
6584 7397 3
10711 12707 5
5227 6320 5
3215 10667 10
4834 11034 5
2093 5887 1
2450 4720 10
1144 5110 2
1576 4694 3
8530 11012 9
7334 11400 7
2656 9172 8
426 5372 9
4164 10232 6
1376 5521 2
1831 2627 6
5378 6752 2
839 2006 1
1083 4867 3
4307 5585 6
1063 7492 7
4775 11068 10
5073 12690 3
8168 8700 10
1211 5400 10
2814 4904 1
1843 11482 5
396 5842 2
1472 5656 9
1920 7799 5
4402 7290 2
8598 12151 9
3595 6554 4
6010 12216 2
5797 10694 5
6281 11058 4
2242 7274 6
3668 9045 6
1051 6161 10
4193 4319 9
2703 8868 9
2455 7394 2
6176 10907 5
513 1405 2
555 11077 8
286 8251 10
5573 11193 2
3343 5543 4
3408 5953 2
4364 7351 9
7665 9283 1
4395 5253 3
3387 6318 8
11994 12749 3
690 4389 5
3444 12766 3
3550 6805 2
2613 8259 3
1062 6435 10
2152 5878 7
1621 5564 5
1424 4419 6
10185 12212 3
711 11264 10
3661 4117 9
3295 11930 6
2237 2757 2
210 2029 9
321 987 10
5561 11719 5
4633 6670 10
2950 3705 4
997 8870 1
2648 3775 10
3487 8107 6
3877 7194 8
7387 7913 8
4789 5828 7
7692 11499 2
598 3126 4
941 7346 3
2533 12555 9
465 7248 3
3025 3543 2
5012 12083 10
2214 3766 9
11393 12227 7
1057 2334 6
1483 1889 10
2358 6519 4
738 1014 1
1435 6762 10
601 2563 9
3985 5331 6
7741 8823 9
3683 8873 5
80 1844 3
923 4549 4
9155 9933 3
5820 8650 9
5156 10760 4
10650 10733 6
2170 12432 8
1596 10793 4
2218 3008 9
5191 11359 5
8085 9255 4
2386 7663 7
8950 10734 9
2586 2645 1
1355 3817 5
8695 10884 1
8188 10422 4
1755 2664 8
1097 8179 2
1781 1887 6
3230 4126 1
4755 11358 9
4668 11566 5
6079 9546 2
885 3498 2
7378 7739 3
3064 11168 10
6401 6764 4
3284 6464 5
8504 12475 7
1162 8643 2
1641 10897 3
2482 6617 9
5008 9116 8
4574 10302 7
3514 3896 5
533 1701 5
1569 4726 6
1647 4302 8
6328 11952 6
10787 11857 9
1677 5501 9
1882 8422 3
4934 7861 9
5217 5438 1
9734 12732 6
4274 4973 7
803 12441 6
2306 3648 9
1806 3464 7
6879 12934 1
3095 11820 6
236 6485 7
1876 11788 9
517 3161 2
2350 2572 7
8955 11839 6
1407 3368 2
1749 8175 10
8033 11435 7
6567 10736 2
1096 9142 6
1685 10270 2
3259 10200 9
4436 6213 5
2210 6166 7
1191 5415 6
92 2989 1
1351 3178 3
2436 4724 5
129 5128 1
3556 9685 9
3334 10144 5
3602 10126 5
1593 9485 6
2033 4242 3
547 9067 9
3709 12572 9
7132 7801 10
162 10534 7
983 4328 4
1525 10242 8
5874 6074 7
9174 10288 9
3111 7765 5
5224 6335 5
8344 11285 1
2333 2603 2
8623 8921 5
7857 12052 8
812 12749 2
5258 10641 2
4584 8141 6
1662 11176 10
6863 11286 3
3341 11464 2
3719 12419 4
328 2195 3
3445 4994 8
4336 11965 7
7485 8729 8
538 7383 8
1453 12200 8
3499 7173 8
3574 5205 6
1757 10828 5
432 7503 8
3205 3367 1
9491 11461 1
594 5844 5
1294 3834 2
5180 5753 5
3400 4731 9
7559 11816 2
7392 7450 4
4642 9540 5
7071 11737 4
104 10424 7
2049 3010 10
2422 5855 3
3908 10955 6
401 4669 3
7706 8248 4
3435 4998 2
5745 12693 3
4396 8927 1
2055 2686 7
3041 10440 9
808 4858 10
5691 6505 7
9561 11885 4
5230 7766 8
5267 10040 2
187 6673 1
77 5028 4
3123 5803 3
2167 9025 5
71 9006 9
1569 6185 10
5280 10508 10
2201 4924 3
3530 4805 6
3221 10346 4
4425 11643 6
4552 10299 1
406 4720 1
664 6510 6
255 6643 7
394 12632 6
915 5486 7
1180 5286 10
3335 9471 5
2347 6859 9
1222 10531 9
8557 11726 9
7895 12874 3
3308 4320 7
4786 6323 10
1036 10884 6
6484 11394 7
3195 4124 3
9943 11654 5
7393 11611 3
10774 12345 3
1681 6366 7
6555 9500 10
2565 9697 9
4765 6307 7
1482 3804 8
492 7768 5
1191 2601 8
2042 5940 6
704 3341 10
1744 9357 3
3772 5662 6
9392 11076 2
5038 5474 9
9573 9583 9
6280 11113 2
3696 12153 7
4650 12618 1
2130 6681 1
2233 7647 10
7497 12541 7
8469 11627 2
4715 7932 6
4918 12267 9
1420 7595 10
4220 10783 3
8645 10766 7
2007 12785 3
560 1014 3
58 423 10
2890 6603 7
426 1046 8
5769 9502 3
274 3697 6
1503 2189 7
3997 5597 2
3277 11821 4
903 6241 7
6181 9303 6
6586 10751 3
8484 12632 7
4257 8692 9
3834 7241 5
413 7808 6
1669 11110 4
3311 3737 10
8518 10470 10
2749 4145 1
1210 3246 8
2341 6900 7
4019 8266 10
6760 8294 3
1211 1794 3
6419 12263 9
4018 11497 9
947 5703 7
8795 9335 6
3962 6148 2
4552 8890 8
4531 4729 5
1987 9231 4
4979 8023 9
4995 12432 4
6493 12369 5
6303 9364 6
1376 11486 5
1573 3415 4
255 9064 2
809 2382 10
900 9484 2
7265 9005 9
1140 8829 8
11225 11377 8
2082 5391 7
662 3031 1
7241 10340 5
530 2637 10
817 933 6
4073 5926 2
1852 9111 9
5286 8226 2
2130 4584 3
5659 9397 1
6072 8798 1
21 3097 4
4670 5213 1
3121 12855 8
1965 12092 9
6313 10484 8
4356 9236 5
6958 11209 4
8085 12181 6
1665 11378 3
6389 12710 3
2858 8257 1
4347 6563 7
5512 6675 7
3807 9575 4
2781 12408 4
11068 11411 7
2480 11729 5
8480 11692 9
1649 10545 9
5106 10794 6
1776 6503 7
675 11793 6
4404 4878 3
4826 6499 7
2104 2354 8
11343 11661 4
7793 12127 4
1328 3489 8
2019 5880 1
2635 5657 6
4176 5387 2
11437 11813 1
2830 9175 4
301 3642 4
10784 12768 1
6042 11860 6
2928 7560 9
9251 9869 3
8898 9742 6
667 5452 3
5133 12201 8
6482 9041 2
776 1177 8
155 10772 4
8787 11585 3
31 4265 9
1425 1605 3
7607 10819 3
7898 11797 1
4731 8130 2
3341 10356 7
9174 12824 7
1678 4564 3
5558 9912 3
2815 11260 2
1320 4075 2
3912 10487 4
2438 2805 3
4918 9418 6
10674 12126 2
7181 10156 8
753 873 6
6354 10788 7
6575 8002 10
2612 3453 8
4720 11184 4
5189 10235 6
2202 3958 8
1270 7195 1
2544 7990 7
3053 6633 8
6693 7638 2
8494 10891 1
3315 12153 4
2889 3612 6
1123 2318 4
1610 4272 4
981 8111 1
992 4215 4
5253 11397 2
248 5283 1
607 2572 2
1111 8290 5
487 10094 3
2867 11362 5
4516 11873 9
386 1334 3
2565 10773 3
3199 10173 2
1018 12864 1
3615 5701 3
7411 10375 2
3449 5504 9
9008 10497 4
2925 8388 3
6094 6742 10
1057 12904 4
4278 10136 7
4569 6322 2
1107 1229 9
5707 9926 10
4220 6367 8
1130 8949 3
316 3860 6
2856 12973 10
848 4653 1
5413 8394 6
7275 12626 8
5852 8390 6
509 10590 6
4780 11515 2
1475 10848 9
66 10866 1
988 3704 3
194 5456 2
5972 7598 7
5082 12692 3
2286 6532 1
7042 12847 3
206 11713 10
450 7577 10
1695 6946 6
2601 2749 9
2725 7678 2
6290 9387 6
2565 6766 7
7727 8357 5
975 3723 9
4993 8701 1
2130 4902 7
4619 4957 2
8949 10744 2
8512 8879 6
1684 7490 6
122 3657 7
3191 5724 6
5450 6487 5
7847 9487 4
2020 2083 3
464 10889 1
2617 11164 3
5925 7935 7
6325 11106 9
2726 7427 3
1310 4443 5
88 5330 9
3495 9478 4
5954 6617 3
2805 6642 1
422 5073 8
23 2344 9
1401 5268 3
4612 9038 6
2306 12918 8
10071 11113 6
6561 10718 5
7811 11425 2
3173 6242 5
8377 11733 6
2948 9951 3
4616 6520 1
2254 10904 10
351 7095 7
3200 5519 5
3400 4917 9
1710 6857 1
2958 3046 2
399 5942 2
2404 3539 1
1025 3031 4
4022 10318 5
21 2282 9
1773 11926 1
1252 4436 1
2211 10421 2
3588 8318 8
1990 2822 7
247 4966 10
5814 8037 8
3367 8891 7
6572 9882 4
4267 6959 2
5216 12975 10
294 12347 1
6417 7145 7
4464 7409 1
1656 12549 7
3748 9352 1
1706 8291 6
1448 4534 9
6338 11502 1
4106 6830 3
956 11467 1
139 1037 4
182 5545 2
293 8210 3
1996 6718 9
11677 12810 6
5002 10847 5
930 2078 6
512 11510 8
576 2323 10
2070 5586 4
6570 7749 4
339 3353 2
1420 7226 2
7428 9973 2
2622 11649 6
330 5769 9
1625 2754 5
1560 6923 4
2098 4429 9
3203 11601 1
2918 9117 1
3299 7289 6
542 7574 9
1733 10454 7
4331 5710 9
1733 9797 7
3729 10049 10
450 4144 2
2503 7592 2
2316 10750 10
2214 5618 2
380 12182 6
4962 10813 5
4121 6240 2
113 939 10
3648 11110 7
6673 12284 4
5031 12867 9
2554 5671 9
7829 10248 7
8561 10212 6
1054 2315 5
199 5457 5
1689 6406 9
454 4183 9
6322 6638 6
57 12014 7
1664 12975 3
5898 9700 2
5031 9757 7
3187 9149 10
604 1005 2
918 4868 6
625 11644 10
217 454 1
2207 12542 3
1384 6714 8
2343 10414 5
3492 8494 7
2565 5428 9
7666 12601 10
10743 10861 9
9597 11470 8
454 6909 2
4647 12676 9
5020 12921 6
12043 12164 4
121 4606 1
1433 11249 5
5524 8931 5
415 1420 9
3274 4915 5
2606 7594 2
1467 11589 4
10752 12954 10
503 6311 4
572 7677 1
3540 6108 5
4909 9909 10
983 3577 1
625 10765 2
970 1365 10
6207 10433 3
1614 5399 10
4764 5796 10
648 713 7
2645 12069 7
7382 7962 8
743 8204 8
8565 12567 8
1357 9102 8
1695 12876 5
137 1480 10
7838 10384 9
2940 4015 9
1970 12302 6
4252 7078 2
4576 12739 2
8475 12324 4
3631 12841 2
1654 5390 4
5352 6654 8
5615 6587 6
1340 4362 6
2423 3885 3
2329 4380 4
9165 10081 5
7578 12510 8
3473 9660 4
154 4742 6
6914 8102 8
3998 11791 9
1460 2262 6
4376 12804 4
1085 1296 8
4599 6432 3
2212 7759 1
4466 8248 8
4276 6529 7
7300 7800 6
6947 9530 9
2128 10266 8
5564 8594 3
1144 10519 8
240 9401 7
1655 6217 4
9158 12639 7
7822 10413 2
10747 11172 5
3542 4205 1
2798 5390 10
4665 5976 7
2529 12205 2
9831 11932 8
6694 11764 8
10643 11653 4
1200 9471 8
1767 3041 10
1604 4583 4
7324 9632 2
1375 12022 5
684 4260 6
4672 11098 7
4290 7303 8
1041 9130 1
9342 9756 6
8382 12953 7
787 6693 5
6232 7854 10
2776 4581 6
6077 12257 5
11277 11971 1
2451 5499 4
12302 12928 5
2673 8361 3
4808 10207 4
2174 7109 7
496 5962 3
142 748 9
1965 10333 2
550 7570 3
5722 6731 4
5990 12969 4
6226 7989 2
3744 6678 3
3878 9470 8
747 7437 2
6299 12688 7
2712 9995 3
1607 10106 5
12777 12817 6
7496 12835 10
10229 11522 9
2898 6462 6
3503 12136 9
9987 11582 6
505 8718 9
536 9980 6
2636 7330 8
2274 9007 8
3256 3623 2
4675 5138 4
4001 12917 7
630 3959 9
1543 3161 10
3027 8485 3
2451 3956 6
7086 8083 9
3919 11873 2
6625 8211 7
4051 8777 10
1875 9275 1
5898 7746 5
3306 4598 8
8385 9910 8
4558 5191 3
2056 4563 10
6037 7066 9
2852 9483 1
330 9797 7
3695 12121 1
599 10440 6
970 4392 5
1603 6554 6
1853 3197 6
6748 7843 7
3520 6193 10
666 10987 8
7001 10743 8
9322 9556 7
6856 11947 2
2901 9251 6
4787 5379 7
3719 5531 5
10720 11518 7
5180 11615 4
4179 11880 8
5783 6817 5
9264 10485 8
1443 2564 7
2588 3811 3
2964 3385 9
6739 11989 2
4534 11673 5
489 2020 9
3025 3965 4
1644 9888 1
1716 5951 1
1180 7804 6
2435 11196 10
7832 9949 5
7091 10545 7
339 1057 3
1728 2932 1
177 6506 1
498 4448 1
2953 5648 8
4362 10677 1
3515 12089 9
2042 5308 3
9818 9923 6
3492 6791 1
828 2537 5
5280 8871 3
3183 4028 3
749 6109 8
2579 4387 3
3863 9403 7
1182 3760 2
5733 9536 3
6553 9044 10
175 6801 4
3774 11635 3
3861 6129 8
5836 8332 7
7855 10438 10
7448 10267 6
2794 4219 3
6027 9116 2
320 5870 5
9834 12713 7
199 3676 6
9923 12071 2
7430 11572 10
3600 7001 5
6724 10066 1
6313 8124 3
8896 9490 6
2219 9327 2
1354 8468 9
9320 11603 10
3002 6499 3
1989 3378 7
2454 5090 5
8589 11111 9
9750 12917 4
716 4867 1
3009 11237 10
4336 7196 5
3052 5527 4
8001 9889 10
4840 12408 9
3825 9957 4
2177 3450 4
2230 9807 7
2950 11289 3
4059 7496 3
3602 11661 2
935 2398 8
3810 6724 10
1787 6500 7
1084 3260 7
3273 3747 5
6706 11401 10
5462 5673 4
616 12200 10
2745 9446 10
2684 9218 6
1594 8976 2
3250 6874 3
5557 12312 9
10202 12347 2
4560 12015 7
2789 3955 4
5721 10965 9
2116 10085 5
3675 12710 1
3076 8587 5
26 7040 8
10239 10966 3
149 1518 5
1974 3133 1
4862 5488 7
808 945 7
2357 7468 9
5410 9135 6
3813 6831 6
2919 8841 5
1433 4857 6
550 5761 3
4013 9566 3
2261 2804 7
1031 4086 8
3530 6263 6
258 12233 5
2725 12985 7
6838 7356 10
5423 12816 2
6676 12857 3
5048 12373 9
1662 4121 2
6307 9143 9
942 5596 2
10804 10903 3
3995 11457 7
4263 4561 7
1182 8650 8
4869 5334 10
6549 9439 4
7313 7889 9
88 6499 9
2570 6679 4
11036 11748 10
5776 6485 8
10822 11627 4
2165 6019 2
10878 11967 3
7969 9985 4
2845 2888 6
2073 4633 10
4831 10933 3
2179 2785 6
1599 4287 7
2787 12284 3
5150 6001 7
5219 6551 4
5918 10739 6
486 12303 4
7718 8904 4
4444 5555 10
3459 3985 10
1084 6172 8
3195 10346 5
63 12156 4
6331 7800 5
3459 3584 1
1437 5777 1
2982 4606 5
7002 12926 10
1664 3559 9
2352 2483 10
10184 12731 1
2503 8410 7
1455 2153 10
4211 10226 1
9324 12764 9
10155 11235 2
4567 10559 4
501 1917 8
6479 6863 5
870 3850 7
6058 7584 9
3666 4463 3
2386 4467 1
1218 6003 1
188 9706 5
3322 10510 3
1091 4374 3
2095 8567 9
3358 7579 10
5135 8793 8
3405 12755 2
7026 7552 4
321 10113 2
86 10448 10
2057 3029 2
3305 8293 4
3492 4989 9
196 10616 5
3597 10785 2
6180 9215 7
1942 4247 2
3542 8010 3
4887 7348 9
6335 7392 8
3589 4110 2
5585 8976 6
10506 10698 8
1192 12091 5
333 6083 2
4979 6671 9
2905 10163 10
2159 4934 8
2752 3339 1
2663 5242 6
3804 10839 3
6114 6655 1
6495 10711 4
8362 8532 1
2563 7292 1
4940 11780 1
1981 7179 5
4799 12587 9
7900 12454 10
3831 4442 10
3151 6619 4
484 3331 1
2430 11685 3
2721 12313 1
5349 10091 6
6023 9164 1
1487 8701 3
1620 2486 2
828 11313 4
2801 12722 8
3524 10408 9
507 8112 10
567 3091 9
4733 8728 3
4832 5191 9
6407 11281 5
3832 4713 6
4238 8699 4
1846 2448 8
6836 12721 10
3261 4799 1
3279 4182 2
1673 5197 6
4099 12454 3
4134 4892 8
5262 9107 1
1553 2018 4
3966 8299 8
2405 2549 10
3763 3961 2
460 857 10
8371 11870 6
678 4586 2
719 1411 2
9064 11037 9
10016 10665 10
2577 4870 6
5511 6536 2
10575 12521 2
1524 4786 8
3720 3886 7
2632 8723 3
632 1241 7
218 804 6
7169 9635 4
63 10369 5
11240 11292 8
2423 4278 8
4143 9577 9
1312 8595 4
2952 12099 6
9922 11733 9
4725 10782 8
3707 7129 4
4009 10326 5
7958 11318 6
9935 11455 5
2653 6627 9
5643 7244 2
2269 3531 6
5270 7732 2
5439 9829 3
907 2678 3
5261 11308 6
6029 7534 5
6597 10386 7
1566 10906 8
2274 2648 9
2984 6373 6
1714 7676 8
6278 10179 5
1941 6922 8
9782 11588 2
1497 8990 10
6745 9525 5
4546 5804 7
1038 4374 4
199 6796 6
186 3937 1
8633 9771 2
4798 7302 6
5302 10944 1
7434 7968 10
9361 9483 2
76 8200 5
97 3894 8
3646 7829 2
8729 12293 1
4482 5274 5
41 6837 9
1930 5248 9
4509 8537 2
6848 12548 10
360 7212 2
106 7924 9
3676 4813 5
773 10567 7
2140 9032 7
3563 4437 2
519 8535 2
2215 7924 9
2532 8677 5
2806 10920 10
6621 12214 6
2558 4769 3
701 6116 3
6995 12600 10
4343 10445 3
5098 5372 1
1950 6014 8
10981 12165 5
6088 6162 7
2695 8871 10
5445 9653 1
5301 10446 7
1506 8217 4
2522 8475 3
2904 6045 2
3396 9137 9
4245 10765 8
1499 4033 4
1873 8136 6
4007 4613 2
1017 1242 3
395 2097 5
1175 5773 8
1765 8094 9
7330 12815 6
2509 9175 1
5221 10038 5
6567 10378 4
9703 11510 5
4726 11755 6
5497 5758 7
737 12959 3
4097 4739 6
5711 10455 9
532 10005 9
3192 5765 10
6612 6663 7
1241 10916 2
3127 4791 4
3537 10593 8
1318 3451 5
5526 12425 8
1609 11063 3
4076 10749 8
5792 12477 7
2089 4627 6
4095 6864 7
5481 8370 8
3971 9641 4
1444 4403 3
509 3469 10
231 7188 5
1551 6126 5
4083 6275 2
8430 10804 7
7400 11217 6
74 3752 8
280 6121 1
1806 8758 5
4786 8731 2
11276 11937 4
3455 4105 4
8234 11342 9
10592 12135 10
2823 8403 5
3961 7263 1
2356 6243 7
6504 8535 1
3574 5704 4
8726 12641 10
5423 12303 8
60 3342 7
899 5805 2
881 7619 1
6563 10836 9
839 5634 1
6301 10068 4
3805 5399 9
389 4942 9
6127 6447 8
787 8014 4
12564 12983 8
4022 5595 1
10056 12674 1
2053 8866 7
498 2683 2
4749 9284 7
7513 11135 4
1645 6247 3
1521 9195 8
704 6997 7
246 10407 3
9450 12798 6
1191 10238 6
100 9344 10
505 2242 6
4259 7177 6
894 4893 2
4987 5495 9
5596 11724 6
1538 11950 2
3170 4780 10
1456 9494 6
5437 12655 1
10200 11207 8
4753 6735 8
6379 9165 5
6090 11474 5
3689 3830 5
10429 12447 10
2097 6739 3
971 5676 9
8189 10815 6
5131 12998 10
1434 10082 4
2520 5913 3
5441 6765 6
2688 3014 7
4144 5326 10
3333 12067 3
7489 9196 7
1215 4894 7
972 11773 1
790 9905 10
8022 10631 6
1770 1937 5
3977 5987 10
3216 12108 5
2626 11417 1
2955 8140 5
4311 11114 3
4304 5848 5
373 10132 6
5160 6312 7
2164 2353 5
3762 4901 8
449 5927 4
8412 10886 1
4056 10233 7
4475 6831 6
124 1771 1
2657 9515 6
4410 11126 1
2660 6760 8
9570 12912 10
8672 11672 2
82 3714 2
4991 12518 1
1142 3229 10
8132 11649 8
1516 5151 5
804 1317 9
6093 7298 10
10624 12851 9
1571 7490 10
3863 12925 7
2636 3273 3
159 8729 4
1220 4403 5
11665 12856 8
1599 8934 3
2752 8662 8
1833 10061 5
2194 11956 8
1843 7388 1
10231 12919 4
7442 9601 3
3268 8950 6
3953 12294 3
3184 7154 3
5944 6245 4
10 4768 10
7222 8060 7
1537 2411 9
6247 10311 3
291 1988 4
1639 8773 1
5853 8509 5
10278 12596 1
2000 11281 7
2354 5413 8
2634 4661 1
4953 11319 1
588 5575 8
1792 5314 6
6424 7240 5
4082 5233 3
3139 3202 10
1143 8497 1
826 3364 10
12381 12970 9
3396 12112 8
737 4035 9
1908 5211 4
1113 10305 8
3882 9457 7
1876 4144 9
8240 11448 6
653 4788 5
9617 10742 8
2024 5784 2
4185 8247 1
3842 5639 1
2544 6550 2
996 3611 3
5093 11686 9
679 10274 8
4639 8534 3
2680 9669 10
2852 3985 10
3903 5183 9
1318 4855 2
2943 4803 9
3700 8608 10
2294 4166 6
11776 12206 5
461 12072 7
796 3214 9
4182 4444 6
2902 8265 8
1151 1157 10
3611 6400 1
6553 7903 3
4188 9600 7
74 6693 4
3580 12725 5
3418 11864 3
1056 10183 5
2259 7341 3
5827 8915 9
2889 4494 9
4052 9503 7
3487 11730 3
4370 8521 6
4888 11583 2
2711 7989 6
3532 7947 2
467 1191 8
5805 9330 2
2928 10233 9
3018 3270 4
143 8468 8
8243 9659 1
9300 10570 1
4669 5205 1
1085 10217 2
3761 9406 2
1825 4704 3
118 11402 1
3270 9765 6
144 12035 3
3699 8722 3
283 2848 9
6350 12890 4
2746 3571 7
3265 3934 3
1273 11630 6
5381 11176 8
1871 6432 8
1109 6437 4
2555 6287 10
5471 8216 2
4329 6971 7
4552 7530 9
5440 8339 8
4202 5242 3
1569 5118 7
4757 12392 3
1209 10136 7
12137 12928 5
1441 6767 7
5818 7280 8
3560 3975 4
5660 9814 2
3044 5673 7
3073 5629 6
1421 10909 4
1752 3492 8
545 9544 1
1568 2829 8
8340 10791 6
4628 6813 10
7454 7463 10
4697 6053 2
4913 4947 5
5030 10384 10
2943 8128 9
924 3764 4
1270 12510 7
3983 5429 9
1427 1559 3
640 7276 10
1921 3609 10
2302 4015 3
4867 10285 10
8208 10104 7
1602 3642 10
1756 9016 5
5029 10154 7
464 3561 9
3560 8773 4
3429 11771 4
1907 9129 6
1973 3970 2
5069 7007 6
3964 4208 7
7368 8616 9
3285 8744 2
1417 5551 9
2116 3937 8
2924 2991 2
1725 2790 9
6812 9156 2
10205 10216 2
247 761 4
1038 8171 9
1814 12114 7
2282 11577 2
6294 9852 6
2086 6609 2
2332 8432 10
6043 7544 8
527 2676 10
6625 7556 6
1133 12156 3
1439 6007 5
5005 8422 6
4360 5600 9
3463 11672 8
7039 10769 9
10316 11765 8
5342 8978 3
3025 5388 1
10038 10874 1
4564 11520 7
2274 2952 6
2635 6402 2
1320 3079 10
1529 3624 7
6054 6798 3
1770 9249 5
4840 5763 2
6584 12812 5
4366 9475 8
1728 7347 1
6097 6719 2
628 9825 5
2604 9052 9
2350 3792 1
2256 4759 5
5555 11879 8
800 9730 2
2136 10305 8
4097 9429 9
9801 12014 5
187 2249 8
2813 10609 2
2019 6449 2
3565 5506 3
199 10569 1
2768 8953 1
1976 7164 2
3624 12333 2
8881 10105 5
1187 12043 10
2056 9478 8
3300 7971 8
3969 8304 7
9047 11179 3
1724 11847 9
3394 6574 8
5934 7731 7
2702 11855 1
6575 6605 5
1116 5393 4
5291 9917 7
4885 6764 9
5895 6593 5
1077 5862 5
1242 1735 2
3906 6084 1
4044 8305 10
1963 5923 6
6495 9882 9
167 1139 4
4461 5853 1
7245 7366 3
1708 7711 4
8486 10356 2
1888 11445 5
1901 6955 2
486 6868 9
1822 12294 1
2729 4340 5
1339 6574 4
2878 8273 3
4973 9372 7
354 6538 4
317 12425 4
4952 6101 3
1126 12629 8
2278 8013 3
1486 6677 6
6032 6573 6
4725 10145 10
2248 4849 3
50 10707 10
559 4689 2
5633 10853 10
5026 9692 2
1790 1964 3
4609 12165 10
4405 11164 3
8251 10486 8
592 8083 1
2841 10613 1
6139 10789 8
2024 2039 2
2406 11637 9
2789 11107 8
372 9768 10
2767 8179 1
3657 5665 7
3136 10533 1
7256 8088 2
2663 3188 8
5880 6472 4
7564 9946 9
7212 10180 4
1565 8590 5
724 1284 6
5702 6633 7
2761 7424 5
7752 11355 5
107 6129 7
2339 12500 6
1961 6124 10
6888 8426 1
5439 8501 6
1814 12346 3
6637 9662 3
7111 11857 9
2077 7031 7
1255 6045 1
1866 4252 7
1879 4367 5
1320 10725 10
4732 4812 1
4116 4206 7
6313 11990 8
4659 9526 1
3342 11863 8
2338 10713 8
2843 10248 10
2942 12517 8
5867 12061 8
9037 11766 10
1081 3383 10
525 6370 8
1820 11204 7
1349 7866 9
1031 3786 1
3174 4327 6
5051 9633 3
3127 7093 1
847 9678 4
916 6295 9
1486 6691 5
1301 8174 5
969 12542 9
899 12184 2
3441 5577 7
4641 11536 9
4622 12340 6
2623 6950 8
7448 8542 1
3845 5641 3
12286 12908 2
24 12434 5
4558 9744 1
3076 5036 1
23 9490 4
6414 7061 1
2519 12033 5
850 12305 8
1941 2635 7
2106 7986 2
523 10233 4
2157 7114 1
3739 9095 10
635 4061 5
2910 11153 6
3051 5224 4
4202 6054 2
6583 9671 2
1255 4288 5
4348 9590 1
223 12083 9
1105 9533 10
1694 4996 7
2129 6629 4
8970 11582 5
182 8323 2
4584 5109 2
9701 11955 9
3561 6737 2
3053 10132 3
1045 6566 1
1674 7061 5
2540 3778 10
2716 11727 8
5439 6211 5
11066 11769 7
4579 6081 10
3757 8823 4
4164 9782 6
3637 5834 6
6056 6801 6
5701 11567 4
4987 10822 8
778 4962 9
274 11497 1
4442 4761 4
3381 7873 9
1972 3891 9
7933 10402 3
5190 11797 10
1996 9619 1
5328 8702 1
2110 7979 4
1202 10862 1
1314 5776 3
389 12803 2
3411 11378 2
222 2528 1
4911 6482 9
4926 11880 5
1119 11480 1
8731 9003 9
2622 3341 5
3999 7773 9
785 7521 2
257 10958 3
1054 12323 3
5606 7028 6
5834 7295 1
5462 9461 4
7708 9023 9
2256 3843 6
3096 9317 8
71 12260 10
1500 4043 2
1966 11234 10
10565 10612 2
2192 4663 1
307 9798 2
5200 8295 4
487 4845 10
2275 6207 4
4141 5870 7
4338 12827 10
767 6465 6
6143 10415 3
2357 10226 9
6411 12142 9
1875 9650 3
9358 12069 1
2671 7453 9
4361 8323 7
3590 5316 8
2961 8348 4
582 10135 4
7996 11647 7
441 9893 3
4391 8431 2
3119 10263 8
11104 11229 6
964 5292 4
9966 11024 5
675 912 1
8919 11661 6
1210 12396 7
801 4816 6
5070 8519 1
1710 2223 6
183 4581 9
5041 7274 4
1631 8520 10
4520 11537 1
2 4248 8
1895 9622 6
1556 2553 1
8584 12433 1
456 11898 3
6040 12914 3
3877 5679 6
6357 12027 10
2003 2247 2
2358 12009 4
1 3769 10
3254 9702 2
2805 5942 10
2606 7615 2
11132 11214 7
267 273 4
2557 5669 8
1562 11278 7
6054 12770 8
3306 8060 10
4945 11920 4
1024 5934 6
1978 4247 6
7605 10232 6
3277 9005 8
1895 8328 6
91 1450 9
1588 5702 3
1516 1755 3
8034 10584 9
4523 8813 3
1843 8969 10
4019 9789 7
1215 3179 6
5403 7289 4
2710 2834 8
4655 6528 8
7877 8966 1
368 9753 3
5820 7625 4
1841 8024 5
2379 4088 6
2475 8301 10
6905 6986 9
5995 12535 4
3650 4964 9
796 2327 8
8534 11801 7
945 2117 6
208 6326 8
4073 8663 2
753 10089 2
2618 8346 2
5670 12166 5
5994 12772 10
10195 10736 2
2487 12755 8
23 10285 4
2887 9046 10
8519 10714 6
5981 10938 6
201 6744 10
1813 6519 5
1025 12610 6
4800 12342 10
5311 8637 1
4067 4436 10
2150 5095 2
6663 7805 1
3815 7299 7
4591 4972 2
4823 5282 7
8684 9618 9
4907 6939 2
318 4305 5
1624 4356 2
4959 6496 5
430 8123 6
262 9000 1
5942 7263 1
2313 10793 6
6199 6568 6
4669 7046 8
12619 12632 9
4211 12765 8
422 3201 6
3017 4810 5
7720 12352 4
5404 8835 6
2573 8916 4
3122 5373 1
5069 5098 10
4011 6033 3
5278 9573 2
3893 8326 6
3245 5367 10
3395 6016 4
6670 11100 6
8860 10371 10
4893 12937 5
2351 2565 7
1994 2884 8
4963 11474 3
5360 9283 2
2830 7840 6
4643 10510 5
2117 4313 9
4318 6463 2
10559 12042 8
4300 5936 2
1977 2659 6
68 4704 6
3781 5024 9
2619 3706 10
3591 4108 3
1211 10940 8
6316 10804 3
10306 10775 6
10520 11910 5
1429 9646 8
5333 12874 9
675 2234 10
5572 11629 3
9749 11896 2
367 10641 6
10932 11874 4
3989 12351 4
851 10052 1
1806 6315 4
10482 11192 2
1360 5932 9
4102 10213 6
5220 9425 1
5786 11757 10
3421 4442 7
2665 10282 1
4548 6718 3
7779 9014 9
654 5233 3
4625 12372 8
6157 8149 4
3807 11210 2
579 8018 1
6081 8262 7
1765 9331 9
6749 11607 8
6676 12749 1
4624 10233 1
1781 7403 1
2471 10255 2
6434 7663 10
4586 11619 4
672 1130 5
6583 9961 2
2030 8654 8
108 2952 8
8423 11162 2
2111 6771 6
7866 12814 3
6296 10053 7
673 3661 9
3792 11749 5
2099 7179 3
979 12185 10
4267 4998 3
3051 3228 3
10206 11392 1
706 3648 1
1476 1862 5
1375 6100 10
3013 9700 2
4091 9691 6
6913 10639 8
484 8364 4
2436 5557 3
9678 10846 4
8394 10169 7
4489 12750 6
6576 8387 10
4093 12658 9
114 3944 8
2263 12578 8
5830 8923 3
1738 2291 4
4948 4990 9
274 1017 6
2104 7648 5
3927 4325 2
21 8020 10
4981 6626 10
5855 7169 6
2547 4618 6
183 5580 6
6670 10806 8
1089 2187 4
8384 9371 1
3509 6521 4
3758 11484 2
3198 8238 5
593 12446 3
5943 7910 3
2344 3779 8
1858 3873 8
5243 9885 7
11150 12199 6
4331 7805 7
167 10609 3
2890 5713 3
897 8685 10
6343 6768 3
3556 12702 3
583 6778 5
401 1805 9
7395 8144 8
678 3915 4
3034 6065 3
5758 6343 1
4824 8517 10
1025 9523 8
3502 7861 5
2127 2695 1
6503 7534 5
2681 12041 3
7067 10412 5
5679 12393 2
486 3697 1
1657 6591 1
532 3768 4
6795 11194 10
4954 8938 1
4147 6358 4
6479 10844 5
5667 9529 6
1020 7407 4
4106 6764 6
827 7575 2
5331 8020 7
1109 2245 5
2705 10528 7
5958 9823 8
7957 9684 5
2981 8579 3
2181 4338 1
4270 11393 9
4312 12340 3
577 4040 8
3682 7230 8
3810 8998 4
1624 1717 9
1080 7638 7
1040 8978 5
1209 6083 10
838 8955 4
9651 12643 9
2139 7324 7
3368 11893 7
1835 4578 5
5868 6417 6
339 11381 9
2244 11688 9
5426 5876 10
7227 12447 7
5433 8837 4
2728 12477 10
4423 7122 10
1513 6161 4
994 8633 4
4612 9576 5
5617 7317 10
2976 5452 10
6132 12553 10
1009 5856 10
4766 5487 1
173 3681 10
4038 5785 8
3671 6500 6
4419 7114 1
2417 4987 9
575 3535 8
3875 5584 5
2412 6476 4
2913 6687 6
2003 10134 4
5968 9805 8
3377 5465 3
8620 9563 4
116 8154 7
6220 7936 6
5550 5804 2
11175 11760 6
6830 8728 8
1082 1837 1
1309 11076 10
86 1249 6
5414 7347 1
4718 5039 5
6472 9944 4
3838 7467 6
1499 8260 4
1546 4597 3
1100 5328 6
5243 6646 5
645 12447 2
1124 3684 3
1378 2429 7
3638 10466 5
1514 4307 7
6231 12915 5
2699 6076 2
1930 11595 3
632 12450 6
7176 11557 9
2050 10341 3
257 3271 1
4710 6115 5
474 2908 3
2943 8330 9
2724 3854 5
321 10185 5
5939 8786 5
5665 6981 8
2610 5505 3
4499 5460 3
2314 2596 3
4106 5268 1
6603 8006 8
565 3014 1
927 3573 2
1396 1959 4
2240 9119 9
3288 5686 2
311 9523 3
6864 8248 6
9405 9777 10
3060 12387 5
374 12866 5
7695 12259 6
887 4900 8
52 1443 4
2494 7896 4
2323 11327 2
4787 10577 8
7691 9979 4
9848 10837 5
3344 11875 10
3482 8485 4
2487 3474 6
504 1639 7
4943 12630 2
997 7113 10
4054 5505 7
3691 5911 9
3269 5566 8
3432 9835 1
641 3982 6
2413 5821 2
8706 10810 10
1513 6247 2
5541 7190 2
966 1899 1
572 1518 7
114 8218 6
1956 2744 2
20 4954 7
2089 4665 7
6655 6934 9
5191 8653 9
2715 12152 7
4279 9013 2
6994 9385 1
4719 6144 1
375 11078 9
7253 10738 3
764 6764 9
1333 9106 10
3615 4667 3
8597 8629 1
2755 12764 2
7073 11994 9
2914 8846 6
2095 5393 8
5589 8351 9
2510 4417 2
74 4789 6
5559 9016 7
772 8354 8
3696 8490 3
2075 10448 4
1765 12624 6
843 8434 8
3258 10161 10
1552 5036 8
1990 5542 5
177 12608 7
6540 9472 5
10485 12165 1
1047 3187 2
3251 3898 6
11067 12649 5
4306 8303 8
6952 7423 8
3360 4750 5
1518 3062 4
1359 7835 1
5752 11527 3
3876 10581 10
6512 12088 6
1007 12400 8
6233 9451 1
9709 12224 7
32 1196 4
4336 12907 8
4392 11480 4
5092 6126 5
215 12531 1
7980 10989 7
11272 12508 2
62 7591 7
2346 10978 8
2724 9435 3
2348 11563 8
7846 11401 9
6010 8008 3
5668 5954 8
647 12437 1
5410 6627 8
521 9724 3
6861 9000 4
4114 6645 1
4280 9847 4
2567 6727 1
3339 11118 10
8428 10509 3
10739 12698 8
9349 9752 5
4069 12310 9
453 4492 5
62 3986 2
3149 8244 9
1725 6285 10
2176 9875 6
4199 12596 3
3934 11705 4
1177 2332 3
3772 8907 5
7038 8285 3
1933 2716 8
8758 8990 9
7216 7560 4
5707 12700 9
9991 12283 1
5158 8210 1
11308 12720 7
4331 9115 1
6751 10185 8
9124 10402 7
2741 6817 4
2814 12051 8
4511 4631 7
4094 4660 3
2690 3424 9
2352 10730 6
2852 4528 2
3112 5971 9
166 1269 2
1078 10337 1
10030 10421 6
7459 12230 2
1783 3357 5
7516 11743 7
1551 4144 5
696 3331 10
614 6192 9
1617 6063 1
9956 11799 7
3695 10465 3
3924 4975 9
5884 7881 6
355 6479 2
878 11835 8
10787 12361 1
2061 11040 2
5955 9657 4
6474 7971 8
5194 10672 6
953 2225 10
267 6952 5
3484 8521 3
2993 3036 10
3198 11446 9
10203 11510 6
1225 3854 1
695 1180 1
3842 8028 4
11484 12929 6
5932 11371 2
1674 10067 8
9176 11380 2
6168 9358 5
6075 12102 9
1841 5360 9
496 780 1
3893 7992 1
2065 9634 1
5355 11722 2
1780 9377 5
1106 5798 4
2688 4715 10
3259 12362 10
3024 5184 1
1405 5505 9
9613 10836 1
10617 11975 6
1224 11821 4
1154 8561 5
4507 10700 6
484 9486 7
7763 8281 9
3240 5942 1
7128 8777 5
9868 11579 10
789 6184 3
1592 11476 10
214 1518 10
2537 5033 4
2222 11581 10
2986 5878 2
1923 4851 7
3500 4251 8
912 3988 7
2284 8666 6
4911 5368 8
6882 11838 3
7442 10369 7
6207 10539 3
10058 12424 5
1799 4143 5
778 1078 3
3143 8607 4
2269 4089 2
1913 6132 5
3762 12850 5
3072 9445 1
2904 9850 5
4475 7889 5
3422 6124 9
7001 9599 7
1080 12693 10
2165 10743 7
2042 2361 2
6288 9953 9
2603 2849 10
1499 7290 2
1398 8049 4
7325 7330 5
1094 7964 2
113 3494 5
5679 6811 2
4356 9650 10
1995 2909 8
1225 1247 9
12791 12993 7
6953 9874 3
5521 8585 1
1977 3191 5
11053 11818 1
193 7133 8
1812 11322 7
4678 7759 9
5834 10106 10
595 5393 2
93 661 6
4443 6880 8
3424 11578 7
1966 4128 10
97 12175 4
2745 5623 7
6592 9305 8
3895 12418 6
4290 10653 9
229 1899 3
8085 12523 5
5633 10744 5
3135 4183 4
928 1751 1
14 10706 9
1886 4839 7
654 2818 1
1773 6645 7
1715 9352 3
1058 3461 6
5234 5633 3
2320 6154 2
1644 8355 8
4128 12324 9
2816 11024 9
1895 12844 8
5171 6517 10
567 4745 4
2021 11379 10
1824 7255 9
8421 11065 4
727 6228 3
362 12636 3
5271 12128 2
1056 6569 2
6034 11690 4
4330 4988 6
7064 10627 4
184 3276 2
10124 12346 9
2658 6701 2
5996 6338 6
4640 11665 8
5469 6444 7
3612 3866 9
3603 6626 3
5986 8686 9
4383 6012 4
705 6365 2
2004 9847 9
3080 5046 2
6931 9648 4
1418 3104 9
670 1765 4
3494 7908 1
1250 6744 4
6470 7950 3
10243 12637 2
90 8165 8
6206 7219 10
7756 11342 4
1763 9809 9
3857 11320 2
4449 8571 5
1355 4752 10
1911 12649 1
9420 11302 9
737 12546 7
3756 8531 10
808 6103 6
2846 7973 2
929 10633 3
4220 9886 5
4835 12578 1
525 3612 4
1013 5492 7
739 10849 2
2995 7508 1
4727 11289 2
3181 5404 9
549 8009 3
3252 5221 6
5034 7823 9
4244 6527 4
654 11284 5
239 11286 3
2395 12445 4
4722 12772 2
1401 4147 1
3825 11630 10
3685 3942 7
5235 10718 2
2480 10473 8
6424 7918 3
6517 8701 10
678 3975 3
113 1127 5
4459 5429 3
838 11758 8
11645 12808 5
11821 11966 5
2711 2843 5
166 1687 1
7949 11693 4
1113 11769 6
575 1632 5
2290 3444 8
364 4242 1
4628 8126 3
1370 4611 2
2228 8387 10
560 4225 7
4300 5785 2
1509 9065 1
16 10661 4
3574 8830 7
4746 6443 5
1403 7460 8
4089 10600 3
2824 3430 9
10449 12693 8
1499 7011 9
1565 6056 2
4746 7310 5
4075 12532 2
7663 7797 4
1169 12570 10
6542 8585 8
4815 8423 2
3511 10062 5
2118 7193 3
2333 10685 10
821 5445 6
2511 5822 10
382 7284 2
2952 8846 4
1160 7365 10
3611 10895 7
219 1109 6
23 12523 4
254 8359 10
192 4207 7
4304 7398 5
3935 6114 10
27 12617 1
2694 5393 2
5736 10027 3
7004 9965 5
1714 6153 4
483 10805 10
1911 12944 5
3915 11536 7
1720 9783 5
10604 12213 5
2346 5929 5
8559 12903 5
4147 7393 5
4416 7070 10
1390 7845 5
739 847 4
4331 5680 10
1078 2058 6
1983 4405 2
4865 9001 5
1870 11747 2
3501 11179 3
56 4370 8
4813 8947 9
3940 6618 10
4334 10953 7
3043 8796 2
3140 8313 2
1909 8345 3
4298 6610 7
320 8412 6
5800 12275 3
7691 8914 7
3425 5783 6
2810 3240 4
2676 11309 6
373 5493 3
6714 7110 10
3150 12080 8
4514 11315 3
2933 9135 2
6256 6373 8
6163 6765 8
6362 12568 5
3792 8654 8
1537 2698 2
2723 5936 1
7341 11864 2
255 12202 6
4999 11906 8
5625 11089 10
987 9698 8
3596 3985 1
2419 6560 2
1987 7539 8
2001 4285 1
2126 11676 9
6720 9830 6
9782 12703 8
3356 5900 9
78 2600 3
6147 10003 1
8182 12275 1
4465 5355 4
992 8788 4
3476 3602 4
2799 5204 6
2972 4334 5
3314 5682 6
5230 10451 3
2307 9399 2
6762 11170 4
2047 4838 2
5061 8254 2
6460 7677 4
4578 9284 9
4259 8300 7
1535 3334 1
41 2448 4
2270 5228 4
7430 12578 7
5997 8770 3
2363 12966 4
4300 9663 5
1885 12381 5
2794 3004 1
1825 2828 9
5742 11500 3
1341 12727 5
1162 12477 6
349 7354 1
2814 6707 5
879 1613 9
3049 4594 4
3961 5124 6
5204 8147 3
6759 11071 4
5170 6320 3
1901 3712 4
10109 11251 4
2637 12643 10
3225 5097 10
4296 12705 10
292 7884 8
871 3043 9
2611 11960 5
4702 9826 3
1125 2332 7
2547 4084 9
7029 10309 4
118 10386 1
1391 10456 8
2629 10682 9
6608 12421 6
2900 4742 2
4512 5547 8
3712 11290 9
6808 11384 5
1036 12220 5
1911 8379 3
8787 10214 10
450 1008 5
55 4479 8
3919 12698 10
8253 10660 1
5277 6191 2
5623 6266 3
1409 5194 2
9269 11818 7
5589 12670 10
190 11443 4
6533 10371 8
1566 12713 5
2882 9977 4
2320 10971 2
12800 12977 8
1525 9503 6
221 2215 8
3712 9541 5
5880 6370 3
9946 10003 6
4414 12597 4
6218 9484 2
3784 9654 4
3424 7430 2
3746 7197 3
8474 12042 2
3937 8734 1
2506 6146 8
1605 9262 2
4028 5513 10
6807 9160 3
1531 1864 4
765 3793 6
3246 9461 5
3855 5856 10
3781 6359 3
3223 7826 2
4799 12102 4
2454 10019 8
477 11787 6
2240 4843 6
2144 6661 6
1638 6397 4
101 2132 2
4748 5144 1
8343 10474 10
1813 5474 10
5905 9801 4
4531 9445 3
8804 9114 3
5535 8044 5
5509 7204 1
4778 5198 2
3040 7570 7
3045 10440 9
2286 10055 6
5975 8977 1
6073 6271 4
5784 10742 8
82 1749 6
1969 3812 2
2698 6245 3
6262 7347 1
5905 7280 8
717 5728 10
581 2433 6
5668 9409 5
2899 7243 5
3502 11332 1
5958 8418 6
6534 11264 7
1385 1833 6
5105 10343 8
3653 11751 9
5479 10938 2
3494 4030 8
6298 10137 8
5918 9124 3
5267 8558 6
2122 9986 9
374 11528 9
7418 12780 4
3184 11698 3
7149 9654 3
2167 10570 5
11150 12136 5
8973 12872 1
12 2770 3
6729 8789 7
7114 8395 9
622 10833 9
1314 4917 10
350 2730 5
1224 4036 4
4764 5123 3
2090 7898 2
6528 8045 3
2310 11160 7
748 1342 7
2663 6510 8
44 3179 10
465 4704 8
4112 6109 6
8694 8950 6
2163 3793 4
8984 11244 1
1362 4920 9
2849 9832 5
3167 6365 10
5981 6746 1
6661 10187 8
3289 9713 4
4023 12158 2
3150 4604 8
5701 6235 5
11477 13000 3
4222 10063 5
2867 3679 9
5671 11271 3
7360 11734 9
1157 5830 6
234 993 7
6713 7915 7
3328 10352 3
371 487 4
4457 8756 7
889 5154 9
6125 12598 8
7330 7790 7
9128 11259 7
1692 4234 6
5054 9438 4
6319 6480 8
2109 2718 1
664 9212 1
5251 9972 10
2676 8785 1
4984 9853 8
7258 7707 5
7040 12338 6
2691 6177 8
2969 8886 5
1799 7117 10
1111 9655 2
151 5047 2
6376 10404 5
3594 4491 10
2521 5075 7
4038 4296 1
3430 9767 5
1954 2046 4
9180 11467 10
8513 12140 7
2130 5273 2
256 4755 6
2773 6382 1
3295 11637 9
6224 12360 9
2261 8623 3
8076 11450 8
7422 10790 5
898 1939 4
4134 6961 3
1578 6222 3
3344 9220 10
2702 2950 1
2649 5500 9
2809 9896 8
5122 6187 1
8055 11496 9
9596 12776 5
1025 7867 8
102 5446 9
3201 6809 3
1109 8280 10
362 11396 9
4164 9894 8
1513 12946 1
3160 4313 2
6391 9547 3
12075 12935 2
6218 8894 1
3820 5526 6
2505 8375 6
10079 11758 3
4030 6742 3
4258 4955 1
529 3016 4
5274 7492 1
4610 5309 8
606 2252 3
4005 7137 7
184 5745 1
9189 11464 2
4531 4613 4
11179 12072 2
5215 11093 1
1626 2690 6
2023 12287 8
3095 3894 5
235 6414 6
5836 6383 10
5735 10239 5
534 8188 5
3732 12504 8
1770 10390 9
2349 10078 8
10194 10447 9
5012 12035 5
4980 12060 2
10830 12053 7
4659 9763 9
2657 4970 7
5774 6612 8
3212 5434 1
435 5710 7
622 11117 1
329 2965 5
6714 7855 4
99 782 5
2807 10041 2
2288 7928 7
1668 10471 9
1929 3297 5
11274 12031 10
2310 10884 10
512 6513 9
3883 10881 9
6035 8901 7
1200 4211 4
406 1170 6
3653 10995 10
6326 12710 5
7051 11629 4
1353 9225 10
7748 10381 9
3214 6030 2
9494 12452 8
211 850 7
1385 8377 10
5677 7264 7
435 3022 1
9799 12333 9
3127 3753 9
1206 8081 9
1814 6597 2
6187 11176 3
2875 6833 6
2470 6809 7
328 5362 4
478 4115 8
1917 2119 4
5126 6187 5
4508 10106 2
4602 8481 8
2991 3052 2
1835 6952 8
2974 10608 7
4441 7510 10
3556 5992 3
1294 10083 3
6048 10242 10
1368 7595 3
2424 3445 7
5449 8380 1
732 8570 3
2100 6693 5
1151 4516 9
3080 11683 8
4639 12984 10
2739 8922 7
4685 11689 1
2131 8803 6
6472 9312 9
608 5997 4
4471 10746 7
5490 8949 3
2846 5958 9
8549 11515 4
2746 8459 8
12658 12975 10
3702 12809 4
2158 12901 3
4413 12451 1
4875 11448 7
9067 10333 7
12549 12986 10
3600 7935 6
4276 12571 7
6998 11159 3
335 6678 9
932 11342 3
1022 4950 2
4218 4919 7
1153 10670 9
709 2036 9
3126 4286 4
3431 6319 5
2955 12680 1
4283 4603 10
765 3550 3
2837 4979 7
253 3141 2
1832 9208 6
4942 6995 1
6283 12427 4
2749 2807 2
5078 12010 8
2438 10885 8
9655 12821 9
505 1613 2
2840 3584 8
3977 12879 9
5046 11184 2
3939 8446 8
116 1340 2
5520 7628 3
618 4305 7
2870 3882 7
3570 8686 8
442 7931 6
7888 12978 10
800 1299 4
3934 6505 3
5812 10440 1
4304 6055 7
255 12588 3
8001 11981 3
5550 8035 4
787 8124 5
979 9405 3
3451 10874 5
5122 12944 5
1073 9067 2
5288 9476 2
112 4725 3
358 8223 2
1363 6461 2
4229 12582 7
7456 12694 3
1943 4116 9
6624 9243 3
5982 9248 9
1785 7970 4
876 1618 5
1061 7321 2
3046 5436 5
2503 4754 8
933 10617 10
3549 10054 4
7479 10774 9
3134 8536 3
1432 12004 6
1146 3196 3
2216 6214 5
394 1911 8
768 12232 7
90 3266 10
3284 5460 7
5797 8166 7
6552 11546 2
1100 3567 3
5369 6751 7
2641 11485 5
11147 11222 9
8079 10356 2
60 781 7
5505 7341 5
1582 2333 8
248 5624 8
136 12319 5
207 7371 9
892 10131 7
5393 11017 9
1076 1129 2
8102 8169 10
2713 4096 3
8205 10827 4
1828 2305 9
2263 12615 3
3466 10077 9
1493 2745 2
4640 8025 8
2072 3776 3
549 1280 1
2361 10917 2
2872 2928 1
938 4880 5
6874 9542 9
192 7937 2
7754 9597 6
449 11232 10
1215 3980 10
1121 4373 9
787 8775 6
1199 5378 4
5544 8752 2
1192 3183 10
266 2539 7
2921 9748 2
1823 3885 8
8450 11746 4
7835 11153 5
1361 11492 8
6 11768 6
1501 7027 3
3013 7642 7
10099 10855 9
4165 7781 6
1376 3858 6
3289 4938 8
970 12778 10
2752 8503 3
619 11146 10
10503 11441 8
2019 8524 3
3239 9825 3
6942 9653 5
9551 11554 6
1243 4823 3
4945 7474 6
1497 12099 6
37 12553 8
3746 4060 3
10274 11254 7
2480 6620 10
848 11152 10
4293 5354 6
1079 7561 7
3261 9823 3
370 3490 10
8557 10651 9
1755 5458 9
4081 4285 8
1131 4339 5
2131 9002 6
2720 6874 5
349 12897 7
6216 12073 4
5211 11884 10
1403 11206 1
5655 5919 7
4988 5696 7
11533 12304 2
4932 10677 4
3883 4996 4
278 574 1
9369 12280 10
3316 9521 5
8657 10622 10
4755 12823 8
1125 12387 2
2735 8148 3
12643 12869 7
766 7424 10
1976 6341 4
7414 7599 2
5581 9294 9
6661 9860 7
8261 11578 4
81 4525 7
465 1525 4
3956 11670 3
9410 11868 7
6023 6083 4
4870 10607 9
5966 7034 2
4654 11838 8
4784 11393 9
3395 4111 5
1002 8849 7
4855 7108 6
1458 11924 4
331 7601 10
3550 5978 4
2266 4526 6
448 1722 5
945 7483 4
7477 8777 2
3592 11080 6
1871 8694 9
10104 12198 6
5275 11670 9
5852 6144 4
2538 3556 9
4598 8252 4
748 5468 6
784 6923 4
9568 11871 6
2718 5165 1
994 8090 1
1643 6999 3
3310 3351 1
7363 8680 6
4605 12607 9
9987 10623 8
2226 12478 2
1937 2682 2
2823 3721 7
1079 1226 1
664 2044 9
1482 2837 4
4874 6084 8
5760 5912 1
4870 5699 6
1868 9238 7
8384 8734 1
1792 6614 10
3247 6211 1
2253 12912 9
8626 10722 5
11291 11969 8
6021 7056 8
7580 8824 1
1984 2895 9
5766 6577 6
1267 9866 6
806 1154 1
10312 11639 2
2677 11652 8
6790 9202 3
6246 8098 7
62 9507 9
5586 7105 10
6388 9900 9
2619 8142 5
4098 6258 9
1476 6865 9
2296 2376 3
112 10357 4
839 5539 4
6386 9098 9
3164 10133 6
4694 11873 9
855 3849 9
685 6132 1
71 5417 6
6220 9597 9
984 10885 3
3341 7496 2
6992 11943 9
5979 6728 9
4428 10995 6
2768 4780 9
63 9540 8
2569 10817 10
1375 1534 1
1351 8275 6
193 4090 7
618 3869 3
681 9170 7
5120 11822 10
11055 12445 10
8638 12278 9
254 2622 3
6424 10509 6
1098 10819 10
4667 4737 9
11 2131 5
3791 5565 4
4013 12340 6
5994 11027 10
3143 9949 3
4927 4980 10
389 3168 8
6285 7439 1
4461 11940 8
2559 8368 10
130 12923 1
7795 8935 2
586 12941 4
5890 10354 7
3081 3620 9
2107 12436 7
5960 6625 3
1109 6160 4
1968 5605 2
7775 11920 10
2942 7922 1
6606 9225 10
4138 6745 6
5773 7283 1
5281 5876 8
6350 12744 10
219 12858 10
2577 8547 9
4212 6141 5
226 2075 6
4980 7644 4
1077 7456 5
1794 3297 5
25 8113 4
10271 11483 9
2047 7477 7
5233 11635 3
3437 11605 6
1732 5417 4
2447 10692 8
1053 4228 1
2036 2570 6
1506 1789 3
3047 10815 5
1663 1717 2
496 4360 10
10769 12944 5
3901 5317 5
4199 5343 8
2638 10102 8
3579 5390 2
7700 7994 2
2719 8298 9
3041 4147 9
927 7407 5
1654 6980 8
1289 1663 1
885 11293 2
465 10251 6
4196 8901 6
1595 3405 10
993 11784 3
4040 10371 5
1186 3892 6
2662 6647 9
696 10279 10
10679 11997 4
10069 10960 8
4640 12442 3
11109 12941 9
5456 9472 2
64 5558 9
3227 6328 10
2267 8015 8
2117 4409 1
3054 12745 1
111 10450 8
7166 8372 6
5095 8206 1
156 4415 5
5385 5839 10
3575 5172 5
633 4669 8
2212 12137 3
441 743 8
3052 9832 5
2724 4936 5
993 10110 9
3514 3593 7
5978 11439 7
1321 10727 9
6111 9763 10
2784 12144 9
1600 1972 7
4622 8382 9
10864 12084 9
3714 12672 4
1937 4138 5
1988 11892 5
1139 4818 10
2306 8219 4
3640 4821 9
849 11468 1
6312 8346 5
1783 5900 3
1996 11605 3
4455 4707 9
3994 6739 4
3485 7748 3
1134 10243 2
8530 9902 10
1721 11794 6
60 1217 8
313 1217 10
3326 12630 10
7535 8004 9
192 4013 5
1196 9521 1
2381 11535 7
3874 10917 2
4954 5188 6
1486 10470 7
140 6595 1
627 7244 4
4231 11045 9
1979 9745 6
7990 12086 10
3225 9368 6
320 5244 4
1703 9240 5
6990 11541 6
5242 10637 5
4620 8163 9
1604 11116 5
4005 8608 7
3663 6378 3
626 7154 3
1411 8864 10
303 4348 2
1756 5314 5
1454 10285 8
4972 5785 1
2325 2548 1
3691 6182 9
3481 4661 1
1067 5788 7
2695 5882 8
1692 3830 2
5511 8825 2
2640 12447 9
281 1519 10
6243 12318 3
758 8770 9
1970 7567 8
3998 8319 9
2733 6380 3
6552 11040 4
2339 8086 9
1000 7026 10
5662 10245 10
2427 11445 4
5536 8075 7
1963 6637 7
5122 12383 4
805 2746 1
2026 11851 4
2981 6627 2
4110 10972 3
201 3243 1
598 11179 8
160 7384 6
4467 6521 9
5180 10658 3
2104 12951 3
397 11100 5
2730 3114 4
2595 8240 4
2629 7855 2
1150 3538 10
3801 5665 8
5063 11954 6
10999 12387 5
5573 6770 7
2488 6774 6
4376 10387 3
5324 7808 8
8498 12628 7
8135 12169 5
5484 6667 4
3158 6309 4
7115 9549 3
2031 8206 9
129 9560 5
2803 8835 5
2004 6850 8
3426 6264 8
488 6293 7
472 3731 10
5178 6788 5
1788 3305 7
529 11164 9
8094 11244 1
10274 10992 2
1873 2310 8
2993 3555 7
10077 12633 6
948 5796 3
8824 11487 8
2059 5105 1
2991 5249 6
4431 9178 10
5450 7464 5
9397 12778 10
1446 8322 6
9105 12735 10
2905 9211 3
3433 8483 3
4230 4466 6
4853 8449 7
10492 11262 5
5948 6691 5
71 8331 9
240 1052 9
1886 7807 8
115 6066 4
393 10646 7
3068 10632 1
1330 1802 6
213 11395 5
1189 9774 7
1527 8927 8
1553 7354 5
4082 12251 4
1806 2377 9
2766 7203 6
8956 9161 5
3915 5616 4
8712 12139 10
4809 7045 9
470 12290 3
2253 9868 4
1882 2522 3
2837 4693 9
1610 12176 3
1061 10094 1
5251 10891 3
4222 10470 10
5288 6365 6
6684 12707 6
4611 6877 7
223 3395 1
2958 3732 9
5469 6533 1
6641 9134 3
406 3986 8
5202 11169 6
3194 3973 6
1374 7291 1
8315 10032 7
147 3131 4
3250 8639 2
4569 8683 3
6629 9781 10
7283 7376 5
1205 2544 2
1974 4393 4
868 10578 6
2549 4691 7
368 3340 10
5753 7684 5
1861 2847 4
2914 4141 2
383 11730 7
1837 12018 6
8108 9568 7
10035 12881 2
4016 6077 10
6664 9822 2
7745 8427 4
9018 10902 4
5717 7212 10
1830 5998 7
2568 5082 1
4270 9743 3
4529 9068 3
6738 10689 9
2233 7705 3
1445 4298 5
5831 9116 10
199 3387 2
1200 10836 6
253 6861 8
2405 3260 7
2588 9034 6
10283 11918 8
5993 11173 1
2498 8851 5
7717 7917 3
9019 10571 5
4580 5564 8
6320 11095 4
1711 5477 8
32 2415 4
10621 10656 8
4762 7044 9
1337 6057 7
8180 10194 9
2586 8923 10
3510 5191 7
328 12670 7
1728 11085 6
4872 9630 8
5022 8581 6
6103 11852 6
4343 11968 5
1051 8114 8
2379 3897 7
1689 5962 6
5551 11228 6
3235 7120 10
1002 8474 3
8555 9383 7
659 5522 2
1087 4214 7
3226 11700 7
4043 12111 2
4505 4562 8
10746 12873 4
1325 8704 3
2586 3206 1
1316 8017 1
7385 10571 10
641 5068 1
1141 9371 5
6591 10731 3
318 12724 1
4835 8443 10
781 10871 4
1644 2878 2
4001 12221 7
2545 12938 1
1156 2717 10
4859 7399 7
357 12074 3
1142 11686 6
5983 7958 6
7088 7458 6
2386 8182 8
4243 10521 4
7740 9068 1
1052 3744 1
5658 6610 2
3650 11845 10
593 9952 9
1798 10129 1
2226 5423 6
952 7200 9
4334 9889 5
2310 9272 3
1078 7276 5
9539 10025 10
64 5346 2
3222 11945 3
4776 11780 1
505 12090 7
4419 6303 8
1438 2709 5
1773 10407 8
8051 9047 6
10268 12985 4
3377 7974 4
1629 4851 6
10713 12646 10
4307 6058 3
11934 12083 9
2746 7599 5
1263 6015 6
1726 7356 2
3922 11247 8
3188 6837 1
1942 3176 7
2735 4051 5
5848 8658 8
5443 11337 5
1207 1425 9
2922 6143 5
2758 7300 1
1773 8567 5
4008 6001 4
5171 9491 6
6959 12398 2
5018 11834 5
253 5967 9
808 5471 10
4162 4301 10
1141 2524 6
2305 12731 2
792 7954 9
594 10017 8
2153 6747 6
4766 9717 5
2969 12613 1
6741 9919 7
360 4866 4
7899 9070 3
6893 10597 7
5557 6543 4
2230 3103 3
4512 6296 5
1217 12523 9
885 5983 10
3665 7509 9
7159 10042 9
812 6422 3
7897 8103 9
1332 10141 4
7639 9357 9
4311 6832 8
2800 12126 4
4737 11504 3
5400 11176 5
6762 10908 2
2969 7903 10
10662 11539 8
977 5003 8
11105 12151 9
1224 12700 6
9474 12672 9
1887 5288 7
2478 7400 3
1094 12341 8
12199 12821 7
3130 11773 7
10882 12668 6
1619 10968 4
3587 4122 4
3305 7832 2
599 11890 5
1498 5888 2
228 12330 3
353 8872 6
59 1436 2
1267 2259 9
943 10392 5
890 5317 7
1758 2498 4
1006 4623 4
2681 5557 10
2165 2719 2
6169 11020 1
1219 1463 2
1118 12400 7
825 8595 1
11948 12651 2
4886 12518 6
425 10510 6
3100 3375 10
715 2009 10
6407 11110 10
4030 6745 8
2615 11260 8
6890 8519 10
5479 11194 3
4296 12969 5
5376 7406 3
975 5854 3
1545 3520 3
10745 11879 6
1678 5032 4
5707 12958 7
10805 12054 2
2523 11795 2
2962 3096 3
2883 4580 10
684 8816 1
3010 4731 10
3983 4455 6
5345 7905 7
4584 9800 1
4130 7974 7
2863 4913 10
1555 9583 1
1508 8076 10
1355 9736 5
4940 8891 1
9307 11558 2
1142 5430 6
1764 6203 2
1241 12890 8
7088 9435 7
4620 8696 5
1265 9904 8
896 12362 8
1675 1709 2
1806 4143 9
1469 12576 5
6208 12986 5
1504 10580 8
2728 12714 9
6659 11848 2
913 6200 6
1859 7687 5
3352 3414 10
2308 4063 9
4388 5168 8
5283 5999 4
4594 11820 6
2937 6526 4
4048 9408 3
6330 8121 4
10420 12175 7
6868 8685 10
8722 12221 7
1845 3842 7
2833 5390 10
1417 1768 6
6842 12901 9
2843 11570 1
6326 6537 5
1294 2989 7
352 5362 10
4847 4944 2
3437 6826 8
1807 5352 7
3128 8890 4
7780 11297 4
1597 12397 9
5315 10757 3
2984 8481 2
4122 7688 6
191 12595 6
3482 6093 3
305 1489 9
1902 5823 6
875 12888 5
7598 8476 2
5064 6781 2
105 8248 7
888 2270 5
240 5477 6
10459 11312 3
244 2532 3
1770 9082 10
747 8622 5
232 3002 5
273 9786 1
4785 12437 6
3103 7368 3
3260 6089 4
3811 5904 1
462 5031 7
2063 3321 8
1943 7074 2
3505 5451 4
7677 9889 6
1173 12476 2
4376 5804 5
1413 12946 1
3753 6116 9
3463 8577 9
1293 8816 5
296 12664 1
2958 10854 5
3221 12430 2
139 11318 4
5792 6225 10
1781 5456 2
6066 12096 4
4774 12304 7
814 8485 6
6271 10827 3
1098 11070 3
5480 6063 1
535 1908 2
643 6746 8
2112 2975 6
2186 8641 7
5066 11404 9
2441 3173 6
5648 7814 2
4613 10180 5
2332 4365 10
2344 6277 4
3080 11464 7
4847 12704 2
197 9713 2
5425 8651 9
4208 9017 8
4892 6524 2
1065 6726 5
10188 11483 10
2095 6624 5
586 7538 5
14 5998 2
1292 8738 4
5318 5922 2
2808 11878 5
895 10639 9
4213 7531 7
543 5974 5
3103 4487 8
135 2441 2
4535 8725 8
6506 10813 9
9150 9577 7
5468 8960 2
2670 12566 1
5164 6848 9
1145 4093 7
629 6267 7
1948 11979 4
2031 3549 4
5073 8562 3
4224 11130 7
639 12729 9
2985 6498 10
1299 7412 10
7716 10887 4
2611 9058 2
6306 7538 7
1547 2803 4
2596 6168 6
2213 5922 7
1269 5288 10
6078 8545 1
6348 10629 5
1442 6384 7
9890 12330 3
7923 12326 1
4965 12417 4
5386 7725 4
400 1067 4
4145 11527 1
6898 11503 5
95 1515 5
1656 1698 3
2907 8244 10
3735 5962 8
727 5803 5
4197 10233 9
6486 12295 7
7631 10979 4
9119 10442 4
3373 9558 10
1952 5971 9
477 8958 10
922 12876 5
5662 6866 9
3820 7089 9
1492 9487 10
5602 11194 7
8139 8473 2
1677 6113 6
2272 6854 5
2186 4076 8
25 11584 4
2738 9541 4
5860 10529 10
1743 5336 10
3411 4902 9
584 9354 4
392 10261 9
468 11565 9
6422 8453 2
1682 4342 4
2207 2238 3
4117 8031 10
4609 11153 3
3463 9907 9
4289 10227 6
8586 10084 6
1943 6528 2
751 1897 9
1535 5876 9
1837 12415 2
181 1509 2
4727 5394 10
5189 12265 5
5164 12075 1
3893 4097 8
1032 3180 2
816 4463 6
572 4971 6
4101 11674 6
7170 12629 10
6973 10049 6
5859 9530 5
6552 10291 10
901 5741 5
3795 11676 4
4885 11959 4
1177 7046 8
6066 8895 8
1026 8021 10
5367 10870 8
966 6623 7
676 6701 4
3417 12259 1
8693 9288 5
6017 10765 4
684 1971 1
1610 11067 6
510 12956 2
11168 11239 4
677 10377 4
1219 7569 2
10529 12239 8
10244 12470 6
3654 7758 9
1052 4094 10
5925 6662 4
4983 11433 7
6082 6856 7
1764 6666 9
8880 10920 3
16 4944 2
6842 9785 5
708 3647 3
1597 9660 7
2206 12933 7
7079 7673 1
4239 6347 1
6224 7450 9
771 12954 6
1446 4799 4
1305 4641 2
10998 11326 10
1616 2682 2
3189 3683 6
600 5758 3
1579 11199 6
1323 11404 3
3605 8856 5
10435 12527 2
5384 12604 7
5794 7394 2
8162 8936 1
2964 7632 7
9840 9908 2
6336 9667 9
5615 8855 8
874 6742 10
1713 8129 8
4492 10144 8
9107 10181 3
7340 11389 6
6645 10840 8
1581 2120 6
8475 9229 6
6419 11138 8
3504 11606 2
3490 7729 10
100 12503 4
3627 8617 1
3606 5155 10
3170 12802 3
5551 11585 1
4183 6847 10
6485 8210 8
735 2866 4
5610 9463 8
6360 11389 9
222 3789 1
560 9260 4
7799 8166 3
2631 12287 9
615 2335 1
2187 12957 3
3932 8196 1
10481 11130 3
6413 6988 9
5170 12993 8
2792 3589 8
3080 12807 4
1012 6328 5
604 3183 5
8572 9451 4
360 3566 2
907 3252 7
3094 8048 10
2988 4659 4
715 1106 8
2544 7976 5
5331 11149 9
4208 8394 3
7251 8306 10
7951 12378 4
3254 3845 1
2847 11616 10
1139 2833 4
2049 9266 10
4549 5693 7
4377 4952 6
960 1366 8
326 700 2
1839 5590 2
1520 2544 8
947 11899 5
2127 2199 3
3249 12427 3
5558 5893 7
4290 4920 8
9002 10502 3
6501 7752 10
178 11008 5
1608 2904 2
5031 12722 6
1966 3253 6
2558 10686 10
7322 11446 10
8780 9634 6
2698 11177 7
4844 11020 10
3921 4641 6
3247 11923 6
3826 5106 6
378 6571 8
290 11339 7
3773 5932 1
2884 6894 4
3771 11242 6
8662 11077 4
374 6190 7
3250 5324 10
5886 9451 5
3213 4726 10
5172 9329 3
142 4157 2
1212 9087 10
1025 4859 2
2138 5827 1
6721 9979 1
3051 4966 7
2880 5112 4
1906 7493 8
1014 6384 3
8984 9124 1
160 3713 6
1570 12910 3
6851 11971 8
9949 11133 9
5528 6068 2
3085 6628 9
7236 9330 8
7152 8955 3
2840 5957 10
5284 10022 8
2855 3175 7
11077 11573 9
1809 4980 5
2248 2307 8
866 1031 8
819 12935 7
8327 9733 8
8304 11702 1
10494 11367 8
972 5381 3
1259 4329 4
1926 7687 9
1374 3944 2
10166 11307 10
2552 7767 3
1368 12684 2
6505 11402 6
2360 4443 9
148 9402 5
3729 11342 8
164 1012 2
3486 5680 7
1063 6517 4
1358 12044 4
1168 4764 8
920 2160 3
5537 11139 4
1458 11097 10
4092 7232 2
928 12992 10
9070 11392 8
5722 5792 9
1958 2345 10
6826 8755 3
5533 11896 4
8707 11099 6
8406 10011 8
4320 12284 3
51 371 10
793 1595 8
4181 10864 7
1778 8966 5
2430 12905 6
1289 4658 8
3731 4785 2
9844 11957 2
3168 11408 4
1529 8503 5
6470 12963 2
1791 8410 10
2888 5883 4
6669 9563 1
5408 12897 8
432 1284 10
8269 9427 9
1342 9554 9
8134 11197 1
6423 10078 1
3972 9899 4
771 4302 2
5889 9213 7
1765 3194 6
1932 11391 10
735 4978 7
5317 7872 1
4098 5089 1
5559 11373 6
524 1037 8
1 10513 9
2554 5649 10
2383 7690 1
2348 7441 4
11271 11873 3
7184 9720 6
5927 9383 6
1071 3582 1
89 4982 7
546 6441 7
2940 5290 6
8505 9491 3
3726 4599 2
1888 3667 4
11037 12035 6
8234 12768 4
919 7125 5
4306 7303 6
5387 9268 2
822 10081 6
5785 6556 7
7345 11986 5
5308 12194 6
8636 9031 7
636 5665 7
4464 5976 8
4335 7574 1
2068 11018 10
1581 8229 3
2411 4297 5
1321 6656 5
5342 7847 9
1107 5095 8
5944 10968 1
68 1953 6
2762 11559 1
4892 11193 9
490 3917 3
6634 11463 3
9104 11044 1
5158 6912 8
3617 11765 10
4676 6549 10
1070 1529 1
4107 11596 1
3159 7770 2
6274 7585 7
1102 11198 8
618 11548 6
372 1344 9
6608 6734 9
8912 9794 3
4181 12549 10
4017 8183 4
1351 11065 3
3590 7252 5
2117 5812 2
4650 4808 6
1656 9086 3
3866 8360 6
1254 7872 1
28 2006 7
3076 5394 10
10639 10987 5
3209 10434 9
2195 7545 4
1929 3874 7
2827 5835 7
10192 12285 6
10178 11301 3
290 12749 9
6501 11290 4
1337 5105 2
184 12412 1
3073 9354 5
92 436 3
3402 4734 1
10572 11999 7
993 9309 5
5736 7648 3
881 5408 7
7622 8397 6
6394 12013 4
2143 6545 2
2081 9560 1
9137 11628 5
2419 4106 2
5518 12153 6
4124 5477 4
1643 3420 5
4158 9709 6
6104 9189 10
704 6072 8
1507 5265 2
77 6767 2
3232 5984 1
4381 10527 10
2322 2396 5
5899 9351 6
9526 10609 3
934 3833 7
4815 6551 9
361 12183 2
3653 4252 6
1883 2142 2
2097 5858 5
1063 10769 5
2604 3045 4
122 9678 10
3943 11506 4
812 5052 10
3142 12934 6
1079 3326 9
3062 9164 5
7032 11528 9
3509 5060 4
3860 4502 5
9571 12759 2
6070 9592 2
3079 5017 10
6316 8065 3
866 11458 2
1225 7637 1
1055 7656 6
4632 4710 10
3743 4948 4
5451 9800 2
2045 12193 3
10046 12596 1
9983 10586 10
232 8983 2
4643 6383 1
538 6873 6
7851 10566 7
1922 10149 2
29 12080 4
5580 11435 3
932 5318 2
2012 3488 4
1974 4322 5
1997 6387 7
1728 5586 2
8239 12623 5
1067 11993 10
3838 8016 8
1987 7099 2
7806 11834 6
679 5777 5
2471 7785 9
10895 12422 6
2589 3014 2
4964 8891 8
3835 9156 7
6008 12826 2
358 10471 5
5927 8654 3
739 6393 10
552 12474 3
2312 3397 2
831 7199 10
4248 11455 1
6391 9938 10
931 2424 7
4444 6702 2
3247 8187 9
6580 7526 6
5924 9948 2
10727 10766 6
692 6819 10
1217 6718 1
9582 11145 8
1742 8186 8
610 4435 10
8200 10045 9
68 10944 8
3136 5742 10
4016 5599 8
6181 11782 7
7842 8602 6
5009 11323 3
6126 6146 1
5988 11719 9
4437 6524 8
1332 7655 1
1676 9625 6
6358 12584 4
2254 3732 9
602 762 2
1944 10220 5
3782 4663 6
306 6648 5
1080 3381 3
2221 12011 7
2970 12779 10
2575 10309 2
2960 10693 5
666 10110 3
1339 12694 10
356 651 1
4891 12327 3
3243 12765 3
4590 6376 3
462 4547 8
6024 8320 5
2551 12541 8
5645 6382 7
1447 6116 9
3547 12108 4
1277 4558 4
4975 6388 5
10152 12662 4
920 8129 7
1745 1860 4
10563 11085 2
7313 12012 8
6426 6521 8
3865 5842 2
1727 11475 2
5792 10279 1
7713 12703 4
436 7193 3
3217 11080 7
5849 5903 6
6454 11783 4
1211 1865 3
5110 12689 7
829 2285 1
5752 5961 8
1322 5400 9
5961 10063 3
6450 8755 8
5993 7481 5
2750 6193 4
10218 12131 4
7581 10392 4
1339 4442 5
4066 5226 2
125 982 1
2088 10501 9
4336 6584 3
4521 5106 7
480 5097 6
3512 5931 3
4030 4955 6
6641 12783 7
6595 7000 5
4339 5389 8
2457 7062 8
723 3348 9
5508 12595 7
1568 2668 5
4317 6870 6
5376 12032 2
11533 12132 3
5925 6324 8
9711 12765 8
9711 12668 5
1634 8683 5
35 8857 3
3503 11105 2
10994 12095 10
2456 2709 5
5749 8820 10
2097 6236 3
1879 4567 5
486 3103 7
1202 2022 10
1818 7224 1
6059 7114 6
2331 9939 3
7017 8055 3
133 9020 3
285 6577 2
2131 2561 10
5891 12282 8
5043 5815 7
2588 10300 2
5293 7584 3
7784 11561 10
7535 11368 6
10555 10609 8
1845 4393 7
4857 11848 6
11444 12008 4
11098 12347 6
5753 6514 10
940 5257 1
3788 9927 9
5430 11312 6
2465 6551 6
5699 8351 1
5313 11791 6
1933 5985 5
9423 12066 9
9125 10990 7
8979 9146 5
4603 8641 7
3069 6529 2
6707 6737 3
885 5918 6
3981 6347 5
852 1552 4
7002 8837 1
6650 9368 7
886 5055 1
835 1368 7
4382 8373 3
5958 10295 2
6620 11834 9
5485 7602 4
3492 10541 10
2319 11699 9
5486 12186 3
6973 9561 7
2715 6436 5
779 5318 7
2285 8157 8
3638 11219 9
8993 9337 1
1700 5045 6
6767 12597 6
3231 6337 5
2228 12032 5
1109 10813 7
113 10200 5
1380 12375 7
1879 5124 10
775 3817 4
7667 9927 2
2092 8156 5
3520 6703 2
1135 4563 9
244 12328 3
1906 4755 9
4664 5263 9
464 8668 5
5704 6087 6
4639 6465 10
9779 11540 10
6306 9488 8
135 8201 3
10847 12376 5
7451 9267 5
2204 2533 5
1205 4374 4
4697 6021 5
4544 9542 2
1483 2250 4
4618 6478 7
4375 5451 6
2948 3742 3
3777 10536 6
7717 11649 5
4698 5891 5
8380 9191 9
1077 8425 6
3717 6114 1
4255 12574 4
6320 8451 9
309 6195 10
897 2309 2
4510 7148 10
9420 10112 4
1450 9396 8
902 1347 6
124 9941 2
7992 9226 3
4287 6077 6
5325 6471 8
6534 7492 1
1498 4868 8
925 5508 5
3489 6023 6
3078 3704 8
2059 4024 7
6552 11029 7
118 5208 4
5347 10972 3
5899 6570 8
579 7412 6
66 3103 8
5888 8405 6
1363 5865 8
3889 4222 1
331 9368 4
562 9861 4
1458 5021 6
1276 3960 2
4477 5160 4
7067 8379 3
2426 2439 4
1509 5998 2
1200 7355 4
5960 12645 5
2621 6396 3
2835 9487 10
2539 7693 1
870 11106 1
6416 11552 1
5834 12866 6
217 9955 9
1604 5795 1
1611 6702 10
2486 11748 10
1083 11099 2
3109 4559 2
4522 6052 3
1355 6041 1
7688 8568 9
3627 7110 1
3238 6861 10
8814 11569 4
1455 4187 9
102 2989 3
3097 7480 2
1917 6801 2
5980 12863 3
4889 11700 7
3063 11255 9
2710 8990 10
3615 3656 9
503 7102 10
4041 5300 7
2711 12491 1
2243 8700 8
8906 10136 2
5602 11332 2
724 3118 6
1164 3988 8
5596 6957 4
6025 12855 5
4534 8384 8
2948 10949 5
2475 5752 10
6211 8742 2
7886 11166 7
7123 10559 10
5058 6223 6
5216 8639 10
3055 6551 6
3020 3077 5
5581 12894 7
2609 10082 2
6401 7972 3
5615 8646 6
553 1691 4
2045 4164 2
4911 5893 1
723 5012 8
759 3346 8
408 2698 9
9655 9999 6
6963 11220 8
6432 12747 3
3721 10677 9
3017 6659 9
4051 11846 6
3228 5259 5
908 2008 6
1150 9234 9
570 3064 4
1052 12778 9
4325 8174 5
4384 10053 7
7669 11499 2
5918 9156 7
2594 4627 1
1510 9115 8
2191 12771 10
2848 3116 4
4259 7707 3
1364 11530 6
2340 8533 7
9100 9971 6
1959 3604 4
3636 4044 8
3085 11981 4
2969 11751 5
803 2471 9
1530 3321 3
5338 11500 4
5735 9659 1
860 4071 3
4342 7771 3
2349 5158 9
1080 4529 5
7320 12367 8
7234 7506 1
322 11618 1
650 8612 4
1056 10754 7
4171 5474 1
7719 11646 5
1199 3902 4
6233 11046 9
707 9699 8
1678 4036 3
4112 11808 6
3317 8417 10
1532 1643 3
3110 7233 2
3632 7855 5
2963 10361 10
4510 12914 6
2273 9401 7
247 5612 8
6663 7356 7
6129 9313 1
6508 9578 5
3304 7679 5
627 9138 9
1785 4576 8
4960 6488 3
3456 4919 8
2147 11716 1
3404 11874 10
502 1944 7
398 7502 7
1055 2871 10
3274 8804 1
5206 5448 4
3248 3308 10
3349 11651 7
6425 8775 4
6194 10064 5
4479 5289 9
3370 8684 1
5334 6585 6
5351 9978 9
3074 8391 1
2178 12233 1
958 7922 5
5344 7026 3
2406 2923 1
689 6335 5
2815 4433 3
834 3975 3
2744 10841 4
3899 11465 2
166 4811 3
4206 11448 7
375 1994 2
6471 7885 1
6611 9180 9
830 7952 2
315 758 9
7085 8963 1
6060 7705 6
1443 10675 10
10437 12194 3
79 4436 6
9933 12008 8
2925 10458 5
3456 8372 5
5051 5268 5
924 12723 6
904 5311 3
3858 10243 7
2321 12246 7
2456 6334 7
1636 5622 10
3853 6667 2
1241 7147 5
1367 3731 6
3027 3857 3
34 4199 3
2777 3690 8
445 10221 2
5113 10239 2
6906 12117 5
2113 6075 4
3066 10796 1
1370 6716 1
6879 7134 3
981 4647 10
948 4602 1
713 5174 5
1465 5687 8
11665 11877 4
1449 2765 10
2757 8791 6
3389 5860 6
119 12344 7
7366 7785 10
2201 8494 8
43 6130 6
4224 4286 4
3187 11819 3
6689 11821 3
6043 12130 2
879 2596 3
6314 7940 2
2911 12368 2
853 3678 10
12575 12603 3
9795 9882 8
3839 4106 10
602 5911 7
2116 4687 5
56 1880 6
693 5977 2
2480 4038 9
10029 11592 10
19 5302 2
832 2096 1
1888 12269 2
7809 8431 10
5375 12388 1
3436 5904 10
2911 4861 10
3595 11949 9
2728 2881 9
412 9266 8
2179 3286 4
1464 10994 5
6014 8080 6
1284 8171 6
7172 9546 4
469 11921 6
611 6863 2
2129 3437 9
935 2152 8
703 7035 7
2164 5634 10
3878 7585 1
613 4367 1
2191 8709 9
9142 9973 1
63 86 1
2544 3574 10
554 936 6
6888 10842 5
4271 5621 10
5601 8686 2
8224 11479 8
2650 3951 5
4136 9955 10
11402 12973 6
8970 12091 8
4221 9219 4
3495 4141 8
5340 6088 9
8087 8312 7
6738 11061 2
5557 6425 4
2043 4126 7
9516 11278 7
5864 6704 9
312 12742 3
8680 11785 3
1734 11024 8
5032 6012 5
2693 5179 6
4877 5712 5
8461 9837 4
1574 9448 10
9912 12731 6
11826 12319 8
2588 6766 5
2228 11935 6
6475 10138 9
2788 7480 1
798 9634 7
2543 12666 10
3849 9288 9
9977 12598 2
801 11353 6
10363 11702 7
2014 9394 2
6871 7637 6
2179 4626 4
4750 12864 2
2740 3899 7
5149 10877 8
4545 6280 6
6875 9794 6
2699 10992 8
6628 11812 5
8817 12095 2
3419 11371 4
3864 4014 9
3879 10566 1
1150 4336 7
2221 7062 5
8120 9091 6
669 10784 3
2683 3027 3
2126 10727 3
189 5917 2
590 3820 4
3920 7261 8
5669 7320 8
3259 12496 8
3678 10833 3
1807 11566 6
5463 8484 8
4640 9413 2
24 6177 5
3410 10891 3
6060 10033 3
430 7112 1
5111 10461 9
3699 7859 3
1223 6277 4
840 6830 4
2509 10455 10
10809 11647 10
4361 5540 9
2259 4844 5
2824 4245 4
612 2322 6
1304 2928 4
1107 7960 8
5700 11628 3
7593 10462 10
1088 10232 8
2503 12089 1
607 3722 4
3943 7188 9
2281 3052 8
6676 7297 2
6125 7141 7
10380 10625 5
2240 7009 2
2975 6704 8
2896 7146 3
318 2648 3
658 12118 2
8843 10438 9
1234 6155 6
3203 4876 6
1218 8038 6
3404 7209 10
2233 4078 2
2080 6779 2
6272 10761 4
5607 10273 9
3568 4411 3
5204 10327 9
3529 5831 10
2487 4015 4
74 1502 2
5336 8713 1
511 807 7
1161 7903 7
2252 6266 3
4753 9711 7
60 10640 10
5441 10573 8
2292 6139 6
954 9681 2
1738 2714 10
7040 9315 5
3315 5451 3
2402 6581 3
3295 10487 5
5272 9047 4
1927 12388 5
8663 8889 7
3755 10959 3
7930 12130 7
9943 12912 6
1941 7237 3
6057 7247 7
2385 10956 9
5622 7486 1
347 10271 1
544 5255 3
3438 8136 8
5385 9527 7
1047 11924 3
7292 11337 5
3938 4697 7
4609 9515 4
2661 8238 4
848 3271 10
54 9248 10
5013 11110 4
2608 12105 10
977 4172 8
3726 11584 5
546 10999 10
849 12123 8
2147 10080 2
6297 6363 4
5680 8550 4
2884 7844 7
4272 5109 5
4001 4837 6
3394 3729 10
282 2485 7
266 694 6
805 7977 7
6754 11674 3
3190 8096 7
6036 6442 8
10305 12295 2
2272 9414 3
2314 6041 5
793 2843 3
7670 11288 8
1960 7977 4
48 4256 4
1483 11223 2
457 7926 10
139 12298 6
287 7981 6
7946 8019 2
2099 5638 7
7000 8451 2
455 6564 2
4816 5301 3
568 1734 3
7520 7733 8
6061 6676 8
3636 4686 3
5993 10990 10
885 9271 8
293 2160 9
3330 5692 10
2677 5780 2
2755 5840 7
2370 7402 4
115 2014 4
6027 8413 9
3378 10423 6
4731 4879 3
4593 9842 2
1571 2288 8
1633 9160 8
5694 7041 6
239 12098 1
5592 12035 5
4937 10862 10
1042 10158 6
6281 10802 10
9746 11261 7
4847 5967 9
