25000 0 0 1
2066 9465 9
2066 19602 10
19004 19602 10
2276 9465 2
9465 22723 8
19602 23832 2
8987 22723 1
2066 11460 3
9465 22196 2
2276 18328 9
1129 9465 10
5445 22196 4
1129 14909 7
6048 8987 2
2066 5772 8
8987 15126 7
1129 10664 5
1129 10183 9
3594 14909 9
15393 22196 9
8892 19602 1
1285 10664 6
2276 11245 6
8987 23285 6
2276 5342 8
7865 19004 1
9330 10183 3
10183 21498 3
19004 19106 9
19106 20398 5
8173 19106 1
8173 22701 5
1129 24609 4
909 11460 8
11245 20668 7
10581 15126 3
5772 9123 7
5342 6436 3
13838 22196 2
909 5386 6
9425 10581 7
5386 12675 2
1809 11460 8
15126 20274 3
12675 21990 8
8892 15982 2
1129 20903 8
6590 8987 7
20903 22028 9
7744 20903 4
9465 21318 10
1344 20274 10
12174 21318 2
15126 16264 6
5772 21952 4
12358 22028 8
6569 8987 10
4535 21990 1
13171 21952 2
8313 9425 8
11606 21498 1
1706 13838 4
952 2276 4
6374 13838 3
10664 19654 6
7634 7744 9
1285 23782 5
3483 23782 7
3594 9110 9
8897 15982 5
17532 20903 2
11606 18614 1
19004 23191 10
2276 3305 9
5445 16831 7
14377 19004 9
10686 20668 4
10686 11565 6
12563 16264 4
8987 18673 10
14619 16264 10
12803 13838 7
17532 18780 1
8987 18134 4
6436 12755 1
9123 10309 4
6374 21706 5
3576 21498 6
6359 10183 4
14909 21616 4
13293 21706 8
18134 18870 9
10813 20274 10
7567 13171 4
1794 18328 10
18673 22134 2
3576 16114 8
691 8313 9
22196 24028 6
12846 16264 4
5107 8313 8
3576 12574 2
12803 17867 7
1794 15342 2
3576 13900 10
8927 10686 4
896 8892 4
691 10291 2
270 15982 2
9576 12574 2
8313 15546 4
3576 6033 3
728 8173 10
10183 18363 4
14110 18614 1
220 6048 9
10799 16831 7
78 21706 2
3358 6436 7
17867 23909 6
2628 8173 2
4694 6374 3
5903 10813 1
13838 23392 2
2276 6920 4
9858 22134 3
909 4527 6
2628 7046 6
12846 17939 1
13089 24028 3
3066 10581 9
6920 16669 9
3483 7385 2
2191 5107 10
9330 11097 4
820 7744 2
5107 12284 1
6381 6569 6
4492 23285 6
4535 13779 2
431 7567 7
599 12675 7
7010 7046 8
8822 9425 9
7744 16434 6
12755 22273 9
6359 15633 8
11358 13089 9
691 21637 8
5 3066 6
23584 23782 10
4274 12675 6
3055 11245 8
12846 24723 1
2276 12650 10
18720 21706 4
4555 5107 3
7634 20856 6
1285 18501 6
691 22871 6
8313 20582 3
12284 22108 1
1706 16596 6
10813 13184 1
16596 17799 6
5772 8084 3
599 8616 10
9576 24890 4
8788 16434 3
7046 21965 10
6048 19697 9
12870 13089 6
8710 9465 9
5508 7385 10
10716 11460 2
595 21616 4
12547 17939 4
8710 14532 2
882 5508 8
16264 19774 3
820 19299 4
595 20635 7
431 24228 3
14909 23686 1
11101 16669 9
5386 13127 2
6359 12782 5
6436 19014 2
12174 13548 8
9632 11245 8
14940 21706 4
16831 17022 7
5338 14619 6
18780 19894 7
9538 12547 7
14619 14788 6
8710 11295 7
9425 16771 2
10813 16206 9
3537 5342 10
270 13164 9
723 820 5
6503 11295 1
3170 9465 5
3243 20582 4
10845 19014 5
2072 10183 2
9483 12870 3
3088 6374 4
6359 8040 7
5082 13548 4
16264 18707 2
312 9858 2
15546 19343 10
8313 10819 5
19654 24995 5
17776 19004 7
12840 23832 10
9483 13512 8
13838 19193 2
7466 7865 8
1417 8710 1
691 11645 9
12174 14007 7
20903 24196 9
1285 14458 8
5119 22108 8
5467 12174 7
5900 21616 1
3704 5903 6
10147 15982 1
5107 6821 8
10664 22948 10
4527 8216 1
3057 23285 9
11716 16771 10
8216 11625 8
9894 20274 8
15250 19697 10
9632 13191 8
13191 15185 3
6735 7634 6
7612 17022 1
17573 24723 6
820 8012 3
6920 14800 8
17475 24028 4
5651 8892 7
7049 19697 5
2993 21706 10
9714 21706 5
18780 20190 10
648 6359 3
9576 16603 2
15493 21706 4
1637 18501 10
5772 10048 5
12213 19299 5
403 17475 1
2813 16114 6
14962 17573 5
1711 3170 8
10686 15164 9
2176 9465 7
8173 15337 8
16318 20668 10
7385 24710 2
8445 14458 5
3572 11625 4
5772 11369 10
6311 19106 9
6033 16703 7
5484 16206 10
10447 23285 10
3305 12376 9
2339 17532 3
10048 13697 3
5303 17573 2
3548 12782 8
6359 20996 3
10290 15250 1
10320 15164 5
2276 15276 8
19934 24995 6
3295 12174 4
691 8590 1
4953 19004 3
22196 22205 9
431 6434 2
3358 20499 8
7300 14800 6
11032 16318 5
4425 6048 1
15633 20498 6
10686 16849 4
11625 17101 4
16206 16766 5
5274 13191 4
11106 24723 4
7453 14940 2
220 14746 3
1031 7300 6
7270 18363 1
691 4539 2
648 4193 4
22134 23030 5
5386 15809 6
8022 10147 8
6572 13293 2
1032 2628 9
2845 13697 2
19521 21637 5
3966 18720 5
1032 16842 9
7530 9483 5
4813 12846 2
7530 20563 9
8626 19193 8
11645 15037 2
882 16933 8
2191 8529 4
12547 23473 7
10290 17707 6
1658 15633 10
13826 19654 1
16318 22941 2
78 20186 8
9757 17776 1
7496 8173 4
2660 24710 6
11317 23473 5
595 15420 10
8876 13900 8
15037 17996 2
10309 22784 1
2339 4896 1
3243 7844 1
8590 14725 10
8012 22610 9
3483 13337 6
6013 18870 1
8626 14065 8
10404 15164 6
2993 13663 5
3572 23426 7
3966 5385 4
8616 15939 7
909 6334 8
1016 6735 10
19193 19388 5
1032 21736 10
1417 1932 5
6867 7530 7
15164 23603 3
13243 24228 7
11029 18720 9
4694 7517 9
13293 13628 9
3120 18870 2
1711 24162 10
6797 13548 4
15250 16875 5
15278 19388 10
13026 14619 1
7844 20969 9
5560 10581 6
8719 11106 7
3358 11479 6
6572 7011 1
2863 11716 2
1794 21550 9
11207 16318 3
397 13838 3
10315 18501 5
6311 24301 8
78 12347 3
1517 19193 7
1766 13548 7
21318 22642 10
12782 14780 9
11202 13164 6
10717 22723 6
14498 17776 8
6314 13164 6
10309 12338 6
13337 24774 5
646 4535 8
11369 13343 2
8719 13029 1
17939 24427 3
1706 12480 6
8145 12650 8
5357 20668 9
1483 15982 1
646 19349 8
10598 12650 8
17780 19934 2
3576 18609 5
6700 12358 9
723 10646 4
13512 16476 8
15974 16596 9
2493 5338 2
11123 22784 7
742 1031 4
648 24254 1
12675 22567 10
12846 17961 9
15325 24995 1
6569 19832 8
12574 18921 10
2628 16426 1
723 9553 8
15616 23191 5
10819 18727 2
2724 11207 1
1085 3704 10
19106 20802 3
3377 10147 2
10819 21070 4
5338 19923 3
14200 18614 9
19388 19392 4
609 8145 6
952 4619 9
10598 24953 10
10311 13512 3
2430 15342 5
6949 8313 10
3909 22948 5
9632 24765 3
11565 15920 7
10686 14710 7
6735 16026 7
78 9166 6
8012 20078 7
7567 8361 4
882 14538 4
1711 22102 4
15337 16450 8
1960 18363 2
5155 7049 5
20801 21318 2
559 24427 2
431 17593 2
644 8145 9
19814 22723 6
16532 18501 4
9425 10114 8
8610 14725 7
2072 16412 5
15185 16569 3
2547 22134 10
8987 10927 4
7079 8897 7
900 10927 6
3151 14110 9
16669 21645 9
13089 20334 7
2660 23384 1
595 16619 9
16703 22584 7
12645 15982 5
6867 20527 1
728 6869 9
3358 24585 4
2195 17475 2
10782 22610 5
5054 22701 2
2195 18401 10
12803 14153 10
21584 24254 6
4273 9166 4
7803 11317 10
15393 17911 7
609 5080 9
1418 8897 2
7729 15342 10
13999 22205 9
11317 20075 6
15616 18006 2
10686 15584 10
85 8987 3
1501 3358 10
3188 14619 10
12480 22005 2
1637 2881 4
10873 15939 6
1637 5307 6
1016 3924 3
2813 10379 3
10686 22539 3
1809 11647 10
10447 22192 2
3057 5631 7
2547 4236 3
6314 13698 6
12803 23206 9
4140 6821 7
1085 18708 1
8481 13512 7
2438 9894 10
16692 17022 5
559 13397 10
11606 22065 4
14153 24492 7
5290 7079 5
9714 20957 9
220 8210 8
1016 21997 3
1932 5311 4
16251 17475 9
78 20444 4
5900 19781 7
10845 22460 2
18609 18713 9
2430 23060 10
5903 9494 1
7223 14110 10
1517 3087 7
8714 23686 8
6013 24977 8
9538 11822 9
5793 6311 8
17776 21210 10
5772 15477 10
14853 15920 4
16698 23191 6
13352 23191 6
9916 15920 1
10114 24606 9
8445 21154 7
10717 24500 3
8216 15469 1
20444 20510 9
2993 13280 4
2547 10352 5
4303 23686 8
10693 13698 5
13218 20563 8
11905 14940 8
8970 21990 2
564 6590 7
85 19994 8
15939 19234 1
7453 22713 2
10664 18062 9
10579 13337 2
21736 22425 2
531 20190 6
16849 19535 5
820 18814 2
5508 12694 1
8897 14825 3
4555 12107 1
1702 10183 3
312 6517 3
3055 3414 7
3414 14855 4
3295 20906 4
11369 23207 6
1344 13790 2
5424 21616 7
17475 18975 1
13625 19774 8
17955 20582 9
9032 23584 1
439 3151 6
3442 3548 9
5476 17532 2
4527 22401 5
439 18398 10
16831 20017 2
3350 5119 5
4330 24977 10
7741 22784 2
1081 3055 5
1031 14756 3
12159 14377 1
11245 16539 2
12547 13315 8
3358 19600 1
1981 3576 9
18609 24265 5
10114 11866 10
15939 19441 3
14940 18125 1
14224 19654 9
16603 18920 1
10782 17025 4
10782 23645 4
19894 20887 3
4813 11946 5
1706 13002 5
6652 15278 9
18952 21645 3
7300 24372 1
2993 14000 6
5054 24812 10
17529 17532 2
8876 9596 4
2413 10845 6
8194 15493 9
3812 10379 6
8719 18212 1
6446 10813 2
8404 11123 4
7738 23392 5
1233 8590 9
2547 24169 3
16596 24637 8
12829 15633 2
2764 19388 9
6517 12646 4
13127 18123 4
13697 16928 10
13164 18410 6
15663 22273 1
9632 23635 1
6537 17022 10
9352 22941 6
1162 16875 10
2374 23384 4
2438 22687 6
21049 24228 9
21678 22108 7
1993 21645 3
2177 11295 6
3548 13569 7
2664 10309 9
7105 9330 4
13628 18671 4
1229 24774 10
11394 16771 10
7521 14619 3
8325 19697 9
6334 14205 3
1697 22192 1
23083 24606 10
9425 21871 9
8483 14710 2
8481 11205 9
15157 23782 3
723 24024 7
8325 14696 6
6418 9483 1
14788 24365 5
13204 18975 2
19349 22655 3
4409 18671 10
2084 16669 1
11349 18952 5
19602 22601 1
20017 22022 1
10927 17385 8
5903 16181 2
13061 15126 9
7500 13061 2
3087 3407 10
13029 13307 9
1904 8822 10
12675 16721 5
1993 3620 3
18561 20969 4
15276 19428 8
4555 6824 2
4193 15986 7
5155 17499 9
10751 24254 2
10410 22273 2
14853 20869 4
3553 14065 5
16476 17671 2
4738 24953 1
1285 13018 9
1711 13244 5
18583 18870 10
1766 24182 4
1702 3692 1
11317 18866 2
21314 24301 7
16183 22022 9
1697 24189 6
15165 19697 1
37 3170 1
3090 24609 7
12563 16006 10
12400 17671 9
8853 18707 1
691 18039 10
11694 13569 5
7678 22065 4
13569 23358 6
559 4972 4
397 24751 8
16619 22810 5
17050 21871 5
7011 19677 1
3208 12376 3
3305 17125 10
11019 18727 5
3243 24716 6
11946 19071 2
5018 12159 8
1151 13315 3
8012 19141 3
4483 18720 10
17996 18298 4
12107 19120 3
6634 20635 3
16206 20607 2
13084 23473 4
7079 8319 7
6334 24239 10
5798 9538 5
12788 16596 6
12004 14538 3
11393 13569 9
723 12431 2
5 12295 10
544 1794 3
4514 13838 10
14007 16589 6
10966 11295 7
3553 8514 4
5476 8967 3
4988 18609 1
15261 21498 3
4693 6048 1
6314 12447 9
2191 13507 8
1285 14245 1
8215 16831 1
8529 17962 9
778 9714 1
14171 16434 8
20903 23881 2
21676 24774 10
11538 17532 2
12744 24585 4
172 2881 5
6735 22413 1
3537 20439 10
1483 7533 2
4559 18952 10
4076 19141 6
12431 24455 2
4197 12358 4
6273 12547 5
7865 8362 10
317 10873 4
14448 18720 1
16507 17499 5
85 23658 6
22028 23157 5
9123 22217 5
3594 10931 2
11902 16703 8
3576 19126 1
6597 18398 3
18453 22687 7
10966 16388 9
13343 15763 2
19697 22517 7
8714 18955 2
14245 24125 3
8788 22800 2
1794 19371 7
9195 13315 6
3229 15920 5
18075 22584 6
7339 10447 10
10931 24282 6
3088 22875 6
1756 5338 10
3924 22101 9
8822 20157 8
10352 16229 7
12646 24736 9
609 12826 8
13514 19004 5
14481 17125 2
7715 13999 3
22273 23305 6
14851 16766 3
3419 23285 10
6446 17675 7
15504 21637 1
6945 10845 1
564 6837 3
869 10311 9
15187 16669 3
8015 10927 8
6013 10563 6
2066 13419 5
4611 10716 6
5834 12646 8
5092 15165 9
8799 13628 3
8876 13762 10
16183 17242 9
15446 19388 9
7563 19234 2
7010 8620 1
2547 5409 1
5282 15420 1
10505 24637 9
14915 16229 10
6810 16849 5
5282 12779 5
1459 14171 1
16654 20157 4
18123 19823 8
3692 14787 7
6448 17529 7
6511 18614 3
18614 18842 7
32 6634 6
20337 23157 3
14481 21903 1
24556 24751 6
10049 24239 1
9483 16178 6
9537 18708 9
10505 11588 8
12646 24600 2
13293 13680 6
14596 18671 10
8828 14915 6
11460 23291 4
24500 24800 8
4064 8313 7
3537 20225 3
4265 24162 9
8418 22028 8
3381 5793 5
13003 14224 7
397 2534 5
5903 9254 3
563 7612 7
6569 19248 2
5084 13029 9
5424 20069 4
8362 17169 4
569 14377 4
18298 20835 8
32 20629 5
9449 23083 8
5386 6103 2
22536 22584 4
3243 5024 1
3570 23083 3
10799 19191 1
8483 13219 3
1081 18748 3
9352 19908 7
6912 12347 3
16051 19106 3
11606 23940 8
5824 22601 4
12922 16206 1
10049 23031 8
12338 24489 4
4815 15663 10
3864 13127 1
19774 21852 10
564 6713 10
9352 13141 1
3087 3600 8
4345 22687 10
2685 15187 9
2641 20337 4
3350 22167 10
12447 18223 6
738 10311 5
11245 24498 6
284 1932 10
10717 21704 6
7712 20444 3
12646 17365 7
11321 18975 8
10891 14909 10
1569 12829 7
3707 23207 10
12789 15633 8
13945 20274 5
10799 24590 9
13219 17587 1
6103 15801 3
4602 5409 4
8038 15157 7
4988 15048 7
18672 24977 7
13171 23294 10
348 22102 4
2889 19428 3
4392 7738 3
20017 21897 5
7214 20499 6
14343 22536 5
8445 18067 5
5774 7046 4
11897 12744 9
5685 19193 4
1904 24811 3
597 4197 10
139 17385 3
431 12069 8
13636 21070 5
6572 23100 1
2084 19848 9
8876 17325 5
15393 24649 3
558 15164 1
6735 24968 2
18401 23796 8
11394 23457 1
20688 21676 7
379 15801 1
6960 17532 1
3431 18708 9
220 15042 4
3350 24605 4
14915 18004 1
6336 24774 10
2072 7627 1
4754 5476 6
820 20725 6
7451 12645 8
5903 8229 10
800 6867 8
5685 23725 5
12672 24590 8
2066 8826 2
4391 22871 7
2765 9576 2
3503 7049 9
10983 11358 8
3090 15667 4
8013 23473 10
1900 8610 3
12823 13514 9
3407 11427 2
18976 22217 6
8826 13157 8
22413 23320 5
6554 14110 1
16945 17587 2
7844 22219 6
559 2658 7
4766 15809 9
15187 18446 8
16181 18130 2
4813 9899 1
37 2317 7
17025 21235 9
1706 20345 5
1630 5508 7
5080 22479 2
18029 23686 5
15394 22219 7
6406 8362 1
6314 13366 3
21190 23031 1
9537 20956 9
23031 23669 10
16703 18277 6
2374 15587 2
3087 14073 5
3117 13218 6
2261 24024 4
5065 21584 3
10290 23013 2
4564 13636 9
14377 22840 9
3258 13293 4
6735 22848 6
6406 19061 3
21738 22601 8
810 24239 9
6033 16445 3
16229 17737 5
21360 22610 1
1623 2993 2
1337 3483 4
10717 16638 7
6706 10309 8
4578 14448 9
15452 24710 5
401 10891 2
4611 18380 1
20439 22747 9
2925 4064 9
5967 10410 3
5689 7046 7
9537 10684 9
698 13337 2
2413 24426 4
12110 18780 3
384 13698 4
4076 22320 8
2933 19908 2
11899 21210 2
8815 23320 1
4585 10927 10
8726 18039 4
5685 14709 9
20337 21321 6
4813 18916 7
8710 20428 7
15477 24813 5
4454 9537 1
6334 24276 10
4159 13999 5
21070 24019 8
1658 8806 6
7738 14887 2
5646 19814 7
6824 12854 5
12153 13838 7
12107 21629 6
11667 17780 2
2430 8794 6
7737 14153 2
18561 24093 9
8680 11647 1
3976 17939 9
13680 21463 9
900 9388 1
4829 7451 2
12159 12729 10
13182 24028 5
3704 23803 2
1502 3358 4
16418 24774 7
14398 14909 3
8915 15452 8
8259 24426 6
220 16588 6
5903 22059 5
13954 20444 10
2316 12376 1
5560 23628 6
5024 16024 6
3066 3257 6
8101 23083 8
6336 10937 6
8084 10107 10
677 7744 1
9899 16353 3
21369 22196 8
2093 7011 10
10937 15556 5
90 312 10
845 3909 1
3120 6111 5
2700 20078 4
3600 20673 9
2093 20144 10
8849 22219 6
8259 22399 4
14153 14463 2
1777 4619 1
1185 6013 8
7046 14503 8
20274 22722 2
8022 10349 1
15342 21004 6
8040 23424 9
6252 7270 5
16450 17904 2
12553 18062 7
8815 21251 3
4257 20996 7
8173 10319 5
7865 11309 1
1081 10221 10
13002 17202 10
5851 10966 8
12553 12592 6
9101 20956 3
7844 18692 2
11606 19724 7
10107 20081 7
9330 11864 4
7952 19814 3
11694 18271 4
12157 17587 1
4766 17949 7
12107 22994 6
20648 24968 10
609 24397 8
4473 21637 8
1706 17265 10
13584 14448 8
6700 21437 5
9714 22702 10
11647 22319 8
3295 5268 4
3057 11509 8
665 1081 2
4738 8581 6
8876 18162 1
5252 20957 6
7571 18380 2
2137 9388 5
5634 22460 4
2547 17699 9
433 8892 10
20460 23031 3
8590 11753 9
3017 12782 2
13366 18640 4
20766 20802 5
11205 13974 3
13428 14853 2
266 24710 9
8987 18487 1
11214 22401 8
24012 24265 10
1623 10715 6
12707 19535 10
9758 10715 1
6700 11908 7
13026 13739 7
5406 12157 3
5172 19126 9
4535 21052 8
6656 17202 6
14200 24690 7
6333 14962 3
6436 19294 1
9165 11101 3
820 23944 2
21510 22747 6
5409 9445 5
800 18958 8
7698 18640 1
17799 23396 7
7806 13307 4
9692 21997 6
6706 15867 2
8057 16692 1
9692 20089 4
7083 15663 6
13507 24053 7
8626 18218 2
738 20202 1
12788 20389 7
1074 12347 1
6352 8038 10
11407 15325 10
13999 24135 3
18004 24841 3
4619 7693 3
12854 19373 6
7530 16453 10
8228 14696 3
564 10902 10
1900 6059 6
3683 15809 1
5065 15167 5
317 23373 7
905 19248 3
3090 14334 2
5311 17794 9
14532 19551 8
1706 8290 3
3120 11149 6
1079 7741 6
10983 16560 9
2093 15729 4
8192 15164 5
18780 23689 8
12829 21841 10
1517 13776 8
7049 18306 8
22861 23358 1
532 2177 6
17747 20428 3
5307 9276 9
1579 18410 8
11549 18363 4
3924 21791 8
7377 11667 7
5120 20801 6
10922 17961 9
20802 21351 6
17808 23426 9
15278 23625 1
10693 19418 8
18614 24785 10
4565 24605 6
691 17346 6
78 16663 8
6781 12922 5
431 20694 4
1900 20350 5
8012 19415 1
11245 20207 2
7052 18866 7
3641 10221 2
5406 8364 9
7270 22831 2
3678 7738 6
19327 24228 7
4076 22560 1
20078 20483 9
3817 12646 9
11642 11866 2
13358 17529 6
15167 21888 3
869 22374 3
4303 23748 6
10394 23207 6
19014 20099 9
19958 21498 10
3575 13397 6
3146 16669 6
9576 18279 3
19248 23573 6
18186 19923 6
4875 7738 7
8620 12577 10
8361 13958 3
9134 14200 1
8986 20688 8
591 5834 4
4273 14348 9
3188 5789 9
1614 16532 8
4392 12834 7
14049 22702 7
11642 20166 4
1900 20991 5
13512 15789 9
18062 22002 9
8514 16087 7
12645 19691 4
4527 12130 5
20089 20360 5
1977 21841 3
16373 18916 9
10242 19388 10
10352 18183 3
2446 24489 7
10931 13012 1
8114 22601 1
9165 16895 3
14928 21314 5
9848 18004 8
3737 15164 8
11875 22273 3
7913 9110 2
3924 9222 7
4330 6966 4
10845 15798 2
7185 11029 1
3864 19278 2
3864 8731 9
12650 15991 2
8228 16448 4
4611 5389 2
15627 24953 2
1799 17904 6
9314 13419 3
6120 19654 10
15261 24363 3
3407 13330 10
14311 23457 7
5473 7500 5
4658 7214 1
1085 5348 3
10891 20171 10
539 16654 5
13934 24637 7
16638 21378 4
3926 5385 1
9032 19587 6
2179 24489 2
12709 19388 7
7270 11248 3
12284 13993 4
8823 17707 4
10664 13047 6
10782 23393 5
4290 14458 3
7300 13883 5
1900 20943 6
9714 23420 8
3414 5687 8
6837 12126 10
7737 19819 2
5418 8040 10
13428 22834 3
8315 19774 5
2446 14229 8
3594 12404 1
18681 24135 4
609 19623 4
4920 17737 2
1796 14825 6
14287 15477 2
1961 7079 1
7193 7627 6
4829 12456 3
2182 19371 5
22560 23857 5
7952 8865 9
3862 23748 7
7612 15328 3
6103 16007 3
3453 22560 10
15982 24991 3
896 19749 7
13244 13851 4
3942 23689 5
16372 19819 2
4808 20943 10
7198 16450 4
193 16264 10
4030 20694 5
4345 19839 1
5637 14853 7
13018 20697 5
7517 15683 3
6319 11029 7
1635 22840 8
5246 24609 8
7074 20991 2
8259 14435 3
15313 16476 5
6597 7863 8
7496 24713 10
4187 17499 3
16024 17293 5
21682 21738 4
7612 14464 9
3057 22211 8
14224 23556 5
19193 20342 7
6781 20987 2
5747 24637 8
2529 7339 4
7270 13032 6
4487 22413 10
23373 24480 5
10715 14722 3
5467 17745 1
13704 22005 7
11746 16596 8
15168 16945 7
16831 24186 10
7139 9222 8
2778 13762 2
937 18004 7
4658 13099 9
5440 14800 10
3419 6872 6
15337 16791 5
6872 15113 7
15060 20648 6
3146 24782 8
7096 16372 5
6646 12174 2
6696 11667 2
3570 6144 4
12573 22134 7
5562 7678 7
698 14724 8
4539 10466 3
2899 19958 9
6696 16754 9
2420 19781 10
23292 24605 8
3408 20460 7
18614 22464 2
17475 20651 6
8918 10646 2
619 20673 8
1942 4972 4
17984 21550 7
1563 7049 1
9596 17579 6
7566 15157 2
14377 21557 5
7493 21049 4
2940 5562 2
5246 15136 2
644 10629 8
4030 14103 1
13715 18713 4
12547 15285 7
13489 16006 10
5394 6314 6
7521 16774 6
13191 16616 10
8362 23065 2
10902 20564 10
8247 8710 1
6569 6788 8
7741 20427 1
3208 18544 9
4527 14804 2
3017 14359 4
3960 17867 8
14765 19343 7
9425 19013 8
10048 24960 1
16802 21251 1
8945 9276 7
6918 13012 9
19278 24523 8
2286 13507 7
8429 12159 4
15477 17738 6
1658 13077 5
211 6359 2
2276 5657 8
5084 16349 7
16509 23645 3
3377 5511 3
11400 14928 7
5772 11122 8
1981 22694 4
4569 24162 3
12798 24649 7
3942 23835 4
15393 18908 1
65 9596 6
14642 19278 5
4030 8452 7
10931 17839 9
375 16087 5
4578 16687 9
5386 9177 10
15113 23127 1
2968 21557 4
6837 10332 10
3295 6551 5
14538 23827 1
4159 14090 8
8220 12709 2
1229 21366 5
4055 22723 2
1904 9408 10
22413 23568 8
14893 16831 10
6115 15477 4
2794 24196 3
8690 9538 7
1203 8247 6
19551 23356 5
15920 17763 3
14922 19587 4
4409 18697 9
2441 11317 9
293 677 1
3678 12138 9
20105 23396 6
3817 14262 5
4875 5038 9
11093 12174 10
237 16933 8
6111 7585 6
8903 10242 6
3926 14569 9
1691 22713 7
19343 23818 2
524 17776 10
1074 10052 4
11507 12295 4
7678 20692 6
20723 21738 4
3586 23392 5
18665 19848 10
5151 15798 9
4290 9713 9
8163 15633 5
8613 16933 10
2622 22134 9
11326 13293 10
4545 22273 4
7698 21253 6
19349 20827 1
11866 21993 7
3323 5637 9
13609 16087 7
23857 24267 7
6314 11830 1
15269 15683 9
3958 7011 6
10571 22192 9
728 23643 10
1904 15567 4
10813 12052 2
1125 15986 5
10717 20727 8
845 4928 10
8602 12553 6
11123 22689 6
17443 17579 6
3277 21676 3
6918 16112 4
12379 23292 5
15613 19994 9
11349 24714 2
4316 11019 7
11634 21682 7
13979 17799 3
17873 24605 6
1711 10765 2
4409 14761 2
5386 11522 2
6696 15459 9
8993 22134 4
6418 19966 3
14398 19323 7
4076 19586 3
21245 24135 3
13628 19932 8
4425 19531 2
24153 24182 6
12710 22211 9
2794 6832 2
898 8620 5
8015 13966 7
12022 15459 4
3681 19014 6
6101 8192 8
13824 23356 2
8404 11251 10
11987 18870 1
18776 20017 6
7942 23645 1
16633 17475 1
2072 24416 8
14804 20937 3
2952 19781 9
11954 20186 8
1699 18671 3
11741 24239 10
5685 15284 3
3737 11274 9
10119 21965 4
4487 13494 1
4786 24690 4
2881 20130 1
4200 4527 3
5363 17365 6
13436 15939 6
16350 20969 6
17210 24649 9
7032 9330 10
14569 18771 8
19042 22005 2
542 1031 4
20766 22974 6
13543 24995 7
2513 15801 10
4596 8710 9
2072 21244 3
14624 22536 6
7812 7844 5
4611 8131 1
12024 13047 8
15042 21798 7
5445 9271 4
397 1089 5
9483 12627 9
15556 18798 10
3090 20679 5
11122 13472 10
6558 23944 5
11907 18067 6
5967 19308 2
11449 19832 8
4069 6706 9
7046 21151 4
14459 19894 10
12515 24363 6
2787 5065 5
6233 24782 2
12447 18018 4
5394 17354 8
19632 20389 5
1799 21581 5
12519 24093 8
5648 6554 1
2974 8015 9
11818 17475 3
13436 18676 6
4806 20937 3
7654 21190 3
5311 22859 6
6781 22265 7
990 17579 3
17904 24434 3
7517 14094 2
1932 16664 6
9946 15587 10
7968 16372 2
2497 6832 4
5431 21378 5
6593 18672 8
3088 10125 7
8156 21463 8
3864 12589 7
10394 24244 6
659 9177 9
12823 20819 8
2927 3243 2
16703 19716 10
13343 19668 8
20334 22411 7
463 5038 7
172 6077 3
13966 22559 1
1849 1942 4
6511 11749 6
12883 13003 4
8714 17590 4
14180 15587 2
15982 17968 10
3233 3431 4
16114 19457 8
3160 13280 8
11093 14863 7
12789 14074 8
7493 19829 7
5107 11759 2
14236 22002 9
15261 21700 9
7955 9494 8
3939 8404 3
923 3958 7
699 6381 9
10349 23786 8
13204 24331 10
6144 17749 6
13837 17475 8
182 23857 10
5687 16281 10
1146 18720 5
17799 20738 10
6998 13851 3
7804 10291 10
3939 20172 10
10447 23865 6
13597 15313 9
6319 17457 2
9222 17228 7
578 13061 2
8022 23404 5
16703 23964 6
10887 21637 4
10563 24185 7
16019 20692 5
16211 22413 9
1482 4409 8
11349 17020 4
16660 19668 7
86 12553 5
723 4841 9
559 13763 6
2160 9177 3
7870 24995 6
4454 17817 6
7963 24960 3
11830 17901 4
7892 24169 5
10789 17962 6
13419 17236 7
266 22930 2
13543 21848 10
8156 15607 10
8173 20369 9
6678 10799 5
15446 23538 6
3258 7351 6
12547 22154 9
16367 23305 8
3835 15667 1
10129 10629 2
23 6918 3
11678 22217 5
17457 24834 3
810 24295 8
26 17573 8
4893 21510 5
5485 17808 8
15446 21217 8
6434 19112 5
4574 19966 1
9381 14761 4
12738 15037 3
5749 16353 10
7217 23207 10
3293 16664 8
952 13478 4
16501 19042 5
20058 21351 2
544 11983 1
898 4260 6
12869 23157 6
3548 16376 2
2354 8210 5
5389 24438 4
10290 11973 9
10143 19894 5
11220 22840 5
11919 19966 9
2493 6777 4
3459 10114 1
465 24438 7
7646 14311 9
17385 24613 3
2420 11362 8
498 8915 1
16596 18050 7
14049 24946 7
13550 13698 4
8445 23354 6
281 8228 1
14083 16412 6
93 13609 9
1580 2993 6
4454 12643 6
13958 22763 2
3017 7428 4
3976 6813 5
7357 13824 3
14488 19848 10
6048 13632 9
8013 24439 4
8559 15991 2
16687 20542 5
1255 14855 4
7533 12160 1
8364 23902 9
10651 22167 10
11220 13068 4
11400 13859 4
8690 15083 6
1172 11822 6
15092 24438 6
7102 9465 9
18692 18961 2
10379 13732 5
16198 24774 4
3821 6781 1
6423 10349 5
2244 9388 2
532 18284 4
5687 12427 3
511 18284 8
3737 17850 2
11987 13952 5
15 18673 5
19735 23420 10
291 22411 2
3958 10798 3
11156 18062 1
2110 18748 7
12404 14324 6
12387 16206 7
10887 22839 10
4888 9276 6
7270 24851 6
6334 20142 4
7747 18328 5
12798 14718 7
4159 15904 8
9408 24780 7
7404 19294 2
3503 5099 7
7737 12017 5
10887 22034 3
11393 20223 4
6177 13838 8
14610 18453 6
5270 23392 2
14334 16147 2
16406 17457 9
14498 19319 5
18498 24649 10
5485 23610 5
3613 18692 2
3576 21113 9
15126 17098 1
9494 16943 3
13227 22871 7
7017 12431 2
2195 15021 9
16388 16871 4
12468 20887 9
646 14234 8
19384 24710 6
86 20859 6
17808 22021 5
21564 23628 4
4454 8800 2
10939 11106 4
640 11919 9
379 24911 4
12589 16048 3
11019 20434 3
2367 7105 4
270 13019 9
20334 21472 1
17243 23803 4
11014 15328 10
3817 9487 4
7463 16445 3
804 11123 9
6813 21173 7
19446 22536 2
1992 8216 6
3812 6589 8
9317 14498 3
899 14940 10
14098 20428 3
5133 22861 3
17724 17955 8
9146 11753 9
8945 9104 7
4098 13966 9
18901 19308 2
13829 15157 2
17912 21704 6
606 15663 9
11864 17777 8
11666 17385 6
13232 15285 2
3648 6517 6
6537 17650 3
14524 14928 1
13945 19664 7
11899 22514 9
8899 14262 9
2228 22374 7
14887 15429 2
16151 20334 2
2529 22396 8
3360 19061 7
6597 15577 7
4140 21672 6
20248 23354 1
11210 15452 6
899 16549 4
3753 20460 5
2367 13522 3
3935 8610 1
11029 11674 6
2938 4159 4
8851 14224 9
4623 7185 9
2072 22092 6
11407 20794 5
9165 24040 10
17475 19290 6
9827 16849 10
14009 19823 5
15904 19386 3
3570 16697 6
3113 15982 10
1580 13041 9
9110 19813 5
14645 23083 2
1579 24477 7
11479 21250 4
9538 11718 4
6205 18720 6
11207 20301 1
5861 7747 10
4863 5338 10
5814 21952 8
6589 7135 10
13032 15746 9
1666 9177 3
3821 17528 3
182 4375 2
266 14584 9
4565 21429 5
2909 5409 6
4316 17753 2
4197 8904 2
6813 22696 8
7764 20434 9
15276 16843 6
4271 14503 2
9381 19657 2
11205 24742 4
8242 19994 7
22476 24186 10
1697 23236 8
5443 12854 4
13377 23083 3
13113 19602 8
9524 16206 1
12296 15627 7
2933 13329 9
15285 20443 1
2037 10798 5
5276 10447 4
5092 17485 8
3369 3407 6
5242 20651 9
687 9032 10
19587 22085 7
11507 22432 9
5564 10966 3
16898 22265 6
9476 17753 10
7718 18018 10
8979 12456 10
5824 18659 2
3208 9268 9
7345 19749 5
19423 24492 1
14296 20202 10
888 20190 5
595 3485 1
15165 23545 4
19966 21198 4
13704 17209 8
8445 20283 1
5172 6246 2
14056 18713 7
742 14943 7
7972 8690 4
13343 19933 3
2484 4260 8
431 2682 2
16012 21557 3
7513 9465 1
1206 8726 8
19586 23211 5
3910 23384 9
5045 16349 3
2978 21584 5
3050 14311 9
5082 23790 4
17025 18240 1
7531 18866 1
10687 11634 2
4811 7185 7
4008 23857 8
1835 12710 2
6292 13377 8
11334 24716 6
11140 13061 6
1702 1847 2
10931 24225 8
1318 19308 5
17908 18223 10
7385 16279 10
4838 8680 5
12296 23799 5
12384 18697 6
7698 24472 2
8010 13739 8
12634 15546 7
14032 23669 5
11919 13040 2
4293 5467 9
7054 9916 10
5338 10615 10
15505 20859 8
16455 19042 10
2813 6176 6
12627 19783 7
8316 9165 1
4826 8242 8
5119 21156 3
5277 18727 2
9529 24153 8
6958 7942 3
4371 5824 8
16263 18498 4
7102 23262 2
10226 13019 6
11830 13995 10
22251 24785 1
22871 23463 9
3376 20483 2
3305 18466 2
5100 22831 2
4419 16766 9
19003 22861 6
2863 6019 8
15974 19864 4
4927 14722 1
1728 8316 3
10155 11522 1
5018 7296 4
15759 23420 7
17715 18681 2
7409 10931 9
11252 23305 10
1960 9730 2
5054 7249 9
1981 13676 5
13742 19014 6
5458 20089 7
2630 6111 9
12826 19218 3
5496 19386 10
4391 19123 7
15504 23892 8
8559 10085 5
3604 15920 4
2890 14090 4
14400 16842 5
20418 20668 5
11140 24057 3
5900 17454 6
5443 20026 5
6453 19677 4
8413 14481 8
21253 23221 9
15818 16569 6
465 15540 7
20991 22387 8
2751 9317 8
20801 22755 9
4473 6096 9
293 12617 8
599 20414 8
4370 16633 3
1285 21876 9
4172 19371 8
2072 7575 7
19632 22917 10
7298 15285 6
15060 20613 4
13003 15884 10
882 18209 6
9539 22411 8
5986 16367 4
6876 23207 8
4602 24809 9
20974 22875 5
12415 15167 6
2176 24130 9
5834 23917 4
2845 19538 3
387 3576 9
805 6334 7
7062 14724 2
11883 14200 2
1626 20725 10
3643 7453 4
19535 19720 9
1365 19813 8
11647 12758 5
10873 23726 4
21429 24148 2
8429 10494 2
3600 14764 10
7450 11818 6
328 3350 3
23211 23586 3
22251 22565 5
15240 24751 2
19141 23161 10
13584 20873 6
3820 19654 9
10291 21730 2
4983 19531 9
8313 20840 10
14270 18720 10
8014 23236 7
4811 24791 10
564 4810 3
12379 18024 9
11418 23645 6
6161 7892 2
19654 20365 1
15963 16791 5
3776 15092 3
13025 21321 9
17553 24455 6
15449 21250 3
14915 23330 1
4193 23593 4
2292 17101 7
10873 21648 6
13040 17328 2
7842 18453 7
5138 24742 2
19732 20510 7
1658 2760 5
2793 11251 7
16943 17924 6
13191 21644 7
10134 11678 4
7500 10758 7
5730 18223 4
957 2493 4
5133 22937 9
6161 14720 5
9674 16501 6
11093 12491 10
18401 21422 7
5646 6403 6
1004 11606 2
17777 22692 4
15165 18088 4
8892 13800 9
9798 21584 4
12013 21437 1
6218 6696 5
13800 23994 8
3475 14569 10
6576 12456 3
13052 20026 7
1164 15459 6
11122 12164 1
8800 12256 3
10873 15204 10
3184 11716 2
4351 22755 9
2420 18709 7
2502 12709 3
4002 20207 3
4974 21314 1
1081 5668 3
5828 14863 1
8072 12823 10
10446 24093 10
5440 15552 8
5687 17700 2
12491 19982 5
16445 18093 8
13352 16689 6
7955 19195 6
3681 20687 7
2060 13127 6
7612 12054 3
18920 20344 4
284 2920 3
14723 23291 8
9146 9201 2
13945 24802 10
2276 20769 8
8791 9195 2
4200 23086 4
4097 10765 6
772 19141 7
13084 20674 9
1945 23330 4
5282 6105 2
12883 24753 1
3117 7389 2
5190 21704 10
20334 24885 10
1691 14981 5
619 20098 6
1847 24761 9
2072 5031 3
12643 23312 4
7718 17126 8
8726 22372 1
10953 17593 5
5399 8316 3
9409 17777 10
12153 12172 8
14038 24785 5
8313 20920 4
11393 24707 3
6735 17853 8
2534 12576 7
937 8810 4
4030 17944 5
4165 6403 6
13337 15833 1
2890 3067 2
5698 11140 2
12850 23545 7
11326 19726 7
266 6765 7
13512 18438 1
3013 17529 8
13522 14583 3
489 16507 3
7105 18140 5
3243 18037 4
95 16703 1
465 6363 6
5227 8590 10
2863 15463 9
11759 16459 4
437 20144 9
5243 20969 1
7052 7267 3
12755 18882 1
7231 24556 1
13711 17098 8
10465 13995 6
17699 24948 8
2066 12246 4
1977 21180 3
8398 24125 10
19958 23436 10
348 13975 3
918 5511 6
8364 10500 10
6006 16687 9
21676 24909 6
9073 23473 4
11923 19308 5
3339 16774 5
13099 21078 9
4140 19529 1
22610 24693 2
5100 21206 10
10075 13164 5
1796 4741 6
5814 8936 2
5861 9161 5
3131 21437 7
4418 6403 1
21463 24274 10
14049 15202 9
14865 23161 1
375 9131 6
16920 24135 7
12729 21271 7
4811 13923 4
8152 15136 2
5485 11243 5
8195 10291 1
2462 3575 7
11431 20365 3
21735 23669 4
3548 21625 5
2446 8241 9
21897 23919 10
14251 19294 1
15616 16304 5
2796 9352 2
18720 21103 7
7711 16251 4
22520 23786 6
18659 22623 1
21682 24476 1
2664 4760 8
10332 13976 7
12689 20414 10
10131 19933 3
6475 22948 9
10332 14124 8
431 17569 8
2692 21706 6
3600 21708 5
17984 22580 7
5348 12349 8
6909 19195 9
1016 18405 10
7193 7662 5
1334 3431 5
6576 19946 2
328 18824 1
1417 6840 8
17424 17737 9
3688 14723 8
644 17765 7
5689 10186 1
10446 16046 10
13711 24899 7
2534 10366 9
10789 22877 7
2066 19821 1
5357 21891 1
2176 7295 3
10267 22848 4
21568 23686 7
653 3575 9
1766 11016 8
12831 13397 6
8404 15548 6
4370 21896 2
284 10632 10
5651 19734 9
19423 22756 3
20589 23625 3
3620 6819 10
5467 7101 4
13560 19042 9
13273 15789 10
542 16062 4
312 7875 7
2685 11683 7
7563 16640 5
2413 8034 1
6537 9740 3
9481 11220 3
6047 21952 4
8813 11642 2
16264 19136 10
5044 8313 5
7965 19384 9
6111 8787 8
20920 23912 7
591 8388 2
10241 12349 9
4585 18506 7
2129 11479 9
11373 24841 5
11455 11479 1
4887 8242 9
13171 16025 8
5810 6678 9
12217 16928 1
8590 20491 5
9512 17169 5
4815 5265 5
1200 13164 10
8187 17328 5
4030 11188 4
4197 7638 9
10164 20648 10
6765 8246 9
7385 19198 9
5646 10413 2
78 18310 2
10413 24313 10
14737 23424 2
5018 19978 4
13171 23482 2
11532 18140 2
10216 22251 8
6406 22032 7
23435 23919 3
16196 16388 7
15193 24960 6
1617 8481 3
3840 19958 2
985 3243 8
7723 13742 6
7612 24089 7
19205 20418 4
5694 24169 2
667 1334 6
21251 23579 7
1626 2120 7
1999 23473 10
3312 18958 10
13914 23625 5
9629 16251 5
7718 22305 4
20850 22584 8
4560 16048 8
1242 1728 2
4098 16995 8
11777 17169 5
18028 22320 4
7893 12515 9
10355 16376 2
1316 5282 4
13293 24801 2
5099 21306 8
12519 16257 8
155 1172 10
5044 8996 1
2218 11317 4
3340 19042 2
15463 15720 4
18455 18842 8
2513 8062 8
2462 12752 8
9640 14400 10
78 6046 3
7278 10404 2
6872 14597 1
4493 14065 10
4845 13089 5
339 12347 7
1569 21756 2
13012 21538 8
15469 22769 3
7469 20248 2
1721 9268 3
14338 20026 9
18134 24424 3
3681 10391 1
13402 16112 8
4567 6019 5
21678 23299 5
4896 23801 8
8163 12079 7
17454 20930 1
2470 19864 9
4850 10290 8
6731 7049 2
5092 21963 3
12157 14616 2
12650 20758 8
400 5389 1
6352 16852 2
3575 15668 8
7429 14103 1
403 3225 1
525 1569 9
9728 15337 4
4132 18398 5
9472 24189 10
918 10362 2
4509 10394 8
11694 24055 7
3751 4200 1
16596 20796 2
6821 19400 3
4373 17984 5
171 19958 4
13306 23832 1
13680 17355 9
3812 15266 8
4055 21398 3
11205 12535 7
1817 8290 2
9007 22460 8
9625 21463 7
5789 16320 10
11206 23373 10
8315 16538 7
5418 14660 5
14772 19120 5
6642 17454 3
12091 13052 7
489 12660 2
957 11828 1
12840 15848 8
2019 19234 9
990 6170 2
968 3188 8
1495 11822 10
8035 12869 8
23203 23285 2
5643 18727 6
9222 20573 4
10993 11362 7
1277 10629 6
5637 10436 8
8984 10379 6
2660 17523 7
4607 7678 4
2066 19541 7
16692 19190 8
12826 23736 8
12872 18501 7
778 1236 10
8704 13019 4
14074 22619 7
7496 14892 3
16106 19126 2
13451 24476 3
8038 19506 6
18901 20500 7
14754 22273 10
9569 24162 10
12563 20885 2
6261 19923 1
5435 22702 1
15986 16705 10
5342 19941 5
6813 19078 10
12905 17573 1
7083 16224 4
3087 7547 10
6252 18302 2
12401 21678 2
5754 18028 10
17590 17946 10
1666 17264 6
8742 22411 9
3414 10634 7
3482 23404 8
15284 20060 5
498 18032 9
13839 23320 4
5754 11609 4
4306 12153 9
16406 23200 5
21180 24889 5
2938 6108 4
7528 24089 6
7595 20342 5
3779 19123 1
15747 16181 4
7536 14458 4
2195 4995 5
4818 22154 6
11642 12236 2
4623 9531 6
2207 24057 2
10887 10888 6
2462 4720 10
400 5925 3
7372 24710 8
3835 20155 5
10241 13848 1
14624 15679 2
12069 15100 4
11538 14599 2
10791 20443 8
6418 14456 9
4419 12688 8
2873 19529 2
11362 18305 5
19048 20427 5
3661 22763 1
5348 18478 5
1580 2821 10
14566 16640 1
4811 16599 8
12634 18185 1
19682 22974 6
4454 5239 6
12456 13399 9
8719 13249 1
9180 22848 3
16007 23432 3
8369 19958 3
8984 13957 5
8529 20088 7
2899 17991 6
8610 13103 5
19574 24228 5
10939 13167 4
6333 12114 8
4257 8658 5
9957 20582 3
418 21997 5
6810 22346 4
1700 6813 8
6869 13791 4
19264 19735 4
12850 17791 7
8056 13739 2
14567 19400 1
19753 24802 8
4446 9858 7
1851 23586 7
1516 14723 2
13676 14741 9
1904 11312 10
4487 19741 7
9938 18498 3
1346 17839 7
10888 21751 6
1635 7208 2
16087 21163 10
7512 24948 9
135 5810 9
2178 11634 10
14619 19252 6
24169 24741 9
5986 23756 4
4947 13280 1
13099 16489 8
3218 21070 8
1571 18088 1
4200 9504 6
5925 24612 10
5709 19657 3
15624 23292 7
6945 9779 5
4528 8799 5
16860 24162 7
10200 15848 4
7101 21484 2
6551 23153 7
17325 19866 9
5967 10531 6
13791 20834 9
3184 22004 10
4999 17904 1
11694 23199 1
4150 14737 3
16547 17808 4
3277 11337 9
8447 24295 5
9998 22028 5
6661 13397 1
9171 16703 2
8734 14124 2
367 22305 1
7385 23792 7
4140 22627 7
3623 23796 2
18906 22567 8
19123 23035 1
1452 7952 3
20658 24313 4
16244 24714 7
3600 20271 7
7942 16330 6
1699 8588 8
3170 16673 8
2549 10579 2
1061 24899 3
3055 3143 5
9848 14609 3
1704 14448 10
12782 22803 4
15921 18401 6
18953 20069 9
3748 8806 5
13931 24365 6
18632 20155 9
7638 22418 5
23832 24356 10
7493 19171 9
5789 9974 5
4362 13839 9
654 4330 7
1273 24693 5
2831 22810 6
4991 13507 8
7723 17332 6
18920 22541 2
7052 16310 2
8803 22108 2
3053 15202 10
10284 12617 9
17087 18140 3
2920 21884 7
16603 18840 2
2851 12553 6
12248 13507 5
7407 12553 3
2497 15428 8
12645 22414 2
16997 21052 5
463 17507 3
4236 20455 5
8941 11206 1
6706 20717 6
5511 22867 2
15584 23540 8
6317 9569 3
26 12250 3
3288 19623 9
16006 23374 9
12547 16377 9
11352 20344 6
4127 23404 8
3146 4169 3
17008 21848 7
450 13824 8
4614 16025 9
2785 12672 9
4137 22028 4
3468 19716 7
8613 13685 8
7010 16365 2
14680 15584 10
9408 18668 6
9104 13674 8
3939 23752 1
6046 21826 4
11394 22207 10
1720 2513 2
2144 7298 1
4578 20864 7
3669 5172 8
2909 3289 9
4856 17765 1
10939 18516 6
9353 23756 4
665 16969 8
4309 14334 2
876 1273 5
18935 21422 2
19330 19716 5
7062 21497 10
2077 21672 3
8194 23340 2
3732 6261 7
16705 20689 3
32 2525 4
11118 21557 5
6419 10319 1
2823 8704 6
4345 15147 1
7830 24753 9
10832 14825 10
5399 15790 6
219 11014 3
3824 6945 1
14384 16692 2
367 7721 10
4163 20058 10
13032 17128 6
659 12030 8
9822 21497 9
14444 14596 9
2799 20337 7
489 24120 2
20332 20969 4
2965 24267 4
10289 13697 2
9769 10789 5
14989 21841 1
2084 11750 8
14510 15463 9
15035 19668 4
3384 13084 2
3488 15429 9
16327 22414 10
4069 22819 1
7249 22330 1
2398 18672 9
7654 20001 5
11111 18279 3
19839 22450 5
767 21253 6
19529 21376 1
3507 21472 6
16953 19457 5
10258 17839 10
431 23388 5
1446 4002 8
11373 14889 1
3350 7756 8
5651 21647 8
23157 23595 8
5824 19896 6
18470 21497 2
2071 13358 5
1598 23752 2
5957 7249 10
9340 22937 1
5343 9134 9
761 16920 2
8970 9735 7
8953 11919 4
5986 16129 10
317 7072 1
5580 8826 1
12079 21148 3
15663 18566 5
24603 24774 2
13447 21070 8
18922 24851 8
9134 14392 2
11139 16599 5
2664 21719 1
8626 9418 10
525 22586 6
11683 17602 10
8048 8828 4
22701 23112 1
3755 7496 6
657 7865 9
772 12216 4
17553 24296 9
6819 11051 8
18921 22639 8
4409 24199 9
12236 24190 6
4545 7807 10
931 9848 3
8717 21564 8
1644 12535 8
9133 21321 4
161 1598 4
2829 20679 1
18665 20512 6
4171 24274 1
5080 18206 6
1714 24991 8
2309 22567 7
8195 13180 5
13420 14584 6
2513 22929 2
4348 13171 7
5690 12803 5
1592 4492 9
709 7079 4
5485 8184 9
15523 20651 2
23726 23982 8
5485 11287 2
6634 15690 2
14083 18499 4
15599 20171 7
20438 24135 2
1356 6652 6
3352 14009 8
16198 19647 8
3446 11188 5
12905 15226 4
13584 20484 2
11013 18029 10
17451 22450 1
15493 15965 9
15870 19191 5
17523 21054 3
5061 13698 9
6920 23861 7
13026 20593 9
135 19514 7
1074 13237 7
15134 15505 8
1674 15202 3
3661 21956 7
9611 18708 4
4217 16206 10
4845 22061 7
8851 14771 2
2493 13355 5
11509 21166 9
5223 20075 7
12460 12755 6
13952 14462 10
6876 11876 7
1206 14230 4
6314 20110 1
3970 15809 5
4766 10639 8
15498 20859 7
17776 24385 1
5709 20343 10
1720 8820 9
16178 19040 8
3398 18659 9
13191 19803 1
20360 21414 4
11324 18921 6
1629 2207 4
17050 19474 9
9539 9965 3
4920 12913 3
648 7625 7
10600 12729 2
9723 16373 6
3503 9358 8
9918 20903 10
3074 17671 9
665 10552 9
1126 8364 10
17125 19086 7
11366 21708 10
17569 21815 5
6446 24054 10
12468 21195 9
5159 7744 4
2316 24238 2
21517 21557 7
5754 7851 4
17738 18627 2
2019 17859 5
6323 10332 4
10939 15771 8
21413 21997 1
4875 5308 3
8053 11919 10
13045 17853 1
2420 16867 2
16412 22531 3
14181 21676 7
9504 20296 7
5334 6876 7
14596 15639 4
14815 15469 7
11830 24798 8
5731 18405 6
11863 13127 2
6101 6962 2
2077 2437 8
3727 23944 1
1274 4446 2
978 8413 7
2630 5162 10
5418 19091 3
11358 20948 10
1835 7750 3
4052 24774 4
9449 21050 10
6551 17382 4
2952 14473 7
8782 13628 6
1893 4273 6
6344 14262 3
4539 4859 5
12042 23060 3
657 14158 2
6381 16300 4
23013 23080 6
11532 16555 1
12961 13979 3
2547 18307 8
3013 6704 2
16367 20633 8
1699 22603 5
10119 14967 5
13231 18748 1
755 13451 5
6644 12729 10
14168 22102 3
1483 8399 7
5308 10894 7
6777 11924 2
10885 17699 10
9504 16850 6
10753 16406 7
10080 21369 1
21581 23300 4
11774 16211 8
2339 7115 3
1476 15921 1
1794 5461 7
11122 23733 7
9940 18405 9
4564 24408 7
1592 4043 8
15505 15516 10
7171 19234 3
5558 6517 1
21637 23527 1
12261 13800 6
7995 12660 6
12872 21109 9
8179 8820 1
10332 12517 7
5052 9946 6
8782 10111 5
12074 12738 1
4343 24498 2
2551 16006 1
1452 18257 3
6576 10435 7
3910 4336 3
15113 24775 10
14584 15865 9
10315 24212 1
8555 15428 3
4850 17064 2
9730 14412 3
3080 10687 7
4375 5452 1
17045 21413 6
13019 16481 6
13411 20563 10
6507 23153 1
19509 24024 1
2933 14162 3
6636 9899 9
2609 4514 8
140 24472 4
8728 10600 7
18175 22565 10
662 14788 6
8514 14445 7
7079 21309 8
2683 5276 9
20475 22941 7
6766 22763 10
4497 15261 10
2903 19330 2
12671 21198 5
6968 15126 10
16026 22240 10
2515 14464 4
5935 18024 1
1151 4429 4
1471 17242 3
5195 13315 9
2176 17219 5
1365 9727 9
23263 24427 10
3358 19204 8
2413 4234 8
5126 24811 6
10184 12870 7
3821 4026 6
8179 21977 7
8941 17504 9
3513 21993 9
3885 8897 9
18191 24813 6
956 19813 6
2110 2743 1
1742 12834 10
1714 12438 10
20745 22584 7
4478 24995 4
3554 20089 10
569 10509 6
15516 20392 9
583 7875 2
14452 24189 4
9222 18090 6
3576 6854 4
13185 23030 2
10579 10787 3
12387 17539 2
18614 22609 9
17848 18162 10
15511 22396 7
2630 19039 9
5427 13839 4
5427 9826 10
984 3821 10
4997 13399 9
3580 11905 7
4810 19605 9
5303 10567 3
17839 22605 5
1199 6696 8
8806 21012 1
6037 19932 8
8329 12872 4
14125 21253 2
10634 13466 4
14317 17050 6
7911 8731 3
13966 24330 4
6176 23462 10
8742 14846 1
7041 17745 8
6144 24485 7
6261 13425 4
3398 19184 8
16197 22723 9
1061 23288 10
2195 10570 6
140 13360 2
9418 12101 8
1662 17573 1
13966 24650 10
1269 15469 2
4538 7646 1
974 15337 10
5209 22713 5
13848 15397 1
26 12945 1
6974 22399 10
17485 22787 8
1735 20500 3
1749 11750 3
8394 16596 6
599 1545 5
4560 19950 10
18401 24015 10
23110 23393 3
2864 4845 7
8979 10150 3
343 7500 5
9965 15932 9
12972 17025 9
2626 2933 10
4197 18974 10
15285 16086 6
3507 21797 8
20635 21194 1
2762 12850 3
9958 23835 1
9416 13243 8
738 23179 4
19497 20930 10
8138 20593 4
1076 19716 4
12819 24890 6
9697 18185 7
3862 24030 5
17492 21993 1
11211 21993 3
12101 13750 7
3453 11921 4
12660 14826 10
2803 3258 8
414 16448 5
4567 13961 8
97 742 9
10791 10835 10
5301 12577 1
1768 22810 1
1479 9529 3
1887 7404 4
2889 7273 7
1811 7863 7
12349 20066 7
7165 20802 3
13226 14788 7
11360 11666 10
2433 18908 8
5580 16058 1
9450 15867 6
10336 19195 7
439 14304 3
1203 16644 2
4140 11439 7
4127 5358 5
3381 22563 9
14776 15729 6
12514 23982 6
11630 22689 1
3670 19086 9
8098 21871 3
3966 22137 9
6713 11040 1
13251 13859 8
3416 14725 7
7828 13698 4
6559 24946 8
5789 17723 5
5485 9283 1
654 4825 10
16664 24223 6
9632 21428 3
18993 20342 10
22514 24659 8
20930 24586 4
8329 15203 4
1629 14854 2
10826 13099 1
22649 23435 2
21764 22418 6
10147 15984 8
5162 15324 3
4997 5097 6
2129 18153 1
281 24902 1
1387 7385 3
7384 24612 5
418 23986 1
11051 21186 6
15962 22414 3
16251 18296 7
13739 22750 10
1475 17587 6
1125 20129 3
3414 12725 9
9101 16144 9
5631 5776 3
6179 24902 4
11101 22116 6
2434 21841 1
10332 15201 1
12033 13739 1
20727 22889 5
9758 18425 9
21236 22541 4
7032 14557 4
1658 1713 10
11596 24785 5
20536 20840 1
5107 6783 1
7536 12814 7
172 5143 4
19505 24439 9
14915 15713 1
12743 14532 1
4764 12846 6
6569 17610 4
7750 16235 6
14311 24293 10
4865 10891 4
21348 21398 8
3504 21250 4
11716 12914 4
5630 6551 2
22877 24623 8
13789 15865 6
3746 9450 3
6895 24438 7
13805 24408 6
606 2666 5
2279 16539 6
2018 15865 10
21052 24933 5
9798 19612 4
3840 9250 3
6511 16905 10
13024 23482 8
8685 23330 7
3877 7469 2
4248 23658 7
3274 7115 10
2334 20856 5
5736 23919 5
8820 14778 6
85 221 3
5547 22567 4
4893 8270 3
13698 22778 5
11019 14361 6
14247 23782 8
1934 12823 5
4539 9360 4
4468 16434 2
2658 9351 7
16898 20272 10
8765 19623 4
3844 22787 3
886 4850 2
10394 22632 10
9827 16674 8
13428 14195 5
7485 7698 4
4795 13826 6
5546 17996 2
553 5900 1
12675 18579 8
6245 14435 8
9578 13632 8
18514 20337 2
5834 24865 6
2977 22877 6
11461 12376 8
3045 10242 4
22544 24301 5
11973 18743 10
4309 19315 1
8747 14720 10
2453 2803 6
7139 11511 8
4373 18710 5
4268 11369 2
14720 18022 2
15504 19293 3
16006 22378 2
7221 15269 6
9559 18257 10
2195 14827 5
6116 22219 7
657 14313 8
5086 18720 6
21977 24268 10
4056 16114 5
12837 13742 5
3194 13704 10
5374 19749 10
8164 20692 8
5159 5614 1
5097 8416 2
8581 17267 8
1714 24583 5
23236 24014 3
3613 6843 9
4423 21012 10
8718 16928 4
2126 5195 5
6617 8290 2
19726 20267 7
12645 15756 7
11549 19557 5
932 15639 4
12267 22065 10
14397 22639 4
5623 20334 2
12864 19319 7
21865 22211 6
14096 18123 3
9472 22931 2
1089 6917 5
18435 19668 10
9794 24434 7
22517 22675 4
6336 22452 7
2513 10725 7
5561 19933 7
5195 18138 2
5406 9901 9
14165 14720 5
17523 24433 7
7625 18588 2
7599 10362 2
3173 23299 6
6918 21216 2
22361 24455 8
2222 7533 6
11322 16151 4
7989 10791 4
6810 23012 5
13395 17424 3
19014 24531 7
276 5242 3
2309 21302 6
7579 19218 5
23674 24736 10
3628 3910 2
4030 6897 6
1199 15816 5
23954 24055 4
19981 20438 10
11828 20347 7
2912 8897 2
79 3620 6
4187 13650 8
4141 18186 3
348 24049 9
17817 18026 8
6859 11588 4
27 3704 10
7952 13296 2
2834 11016 7
2920 9638 3
16582 16802 7
8361 13510 8
19843 20887 3
3960 7607 2
11509 12450 1
5162 17527 7
3288 19986 10
13933 15429 1
16587 23065 7
923 20914 8
8562 22560 2
13227 17966 2
3306 4165 5
1034 1269 1
4220 15865 5
1304 4539 6
12267 15850 1
2059 2700 7
44 2724 6
20656 23263 7
6486 23060 1
8072 20035 7
5452 19646 9
8191 8865 6
2890 12352 3
17454 21380 4
18289 18672 5
5076 12159 6
4996 14224 10
6642 8540 4
8115 20099 3
5569 21413 4
8603 17745 4
1085 19077 9
4647 23909 3
7496 17685 5
1711 21310 4
8029 10114 10
6642 24689 2
17753 17967 5
21970 22154 6
20398 20640 7
17699 18294 9
4055 7766 8
18271 23695 1
18237 22387 10
5136 12519 7
363 19308 5
5170 6013 7
6699 17799 2
15463 15527 10
4619 20201 8
15527 22776 6
5133 15117 9
13419 18647 3
8005 14566 4
6746 10687 5
2062 12159 3
10436 16355 10
8423 16178 4
12910 19120 10
4043 23447 5
9018 15683 7
918 9975 3
9134 21222 1
1786 15884 6
3539 5452 4
6363 13919 2
6069 7599 2
6882 18487 3
2084 22391 3
24754 24809 2
18062 24067 2
3762 18446 4
13561 13952 6
4796 11866 1
2317 21397 7
7895 10531 7
2888 20651 10
6469 24223 7
3061 12074 5
668 12042 6
11578 15801 8
17373 21004 10
14181 22088 9
4479 14584 1
1236 24665 7
3924 10908 7
3805 15459 2
12672 21804 10
3255 4888 3
541 9352 7
11864 18496 4
2655 4825 9
2864 20162 9
1344 14231 9
16961 21648 4
9918 13864 3
13410 24276 3
4786 16518 3
1514 2534 1
12203 17904 7
3195 9340 1
13760 18676 1
6258 17529 10
2137 21191 1
2683 8748 9
1863 23726 5
9408 24593 5
12967 13685 7
11351 13293 7
8899 18590 9
13034 14090 10
13341 22750 3
1274 17519 6
23915 24135 2
19418 24395 3
648 4948 3
135 4628 10
2755 22937 9
14162 24502 10
820 13865 7
1318 8513 2
2692 7904 7
16455 18829 4
5443 6970 10
10345 13399 2
18335 20248 4
3678 22446 7
13973 17202 10
6404 9728 5
13265 21413 4
21736 23681 10
2093 7070 2
13778 24498 3
4236 15951 5
481 12338 1
2363 3398 6
886 6202 2
9974 22008 5
3625 4043 3
11431 15632 4
3513 5783 3
5385 8948 9
4738 14857 4
5754 13683 9
18018 21382 6
4533 9450 10
5874 11507 2
9591 17569 8
5637 14688 2
17457 24192 7
882 20258 1
10150 20970 8
12012 19388 1
348 15878 10
9387 10531 6
14536 16147 9
506 22002 5
1397 14195 6
16849 20891 10
4217 7375 6
599 13675 10
11324 14587 1
4808 15838 6
19664 23860 5
3935 14378 10
6813 10044 6
815 1697 9
23236 23366 10
1158 18425 7
18579 24290 10
14041 22134 10
1961 12802 4
1366 14566 10
7249 8760 9
20347 24745 5
1441 17961 5
9539 21331 6
2093 12169 8
15607 19173 3
12806 19950 4
14134 22167 6
237 6624 1
1614 4324 4
16867 19822 9
12593 13663 7
3934 14536 3
4257 20646 4
5496 21630 1
8814 12515 1
11662 19123 7
10309 20361 6
5942 24890 2
16940 17777 2
3604 22000 10
12069 24373 3
3835 16040 7
1034 3366 6
599 20463 6
16154 20840 4
2457 2903 1
4373 5704 6
15674 23964 4
1274 18033 5
15563 20271 4
3366 13634 4
1459 11719 2
2493 11677 2
20876 23262 10
15743 22320 7
6798 8815 9
7187 20129 8
337 16599 9
3113 15741 4
23629 24609 9
13966 21165 4
1619 12547 10
4893 16430 5
1206 14095 9
20862 23832 9
22092 24684 8
7304 10639 8
4953 17250 10
2177 19473 3
16169 20058 10
10588 11479 10
10500 24975 9
8838 23153 1
23 1041 4
532 16617 9
7697 18212 6
524 10395 2
18492 20418 3
17901 21514 6
10561 13026 10
9638 20015 2
1658 2409 10
21223 23330 6
6363 18467 3
4414 6970 3
1467 24225 6
9352 24464 5
4783 8800 7
6006 23149 3
1242 13169 10
14393 15746 6
12114 20895 3
10874 12967 5
3867 7662 8
16802 20858 1
2218 20310 2
3289 7229 1
2940 18160 3
899 12134 2
3840 17151 4
16264 16862 9
12330 15459 4
4151 11093 9
9864 10891 1
12450 12939 9
609 7044 8
4981 14110 6
5555 19677 9
4569 14414 4
1129 15722 1
13330 14490 3
4274 9039 1
418 12571 3
9611 20018 5
10060 22840 2
2246 22192 3
6872 18527 10
1637 3650 4
2291 18588 3
4140 24050 7
5002 11538 4
1445 16771 10
2507 3669 5
4607 23667 9
149 10891 1
3681 16315 8
10975 17749 1
13207 19781 8
10727 11596 1
19591 20873 10
13708 23573 9
11844 14032 10
19337 21318 9
16316 16434 1
23919 24910 5
5673 22425 4
498 7169 10
7819 11741 7
7390 13742 7
2668 20202 5
3669 24989 5
804 13225 10
11898 18842 7
2544 7972 7
1091 4026 7
1309 22196 6
759 6731 5
15270 16582 3
1245 15548 9
1579 5654 5
14566 18304 5
9781 10782 2
2307 7428 1
6246 8780 9
5957 17314 4
4622 10060 3
3503 16188 1
974 16201 10
8243 12869 8
20521 22022 4
2872 3942 2
11188 22430 7
7447 7567 4
5870 7863 8
16871 17654 2
18438 20221 2
15801 24269 10
14372 14473 4
2084 20041 4
2128 19234 10
9629 13918 6
17590 24336 10
4987 12438 3
13450 20862 2
10002 20996 5
15690 22682 2
6481 17209 1
16263 23401 7
15066 16698 8
6446 23448 2
12004 14040 2
3542 13778 1
2223 13185 7
2223 21019 6
7625 9747 4
7547 10411 3
2317 2688 9
1603 5562 6
4370 24759 5
670 11828 10
8564 21163 10
17091 23294 5
11855 19205 10
12866 14804 6
2002 11830 6
11784 24761 10
7463 19426 8
1711 23016 1
7304 8186 3
5435 22510 10
2992 23388 5
7453 22576 8
3586 24620 3
2099 9268 1
4056 11500 7
16633 21082 6
7893 17275 6
2406 10687 1
193 20462 4
8220 16627 4
11056 16434 5
811 4647 7
8010 14702 5
19016 24637 10
4048 10411 5
7494 16365 1
13561 15119 4
13447 13726 9
1585 23374 6
2799 23416 4
6840 7136 4
2091 12646 7
10579 13940 4
7062 9615 3
1268 24476 1
9356 18748 9
9557 24028 9
8898 13837 5
4271 13986 1
5783 20619 8
143 8098 9
12768 22713 5
6706 22033 4
2965 19311 10
6177 17130 4
5558 9977 4
23182 23586 6
1146 5647 2
1212 4048 10
19908 24874 4
1728 19156 1
20260 22192 1
8313 20362 8
888 10550 8
569 12923 7
489 22841 6
2513 11607 7
3238 7625 6
5080 13686 7
3230 4845 2
5061 22112 3
16815 22929 4
8101 22582 9
2084 5352 3
3612 17675 1
6567 10391 6
5239 13984 1
15633 19615 8
5481 8782 10
9984 20859 3
6307 19423 2
19615 22635 4
1785 9276 8
12541 16905 9
3640 4988 8
9683 17385 2
2324 7607 9
13144 19814 10
3238 5415 2
4145 13164 10
4519 23909 10
4132 8786 3
8150 14231 7
20499 23693 8
1244 16373 5
21262 21413 2
4671 19605 10
5031 10264 10
9291 24910 5
3275 16619 10
8817 21629 7
16616 22996 2
10443 24890 6
3496 8865 4
3513 22645 10
4236 10593 3
14473 22099 9
7249 15900 7
14490 19725 7
6652 21590 2
7079 15386 3
2664 19177 1
1697 14169 2
1268 14656 6
20108 24834 10
6251 18496 3
354 8062 9
10851 16264 8
17855 21704 1
4309 18529 10
12216 18348 9
791 5614 1
10212 14074 10
7698 21298 4
11238 23786 5
6844 21497 7
21644 24320 8
7975 19821 7
19195 19219 1
12042 17268 1
3088 15653 8
1159 7715 7
4168 4974 1
12838 24609 1
12073 21871 9
3499 8822 6
2458 16771 5
1643 4150 8
13389 15722 4
20041 21387 5
980 13829 4
339 18058 3
20822 23686 8
10356 21956 2
11286 16687 3
2790 15428 10
9842 12438 2
6077 13257 9
12069 18611 9
9367 19441 1
13579 21190 10
7893 13131 6
20970 23377 1
6513 12802 2
10347 22167 2
12785 14490 3
10258 21255 5
18978 23291 4
12645 22441 7
8610 19103 1
2826 22399 9
42 15587 1
15148 16928 2
185 14094 3
1989 12694 10
13313 22320 10
14410 14599 1
1346 19393 10
14791 18175 7
532 22538 8
503 3377 3
5080 12446 8
14454 16300 6
9674 15359 5
3673 17685 1
3277 6671 10
10137 18814 8
917 20427 8
8333 15193 1
3305 4179 9
708 19400 3
14940 23290 5
14422 23127 5
16383 24313 10
20274 24729 9
9105 22682 5
18262 24834 9
10921 11596 2
3924 11426 6
2413 18502 2
12666 23994 10
3681 24725 3
810 13893 2
12 18974 3
2170 8810 2
12168 23404 3
16144 20602 10
7059 23404 2
8226 16603 10
4201 18075 2
20574 23625 3
9146 20896 9
12427 18656 6
3088 24969 8
9716 16599 4
11220 12997 3
1794 15210 4
5409 18887 5
16373 24877 5
21686 22861 7
10157 23384 1
10765 17192 3
5252 17925 1
15023 24714 9
20903 22030 1
10049 15279 5
16116 20455 8
15064 17022 10
15488 16547 6
7138 9039 6
1780 17243 6
6615 8228 2
23123 24851 8
8841 18798 2
19892 22217 10
10458 13227 4
2939 21151 10
12237 16532 5
14100 17539 8
19602 23067 7
691 14076 10
13402 18830 6
8993 11490 7
4391 19309 2
692 18130 8
3554 14178 8
12427 16630 9
144 18237 6
211 14336 7
16945 21578 9
2276 13588 6
3357 13466 8
6505 18134 2
3277 12680 3
14198 15167 5
9625 23820 9
153 4151 6
4694 9281 4
11189 14178 6
4943 24477 7
3209 18640 4
5378 14270 1
2433 10875 1
12110 13849 2
10357 16373 10
775 23153 4
1596 9916 6
6878 17022 10
13474 20834 2
11486 21236 9
15616 18074 6
6861 22102 10
4179 18569 6
6002 21756 7
4602 7949 7
13040 14793 7
17883 18492 4
1337 17792 1
4196 8259 9
5136 10256 10
1876 21236 5
139 17449 1
5375 7171 6
11876 19502 3
9313 24186 1
12541 21501 9
3570 11893 9
12755 12775 5
1023 15157 8
5475 17087 4
18110 22102 2
9352 19201 2
18488 21298 7
3352 22214 8
17325 24152 4
2522 17529 4
14130 20930 2
4196 10998 1
19417 21397 1
1337 3422 7
15179 23416 6
9769 17109 7
556 23579 8
595 17284 7
13364 16673 3
2919 9946 7
6626 22538 6
3511 19783 10
13636 24033 5
7768 18028 5
12470 19529 6
6833 7135 8
7485 17760 2
11656 12376 6
13018 22647 4
7214 9808 10
13973 23453 3
3731 7135 6
13515 22536 3
4747 7138 1
15064 21760 2
4924 12157 4
14200 19780 3
16428 19732 9
5443 24677 7
12461 19193 9
19101 20602 8
15438 22563 1
14527 20613 2
9190 12869 6
6970 11476 1
7028 23035 9
6637 16244 8
235 14032 1
7390 10235 2
12461 24471 6
9066 17955 7
12922 19316 5
431 23542 9
11431 18155 3
7394 24593 8
1957 6843 5
465 21594 3
7109 18470 10
15157 15414 9
3623 20509 9
7178 23236 3
1445 20628 8
4037 4414 2
13984 15568 10
10150 23618 9
4810 10240 9
1902 18335 10
3866 17855 9
6843 15050 7
4297 13419 5
3323 13488 10
1522 11549 10
4988 16785 7
20317 24455 10
12727 24433 3
13461 20443 2
3707 7642 10
1061 15191 5
1569 5309 10
6659 8610 7
18975 21324 10
5868 22541 2
3195 21995 10
133 18335 9
4200 23281 2
8048 18318 4
10570 12482 6
1903 16509 1
19474 22284 10
1236 6361 10
2978 4156 8
10240 22663 2
4514 15686 1
7227 14134 4
15182 15607 2
20621 24603 7
9479 22396 10
1825 4991 3
1524 15668 6
9679 17101 8
3043 11662 2
1728 11217 2
17361 20996 5
343 20647 3
6362 21977 5
5498 22763 1
1997 4392 10
3998 15276 3
376 2279 10
16929 18901 10
525 9224 1
5560 24944 8
11511 11861 6
1474 9276 4
18253 21271 1
13581 21324 1
7642 10820 1
4845 22304 9
65 3881 4
17183 21190 5
14825 16608 7
3409 21222 4
698 14299 7
3241 8290 9
14788 20663 2
18110 22886 10
7369 22841 4
7087 14765 6
1623 8655 9
7718 20265 10
10458 12633 10
1713 18046 5
6562 8040 2
8147 9918 8
16318 21792 9
1787 24902 6
2880 17808 3
7404 15484 6
3008 20647 3
8987 15205 2
6115 15415 8
13136 20856 10
21519 22871 7
4306 11315 9
599 4407 7
1848 2497 6
8621 12017 1
1079 19021 10
16648 18908 7
1172 18408 9
11948 16596 10
3703 20512 6
10713 12091 8
19976 24268 10
11336 21360 2
10646 14647 9
7052 9230 8
12102 16697 8
12873 22675 9
1883 14065 10
4996 23342 8
4238 22937 2
15050 21090 4
13486 24791 8
1851 14824 2
19293 22362 6
16183 24266 10
10257 11674 7
6202 7920 8
22772 24960 4
5233 19894 10
4967 19514 1
5435 8066 7
2179 22780 2
1150 23748 5
5649 9938 2
4756 4863 7
6161 24256 6
1137 4999 8
1495 16161 3
16611 23300 3
2225 6359 9
1340 9957 8
980 19372 7
8226 20767 7
3422 23049 6
2144 23806 1
8210 9937 10
14311 15595 10
882 22535 5
6699 16652 9
11358 15930 9
5303 8478 7
8290 14035 4
4397 22675 4
8822 14881 8
8768 11578 5
9998 10099 1
1831 13034 6
22670 24162 3
10202 14224 10
12913 18069 7
13560 21016 2
15005 20317 6
2098 16555 2
8229 22339 1
11286 12578 5
9529 23479 1
13960 21090 8
23520 24890 3
6537 8505 2
6097 11418 3
3092 3233 7
5391 24416 5
3220 9131 3
17216 23658 4
1222 17284 2
9363 16518 9
5816 15202 6
1611 8590 7
2731 16754 9
12743 14829 2
11 20542 4
12427 12761 4
18496 20340 9
24557 24736 7
3395 23330 9
14800 16341 6
11645 18786 9
21314 21749 7
450 4913 8
12802 15274 4
1430 16161 5
11798 20258 6
3978 16640 6
2692 21529 8
7634 20631 3
12438 13057 1
15224 23610 6
5564 16069 1
4596 21170 9
2548 22839 10
436 10291 6
1366 11499 8
965 14827 9
13377 21567 7
4419 22953 3
2568 17602 9
8010 13745 10
20269 24330 7
16116 19224 6
6245 12625 7
4729 24464 7
12385 17944 3
7489 24841 1
19879 23236 7
3617 12482 9
3928 6644 1
9537 23151 3
9136 23294 2
984 8835 3
15873 20142 1
5237 12130 1
2666 19692 7
3345 23865 4
12124 24148 10
9309 9388 10
8938 10646 10
21935 22576 8
4834 10787 2
10888 19495 9
7893 17422 4
77 23792 9
795 2413 5
11016 20204 9
7487 22875 6
6572 24317 10
111 3419 10
8748 15096 1
10085 24219 1
21011 21052 3
16104 19371 1
8730 15325 5
13750 22850 6
4924 12176 4
17577 21244 2
8594 22701 7
13428 24475 10
3492 19120 5
3966 20854 4
1158 10793 9
15021 17156 2
16608 18573 4
1972 10466 3
10410 22256 5
4875 14850 7
8841 9633 2
8905 12743 9
6161 9368 2
4596 19216 6
8138 18471 8
18181 18842 6
6746 18418 7
21314 22071 7
14074 14544 10
17376 20271 4
4055 22545 7
948 7533 7
1309 18910 1
6350 24707 2
18711 23799 4
13101 15986 3
2183 20725 2
1445 18043 5
10060 14127 3
5312 9360 8
4359 24196 7
14242 19923 4
3492 12433 6
6663 8210 5
12879 21644 1
9445 21864 7
17332 23213 6
12755 22363 7
6220 15729 10
2912 18486 5
1759 15148 5
6317 17936 4
5253 16459 1
6945 13846 5
1757 3376 5
1625 8788 10
3523 8098 1
17890 24523 4
11674 23310 9
10392 19839 1
2214 2228 9
13077 21947 5
13089 19131 7
876 17801 4
3116 21351 9
11908 18897 2
18666 19982 6
9689 22623 3
1814 17025 8
11531 14776 9
591 13286 3
17098 17233 8
1863 12279 9
1523 4825 8
6837 12598 6
2165 4585 10
10494 14871 8
13278 18673 6
1316 16770 2
17339 24557 8
22602 24603 9
3141 3366 6
14315 21360 1
1681 9937 2
7294 19780 5
4760 6477 7
463 22351 1
4050 13893 6
13294 19602 8
7830 14681 7
9351 22982 4
13952 14514 2
14788 17520 7
17420 24385 4
4376 16453 1
9408 22727 10
15234 20283 1
17372 20066 5
8649 22784 5
980 8463 9
5367 15234 1
3048 15639 8
7975 22159 4
4056 16299 4
15250 21155 8
13459 16945 2
5350 14566 6
9425 10995 9
21016 23945 10
6246 21469 3
20190 20774 5
5772 10022 3
3260 22610 5
9381 16901 3
7646 16779 1
7673 16560 5
7455 17590 9
13343 14795 6
5827 15113 7
3923 16860 2
16852 21121 6
15747 23433 5
6027 14168 2
8942 21564 2
5193 14584 3
13029 15371 9
5339 5614 5
18081 22284 1
11468 22411 8
844 23964 1
7892 11413 6
797 17485 6
2346 21321 3
9703 16169 7
5252 14354 8
6097 21830 10
17545 24185 3
4268 7752 6
11214 20751 3
2901 15386 3
5458 12339 10
7273 7708 6
266 16782 10
20717 21592 2
9916 21275 3
6511 16433 1
20921 24948 7
10810 17507 4
4500 12802 6
962 14393 2
21997 22017 4
14357 22756 8
11500 22156 3
8039 20365 1
7461 20876 2
8814 14899 6
203 653 8
7428 9564 3
1728 11228 4
4457 14776 2
11919 20084 9
3507 21059 2
1404 17939 2
7094 18976 9
2475 10983 2
9733 16316 5
3248 10494 6
594 9553 6
6485 7304 6
354 8694 7
10798 20175 9
7587 21864 2
14361 17336 7
7432 17454 3
3753 6881 5
5337 8841 2
17821 22032 6
437 23833 3
8765 15526 9
2453 4469 2
17613 19716 4
5515 10751 5
114 22778 4
15500 16481 3
14962 21758 9
3066 11276 4
8626 19831 3
7483 16341 7
6811 13685 1
15042 21478 6
931 1764 5
10223 13790 6
11103 21956 8
8986 16344 3
12482 18122 1
17694 18046 2
5246 6375 3
704 23457 6
6556 21113 1
1308 7451 10
14474 21706 7
2113 20536 8
14094 19604 4
9352 22915 10
12276 12379 5
2829 4016 6
19948 23909 8
14464 17165 6
1882 23030 2
968 13852 4
10550 24550 1
3422 17199 3
8247 20649 5
7523 13914 8
3998 4846 5
3008 3530 1
12775 13463 5
6812 8613 6
18296 22825 5
5133 10286 1
702 11251 10
3061 11492 2
1886 8034 10
5910 16995 9
7986 13954 9
11362 24101 2
18200 22479 7
14462 22715 3
14981 20833 5
5774 16333 4
7737 8833 9
10810 11105 6
6149 15921 1
18279 21609 9
12864 16393 7
429 15359 6
20162 22797 4
18509 21672 2
85 11769 9
2243 22886 4
4303 9701 10
12377 19535 3
1843 12169 8
2787 5770 8
18125 24945 6
7270 11575 8
18166 20225 8
10365 21324 4
433 12921 5
12126 22983 7
44 9732 4
7418 17209 8
3530 22168 6
6866 12864 2
1557 9180 3
10094 16697 3
13711 20749 1
16790 20129 6
6361 14588 9
15812 22871 5
7177 22217 8
4407 14719 1
1742 11728 8
461 20265 3
2143 3600 7
17275 19828 8
15296 17738 1
13069 19986 3
7074 11591 1
19193 21911 1
14872 22108 2
670 20496 4
258 24416 8
1473 15548 8
16104 20880 2
10689 16501 10
8672 16802 4
3553 7683 9
2141 3612 10
144 2426 1
19383 24199 5
10002 22216 9
23404 23747 4
17122 23556 5
3575 7342 9
7356 19781 9
12412 15633 5
4580 10993 4
9264 16849 5
5268 15995 6
2191 22794 7
7625 12072 3
7451 10170 5
8849 18124 2
85 22259 4
18033 24096 1
9804 15285 5
11596 16469 6
195 5749 4
13954 20394 1
1125 16914 3
3339 9100 2
6706 10572 7
3029 7575 9
15111 18748 10
270 19242 10
1440 20767 5
12607 13940 1
2263 24613 9
4313 6624 7
2671 15477 9
8136 22701 7
4016 22620 9
4125 10365 3
3746 16662 2
3821 14640 2
4375 5321 8
9475 23586 1
14106 18830 5
10388 13337 7
1720 1888 7
7670 14304 9
8717 16202 1
6036 12914 1
4257 5023 7
21012 22095 6
10558 13865 10
728 21068 3
11490 23282 9
13419 24929 6
2446 5492 4
5672 6840 3
22623 24857 4
4600 16330 4
21544 24395 7
14487 15552 10
12535 21388 10
15049 18318 1
8205 18069 2
19822 21171 3
948 8357 8
21469 22227 5
7044 18918 3
6250 23393 2
19112 22041 7
11379 19078 2
644 6247 9
210 10975 10
3398 22069 1
5746 14125 2
8704 19399 10
8961 18920 7
1076 8391 3
6367 9615 6
2829 20567 5
10729 18043 7
13364 17363 10
962 20849 9
6261 10078 7
6104 23865 8
7907 14850 3
14990 18029 4
4037 18174 8
8286 10352 7
6518 20463 6
15285 23738 7
15546 17178 6
1546 18304 1
897 17236 10
15821 22217 5
3261 17908 6
12864 14523 1
1788 13029 1
3970 16214 4
2160 23905 5
9378 12246 4
569 14211 7
12916 13675 2
9311 15449 3
4568 13329 6
844 22824 2
6333 24912 5
1057 8187 3
3928 9819 6
4110 13447 10
8984 19152 2
15096 21975 5
10291 24781 4
19506 22659 2
211 19696 4
4343 11253 9
5054 7817 8
5172 15248 1
5191 24434 2
18975 20426 1
17700 21014 9
15498 21707 2
2897 22284 9
8852 12042 5
13522 17459 2
898 8472 2
579 15415 7
17418 19319 7
981 2098 7
1762 14422 4
8627 22339 4
8444 21707 8
7709 21648 10
11753 12715 2
18748 19167 10
14383 18074 3
3576 4310 7
805 4340 6
6336 9052 9
7298 9188 5
20105 22643 1
12480 18838 3
44 15738 6
12438 19526 7
21532 23818 9
19696 22282 8
19438 24049 1
9250 19352 3
4599 24475 1
5301 5753 3
14718 18357 3
19826 24212 1
16941 21171 6
16754 17891 2
1894 24713 8
5470 10125 7
9995 13278 8
6944 15157 1
702 24998 4
6183 24416 2
7115 16999 1
3441 5452 8
20842 21236 3
5860 8603 4
1186 20589 1
7803 10964 7
19528 21378 3
16058 16841 8
17561 21637 6
4197 15964 8
15048 22068 6
18862 22028 3
11114 20647 2
8343 16224 4
3471 3704 2
1790 18418 6
10085 17625 5
3963 24765 2
1775 19417 6
8335 13265 1
368 23806 2
7582 19735 4
5908 14899 2
7469 19788 4
6099 12174 3
5289 7351 1
1404 13183 5
8616 13521 4
2630 10433 4
2417 22538 7
2091 15464 8
550 17839 1
9538 15935 9
9382 13634 10
22320 24892 6
14269 15974 1
3166 4238 3
19212 20343 2
1030 3485 3
4010 18467 10
6080 22565 6
7249 23472 1
4351 14067 10
4150 7902 7
12456 21041 1
18605 19803 9
4497 7991 10
11252 12654 7
19814 20884 9
3864 24121 2
1038 4056 1
3458 23281 5
8039 24588 5
11560 17799 8
1939 15488 3
10274 20687 7
16945 18236 7
14042 14067 8
3045 18982 1
161 15294 8
10416 21647 2
3998 9860 5
15372 23725 6
8500 10874 10
12791 16961 1
10133 13182 10
266 8204 9
11159 16104 8
1294 6485 5
21613 23100 5
1502 9911 10
13103 23314 3
887 1713 4
5484 10599 9
3811 4856 10
2919 19576 10
9100 9657 6
2434 8660 7
2886 4110 7
13103 20946 6
15619 16673 4
3850 22780 6
3255 16460 8
4783 23362 9
18271 22774 10
5481 10093 5
2396 21166 6
3468 22922 7
128 8748 4
12169 16502 10
203 5224 3
13251 16544 4
19136 20576 4
14094 20454 5
10362 15666 2
13933 22758 8
11964 14361 3
10445 15449 2
3483 12936 6
3242 7911 4
19505 23471 5
4519 15384 9
17227 20751 8
5378 12317 1
2123 19803 10
5408 7531 10
3200 14165 9
5410 24968 8
3285 12864 5
2643 21756 9
4699 21004 9
962 8132 9
7828 18997 5
19137 20365 4
11036 19826 1
3080 14355 7
2178 18035 1
21747 22694 2
22413 24319 8
8388 15628 2
7712 10201 2
41 5052 2
11327 20332 7
9924 22859 10
3134 3306 9
7417 17151 3
6642 9549 10
2359 20536 4
15679 20625 2
3621 16599 1
5861 14197 5
4565 5716 7
8709 13425 1
2635 22378 8
13715 20266 4
7019 15420 3
7599 14763 10
19476 23356 4
6284 22580 9
19538 24706 5
7049 24589 10
1942 5867 3
16662 18332 5
5777 20774 1
11764 24531 10
3748 4791 8
1030 19947 3
13999 17820 9
8652 18212 10
947 15397 2
11905 24333 10
4316 13053 7
3395 16414 5
1197 23786 3
23620 24977 9
3461 8652 4
2738 12689 5
3533 15042 9
16711 20512 5
3306 10736 5
18125 22633 6
4179 10337 10
10435 13980 6
5646 16883 5
17268 19069 2
3537 16606 5
4973 16012 5
7214 18111 6
9937 21009 9
869 23466 2
806 11101 10
5560 19334 8
4488 15756 8
5852 18174 1
5774 7970 2
4391 10775 6
1255 10755 1
9261 22639 9
3916 9901 6
5709 24514 8
3640 15636 7
15516 17818 3
24276 24711 8
20536 22920 8
4974 15341 2
2468 5224 2
2401 17202 2
5793 24326 4
1480 11759 9
832 8163 7
22819 23549 4
2101 18952 7
122 11830 6
9093 11449 9
4958 7493 1
1431 21896 9
9974 23617 7
9494 17533 7
8987 22232 5
11678 24209 10
11287 11598 8
5170 8842 1
7193 24828 5
1768 14502 8
8176 12412 1
12269 15415 2
3820 23202 6
2534 6563 5
778 17051 5
2214 8467 5
792 23290 2
575 1847 2
6947 20365 7
1626 5208 5
6881 24272 4
17609 20895 7
5311 11195 6
21919 24301 1
10687 20506 8
9403 11211 4
15290 16373 6
14474 19920 1
1047 7986 8
3136 5065 2
6280 9330 2
13460 17332 6
11358 24863 1
6077 8450 4
8015 23504 10
2626 7933 2
4043 10919 1
4676 15201 8
7665 10727 3
2023 21376 3
16079 22256 7
1172 9428 3
11591 17108 6
21739 24809 1
2690 15619 3
772 23176 7
12633 13363 7
4972 24980 5
7004 20692 6
5424 12275 7
17699 24962 6
12580 23179 9
21453 24911 3
1079 7175 3
19886 22251 7
22205 24807 2
7221 18694 6
818 8228 6
15060 20660 4
9625 11365 2
17455 24276 6
6007 24813 6
161 20230 10
2491 6105 10
22365 24363 3
4124 22794 2
9454 17504 3
9165 15025 2
13943 21156 8
21103 24824 5
3881 14969 6
544 17746 7
10385 24433 4
155 23937 7
14378 17482 5
16730 19726 10
4424 11919 6
10579 11006 2
3902 5647 1
2901 24155 7
3312 17186 1
5583 23643 8
3773 15577 7
3710 15269 4
16897 22723 8
10107 20976 1
9838 21568 8
3963 19550 8
7389 12630 6
8362 22424 5
3083 12826 9
65 11991 2
8478 16552 9
4495 20202 8
10742 13420 2
3760 23545 10
5828 8408 1
1818 20500 1
3002 7638 4
5594 15809 4
2143 6814 4
1486 14130 1
15333 16518 2
250 16445 9
7300 12083 1
15394 21018 7
10999 23736 4
5366 14090 7
12590 23667 5
683 4808 2
1961 6707 4
14216 22460 6
8241 11742 9
5794 12433 4
990 22036 9
21622 23100 8
10384 14410 1
4310 6432 1
1104 12172 7
21416 23881 10
5694 22745 5
7399 10347 7
3328 21648 2
8343 19129 6
5457 19526 4
11809 14656 5
3232 17780 8
11657 14169 4
14200 24302 5
10178 22974 10
19995 24096 1
14487 24970 6
5647 8733 3
9559 11639 4
5364 21735 3
10068 16448 7
1436 18824 8
10609 11549 4
14709 22864 7
197 19896 7
904 13045 5
15477 15872 6
6813 21406 6
2371 5065 1
4978 23305 1
4535 12135 7
7684 16304 6
13227 14591 6
3134 12893 6
7046 11442 5
839 24266 10
840 12672 2
13630 19600 6
5424 6739 3
8220 16068 4
5445 21317 6
12577 15997 3
20266 21507 5
6855 8710 4
17340 18206 10
379 16218 4
18227 24650 3
10178 16231 2
8192 10719 10
21791 22792 1
716 3850 8
11322 13365 8
10605 14829 2
4730 14315 7
3513 20966 6
13698 22779 10
7739 19372 5
17219 22881 5
11206 13462 9
10963 22859 9
1303 15505 1
2834 14086 4
9649 22776 8
14020 23756 4
8529 10310 2
7893 24415 8
14046 17265 4
14886 24557 6
14464 19374 4
13082 19550 2
14784 17475 10
18569 23234 7
985 20704 4
15 6496 7
4284 23354 6
8734 15361 9
4898 11426 6
11002 20344 7
1161 3926 7
1904 22764 4
10598 17429 2
2487 19602 7
11916 16012 8
7429 24145 4
3989 19839 9
12620 20873 9
4967 12129 8
8241 11023 5
13604 20142 5
4492 21890 10
11612 24774 5
14876 22633 4
11367 24556 9
11893 18268 7
16367 23751 8
1615 15428 8
5580 5802 6
8601 12590 8
2679 5386 1
10684 20712 6
1928 18240 1
6077 13620 8
10856 24196 10
463 16537 3
21557 23114 4
8136 10488 2
18132 21191 9
4718 6968 1
6824 17066 10
86 22147 8
10942 11156 5
17564 23436 7
4170 18974 2
15114 20794 4
18807 20593 5
10727 12751 1
6861 7668 5
3019 21331 7
10134 11723 2
16404 24276 7
7664 17962 3
1042 17848 1
6295 22601 8
6657 7575 10
9465 24227 6
16262 23912 7
2933 18234 7
20221 24835 7
3088 13208 3
11811 19978 4
243 10581 10
15135 17901 3
11833 14127 1
2955 3821 9
3966 12320 9
17469 23435 5
559 3949 6
22192 23886 10
3910 6278 7
11742 18399 7
302 14454 4
14056 19362 7
3673 10156 7
11212 15459 9
14761 19183 10
7296 12585 10
16087 24680 8
2143 2442 9
7339 24541 10
4482 10093 1
8361 15374 6
8897 16818 10
14757 19947 6
217 22722 9
1089 16391 9
3578 13791 5
12843 21414 4
1113 17654 3
7093 18181 9
4483 12332 1
7079 13601 2
13277 15838 4
2351 3924 7
606 6851 5
3398 11273 9
6000 6205 7
8034 22420 6
14648 23937 6
13700 20340 6
1714 18443 4
2486 13265 2
3762 7592 2
10596 14098 10
14198 22296 1
9768 15117 1
8429 15560 7
11103 12399 5
20155 24401 10
3604 21208 7
6175 13313 3
3352 17743 4
7115 19884 5
15263 20144 3
13072 24892 10
898 7317 5
916 13249 1
14309 15505 8
8039 21655 1
8841 22100 2
5616 11973 9
5504 10465 4
683 13319 2
3686 8513 6
397 8279 7
6590 16691 9
5010 9842 6
4442 4913 8
8544 14224 9
2441 14291 5
5303 23838 4
10934 19753 7
3244 16046 7
819 12803 1
18778 21975 8
1756 6709 3
10729 19707 2
2480 6177 7
4568 19872 10
3499 7510 5
791 9420 1
4722 11565 10
20060 20127 6
6064 22059 9
792 10977 8
839 23222 10
7782 16129 2
6287 16606 10
8010 18462 3
1180 17051 5
2520 17422 9
12798 22857 1
6866 13153 10
691 8783 3
6998 11644 10
811 11653 5
20450 23377 2
2742 13184 7
21630 23606 8
7011 22669 8
775 14005 8
907 3617 10
5939 8559 3
9407 19724 7
14559 17590 5
8243 12881 2
11511 15044 9
2925 18324 6
15519 19167 5
5190 8327 5
13350 23542 6
6352 11752 9
7294 21909 7
4008 18833 8
7384 15651 4
19720 21065 10
8347 15746 5
654 5681 1
7430 18897 9
5452 23109 5
8615 24809 1
9171 9477 4
2401 15909 6
276 16094 1
5002 9619 6
1630 10135 5
1206 18085 4
17668 21637 1
9125 24053 5
2129 6016 9
2135 13420 10
9454 17521 9
13474 13773 8
8189 10356 1
12537 24865 6
13232 14759 5
8343 15888 3
5120 13288 1
1818 18626 7
7500 18891 1
20211 20589 3
4293 7951 9
19039 21688 3
10497 11455 8
575 2006 6
4069 7821 9
9396 14876 9
9524 21827 10
14311 20381 5
5448 6912 8
3037 5143 5
12922 23162 3
5268 21773 8
3866 17413 9
3697 8717 6
15448 17376 4
14703 21262 2
6163 20687 6
11513 12838 9
16048 24625 2
15681 23262 8
8458 14853 1
2634 4493 5
12362 13776 10
7435 8015 1
15946 20745 10
5594 9373 6
5496 15966 9
7178 14082 5
10000 19753 2
4159 16829 3
2635 17315 5
2497 23816 10
10828 14722 1
4265 22078 10
18609 22087 8
8787 18343 10
15109 21865 2
8423 14716 6
17339 18080 7
17210 22690 9
22784 23326 2
9987 14251 7
13458 21501 1
4450 9559 4
8231 8279 6
2514 13069 5
2156 15342 3
2244 10419 10
18726 21041 3
13532 18223 4
645 9819 7
10451 23756 6
3872 13634 4
6425 23401 3
7645 15234 6
12829 21575 6
19604 24543 1
5812 11013 1
133 2076 5
8280 22305 7
11156 14052 5
9396 15767 2
818 13545 6
32 9671 6
10044 22614 10
6944 13754 6
23916 24590 9
549 4791 2
5424 20721 7
9659 14398 5
4796 20404 2
8267 16476 2
7989 21038 2
17267 24965 8
1530 5431 5
20414 23144 2
6926 18186 2
4891 11759 8
14418 17700 4
9065 21314 2
1178 18185 8
2453 22947 7
15833 24344 3
4371 10532 2
1513 6280 9
53 24302 9
5553 21544 3
19884 22129 1
4824 7821 7
6946 24929 5
4768 23479 3
5155 15491 10
17328 23769 6
1288 1629 4
4064 17116 2
16932 22764 4
7829 11336 5
8783 13100 5
5492 14306 10
9878 19780 3
20674 22308 4
3022 21676 6
6911 18122 1
12633 23022 3
2711 18418 7
8471 24684 10
2312 22941 7
10956 24716 5
1397 14623 2
5630 17509 10
723 20787 3
340 12267 3
2668 14622 3
3244 23978 2
3233 5451 2
599 17785 10
13051 21217 10
1647 1939 7
91 14040 3
12713 13082 8
7010 18141 10
11677 14072 1
19393 24573 7
1130 11156 5
7500 11950 6
15957 18561 4
1639 16883 4
4409 24284 1
9576 20622 2
2679 20012 2
762 14306 1
2549 18832 1
17001 17962 3
6217 12627 9
4945 11407 10
6006 7871 4
3260 4188 8
4372 8270 1
4628 12367 8
17187 22544 5
6821 16097 10
2791 3511 5
10310 24738 8
6974 7002 4
15270 17600 2
19497 24749 8
2137 15024 4
15428 17484 2
14372 18551 3
12983 24244 7
9312 12461 7
8602 20480 3
5883 12279 1
21682 22390 10
16808 21194 1
4981 18473 3
688 6381 9
2363 8451 5
11192 20225 9
8718 10453 7
10258 23190 1
4600 13264 9
2783 20751 1
97 3841 1
20141 20171 10
15669 18050 8
9168 14397 4
12390 13900 6
3765 20834 6
18075 23303 5
7046 14579 7
3834 15668 4
10993 14325 4
16244 24255 1
328 16636 9
8164 9518 10
2541 12936 9
2602 16300 7
9827 23490 4
10356 16738 3
7487 24068 7
4947 22111 4
13848 23711 8
7304 9048 6
8005 20134 3
5152 11923 4
3704 21596 6
8304 21747 9
13711 22267 7
2671 10518 7
4076 9786 3
9584 18175 4
9393 15109 3
1418 15827 8
6250 11398 7
16144 22325 10
11612 14847 7
12727 18259 9
11513 14749 4
20835 22445 3
22653 23294 10
17158 21222 3
11304 23288 4
837 15324 3
17586 21864 9
91 7754 9
12896 20692 10
5572 15042 3
11777 12545 2
1471 22598 8
14199 21050 9
1076 4153 6
20118 22101 9
1506 12203 3
11393 11428 8
13315 18144 9
12201 18093 10
4512 22032 5
2926 8357 4
5237 21106 8
5036 9309 5
5369 8655 4
6284 6718 6
5554 9420 5
7906 10048 3
11379 24978 6
4843 14422 10
10388 17902 2
17126 22161 3
6598 13068 3
12108 16766 9
9701 14026 5
18893 23288 8
10942 19228 6
957 1215 9
1164 12877 6
8136 23742 9
436 21717 8
11538 12844 10
10605 22832 5
8730 11942 8
19380 23330 4
19175 23176 5
6385 12480 5
20066 24849 3
3847 6375 3
9484 17125 7
3632 13945 7
3426 7052 4
113 4372 6
19216 24695 2
14798 19193 5
13231 20233 4
21653 24713 6
19467 23388 9
2679 7503 5
6505 21894 1
2129 17200 2
1843 4312 9
2564 11591 7
22837 22922 4
2031 10002 7
4817 16914 9
11697 18509 3
11755 19677 3
5424 20140 2
12072 23185 5
17776 19885 6
4873 14134 3
519 22320 10
15201 23056 9
16196 16983 8
13954 24097 3
16790 18858 3
2890 19408 1
19724 22215 2
18005 24336 9
10242 21123 7
19438 23721 10
5290 13729 10
4766 8293 6
6344 15490 8
14075 24798 6
5147 6019 4
12826 13071 8
5020 21052 2
14207 21897 7
6508 14778 8
12461 23701 7
3229 14690 10
3230 10028 3
22134 23789 5
1598 3940 7
9512 11785 1
17800 22584 2
8892 18197 10
2077 23918 3
22314 24605 8
564 9135 9
1539 23820 4
14840 19823 2
18529 23333 3
2118 15328 10
13979 24177 7
13190 15024 2
6404 22141 7
3698 7906 9
6600 10919 4
8828 9516 2
820 6379 4
5942 15017 7
4646 20943 9
15913 19384 8
1803 12134 1
7039 13630 4
4309 24552 2
5664 16434 2
15603 24623 9
15019 23916 10
18707 19562 2
10599 16090 8
18777 22861 4
14354 16893 9
4525 10942 9
3384 7912 2
10129 16208 3
11115 16104 2
6877 19848 6
20986 21738 8
21052 23922 9
268 17128 3
149 23883 1
5348 13977 4
17599 18647 10
2307 12175 1
9464 18062 5
9458 14456 9
11351 14556 8
10137 24796 9
5543 13315 10
8748 14781 1
888 24914 9
2679 23406 2
6868 24625 3
7834 24877 4
9136 23047 9
363 15612 7
3196 11202 1
358 4764 4
5864 7627 2
17101 23020 4
5814 9820 2
19267 21706 3
6877 8490 9
5614 20832 7
2436 5864 10
1215 23274 5
6855 22618 4
17760 24963 4
433 6587 7
4359 19991 9
8154 14855 1
8680 19765 7
1832 21738 4
10274 13334 3
2549 20168 6
10951 12910 7
12971 14038 4
15612 24052 6
22627 24151 5
15713 22293 6
3280 23466 6
4258 6739 8
4246 7968 10
5182 21596 7
9918 22349 8
10186 14439 8
4217 23150 5
7513 23551 10
8733 23969 7
9271 12745 4
19874 22837 1
13975 18884 2
21236 22109 3
6042 6718 2
7910 15900 6
13714 18058 7
5477 20640 6
4604 8364 4
7907 12760 6
3959 9100 1
1632 24970 10
2214 15078 7
13608 17365 4
15923 18037 10
9847 17984 10
9858 10199 10
3396 22541 7
980 17245 5
15738 21093 9
100 24317 6
2972 3350 9
19647 22555 9
7496 10189 6
3060 10998 7
2545 12829 10
3356 9408 2
9131 11482 8
5133 18089 8
14450 21891 2
2602 14620 2
9901 10265 5
7273 22594 7
14716 20235 2
13687 15720 9
9396 19873 9
13497 17424 3
7138 13028 10
14304 22600 8
6678 12733 2
5749 10330 7
2263 15008 10
3900 5908 9
284 3401 8
12433 13010 8
5748 9894 6
3787 6116 5
11800 18498 4
1567 4446 1
23944 24715 7
1575 16459 8
53 4965 8
20424 24125 6
2137 12931 3
2309 2761 10
17654 23218 3
5810 16061 7
3205 8327 1
7514 11625 1
4037 8469 7
3456 13069 10
9464 17132 6
5560 13324 9
4439 6374 10
16393 22120 4
4668 5224 4
13089 24938 3
619 8028 6
12455 16895 5
12922 22336 10
11911 13466 8
9450 22117 7
14557 20408 2
4921 19982 3
9052 14768 3
2225 22805 3
22245 24612 6
3059 15393 10
2002 3319 8
4002 12579 6
16991 20859 3
8280 10957 3
14303 24438 7
8578 22649 9
8829 11455 9
16154 17285 3
10253 13581 1
11162 12073 10
6448 24261 1
697 2690 1
14067 21781 7
4054 7678 10
4533 20363 7
4451 24050 5
7041 24839 1
12239 23738 6
3074 21526 4
8555 18973 5
5706 12660 2
4768 11477 1
20301 20331 4
6576 19975 5
5721 17265 8
5970 13365 3
7018 17475 2
942 4423 1
1822 12267 5
19676 24933 5
2973 5560 8
7841 13762 3
6907 22917 5
15893 18062 2
2734 19177 1
23259 23669 10
10024 19813 1
9613 21567 2
17675 21511 5
15491 18490 3
10617 20190 4
19683 24189 1
17456 24841 1
7693 22636 5
14108 19392 1
7949 11517 2
63 11645 7
12347 19249 8
8824 12157 4
11041 18304 10
5834 21228 1
2067 20766 2
1148 15201 9
20168 22793 10
11761 18153 3
4363 21348 4
1255 7962 3
1831 8415 8
10605 17565 5
4230 16046 8
10556 18046 3
20656 23647 9
10567 14271 7
17630 21897 3
14642 17386 1
21360 24327 1
13091 24589 6
9409 12018 10
9951 12590 2
2388 5461 1
13903 20499 8
4714 6593 6
4617 7712 7
9838 18059 8
4710 23917 9
9454 21829 6
10963 23287 3
613 12785 4
2852 9632 9
4196 6129 8
9106 18906 7
5270 20791 2
4668 15252 5
15865 20319 9
9557 20978 7
8853 12422 4
4809 15511 7
2909 14984 3
8616 23687 5
8202 21672 6
11895 14094 8
13718 24690 9
7896 14588 1
4806 20604 6
13699 15313 9
7457 20896 3
5405 21463 9
16865 18509 7
12427 19322 5
7036 10605 3
6423 20451 3
13403 13560 10
5706 6995 6
3125 15109 6
18262 18890 6
16207 22922 8
6798 21006 6
1628 16842 8
2039 20862 9
17561 21152 2
15422 19016 8
2497 18617 7
5227 21150 5
10922 18460 2
256 12879 2
528 8941 10
16449 23373 8
535 8319 4
18045 24327 8
5683 22696 3
19550 19643 2
4838 18623 8
7920 21405 3
1459 13469 5
12847 20567 1
3990 23362 4
15900 20888 9
3055 7331 1
11423 17671 7
3255 14318 1
4957 19991 9
2863 8739 8
6216 10068 1
599 701 8
12553 14864 4
17126 18193 10
20268 21151 10
2197 14171 2
3737 21177 5
3771 13729 10
6425 7192 8
10525 21897 8
13990 17961 2
9420 17103 7
185 8976 10
3471 21723 1
7017 17144 7
9420 14326 9
13430 21223 7
7723 21554 1
5364 11440 2
6179 24367 8
2372 8056 5
4826 17786 5
3829 4815 8
8641 12107 4
4509 17393 1
14781 17205 9
19179 22756 1
1325 12169 5
9822 18805 9
6076 14857 8
4614 15288 7
18154 22211 6
1305 11245 10
17919 20230 3
9367 19849 9
3187 3732 7
10793 24701 1
8187 18504 4
2913 13358 8
2001 22745 8
15909 18070 3
11642 21017 1
7574 11716 1
7747 17661 9
2065 4738 5
37 1867 8
13390 18605 9
7512 23946 4
4709 16843 6
21054 22456 2
293 5365 10
11705 23114 10
3604 24428 10
13536 23213 5
965 10649 3
5435 10423 6
6224 7399 2
8243 14151 10
2783 5382 9
14522 21848 9
11269 14200 2
10641 21253 6
2292 14548 3
6250 19440 9
15756 23283 8
9938 10197 3
8225 18626 5
197 20537 5
9582 22780 9
7712 21133 8
21935 23837 5
16983 17731 6
1796 23984 8
7815 16198 1
5701 6706 10
533 6646 5
5453 14151 3
603 10556 2
12143 16875 4
3141 22634 3
7673 17056 1
1316 5222 2
1607 15833 7
12518 14527 6
11465 24068 9
12666 22249 5
21792 24719 8
492 18720 6
10990 22425 2
15230 22655 10
6678 16205 2
14393 17047 7
6360 18509 9
16891 22108 1
3446 22759 3
1737 19864 2
2044 22450 7
11494 13131 5
2952 8946 1
4758 7036 8
13159 21676 9
11423 13743 7
5394 14084 9
13636 21025 6
628 12143 3
5143 23794 5
2248 9537 7
2929 23625 10
14550 15923 8
9425 17557 2
11736 13995 2
12803 17099 3
6869 17816 1
12018 17425 10
8183 23892 5
6406 23614 7
18894 21995 8
8783 9049 10
20081 23359 9
1649 15182 8
15226 20685 3
1807 8581 9
27 21635 1
1672 23681 1
1318 13764 6
8247 14316 2
9130 16231 4
14781 20520 1
6020 17101 10
2215 16630 10
15642 19946 1
1698 3482 5
10922 24957 10
13999 20197 4
21909 23335 1
3275 12778 6
13674 18562 1
7693 10086 4
10167 16469 8
394 7634 3
14357 18528 10
3591 13510 3
138 268 10
8191 21233 10
6752 8984 5
6307 22965 6
2685 13126 2
15269 17262 5
3729 21717 7
2305 12518 4
2408 19299 9
801 11785 7
1179 21792 4
3831 4196 2
7662 7969 2
266 20220 10
8163 20847 9
8883 13859 5
5483 16412 8
2165 19128 2
2841 4535 6
9337 19735 10
22679 22780 3
8693 15603 6
8364 15716 4
2747 9847 3
6177 8834 5
114 1950 10
6897 20061 2
1908 22396 4
3670 24973 5
10340 20499 6
12089 22510 3
4983 11778 8
835 14343 9
13718 22532 7
3382 9476 1
10256 11533 8
3539 4480 7
5560 13317 2
6505 14809 6
13923 16769 7
9574 23404 6
9962 17267 4
12123 24812 2
4977 6731 7
11878 12110 9
7617 21730 4
18592 22983 1
9388 18599 1
1704 14425 4
16024 23809 6
8448 11876 8
4565 5665 10
10534 16349 3
8719 20165 5
18350 21990 1
7901 11449 8
4171 4679 9
3214 22713 1
14033 15477 1
13541 22002 9
3586 5585 8
8920 15741 1
9276 19717 10
578 10597 1
12153 17596 1
12920 24028 5
2293 20454 5
3081 10799 1
7974 18401 7
8748 13238 7
16903 18186 6
4330 21823 1
6593 8583 1
1076 9470 6
3287 4741 1
1384 10347 8
5849 14041 1
5482 9066 2
4310 5346 10
16974 20202 1
4957 10428 5
19917 23946 4
22351 24982 2
2354 7370 3
2602 21666 5
8772 14040 2
22490 23236 8
10423 12960 2
18690 20887 8
8985 9984 5
2222 22519 9
4712 7165 3
14548 15211 3
1904 10013 1
6385 17906 4
14980 21554 9
10413 14699 1
5138 14248 8
1451 24839 10
10183 11267 2
14318 19539 2
14124 17161 7
4628 10495 9
15126 23348 7
8258 15452 9
15663 18767 6
6016 18971 8
7870 11247 4
309 14490 9
2623 12760 4
5307 22073 1
14813 20223 8
5212 17715 1
19504 24736 6
5442 6707 2
17961 24371 9
19084 20142 7
20463 21212 3
358 11668 10
10993 12985 10
2919 3784 3
1887 11996 10
12377 23673 10
398 7829 1
69 13127 1
3994 12752 7
1810 15798 7
17116 20407 4
14579 21403 9
826 18665 8
16262 18646 1
20628 20713 1
14035 16602 10
2380 4953 10
9360 20878 2
12206 22825 6
10288 22645 4
654 21558 7
195 11236 1
11778 18841 2
7232 7389 9
197 6397 8
1054 17760 7
14669 23721 5
7535 18043 10
10784 11749 10
518 12633 9
491 21558 4
6936 11811 6
9481 22657 4
11216 20337 1
2242 4306 4
17230 18227 7
14788 22074 1
6506 6513 2
19067 21952 6
2762 22960 2
19094 20283 1
1751 3419 2
2493 4333 4
22338 23067 3
13416 24155 5
6511 16990 6
1766 3584 2
613 6711 2
3005 10060 7
10119 12148 10
6159 8150 8
10228 23595 10
7929 11349 2
6813 19575 2
7972 16647 6
9567 11741 5
7571 10620 6
712 5237 4
219 11623 1
1530 17506 5
3488 3915 1
1942 20029 5
24769 24929 10
6347 12768 6
2960 5664 4
11014 23901 4
13704 21076 6
5442 22571 9
6508 22717 5
3126 16310 2
10651 15468 2
5974 20835 3
3757 8333 7
1553 24609 2
11205 17849 2
20458 24899 3
5504 16463 6
10245 21171 7
7208 11450 2
2635 14374 3
1200 24429 10
9472 9543 1
5872 14527 6
20429 22147 1
4366 10922 7
8862 22284 1
2654 16279 4
153 8265 7
2933 10055 6
1872 16469 8
5388 20766 5
13862 20362 7
15214 22399 4
957 11079 9
14947 20574 8
3234 18841 8
16043 16940 3
3275 21172 7
11396 16897 3
18153 19922 4
3356 5758 8
16938 20631 7
4953 7976 4
5728 23809 3
7830 22468 5
858 16903 1
7744 19998 5
665 1062 3
12261 16190 10
6838 22087 9
12236 23631 4
6850 22349 5
837 3390 5
9723 16328 5
8107 8660 9
9822 18474 6
6729 13360 4
7745 18185 8
6268 19676 5
22974 23507 1
15722 24752 8
7681 8072 6
10133 12623 3
6346 10265 6
6832 13870 1
1699 8832 1
10601 17098 3
10452 13164 10
8471 20356 4
10173 20847 4
6142 8048 8
7004 12298 9
12844 14061 5
1224 17228 3
65 3715 7
1574 13306 6
2067 22534 7
5453 10501 7
8357 15629 3
18137 24024 3
916 4627 3
6876 17595 1
5335 16198 6
17980 18471 2
14262 24421 3
690 22692 5
13300 22120 9
11341 22701 4
1234 6644 10
6419 8778 9
12737 14889 2
9175 24145 9
3934 9978 9
4629 17820 1
19548 21416 9
13071 14517 10
18718 24120 2
17045 22540 5
8854 18870 9
13812 21871 4
10588 18885 4
4261 22635 8
16915 21629 1
6970 9270 2
3993 20896 6
21468 23912 10
7077 9403 3
13231 21878 2
4482 9248 5
19288 24531 10
1575 5995 7
10910 11897 2
21911 23677 6
10751 21885 3
8132 24524 10
515 8690 9
2506 16367 7
14847 22506 2
3551 16262 6
465 22964 1
21554 21873 4
14296 22807 9
10891 24698 4
3445 13839 4
3396 14143 1
17278 22424 7
10197 16059 6
6617 22499 4
16630 20675 8
16713 19531 1
20091 23756 7
835 22169 5
12844 25000 7
18069 21879 8
6653 7317 10
942 22978 9
6783 22666 3
20896 23724 3
8455 11575 8
10049 13678 7
12636 23200 3
2421 24824 5
13296 23831 7
1583 8270 6
14019 21403 10
3350 17909 1
4175 21735 7
17042 20987 1
19152 19916 4
2979 15526 2
2809 15234 2
6955 22320 10
15157 18678 4
7044 12297 2
9512 24854 6
16411 23404 10
1440 22395 2
2361 13355 2
6917 16728 8
7591 15966 4
7337 12577 8
3416 20748 5
12321 14846 9
12022 23819 10
4367 11513 1
12788 24164 5
8451 9571 6
14888 17911 9
12610 14041 6
2602 3375 10
17993 20713 5
5515 20771 2
13388 18786 10
5290 6673 3
7851 17856 9
12617 21319 5
4367 13518 9
20407 21958 7
11955 14915 3
9494 22084 8
12178 15397 1
13260 14242 1
617 15878 8
6748 10245 10
6454 7404 2
1233 10262 2
7569 15801 7
9269 11202 3
8757 13708 5
7115 12281 1
4050 7550 2
742 8091 4
313 19393 2
8091 19837 7
13324 13556 9
3441 7885 4
11024 17449 9
1333 5560 3
24017 24372 2
11402 15500 5
16134 22033 9
11339 23610 8
338 4756 8
4385 7296 8
6661 22525 1
4122 9571 8
4015 6644 8
3875 17800 6
4560 20951 7
2306 22600 3
12867 16703 5
12591 20687 6
8831 13436 9
10340 22152 9
10651 19679 7
217 13629 9
11336 18491 3
2333 11455 6
2927 17006 2
17029 20207 8
10532 14411 5
6872 23601 7
7054 11085 7
4340 6948 4
6518 9335 10
3670 5261 8
6525 20978 2
3106 4188 3
20499 21291 9
3833 13675 2
10948 19248 4
11462 18805 5
8879 9732 10
6822 19605 4
7010 18415 3
21663 22506 10
2913 6497 2
15205 16060 1
13883 13925 1
10201 22288 8
9450 10917 2
653 19043 5
16543 19039 10
7247 23881 8
1672 20556 3
3938 22117 3
13834 24719 5
1255 3318 5
1746 4873 7
3151 3588 5
5736 7643 7
6138 18978 8
11507 16034 6
12004 22967 8
13675 22290 9
13080 16871 4
7270 21656 3
561 3834 6
6706 24534 7
13918 20278 3
410 12349 7
11360 22741 10
20184 21511 2
19188 20233 9
18224 20937 4
144 19158 4
935 12390 2
9102 16713 8
14180 18960 3
12933 15202 9
1974 4230 7
5224 7474 7
14670 14696 3
2155 20098 5
16028 24049 8
6797 20793 8
2177 14429 1
10419 21755 6
9570 19819 9
11594 13838 10
5735 20463 5
4600 23494 7
15932 17304 1
1058 12573 1
2023 3094 3
8733 19673 6
6375 12615 6
2076 9931 4
11023 14225 2
2143 5799 10
12181 23472 1
15540 23740 2
3008 17522 9
931 15853 6
15394 17462 5
19525 23356 10
12184 13630 9
7380 24911 6
12153 19882 9
11999 20717 6
2809 3026 1
3843 10242 8
5824 12821 8
18697 21520 4
4991 18393 9
7664 8736 6
1497 15100 9
13104 17520 1
8437 18920 6
15874 20956 3
16165 22889 6
5381 19106 3
4029 24256 4
4210 21369 5
3186 8865 8
18008 19716 9
10922 23906 7
4370 23866 10
18435 24027 5
6560 21498 5
2933 3128 3
3916 20324 1
1176 11352 2
10048 23048 5
2436 10960 7
22540 22597 7
3643 16873 2
6696 18731 5
18254 20015 7
8786 12457 8
10119 15727 10
3483 8392 7
655 21009 1
7227 21954 8
9354 24752 2
16766 21540 5
8057 19755 2
1620 15234 3
6336 19172 6
1448 20510 8
3262 22861 2
3483 6345 4
10267 17804 8
1331 13960 3
10332 15122 10
3165 13497 5
14774 23786 4
8250 21275 1
10605 20535 8
16662 18984 1
14168 20297 3
10086 18876 10
3013 7319 10
11317 13160 7
7764 16855 8
7883 15325 9
18228 21706 1
3142 24531 5
3580 11208 7
965 5207 4
10966 14307 1
11659 15540 8
2134 9659 10
13248 23738 1
10062 11122 1
4997 14992 3
4015 18703 9
1814 8182 8
2389 16652 5
13985 24480 8
2999 5282 6
10183 15170 5
14165 14882 7
1908 7236 9
1483 4212 5
13218 15027 8
14473 15070 9
7082 20340 9
1002 22620 2
2246 3633 6
3864 20352 6
835 17352 9
14381 23211 8
10242 14176 3
2006 3602 4
14176 14409 4
19781 21183 9
1598 24724 6
2762 24459 4
1760 19179 10
2506 21139 4
210 2027 1
1041 6482 2
15216 15878 8
2684 8057 9
7079 12265 3
7343 14234 5
14262 24848 6
1318 15714 2
12943 17132 2
20572 24989 3
8082 19327 4
19623 24201 3
1596 4221 2
4412 18357 2
21037 24637 7
14367 19400 9
15566 19526 9
1159 18120 2
9528 19128 5
10910 19312 1
3060 11805 4
10509 20403 9
7637 16999 6
1393 24120 6
15531 22456 2
3805 18034 2
4124 16659 6
268 20963 8
9958 12418 9
20227 21212 4
6344 17292 9
1740 7514 8
17048 23358 3
149 3107 10
11012 24839 2
8853 23788 6
6511 9913 4
17924 20561 6
10203 18490 10
1545 1952 6
11101 16122 4
19623 23784 6
9048 20252 5
10997 24068 3
12785 20890 8
10941 20712 4
13189 15393 6
1269 16093 1
21380 22940 5
12514 21626 6
6407 6878 5
21 2534 3
15529 17509 7
6793 10184 8
1945 23829 9
7195 8694 5
396 6104 4
7688 9858 5
10692 24333 2
2890 16799 8
1777 5027 1
1073 1486 4
14882 20335 5
19309 21341 10
5251 14398 9
1715 24960 8
12609 18153 1
1950 8592 10
11546 11774 8
772 4812 7
4230 15829 7
11 8420 3
7908 22940 5
15505 24640 8
5585 9467 7
6072 11269 1
3677 21210 4
17097 22251 9
4718 24084 5
6009 12694 4
10431 20324 6
727 7697 1
8792 22941 5
1808 22365 10
13494 22260 4
4092 4351 10
13961 15317 1
2019 18836 4
20084 23522 9
793 14056 2
20163 21540 7
11112 18074 5
11913 22965 8
5594 11420 3
2039 19791 8
19269 20688 6
3505 9291 3
266 13116 6
3394 5772 8
3309 7711 1
1391 2660 3
17609 22854 4
10349 19714 2
10216 21400 3
2261 23108 9
18446 20812 10
10724 15628 7
2711 11181 6
22961 24625 1
828 3131 9
4627 21941 5
1043 11366 6
778 3611 8
18651 21911 3
11214 15410 8
1588 17158 3
11876 22822 4
9069 19137 7
957 12058 10
21280 22541 8
8555 12692 8
6379 13290 8
19832 20761 4
11636 15100 8
2214 16835 4
15370 16349 5
1737 23155 3
14659 16659 6
2409 12556 4
5373 15632 6
15179 16622 3
2491 22480 7
20310 22918 7
4052 13721 5
5562 18513 4
10736 24734 5
2793 17932 8
14016 14846 4
6112 23392 6
808 18033 6
2008 5365 8
2437 16773 9
7432 17555 2
7646 8584 2
11532 21697 3
637 16112 7
20930 23562 10
13217 17980 7
770 4200 7
1672 18202 8
11238 14870 8
4784 5290 4
11588 17851 4
368 18431 6
7909 14303 3
11386 24177 9
9392 22129 9
1216 16842 4
1446 18448 6
71 21049 9
9820 23646 8
2800 5373 8
16602 18977 2
18551 21204 9
5911 18971 9
15582 16974 9
10848 10997 9
3288 19462 10
2960 15161 4
6245 15631 6
19073 24189 2
11404 19574 5
7480 22601 4
1548 7933 10
3194 12341 6
11964 16884 7
17586 22944 10
9763 14498 3
5096 21223 5
1204 12107 8
11069 24625 6
7273 16583 2
3053 18173 6
9928 20564 2
2810 24801 5
1242 17558 10
13191 13583 6
4608 14647 4
10098 18676 6
4139 19506 7
5242 7034 5
13159 16477 4
7876 19399 1
14006 19101 6
16078 18836 4
10197 23084 5
7399 11485 4
2765 6017 1
9248 9756 7
1768 4109 6
5321 19008 4
3106 19552 8
459 17361 9
3528 19123 2
6617 18619 8
18399 22250 8
2725 7911 10
10984 13488 9
5457 21787 10
10099 24731 9
5338 17802 10
16404 18914 2
9388 18367 5
11629 12102 8
4474 9732 1
17457 23046 6
14037 19724 3
11809 21593 10
10619 22727 2
2675 18089 9
541 19034 4
5902 9104 3
6812 10907 5
5580 11466 7
8401 22325 10
12178 17211 8
7810 16999 1
8391 14190 3
5476 24539 3
7989 24165 9
15208 20635 4
8984 17214 6
12789 22907 7
4675 6713 8
117 23084 2
3378 22881 3
3037 22174 8
18555 20110 4
859 24282 6
469 4766 2
23822 24296 7
550 4638 7
1612 1649 6
16167 23881 8
6507 8631 8
18801 20679 7
7429 17897 5
2740 8822 5
11535 17443 7
5412 18579 7
1032 17402 5
16024 20070 8
3099 7429 7
113 2500 2
5289 14249 5
14697 23358 10
4414 14093 4
5276 9511 9
5205 5388 6
15005 19353 5
1321 14815 8
14517 19810 9
21082 21508 9
2252 15878 6
3570 24806 9
8371 11653 6
8107 22754 6
5134 14824 7
12213 22242 2
2939 5203 2
2165 24867 8
5266 10941 2
6621 23291 8
12873 20503 1
11793 15429 1
3592 8814 1
16900 23733 6
6706 16312 6
6737 7528 10
22420 24788 5
14095 22485 8
9305 14599 8
6754 23330 4
5147 12081 1
9007 19905 4
14374 15236 4
22606 24424 7
10440 18415 6
8721 13360 7
1916 18544 7
16806 17492 2
7344 14889 5
6053 18703 1
534 22948 8
1113 24688 9
14642 23343 6
12018 23375 10
8100 9481 7
107 4359 9
5570 16663 9
6813 7365 9
1569 4902 4
1565 9363 4
1446 13283 6
2264 24978 6
5061 20942 3
11291 20058 6
3818 4658 9
4671 22410 6
18290 20392 9
5439 11023 5
2855 5754 7
5797 19882 6
6552 14524 7
10173 17062 9
6699 16176 7
12641 24356 7
7810 24562 1
2318 18324 1
5861 9770 2
3646 17955 7
1148 21080 6
4478 9836 1
9161 16930 9
12592 21643 7
12054 13768 5
2979 9005 2
16597 21995 9
20052 22418 5
18365 24946 9
5286 18363 9
9012 18590 8
985 1978 10
1397 21142 5
6128 14200 2
19774 22125 1
2316 22451 3
1034 11340 2
2534 24360 7
14181 15074 9
18993 24423 8
3115 20503 9
3077 20066 9
3163 11907 4
6699 11241 5
2442 5960 1
6738 22290 2
19718 24606 4
19084 22052 8
2101 6787 4
8013 16877 3
888 9349 8
16648 22003 1
8586 22758 7
1515 15848 3
14390 15337 10
9466 22965 4
2268 23114 4
1390 22948 5
4276 11287 4
5071 22964 9
6240 17785 1
16826 22464 7
2439 4140 9
5641 7885 1
15478 20629 6
1474 17039 10
350 21366 3
10015 16663 7
6307 16575 7
12713 18675 10
12864 20545 3
4530 10202 6
10096 22670 2
16741 22917 2
13003 22631 6
4765 5561 2
7529 24155 10
10013 18603 5
7525 19242 8
10337 13491 7
5016 21865 4
953 3485 9
6256 8388 8
3851 7688 6
1201 24365 9
11463 13410 3
78 23524 2
12181 13684 9
2155 23656 3
17685 21917 6
9695 13180 8
8742 12189 2
7457 16811 9
5567 13280 10
18348 23605 9
8163 11592 10
14049 21872 3
3968 21004 1
7435 14256 5
5063 21626 1
869 23105 2
2759 2977 1
3977 18045 3
77 16892 6
6301 24593 3
1138 1847 8
165 15690 9
3625 11424 7
7232 24494 6
8583 23372 6
5885 10873 8
8323 22839 4
4712 10852 10
16252 16611 7
6373 19474 7
4806 5516 8
11456 20687 6
9479 16944 2
1746 18082 2
956 3846 3
14843 19393 9
20511 21564 5
17156 20086 3
20865 22425 9
20986 22145 3
2690 10192 6
16670 16860 1
9235 11897 8
4367 6939 8
13294 20309 2
3409 24235 8
5974 22275 7
404 16190 3
1972 10482 10
8730 22830 4
8584 20797 8
1318 11422 2
1764 12601 4
8483 15301 2
8772 10657 4
11653 20284 10
1114 17064 9
3646 8480 1
21793 22227 3
13519 23151 4
8258 10949 2
4265 20014 8
5171 19774 3
13583 15983 9
7739 13885 10
4119 7409 1
1091 17370 8
6511 23793 10
7548 11811 8
2439 16870 9
1932 16896 8
7421 23940 9
1138 10067 1
9034 11327 3
15356 24962 2
5911 6649 5
3850 14585 9
1652 22296 2
6876 14930 1
6766 8338 5
298 20252 5
6793 11933 3
18050 19015 2
11652 15328 9
10793 19444 1
8108 14723 8
5551 24680 1
5614 11444 9
2764 18330 1
2784 20230 7
5996 24356 3
5431 15137 6
19785 23404 8
9547 23396 3
15388 17675 10
13242 23236 6
5862 10355 1
3518 15816 3
668 14395 6
8533 12124 3
164 20651 1
12448 24736 2
15054 16790 1
17752 23013 3
5861 19154 10
683 2057 5
7107 18074 4
1881 20060 6
4055 4517 4
8481 9121 7
10885 11579 1
1687 3623 8
1265 1740 9
9747 15045 6
3851 22155 1
4178 17242 6
6276 18466 7
537 8970 9
11196 21090 10
965 2739 5
12851 21217 8
14382 20631 3
15692 20572 6
13795 19158 7
8194 20031 7
3634 24813 8
14551 18043 6
897 3527 3
3456 8510 10
6359 18963 2
17415 23030 9
1570 2977 3
21612 22690 4
293 11137 9
19839 23317 4
2654 21385 5
11558 20987 4
13964 23790 2
3603 17561 8
10567 24324 5
12595 17808 8
13043 22036 9
3543 4569 5
9161 17812 9
5959 21298 8
16453 17023 9
9038 15263 3
10183 23587 9
2037 15289 6
79 24158 9
3142 21434 1
3855 8927 6
5194 19677 7
18405 24554 6
2237 10352 4
284 17536 9
7351 18886 10
2813 3925 6
1580 20011 7
5578 13488 9
1646 19426 4
3913 10784 4
19933 23059 2
16295 23300 8
922 13674 6
10588 12192 3
10368 14007 3
6735 9214 2
5209 17727 7
18299 21173 9
21229 22944 5
13675 14218 3
3365 21262 5
19950 21117 3
11679 14236 1
2414 17457 9
2439 24993 4
888 5062 9
820 21583 6
4058 5334 10
2267 6163 7
13726 22287 8
4511 20297 3
3113 6829 7
4785 11596 9
1992 7779 6
1689 16198 8
3 4999 1
12972 14515 10
15434 23457 8
16388 22821 7
443 13636 5
14143 19001 7
4318 9928 2
2529 19483 6
13517 22886 6
3205 19206 1
16007 20382 8
13644 23396 10
5177 21706 2
7182 7688 4
13608 14289 10
14301 24543 5
5346 8648 6
5914 13708 8
4234 20433 6
14392 19928 2
10787 11712 6
14187 17050 6
17958 18357 5
519 24720 3
1370 9716 6
14061 23560 1
18720 23737 1
9433 24716 1
9517 22211 1
776 21348 6
20 22586 7
12921 14621 7
16551 19267 4
12582 21804 5
15457 21596 10
14902 24909 7
19830 24093 4
8500 17754 3
4030 23758 3
9679 9992 2
20284 22622 4
6987 20957 10
11746 12839 10
22921 24851 8
14096 14573 2
9768 23367 5
2527 21235 1
4351 19650 5
3490 16943 4
9416 16475 4
6719 19605 2
13914 16487 4
20267 22086 8
15686 16446 5
16360 17561 9
6342 12018 3
6196 23190 9
18362 23354 6
15410 22333 7
2548 14105 9
13520 16691 6
13101 19766 10
9415 22618 1
1194 24710 3
1724 17352 8
519 2171 9
17354 21270 6
3386 19034 2
4850 7787 6
1785 2069 1
10018 23348 5
924 9769 4
13989 24680 5
14623 16039 9
1644 8487 4
17695 23829 1
2433 23499 9
22471 24427 6
4537 18478 9
5694 17329 2
6166 8452 6
4332 17850 3
14067 14292 10
4803 24017 10
3527 4283 6
2778 14371 7
44 22638 3
444 11863 4
10264 17060 6
16583 17823 4
12209 16446 1
8041 11629 3
5072 20769 4
16655 23314 9
5362 23191 3
13759 22848 1
6120 20224 5
2499 5473 7
1132 12939 9
15180 22769 10
13820 18431 3
5246 5263 5
5697 7380 9
3441 8475 4
114 14663 1
2016 14853 4
653 22311 5
11208 24717 1
324 10888 1
4676 8133 8
19660 21884 9
7517 23834 10
2059 8214 1
6416 11667 3
11674 24847 3
3515 16538 4
16853 21434 7
2653 4097 7
8976 16708 1
5568 22769 8
3125 23957 7
18149 18348 4
9180 13409 3
16440 22689 2
14557 16796 2
7659 23290 8
4875 12773 2
3071 7169 8
12779 13582 7
4900 14474 2
10534 22507 10
929 24120 5
6247 14937 5
21685 23151 10
17265 23441 6
1347 3409 5
4675 6341 6
3229 13751 9
13324 19532 5
9071 15540 3
7393 23012 6
2844 14690 10
11551 14536 3
11628 16991 1
4312 11548 1
4759 21954 5
3161 8114 9
4560 4883 10
16549 20778 9
210 8958 8
13669 21645 7
2725 6174 4
6323 6629 2
14190 24242 9
6296 8780 9
1397 7266 6
20387 23631 5
9736 14301 4
11825 16404 6
6247 7565 4
12782 15039 1
5258 13425 4
4635 18605 7
755 8159 6
2616 14400 5
8229 12776 1
6797 15104 10
4293 7825 9
5112 10443 1
15607 23839 6
15241 24295 3
1863 20292 8
1918 21609 2
18212 22379 8
23601 24681 1
17247 21629 10
14475 23833 2
10571 20555 3
3699 10262 4
6508 11489 6
389 907 4
12333 13669 5
14772 24051 3
2678 3727 3
4646 24066 2
3488 24210 3
5780 8780 8
4677 18140 6
1047 22075 9
15315 24067 10
9504 22733 6
7457 21786 5
2764 12852 2
9763 19189 8
2013 2794 8
7733 23522 10
143 8565 4
3740 5748 5
8389 9358 3
14747 20274 9
15391 21706 7
690 14564 5
4079 20582 1
11351 20236 8
10458 22038 4
5108 19813 10
12931 17444 6
13760 23525 10
12307 13883 7
20890 24879 3
1835 8868 2
17454 19868 10
18997 19059 9
17634 20337 7
10975 19776 1
9276 13258 5
17873 19430 4
13430 17390 4
11878 13506 2
3001 13402 3
4920 11614 6
17629 22464 4
16677 18488 4
14027 18365 9
5080 7200 9
21355 22715 10
10703 14395 2
3577 17747 3
16606 17677 2
11557 18028 3
10394 22128 4
6506 14114 6
4760 21399 6
2091 17594 1
7185 22587 5
11288 18692 2
19028 24121 3
11253 23491 9
6129 10213 6
8492 19647 5
15137 19523 9
9173 19526 1
5086 19010 2
4826 19261 4
13878 15616 2
21319 24114 1
8981 18443 2
12032 15170 8
9081 13829 1
10748 18922 9
10388 24392 6
6833 13049 5
5266 12728 3
17459 21412 2
12841 18579 2
2218 11171 9
133 21043 10
1855 11273 8
384 21144 10
65 22024 1
14566 24959 4
918 18618 10
8421 14042 3
14856 19349 6
12706 24254 10
4642 7787 6
7462 18829 6
12000 20075 4
11379 16874 5
13065 13091 8
7075 22154 2
9065 14531 9
8627 9350 10
5089 22141 3
6587 21860 7
9710 21139 3
605 8101 2
2637 10997 9
4932 9337 9
19206 24670 3
377 17455 7
11316 11358 7
10366 10955 1
5295 12400 6
5036 22385 7
10838 22446 9
15235 24471 6
5159 13595 2
1076 18785 9
5173 20986 7
2130 6508 6
8471 18508 3
18217 24268 6
9387 22971 3
5138 8331 6
10278 18626 5
11964 14294 2
16323 18137 5
5429 12514 7
17221 20822 6
7115 18597 9
1085 24318 7
445 6656 3
9264 16682 5
558 13429 5
13812 14929 3
4355 20885 7
9502 13973 1
343 24061 10
23029 23294 10
1668 14256 2
13150 16883 3
2885 4119 6
14603 21865 8
790 11948 7
7852 13984 5
6080 7042 10
20381 21008 1
4872 13864 4
2931 17897 6
22365 22463 7
13395 24461 6
553 9766 2
1950 24652 6
2444 6869 4
1792 13411 8
9308 18448 7
4953 15139 1
26 18942 3
1545 10381 8
4139 9054 5
6111 24569 5
16569 20863 10
20583 20833 6
19574 20082 1
655 21174 8
2031 19891 4
22433 23906 6
5096 9715 3
5892 10125 5
2348 12004 3
4588 20704 10
17196 22256 2
8690 17341 2
10985 13684 6
3908 6099 6
9848 10530 10
4268 23534 2
2795 22275 8
7155 19894 5
10251 20542 6
493 12737 6
17020 18834 2
4863 8468 8
6909 21895 3
15025 18457 4
6913 13366 5
802 6642 5
12644 22311 2
4623 8683 5
3160 7797 5
1406 18059 9
963 6819 8
407 17158 8
11274 11319 8
8257 18908 2
11098 23499 6
17603 18399 8
7704 19043 3
6996 22242 2
3754 7345 6
27 22783 1
4545 24767 10
7769 23012 6
2055 18672 3
5942 8403 5
1340 21145 6
1882 2443 8
11336 22934 1
8936 24180 10
10078 13500 8
6782 9864 5
19280 20863 7
3614 8416 6
3923 23247 7
2962 23881 1
9418 14885 4
7681 21374 5
7246 7487 6
13232 23896 7
4035 12545 1
20272 21368 10
6763 21253 2
10524 11449 2
2317 20596 10
7018 21433 4
4211 7528 9
9723 18336 2
7404 16140 1
9931 13404 5
293 14971 7
21635 22025 4
18004 20857 8
5209 12668 7
8533 24167 10
11321 11547 2
1647 20019 5
5128 21564 8
5051 17743 5
8622 22112 5
15411 18302 1
15833 21541 6
5470 11451 3
9516 20420 9
16871 22641 7
10789 17249 8
1627 18958 1
17484 24374 3
22009 22456 5
4181 17050 6
506 15046 4
5588 13459 7
93 5269 3
4395 17984 5
19418 21257 3
10850 24429 7
8327 12783 7
22899 23794 8
14590 15587 2
5401 23457 8
8543 19683 1
12841 21549 6
968 24278 5
19683 21042 5
15726 22780 9
22929 22973 5
16257 24826 4
20454 23072 10
8579 9798 1
7764 24251 5
9 6115 5
10186 15623 5
2549 14832 2
2918 22776 3
11280 15983 7
17459 24163 1
11207 24073 4
3558 7345 2
11673 18942 6
6572 10461 8
10618 22161 2
1177 6559 6
20477 22867 3
13754 22887 5
11432 22555 6
1020 24238 8
10147 15197 1
722 18034 6
4165 4243 2
1530 17225 5
17451 21600 1
3661 17728 6
15720 17421 10
6856 7766 10
11697 13879 3
8892 14713 7
2088 8012 9
8496 24374 5
4886 10571 6
1418 10302 7
2059 15344 2
16617 23615 3
5051 23323 3
12407 15628 4
6162 20969 10
2628 16185 2
13742 21344 8
10385 15503 9
13247 15054 3
9646 9740 8
7529 9376 2
1303 2718 5
4183 15683 8
13960 21444 7
21184 23290 1
6274 14313 5
14082 14858 1
19332 19535 5
8849 18361 8
11073 22759 8
5250 10556 2
12920 14437 6
5346 23210 10
12642 16264 3
1563 8732 8
24364 24713 7
6153 11712 3
10534 17632 8
1985 7744 1
18004 24658 9
7795 12217 10
8109 17355 6
2260 19832 8
6461 21376 3
8884 18897 2
1525 9123 7
6704 22836 1
11911 12503 10
6407 16156 9
1344 15351 5
4500 16880 7
9464 13224 10
1412 17536 2
18785 23623 9
4351 12631 6
8859 12788 9
4450 15787 10
2334 8345 8
17424 23963 9
8898 16581 5
559 2330 8
12854 22358 7
10640 11719 9
6308 16078 3
2664 3215 1
14703 24756 2
17517 23819 6
303 3365 3
7273 9266 9
6684 17958 9
418 20502 8
18029 20912 6
8838 19960 1
1185 1752 6
10966 15748 3
1911 15595 3
12515 17665 6
2261 11789 7
1034 2224 4
4794 9224 4
394 11858 7
5072 14755 10
7489 14071 8
15498 18426 7
1767 14850 2
793 2303 6
6929 8280 10
15638 20389 9
16952 17763 5
19244 22059 6
7677 9974 2
3232 18679 6
4700 17579 8
5334 22530 4
345 20026 9
20661 23471 3
1085 4011 4
11162 14319 8
9479 19100 3
1193 16039 1
3697 24205 3
5290 17124 6
11733 13699 4
7946 23818 2
21431 24902 1
4533 14651 5
1438 20168 6
21437 24091 7
2058 9407 7
491 3046 2
11473 16328 8
15325 16621 6
6535 21156 6
2861 5672 6
19415 20829 1
4200 10397 1
14669 19402 8
19876 20127 4
17233 19297 4
11032 13930 4
7436 20225 5
16796 21877 4
3037 12999 6
5680 8814 3
480 7521 7
4710 15562 5
1900 7633 7
1862 21191 4
4631 20455 7
9559 12938 6
2706 10352 9
3779 24832 4
7659 23508 1
9715 22809 2
17570 24153 8
4861 14583 2
13316 22424 5
420 9007 1
2066 15925 4
9276 10106 3
14050 20211 5
4258 13813 4
14036 14371 6
9485 18659 4
11269 12904 10
13459 14751 10
755 3379 6
3018 16518 2
5719 17925 8
2265 12074 8
2526 8013 3
23297 24600 10
15448 19698 10
10524 23227 9
16431 19248 8
352 12160 5
645 10912 1
2823 9287 8
1177 2599 10
3326 19086 2
2304 2363 5
12221 24145 3
9537 20238 6
2637 23517 6
4284 17378 2
12029 18328 2
5187 9485 5
53 5026 10
5511 7284 6
1380 14969 8
24755 24980 3
7114 12307 9
2130 4858 1
15048 18106 2
2004 4234 8
23364 23799 5
249 5736 6
3649 14038 9
13748 22841 7
3836 8173 3
840 18995 2
16012 24876 7
12728 19317 6
6689 20986 3
12838 13756 3
19966 23237 9
1487 23628 8
3471 7419 8
17619 20450 4
5686 22834 5
6400 17449 10
18792 19152 10
7725 15393 8
2854 9450 10
276 14152 5
4008 7060 1
5711 24424 2
3859 15411 7
3548 21002 1
17492 19598 8
4806 12542 10
3306 5140 3
14304 14403 7
4260 14563 7
9041 22666 10
10105 18088 9
2629 14230 2
21520 24699 1
574 1431 9
9316 18062 9
6838 10882 8
2313 12110 3
13320 14780 2
2087 9378 3
5828 12044 9
12051 14703 10
18438 22283 4
4888 20892 10
11263 24962 2
3864 6538 2
8271 16430 7
10516 23677 4
9670 24290 2
3697 13252 3
10099 17411 5
7638 15417 1
21294 23059 2
15371 23941 4
8798 17522 3
19643 24353 6
4345 24122 2
4419 21946 4
18059 21130 7
3352 12369 9
19322 24245 7
4514 14423 7
7895 11389 6
11013 13570 3
1513 12498 3
5476 23762 1
5025 20978 1
4043 19871 2
7768 16392 9
12812 24464 8
10730 18590 9
15048 18176 9
14603 16398 6
8015 14097 10
3657 12367 7
584 7138 9
2413 11776 4
3876 16376 3
11567 20685 5
8895 21318 3
13012 14668 10
5354 21172 9
8231 21104 8
1116 19673 7
544 20784 4
14248 17133 6
6627 20892 2
11546 19568 8
2524 7995 4
10760 11830 10
11041 16800 6
10727 22172 10
22128 23785 6
9227 15526 8
2328 20745 6
7162 21317 4
2248 22496 7
11106 17010 8
14169 16595 3
10408 10556 8
2481 19402 8
775 18047 3
10000 13753 1
743 11351 3
14693 23689 2
7294 7376 7
4257 9875 1
7730 8718 5
20771 22090 8
553 4216 8
15877 24715 8
14114 23660 3
8308 17205 2
18659 21973 7
5389 8363 1
5186 8101 4
1588 18027 6
16476 23840 3
12028 20363 6
6032 9517 10
15255 24201 4
11339 24530 10
3175 20521 6
9649 16245 9
5185 20483 4
11920 14301 9
534 9176 10
10140 16575 3
2749 17816 7
1159 4868 10
12630 14732 3
10268 15516 2
6595 22399 2
13283 15813 3
4551 12896 5
1467 15660 1
10753 16047 8
6649 16623 1
11499 14238 9
2748 16372 4
2742 13214 8
5432 23447 4
3551 17404 8
3576 4616 4
4596 20051 9
5277 11927 3
1304 4532 8
3771 10249 6
2527 20241 2
10615 16077 7
7162 24709 3
1957 9284 4
9456 12427 5
18513 21694 1
16564 18713 3
4422 14303 6
3623 6160 6
10734 15642 2
5981 11040 8
114 3842 1
3320 13136 4
2502 12154 9
5504 14118 1
15216 17012 9
2652 5860 9
4537 21279 8
22414 23096 4
11255 17144 2
16453 20329 8
3855 14950 5
7803 16570 10
518 1837 2
3942 18373 9
3043 16203 2
12103 23420 6
11750 12669 4
7510 15944 10
6006 12890 7
1481 21637 7
12376 18684 4
4333 18598 10
533 1415 1
19142 21760 3
12768 14173 8
4087 5408 7
13739 23051 3
13766 24290 1
1583 23682 9
8247 14054 8
6474 17520 8
6789 18776 10
7637 15102 4
3670 13407 10
1778 22385 6
7698 21615 10
5932 23527 6
1540 11647 8
18425 22181 10
1505 8555 4
5968 21037 7
1942 4959 4
8456 15204 10
14712 24255 8
7034 9009 8
10376 16782 5
10167 22781 6
5965 6352 5
5615 12823 2
2008 24495 6
13750 21527 7
3519 7548 6
12751 24990 3
3935 8033 2
5879 11716 3
2608 18062 3
1641 6344 1
13824 15482 3
2223 18051 5
11601 20382 3
17439 17600 7
21890 23011 6
14915 17197 3
14433 18070 4
5872 18531 8
13748 13856 9
3622 22600 10
6408 20713 9
10497 13125 7
10834 17451 5
2344 12760 7
7569 14191 3
6615 15684 8
4522 14134 5
4020 24767 8
7758 9860 1
1158 1640 9
10031 15197 9
2085 3704 4
12819 21636 7
16244 23082 3
12938 14802 5
3767 14007 1
384 6355 2
8227 16094 3
1847 15688 6
13651 23866 2
22048 22636 2
6188 20784 9
5706 24882 2
5906 6752 8
13351 14791 4
6464 23919 5
8840 19261 9
4397 5666 1
11549 15445 10
1385 21019 2
4206 21428 2
1974 22093 1
6634 19616 6
1752 8989 10
5057 8610 10
6050 21059 6
4108 6096 4
3792 9250 7
20797 21905 8
7028 21587 9
3576 12508 3
3545 8709 1
3731 24468 6
4360 7807 3
2767 9538 4
3681 23872 7
19322 24906 7
1863 12495 7
9248 24727 3
14075 15319 4
10180 23579 6
11844 24786 3
3976 23145 6
5881 23819 7
5268 15928 6
17103 20149 8
16083 17901 8
9775 19352 6
20656 21126 4
9760 23834 9
2868 5107 7
9769 13098 3
4943 10913 2
9679 15246 3
274 16829 3
7510 14055 10
1563 19452 8
10222 18185 2
4608 5320 5
16687 21023 8
2711 13158 1
352 21056 10
4650 17370 5
15255 20074 10
16657 17818 10
13818 15301 1
432 11111 7
1487 2003 9
17572 20574 10
12444 14515 2
4983 20683 10
90 1723 3
14631 22859 8
8824 10886 1
5431 17718 8
12532 22087 8
13485 14067 5
18861 24556 7
7942 24271 5
3885 16948 4
2354 9442 3
21491 23100 8
6562 19358 5
5031 7919 5
13463 20229 9
13041 21925 3
591 4465 1
10892 12126 3
2860 13636 2
11 9593 1
16943 24281 10
4238 11484 7
14357 16105 4
5719 15183 6
18191 18957 10
3734 8327 7
5962 22889 5
10433 12194 7
2318 7889 10
2248 15101 2
21940 22534 9
2076 11147 4
11328 23940 4
10194 13561 7
6236 8028 7
10498 23525 9
16193 16930 10
8967 16107 6
1540 10063 3
4417 11950 3
13091 16364 6
7841 10797 3
15464 18165 8
4043 10030 8
12901 18814 3
3697 16586 6
16 7952 9
2940 7692 3
3495 23060 7
9456 21440 4
15582 22651 3
107 11827 2
1629 3663 7
12650 24981 10
5661 24344 4
7750 24602 5
7388 16999 4
684 13463 6
15867 20559 5
9549 22274 6
2163 2527 4
9168 21853 8
13895 14909 9
1885 24953 3
7729 18591 7
2718 14260 8
20599 21068 2
1025 20233 10
976 15139 6
4325 5134 7
18222 19741 7
9095 19198 7
3578 4683 7
6158 6323 1
13339 18491 4
5364 20010 9
12754 23645 1
2475 7251 5
6935 11942 10
11469 11482 3
5236 10349 3
3265 24677 9
9462 17570 5
17144 21146 7
8454 11645 8
5308 11345 4
2971 22333 4
2885 13899 5
2817 2886 5
4747 6156 3
17863 20906 5
8371 11244 6
7962 24409 10
7388 23485 7
15424 19676 4
2872 18344 6
13532 15280 5
4527 19213 10
6783 18451 1
4016 19117 9
244 11093 1
6220 6290 10
7642 18390 10
20061 23339 6
15830 16019 8
6766 19910 1
22090 23880 6
21786 22187 10
7529 11707 9
6949 19238 7
4646 12359 7
4798 8033 7
8682 21043 9
6949 10674 6
15021 20828 4
3536 22965 6
4892 24365 3
10362 22990 7
15757 24791 6
1386 14372 9
11499 18465 8
15780 18887 2
6796 12972 8
2888 18102 5
4166 16769 10
1548 12128 7
6427 20484 8
20582 23484 10
13692 24725 6
5218 14569 6
10270 23832 6
2976 24585 8
238 9804 4
5659 12341 5
15770 22216 4
9149 9931 2
1137 9983 9
8205 24937 6
1397 11661 2
452 17454 2
6360 9720 7
708 10893 8
435 8204 3
10457 23954 1
12649 18598 8
8509 12404 9
14230 16775 6
8678 21397 3
9042 13918 3
7540 7599 3
4060 16990 2
4054 20287 10
2409 19157 10
1545 8982 1
3225 21689 1
9956 24054 1
12905 23537 8
1259 20717 7
8685 15153 8
32 18316 5
13993 24467 9
459 3666 9
6757 13204 8
13272 20771 3
6939 13059 1
16518 20189 10
9039 15524 8
23 8528 10
2089 21018 6
1782 23499 2
4859 9089 10
9270 14175 5
14224 18016 9
2552 14301 10
20720 24051 9
7017 22537 7
24126 24658 3
4701 14359 4
4738 11939 10
1313 9481 4
12040 15046 8
23585 24902 1
4995 19858 9
7028 7577 8
12862 16116 9
18748 22516 2
9637 20801 4
2998 12745 1
6764 20771 5
4817 16792 2
6106 16997 7
18203 24727 10
7728 21306 9
2532 20332 3
16905 24999 8
16248 22559 5
13504 21294 6
5950 11567 7
8731 12472 5
9763 17031 7
18911 23234 1
20612 23892 4
12128 20889 6
20646 23217 10
3376 13021 3
2992 9117 2
12829 23019 7
16348 19717 6
3274 11125 10
15696 22017 7
7052 21661 7
4932 10602 5
6639 15865 3
475 11548 6
21042 22262 10
84 12893 3
394 2335 8
7665 9285 2
7825 17255 3
1268 9800 2
7322 13893 2
12425 20582 10
3004 14005 9
12051 13498 9
2892 9716 6
1933 4454 2
1258 21208 4
4677 11952 1
9555 10330 10
15043 24455 10
4312 13622 5
1743 19293 1
2541 13081 1
947 6186 6
831 22774 2
14566 16010 3
2396 16276 2
9888 10111 7
2966 12630 1
5485 17024 9
6474 17861 7
15374 20320 5
12662 18240 9
2070 21139 3
2638 24541 1
15619 22529 4
14678 16999 7
350 2485 2
11310 15747 8
5488 19128 10
2066 18375 5
5365 8628 3
14888 22847 1
7765 22156 2
11282 16411 1
8187 20678 2
19330 20577 7
6657 18442 7
8039 23716 8
4217 22855 9
6574 14563 8
9230 10503 3
2659 4794 8
1726 20061 4
1566 24534 7
771 20297 2
3288 7257 2
3636 16188 8
4533 22337 10
17312 21291 1
15041 16077 10
10187 16657 6
18213 24834 5
4393 20387 2
5851 19328 9
5622 11315 4
13448 24945 10
11642 22488 5
16173 21198 4
3322 13351 4
23177 24313 8
5213 6861 6
549 20548 8
5415 15828 6
14740 17707 6
4647 19414 5
2484 11070 7
3213 9740 8
24008 24269 7
7450 22802 5
3634 24641 1
12995 16774 9
18046 23702 3
2536 24235 1
10834 18589 8
8825 16068 4
5389 6530 3
9431 17906 9
2091 8647 7
18169 24539 2
8493 22560 2
19189 20240 8
23303 23334 10
8996 10255 7
10720 24734 5
13469 20875 7
14514 19442 1
2426 18570 7
4672 24995 6
14974 19042 10
9897 20433 6
8376 24848 1
16494 24494 3
4617 20601 6
16849 24516 1
858 18658 7
14523 23319 5
5462 19575 1
9679 12173 1
465 1100 6
4797 14158 8
11067 20463 6
16640 19453 1
3216 4759 2
6976 8241 7
16583 20959 4
18890 23454 2
2675 21432 10
13491 21466 5
5340 12541 10
610 17579 7
13521 19898 10
3624 13762 10
3324 21941 7
13268 20439 10
24290 24561 3
1273 12885 3
8165 8500 1
6994 19323 7
16299 22777 2
21 10972 4
13389 15013 10
8655 13932 4
16569 24060 2
1167 9041 10
3488 13383 1
12804 19426 6
4266 9464 7
11496 24724 6
5251 17956 6
11070 11119 9
6471 22632 1
15617 22597 4
15740 18910 4
5193 10979 1
19442 22197 3
5084 17827 4
7453 22437 5
7955 21169 5
12126 13096 1
7859 13570 4
6076 15541 10
10182 11517 6
5068 6216 4
14441 17116 4
21185 23614 8
16397 19998 7
9737 22598 4
4101 11352 3
1448 23103 4
9335 21542 3
10302 20557 1
605 10707 8
9707 24326 9
2212 13628 4
7879 24695 5
12978 20184 5
5564 10665 1
16206 21367 9
4596 7106 6
11263 24862 5
7239 20976 2
4662 5276 5
6511 7167 2
7789 10355 4
7481 14377 4
13774 14741 10
19983 20607 10
18365 23514 6
8991 13859 7
22240 23890 5
2525 18331 7
7931 10719 6
8852 21473 1
7830 13441 5
20144 24419 2
2664 19348 3
21183 21998 2
2644 18284 7
19051 20521 3
1827 21222 4
19462 20867 8
8837 10717 7
4850 24442 7
5631 15396 7
7351 19302 6
6567 24732 8
6246 9886 6
673 10593 7
4967 23760 1
3594 22612 4
12267 23575 9
7080 14422 8
814 15386 10
13495 17056 3
6007 12836 10
7647 19950 6
3113 14396 9
16758 24729 10
109 16818 5
6699 10434 8
6762 21694 4
11248 18981 5
4969 20689 1
14996 15370 4
3107 22542 3
1571 12534 5
979 14709 7
20761 23311 4
1891 3229 8
9541 16176 6
6407 18091 9
2484 16955 5
8620 10701 3
10497 11514 5
1033 24605 9
16565 21210 4
5651 7755 3
13429 17720 9
4714 20125 10
2182 14297 8
1335 10288 2
12896 22906 3
4772 16860 9
3997 9543 4
5475 23142 3
3433 16682 10
13829 21816 8
4122 10460 6
9613 23159 1
10453 23541 9
9390 11507 7
4196 4396 3
13065 22373 10
14578 24096 4
18592 21607 4
15897 24114 1
6404 24229 6
12418 20242 8
304 19309 6
5485 5765 2
5174 12694 6
6998 19629 7
19978 23879 10
4038 10888 9
11264 21903 2
11855 21994 8
1745 3431 10
7284 10535 6
7175 17453 2
723 7335 2
8303 13678 8
18762 21319 8
15136 17244 6
2529 13639 2
14538 24286 6
12547 18156 8
4842 6345 5
8035 22213 8
3604 17092 10
11106 21768 4
15664 16543 7
5470 21153 10
3605 12203 1
5073 9541 5
17665 23465 10
19372 19820 6
13344 13450 4
6868 7057 3
8056 11049 7
20477 23385 4
3511 17306 2
16038 21739 1
14652 24781 8
9570 16820 1
3316 6416 2
2409 16783 1
8057 22708 4
8929 14236 10
10179 10742 8
161 11071 10
7687 11800 4
3463 17904 1
1070 5126 10
9240 21090 10
1557 20079 5
19700 19868 4
1546 20908 4
15380 21612 8
406 7986 1
2462 8282 5
3626 17133 7
10262 17575 6
4641 18718 3
8682 14239 10
5721 19836 9
18330 19202 4
11855 16720 7
8585 24489 9
95 12034 3
19173 23128 2
16235 23648 9
9830 17707 8
1036 4555 8
413 5648 3
2800 4382 3
3147 14755 8
5348 17049 10
1415 19336 8
15198 17469 2
7482 18711 3
6114 12660 7
3353 15878 9
13157 23657 2
139 8442 6
10303 19191 2
12772 15205 5
6331 11652 2
7124 24562 3
7815 17917 5
6655 20873 2
11358 15868 10
8550 23520 2
5393 14559 3
5677 18132 10
11947 14616 1
2468 10004 3
17227 21029 7
16487 23041 7
13632 24694 5
8936 18540 7
4908 13500 5
2948 6678 3
1082 17187 8
2128 23580 1
13548 23845 5
3232 13806 4
3796 21113 2
20835 23664 4
7224 14313 9
2852 16384 3
4198 4683 4
13746 20240 4
5121 10028 7
1672 11481 2
769 8865 7
3130 14659 6
8872 20252 1
1746 4909 3
8793 22311 6
4943 24115 6
20857 23899 2
2389 24935 5
6706 24444 6
12013 20102 8
9573 16818 4
4076 17483 3
7314 11276 6
9043 12995 7
15290 22817 6
6356 18217 3
10784 10986 8
7837 9596 9
182 6075 7
3408 13757 9
17472 20309 7
9822 13738 1
736 4119 2
5254 17911 1
1832 13437 5
1743 19640 10
10560 14216 5
183 18446 2
10162 10605 2
11450 11559 10
738 15145 9
14708 18223 9
1448 8754 7
5151 11915 10
11542 20895 4
1431 23138 7
21653 23851 5
13728 18154 4
6537 22815 8
1515 19699 4
15182 22173 9
16336 18075 5
5793 14351 9
14051 17039 3
8118 8259 1
2531 3376 5
7094 18751 2
1651 14843 10
23305 23622 10
22417 22974 6
16880 24925 10
5418 15773 6
5879 22121 2
10846 23794 4
7339 19470 9
16750 17752 5
20512 23746 2
3099 5587 8
1708 18529 4
11631 20890 9
265 10986 7
1 16384 7
1245 20755 6
8985 13152 2
14675 15008 10
3345 7505 4
5820 18408 9
251 2552 7
3036 23865 5
430 14804 3
4108 6864 2
15979 24752 9
11247 15576 7
19844 22663 9
9301 15873 3
9638 13336 9
2980 7221 10
11112 12523 4
10210 21469 10
7594 17156 8
7949 10880 6
1636 22090 10
8551 13930 2
8634 15214 2
20670 20912 9
9699 16783 9
4245 24753 7
3488 5857 2
819 1045 4
20618 20640 10
4535 20610 3
5244 14656 3
7894 14827 1
8668 10602 8
6517 20013 8
11369 15675 4
18305 19394 10
44 18177 10
4706 22941 8
2500 6298 5
11507 14155 3
6860 12178 5
21775 24561 2
3843 3986 2
18470 20192 9
13554 18767 3
1152 21385 8
5864 12551 5
2096 9415 3
11096 18110 8
20712 22995 9
2900 23109 2
5587 9709 9
5034 14756 2
9766 21358 4
10428 24510 8
16770 21913 10
729 7579 1
4069 6390 2
19442 20276 9
1275 9819 2
8355 17196 10
1352 14165 2
528 2431 3
1268 17524 3
8465 20668 6
13296 23327 6
4928 22640 1
541 10738 6
16692 24105 3
4407 21334 4
19465 23049 3
6518 15910 6
15207 18460 7
15337 21683 4
19798 20108 6
8709 22268 2
8920 12354 4
5251 9643 9
5959 22083 3
309 8536 9
16016 19332 3
3336 8133 7
3512 5637 3
8737 22542 4
4635 7292 1
461 11313 3
9330 9744 2
19364 23051 1
891 16373 6
13247 16816 8
19298 22108 5
7490 9625 2
9349 20825 8
11014 17193 3
2278 12295 9
5583 15056 5
15867 24987 2
14007 23130 10
1783 16880 8
13630 24739 3
9572 14165 4
17270 23625 8
1419 16373 3
7129 21012 2
8817 10374 1
15037 18789 7
9392 24352 2
9844 24909 2
1595 10755 4
7176 17924 6
21199 24719 9
477 12269 5
15757 19063 4
6675 24051 6
7978 23881 7
14804 23230 3
12963 24459 1
9664 11049 1
6062 20651 5
8982 21883 6
1159 20446 2
5949 9591 4
16260 16398 8
4968 6535 8
1844 19539 8
1178 6335 8
11661 22039 6
10693 12485 7
109 20237 3
7265 24392 4
3007 22937 2
6510 18227 7
15559 17008 9
1013 20267 4
22216 24821 3
17069 18435 7
90 6603 3
16025 23985 7
13275 20088 10
14950 18108 8
1410 16720 2
6949 12723 5
6451 24701 9
13288 20782 1
7920 11624 6
5292 13961 9
12040 21213 5
6753 6909 2
1819 24742 10
21520 22945 4
1561 3090 2
6375 18879 10
8205 13085 6
6065 10062 9
12078 24066 2
3929 6002 1
7764 14862 1
10320 11988 5
4997 13211 4
2993 17844 3
7071 19700 6
7865 8055 8
3048 18412 7
3661 18372 8
7789 8916 2
6245 7541 10
6300 16083 8
13925 20422 10
5638 20557 5
15913 24104 3
9934 15096 8
16237 16365 9
3751 11586 8
15388 24860 8
23022 24744 1
19993 23915 3
2791 10487 7
18076 24254 1
9227 10968 1
13644 18983 4
22610 22693 2
8415 13421 5
9639 19015 4
14231 19411 7
11036 16082 1
21883 22467 3
3485 4915 1
9688 24155 8
4512 12767 1
4284 9198 8
7933 24156 3
8343 23120 7
6317 21064 9
17063 22800 10
6102 8056 1
11654 16010 7
9918 12071 4
10058 13395 1
2351 7937 6
810 3807 7
1940 12905 1
14765 24047 1
8795 17047 1
7706 22373 9
6077 12572 10
14892 22949 9
6903 22021 4
1041 21214 2
12803 22656 9
5817 8865 4
18578 23155 9
13367 24360 3
9055 16638 6
9224 11918 8
376 2587 10
7355 7523 1
589 24024 9
7230 13584 8
4512 16135 10
9537 10544 1
2060 15320 7
13973 24449 2
2768 19224 8
13933 18705 7
980 9708 1
14259 16333 8
4511 22345 6
3867 8563 7
12127 18589 10
8591 12108 8
12745 22436 1
378 2623 5
9606 17799 7
19989 22260 10
10608 11317 6
7057 18545 10
6747 18885 2
1822 14769 8
12504 13189 4
13239 19453 5
4994 14514 1
11052 12354 4
18962 20692 10
7136 24237 4
19422 21385 5
3170 11219 9
7917 15763 7
19452 19897 1
372 7815 3
3254 5138 1
1710 23803 4
8643 19293 2
20200 24602 6
7731 24841 4
12983 15784 2
1284 15743 10
918 18241 8
18130 24903 7
1814 19006 3
13155 22362 8
2059 5035 4
9082 18465 1
7774 17980 4
6967 18306 1
1057 19125 8
5261 9823 5
17715 17895 1
6292 11154 6
3774 20892 10
1558 15683 2
2010 10226 2
3092 5724 3
8344 20460 5
15961 24367 4
3273 6453 1
17018 21550 2
9250 21079 9
544 7363 4
6461 21263 8
6080 24166 6
12924 13478 1
12877 19012 5
10200 18557 5
2435 7747 7
10968 19115 6
2066 3283 8
5044 9156 9
9198 15992 10
12427 21533 1
9697 15973 1
8253 22430 3
5998 12330 1
3523 16270 8
6721 23490 4
11492 17229 6
22803 23378 10
13674 21297 6
1551 22708 5
2764 15326 2
845 14549 8
9130 9169 6
1723 7220 1
5876 18399 1
5005 18259 9
3259 12978 7
10569 22068 7
840 10036 3
14030 15872 7
1088 20880 9
16780 21532 1
6124 8828 7
8427 13974 4
1449 21144 9
10141 23206 6
2938 13880 10
10087 16657 2
5351 12846 1
6835 9858 10
16279 17085 9
11578 21560 4
3341 7942 6
14665 19206 1
10631 18058 7
3321 19803 8
5881 23659 9
539 17356 10
3152 4668 7
1680 13032 5
9195 22189 6
4745 20880 9
683 10749 8
12194 14209 3
2962 3481 7
4039 10392 1
4003 8315 1
4125 10100 6
5880 19101 7
12788 20911 5
9728 16824 5
4089 23899 5
2234 22921 4
4987 5693 2
12913 19890 6
12175 15775 8
7297 16754 4
4545 20772 9
8169 9066 1
1753 13344 9
6451 16503 4
712 2876 7
2700 3162 3
7315 15013 5
2323 23432 1
18655 24876 7
11757 23114 5
1160 15623 1
6737 12046 6
1764 8773 8
16606 20405 2
14682 18861 7
7421 20216 1
4112 4718 2
11468 16548 4
6523 15008 7
6129 24545 7
13360 18242 1
9946 21679 8
16297 17449 9
2212 2239 3
9206 13390 6
17805 24097 10
7332 8586 1
2144 10027 8
3100 22308 4
4271 16653 2
436 16545 4
17899 19315 3
1805 24806 8
9557 17281 8
15324 23034 8
1231 15394 8
8063 14195 1
12595 15701 8
8524 8559 3
12594 16617 3
21889 24397 1
19343 20587 5
5969 16430 3
4896 6442 5
9848 14848 10
17202 22477 7
4005 7955 9
13695 22102 7
445 9116 2
2322 2635 6
11742 23666 1
227 11923 10
8554 24196 8
14532 16615 2
7575 11706 10
6675 14618 5
1233 8168 9
9281 11941 1
829 7612 9
11206 22332 1
7284 21881 7
14690 19669 5
19689 22168 6
4709 10815 2
5211 22841 9
1870 7384 9
3842 5260 2
9086 15546 1
20005 24472 3
1764 20474 6
14216 20608 10
6451 18563 3
3189 4468 7
17394 23747 2
4722 18292 3
84 15969 8
10702 24539 8
16595 18097 8
19138 22917 1
5685 23849 6
19568 20368 6
22432 23232 4
11805 20716 9
13824 20523 1
17739 18034 2
9125 15247 10
17754 19889 4
8942 11738 8
8641 18311 1
4833 23022 10
6857 15624 2
13807 15276 3
4822 12641 2
1577 3495 4
5457 24080 10
17765 21934 7
4912 10340 7
992 9531 2
5496 16600 6
6151 19298 9
4668 12378 4
4303 18661 5
4170 7520 6
12877 16170 6
7990 20309 1
5401 19977 6
5961 7139 5
276 12139 2
14760 15829 7
9779 11633 5
13310 14754 7
14982 19474 6
9296 17193 5
10410 15534 3
14203 17805 1
10798 21774 9
4343 11808 10
1178 16789 9
21991 22268 3
879 1553 9
2706 9272 6
1659 3594 2
10007 16581 3
957 7618 7
4525 8980 5
15596 15873 8
17359 22690 6
2482 5061 9
10086 21880 7
9033 10651 9
1789 3277 4
3398 6654 3
1204 3135 4
11030 22003 10
18325 20248 4
15422 17019 10
4812 18113 7
4559 6925 6
14348 21242 7
20684 21848 6
8804 10223 4
6234 7376 8
6127 24862 10
3488 8373 6
4658 20999 1
1785 8667 9
1336 3613 5
17267 20173 2
3068 4325 10
14953 22215 5
3337 17475 1
756 7450 8
15228 20309 4
8797 13286 7
4722 9676 9
15263 19547 4
15829 18164 10
7902 13001 3
17399 21544 4
13173 16588 9
16850 20845 1
8228 16209 7
397 12273 4
14083 24328 7
3249 3322 1
5673 16023 8
8128 18181 1
4527 22548 5
5242 5390 6
4290 11984 3
21029 22097 3
12329 23385 6
5903 6686 5
6027 10840 9
2637 9641 9
5849 20569 5
9051 14056 4
9314 23506 3
2512 16943 7
441 19541 8
10751 22528 10
5767 24047 1
8942 15376 1
8494 9330 5
13852 24253 2
4601 21052 3
6029 11954 1
10893 17310 2
3366 5619 3
9576 10548 1
3617 6534 5
9604 21993 6
3826 20542 9
3861 17507 8
7793 10998 1
7911 8670 1
9075 19330 10
17218 19322 9
1720 15990 2
20908 24435 5
1960 10165 10
5944 17506 9
15683 20632 3
8635 17630 6
12305 13491 8
4271 16762 9
1699 19902 8
11311 21498 4
21180 23411 3
15467 17629 8
12213 24779 7
2790 23938 2
981 24730 9
12193 13536 8
16391 16491 8
3184 10506 3
3478 17462 5
3110 6624 9
15767 22590 6
13843 24603 6
3276 8872 2
17095 22311 1
4026 22278 5
4757 23693 7
1395 21082 2
3229 22077 1
4051 22510 8
1438 15271 1
11462 19711 9
17044 18465 1
6407 11193 5
19167 24181 3
15590 19886 7
6430 22633 2
8057 19802 3
5352 14806 9
15057 24365 8
22641 22913 10
13605 17457 9
583 21307 7
1616 2965 2
110 12831 2
1352 15758 8
16563 20914 1
4040 15208 4
1636 7702 8
6301 23370 2
4119 9395 1
4192 15205 1
18445 20648 2
15920 24507 5
2261 11788 3
4059 13219 1
16636 18139 10
19469 22847 10
4137 24246 9
13651 21383 7
16112 22053 4
13426 14656 1
1902 23024 3
8579 22985 9
1999 21138 9
125 3050 2
4337 21830 4
817 7659 2
2103 15984 9
17669 22931 8
6189 14850 8
12076 13459 6
1790 21912 4
14205 19564 5
12719 21549 10
1704 22397 2
6556 10961 3
4039 15708 6
2947 8721 5
1082 7501 4
14542 20619 5
8820 20196 9
16938 20728 9
11863 23399 8
4008 4286 10
4937 13999 4
8335 16374 9
3647 6156 5
11992 17404 8
4924 23225 3
11921 14641 7
10143 17988 7
4935 13183 7
2686 22983 6
7459 21378 5
10716 17960 1
6458 21280 8
12693 14858 2
16185 21835 6
17240 17780 4
2990 24256 2
1906 14843 2
3603 3975 5
10589 22496 2
1389 10315 2
11387 14247 6
3004 4531 8
4258 5079 10
1673 11360 8
7055 18289 10
2560 15488 1
13308 17677 4
14611 17060 9
5740 11907 10
20895 22658 9
9742 15524 1
596 4039 3
10343 23105 7
1941 6261 10
5170 15444 4
956 7651 3
3446 10673 7
16889 16940 9
6299 23762 9
3855 20228 2
2306 14995 10
2387 12972 6
745 7335 2
14509 15838 4
15975 21169 9
20080 20110 8
5771 12745 5
18200 20831 7
9966 22452 7
6700 20124 8
516 12491 8
21015 23060 5
9435 20640 7
4182 24476 1
17933 20235 9
4647 5480 10
18728 23287 4
21320 22618 5
1662 8775 7
17200 24856 7
7449 7806 4
1166 24196 10
3177 8138 8
2327 7070 8
9195 16191 5
12843 23795 10
99 16181 1
2853 20204 4
6456 7296 2
795 18261 2
5009 7220 8
7577 16111 5
891 12293 4
4736 10388 10
12861 21661 9
3586 8923 9
9722 17962 2
3141 23496 4
7829 16447 6
9522 17382 6
15628 21874 6
2429 5754 6
8754 19613 9
991 19173 5
3790 7976 7
5678 11345 10
2670 6636 2
2059 9678 3
4019 18227 2
1620 23897 1
3143 15842 6
4809 17543 10
17857 22374 7
550 18198 2
969 1810 10
17140 20679 4
1985 4763 6
9548 11741 8
9096 21172 8
6124 6380 2
2118 20154 7
10582 14656 2
4066 9689 5
3884 4730 8
7280 17827 6
19201 21559 8
10956 23791 7
232 15429 2
12628 18093 3
22205 22556 8
18025 21144 8
11349 19435 5
8507 16327 8
22144 24613 6
3483 10427 6
2717 6652 3
5900 24370 2
11803 13486 1
19258 19334 2
8991 20546 7
295 628 6
5576 8029 3
13870 16784 5
2352 23016 9
8835 9079 7
13245 24677 6
6175 17157 4
20308 24754 7
6371 13098 3
14575 15054 9
2783 23160 3
1126 20468 1
4611 11447 10
8816 13813 3
2387 19320 2
1125 18322 6
795 14360 10
5341 13763 3
13139 15102 3
19695 20602 8
5256 13155 10
6314 12882 6
4650 15661 3
13718 23174 8
648 2812 7
19541 21695 10
2370 21257 7
2670 9969 7
706 10845 8
1927 12978 3
17655 22877 1
19401 22385 5
6521 6918 8
24375 24835 5
12565 21180 7
9467 14402 8
8386 14498 5
557 19319 3
4535 16858 7
1593 11251 8
2880 4739 9
18183 23797 9
7991 16577 10
17290 17777 5
15468 17617 3
14360 23543 8
3961 12273 6
20200 24206 5
2597 5031 5
4690 6652 9
5162 14924 9
19201 23817 7
9488 18162 9
3700 8480 2
7698 14126 1
869 889 8
5711 15003 1
14395 24726 10
7692 24787 8
17370 20307 3
7847 18910 4
14868 22156 9
339 4305 2
11905 22566 8
23819 24388 2
1931 22452 5
18560 23905 2
19884 20409 9
690 3568 8
14525 16652 3
2264 8546 4
5222 23243 3
15578 18870 8
1831 18966 3
337 20550 9
16513 24813 8
2449 11476 4
11123 16288 6
8347 22511 9
10239 10570 9
1623 21084 10
3600 16137 4
9441 15900 1
2753 12468 9
2609 6830 6
1014 8731 8
15922 21564 2
4026 24671 9
11160 24475 5
1151 18205 1
2812 4625 8
12920 22955 1
20238 23409 9
16094 23478 4
21267 23614 6
4768 13668 10
16931 19157 9
20150 24959 4
23865 24362 6
8802 13975 3
1678 18834 6
4379 15584 6
2455 20414 4
19102 24677 2
9218 15104 4
19923 23841 10
21227 22772 8
16250 24356 5
13475 20462 3
198 16708 1
3227 20130 1
5487 21758 1
6438 17128 5
4510 7105 5
1699 24300 8
10251 20373 7
1596 11843 5
6894 9465 1
9557 22067 1
8256 20228 8
4391 12521 8
22080 22425 8
2609 7427 2
24114 24335 3
13509 16784 5
8881 10979 1
13816 23857 9
5500 8098 9
3561 15743 3
9327 12124 10
15147 20273 2
5072 24614 6
1907 20429 3
9780 14429 5
10746 22464 8
181 8107 2
12321 15875 2
13128 23160 2
5220 22296 2
9721 22840 9
4210 11735 10
21564 22498 5
9541 15583 9
16187 18426 10
3117 13387 4
1144 10589 1
6448 23186 4
8107 14821 10
13999 19903 5
5981 22919 7
417 24408 7
9313 24217 10
2098 13832 4
12228 23742 3
4514 8328 8
323 14618 9
4958 24264 2
13708 21488 7
16489 22925 7
10262 18594 2
12542 21203 7
16295 24451 5
8556 13390 3
6316 17720 9
3727 14602 2
3498 3910 5
13537 18227 10
21881 22986 2
7790 13474 4
13740 19094 7
981 12865 3
7710 19822 5
5861 18349 6
11421 24909 7
5899 8048 8
1697 13011 4
11925 22619 2
8979 12487 6
3404 15567 4
797 18790 6
13403 22416 8
13121 14682 8
8840 16807 2
14324 14736 3
4607 9818 2
12858 15205 8
615 24755 10
9291 16832 10
18197 23550 7
4011 6809 10
4944 6854 9
1462 8918 8
2162 22777 3
2157 16780 6
15901 18681 1
953 21063 4
13401 14191 10
10293 15161 2
6831 15587 4
755 4554 1
1654 12650 6
19484 19552 1
11401 13945 6
4729 21030 3
8993 18086 7
13169 16529 10
6401 11345 4
13414 17484 2
22634 24638 4
2052 14854 2
3797 20755 3
1539 14512 5
169 7193 3
4306 21518 7
2546 15901 5
8350 15457 9
5743 20342 4
628 9411 10
4313 23363 1
8151 21786 8
3178 13461 7
13221 14224 1
1070 5085 3
2534 18023 9
10971 11535 5
15937 18935 8
3830 18130 1
265 20453 5
631 23319 3
11996 13525 2
5429 19434 5
3969 10423 4
1384 15749 4
7540 12949 1
4758 16639 6
665 21085 1
5739 21747 5
6146 23751 6
2719 9613 7
23964 24018 5
10895 17064 6
10897 13101 10
3666 15259 7
1620 16894 2
10092 13121 5
310 20350 7
6817 19008 10
11178 11312 7
15386 17397 2
6819 10279 10
3199 8012 10
15586 15771 5
19625 24421 10
16940 21671 1
8011 24847 5
21747 21957 7
6184 17332 3
4629 6514 3
6953 17801 1
12592 22029 4
7681 22711 3
5388 8568 8
7528 17969 4
967 20086 2
16462 19978 6
18388 24320 2
820 7118 7
4143 8748 2
13255 16657 1
18061 24782 7
7680 23748 8
15008 21761 3
17968 23242 10
1477 4150 4
8305 19725 2
2194 3115 2
6660 21615 10
10256 22629 10
10430 17413 5
6663 10901 3
4195 20296 10
8200 24096 4
3352 18126 9
19389 23262 2
8563 23229 2
8506 10253 4
1076 2192 5
16705 23444 5
10966 17803 3
2120 16272 9
12778 13691 1
3918 21511 1
545 20075 7
1032 4748 1
3171 12298 7
3276 7125 4
3794 4690 2
5020 18766 10
14587 18926 3
7644 11426 7
4265 7650 2
6077 15709 2
10702 22845 10
4357 16440 4
9618 22445 7
17286 20157 4
8753 19982 5
17086 24363 7
10343 18624 2
8362 19500 1
1694 15830 6
782 23473 9
12103 15662 4
2307 13299 10
16979 21262 2
315 11759 10
882 17878 10
1072 5010 4
10006 21038 5
17390 20998 4
6459 15773 5
17867 21137 9
2026 12837 1
9798 18249 4
11117 19298 2
13568 16426 9
12400 16314 6
15054 21439 4
4378 11244 1
18540 24197 2
7257 13587 8
18284 18352 4
1431 5737 8
13556 15089 8
8866 21554 7
3585 24925 6
21938 22217 10
6145 17197 8
12126 20372 7
11746 15525 6
3229 10396 9
12912 20372 1
3150 16898 9
17150 20392 5
420 12792 10
3100 16514 9
9649 16557 1
7555 19435 1
15939 19537 2
15261 18992 6
8781 9800 9
9649 14925 6
16271 17906 4
2167 10445 8
8480 10373 1
6041 15873 10
415 18365 8
16403 23409 2
19654 21091 8
6332 13169 5
10230 18343 1
2919 21863 3
9609 14618 7
12096 13226 3
10243 13299 2
57 16762 1
8046 22498 3
15344 19233 4
5851 17258 1
1901 24531 10
14296 14560 10
8636 15459 1
4024 8458 6
19889 24708 2
9275 22267 8
20540 20835 3
12724 18062 7
9032 18654 10
18047 23856 6
1076 16768 6
14073 20919 4
12988 18062 2
2436 8093 10
16882 18726 5
2723 19190 2
1872 6668 10
13745 23125 9
3410 4635 5
945 15126 4
1611 19971 5
5828 24078 10
931 5125 3
194 15627 3
8764 9102 7
10555 18141 5
6569 14927 1
9524 23117 6
9748 23310 5
11918 20830 5
22917 23502 1
3593 12862 10
15547 23221 8
19596 21629 4
24714 24872 10
16189 23191 10
17543 23075 10
15576 16356 4
13475 21503 1
7751 24938 9
6871 7709 7
10449 14289 9
2062 4775 5
4506 12422 4
2268 2607 2
10296 18217 6
8577 14049 10
4770 22536 2
10794 22906 2
8115 16088 6
7283 13395 10
10197 21545 6
12865 14997 5
9220 22424 4
2377 12040 6
1131 3099 6
10843 17613 6
4697 12803 4
7298 9807 10
5 1080 8
20081 23278 3
13317 16261 6
22960 23480 1
6107 9349 10
9741 18120 1
3794 21377 8
12890 16756 4
4063 20211 6
979 17550 5
4605 7907 7
3892 7074 4
6607 14056 4
19637 23424 2
20651 22926 2
14319 17176 2
6894 14465 10
13498 18826 4
9077 21235 8
7554 21306 6
1834 6477 4
22249 23068 6
6070 10320 4
10002 19082 9
12353 16849 2
2188 10525 2
16592 24296 6
2907 3043 3
7146 21554 6
11030 16967 8
221 13177 1
16711 23513 5
4380 5062 4
14659 22064 6
585 9353 4
5218 21743 3
15178 18284 4
3266 8941 5
5399 18060 4
1375 16901 4
159 16051 10
569 4006 4
9820 9982 9
12130 20982 10
19159 23127 7
9870 12261 4
11264 15703 8
16788 20078 6
8138 11158 8
5342 7898 4
14846 20312 9
18877 22974 1
12273 16963 6
11869 23701 10
13065 13661 9
7163 19774 5
5926 15688 5
9990 19864 8
5338 12272 5
1573 22099 3
4550 16689 3
5644 17356 8
5716 9430 9
4438 23320 7
4493 20710 4
17489 18544 2
5559 15867 2
22144 22710 4
2153 8905 2
9289 22548 1
15400 15827 10
1774 6829 10
5654 19659 8
18430 24720 4
4907 14042 3
7801 16730 10
6940 10971 9
8547 15809 10
3056 10598 6
3857 10846 10
8389 10295 3
3537 3791 6
10998 12310 9
6545 14009 1
4744 16048 6
3146 23956 6
1120 22030 10
3599 7436 9
19491 23294 10
2201 23342 2
51 8783 2
1554 3817 10
857 15874 10
5372 17187 3
579 9910 2
4528 15794 6
12427 17486 6
15795 23799 10
6396 22787 4
12276 13499 4
3929 9534 6
7988 15109 10
854 22102 4
2134 10958 10
17612 20334 5
3225 19641 3
12271 18591 6
3737 18360 5
4604 18376 8
11838 17095 8
13105 24541 2
2384 20957 3
5922 16271 8
6014 12498 5
4988 5987 4
12882 19439 5
3512 14276 8
12400 23085 2
14021 22432 4
1038 3819 2
572 17587 5
8779 17968 4
4173 24060 5
6897 11182 8
8034 8366 2
6653 20047 7
1553 16776 6
7843 19094 8
7155 24743 3
12634 13044 2
5901 19120 6
10626 16087 5
11607 17257 1
4420 15965 4
16482 16730 6
5079 6147 5
64 2635 7
6476 12134 10
1036 7361 4
11756 16983 5
5270 19029 10
10183 15206 10
11845 14590 4
1589 16592 1
6814 21692 3
8997 10834 5
6265 11489 1
778 5420 6
8179 14613 6
12583 21257 8
12691 14531 3
18550 24933 1
4130 16953 8
14224 23005 9
255 7955 10
6372 17517 2
21074 22871 9
17719 24049 1
13648 18302 1
14410 14580 4
388 14411 9
2147 10846 10
14058 16023 5
2330 19378 3
3750 22645 4
187 16501 5
3607 10631 6
4893 21007 8
1497 15643 3
12136 21635 1
6363 6399 4
1746 7088 2
3416 18449 4
495 3022 9
4709 21149 7
7920 20789 8
1204 6805 10
69 2693 1
3977 16981 10
7108 7493 6
4322 13595 5
11697 23696 3
8078 17087 8
7081 23072 5
7505 11831 10
2593 24049 10
7723 16277 8
13611 21567 1
4789 22797 7
5948 16469 2
7081 17884 6
2485 22880 1
14565 20221 10
7505 13222 7
22352 23479 2
22620 24893 1
3583 4764 1
13831 17008 8
8710 12419 9
4080 10955 5
12778 17842 3
2300 13425 8
9055 14632 1
3086 6835 5
2793 17581 1
20421 21768 10
2682 16371 8
3049 24690 2
18249 21464 4
970 5203 6
1441 23421 5
12820 13604 9
4069 8236 1
17725 18139 9
3999 10264 3
8175 10396 10
6499 7844 8
3055 19899 4
1541 23657 7
6404 21092 3
1879 23378 10
5519 6551 8
7978 22139 4
7470 16820 1
10171 21422 3
687 12278 2
10811 22584 3
1910 8333 6
11291 24655 4
1738 6766 4
9330 18422 8
3115 20160 8
17593 23097 9
1553 24038 2
19930 21344 3
12355 13217 6
10095 21645 5
11447 24504 5
5570 11254 5
2685 16362 2
7821 13896 5
9561 21414 4
4173 21494 10
5331 13521 2
8749 19798 3
22837 24917 2
7005 23287 2
3503 22281 5
6092 22245 10
4367 12552 8
11114 19685 6
4447 24313 7
7304 10889 5
6105 9719 3
2235 24741 9
13147 14371 8
12553 20898 7
6849 24809 9
2356 15415 6
5902 9568 8
13778 20992 2
4183 16634 5
6485 13992 1
12256 14140 8
9699 14637 3
14780 16957 10
16928 19855 2
7007 10958 6
15667 22677 7
16608 24508 8
3892 19485 4
7220 22911 1
6617 10421 6
15320 21370 7
1042 8796 3
13832 20993 4
17132 20798 9
6705 23964 7
11883 18184 8
16127 21629 5
2138 4345 4
16079 22826 3
19194 19327 4
19185 21366 7
8494 24171 1
3355 19677 1
5267 22606 6
6526 12725 5
13416 13530 2
1952 7354 6
17104 21761 3
13337 16226 6
7989 18385 6
17501 19538 3
9674 18849 2
10349 17350 4
10355 17113 3
1991 8056 1
2715 19102 8
1200 17296 6
1674 20808 5
2188 22386 4
12279 14163 2
2690 12494 7
14078 19941 8
7466 22266 5
7926 18365 8
6602 7638 9
19162 20444 5
17957 23243 9
9041 13722 4
6844 24654 10
1388 22967 1
12682 21146 10
4728 12154 9
5152 10417 9
8728 20355 9
20067 23782 3
13871 16129 8
817 8266 10
775 11299 9
5151 20760 2
8043 17492 8
6690 11897 2
15949 23222 6
18468 23041 9
9479 15483 8
12646 15956 4
4068 24038 3
4527 5317 9
1943 13330 8
23413 24153 5
13494 17864 5
23842 24120 6
2201 19055 6
1132 4839 3
4163 19811 3
539 1622 7
554 704 10
11566 12271 5
13665 20604 5
8101 13917 10
10668 20688 3
20126 20602 6
12523 13168 6
706 2174 7
10296 11452 9
12473 15901 4
13556 24176 3
6963 8627 2
13977 18844 9
14009 21980 1
6374 7872 5
17891 24506 10
3535 5619 9
9869 12508 2
3936 14681 4
11625 14505 9
9151 18557 3
2047 20458 2
921 16043 10
7407 14480 10
11922 19004 5
17584 21878 4
4754 5491 6
779 15147 4
3211 16655 4
11065 19896 9
5539 10639 5
1513 12554 10
10802 13352 9
10205 23504 3
12456 13284 7
5984 12995 10
18813 20540 6
787 6372 1
12713 12808 10
20610 22040 8
6812 8684 7
16438 24752 5
8319 19305 5
10226 24448 6
6191 16944 5
11043 24925 8
8478 11437 1
5259 12017 9
13144 19052 9
11331 20710 8
19038 24724 5
6593 23604 1
19235 19299 6
2367 20927 7
9689 16498 8
2692 19663 10
20667 23673 7
15992 22261 4
1068 19735 1
20408 21591 6
21057 21367 1
8674 18032 1
9007 17319 5
4756 20529 7
2082 12160 10
7328 23819 3
7391 7711 7
2764 20346 10
9060 22259 10
14211 24161 4
1925 16047 8
19892 22933 2
6053 18019 4
1658 21772 6
6915 12352 6
1972 4485 10
14804 19722 8
4151 18477 7
15218 17265 8
4197 22309 2
3408 16066 4
9079 11543 8
8311 13957 6
1413 3636 3
766 922 8
2250 7339 6
1958 13550 8
1013 10012 10
8521 21002 1
12266 17462 8
5863 19765 9
2798 10319 3
4260 19481 3
5865 15201 4
10553 15157 4
3125 7259 2
1933 10585 10
20046 20454 8
7718 18178 8
12755 13088 7
11162 14215 6
3932 23034 2
4736 18595 3
6648 9454 10
9204 17039 6
13604 18934 9
10768 24052 2
9642 16789 9
12892 21382 7
7551 17753 2
10598 15513 5
8490 14983 2
769 23273 8
8114 23111 2
3448 7540 3
15436 24078 9
10589 16976 7
4410 16501 3
1384 23324 9
923 15791 7
1890 21786 9
3326 10292 4
1319 4246 3
11864 20938 10
13732 14910 8
11522 14526 5
6306 19001 8
2909 13493 7
4293 16631 9
817 9380 9
2160 14897 10
3630 16835 1
14804 23331 4
3823 14097 1
8726 18366 8
16357 24652 10
3846 15470 7
12936 20595 2
15506 21334 4
20073 24506 9
8669 24268 1
16724 20334 6
12134 20179 8
3836 12548 10
110 24747 8
18365 23328 9
2576 17029 8
9585 16048 9
2130 2911 9
13472 23594 6
3713 4535 3
12843 19283 7
11702 11984 3
11280 13511 2
11765 13604 6
13832 19847 1
4902 8021 5
3204 4641 1
12829 12860 3
2339 15229 3
4001 19698 1
6572 23512 10
4117 24333 9
1597 20058 3
7294 16888 3
2073 16776 2
4805 20075 7
17295 17365 4
5588 21296 10
14354 22058 1
2693 6815 7
4875 20637 8
14760 24533 6
448 8920 2
4304 14041 2
8181 12329 6
7898 23121 5
13094 19714 1
3929 16098 10
1615 9417 2
14199 17067 7
3017 9887 8
7103 7163 10
11545 20576 1
15315 18730 5
10685 14855 7
8400 19028 7
3918 16813 8
8809 11808 7
8498 19441 6
17587 22593 6
6089 7712 6
8683 10722 7
9297 15975 1
14903 23851 6
20644 24461 5
8445 17054 1
4235 6832 8
7731 18612 4
13284 22370 3
6572 11732 10
7248 24333 6
12280 24024 5
4931 20052 10
2326 21383 7
1732 6783 6
899 7368 3
21277 22629 5
1971 3507 7
4695 5260 3
2880 11175 10
14652 22272 1
18690 20533 10
1471 5804 4
862 899 2
4387 17694 3
643 22643 3
1149 3106 5
12375 24714 10
585 24029 4
1040 6864 4
11852 15045 10
6889 14611 8
3086 6923 7
16515 17968 1
17856 19035 5
10444 15727 6
24 13973 1
6532 16689 6
6786 21679 9
4631 22018 2
812 3915 6
9214 17768 5
11051 17383 4
1048 8316 4
3167 11482 2
8096 22309 1
3603 5524 10
5331 21094 4
13890 14168 5
10604 15740 6
16403 18787 9
15809 22543 8
19824 24295 6
22566 24413 2
10446 11091 9
892 9465 10
3935 16401 5
2439 10741 3
3055 6708 1
3785 13329 4
12733 15268 4
6581 13104 10
781 24998 5
5424 23090 1
1249 22273 5
4198 12202 3
14259 21303 5
5166 19320 7
7566 19342 7
3567 19142 7
2192 6157 3
3547 21980 2
719 3128 5
20644 22122 7
15176 21137 1
1241 23463 7
8584 21287 1
8817 12763 6
6027 18429 9
2447 16183 9
10580 12293 10
5490 20797 3
21787 23197 5
10522 13290 4
3599 15707 3
9990 22007 7
3408 11204 8
13341 17703 3
5882 8828 1
11807 14239 2
1352 12606 10
7875 11239 3
5499 15104 2
6720 8841 4
442 21804 2
5460 5882 5
1489 15979 6
12654 20504 3
1469 17499 1
4005 17835 8
4783 12260 7
17857 22106 7
11243 14534 9
19373 21809 10
5013 16364 10
3791 22419 3
1126 18940 1
13428 15862 6
616 5082 1
6712 16818 2
16638 24391 7
20148 22120 4
434 4098 9
6774 19302 7
8600 11479 3
11140 24405 9
2337 22669 1
1668 9468 1
5932 9452 8
4424 11170 3
1885 8638 3
1040 16869 4
6001 8829 8
2246 20562 5
10095 12842 10
14404 20920 3
1185 18143 4
11577 19934 7
3390 6710 4
4166 5102 1
12822 22373 5
6531 16469 6
3269 16657 7
1182 10571 2
5778 18398 9
5679 16244 1
15730 21084 2
327 4382 2
3661 8061 9
4159 19784 7
9287 11305 9
8888 10423 9
13227 18489 7
2999 24795 2
13762 20357 7
7375 15880 4
964 24975 1
8491 9479 4
16244 23015 4
1513 15907 3
14857 18394 2
85 2271 3
16595 20289 7
14140 23731 6
4806 6297 3
17414 20550 5
3595 10085 1
1185 16561 1
8391 21555 9
21232 22733 3
15037 20666 5
14436 24510 1
2156 10868 9
13307 21081 7
13414 15522 10
11633 17344 3
18324 23215 7
264 15709 3
10699 13426 7
2257 23096 4
2783 17327 2
6381 6596 4
10297 24857 2
15746 20524 6
5332 22580 4
8575 14178 10
9279 24012 4
10670 17671 10
13079 18311 9
5870 23450 7
6287 11314 5
4175 24099 6
1221 15923 6
16521 20140 2
3077 3510 10
7938 22906 4
2584 3630 9
4656 12645 2
6536 14855 2
13020 23905 8
3121 22071 1
5479 24589 10
12153 19750 10
4521 20421 6
19530 20992 9
10234 17891 1
6346 16971 2
249 2365 2
12693 14758 9
15798 17938 4
4859 15018 2
4593 19568 3
11461 13453 10
1745 4115 9
18504 22562 4
7305 16086 2
3517 23658 10
7655 21195 3
22985 23301 2
19417 21278 2
13845 19802 4
16015 19810 10
389 10174 5
16516 23545 5
13955 21038 4
2268 14739 8
18705 21724 10
755 22557 6
814 15676 1
5552 6448 10
19567 21947 3
15773 19406 9
15208 15565 1
24752 24936 7
2085 2840 8
14195 20311 6
7429 12507 9
8945 24578 4
2184 22460 9
7533 23850 7
1135 22582 9
20759 21575 5
4097 13866 4
266 23089 4
804 16337 1
6683 21152 10
18027 24517 3
13737 16799 8
9635 20563 9
9138 23206 3
16448 18559 4
1555 20527 1
16301 24165 10
3048 23637 2
10699 13119 6
12101 21597 6
7222 19491 3
6236 23266 7
8915 9739 7
3460 9403 7
15 2051 6
21757 24761 7
12484 18316 8
13695 20447 1
12068 16920 10
2348 5972 9
21948 21997 7
21919 24241 8
8384 23538 9
951 16776 7
18335 24098 2
17734 19947 6
13632 14901 9
3286 9494 1
13867 20987 3
3483 3890 2
1869 12401 4
10610 21538 6
5828 19119 4
9232 14338 10
15101 15958 8
11279 22780 6
19790 21172 9
8023 19042 5
2123 24198 3
4132 23877 6
5772 16441 2
16422 21829 5
7463 12104 8
11404 15088 6
7787 13972 6
3890 20156 4
3798 12494 1
19059 19127 10
8970 16133 2
3485 20093 2
20165 20244 6
6242 21245 7
7637 20874 6
7161 7494 1
5732 6781 6
14464 24366 5
7 3386 10
17454 23777 3
2227 9475 4
2475 7775 4
5691 22101 9
17230 19544 5
7672 19264 6
11529 20523 5
5875 6764 3
11297 17802 10
2395 2768 6
15939 17491 4
21491 22035 9
4803 11250 7
3242 16736 6
21947 22685 6
17224 18097 2
5072 6801 7
7727 8282 1
2708 14382 9
1665 2396 8
6336 22804 10
9440 21575 6
17486 20941 4
5213 8358 8
14170 20344 8
7422 16226 8
10438 20576 2
2956 21787 6
601 17919 9
22817 24558 7
6409 21689 6
14149 22064 3
3630 13271 2
5593 9188 2
3390 19684 10
7388 11632 7
5695 18658 3
11132 16058 3
2690 12006 10
10527 24738 6
11694 24662 5
16023 16254 1
3690 23837 6
14407 19175 8
21153 23265 3
3862 16174 4
13726 21577 10
6604 6634 2
7832 20347 8
18685 23266 1
12143 17206 4
5719 17476 9
4613 10357 5
5328 15241 5
7650 19909 5
5386 22404 10
12521 15845 4
10003 20237 1
13842 15247 7
13125 19413 3
12213 22589 2
527 22390 6
7802 20342 9
1047 2164 2
12136 20315 8
16867 19503 2
14694 22065 8
609 8185 10
10242 24950 7
862 20768 10
4337 5192 4
12401 15766 1
8759 16516 7
14778 21075 5
4288 21242 5
3366 7811 5
7920 24497 7
5905 19920 1
5558 7100 3
6087 9075 2
8672 8762 5
1833 11079 10
963 12085 5
11296 18050 8
15544 20274 3
3857 5093 5
1281 22413 4
23944 24972 10
816 5515 1
7405 8399 8
12646 21824 6
2760 13322 1
14020 21335 5
706 23443 3
593 21629 1
9758 23025 7
5644 7382 9
10124 11217 8
11388 13663 5
3803 12983 6
19069 23045 1
2371 24563 7
9291 12179 1
2109 3482 8
6138 8283 5
1297 4521 3
11921 24032 5
5394 8541 3
10907 13381 6
593 17471 2
3321 21346 9
6390 10282 6
2406 8116 1
11129 23105 4
7824 19435 8
15092 21986 10
14206 18008 2
4406 24365 10
4246 20194 9
5854 14804 3
5568 23449 1
1092 24747 2
13962 17791 7
3161 15959 5
2524 10400 8
14688 18347 3
15278 17767 10
7800 12923 4
23100 23800 3
1107 17211 4
599 6213 3
16852 21633 9
14103 18379 8
9648 10240 8
150 8182 5
1468 16279 1
8066 10120 5
14718 19085 5
3826 20695 1
2808 8728 4
6880 20018 3
3472 13351 10
10319 16389 3
1297 24587 2
6205 18895 2
1433 4775 10
3260 12389 1
15734 23335 7
3650 24577 5
5493 6868 9
6274 23400 6
2601 7036 2
7517 18768 6
4263 18139 2
12550 17169 5
13710 23540 5
3619 4495 7
13714 16041 5
4641 18541 2
4214 9748 8
17912 19143 9
3338 13051 2
8529 24069 4
4198 21574 4
5600 7698 3
6459 23425 8
972 8266 1
4996 17649 1
6443 12745 1
12038 24163 2
2601 12325 7
303 22162 9
3972 17827 2
4172 21231 1
3874 23485 2
1032 23729 10
1590 24290 4
9770 17893 3
3863 16507 7
2436 20696 3
7118 19403 3
11431 17641 3
6222 24640 7
10975 11155 9
2912 9263 7
4508 19791 10
18016 18054 1
7826 16900 9
11012 17664 2
684 23652 5
11325 13441 7
4165 15441 6
8368 15873 4
4695 12255 10
18508 20178 5
1707 7463 8
9541 20100 9
14600 17522 8
17671 21646 4
7138 11061 8
2197 15718 9
3049 21733 1
14263 22242 7
4736 17782 10
15541 17860 9
21569 22156 9
13807 24031 10
14333 22610 5
6574 15362 6
3019 4329 3
3380 9161 2
3448 18129 10
5910 7581 8
2602 5682 4
13932 17351 6
6130 12375 10
5620 14402 7
9856 14462 9
7259 8692 7
4555 14966 1
3536 24829 7
1036 2954 9
9488 12656 2
6945 21114 8
3811 10008 8
3749 6657 8
6311 6954 7
325 23413 3
1820 8529 9
4269 20555 4
16989 18566 4
7785 18690 3
2405 16728 1
1114 13188 9
2751 9359 8
10364 17039 9
2621 16328 2
17669 22846 8
599 15392 1
18192 21508 4
434 20578 7
4299 12641 2
3818 14031 7
16178 16656 3
17616 20978 9
5915 22929 10
1453 17817 5
1546 5278 10
6224 18189 6
797 3089 7
2618 5341 7
2177 3514 5
14358 17150 2
8743 16882 6
11854 18236 4
10263 21085 2
2973 15339 8
9174 20504 3
4721 16799 2
6115 17235 9
27 21349 8
13270 21527 6
10121 24424 1
5414 11137 4
5810 11882 3
9161 20702 9
8631 13070 5
10934 21659 5
20773 22593 1
2960 11881 3
3240 20880 4
5085 18057 5
5111 6660 9
2768 18839 1
7525 18722 1
14433 18638 1
9475 9811 8
18905 23075 6
5935 8924 7
2502 7549 8
11048 11628 8
12854 13095 10
16012 22239 2
12027 24504 3
7569 19520 2
9085 9272 1
2507 15625 3
14579 22255 2
8479 18081 10
7518 7644 1
10929 24573 6
6404 19794 9
6163 15293 9
9424 19930 10
14667 14741 1
4763 14025 9
7574 17248 6
7584 11560 6
17792 21339 9
8098 24921 5
1095 20769 4
9342 11822 1
3 10414 10
128 9893 6
13154 20903 10
1750 23200 7
2273 18727 4
772 14088 2
13407 16437 7
7607 21226 6
14287 18015 8
11958 17504 10
15670 16051 4
622 6602 5
9706 20629 2
1749 11146 4
261 7990 7
5487 15065 2
9060 11847 4
2253 15599 4
7977 22586 6
1243 11188 3
2549 19642 2
6769 16061 9
4476 15676 6
12045 15259 8
9917 14780 7
4603 8236 2
16802 19653 10
11663 23059 3
10441 13984 8
2076 10996 5
1777 10047 3
11956 14095 10
13927 17669 7
11136 12102 2
12914 23640 5
191 24429 2
6901 22154 10
7237 13185 3
808 22377 8
12115 20409 6
1532 4002 6
4055 4342 8
7040 15613 5
17476 22905 7
3288 11731 4
12561 13973 6
833 12384 2
19704 24561 5
2528 16112 6
19349 22569 2
4089 5723 1
127 22339 2
4322 18383 3
8887 16086 4
6977 21355 3
16215 18911 2
4249 6953 6
8932 24489 9
13963 13974 4
6197 8565 2
6339 12675 4
4682 9706 1
7163 22860 9
20117 20540 1
3968 10676 9
17151 22508 3
2196 18037 10
7636 16476 4
8299 14396 5
6916 16330 2
484 3876 7
2486 8675 6
12896 18831 6
11435 11952 7
5612 7075 5
15961 20151 2
4305 16064 5
11628 12299 6
9298 24210 6
13535 23746 9
7366 8191 7
14015 23463 9
13933 20708 4
2363 15691 10
9436 19126 1
17677 18226 9
4624 23265 1
17135 24791 7
2388 4989 5
14272 14853 8
8012 15343 6
15723 18563 1
15082 21050 3
3755 9777 10
6183 20479 9
5878 9043 5
6646 22737 3
5795 19976 4
2260 19638 10
7136 18700 8
3661 12562 6
17642 18376 7
6906 12236 4
14622 20114 6
3196 18596 9
6150 7365 2
5508 10071 10
268 21906 9
4277 22333 1
4679 13626 9
14896 24987 7
1752 7767 9
11887 24659 5
10495 24307 1
23314 24675 4
2451 17919 1
3403 7335 1
8296 24055 9
3743 18292 9
2857 22361 7
1878 2228 8
5015 19814 2
882 9927 6
9295 11170 1
1448 8342 10
23 3359 9
10741 12739 5
17138 17731 8
15156 20533 2
12627 24323 4
6113 15870 2
3001 23577 9
3564 14198 10
16093 21020 8
7679 11484 2
21138 21465 8
2626 15034 5
4716 13818 3
9072 13826 1
1248 21117 10
186 11939 10
17478 20951 9
828 13573 1
10498 17263 3
18042 22598 4
3765 13782 6
10558 23098 6
501 23075 5
4902 10101 5
10287 24448 3
9439 20227 3
2898 18861 10
1800 21117 9
12092 16137 1
5578 6870 4
2731 16594 5
13568 17408 8
3960 13516 6
15736 20365 8
4866 20207 4
15747 15781 2
17024 18002 1
3189 10260 7
11034 15928 9
2426 16074 9
3651 19923 1
1679 14086 7
2079 22955 1
5239 8103 4
394 1096 6
1658 14101 3
1304 23167 5
4434 20546 9
10439 22370 8
7548 12929 5
5696 11547 7
3004 7395 9
8568 19146 3
16215 18407 3
10174 16786 7
19951 20771 9
13053 20071 2
20543 24761 5
15549 24494 7
2108 11400 9
4635 22301 6
8876 12066 10
21591 21845 1
946 18651 5
4750 8418 5
4512 20349 4
5467 5632 7
793 9154 9
435 3052 7
5901 6203 8
2629 9680 8
9131 19911 2
326 18971 2
206 24710 8
15318 18805 5
5525 21068 3
3548 21861 4
13917 18933 10
12558 20969 2
5133 24490 7
1759 14654 5
5984 9852 7
15899 18966 10
8890 18343 3
16018 22401 1
12923 18003 6
18044 22571 8
9246 12725 4
3701 21440 5
11029 13492 4
6373 19060 5
1424 3048 8
10023 15833 7
20799 22025 2
472 12487 7
13195 21917 2
1642 7906 5
4902 19694 5
1717 20646 10
14767 19319 8
3805 23898 7
9223 24970 2
17709 24033 7
20350 21060 4
8116 13269 4
8349 14774 7
10939 11150 3
15336 24593 9
6927 13407 2
15730 20947 2
1453 2986 1
3805 9577 8
8917 24176 8
13381 13777 5
630 10741 7
309 20988 4
3823 8244 2
15097 17528 1
2549 21221 2
3068 7791 5
2688 3532 2
19087 21335 5
1363 17281 2
4904 5516 5
771 1618 10
21248 23327 9
16517 16791 2
6926 20617 5
1142 11455 1
18629 22986 2
21152 22901 2
1018 6907 4
1417 8307 3
14692 19544 4
14618 22652 5
1941 10224 1
12156 14992 9
11429 14924 6
16778 23491 6
2377 24607 6
9759 17599 10
6381 13572 4
11069 24582 6
4675 20964 10
12227 19352 5
9055 17537 9
2785 15589 6
13425 18797 9
6376 15897 5
8711 12723 3
10928 23331 2
14951 23210 2
12352 24088 5
10709 23287 10
1135 19620 6
4466 20287 5
2349 14377 9
12006 22203 9
1618 11523 8
5389 22816 8
20606 24569 10
7864 24307 6
2274 11216 3
19708 20196 1
644 14362 3
5143 19192 10
504 19320 4
10675 16209 9
21375 21378 9
6607 9933 4
18674 20266 2
4086 24286 3
11731 14630 2
4000 12620 5
5333 6696 6
1715 19752 10
2812 24955 8
18975 23874 1
16983 18804 3
11148 24724 9
14164 18154 8
3766 7292 8
900 6293 9
4063 17615 3
6262 21054 5
3765 18872 5
8019 20723 4
6232 13211 4
12251 15577 10
13502 23964 7
6617 8537 8
7674 9709 8
6186 12469 9
20796 22194 1
1727 22167 10
23826 24744 7
3861 22388 7
16282 19191 4
693 13126 10
8201 19983 5
20355 20955 1
24243 24620 4
7487 18281 3
12040 17852 2
10528 10931 7
8372 9730 9
12667 15342 1
11267 17426 9
2413 24132 3
7438 24428 3
20562 22547 7
9432 13568 8
15669 18179 3
4319 23176 4
6009 14447 5
2805 16871 7
6096 6463 1
9353 20807 3
13926 18844 9
1864 10015 4
3017 7168 1
3678 23158 5
6244 24603 7
4759 16693 8
3206 15477 5
3769 20141 5
19018 24301 5
5206 12866 5
4092 21573 9
14129 20089 5
5820 16338 8
691 2613 9
16470 23702 4
2289 22594 7
814 21193 2
7929 21458 7
4141 12371 2
3252 15066 4
9588 15066 7
8945 21427 7
5793 23088 4
19392 19970 8
1526 18891 2
4605 24194 8
12900 23946 1
14605 17103 4
1642 2083 6
7151 7455 3
528 11417 5
5079 21780 7
6126 11517 3
6792 16205 8
3807 9064 7
5920 8118 7
10293 10779 9
7973 20499 3
4493 11046 3
2300 14661 1
17157 18293 6
9023 13865 10
5878 24549 7
6774 8947 3
17544 23335 3
6131 15966 5
7679 9290 2
16592 17881 3
4411 15457 3
1869 8300 7
8985 9304 3
2072 15077 9
14762 18241 3
7037 9373 8
922 24007 6
11893 17797 10
1089 2320 7
4047 15202 1
10089 24490 7
8602 12653 1
524 23732 1
9039 24954 7
16205 23192 3
8834 15550 1
10934 11173 9
6019 9855 4
14754 18295 4
11792 19685 3
20915 21519 4
3219 8577 5
4748 19572 3
7989 23165 4
3412 24670 5
5074 15104 10
778 9839 10
4139 16739 1
10674 12817 1
3267 23681 5
19739 20260 8
11316 15062 6
2183 23999 6
13283 24002 3
4124 17146 4
1883 8527 9
12549 20475 10
18706 23202 5
19580 24614 9
193 20940 10
5644 18246 7
1256 5152 10
1214 17844 5
2938 11671 5
6955 20020 4
6841 22268 9
8729 9071 10
2241 2417 9
8156 23566 1
11313 16280 3
1952 16225 7
3771 10454 9
11278 13160 3
1227 19717 2
857 23277 8
7037 18101 10
3567 21480 8
6846 10528 7
17896 18408 5
13486 15592 8
10225 14872 6
18081 24592 5
13436 21604 4
5060 18973 2
10756 18751 5
2006 12965 10
4464 23068 8
363 3012 8
7586 15019 8
2895 3066 6
9986 21212 2
5707 17821 9
14538 18756 2
10104 20822 10
3124 20001 3
19037 23108 3
2437 20208 7
6142 9401 8
21835 22400 7
2578 22333 2
2753 18641 3
4670 24067 10
840 16908 4
5282 9979 5
12334 18560 3
5527 19821 8
1055 12128 8
5148 20755 4
11070 13060 7
16247 20052 10
291 14156 8
9726 17122 2
13852 17511 3
17852 19494 9
6108 21605 4
7653 23072 8
4991 22843 4
6232 7573 5
15437 15690 10
8731 8844 8
6557 10452 4
3266 11375 7
14274 16295 6
3463 22246 1
5502 10937 8
6097 17445 1
13632 14555 5
1199 6391 5
12737 16296 6
10601 18907 3
4206 4665 10
2398 24143 10
7862 22517 6
10270 18929 6
2793 3759 9
9522 11329 2
5240 8215 2
9152 16831 6
9157 11211 5
3147 15232 8
12122 22245 9
17101 24547 10
8625 23817 5
5407 10131 7
4701 10496 9
10816 21193 8
1906 7383 2
4780 19297 1
743 14987 1
13770 17791 3
4950 6627 10
11098 21807 2
20695 23306 10
4093 19615 10
16243 19061 9
5120 17388 8
11623 23231 10
2756 8826 8
5520 24194 1
14612 22424 7
14419 20946 7
14454 18128 8
16694 23433 1
17349 23525 10
6608 16257 5
18340 20073 10
9470 15537 10
1647 9406 8
2116 12578 2
2473 21616 3
8921 19625 10
22143 24955 10
6958 23495 6
9100 13303 5
10834 13340 7
12525 14763 4
16779 18461 6
7838 23785 2
17052 20612 8
2142 21064 5
459 9655 1
4830 24461 3
8370 18762 6
6379 23581 1
430 8337 6
17050 24515 5
11810 20373 9
1040 15368 5
18280 24265 7
3464 22215 9
5584 23359 1
7866 9430 9
197 7941 10
5287 16654 5
7432 12137 3
8309 14209 1
4791 21543 4
2430 22389 3
1216 4905 1
19518 20889 4
4745 11138 10
2070 16410 1
2299 17066 8
7097 18597 5
1042 4247 7
10832 20902 9
7817 18912 8
16704 19258 2
15854 17791 2
13635 21889 2
2367 19251 8
852 13334 9
9851 19142 8
8532 20970 1
3573 5789 10
7345 10636 5
3868 9048 10
8838 16637 6
12984 23702 6
2541 23188 8
5174 11770 5
6635 11432 4
10284 15777 8
14621 15495 7
6577 8304 2
5356 12172 4
4557 13404 4
1994 23157 1
21065 21808 3
18062 18556 2
3067 4926 2
4782 22480 7
8455 18190 4
7897 21360 7
3591 24139 7
1445 7420 8
1633 21797 10
9441 22428 9
2081 20329 7
4903 21387 9
10242 13886 2
8754 18012 1
11309 15694 3
10767 16928 8
4041 23816 1
2185 4858 2
4668 6304 2
3190 8163 8
13802 22837 2
12546 19882 6
4089 7996 9
872 17794 7
7106 24952 2
1914 10846 1
12093 23575 6
2709 19562 3
3943 16503 7
9560 14110 9
4438 19214 5
5708 20723 10
14151 17035 9
17952 19638 5
9081 17260 4
986 11452 7
4124 10981 2
21725 24464 5
4094 17616 1
11551 17633 1
9384 17569 5
12444 14339 8
18515 20477 1
8267 9509 1
2543 6833 9
6917 10261 5
7265 19365 7
10630 16943 7
1659 22878 3
14114 18274 2
3747 13665 10
5435 13309 1
14966 15281 6
359 16603 2
13643 22213 9
19592 24451 10
8163 15121 5
896 17417 4
4087 15151 3
15347 22641 8
6158 7927 10
4883 8239 2
9652 24069 7
13320 23280 7
1031 23187 3
6789 20183 2
3133 19001 5
11217 22185 2
15701 22027 8
9892 14840 7
3050 8654 9
7882 17445 10
7231 8617 4
6445 8244 4
11625 17139 8
9424 18038 5
20140 22613 7
10659 12691 10
5632 6330 10
1781 22655 3
4634 23188 10
2727 12563 9
1116 3112 4
7426 22181 5
1811 22206 1
19067 22123 2
1352 24393 2
8375 21195 1
3354 7004 7
8329 12664 5
574 4526 10
3605 23968 8
11832 21006 9
1234 24884 7
11982 21911 10
9227 14931 9
15009 21180 8
7019 17885 2
2229 21751 2
2504 5878 6
4812 18221 4
211 3221 3
15639 21658 6
19745 24125 4
5833 16295 3
10246 17284 7
9695 18788 2
15767 17074 3
295 23293 7
15126 17806 2
13929 22035 9
7712 8207 1
487 16517 10
3275 17474 10
11838 19110 3
9021 16659 4
1086 9082 9
7044 17163 6
5952 8357 9
17464 19167 2
18124 19927 2
6561 10699 7
8086 14124 2
7187 24674 5
11460 18939 2
14442 20301 9
3771 5609 2
3689 7747 6
1390 4933 7
13020 17815 3
9113 13579 1
10999 19760 4
1206 7477 4
1544 9629 1
10336 20232 2
5957 17440 2
10808 18545 4
5034 14128 10
3621 11505 6
7322 16195 5
2614 18178 7
16115 20921 8
20966 24544 5
98 23297 1
15449 16702 6
6099 7287 2
3689 24559 4
3921 16774 8
1319 13907 4
17397 22435 5
14124 17129 1
6169 23217 6
7818 19426 10
1595 18615 2
14737 21158 7
4337 23483 10
10862 13011 9
620 15288 9
5959 23481 8
3841 4823 4
17754 23913 7
17192 22453 8
1208 14599 6
8282 19907 7
7037 7416 5
2715 5326 3
7268 23490 7
6785 11982 5
9632 18770 2
2925 24226 2
15194 15867 10
1390 8360 3
16025 19652 7
6632 20168 3
11385 24578 10
2655 14478 6
8437 14483 6
12404 20984 9
226 16521 5
7608 9531 10
2206 22537 3
12920 23619 2
10235 18469 4
19181 19826 3
5586 13429 4
20839 22232 7
8568 18874 8
1283 5470 10
3039 20587 10
13515 19772 3
969 7233 5
11471 24688 6
352 21624 5
8458 23638 2
8694 24213 5
2272 14747 3
2846 7482 6
20438 23239 6
9692 21702 6
17966 22668 10
11607 17468 3
15816 19754 1
9377 9983 10
17 1907 3
2316 15647 10
5885 9399 1
3557 9680 9
16555 21812 10
11468 13301 3
5419 13979 9
8410 13488 6
16847 17202 1
14260 14455 1
5078 16250 1
7272 23747 8
18559 18900 10
10663 14067 7
22906 23519 8
400 18519 7
11355 15845 5
10795 24938 3
2642 4234 2
2784 6609 5
3930 8454 7
8692 11914 1
13258 24484 5
2452 13933 2
12159 21112 5
1218 20689 5
7419 13978 10
10172 15037 10
3088 4976 2
3840 15885 1
8970 18593 9
3585 6544 6
11602 12028 1
6554 21087 3
9241 20186 3
9183 11923 3
14513 20155 6
16713 19662 6
10264 17309 7
6073 10522 4
6791 24720 3
9243 13257 6
4633 4750 10
6032 9084 2
2198 17219 4
7694 14052 7
1116 24958 5
8555 21134 4
14177 20556 2
8168 22561 7
6766 16910 10
7975 20614 8
6019 15298 9
9461 21134 2
7068 22463 7
2055 4777 7
3309 22096 6
14633 17818 2
6964 14397 7
3212 18213 7
2622 4065 6
16314 18411 1
3941 11736 7
2431 14946 8
8154 17159 4
2054 12844 8
7821 18546 8
6470 13838 6
5155 10769 4
12184 19448 6
9946 10113 2
4388 9066 10
336 22619 8
18338 23082 3
441 15334 4
4812 17589 6
9333 19305 1
10833 14027 10
12662 14820 4
9882 19502 8
15867 17190 7
11350 20272 4
17925 22522 1
10019 24500 5
14432 14542 8
7415 22112 6
8683 19961 5
460 1628 3
2668 14973 2
20720 23152 6
7868 18462 6
6058 6278 2
8017 13676 4
9543 14150 6
10129 17198 6
11897 16458 4
4022 10173 5
270 7441 3
4838 19786 8
16084 19832 2
970 18946 2
7451 19424 6
9523 10605 8
6158 16667 2
16683 18491 9
985 20401 8
18830 23979 5
12272 18855 8
19760 21286 3
2263 12059 5
8570 16877 3
5384 18619 10
479 20154 10
1964 18619 9
495 20385 8
12117 12834 3
5858 11907 5
2276 20764 1
11740 19664 9
7731 16108 6
7516 22217 7
13164 20174 3
9108 18976 4
11385 20231 5
4424 11260 7
15712 20787 10
16045 19725 2
5595 22887 9
5720 10709 2
14934 22196 1
6691 16933 5
16838 18457 9
5405 14210 8
6972 21431 3
3349 10715 6
5468 20310 6
541 7914 3
10642 20850 9
6379 14545 6
8499 12620 10
609 2631 3
21592 23116 9
9780 20243 2
4095 14732 10
411 12660 10
3106 17687 5
5135 13900 4
3594 10082 8
8654 17698 5
8355 9797 6
2100 3410 9
4382 23394 3
10262 18396 3
7812 8142 6
2888 24248 3
12128 18634 2
11576 21622 3
6876 9705 10
9901 12008 9
1492 20640 4
9538 24627 9
426 4757 9
7468 14502 8
7982 17863 8
20019 21408 6
659 2563 2
8359 10291 6
9529 16822 3
7934 21149 8
13901 18798 4
171 9098 6
2225 5893 6
3700 17515 9
4748 17678 6
10921 19429 4
12899 17924 6
3833 17748 2
15675 16380 2
12155 24835 3
11557 15978 6
7827 18344 10
6726 17390 2
2230 17209 3
17398 23502 8
8232 15675 7
16047 17342 4
9587 13714 4
14545 21238 8
6813 11648 4
9282 16790 9
16323 16436 8
8361 12986 1
13065 21875 3
7915 17671 9
4875 19139 7
4015 13276 4
15179 15769 4
5807 6406 9
5245 6149 10
18857 20502 2
3514 14069 2
1694 2722 3
10708 16455 9
11439 19479 2
12427 17143 1
9793 18886 6
11887 13693 1
10637 15048 10
1211 20382 9
778 1705 4
15068 22875 7
4086 4910 10
8153 11324 8
436 21516 1
10803 22606 9
17174 20224 9
6878 8149 4
9134 10475 9
7624 9406 1
6272 13426 10
1530 6049 7
4449 10668 3
8510 23017 6
15802 22776 2
19489 23733 6
13234 13504 9
2362 13933 6
10877 16813 5
10672 22666 7
10841 21245 8
2242 16861 2
11682 17991 7
1930 13069 8
3193 18140 10
448 3955 7
5255 16995 9
3027 23786 5
6463 16175 6
6277 12169 10
2570 4722 10
6328 17023 2
12903 24600 1
4015 12087 3
2689 15315 8
11578 14012 8
5170 24932 7
1043 13612 9
2866 5292 4
5196 7907 6
3737 24645 9
8871 16955 10
876 21696 6
2518 16060 7
5845 13925 2
3677 4615 5
20297 20945 4
7629 8817 9
2292 7411 4
5370 7573 5
16676 21702 10
8164 22869 9
2052 16735 10
5732 19274 8
1123 10738 2
14583 22740 9
6505 18342 6
10180 17438 3
18502 18602 5
4189 12634 7
2067 22179 1
14680 22434 7
653 24127 6
5685 12501 8
14324 16918 10
3006 18261 10
6352 9294 3
3629 14095 7
21062 24219 3
706 7445 10
8394 13835 5
59 8437 8
15263 21854 7
10153 23584 7
3596 4945 10
650 9574 8
22240 24840 6
18425 21535 5
17285 18419 1
12821 16390 3
15735 19159 9
6869 19180 2
11933 14653 5
11621 12814 2
8987 17036 3
144 19056 6
4170 16536 4
19160 23333 5
3432 17863 9
572 1779 8
12683 19735 1
11929 18874 7
6762 17686 9
17777 23087 10
852 11338 9
617 10914 6
8380 22024 2
15805 22745 4
1901 7465 2
7358 23896 5
18734 22920 4
2408 7916 10
4252 20389 10
12681 16521 7
772 18735 2
7082 23867 2
8932 19723 3
3385 7738 2
1090 14487 4
1158 14167 7
4575 19882 2
8565 16146 8
7811 17032 6
6733 22861 3
13103 20662 2
13135 15370 5
16038 22873 10
1073 5455 1
3520 15034 10
2355 23751 7
977 24269 5
10962 15121 6
6399 17077 4
20407 23338 10
2525 19918 6
17060 17604 9
7870 16553 7
11289 19258 10
15902 20759 9
3685 9095 7
5301 19674 1
1189 8175 10
4595 14118 10
5770 21921 10
13760 23458 6
4942 17475 3
7809 15294 6
11165 12399 7
10265 20726 8
2609 8977 10
5560 12031 7
3397 15813 10
8503 11609 6
11795 19849 4
3125 23511 5
192 17816 3
5378 6195 7
9162 20556 1
9397 21056 10
8129 24101 1
10023 10066 10
16716 17264 9
6162 16810 3
1947 3558 5
7135 10285 6
2788 6894 6
16092 21310 1
15832 18513 10
16156 23445 10
15923 23129 5
1045 21322 2
12484 23352 4
12903 21674 4
11918 16325 3
3389 20959 6
10823 21786 9
3569 16721 7
2162 4586 2
16512 21653 5
22460 23414 9
15302 16518 3
3048 22989 3
4784 12527 3
12097 22293 6
7946 11376 9
13247 19861 10
2961 13588 9
16343 19248 8
5518 11154 6
13047 22523 2
4793 12081 7
161 14906 10
5350 11384 10
5211 5943 3
12895 22523 4
3821 20922 2
5142 15838 9
8658 22166 10
9048 17840 9
3015 8048 1
2419 18060 1
919 8987 3
7874 8392 8
9067 17967 8
5689 7724 5
9774 10998 8
3402 13880 6
4850 15299 3
1068 21814 8
6448 9846 8
16687 24354 10
18335 18608 6
9508 24388 2
16492 18259 9
7153 7709 3
8195 13799 3
2172 22304 5
8207 10328 1
4567 23651 1
1009 14865 7
20837 22899 7
6462 19551 7
481 22076 7
3562 15170 9
605 2837 3
2391 23435 8
16898 20431 10
22094 24719 3
10757 13826 4
10006 23597 3
5960 20623 8
860 16779 1
1643 24343 5
8503 12462 6
6354 13448 5
7700 9674 9
6565 24998 4
8603 13122 10
12889 21532 2
13057 20886 4
12079 23958 9
18442 20259 8
2065 12570 7
11269 16152 2
1172 3476 9
10918 23740 9
6560 10217 5
1165 11863 2
10147 20872 7
1505 4515 5
4946 23303 9
16218 21492 1
9721 16302 1
7172 19308 9
7879 20785 4
16687 20934 1
15847 21008 4
3826 7215 9
15943 16167 4
4002 6081 9
1261 24199 7
17207 19620 7
4466 16949 4
6030 22268 6
2210 10895 6
16708 18484 9
6785 17238 9
5349 16371 7
11496 23119 3
2866 4637 10
14958 15727 9
4884 19562 3
10910 14277 2
4080 23642 1
12994 18886 9
13256 14367 6
12424 20573 10
2880 9419 9
3591 10586 7
7127 13366 4
2539 6311 7
7407 7690 2
5267 18036 7
1198 5492 8
6942 20102 4
1724 1926 6
9311 11892 7
1547 13738 2
2937 9703 3
6302 21630 6
16244 17117 4
13064 16826 5
2212 11605 8
4083 15318 4
6597 9228 8
855 13173 3
2770 3077 1
7577 18121 5
6537 19272 10
4541 10668 9
617 4490 8
8761 13051 4
32 24505 8
9044 17855 3
17755 22282 9
1301 13243 7
11005 12089 1
4711 9093 5
5448 23650 1
7875 10321 5
14 15829 3
712 1660 9
6627 12037 7
6786 23070 2
839 15140 8
15274 16366 4
4263 23558 2
3233 24997 2
4244 24158 9
13012 23722 10
6708 14413 6
7717 12031 1
7512 12809 4
5567 14894 4
107 1664 1
6813 24064 9
2057 10467 1
17859 24653 2
2320 3264 10
66 18807 4
16135 20293 3
899 1854 2
15780 16605 4
12208 18181 6
2662 10287 4
10845 13804 8
5701 18875 8
11545 18878 7
9447 17677 2
318 13184 9
7730 24298 5
7146 10363 4
13501 21815 7
3911 15180 7
1007 13094 3
4722 10065 8
5838 18246 3
3816 16086 3
10006 22599 6
18184 20495 7
2275 24017 9
5824 9731 2
5035 13398 6
5307 23582 7
10947 13675 1
7912 20132 1
22093 23365 6
1667 14693 10
2936 15828 3
449 12783 9
2954 16081 3
4772 12500 3
6591 20833 7
3299 11964 6
4794 24864 8
6442 18512 8
10950 18128 8
13850 15664 2
252 17258 1
16335 18832 8
1982 15688 3
11892 23653 1
2707 4650 8
1795 21540 7
23 225 5
8807 15923 9
11784 13781 1
20977 24097 9
14331 22141 1
7706 11275 4
16644 18188 5
4834 14607 4
9491 18141 9
16228 17609 5
12903 13681 10
3499 11306 5
11543 14477 4
12054 12976 7
8790 10765 1
4147 17265 5
910 24593 10
20495 23630 6
9407 15061 1
10716 12769 10
3966 15849 9
17113 23124 10
15127 19078 2
8867 11740 6
11205 24431 5
15627 22487 1
4519 17638 1
6033 14685 10
3222 24812 3
2755 16601 5
3557 12374 6
8712 11036 10
2412 3753 10
5709 23503 6
13563 24653 7
12422 14520 8
19816 23206 9
399 12840 4
6851 9144 1
1045 8612 4
5316 16867 7
1365 17073 3
22044 22155 4
5844 19918 5
12450 18821 8
8699 8768 1
4632 10253 9
3611 8060 2
17267 23607 1
5056 9524 3
3428 23450 3
2059 23715 5
8156 15858 9
371 8660 2
1559 1878 8
3136 10499 10
664 21422 8
749 4568 8
15131 18188 6
2853 16731 1
7883 22431 1
11187 20301 7
8627 23875 10
16706 19191 9
21757 22874 4
12368 23682 4
4922 13043 2
1174 6408 1
6252 16432 2
22630 23817 3
175 22994 9
9266 12023 5
12148 17976 6
6793 15725 5
12933 15933 8
13765 24061 1
15805 21631 7
709 20681 1
14943 17231 2
14167 14822 7
1409 6507 10
4364 24165 6
9712 17957 10
6746 17647 6
12153 19678 1
3812 11884 10
22032 23132 3
5292 12370 8
21697 23815 9
9727 17153 6
19784 22295 1
2036 16174 2
281 3207 1
8334 17097 1
8073 8343 1
14416 22841 9
15284 16550 8
16257 22229 7
1637 7346 9
1488 15478 2
5367 15859 7
2264 15000 2
17973 23363 1
1183 10000 2
9950 23751 6
11743 21787 5
2067 6610 1
2735 6861 6
7729 10944 1
14415 21038 3
8144 14881 9
15602 20738 8
14375 15935 8
3202 13395 6
13087 18484 9
7070 23315 7
24073 24316 4
580 19212 1
8933 15065 10
20821 24122 9
16753 19828 3
334 13167 10
1135 9601 10
8575 22491 1
12785 13179 9
19170 24590 1
14883 19380 9
6836 16251 5
19266 23793 10
61 18679 4
12761 21101 10
2519 2901 10
5425 19206 6
76 896 4
2709 11044 9
12737 13939 3
13658 18026 10
9823 22902 3
1562 16816 2
4124 24454 9
6363 18420 2
1934 17923 4
9068 18690 9
8987 13670 2
1785 12406 6
2029 22848 5
17694 18919 3
12442 15587 2
266 3279 6
3615 5386 6
10836 17296 7
24151 24425 2
325 6383 4
6590 23843 2
5827 23079 3
5281 12806 10
2461 16112 8
864 23290 3
8277 16023 10
11598 24617 10
4018 24121 8
9118 17917 8
9006 21545 9
16324 24788 7
9489 11482 7
3478 6254 7
2516 13051 7
3781 6128 2
1811 19571 5
7971 10684 10
1720 23369 9
1668 15242 4
7955 20351 3
10726 20162 5
6698 16061 10
4595 11222 9
3449 18579 8
8796 21866 8
8390 8854 7
3720 24296 4
10266 24091 6
6939 17903 1
6547 22029 8
162 13510 7
10813 20239 10
1784 8347 2
13694 17225 6
711 22668 7
8765 19065 1
14347 23401 10
19919 24614 1
11502 18316 1
17285 22254 6
20799 21552 3
9276 11944 3
1701 22983 2
12924 18725 5
3406 20903 5
8649 8856 7
10259 24114 9
14253 17883 3
7926 21373 9
20017 20028 8
6695 15679 9
5173 22863 3
2807 9642 6
3083 12476 2
3458 16309 2
18343 24311 4
838 13737 5
15818 17562 7
18208 19261 5
4058 15264 6
14671 18735 6
7284 20255 10
9969 10879 8
8270 24635 10
12094 14661 5
9355 14513 1
16982 24872 10
12530 13831 4
11485 20195 8
13326 19786 9
16244 20997 3
2352 13882 8
13034 21675 7
2318 12454 2
6362 16399 8
8791 11232 3
8931 11178 7
419 22821 5
474 2081 4
19678 21979 6
16792 18356 1
2606 11950 2
10407 17895 1
284 23776 4
8304 14568 9
8151 24663 5
2608 18260 2
3639 13460 9
6050 24629 4
12330 22497 8
17178 23168 9
1647 15103 2
1822 3718 10
3388 11818 5
7918 18026 10
7557 17183 5
8743 22644 3
7306 15628 8
164 18774 9
4666 20414 7
3145 16914 1
5633 12634 10
14208 17763 7
8010 11813 8
7325 10544 3
7052 22683 1
7556 13225 1
12790 22352 5
9105 10549 3
1548 1949 10
421 11798 1
5585 18207 5
287 1981 7
20655 23222 8
759 5447 9
5015 18434 7
22840 23983 9
11600 16297 8
11383 13152 5
15295 21683 2
14881 17945 10
7584 18494 4
12931 13473 9
11922 16707 6
9641 14646 8
5698 9645 4
2154 3456 8
1785 20939 9
1447 18037 5
4423 15917 10
1934 9404 3
6924 24125 9
10680 12755 4
5304 22346 8
6183 22409 5
535 5466 3
21148 23382 8
7668 21588 9
11888 12691 7
8616 20591 2
19715 22756 5
5023 7398 8
12657 21581 7
3831 17540 6
14598 21366 10
10407 15487 4
3340 19809 7
8046 19705 4
778 20465 6
17699 20094 8
6473 14585 9
11795 20374 5
3373 12023 4
5471 16850 9
16850 20706 8
4461 24889 6
1417 14330 2
469 3560 4
17892 20451 10
16093 19740 4
18000 23331 8
8498 17910 5
8892 22876 2
12482 19449 8
720 14622 2
19261 22728 6
6291 12495 6
19464 22548 3
5904 22143 6
18627 23767 2
15588 21768 3
4083 8158 2
3381 23812 7
5671 7335 8
2145 24725 8
1431 3848 5
2091 6665 9
5282 12771 6
8050 8936 1
8400 24608 7
1549 12037 5
12154 20103 8
10312 12412 1
18018 23536 10
12035 23550 1
8807 8913 8
8196 8601 8
2013 16180 10
8329 15475 8
16384 22748 1
2448 6998 6
12902 13977 3
49 9638 4
6602 10678 8
21595 21877 5
9138 11747 5
758 24516 7
5172 16267 5
5555 12603 8
9146 13342 7
8097 24318 3
3088 15912 6
14533 17262 10
590 21387 5
9469 15161 3
1466 13105 6
2369 10467 10
4408 19158 2
4814 8063 8
11378 17315 7
1874 20572 10
6804 7991 5
2899 24214 3
5108 18048 4
11678 24071 9
4700 21241 1
19594 19966 1
4962 23594 8
17140 20519 4
5655 10199 7
4681 12174 7
12353 12421 9
439 15116 5
17116 19346 1
8169 16089 9
8402 11192 5
1983 11884 2
11886 17664 7
16585 21986 8
8170 15516 3
253 7317 3
9161 15630 5
6611 15500 4
9508 14492 2
17954 18720 10
7409 11249 2
3364 24902 1
2256 5193 4
3858 21151 10
12018 16435 7
2911 9448 6
2092 23831 4
5901 10959 3
1611 7799 3
597 9542 6
3129 13883 6
18736 23471 9
5814 24512 10
9407 11503 10
18166 23074 1
15590 16923 6
9531 12323 3
2769 13021 4
10616 15653 5
5508 11695 4
24033 24291 10
9450 12372 4
10330 13435 2
1358 16782 1
1070 17013 2
11484 22558 5
8598 10416 8
9012 16368 10
15791 16278 5
8616 24760 4
865 15336 2
9873 14231 3
12617 22885 4
5470 19326 6
13352 19050 7
17121 22022 5
118 511 8
15064 24350 7
11422 19275 5
2732 16264 10
1353 23540 8
7449 12167 6
4737 21719 3
2426 4144 1
15098 19933 7
9881 20225 6
10822 15182 4
4244 22285 2
266 14157 9
18276 19212 1
4945 13673 6
9723 21502 5
18109 21841 3
5334 18454 5
7089 23291 7
7988 14614 2
10244 17356 10
3773 9961 6
12502 14333 7
5881 17184 10
1308 15038 10
7935 14665 9
21851 24318 1
7456 18516 8
16937 20847 9
9750 22086 2
730 6523 4
14366 21444 9
4729 21160 2
3188 6173 1
2752 12167 8
9394 16920 5
313 24636 6
5473 21621 4
5974 15231 3
15309 15849 9
9068 17058 4
6997 17281 8
4919 13364 9
55 22824 9
4653 12607 6
1746 7085 2
18047 23437 2
9223 22302 4
8810 12770 4
1133 24477 6
8620 19748 4
1240 4449 5
7481 20257 10
10718 15151 5
10070 24606 5
16787 23480 1
7236 18437 7
24211 24892 1
10676 15732 8
4538 13788 9
1942 9526 9
9638 12673 10
15549 22049 2
1184 14832 9
8075 24655 1
1941 17846 1
9904 18289 2
18323 18709 9
10828 19627 3
15084 16328 3
1346 1382 9
4338 24330 3
15857 15946 4
13901 24789 1
11828 19507 4
7750 16483 8
3408 22699 8
4499 14708 1
6597 10236 1
607 5810 10
6337 18836 5
12036 17122 3
4465 9213 1
3772 18573 8
11212 19764 3
790 4107 4
6395 7018 8
2333 14790 5
2493 7434 7
5387 21866 1
1840 16944 6
12294 20796 3
2343 24684 5
8267 17858 1
208 1775 9
5204 24515 2
5541 13973 6
2743 18604 6
17302 20510 8
9192 23964 3
1666 15844 5
648 5437 3
4528 5877 7
12364 19745 10
8397 14206 10
14513 22461 7
206 17305 10
3109 9732 4
10136 20117 7
878 2798 10
3885 6313 10
14242 21066 1
6734 13604 3
158 17045 4
7377 9124 1
8221 8802 4
7429 18211 3
6188 22316 3
4012 20260 5
10690 22711 1
13680 22244 6
13652 23394 10
12996 21646 8
9179 13800 1
15353 15627 2
3300 14795 3
13686 17217 3
10138 20898 4
2797 6864 8
15527 16827 8
14556 22443 10
3899 3915 1
2603 17278 1
20847 22736 8
18742 20745 6
20487 21616 8
280 18920 2
9302 24780 1
10041 18352 8
1052 19539 4
9221 11674 7
7263 24265 3
566 12558 6
526 23839 10
798 7418 5
4997 16382 1
3077 21521 2
9636 17873 5
6415 21554 2
6204 9645 1
2574 23585 2
1827 17179 10
138 8725 8
10565 15097 6
15449 20390 7
13687 15970 6
14166 19514 6
12570 23407 10
3971 21558 4
8053 17601 9
23485 23933 5
5452 18948 1
5054 20330 8
4540 22889 3
7029 16059 4
3686 24200 1
10641 19041 7
17533 17898 2
13342 16153 2
1508 1864 2
2049 22727 5
6794 11946 9
9773 19696 9
4453 5731 4
16003 18872 7
3534 7105 10
6046 24112 9
3978 10043 1
12998 17449 9
8330 14854 8
3124 13792 7
18471 23988 6
22088 22484 3
17040 24780 10
1863 24703 9
2245 20089 9
3068 10059 4
16680 24785 7
406 11142 3
10219 19446 10
7865 20494 5
3136 9471 5
12652 14224 3
7644 22760 6
6502 10977 3
4853 13154 2
17674 23445 2
14308 17724 3
3286 16200 7
12452 17509 3
11438 24955 3
7905 21204 6
1148 2538 2
13308 23750 6
1051 21973 6
2904 9528 6
6215 15116 7
2928 19042 3
832 5566 7
3937 5352 10
11171 17364 10
5197 15394 5
2672 7175 10
9551 17209 10
17098 18500 1
7734 9439 3
9265 11492 10
21451 24330 2
2611 18293 1
7329 10956 3
5044 14977 6
11412 18560 8
7602 10075 9
11774 18534 9
2460 7913 5
8066 17887 10
5922 13325 2
3009 9986 9
6470 23547 2
14666 22419 6
3397 20214 7
6497 20877 5
8294 10210 8
2140 18179 1
8859 17149 10
15192 23651 5
1469 8589 2
2266 5317 4
10324 11251 5
5816 22178 5
3173 23515 3
18139 24676 5
928 17650 9
67 20614 4
2502 8677 7
2566 13824 2
3552 21145 5
6248 9180 6
2257 22550 10
5099 12906 4
17336 17452 2
23650 24983 9
6715 18253 4
13185 22999 3
2925 18535 2
3346 22395 6
372 7026 1
1711 10771 1
17411 20104 3
19647 24221 6
20438 21788 8
19672 21708 10
5532 19264 6
12679 19623 8
652 6998 5
2494 24781 5
4654 8271 6
4780 16319 9
6182 10368 8
4275 7706 6
914 20184 2
9158 23084 9
3703 11229 7
11413 23559 7
6475 8974 4
2470 19926 7
1728 9603 10
8754 9687 3
7627 23010 7
10550 13938 4
7562 9551 9
6544 21168 3
785 23426 6
2714 3611 1
18492 19944 5
22901 24043 5
1724 11537 3
12627 17204 2
2929 14202 3
1359 21830 6
13464 13757 4
9526 9738 5
4099 22295 8
461 11779 2
3885 23927 2
2439 24174 8
13209 23199 10
6660 10592 9
11404 12322 4
13758 22717 10
2525 20600 9
2729 10251 3
19887 24276 6
8130 22309 10
3815 16404 5
11921 24208 10
12846 22726 7
5106 16263 6
10805 22587 1
7909 11318 7
5208 12165 1
13519 24733 1
16844 19882 6
5544 16195 3
7276 11484 1
7231 11651 3
16613 19776 3
2550 18751 3
13275 22153 6
3743 14235 6
150 23257 9
1486 19589 9
5369 10776 6
2413 14386 7
5980 17806 9
6896 16509 10
3429 23647 6
2911 8206 4
7334 23364 4
1583 6771 4
12119 13081 9
2240 4978 6
9771 16605 3
1450 5120 1
6025 14073 1
9890 10784 8
10288 24173 10
7269 9512 10
57 2775 10
594 6703 9
1997 19880 8
14238 16004 3
6311 16387 4
639 16616 2
8010 20209 10
8667 16268 1
397 4088 4
16374 22572 2
2040 4230 5
9509 23101 4
5002 18542 3
4060 13666 8
11850 13681 3
11920 22310 10
14238 17828 6
3548 7373 5
12519 24598 8
5416 22413 9
4864 5212 7
11700 18466 1
9734 20179 8
2225 21260 6
2066 24522 5
8828 14994 6
1372 14928 6
8165 21461 8
17525 20785 6
2212 3724 1
14635 16594 6
1251 1644 10
13078 18237 4
1737 19517 9
16392 24390 2
2787 19095 2
22040 23095 5
16740 23162 1
5938 20863 3
7937 12414 9
364 1198 10
582 8734 2
14072 17274 2
2547 10149 2
13529 23958 10
15576 17170 2
5977 8179 3
7513 11691 1
11976 19564 2
1585 3889 1
15725 17324 8
4694 5602 8
9647 18840 9
1802 5677 8
11527 18780 4
11720 21015 6
4312 22459 8
2053 15747 3
7264 15205 8
10286 21806 7
2108 8126 9
15144 16720 10
9783 14929 3
15043 17559 3
24286 24816 9
7688 13346 2
20349 23887 8
12957 20499 7
17328 20318 8
11829 18410 6
2111 6929 1
1173 9774 8
3392 7163 7
12832 19322 2
11717 13245 6
15744 18461 3
3445 15360 5
4312 15528 8
3338 22714 2
4719 17047 2
8862 15485 2
14984 15640 5
7841 22970 6
5311 18078 2
15506 24537 10
1151 4860 1
11346 14575 4
10117 20385 5
13010 19168 1
884 5643 1
20029 23146 6
2765 13470 1
4931 6243 4
18613 18995 10
6175 10728 8
15630 22844 5
3454 11543 8
6294 9958 9
12308 23915 10
6112 12794 7
13406 16152 9
1466 12417 8
3368 6889 4
141 1524 7
6006 15460 5
3009 15609 3
15742 18246 3
6718 21300 4
7337 21179 8
1613 5511 6
10469 16455 8
13329 18577 9
13143 17052 7
18332 23528 10
10456 12332 3
22016 23837 10
5962 15466 1
5115 11355 2
734 13932 1
6284 20032 9
4313 20325 1
104 7221 5
2046 8643 9
1983 16035 10
4311 22431 9
759 20719 3
1432 23549 2
2012 8710 8
16921 23012 7
21289 23585 6
5647 11739 10
19295 21318 3
4651 13883 10
3517 9813 6
2781 20563 5
1634 20622 6
9670 18064 9
13742 19733 3
4111 9760 8
22050 22296 9
13066 18492 4
9395 10017 8
5525 19665 4
5639 13399 9
1490 2484 4
14405 22372 9
8525 10742 8
22168 22323 9
16341 21886 6
1115 8976 2
6622 10787 8
16052 24550 8
1500 21307 2
12635 24336 3
9010 15441 4
18696 23352 2
6089 19761 6
6223 18181 5
16994 21303 9
10223 22318 4
17194 23079 4
6045 22349 8
17737 19370 5
5549 6968 3
2001 4228 1
2248 23136 2
11152 15827 9
4020 19737 7
4734 22541 5
11651 19931 6
4922 9370 6
9064 20286 6
2929 16255 3
18227 18682 5
9238 18674 1
2799 9718 4
19337 22247 1
20642 24659 2
8053 16996 5
820 14673 8
14750 21864 1
2633 10293 3
12204 15203 3
16876 22370 6
21809 24830 9
878 20294 3
6 5054 5
544 5702 10
20352 21523 5
60 12839 9
19915 20446 1
1013 4939 4
13518 18565 5
17513 22268 8
6236 22294 5
3907 22689 10
13556 20146 2
6342 10074 2
2062 15267 8
338 15551 9
13700 20879 6
2099 9915 1
18507 23145 3
8145 16054 1
6633 18486 1
5116 13041 9
5332 11837 7
8696 13639 6
1420 15388 8
8424 23330 1
2111 3439 5
3436 4896 7
323 23966 2
5342 11102 10
8798 12566 2
21716 22293 6
10014 19897 2
15119 23863 7
523 23436 4
5490 5954 5
9097 17961 7
10911 16603 8
14490 20740 3
4257 14482 7
19783 23044 2
15054 15903 9
14543 21042 9
7037 19174 8
9594 18454 10
12490 16669 2
13598 22528 1
6004 11648 1
7117 19754 1
3277 15514 1
5749 19779 3
6591 19563 8
1955 20535 7
19420 20573 1
3379 5742 6
1318 5923 10
9662 24490 2
3362 8039 9
120 15211 6
12267 18532 2
12185 18551 7
6364 6878 4
2931 14698 4
16862 18750 3
9339 10701 5
18007 18674 7
7113 7268 8
3074 15352 1
8111 20875 9
8291 14311 4
1551 7174 8
737 17668 8
12443 21568 7
1661 19600 2
455 21605 6
16601 17548 2
13190 20954 9
3974 12652 4
6439 10381 8
3787 9628 5
5272 22840 3
16785 19017 2
3425 14560 9
5770 15876 3
1713 6583 10
1638 11152 3
1283 22872 7
9172 16406 1
2448 16136 4
19018 19622 5
5559 16113 4
20638 20728 4
13194 24495 6
22491 22553 7
4742 5409 4
2375 5902 3
14444 18239 5
3475 16219 5
1323 4535 1
2398 22060 2
967 15719 7
16138 16893 5
2958 12173 8
10237 18911 9
3511 17473 1
1856 4147 2
56 3177 2
2672 12479 8
21338 24040 9
9749 11006 6
14217 18608 7
16419 19697 9
7502 12660 9
3012 9299 8
8434 10879 2
1278 5922 5
7711 19512 6
572 12215 3
9983 21364 10
5209 10483 7
22087 24218 10
5133 17182 6
982 20873 6
19840 20162 4
23227 24746 10
1383 17388 9
17388 18737 10
3983 20828 7
2174 15896 1
3220 7291 8
3416 8954 4
15190 22644 1
3974 18459 5
3664 14473 2
8846 24925 6
14217 22280 8
10258 10333 4
6489 8056 1
1500 22190 9
8939 14065 8
3160 4894 5
4590 11486 1
12883 13347 10
8559 15022 8
595 17788 4
6551 12049 8
4291 8631 2
2564 20579 4
2556 14209 4
3870 21622 6
8858 11376 8
1784 11727 4
15044 21642 8
21751 23600 7
8048 19471 7
4335 24541 6
6627 13602 3
5543 9675 8
11644 16102 8
9372 21573 2
1684 10443 6
1135 19480 4
14250 14291 3
1414 1596 3
2474 23794 10
4172 24883 8
2748 23295 8
13367 24034 4
3171 15779 1
11830 11985 8
2492 17062 4
5698 15538 9
5130 11400 2
6022 22080 5
510 15766 3
11312 14701 7
1790 17880 7
2238 11049 4
5486 16208 5
6134 15766 3
6486 15073 3
16182 20468 9
5973 9283 8
9793 15416 7
3461 22686 9
7200 13000 7
2677 6332 7
10684 19478 10
1567 8530 4
11790 13157 3
2972 8476 7
7743 18966 2
13937 14000 5
10881 16869 9
4431 5962 8
4568 23006 8
6660 11649 7
11547 14004 7
12175 14582 4
1526 3992 7
12358 13039 6
1556 16792 2
7692 11031 8
628 24615 4
1566 4344 2
1053 16154 10
2254 20938 10
3296 15281 10
1079 12234 4
2368 10435 6
3356 3508 8
5529 6615 3
8577 10195 6
7639 10618 9
4524 19726 5
17892 24687 7
17720 24728 2
5008 10632 3
892 14948 7
5052 8162 1
2365 12263 10
9955 20689 9
390 1800 9
4203 21975 1
7804 15825 3
13959 22361 6
11322 20883 5
11135 14887 2
2307 12506 10
393 12957 5
7781 19975 9
1936 5431 6
7580 11385 5
4408 18288 3
8112 20761 7
14947 19583 10
7191 13532 5
19466 24650 7
12876 24442 4
919 1458 5
2516 13577 3
2372 8746 4
18765 22536 4
5162 14089 2
4775 13187 8
2720 3580 2
11870 18861 8
12605 17709 4
9184 22612 1
1321 16332 7
4150 4787 7
8817 23848 5
5404 21146 1
14232 20080 5
4576 17305 9
13270 21618 1
3034 11811 7
7115 23894 8
15733 17529 10
18614 22908 8
10803 13531 7
14777 23806 3
1172 15233 6
1830 21863 8
860 21746 8
4172 18806 7
12229 19191 3
17434 21743 7
205 8903 2
18276 23431 5
13058 16969 1
3084 18551 3
12535 14047 3
15261 19058 8
6349 24221 9
73 22024 2
6252 14288 2
931 14704 2
5600 10554 6
17525 19611 1
18 21798 10
11772 19896 3
3315 16721 1
5086 16504 3
15642 19109 7
89 17459 5
7917 11203 8
3877 11470 3
13101 21556 7
14258 14966 7
7822 14452 3
11014 11820 9
19934 21899 1
18400 24053 7
14661 20027 7
5314 21194 5
11008 18075 7
2521 24324 8
16549 20423 1
502 5342 5
10542 19503 8
4182 7816 4
14539 24785 6
4277 19777 5
9966 17162 8
13921 18130 10
4603 18522 10
6408 24140 3
9994 21397 6
1529 21064 7
11274 13212 1
9813 10304 8
1235 18675 4
696 22872 2
5396 8717 1
8548 13541 10
9035 23263 4
15248 24574 1
5559 17330 6
14422 18199 4
10846 20568 10
19858 24006 8
17647 24321 1
12597 19507 9
15123 22826 10
5474 21358 10
891 11658 8
5484 9795 3
947 13881 10
2468 19496 3
9576 14246 3
5409 16457 4
2497 23939 1
14463 14770 4
3070 18205 1
7649 21383 8
18994 20930 7
18949 22871 1
1674 11824 7
4085 10768 2
18587 19612 1
2282 15410 2
8065 17018 8
14133 18710 9
1478 4974 2
11516 19802 5
10188 15139 5
9362 17099 2
8581 10277 5
8311 12784 8
4835 16538 5
4092 22015 2
10309 23470 2
901 16107 1
3321 9620 10
13204 23583 10
284 24560 5
4548 14334 3
9435 13657 1
9767 24760 3
6044 12850 2
8823 19070 1
10587 21229 8
19396 24485 3
7383 16415 5
9460 17228 2
18561 22398 4
6165 19723 9
9556 14390 7
21442 21695 10
1462 3174 10
15029 19919 10
6059 11089 3
5733 20499 6
2822 10365 10
2553 7155 3
7271 16543 4
19480 23947 4
6918 20036 5
14136 17700 9
13480 19550 7
9504 22661 4
11960 20801 10
11010 16790 6
23125 23644 7
2505 10093 4
2038 5346 1
16823 24550 7
5632 23488 7
9151 10054 4
282 17085 6
3285 8805 1
6151 22762 1
7098 11040 2
2074 20487 3
1054 5280 5
6930 22410 1
17635 20429 5
12158 12783 7
6085 9542 1
2781 6066 8
11321 22879 7
6837 7110 2
4178 22348 7
1162 23709 1
1346 4731 3
2044 11084 3
17397 19581 3
956 6209 6
2313 24412 1
1821 22058 6
13143 18938 4
19795 21335 3
21771 23866 4
15631 19634 10
10484 16529 1
23248 23860 10
5509 20685 4
9225 13096 8
191 19350 3
18588 21450 6
5581 9869 3
13176 15057 1
7564 13260 4
9206 20724 10
9023 18505 7
12678 21399 7
19080 19725 2
13378 14304 2
16939 23414 5
2437 9840 6
13459 13713 9
4070 23483 10
356 22689 6
9406 11414 10
3608 10518 8
8311 19800 9
8054 15136 10
1437 1524 3
6695 9829 2
18777 24079 1
1883 2773 9
926 16606 4
14439 15454 10
15274 16744 5
10320 23148 1
3487 19529 7
10853 12582 5
10949 12408 6
9566 10641 10
2366 18742 2
8010 8077 8
13400 14170 2
17436 24151 4
2674 22964 5
629 2544 1
7152 21171 5
18613 20198 1
9297 24487 1
8017 21720 3
12850 20677 6
4089 12736 8
20439 24827 3
3484 5108 9
491 15321 10
6156 6366 2
14540 20484 6
7464 10441 8
742 21796 9
1023 24383 1
11625 14730 9
316 20060 5
15226 24046 4
6609 17185 9
7723 14880 3
16486 18894 7
10169 16908 9
22767 24080 7
5964 22219 5
1439 2054 8
4111 8630 7
9605 12385 1
4373 24355 6
2525 17400 3
658 14030 6
11068 18829 5
5478 7193 6
11927 21067 5
10662 12664 6
7009 12839 8
5654 9941 10
16404 23805 8
11446 21645 7
1061 24146 9
10691 16667 5
19658 22480 7
12458 17961 6
3334 11735 1
22694 24113 6
12670 22445 3
3617 23241 8
8925 10715 4
5669 14551 2
10848 18368 3
4698 11282 3
4400 15083 3
18359 20646 6
4149 10532 7
14294 22350 10
1501 20048 2
3564 16872 5
9270 16525 6
1409 5826 2
13333 18743 10
9854 16884 3
12600 23644 2
14560 20391 9
7833 24054 4
4506 18511 2
5506 13818 7
4555 21479 7
14970 20529 4
8526 13742 9
6493 22930 5
9518 13274 8
3592 21258 3
7713 18502 6
19156 20327 8
1515 14890 3
3197 20455 2
19900 20374 7
9246 14961 7
2291 15915 5
8263 11136 7
11535 23309 10
14257 16243 9
2602 8004 8
11190 24205 10
9984 22170 2
1018 18601 7
704 4938 10
7299 9946 2
11027 21498 10
7835 22272 8
4562 17565 3
7999 10031 2
2803 14328 6
1235 16496 7
1639 9120 1
256 2202 9
13757 19633 10
3209 5514 4
7387 13805 2
5138 6228 9
5043 21573 8
1397 21794 7
9592 24781 8
3315 20817 6
3054 12433 8
4845 8880 5
17648 21675 2
10786 22713 4
13021 16222 4
3960 10034 1
4889 24800 5
713 19538 4
4647 11001 9
22801 24957 9
6605 17217 8
16540 21775 8
3660 14225 3
558 9088 4
12860 22335 6
16064 17783 8
15878 17869 8
2879 24554 1
576 19726 6
10218 16376 10
4127 17479 6
17006 20813 5
16069 19987 10
1802 10987 1
1038 15553 1
2999 6051 7
6487 19037 1
9828 19512 4
1968 17429 5
786 19370 1
4112 21247 1
8346 14856 1
8341 17354 10
3129 8213 6
9786 14819 4
2307 9455 9
12073 22980 7
9968 12256 5
8637 17047 8
2640 14402 9
5762 16019 3
9916 13591 4
6625 16653 10
4451 6227 1
2465 7825 10
3420 24857 2
1440 19956 7
7757 16426 3
10249 24548 7
6105 15142 3
8100 8522 4
5947 20726 6
836 6737 7
717 15321 5
1626 9519 1
893 12248 7
1986 2207 1
456 17901 2
10173 20846 5
1796 4184 8
9361 23669 1
987 24284 10
21276 24524 8
3658 6881 4
8988 16586 3
1217 13927 5
15342 20370 6
4567 8435 7
2646 21271 10
2687 17020 1
4596 19345 10
8676 19034 3
3413 11694 1
5277 14753 6
11293 11888 4
1148 13037 8
18061 24837 5
8546 10148 1
11504 15126 3
15521 20827 8
11923 22224 4
7066 18731 1
3541 7617 6
17203 20704 5
5784 12666 2
16417 17370 3
8817 17237 1
13886 19166 5
3451 5508 10
40 24945 9
8724 15469 4
319 21318 7
2450 19290 2
10335 11876 6
8150 19540 7
4099 10053 9
11108 23414 1
3203 8807 9
5949 8249 5
1238 11188 7
9494 10638 8
4017 15463 9
2815 2966 1
8220 13033 8
22453 23286 6
4234 18300 3
3365 6616 8
6491 17050 6
531 24853 10
17422 17571 6
10011 11263 4
5818 8628 7
7542 14481 4
14697 23761 3
6706 14608 3
2904 24283 7
21497 24058 2
9514 23792 9
9935 13700 2
9128 22273 3
3651 13279 3
14149 22063 7
7121 20772 3
11235 18236 4
6775 16900 1
5207 16021 9
6509 13802 6
5485 23276 1
3934 8893 3
624 11973 1
4430 20678 8
10436 15783 4
13748 16678 6
4988 18928 9
7601 8257 8
791 5522 5
6455 20884 5
4657 20168 10
11593 16043 1
12439 21087 9
7130 21172 5
15731 20661 7
11768 20632 6
6765 7050 2
1060 20252 5
10417 24628 7
1987 20266 10
13354 19441 6
6119 21173 1
458 24807 4
2664 15947 2
10028 10774 4
8516 19994 3
5919 20465 6
9981 23388 8
11648 17057 8
3492 7199 1
18011 18619 7
7709 18220 2
15428 16848 7
6578 15865 8
373 16996 7
19300 24331 1
6580 16617 4
12849 24662 2
19246 23207 5
7747 22407 10
5380 6308 4
242 8961 2
4838 16863 8
262 14445 10
12070 14432 9
2466 22982 10
1383 7899 10
13358 19688 4
8422 18300 4
1820 12856 5
13049 22546 3
22425 23403 2
5279 12175 7
3453 12131 1
5694 16506 3
4512 13574 6
17790 20695 3
6309 8202 4
6545 21859 7
532 11689 5
1421 1862 7
12815 17087 8
2801 8189 3
5450 16224 10
1415 22765 1
15036 19212 4
6243 12411 1
6863 15925 4
9253 15372 1
183 11641 4
2090 13901 2
33 24344 3
10316 24326 7
5180 8610 5
510 17287 9
4394 5648 5
2186 10805 7
4610 13167 1
4558 22497 3
1365 5855 1
6745 17777 7
6790 15100 1
4585 10865 3
11794 15088 6
9422 14555 1
11817 19370 2
8434 17360 4
1578 7542 9
14307 23102 10
8013 23345 7
4749 17899 3
399 10825 10
289 1165 9
1336 8611 2
9445 19675 4
732 8164 6
18444 23200 5
1942 14470 1
6136 19332 2
3641 21522 2
7068 21316 1
10065 19307 5
810 4591 8
2528 14842 8
8099 19266 6
6714 7041 7
19211 20018 2
114 12270 4
4135 22251 4
7908 23057 5
15502 22876 8
6421 8548 1
10207 16205 4
1288 4191 8
18062 19863 1
9299 24369 4
16548 21931 2
2592 7453 3
22744 23323 7
3866 15717 5
8434 21470 3
9841 16288 8
5021 15276 8
11448 19900 7
1690 16989 6
9968 19959 2
6508 9008 8
1076 24616 10
7298 7537 1
4507 4841 1
8317 9841 1
20004 20941 3
16733 19934 1
10653 22754 4
8237 22694 8
11029 14370 9
5775 21970 9
3403 13371 6
8566 9179 1
24613 24931 4
1078 16766 4
5469 14798 4
2511 22922 1
10737 22638 9
583 6950 6
8604 20330 4
1022 8525 2
3274 9586 3
8210 11054 5
675 24242 1
16775 17822 1
12776 18463 2
6586 22116 1
14781 19221 7
8273 14474 8
3807 16632 8
13755 15513 5
2262 19069 7
10874 12765 10
3023 24710 7
9449 10884 5
5807 16709 1
16866 21824 6
1579 21709 6
13212 14783 4
7349 21956 1
8740 19274 9
9830 13679 6
1493 24560 2
2855 12824 7
8676 9530 4
13625 20690 8
2290 19798 7
3559 19320 10
6581 14184 1
19507 19805 8
1434 8325 5
918 24966 5
15781 17222 4
2392 14205 5
1794 8850 8
6711 7206 10
13935 15201 3
8602 13175 5
20972 22404 3
15264 21654 1
10225 12781 6
7576 10268 2
11177 15114 9
2192 20790 3
18374 22569 4
4539 21901 2
5763 24506 9
9124 14368 2
8976 9677 1
6681 19042 4
5347 24874 9
2211 22908 6
5706 8446 5
13483 19330 7
7646 21920 2
3373 21290 7
13100 23353 8
2541 20053 10
4780 10526 6
5935 9132 6
3981 11523 9
1835 18308 4
6639 24249 5
7303 10582 2
6752 19787 2
8217 22278 8
3529 18019 9
5509 22157 3
7275 11340 2
728 22182 8
7127 9193 7
3962 10964 1
17838 22955 6
9538 23757 9
2787 8211 5
4659 16489 4
8387 16783 4
15113 18436 4
10307 12362 2
1961 2030 2
15752 22713 3
3057 8275 9
948 6500 10
4052 22380 10
5342 10628 10
4116 22727 10
7492 19350 3
3491 11136 8
898 10863 2
4146 13461 10
11757 14786 10
768 23097 1
10253 23271 1
15990 16987 9
12744 13617 8
1909 10789 8
4837 15599 8
13418 18217 3
5221 5263 8
16920 24399 5
12839 20565 5
14818 21578 8
14261 18060 3
2006 13146 9
4127 24949 10
6725 10579 2
15415 16885 1
5418 19468 5
1626 24470 5
13892 18737 6
5276 14278 6
7300 16242 2
15696 24825 5
3855 15817 5
5984 12086 1
14469 16489 4
12828 23114 6
12506 16795 1
10757 14045 3
13277 21603 10
8865 24611 6
2496 6360 9
7152 8104 7
7783 21879 7
11234 24495 7
1203 6074 8
13436 24622 5
766 16005 1
15073 17711 8
1853 6404 9
10989 16197 9
6177 19287 4
5801 19174 5
11696 17853 8
13818 17152 8
537 1976 1
12632 21568 6
3011 21146 1
1483 9278 7
4157 15488 7
6982 24365 2
9895 16360 1
13638 16237 9
1236 1582 1
14131 21472 3
7193 21096 3
23812 24568 9
6814 23475 5
18487 19363 2
5784 13724 1
2658 15810 9
12355 14955 5
779 10677 2
13078 19645 2
13624 24251 1
13974 22470 7
3077 16192 8
5528 8760 5
6675 19793 3
9173 21392 5
3377 17294 2
3838 13807 8
3340 19771 6
2814 18910 6
948 20795 3
279 4412 5
6622 20770 10
7006 16971 8
12542 23023 6
8343 15365 10
11772 11871 6
18891 21983 8
10839 17144 2
23420 24564 10
17470 18102 10
8666 12066 7
8288 14209 1
1676 5584 5
4187 17384 8
1284 22588 4
4892 16499 1
9786 13689 6
15534 19554 6
1250 17650 4
10974 11825 2
5069 13242 7
841 2069 1
17212 18588 9
8385 16536 8
9698 13972 4
2212 11262 9
8284 19643 5
10053 11771 2
11161 18589 7
19332 21282 2
1321 13527 10
1965 12028 3
2009 9449 6
16655 18063 2
2797 9410 5
16676 23846 4
3030 22044 7
8001 15511 10
333 23919 6
9957 23616 3
4698 16085 3
623 14299 4
2176 18996 10
4127 14838 8
13707 22207 4
4824 24458 9
10675 13817 4
5361 6406 3
4967 10084 4
16239 17522 8
11094 19372 6
2652 13793 8
5249 13125 6
7900 9819 4
4981 10116 9
19414 23430 10
3121 5050 1
6687 11142 7
19600 24685 10
9232 24913 4
14115 22443 8
9188 13997 7
9040 17501 4
8094 19509 2
5406 11201 4
1162 12099 9
10170 17930 5
17094 21637 3
12772 23214 4
508 19930 6
775 22725 10
8813 15883 5
2054 14993 3
12671 17787 5
4870 8429 10
9382 9590 5
17788 24465 1
4523 17799 9
1043 19744 2
23564 24560 7
8086 13266 2
11135 24776 6
4677 24386 4
6433 7185 2
17666 20342 6
8956 12821 2
16395 22810 3
13481 24375 3
15186 16197 8
7225 10434 1
10700 15372 10
3919 12444 7
10612 22295 9
20532 23604 9
3235 6649 4
14361 19853 8
10050 19580 6
15882 16366 1
5709 17254 8
13682 19678 9
3506 14274 1
3322 7614 8
7159 17204 10
4313 7467 2
5136 13654 2
12229 20164 5
19304 20638 8
4683 24204 10
12998 21024 9
5960 17141 2
3237 18996 8
1316 15143 6
5182 22271 1
9123 16141 1
7054 13022 6
9899 20116 3
12232 13387 6
3285 19024 9
830 3658 7
6812 9191 1
61 17831 1
1781 16070 2
10133 14142 3
12573 15908 5
9520 22693 1
3483 9189 7
14981 17381 10
4252 10399 7
2904 11894 4
15580 17293 4
15230 23408 2
8137 8259 3
4132 9796 1
9798 22473 8
9426 9719 2
1291 23215 9
4951 9472 10
502 12363 5
2576 6980 1
14699 23679 7
4232 6376 1
5272 7484 6
11841 19312 2
3473 24363 10
768 9499 5
8923 9119 3
487 19407 4
19132 21271 5
2399 22283 2
3360 10369 8
12395 15651 7
15175 22330 6
15796 24780 3
680 22168 2
9672 24278 4
6628 17944 3
22160 24504 1
4472 8731 6
12894 20214 8
15205 23355 4
959 21957 8
4670 15481 1
56 23975 7
4472 12522 4
9599 10347 2
10460 19912 4
7974 17541 2
18117 21827 7
18292 20917 10
845 12219 6
5776 19796 1
971 12473 1
23726 24859 8
14128 20187 4
1277 4113 9
14465 21802 1
8330 9159 5
12199 17062 6
10979 12254 9
14959 24497 8
2998 18041 6
210 13553 6
6984 19112 2
1776 4616 1
3793 13091 6
7260 8884 8
17769 22407 2
11376 16091 9
10588 19508 4
1320 20238 8
8086 14060 6
10349 11802 10
1397 22615 1
1628 18159 7
5448 18339 8
10693 24757 10
11715 23441 7
11730 12115 6
57 9985 10
8835 10792 4
207 16384 5
10561 18633 4
10383 23963 5
5228 24796 9
541 21762 7
788 7688 5
9352 15456 2
1186 3181 8
13729 14254 8
908 2626 8
721 21038 1
567 8795 5
8822 13433 5
8961 14541 1
1284 2102 6
3103 18226 5
356 21421 9
5195 14320 5
8567 18208 1
4996 11406 9
8482 12541 6
4430 17111 10
1299 14665 1
14209 19239 7
7723 13027 10
10025 18579 4
1592 7538 6
9612 10664 1
7681 11301 8
12935 20922 4
12328 14140 10
1693 20110 5
6008 17805 3
21994 24838 1
8054 16524 3
15167 21022 5
9249 24541 2
3832 12468 9
6321 14990 7
14857 18358 3
16988 22886 2
21917 23464 4
974 6038 3
10374 12796 7
6078 12860 8
7918 11151 7
14680 20522 3
7443 18097 4
5619 19990 1
12497 23491 1
14241 20498 1
156 3713 7
2050 21017 7
167 19795 6
8072 14728 1
2507 23535 3
2877 4083 7
4367 24905 8
17780 23021 7
6144 8042 6
583 15381 5
6453 17726 5
9792 14459 9
400 23500 2
8810 20590 8
1831 14099 8
14443 17117 5
2059 13434 5
4343 10322 1
10238 19041 8
7875 10652 1
8363 8715 8
9315 19858 1
1084 14130 1
201 8349 2
11679 18835 4
6839 14522 1
8867 16764 3
9832 10813 6
4519 23531 8
6581 17779 2
9570 14189 6
3814 6840 7
11355 19738 5
21878 22958 7
17920 19112 10
7017 13200 5
4975 14893 9
1440 4073 2
7244 10162 10
15938 23867 1
2232 14671 2
940 10469 8
7829 22492 1
4143 19869 8
15536 24909 3
8898 23073 3
17516 23792 6
3093 10839 1
16129 18543 2
17058 23092 5
14218 17518 3
17564 22276 4
8181 15824 3
2689 20870 1
14125 15895 5
4205 14722 2
17123 20223 8
9434 9763 6
6821 13199 8
4032 9302 4
7023 16673 10
3458 4761 10
2830 21179 4
11195 16049 7
2785 3418 3
4743 23679 7
9136 16266 7
4653 5411 7
10139 10700 8
15356 22946 6
1231 13449 7
7165 18235 7
11815 14254 1
14225 16478 1
6471 23451 1
10126 20311 3
12277 20640 10
7955 21410 7
6917 8741 9
11301 19443 9
20077 23756 5
3520 10142 6
14940 18553 2
8271 20057 4
14862 16794 6
2231 2547 3
9200 10713 1
2487 6340 9
144 15919 4
2400 22254 10
16815 17401 4
4437 10183 1
559 24056 1
5027 14295 3
14223 23848 4
14475 21110 10
50 11983 6
11508 24960 4
11680 19632 4
4566 13522 9
10146 22869 2
14943 16223 10
3596 17761 7
4554 8552 10
5296 18165 7
10608 13830 10
13789 21381 9
17633 21272 4
524 20135 7
1641 5503 2
12666 19178 4
15340 23496 1
3711 11861 6
9693 14166 5
13721 15774 8
150 19498 8
18367 24923 3
16649 20444 8
14022 23568 5
10844 22840 2
17798 18975 7
4865 6279 2
239 15013 1
9938 18230 6
5289 18745 5
3579 10908 2
2305 15125 5
8663 16005 7
8289 24323 6
881 17553 2
9394 16027 4
15553 20262 5
1718 10164 7
2382 12236 2
1616 11408 10
11763 13573 10
15074 16246 6
2988 17117 2
14835 16399 3
5163 24198 10
21362 23607 2
2983 9249 2
9832 15199 7
14213 19528 2
16674 22798 1
330 10996 9
10085 19937 10
30 9206 9
2159 12167 9
3440 14740 2
4847 20150 7
18718 24904 3
11655 22879 5
12730 24194 10
4862 4875 4
3509 19908 9
15226 21847 10
3983 7031 6
9950 20375 2
11314 17493 2
6440 12733 8
13923 23680 7
3749 17114 8
10925 23725 5
10543 19915 4
2560 3450 4
944 11657 5
8964 11432 7
6806 15821 3
12933 20147 3
14380 22040 7
9155 13060 1
3784 17430 6
8333 19075 6
10783 20479 8
16842 18809 8
17566 18331 5
62 12923 4
8726 18094 9
20333 20658 3
14351 22140 2
6051 14081 6
18174 21281 9
22298 22649 8
2041 8228 5
7290 8128 4
2446 11308 4
2189 4847 6
16737 20500 3
16684 22117 8
15206 24258 3
10743 24219 5
2654 15926 10
12385 24850 2
17088 19990 9
9508 16881 5
4082 10141 10
15605 24412 5
15001 18901 1
16719 16786 6
5119 15115 7
11575 23910 8
10512 24968 1
8439 9737 4
15844 23997 7
5355 7441 7
16490 16831 8
7360 17456 2
7952 20881 5
4569 19387 8
3033 18997 8
6852 12476 4
10989 12947 7
3875 14939 4
7716 8815 9
14729 15448 7
1853 13796 1
6400 16527 1
11086 21896 1
9963 19128 4
293 11100 4
22714 24273 8
2136 21781 8
12293 17657 9
16767 23168 10
746 17925 4
5176 6099 4
14911 23006 4
3245 7050 5
17521 23181 7
17950 22320 4
115 14694 8
11292 21017 7
7946 12602 5
12398 23168 5
1284 22011 10
7923 8422 5
12737 23224 7
13837 20128 8
2604 14597 6
16553 23810 7
4961 20877 8
20408 24642 2
9818 16685 7
5505 24684 7
3328 21099 8
1226 11329 1
1213 3277 10
1154 2405 3
2357 17917 8
5456 23119 7
4057 17186 10
6900 10153 6
12569 23334 2
3797 17256 10
7557 15786 7
9236 22999 8
20903 24275 5
7876 20303 1
7041 14954 8
7903 13582 3
950 5191 3
7468 18636 6
5107 6435 9
14816 24963 3
1582 22126 6
10812 21794 8
2257 23783 3
29 3484 9
16494 19458 7
4478 6795 4
3545 5188 10
14532 22581 1
1939 20290 3
1797 12323 8
3650 12942 9
833 23042 4
535 11745 4
8223 20972 6
621 24412 5
2245 8037 4
9152 21856 7
50 22165 7
1205 8249 7
2893 21398 10
2990 17959 7
10342 20156 9
5448 8557 1
18039 23779 8
5982 18213 4
425 4893 7
6909 10462 6
13700 23675 9
715 6080 8
17064 19573 4
23492 24370 10
8527 10459 5
12027 17986 3
3766 7386 8
19264 24579 9
126 15290 2
3952 5255 7
283 10639 2
11302 24198 6
2749 7948 8
7506 11112 7
17370 18699 2
20544 22491 4
7825 10778 6
20163 21293 10
6834 22281 4
3291 11503 9
1456 1837 3
13385 19937 4
12397 20356 8
5640 15116 3
13401 16508 7
7675 24850 5
7155 19913 2
13779 14644 9
20951 21499 10
8798 19279 9
5174 6231 2
2143 9932 5
9325 21066 6
10735 14129 4
5120 24339 5
8623 19504 5
21016 23723 10
22024 23170 6
3041 20694 8
4253 12422 1
17234 20546 10
9661 18039 3
13213 16280 5
12112 14083 6
7882 14356 1
21976 24465 8
5235 24162 8
12808 23417 6
3538 6733 5
2572 7480 2
4058 10005 7
8068 22005 6
9582 14721 7
1984 24164 10
16821 24854 8
17062 23397 6
2891 8093 2
6690 13042 1
496 4813 10
2684 21868 9
13329 20515 1
489 6892 10
9965 10800 2
9178 15547 3
15036 22813 4
18722 19630 3
4502 7351 3
16118 19754 6
8880 20627 6
4513 15537 7
3065 19611 2
10903 21864 10
11619 23047 6
6560 9685 2
3558 19292 10
2698 10553 8
3199 11540 4
11411 23520 6
2837 20810 1
22131 22798 10
11768 20757 6
7678 20254 1
5832 12671 6
2415 4201 3
16902 17849 9
14045 23093 10
3997 23548 1
6726 21668 10
9502 19450 6
10352 14212 6
1355 8920 3
20722 24892 9
12675 18406 9
3745 22450 10
5087 15467 6
12611 24862 6
12365 23436 1
16812 18790 6
1235 7846 10
8422 22998 10
6938 21540 4
1706 9076 7
14633 24092 4
6505 23216 6
2216 21774 4
145 21903 9
15705 24598 2
3607 21813 5
11036 24402 3
6247 15304 6
1589 18312 9
2115 7232 5
14743 17190 2
7936 20948 1
6910 11219 4
3378 24626 5
2790 23960 8
3959 7922 6
946 14914 6
11622 13670 4
4093 5571 2
1966 22304 10
16972 18877 3
13567 16040 1
1209 14326 10
6782 22439 8
14833 14888 3
760 15900 4
9786 19835 8
1598 20115 2
12149 14156 1
4301 11639 6
5931 7332 3
8840 23576 4
22896 24089 2
2011 19343 5
7042 7736 10
5871 14544 2
6989 16930 10
7385 12146 1
16748 17319 5
6178 10931 5
6319 11025 7
5723 16641 1
10478 10581 1
1060 3021 4
5848 20829 9
11012 22357 8
7761 10394 1
10536 20573 4
21907 22251 10
12076 14571 1
7818 12064 10
498 6883 1
10790 17012 8
2968 15124 9
13041 16099 7
14363 20330 1
4583 16356 1
799 11607 4
14616 21677 10
9663 19048 1
554 10051 8
4206 4992 9
11609 24359 1
3423 11876 5
5017 21708 4
13465 23566 8
13088 23928 10
14633 22984 7
7746 23848 9
10063 10847 10
17659 19657 3
15264 16347 2
7806 19047 8
4380 20145 6
4096 16841 10
648 13633 7
2326 17070 4
6814 14417 8
19506 24257 2
5620 20188 3
5610 13561 9
8961 11074 9
6154 14764 2
478 10284 7
10814 12148 5
8690 15761 4
17956 20441 1
1095 16781 1
2527 14606 5
6632 11445 1
1574 4207 7
7561 19660 1
20098 21467 8
11005 12060 10
4699 8633 8
8800 22660 4
13421 24799 10
1519 13750 5
1104 11819 4
560 13923 3
3371 5212 6
3478 12283 9
9825 17785 5
13751 21409 3
6740 17470 10
11243 19499 5
12734 17108 4
2887 9946 7
6638 10146 10
3050 15442 8
12165 18072 2
674 2749 4
662 18924 9
12948 24007 5
1967 21507 3
4492 24540 9
6652 22180 9
12484 20279 7
10963 22608 4
7770 20647 6
3912 14261 7
2785 3696 5
2524 16286 6
16845 23620 9
4892 19395 2
6207 16517 8
6335 21136 3
8072 13427 7
4192 20747 1
5069 23461 1
1570 15401 2
12312 14790 3
6521 14227 1
6111 7058 1
946 1330 1
1900 11900 6
2265 17082 9
10902 16120 3
10731 16547 7
2679 9045 10
7286 21247 7
1737 17876 8
17137 17958 1
19171 24900 3
6479 11235 9
5242 17461 5
13170 24139 4
1736 19349 6
4625 19804 1
1018 19569 10
18632 24297 3
9880 21067 6
18985 24239 3
6211 21008 7
8033 24572 7
11411 20624 10
8380 9078 2
11505 22866 8
184 17398 4
13629 19610 4
6476 8209 3
19461 19960 9
9890 9988 3
6804 14305 7
6403 6592 3
11558 17510 10
978 17450 4
5989 7799 10
9633 23589 10
18195 22601 4
3315 10537 5
7478 15078 9
3138 11041 9
3458 16749 10
2360 2854 3
8106 11983 8
7454 22713 6
10230 15871 3
22380 24986 5
2748 20302 8
2927 23018 5
11280 21571 9
204 9440 7
7196 13258 6
11423 23104 1
12939 19182 6
5064 15231 6
7800 20153 8
9251 13258 6
17968 18764 2
9757 15327 1
16739 19636 5
8849 24280 9
16471 20382 4
7209 16647 9
12184 22264 9
1284 10633 4
14525 15093 3
982 1350 3
18 19979 7
4738 11433 6
6616 17981 2
6312 19678 7
20490 21507 6
7888 19531 2
192 13749 4
540 17883 9
4128 8129 10
5469 13534 2
8131 15650 10
4589 21682 10
2398 14604 2
1946 16552 1
9614 19190 9
7051 8413 10
5724 15677 7
6728 7573 9
16967 19827 8
8994 11653 6
19775 22877 9
22404 24287 6
2852 4009 7
11994 14447 2
6007 11157 10
18202 21892 6
9312 17999 7
1608 24938 6
12896 19938 8
130 16481 2
7217 10281 9
6605 14797 4
5541 15834 10
12309 19741 7
13879 24527 6
6417 10436 5
5688 8954 5
20528 24713 5
13845 17982 10
2716 19396 6
9534 22583 8
4685 9388 9
14302 20242 9
5004 8434 2
6719 16519 1
1838 11435 6
2697 22134 9
842 14381 2
8258 10933 7
6567 10491 9
15587 19988 3
395 1208 2
1729 5432 8
6786 12413 4
15340 19333 9
6537 23710 7
12549 17142 4
16499 22421 4
3127 6557 7
3531 10018 7
4974 7338 7
4059 19895 8
1142 3951 8
10777 13846 5
7885 14963 2
16650 18274 3
18766 24446 9
8229 22773 9
8807 14845 10
6616 21046 3
2801 7205 10
1383 13600 2
1157 2487 6
907 9405 2
11777 19560 7
15318 16745 9
10878 18876 7
2716 14185 6
563 8432 5
4293 13736 1
17542 18673 8
16818 23184 2
1935 6364 8
5985 8144 2
18466 22716 1
6 23275 6
17775 17946 8
4742 15282 4
22952 23128 5
4648 16114 9
20512 23921 5
7088 24808 9
6282 23273 9
5585 8095 5
8849 18864 10
18210 18492 9
5442 10683 3
19680 20017 7
9524 21640 5
1021 4047 3
10615 11377 9
14299 16833 8
12268 21399 5
2 19202 6
3431 19153 6
20705 22460 8
13215 13654 10
4503 23221 10
599 2982 8
3399 20697 10
4212 21985 5
4494 23702 6
2169 4670 7
6143 24622 2
1780 17419 9
5473 15480 6
5830 22456 5
12918 19189 4
1837 12475 1
13890 23000 4
21186 23871 6
3371 18845 7
3678 21118 3
3139 9487 4
9481 19845 3
17911 18667 5
3656 5708 5
9218 10306 3
5025 17323 9
21470 23574 5
13871 18291 2
5432 14807 1
7857 22206 10
2084 23844 3
10223 14255 3
223 2261 8
5447 18440 7
15837 20102 3
5084 5129 6
19962 21549 2
12343 14381 5
21890 23486 5
706 20133 4
5585 23683 10
11203 17837 9
3465 6448 3
8371 15765 4
2919 9196 1
11792 16265 1
15292 21137 3
9054 19031 1
7220 18969 1
14557 22218 3
19444 20336 1
14647 20384 7
1438 15094 1
11370 23795 2
20263 21351 6
16331 24999 2
1029 5732 1
10255 20814 9
11283 23715 3
10570 24596 1
4608 20843 1
3375 6028 4
11753 13706 8
5616 23189 9
15497 23305 2
8509 18255 6
2762 7527 5
19615 24511 9
9007 10305 7
4472 12133 2
3072 13992 9
4139 5426 1
5134 13292 7
10165 16710 8
1863 24521 6
17822 18950 7
3160 24632 6
953 14592 9
21289 23172 8
17807 18365 8
3980 18234 2
3243 22225 4
24528 24671 6
1017 15469 2
16394 19569 6
23806 24159 9
1711 24553 3
14866 24489 8
975 23367 7
5428 10715 6
11803 16379 9
11599 12556 1
24001 24316 8
12755 20530 3
13050 20147 5
398 4242 8
388 9507 7
9755 20957 1
18533 18612 1
1287 8284 8
566 17722 9
2491 3069 7
13199 21485 8
9865 21526 2
1191 6115 10
1494 21625 9
694 15248 6
3303 9410 2
9651 15045 1
6795 15407 1
9575 16852 7
11859 22459 8
17880 20800 10
7965 16232 7
2916 22022 6
6090 24736 8
2744 18193 5
5157 15126 2
8854 15572 9
2418 14000 7
7546 20498 8
13368 20075 4
6803 24132 3
4607 12313 4
14272 22720 8
4256 15696 9
452 16013 6
12839 13130 6
7444 19839 6
571 16438 2
7252 13670 8
609 17300 6
5404 23071 1
12483 13494 2
5239 11342 10
17262 20482 3
3772 21846 10
10324 15311 4
10140 19208 5
18385 23907 1
7206 23743 10
5598 20889 5
15493 20167 10
542 18269 4
4919 13166 5
2700 20472 2
13584 18663 4
10034 16213 2
3240 11544 2
8706 24324 6
13195 20366 2
18055 21422 6
6190 20329 10
13368 16747 3
6333 11849 7
7169 23349 8
3040 23666 8
4970 10626 1
7789 18989 9
5007 13644 1
8620 24315 1
4649 15126 6
10386 23125 10
2065 8495 3
20618 22208 2
5232 17325 9
756 21681 2
12661 18940 3
1065 19244 3
6285 24663 3
4534 24890 10
4435 6461 1
1394 19040 8
14821 21713 5
3 874 6
10354 18992 9
5323 8361 5
8672 14916 1
8367 13706 7
2011 18639 7
4585 16732 1
15313 19954 1
12425 12531 3
6467 10349 6
5155 12345 8
6544 14672 5
5422 22022 8
241 11291 4
19792 23259 2
1101 7828 4
2041 23544 8
6844 7878 6
7633 21734 10
18972 18973 4
14262 23135 5
18580 24962 2
3231 7361 8
5802 24979 4
139 6393 3
7498 21294 7
3505 3616 7
5365 18869 7
2033 13176 7
12664 20643 8
3616 9665 6
17988 21246 7
2497 19209 4
12416 21451 5
9969 15808 5
3978 18364 5
4180 22418 7
3531 5909 9
8581 23099 8
18984 20676 1
5751 5935 10
82 24052 3
5914 22943 5
3864 21389 7
3775 19216 3
12154 16131 3
3329 14885 9
6767 16116 8
8219 23290 4
10590 15497 8
581 20624 1
9866 13121 2
12035 14186 2
6630 15588 1
15451 24096 7
6573 8005 4
14812 21659 1
11581 16181 5
17039 24466 8
8312 19052 3
20842 22676 4
5600 16238 1
4951 13479 9
12842 14625 7
12414 14779 2
6973 13141 7
8445 17764 6
2971 14657 4
10185 14127 10
12220 17536 6
12405 21463 6
5898 6099 5
9920 23762 5
11102 23980 9
3377 19670 9
490 15956 6
3972 13338 6
2031 22991 5
13826 13898 2
15178 21135 10
13469 19812 7
14067 17947 1
12061 17135 10
19545 22229 10
4114 10819 8
12990 23021 8
1245 8208 4
2714 12429 7
12742 19960 9
11039 18228 9
8850 21836 7
898 23258 4
1296 19650 2
8236 8727 6
8502 23966 10
21819 22555 6
22330 22923 8
17927 18062 7
4353 8183 2
1640 22954 3
1005 5735 8
10456 17369 9
3145 4415 1
4924 17027 6
14298 20117 7
9563 20937 2
14024 23431 2
15812 24109 7
7669 20194 3
7398 10325 9
13136 17843 6
2413 3967 7
12477 15683 8
1091 23572 5
6920 11472 1
7874 23510 7
6739 20775 5
7930 13746 6
8149 12453 10
397 16854 2
13630 17201 10
1874 14340 2
3545 9288 9
3240 20169 6
12610 20452 6
6148 18239 1
17534 23957 2
8429 20199 7
11800 18503 3
2238 9187 7
6324 24698 9
6318 10808 6
6019 8449 8
49 23244 5
751 16995 5
3072 19565 4
5918 24658 9
8446 18871 5
15442 19425 3
12065 16470 10
1077 15605 9
19785 22891 5
240 20403 10
19806 21593 9
14049 20844 9
17434 23302 10
9012 17605 3
9111 10746 10
12476 13353 5
17959 23942 4
6881 16591 7
10377 20221 2
398 6035 8
18623 19527 7
14240 15190 6
13681 18899 1
1370 24667 7
3000 19489 6
18819 20685 8
3548 14601 10
1120 7950 2
2730 9388 4
18799 22131 9
5111 6898 1
9867 16872 1
15277 15908 4
11723 13913 7
5347 7219 3
4044 17469 5
6524 12322 3
12390 18320 5
7581 11780 1
22787 24672 10
3856 9396 3
3147 18010 9
2320 2590 10
18901 23351 2
5993 7492 5
11149 21945 2
20175 20218 9
2200 8226 3
6021 19521 7
3186 23267 9
21357 23620 1
6623 6870 1
18711 22146 2
3351 13351 9
2083 3654 9
11670 23465 8
6414 15770 7
4699 17554 2
8128 8691 1
15500 15685 7
21237 22211 9
1511 4576 1
10054 23632 4
12720 15321 7
17240 24566 6
381 18277 6
10166 15368 2
2518 9973 9
10589 21323 8
3421 8467 4
2701 12605 7
18363 21962 3
8935 14696 4
8315 17971 5
12527 21047 4
2627 14007 6
7435 10529 5
14161 21017 4
12364 20206 10
6686 24168 6
636 8022 10
286 6471 5
777 8554 1
3312 9321 8
455 7805 1
2697 18389 3
386 21307 9
703 5422 6
9235 12753 10
1796 15655 9
649 17382 7
1782 24704 4
13196 21941 4
2392 10940 10
4905 21857 1
10165 24532 3
15070 18791 6
15822 22634 4
9894 12559 6
5603 7175 10
15466 22951 9
18530 24505 4
8106 17488 6
16771 21513 1
8305 14615 9
1059 11599 1
5179 10094 2
16424 24872 6
3501 11309 9
1772 4907 4
17721 24057 6
11512 18109 8
1509 24884 4
12126 21727 9
5181 8710 1
10519 24221 3
14810 21498 7
8275 13559 10
1871 4447 10
17898 24758 8
17646 17971 4
5716 7204 9
918 15575 3
8365 8674 6
17107 21400 3
12270 20158 9
11222 15863 8
1588 18049 10
5285 17776 9
14784 20111 8
1167 17106 3
5127 12610 1
5067 11114 6
660 10333 4
8548 22458 5
9334 20676 2
18865 24161 6
2911 24045 8
8467 23223 9
12393 14910 9
11013 18979 7
7870 14388 3
2324 7671 10
1112 13079 2
6868 17766 10
16189 21546 3
19433 20915 9
925 17217 7
8813 12170 2
1299 14932 2
1311 6704 6
1408 12761 2
6245 13735 7
16220 23167 6
11508 17289 3
2463 23757 7
6523 9602 4
6997 20664 6
13415 18203 8
11620 15885 8
5791 14305 7
484 10233 8
2550 3674 7
6322 12549 5
958 11956 7
5998 15305 3
11973 16805 3
5177 11926 8
4280 13913 7
5070 22609 2
1765 13088 7
6195 9536 7
3953 22534 7
669 23747 3
2291 20626 6
10035 20225 8
16241 16821 8
7181 8437 1
9514 15571 5
3964 19677 7
17038 21133 7
5284 24699 1
1117 14937 9
4054 12163 9
10373 19165 8
6492 15685 7
7495 15242 5
15471 22261 8
1334 4779 1
3470 3963 9
9392 17692 3
10902 12356 3
14062 18722 2
6442 11022 6
1952 16352 1
16523 20160 7
12055 15969 4
699 2833 3
5160 13917 4
1314 21990 10
14260 23765 9
5132 18300 1
2712 17602 7
2562 4731 4
1926 7111 6
1391 7064 2
19030 24626 9
7924 19724 8
16952 23592 1
1125 1237 1
11119 14018 1
6308 6519 8
2814 20464 5
1755 2668 2
7938 13637 8
2284 22525 3
18688 24051 10
6804 15806 3
10939 20440 10
2177 8542 8
14182 24311 4
11668 13858 9
16388 19263 4
5944 6054 7
9120 23952 3
16246 20299 8
2993 5990 4
5708 18817 6
7100 13505 3
3337 9510 4
13565 20223 6
5171 23069 7
1621 23574 7
6771 10081 10
4329 7699 5
4434 21269 8
9998 17567 10
7576 9970 7
5401 7957 7
4688 23056 5
7997 12553 1
6949 23008 7
151 4157 9
3891 8347 9
2838 22869 6
3315 7277 8
4956 21321 6
12422 17987 4
14018 20931 5
9579 19193 4
2379 22365 8
18082 20916 5
6651 17797 4
20183 21855 10
2727 6444 9
2822 10866 9
7478 21849 10
9198 23289 8
7099 13273 6
17416 21145 3
10523 13831 6
11812 14320 5
5229 18153 10
3698 22993 1
14463 16292 7
5010 21928 1
7378 23086 3
13565 15303 2
5256 23459 2
4980 17711 7
14508 17398 10
17606 20164 10
7939 18546 6
9724 24069 4
8460 14853 5
21295 21368 7
9190 18998 4
3610 16910 9
13575 15538 5
13542 20548 9
1602 21008 7
357 15083 10
6826 17687 2
16596 23526 5
14319 24394 5
9911 19257 9
8087 12004 4
18022 20899 10
3097 13485 9
4773 9748 10
2485 11823 6
15648 16105 6
11734 18307 2
12399 20918 7
2036 6957 9
7092 19828 2
253 890 9
5066 10555 6
15767 20965 3
16586 17676 5
10911 22895 1
6548 16242 2
10770 24064 9
9617 23604 3
1168 13299 1
4546 8804 9
12755 23346 6
1998 2415 2
8536 23307 10
57 3590 2
12921 20087 6
3377 12811 1
806 9286 8
21967 23603 10
4326 8917 1
10885 21778 3
12492 15041 9
10547 20494 9
18247 19960 7
17913 24480 4
17299 24690 2
22312 23355 9
2208 7775 6
8599 24269 6
5001 15420 1
15309 21044 10
22260 24907 3
8466 22167 10
5180 12337 6
8960 11275 9
20280 24693 9
13110 21314 3
9686 13213 9
5531 14599 5
3047 22172 9
14379 14858 10
1106 21980 7
13140 22401 8
8616 19729 10
12476 14884 7
10070 10154 7
4454 21347 4
6092 24478 7
6959 22160 8
7089 18782 1
22303 22690 9
13211 16528 3
5774 7142 2
8650 21719 1
19782 21751 10
8635 14485 8
4499 24895 6
6353 7907 5
13766 22574 1
3285 7063 6
8540 17467 1
1924 11355 10
6776 21104 6
2280 20444 6
8940 18697 8
820 2407 7
10226 11868 4
2171 11821 3
16480 23259 1
8598 18266 6
2658 12435 8
10114 21712 8
1309 15369 10
4911 16027 2
14364 22901 1
2865 22917 6
2139 7738 3
2666 8314 5
2536 16645 3
14922 17696 8
1530 15010 1
13041 21418 9
9558 15194 7
14283 18878 10
4514 21493 4
5017 19421 4
8595 14041 10
1591 6126 1
5529 8052 3
6420 17664 10
1814 6093 8
9976 23170 1
5791 14144 5
172 17922 1
7200 11381 2
6559 19607 8
15005 20415 3
4169 22130 10
607 23719 9
10869 13157 6
18318 21261 5
2183 11729 2
17659 19285 1
10327 23012 8
7269 24184 4
6283 14301 3
4767 6930 3
6856 16171 5
1281 17395 6
4426 13574 6
12481 15281 7
6255 20299 8
18795 19640 4
8570 21966 2
11972 19781 2
13221 24971 5
3037 21120 5
4231 9133 10
2473 20968 4
6988 18426 5
2488 13021 5
14654 20378 2
15570 18294 9
6258 9194 10
3417 18328 3
7880 22557 2
7373 9109 1
2391 13953 6
18029 22808 10
4064 9621 9
15556 21425 9
10166 12327 6
19297 22939 3
16699 16974 10
2685 19270 5
15683 19390 4
2771 19941 8
22793 23981 4
4726 11899 10
1859 24761 5
5056 10422 4
19781 24928 5
8930 18175 2
22326 24164 10
1375 19382 9
6489 8148 7
3858 11953 5
13811 19189 5
3946 12074 6
2044 7128 1
46 7774 2
9633 23337 10
10764 22430 8
21498 23735 4
461 23196 3
8160 16278 5
11835 24006 10
1066 20018 5
8018 22945 3
12619 19094 9
15055 17507 3
7195 8174 1
6943 22747 8
322 24949 1
18645 20740 9
679 2493 9
1140 5733 5
19592 24123 7
10796 23912 8
8235 18804 3
3945 4933 3
7458 22041 6
10094 13769 4
3157 8663 1
7980 15910 1
326 12859 1
9461 22202 2
3868 16442 3
3413 5928 1
15652 24582 4
10543 11693 4
760 9364 4
1425 7459 3
4084 24391 1
2444 17441 7
12249 14761 8
1271 3633 8
15930 23613 8
13056 18671 2
3434 18415 6
4296 6487 6
5613 5801 10
77 13440 10
1644 23530 7
7096 19850 7
3882 15475 8
894 1031 3
6319 16413 2
19465 20826 10
8049 12782 5
3749 22749 1
23525 24349 8
10923 18973 7
9865 12336 6
9318 14829 2
1284 16809 8
22983 24025 7
4874 15113 1
1066 18600 1
14350 18821 2
73 10926 2
1270 16215 6
1560 8977 9
13417 16161 8
4005 5835 6
1125 14792 6
2559 10182 6
3216 24037 2
13011 20348 9
6516 22889 2
12697 20337 9
6568 9422 7
10672 18052 3
7374 8087 9
8656 9425 6
16274 24500 7
7109 12512 4
6196 17583 6
455 20467 5
12121 14862 5
12804 22135 1
10607 22208 6
1541 8123 6
2007 12525 1
7841 12141 6
5660 13319 6
7735 9979 9
1289 22535 6
3678 24766 8
14546 21552 2
9815 18981 6
6978 20267 10
4223 10892 2
5447 9656 8
17979 22202 9
7947 10070 1
22456 22465 6
18029 21304 7
17338 17880 9
10989 12746 7
17481 21979 9
9702 24033 6
10516 21332 4
229 15738 7
7308 12590 3
6210 20888 2
7058 17375 3
3793 18099 9
9172 14913 4
8525 16358 1
1970 23635 8
1480 8102 4
1146 11962 1
3444 9156 9
1797 8580 5
157 3213 2
16850 20936 2
9535 11451 1
4000 5201 10
24382 24613 8
1406 22313 5
559 4552 10
10100 23973 10
15404 15923 7
4908 12526 2
9458 15656 7
11109 14370 5
8 13953 2
2729 11218 10
10551 19908 4
5056 15287 2
11807 15040 9
23007 23181 1
16434 23252 6
5169 18725 6
17352 17563 4
13289 23842 6
2550 5781 8
733 15192 4
16360 17682 8
20398 22026 6
7772 8201 4
14390 17423 2
6247 8260 6
16127 22607 1
5980 19313 3
10948 21943 8
17406 23680 6
20744 21894 10
9555 24536 6
1476 14972 10
1463 11800 7
20995 23832 2
8903 24940 8
13220 13560 9
589 16071 8
3286 6541 1
173 9282 5
1208 19709 10
8951 9479 5
3314 4586 1
2579 21079 7
6329 21552 5
8159 19501 9
3964 9817 6
1992 22210 6
96 22128 3
4719 16642 8
7616 18064 2
12694 22444 3
15771 19163 8
1253 5211 1
764 24928 9
5895 11472 9
4737 24599 8
2476 17897 3
4635 11520 1
622 11826 4
13140 18423 2
17500 17721 1
1754 7587 9
6450 6523 5
12802 19510 2
5496 18567 3
8912 22653 7
19077 19284 5
4465 13988 3
11701 16026 2
21213 22368 5
5075 14984 10
7184 11376 10
365 22028 6
3704 5178 2
18524 18976 10
1076 8378 6
15231 23847 4
11686 20053 3
654 3272 8
2456 22831 5
133 10042 2
2943 24315 4
11720 19628 6
6254 7719 3
7612 9580 8
9752 17289 8
3082 5962 8
6930 14687 8
434 17007 6
14842 24259 6
6887 18425 4
18594 18820 6
16217 24248 9
15829 19068 1
7724 22577 2
13209 23694 1
1905 7354 8
2537 15809 2
13863 18445 9
192 9003 5
20573 24141 6
7993 12942 4
8064 20079 7
2113 4049 7
8642 15176 4
3597 9928 5
17046 20099 4
1228 8108 8
3195 10858 6
13299 17172 8
7141 14646 4
1817 9533 5
3761 22314 9
920 19724 9
11068 21711 10
12914 15860 5
15026 21094 9
3979 10391 8
6218 9150 7
272 1807 2
18011 24358 6
10721 14134 4
2754 3578 8
937 17929 2
8898 22904 1
3467 9638 10
8394 12432 2
6887 7065 3
16661 20274 5
17584 24077 1
13023 21174 2
14243 16206 2
8540 23930 8
7919 24085 7
682 15795 10
3783 20102 4
7340 19544 6
11651 18194 8
16507 18859 7
933 24626 7
5557 8733 7
7804 19354 4
15320 23195 2
8058 12267 10
6694 24174 5
21010 24912 7
6008 19736 9
5755 13934 9
2651 8138 8
4408 6778 7
11083 19065 2
13614 17991 3
728 22504 3
1147 11068 7
15809 16668 9
4906 21666 10
1940 19375 2
9625 22790 7
11095 20378 5
10407 22045 7
3159 19960 9
5953 9797 2
14789 24153 3
10227 24158 2
17712 20829 4
10658 11821 9
14909 24567 6
134 158 8
18367 21481 4
6527 13900 2
9983 24984 4
14789 17652 6
10695 19637 4
20328 22245 1
13232 24565 8
226 2849 2
9427 11560 3
9852 24844 10
3564 5617 3
5485 18403 10
16110 24468 7
10564 15165 10
9805 21324 3
14059 16645 2
18614 22415 7
6333 14145 8
22412 22832 1
6360 7400 3
4673 23619 8
8711 18334 5
341 1091 2
18953 23032 10
1452 19904 4
15808 18315 4
12233 13234 3
19612 20703 2
8655 23341 5
5024 21924 4
14853 21000 10
5748 19344 9
21445 24524 10
1866 20817 3
9325 12941 3
12710 24941 7
14407 17942 10
6518 22079 7
2778 13904 3
2548 4746 10
20804 24906 10
5182 17866 9
636 6643 5
294 6980 4
9393 14003 4
321 21896 2
9402 14621 9
5300 19903 10
5656 12771 1
12926 20896 8
2888 8016 6
6592 19331 4
1247 9636 4
1882 23183 6
18130 18421 1
15539 16582 8
594 16646 10
14004 24792 3
6316 16679 10
12599 17402 2
2211 21916 5
9646 18337 5
4055 15517 6
4684 4883 3
6357 13505 10
9816 23982 4
7771 8073 6
17176 17220 8
12840 22448 9
15363 15810 1
3683 7025 6
1303 10403 2
4640 15394 8
5477 11713 3
10389 11288 10
14928 20680 7
19844 20139 5
254 22659 9
1465 4268 4
23722 23862 7
11443 14681 3
7518 24456 9
6409 9925 1
20965 23398 5
8188 18532 8
18450 22456 8
494 3794 10
13490 23397 3
1140 1913 4
1314 15047 10
5087 22621 3
1405 17883 8
3593 19303 3
17493 24378 2
4198 10855 2
4679 19608 1
8950 18349 4
8908 16004 10
4979 18962 3
8751 9178 5
811 13062 3
8178 15167 6
1800 17568 1
71 823 10
1024 9839 1
18243 20255 2
8686 24092 6
6425 12187 6
9853 12363 3
5696 13374 7
2181 12265 3
5309 19968 5
8757 14975 7
6557 11526 10
18947 23777 3
16411 20449 4
8083 22980 6
11404 17935 10
11515 16379 1
12654 21071 6
5521 11098 3
14068 17722 9
3775 22494 4
168 9299 1
9712 22820 7
4585 13794 5
5377 8309 10
7160 20091 1
1181 19694 6
5740 23955 3
14132 23722 8
1806 11485 6
16289 18511 9
12084 23644 8
224 13152 9
16663 20910 3
3725 8726 7
18387 23165 6
10715 11856 7
18729 20649 1
4052 5846 3
23705 24104 5
1718 21159 4
2121 7999 2
3675 8915 1
3749 8679 5
13466 24891 4
12157 15977 8
9482 13130 6
13997 23771 10
1624 2334 10
6040 16769 1
9672 19578 1
7033 19467 8
19047 22393 1
4791 7705 6
17327 23233 5
11854 21825 3
2963 18524 10
13765 16287 4
3359 8441 1
217 15395 1
20790 23828 7
10457 10694 9
1978 18482 7
4491 18659 8
14656 20364 2
2368 9185 6
8054 17061 7
7932 11351 6
16590 18189 6
20845 23895 5
3238 3383 9
9388 10739 3
992 23706 3
10596 15644 7
1083 19311 5
538 17798 6
1137 14960 10
6194 21813 6
686 24707 10
11436 15741 3
8276 21440 9
3824 22381 10
6827 13519 8
3298 3432 9
11149 15283 8
17513 19559 4
8839 20523 3
21643 22383 1
10837 15832 4
3028 23079 3
10681 15860 1
1324 21470 1
17195 19067 7
4736 12007 9
16775 19985 5
11174 22160 7
11003 23829 2
1674 12100 9
8393 13770 8
3042 4210 5
7393 21026 3
15454 24329 7
7316 13187 2
11748 17124 1
153 17259 5
11233 22631 3
3330 21806 3
12909 22435 2
9767 18620 10
737 7845 10
2868 8193 10
15536 22405 6
7631 23349 3
17931 22143 3
461 20009 1
7762 9377 6
10804 14901 7
21998 24581 8
8081 12119 1
13659 17996 9
13690 14072 8
3268 9174 4
9537 14589 8
10455 22687 5
1220 18207 4
4705 7844 8
9495 24936 5
619 11082 3
2227 13538 8
2708 10932 2
549 13815 10
4186 8280 7
10344 23892 4
4711 24881 6
13145 17121 10
4262 14657 5
18903 24746 9
3465 10463 8
13802 16629 4
14956 24755 8
2011 13055 3
8785 11882 2
22840 23198 7
5405 19318 6
7305 11180 8
3979 12021 8
3256 22629 5
5336 11696 7
11802 13641 6
5402 13367 3
14268 23729 3
6100 14967 5
13732 16840 7
11464 15802 7
14042 18104 7
12629 14129 9
19888 24860 3
11528 20317 1
10667 11805 9
16074 22056 4
9525 22845 5
12700 23983 9
18142 24524 4
7032 19973 6
15503 18779 1
11039 14572 7
13063 20135 1
9461 9991 9
1721 18282 2
12151 12280 7
1512 13266 8
1540 14079 2
9810 10886 7
14864 22672 3
9189 16216 1
2933 22724 2
5468 19009 7
11864 15658 1
1336 4516 8
16814 19050 1
3483 4374 8
15155 23796 10
6529 22025 2
854 1953 8
22311 22909 10
6426 10713 10
4371 8534 1
8358 22331 7
19161 20484 2
7856 16521 4
7592 23578 3
5113 23421 4
2282 6750 3
14481 19984 10
9197 10544 1
306 19326 3
849 2222 10
7086 8229 7
11176 23223 10
11685 24259 9
14287 20762 10
11228 24691 5
3717 23542 8
5657 13107 6
12329 15406 10
11563 19041 6
11582 24196 6
21130 21415 9
1775 12105 1
9383 11157 9
70 2436 8
11380 22723 4
16566 23905 9
11324 17407 3
17215 20599 10
15367 19521 7
20709 21658 5
9999 23247 5
10650 11962 4
1189 10900 1
10289 18754 3
3931 20919 1
12483 21908 2
13755 22628 8
1829 12700 4
4492 22898 7
5994 10270 4
11451 20815 7
332 6837 1
2811 12681 1
2774 14533 4
12429 12801 4
7239 18354 3
21045 24161 1
10862 14831 1
8749 15509 4
539 6921 3
1327 10316 3
3796 21811 1
4578 4769 8
4872 17836 10
2589 15794 2
2060 13647 10
4999 24087 7
6207 24551 3
7737 18147 7
5024 11608 8
465 20226 10
866 22886 6
8889 20093 4
9649 17830 6
6095 7799 7
3467 5513 8
11033 20559 6
273 20294 7
3126 7813 1
2241 12486 1
9504 11711 1
9196 21265 10
9091 20914 8
6275 10565 3
17725 18888 1
12142 17355 5
5131 13000 4
6518 15554 1
1641 10409 10
2091 12292 1
8488 20572 4
21401 22834 3
7946 24469 6
2605 16475 9
5475 22334 9
2825 11697 4
10308 21103 5
659 2347 3
10830 16268 4
18566 19281 3
23564 24814 10
5258 21164 1
6830 15728 3
20292 21061 2
2354 20566 3
9099 20241 4
5460 18822 8
18258 19538 7
15103 21753 1
17708 22802 4
11156 20493 5
4912 11265 3
14000 21961 8
2573 10408 4
4741 5936 6
4878 12869 8
19067 20693 7
22 21654 1
3974 24154 10
13564 23290 7
10582 18749 9
2285 23306 8
3098 14646 2
505 8509 6
16916 17619 6
21788 21969 10
1036 2792 6
1337 4413 8
147 17863 7
6787 7543 3
15594 15897 5
7483 23703 8
2230 16072 10
5536 18998 9
18093 18691 7
5958 15293 2
6273 6732 5
8089 14283 9
22186 22265 6
14569 23755 2
700 8196 2
7651 14014 5
7396 23473 9
11359 24089 2
11167 11366 10
6509 12218 6
8444 15760 4
2729 4664 9
22926 24262 4
3264 19111 3
17333 20573 6
9322 9732 4
423 5520 2
2416 24736 3
464 21738 5
9835 13260 6
5667 11152 4
15604 24143 7
13532 18238 4
2241 6688 6
18420 22054 4
5337 11928 6
10050 21759 8
2055 5717 10
1472 14883 8
3317 12602 8
6594 17453 1
12168 16837 8
8716 16153 5
5811 11360 5
16051 16620 2
12623 23422 2
16120 18150 4
4051 6772 5
8701 16802 3
4674 24899 4
14343 17578 8
2702 15647 7
2403 18260 9
4459 16260 7
22672 24686 4
1738 17119 2
12467 22135 9
3247 21760 6
17938 22384 8
1196 13144 2
8328 21664 7
10287 10557 6
7132 10641 2
3779 5379 8
5270 19459 10
10941 22212 4
13433 22115 6
5597 8630 1
7931 8321 7
6776 14160 5
1631 20438 9
7843 17431 8
9057 9528 1
18483 24388 10
12350 19439 1
521 16762 5
9791 21155 1
391 19718 9
14868 21419 1
7945 11565 6
2324 9260 5
10214 17293 4
16351 24933 3
12208 17705 5
5951 21574 1
3013 10766 6
1097 19896 6
2411 13207 6
1049 22053 2
896 11767 4
20672 21672 9
20593 22966 5
3085 10630 6
14352 24719 9
2950 18707 4
2872 17079 9
821 18089 8
1473 15099 4
17269 21681 6
14147 19372 2
660 12241 6
1741 15974 6
15920 23054 1
10856 20731 2
7725 14159 7
4645 17195 9
10877 23014 5
15227 21213 3
12383 22911 5
5999 23315 8
11168 17373 8
1973 12503 7
47 3115 10
5111 17502 9
10806 16705 1
1925 13853 9
1777 10635 4
22047 24945 8
11458 15098 5
21691 23614 7
2682 12816 4
7984 12192 10
1755 13861 6
4264 16716 4
1315 1660 1
16846 17197 1
14107 19739 1
15497 24334 10
10595 16623 10
10278 17277 10
8245 24566 6
18698 24617 10
17191 21806 8
16128 16833 8
10508 16209 5
6452 22679 3
12444 23555 9
7006 23780 3
8784 15235 4
15757 21407 9
8935 18650 10
15399 16005 1
8036 16697 7
1525 15846 5
11530 19685 9
5258 21932 7
15924 24318 4
671 17125 1
5379 20072 5
1633 16423 4
2706 14869 5
3832 12992 4
2489 24512 10
271 793 10
512 4761 3
17605 23178 5
11667 12171 5
3945 24304 10
9751 23401 2
6955 20551 9
7458 22782 1
15574 23955 8
11403 21603 10
7877 19142 8
20730 22122 1
3744 7580 7
16298 24746 5
558 2586 5
4760 22573 9
6514 12077 7
6359 10594 7
7244 10502 2
382 21852 9
20359 20602 8
6254 16726 4
13828 20710 10
2259 17755 1
15337 19603 3
11080 21138 1
11009 18612 7
9015 22064 5
2620 4509 9
12219 16256 4
7964 24872 8
10483 12596 5
2691 4252 8
17941 24954 6
16772 18019 6
14644 22493 6
8004 12062 7
13299 14424 3
1834 8379 10
12598 23949 7
3431 6139 1
9718 11801 10
388 21021 6
7891 14696 6
17169 21124 10
17996 22248 1
307 14951 9
7547 19924 3
5674 24467 8
16366 17331 2
14251 17636 9
4667 14492 9
369 20458 7
6181 6442 5
11628 23636 10
205 5161 6
9341 10466 5
18125 24131 5
1105 23643 1
12405 15150 4
285 1978 1
11155 15976 7
20018 22177 9
2348 13734 5
21688 23727 2
10339 13227 1
5602 22721 10
2479 10675 2
3672 11393 9
548 15709 2
10929 20571 4
9828 24136 7
3736 8532 3
4652 11471 6
7435 9024 8
8843 9395 7
3373 9022 7
11964 13375 5
10229 14848 8
6108 17658 3
11823 20457 6
12086 12618 7
1568 12260 8
3138 20425 8
3941 22662 8
7609 15416 8
7284 17495 4
8075 8874 2
7188 12042 9
6571 13388 2
3335 6558 9
15555 17236 4
2105 12460 6
2608 9164 7
3972 7027 5
6066 8738 7
19014 23959 8
2208 5599 6
549 10448 5
5897 16492 6
4346 7259 4
19767 24320 4
2064 5035 3
19366 24293 8
16549 18267 1
13661 15906 4
9545 23875 5
19482 19508 4
6362 7352 6
8861 14386 7
13735 14628 2
14859 16710 4
16713 16729 3
9204 14282 5
11303 19853 1
2161 4629 4
536 17040 1
19856 24984 7
380 6505 3
4763 18746 1
1494 23533 2
4481 19732 4
2704 19137 1
21884 22888 2
3312 14823 5
12699 13050 2
12025 12763 1
4127 24819 6
15665 21757 9
13362 24365 3
8045 23354 4
13601 19999 7
635 19890 2
1546 3950 10
939 22961 7
11391 24143 6
196 21400 4
12487 19222 5
12993 15324 10
1640 20549 5
21249 21861 9
2073 9903 1
8708 13395 9
1343 21166 7
20393 22948 10
300 23906 9
5908 7347 10
6941 20158 9
5268 12019 1
5397 23072 7
9501 24367 1
1011 1768 2
12481 24488 9
20783 23407 10
7810 20584 6
612 23012 3
12246 22718 10
4466 5963 6
581 24764 10
20623 21632 10
14826 14834 7
2161 23929 5
5156 16196 6
13384 15036 1
4070 19412 10
10726 13086 10
4390 20035 9
3451 5344 9
1773 12808 10
3481 7658 9
19 24921 5
3111 23351 6
7077 13036 4
5990 13205 2
1280 11452 5
1879 15745 8
12713 16973 4
22036 23998 1
20745 24013 7
17404 21547 10
4389 18363 4
9218 22865 8
16186 22499 2
9009 22138 4
6057 9132 10
13619 18159 3
10511 12643 6
12259 14591 1
4205 9993 3
17757 23724 8
10906 22781 10
3286 22673 9
16205 16859 2
8375 21838 10
14325 24188 3
5771 23270 7
10848 15149 7
1132 12247 8
1315 21981 10
16024 20291 4
15143 21834 1
17689 22677 3
5535 17665 8
8095 22104 7
13181 15259 5
3447 18533 2
6504 24114 9
5124 10146 8
10857 22562 1
20354 23116 9
9481 18377 10
8112 16951 8
3627 17602 7
510 17974 3
7572 11229 3
6931 8804 7
10936 23701 9
14022 14658 7
1889 2968 8
2192 8240 2
8364 22811 8
311 9585 8
18979 20653 3
2433 7364 5
3352 9562 5
4583 13546 10
10895 13991 5
8705 23871 5
6155 10433 3
1064 11612 6
16070 17829 8
10790 11037 8
8653 24367 3
5742 15702 6
6823 21286 7
728 3153 3
18695 24324 5
16225 17110 5
14800 20897 10
1108 11832 1
22447 23721 5
4961 16139 2
14300 20433 8
14285 21808 10
6374 24570 4
9055 22956 5
2325 20475 2
1467 12410 2
8435 21627 3
1326 14885 9
7181 11361 2
8610 16966 3
4765 20203 5
8297 9625 8
408 3661 6
18372 19906 1
6159 12974 1
6787 19590 10
18543 19655 5
8324 14584 7
22242 23920 4
9683 22892 2
1287 6979 10
2961 19878 7
3067 23251 9
5246 11107 2
7823 23842 10
966 17881 4
77 6533 10
20408 24149 10
14602 19773 3
7199 18784 3
12957 20358 1
7812 17751 8
6498 13845 5
4118 21052 6
20439 24604 3
1341 10753 10
6779 15504 8
23621 23817 5
14091 24802 9
10144 12343 3
11024 12441 6
10382 19420 7
11438 14805 10
6667 22711 8
15393 24619 6
7903 17463 6
13418 24591 6
4821 17659 7
8135 14853 10
2025 3700 6
9193 24117 1
10119 24240 2
5234 21682 4
10751 19727 1
5058 14248 6
10432 19830 3
9824 21596 9
4572 19547 7
2486 13627 4
5053 14524 6
15861 18205 6
196 17886 3
5289 24647 8
5850 20373 6
5945 23420 3
453 5056 6
7573 17795 10
3208 4289 10
2438 6263 2
5604 21002 10
13302 22491 5
1858 17259 3
9684 15771 3
7347 17862 10
9273 16387 10
4662 8198 6
2945 20674 3
2827 8737 1
2750 16431 3
7904 22730 5
4027 10715 2
2175 5593 5
7030 10722 3
500 24816 6
10544 21404 2
10533 19156 5
18657 19141 3
136 24301 2
17112 20207 10
195 6338 8
9851 14593 4
3939 20170 3
2502 22371 7
89 9274 8
13463 15421 6
4342 9090 5
2178 2205 1
8971 9376 7
3301 17718 9
5678 16746 1
4466 14353 9
12815 15120 2
23048 24463 5
6334 24961 6
7014 23616 2
8061 22637 6
7171 15385 1
4744 8943 8
9670 19867 7
5275 6523 6
6619 18882 7
507 20207 1
6848 12918 3
1410 23505 3
15835 21835 4
8489 24944 7
9400 14791 3
8526 22341 6
10838 22849 8
13947 24243 9
18965 20057 10
4261 21910 9
1802 3148 3
4588 16922 4
4254 5078 5
5104 12634 8
14926 15963 5
15879 15992 3
4759 11758 6
18478 21436 7
2383 16866 8
12082 19866 10
5294 16252 10
3992 5940 6
31 23232 9
13174 13572 5
12864 21209 10
8637 18168 4
2588 17194 4
4243 9438 9
3374 23248 9
329 19646 3
206 1594 5
13984 22475 2
18120 23962 3
11005 13413 9
9158 10112 6
10495 18369 4
2190 23049 4
1696 20978 10
8457 15758 3
16454 21030 10
2561 16257 4
4393 8074 4
21461 24447 5
3873 8327 1
22783 23235 4
6343 16203 9
4556 11418 8
7335 22732 8
6905 11287 4
2345 19642 9
16760 21355 2
7485 11709 6
17807 19215 6
22137 23113 9
8875 16767 9
13754 13889 6
1295 19050 7
12097 23284 5
18887 24094 2
279 14427 4
19381 21096 10
529 10496 3
9280 23603 6
3007 17742 4
6214 12792 1
2710 15356 10
9368 17585 8
9127 17467 3
9219 10396 10
7134 14009 9
8344 10568 3
11199 12371 5
14818 18999 10
10924 16046 1
17379 18663 8
1959 18358 10
3484 5624 7
15891 16656 4
102 11034 4
1758 11448 3
6879 17659 5
2289 15181 10
473 5743 9
22671 24585 7
3154 18338 2
14275 16812 9
17180 24117 7
9807 15621 3
4803 23672 3
5049 14046 5
7336 13497 7
14383 15357 1
16958 24787 8
1474 8619 6
14131 24137 9
4190 11350 9
7353 15414 2
1482 18941 3
1913 14446 9
3069 9094 2
420 21053 7
181 4827 4
4498 20577 2
6082 14725 8
4475 12541 6
1984 10079 2
790 10916 1
6484 19541 10
464 14957 6
1530 20249 6
9629 24722 1
5288 9566 1
11220 18896 8
6843 11368 8
11198 12454 2
2655 2680 6
13977 15620 8
275 21314 6
10890 19012 4
17751 24773 2
1555 15622 8
17113 22091 2
5434 22271 1
15784 21111 10
8063 11938 1
7245 19823 3
5675 24326 10
9546 14760 1
5885 17871 1
3245 15382 4
9857 15926 3
10298 22156 6
19652 21763 3
7535 18314 5
75 6186 7
16803 24078 9
9431 15772 1
3114 24027 8
1241 10946 7
11285 14755 10
20625 24974 1
6722 13100 9
260 901 1
14432 15014 4
698 18256 2
4346 10232 3
4148 8096 9
856 24359 8
10712 21755 6
4952 11827 2
13411 16378 2
8259 14511 7
11195 18014 1
13534 21201 9
3253 12938 5
5657 14154 4
5371 9010 6
20211 23859 6
215 18387 10
10456 13004 1
12499 14463 4
4753 13700 10
18364 24576 4
6243 23081 4
21079 24332 2
2752 19046 10
15242 19859 8
12359 22472 5
4205 16308 6
214 4826 3
863 9869 2
12370 22198 9
5458 14830 2
2457 8322 5
6369 15812 9
20243 21777 8
18289 22719 1
14329 17790 4
17244 19555 4
1994 3879 5
11226 19131 9
20567 21923 6
4258 21069 3
20896 24610 4
316 15993 1
15328 20411 1
105 2646 6
14614 16321 1
19709 21424 8
2681 22256 5
200 17986 1
250 4686 6
16642 20413 9
3435 22911 7
16522 20946 7
7808 17629 10
12486 21028 3
6123 7951 7
6407 15338 2
1398 19564 2
13862 14860 3
346 1968 9
803 18940 9
8789 11115 8
15958 20763 3
13563 18119 9
4432 9263 5
6284 22753 6
4097 22695 10
6221 9424 9
17189 23181 7
3138 18158 5
5111 5168 2
19566 21109 5
14131 15778 10
14348 17611 8
4293 7012 10
8569 23522 6
2814 17348 10
2902 11274 4
10116 16986 7
16695 23573 2
8902 22318 8
6889 21447 2
1146 3544 9
8062 17093 1
7440 23124 3
619 12946 4
8199 24605 1
1246 3445 8
15422 20304 10
10983 19860 9
14389 14947 6
10814 20246 9
24400 24716 4
20275 22456 6
2661 13685 2
15354 20941 4
1305 19635 2
2444 17735 3
6233 18313 9
3998 18278 8
8076 9081 10
6434 11891 8
10258 23033 9
3765 21361 1
15032 19198 2
20907 22810 3
5425 13228 3
470 9294 4
4678 24781 3
59 20059 4
2088 7228 6
11993 24025 3
1183 18582 3
8007 20132 8
12505 15198 10
1159 20338 7
247 24543 8
10260 16158 1
2642 3768 2
10036 14092 7
11710 14743 9
3332 23582 3
7580 16427 6
12688 15146 8
1711 16155 1
402 24827 2
3845 11400 8
2996 4039 10
14970 24191 9
150 5413 9
15256 16820 2
10031 11015 1
9323 14036 1
3530 11290 3
7593 13226 2
7410 24132 5
6612 19934 1
14614 19846 3
2842 10893 5
15019 21122 8
3932 22438 6
6518 23261 7
2305 5028 3
8969 14718 8
14491 20713 8
13126 17367 4
10489 19560 7
3391 3530 6
7311 9381 2
20461 24456 8
9366 10256 3
8760 24624 5
5630 19356 2
3541 22664 2
16372 24452 4
13006 19178 4
16709 19980 8
19461 21972 8
19139 24106 7
4802 22600 7
1377 24468 5
10567 21680 2
9459 10290 6
4314 10765 4
18852 24114 7
9423 18088 1
1567 2106 8
8163 19585 3
2090 18112 1
11613 13122 5
3103 20400 8
12590 23953 5
11414 22897 3
10457 19935 7
6928 15104 6
11268 17274 8
12898 17903 8
13373 23234 4
1322 11558 9
5912 16659 2
11974 13494 4
6760 12475 1
4616 21750 10
1912 13378 5
7531 11124 4
5842 24752 2
8070 22390 2
2488 20380 4
14013 18281 3
11057 17666 1
2932 15201 10
20005 24128 2
3786 8118 5
3430 23538 3
15251 16432 10
3579 4405 9
412 433 2
130 17793 8
13185 22228 5
634 2085 7
21181 24510 1
23896 24453 2
8350 9216 10
3961 10145 5
3493 13401 4
4693 8473 5
6757 10269 10
21699 23012 1
1554 4222 4
17915 23203 8
13830 15033 8
4567 10077 2
7863 11834 1
10122 19613 9
11626 16600 1
1990 5249 7
14172 14491 7
2223 15804 10
8779 20006 6
1781 16751 9
16436 19515 10
9029 9636 1
4278 24591 9
12065 22827 2
5261 15811 2
15543 18117 9
11558 16340 8
19938 20953 5
227 7069 1
18191 23139 7
1972 9922 6
14855 21509 7
4395 11441 6
2659 7150 2
15530 21905 3
19502 21342 2
13269 20754 5
2057 14706 2
16672 21592 4
13537 19083 6
8712 22975 9
8850 14506 6
235 21490 2
7522 11504 8
2312 16124 3
7007 17148 4
2013 12969 9
5380 7084 3
5898 21083 10
15531 21230 6
2851 13356 1
19738 20121 3
13043 18196 4
314 3429 2
5841 23886 8
14680 21978 9
4758 8006 5
7026 7623 8
12879 19914 4
5954 8428 9
4416 8692 4
2022 7739 5
8959 13329 6
5960 11570 1
15614 21995 4
4282 9638 7
3431 18848 2
1144 23268 3
19901 24950 2
1688 2417 4
10065 23106 4
1031 5202 4
5150 14269 7
6170 11650 2
1349 2328 5
3644 5240 4
13924 19491 8
8784 9347 10
19151 23883 3
15129 22610 10
3069 4025 2
4954 21251 6
7721 13523 6
661 22974 6
7701 19272 7
21852 24314 7
1195 17157 1
5930 24225 10
1766 23383 6
7663 18266 8
3397 5605 3
4181 20809 1
5632 13332 3
11154 23911 2
3474 18443 5
6539 9189 9
6229 16516 7
16402 16914 4
2664 18031 2
457 19269 1
5497 11481 5
588 15877 7
13748 14521 4
6749 16787 1
15051 17203 2
6455 20585 3
6855 20558 6
8156 13454 3
259 14644 3
7926 7956 8
1445 5006 10
1835 20989 5
4306 15890 9
10552 18558 10
14655 16319 5
6289 20940 4
21220 23681 9
4713 12334 1
2465 20929 6
7138 22279 1
14294 21742 3
1402 18121 2
832 8134 4
2715 24482 9
1937 3053 8
835 13825 6
3262 14919 1
17872 19264 2
1111 19646 8
9332 20343 6
19234 21580 7
4428 10242 2
13642 23458 9
6987 14039 9
13258 24216 3
4618 8173 5
14785 21507 2
8303 13467 3
11039 23325 8
1104 11050 2
14479 20520 1
12209 13391 9
3038 21735 2
4687 9335 2
9652 15680 5
3479 13602 8
39 11206 8
7858 22093 6
5581 5756 9
18180 21047 4
2789 3798 9
5263 8860 2
3232 14385 9
10000 13840 3
2935 20604 4
12560 19383 4
13798 21439 1
13099 23864 9
7515 16347 5
6518 13803 8
4855 16981 10
6935 12915 9
13120 22923 4
7591 22469 10
6682 24475 2
13527 19624 1
12609 18909 10
1003 9268 4
6564 10328 6
6047 7640 2
15939 19099 8
7425 10324 3
10154 20492 4
1266 6673 5
2131 20041 1
6036 9821 3
2337 8464 5
7734 7848 6
992 10546 2
14949 18119 1
8047 10865 8
8609 19931 1
1290 11351 1
1347 8520 2
1241 9025 5
5099 24387 5
11454 17156 4
1364 3885 2
4227 21431 2
9480 15484 8
7324 13497 4
3735 18209 7
12982 13581 3
6356 13808 7
116 1245 3
3079 22018 4
2914 3476 3
6719 15316 2
8419 19734 9
11919 12010 9
5813 24173 3
13339 17781 5
3373 17622 8
502 20245 10
123 16800 8
5011 17753 8
11267 16950 7
20861 24201 1
1158 3898 1
8490 17789 7
851 24477 4
12210 23241 3
7717 16313 6
13098 20669 2
2891 15687 6
8589 21820 10
15222 18709 7
2839 18807 10
7256 10071 9
16497 23213 6
9416 11961 4
5312 9964 4
249 9217 8
288 20286 8
17730 23083 7
1657 21700 7
12318 14632 10
19350 22226 4
5597 15788 5
7325 12648 7
15059 15503 4
10969 21519 9
117 21898 9
2464 17850 7
14029 17525 10
5098 24728 7
12655 14098 4
1650 23369 1
4142 4903 3
4414 22328 6
1403 10631 1
5368 23646 9
8247 15072 8
8989 22814 5
2985 24554 1
10500 15158 5
2053 15819 5
257 17178 2
4502 9421 9
14588 20459 5
14666 21256 10
2314 3074 1
14554 15410 3
14064 21228 3
13437 23685 5
2101 21107 4
3831 13593 7
18013 20287 2
331 21168 3
422 9531 1
9441 24887 10
6969 9886 2
6241 8768 10
7289 22487 9
17425 22012 3
3393 20991 4
5746 9921 3
8990 12453 8
10507 24470 7
8461 18506 5
8416 15195 2
742 23379 3
5340 23878 5
11521 19343 1
3031 13985 4
13544 20273 10
12636 23764 4
2721 24923 10
8550 24942 5
13359 19700 6
2500 11223 2
5274 7442 2
13102 24585 1
910 19273 9
20421 23811 8
6405 19904 10
3073 10068 2
9860 13431 9
14833 15785 4
7645 18244 8
2746 14027 2
4804 18290 4
6072 15387 10
18502 21728 9
13914 17717 6
9035 22568 5
19571 23904 1
14594 21571 5
22800 22981 9
11481 24934 9
8395 23024 1
8251 10391 10
90 16960 10
5101 23359 3
6856 6937 1
2901 12835 10
2265 23381 7
7996 19833 8
13037 17033 4
1984 24682 1
3780 15505 10
8689 11255 5
4250 4527 2
418 4356 6
7686 22994 7
3031 13031 8
23212 23358 1
13414 16275 8
7418 16942 3
10704 16950 8
18829 22712 6
15063 17738 10
3422 21055 1
1756 16993 5
4132 16421 10
2961 13603 9
10766 12197 10
1424 9209 1
13686 18810 3
19213 22322 3
16439 23221 9
12874 18277 1
15932 17003 6
6836 18151 8
20520 22704 4
1748 13587 6
6121 15664 9
3096 13779 10
1740 22936 6
10697 20268 5
944 13594 3
1845 19393 10
19817 20467 2
4307 5677 4
7451 15649 6
1422 10454 8
1937 13076 10
4637 9437 7
5244 21530 10
3147 3645 1
13776 20092 10
12608 15629 7
19726 21718 10
9615 12539 2
711 5167 1
1676 24183 2
5332 21157 9
415 7635 2
5839 9275 4
1128 1881 8
2650 9406 7
14509 19391 6
14738 18711 2
213 4761 8
1232 11686 1
4584 17581 6
5663 17930 10
3771 13649 6
9643 11699 8
8758 18059 1
2219 8183 7
3757 8425 1
9712 15223 6
14383 20868 2
7000 10203 5
18190 21669 9
9767 14222 9
16168 21445 2
1389 10271 10
3690 16472 4
21191 21337 5
5485 16073 5
7201 19624 1
3878 6218 8
361 24819 4
19712 20102 8
11088 13724 8
5685 23665 8
12706 23807 1
15039 22979 9
9455 22554 9
12513 15139 6
8799 23873 9
19542 22280 8
7795 13719 2
3169 14928 6
3766 21225 7
6975 8365 9
7666 19894 4
5210 23902 6
9109 13528 8
4561 16404 2
15402 19052 6
7863 19746 3
5975 6573 9
685 23844 7
5139 8917 10
1719 20829 4
16395 19341 3
22690 24793 4
2226 13817 6
3770 5035 9
8095 8462 4
13267 23417 5
3399 10009 4
10961 17551 1
941 17884 10
1929 22032 7
15581 17109 3
6742 19694 2
8278 14225 8
4674 9694 3
6858 20409 2
5760 15883 4
4409 23734 9
2643 24063 9
216 2954 5
2688 12152 2
5573 13317 6
22852 24539 3
15623 19011 5
3947 7729 5
5085 11846 4
9370 17926 9
7096 10083 2
625 10362 8
8222 22125 6
2997 3697 1
1702 22495 4
344 12271 4
12262 16880 10
4053 12742 7
12310 14034 9
7787 12225 2
21886 23254 9
14100 19870 1
1175 8823 7
5154 21212 2
15486 16047 1
10084 13688 10
17065 24101 6
7144 21442 4
8952 15577 1
1581 7263 8
5421 19362 7
9853 22505 6
4022 22107 4
11169 11567 2
22648 23158 6
13335 16191 3
9624 15658 2
9812 10547 8
7740 15730 6
10519 24951 9
11021 12454 3
13399 13910 8
5012 13980 9
6336 13948 6
5570 9947 1
2034 13266 5
24024 24059 1
1930 2127 6
275 8125 9
2832 24693 4
3292 19042 1
22987 23373 1
1675 14140 3
11675 11925 1
3382 20412 3
7388 22124 3
18478 24542 10
10301 18155 3
13647 20686 5
2776 6236 2
13821 18143 4
5432 12014 2
2975 14764 10
9846 11872 2
20280 20416 10
12975 17449 4
4406 14373 1
4776 14294 3
572 911 2
14396 19957 7
4358 14418 8
6751 11368 8
15506 19619 5
116 8161 1
7638 20699 8
19694 23552 10
106 6308 2
8453 15642 4
6884 18770 4
913 15299 2
11350 11806 9
4856 18170 8
15533 19793 4
7133 14517 4
14819 18724 4
7536 24299 1
11751 17169 7
2867 13466 5
8795 9365 3
17290 21803 10
1429 8144 2
1343 9398 1
1530 10849 9
2837 18116 10
2866 20143 4
16011 17388 4
12776 20691 9
13106 17456 1
21822 24848 8
7485 11877 2
3217 4509 5
7121 10780 1
11132 22856 9
10070 10359 5
6101 20560 6
731 23068 8
3164 11720 2
13223 20463 5
14441 20076 9
4442 8301 8
8641 22043 6
4756 22646 8
8752 18304 2
17108 17854 4
3180 14609 7
10965 24904 10
3937 14188 9
10518 24875 9
3899 21602 9
4694 20516 4
2562 3455 8
2003 12144 10
20784 24768 3
19372 20068 8
15713 16607 10
1470 16279 5
5290 11664 10
566 7423 8
1491 10309 6
10378 17157 10
14063 16732 1
6626 9247 5
13971 20125 7
6386 18640 2
5696 6853 3
11372 19178 8
8597 22915 2
3763 24812 5
3460 22105 1
6889 21783 1
263 9551 1
5354 13380 6
5805 23615 7
1777 5324 6
19051 21705 8
2639 16921 5
14019 18145 5
15140 17427 9
1816 3350 10
796 6364 7
7258 7972 5
645 24016 4
5458 6543 2
21765 23217 4
38 13591 2
1619 15265 5
15929 19331 3
6135 22097 7
18156 21089 4
4284 21660 2
15733 23976 10
5787 12521 5
10932 13074 4
10862 24170 9
820 23429 10
12003 21680 2
4852 6913 4
5803 21263 8
10427 17879 4
15678 19106 1
9841 18384 1
5564 7583 10
2837 22578 10
21 23626 4
18502 24669 3
9064 9884 6
8618 10228 10
5990 7570 6
10622 15995 10
12323 15273 4
6466 20460 5
678 8200 2
11569 16088 2
24501 24760 10
9279 15163 2
246 6765 9
12962 17192 4
8838 9834 10
15234 23357 8
5251 24721 8
5594 7180 8
14071 17337 1
6358 21600 7
10711 16061 8
6550 9390 5
4704 15446 10
18588 23250 1
11995 15054 2
8379 10176 7
14502 22771 8
2969 8291 9
5041 23871 2
5594 12474 9
12230 19143 10
14632 24930 2
750 11994 10
5246 12252 5
618 2418 6
7568 18484 3
15331 20571 7
8691 23134 7
3857 16614 6
8833 20432 4
20636 24876 2
2196 13623 8
6342 8336 7
12576 23670 3
18382 23927 6
15506 24341 1
2187 10951 4
10082 18653 2
13521 17948 7
11550 15789 6
7545 20061 9
7137 7557 8
8888 18917 9
10660 14613 9
18560 20251 5
7540 11419 9
17387 21133 5
1354 18942 1
3892 10314 7
6933 17373 8
7218 19640 7
745 3914 10
23105 24460 8
12953 16094 2
5091 16883 3
15711 21245 5
2423 21139 8
19259 22451 3
3963 18414 8
8219 21810 6
2600 21376 9
15078 20983 7
1844 3728 2
13265 21959 10
3220 9002 9
4806 8139 2
2294 24269 6
16088 21243 10
11517 20913 10
13576 24914 1
8885 11309 6
1828 15676 2
13836 19798 5
4524 14944 8
930 17191 6
3108 17901 2
13198 16720 8
2303 17512 10
19170 22220 3
13936 19520 10
6992 19395 2
16001 18821 9
7921 10728 1
3463 5924 2
13462 16980 1
8382 10560 5
11132 17322 2
15697 17642 7
21721 24780 5
4891 15081 6
3871 22504 6
6575 15691 5
3522 5427 9
16368 21862 2
6579 17891 6
12896 20575 3
6079 14317 1
3214 8224 8
2418 9259 8
3992 24116 3
4922 18456 4
5729 20945 4
14044 17352 4
1225 23018 10
10328 21832 2
5330 10674 9
2165 7186 5
10371 20584 9
5014 5194 9
6305 17897 6
35 4170 6
8619 20935 10
9505 17286 8
2245 24836 2
1730 8904 6
11374 22638 3
7860 21281 7
16172 23083 3
19535 23699 4
10954 14764 3
1731 9464 10
1495 23260 5
3712 5567 10
19493 22641 1
3886 15416 1
15553 19282 6
6768 23250 6
2493 16096 9
11541 16895 7
14312 22038 4
4943 10669 2
8429 14123 10
8115 24861 10
334 11277 6
7578 23306 2
18103 19084 6
16971 22235 10
4295 24554 3
19267 21579 3
1963 11374 7
430 16306 3
14798 20497 4
5107 22342 7
12939 20112 10
2318 22681 6
6522 14005 6
12694 16042 2
15262 23880 2
11489 14451 5
8533 15591 4
15466 22734 6
14733 17383 5
6784 11883 5
11609 21900 1
6528 9088 10
783 18029 5
15578 16014 7
15405 22032 5
7408 9657 10
4520 15170 2
13008 16406 1
15508 24400 10
8491 10945 1
713 23781 8
1143 6423 7
3072 10016 5
3618 17174 9
1039 3820 7
1868 2423 9
14950 18402 2
13723 17025 6
8258 14345 10
5193 23428 7
4906 7611 5
19661 24997 9
9856 15433 5
11320 20352 8
1395 7628 9
7223 8523 6
9630 11187 2
3559 16946 2
3072 24260 1
3452 23545 9
2563 11786 7
10747 12438 9
1169 8527 2
6237 24867 2
3132 18618 4
8472 21391 10
9926 11337 4
6582 11788 8
1527 14294 7
14111 14720 1
121 15703 9
11176 14734 9
16624 18208 8
9949 14292 4
8238 17817 9
1945 17241 10
4979 12927 6
14087 23896 9
8317 22903 3
6325 14223 1
1725 15802 6
11795 14873 6
2117 18690 3
13043 19427 2
5431 23744 1
11163 16874 6
11793 20123 2
7263 11081 4
10883 19861 3
8674 15215 4
10574 22128 3
1521 13326 6
6226 17878 8
7147 14045 8
14376 22071 8
17755 19074 9
20967 21998 3
15081 16511 7
1523 18264 1
3311 22577 10
6904 19755 5
1125 15967 7
17614 22737 1
15501 16783 10
8501 15933 1
18228 21684 10
4361 11082 7
3543 4455 10
22291 23666 7
11975 21272 5
1396 17293 5
18536 24112 10
1706 6192 10
4110 5676 9
18732 22016 8
12506 13533 6
10343 15518 3
3478 5298 5
9947 11880 4
11679 20990 4
6104 15611 7
12585 17160 1
4277 20045 8
2305 19260 1
8465 16763 6
3631 13588 10
5149 19607 4
6891 9635 4
3853 22161 5
20788 23034 9
18827 21195 10
4257 11060 3
11104 23767 4
2446 19881 7
12758 22616 10
871 8307 3
7577 22853 3
73 13452 10
7294 19253 2
18178 20973 6
10870 18190 9
16010 22466 4
19254 24791 2
3234 13785 7
7457 15095 6
19409 24180 1
6650 21713 1
13445 16418 10
5932 7869 1
4476 8830 4
2209 7163 3
9879 18524 8
972 9889 7
1958 9789 1
13254 20612 5
8546 23156 7
8960 17514 10
8877 21318 8
4867 23986 4
10865 22442 1
9070 20721 5
11791 17752 3
14726 20324 7
16905 23804 7
4892 14558 4
10101 11333 4
889 19492 7
17004 22351 9
17136 20433 4
11078 20133 1
2465 12302 6
2191 19271 2
13711 18537 2
12765 24247 9
7553 14842 9
2107 4329 9
4903 21939 10
14118 21325 7
17549 24685 9
13174 22375 7
1419 19626 7
912 7172 7
2402 19034 7
17285 22046 6
11539 17735 8
7544 22244 1
6099 16975 8
18377 18409 6
16823 18413 4
16080 17067 5
8629 20102 7
8707 13674 4
10791 15645 3
4270 4534 10
4614 11722 10
7918 16269 5
3668 17153 2
13443 16940 4
14176 14495 5
20205 22885 6
811 11483 6
18189 22307 4
10209 18213 1
14192 23629 2
4816 9383 6
2986 17318 8
5082 21239 4
8702 9838 1
20034 23642 10
9662 19419 5
10843 20049 8
4702 15997 5
9303 16223 3
8380 15839 2
6375 22175 8
6208 17013 2
1595 21918 6
16464 21290 6
10392 16259 1
3130 21715 4
10776 14399 8
19893 23302 3
1306 16154 4
7855 19981 6
1972 22691 6
7332 14552 7
213 24009 3
5052 11007 1
10991 22033 8
16422 19963 1
3333 17315 10
5488 13014 4
16844 21785 6
2878 12143 9
4438 23961 10
6239 6840 7
934 21809 4
1381 6977 5
901 1046 5
18004 23489 4
765 15380 8
8354 16583 4
5805 17188 2
18776 23336 2
19236 21694 9
7554 8272 8
9995 16651 5
12042 12538 7
6639 18937 7
11335 14334 10
18215 19411 10
9654 19040 10
735 21678 10
22268 23501 8
10947 14898 10
18046 23951 1
206 6647 2
15053 21366 4
5111 15366 3
12965 16233 7
53 10401 3
8201 20538 10
12055 18923 10
8695 14103 4
6577 14998 5
9936 21822 6
10202 12750 5
5594 12614 7
14052 17409 1
21574 22364 9
17525 20182 3
9460 20161 4
5976 18806 6
5869 6135 6
16647 23038 4
7958 24625 3
5392 7898 5
14043 14591 1
2200 24815 3
6039 7702 5
17101 23663 10
12047 18103 4
3224 16152 1
7337 20264 1
9580 20597 6
1116 9215 9
3635 19290 4
11752 21748 4
6908 19440 3
3789 5466 1
14461 15484 6
7748 7968 3
4394 19187 2
1276 6183 2
14235 18381 4
9352 11353 9
787 24481 3
2206 22482 6
9799 13024 6
19568 22233 1
5891 12154 1
8676 20159 4
3888 11411 1
4527 8992 9
11001 23853 3
2042 6609 1
3927 17821 7
4955 14802 7
15058 22605 6
15401 20517 6
10859 22393 6
11397 20723 9
7056 18471 2
19435 23936 2
8538 19479 4
1823 13082 7
20608 22570 6
15310 16211 5
14596 15189 1
18078 24236 8
6617 22924 2
16452 20869 5
3294 7287 7
1448 16385 7
16713 17704 4
16422 21460 9
5725 9509 5
8374 13398 1
16815 18317 7
7696 22643 10
19050 21372 1
5403 11588 2
8135 22735 2
15777 19758 7
8774 15809 2
2419 13727 5
14349 23702 7
9608 9884 2
16953 20588 5
5329 9197 8
1888 22429 10
7954 17636 4
12226 13782 3
2632 21998 8
1045 15169 9
16692 17071 6
17515 23707 10
13926 20321 3
17653 22278 5
5309 15069 6
12165 19593 6
19987 22910 5
7270 23700 10
2440 14368 6
5155 22969 4
8336 17608 7
9059 23110 10
4447 9784 8
10488 16839 3
8034 19049 9
17610 24436 10
9443 22032 4
8124 8810 8
16844 24778 8
3359 6086 7
5262 11551 10
2511 14945 8
3984 16064 7
11909 23785 5
22994 24062 10
12113 22995 2
13327 20854 6
2168 23803 3
2226 19265 9
3742 8163 9
15249 24837 8
4484 17719 7
8057 23240 8
11618 19316 7
4164 22831 9
208 4504 9
2884 21130 4
11385 23967 1
23003 23699 1
7194 13041 3
6388 13428 5
12394 13778 1
11672 15830 6
1856 18464 9
10572 18219 9
4734 22199 10
9518 9942 5
6685 9559 8
12286 14881 4
2063 21952 9
11494 11931 1
3577 9989 1
5030 18450 3
15758 20137 3
23280 23759 2
8932 21097 4
10028 10854 7
19306 23070 1
3472 9929 4
19340 20134 10
6299 21393 1
2372 17320 6
1070 10515 1
16663 23965 7
8818 11728 2
2669 5995 7
2859 12136 3
5540 13004 3
7359 7398 6
8601 13891 6
5318 10882 9
8015 21176 3
1537 13091 7
7018 24833 6
7969 12676 10
7749 17873 10
9343 14815 2
13709 18599 7
13140 20741 5
738 16701 1
15335 17426 7
9422 24496 9
1825 24964 2
12177 17507 10
12056 20308 2
3063 18243 9
11977 21804 6
8709 16899 4
8090 24266 4
19929 20479 5
16563 17358 5
15128 19216 8
5684 5904 5
14457 17444 4
5386 10247 8
26 10353 2
1075 18681 2
13241 14517 9
5054 15312 5
5492 9837 6
852 2636 5
1272 7124 4
13854 18993 2
22237 24928 5
9234 17548 4
2922 19635 3
11278 21454 2
17857 20909 7
1142 24103 7
530 9727 7
8487 20882 6
15278 23322 9
4328 21213 6
15983 23766 9
9167 12148 2
3982 10957 8
3948 21075 1
3299 20742 1
4230 20855 8
154 7575 7
2211 14174 3
17155 24272 10
647 953 9
2908 6852 3
10239 14146 10
10142 18990 2
17678 21617 1
5446 23075 10
20559 20923 7
5186 18250 10
17173 24136 7
17141 21188 2
2281 7544 1
6475 19667 2
523 6118 2
5046 14603 10
1461 4999 2
3197 5118 10
6546 14352 5
2498 17856 6
6088 19811 4
5402 24873 2
4716 18009 9
5430 8270 5
8321 12471 5
12510 14045 7
12238 23049 1
4099 12711 2
18739 22147 6
8119 15825 8
11813 22483 8
4924 8777 6
3342 11310 4
2297 9982 6
8287 22077 6
16584 17340 2
382 18172 8
3318 11940 6
11676 24388 4
8517 17678 7
7679 18643 3
586 22719 4
886 2763 5
10320 15375 3
10559 20019 10
17980 19033 2
2152 3379 7
10088 20239 2
6076 15987 4
9898 23060 2
16716 17030 5
20901 22557 2
20386 20427 1
3578 22766 3
15907 15927 10
11 5929 2
3903 5323 2
7689 9117 3
15293 17918 7
16514 22127 5
998 20837 2
13330 15610 6
1062 16984 8
1790 20958 5
8763 12998 2
4004 18396 10
10488 24337 3
9782 9978 1
22453 23387 3
17962 19543 8
2469 23638 1
16664 24407 2
1286 8005 3
11284 24785 10
17109 19639 10
17415 21930 1
1391 5353 5
9972 11756 4
14525 24916 8
3936 13857 4
8365 20397 6
14848 22626 5
13364 24483 8
3847 16057 6
18512 22796 1
513 12056 10
7433 8205 7
6266 23550 4
9876 10013 2
10905 16638 4
11084 21356 5
727 8735 3
6770 14444 7
1948 13870 8
774 22777 2
13869 15888 3
738 12958 4
9877 24336 1
1685 21880 5
13667 21007 6
990 12543 8
10624 21155 8
16436 20554 10
407 12222 2
2975 12039 5
8699 11272 6
4436 16141 6
15012 17375 3
2780 20636 1
19562 21964 9
103 9476 10
16262 23002 2
55 15345 8
1627 19702 4
868 18195 4
18020 18205 2
23638 24644 8
848 2196 7
20983 22977 1
3055 17673 10
4844 9246 8
15298 18066 6
17377 20348 1
19105 23112 2
8000 19962 8
1654 15030 4
12735 21076 4
702 24445 5
15203 21288 4
15541 16121 9
20115 21495 2
3583 11047 5
11852 22524 2
9310 18632 10
17009 23944 7
8523 23671 3
6193 23687 7
8397 15243 2
3881 9114 5
1136 14943 6
5523 17185 6
22122 23316 8
12862 24855 5
1611 8906 4
3728 11281 10
1989 20866 8
10988 12338 10
12455 20402 4
11363 23407 6
15897 21086 5
598 19822 9
3563 13219 8
4925 22872 6
1597 5105 6
19076 21507 9
1848 7164 5
21323 21496 8
4661 23399 10
1156 24354 4
7753 8969 4
2890 20024 4
1477 8973 10
2923 6477 8
1584 12595 2
12502 17371 1
793 17620 10
5519 21982 3
3462 4888 1
2922 14204 1
104 18943 9
5422 10211 10
789 11455 6
6702 10385 10
9091 12977 9
2181 6759 7
10175 23636 7
5590 22603 10
9787 18007 1
16855 17535 1
9961 10115 7
6606 11898 4
5114 6195 7
5260 20489 8
6389 22194 8
3330 6780 4
10494 16095 3
7726 18508 9
22601 24886 9
12521 16329 3
14153 17145 10
2721 15011 7
11765 12200 9
5899 11323 4
11213 21538 3
21260 22700 10
1906 21598 5
14880 21032 1
2081 15971 3
4007 12737 10
6123 17412 5
3577 11127 7
5622 15188 6
23141 24126 8
8202 18017 2
15447 20874 2
2505 12430 6
5135 18182 1
2000 6547 2
3201 15478 6
2286 21315 9
7374 24535 1
6952 7822 3
5613 21095 1
17132 21790 1
3058 24950 7
16425 16882 10
2905 17331 3
3849 11345 3
2598 9337 1
12616 16092 8
5626 19392 9
10341 17609 2
5957 9746 7
9776 15735 3
7879 24924 6
10284 12258 1
3469 7356 7
9711 19876 9
15166 15978 3
3884 4102 1
15408 18491 3
3929 6842 10
10719 15275 1
7471 7958 1
9859 15336 7
13174 24897 3
12471 20395 7
5588 16145 6
24656 24867 2
1298 3924 5
15667 16593 9
7234 20500 6
13240 15966 1
4892 22935 9
5260 23137 7
12305 21182 3
18452 24370 7
21563 23671 2
3631 21922 2
1958 12702 2
9198 13908 5
4907 13823 8
7657 13339 4
12344 23767 4
677 23063 3
7398 20030 5
8521 11971 2
17681 17839 6
23154 23543 3
8061 20339 2
19059 19114 9
14342 14924 9
10124 24639 9
13282 23080 6
2371 4587 4
5991 6396 8
1592 24967 2
10452 21974 3
5499 19815 7
6101 6133 9
3838 5033 8
8156 17303 6
9849 12178 5
10350 24977 3
13496 21716 10
15397 18574 6
6110 16974 3
4100 16713 10
15751 18111 9
3074 21274 6
12352 17005 5
12989 14094 1
3526 7456 2
6183 14496 2
6212 12033 1
8020 9041 5
20314 21954 9
14827 22624 7
18083 19662 3
3533 12289 10
2236 18877 8
2281 19145 8
19472 20778 1
22031 24079 10
9018 17868 8
20962 23832 5
19927 23749 6
3507 10773 5
13752 17817 5
14234 23468 2
3701 13487 9
2086 12641 10
2766 15664 9
10861 17035 3
10357 22883 9
20525 22571 3
3252 14634 10
18902 19776 10
16166 19426 4
5109 17112 9
11774 15286 1
10603 16197 1
3922 7098 6
20974 24187 2
6754 8255 5
12565 20950 9
2847 9312 9
15918 22159 9
14986 16616 5
3752 19632 9
2619 24885 1
7123 19393 2
1787 11144 7
15281 21462 8
10387 16657 3
19506 20478 10
10874 16568 6
6807 7911 10
14474 22703 6
7974 14112 10
8110 20172 2
4875 24712 1
8579 18327 1
1956 23927 6
5884 12999 4
20971 21613 2
5725 18944 2
9117 12211 2
11773 15625 5
12420 23431 3
13482 24363 3
2241 3239 6
15140 17223 4
5565 8399 3
6932 11451 2
3693 17194 7
12888 17745 8
10703 13592 9
1804 17337 3
1344 2869 10
1499 1687 3
4300 14410 2
9139 13481 6
11745 24700 9
8274 14659 5
15973 24673 3
8962 10924 3
1328 18477 1
11607 16363 10
5842 14053 1
10299 19673 2
8248 24061 5
3348 10996 4
11387 13016 10
5750 24372 3
16628 17243 9
1712 18268 10
8031 9394 3
16321 20481 10
2612 16815 7
22474 23435 9
4154 10144 10
4265 18680 1
6555 18170 7
12469 13566 8
11958 19149 5
1251 16130 6
19799 22995 2
478 626 9
954 4333 2
3075 4019 7
20569 20853 1
2528 6961 9
5484 19376 6
6367 11525 3
17877 18078 9
12088 12246 2
1292 7355 1
101 2497 9
2290 10872 10
2357 18485 8
4204 22516 3
19078 24988 10
17972 24695 9
7898 13262 4
5264 6142 1
857 14636 2
1260 3126 5
8436 17743 9
14459 19487 7
13777 17928 7
18216 18583 5
2967 4896 9
5913 13532 2
187 22625 5
6873 12093 1
2433 5792 3
10473 24097 7
8579 11230 6
2010 24437 3
3185 9692 5
7656 10993 1
11890 20309 7
1319 3895 3
13741 23793 3
14529 15536 4
13685 22195 9
7810 23249 2
12174 21971 4
9313 16913 1
19164 21322 6
15109 16409 7
1554 20119 6
8166 14582 7
3595 8406 8
695 3099 2
7983 17029 5
6875 17668 2
3237 21132 5
12382 24278 1
13580 14850 5
5734 9637 6
19380 20437 6
6005 6358 8
5494 14864 6
3584 5225 9
15988 24049 5
14832 24150 3
9906 21979 8
7453 13555 5
12106 12173 6
3561 18095 10
4639 11423 6
1605 2446 1
6838 24457 10
7449 15237 10
23273 23943 8
462 3145 3
18693 18767 8
16653 17505 7
6620 10269 6
7079 23697 5
12531 20781 5
1983 13909 2
11943 23426 6
1988 22391 3
568 7843 4
4851 23921 10
901 19789 10
2450 23001 9
4519 12351 2
4437 24868 4
9332 24414 1
20753 22003 2
18096 20424 2
8006 10450 4
3407 4202 8
4244 13725 7
16680 24992 2
1490 5449 10
5112 22707 4
9583 24093 1
10583 12723 1
14320 21333 8
14190 21308 5
6782 9013 6
6480 17067 2
2428 22599 7
378 8771 2
8918 23164 7
11237 21540 10
4533 14497 3
13940 17076 7
3695 24747 1
7507 9373 8
8925 22596 5
15670 20044 8
5319 12389 3
448 4982 8
17644 24260 10
4139 20097 4
1841 16202 2
92 10210 3
1981 4990 4
12078 12466 2
4879 9173 2
6632 20905 7
795 1188 1
420 14731 6
17907 24140 7
5526 23032 4
8834 12488 7
4159 23390 9
21673 22520 3
11140 11714 6
21119 23760 4
7416 23296 1
18763 22211 4
5257 22740 10
2596 16450 5
13586 20993 9
6185 9177 4
14394 17352 10
12687 16615 4
8080 16905 1
12081 24179 9
11347 22141 7
2104 4099 10
7613 20632 8
14683 20020 1
3003 22920 3
8967 9199 7
3373 19147 8
3155 23979 6
565 23222 3
4187 9521 1
4427 15798 2
726 12561 7
6084 12869 9
19463 20696 4
5727 5974 5
16276 22743 7
10259 24529 1
10328 23347 7
362 11820 7
4740 13644 5
8493 21240 7
4862 23768 6
8478 12786 4
7732 11591 6
3509 9037 6
4755 9910 4
5270 17762 8
6138 11076 6
11607 20985 7
2503 2544 4
20463 22592 8
18466 23122 1
11726 23747 3
12244 17073 3
6902 10458 5
5812 10091 1
12428 24408 1
13801 15925 3
21750 22654 4
3243 15052 9
6865 21303 3
14220 23576 8
132 11734 3
11184 15013 1
20790 22775 8
4727 11531 8
13956 19114 1
4843 22795 5
2249 21227 4
11430 16789 7
4167 23597 3
6992 22315 8
15844 23698 8
3582 9230 10
6693 11136 6
22420 23131 1
12957 21950 10
1476 16825 2
208 2061 4
2668 11200 4
7482 8882 3
3915 15637 8
1682 24330 5
8353 15092 5
4691 13198 1
2164 12584 7
2247 14361 3
2231 10110 9
1411 16338 9
2423 3995 5
12225 22020 9
1660 21929 10
3331 18401 1
69 20177 2
15950 22920 10
3191 21674 6
12684 18024 9
2173 4823 9
8446 11775 6
1539 2726 5
3506 7313 2
4708 10230 1
5003 9065 2
5484 5808 10
12721 23727 8
7763 14191 7
1371 15500 6
5257 10338 3
5145 21012 6
2404 4130 9
517 18989 1
5376 18006 1
9019 15651 7
17934 19004 7
11121 19544 7
9186 23804 6
6951 19159 3
21206 21984 6
1597 22828 7
1459 13233 1
8277 8949 3
19922 21869 3
6185 23739 1
13549 15131 3
4261 9203 3
5322 7174 7
11904 23353 5
2904 19797 7
1430 1444 7
1127 19228 6
5825 8815 4
12792 22791 7
10958 11131 3
11060 12613 2
6288 19162 10
9994 19447 5
5883 8665 6
13674 20445 9
663 9852 6
584 10517 7
12761 18092 10
9068 24289 10
12185 23608 10
233 8775 4
8318 12446 5
15649 23169 9
10576 19146 10
7973 17405 2
3158 19499 7
3680 8397 7
19122 22506 4
1190 21248 8
10149 15820 1
14337 23334 1
6257 16299 8
17087 19949 2
7572 9627 10
586 2917 9
6671 15750 5
5196 12311 7
3079 7008 9
6808 8090 2
4004 20215 4
19955 24829 7
10614 20697 10
12799 19182 10
780 24171 7
20521 24823 4
2624 17973 4
1332 10601 1
7798 11274 5
3993 16119 5
19200 21316 8
4166 4869 4
3223 19179 2
13326 20944 3
11246 17569 5
6758 15470 10
5792 16712 3
8483 10160 7
212 10764 10
18515 23410 1
728 6010 2
3 16474 5
22006 22144 3
22894 23958 4
9219 10904 1
847 9173 9
7927 23118 1
5209 10248 5
11594 13156 9
7211 15988 8
1290 11781 1
8395 21754 3
4188 10372 5
2518 24138 10
611 14899 10
4320 12136 7
17582 17708 6
11148 20037 8
14196 14372 2
5361 16063 2
13618 19930 6
18169 22306 7
13388 21833 5
8907 10023 7
19207 23736 7
14979 18241 2
1662 11017 10
3758 18376 1
9959 18870 10
12939 14335 2
12196 12541 10
9745 21138 2
14008 24537 7
9324 22685 8
899 7588 3
14828 23919 5
16196 24005 3
13695 17026 4
7938 21610 1
13981 18598 9
7253 8680 4
4908 6677 3
10801 15991 3
5621 11129 5
7969 20961 3
5721 22527 9
2695 6591 3
12162 22281 4
4312 9103 4
1302 2931 5
4036 23647 7
646 10740 4
3839 21463 6
20616 20696 4
6504 17874 9
394 15177 2
5765 19621 9
5937 15250 2
9509 12009 1
6411 24890 1
5022 19966 1
3323 12125 8
20435 22203 2
15677 21330 6
14801 23580 9
21589 24442 3
4615 20281 3
6315 16606 2
9971 18596 4
7398 12800 5
1801 21498 1
2389 19921 6
2644 3917 5
11912 16627 6
3486 17421 8
19451 20135 6
13432 23449 3
12448 17618 8
4735 10886 7
7022 23626 6
2078 21993 3
6913 23163 4
11215 20479 6
16366 16574 1
23987 24523 10
2350 6349 7
10331 23384 5
2425 18814 1
21056 23126 6
1692 23087 1
17691 21082 1
4033 14246 6
3013 18586 1
4016 5786 5
4440 17216 7
351 5473 5
3740 8177 3
14397 19701 1
2224 16700 8
3263 17821 5
6441 20319 5
14533 21844 7
19597 22048 10
7035 7963 1
9269 13874 1
1922 7586 9
12373 18213 10
13138 17678 1
13307 16290 10
10578 13152 9
7160 10627 4
10131 19255 9
18064 18793 2
1666 20507 6
1020 3642 1
4024 5574 4
653 5618 5
5177 9474 2
10288 22148 8
20737 22094 8
5799 17313 1
5589 13194 2
15550 19329 7
7262 12922 8
748 5743 9
19908 20256 8
129 24856 9
10413 17134 6
14075 19533 8
959 16935 5
773 14655 6
25 5881 6
1409 23668 10
15810 22037 10
4712 23627 3
18395 23020 10
7143 12720 1
7076 17859 9
23091 23377 2
3988 23248 5
3236 20696 6
12605 18635 9
2344 4298 5
2514 15886 9
5445 23869 9
9607 11705 9
12264 14308 10
1875 5361 7
10240 24831 4
4313 7509 3
19900 20952 4
5625 23540 5
43 5639 5
3716 19509 4
4931 16681 8
14438 18176 2
10901 14814 7
16945 20471 3
12152 23692 6
861 17855 2
12319 22685 3
12464 24840 3
5886 21756 6
17014 18239 1
228 20957 9
9636 13905 3
3410 6167 2
7162 23255 1
16618 22930 5
10415 15959 5
5023 13178 9
1167 13203 6
6488 23200 9
13636 16968 8
88 17378 7
4400 8295 7
5143 15219 8
7354 14221 3
4294 21881 8
18846 22599 2
15879 24083 3
4609 10374 1
15328 18351 9
5398 23130 4
23702 24794 10
3478 9345 7
4366 20750 7
12255 13444 9
187 19241 9
15078 22103 6
1775 1919 5
17196 22055 5
4542 9069 2
20167 21115 3
16468 18471 6
1656 23051 2
13616 17493 9
15260 24201 9
3756 23089 2
3954 12754 4
7207 24962 9
11717 21313 3
329 24696 3
3723 16182 9
9072 11587 7
19740 20707 5
9967 21286 8
10193 17077 4
1102 14954 6
1405 17662 6
11416 19552 8
9746 12928 1
6690 18915 10
13786 15276 1
12890 15174 9
11257 15769 1
1348 16140 5
461 13672 5
13133 24968 4
13349 13861 5
3273 3722 4
3005 18815 5
9528 12813 5
9803 10803 4
10097 20668 5
11737 13930 2
11851 20703 10
15429 18880 8
4224 14946 9
6426 18427 8
7655 23611 5
9208 12477 1
1709 21074 2
19485 20025 5
10456 18105 2
2699 5015 1
2345 4067 3
6640 7482 9
234 20227 3
16136 20586 10
3991 24241 6
8953 10842 3
11703 18374 8
11870 13114 4
3715 18816 8
11431 21887 7
466 16069 1
13941 20221 3
6941 18719 2
235 24404 7
20572 20665 2
1279 19115 2
14766 17950 5
3091 3444 6
1038 20016 8
6254 8438 8
2599 19456 5
9713 16143 7
2916 21951 1
381 21448 1
13093 18887 10
9709 24041 8
4075 16107 5
2942 8270 10
5517 7573 5
20134 23040 5
12206 21211 5
7126 23875 4
486 21569 2
22162 23763 8
12731 22320 8
10913 12274 1
2949 24672 2
886 15815 7
2433 18670 10
9896 16897 7
4724 18678 3
2050 6679 7
4438 7606 10
3786 15007 10
1794 22738 3
3483 21639 1
1189 17811 9
19203 19295 7
14253 24340 4
5578 17297 5
16317 24593 8
9211 13358 5
14410 15349 6
739 6560 2
2224 9498 4
13887 20391 5
19964 21663 4
22545 22916 7
16280 22051 7
3611 8155 3
21067 21553 4
10013 20270 3
565 13108 10
7962 15107 10
3144 5457 7
3632 11640 10
13935 18263 3
3047 8484 4
18473 23571 10
17095 17833 10
15492 22809 5
245 3921 9
3813 20892 4
10406 18692 4
6603 24661 1
3927 9267 10
5241 6753 10
6595 23778 3
16566 16924 3
11245 20417 7
16535 19767 3
7001 12123 7
14808 21591 6
8097 13476 5
12962 14252 1
14341 24166 9
9385 24181 8
5555 6893 9
14306 23992 3
4918 20727 2
6360 19150 2
11785 22893 1
9655 17990 1
2549 16690 7
2454 14531 9
5005 6601 1
5117 7072 6
11345 23972 6
6983 8804 7
11704 12553 4
993 15333 8
15105 21963 1
5437 10909 2
17021 21692 7
8176 22697 2
6032 6320 5
7534 18374 2
7377 8855 8
4092 22082 1
10097 13844 9
12759 15784 9
4013 5064 2
3262 4993 3
11860 17835 10
11596 24380 2
11396 18714 7
292 7739 1
12390 20448 1
13236 21364 7
1666 20979 4
2803 23889 1
7505 19098 10
11166 13093 4
8485 19574 3
19741 21611 1
13439 17553 6
4456 10717 10
5670 10137 4
13717 13842 5
6449 21427 3
10128 18221 1
4647 13894 9
1423 4997 4
2298 15185 3
10845 22300 9
9333 20222 5
10194 24107 5
5419 21551 2
18417 24030 5
4349 16244 7
3781 20841 2
461 15994 3
12991 22861 6
12908 18799 2
9569 15258 7
9444 20577 8
12360 20087 5
301 5377 1
14885 21744 8
13068 16326 7
16890 18022 3
18828 22603 4
6052 12896 3
15899 19351 9
11002 17353 7
2068 20462 1
2481 3667 5
4612 14644 8
18625 19873 9
2927 9257 6
2248 5934 1
752 10507 1
4249 18843 4
14411 24195 6
6079 12757 10
3619 19217 10
13134 23276 10
5359 17149 5
359 6986 5
9498 22081 5
3308 6207 1
1625 22252 9
21380 23854 8
5173 18432 3
11859 17177 4
320 24397 2
11099 18026 5
2166 14613 2
5896 13248 8
7853 23912 3
5501 16938 4
9923 17666 3
10622 13253 2
8023 23926 10
843 15688 2
775 10329 6
22008 24920 2
9850 10016 3
15044 24036 1
7820 20240 1
21698 22451 8
9417 10623 3
10992 22059 4
2008 8172 8
19673 23395 6
3860 4987 3
17118 18109 7
1155 9234 4
12120 13173 4
2158 15103 2
4643 8854 5
3032 11666 3
4215 20225 2
11951 24508 7
10996 18001 7
1889 15306 4
9219 12409 8
2050 17560 3
11801 18135 1
4934 8562 3
5944 24368 1
12097 16836 9
1431 8587 3
3746 20313 5
6800 18442 3
13503 18623 8
538 7226 8
6577 10744 10
16680 20580 8
9873 18441 2
8670 23226 9
6478 24367 2
2858 4665 6
12478 15904 8
4929 16368 1
22401 23888 5
14468 21008 7
8646 19674 2
5888 17484 1
7318 23047 3
12147 23505 2
12370 14460 2
9873 12445 2
15205 21800 7
3883 5516 5
4685 6137 3
2807 15887 3
1841 13716 10
9244 16352 6
3826 8026 3
1087 22708 6
4689 18777 3
12207 14103 10
2396 12732 1
6083 15178 8
19133 19219 2
4036 22585 1
12440 15805 10
16426 19404 8
161 13551 9
1951 13221 1
10343 23823 7
4125 10390 4
9555 15423 2
6168 13861 10
2395 7038 2
2364 6435 6
8085 8711 8
7104 21610 5
5137 19874 4
981 22238 6
9513 17837 10
590 10584 10
3168 5477 6
17450 19000 8
6457 12410 7
1677 2300 6
1514 5627 3
3818 24377 5
4308 17399 10
2533 7065 2
15473 24986 10
1423 18683 1
14627 22438 3
114 17253 3
9202 16376 1
10348 10603 10
12228 24810 1
673 21175 6
5345 12993 7
18907 23821 10
6664 20124 7
18458 21845 1
5666 8518 8
13982 17342 9
3738 23650 5
6817 7309 10
2938 4663 5
3274 18662 3
7961 8055 6
15933 24509 1
10788 14370 4
9830 11501 9
9618 18704 2
188 20334 4
7682 18914 7
17390 22789 3
4079 5636 1
300 2694 3
6674 10753 7
3896 18155 8
3639 11957 7
6922 12369 7
392 4450 3
9674 22163 8
19591 24233 1
12475 16157 8
8383 8452 8
3771 24250 2
12134 19582 8
15654 24467 7
7418 24381 6
20119 24202 2
4292 21150 6
19713 23983 7
3523 21420 5
17713 17723 10
1600 15712 5
9229 9314 6
1293 11511 9
4121 17615 8
11281 11937 10
5165 7553 4
3923 10152 8
404 3906 1
4021 16787 9
18232 24923 1
1789 10191 7
9900 11444 10
6387 10945 4
472 9644 8
8322 17017 9
1571 14595 4
5231 7256 7
14936 20610 2
7111 24822 1
1019 17751 9
8558 12715 5
5677 17362 7
4176 24636 2
7994 23343 6
3949 4208 9
16484 24060 9
5814 18568 7
2370 15377 3
15899 22882 1
7282 10992 6
4156 21178 3
2523 15012 7
16163 17414 5
15318 21396 5
3588 19445 6
16762 21528 1
264 24348 7
10598 12516 4
1360 16450 4
9500 22562 2
867 18765 8
2130 18345 4
12381 23564 8
2212 11603 5
4444 4628 1
3123 17802 9
10491 24338 3
2233 6248 8
5332 7448 6
6909 11980 9
205 5773 2
12891 20272 7
7238 17429 2
4528 7154 4
7863 12242 2
3840 9163 6
2095 19692 3
2502 9943 10
8002 19931 2
5912 15682 2
9147 18828 1
3117 19397 6
9667 19201 6
20895 23903 9
10824 15578 6
383 8564 7
12853 22020 5
24026 24290 2
13001 19361 8
3480 20121 10
15746 21482 7
2717 12195 4
3343 22417 3
10070 24947 9
5325 8156 1
16099 20261 4
209 2419 6
11503 20306 10
12937 23605 8
6837 17637 9
8862 18959 1
4445 16753 8
17326 22131 4
447 11567 3
10528 24740 3
23197 23304 10
498 10420 7
8838 17702 1
1896 10324 5
18353 22703 10
16425 16666 1
1791 4286 3
16627 24866 3
19388 21599 5
11077 21092 9
3872 7406 2
23234 23350 4
14766 22149 3
16178 16554 9
4801 22850 10
6579 11885 10
915 1575 2
3556 17661 6
9704 11642 4
14475 14933 10
1924 3987 10
3309 9031 10
8105 13485 5
5048 8709 5
15527 24263 2
10871 19418 2
22556 23774 5
6699 20598 6
13396 19641 5
2647 3723 8
5200 24050 7
14476 19529 1
1938 21287 10
5853 23163 3
6643 18301 7
3958 10706 5
2210 24346 3
7843 10864 10
6984 10474 8
5520 16100 3
13730 15562 6
8500 18201 9
13468 21185 9
8769 9479 2
2772 9086 8
2426 14264 6
12243 13866 3
13251 18479 2
14951 18056 2
11725 11878 7
15700 16988 3
2215 18321 1
10083 12180 4
1595 4800 7
3380 7243 6
5214 20622 4
1407 23783 3
3862 14735 6
19410 21792 2
1771 14830 7
366 697 6
11687 22737 9
14623 17239 3
4557 6398 8
5519 20735 10
10283 19303 4
955 23519 5
823 21327 7
638 8307 2
1564 17555 5
10223 11638 5
11185 14245 1
16796 17246 10
2202 3691 10
1630 19025 5
6811 11425 2
9631 14788 6
3268 21690 3
6924 13761 2
4941 8490 2
4999 17273 5
9144 17688 6
11915 22454 9
17975 18011 2
21760 22509 5
9272 19940 8
20293 23754 1
6410 11275 5
6249 14049 8
297 19470 10
7491 11496 8
8566 9902 2
12437 24352 5
13068 13539 7
22214 23634 4
6914 17568 2
10717 15754 8
15106 17344 7
3808 23527 8
1670 7300 10
16179 20845 10
2736 16003 9
15348 17063 10
21541 21968 4
8411 16987 3
1252 14390 8
1550 24251 10
12417 21745 6
8825 14001 1
468 11710 5
4780 22151 5
16680 22392 2
12116 13104 4
1528 20137 1
128 15455 6
17450 23446 7
11415 24271 10
4323 18498 7
3495 7362 9
20131 20394 6
14867 16410 4
6585 17242 10
14629 17424 8
14518 22945 3
1813 15296 3
4614 15171 2
7863 23529 9
15130 24319 9
9271 13873 5
5530 18872 10
13934 16159 6
10451 17994 8
3606 24168 7
1980 20703 4
12696 20370 3
8635 21034 8
12644 19324 7
4432 5400 8
6515 13336 2
9994 14122 1
3162 18853 6
13487 17597 4
11572 15100 4
859 14537 7
8202 16510 8
18024 23456 4
8062 17530 1
12785 24086 3
15028 24287 2
1932 7660 2
8492 15474 3
9538 9953 1
9081 9960 3
7207 23932 9
8389 24763 9
10147 23900 10
11935 24362 4
103 20594 1
19051 19360 10
20561 23493 6
7700 23532 9
2341 8505 3
3222 3549 5
11654 19997 2
9047 15563 10
7279 19814 2
10317 15175 9
3181 22963 4
9001 14743 5
20701 22587 7
5088 21913 2
580 20396 8
7414 20431 5
16297 19969 2
3911 20138 7
252 999 9
21416 24664 7
11919 13124 7
11330 12808 7
6842 16912 8
7203 19673 9
9300 13301 4
14781 15889 1
12233 18723 5
17227 19706 9
9512 10318 10
16144 17168 5
14490 23434 4
1443 20172 4
3655 22217 3
7575 9930 1
18526 21083 8
12595 22427 9
14243 17271 10
18248 20863 5
12808 19854 5
7285 12554 10
12263 19972 2
2308 11528 10
21925 22751 6
2530 8312 2
4171 17729 9
3194 21942 7
15108 24990 9
13291 24924 2
6240 17552 3
6409 16755 10
15431 17325 5
2615 24809 7
10273 12079 4
865 14617 8
4883 13744 5
1050 6166 1
12546 20042 8
11795 12665 5
23030 23204 5
622 12907 6
15220 24382 4
1239 15521 5
13332 23884 5
23588 23752 10
8344 19549 4
4185 22681 3
1265 23870 3
22575 23299 10
18363 19223 1
15672 24794 9
6081 19825 7
1921 3976 7
5042 6244 1
8034 23238 10
6235 12178 4
9633 12987 8
7574 20605 8
10343 12183 5
16551 24683 8
7460 17371 5
17116 24750 2
1897 16847 7
12074 12224 6
15313 15440 2
8096 9912 4
13743 24222 1
11073 19877 10
11363 20777 1
6060 17687 10
17458 18352 2
3985 9434 3
20827 22297 3
885 19874 5
16604 22780 1
2045 18166 4
11976 19841 1
2241 21430 8
14516 19094 7
3650 15479 4
12493 22120 10
10654 18537 2
1485 11044 10
2353 5440 2
4617 18547 7
4059 9610 3
18923 23246 2
4204 15412 4
22308 24306 10
2577 2935 3
2393 5643 4
14676 24068 10
23971 24174 10
7151 7379 6
8824 15646 5
24579 24737 6
7067 8183 1
583 16793 10
2580 13199 10
5759 16767 3
15831 20923 8
12716 18981 8
9046 12770 8
14016 20379 6
4368 23188 5
10771 24224 7
13323 16614 3
7895 9595 2
12529 23562 9
14344 24586 10
543 7708 3
4799 22982 1
7526 19612 5
22481 22802 8
11715 24220 1
569 12640 1
19585 24430 2
8300 20820 5
18386 22907 9
1063 21648 4
7003 22278 10
3911 7776 7
1435 16553 7
10999 20926 8
1424 15782 9
19230 21416 1
10550 10752 4
378 12588 9
4579 14305 3
20761 24634 4
1282 23464 9
16718 24226 6
15319 20399 10
9954 24489 1
438 5356 10
10973 14980 8
4186 7476 7
16 2944 10
6160 20541 7
4019 6431 1
10392 19686 2
7020 15616 7
148 1668 7
10626 12212 10
16053 16853 4
1610 18201 3
9278 14139 4
15911 23610 9
3552 24440 5
5550 21439 7
20852 22490 3
6810 22200 10
4162 23116 2
9064 14976 6
14540 21731 9
7706 9080 3
267 22085 3
434 7720 2
8625 17690 3
4371 11589 2
7608 15843 6
12258 22070 7
8311 23455 5
3183 9055 7
16366 20823 1
4828 21503 3
8414 15319 9
5291 14840 5
5374 7479 5
8176 11965 9
6765 17072 9
18789 24230 9
18575 19160 9
10040 22530 1
13701 21052 10
5916 8601 6
10738 12098 6
191 14507 2
1123 18818 9
6170 22500 2
14310 24836 9
11056 13662 1
12238 14214 9
3344 11189 5
12880 21501 7
8253 22014 6
18411 21127 10
12118 19772 9
10001 18580 4
6977 13772 8
13229 22733 10
1279 23684 4
11344 21344 3
5812 6187 9
573 10525 1
6551 12511 6
5338 6825 8
2760 13005 5
12770 16830 7
12190 15662 2
15561 20361 5
13562 23659 7
1507 24181 3
11988 18986 9
3888 22551 5
3078 3542 8
2991 24892 1
10282 24692 6
22241 23800 3
8416 8576 6
14476 16322 3
5040 6423 8
2384 17591 4
4090 9994 4
2989 23090 7
5652 18589 1
15737 18261 4
1532 4882 10
9756 19186 6
769 11266 2
18786 19002 9
710 23877 1
6101 22366 7
763 782 1
3095 6051 8
2386 20628 4
20106 21980 3
14619 16164 10
8326 24685 4
17580 24524 2
7499 18608 4
4061 17511 4
9338 16816 2
1835 23386 8
9319 21138 8
2287 22516 1
15160 15181 6
8853 12848 9
4399 6964 4
7216 9039 7
3273 3443 5
2964 16749 3
448 7402 2
654 2906 4
4386 23345 7
1571 19671 7
8142 19220 5
13167 13261 9
12777 14272 9
15196 22819 7
14333 24303 10
4062 13040 10
8275 13202 1
6496 17538 1
12111 19141 2
6930 7254 7
13966 14467 7
5360 10968 1
8511 19938 7
23238 23371 1
17693 18768 5
11251 14066 4
14387 18711 9
5247 20863 7
11838 23950 4
2809 17576 1
15522 24021 8
12539 21027 6
16956 24785 1
2221 14680 1
14907 19399 9
1939 11221 1
13453 17624 7
10166 17345 3
17017 23389 7
724 14012 5
22587 24668 7
16470 20288 9
8112 18538 10
4445 19925 4
9552 20239 10
1892 23084 9
3428 14985 7
13130 22023 10
1012 19235 2
13457 24391 8
4544 5362 5
3385 23914 7
770 23487 8
8823 12658 7
5604 12489 7
9157 17496 7
10326 13065 7
12380 18903 3
4726 15016 5
18163 18379 3
2114 22741 6
16381 22778 4
7274 17933 10
9593 15472 3
15856 19242 10
11042 18183 2
7998 21177 1
6443 21359 2
3748 10655 2
1442 4818 4
6194 11981 3
3220 8079 3
11620 13810 10
12005 18638 1
2283 20381 1
4194 9714 6
9055 21506 8
1566 5894 4
3020 6856 9
9623 21099 5
16965 18617 8
9729 22692 7
9133 19852 2
5421 9650 4
432 7486 9
19337 20816 8
5608 12208 5
6018 8006 9
91 10785 7
2741 3791 2
8444 22526 10
17574 19717 1
10418 10895 2
8771 13540 5
16541 19162 10
16395 24441 5
9760 23772 7
15079 16849 2
3169 24748 9
12711 22263 8
1753 12950 8
7474 11194 7
13471 14956 6
3450 10976 8
12747 17696 6
15729 19155 2
7784 14318 7
1056 10293 9
1846 24205 10
2720 12756 5
792 8515 2
14965 23826 7
9989 17282 4
15037 17546 5
5499 6031 8
8345 9112 10
10890 17261 8
2791 11979 8
2358 13630 1
19606 21584 6
10539 17485 4
4175 23058 3
2791 14677 8
6191 9550 4
21867 23343 2
14256 21536 2
1044 11941 6
8720 15226 1
9449 11584 3
7341 23152 6
4251 22152 5
8995 13362 4
4594 24929 1
10073 16128 1
4467 14066 6
22729 24934 3
433 24000 9
11745 15608 1
9205 13454 4
10357 17334 5
16556 18222 6
9356 13631 10
4245 11910 7
13733 19961 10
21805 22219 2
4289 8470 4
4660 17010 7
9570 12827 1
10978 18227 10
312 8560 8
1996 24645 6
18548 22886 8
5902 14674 2
11864 17756 9
3281 20577 6
556 9861 8
4161 15044 8
15354 19599 1
10462 12807 1
7301 11538 4
2672 23368 1
5454 24979 9
4897 7748 1
2477 13870 9
3149 11349 2
2525 2558 5
4352 4490 9
6965 7274 1
7271 23133 2
16055 16869 2
21102 22073 2
12094 24770 9
9327 10090 10
1923 21575 1
4511 5545 9
5578 6141 7
23050 24194 7
13423 24955 9
9802 14074 2
1644 5123 10
10213 22818 9
17432 21086 3
21406 24486 8
960 19205 2
995 5208 7
15236 19747 1
13247 15453 6
1972 17100 7
3433 9160 8
6692 20208 2
19291 23656 4
6895 9145 1
5290 18757 10
2041 3865 3
2095 16407 2
17686 19229 3
1542 17805 1
6792 24042 5
962 4573 6
10963 11998 2
2465 13877 6
3848 15768 8
15747 17037 5
3706 10833 10
6342 11519 7
18889 22172 10
258 18286 2
2569 11486 1
22419 24630 4
6424 22300 5
5243 17208 10
11078 17556 1
3080 18931 7
807 15321 9
2714 16370 7
1598 9762 3
7193 13787 2
19534 24848 2
11258 19457 8
10477 22809 6
873 6116 6
16292 24817 4
5188 5692 8
7789 8607 6
8999 15483 1
6614 19350 10
5224 18283 5
902 4163 10
11120 17545 5
1604 18320 5
23856 24124 8
21582 23778 10
10779 18127 7
4707 11654 5
1819 22072 6
1219 22944 4
6068 18725 10
4984 20249 3
15558 19061 8
22234 23886 6
10081 13477 2
2135 20786 6
15840 16510 3
8092 22065 8
11959 17449 5
14430 17027 2
7318 12361 6
20521 24325 3
10679 20067 8
12050 19161 5
9169 23036 4
2315 15713 2
9458 12718 1
21237 21548 1
13687 15086 5
16765 19251 9
10685 11610 9
7967 20623 9
5508 20023 7
11128 20586 1
8600 20514 1
18760 23157 2
4448 8017 8
4246 4443 6
4000 17392 6
140 18391 7
12698 17260 10
11722 22423 10
8788 13394 10
14179 20088 4
3024 13537 2
7944 12856 2
7350 10467 2
16962 22847 2
21937 23385 5
444 18927 5
21259 24816 2
21417 23764 1
2132 10107 2
10256 24462 6
15892 22723 3
15026 20792 1
936 22507 4
8776 19841 7
1535 12200 3
3997 21162 5
5714 14330 3
5177 14280 1
17048 23599 1
753 4668 7
4943 24072 3
17714 19667 7
2060 17697 4
14078 18721 4
2727 8919 10
7208 11724 3
5241 9497 4
10305 19617 1
1483 11936 7
8268 11347 5
833 9554 2
1453 2555 4
13442 20967 10
12797 24256 8
6422 22762 3
17080 22371 5
9831 20616 2
3671 16517 6
11122 23773 4
5083 7988 9
1453 6023 5
4805 19227 10
15732 19561 9
6781 18053 5
17017 23925 8
18392 20789 9
379 20250 7
13350 16723 1
1864 23518 6
9129 24923 10
3626 5433 3
14567 20924 2
4239 5732 2
3778 3873 8
6116 17643 7
16044 24229 2
17040 17090 4
393 4581 9
5311 13664 7
19222 20518 10
16631 18576 4
3797 7157 7
325 17592 9
11294 12251 10
8034 8571 1
7881 19745 3
108 8943 4
12822 14117 6
1906 23205 9
7850 20618 3
6448 15383 6
6740 11172 8
8122 23941 5
5533 9077 6
14886 23557 3
8441 13424 5
11487 22836 7
4940 6185 3
13153 22503 10
18603 19377 10
15339 20851 5
9142 14238 1
12119 16526 2
1605 20234 4
9728 16479 9
551 18795 9
11134 17593 9
16259 21108 4
5741 22500 5
14881 18686 10
10557 16817 5
2443 4807 8
2666 15238 9
10405 14827 2
19018 21446 6
15901 23813 4
16109 19760 2
21131 21626 3
16253 17654 1
2413 8549 8
19367 23156 7
3626 10682 1
9379 13300 4
5077 12158 1
4658 13552 5
16491 17075 1
14844 19837 10
11130 18155 7
15300 17518 2
1107 7431 2
10715 17288 2
11392 13415 4
2528 8659 9
13678 18616 3
21242 22191 4
3246 24827 10
2622 5800 2
12712 24132 7
1722 11715 3
12966 23054 10
1125 22243 3
5071 5700 9
577 20051 2
1063 14574 2
11262 24010 2
37 1170 10
3048 15425 3
3810 22415 6
4655 20575 4
16227 24469 7
989 7273 6
2443 20056 7
1126 12919 4
9714 18447 7
20095 24827 10
21031 24306 4
8963 16235 2
10045 15503 7
4046 7922 8
3284 3356 2
9170 20673 1
4476 11989 2
1080 15955 9
5837 21816 10
21036 21814 2
10204 12625 4
2273 6351 5
7429 18520 1
6716 15880 7
180 22747 3
3840 24108 3
7782 8640 10
6109 7331 5
6391 6570 5
15528 23569 1
2474 24499 4
11708 20234 8
6180 12189 6
2981 9995 9
7778 10302 9
12553 21999 6
9996 21647 3
834 18589 8
11257 24594 8
9578 24110 1
8033 18781 9
1931 2575 2
11376 21268 5
14266 21894 4
17087 23539 3
13884 18452 5
19834 20396 2
5419 9581 10
794 11625 9
18713 22201 7
10503 17825 6
12068 19036 3
2804 21138 8
3379 24852 4
14689 16527 3
1069 24360 3
16675 20134 4
8614 23287 9
7156 7800 8
5834 13446 6
14849 19298 8
21587 22422 5
2994 22389 10
68 14202 6
781 16103 1
4104 23029 10
2799 6618 10
15591 18476 5
3457 21244 9
15916 20568 5
6310 16379 2
2043 23339 5
2103 6724 5
10177 24687 2
4229 18979 1
316 11990 5
5785 17523 8
2629 20553 6
1153 17082 8
8592 11949 2
12567 17135 8
3833 22988 9
13325 21926 8
5472 11971 6
9788 18318 5
4849 23517 6
114 24869 8
8755 17765 5
4696 9628 7
16505 21538 6
4621 20438 2
4268 24797 4
15533 24518 6
370 752 4
4810 13578 7
13703 16356 6
5350 11357 7
7011 22521 6
10504 21130 1
9344 23806 10
16149 19393 4
5343 24896 6
1570 9473 9
7293 10133 8
520 2651 8
23327 24065 4
20828 24575 9
9944 16689 4
3973 12468 1
9174 10276 8
8003 14457 5
10746 24312 5
17018 24279 4
9499 23639 6
4638 24871 10
13230 17385 7
6769 22785 4
349 5324 7
488 708 9
3593 17374 9
9742 22277 2
16150 19216 1
17765 22343 3
19840 22329 9
784 10582 6
15334 19019 7
16567 20835 8
656 15416 4
5084 15403 9
16906 23968 6
2912 23143 10
6981 24209 1
7439 9766 7
19975 23934 10
3156 7807 7
5206 24129 8
18790 23808 10
12636 14908 5
10254 12249 5
547 18661 10
4163 18100 3
10215 14699 1
3167 12459 3
2576 21098 6
10532 11571 9
18327 19710 8
18197 19064 10
12157 13118 4
4315 24024 10
5069 16819 6
2436 6723 9
20242 23418 3
4758 19770 6
335 22483 2
9555 22650 5
10898 18845 7
1455 2760 3
1552 16764 8
482 5770 6
11660 21692 10
818 16249 10
4721 5992 7
18932 22607 4
17917 24285 4
1861 9918 5
13357 18410 7
9130 21703 2
2540 22506 3
16467 21370 8
14486 21132 9
6645 9810 3
2779 19849 3
12797 22564 9
2032 11956 5
20742 23855 6
7273 8519 6
15522 24252 3
3490 17096 6
74 7317 6
13538 24102 1
17418 21619 10
2571 10262 3
5487 8723 6
19862 22906 4
851 1503 5
2214 2581 7
11955 20083 5
4778 20005 5
3972 4259 7
7397 17532 7
10980 16772 8
6777 11617 8
667 11552 8
9698 21752 7
9293 22609 5
10938 13453 10
12297 23376 5
15220 22667 5
2889 14547 3
12528 20750 4
4616 18071 3
7839 18282 8
7590 24067 6
1770 21852 4
4569 7960 5
16073 24004 3
11718 21831 5
2078 9453 3
5141 10598 7
9391 18512 3
11393 16959 7
13010 16361 6
6206 7821 4
1001 2289 2
6593 19875 6
12902 15087 7
3228 22676 1
8101 21292 1
8426 17675 2
11669 19365 10
7143 9532 2
18203 23596 4
6200 8083 9
10647 22783 10
1756 19588 1
1695 3812 6
12524 14510 10
11099 24772 8
10038 11119 8
4611 6225 5
4547 22076 3
9863 17092 2
207 18187 1
6370 9481 1
1920 6010 5
1538 14929 1
23193 24145 6
6330 12544 6
23253 24873 2
5856 24952 1
9033 12326 10
13961 15389 7
1740 2835 9
534 11782 6
3926 19176 6
9374 9976 4
6503 16992 10
10421 23332 2
4125 14917 9
16117 24995 2
7704 13775 6
3820 13216 3
1459 17680 7
7610 16549 3
5439 18621 4
17368 23159 3
18926 20043 6
5500 24878 3
16606 19477 6
5782 5968 4
16930 21077 1
10375 10596 1
8578 23633 8
1099 2153 3
10400 18107 4
2582 16720 9
1655 20751 8
5596 16040 6
8577 19007 4
9908 19086 8
5606 22342 2
191 1339 1
4997 24075 4
11681 18697 10
9806 11435 5
3747 5744 3
4206 18133 5
1141 7529 2
15998 19474 7
10002 19020 4
16851 20182 8
22489 23024 7
2296 22921 7
11012 22870 6
14870 17428 7
15495 22591 4
2112 23631 5
8477 22134 5
8114 11474 1
7150 24783 3
190 21640 5
2342 9502 10
1257 20286 10
4394 8582 7
1822 3694 5
10721 24880 8
6216 12090 9
8336 21902 8
4923 21287 3
12755 20776 8
6531 23802 6
232 24450 5
6905 11945 4
16108 20718 1
1995 6775 5
18744 22906 3
11380 21456 5
981 3566 8
3502 10435 9
5415 11478 4
278 16896 3
744 22632 9
9014 21991 6
12428 15615 7
9764 21520 2
17420 24294 1
8281 12083 2
3975 4302 2
17208 21657 9
19901 21474 4
2212 9058 6
12153 14938 8
18167 18455 5
9457 17580 3
20552 21672 8
12866 18521 9
22043 23380 1
11399 13182 6
14454 18715 5
3415 12076 3
4331 15436 8
7695 23011 6
11497 15163 4
5277 6015 6
9226 16659 1
13450 18204 2
7540 14748 8
18587 22851 6
10276 24805 3
18398 23440 3
16345 19143 5
1368 15802 4
2004 3676 8
4492 17740 5
15601 18376 2
14216 20715 2
14471 21320 3
742 7691 1
453 17084 4
4606 10791 9
19519 20660 10
4074 16999 9
3683 16696 5
6576 22110 2
12314 22603 9
4072 12412 2
12451 14437 9
7628 11498 9
2199 15900 8
4561 18717 5
754 23239 10
11679 22912 8
18065 23482 5
5128 13847 2
690 15379 6
5168 13731 10
17442 20706 8
18416 24490 7
15473 18873 10
1810 7392 9
10028 17663 2
29 5703 8
3601 17669 8
18933 21732 4
12357 16730 1
19604 22258 9
11304 19883 10
7102 21687 4
11116 13005 6
19963 23043 8
10952 16660 6
6902 7190 8
10596 21264 4
3310 17915 5
12438 21438 6
19709 20442 10
4396 11688 6
1128 23775 5
13931 15245 3
2834 17736 3
938 16940 8
7504 14465 7
2424 3416 6
622 5464 9
2390 12802 4
2148 3699 4
273 5215 2
13082 16970 7
3335 21714 2
497 5069 3
10763 16844 1
14070 17054 8
869 5383 7
8572 23051 8
18433 19423 4
10471 19269 4
13075 17610 1
626 3702 8
3519 7016 6
10306 13035 8
7348 24497 3
5500 21670 7
17734 22812 10
8230 13760 1
6721 22406 4
17617 18481 4
3739 5362 9
906 17117 3
4291 9843 8
4326 15110 10
10231 16601 7
15564 16058 4
7183 15054 1
20095 24234 8
8832 17446 8
14273 23287 10
5518 22354 10
10263 18637 3
22323 24784 8
7047 13041 1
6067 7070 2
16551 21475 5
1954 10505 4
5008 8713 9
10215 21620 9
5299 10949 8
527 9743 7
740 1169 6
8835 22884 2
18030 20668 8
8313 18326 8
454 10253 3
20871 23889 10
1431 14466 7
1254 21931 7
6058 13596 2
951 21363 9
11059 18819 3
2692 14121 9
1978 20002 5
20152 24879 3
15965 24519 8
2896 3089 2
12060 19965 6
2437 21350 8
2834 22062 1
10821 14340 6
19485 24406 3
8853 11839 1
4369 20896 10
1646 8298 10
7552 21248 7
6263 19247 6
6940 12956 8
2145 23830 5
11281 22688 4
1072 11744 10
6132 6746 5
5381 13696 4
14117 15358 1
6412 23400 10
11896 19421 5
13994 21111 10
18397 18961 3
1744 18142 1
8801 14074 2
4322 7170 10
16549 24520 5
6717 24855 7
1426 8210 8
16559 18862 4
3804 21543 2
3525 15623 4
22737 23194 8
19000 19486 2
1026 15483 10
2796 13946 10
9246 22942 3
5745 9736 9
9016 9643 6
4327 10585 3
8644 21465 2
3806 16599 3
5579 20793 8
1069 10076 6
18267 24985 7
303 14586 8
4403 15538 4
7717 19405 6
12496 24904 5
1369 19534 1
4341 4497 1
2667 22452 6
1707 16887 6
4028 23898 2
5849 16985 10
5145 20733 9
4929 19210 4
13797 15034 1
12344 22513 10
2056 6284 9
3647 19431 7
3146 13915 5
5903 7742 3
5986 9673 8
11020 14739 6
3656 11564 9
3527 6680 7
11307 20544 9
8172 21486 4
14559 15724 8
11754 13003 2
5216 18335 5
997 6265 10
18768 24095 9
9207 14007 4
4312 17770 5
7073 17225 10
1139 14770 10
10781 16721 1
5902 21904 5
6954 16658 4
3516 4026 2
3681 13298 6
18852 22066 5
4237 5678 2
5847 21067 7
13360 22359 7
9043 10032 8
11932 15140 5
5917 13474 10
5722 23985 9
2875 18780 3
16093 23009 1
11053 14580 6
4415 10754 5
10935 19082 9
6384 23203 2
18273 22693 10
5790 22654 3
4285 9554 6
18027 22289 3
8377 24822 8
2758 14000 7
2987 4926 10
13765 21284 7
6688 17683 5
21079 22752 7
2103 12340 7
5395 16487 1
2048 7306 2
1877 16849 2
5510 13324 6
1510 22955 8
1207 7289 7
5914 19022 1
19231 21049 1
9741 17921 3
4788 10071 5
12816 23852 3
14988 23689 5
2656 9494 8
768 20615 1
1379 13727 9
2616 7307 3
12932 20744 7
1027 17048 5
12870 13369 8
8109 16284 5
13154 16294 5
9389 18679 4
6126 15430 8
21 23438 2
9492 21762 1
10037 15077 2
21354 24860 3
13911 22052 6
2784 18285 10
14193 23395 1
17175 19252 4
3689 19631 3
5788 14216 5
19373 21072 6
18773 20464 4
7327 13491 6
8024 20058 4
3711 22835 6
19703 23488 5
4840 5119 4
3852 23533 1
12161 22441 6
1930 22972 4
13243 16461 1
19749 23730 8
15793 23270 6
2338 10411 8
6143 9258 4
7542 9107 4
5512 8754 10
19187 24846 10
4034 4127 9
23479 24207 1
1329 23919 5
3546 24126 3
5766 11485 7
1703 22777 4
4215 9292 5
18589 21882 7
2812 22403 9
5222 22426 7
8623 14501 5
2530 21767 6
3150 7197 6
17407 20181 8
11028 15679 10
2941 16663 3
11698 18543 3
11075 12475 9
17275 22188 9
13007 20046 10
13942 22577 3
12884 14172 1
12871 18051 3
20460 21301 8
672 3009 2
23523 23928 4
2169 2910 5
3637 21767 3
6238 11528 9
10241 18904 6
3195 8356 1
13494 13783 10
18572 18592 10
8827 21139 5
6117 14667 8
3370 10990 5
8895 24081 1
11231 19539 2
21341 24804 10
9541 16444 4
6248 7053 8
2598 20466 3
10690 17068 2
2234 15138 5
4343 18084 4
14421 21938 9
2238 19121 5
2548 4986 3
17082 21789 6
15662 22327 5
1943 21776 9
5843 19205 6
1032 21187 7
15710 19947 10
10163 21090 9
14412 21741 2
2971 21840 10
3511 4876 8
9761 21941 2
15823 19381 2
23956 24376 9
10421 14519 5
13582 23171 10
14606 18716 3
6876 21504 6
18217 18346 8
222 2160 5
809 2249 2
23827 24546 8
14030 20021 8
4172 16573 9
17870 20463 6
5081 14013 6
9312 10817 4
8550 12897 7
20497 23415 1
18571 19064 7
15126 16722 7
3928 9690 10
3595 5226 10
15587 21562 9
15607 22761 5
19014 22353 4
12741 17468 8
15085 23883 4
1708 3764 4
2124 11282 10
20420 24735 2
133 3302 1
12840 16305 6
15435 23310 8
5864 14874 3
11459 23841 7
12465 15137 7
8190 10004 10
7170 8088 3
2874 6195 1
13038 18700 6
8288 13557 10
7585 10123 4
5940 19053 7
8700 14607 8
14637 15618 10
15715 18996 10
2394 14716 5
3847 13287 2
189 4654 1
123 13092 1
16357 24044 10
11193 13747 2
9329 15930 7
4795 18794 1
555 11674 6
17882 23504 8
8370 19513 9
10132 20071 3
1520 22820 2
9181 9397 1
296 20181 5
15443 16147 6
12688 17298 8
15364 21318 7
5752 24957 8
4489 16796 6
4563 20633 2
58 11830 3
14775 24785 5
12822 16369 3
892 11225 4
8472 17102 1
5761 22887 6
13720 18385 3
7390 17321 1
8133 23570 2
10013 23609 4
18288 18752 10
8539 13566 5
5316 14638 6
4229 12911 10
72 18511 2
8998 10430 9
10027 10476 8
1683 18830 4
3822 12153 5
6359 21040 1
8978 19879 5
2693 12396 9
14171 19369 7
9673 16801 8
12964 14723 6
1403 20210 6
3565 6390 4
360 17101 8
4126 4171 5
8348 21970 8
19796 20055 3
1464 4705 5
1427 19935 6
8389 24417 8
10020 15586 5
4650 15329 3
16037 22824 8
5921 20005 4
11586 14952 2
12573 22449 10
5692 5941 8
6778 12041 5
1873 4953 10
3730 7038 9
1580 12426 7
10699 12686 10
8363 16878 6
3171 12695 7
7005 15585 4
17101 20933 2
802 1601 10
5871 17498 2
6302 17034 1
1879 5645 10
11675 22158 9
19140 24877 5
19152 19996 10
2376 4298 5
2762 4339 8
9818 20388 2
12581 14414 3
9393 13906 4
12564 14969 8
18803 20230 2
13692 18867 10
4013 19225 8
13142 15749 5
2405 13928 5
24195 24762 10
9386 12548 10
2355 20592 6
16065 24480 5
10008 15112 8
13318 19676 8
4620 22413 6
8464 16162 10
7706 24119 1
99 17672 3
4282 15272 9
21212 23166 5
4045 8565 9
2745 9736 2
5539 7240 9
14947 22222 9
11141 13918 3
2017 2349 8
1019 15257 1
6043 11858 7
5156 7890 3
4901 18797 4
15322 23543 10
4767 8836 6
657 2270 2
1428 14656 7
4846 7861 4
8478 17343 10
5889 20755 8
12568 17980 1
5144 9403 4
5393 13888 3
8722 20345 9
13964 22136 6
3788 9130 10
2275 19945 5
5453 18297 10
6741 9893 6
20700 21392 10
16328 20383 6
22986 23477 4
13412 19353 6
17035 22193 8
3044 16989 2
6001 19756 5
4554 17660 2
9254 12952 5
8780 21795 9
6551 21189 5
12001 16340 8
10540 17587 5
9920 16396 6
3057 16534 9
24697 24706 1
2951 22396 1
16254 21215 2
5483 7661 6
7425 21623 10
6465 11716 3
16995 22868 1
5364 6588 10
3347 22635 9
3518 5575 7
14695 23317 2
20277 21629 1
558 17607 8
13461 19093 6
2705 14835 4
7532 24562 5
14705 15925 3
347 4111 10
18984 20120 1
11541 18991 1
9255 21056 2
6461 17120 8
1013 14484 7
9691 23286 2
21455 21902 4
325 7641 4
11123 20513 6
424 3376 4
8985 23269 8
1101 15390 2
10288 24908 7
4412 14406 1
8574 13734 2
17801 24342 6
6406 23201 9
4857 23527 5
1110 14957 3
18537 18758 8
15951 21850 1
8508 15907 4
1975 7451 2
846 16006 6
4774 13491 1
17889 24296 9
20373 21457 4
24411 24975 10
8405 9185 10
15989 22697 7
820 2220 1
4105 5725 9
16408 24484 6
9845 10670 7
13193 18478 5
9212 22145 3
539 3682 7
714 13454 1
446 18973 7
2326 5822 10
883 17027 4
8565 14717 6
2207 9320 10
10275 24067 3
17983 20457 3
35 12810 6
18493 22026 2
73 24580 3
1342 1877 3
14794 23324 3
13171 19066 10
16582 21197 1
1653 10028 5
3944 14966 1
13524 18425 7
11237 13841 5
2773 3905 9
19382 21058 10
6631 13068 2
8139 19584 3
14267 23938 7
4477 19198 3
10515 12887 9
10 13406 1
10464 15441 4
16050 19642 6
17732 19034 2
13456 13714 7
613 7621 7
21014 23561 2
7488 24156 4
1188 9862 4
18241 23279 8
16538 18584 10
3829 10252 4
5621 20406 1
428 20472 8
22413 23467 2
3130 18783 1
6459 9909 8
11259 22531 7
9092 22499 3
14561 15136 2
8195 11110 8
17598 18208 8
8916 16546 4
12386 22481 1
3416 8968 9
14650 23261 9
9348 16350 10
9102 17503 1
7024 17231 1
18319 24276 6
10166 21167 3
7955 19516 6
2130 6377 10
9898 19226 5
5373 24147 3
2571 16056 6
7582 12331 9
3277 11799 7
16980 17000 5
14548 22833 1
475 11179 6
15718 17814 7
12674 21952 8
12848 23798 10
13865 24361 3
1391 20003 4
8553 23393 3
6816 23901 1
10048 13379 2
11600 21196 7
2303 4577 8
10030 19763 2
7221 14048 7
15755 23857 2
3076 19056 5
5209 18115 2
8252 12631 9
6715 22402 1
8014 21386 9
9772 15756 9
15734 23893 9
4906 5184 6
5556 8784 7
2029 15031 8
9126 19281 5
16911 24733 2
2645 10709 2
4332 7091 9
2176 15753 2
3733 17110 3
2858 20534 6
1763 15749 8
1136 22001 8
7131 22929 5
19261 20539 10
6847 18681 10
6399 9478 8
7566 21411 6
3897 19260 10
14321 15438 3
13186 22332 5
1366 4014 6
12109 17109 8
8232 19310 8
9681 23332 4
22968 23514 6
17202 21116 8
8412 22078 1
491 17977 7
13197 18748 3
3576 21352 10
20054 24878 4
10761 17414 10
11952 15409 9
7346 19762 5
1008 11150 5
2861 19865 5
10548 23256 5
14205 14323 1
8928 14209 9
17927 18371 2
11590 17550 2
7243 20062 7
10361 14834 10
16520 16546 10
11103 20652 7
9679 24858 10
707 17444 5
6791 10360 1
9686 24003 7
8606 21190 8
1192 14846 8
972 19742 4
13912 16362 9
2685 7873 8
13508 22018 8
20194 20609 1
17943 19431 10
23274 24020 7
11224 20160 1
10696 12473 3
1423 10930 10
1006 23771 4
8609 19778 5
416 22088 8
5971 14090 6
10345 22512 3
7034 21402 8
941 2673 8
3148 7966 8
72 4279 3
15245 19314 8
1516 4398 3
7867 17827 2
2786 8206 4
3652 20720 2
4077 21594 2
9310 10710 4
17076 21449 2
10094 22394 5
10666 24987 8
10437 19878 1
3552 10745 1
13 2546 8
827 12783 6
8425 17626 7
7179 15259 9
14429 22579 9
10272 21968 1
11488 20606 4
22073 24142 4
2934 24982 10
5237 23321 2
5658 10729 7
13192 17962 7
12675 23924 9
14408 17472 7
4377 10137 8
3801 17247 5
2851 7302 6
666 16021 7
6335 9277 8
6057 24657 3
5829 13572 1
18525 20907 2
4078 20343 10
11447 20298 6
5458 19437 6
6777 21311 6
11034 11410 9
1110 21395 6
6789 13771 1
12457 20456 8
1187 9585 2
12806 19243 1
3070 14900 4
5153 15236 7
5859 22242 1
14115 23624 3
17410 20437 8
153 8171 4
199 23588 9
15862 21252 1
23055 24740 8
3637 21779 5
14792 15673 8
2252 5158 1
4226 23579 4
17316 23372 10
4267 13491 7
18802 24369 6
13970 21146 3
9726 19728 9
13208 19490 4
146 22561 5
16873 17389 5
19026 24505 2
3705 10047 3
6843 16009 6
19113 23277 2
18951 20301 3
6268 14679 7
9176 21312 9
3064 16208 4
7145 22282 3
14817 23507 3
16961 18146 1
5313 18595 6
21537 23090 3
10533 11553 6
12722 20302 2
2481 5032 1
12682 21606 6
19597 23553 2
4971 13992 3
2918 18510 2
73 16579 8
1433 17819 1
17995 22499 1
8030 17489 10
3427 20461 1
13823 16212 3
4755 10029 10
13521 24308 3
1761 8011 3
3460 8766 10
6270 18358 5
2127 17015 2
13847 23460 1
10130 17748 1
7782 8886 8
312 11145 2
1264 2087 5
1164 19808 5
13819 23320 3
1310 10266 4
11348 19115 3
5464 10190 5
613 17992 10
2915 22800 8
20316 20482 5
514 11521 6
6241 18161 3
3482 23974 4
16213 17252 10
16759 23839 6
4338 11889 2
7637 10280 6
4348 21129 1
16029 16837 9
8916 13902 2
19017 19090 4
13216 24584 6
2387 16964 6
1728 19079 10
12626 20099 3
10267 22236 2
450 13281 4
10924 18229 8
11692 13756 7
4537 24939 1
13047 22114 6
4553 5740 2
8037 14369 4
5266 15934 9
20743 21502 5
10118 10434 6
11227 13334 1
19336 24443 3
6359 10606 6
7119 19989 2
4419 5577 10
12015 12976 8
2959 19313 6
10656 14696 10
11354 13160 6
9326 21250 7
12612 20514 6
7839 11298 2
7122 10957 2
4703 6289 4
539 22768 8
4417 10661 4
12306 13639 7
11580 22608 9
5779 19348 9
15981 18798 10
20172 24679 1
5971 24915 5
7436 23476 3
1454 6345 9
996 12464 4
13162 16606 1
18523 20930 9
16465 24475 9
5684 6392 8
8979 11475 10
3885 11395 2
3367 19481 5
587 16450 8
10979 14493 2
14811 23023 6
1824 7340 5
4496 16428 4
6934 20237 8
1663 18011 9
24100 24146 6
11440 21726 4
12903 21147 9
5021 8870 9
9765 20514 4
596 9122 6
5870 7603 1
10921 11343 7
767 10562 3
15212 18684 1
2713 7905 10
16682 22042 3
7889 14581 6
17450 21273 7
13484 15273 8
6260 20633 2
2706 14684 5
2418 3714 9
18847 22913 2
14896 22698 4
14293 18582 7
10628 14964 2
5399 21200 6
12212 17847 2
1121 23262 7
22073 22113 3
17246 23497 2
238 15948 10
3250 15765 8
14610 18428 10
13517 17679 5
4886 18378 9
5458 14219 4
2834 3956 4
94 518 3
19563 22360 8
2030 4985 5
1952 20824 8
6213 19416 4
3974 10521 7
6114 20470 2
6908 15308 1
6382 19918 9
5874 21452 6
528 24702 6
8894 20869 1
23650 24473 4
22292 24557 10
6540 15161 5
6729 8113 4
9331 16847 4
1737 14011 6
642 23281 3
21683 24345 3
8924 15141 9
9515 23059 8
8020 10367 4
4153 11480 1
7924 17750 4
7840 14179 3
11258 21326 8
21353 23297 1
8407 16821 4
6676 10811 10
10470 23176 1
18452 23649 4
962 13968 6
3591 19743 7
12987 24270 3
13306 22518 10
16472 17403 7
16850 23931 4
2565 24412 5
9688 17301 9
2522 20430 5
6286 11552 5
3372 11333 6
4890 18004 9
4445 7250 1
2300 13210 10
4816 5047 10
8687 20952 5
5983 11489 7
4312 8292 2
2818 10691 8
12186 13023 4
2094 14185 1
12886 20582 4
8157 17650 7
12194 22932 7
1058 2883 10
6079 19398 5
2554 19820 7
3993 9717 5
19148 19754 2
22799 24554 9
7302 22914 8
10521 21283 9
12638 14448 6
1769 8392 3
8972 18762 5
1572 22754 5
5601 12696 7
7333 19679 6
12562 23078 7
9971 10541 9
9182 20944 5
2258 13399 5
451 22977 6
18404 18540 1
19609 23051 1
5592 18033 5
685 6259 1
6960 20505 8
6494 18201 2
8474 13775 7
16022 22689 2
11091 19759 9
15518 24901 1
10323 19660 8
12258 21799 1
11066 21748 6
15757 16030 2
16531 17595 2
1606 19374 5
1692 16727 8
819 6071 7
19945 22269 4
4460 18711 10
5790 12714 8
1825 9914 1
7607 18630 8
2892 13607 1
2465 3996 7
18837 23793 3
7769 7786 4
15253 23400 9
3577 24525 6
11800 22757 1
3244 6198 10
5988 19147 9
19007 23264 6
10953 15002 9
5757 23162 4
22791 23935 6
13737 23590 4
10332 24820 10
2122 13462 4
10158 21111 9
91 21858 7
8117 10985 10
719 11092 1
4354 22196 10
14524 20836 7
9883 22508 1
3154 16346 9
13344 15689 9
4792 18433 7
3827 18232 7
4212 19277 7
530 10566 7
6026 24404 7
825 2499 7
20421 21650 10
3090 19144 9
8761 12434 7
8593 21144 9
6736 24016 9
2255 22719 6
552 11987 9
4513 19092 9
3587 22780 10
4201 16886 9
11042 12557 5
4248 23474 10
15996 20710 9
5351 22171 8
5191 15520 9
4861 9375 9
9674 11836 4
13319 19347 4
8376 9307 8
1884 9608 2
11038 23364 8
14691 17892 2
5000 20014 3
4836 20281 8
1317 7249 5
11298 15851 8
927 12976 7
6461 22976 5
21914 23785 8
6767 22369 2
5175 16355 2
370 22010 5
368 21299 10
1378 7902 6
1978 20136 9
8556 16240 10
52 22309 1
20641 20923 5
4268 16625 4
5721 7401 2
2663 12052 5
8214 10442 1
20734 24394 2
13916 15816 10
12555 18181 5
3270 6415 3
1071 22428 10
23308 23827 9
3176 11244 10
12701 24249 2
21266 23476 10
11997 22490 4
14803 19932 8
16761 22575 3
8600 14365 1
5662 18634 7
10561 18518 8
18495 24492 4
3653 11831 8
13166 22119 3
8349 15635 9
5156 7189 8
84 19072 4
2141 18517 10
3025 21070 7
17860 19436 1
14861 23154 3
5537 6476 8
9715 19651 10
1103 13549 3
5123 21933 5
2510 8923 4
1043 8302 10
1076 14664 7
9062 19162 1
16481 16626 2
4136 7002 10
20531 21526 3
4819 15145 7
16578 23134 3
3840 21989 2
10541 12315 3
19851 24328 8
7969 21842 9
6413 18338 9
9868 20864 8
4118 16798 3
13571 17372 6
9336 24640 8
14968 24911 7
3118 5989 1
15476 17269 6
9763 17900 8
8966 9736 7
6023 13297 3
13171 22356 2
1827 8896 1
13700 16954 1
20518 24347 7
10481 12665 7
1408 19618 9
13860 18149 9
1958 8869 4
1124 7503 8
10794 16031 2
19682 23661 5
14819 22221 5
10083 21371 1
3662 24100 6
3293 15507 9
16089 22478 8
8634 8812 10
17513 22705 8
2925 14553 5
2777 17304 7
12818 12983 7
7154 19339 9
19108 20277 6
5669 19357 1
7226 17651 9
6885 21085 10
14978 22931 2
6328 8180 6
709 15244 3
1365 10809 8
21515 22791 1
10047 12253 4
12011 14124 8
9506 24449 3
5238 17457 4
5495 13514 5
10643 13099 10
10010 15630 3
9020 10415 5
17477 17579 3
14704 17834 9
4908 20253 5
6303 13979 7
11966 13008 10
6201 9940 9
3134 18733 6
12449 24388 10
13097 22937 7
21782 23059 10
5042 18945 3
2065 2848 1
6234 11585 1
7677 13655 8
12766 13715 4
4419 6125 9
13288 16488 4
15936 20863 4
8877 17963 9
12188 18719 8
11209 11907 7
4503 10151 7
269 1144 3
12276 15426 3
12639 17472 8
10583 11969 5
11665 16268 1
3158 5997 10
17754 23882 9
5055 13557 2
8698 11103 8
3133 6669 3
8199 8381 8
13969 22615 1
11986 14969 8
1367 5631 7
666 13165 9
19488 21879 6
3309 6566 1
13671 21077 2
17372 18309 6
10205 23885 3
11971 16904 5
3796 20570 9
4120 17702 8
10294 15956 5
5890 10078 5
5516 23993 8
16834 24606 4
385 7935 9
6648 16017 7
12921 16339 9
2806 6111 5
6954 24888 9
1300 17929 8
10915 21025 3
7180 12717 5
602 778 9
90 14879 5
6826 19666 3
2535 12783 4
2737 2768 3
4452 17114 10
19599 20185 10
3999 11783 8
9000 23742 8
10358 21473 2
2260 12959 1
14080 21122 5
7043 12457 2
8210 19475 3
10950 21649 3
6670 23051 3
2125 15886 10
11183 12897 3
14402 24646 3
22440 22605 9
6549 8125 8
4281 4468 9
6061 14911 5
11711 16311 4
18330 21441 9
3405 5097 8
5037 17066 3
1727 15573 1
13786 20033 4
10109 16578 4
1669 16288 10
7531 14077 9
2959 17998 2
9684 22340 8
8430 17803 6
298 9634 8
1312 20661 1
11994 14017 4
13550 24178 9
705 18200 1
431 5441 5
879 7886 1
12288 22652 2
7619 13591 2
1411 13172 6
16252 18677 4
11147 23690 6
6380 21987 9
8703 18051 1
2277 9692 10
4854 5409 3
3043 4155 3
12007 18825 7
6761 21195 10
6472 24243 8
17164 18013 9
3828 9713 8
943 11398 5
18716 19368 9
2819 4878 4
2693 13950 1
4582 7995 1
20677 20893 9
1293 10102 3
14170 17028 8
14626 23217 5
5939 6394 4
16527 17487 10
8071 9661 5
17781 18079 7
10412 20155 10
18623 23147 7
1054 22382 4
12257 22643 1
9980 24767 6
11426 24474 4
3700 12951 7
4384 15590 3
8573 23178 6
10780 23662 10
5283 14126 5
4669 8852 8
7150 18270 5
16326 24277 2
6903 7497 6
2816 12724 3
12509 18325 5
10591 22945 5
11983 21870 8
983 6819 1
266 2824 2
3800 21822 8
15557 24439 4
6636 17465 5
15100 18811 7
6447 8163 6
5005 15826 8
12223 15751 9
8845 21673 7
8744 9723 7
5588 12392 10
9874 24701 9
4350 10138 1
20410 20842 3
2623 14891 9
12684 13712 6
2428 21140 4
3505 7090 6
3609 24013 5
1530 18631 7
15524 16936 7
7186 7312 3
11956 19268 5
2279 24292 1
6886 20753 7
10250 16586 4
4138 19999 9
3515 22674 10
4225 24857 8
13073 14121 8
12601 13983 2
17109 24384 2
19577 22530 8
10899 22677 3
1400 5353 3
1457 19082 8
2618 11240 3
13392 18173 2
970 19325 7
15249 16000 8
15940 24307 10
9403 12825 5
6617 18796 10
6744 12237 2
18930 21163 1
5979 16776 6
15239 23150 6
2075 2913 7
973 7243 5
369 10492 1
2389 9371 1
10928 17733 2
16481 17226 5
20083 24357 6
12793 21408 9
8215 14237 10
7676 21233 2
5307 17716 10
4019 10370 6
5547 14852 1
2356 14649 7
14137 17818 4
1533 12054 7
3957 10403 8
13013 14772 5
11011 17262 1
1857 3258 5
15048 15931 9
8197 12919 4
13468 15090 1
13141 18649 5
1858 22806 2
545 9063 5
14361 24011 2
16142 18938 9
4255 13565 7
4253 23053 1
17784 19283 4
7148 19055 7
3489 23725 5
1374 9483 9
13585 24860 1
11000 19709 1
5339 6985 2
8814 13996 5
2410 5606 1
6983 8965 7
433 19057 10
832 19134 9
3192 21146 1
3771 5946 10
4023 23354 6
7173 19079 7
6437 7698 8
4051 19719 7
11468 16473 8
2285 18712 8
7979 16766 5
4058 17089 7
17131 18944 5
6164 11585 8
14642 14942 8
12858 21125 9
11539 11684 1
12002 12731 6
5969 13809 6
6672 22374 8
4807 18265 2
1877 14836 7
10993 17914 9
824 14212 10
4408 10208 10
2234 17531 2
4381 20784 2
1028 16550 1
13606 22508 10
19838 20720 2
36 23372 5
5452 12795 2
81 24862 7
12342 13144 8
18313 20547 5
426 23402 7
9233 22785 9
7660 22788 2
7664 16558 7
7504 14279 4
7685 9156 9
5934 16725 8
2605 22950 4
11260 20981 3
4641 8264 1
3363 19484 2
4 7851 4
10159 21824 6
2204 3583 6
7320 17553 6
3065 22829 6
15626 19663 2
13273 21665 2
19305 19757 9
2427 20998 6
11862 17955 2
17458 19130 7
21666 24398 8
2146 24889 9
14896 21524 2
1082 21234 7
15074 22709 2
4471 8628 1
16686 21322 1
11962 15881 9
2560 15869 9
1842 9744 4
10064 15602 6
2327 18148 10
14448 16493 2
2340 24466 8
13205 21285 1
15597 23751 9
15693 23005 7
11457 17376 8
14035 19262 5
11813 12944 7
14113 22505 3
19097 21171 7
12182 15700 4
1373 14316 6
4572 13705 8
17640 23506 9
2217 13251 5
3122 9921 2
15133 23951 6
21218 22525 4
3171 10545 5
1815 21840 1
5864 20371 2
11524 22442 2
499 6131 3
7707 23157 3
6503 19359 6
5406 11300 6
357 9919 6
2062 4501 4
4379 4917 7
8239 23423 7
17025 21423 8
11646 12691 6
11143 20569 10
21477 22372 1
20217 23799 5
12980 21437 8
5515 12080 5
10252 18622 4
4979 16485 6
7758 13621 9
4385 23313 7
2557 3940 5
17787 23546 1
18137 19974 9
3278 10377 2
10427 10772 1
11954 18755 9
8008 9373 5
19768 22689 5
1509 14530 1
4140 6034 6
6267 21905 8
3305 15020 9
6056 11714 9
8854 13370 7
5903 8608 1
2109 9616 4
15226 18472 10
4383 7315 7
12053 20171 9
2390 23509 6
11970 22290 5
18718 22286 1
6027 7714 7
1962 22949 5
6677 22347 8
10886 20603 2
8059 24857 3
10487 21608 7
4820 19236 6
13083 20749 6
14440 23978 4
3170 12166 6
9744 18738 7
176 4440 3
9932 10196 7
269 17053 8
12863 19879 1
18026 20746 7
8664 21761 10
4518 15122 8
1119 7441 6
6755 23462 4
20323 21506 6
15641 23631 1
19854 24926 2
1767 24035 6
8044 10268 3
8671 16611 6
24434 24994 3
632 15893 3
353 23118 3
1361 2546 5
6886 17639 8
14741 17813 3
2843 8521 9
7346 21585 1
10594 23714 10
12822 13868 1
4290 6253 5
9670 12621 2
19817 22270 10
7224 8234 2
3866 6199 2
10662 18214 3
2432 12919 6
1547 15323 1
4608 6730 1
6890 12922 2
5534 11397 6
15999 16986 4
3523 23753 10
14287 21693 9
1944 16511 5
4505 20553 9
5039 19746 7
9313 24133 3
8848 19402 5
6655 17810 6
14791 21662 9
5542 18462 3
3210 12083 1
8013 9939 7
4521 20711 1
13285 19586 5
13833 22809 4
16717 18555 6
11941 17213 9
15040 21483 5
15659 22889 7
1267 17565 4
1609 6120 10
15583 23427 4
11468 23868 7
4895 8965 9
45 15832 10
8821 20749 8
12285 13829 2
9231 22570 10
17827 17905 6
9256 12568 2
3666 16998 6
614 2960 2
6792 18231 4
5642 21997 9
1906 15598 10
4881 24428 9
1782 4998 10
7213 10623 2
10127 10230 10
8647 23344 3
11064 22958 2
5548 19475 4
13739 21505 9
15011 22142 7
6460 20665 1
9030 23121 4
9413 13012 6
2419 10967 9
1796 14504 8
3825 7118 2
8306 11085 10
6246 20488 3
5192 12304 10
7753 24503 1
5584 7981 8
11007 11643 5
8443 19364 1
7621 9153 7
230 12073 7
16745 21710 10
5582 9766 8
11561 16320 6
2505 16777 3
16342 22966 6
10334 18408 4
3021 21512 6
19104 20599 6
21935 24039 3
13858 22533 2
18640 18967 8
5644 9600 4
16919 20103 4
6365 14106 5
2649 18950 7
10733 19598 2
7560 9934 5
18790 20473 9
10994 23738 6
12721 21740 3
8417 19322 7
15043 18439 2
3013 8955 2
12145 15266 10
1770 9074 9
16665 18354 10
7598 23380 10
6706 17490 4
11874 22139 8
13427 17623 1
54 7803 8
17127 19073 6
16094 18272 8
420 15332 2
11371 17949 3
15494 17037 10
3290 7541 6
2101 11968 6
21804 24389 3
1067 18991 2
764 11615 1
7378 12685 7
12732 20176 9
10896 18527 10
3792 8657 6
6436 8819 6
13052 20698 6
1706 4241 4
5650 10882 8
16257 18956 6
1915 19606 10
3361 11371 5
10575 13141 4
20023 23004 10
19276 20278 5
4463 10692 9
6253 7597 5
10465 14453 9
4630 5596 10
16804 18322 7
10103 12269 3
7524 24324 10
5582 17232 7
14619 18642 10
6059 18628 1
4092 17147 8
2128 19769 1
15729 20038 1
12467 21345 2
20122 20471 5
14126 22253 3
6971 13125 6
12402 21313 4
1860 10449 2
6055 13790 7
9807 11627 10
1671 11460 1
8288 22992 9
12027 16757 7
7124 23115 10
7533 9905 1
12341 16359 4
6594 15532 6
11994 14201 10
11965 22684 1
4129 20584 7
12703 22215 3
3721 20238 3
18327 23140 10
6697 11322 7
1343 21949 3
8139 21996 5
1643 18644 1
16903 17115 4
3687 18039 6
13647 16443 7
2331 4538 7
14692 20008 8
2036 3524 8
21821 24311 8
15639 22515 9
13082 13123 8
5716 23175 6
1460 16799 8
606 10876 5
10749 12436 2
5129 10033 9
1055 21960 8
14574 19240 2
1161 12624 5
20532 23245 2
1781 6348 1
7917 16530 10
22742 23211 6
7375 24351 7
9622 20717 3
11624 20486 9
12982 14742 5
14796 18882 7
8840 15118 9
15094 20191 5
896 3571 2
9166 22957 10
20645 24116 4
18031 23039 6
2028 10053 10
13615 14814 6
11245 19721 5
16939 18251 4
5222 10493 3
21192 23600 1
4693 23923 5
2504 13920 8
8636 17940 9
17396 17957 2
6999 12649 6
596 8254 7
12160 21737 5
11688 21944 6
3016 7752 1
19553 19606 9
16094 17335 9
562 5770 1
4916 22022 7
5907 12333 7
3387 7697 5
3741 10260 2
6743 9146 1
7854 19861 4
9689 17667 8
12663 22346 10
18564 18767 3
7321 20444 5
14916 24144 3
2802 18894 5
3275 10429 3
15217 20564 6
14854 18245 9
11595 14358 1
9597 10624 1
15982 17435 8
13897 20338 8
16545 21500 9
11597 20954 10
17200 24175 5
18761 23693 4
9948 19444 10
993 17701 6
16855 17081 9
14634 24231 5
5738 22432 4
12740 22780 9
15043 23062 2
19939 20125 5
8820 18118 5
3726 21168 8
4119 7539 10
2773 9137 1
3023 15004 10
6347 21305 4
8403 20752 4
19681 22311 6
6447 12287 10
2741 17621 9
7026 12191 9
5500 21001 7
15769 17497 8
7694 21143 5
3853 24118 8
15695 18102 7
3137 15175 2
3101 16188 10
9414 14563 2
7632 22401 8
5012 15184 2
7021 9013 1
11536 12455 10
1484 20332 8
6584 18351 7
5949 17167 6
12043 16870 10
18105 20654 6
8393 14941 6
292 24491 1
7273 16714 4
3648 9945 3
511 4131 10
17978 24210 10
9486 19922 5
5504 7371 6
3179 16093 4
848 12787 10
6122 13504 4
4551 22862 6
14745 18404 2
12575 16848 5
5966 8773 1
8141 14945 4
2784 13235 2
1392 22610 10
791 21766 9
8067 24542 7
9350 14727 2
9660 22391 2
9011 14930 7
1580 24090 7
48 9982 3
12875 23646 5
7977 12981 2
2404 2836 8
9702 19321 5
8009 21097 9
24271 24898 9
8486 10767 1
21641 24899 9
2079 18480 4
24498 24976 10
2418 13677 10
7976 10723 10
3768 5489 8
10057 11955 8
3746 10970 5
9998 17773 3
3357 11332 6
13817 23052 10
4156 21701 9
13855 16433 4
8285 21245 3
12866 20007 8
10250 14877 10
19975 24203 8
178 24724 9
8163 13148 7
15314 16570 4
8339 21092 5
6862 14269 1
22733 23419 5
2301 14653 1
14688 22927 4
8489 12132 10
1543 17029 8
2995 3983 6
15623 24160 8
3198 10060 7
3170 19245 4
9037 12140 1
4680 16829 5
5048 17251 6
15634 17728 3
3363 11364 9
15240 19301 2
7754 12245 7
10663 15378 9
1603 13547 1
16106 22997 10
14327 22507 5
21977 22549 8
2607 5459 9
20101 21877 6
8830 12708 3
1899 2819 6
1214 19842 8
3589 18491 8
1456 11506 2
15979 19614 8
6378 24503 10
6480 17706 9
19522 22918 8
17098 24621 3
7505 19296 4
3017 23602 3
3555 20484 7
2378 14730 8
6341 17916 2
5881 9237 7
18660 24583 2
20620 21053 5
7000 24310 2
5857 14715 10
20113 24534 9
17684 18945 9
13610 20238 1
9190 15350 9
2360 21033 9
83 3962 9
8808 14716 2
3472 24718 3
994 2470 1
10604 14116 4
11453 23062 7
23289 24422 6
6599 20357 8
10789 23718 3
6319 7605 3
609 10698 2
2676 11249 5
9565 9984 9
633 2679 1
3152 4365 3
11766 14113 6
9110 12934 9
20285 24973 1
6172 16037 7
8290 21561 6
1399 2892 8
9725 13845 7
10479 23496 1
5455 23728 1
5768 10395 9
18854 21358 1
5465 24848 6
7934 19992 2
4960 24401 2
2269 15352 7
6888 7725 7
13987 20959 1
2163 3665 1
14102 18527 4
9061 22107 2
18687 23048 1
1118 5357 2
14744 16048 7
2112 4421 8
20080 22962 6
4213 10341 4
1645 5270 5
5297 6055 7
131 12904 5
6326 24366 8
4182 24513 4
2807 21651 3
1328 24918 3
9303 16148 9
3703 24922 9
7646 24631 5
5699 9924 3
7836 10270 7
3249 12805 1
11055 22076 10
10311 15209 3
5819 7874 8
670 17796 5
5562 14426 10
2517 10228 2
15060 17628 6
10311 15593 2
1310 2870 10
11705 12925 5
12780 15740 9
15605 21003 5
440 21848 10
4946 14119 7
14994 18087 10
20883 23770 1
16518 21073 6
12348 20991 10
7452 16866 6
4555 24927 2
2086 2180 8
13315 15579 7
11467 12284 1
355 22365 5
5306 18368 5
11398 15450 5
1670 6171 3
9795 12726 8
1571 22209 4
16643 23531 8
522 19446 6
11918 20994 5
1764 10480 8
2893 21390 4
14245 15657 9
3665 23439 8
1448 18652 3
1109 17454 5
2406 5806 10
6964 17965 3
12970 24809 7
14570 17029 9
2490 5107 9
16008 23499 4
16609 24889 7
1399 12423 1
8376 23521 5
18968 20689 3
8750 13545 1
5043 24678 7
6857 8910 5
14234 18114 3
6512 18849 3
20779 22815 8
18134 24894 8
14151 18664 8
13938 23678 1
12762 14860 3
12340 22678 7
236 20363 6
2130 16067 10
10380 21084 5
15724 19818 1
405 16355 6
15484 18157 10
20458 22176 6
3625 3894 1
2591 15546 8
839 14085 4
17832 21752 7
15954 17243 1
8165 23787 6
13145 16797 5
2586 6468 5
9984 14921 8
5550 7475 6
18171 19871 2
10513 15816 10
671 20682 9
178 10688 5
8937 22480 5
5137 9997 3
10961 20300 2
11124 15985 7
5111 7596 10
8497 23897 1
263 1098 1
11096 18610 1
305 5352 5
9301 12705 10
6666 17092 1
21328 24169 8
918 13405 7
14494 15438 8
5710 23746 10
4037 19807 10
5292 12586 9
21161 24057 4
15070 23591 6
10026 20460 9
10818 24239 3
15852 18703 1
5635 11825 1
3066 16456 10
9490 23772 6
4452 10644 7
2329 8066 1
374 24174 10
6909 7630 8
7953 23082 5
3516 16571 3
16571 23713 3
12845 22270 7
4470 21959 4
13984 21459 5
1307 6849 8
22916 24420 2
2467 22747 1
23452 23880 4
3809 24557 8
7887 15657 5
10611 11025 6
18615 20732 8
8034 20975 7
2203 7755 7
4539 19751 6
9451 23216 3
3029 24215 3
13438 18400 7
13115 20211 9
12296 22900 8
277 17630 8
14800 20040 8
13305 24871 7
11817 18892 9
10542 21915 5
5977 20063 2
2005 23827 1
5567 15866 10
2558 7831 2
12067 21135 3
10206 23185 8
20280 20611 8
11562 20648 4
9352 22150 1
14855 19595 3
16572 22587 8
15286 24790 2
783 4848 10
16917 23284 3
2541 15898 8
7760 20277 5
4790 14495 8
9252 9616 3
7070 12830 2
5199 13813 9
21667 22004 1
10561 20630 5
5933 19114 6
8864 11847 8
3799 8316 2
7381 10501 5
7167 11382 10
6818 13012 2
3145 7326 8
8681 20862 6
4071 16229 3
20834 21817 7
21119 22838 10
5607 12765 10
15080 15833 3
12764 12778 10
9709 21953 9
17772 19526 5
14264 14935 2
6882 15373 6
1176 8340 5
343 592 10
1235 14023 2
15159 19970 2
3182 13630 8
9373 11510 3
12677 20220 4
3438 15586 9
14991 23988 2
9753 23330 4
9346 23584 6
409 14610 1
15105 20848 8
13361 21077 4
5423 16442 1
13495 20811 2
21652 22978 3
8081 16236 7
10016 14528 8
4587 13599 7
12300 17485 3
6636 18812 5
2471 24503 5
3887 24826 5
5873 13027 1
608 19128 10
5913 20714 7
6491 15952 3
12857 15727 7
676 5458 1
19570 22282 1
2583 16662 9
988 21962 4
5713 16315 7
11804 14619 10
4248 11842 1
17937 23290 6
11035 24659 2
580 18252 6
14577 19264 8
8987 11004 4
6874 24680 1
1214 17894 10
4730 10346 1
8206 20739 4
8545 14810 10
850 7701 2
10278 22344 1
19491 20671 7
28 22292 5
9284 18275 4
15465 16313 6
12150 16412 4
4958 21329 1
5273 23605 5
1969 23687 4
2547 3411 3
11575 19032 6
4031 17509 3
10461 19197 3
3513 5836 6
16131 23676 1
166 11475 1
5438 23591 10
1984 16868 7
7261 19248 4
2285 12388 2
6802 19219 1
16002 22814 7
3659 9924 8
17480 19739 4
1826 9490 1
3391 22502 5
1992 21207 5
3646 22731 2
8133 12940 1
2746 19967 7
11049 19232 1
12344 15569 2
4636 22754 9
8352 15684 6
2315 11555 3
8648 11816 4
14284 14840 10
6098 21754 7
15070 17433 9
10492 11534 1
13691 20949 10
7703 19614 1
10920 11519 8
6582 9027 7
17985 22990 3
3092 21128 8
15096 23908 1
12026 18477 5
6993 14264 6
6181 13331 7
7923 19524 1
17953 22090 8
1338 8114 6
4140 20756 10
14226 17020 7
16742 24600 3
16307 23149 9
8561 11471 5
2185 24803 1
7116 14787 8
8353 20341 2
1362 13551 6
747 22068 5
1782 17710 4
7579 23209 3
22057 23440 4
3755 16199 6
8863 14236 10
10619 12587 9
7255 21193 4
119 12809 2
2982 13944 3
3123 15006 7
2021 21592 9
8393 11242 8
11543 11554 7
5656 19196 8
17308 18879 3
4958 9785 5
19536 24908 4
14918 16135 5
4250 24597 10
299 10692 8
19054 20635 4
2882 19967 3
1227 21336 9
9175 13117 6
7511 21613 2
19601 20669 8
1093 22260 8
11797 24101 5
1299 15706 6
87 16432 1
15257 18329 10
5133 15355 8
5029 24460 4
6851 22746 8
7048 10952 4
5236 6429 7
3317 23405 10
3782 14151 5
4402 22657 3
11930 19228 3
16880 17447 10
16283 24806 8
11126 20422 1
6968 10425 4
3465 14895 8
23208 24459 4
4287 23479 2
15600 19675 8
12330 16466 10
12048 23865 6
7365 17380 2
16902 17154 10
7589 14652 6
14442 15739 3
10256 12954 6
8623 11637 2
2024 20511 5
231 9798 10
5840 12471 9
9050 24237 5
6028 17181 8
16334 20942 1
1789 7884 5
8431 14580 9
21224 21483 1
10058 15213 6
91 24379 2
14228 19177 8
14920 24710 1
19298 20109 10
10108 15397 4
18800 21947 4
1230 23349 2
11873 19746 6
5504 13348 6
7946 13613 2
10747 24309 1
1724 11848 9
5185 14104 5
4884 5611 7
12215 22098 2
12035 16293 5
4584 19289 3
2509 18059 1
10312 24771 10
7114 15427 8
1047 18136 4
3925 8332 9
9356 20508 4
2313 7777 4
3674 23814 6
8027 23584 10
4486 18777 5
4536 19755 8
7593 17283 10
10678 13295 5
9053 24727 1
4158 14824 7
1000 15648 9
6327 20223 3
5042 7796 5
1338 20377 3
2288 12736 5
1620 20065 3
8218 13208 1
20650 21912 9
13201 23605 3
12973 15559 8
1535 17997 6
13386 23752 4
2567 21711 10
3104 10419 2
20634 23014 3
4723 13068 2
918 15762 6
5271 20258 8
4321 8786 5
8873 11097 2
7466 21219 2
5815 17823 4
4233 21341 2
2295 19615 8
5217 22157 5
8069 11907 3
15803 18113 9
11573 16083 4
14665 19169 5
17448 24914 4
4042 10622 8
12778 23516 6
5198 14230 2
14489 21027 5
3991 4644 9
17043 24874 7
8975 17916 7
13811 20526 1
898 16500 2
12363 22617 9
6352 24418 10
8849 10827 7
20932 24180 7
1083 16123 10
1493 5090 5
8337 13151 5
5809 9596 1
4065 15346 5
13924 14905 8
1090 14643 10
815 16856 5
16289 18689 2
7823 17059 4
1410 14431 5
12030 16258 7
6186 24842 2
3035 18358 8
14167 22842 3
17366 23739 7
17100 19335 9
1501 21729 4
11760 23085 5
177 3351 5
4192 22770 5
12012 20659 9
11214 18225 5
7242 11237 2
17223 23064 10
792 15173 8
1228 19088 3
6701 8923 10
5327 8029 1
12979 14595 3
9860 15905 9
10312 16234 9
2042 21005 9
9778 23597 2
6271 18825 7
9570 19801 8
15921 22462 10
14401 24367 3
8536 22184 5
10069 19130 6
2057 5164 9
4160 16397 10
796 24023 6
9666 23915 8
13814 15579 6
1162 11062 5
13137 21066 7
20436 21257 5
16300 21487 2
757 14600 9
20433 22739 3
21801 23017 5
427 3450 3
16786 21576 10
21048 23144 2
11219 13312 6
7371 16204 7
2080 2364 1
4771 9752 3
4366 23655 9
2374 9262 4
2921 16558 8
9004 24107 4
689 22884 5
895 2396 5
6140 22041 7
8662 18728 5
4546 19124 5
14545 24493 5
773 17011 2
1880 17676 5
14277 20219 7
4322 21572 7
2850 14262 3
1401 5763 7
3802 5681 10
11390 12404 6
19873 22611 10
9658 17211 4
14591 21638 3
13631 21254 2
12385 22680 6
681 17867 6
7372 9493 8
450 18497 5
7693 23858 5
4888 16495 3
11491 19994 5
4975 19385 5
12346 14169 8
7202 8282 5
8167 10459 4
2625 8987 10
15788 24943 3
1605 23391 3
4692 8899 3
18135 21100 8
11156 22257 9
11917 18018 1
12391 17916 2
4152 6944 1
2067 21628 7
13046 15806 3
15154 16087 3
3271 21397 6
16020 19562 4
11075 18753 8
3654 20581 1
3599 21818 6
651 1414 6
5869 9871 7
5417 24095 9
3687 15512 1
3119 15294 3
8891 13466 2
11567 15091 4
8499 17055 3
15427 15721 10
2401 11270 5
4592 10734 2
7281 14034 10
3885 18823 5
8388 24070 2
6756 13008 9
34 20847 2
9570 9833 2
7190 18740 1
8320 16897 9
2864 11063 5
10368 18585 1
8612 13345 3
4880 9651 3
7642 23708 10
8032 19506 6
2678 3307 7
5356 6613 10
2051 9242 5
3150 7773 7
509 3692 3
21601 22737 7
1255 15980 9
7738 12240 3
10072 22885 6
1263 16995 9
947 2321 5
8068 14332 7
16864 18122 9
10426 12590 2
15153 24111 5
13132 23293 5
14988 23107 9
2238 13653 4
14297 20367 8
1637 5628 8
5831 6055 6
13558 17676 10
10738 23028 8
9140 14230 4
5821 14242 4
432 5629 6
1376 13630 3
4196 11045 7
4871 14450 4
8652 21784 8
5059 7743 6
1681 14138 5
10951 20107 10
18998 24666 6
11616 15871 5
142 904 10
14686 23584 3
11197 23753 7
12334 12878 9
2848 24322 8
17472 19027 5
1421 24818 3
16925 21308 9
3591 4733 10
18501 23977 4
1632 6727 7
3194 24074 7
2595 18376 8
516 14700 1
16194 22001 1
12822 23641 1
4717 13343 9
16496 24618 6
9237 12704 1
1549 21722 4
171 179 5
3327 15464 7
15960 19423 9
6402 7805 7
1852 20027 3
11271 13265 3
17751 21992 3
6990 14155 6
718 12668 10
14126 20780 1
8957 19950 6
170 2573 2
1757 21471 8
3530 18772 6
15800 21774 8
12536 14000 5
9670 20419 8
283 10198 5
16533 18238 4
1171 7342 8
1474 7722 6
10525 20085 6
6520 19553 9
5769 22661 5
15598 20485 8
19952 24561 10
3869 15727 1
10807 19157 4
8779 23563 2
16026 17778 1
14190 21365 6
9472 11934 9
2365 21936 1
8143 14870 1
16641 20000 6
1898 14082 7
1197 2310 8
19116 23311 10
1357 14285 4
8244 12020 5
467 9982 5
8823 11186 1
4247 8857 9
19960 21525 4
15076 19357 2
22777 23361 8
18303 23331 6
949 4063 4
15496 16938 9
650 18851 1
8383 12324 6
7558 11068 6
3837 24944 6
5699 9540 2
5427 18333 6
9245 23667 9
152 15612 4
4833 15413 4
4724 10300 4
432 2015 4
4404 8505 4
3208 5103 7
4433 8106 1
13552 18860 6
7743 13129 7
11072 18531 2
12875 14183 9
4560 8661 9
3777 5023 4
1903 3297 5
8203 21836 10
5705 10216 1
641 14713 1
3709 5904 1
9102 22089 7
4597 20332 10
3266 20818 4
18424 18455 6
9544 11290 9
6641 13709 4
6048 16375 3
1269 9306 7
5094 9341 2
17307 24930 10
15883 20376 5
9814 20687 8
3574 8277 9
1814 13408 3
948 15067 6
2097 17188 1
867 17311 9
9682 24501 3
13645 16921 7
1576 9594 6
16684 21927 9
1480 20090 5
2381 19909 6
2862 9835 6
9115 24874 5
1712 24076 2
822 21915 10
17466 17705 10
13505 18898 5
16180 22118 5
7413 23347 10
9730 14999 2
15307 21925 3
2302 6079 9
15941 24543 4
11356 16159 7
645 10393 2
9163 18098 9
4831 5872 3
18669 19733 5
1015 22956 2
3933 5010 10
5653 20722 5
18549 21935 2
8216 12749 3
12997 20326 4
5538 17452 10
3844 19005 10
4942 13998 3
5989 8673 4
6956 24689 6
7519 17720 5
10220 24519 4
481 17670 10
8121 9559 6
12897 23318 5
12205 23431 9
7987 9926 10
10208 16429 7
19460 24797 9
3550 24980 4
5248 16334 4
653 11568 3
13702 19830 2
870 15008 7
17849 21843 9
9836 19687 7
3386 14799 5
9141 21540 5
6156 16907 3
4334 10794 9
1073 5189 10
5733 15462 4
7653 14346 6
5146 24727 1
213 19579 5
10750 24774 10
19823 20180 5
1518 8832 7
13426 13875 10
4810 19649 9
15606 22410 4
17637 17744 5
15698 16377 7
2150 13851 4
3965 23151 2
15330 19849 9
22823 24637 6
3423 9598 7
18552 18608 4
3937 24288 5
17821 18581 10
10603 22230 4
7176 23094 4
5436 21156 8
8140 17422 8
3653 21893 9
15297 20890 10
7940 17315 2
221 1850 9
18209 19942 5
17744 20806 9
7164 11879 5
1586 13976 7
2943 8433 6
1917 23207 9
23995 24103 1
12483 16303 9
16221 21049 2
11164 11214 4
20974 23990 4
13118 18856 7
2585 3857 3
7634 24996 7
16033 23023 8
9148 19550 4
12833 19981 2
10351 24126 2
7432 20476 2
12198 16055 2
3893 15976 3
11090 13072 7
19045 19965 6
7026 11867 5
4364 8934 9
1601 20212 3
10424 24065 9
5305 11729 3
12095 22161 4
4691 15291 9
3679 6287 3
1089 4963 3
1654 3638 7
9514 15071 2
19823 21039 3
3498 4529 6
8990 12637 2
12559 22133 6
6648 11857 3
216 13827 7
20594 21476 6
20990 23991 3
20863 22858 1
4885 6307 1
2894 5643 3
11405 12517 3
3437 9525 1
8396 17012 10
4174 19506 9
8914 22528 10
15241 19135 8
1542 10982 7
8470 9328 4
1621 24643 1
308 21682 9
1107 19556 3
6845 17736 7
12301 21937 1
1498 3147 10
7473 13204 5
4209 20418 1
8262 20619 7
17266 24339 10
2703 15984 5
3304 8150 8
4781 15210 7
12235 15519 7
14773 23845 1
4924 14912 6
6814 8127 2
8697 23292 8
14176 19558 3
5946 9017 3
6991 12260 3
7814 19358 4
5733 24843 9
5769 13246 2
1418 14265 4
2586 21105 6
15764 17756 2
4134 4547 7
8971 13393 2
15640 20900 5
9627 10046 8
5878 7648 3
4715 9494 10
4036 18040 7
2336 19143 7
6471 19379 4
13780 16225 3
8022 23704 5
2953 15946 8
1862 5293 3
476 2058 8
8900 23028 6
5377 15776 1
1966 10056 7
3521 19429 8
7540 19250 7
23330 24956 3
7620 20387 9
8310 16262 9
7600 14709 3
14923 20911 5
3580 14535 5
15841 24070 1
16943 17809 6
5084 23360 10
5615 23745 4
19644 22379 1
19730 20700 1
1035 4052 8
2422 12888 3
4893 14839 6
4199 10046 5
5726 14656 8
6024 23882 6
11153 24475 5
160 16863 6
4605 16828 3
1037 10557 3
4272 13293 2
1734 17018 2
7724 9668 9
17446 17841 9
16273 20375 4
11901 15553 10
14384 24157 7
5206 17547 1
1918 11978 7
880 24765 8
6219 17979 5
10829 10960 5
13088 24705 5
9885 24520 5
3802 17105 3
864 8025 10
19868 24633 1
4076 5310 2
11948 15162 10
3172 10105 4
799 11583 5
1257 24595 5
7435 16857 8
2733 3762 7
4219 4632 6
9252 18355 5
7288 11484 1
5570 9056 9
11409 23838 7
6617 9790 10
10898 20803 4
4607 17970 5
7419 15799 10
11087 18210 8
10736 16671 5
7112 11332 4
2459 8128 2
725 17682 8
6602 21443 9
10490 20149 7
1202 22274 3
961 6994 10
2687 5712 7
2820 8429 7
12540 17789 2
3555 8944 10
17588 19837 3
10984 24870 7
21001 22367 3
14995 18475 4
8504 24524 4
5692 16612 5
6887 9087 4
7240 13876 8
2551 18775 2
6347 21769 1
7310 20035 10
3988 9028 8
11238 21634 9
15692 16688 7
17534 23077 10
3588 14135 10
4462 7577 6
20022 22213 10
10715 13382 10
12875 20096 7
11209 14120 8
12113 23173 7
3920 16796 3
1488 5764 10
5019 23657 4
711 20928 1
5230 5617 4
8133 20305 8
13922 23507 3
14234 18863 5
12855 22978 7
14463 17645 10
12798 15968 1
14988 18759 1
1163 24857 6
6230 19425 6
18701 24702 10
12903 22317 1
19118 23801 5
16036 19563 9
3226 19884 6
14505 18287 3
12690 17524 4
3811 7928 10
9801 17878 10
2115 13967 5
124 6318 6
2397 15337 4
23033 23691 5
5313 9083 9
2179 18808 4
5672 11574 7
4638 8531 6
11942 12403 2
19454 21962 1
11256 21251 9
18288 22890 10
13784 13953 1
4498 12968 9
8976 16715 3
14357 18073 2
6269 22505 5
627 18356 5
13990 16598 1
3500 19524 8
1298 8756 4
202 17062 10
142 14878 3
12063 18730 6
17631 18296 6
19656 22835 3
17845 18632 7
13015 13906 4
5235 5302 1
11434 24901 7
7241 24664 6
15873 20765 9
8512 12400 9
736 8983 5
15224 24396 6
10648 21675 6
1497 18068 5
398 1747 6
14322 21062 3
7045 9221 3
7582 19081 6
5854 5955 10
7645 22486 4
12735 23712 9
24403 24416 4
7905 16420 6
11238 18936 7
7013 21156 1
13223 14714 9
3497 15799 8
12388 22376 2
3877 22408 8
9424 16177 3
5539 22665 8
5047 12282 7
6208 23498 3
13589 24876 3
3880 10049 4
15131 17494 2
14735 15972 7
23110 24777 7
2193 18071 2
17202 17279 10
3598 15774 9
13304 16113 1
13250 20682 4
10860 17130 4
469 16230 4
2014 9551 4
6509 19693 10
14281 23799 2
4732 13081 8
16808 20213 5
2403 14141 3
5388 15942 9
397 17758 10
9527 21736 9
14314 15443 7
524 2757 10
1786 7925 6
7494 14662 9
19861 21839 4
10249 16978 10
4764 16635 2
11853 18692 8
3719 18884 9
560 7323 3
11604 17037 4
9597 10943 10
14366 23228 4
10867 24792 2
5431 5956 2
6128 24305 10
16323 16562 9
12366 20175 8
15075 24823 4
10050 23554 2
10168 12985 2
6006 17964 8
6542 15448 3
7210 22147 2
1812 13175 6
14286 19911 8
3466 14006 4
6368 18890 9
22231 22493 5
485 9654 4
9026 11645 10
1983 18370 8
570 2172 2
7446 24060 1
7267 20894 3
9952 16596 7
4768 14472 6
805 2984 3
9723 17759 5
1743 13149 3
16328 17083 3
3494 14744 4
342 4211 4
18021 23918 5
248 9823 7
14109 19383 9
8811 15572 1
6127 8233 10
3365 12335 3
52 17826 7
10776 18606 9
12016 22736 3
11374 24479 2
3017 18850 2
18987 23806 9
15720 17078 6
11294 14499 10
7140 14125 2
22516 23272 8
9143 12850 9
13927 16354 8
1085 14028 5
2047 14904 5
21988 23380 3
2542 7911 7
8873 23989 6
9412 17839 3
4899 7533 8
8926 15705 9
6471 6662 9
20328 24919 7
2311 22070 1
18676 24660 8
21391 23654 2
8517 16926 2
22457 22994 8
7212 22327 4
7472 16071 8
20327 22132 8
6430 7095 5
15132 20813 2
3581 17430 6
17774 18290 8
12075 14215 10
11493 12867 4
2451 13161 1
19062 19193 7
4949 7997 10
4883 13321 3
21944 22604 5
218 12688 4
2191 15542 6
9507 15792 4
18964 24539 8
18648 23391 10
7330 15616 9
6556 14420 2
1351 15721 3
2151 12412 9
5051 11721 4
11026 21902 9
12673 22786 9
2924 17727 2
12290 23517 9
16684 21435 1
4072 8535 5
1547 17951 9
7061 13944 7
17933 22204 8
4382 8922 4
10086 16610 8
1267 5122 4
8261 13912 8
8632 24027 7
9615 18702 7
11556 14322 9
8958 21051 6
14752 23512 2
600 2509 2
646 10705 2
604 5673 9
3835 19044 7
5183 14121 10
16927 23883 4
1094 18343 10
9210 16197 9
7622 16423 3
3386 20805 4
1673 23741 8
8325 18868 10
2852 5563 9
23767 24432 5
15418 19955 9
2251 11961 8
7399 19455 10
14016 23567 5
6553 18882 7
483 9591 2
16582 17276 10
2390 20469 2
13109 19665 5
16576 22564 1
2957 13663 3
5521 23824 2
823 19107 6
19070 23037 8
9669 12253 10
12651 14023 5
12154 15499 3
11899 15439 1
13314 15448 8
3795 8922 6
23061 24876 8
4148 14057 2
11208 11518 1
3708 14916 2
18357 19648 9
903 23518 6
14745 20322 8
9702 11796 3
19180 21565 1
12073 12316 1
8313 21614 1
1828 17002 8
7788 18005 3
4914 14203 6
5283 21426 10
2992 20729 5
6531 24571 8
4317 5446 10
8901 9597 3
2481 9429 4
10404 21384 2
7800 8909 2
10039 13862 10
3900 24845 1
1855 24134 5
16817 20295 10
7030 14841 9
9503 18130 3
1939 14148 3
11058 13896 10
13030 19650 3
2617 12627 10
123 23598 7
7223 13951 6
12622 18584 3
1536 8517 2
7943 10199 1
13384 23298 8
6170 19511 7
21900 23565 7
8430 9036 2
853 22810 10
2495 24534 10
9496 22949 4
8673 19953 9
2930 15948 8
12930 18027 7
9139 15015 4
9369 22403 2
3771 6820 1
2213 3019 9
7985 23633 8
2503 18077 4
17886 21489 4
1782 4106 8
4 12659 8
12748 22884 5
7229 16947 4
7116 13513 2
16909 24847 7
1798 2512 7
2501 5426 10
14863 18607 10
5092 9626 8
10732 21821 7
10605 14434 6
10061 21881 9
5141 17391 6
9700 10923 4
4936 7643 8
12791 15172 8
906 20980 10
3901 3969 2
23996 24409 6
15510 17852 6
6261 15458 5
12647 19093 10
4966 18430 4
4131 21539 9
6773 14085 3
9720 23180 6
10574 18980 1
21088 24552 4
14435 21013 4
11660 16752 7
8212 23969 9
17875 22180 5
5444 16124 7
3053 21531 2
4478 15461 9
6859 18152 2
18233 21884 5
16285 24507 6
12255 17824 1
21672 23076 6
13949 24013 7
10021 19947 2
9653 17553 1
485 13067 10
2946 21780 5
2478 14473 9
3123 15945 4
4832 10700 5
11218 22959 2
3540 5386 5
13019 18131 5
14893 23220 4
1686 5903 6
22013 24612 1
16621 18954 2
1576 2385 5
8767 12525 4
7626 18976 3
6069 13526 9
8592 16101 8
137 24330 2
12362 23329 7
8545 21534 1
3012 4549 3
4877 16017 2
5691 22019 3
1145 19505 4
10114 21379 1
1173 19355 10
2871 5857 2
7166 19868 4
12868 21068 1
2343 20353 1
6958 14010 3
5224 23612 1
2205 15254 6
9794 11018 2
8432 18883 9
16892 19943 4
894 21141 7
3713 9891 6
7169 10161 5
1740 15797 8
2569 6091 1
15814 18590 6
1496 17723 7
12917 13032 2
7780 12483 2
11690 16617 5
19338 23809 7
11000 24601 4
8069 8911 6
7158 15692 1
1057 3424 10
1716 8383 4
4133 23831 7
3606 17508 9
8965 24526 5
13664 20050 10
5085 14233 10
4458 21895 9
2018 7615 9
1210 11196 10
4761 15515 7
21925 23720 9
875 3881 4
6012 16270 9
13555 15855 7
3131 18539 5
4964 24822 10
4762 19673 5
2648 9443 8
1865 9250 3
2248 6658 1
3062 4761 6
858 22355 3
8304 19546 3
12774 14889 2
16879 24153 8
4347 15312 6
7072 15419 5
17121 18741 8
22183 24788 6
10514 11240 1
5315 7655 9
4373 16132 5
11507 11963 7
18554 18609 10
10171 17016 8
3558 9446 4
813 1157 6
7990 20193 5
4091 24549 6
15290 24022 8
2020 24557 7
175 10520 3
3251 18436 4
1836 18125 7
6483 23122 3
9469 17656 6
3010 14540 10
4930 13002 4
3353 19731 2
6348 15152 8
1249 3904 7
14862 16076 9
11787 20819 3
19685 23876 8
20485 22706 3
1345 5314 10
8051 9472 4
21205 23673 7
11840 12454 3
5109 20736 7
10538 22834 1
8072 14837 5
1895 4127 7
5017 7667 5
10748 15704 9
14771 15221 6
11567 12057 1
6750 17989 6
12514 14244 2
2354 23825 6
6495 21503 7
4725 6371 4
18692 24048 9
14181 22455 10
16362 20064 4
942 23026 8
7242 14562 9
20657 21041 9
16125 21303 7
4582 22552 6
7367 18590 3
8746 23948 8
15894 21668 8
9809 16578 9
7604 12744 1
7547 8847 5
1793 9359 4
6094 24898 7
10671 14143 1
6899 16252 1
877 9900 6
8862 14500 3
10398 13020 10
12533 24405 2
5463 12952 2
17526 20728 6
3051 8372 8
13556 19089 7
4814 17865 7
2692 9907 10
5718 9165 1
2728 5063 7
77 3014 7
3116 21343 3
10485 11106 3
20169 21770 6
20436 23688 3
23412 24556 5
13040 21828 5
2035 9167 4
2510 10472 4
12303 24745 5
3196 11611 4
12463 20818 1
4426 23469 1
16977 19523 3
5219 15568 3
16032 18840 9
18970 22022 5
10759 24517 8
1855 5866 1
2149 13522 5
9291 13872 9
14707 15353 8
7794 11240 2
13660 15374 7
7075 7149 4
9618 22501 3
19456 19936 5
16542 21808 2
1767 14449 4
10625 14603 9
5926 5978 7
6977 10181 2
6264 9419 1
10789 17357 5
10918 18913 3
3477 19128 3
3102 15057 7
7466 19199 4
2508 3157 1
13017 16601 5
2594 3319 9
5876 8459 1
14794 17280 2
12422 16734 7
17171 19167 3
8068 21955 5
14290 24763 1
1684 2332 6
4401 17972 5
1240 16184 10
2782 8509 10
8786 15489 10
8409 10472 7
4103 13581 2
8427 13328 3
8688 16349 1
5796 23564 1
3282 15972 7
4081 4679 7
7235 7911 9
11635 16977 2
3960 22299 5
19528 21570 6
2704 24193 5
10634 23066 3
10218 21202 5
4571 21520 10
1667 24651 2
3684 11924 3
7424 8251 8
8596 14614 3
5798 7849 8
1648 17897 7
15225 20531 2
3313 23635 6
2828 12447 7
15200 22258 4
8422 8651 1
21955 23027 7
13298 23442 4
10402 14505 8
1134 19215 3
8440 15441 1
4066 20501 10
13136 18881 3
10831 21271 4
4123 5933 3
11133 16443 8
87 11762 4
14513 20860 8
1979 3113 6
7403 13073 5
21340 21859 2
6011 17704 9
3749 10645 5
3325 23118 1
3090 6063 1
19096 23395 1
11838 19286 1
10621 16134 10
13111 18607 8
13372 14270 9
14002 24520 8
174 6845 9
2467 10313 4
4441 13737 5
1391 17272 10
5277 6281 3
21837 24643 8
2373 11595 4
17317 18877 5
9475 16400 2
21586 23660 5
662 9696 5
10897 24555 5
8981 10486 6
4411 15953 9
290 15560 4
8444 17888 3
8787 16405 3
1504 14027 9
10468 11651 6
4177 18234 8
12955 23606 3
13930 22321 3
19927 20282 1
2128 8645 3
1186 13656 2
9501 13112 10
4723 6799 3
17437 20444 5
13263 23543 1
2445 3941 4
4752 6572 10
8770 15793 8
11261 16067 1
16126 22828 8
2843 7120 3
9636 20960 1
6077 6501 7
5823 24486 2
7792 9811 8
3295 17460 5
18341 24070 3
13009 24963 5
546 19483 9
19751 22938 6
16934 19048 1
17741 17830 2
5593 10577 6
7337 7508 8
1739 8833 4
4315 16416 8
5591 13476 5
2436 7412 5
6003 11741 8
14586 23219 3
1230 5110 7
5507 15773 2
3162 4543 6
15432 16377 2
15535 24518 5
19023 19884 1
3105 17454 1
2996 9872 2
16898 23970 5
2856 9548 3
6490 7966 4
6655 17627 4
6919 8806 8
8351 21439 7
22223 24047 8
13054 24057 6
3731 16743 8
7652 9477 3
22595 24364 7
9378 19256 10
16210 24800 2
13048 21776 9
6428 6527 7
9038 13646 10
13314 20639 8
5342 18747 8
1445 17041 9
163 17994 9
6373 17347 2
1599 11284 6
9239 21397 1
741 18571 7
1350 15398 4
2483 21314 2
4570 8979 6
23836 23881 6
4404 10573 5
3681 3854 10
502 15807 3
6049 19690 5
368 14782 6
2761 18988 10
1617 19237 3
1534 14474 1
13259 19986 4
2119 13301 6
12231 15510 1
9240 10714 6
2245 14576 5
20838 22641 8
11606 13090 8
10062 14875 2
4751 5291 6
8819 12520 2
11967 13394 6
11865 12256 1
1223 7897 10
637 1839 3
3551 14428 1
327 11191 10
22155 24232 4
2765 24538 10
13311 14117 1
1010 7413 8
18897 24172 7
23287 24082 10
20247 21050 7
13640 15224 3
13822 18138 9
21394 23422 1
903 15914 6
12214 18864 7
3140 22581 6
13163 16591 2
21566 22304 1
1587 21416 3
8624 14907 6
14446 14639 1
1733 7612 3
80 4122 8
8605 24465 9
6152 9699 2
2970 24266 7
11113 16604 7
2522 13422 10
4978 14711 5
704 7078 3
19432 22468 6
4760 16451 4
112 22120 10
14391 20208 1
12291 12626 1
7015 16779 5
9589 11317 7
11495 23282 7
755 1531 7
578 4598 4
3400 18610 1
4626 17940 1
3094 8269 5
11527 17771 8
20925 21331 8
5715 19525 10
12745 16386 8
16387 20904 8
17166 21545 7
2657 8992 6
10613 20335 6
15699 23462 5
16291 22187 3
20500 22928 10
16553 22164 10
2319 21422 6
20680 24410 2
8878 16463 7
4057 12604 6
4218 14257 2
8639 21165 5
1122 8601 10
2696 16065 10
16702 17291 9
23593 23717 7
4240 15662 3
13455 22061 3
4507 21035 2
9357 22086 6
8146 9016 3
7719 11814 7
21122 24648 1
7559 18035 9
14923 16580 9
2133 13692 10
3699 9754 6
5095 16205 5
30 16075 5
1262 10328 1
2610 4957 5
7992 14736 2
7830 13590 2
440 20039 9
2084 18769 9
15864 19792 4
471 636 10
1487 13965 8
8120 16046 8
1915 5927 7
992 5887 8
17922 23891 4
11906 13901 4
4778 6828 9
9223 13767 9
15671 19497 3
9463 13291 6
7759 17911 9
9095 16160 1
958 8745 8
15119 22324 2
7832 13206 4
11903 21823 5
2540 2665 5
15836 19612 7
3226 13376 9
10510 14511 6
10762 24798 7
9233 15545 2
7437 14234 1
153 1416 2
11948 19857 2
18925 22731 7
6642 7959 10
10810 14194 6
2472 2821 9
4633 5136 7
4366 7709 5
648 16251 9
12283 20226 9
7216 7826 9
6029 10702 8
1254 20688 7
244 2599 3
938 7605 4
4928 14385 9
5965 8702 10
1012 4737 3
9839 15398 7
3267 19091 5
6817 8202 1
1926 8295 1
8663 22192 4
12141 19988 10
1957 2686 10
1827 3092 1
6725 24234 1
2538 7038 3
11234 23080 7
3958 24185 6
14945 16823 5
9392 12861 8
2089 11418 6
13807 23236 6
5573 10480 1
7781 18420 6
10619 17761 8
11207 11900 5
3495 18709 3
16016 21191 3
3123 17156 5
5835 15005 7
7992 11185 7
13848 18044 5
6169 24065 2
1966 14991 4
9892 12550 1
22 6929 10
4550 13969 6
3654 5753 3
14125 18108 4
197 1361 8
8179 22813 5
5329 7056 10
9526 24606 9
4893 16825 4
6526 18170 4
6450 7002 1
23241 24408 6
11610 13333 10
3111 7729 10
12646 22594 6
1480 10391 8
11208 12766 3
7476 18220 6
11558 16666 5
2342 23527 8
18567 23370 6
4313 16970 10
4537 18494 2
2268 3714 5
4461 13708 7
9437 19146 2
3198 10469 8
5676 6741 4
986 10963 3
2225 20819 5
471 8146 4
3400 3857 7
2387 3387 4
9128 21426 7
1968 16827 5
3837 6773 8
3302 7205 3
75 13012 2
6481 20304 6
5612 18715 1
1606 3747 7
9136 12112 7
9329 23999 1
3627 8696 3
23357 23448 4
2036 7927 7
2513 22978 6
8367 16522 5
5507 7222 4
4823 12567 4
6919 8674 1
18189 24973 10
100 23195 2
527 4470 6
4558 5867 10
2125 2329 7
4599 10250 3
4262 5613 5
201 5964 2
238 23212 2
3309 22368 7
1398 16007 7
4052 7426 6
14096 18705 7
16129 20120 6
5059 21882 5
904 11787 3
89 9782 7
4748 18162 4
2978 24421 2
1911 8032 10
3906 5822 9
13311 21524 8
5248 22476 3
5771 7448 9
5549 13905 1
6104 18453 4
5160 8069 7
4034 15628 4
721 23780 6
4992 14831 4
5002 9577 9
17690 19803 4
4380 11607 1
721 3247 7
8074 11518 5
968 1255 9
3329 12517 4
31 24321 6
624 4547 5
985 7285 9
2223 4237 6
6791 11831 5
6194 20410 7
7173 24551 8
6938 20219 7
2753 3301 2
5387 18646 7
6040 15735 5
2673 8417 5
3916 19071 10
5386 23127 6
10498 13177 10
4538 23960 7
16336 22395 8
9050 10378 5
2495 14063 7
559 11755 2
6416 22852 5
5698 19434 5
2633 16186 4
1848 17412 6
13186 17821 8
7061 7451 2
2849 9715 5
5144 9362 7
3590 10745 5
5496 13133 6
98 14490 10
2967 23054 5
2267 18282 9
11543 16896 7
7182 12497 5
17489 24621 8
2759 19089 8
1417 12159 1
3790 5439 2
7078 23965 4
17788 20689 7
9087 9813 6
909 9504 2
8645 16564 10
897 13068 7
3578 7620 6
5545 14010 4
2161 15432 6
12498 12559 7
4373 19618 3
2127 2177 7
13023 18256 9
10845 11774 6
3364 4221 4
12644 18375 4
11451 22299 5
2694 4412 5
8433 22885 4
7466 16740 8
11070 23304 10
894 8947 1
2173 18679 9
3590 7615 3
11 5791 8
4245 8588 9
9517 16545 4
5279 16800 5
12794 17695 10
18839 22651 4
7876 20174 4
838 19392 7
1936 7045 10
8028 22154 1
7979 14124 9
17436 23068 2
2346 19090 9
14259 20329 4
2156 8247 5
6818 8800 6
11278 24802 7
4811 10931 1
16076 21547 10
1139 18271 2
836 22457 2
67 20673 9
5091 11970 1
5881 13730 1
7692 14735 8
4812 24115 3
6748 16935 7
848 4196 7
1941 6945 5
6550 9370 10
957 24768 3
235 3057 1
3593 10061 8
5233 14898 6
1905 13777 4
18114 24876 1
8608 16253 1
8396 23664 6
10722 18144 5
910 22051 2
1663 13163 7
6467 10280 3
4111 14739 5
5722 15747 9
410 23444 7
3425 4710 4
18074 22034 6
4107 4387 10
2779 6275 8
4621 10932 5
2514 15808 10
763 1591 7
3426 3978 5
1496 21101 8
2934 17903 4
3593 10811 10
6188 15127 3
4315 24731 2
3207 6200 6
8961 15108 7
4433 15706 1
4787 4984 6
7481 7648 3
598 16226 2
1902 3243 7
1791 21796 10
1847 12738 6
20469 23151 5
3508 6550 8
8286 11465 9
334 20785 7
19233 22876 5
1891 7110 1
23807 23851 2
13423 19413 7
4290 23204 2
3683 9425 6
2465 9869 9
3771 11859 7
4747 14291 5
16702 24780 2
5476 20462 6
4227 19510 3
7024 7427 8
281 2874 2
6827 9242 6
18751 19773 2
7436 24139 3
1011 21995 10
5313 21942 1
5057 6955 8
391 18035 6
577 4525 2
4840 7042 4
7741 11152 4
2946 22360 4
19981 24126 5
1812 18142 4
2777 16307 10
6879 8595 2
2885 18523 2
2055 2075 7
2313 7242 3
1392 14034 6
3754 20281 10
877 21597 4
5496 14679 2
182 14573 1
2489 23925 5
330 22960 4
10835 11015 5
1065 6804 8
14807 22326 2
17330 21625 7
12518 20254 9
5226 22169 3
20033 21002 9
13920 15727 4
7484 16357 3
2579 20104 8
676 983 5
9597 22662 1
2310 23962 8
1647 19442 2
2925 15544 3
635 20571 10
4446 6965 10
15203 19030 8
645 23599 2
4959 24400 7
1350 6557 9
2293 10826 9
6092 6859 8
8157 15520 9
3691 14786 6
1800 9162 9
12381 21107 8
1846 18359 6
9828 23405 8
752 9506 4
2140 5417 4
15585 24897 10
2062 16233 2
1869 6259 9
2111 19769 7
3228 7340 8
1403 5344 5
4434 19816 7
7280 19748 8
6618 14646 6
2078 7453 4
2613 15276 7
3545 7763 8
12073 23528 8
2162 3915 7
2231 19799 1
4242 4407 8
4945 7806 3
980 19137 1
7008 14621 4
9491 19105 10
5945 22129 1
1278 8152 5
5035 12009 2
2695 20991 6
2440 22273 6
16308 24457 3
2278 3172 2
5153 18407 9
5042 5424 1
1863 4933 6
761 14476 10
1843 3351 3
3821 23481 2
7424 22255 5
358 1828 8
3333 9292 2
225 10436 9
2605 19561 9
7732 12340 4
1207 5248 10
1200 5499 7
1333 1655 7
9018 10862 1
6178 15837 6
7260 10478 7
645 6996 6
11732 22008 4
7054 9723 9
266 3561 4
5928 11070 7
713 21798 2
2569 3665 10
295 21525 7
4324 17265 1
21234 22870 9
16640 21383 2
9217 16020 3
2446 3644 10
23040 23419 4
2941 10774 7
1257 16065 3
19637 21194 6
5978 6937 9
3573 5438 4
8943 19343 2
6941 20027 10
11167 14841 8
8680 13001 3
4898 19822 6
9091 9930 9
10504 18638 2
812 3693 7
259 7609 10
10273 14817 10
477 5090 9
5656 12526 2
7789 24712 3
12697 18060 6
4334 21376 4
12651 18444 10
3576 4852 3
8260 13743 6
6848 10878 1
5774 20865 2
2153 6466 8
5007 21424 8
17566 19509 3
1679 21954 3
7288 9338 4
161 10844 4
1603 21411 8
11226 17062 6
2234 20443 1
9622 21938 4
11975 14302 4
3267 10302 9
5400 5948 8
5374 15941 10
2492 4528 7
3548 16076 3
2309 17068 5
4771 21020 2
1304 10267 10
4227 15947 8
6871 19273 9
1717 17953 3
4611 19782 10
10749 20561 10
6406 23997 4
1733 2509 2
6866 15858 1
14966 21980 1
23840 24545 5
5059 7431 3
22101 24710 6
6804 12448 7
6721 16993 5
715 1547 9
13862 20704 10
5403 5424 9
773 3394 9
7210 14413 9
5646 14325 8
11489 11696 7
98 6711 10
18027 22367 9
12758 19148 9
785 3676 2
2360 15414 9
776 5512 10
2092 10313 7
1789 6809 8
4278 5363 4
5950 24120 8
8613 10314 6
1434 24816 2
715 4480 9
14346 23631 3
11159 21629 1
448 16259 9
4951 7076 4
4589 17504 7
16578 22746 9
1446 17028 3
14938 19505 9
2081 11688 10
13112 16485 9
3697 12990 4
11274 16141 2
15507 17597 7
8176 24000 2
6156 14794 10
15530 18226 5
16018 22148 5
417 3760 4
4776 13869 8
1102 5042 6
5088 13836 4
2942 12133 4
1708 20440 7
20474 22825 4
657 3822 9
6074 24106 7
5279 15340 4
2803 4396 3
3829 4107 6
3550 12293 2
13917 19251 9
8085 17825 5
8897 10847 4
8193 17056 1
2639 16370 7
2259 12913 2
16325 17708 3
905 13376 6
5402 10987 4
6659 9598 1
1570 5305 4
2190 14022 6
97 264 5
1092 8390 9
450 11644 4
5118 17916 5
2938 3976 2
3450 11752 7
3323 13255 5
16119 17817 6
8171 17768 3
4433 22656 4
4581 12113 1
14144 19439 6
8783 14346 9
1483 7251 8
4112 18480 4
2827 13684 5
6201 13069 7
1107 21008 6
23597 23665 1
1879 4832 7
4202 5421 5
2212 7574 3
13264 22166 10
10657 17606 7
3538 10889 6
619 9862 1
10285 11912 3
477 6715 1
1809 7239 1
3536 21091 9
8041 12750 2
7056 16184 3
1528 23962 6
7228 8592 3
5903 21026 9
9116 15375 10
1634 15406 3
9694 21994 5
7191 11334 6
3306 17847 7
6529 12451 6
4320 23501 3
8466 21038 4
2037 15722 5
2354 16417 8
2482 13546 3
14951 21940 7
3573 10364 8
12123 12581 9
602 4460 5
4110 17618 10
13118 16492 7
7160 12558 4
12780 13914 5
7636 22502 4
903 7175 6
1507 15300 8
2071 5433 2
2092 5116 10
2905 6747 6
2766 5295 5
10467 20496 10
18469 21752 3
820 12279 8
15982 18948 3
17637 24767 3
1330 5853 7
3009 4491 2
12262 12878 7
97 5213 8
8465 12389 2
13889 20833 4
9607 10873 9
997 2735 1
8219 11814 8
6940 13517 2
2625 8848 10
17256 19864 9
1884 5868 1
18078 21138 6
3655 9986 4
4511 6649 4
4669 12138 4
3884 12871 3
7322 12964 6
18619 24568 10
380 19847 4
7547 13155 5
8091 24636 3
638 13531 2
12 7632 5
17298 20175 9
451 6166 8
2962 17620 5
6270 18246 6
7297 7361 4
14020 15780 8
18350 21308 8
6370 6782 5
11258 24905 9
7869 19271 2
10081 21461 3
6183 15485 3
4941 12824 10
2913 6805 8
8621 16663 2
10596 11623 3
10577 15950 9
11355 22153 1
2084 18627 2
20318 21488 4
5487 18380 5
2872 7034 10
994 2374 7
10527 22625 9
10745 15539 5
509 5290 2
1511 7145 5
6258 23217 3
12859 14581 6
16506 22663 9
1060 9025 5
7475 7556 3
3033 8738 5
1145 9391 10
5223 21959 3
1163 10891 6
12168 24919 8
19509 21585 8
9483 21901 8
305 1085 2
15335 20619 7
11587 21704 9
14272 22725 6
11571 16614 8
127 9107 10
4052 9028 7
11717 21210 9
10667 24513 6
4898 5679 8
5743 10206 5
11987 23503 2
9204 18898 10
12356 17353 2
4242 22414 3
4144 12181 10
9472 9901 8
2366 9800 1
2192 7874 8
3982 22959 5
9884 19724 10
22366 24222 1
14495 14655 7
780 24151 3
7760 20554 6
4344 12376 7
211 7002 1
16492 24110 1
1778 14079 2
783 3530 6
987 22616 2
5927 24364 10
14286 15506 3
3888 19912 6
12833 22586 4
589 21079 4
716 8695 9
4131 10405 3
15916 22602 5
17879 24301 5
35 5954 10
3888 6389 4
372 19366 8
4978 20241 3
7596 19348 6
7098 18450 3
4883 5436 10
3080 22202 4
9198 20601 8
2460 17361 6
2282 5642 4
6643 20312 5
14931 23680 3
7677 20756 10
2388 23171 1
6218 19385 3
12841 14317 1
15748 21669 9
7018 18053 7
16104 23490 7
10458 19212 1
2896 9897 10
2245 11441 8
3578 20586 4
12409 13404 1
1166 3528 5
3709 10975 5
12774 19454 8
14346 19657 9
19630 24746 8
1938 15843 2
756 6720 3
3311 18591 2
6761 22997 3
2809 3507 2
18551 19553 9
16012 24504 9
12788 24396 4
16591 20596 9
16749 19879 8
5508 20664 4
18676 21833 6
21516 23108 2
2503 22322 5
5191 11158 6
272 11054 6
10837 23709 8
10079 11224 2
705 4007 6
14485 15304 7
14662 17206 10
5228 13291 5
11489 16469 9
19419 21554 4
18772 24340 1
2567 18205 1
5917 10642 7
18307 24008 2
15612 18203 6
11528 11660 4
5996 20341 1
6054 18162 4
11036 18691 2
8206 15648 9
1278 7385 1
5556 15117 1
15395 17136 10
8760 21433 8
6764 18263 10
5430 23052 6
5854 24809 9
4704 23733 2
4325 4401 10
4742 19431 1
1005 7135 4
4766 22522 1
8512 18196 8
9035 14347 8
2018 22886 1
3180 20800 3
45 2038 2
3577 10947 2
6840 18400 2
1813 24371 10
8560 16806 7
2174 4890 3
12510 16099 5
1436 1518 2
259 17361 6
4089 24855 3
8940 10934 7
7467 13275 7
6124 10385 4
5122 14161 6
2241 23075 9
348 23222 3
4121 10846 8
4353 10623 4
762 3269 9
781 3433 6
15465 20866 10
7903 12394 1
15729 22217 9
12408 16445 7
6819 11057 4
1036 15550 10
6614 9708 8
2053 21865 2
1163 7061 9
4524 12411 4
1683 20309 10
2559 19796 2
4924 5098 7
3016 8519 6
9712 16904 4
948 19985 7
4958 12307 9
3059 22045 6
4911 10170 4
16038 16961 7
582 18655 2
3858 19459 1
3266 18764 6
4037 20417 2
5646 11385 1
2861 14465 6
16348 22425 5
1864 12089 5
7617 14311 4
13201 13409 5
4991 20272 7
1369 2135 4
46 18726 5
2729 3284 9
5215 7588 3
10388 17846 6
17730 24259 10
1582 1706 9
3465 5655 4
398 23880 3
12703 17452 10
946 6439 10
1017 8419 3
15601 17301 9
1030 6738 6
7726 11607 3
3237 10760 6
2583 19048 2
9902 21536 3
4865 12956 7
13991 16705 4
5416 10082 7
12177 12962 10
14559 24905 5
3077 19637 1
5289 9751 5
916 2987 3
2535 10556 8
1827 7364 6
5360 18650 5
12501 19412 5
3397 21419 7
3479 19301 5
9107 16739 7
6685 15730 1
13404 22603 1
1172 4935 7
9914 14869 5
3013 14372 4
14160 14341 6
632 24655 10
4415 16350 4
1462 8245 10
17054 17302 8
1547 5256 5
7760 14401 6
5400 24883 4
644 3938 2
2583 9904 6
7158 24519 10
6984 9940 6
2638 2832 10
13260 20234 3
3691 21336 2
7331 12440 3
7790 23388 7
3306 5926 2
4021 9797 2
3450 7090 3
3065 11320 1
1486 4056 6
613 5513 1
311 4394 10
3762 16527 8
4700 23307 9
3684 15412 8
1240 12965 5
13857 19325 5
804 8958 4
2259 3350 1
3442 15432 7
927 21891 8
1321 24359 2
6674 22484 6
11826 15752 6
3329 6673 5
4697 21691 5
4304 8521 1
13871 23302 4
20996 24318 3
13088 15670 2
4576 21576 10
3547 18866 7
749 12857 5
5381 7701 5
21352 22651 5
6606 21162 6
1345 23436 9
1507 6716 3
6514 22809 10
202 8646 1
10287 17954 3
2271 4479 1
6871 13652 5
15765 24508 1
15317 21472 8
7260 7834 9
4531 7724 9
7030 8079 5
2639 15332 10
4360 6720 7
11761 19442 10
7426 21253 9
2783 13270 10
12459 16958 9
4925 24217 6
435 13675 1
14766 19770 7
3660 23931 7
4447 12042 4
19451 22620 5
13141 15110 10
5958 20092 2
4011 7268 6
1494 24121 8
1584 5955 7
4595 12738 1
12567 15651 9
2913 18800 4
134 12912 10
5471 22423 1
1064 11335 4
9167 17282 10
8058 18392 6
17553 19601 10
8883 21297 7
2803 7038 4
14519 23318 8
11613 16990 9
2457 19081 6
11830 16680 10
1393 8636 10
2070 5263 10
7420 10774 1
6196 20779 1
653 11595 10
2166 6629 1
9868 13915 10
6585 23784 6
20481 21383 6
11450 22701 8
3073 5596 10
633 7625 5
4420 6522 10
362 23809 10
4242 20184 5
14689 23666 8
495 16847 6
17894 19938 7
6255 6655 4
14763 24610 8
1184 23935 10
7336 17918 10
8516 17581 3
19963 20653 8
4889 6211 5
1667 8758 7
1701 5906 1
3102 21716 10
2025 16919 6
3779 15881 8
3974 9260 4
2012 19269 9
10147 22465 5
741 4300 4
2016 20112 9
1191 23469 7
7348 19462 4
8459 12610 3
20953 24639 5
6077 19827 6
9741 11443 7
947 15957 8
2635 12312 6
2478 10022 5
8084 9313 3
131 7133 2
2979 6127 6
2245 24236 5
2732 10115 2
2812 23309 4
608 7784 3
8213 23793 3
4706 19125 9
14610 14806 4
986 7562 1
3212 6128 8
3960 12312 2
6885 7149 3
5235 7297 4
11492 17533 8
5944 7743 6
820 4606 6
4721 5052 4
15067 19875 5
99 9797 6
410 14201 9
3143 11012 2
8520 22060 5
241 2524 3
2825 14384 2
6094 13291 4
3084 14066 4
7755 9240 9
17125 20601 3
1256 21866 5
3890 10091 6
5347 12109 7
1081 21033 3
3183 21254 3
371 20654 2
738 2906 8
928 4921 9
6740 13222 9
334 15716 5
15969 20806 5
1034 15560 3
2281 7815 9
4641 24463 4
6542 9263 10
6344 18446 7
5024 7499 9
3123 17190 4
426 21671 3
820 7112 2
9667 12835 6
8871 23397 5
6415 22707 3
3665 11500 5
580 3762 9
8413 10356 10
2114 23460 3
15479 17663 8
4969 11690 1
2668 12430 10
305 5478 8
14461 16129 3
377 3460 9
2960 15183 3
19350 20295 3
17709 23292 7
8242 17980 7
7271 18699 9
3077 3241 5
6873 23663 8
1065 3616 4
5714 7952 3
14571 15034 3
283 20986 3
9612 13777 4
6262 7002 2
1684 19920 3
4259 21811 5
3930 10131 9
13989 24419 6
2585 21917 9
6396 14920 2
3383 15523 5
5043 11178 1
1576 23482 9
4625 14461 8
18928 22735 9
8758 17987 1
7333 8754 8
4692 12743 3
7251 23339 4
2207 4877 9
4892 16136 6
2881 8159 10
18422 23220 9
4492 8348 1
5095 20463 2
9582 15959 3
6502 12133 7
20687 22567 3
6858 16964 7
5288 14446 9
401 21967 5
4590 15376 3
2471 5269 6
288 23040 2
4289 24000 4
2119 17624 4
2835 16961 9
17942 22641 1
9990 19778 6
717 18579 7
7461 8530 10
1350 6091 7
1322 21298 4
14067 15877 10
3580 20346 10
8644 9985 10
8471 8927 8
11817 12627 6
4857 20590 2
2809 5184 4
10760 18664 6
381 1319 4
11397 22877 2
2928 21565 2
1971 17494 9
9064 17049 5
14541 24774 10
3758 13464 6
5940 23288 5
4734 10262 3
4472 22788 2
7447 7651 3
2190 5719 3
64 4646 9
20947 22103 8
4147 16242 10
3889 16381 4
260 23080 5
11181 17320 1
2203 3178 8
1110 19537 4
1930 4445 9
7012 7167 5
9825 21521 7
1599 13514 9
8974 21095 10
546 5006 4
1113 3737 5
5997 19583 8
6495 13797 7
1183 8912 4
3124 5627 4
6882 21209 8
162 20863 10
2746 5777 8
2296 6798 1
1682 24697 2
1229 6030 4
3027 16232 9
6019 8081 2
6086 10612 7
756 21047 3
9583 16215 10
6821 15801 5
11551 15784 2
3882 12799 2
1546 1693 5
1196 19815 8
6001 12178 10
15772 23265 9
13808 22863 1
1822 12254 1
1720 19352 2
14451 17083 7
8989 9685 1
8747 15357 2
8440 23867 1
6173 7237 5
3287 5161 4
4939 20437 2
4464 5848 6
6623 23505 1
7661 8568 2
1664 1856 1
23670 23992 1
8958 20062 10
2346 8026 6
13003 18158 1
6078 17058 7
2041 10948 7
8440 17822 3
798 4465 7
7998 20654 8
8641 18059 6
4220 21915 3
3040 3521 9
5059 21069 7
5869 21748 7
2208 10795 5
1346 17367 2
2117 2660 5
5440 22638 9
1659 5824 5
3426 3965 6
622 19245 7
20752 21094 4
19344 22805 7
64 13827 4
2355 6142 1
4631 20108 2
6619 18105 4
6548 18383 9
4065 17778 2
1209 24303 8
402 21642 2
2269 14868 2
439 16611 6
5202 22931 9
7654 24689 4
5243 17805 5
20604 24953 4
10941 12025 9
7861 18631 3
18769 23670 4
1210 17633 1
3778 10189 6
8698 17722 9
2711 6635 6
2888 4720 2
3681 14684 8
3753 23582 3
1724 8469 10
8902 10064 10
6101 10784 8
12204 23901 8
18390 23686 10
1988 19477 10
1081 6252 9
7766 23197 4
3336 24347 7
1527 7597 9
2569 4204 10
6062 8585 10
991 3823 7
13751 18348 6
12054 13901 7
6877 21380 7
14318 14996 3
12660 22491 7
4473 14291 10
2316 2703 9
18878 20330 3
11291 14860 2
8590 21752 8
7215 10895 1
3891 6728 2
5735 18126 1
5457 12076 10
13870 14537 6
18632 22507 8
8408 22830 4
4123 17977 1
5813 21333 1
486 7691 6
6260 7305 5
2912 9688 2
17590 20945 4
22689 24299 3
2473 10664 7
14206 23997 9
4095 5982 1
1012 5780 2
13726 18740 2
2278 15139 7
345 16734 5
2082 3574 3
1927 18923 10
3703 10755 5
6630 18720 6
11052 15281 10
3716 6679 2
1953 5081 4
4714 9566 4
8444 16688 5
5069 6261 5
147 10540 1
1942 4325 9
2502 20470 9
982 16534 10
4987 22057 6
1606 6466 2
2806 4699 3
22125 23269 6
14692 24188 7
18057 19428 9
971 13758 8
1564 24359 2
2241 19777 5
5096 24903 3
12496 20055 9
13118 21790 10
19549 21374 7
1986 3384 3
1207 5658 9
22044 24745 7
5414 13185 5
19267 24144 9
15013 19107 5
347 14196 1
6202 17467 9
11088 15241 5
8806 17235 9
359 3609 10
8891 22585 8
7756 12475 3
14664 24283 9
1549 3803 10
5305 7215 5
2346 6834 8
5559 14300 8
5919 17769 8
1420 11448 5
19892 20721 7
1624 11192 1
6294 7767 6
1205 7738 6
5774 11312 6
5854 7629 10
1867 2048 8
12727 18227 5
2599 5114 4
6512 24782 6
26 11310 5
5626 15975 2
4381 24709 5
2197 12924 2
4580 8081 2
2866 19028 7
17528 21198 8
6905 10374 9
3403 9600 1
19374 22583 6
12891 21074 4
3876 6745 2
4245 24577 10
21203 22914 8
147 14820 6
413 21631 7
44 1340 10
8382 22234 5
5605 21451 4
3752 6597 7
1746 3422 9
3210 22885 6
1855 20209 5
1787 16217 10
5425 17476 7
14350 19972 9
6364 23620 7
16183 18992 2
13652 22366 8
6050 18821 10
3862 10862 2
3683 20860 10
2022 19409 6
10250 22358 10
15354 19588 8
2442 5666 6
525 19573 7
10469 10827 8
21485 22449 3
3896 11574 9
7360 22606 3
19190 19218 1
4106 11679 2
2582 8477 1
2414 7709 6
1655 2741 9
1529 2120 3
6476 21980 3
5761 16280 9
12804 13829 2
1558 15537 4
4845 16401 10
1255 20173 9
7996 18927 4
933 4516 7
2015 21329 8
7758 15431 7
3456 22704 10
5980 16221 6
5357 21213 2
1680 9105 9
58 2665 5
16693 18843 7
1025 14706 5
15743 19066 9
9440 16518 4
7461 16696 2
1763 15489 3
6550 18171 7
785 21803 4
199 23972 1
11739 24392 1
26 4212 8
4384 17910 5
481 3594 1
6014 22730 3
7404 21781 1
12582 13368 8
745 4225 2
12285 21342 9
7744 14401 10
9349 23405 5
8782 18074 10
6835 18389 3
2467 5772 5
2385 14170 1
3284 14849 5
4581 21239 10
3889 23713 3
4626 5353 3
4647 6933 2
1715 8946 3
3855 5234 7
255 24979 1
5595 15290 2
3663 8336 1
5911 6388 3
5969 8082 9
13153 16474 1
1424 15039 9
3665 12048 3
7560 21278 9
1860 17417 4
2738 16195 2
5327 12433 5
7150 7982 9
721 19447 5
672 840 7
16692 22437 1
6858 21434 2
4520 11659 7
2425 2440 3
1415 1732 2
10979 22907 7
5633 19736 9
3709 15580 4
10118 21960 2
9561 20783 7
1688 23012 1
3112 20140 7
11802 13631 9
851 9534 4
3324 16181 10
2147 13222 7
4265 4903 6
12960 21021 5
4364 5929 5
2140 20109 5
1793 7171 3
390 4254 3
11789 18077 1
13610 16962 8
1818 24228 2
1379 2190 8
6455 18486 7
27 23110 5
27 5830 9
5063 13994 6
13438 22197 1
11271 14033 9
14429 17027 2
11544 17872 6
636 7236 1
3275 19078 2
2453 13957 4
1591 9345 7
7347 22846 1
4703 21088 1
6469 23559 2
1329 6500 1
4028 12191 6
1459 2069 8
3670 7836 1
7344 14521 9
8797 19804 8
9192 16755 6
4672 7210 4
3533 8465 8
6905 18970 10
6802 6873 10
3732 20056 6
3503 12589 8
2557 17041 9
2546 3531 6
1984 15267 4
2813 12312 1
15070 20249 6
1876 5271 10
6776 21901 5
1215 17283 2
2230 13941 6
863 9730 1
553 5921 1
3729 20576 8
6172 17214 5
6156 7046 1
83 14700 7
7337 8640 5
1223 24392 5
924 24403 1
6473 7849 4
2027 4169 9
12268 22750 7
14783 21124 9
2046 24174 7
4130 12755 10
738 23529 7
16466 20708 3
21 7956 7
1409 10874 10
10531 12122 3
5595 16237 7
1726 18307 5
4793 21770 8
10202 24287 9
4690 9248 6
14384 23438 9
1230 10245 4
6773 8811 9
5429 8766 10
6804 24158 7
11268 16281 5
6503 17045 1
5880 13329 5
5487 20169 1
7070 24673 8
5149 7050 2
1419 12218 7
1952 4456 5
1978 24600 1
6935 10667 7
13617 23371 10
6244 11779 1
6646 24781 1
11337 21625 2
9269 11095 7
4985 5911 7
3896 22275 3
1432 13847 7
1044 9660 3
5206 24444 3
2985 6956 10
2973 7127 9
2023 3199 7
13794 21394 4
7315 19550 5
2031 16012 5
2687 10915 10
1365 22955 6
3994 16462 5
3445 6916 8
16976 18489 2
3295 18921 2
130 8977 9
19 2364 3
16214 19724 8
6818 17879 2
342 1739 4
3651 16823 5
4793 7418 2
4134 10057 10
256 17153 6
9124 24681 1
2001 10277 5
7342 8309 1
4081 7530 6
19530 21832 2
2123 2703 9
2557 13967 2
6370 21186 4
1458 3940 7
2749 9470 1
1684 4946 1
3213 10126 4
2020 5202 5
13750 22089 5
3631 16173 1
16440 16861 1
1295 24683 4
2227 2477 6
14354 23177 10
13428 24211 1
17854 19798 4
2460 15400 2
4526 12713 7
269 13438 8
809 2628 6
7115 19168 4
236 17658 2
5871 15745 4
11971 15238 2
23895 24923 3
17191 24140 6
2545 23238 5
5887 13287 9
15584 16138 10
6758 20801 6
2144 19796 4
15208 16930 4
6363 21043 6
801 3682 3
13192 17248 10
3395 4524 10
17135 22677 6
19239 21936 6
4296 20263 10
2692 6394 5
4953 13136 8
2221 19740 7
2854 4730 7
5071 18482 10
420 1636 3
1737 16795 10
4107 7659 8
456 5607 2
4024 11677 1
15010 21118 1
7484 9899 4
12751 19166 1
3917 7549 6
2582 17879 3
1759 3773 2
2341 5743 1
4321 5291 2
8050 16667 3
698 21577 8
10967 19910 1
5389 12342 8
1620 6166 3
2799 18071 4
2330 13793 8
6117 10284 3
3925 20286 2
2596 21499 5
14125 16997 4
9558 14440 6
8602 24464 4
6889 8215 5
557 21428 2
11700 17633 2
3431 19997 5
6858 20601 1
7510 21263 3
11788 22177 10
1751 4181 2
1439 15640 10
1865 3481 7
575 11757 5
16317 16350 2
3891 4914 10
4708 5628 7
2548 19279 5
1531 7454 2
17972 18057 10
4310 23381 1
8489 10742 1
424 4412 7
10019 24012 10
2925 5998 1
7426 23773 9
19071 19901 10
13016 24249 1
7603 10457 3
6235 15125 1
7566 15110 9
2290 20999 3
1907 6453 2
2831 4250 10
3051 11030 7
3668 5986 3
249 21952 5
660 9760 7
4126 13213 2
3008 14764 10
3205 6516 10
2721 8428 7
3614 8951 10
7166 16058 9
4931 7538 8
12350 12859 2
11294 12409 3
18878 23800 4
16676 23977 6
782 14245 2
3464 24735 4
6126 16373 4
5069 5091 5
5776 13420 8
7159 14243 4
7915 10151 9
327 6904 3
23233 24975 2
91 4587 9
683 24801 5
4213 8553 10
150 24104 5
313 3525 4
4830 8368 6
8965 12396 4
3272 4435 10
4107 24952 3
12017 19670 7
9916 16704 8
2622 6989 5
10479 12273 3
4068 23104 7
6779 8839 10
796 22557 2
2450 4107 2
12977 20136 9
707 5462 3
1586 6993 9
3673 12171 1
7628 20951 10
23245 24959 8
931 22447 10
1974 16699 5
12575 16631 4
1282 6086 9
3898 18384 2
1557 19558 4
22378 23354 5
17072 18793 3
8450 17105 2
17873 24191 3
5836 21693 10
8285 21219 7
1780 3222 3
3824 23130 5
5272 5294 4
2274 19561 5
2251 11833 1
3721 12272 7
6072 12951 1
1875 6402 6
12698 18195 3
16800 20523 7
7656 10987 10
2502 22636 5
4699 6966 2
14004 16255 10
1902 2631 2
1220 16713 6
217 588 7
4740 8486 4
15740 16910 10
865 5837 8
4389 24453 3
1585 24685 3
4666 12851 1
967 3070 8
196 7952 1
6648 22635 3
1253 20391 6
3498 24768 5
8884 16880 6
1197 3548 10
11952 22246 8
7416 21266 7
13737 18275 4
922 7349 9
3058 21807 1
258 11309 2
1660 4642 7
4189 18357 1
14988 18287 10
3855 17491 8
12358 13842 2
740 24424 3
7000 20273 3
12689 13798 3
7334 21631 5
8704 13154 10
1145 17920 10
925 18932 2
450 11049 6
405 18805 6
3725 23879 10
4020 7518 5
3519 21651 10
1905 11406 10
8353 22017 7
3436 20361 9
4094 4680 10
1382 5209 3
12937 17354 2
9870 21916 4
6720 12048 7
4609 4792 1
5798 12062 9
3507 17274 8
9351 21757 5
6472 22326 5
74 9204 5
7255 8465 3
8772 19163 6
7704 24063 1
944 7221 4
5277 5334 2
1261 1929 9
6763 8382 8
12262 16919 7
13130 22498 5
1916 16401 4
6388 12372 4
13622 16775 1
19244 22634 4
4938 8830 2
3709 5974 8
4413 5540 1
271 23441 6
15157 23372 1
5604 9039 1
15672 18828 2
6280 16843 4
2283 22440 3
7576 15826 6
6958 21307 5
17842 24310 9
5914 7078 5
5862 23843 6
10079 20677 10
4767 14265 5
2579 6254 1
3309 21529 3
11527 21495 8
3778 17886 7
804 11940 4
3497 11270 1
3786 20728 1
2057 13783 6
20627 23538 9
4253 10487 7
16329 21800 5
1879 8943 7
9361 20840 10
11923 18978 8
1563 14455 3
4743 13637 2
11102 19260 8
13917 17449 8
356 13493 10
12903 14698 10
16009 19263 4
4897 7745 4
19953 23792 8
7851 12850 4
1818 8759 1
3323 7134 4
2371 3051 8
5998 22469 9
2846 21430 3
2860 10691 1
4477 11678 3
6112 7323 7
5870 13814 3
2954 21197 7
7905 23440 2
4922 21395 7
12381 20596 4
3417 19536 1
2399 19014 1
1676 1895 9
3459 24228 6
6630 17942 8
4013 22127 9
9946 12606 1
2178 9175 6
3949 4028 4
20020 22733 7
1900 5220 7
1436 5550 10
13423 18476 7
4757 9719 3
5433 6596 3
7034 13205 10
405 4040 5
5915 22602 1
6634 11425 4
3385 23256 7
3409 6461 8
1601 22121 9
15388 16130 6
1316 22863 5
57 20148 5
10207 21462 2
1909 2602 6
12343 20999 4
1236 6862 2
3066 16302 2
5691 23649 9
10814 24716 6
1666 5293 6
3521 14299 6
1006 9314 2
1270 3996 10
8776 15090 1
8027 12082 6
1255 22880 3
3106 5050 1
2315 4362 1
18621 23140 9
6604 7635 6
7791 12274 7
5430 24322 7
8924 17429 7
2485 21174 5
11759 18927 10
2529 7186 1
4102 11686 2
5670 24967 2
4377 5187 2
2235 4669 7
9557 15439 5
14244 18450 7
7243 7740 1
6732 10887 10
11530 20477 7
14549 22230 5
11913 21059 3
4759 19735 10
2337 6975 6
7433 7499 5
2588 3199 10
8441 23737 9
2916 11348 1
12312 18140 4
524 18075 4
7633 8435 2
12396 16105 10
18652 23617 6
7276 21512 9
18850 20134 4
855 7681 3
5617 13628 9
358 1382 6
10743 24111 6
563 2774 10
3391 4139 3
3015 14342 1
1279 3830 6
14134 15508 4
2058 20195 3
2668 11187 1
16342 24082 3
17904 24206 7
2212 17321 4
976 5406 4
2427 11077 7
6755 21694 2
994 6517 4
1309 15621 8
4997 5918 1
557 5575 7
5193 7086 9
13043 14041 4
5604 21459 5
3351 22259 3
4120 18115 5
212 24354 10
3719 6205 4
18702 22646 7
2468 5629 9
8379 8852 9
2518 4125 4
6655 22955 7
4931 8937 8
2659 21683 2
283 2684 9
792 20597 8
7424 21245 10
5008 23940 6
6446 8364 9
2690 23033 9
6588 23508 6
12803 17034 3
2788 3497 8
5673 8822 1
7417 11065 5
1551 20010 7
5840 22796 6
1299 22009 1
3618 18202 8
3236 20513 6
5302 12700 10
6416 19308 2
7042 10827 5
10995 19714 1
2260 24804 10
4480 11040 6
9358 15728 3
2591 23711 1
17389 21013 10
276 4974 3
4266 23570 4
3040 7294 1
691 23769 7
18138 18777 3
4657 18018 2
657 24725 4
6904 14936 8
7282 15217 9
5505 6128 10
3580 17990 1
5541 12757 9
7951 8299 8
6933 13875 9
11549 23072 3
4920 8487 5
8574 20112 3
924 3442 6
4232 19656 8
1069 24178 3
7703 14370 8
11094 12635 10
1070 12151 7
6379 6471 5
5422 11823 2
6621 8784 9
6898 14004 3
3825 5259 4
5513 22018 9
3255 23543 4
3900 5462 8
7357 7409 8
1587 20092 6
2985 24701 1
2643 10878 6
1772 23626 1
1376 19278 7
13169 14905 2
2028 21064 7
10400 18051 9
5755 24473 7
13320 14344 10
6625 8200 4
4334 7176 5
11077 24465 7
16343 19756 1
1572 11162 5
272 21358 6
12742 22815 7
3549 4604 2
7088 8131 1
4305 14866 3
6746 16212 7
2113 3526 2
2007 10013 8
3801 4587 6
9417 17544 10
2071 2129 5
1217 8101 6
5019 21912 4
458 3521 2
7728 13579 2
9127 23119 6
2128 14909 6
7781 17590 4
404 17977 2
6053 20723 2
3862 17153 7
2818 7544 10
2946 4512 9
4751 19440 8
11946 18662 8
11627 19149 8
13554 23360 3
7192 19072 10
152 12757 1
2198 6752 8
3738 10626 8
7690 21736 2
11533 17326 1
10960 23818 1
4398 14251 9
2367 11923 1
11156 16001 10
4388 7432 10
1594 6731 9
2676 5932 9
5897 10870 6
1745 5960 6
11567 12605 9
5607 21567 10
1339 2923 10
3633 7367 9
3161 13298 3
13986 20195 4
2588 10415 10
2633 11068 3
1115 13991 5
6137 20290 8
7640 22223 10
3687 3991 10
21183 24876 4
5056 12761 3
4485 5855 2
343 1031 4
911 6463 3
5779 7842 3
8579 20445 3
1966 6966 5
2730 5175 2
7458 7669 4
18804 19490 2
23562 24564 4
5138 22279 5
4487 4909 1
4697 7094 4
19405 21142 7
5778 21234 4
9886 15677 5
6374 16293 4
6623 21716 7
7982 19477 5
4224 12270 10
20237 21399 6
72 2298 2
278 2666 9
2665 16907 2
6274 11700 3
887 14727 8
8472 13486 9
18198 24627 3
7956 10067 7
6160 14652 4
6318 21165 9
16169 17119 1
22409 24803 8
574 15786 10
4767 22253 9
14137 18451 2
3991 11614 1
1412 11401 8
4634 22233 1
1427 14027 3
6187 13403 10
5700 7709 10
2792 15526 5
8677 15966 1
12337 13079 3
978 22688 9
429 6565 1
5132 9351 7
17039 17954 5
12916 22988 2
3348 12920 1
1834 4260 8
2569 12965 9
9414 21251 3
7540 18357 8
116 6203 5
7552 21703 5
2831 15488 5
2091 23782 9
9660 11848 7
4520 11813 6
10341 21429 7
4568 10220 6
3130 10283 2
9859 17913 8
3429 12672 2
8020 19809 6
3294 16276 8
4020 4683 3
1024 22396 1
5 4763 4
3620 16963 4
15738 22497 2
1359 20252 1
15167 16195 10
5128 21870 8
1095 1274 2
2448 6524 4
17220 23029 7
2999 23617 1
14412 19068 2
7664 20272 1
95 14393 9
4260 9018 9
923 5111 7
11123 18905 3
7099 21732 4
5639 14092 3
2873 4340 6
4187 8011 3
6248 21450 3
1778 11952 5
4881 15515 1
9533 17900 7
5916 15186 6
7971 23749 10
12617 14021 2
13644 22728 9
8167 19129 10
19829 21866 10
2322 8497 5
938 14742 8
7995 19886 1
8321 23178 4
5858 20316 10
7393 16282 6
10763 17472 2
2777 24227 4
11382 22595 6
11599 12526 10
4506 12623 3
3840 5629 8
7252 14836 10
2017 4826 1
5146 22005 1
13126 18568 1
2016 7659 2
7016 24692 8
3051 10046 2
875 7198 7
4493 8644 1
15168 22964 1
4226 5199 9
1167 9765 9
1052 22285 6
3065 15417 6
3319 10680 4
4304 7081 6
6888 18529 10
6340 7106 4
2415 23343 6
17584 23157 3
1345 1714 1
4722 22439 4
11290 22958 2
7232 11511 5
15681 22197 2
3068 5118 5
1615 17389 8
2517 3945 9
740 6660 5
6 3353 5
15430 18699 9
3562 6629 8
4856 5218 8
10299 13534 8
3999 5360 2
3536 5478 3
5404 24579 1
11725 13492 7
18521 23742 1
2872 5224 1
17492 17725 6
449 8656 5
3051 23372 6
418 9857 6
18427 24083 1
13810 23888 8
17036 17397 10
6354 7717 5
7911 22031 7
5043 8424 9
233 13924 4
4804 24934 9
6257 18957 10
2823 18104 9
4147 12207 8
4242 23268 1
10072 23043 6
11022 17043 7
14301 15038 5
5156 22736 7
1993 7029 1
13800 23675 5
3841 15049 6
14920 15038 6
10599 20318 3
11474 15743 2
656 2777 7
2466 21164 4
10097 13988 9
375 2868 9
4532 8207 8
3997 17741 4
1449 20582 10
842 17131 1
756 4983 9
5106 11227 6
1605 6725 5
1609 7291 9
2385 3811 9
6066 18331 5
7815 9061 6
13967 20180 10
1688 3431 9
3335 18033 5
818 4323 3
3749 18932 9
1139 6159 10
2568 6143 1
5767 22879 1
430 17368 1
16622 22738 1
5137 13861 5
685 22071 10
365 23474 5
2135 3059 10
4669 7159 6
11618 11776 8
3676 10433 1
16417 24191 5
4300 7049 5
4355 11212 8
6896 9842 8
15844 18998 1
4884 11233 7
5258 20497 6
4422 11433 2
7353 17140 2
3401 11001 6
18386 22588 5
12721 23054 4
5822 17240 4
5217 11942 4
9345 10530 1
14293 23241 6
9992 22956 10
19111 20990 9
9394 18293 4
3275 13117 2
544 1845 6
4761 23680 5
1847 11911 1
4205 6470 3
4407 7621 8
23460 24207 5
6689 7817 7
1510 5414 10
602 15137 2
15280 22063 5
2048 21760 1
1638 9853 6
16767 19879 4
17870 22526 1
1297 7012 4
6420 24570 4
5799 11471 9
5836 16007 1
5614 24941 1
12916 20829 1
19348 19906 10
4022 7014 5
5178 12432 2
5955 22623 4
1100 20013 9
6599 16280 1
398 11957 2
3510 13734 10
3363 20888 5
5945 13577 9
11052 14176 3
1831 21838 10
6630 7614 3
8978 15076 8
12445 22286 4
66 19788 4
8621 15593 3
16412 21097 10
15107 15363 5
6111 14427 4
3215 20077 3
4136 6865 2
11543 23377 2
5248 24364 5
9341 10196 10
3576 4443 5
861 4553 7
1989 15866 5
2362 5268 2
3894 23044 9
5855 13971 1
7462 11204 4
12939 17026 4
457 21441 8
16343 21588 9
4217 17150 9
20339 20538 9
5935 21862 8
6330 18395 3
2859 20602 2
6153 13395 1
2617 4087 6
3128 24541 7
13212 18938 9
7059 20102 8
275 7273 9
2825 15318 9
1131 23397 6
7612 9091 7
20867 21984 8
13629 17982 6
2383 12138 8
7281 15021 3
4978 5270 6
339 4981 7
17730 23630 1
10612 12794 6
5896 11290 6
1672 13611 10
4086 24975 9
11692 22982 6
4324 11360 7
5530 9491 6
8761 21520 2
3487 4228 3
2354 22089 10
2731 13667 6
3586 16714 4
7767 22954 7
7498 18072 8
9413 16044 4
201 3272 1
2605 18970 6
705 3732 3
13927 17442 2
13239 21109 9
7246 16564 7
592 11588 3
2953 19606 7
19906 21622 10
1598 3751 7
5600 19836 8
6661 11985 6
5826 20527 4
4863 6801 9
13373 22112 6
1469 14125 5
3474 7181 7
599 22389 5
3613 18597 10
553 1058 5
9830 14769 8
4732 5262 7
4136 10103 2
20212 22682 2
135 19152 5
11047 20919 9
280 4961 8
2043 3484 3
11870 16772 5
1730 16732 7
4785 18555 5
5319 9694 4
5415 21256 5
1560 8278 1
5743 7723 1
2497 8792 10
3826 9981 7
8686 9321 7
16817 21269 1
5687 15621 6
5902 15050 8
13067 20695 8
5275 12991 7
10125 14164 5
1655 9587 4
19082 22960 7
202 2094 8
3430 7656 1
11489 12032 3
2207 4726 1
529 21431 6
296 3718 6
11997 22873 4
5765 18867 10
3100 7455 1
3041 3076 3
4990 12958 3
6260 19837 8
3174 9476 1
2391 23600 2
6131 9559 10
5240 9514 8
3121 24779 5
4305 21547 6
1581 3595 2
10772 13586 5
7263 19152 9
9035 24809 2
18629 23082 10
8956 11292 5
14105 17553 6
1245 24538 10
16634 18364 2
10472 11845 4
3807 17413 4
5304 21779 2
2166 23709 6
190 16664 6
690 4599 5
4356 14774 5
6167 6918 7
13256 24009 1
22990 24737 7
7965 15511 8
5591 17948 6
12690 14775 9
10197 16501 3
13713 22247 3
5519 15649 4
10322 11000 5
20206 24473 1
2232 23135 6
1207 13866 7
7523 11644 9
8611 16454 4
673 2818 8
4929 8819 4
2310 20155 4
2501 2966 9
7473 13273 8
94 14645 2
3230 3408 3
16412 20828 9
22067 24533 2
5408 14795 6
3033 8342 3
2052 11149 10
9337 22156 5
22529 23836 10
22943 24410 1
6458 8957 2
12025 18104 9
13539 16666 7
3143 4008 2
14514 23700 2
310 2129 5
3442 15161 4
5284 16538 8
5200 8555 1
2070 10851 8
7294 7589 8
3143 15698 1
4283 18006 5
19465 24917 6
5330 19432 6
3144 17036 2
15137 17931 4
4122 13554 8
18754 21033 3
19724 22906 3
5670 22321 5
5579 20121 4
17708 24505 6
950 10170 3
17034 22325 8
6489 19877 6
269 2171 6
387 15981 10
18805 19492 10
5744 14838 8
962 1038 4
2249 15924 4
4461 18727 6
7085 9387 1
2907 16541 3
2113 21559 10
13126 15254 8
91 4081 6
4007 16163 8
8033 18608 6
1078 4151 6
2591 4664 7
19132 22465 3
13499 15891 3
3202 9491 2
5839 5991 4
591 6469 6
2166 2484 9
3086 15008 4
1844 24370 7
9444 21209 9
41 19964 9
3011 19689 2
35 17134 3
11045 21206 10
3637 8985 8
4182 24083 2
4612 23908 8
7524 23855 5
322 6852 10
5904 9342 5
15810 18597 4
1581 11520 3
1244 17148 2
2681 17781 7
6268 16813 6
695 9646 10
468 1278 10
5233 13137 2
9977 17356 1
2705 24435 6
152 16848 8
1547 23263 5
15468 19583 7
17669 23248 3
4532 21390 7
10399 14591 1
1892 9903 4
5123 16251 1
19857 22416 9
1715 17562 7
1305 19297 3
1601 2513 7
355 4996 2
3796 7373 4
12674 21776 1
3756 11323 2
2374 20538 5
10479 16141 5
2245 13484 6
9075 11954 6
10167 16884 3
7281 17294 3
21441 23573 3
469 21620 5
7524 20177 6
1504 24919 7
4899 21969 10
7454 10904 1
4992 5751 5
4644 9405 7
6466 16015 4
4287 6237 4
20433 20922 8
11347 13861 1
2229 11087 8
1560 7460 5
2865 19131 3
1008 13523 5
942 1650 10
9748 10093 6
2652 4539 5
11570 12137 7
15295 22872 10
3264 23473 9
924 12415 5
1232 16780 4
191 334 3
4396 7555 4
11502 15634 7
15702 20411 5
340 7306 3
15936 16565 3
13397 21465 4
1021 20438 7
4279 17703 2
13742 21986 3
1744 6881 10
4594 24235 4
2352 24920 1
2965 15964 4
5779 12627 5
2318 18608 7
8703 22929 2
9290 21375 8
17990 19084 9
9617 24167 3
5313 16810 2
134 6285 1
5265 7052 3
15295 19324 5
12357 19937 3
5395 10147 8
3766 8696 8
15160 16798 7
11109 12121 9
9396 20032 8
4487 10299 7
12264 23448 7
4976 5933 1
1647 12885 1
2907 4209 6
10592 14720 2
558 1973 2
956 24753 9
1175 2209 8
3717 22543 3
11568 13076 3
10648 16158 4
4001 6910 1
148 9853 6
5074 8418 8
10046 15081 10
3173 4915 1
3075 20465 7
4083 7481 5
19182 19756 4
6837 15833 1
1523 24328 9
748 13323 8
12526 12666 6
12571 17928 9
1964 19012 6
1471 20026 6
3772 8815 9
5554 6196 3
5752 21271 7
7036 10602 6
5353 19305 3
12122 16761 8
10048 15276 8
7172 9235 9
2318 4896 7
1938 6649 1
16293 17748 6
7045 17510 3
718 16414 10
2910 16394 7
14722 23638 3
5842 19560 2
164 5594 8
3919 11526 2
4234 22673 4
5207 7587 10
2356 12004 7
2214 15375 6
2092 3982 3
3588 12989 10
12706 21118 7
2023 5239 7
207 7232 2
1000 5520 2
1220 3304 3
6170 11831 5
19798 20241 6
439 20662 6
17753 21136 1
10364 23425 8
14037 18041 3
5241 22758 2
6569 15433 4
2376 3590 5
8164 18764 4
5508 9849 10
4480 7548 3
1558 2498 3
4334 5206 4
21629 22100 6
4811 23311 8
7694 19457 8
2832 3960 7
6016 24327 6
9696 23814 1
1185 2001 9
7171 19528 10
5112 15482 3
6069 14534 9
6565 20446 10
10281 13687 6
18263 22476 1
3927 24212 7
4875 16776 2
7327 15742 1
1258 14797 10
773 8322 2
1556 1936 5
365 5839 10
2951 12738 6
2079 17385 6
4790 13047 9
6386 17937 6
3913 21768 1
3690 18379 1
16254 20726 5
6684 14104 7
57 14725 6
5482 9862 7
10368 23944 10
1729 3040 1
3669 17847 3
5504 15558 9
5258 20642 8
6248 14525 9
9541 16310 10
4089 20079 10
3856 15153 7
4087 6466 7
8412 10263 7
11100 23302 4
5659 5785 7
8074 24236 2
3134 14738 6
4392 19644 9
3058 24721 6
4012 22359 3
6871 23220 1
3044 19253 5
11382 13801 1
11397 18719 9
7545 18666 3
10035 16397 8
21996 23458 9
23772 24065 9
15524 23521 9
8807 13764 10
6588 18497 10
631 1720 6
2371 5703 6
311 2017 6
7897 24557 9
8232 12408 4
1822 21159 1
9654 20787 7
7199 22936 7
10057 21251 4
435 10941 6
18958 23372 6
3355 16644 2
7287 14237 9
306 3276 3
3862 6773 6
6799 22016 8
3654 21021 10
5871 13994 2
6929 7767 4
18818 18846 4
1017 23988 9
12468 15032 7
6429 13820 2
10134 13896 7
13023 18513 4
8639 23669 5
10212 12732 4
5115 6996 1
10647 24543 4
2580 6934 5
341 751 9
5454 10289 6
6960 15827 3
4736 17579 6
3331 19155 4
8583 11904 2
4801 8983 9
18310 20797 9
13294 16789 2
14557 21027 2
5067 18453 1
2860 24959 7
598 6871 3
2867 19916 1
2166 21760 4
222 20860 1
1243 1741 9
4273 6156 6
7400 19656 5
7722 19570 9
3212 19966 10
964 7342 9
20325 21483 10
6629 10822 6
5200 5441 1
1470 14600 6
3940 22539 5
2893 8256 4
5707 13551 1
7910 11514 9
4387 12513 6
2897 7608 5
175 2769 7
9726 14677 6
2364 3850 4
7135 7743 4
3645 20475 9
3946 5386 8
701 14782 1
10640 21070 8
3732 21648 2
21300 22821 4
749 3035 3
2626 3220 6
6152 22242 4
1719 21711 7
6091 8394 9
7347 24357 5
1392 18607 8
2046 7223 4
5027 6674 7
9456 16571 7
2021 2085 1
1244 4996 8
9945 12630 3
2144 4495 3
4935 7169 9
15703 23308 5
4544 7139 8
6810 21156 6
2462 4735 1
14697 18224 6
14296 14913 7
1368 3824 9
4289 5093 1
3074 13513 9
10300 22173 2
1845 15520 7
6718 11457 4
7507 18012 4
193 10845 7
4911 22456 1
5384 15140 4
2939 3051 1
20043 23616 6
747 21205 2
10309 11865 9
19350 22040 2
1013 2405 5
12600 21438 1
5439 13594 3
2361 14871 7
3590 12452 9
1427 13578 9
2850 6354 2
389 8134 9
1675 24907 7
413 572 2
1895 3030 4
13997 24409 7
3752 14242 7
19235 20211 2
5056 20632 9
10506 15466 7
1933 13837 5
1762 2520 6
1948 9676 5
17541 21415 3
3312 18275 6
7627 15116 1
17239 22156 8
4138 22580 6
1152 17021 2
2598 24280 7
4036 12775 10
5220 12904 3
893 3998 5
2254 9067 9
14322 19738 6
1069 1184 1
8961 24396 10
9579 16324 8
3547 8763 5
1801 8947 5
7510 10186 3
3051 23800 2
3046 20423 2
89 9424 4
5036 17186 4
3110 8593 2
3650 17223 2
8382 23107 6
5436 5922 2
8181 16624 10
6318 23374 1
3403 15218 10
6172 12023 7
1949 6288 7
367 3694 4
13136 13952 9
15281 18486 5
2787 22114 10
4854 8702 1
2761 23983 10
2654 24903 1
1032 2537 7
4131 16277 2
3314 6973 1
3873 16605 9
2823 19379 4
3786 6008 7
22151 23375 10
12327 15326 10
15629 19779 7
2275 18043 3
227 1544 6
8447 16549 4
16412 23609 9
6131 22863 7
11110 15838 2
10805 11644 7
5240 17300 5
7958 17022 7
18469 23163 10
6041 20253 8
2474 23849 8
3135 18138 3
3877 8188 3
190 24155 6
1230 6050 1
826 4058 6
6923 23548 4
4676 20797 8
6579 16442 3
151 11691 6
13580 22516 7
559 2256 1
2169 7201 2
15 5198 4
3361 5567 6
4679 18390 7
4287 13316 3
3024 21970 10
385 10398 6
3896 11485 6
36 22622 6
16063 19585 1
3982 15575 3
6824 12408 6
9563 14863 8
16487 21262 4
3967 4045 2
15836 24026 10
7432 9030 5
4760 9086 5
2442 5381 2
11812 14533 7
655 19315 3
5348 19251 1
1126 14206 9
7034 22466 5
180 6218 4
760 14790 9
4354 11542 9
6494 13558 5
6517 7301 2
5426 16043 9
3045 20062 3
13866 24424 9
8922 22671 7
2305 20992 4
6458 7414 9
12385 13648 10
1781 23509 6
2570 18736 5
527 14825 2
3980 4045 8
1581 10938 1
2286 20712 3
6606 17899 9
4849 17028 10
6336 14474 5
5146 22586 7
18210 22286 8
6507 20738 3
2292 4441 7
16144 22799 4
20195 20529 1
17671 22569 10
230 2313 10
3628 10706 3
11503 13168 7
12603 23755 3
852 22786 2
5962 17497 5
416 2491 10
12434 15204 4
2090 23904 9
7190 11799 8
632 11628 6
4833 13678 5
13642 22507 4
3031 6964 6
2565 20753 10
14934 16290 9
17182 20611 4
14522 21265 10
11745 16585 10
2077 3487 1
12479 22670 2
18829 19266 8
1385 5078 10
16119 19002 3
1215 2390 8
100 644 8
7001 11335 7
3134 5504 9
5718 23427 5
14172 20835 4
3542 13066 10
1903 9987 2
22236 22831 7
2416 6438 8
832 10571 10
3681 22957 4
3278 7455 3
1349 15157 2
4055 22601 3
4310 20939 6
12481 15532 3
1885 2867 1
5320 11624 4
3971 21988 10
4802 16139 3
1037 6175 8
105 7042 10
22924 24990 9
15128 22272 5
6880 24110 3
2959 3069 3
1022 4902 4
3671 6796 2
18758 22780 3
929 12191 1
16947 24931 5
5616 12460 1
5302 21995 3
3944 12669 4
17540 22956 1
6135 12579 1
4201 20212 9
4072 21586 7
5550 10380 6
2722 21142 2
2199 18759 10
4743 21553 7
4804 17439 6
3173 12082 7
3676 10482 1
1534 13066 4
1164 2223 1
4753 21651 2
3815 12938 4
294 14171 10
7712 23888 7
7687 8180 5
491 9537 7
8359 9719 2
11773 13789 6
5498 23428 3
3526 3579 7
2360 16310 10
15682 16001 6
10060 14791 9
148 17580 2
2753 3322 9
8540 23935 1
5782 10696 3
7080 7478 2
18930 22619 7
6412 20816 7
789 7196 6
4873 15697 5
2647 21019 8
7642 7834 9
1010 13465 6
2226 14397 6
8345 19611 10
2796 24698 8
1438 15325 5
2687 3597 6
7648 14299 5
4080 13661 2
10974 15943 9
3259 22989 5
13483 18715 6
14377 24443 7
1629 20026 2
527 13492 10
13525 24754 8
6605 11039 7
19676 20039 2
692 14129 10
6275 14742 7
3780 13427 2
8992 17053 9
1110 6524 10
13246 24290 8
11010 24716 1
3586 20010 4
6518 8586 7
2419 20328 1
14786 21944 10
3595 6204 3
1332 7659 7
3842 17030 3
7518 8013 10
5813 7466 5
11601 14561 3
6399 7505 3
1041 1390 10
3704 23103 3
14188 19064 6
12467 16508 8
5243 7245 4
8966 23869 2
19926 22205 8
5249 21719 9
7324 24397 1
13594 16895 10
2133 19196 7
3172 4587 9
792 18731 3
9089 12246 1
4848 10921 1
1671 18909 5
6601 7144 3
4896 23353 5
5425 9436 3
5561 8599 7
1446 11420 4
8674 21994 10
4498 24118 8
4253 7231 5
3846 7700 4
739 18246 5
3729 10793 7
20951 22174 8
4608 12741 6
19252 21620 5
21570 24347 9
7469 13105 7
1099 19483 3
6362 23106 1
3094 4441 6
2955 9691 4
11558 19892 4
1949 10246 5
2498 4065 1
4129 7612 4
4570 22254 2
1256 5824 2
10545 20660 9
4860 17809 7
18580 21464 9
21354 24833 5
4945 24902 3
2452 5260 7
16114 19919 8
6227 13658 2
5846 20438 9
3023 5188 8
1212 2938 4
1057 6480 7
12093 16480 3
3081 13802 3
8829 14415 8
20316 24820 10
4744 6068 9
12609 19271 9
14244 23128 1
610 24240 6
1656 2145 4
242 7529 3
22640 23019 4
4344 17547 7
7607 21639 2
7934 23130 2
5440 9266 9
8336 14463 1
110 24233 4
7674 9118 4
4621 22819 3
19266 19401 4
18545 21455 4
844 24997 8
17152 18859 2
22260 23098 2
443 17539 6
5743 23165 9
4849 9142 9
4592 21155 8
7901 10209 6
2259 5300 2
8892 9518 2
5182 18082 6
2379 17643 3
15335 21639 8
3469 14571 4
166 12438 6
20106 23507 1
853 7189 6
5112 17645 6
2594 12736 3
15890 24476 10
20937 22209 6
5687 18103 2
2212 7696 4
12173 13514 6
3898 21273 9
10027 24729 9
10421 17321 4
12708 20829 4
20229 20449 5
15960 22268 9
3426 16058 6
1102 1229 2
5407 20310 3
17017 20156 3
14377 23624 6
5719 5790 2
817 20455 4
2021 14006 9
9953 19361 3
21896 24522 8
1512 3014 4
10875 13698 7
5234 6441 9
7032 23084 2
11510 14422 4
2698 12404 5
7338 9236 7
1639 5838 1
2336 5786 7
4811 6040 3
2294 5973 1
965 3463 9
12337 19224 8
2374 12217 8
5427 6986 4
8400 9475 2
19946 20415 1
8136 11678 3
6564 15548 10
3158 6690 7
79 883 5
5657 12207 7
2836 3992 5
3423 22565 9
14368 22510 8
638 12829 7
3987 4040 9
19 15546 4
3034 13859 10
8229 9735 3
5149 14214 8
7690 10096 1
264 5079 2
2094 6355 10
7407 13946 2
10461 24346 8
4823 14256 2
5746 8571 8
3319 17063 1
7404 19423 9
1481 23296 2
212 3969 3
9917 15614 8
11019 13655 2
4975 21280 3
11766 13863 10
691 2911 1
2946 7144 10
9829 20037 6
13518 15297 5
1094 6897 10
1016 18995 9
4787 5398 8
8034 14949 7
1773 5443 8
15808 20684 6
6059 6762 5
9666 21419 2
455 3653 10
48 16805 8
11334 21060 2
5345 21003 6
607 16053 9
2929 21804 9
4841 13170 3
17298 20962 6
8314 22865 2
2193 22190 5
10861 22018 9
7200 21863 9
7085 16645 5
2933 6420 3
2468 12105 6
11131 23168 10
11695 23131 8
2779 8582 2
3215 10095 7
7571 12623 7
2777 23037 8
227 3489 5
3835 22530 3
258 2855 7
2610 22910 3
15864 19771 8
1166 4799 8
935 16696 6
3486 5675 1
17799 21437 3
7301 23118 8
920 4946 5
6881 7796 10
20152 21264 3
1622 12225 9
2029 10876 1
23135 24136 8
4524 15214 4
13240 15041 8
2289 16734 8
896 1128 2
1591 9644 1
860 6311 5
4983 9611 7
2552 15229 7
5896 19486 4
8285 8635 4
5917 18720 4
429 2652 1
5291 18255 5
13296 19958 8
13355 22865 9
2877 20423 2
5424 10744 3
5658 6952 1
1792 20754 10
5621 23984 7
3120 8473 4
5029 15871 7
7145 22200 1
9704 12304 4
10316 10862 9
7476 24675 2
2761 23843 4
10109 23352 3
4720 17139 7
5346 15891 3
4624 8228 1
1413 10071 3
2264 23425 3
3658 8856 1
2152 20482 3
477 7348 4
7583 23974 6
8174 14229 9
13017 17174 8
1670 5086 9
6612 20197 2
11799 21643 3
4307 15576 5
13300 14218 8
4221 20934 2
7053 10169 6
561 7339 1
3644 4815 9
13087 14416 5
2053 23749 7
6102 10501 3
5852 10753 10
7243 23687 3
3738 10624 9
5836 12242 1
3603 8490 7
599 15783 5
7320 15394 2
2436 18142 4
2133 18512 3
1860 11034 9
11194 20657 7
2912 6445 1
16121 22066 9
972 5537 8
3437 7543 2
2094 22919 1
3184 20253 6
9979 10361 4
5627 6150 1
3224 6558 9
6704 21865 3
10318 13477 3
18772 22062 1
1092 5512 6
21645 23479 7
1321 2597 5
3851 6411 4
2822 6788 7
876 13648 1
13411 20399 9
7801 18715 9
2550 6781 3
453 3260 10
128 3762 3
2420 5510 2
17946 22089 1
6890 13083 7
2889 12593 5
69 6807 5
12515 17736 5
1723 5521 10
10957 14846 9
2237 7956 3
6147 13553 3
284 24134 3
10822 20165 8
1160 20633 3
4029 7163 7
2577 7507 5
18522 22229 6
2801 24688 10
2457 23325 10
748 16216 4
7646 22030 1
1526 3179 2
7942 7987 7
1355 15749 2
16746 20151 2
842 4957 7
786 12891 2
3794 18460 1
6295 21984 4
1803 4669 7
12844 22745 3
5585 17294 3
12794 21628 1
6420 13451 2
2356 23719 8
10680 21365 2
641 24499 3
5814 14733 3
4766 24042 4
4600 11130 5
6423 14242 7
9324 17588 2
8403 12854 2
7509 21078 5
1639 15076 6
13684 18293 10
8207 12019 6
6958 15184 9
6658 9261 4
419 16308 7
594 7432 8
3338 9337 5
2697 13355 10
13395 16178 5
2858 10240 8
14230 19038 6
2685 5040 3
16936 19232 10
752 6863 3
22107 23991 5
360 19776 2
2175 13056 1
15560 16997 1
10273 12241 4
12145 14829 1
7431 12786 10
1092 3913 3
10298 15855 2
1327 13334 7
4603 7253 2
7942 21675 4
3590 10818 2
1671 2992 3
16648 18847 1
4912 20603 10
3211 6810 9
1941 10914 5
6062 19173 3
1756 12369 7
2342 13550 8
2130 2786 6
8018 9263 3
7681 7685 6
20895 23609 6
4985 13874 6
1859 8709 1
16332 18275 3
5813 11299 2
867 21270 6
3299 5478 9
14149 18810 2
5061 8505 3
1985 12026 3
17613 21955 1
2339 9731 3
9309 20315 10
1362 6737 9
18801 20718 3
631 16793 10
4249 13962 2
10130 24788 9
22126 24111 1
2223 24543 5
13856 16413 1
2120 4967 6
5510 5601 8
1165 6288 10
10880 20769 9
718 14951 8
15481 19862 6
12463 17080 7
15818 24948 2
8969 10037 4
15137 23486 8
13184 19821 3
3740 5663 1
479 12890 5
23160 24105 10
2157 22211 1
354 14304 6
123 1780 2
15092 18695 10
18225 22131 6
19314 20923 4
994 4575 8
598 6270 5
10940 22970 2
17327 20346 7
9505 16949 7
6210 11655 8
154 5124 4
2239 13347 6
4359 23454 9
13600 14432 5
3644 10347 4
5542 5595 9
18511 21975 10
12206 24561 4
7163 9527 8
7571 23051 2
4825 15397 7
3112 22414 3
229 24165 1
14838 19421 2
7469 13464 2
763 6767 4
4197 19272 10
12303 18923 2
1960 4461 3
1701 22076 5
7657 16588 1
1408 8588 6
2682 3747 1
12300 18593 2
2227 16717 9
625 16980 6
5558 16483 3
120 10002 7
162 13420 10
17584 20070 9
1676 20049 9
19442 20887 5
7171 7362 6
1354 2893 3
952 21939 3
12330 20934 10
12923 16664 1
6659 22402 1
5271 9249 10
2328 5360 4
10188 21691 6
3283 13336 2
8975 17475 3
12436 19947 8
9674 12098 6
157 23469 1
11342 14291 10
6838 21690 2
5002 20630 6
4066 5686 4
3058 6670 10
4571 5164 9
5908 16449 6
6450 12756 7
3598 7559 4
7583 24425 6
262 21083 6
2161 23068 5
6480 23517 9
4609 24928 3
8803 22971 6
1302 9015 2
23002 24935 5
2808 6476 4
1123 5219 1
11578 17271 7
375 7584 10
4891 15909 5
429 20535 1
16297 20087 1
2140 24341 7
12914 14022 10
5474 16375 2
2122 4193 1
2435 5654 1
1113 14777 1
2910 22584 2
1578 7076 5
10563 15654 2
369 23083 5
4742 10414 4
16549 17965 3
3546 5257 5
4619 14152 3
5749 8493 9
7642 24948 1
1902 3959 4
21436 22679 3
11204 21397 1
5163 10036 2
8908 18663 9
14523 23106 9
1217 23677 9
3655 20826 5
5861 17590 5
7031 24524 2
610 15896 4
2737 19375 2
9686 23781 6
6765 22185 7
6616 9632 6
18658 23785 9
15812 17816 7
1504 2217 1
13861 23988 5
8367 13310 6
5834 24074 5
6021 11147 4
1285 4971 8
924 12426 6
7623 24207 4
514 19762 4
4744 4842 10
6010 9872 5
23432 23988 4
2290 5517 7
10972 24646 2
3321 9662 6
4026 23396 1
269 3377 10
326 2608 1
4465 7666 9
5547 19993 1
19726 24395 4
907 1395 10
3871 11544 5
1478 12250 9
14568 22776 2
3928 5919 4
18025 22955 5
6445 17217 5
101 13228 10
6582 17707 3
4568 16764 7
1870 2290 9
105 1594 6
2684 16931 7
1474 5725 8
12489 22359 10
9049 24432 9
128 19722 6
9957 22594 2
3246 4939 10
13219 20973 1
5666 17056 5
1056 20159 1
3044 19488 9
19752 23544 7
15942 19753 3
250 1564 2
10160 10825 3
8772 11638 3
6248 13112 5
304 16257 3
861 1548 6
1909 14676 9
2433 18877 2
4943 10978 4
16162 24641 10
1817 3406 3
10073 21836 6
8997 13697 6
5052 21540 3
1241 15531 7
1288 8366 7
4821 5392 7
6709 17295 4
3920 7373 7
5172 7431 6
18832 22235 7
5091 19029 6
545 17690 5
1311 23797 9
4862 14927 2
8846 24786 3
341 22355 1
1419 24361 2
10415 14451 9
1119 13236 2
7501 23107 6
12507 16356 9
17358 24079 2
15464 19403 10
2059 8299 10
5620 6854 10
2806 12585 2
15449 24407 5
15563 20935 7
5371 24042 3
14045 17281 6
1642 16097 8
9682 18003 5
5952 6398 5
9343 17678 10
805 2139 6
14041 24211 3
5214 14111 7
3969 8734 7
13165 19100 3
1370 7078 5
8 11909 9
10678 19386 9
15134 15365 5
16025 22727 7
13851 19338 5
863 6327 9
5420 6600 7
6404 24097 3
988 11939 4
8546 15168 4
6521 9224 3
6386 15403 9
11735 23499 2
6353 15379 1
7166 10721 2
1835 3215 10
3288 4136 3
11539 23748 8
7314 12744 5
939 7780 10
8940 13121 2
1089 5629 7
14765 22706 6
2704 17885 8
6727 10890 1
7114 13608 3
6108 23331 10
5360 21460 8
4870 18371 2
1210 3733 7
8887 9657 7
107 3535 6
11646 14503 8
1303 11663 3
3719 12914 4
1160 19031 8
7384 14751 7
916 19118 7
8458 18611 9
2159 9696 5
15954 16403 6
1514 2885 7
3242 7347 2
2783 23947 5
2001 5337 7
6191 22219 1
473 15491 10
2324 5404 2
805 12671 4
1263 10337 4
21590 24009 9
19434 23115 8
3771 12185 3
6236 19015 4
267 24237 7
453 5494 6
22659 23914 7
4532 23016 1
10388 11745 3
3912 7057 1
337 4488 8
539 603 9
2178 7901 2
5181 22160 7
5586 6256 2
3234 7308 9
11826 14910 7
10691 15934 6
5444 10796 4
299 10207 10
10867 15968 6
1728 12564 7
2680 5924 5
1310 15317 7
1040 13305 7
184 19045 10
8901 17825 3
7609 7726 10
6250 8103 9
1568 18437 4
6307 10916 10
1442 6841 10
3986 15573 9
1237 5593 10
15049 20170 9
17445 20781 5
8005 9674 8
9187 10490 5
6305 24194 7
2303 7013 9
5669 13517 3
4292 21049 10
6076 22145 2
3836 18665 1
8158 9217 1
18461 24387 7
11582 19679 6
1139 22716 9
991 2836 5
27 11010 9
752 5929 10
3871 20070 2
17091 23850 3
2025 2325 8
104 2893 10
15560 20458 4
881 5923 7
638 3592 1
20095 21735 9
4967 8308 6
4936 24944 3
740 16134 3
6641 17190 1
7386 13893 6
12131 12758 6
3175 4442 3
7599 11555 6
12565 20752 8
2418 9984 10
2574 2964 3
1571 3129 3
5136 20233 9
3727 21063 1
7283 12901 6
1650 7267 2
10798 13109 7
3139 18204 10
4342 7502 6
1915 2171 4
3648 24547 3
14457 23569 2
9741 22815 10
4198 7764 10
2904 6372 1
10515 12298 9
2279 8501 5
1423 15625 3
18288 23512 6
5899 7266 8
1425 24164 1
7011 24791 2
3629 17522 2
6580 19891 5
5176 7065 4
1684 8041 2
205 12783 9
6212 10435 6
1418 13460 6
4720 8066 1
838 21581 8
7584 18602 9
1557 17952 7
639 11254 6
5004 5967 9
5648 9593 3
9068 10053 8
4351 10377 4
5433 23952 2
4714 15911 5
29 17659 9
7660 15289 10
982 10928 8
5100 13150 9
2297 5852 8
9044 11815 10
4239 12126 2
1104 12410 2
3333 15146 1
8164 10985 1
1479 10939 3
6205 21848 8
7913 19322 4
508 13773 10
8841 9337 2
1780 24540 3
395 755 1
2848 4201 9
6475 10169 3
15511 17640 1
13 15874 8
3996 5093 5
4959 17766 8
3569 6238 6
7663 19437 4
4927 12827 1
18748 19006 10
14054 17116 2
10959 22032 6
898 4453 5
3426 18219 5
369 24434 10
83 9265 6
5432 5770 5
12952 15164 5
22926 23136 4
7526 18938 3
2737 20043 5
1021 5413 6
16400 20971 9
5961 21989 4
7894 14359 8
7555 24064 4
12022 20014 7
4074 11238 6
1245 5311 10
445 21192 4
1953 2839 3
7591 11671 8
4674 8457 5
14778 23225 10
7374 10221 5
6822 20539 5
6125 16170 4
18696 24185 8
20125 23788 2
2900 10907 1
3494 7410 8
7838 10969 4
2995 24552 1
1748 13193 1
501 3469 6
4157 9541 10
13291 15132 3
5466 19240 4
3121 10332 9
10142 19005 1
5127 18391 1
130 7163 6
19422 21822 1
7698 8930 3
2355 21230 4
2047 18794 4
2645 3544 2
2962 4407 6
3456 8794 3
1159 10411 2
1112 11595 4
7381 7882 9
805 4182 5
426 15715 2
6476 9007 9
7804 8713 5
4207 6066 6
5235 24699 3
4697 13285 3
5061 24541 2
2951 20536 7
15399 23104 6
16368 19320 10
12564 17718 7
5652 11951 6
10729 19600 4
1135 5586 4
4030 4280 9
8063 21141 6
2904 4879 10
9060 16594 7
1022 21613 3
318 7225 4
2961 8076 2
2609 20116 3
5307 22917 3
5763 19394 4
6501 11212 3
10432 11616 6
487 2445 2
484 21379 10
4901 14006 1
6096 7063 1
2649 10439 8
488 7149 8
17837 20199 9
3786 19087 1
1183 1817 9
4984 6458 8
2734 18807 5
1537 14211 2
7564 19562 9
2524 5326 2
4672 5459 10
10681 15952 1
7335 7451 6
208 305 5
9127 10460 5
10795 23593 8
2341 3435 9
1294 6835 1
1049 24932 2
2128 3421 8
6786 6954 10
3131 16272 3
3865 23678 5
3404 16009 2
3366 21753 7
13205 21215 1
786 11716 9
9960 10605 1
4427 16906 6
3065 23618 6
7514 13848 5
3962 13396 9
5880 13025 1
19387 22894 10
4728 18772 3
610 874 10
4653 11767 10
11486 19120 7
13202 14668 6
1221 22462 10
6576 14573 9
8350 14005 3
6309 9078 7
2541 4216 8
4002 6757 5
10158 17488 1
8039 19557 8
4378 7402 6
7852 22766 2
13647 20176 2
3655 16419 1
21105 22192 1
8502 23346 6
21319 23380 3
6809 22691 4
2935 3519 2
4876 5469 3
1359 6690 2
13896 24158 8
3750 12212 3
1731 3624 9
1260 8985 7
2272 16312 3
6422 10746 7
5011 21254 6
3984 6574 2
9762 13538 10
11071 13846 8
1221 3125 10
8944 20516 5
8389 8525 2
29 1188 3
17033 18399 10
4905 17319 8
2982 14755 10
1436 14518 5
5389 17709 7
550 10763 6
3797 11046 3
15908 20746 8
6034 6618 10
4007 4167 10
7442 20079 2
9221 10022 5
6796 12608 1
9434 17859 9
15101 22870 10
1901 12809 10
3541 7619 1
6413 18406 3
4203 5857 8
6956 21231 2
1695 18615 7
11651 13147 9
1600 5301 2
2998 5481 6
6583 19665 4
1093 19582 8
11717 17096 1
1292 2273 10
5186 16150 9
8819 23523 8
14088 22025 9
4160 5951 4
4086 4407 8
5858 13393 5
12245 21149 4
451 5462 7
14496 14729 8
4970 9355 3
2412 20549 10
7493 16160 10
17847 19142 9
2399 20007 3
1398 24985 9
146 9841 5
20722 22359 7
13163 18295 7
11248 17221 3
12212 20250 10
9711 9866 6
9810 11959 1
346 15539 1
3497 7797 5
9863 11407 8
775 6776 5
801 5214 8
9988 20765 2
4228 4931 1
4940 24701 7
12791 24766 6
2370 12328 10
5690 6023 3
690 11697 3
16466 24279 2
1950 3751 10
3615 15000 4
6806 17220 10
8253 12626 5
5971 14231 1
1731 10131 10
3993 15902 4
8213 8742 3
7249 9190 7
7507 14923 8
5830 16784 1
6410 19461 9
680 6633 10
653 24195 1
5491 7007 10
4553 12560 6
5438 6040 1
377 16997 10
3556 20025 10
2220 4591 1
4509 24924 4
7097 20971 3
4543 19343 1
13859 18453 8
3640 4912 4
16919 19214 1
10041 14295 5
9598 10833 8
3412 3432 7
1112 23979 10
3361 19242 4
10908 14096 9
21793 23858 6
11066 15001 9
7026 12220 6
2139 16022 4
3306 20339 10
4910 21347 2
13576 15391 8
2119 14167 8
11496 12366 3
2816 5790 6
4989 15939 2
9993 21878 1
124 10297 1
2793 15872 5
17769 22284 2
16441 17494 6
1430 17280 9
19101 22522 4
5772 7425 5
1752 15204 10
7207 8128 4
8756 16539 6
1612 5304 7
6208 13272 3
336 9674 4
3303 14228 8
1561 13879 2
6781 13227 4
5958 22224 8
888 18886 2
2963 4065 9
2013 19980 6
6241 7727 9
9134 20053 1
6139 13035 5
2161 9422 9
13747 24735 7
5392 23185 4
7295 13368 7
9522 13725 3
4120 23599 2
11729 13181 9
19031 23084 4
2035 6075 7
7618 24381 10
7296 18723 8
6685 8646 3
24727 24848 1
20305 23756 9
9481 11369 4
12873 23329 10
935 18420 8
1177 12342 1
8729 11343 5
9348 10277 5
3160 18029 9
23193 24631 5
13998 14474 3
2924 7813 4
7901 11574 9
1420 21720 4
3666 21232 10
7625 24184 8
1827 3598 9
2178 12044 1
4897 20637 8
18896 24052 2
10834 17264 5
5813 11860 2
21420 22706 9
10313 14284 7
1837 19440 4
20883 21347 2
378 7346 7
3698 7740 3
1274 5957 8
2123 5564 10
5795 15131 7
2905 24274 5
3894 4156 7
395 24994 6
14398 22787 6
4793 7188 4
285 10129 1
2618 7767 7
4478 4800 7
13202 24435 5
228 421 5
5028 21542 1
152 6989 3
3707 5336 7
3862 12063 3
4057 6743 4
1090 8270 3
7282 21840 7
5927 14765 5
8905 17418 9
2862 15102 4
15072 20127 10
1135 22970 7
3107 24559 6
7777 16352 3
3840 11954 8
12945 19785 4
5144 5488 2
2608 15050 4
3331 5703 3
4331 8684 2
21591 24486 4
3393 13769 9
4547 19859 6
6423 24704 3
16760 22276 9
13617 17826 1
1760 22492 3
696 15293 2
14714 23874 9
6357 13732 8
7509 21794 1
2358 11998 8
3146 3399 7
4863 12776 6
18238 20808 4
128 21936 4
10531 20968 5
6955 7628 10
10810 15738 6
8479 12545 5
5148 11829 9
12394 21165 1
4915 23283 7
14024 17052 3
7113 11907 9
6286 17123 6
1107 18667 7
8118 12448 6
20743 22303 6
15617 18838 5
6653 13259 1
12998 19627 4
22483 23461 1
8451 19278 8
4577 19956 8
4604 22203 4
150 3078 3
2518 4987 3
13221 17314 3
4684 7325 6
3313 17657 2
6534 6836 10
3789 21828 5
7748 22288 8
12506 24023 10
4116 21863 4
8174 20060 3
14946 24561 2
2670 13085 8
3604 19844 3
3363 6575 7
11385 19950 3
5819 21716 10
16348 21112 6
4666 6120 7
589 17111 8
5891 23197 2
5192 17519 7
8804 23662 4
4332 15092 7
4632 16216 5
804 5208 7
2777 19028 8
429 11701 1
1274 10512 8
16360 20096 2
6331 23707 8
2717 3124 1
367 5380 9
7860 18383 6
1629 24363 8
7693 21156 1
5762 22559 6
2985 17831 2
14890 24248 2
368 10036 8
5822 9137 1
3659 4890 1
1397 24801 3
2802 23213 3
1416 7858 5
9236 14895 7
2564 17447 9
485 24427 8
5127 24941 4
5824 13212 8
4612 15991 4
1183 1553 9
5377 14493 1
3730 10415 4
12977 20083 2
762 11558 9
10818 12547 7
5205 20851 6
15031 15062 8
4625 16355 9
4510 24307 2
2169 16464 3
2122 19457 10
352 3702 1
4738 5984 6
5322 23501 3
2183 4094 10
15473 23716 2
7358 22028 9
5689 8194 6
1233 4992 10
3344 3738 10
6398 12891 9
5122 7453 4
2105 4226 8
6152 14338 9
6478 7000 7
4939 12931 10
1718 11801 4
3976 19444 1
21006 23594 4
12582 18139 3
11160 14001 10
11403 22990 10
2795 14059 1
1924 13822 1
6020 24600 7
1693 3954 7
1752 18359 3
8986 20786 4
778 23706 2
12812 14185 7
1029 5872 10
4700 15678 5
9156 21149 5
2176 7845 4
1329 2208 4
3663 11440 2
1571 10885 6
847 9847 2
5469 10393 4
687 3102 3
3763 14348 5
10033 13428 3
4805 12470 2
9235 14203 4
3667 12319 6
204 19581 8
20849 21857 5
6590 16381 4
7032 10946 2
10153 13278 6
96 13371 5
23795 24642 10
15080 18490 8
5828 18934 5
5342 6233 1
16728 19651 8
10418 20330 4
1695 14151 9
15006 15025 9
2589 10427 2
1378 23660 8
4769 13181 7
14349 19003 9
2792 8736 9
4227 6556 1
1575 7956 1
2308 11746 8
11879 19089 5
11433 20467 8
5116 14925 6
188 1175 3
6553 10974 6
5374 6750 9
18583 20050 10
18786 21119 4
1199 12774 3
3595 9696 2
19654 23976 10
436 15527 10
5536 17996 8
4754 22365 10
420 5777 9
1313 13543 2
366 18843 1
22 2492 7
15720 19544 7
5279 18645 1
172 18923 8
7637 18371 9
7103 24592 5
3371 11985 8
566 9808 4
5131 7314 10
5103 18988 1
3028 22582 3
4529 14724 7
1707 21088 7
1608 7701 9
3867 14633 1
7291 10010 3
355 11505 7
2210 24686 3
5539 7263 9
13587 19454 1
18092 20894 10
6635 18599 8
166 23451 10
136 11535 5
817 10244 1
14461 22697 3
19884 23085 4
4054 6908 4
6767 13536 1
1523 2420 8
10761 17043 3
2696 22548 9
3116 18698 5
2318 4590 6
12162 20152 7
4257 5708 4
7421 15462 7
2027 14863 3
2153 7363 6
3211 7677 2
10060 10464 10
13617 16953 7
2749 7523 6
2333 3265 8
6900 17870 3
4876 20361 3
18059 21358 5
1319 6938 5
11199 17737 7
2887 23080 2
11639 24091 4
8742 22407 9
4656 6606 9
4879 13900 6
8356 18608 2
3232 16282 1
195 15812 8
297 18712 10
12184 17859 9
4770 22026 5
2696 23392 8
876 22492 5
1033 6069 5
2403 20779 7
4026 10875 3
11496 12360 3
1875 24996 1
11951 14260 3
4104 5204 10
7816 19022 3
11017 18909 9
3518 18789 3
4267 7617 7
2376 7148 8
11711 13268 9
3357 17040 4
4412 8758 3
12906 20983 9
4393 17140 7
2245 9606 2
205 21714 4
7381 20832 2
9438 24389 1
8589 22708 4
799 15064 7
2774 7319 8
13305 18994 5
904 5193 7
2507 20820 10
1626 3726 5
8580 20335 4
2753 4802 6
4035 18648 7
22654 22735 4
4219 17660 4
7171 24706 3
3893 7035 10
5685 18183 10
4868 10587 7
6821 7683 8
4822 14651 9
1516 3496 6
1106 22770 9
54 6778 3
11302 14173 8
2361 4954 4
4563 7681 5
6725 6827 8
1760 10028 6
1777 7595 3
3374 5002 9
1969 15275 1
8253 19302 1
6736 10387 7
6709 14560 8
15965 18112 5
6945 11780 4
8969 20793 5
14584 21723 10
17222 19468 6
4253 6387 5
12864 23713 10
5342 9769 2
4370 10459 2
12447 22105 1
921 5303 5
828 12540 7
4749 23277 8
3543 23993 1
15574 20586 3
2344 14519 3
4627 7500 3
10534 24991 2
2473 16633 9
4306 23682 3
1432 23608 7
4731 5614 10
11359 12542 5
5704 7672 2
1025 5622 3
1856 18904 5
2808 6668 4
312 15265 2
9779 11657 3
9167 19675 9
3374 4801 7
1484 15620 1
2360 11097 4
14004 21430 6
9200 13927 8
4410 12838 3
58 17115 9
11283 17230 10
10523 15083 10
5561 7400 3
1150 4046 5
10174 23937 3
1862 4987 9
3791 10040 8
1825 23718 1
11510 20502 5
14602 15105 7
4481 5375 3
8219 13746 2
2444 19579 10
6550 10564 1
3212 8940 9
1018 9865 8
2230 22427 6
12861 20604 4
811 17679 5
4243 23167 8
12463 16247 6
7562 20798 7
3721 19385 3
17587 23822 10
3643 12554 5
1588 12792 1
2706 20937 6
5337 17517 8
2497 9797 4
12061 21000 3
9188 24058 10
2975 6595 4
1664 14338 2
1284 6603 5
6282 10917 4
107 2429 5
13931 20029 8
9628 18906 4
13169 14468 2
7086 23555 4
3984 8915 2
12015 16766 8
18632 24970 3
5314 11579 4
5221 19026 6
18226 18562 3
18429 23232 4
21782 23209 2
8132 16387 5
2149 22805 7
552 4785 6
15212 21198 1
16693 21057 6
14117 21989 9
16113 18617 6
1761 1923 10
971 19250 2
1009 12495 8
4000 9607 3
10926 14294 6
3966 5128 6
3537 5893 6
1394 24301 5
160 6890 4
1009 18569 6
2267 21897 3
2223 13067 7
17034 19838 6
571 1847 9
5518 13491 10
5382 18107 2
3973 17246 6
3224 3470 5
7350 15064 2
15789 17512 3
5145 22476 1
1449 8980 6
554 14549 10
3272 19575 1
1766 23537 10
20991 24079 1
9312 9990 6
1867 23602 5
6667 16995 3
4050 20590 5
6844 24550 6
4801 5982 9
21245 24058 6
1270 16498 10
3550 3988 1
7332 10648 9
1718 1772 5
2676 7600 5
9659 14965 9
637 15223 6
108 7121 5
4139 4528 1
3416 12683 8
435 6903 6
3763 6145 1
19916 20307 1
7843 15686 1
11445 15216 10
2374 3941 2
2166 5142 5
1268 22594 4
2118 21906 7
4063 13637 1
7816 21704 1
2048 15587 7
5745 12857 8
2136 17600 1
13045 17511 9
16480 24565 8
2752 9253 10
11409 16149 6
1501 3126 4
4429 9395 10
10402 13842 7
7632 14672 1
7772 10338 6
2743 7101 3
7378 7473 2
7113 14630 5
7220 16013 6
1392 22170 5
15261 24079 9
8685 18036 2
11972 19743 10
1802 2155 3
8060 16955 7
5309 6952 10
7253 12112 5
450 24965 1
6271 20489 5
11927 14185 8
5827 18013 7
3011 14204 4
6141 20736 9
16158 21742 10
4193 16465 3
3178 7703 3
987 3478 2
47 11772 9
530 3720 8
3437 4434 10
7720 20218 9
4797 5069 5
175 23505 9
4232 5666 5
13420 17932 7
5083 22859 3
5609 5633 4
261 1673 5
268 13605 5
13753 14845 2
7167 11677 6
19152 21775 10
5421 9576 2
8547 16885 8
22542 23741 4
1877 13119 9
6850 7479 8
2920 23929 7
3351 8134 10
3258 3952 5
2210 2215 1
3187 23753 1
633 1541 10
166 10616 10
5801 11498 6
8397 21200 5
4354 24343 7
2947 4221 3
6053 8182 3
3686 22004 1
10714 11126 1
607 5998 2
5121 6635 6
15156 23344 5
6519 20896 9
353 7849 7
5213 5238 9
3221 8399 7
8975 10593 1
4506 14413 6
8288 21289 10
2660 22760 9
1686 22021 8
3860 6761 2
2168 4939 8
16441 21897 1
960 14691 7
5984 18013 8
623 19464 3
316 23495 8
6360 10888 9
3894 20093 8
601 2336 7
5920 7047 1
14659 15422 9
4780 5625 3
10885 22483 8
2555 12755 10
18676 20002 7
8715 17101 1
6422 14625 10
17406 22524 10
3733 16001 3
1723 23267 3
10018 21801 1
2216 10298 10
9056 15880 3
4400 18127 7
8537 12916 10
1228 2652 6
4347 15176 7
458 4142 9
11996 22758 2
2635 18784 3
6145 7929 5
4726 23190 6
356 3382 1
678 5880 9
3050 4074 4
6311 6427 4
7709 18725 10
6002 15655 4
16759 20204 6
15086 22723 3
1309 3603 9
8697 9111 1
3571 5244 7
2527 9156 4
210 13454 7
414 6057 8
3346 5247 10
10174 23499 7
5906 22005 3
4556 11410 4
14108 18184 1
7666 15633 2
16276 20083 4
1513 2826 5
7575 23492 4
11962 15087 10
5033 24109 2
2160 15945 8
7946 13702 1
3073 11071 9
7348 16951 1
5790 8925 5
4973 7473 4
3750 11950 1
197 8801 1
2442 17146 5
5435 16679 3
8266 19488 1
6450 8169 1
369 21370 1
75 11054 10
6834 16970 6
6494 11969 4
1495 4728 2
857 13425 2
3200 4545 9
185 18679 7
2983 19370 10
5114 22039 7
5218 7130 9
8121 20744 10
7711 21420 10
9923 24135 10
11641 20994 2
1238 5634 3
5657 10201 4
10460 17052 9
11907 22102 5
7733 8297 3
7130 22768 2
2108 3943 6
24 3615 10
4156 11058 7
19245 24790 3
2398 13578 9
14180 17354 9
3146 19250 4
1428 4408 8
77 15989 2
7043 13835 2
114 22342 1
21717 23676 5
7308 9725 2
7002 16555 3
4888 24987 5
860 24953 10
11084 15323 7
3639 12303 6
7008 7513 6
4564 7110 9
7538 23487 5
7329 10344 2
17282 22772 3
244 18431 5
874 4422 3
5897 19661 5
3970 17987 9
7670 16350 4
4918 10617 10
7542 12865 7
8581 24758 3
2303 4857 7
6158 15251 3
2141 22865 10
4326 11204 1
283 11736 4
4463 5840 1
2832 23297 6
3433 6043 8
4354 18806 5
3919 15147 10
2076 6625 10
6409 12921 10
9635 13858 6
1305 7002 5
11228 13255 1
2381 15786 9
7509 21116 5
2133 5404 8
11184 13274 7
7207 17243 8
1723 4274 1
89 4732 5
1935 7144 4
3753 5438 10
10180 21505 7
6120 18101 7
4394 9994 6
9518 15034 2
298 2162 10
11780 18732 6
5373 14861 2
7506 17518 8
5663 16583 9
2669 16062 1
7497 21891 7
10726 19656 2
2678 7542 1
8934 20086 9
2234 18796 9
3975 5608 5
8182 15231 3
5841 18848 10
1091 13716 9
3061 3132 2
10809 21083 1
5389 12218 6
14327 23895 6
15126 17636 5
946 8065 6
3307 5196 9
2880 10053 4
1474 10332 1
16663 16897 4
17662 22914 5
5779 23908 1
3085 4700 5
3741 15957 10
7772 9230 10
4885 11858 1
630 13530 4
15724 16923 8
11022 18052 3
15277 23037 8
9461 14912 8
5888 22761 9
2208 21465 4
1437 6252 4
12175 17068 4
9308 20952 8
1442 2230 2
5754 6250 4
1714 7452 1
3693 15280 10
779 15917 5
17116 18193 7
23599 24734 3
2202 19317 9
9844 15696 2
17172 24003 2
311 4341 7
981 20863 3
8705 13312 9
2909 3932 1
1397 8748 8
4060 9151 8
2551 6793 4
3560 24351 7
6674 21085 6
19208 22880 7
6767 8760 9
1084 21680 4
3008 18843 7
4050 4221 5
13464 19575 5
14891 23268 7
12770 14542 6
22529 22946 3
2582 8956 1
1535 21807 6
2320 10834 10
2870 5880 7
3168 10586 7
659 8920 5
15168 24911 9
1420 3634 2
2398 7170 10
5502 8345 8
2998 5143 9
963 21789 2
6082 14049 2
11956 20313 4
7262 15830 8
1044 5487 10
3244 24339 5
5563 19240 6
6289 6700 1
2838 7641 3
7542 16520 10
15605 16860 10
6391 22368 8
310 21835 3
5534 20798 7
7777 14044 6
5246 12791 7
1909 3950 8
4302 7870 1
5807 7772 2
3365 17437 8
6501 7007 8
12387 22573 10
13032 14810 4
3112 11608 10
13160 19208 1
1194 2751 5
4460 7887 8
4161 7211 1
3231 22020 10
7304 8431 9
5568 20483 2
2683 11360 2
18329 22706 5
3161 24731 1
11761 21200 8
11482 19033 8
960 15433 3
3869 9948 9
5094 7255 2
3306 13728 2
16358 22909 5
7481 11442 4
21591 24693 3
6149 9694 5
2103 19966 6
769 9208 3
15570 18007 3
18288 19171 5
1579 14273 1
1853 7344 4
5155 16287 4
2469 13134 5
10995 12608 5
5934 16979 4
989 5385 3
2880 3008 10
6958 19748 1
8481 23933 5
13959 19703 6
2817 24681 4
2402 17432 3
4908 7906 4
5753 22098 8
6040 18294 6
16837 19432 9
17972 22547 9
4737 16960 3
6591 13259 8
11321 15108 1
1643 4483 3
615 7543 8
16786 18223 3
7475 21612 7
914 9618 2
13425 23640 9
8059 9807 9
6587 20848 7
9969 16702 4
3105 6584 5
5466 15964 4
15 2049 5
23157 24394 9
5355 6421 9
6877 11006 6
1811 17556 2
2337 15526 5
5160 17560 4
5305 17631 8
7077 16423 9
3551 11193 5
10186 18143 4
2712 4540 7
4455 7460 8
2860 6280 1
15550 16616 5
4686 24191 10
480 8474 6
5666 16995 1
3010 4214 9
415 13480 10
8574 10904 1
4535 17264 8
16915 20364 1
13143 23065 4
6031 9565 6
3828 7928 7
923 1876 9
9514 10737 4
2153 4506 5
999 24108 1
2587 21752 5
13905 19460 6
10139 16551 5
3333 4758 3
4555 6953 3
2965 21876 7
4025 24922 2
3862 14130 9
9804 24015 8
4110 12372 6
14947 20685 6
2899 9879 10
6840 15150 4
7060 12861 10
4413 16873 5
1077 9927 3
4223 12453 7
931 15406 8
15706 23337 3
1561 10354 7
9855 12653 4
5866 11153 1
6633 18431 5
7595 9017 4
1116 24563 3
12109 24923 5
6451 22982 7
21019 21855 10
6779 7228 5
1535 21224 10
716 22427 9
6436 20500 5
409 23833 3
5079 5403 10
10899 20468 3
1905 8255 6
19738 20977 9
1608 23102 2
542 1623 1
4461 7208 10
229 7744 8
6183 21989 10
6134 10453 9
2381 2851 6
11218 20522 8
5337 15399 7
7152 24501 4
6505 8369 3
293 21833 6
5319 7700 8
1582 14443 4
5222 21381 1
18777 19804 9
5421 9736 2
4743 16336 5
1769 8060 4
6761 22861 6
1330 1350 2
375 19863 6
6795 7555 5
6523 10604 9
17408 22078 7
15191 17397 7
1631 1821 4
1763 11337 1
17318 21478 6
18757 21821 1
8797 20026 2
8602 23943 9
875 8024 9
335 19654 8
4183 6031 7
16700 21010 5
5563 6732 8
5243 19060 9
4884 12200 10
1677 11063 2
15 23180 4
4201 7052 7
18309 20172 2
4291 18656 1
2047 3137 10
944 6195 8
1715 6283 10
7158 18541 2
4108 4475 7
12684 13344 3
13724 23870 6
5210 5459 5
5421 13341 3
1779 5857 8
10415 24184 1
534 9972 8
3907 4421 7
158 19989 1
17578 20167 5
923 6757 8
5200 11762 2
4332 5611 4
4171 9622 8
4186 13482 1
3012 24066 2
5183 14349 8
4570 8865 6
6117 6969 5
41 6363 8
1295 6028 10
1829 19434 2
935 8974 1
2867 11725 7
2161 2223 8
5374 11056 9
8100 23537 6
70 22741 10
411 4287 6
18535 19020 5
3157 15722 6
2835 16837 3
373 12491 10
4289 20250 2
6571 21337 1
10217 12860 6
11908 22719 9
156 15906 10
7339 18835 6
429 13856 6
1736 17613 1
14675 15106 3
6825 18848 6
2297 5677 6
12378 21625 5
4082 16418 4
3586 22395 1
3395 7093 4
13870 22411 6
7300 21255 1
6509 9104 4
2539 15918 7
10519 11512 4
11446 19433 3
11876 21051 3
4652 7444 3
781 8023 5
1201 20620 10
14646 18570 1
322 3817 6
2868 21521 10
6793 20656 8
5643 18325 7
9200 12095 6
13794 14119 6
9636 16379 2
6854 9491 9
22366 24770 8
18303 24282 8
705 12355 5
5105 5817 7
17932 21528 4
3605 8492 7
8394 9623 7
3407 9958 2
21160 21389 4
14173 16493 9
3130 14736 3
2145 6066 4
3369 16872 7
1334 18303 10
4135 6617 3
82 20859 5
5612 9067 9
8459 19105 10
11772 20225 2
5025 18442 4
6874 23105 4
1468 6328 3
3783 12452 3
489 11447 3
4324 22419 4
293 1591 1
4131 18142 8
8 5495 3
1062 13439 8
14381 18733 3
1042 11518 10
2532 12057 5
4377 10803 9
418 3614 8
2818 7813 4
11895 22178 4
3490 20733 6
5924 13284 3
6614 7247 6
7940 16096 6
345 4241 2
5286 18704 1
4733 10260 4
1642 6596 1
7700 16316 1
9941 24664 8
2256 18664 6
13216 17419 10
7750 17879 7
8453 16908 7
725 15677 7
2164 10796 7
7151 8626 6
1914 7796 7
5263 5642 9
23360 24515 4
4575 4658 10
1308 23316 4
716 2696 1
2929 3690 3
1022 15348 8
10668 18645 6
9093 10799 1
2140 6638 3
1533 4789 5
1463 13401 9
15791 24281 10
6005 6468 1
1901 4144 6
651 9222 6
683 990 1
3043 5451 4
11256 15524 4
5729 21213 3
13801 14601 10
2282 2332 4
8 21055 7
1899 15979 10
4665 5476 5
8822 9971 7
21778 24427 4
490 13053 6
19106 21954 9
15517 20921 7
6424 7707 1
9811 17535 8
1837 5410 2
3277 18756 1
623 5536 6
8899 23901 9
4692 23899 2
982 4854 7
1902 6417 4
8726 14776 7
11058 18931 8
8810 9923 3
7385 22158 10
2412 7476 10
3106 5917 6
216 19746 3
9023 10478 2
3921 5507 1
153 5843 5
6332 10441 7
9353 14042 5
5824 21737 3
5099 23537 4
4986 6291 3
671 8757 7
5870 15879 8
18676 24306 9
923 21652 1
15639 19999 7
14176 16660 5
20071 23588 8
10876 11210 10
16340 17674 1
7126 24218 4
4380 4624 3
1815 9428 6
9273 22761 7
3193 13483 8
362 1435 1
2479 6099 5
3317 17244 8
8425 20393 9
9471 15002 2
5950 11930 5
5874 13453 4
7726 12865 5
1032 1419 9
5547 12897 8
5961 7543 6
13291 20527 9
1951 5145 5
4893 14841 9
935 22096 7
10404 23471 6
2845 17509 4
845 4379 8
1990 22811 7
12171 17486 4
6360 10065 1
16177 21650 10
4629 5098 9
6242 6408 7
9158 17915 9
11977 14710 8
7288 16453 6
3497 4457 4
12767 17963 7
522 6573 9
19154 19857 5
261 5168 8
40 15461 1
13300 15658 3
7068 13887 2
13783 17989 5
7096 24128 1
101 13229 9
1041 6213 8
14335 23665 5
1 14437 2
10614 17898 8
11840 17854 10
4086 7116 10
3341 4846 2
627 21303 8
1358 17265 9
4068 24907 7
7547 20221 1
4667 6317 6
561 10571 7
504 13452 7
15075 18102 6
265 5966 3
16933 22212 8
4590 5412 1
10742 21918 8
2196 4054 10
1508 3914 6
1238 2703 2
802 15197 3
17535 23409 5
3273 7534 3
2210 16633 8
10161 18893 9
3294 8090 6
4407 23445 4
10906 14115 1
20476 24528 6
9849 15411 1
6349 15666 9
6163 9189 7
4406 15376 4
5296 19061 6
8733 19689 9
4553 15259 10
13365 22074 8
2466 13512 1
7623 19286 8
130 9743 10
2700 6509 4
2395 7684 9
1000 16246 10
72 3070 6
366 18527 6
3216 23243 4
20317 24742 1
3725 9091 9
16743 17455 8
16781 22529 8
33 7705 1
2426 7649 9
17447 21662 6
9162 16970 6
6681 23264 8
7765 13919 5
3905 19160 1
7483 24771 7
1979 3033 3
15482 24649 8
7166 7430 10
281 21092 9
2657 3976 3
20332 24469 1
5697 8844 8
18107 20754 2
2695 17843 10
4412 5150 10
5561 7410 8
3479 5775 3
8714 20245 9
3185 9302 8
3273 6522 10
292 6262 5
7048 24255 6
633 7917 8
12928 17021 10
7192 12518 7
8072 20440 3
9734 24666 1
13228 22953 8
20239 23925 6
14462 23084 7
21740 23135 2
1377 14857 9
2928 11139 10
10889 15159 1
12223 18267 10
7475 10852 4
5221 10278 6
12611 19615 1
7061 17219 1
2326 18874 4
1144 1918 7
12461 17166 1
5071 5732 6
4145 7504 2
1394 16570 6
22326 24436 7
1071 10434 5
15610 22244 7
9249 14644 6
17352 18366 3
22839 23273 10
21014 22209 3
605 18614 9
280 7215 7
13860 14872 5
5572 24565 5
12079 19328 9
3075 9570 6
4563 14637 2
19142 21917 1
10922 17944 8
8984 19907 5
5254 6143 9
2844 22499 1
7443 15171 2
5735 20108 1
2801 3980 9
2584 5998 10
18034 22306 3
1247 2376 7
7118 23670 7
16036 18468 7
767 22855 2
4281 16182 5
16188 18841 1
5021 7510 1
5459 24683 7
947 5128 7
6150 8389 6
10138 19974 10
508 4051 10
3460 12934 6
12543 15344 8
4244 13506 7
1340 13069 8
1983 20135 8
18341 18972 5
6929 7039 8
7466 20343 6
1352 10282 5
6168 19407 3
6413 10049 4
8757 23013 5
5071 13930 7
2038 5644 9
487 18565 6
1696 6003 10
1617 3243 6
6340 13575 8
3895 22168 10
4663 15028 4
3482 6954 3
15626 19028 8
6268 17575 5
2345 3852 1
1822 24508 9
10869 18891 4
9999 22101 8
18711 24378 5
283 17588 10
7517 21721 7
19918 20573 10
1218 1690 5
13395 14440 9
4060 15870 7
15484 24097 4
1774 21447 6
6931 8872 1
6102 23494 9
1176 13267 5
8979 24880 6
475 3518 4
198 2298 2
9433 16846 3
23677 24543 8
8671 19689 10
2021 4820 10
6174 8987 7
5429 9584 2
1348 3310 1
5145 5789 10
2672 9442 8
5330 14734 8
9495 9896 2
2854 15864 10
14330 15480 5
3126 14941 3
3248 11583 7
4412 9006 10
11910 15236 8
65 14196 6
2552 7254 8
11001 11324 6
2651 7267 4
1819 24074 5
1669 8484 3
5279 21386 5
1442 5365 2
2759 13751 9
6406 12114 10
3384 13110 8
11177 20265 8
5242 15088 8
12395 18478 1
833 12008 8
1753 7292 9
520 5030 1
5611 9488 9
7595 13304 5
3022 15240 3
5186 17047 9
21042 23929 4
4296 7189 2
3024 24615 5
7398 7563 4
18670 22259 8
21662 23607 2
8559 16854 9
3078 5427 6
13500 23329 5
5432 20677 1
9018 16700 2
6807 15140 1
4778 9631 5
3311 5582 3
715 18790 5
4973 16949 5
77 23790 10
18472 21261 1
725 20814 10
6989 15135 10
3612 14888 3
1595 4003 3
18873 24996 5
1873 13121 1
4182 21970 8
18020 24846 10
12932 21086 1
5868 13295 6
3460 24917 6
848 7711 7
10841 23449 9
13602 15968 8
3695 17340 6
6649 19944 6
1528 16126 2
14159 22417 8
2970 9711 3
4370 14528 5
6500 7881 9
10961 15045 4
4493 10800 7
2966 22275 8
610 20436 5
4405 6484 5
2680 10325 1
6384 19336 6
2484 19136 7
7386 18384 4
5290 9169 7
3151 5462 4
3933 6603 5
16504 22240 3
15486 16663 4
9605 18271 3
6331 23945 10
503 17642 1
4777 14346 8
12940 22032 5
796 17608 2
1391 10057 9
2096 21825 5
3028 16105 2
1405 21801 4
3111 23878 7
7656 17526 5
11140 21822 3
6355 7611 4
16291 19946 8
13334 19891 4
6282 7899 10
6625 7302 6
3340 3792 4
4596 23464 3
7639 22798 4
17318 19768 2
6632 16729 6
5620 20642 2
8012 11106 7
2237 16040 3
19681 20683 6
6480 14639 4
7139 24022 8
4615 9433 1
3249 20488 10
7153 19221 8
1638 18803 2
1472 13999 6
3532 18004 8
5684 16648 1
198 12504 3
4478 5655 4
9518 17809 3
1050 19050 5
7310 18000 7
3313 14610 1
900 1087 8
5824 16032 2
654 12784 6
480 22553 10
7457 16501 10
9183 9681 7
742 20561 7
18639 23975 6
145 20286 5
469 20232 6
5329 21600 5
2291 2912 1
19791 21604 10
5670 16274 10
6755 14163 4
3171 4581 10
35 14432 5
9002 24535 7
2573 7110 8
12164 15877 9
9290 21013 5
1553 4165 6
17376 18635 10
5360 18550 1
7680 12838 2
7455 11289 2
2055 11457 8
824 4259 9
2743 8201 8
9099 17216 10
2122 3799 7
6500 19499 9
11326 20496 3
1456 22837 9
4375 12105 1
4699 19561 3
6595 8459 5
1593 4716 3
2596 10692 10
6141 15188 7
2901 21318 10
14827 19363 6
2832 3261 8
4179 16076 9
374 19176 5
1995 6859 2
5459 7565 1
5412 23086 7
3127 24006 7
312 5423 4
114 2510 9
6224 16908 1
272 10595 7
1601 6388 4
1294 5462 10
4767 21538 10
760 1139 5
23 9020 8
5142 18093 7
2172 4380 7
8590 18683 10
2138 6394 5
6951 12295 4
1867 7152 6
4026 4481 8
3769 6303 9
1479 20206 7
1238 1541 4
5569 9025 5
6965 8572 4
6435 11171 3
18433 19406 5
5165 11401 3
19199 21874 4
7096 23890 9
1079 6737 9
3208 6706 1
4392 5735 4
3932 21785 6
3986 5170 5
9269 16301 5
14954 23888 1
12405 15564 1
5994 10199 7
2572 12808 3
2910 15189 1
1223 5925 3
1054 24729 1
1890 13661 8
1122 3742 9
16200 19342 3
2953 3369 2
874 6874 10
6456 13904 2
16344 16758 9
5963 22252 5
6466 15122 3
18920 19415 10
14048 16286 1
1091 7808 7
2475 22705 10
13369 15795 7
1955 15919 4
4331 14071 1
18040 23336 8
5228 7464 5
3465 3503 9
6660 20915 10
4444 24892 8
13277 15493 9
4963 5993 2
4891 13659 1
4413 4477 8
2750 5036 1
5112 9111 4
6563 17182 1
1054 7501 7
13692 19908 1
2550 19629 3
1812 4382 8
85 10486 10
3351 7215 3
8407 22915 1
319 11043 9
5740 8356 5
15802 17332 10
4445 5844 7
9496 23811 2
20911 21689 2
1069 6495 9
40 1508 7
14972 24216 9
1545 14322 3
21937 23902 6
3222 17865 9
7133 22323 3
197 18276 9
20854 21641 1
10061 24320 1
19738 21810 7
4989 13898 8
18773 22819 10
13155 13691 10
3712 18048 2
13583 23008 6
2395 7203 8
12233 19960 2
6255 10074 6
12561 15071 5
1170 18602 6
314 13293 3
6187 18148 10
2400 23414 9
409 2203 6
1468 5602 5
213 16914 4
2980 12058 3
393 20975 1
7368 21845 4
2979 11219 7
778 14830 6
6197 7144 8
6229 9898 10
4104 20224 5
5532 21012 1
3962 16813 5
2113 22726 10
650 1976 8
1678 4069 8
1475 21258 6
6051 7592 8
4984 8111 5
1642 6062 3
5529 18673 1
4776 9553 5
3113 3704 9
6517 23017 5
4338 18542 3
9743 14625 10
14075 17297 6
9465 15144 3
1944 10357 2
6539 23871 6
405 1789 10
18468 19733 5
2975 17132 6
7225 8200 4
9605 16886 8
5866 19259 10
1633 16204 5
3843 5048 6
4347 4399 9
50 14921 4
6778 19969 4
265 12445 9
7151 24639 4
1568 10290 6
5657 16174 2
385 15263 1
4621 18939 8
11962 21649 3
10147 15376 7
12288 12330 2
5071 20064 3
4180 10502 3
4823 10022 2
1607 17192 1
7021 12150 1
11132 21676 1
9476 15554 3
1621 4990 2
926 1627 8
24457 24558 4
6471 23672 3
9698 19705 4
1232 8472 6
523 15583 6
2867 24785 9
161 7246 1
3718 11559 7
8592 18470 2
11385 16036 4
5847 24710 4
17642 17883 1
6075 15967 9
13855 15951 3
4647 12506 10
5109 6353 9
11204 14477 8
2162 5732 9
15953 18517 4
5918 6101 8
6793 7682 8
1881 12136 7
9818 20191 5
639 3527 4
1269 22208 4
15471 19566 10
2782 23474 2
3125 24095 2
7312 23950 3
2541 3549 4
4881 11586 6
3890 7613 6
5217 19387 1
5663 16456 7
6604 7479 3
4285 24309 2
657 23084 7
4430 7519 7
6302 16637 2
6228 24336 7
6959 7961 4
8656 10679 7
21334 21410 3
13464 14833 6
3370 14024 1
14563 15475 9
1525 3860 7
4162 8717 9
219 9732 4
6837 12583 3
397 6406 8
1052 7963 7
6867 18639 9
15300 15941 2
1398 5034 5
4112 24898 1
907 8294 7
17729 18429 10
7788 21055 1
2524 10329 5
11470 20802 1
5128 9234 8
15693 18090 7
2205 4531 1
1484 3937 2
895 17727 9
6785 21768 8
4652 21748 5
1272 23261 1
19433 20142 7
765 7332 3
4814 15963 7
1145 13619 5
7104 20028 10
6425 17014 4
4804 21736 7
1161 1279 7
7068 7766 6
1074 6707 3
3668 9238 7
155 5669 10
9656 17080 2
12686 23208 10
2249 16808 2
1425 22743 8
11389 24860 5
5099 6549 2
5091 24746 6
5719 18153 1
111 1052 8
7495 17353 7
1725 4185 7
1180 6793 5
3437 7354 5
10024 15598 3
15422 15900 2
1638 24174 5
3704 10676 5
14860 23737 2
1268 6181 9
6953 6957 10
3323 24278 7
8993 15566 3
22005 22432 4
177 18935 6
2776 14852 10
6973 24795 9
5744 11943 4
7533 20275 9
2057 20027 10
448 4341 3
2302 2986 3
13156 21604 8
861 23110 3
10412 24115 3
5459 17532 6
2167 22751 2
17255 17948 8
11660 15132 6
5276 18329 10
3022 11329 2
5811 5991 9
634 837 1
4555 14093 1
10036 10225 8
16621 22964 1
1637 5790 1
3951 24031 10
8287 20521 4
2687 17466 6
7474 18134 10
2104 21919 1
2914 22443 10
19069 19440 1
10140 20545 9
5577 23061 2
8899 15187 2
5181 15098 6
1336 16130 4
5126 16460 9
5116 11544 5
1539 6847 4
2353 3953 10
11308 22107 6
3407 4566 2
5961 23093 10
6305 13631 3
587 3405 9
6993 7747 2
4919 10909 1
269 21642 4
11675 23015 8
16722 20453 10
9819 19881 5
4050 16936 9
1812 17228 10
4212 7116 1
3100 21724 3
3887 6357 6
126 21726 8
11209 24833 1
20857 21251 9
2592 24529 7
7493 18859 8
10397 21727 9
7782 10259 1
2956 5255 7
5963 6306 1
3398 21632 9
7338 21539 10
798 2849 5
1500 2841 8
395 14289 10
5154 17916 5
2560 10275 10
803 9437 10
4266 6637 7
7056 23263 4
6559 8935 2
2708 11105 6
6103 6505 1
696 12264 4
6544 8889 9
3899 6523 7
2278 14756 8
2227 20823 6
5317 18096 2
4080 18937 3
3062 19529 2
1414 5206 9
5218 22119 10
10576 14284 5
4446 6155 5
4598 7313 2
15663 21154 9
5961 8356 9
3644 10805 1
6488 18095 3
4307 17407 6
2506 6359 10
344 23934 7
13939 14307 10
12521 20886 1
14594 15413 8
9494 15064 2
5713 24084 9
343 21218 9
7501 8093 1
3327 21496 5
4251 4580 1
3107 14847 3
6762 7541 1
4698 13098 5
19526 23469 7
1163 5759 10
1984 3560 2
1076 7833 4
4852 21222 8
3345 4972 9
11215 23779 3
6761 11233 3
13482 14779 3
11149 17590 8
965 22617 8
308 12792 9
687 23177 9
3224 9063 10
4717 12105 5
6917 18186 7
9552 22998 9
1527 4227 1
2851 17602 9
12124 17341 10
7809 17504 4
142 1467 10
5712 6577 4
9670 19590 5
7524 22350 3
3574 8933 5
1789 6546 4
5591 7405 6
5977 17852 1
14116 16097 5
2685 8199 1
12134 24433 10
1999 11370 8
13174 21685 5
13730 22862 6
2187 3663 8
1320 17085 7
4356 17578 8
11056 22978 10
2085 6923 5
5476 20287 10
7592 12409 7
5997 6012 5
2232 7222 3
2189 11116 8
9635 17095 9
2787 17400 1
6377 17468 8
14245 16448 7
16180 19318 5
15412 16057 9
8802 11947 2
17509 23835 10
2298 13036 6
13374 15006 7
3347 15410 5
3068 14265 7
1548 18596 8
3138 20523 8
3973 8938 4
1026 9025 3
13957 14586 9
18310 19695 6
700 4781 9
1036 10346 5
6690 13875 1
3525 8457 6
1493 6404 8
1421 3750 7
8254 8395 2
666 4257 1
5839 16025 8
1173 6071 2
1105 15106 10
7823 20872 1
11101 11464 7
201 20239 3
4036 13225 1
742 7942 6
5743 10522 2
5341 16760 1
5160 6025 2
7399 7445 7
2141 15908 10
21577 24824 5
13785 24019 6
5404 5787 6
5557 9454 3
6738 23178 7
198 3821 8
10857 22709 9
7230 8425 9
6789 8083 9
9213 18914 7
4188 16110 3
2696 7628 5
10084 11360 7
5887 18385 4
3885 24732 6
3718 12290 1
1175 2965 3
1831 14696 9
4911 6555 3
12534 17791 10
463 11933 4
5680 21762 1
2792 10742 2
88 15010 6
7896 18614 5
611 1523 4
7555 22517 2
19246 22399 3
1519 5447 10
17659 18151 6
2181 22042 6
7387 8125 9
10386 14500 2
6948 8137 2
5671 20378 5
3157 7653 4
1719 23072 3
5145 7441 1
4851 20373 3
6116 7120 10
12841 13858 6
7389 17904 9
4383 18195 5
312 1325 7
4560 14436 2
8844 19046 9
3222 12596 9
790 22795 6
14686 17193 5
3685 9250 1
5850 22433 5
7535 7606 7
343 969 7
15439 23398 2
3128 15087 10
2232 4476 6
1659 15968 8
3103 12110 3
1406 22587 8
7675 19653 4
14826 21150 8
7393 22273 10
9307 13063 5
5092 7483 8
3498 4802 1
1574 5578 5
2292 7247 6
5212 17962 2
10043 17797 9
13694 17823 5
1619 7145 7
20315 23179 2
13947 24866 8
7080 17129 1
6318 24600 3
3656 12678 3
11328 24716 1
8169 13003 5
1236 22925 2
726 918 9
6139 13155 4
2235 7223 9
6964 17583 2
2254 2338 6
3423 23394 9
282 24171 2
8875 19663 4
3997 16654 9
1937 9533 3
73 11970 5
602 16275 3
2933 21950 7
2260 10734 7
2535 16660 9
741 15861 9
2888 11089 9
1297 16190 1
4674 23756 4
3340 4017 6
3250 5627 1
3993 19212 2
9912 21109 4
3572 5927 1
4768 13726 10
2650 7876 2
24451 24578 3
12408 18631 6
1481 7997 3
14771 19698 7
4840 10712 8
10951 17919 8
1299 7964 8
538 20549 5
14884 19867 5
6585 10802 1
12711 21239 6
5384 23991 1
3211 3510 2
866 8461 7
6431 7440 4
7946 8807 8
1903 2409 10
2968 14606 8
2092 4616 2
2068 5850 3
2609 23212 10
6379 7508 5
8639 15036 8
3214 3333 6
14709 20938 3
17065 17694 1
3285 18938 9
9325 9507 2
10966 24788 9
12006 21453 6
4622 16509 2
761 5262 6
13993 19445 9
1884 20264 6
174 8488 9
10186 14766 10
2127 3173 7
4184 22241 2
12674 13683 7
4604 25000 4
948 3738 9
5839 8276 9
625 927 7
12924 19789 1
14457 15296 9
845 22513 5
167 15675 1
18302 19292 8
5998 15012 5
6875 10471 10
3857 7805 4
16235 23208 8
23351 24384 7
7376 19539 9
19898 23261 6
9641 17050 6
878 6331 3
3739 20142 2
2237 5039 1
3191 14880 6
5826 12920 5
16895 17734 10
4920 5302 2
6823 23694 4
7860 15482 1
4774 6093 4
21299 23778 1
5422 9852 4
2466 11670 6
3773 24717 7
9347 24408 3
7267 13184 1
92 652 5
11378 18081 7
2457 10269 5
1076 4893 10
7936 20334 5
19618 21205 8
4260 7069 4
7629 20982 7
4634 4784 9
5153 23561 10
12809 13317 7
1299 4837 2
3232 17113 5
2753 5804 6
1732 4176 2
1204 15561 7
4310 6127 7
7066 13279 6
2590 12504 6
6744 8563 7
4405 22002 1
1769 5406 3
4224 11190 3
872 2691 4
83 12936 3
5745 19335 5
2917 7383 9
1756 2498 8
2910 20710 8
10280 11097 10
1597 23758 9
6943 17166 4
1049 18964 2
11759 12643 4
5513 7045 4
15391 18919 2
4928 20975 2
1383 3483 7
2351 6975 6
8006 24052 6
5320 22730 8
4021 17593 7
2310 6705 6
10445 18225 5
2878 16790 9
6782 10623 9
1057 7410 5
16373 24742 3
13062 24664 6
1183 16549 6
1174 24156 7
4792 23932 1
8931 17893 5
6269 10256 4
720 5395 5
2523 20365 10
16088 21272 9
19837 22475 2
1430 4147 7
1744 18835 3
979 18782 10
4598 6359 10
7451 11825 9
2714 24912 9
7832 23427 7
7193 17920 4
9958 10404 5
6050 11189 3
7872 21252 2
5830 24056 10
8154 8198 8
3903 10090 7
8722 12214 5
6043 15659 2
4031 20503 9
11440 16774 8
7575 10823 7
12129 15105 9
4788 16814 1
4566 6621 6
2651 23795 4
1186 8075 3
8279 10283 1
1365 5012 6
5555 5907 9
11281 16467 6
5748 18514 4
6289 24355 5
1401 1529 2
1633 1947 10
9005 18001 7
488 24016 9
3791 9847 8
2060 10156 6
2682 9557 1
652 662 3
3602 5793 8
13601 17111 10
4301 20285 10
2743 8086 9
1208 5414 1
4928 17237 6
3540 6219 4
2077 2728 1
6730 8217 5
1359 16762 8
996 4048 2
3633 9940 9
964 3878 3
7197 18112 9
5798 15581 4
8843 9459 5
9059 22224 1
2711 5007 6
3399 10030 9
999 17430 4
747 21108 8
1241 2630 1
7176 13302 5
18721 20669 2
687 23452 7
6154 16697 8
4083 18503 7
3486 4369 1
937 12075 5
12786 15837 10
5276 21607 5
17570 24394 1
9823 10120 4
6113 7158 7
6420 9873 3
252 10237 4
11651 23273 7
10374 23862 8
4878 12943 4
1783 6906 8
834 1732 10
7245 9652 1
8673 8906 6
637 16721 3
2277 13401 6
2738 3572 4
3500 20122 4
2768 17045 4
2974 8388 6
9531 17700 6
1212 24888 10
5023 22741 9
11272 23790 3
157 11781 5
6566 9653 6
8148 17875 5
10842 16769 1
14437 22610 3
6942 7600 1
7765 19025 9
5231 9323 10
778 18596 3
9535 22145 4
15363 17663 7
4029 21072 2
21071 21743 2
14390 24061 3
4348 12148 8
5684 23787 8
1171 15420 9
8293 15809 8
2228 15248 7
8480 22238 8
4180 16128 6
8084 14236 9
14912 21600 10
6664 10370 3
5201 5973 9
20129 23250 7
1451 3187 10
2446 4508 8
13593 22358 9
2527 3902 3
5804 19644 8
403 12269 3
5374 22736 5
1134 12105 2
11232 12776 3
2898 19911 4
2519 20751 4
444 573 3
12716 23554 9
7962 22582 9
3658 14648 4
3868 23227 2
2204 16687 4
602 2074 10
5649 6668 6
30 2150 7
5454 24176 7
4244 17066 6
11088 16043 4
8474 8996 5
11247 20014 6
4849 7092 2
1341 19478 2
20702 21815 6
529 6786 5
1395 15948 1
1939 20776 2
4051 4709 9
493 541 2
19327 21846 2
17191 17258 4
5213 10430 3
567 778 4
15869 22091 9
2826 14211 7
4374 9833 7
8951 14424 6
19687 22887 6
15167 16410 10
2051 3313 9
7880 13248 3
2177 19462 5
1232 12051 2
3556 9259 9
3425 6557 6
3719 15672 3
3588 16888 6
481 21721 5
465 5071 2
1535 3866 7
5734 14283 8
6767 12012 1
5418 24595 3
16285 23629 1
13449 20399 6
7937 17705 5
9170 13444 2
5351 22437 6
4984 7253 4
4631 8008 10
1213 23683 8
6852 19191 2
4868 24141 2
6506 17145 10
15872 20480 5
2150 23190 1
9764 14322 4
9421 23744 3
664 2829 2
16504 24920 10
5963 19549 7
21854 23929 10
699 22062 9
709 19465 8
9382 15205 2
2539 22357 6
62 23229 1
3467 4104 1
8712 14690 7
5893 16029 9
6953 7245 1
9455 21698 2
349 23707 10
5620 8025 6
1239 16263 10
7125 7338 8
1301 4225 1
16148 23849 4
4861 17502 6
1711 1842 10
14370 17397 1
7705 22174 10
15868 18982 8
1358 18909 6
3178 20696 8
2941 10490 2
11286 12717 6
5867 6736 9
4444 13133 5
2092 7979 1
3683 21614 3
1683 12807 5
1937 6866 2
1379 2157 3
3059 3313 7
1020 5842 9
5617 7064 7
2601 5483 5
9588 13329 1
6539 14687 5
10161 13304 1
484 2865 1
4539 19862 4
3210 4299 4
8789 14988 10
4084 13897 3
9232 10363 7
425 16128 9
6469 15708 1
4673 15671 6
673 4103 7
3780 4867 9
7545 15964 2
16733 23908 9
3882 6045 8
3314 4308 4
5691 23311 1
654 7065 2
297 14106 1
3565 7354 2
16020 22762 3
4248 17008 7
22513 24316 1
3599 7746 4
6548 18815 4
5309 17643 10
3671 21129 3
3255 7535 9
11267 23017 10
2321 11790 5
3746 16310 6
1305 11435 4
6811 23636 3
17165 17783 9
5307 21727 9
2396 20465 8
624 24341 7
1027 5359 10
6064 12672 6
2915 5382 8
11325 14515 5
4650 19320 5
375 5334 8
6858 13147 9
10592 24802 7
3272 21036 2
2680 17510 4
11752 14578 4
670 3333 2
6404 22069 6
2180 21507 4
4883 6021 7
16898 19490 1
17574 18624 6
17625 24535 9
6865 24773 3
3121 4468 8
594 6455 1
660 15184 6
4116 13073 8
5150 15616 5
5711 17606 8
6695 19713 5
4194 19214 8
562 1524 8
9134 23577 9
5059 22260 6
5948 23566 6
5363 12151 5
1851 20746 4
5191 8206 9
4110 13307 9
388 23351 3
734 20494 1
9896 15461 3
2030 4125 4
100 22664 1
11649 11678 2
4271 11304 5
6027 6966 2
6482 23256 4
12811 22909 6
2506 3127 5
3484 7529 10
9292 13280 9
13668 14309 2
3702 3764 3
2988 3174 2
1641 18658 5
27 4645 8
20189 23596 6
2282 5692 9
4376 4837 5
6832 17892 10
6703 17370 2
4622 14977 10
6437 20399 7
1294 8863 1
8027 21254 9
9027 13048 2
5434 14912 10
12709 23559 1
7580 22643 3
3782 22296 10
9763 19054 2
4155 12002 2
9485 12688 9
4238 17620 10
17090 20130 3
17612 19529 2
5954 6099 1
6933 12885 3
5640 21619 3
5543 8162 7
871 4177 4
5470 18145 6
2842 12388 8
9700 16965 5
1617 17176 6
3840 16317 7
5023 11775 8
71 21592 8
11934 13162 4
4102 11025 5
1123 24080 10
3993 24196 2
2670 8519 10
4468 17659 4
3166 5171 7
4127 16439 1
8382 17899 4
1672 21233 3
3508 6287 5
1656 12930 1
7118 14243 4
6491 10031 7
7385 11819 8
9519 16343 5
5759 11494 4
18288 23569 7
9041 20969 3
7374 14807 10
15483 16673 10
5032 6198 2
7237 8326 8
20845 21665 9
2027 4049 3
4195 22490 3
9434 22472 4
7647 19448 6
17311 18145 7
3494 20976 4
4105 11467 8
4778 16075 4
650 3773 9
680 7168 4
289 18668 6
762 9261 2
6463 9302 8
18077 22645 3
4374 17113 9
11289 12921 7
4248 21764 7
13925 15510 2
5391 20295 9
403 20161 5
3815 24475 6
19 15952 2
817 2929 4
130 14844 1
4798 17929 10
2136 4369 7
4520 11350 6
2787 20154 2
7584 11248 2
1479 1942 8
5004 14367 1
5778 22356 3
8704 14028 3
4503 23143 10
16365 20035 2
6346 7513 7
13214 17889 10
3161 15164 3
16090 24741 9
331 20040 1
3893 5786 7
904 4506 2
10617 18573 6
1296 16074 5
7050 17021 4
650 1766 8
5757 11768 8
228 19198 3
3397 14344 9
3409 24600 3
1880 5610 10
2270 8103 1
2387 2743 5
15153 21035 7
1274 20738 1
5097 9484 6
5349 17476 1
4826 7470 7
2743 12513 10
1962 6181 3
3185 4565 9
4748 18353 7
6113 14706 2
7889 22289 7
6580 20718 10
1982 22551 4
9555 15373 8
5407 21437 8
5119 21364 5
6298 8561 1
801 23396 8
3229 17106 8
8179 23237 6
1812 4720 3
5252 20081 1
3244 20051 3
4989 14495 2
1607 10384 9
9512 15507 7
12125 24417 5
905 11930 6
2531 18049 5
1369 14569 8
19696 22386 6
4923 18804 3
4462 21685 4
381 12838 2
3173 6198 6
10682 22666 5
377 19263 10
7219 8284 2
2229 7341 9
5358 15168 1
4897 17159 4
1122 4944 4
1038 6427 7
22416 24507 9
1071 4912 3
12388 19806 5
2292 2869 5
4989 18930 4
11009 22342 9
314 2701 3
1673 7259 4
348 18102 1
3301 6705 7
3415 23051 1
1132 11096 6
6638 8615 6
4106 12431 1
2167 4481 3
15046 22831 9
867 12826 7
13346 17433 1
3650 6056 6
2221 6927 10
5164 11713 6
318 9578 9
1651 11186 2
980 16742 1
2752 6681 7
5300 24253 5
4398 19111 2
7723 9972 6
8706 22263 10
6830 9152 9
4566 8052 6
1138 15209 2
5345 19450 1
23604 24251 6
12407 12910 6
7355 10866 3
16784 23283 5
11311 22378 2
3917 6968 2
7092 8708 5
1446 15254 7
3315 23527 8
18589 21568 2
7558 19733 7
4289 11366 4
951 1103 5
924 3194 2
2636 5642 8
9437 10383 5
5975 7407 9
1159 20966 6
1876 6753 7
4915 5182 2
14277 24959 4
26 4264 9
3242 10061 4
4005 7081 10
7544 24418 4
22530 24982 3
7263 19325 5
3205 20627 4
14805 21376 8
4941 17596 7
7501 20435 8
3030 13704 8
2704 15602 10
1854 8053 10
4658 4996 5
3085 4527 1
4742 9933 10
13174 19577 6
4147 21728 7
17308 19116 10
1069 7584 2
2687 19237 7
10734 13934 6
5079 16998 1
8631 17590 4
7610 18401 3
1928 18732 9
10236 17589 8
268 13506 2
16387 24158 7
4764 14806 6
20060 21488 5
4929 5037 7
2065 3051 8
6056 11259 8
2906 22602 8
10332 14304 7
4423 20355 8
1 4546 1
13674 20687 1
4602 6037 1
15466 19302 4
3284 24822 7
450 1917 6
6791 23691 6
4359 19627 6
3118 6341 3
14042 23378 3
3833 17953 2
3132 19984 10
9894 21191 8
5694 21519 9
8784 21649 1
1035 6976 4
1934 23368 9
4648 22285 5
1176 20614 10
7860 19308 7
5364 9025 9
3814 4300 8
4819 11432 1
5633 13566 10
3333 7448 5
7355 15835 2
7244 21163 7
197 516 1
8463 24489 5
5405 10974 6
2258 5836 1
3373 4380 1
6850 12243 10
1486 8960 8
6217 9499 5
4248 15263 3
2 252 4
1259 16626 8
4559 18040 2
5280 21555 10
6032 19223 3
2289 23026 5
1630 8409 1
4385 6749 2
17662 18761 9
10275 19415 10
9179 21906 1
3480 5823 10
77 16517 5
6218 21295 5
2469 6261 9
4308 6073 7
5590 13003 6
3781 18347 10
3993 24490 8
5681 10663 8
2867 5194 4
6896 16655 5
20403 22778 3
3714 16345 1
21542 22158 1
12768 17874 2
5204 21651 1
6469 7602 4
9678 14432 10
3344 20428 3
3218 5696 8
4727 16886 10
2359 7415 5
1097 4949 7
6290 7726 8
20930 23684 9
2133 6660 3
1003 11527 8
4061 23677 3
3067 3608 2
3742 9594 10
7244 14876 1
10618 12270 4
4565 18916 4
11123 11187 3
8004 11900 9
5165 11379 2
6431 21659 6
11792 21440 2
2668 6815 1
3061 18994 6
7047 15602 8
13244 19799 2
4404 11626 7
5267 11559 7
6992 15856 8
10465 21805 8
5254 16558 10
17145 18817 6
5796 19053 2
3477 3702 5
5511 22087 7
17072 21275 2
19269 20680 7
1618 24039 10
19129 20357 5
21926 23847 3
7435 17303 2
5452 15058 6
7095 22536 8
9471 24950 10
6395 18937 5
4875 6998 5
15095 16472 6
3363 3675 10
5227 19342 5
11545 13363 5
1987 3078 6
3727 6529 8
1118 2872 7
5648 19076 8
10728 15099 1
7865 9063 8
4147 5362 3
8227 15587 5
8254 14575 1
6273 19516 8
496 14537 7
4404 15037 3
1524 6209 8
8155 24602 2
5262 6132 9
14048 14351 9
971 13544 9
2605 3970 2
4155 11112 3
3141 24140 10
7059 7575 1
5338 11412 10
4626 15720 6
3113 4105 1
7909 17006 1
4085 21056 3
3825 12984 9
4345 13119 5
7383 9280 9
4027 4072 9
18866 21749 8
13446 23694 1
15653 24872 10
5950 24013 5
6218 11282 1
673 6337 4
11063 14544 1
4623 17351 4
1153 14042 4
5519 18240 3
7078 15636 8
526 3833 1
2050 7933 3
3525 21686 4
13051 24772 4
399 10865 9
5257 20472 10
37 20368 7
4210 20008 10
9985 21780 1
2864 23946 1
3547 19071 1
3270 23453 7
1756 3520 7
11823 14627 6
6417 11922 4
1133 14256 9
441 4052 3
3942 11965 9
13753 20928 1
6739 18637 2
6507 9741 10
5809 9041 8
834 2915 9
20603 21473 1
6037 8099 4
6231 16449 4
13069 20726 2
279 10097 7
3821 17316 3
5908 7166 1
18730 22290 9
5546 11013 7
15369 24207 10
6306 20478 6
4350 12757 7
6293 10077 6
17971 20912 5
2452 24841 2
13942 24414 4
1750 10686 1
3618 9611 9
3320 6216 6
2262 24377 2
7179 18678 1
4777 8278 7
612 24249 1
1283 11687 9
1439 9352 2
4609 7977 10
4105 4663 9
145 9398 5
4176 8066 3
331 779 6
5682 6082 8
1350 23425 9
17520 20630 8
19512 20647 4
1709 2607 5
957 20891 3
9416 19375 3
2894 23217 1
1219 18873 1
17702 23033 2
2336 18930 10
4740 7738 2
3515 13425 5
4926 5262 1
263 5663 3
15003 24157 6
14057 24959 6
12667 23971 8
2895 11876 6
3277 20379 3
408 5415 3
16939 17670 1
11021 15455 1
1841 22788 7
12894 18603 6
5288 5302 10
771 7725 5
10552 22982 9
946 11310 7
1957 6952 1
1136 2764 5
18 5666 7
563 6088 8
2970 4281 6
2465 11282 7
2716 13846 7
11380 24301 9
396 21229 5
22746 22792 1
12522 12840 10
286 16393 1
1498 16837 10
5711 18437 10
4568 11755 5
10515 17699 6
1965 7303 10
3568 10883 9
3693 13087 4
534 23474 9
6154 18774 1
3763 11855 6
2176 5237 8
3135 18397 10
3200 5044 6
197 16623 3
1086 12370 5
118 16186 8
5026 19789 2
4077 10067 6
6481 14951 7
16578 22915 7
3742 6277 4
9541 24018 6
5002 16345 8
13669 19539 5
3251 18021 9
390 2277 9
2606 22639 2
6828 7864 5
14534 22647 9
5278 9365 3
14768 20337 8
5180 7112 2
2526 23719 3
11598 18647 10
14941 18337 6
15836 24942 8
10576 23347 1
16401 16768 9
8626 16183 7
19961 23373 6
16301 19134 8
15492 23225 6
3372 21104 10
2751 9428 5
5017 7850 10
5142 11555 5
19037 21170 8
5208 9200 6
1358 3288 5
2743 18270 4
1379 4070 8
12726 15519 7
7440 9575 6
17304 23692 1
5393 7456 6
267 2904 9
6386 6468 8
16827 17290 7
4058 7970 2
18777 24520 10
14888 16372 3
5997 6235 9
3591 10270 2
2434 24761 1
6838 15346 9
5366 17406 4
107 20477 10
612 7151 9
9136 9353 1
6023 11618 10
16906 21084 5
2853 10926 8
6563 18029 3
2586 11785 2
2404 5794 4
2411 17654 7
2118 4833 3
3556 6694 9
6901 18190 1
11614 22276 6
6342 11875 7
8906 20048 10
18585 23918 7
7839 21931 8
17847 24885 9
1920 3401 1
1025 7832 9
3772 11296 5
8333 23280 5
7749 14518 1
624 3245 7
7593 7724 7
5107 7331 1
1290 11944 8
7588 24777 6
7452 9297 5
11 20855 4
1301 1374 7
3150 19546 7
2571 18211 8
6492 21107 1
934 4058 10
17414 21494 8
2509 22567 4
4378 7517 8
5083 5441 5
2007 11604 10
13658 15717 2
6167 19702 8
20602 23662 4
14889 20106 4
7478 15536 1
7324 10030 7
5526 6089 8
15380 18137 5
15894 19612 7
10189 12338 7
8442 21005 2
3319 6393 2
7211 17633 1
10061 24097 8
2808 6651 4
4425 6143 7
8340 14189 9
2821 12391 10
6582 23634 10
15103 21321 8
13711 22248 3
123 9404 7
3423 11185 3
2781 6362 6
5546 23325 10
2045 5831 7
9983 17777 5
3662 20396 5
11903 12477 8
17277 23786 2
6025 16287 5
143 1746 1
11353 18659 1
8268 24346 9
6295 19188 8
6021 19698 1
12337 15659 2
3329 5848 6
1624 5353 6
7330 24830 4
74 9772 3
5569 24257 7
8862 20064 2
2435 5630 5
12546 23846 9
757 16100 4
6464 22606 9
4633 24509 7
8324 10176 1
1057 7693 10
1836 8872 10
3448 7314 9
5157 24863 6
13540 18863 3
11116 11537 8
15010 23354 4
6226 22785 2
290 4880 3
15698 20512 5
5318 23529 9
712 4386 9
13418 14926 5
1292 2827 6
3678 21140 6
3746 13856 9
11559 22757 2
21843 24752 6
1788 24653 5
17581 23726 2
7643 15691 10
4812 12551 2
9483 24928 9
4109 11026 6
17916 21056 2
16952 18390 6
3085 22924 7
396 8934 9
6729 9108 4
6005 15039 9
1316 5363 8
7536 16144 6
8043 16256 6
14216 23965 9
20780 23762 8
2130 14945 5
3824 10195 8
7411 19421 4
2460 13019 7
18941 20502 9
5635 21058 3
13493 21983 2
5837 23457 9
4255 4334 8
5701 6813 9
8601 21151 7
15477 17080 1
3784 24167 3
7661 21895 2
2503 15513 9
700 21778 2
5039 17262 6
2616 11079 3
778 16419 6
1622 21837 3
573 1629 3
11900 16010 6
2201 9645 1
3951 12834 3
3267 13496 4
17226 22529 3
3291 19138 7
892 3285 5
17671 21564 8
9664 18114 2
6061 6077 9
5182 6290 7
9135 19620 6
11250 24648 10
38 10397 2
13668 14781 8
3438 24617 9
9283 13533 6
3906 8357 3
15673 24652 5
4252 13843 2
14492 15386 1
14036 19928 6
2206 2509 9
4926 14895 10
1060 21156 9
8616 19722 7
16278 23481 10
11686 22666 3
5780 16418 10
18635 20529 7
570 22536 10
9819 11711 1
13529 18047 5
224 1239 5
4634 19609 5
19374 21531 10
14039 22986 8
1232 8376 3
5249 6836 7
122 6396 6
6267 12531 6
867 22249 8
134 22336 9
2118 17528 10
6852 20233 2
6777 12610 10
4689 7224 3
262 10424 5
8993 21283 9
360 7787 8
3867 21378 1
11541 17105 10
19326 21638 1
251 1753 2
4684 6823 9
3413 4277 3
14 15385 1
5421 18996 10
2236 23658 7
6629 8856 10
17351 22651 1
207 3387 4
6586 6709 5
4343 7742 9
5807 18857 7
3835 7719 1
2503 20870 10
20738 22260 10
1364 19461 2
4519 18785 10
13432 16956 8
776 4593 9
4249 7476 5
2504 20091 8
4660 14940 5
1676 17302 8
17153 22005 6
6749 10598 3
6395 9724 5
3430 13236 2
5628 21633 9
23096 24872 5
2335 18398 6
1032 1123 3
9308 19519 4
4119 10406 1
10306 11220 7
4138 7620 9
109 17397 3
16478 18199 6
12983 21649 6
10587 23857 9
17545 21019 2
2208 11871 9
3111 11467 2
2237 16320 8
1186 12678 7
15321 19117 9
7388 11226 1
3917 12779 7
15722 18904 4
5941 23788 10
9228 12058 2
11332 19480 4
6064 20159 9
5629 16386 5
23 19975 5
7502 10274 5
2229 20687 2
10401 18513 5
1968 3260 1
2754 20519 7
6895 24832 8
7893 13009 7
4064 21621 7
1865 10462 10
10316 21502 4
10862 24589 2
6596 18446 7
1339 17768 6
1206 16025 10
671 16742 5
3247 7088 3
1541 14152 9
7564 21534 3
6846 20542 5
17121 17604 8
5303 22209 10
1287 9872 7
2259 11655 1
2103 4610 4
2431 24481 7
178 13179 1
1601 4444 9
3611 16743 4
4157 4434 10
3274 18442 4
4112 16344 8
2408 8377 4
2508 13668 2
518 24474 7
6793 22390 9
3845 5162 1
2802 20171 6
37 9115 1
12649 16115 4
1078 14687 1
794 8413 4
20584 24700 9
20784 22250 7
1136 1801 3
9075 11766 3
5087 6874 7
5735 14523 10
3448 7826 3
5476 10637 2
3550 18496 3
2159 23624 2
8679 15125 6
14019 23292 6
12484 21345 7
1143 10368 1
1127 20500 2
17891 20315 2
1366 11411 10
5417 16723 1
4282 15031 7
237 13861 4
8847 13543 7
3085 12712 7
9449 11935 3
4753 5817 10
7615 18090 8
7067 16056 7
581 3323 8
23540 24872 1
9671 20641 4
782 5853 8
7329 19829 4
1298 3340 8
10696 10863 4
8699 21170 10
4995 12240 9
8275 22738 1
2429 9712 2
7111 9230 9
430 18667 1
2144 11693 5
15014 16434 10
986 4879 6
3257 8083 2
1127 12068 6
2805 5038 6
16276 17889 1
1677 20714 9
6315 14542 4
5760 7111 5
4283 6260 2
1329 24161 7
7825 18923 3
565 24389 4
916 17645 7
5876 12560 6
4737 15565 4
556 17883 8
10438 21298 1
11930 18350 2
4887 8072 2
426 22550 3
3969 7731 5
6296 7056 6
512 1827 2
11921 21890 9
4924 5727 7
987 17884 10
3346 17752 3
12563 20954 1
6966 7766 6
17296 19837 9
2618 24570 6
2311 2720 8
23 3546 7
9787 23205 3
10394 14032 1
1452 3548 7
334 13973 5
14842 15409 6
19099 24000 9
2908 21009 8
17363 17985 6
534 9591 7
4922 11221 7
5667 11910 1
1180 5812 2
7677 10975 3
1143 20988 6
16730 19608 5
16457 22200 10
5981 14817 2
9327 16911 1
5403 16499 7
1604 6105 6
222 16523 5
2409 7644 9
2224 11672 3
3296 20579 8
3210 3947 9
4321 6197 2
4476 21045 2
1252 15980 5
3279 23270 8
7601 16532 9
6798 21789 7
15394 19311 3
2092 5176 3
19471 20446 5
3503 10055 8
1718 4757 5
6446 10080 4
6450 22433 10
772 14114 8
4403 5049 1
3124 5246 2
16171 18126 1
7779 17017 3
5733 24015 5
12065 23360 3
618 13457 3
11582 15725 1
1959 16603 1
1834 18505 1
2314 4671 3
7577 9572 6
6329 16423 3
5423 5460 9
7916 17794 10
3178 11326 10
6685 7921 8
6188 6362 1
12033 20154 5
126 8289 7
6025 24487 10
13587 16071 3
2923 15972 6
1183 3182 3
11553 11791 1
9020 15330 3
5544 20987 3
18933 23668 7
5592 22251 6
3055 3931 3
12343 22233 4
1150 22730 1
883 7507 7
7433 13553 8
1127 3356 2
8527 21308 4
13392 20893 2
16892 21398 5
10865 23467 2
4512 7266 2
14868 20591 8
291 21867 2
1814 8913 4
6183 7348 10
11465 12785 8
2313 23141 6
40 4612 6
4498 15814 6
12038 12975 4
8114 15231 5
2246 6952 9
11590 15099 7
4256 21326 1
21257 21962 10
4092 10095 6
16709 21503 7
6936 24262 1
488 5077 6
2669 11953 2
1992 15684 5
5038 8279 4
16976 18263 6
6326 6477 2
23594 24097 3
2176 6020 10
7238 13175 2
1716 22906 7
5094 8351 1
2413 4983 10
4538 7853 8
14192 14327 4
2711 6695 2
3978 13711 2
3357 23994 5
8036 19070 7
15251 15373 7
3907 7291 2
3326 17962 10
17921 22792 8
3550 3908 8
13081 23517 6
355 5235 7
4192 8410 4
13100 17027 2
9327 20690 10
1899 12165 4
5347 24255 3
5919 21514 2
3148 17325 4
2800 17820 10
2454 5039 8
3432 6728 10
4373 13834 1
6928 16876 4
4799 18806 6
576 14527 9
5312 9461 9
5938 5991 9
10093 21027 9
2137 17305 6
4035 5635 1
4012 18308 2
5086 8422 8
18491 24956 3
5935 9768 5
9263 14968 2
9212 15572 6
14732 20801 6
2604 3783 1
48 15315 5
18498 24409 10
457 20756 10
5095 16803 5
3462 6408 9
17359 19040 7
7215 18288 6
814 2147 7
2495 8211 4
2984 12465 7
10317 23774 5
591 15429 9
637 4188 2
348 7747 2
4971 20142 6
7488 14138 5
11409 22704 9
3367 21605 3
3319 5182 5
2698 3430 6
274 6686 5
16633 24472 5
6501 18829 9
924 15115 4
17266 23244 6
5352 8235 7
1562 3748 5
402 5042 7
4033 4916 9
1254 3589 9
13114 14238 6
8851 19165 5
4579 10684 3
8392 9810 7
12960 19809 6
19302 21787 7
5440 18545 9
1424 21114 2
4523 12601 9
4048 21612 10
9355 15677 8
4254 6277 2
408 7907 2
7198 7593 2
1153 20091 3
343 5831 6
3600 9835 5
565 18154 4
1363 9076 3
10520 12328 10
3977 5515 2
3352 15182 9
6313 15064 7
5818 15537 10
4346 9564 9
6943 14892 1
962 19575 9
238 8526 2
1199 13803 6
2388 21412 8
11113 13224 4
3530 11088 7
2363 8113 3
20673 24110 10
5394 19857 5
2115 17709 5
19834 23781 3
18160 19450 6
1701 16872 6
14 1448 3
3376 3444 8
6371 14026 2
3868 8974 5
1078 17753 5
6625 17830 9
16558 22673 1
3043 23899 7
9808 15775 9
7493 9984 8
540 7263 4
4455 4813 4
3243 8424 10
8759 15149 6
4750 21154 10
1404 2489 1
20071 22598 9
2328 3717 4
7687 16902 5
8498 13621 3
2433 24566 4
10791 21500 4
8054 17332 6
9759 11310 5
236 10319 7
2462 18825 5
1558 13161 6
19165 21034 2
12803 22305 3
4975 7255 1
1808 7968 4
149 12503 7
5552 14938 7
2659 17988 5
572 5984 3
2799 17746 8
3017 6500 5
456 3937 7
377 24054 10
74 8356 5
21256 22950 9
6541 18880 4
14392 23305 3
9848 19547 6
8670 17374 10
8291 20123 3
1215 24732 3
7222 17677 6
20920 21806 5
9504 12321 6
13204 19568 6
7196 19462 1
8386 10818 6
2505 13665 7
5281 14410 9
284 21210 3
3926 24203 9
15616 20313 10
5881 10381 4
5726 13165 1
6590 6591 3
2760 22935 4
16523 20940 1
4541 15680 7
352 22845 5
11281 11444 10
2530 5860 6
12416 13276 1
19326 20918 3
2426 22879 8
2241 19270 5
19647 19790 4
341 6459 1
5957 10951 7
11636 17684 1
1670 5156 3
866 14912 10
4302 19595 10
3487 3924 8
14380 23248 7
2626 20069 8
22470 23624 6
2594 10525 7
6661 24501 7
20018 21992 8
3551 19607 5
13469 17070 5
10386 10955 3
3564 14431 3
1697 9145 1
219 20365 9
11526 22498 8
15473 21812 4
2315 4158 5
2595 4526 5
3231 3818 4
3472 5408 10
2157 7010 6
19420 21770 2
5739 21777 8
2367 6487 6
9796 21025 6
1143 18085 6
6443 14014 6
3350 24336 10
2686 6957 5
3155 14772 8
6720 13153 9
10568 18055 9
6670 9873 3
1090 18890 9
410 8813 6
602 13862 7
9998 10698 5
6014 23458 7
180 23066 2
4352 5114 9
340 14731 8
825 4729 6
5522 16961 8
2458 9071 6
3393 6066 3
10507 18214 5
17332 23802 1
3011 24439 9
5490 7906 6
5847 13687 5
1953 6934 6
1616 24867 1
3973 4103 6
3132 8143 8
1916 6172 2
4479 16122 6
6104 13768 2
1156 3988 3
8947 22489 5
2543 19985 7
5972 14582 8
4320 23792 3
4428 20172 4
10924 14893 7
1322 10434 4
13892 17181 5
6619 14121 8
6822 16052 1
3292 5009 3
4090 15379 7
22177 22797 9
2302 6270 4
7594 10893 9
3390 11074 3
8651 24284 2
5580 9175 10
105 9866 6
1794 4259 7
1202 8466 3
17106 19019 3
972 11317 8
1575 13247 5
8519 10809 4
2816 18390 8
2645 15743 6
13610 22298 5
58 3871 8
6614 18688 9
4618 9293 2
11230 13853 1
2717 13513 8
647 10366 3
16990 22106 3
15135 18130 8
3911 15466 10
2091 6694 8
4308 23704 10
7369 22840 4
3468 7608 1
29 2382 3
1341 2232 2
2158 23465 2
11877 17141 6
6 5346 10
12539 13895 9
36 761 2
9164 24926 3
4597 8123 2
4528 24107 8
15633 24423 3
4940 10278 7
14554 16388 3
11693 22042 3
6772 7901 6
5512 5898 5
3713 9184 3
1134 4362 10
1043 16272 9
3139 23490 3
1909 14441 10
9659 14497 3
4957 5857 6
1690 24844 10
2459 17787 9
8420 18833 2
7226 13890 7
7170 24847 7
6341 20562 5
3609 4396 7
6942 14300 4
4042 10068 6
4994 23826 8
9364 16036 6
1274 5203 2
5160 24571 9
5286 11889 8
12527 23021 4
2183 10769 2
583 20669 4
6517 16372 7
5396 17765 7
19509 24200 7
515 21774 6
2023 8231 5
18379 21931 9
757 4354 9
1966 15746 7
19377 23283 6
11484 20835 9
2830 8065 9
2665 6797 9
7826 8332 9
2619 16195 1
1911 17688 4
1181 17311 2
414 24870 9
2859 16678 9
2704 6559 8
10422 22220 9
4153 7810 7
5467 11492 3
3825 18543 5
6444 16814 2
5145 12884 7
2562 3174 5
3257 22192 2
8617 10152 9
1279 12456 2
83 8832 10
128 15235 4
7818 22513 2
14639 21039 10
1750 14274 6
2914 6944 5
16033 19959 8
2216 8682 10
5720 19168 7
9282 11677 10
6662 16897 3
15630 18385 4
2395 6911 5
6562 15981 7
8467 16145 10
622 2243 3
7682 21476 6
912 22127 7
4289 19032 7
5638 16799 8
7769 9149 3
15122 17913 1
2950 8405 4
2235 5314 7
3352 14275 5
3829 4515 9
4550 24067 7
6636 10049 3
2952 5569 10
823 18931 6
4505 23801 4
3049 5255 9
2601 4551 10
479 11317 8
1013 17907 10
2043 4644 8
2302 5991 7
7487 11506 9
5367 12216 1
134 3694 8
4602 7727 9
12847 14068 3
17287 22066 8
7592 16378 4
12928 23736 4
5486 15310 2
12819 14283 8
1506 2748 7
6029 6350 9
6716 23657 1
1375 8077 3
5299 11830 2
7488 16473 9
15551 23152 2
15076 16560 7
14165 17728 10
4278 16009 4
2865 7634 6
19162 22800 4
17810 18811 8
4775 15456 6
879 22832 10
761 8759 6
17995 23488 9
7899 21038 8
566 18095 4
3515 14474 7
5516 15025 4
3074 23889 10
109 11451 5
10027 24435 7
5786 6540 1
15698 17099 8
18136 18338 1
4547 17626 4
8162 16018 7
5937 23424 4
5789 17201 4
2861 8007 1
15048 21548 10
785 1788 4
19622 23949 4
3174 24983 2
13339 21007 1
14604 22087 7
4293 18744 4
19548 20258 5
323 18087 2
78 9367 2
11666 12831 6
741 24401 8
22094 23296 7
3785 5543 9
2027 2879 6
20444 20895 1
3626 18823 3
7196 7212 8
21007 24085 3
17984 21664 9
7720 21021 1
21060 23795 2
7330 16086 2
20461 22482 10
6441 21802 4
7017 24193 6
5647 14052 1
5471 14237 10
5955 19371 2
11671 13223 2
4137 6660 8
5340 11186 1
9006 22343 9
6311 20678 2
15363 19645 2
8910 20175 5
1031 7152 2
4355 19307 9
21775 23669 7
3765 17332 3
13051 18187 5
12146 20523 1
21284 21822 7
3317 23903 3
6042 19685 9
9371 15202 1
1967 7130 8
10335 17426 2
605 4332 5
5282 5411 10
2250 10616 10
742 10875 10
6714 6800 1
12911 13339 8
818 21167 2
4571 10372 2
8310 21922 2
7890 11054 3
11853 14675 9
1545 17012 9
6611 11125 3
5211 20307 7
5219 9469 7
3538 23459 2
6457 19230 7
4430 21508 9
3773 22087 2
2018 22081 7
4784 6440 10
19779 23404 2
5741 10086 10
8038 24381 5
7424 15575 6
5432 23550 10
290 17067 8
3559 11004 10
3095 5223 7
5742 6511 10
4345 12660 6
6187 21049 3
1688 15642 8
216 1070 7
11406 13921 5
1797 6499 9
1438 19133 1
1394 4867 4
2588 3671 4
13339 22957 9
10968 18387 2
6617 12127 2
521 22406 2
7511 21186 1
5830 24396 8
2923 20326 3
823 1954 9
2564 9853 2
10294 19445 5
81 4412 3
12595 14042 6
5046 12322 6
6352 23189 6
104 993 8
7139 15128 6
5783 7743 3
4906 8292 9
6389 19083 1
6740 11952 3
19733 21026 8
2425 9917 6
3610 15966 5
11962 16100 2
786 22498 1
12259 23706 9
5486 15120 10
7168 17987 3
5617 21845 5
3157 7650 8
7478 11746 8
3079 3719 1
5180 18797 3
6476 10918 3
21823 22986 9
1556 3181 8
9277 14738 7
445 6351 2
3369 4264 10
1567 7639 5
319 23745 5
6829 11988 9
10109 22376 7
310 4112 9
839 16667 9
4893 11191 3
1848 23920 7
12911 23197 1
4760 5554 10
16825 24074 9
6414 7574 4
775 8807 9
198 17029 9
519 13871 1
3551 17103 1
12956 21471 6
10193 10911 7
789 17109 3
6374 9757 1
1120 2709 2
4829 18204 2
4287 15481 7
15601 23634 2
8913 9585 3
2475 8096 4
1593 16959 5
2019 16313 6
6621 11672 7
4473 22302 8
1070 5560 5
775 7196 8
2554 6599 9
9857 20668 4
1722 4999 2
7743 19531 1
18230 22401 2
2210 4298 5
10856 16977 1
12533 15027 5
2154 8108 5
10812 12313 7
22048 24462 9
21249 22120 9
3637 5429 1
2275 7568 6
5961 15813 3
6659 8861 2
4480 20887 5
5247 9562 10
3693 22211 9
1867 15466 10
1350 6352 4
5685 7159 1
5098 14689 5
6846 13838 10
3706 4652 8
4696 20644 3
4931 6121 8
694 22874 4
6824 14053 5
17358 23027 4
177 2223 8
117 2675 4
4774 24498 9
555 2579 2
18012 21655 3
7738 22707 7
1034 22211 7
1203 5769 10
10367 11043 5
7054 7304 1
2904 15145 2
2392 7753 10
17887 23808 4
390 1826 1
1461 6828 3
9862 24687 8
559 6431 9
6628 10641 10
1227 3252 7
282 21603 2
477 4701 1
5297 11451 9
2244 4683 3
1097 5932 9
115 7736 1
5802 11386 6
15056 19355 2
658 3036 7
3208 11790 10
9329 9668 9
3548 16715 6
4876 11754 1
14496 17466 8
712 6282 5
1228 6648 4
5351 17411 10
3795 15795 1
14479 14934 9
10699 11120 6
7629 13316 5
5706 11219 4
4564 21481 4
4395 13354 10
1996 18170 8
15104 20965 9
9045 23683 2
9376 20587 7
8546 20422 1
14524 16497 8
11026 19429 5
7403 22832 9
502 9392 9
12953 18675 8
2969 4864 3
4446 23776 1
4140 14336 4
22144 22288 2
4453 23743 4
716 1077 9
13469 17644 3
2816 3398 10
569 8362 7
8072 13261 6
4952 8485 10
23002 23657 2
4228 16626 3
4522 6931 2
3286 19749 4
2278 19102 5
4421 6397 6
337 18208 8
277 15809 5
3221 4224 1
16917 23646 10
6602 21984 2
6928 7266 8
817 11385 6
6526 13731 8
11955 24181 8
1618 2485 3
21326 23711 8
11292 19166 2
7703 13365 8
7087 24828 1
6961 22160 4
11549 16630 2
12709 17168 2
4433 13480 8
2238 20178 3
4536 15076 4
5484 7260 6
17809 20251 3
878 13669 8
15562 15809 1
3346 7188 9
303 17880 2
5138 9578 9
22833 23725 8
9724 12799 3
3857 10488 5
20547 22328 6
7580 18481 5
3521 17587 10
3887 12306 4
2260 23957 5
6084 21228 5
3185 24863 5
20986 22861 10
27 585 10
1434 4017 6
4437 8219 1
6584 18816 3
7355 8033 8
3657 13232 5
3763 19824 6
1031 16766 10
4147 23091 2
6070 10228 6
3634 4183 3
7280 7701 6
5774 9638 5
7841 14257 4
1165 11068 3
2166 2906 7
1281 19909 10
3054 9326 3
958 3227 1
11352 16427 4
6074 10075 8
2204 2237 8
19859 24154 7
19871 22732 9
1155 3713 1
14469 17368 2
1225 15845 2
1452 7526 6
7091 14582 3
5286 13471 7
1857 15565 7
9122 24995 3
7565 14439 5
11183 21377 3
403 7607 2
3241 6834 8
7367 14548 5
1841 17812 10
804 15162 1
374 9230 4
1334 3881 4
2764 13235 4
6744 17261 8
4547 7077 1
2548 17431 6
442 11711 10
7275 14430 6
4133 5231 2
11793 16798 10
16746 18269 10
3575 7760 9
11008 23114 5
14836 15786 8
6370 13766 3
1319 12494 4
166 5323 10
2825 6046 2
3623 13212 3
8235 17324 9
7766 16691 6
7366 21670 10
5597 6523 9
9717 16456 7
2010 21897 8
7465 20338 2
14959 24022 7
2732 18452 6
13979 14117 7
13185 13688 6
8298 17344 2
1134 6816 4
6787 15987 1
6983 22090 3
5098 5752 7
1758 20210 4
7529 12776 2
7452 13715 7
5593 19365 3
1930 20641 5
6136 20391 3
40 19878 5
12088 17771 10
3134 16074 7
38 4141 1
4794 5958 5
140 7198 4
11218 19536 1
21504 24164 4
4185 17396 8
10547 23954 6
15324 22484 1
8704 19463 9
3999 23108 1
5627 5993 7
12681 21580 9
14968 18298 1
6729 18421 9
2004 5943 10
7005 14564 5
5749 9292 10
15440 23337 10
5062 14222 4
3835 4247 8
2319 18807 7
725 23224 4
7041 15440 9
36 9533 8
311 20480 8
5470 7664 1
3648 5115 8
8045 18065 10
7308 15456 1
6900 19392 7
7742 9514 7
6568 15028 4
459 16675 6
17407 22465 2
5103 6632 4
983 10412 2
10115 20760 2
8871 16005 2
6319 12263 10
4728 6351 8
348 2600 10
3359 10888 5
9688 18774 7
2944 8038 9
6207 24409 7
3622 7754 9
4995 9153 1
4918 6902 1
9078 13014 1
17597 23186 8
7309 9685 10
6882 15130 3
3712 5369 10
11239 24996 3
759 13223 4
1524 5789 8
232 6533 9
20602 21767 3
10445 23898 1
2779 22391 1
13212 13277 8
8886 11824 3
6496 8584 6
22480 23074 1
4468 5543 3
409 16096 6
4816 15655 3
5413 20060 4
3848 4447 4
1756 20136 9
10469 16575 2
3409 4100 6
4165 24153 6
1820 2178 4
11468 15988 10
979 4525 1
80 24911 1
9280 14712 1
2168 16469 2
207 954 6
5714 6934 10
5120 16654 9
6221 9260 4
4802 14920 8
5577 13239 9
4141 6134 7
2190 11011 3
9717 18717 2
545 2504 7
1288 5416 8
17850 21081 2
3329 23604 8
8078 8112 6
4125 16610 9
7875 23084 3
1547 21465 5
8194 19481 7
14616 20810 4
4471 19820 9
9550 18134 5
19624 21095 10
10969 12215 7
7844 23075 8
6499 23766 7
3079 13560 1
482 18534 9
17470 22396 9
3705 12090 7
3895 8744 7
22991 23775 3
5328 10832 5
881 8882 2
4046 22833 3
12883 21234 1
1128 17325 9
9108 18658 7
11097 15411 1
8665 21931 6
4 1581 10
5570 18229 2
14339 16809 5
4802 4888 5
4072 18750 2
6849 13305 5
8096 8939 3
2202 8604 10
5221 7068 9
13580 19421 5
6330 11411 4
9971 23318 5
6516 6646 5
11326 22343 6
3023 19059 3
4360 7892 2
1682 6548 10
10285 19336 7
11224 23494 3
1503 7785 5
13794 22920 10
4132 17259 4
9446 20969 3
12299 18046 6
16442 24779 10
4603 13147 5
4299 18941 2
12609 17218 5
19237 23439 1
7760 21503 4
15822 20263 5
2899 9549 1
1579 19386 3
8606 17246 4
6175 6461 10
4707 19735 1
3480 7057 9
7022 8667 6
9796 17774 7
1083 20535 7
9205 21479 8
5053 7763 5
604 2294 1
5829 12181 10
6742 10071 9
17358 24971 9
4114 15586 4
5471 5619 6
15558 20670 8
3719 24233 2
3722 11250 7
12037 12405 3
305 11249 5
24225 24707 8
2146 3637 6
11308 18094 2
3189 5429 4
3176 6950 5
368 11588 1
6276 18133 10
18186 20421 10
5701 23735 7
606 939 1
13342 22919 6
3997 11082 6
784 22817 9
5920 11546 8
11359 15749 8
10475 19719 9
3262 4394 10
4325 23155 8
104 644 9
3978 15150 4
1094 11299 2
3870 6411 9
7911 22004 10
16833 20666 9
3086 13821 8
7694 22634 3
19368 21970 5
5041 15718 9
22552 23882 7
16958 19539 2
1458 2840 10
21668 24334 3
16402 24687 2
18436 19451 1
8648 22378 6
5022 17891 2
6504 14183 1
15992 24475 4
12932 18387 1
942 1591 2
5754 18788 6
1980 21590 5
1356 4064 4
321 3262 8
8161 12226 3
6388 19725 8
4814 16357 7
10872 24964 9
2294 16058 7
5895 6168 4
6871 10158 9
2262 9264 10
12158 18313 9
329 18466 6
2778 2808 1
6076 18929 4
3307 6670 3
12100 13702 3
14577 23548 6
7146 19214 1
8720 21321 8
8115 20344 2
7700 19456 7
137 22455 8
601 2574 5
4881 11599 7
4130 16125 2
4223 6971 8
21112 24763 9
3050 11001 7
10982 18216 1
6571 15627 6
20313 20396 1
1280 7704 10
3504 16062 2
4492 6937 6
11640 22253 4
9539 20737 5
615 16910 5
4824 14740 1
5607 14961 8
2350 3712 5
16288 20954 10
5125 24720 2
6844 15507 4
6854 11009 9
1864 21626 8
4991 23346 2
15280 23172 7
3980 20651 3
10184 24345 9
5716 7683 6
3669 7723 6
6474 18003 8
2799 18172 1
2770 9157 10
2438 21328 7
16226 19536 8
4726 15892 7
7565 24974 8
1980 5647 2
7087 18119 7
2967 24436 7
19265 19681 5
2582 8051 3
19136 20546 5
3151 17066 5
3208 17352 4
2145 3453 5
5127 19287 9
3123 6361 3
10579 19897 5
1118 8084 8
6329 18500 1
2170 16188 9
1656 9158 10
7195 17711 4
6874 22875 2
11286 22060 5
17924 24414 4
7024 18789 4
2644 16062 1
176 11407 5
14695 19003 5
513 5854 6
10234 21306 5
10819 14665 6
2237 20431 9
978 10868 4
1974 5261 4
3075 19448 10
10377 17646 8
939 14578 9
1796 24167 3
15018 18231 6
936 1874 7
8849 14729 10
4887 4890 8
5537 14612 4
2127 14392 10
8073 16013 4
20961 22630 5
14821 21793 2
11450 11513 2
4150 22103 5
6024 8838 1
15031 15801 10
137 23014 10
96 4784 7
3204 14121 6
13678 19148 3
4471 23831 8
6337 20769 5
3849 9975 5
2365 20905 5
9187 10191 9
3939 22312 6
1811 3206 3
1749 3342 1
6700 15469 6
3553 6110 2
4634 15523 3
8165 20004 2
4591 4956 7
21254 22204 10
8945 13858 10
2022 17208 1
14061 22288 10
689 7454 7
5663 13860 2
13657 18131 7
12486 15518 8
3569 5939 1
2181 3528 6
3052 17848 5
17598 23579 2
8369 21383 9
4634 6931 8
5441 22095 4
2497 21146 9
3783 14569 7
18893 19555 4
3562 6224 4
1964 10320 2
509 3440 9
3390 20236 2
4294 9466 2
1355 6501 4
1285 6546 10
6886 7303 1
6766 24831 2
342 7736 8
757 15276 1
18793 21759 1
19697 19709 2
6263 22514 2
5056 18571 3
1566 9552 4
2873 18459 7
5050 12371 6
4701 10333 7
3680 23338 8
5748 8065 9
16558 20754 9
5126 6763 10
6837 24589 4
8057 14757 9
4914 6349 4
755 6850 1
1441 6749 1
10294 16232 8
13044 14715 2
6583 15317 1
17664 17845 6
3546 4255 8
4671 19272 1
5412 7951 8
3853 12350 1
16590 24117 5
14476 22992 6
1852 8143 7
8620 10324 4
18677 19925 5
1139 7199 3
475 9169 10
4622 24805 8
13441 17591 8
553 12743 5
3695 14374 3
4138 5536 3
7488 8233 4
4740 8898 8
6813 13637 10
6163 23106 5
1046 4577 10
2475 15717 10
5524 10689 4
3576 22358 6
5268 12744 8
6327 17798 2
11276 19701 6
8932 10731 2
2699 22182 7
8108 21465 5
2914 6824 1
1428 3921 9
9668 10428 5
3087 15766 5
5246 7625 2
10631 22383 1
4337 22616 7
8784 24132 6
2431 19069 4
3214 5402 6
8682 17906 5
3091 14258 5
826 7693 8
10339 12523 4
6659 9678 9
5565 21492 8
4764 23407 6
357 2492 6
21675 22075 7
12244 20135 6
6031 22734 6
14002 15427 5
8334 14629 1
3713 3748 7
5738 20438 1
10112 23224 3
4569 9996 3
8818 17144 10
6979 9469 8
8409 8648 1
2263 17067 10
379 14234 8
4317 11102 8
706 17477 10
3790 5665 4
4268 19154 6
3643 12917 1
6916 6985 1
4331 6189 9
3153 14978 6
414 21726 1
4050 18566 3
1829 7693 7
2918 6889 6
329 4154 5
2120 17033 7
19377 21646 3
1423 6812 3
7698 21418 9
13562 17600 2
10537 16955 9
18268 19745 4
8181 19441 1
15067 21727 8
2276 14398 2
7084 24612 8
4161 16809 3
334 19082 9
3200 4139 10
3396 7106 7
8549 20841 2
1663 18155 3
2137 17953 4
1303 5166 10
5657 7870 10
10902 22237 9
1448 21326 1
4756 17990 5
14850 19075 3
174 14140 7
6989 18701 8
10557 13473 4
2785 20490 5
1996 2802 6
3382 3709 5
12204 20733 5
6835 14094 4
1685 5521 5
10574 20941 9
8626 16676 1
10624 24799 6
6587 7995 8
3019 16718 1
7729 17471 3
2558 6975 9
16513 17521 1
1525 4644 7
325 8604 7
377 1514 9
6526 24577 4
10204 15104 4
2322 10607 1
3033 5949 6
9348 19193 5
1434 10588 4
6969 13222 7
5999 10287 6
785 24170 4
1123 11547 10
2165 3357 2
6685 18275 9
9111 17804 5
2640 20981 7
9686 9913 6
3483 4887 8
978 5879 4
460 5405 3
3469 12485 8
1959 10856 7
5232 20761 10
3776 16182 7
6005 7182 2
16697 17021 10
117 23031 2
3997 9464 8
7600 13000 3
2939 14565 3
2882 7085 1
1946 3482 8
1731 9058 6
18680 23658 5
13538 19090 7
2864 23610 7
7298 14731 10
418 8316 2
4058 13133 6
2753 6265 1
5874 10785 3
10574 16378 4
4588 19920 5
3165 9311 5
4708 20497 1
1045 11250 8
16948 18028 10
3493 13772 10
6099 7483 7
7711 17512 10
5080 12627 10
12674 24296 6
1857 24282 3
1624 3886 2
7694 17321 10
2186 18724 6
531 2118 6
4467 4956 1
6759 24589 6
12001 20362 3
2644 20752 3
15563 22692 10
384 7472 5
1102 1970 6
1875 6262 6
3489 20488 3
2641 13335 9
2054 8661 10
5952 21550 9
6515 13285 10
11367 20051 2
4077 4998 10
5616 9823 3
4778 8339 4
5658 13165 10
3147 15871 5
3914 7258 3
13129 21466 4
5603 14542 5
3851 7606 2
7227 16182 7
14066 14137 1
5082 5714 1
10437 22442 8
13904 17787 1
8228 8882 1
834 4698 7
10447 19205 1
3561 12343 4
16722 20578 3
4350 17161 8
808 6743 5
1080 4217 6
5086 5614 6
122 14844 1
3304 7373 7
4494 24323 6
5636 10474 1
4909 10525 3
12084 19852 4
586 6534 8
2322 15969 8
2513 4965 1
37 12484 5
2425 12277 5
2917 3791 4
1001 23373 9
4359 8874 2
817 3349 3
11391 16238 6
3093 9354 8
13785 20192 8
7202 20680 8
4696 23549 9
4258 17529 1
9119 20969 4
5640 6538 3
11203 24915 10
4179 9614 10
7022 15160 4
5480 7754 4
3266 20408 4
635 4777 6
15140 18488 4
11274 24273 7
12285 22409 4
6923 12693 8
27 22210 9
2508 3467 10
22007 22604 1
13094 14411 3
11428 15029 5
1083 10094 9
3462 20568 7
2803 19430 3
4372 24426 5
18271 18566 5
14021 24433 4
2090 7307 2
9748 20331 2
6604 12551 9
6404 10094 2
11338 17784 4
535 8332 7
784 21473 2
1555 24068 10
710 9011 8
1495 3782 6
6001 7624 1
302 1234 8
6778 14341 4
147 22309 3
21996 22679 5
5351 16629 6
17618 19514 4
7659 20485 5
331 24509 10
13469 14351 8
8141 11521 6
7900 18403 7
5871 22178 6
2936 15678 4
310 6227 9
5590 5728 10
12603 24895 7
6462 10340 9
134 22399 4
5636 17428 7
2806 8424 4
6139 12818 9
3128 7297 9
5711 21759 1
6076 20328 5
5352 11989 2
1785 2927 10
14832 18288 4
11494 12822 1
317 9627 10
7534 15014 7
1179 6899 2
2120 2463 7
6046 7261 9
7664 20614 4
12066 17006 1
7049 19678 2
18802 23415 6
3258 4707 10
17367 23701 3
14985 24184 7
3476 24596 2
3706 5935 10
3912 24394 9
272 16898 9
1567 23865 3
6363 23882 7
21153 22590 9
1608 23754 7
22195 24604 1
1575 3723 6
11206 14459 6
4826 17735 1
5002 10378 4
4829 10920 10
2115 3082 4
13687 16178 9
1612 7321 10
6729 13715 10
4507 23868 7
14335 17807 4
657 1727 8
3052 22474 9
15583 20492 3
10475 15657 8
7495 16072 2
2185 16691 8
1341 18312 2
6616 22868 8
1290 16895 2
7114 8240 4
19650 23974 1
1359 23462 8
10908 13027 6
9475 15221 1
4239 11856 2
7011 9286 5
2013 8628 2
357 14908 3
4197 7478 7
1573 10004 5
8301 21944 1
9827 13763 7
5873 15094 7
308 2729 10
543 920 5
5333 12784 9
6660 8718 9
3180 8908 5
3143 23474 4
2543 18908 5
3794 10428 3
19348 23688 4
10735 12182 2
2544 9119 4
11584 23219 4
4162 4951 4
1990 18404 8
9030 14172 2
5689 6319 1
5994 16273 7
15127 15660 9
865 13712 8
1298 13154 2
1120 1188 1
10756 21320 9
6294 15357 9
7153 14925 9
3841 4307 6
11585 22568 4
11646 21028 5
2237 8239 8
4781 6770 1
1903 3564 2
8207 11180 5
11612 15838 2
958 15899 9
7608 7669 1
11605 22042 2
3897 7583 9
1612 11007 1
6513 7490 8
9729 18214 8
7051 14997 8
6603 12461 8
1262 10668 1
2824 13446 9
1832 3688 7
1218 22907 9
1070 8530 3
1495 10659 5
2538 3823 5
15151 16236 5
3415 21849 8
3546 4048 3
15562 22350 3
435 6467 4
1199 1223 5
11327 19381 5
6897 13646 1
2217 6915 3
7403 12812 5
5338 15521 1
346 6414 5
1904 6941 5
14664 18235 6
3025 12783 2
7497 10124 10
18071 24913 6
5870 22288 2
20264 22106 5
3828 22162 6
13736 22024 1
84 11718 9
1807 3303 9
3333 14016 7
7223 10898 4
2838 7465 4
3433 8442 1
11770 12357 8
761 23000 7
8844 24090 1
7615 20690 2
2720 13704 3
4129 17091 8
7089 21336 5
14342 22631 2
398 13150 1
4673 22803 7
4922 11548 7
11946 18494 7
227 735 5
10583 11443 2
17625 22555 7
14709 17404 7
5792 17072 7
950 6900 3
9704 13763 5
8763 10052 9
8087 21078 9
15742 17161 5
10346 12040 4
7178 7751 7
6927 18581 3
7352 10458 10
19120 19781 5
5984 21699 5
1990 2116 8
10972 13052 4
16861 21924 7
4868 16211 8
1187 2137 6
2460 3984 3
1443 15666 8
10533 11541 1
12028 24601 4
2752 18151 5
6665 24747 4
14479 19716 4
5314 6846 7
7076 13977 3
1370 9215 7
18037 20300 6
11994 19836 1
835 22994 1
2567 21098 8
2549 5097 5
11184 21285 1
6621 13330 7
1367 7142 2
5850 23499 3
3220 3966 6
694 9939 9
5243 8262 3
1152 1954 3
5993 15200 5
5311 12281 5
19664 21717 3
4634 18506 2
6282 10744 8
1953 22235 3
4903 19796 4
7376 23017 1
7897 14787 1
3396 8659 4
20158 21854 2
1907 21416 5
13604 22451 1
4785 21241 5
18682 22720 7
17833 19049 5
841 12818 10
6903 16356 9
8473 11464 2
3532 16729 3
1489 4805 2
15323 15980 1
21359 24333 8
3862 6483 1
1610 2203 6
1464 10363 1
15430 19961 6
773 7118 9
6304 19510 7
9039 23141 7
5952 9906 3
21048 24853 2
8836 15019 7
8349 23643 7
6685 21277 4
4651 23846 3
11437 11790 2
10810 19443 9
4814 14351 2
3190 12051 4
4477 20795 2
4152 6615 8
383 12646 8
18249 18738 5
10554 11718 5
1339 1676 5
7271 20940 6
2831 3206 6
3884 13634 6
13114 15288 5
3162 23637 4
1274 14181 8
6676 24306 2
9096 16868 3
1380 5403 9
4820 17279 3
14029 23523 8
130 24252 7
639 22947 7
21309 23061 3
11472 14583 7
6056 20024 1
1167 5263 6
3586 5497 10
5678 11574 10
3278 13309 8
8336 13364 4
1060 24694 5
4924 15627 6
1685 24704 10
21211 22497 2
3221 3971 2
8057 11279 2
2545 19440 7
4350 18833 5
8472 13980 5
3788 4778 5
3545 4509 1
190 10265 6
2071 6731 7
2531 22022 4
2991 6406 5
5052 7189 3
2831 14774 4
17849 19327 3
5963 13668 9
8835 11260 2
9859 15992 3
12253 12275 4
1207 19842 1
2889 5709 4
4010 5848 1
4566 15609 3
6982 11415 3
2850 15924 1
5103 7764 7
23640 24993 1
10067 12719 7
7200 20018 7
4469 9748 4
15798 21758 5
7631 13353 1
13863 23723 10
2598 18055 8
4199 14644 6
7477 20692 5
9202 22327 5
6934 13312 4
4708 10935 3
13208 16110 2
5224 23630 10
12314 21687 6
2582 19790 3
953 4660 10
3217 18455 10
719 2520 4
1454 8726 6
1189 14388 5
14004 16355 7
2359 19490 8
8712 10355 4
17689 20098 9
5614 23492 3
5007 18794 4
2816 17268 4
14239 20180 10
1134 18570 4
5888 10493 8
2242 4884 3
10903 15318 10
10032 20678 2
5589 17045 3
11336 23883 5
4379 4423 8
6967 20728 5
5665 18816 8
5212 5502 9
6380 20165 9
11043 15953 1
8568 12400 9
3652 8505 8
1666 10310 4
7125 8034 4
2248 18283 5
2858 3141 8
15618 21092 2
638 6431 6
11311 18718 6
3849 13865 6
4025 24414 7
11907 19195 1
2563 6155 1
6917 8766 2
2483 5601 4
3711 5041 10
5112 6682 3
1455 15264 3
444 12056 10
4360 9317 10
4909 4990 8
2448 16203 10
11037 14014 1
3026 4676 2
11097 24809 10
2297 2939 3
304 11912 8
3898 18602 9
981 2158 7
5215 16840 7
4942 24154 9
1751 20562 1
3409 6793 10
1930 18858 1
6933 22861 9
2117 13342 9
4721 16478 7
21144 22267 8
12370 16978 7
694 24583 9
2764 16797 5
6988 10695 4
14662 18580 2
5444 7512 5
2005 4756 8
18017 21589 3
1474 5412 7
1319 23032 3
1314 12025 1
2106 6326 6
6060 16921 7
15991 20725 6
19813 21717 7
9419 16589 3
15065 24900 1
5345 17715 7
1406 3127 6
13030 22529 7
5511 15534 5
21527 23272 4
1448 20787 10
5773 22145 9
2692 19339 7
3565 23744 9
1530 14307 10
16689 23873 1
7620 17075 10
2472 3242 1
5581 12681 6
5670 12095 4
2995 12483 4
4087 4556 6
9632 24392 4
22736 24277 3
5180 18967 8
1563 21557 3
10837 14358 2
4134 11583 4
2474 10260 10
5288 5695 6
7513 10499 10
12787 20972 10
1671 16529 6
2022 4394 4
768 5299 4
542 17710 1
2206 13667 2
20201 20244 4
11935 15461 8
6883 8601 4
5847 14104 1
10006 23419 4
14216 22074 1
7113 17504 3
14545 15076 2
4101 5983 1
13300 14676 6
8813 15713 1
1898 7530 3
5617 12836 6
12515 23763 6
1904 6576 9
3412 22861 5
1673 23780 7
1553 5739 3
540 18436 3
3464 17770 7
6844 8520 5
122 5953 4
5720 24969 7
1122 11739 7
1407 16656 3
4881 5492 4
211 19512 5
10038 11286 1
658 4043 2
5056 8856 2
11287 13338 1
7261 19028 2
9622 11007 5
5226 10366 3
4175 7459 9
6614 13888 3
7274 7575 3
2148 5515 8
4971 12605 6
911 22755 7
3861 5277 7
949 10847 2
2590 21090 6
2092 7719 6
680 18786 10
5821 6204 4
10574 24580 5
906 5071 2
4965 6760 4
4004 17607 8
6355 17818 8
5949 17233 8
6218 9339 3
140 14692 4
2134 3170 10
3656 11677 3
5042 19839 6
6027 11259 5
6922 18844 7
7960 14018 8
406 19663 9
4906 17235 5
7056 7493 2
5809 7067 5
2095 11617 4
10057 12464 5
3574 22869 3
11160 16259 3
3203 3374 3
21533 22165 9
1331 5447 8
3861 13562 8
641 3369 6
7434 12254 4
5876 6100 1
1031 1548 5
14974 22212 10
1119 6232 5
4085 12952 7
6995 23825 4
11387 14191 3
1988 5620 2
9164 12617 10
3458 24437 5
7073 16301 3
388 20961 5
5820 24086 8
11773 15662 4
12349 14405 7
1265 1568 7
2693 4889 7
4675 10405 6
4216 8904 4
1201 17782 8
3777 24929 5
9672 11227 2
3411 22959 5
1781 12016 10
2580 2625 9
11550 12471 2
319 22897 6
4811 6465 7
9040 17282 2
1967 2476 5
5545 8026 2
2726 10853 7
102 5143 4
21040 23725 7
1468 5144 4
6680 6871 1
3622 6545 2
1491 7536 7
8650 13585 2
323 1726 8
989 14546 10
9771 22731 9
4038 14321 6
3766 15114 7
7725 22924 3
808 20409 6
19658 21451 7
2074 11857 6
9141 11376 2
9686 10091 2
1398 9089 3
3699 21799 8
16993 24893 1
3540 6841 10
5612 8460 10
9547 20563 8
12149 16877 6
7156 10696 6
6402 12308 1
5863 10325 10
782 5774 9
1516 22595 7
11788 17008 8
2801 5351 2
2079 11801 2
1203 22493 7
6461 20621 9
5305 24456 10
14218 23247 7
5815 23302 10
3147 10342 7
5375 17472 3
17296 24290 10
1909 3052 8
2424 3125 6
11709 12348 3
1959 9053 2
524 6266 10
13168 21001 6
4176 24470 6
1173 14996 10
1986 24057 7
4792 13880 3
10344 16319 9
1488 14186 6
17541 23030 3
2366 9796 9
5275 11320 1
721 5615 7
3918 10066 5
13605 24428 8
11413 22798 4
2514 15505 5
5299 13127 4
11308 20387 5
38 887 4
14861 15828 8
1527 24397 9
15810 23153 3
18949 23384 9
2500 7839 1
4693 14677 1
14983 19949 6
12092 22499 8
4749 13754 10
13165 22597 4
7001 18930 4
2339 7318 6
2144 4747 7
3853 24102 2
2295 16967 3
1905 19816 7
3339 17448 7
1701 21377 8
4030 13950 2
11065 18070 10
2986 16084 1
3701 14542 9
12659 24894 2
9797 16432 9
2591 11553 8
3306 3944 6
1961 4075 4
5718 12169 10
9972 11457 7
4493 9566 10
8805 17573 1
16175 21619 7
10262 20634 1
3103 22962 5
415 19847 1
6076 23848 4
18133 20016 7
10229 12597 4
8881 10379 1
7416 19533 1
5043 23299 4
3203 20878 6
248 12968 10
1299 3301 6
11244 15888 6
2423 14151 4
2496 4324 9
3902 14070 9
453 23654 4
8747 23327 4
7697 20354 8
7939 14469 4
1376 17650 8
27 13213 4
7172 16018 2
16810 24625 9
1730 5056 2
6867 8142 7
9182 19953 10
18360 21386 3
2171 21592 9
11779 19058 5
2035 4258 4
831 2737 3
4631 23582 8
2504 20456 1
17933 22087 9
2958 5448 9
10210 10228 8
5592 7230 6
3982 17291 6
5730 13302 2
2770 6108 2
4038 20351 10
11190 12030 5
11929 16483 10
528 12475 2
2471 15107 9
11456 13546 7
3862 8338 5
6789 24260 5
3879 8409 2
3591 12037 9
4280 13382 1
9164 21282 4
11173 17914 9
1808 20615 1
4983 22494 8
1804 11442 6
6288 13094 4
5858 14453 8
2604 12016 3
5732 8681 2
795 851 4
1583 12108 10
5879 17783 8
4474 4830 8
4336 8641 2
1322 5291 9
11723 24230 4
7107 20901 7
10389 18760 5
205 3829 8
1365 3657 2
14833 15472 5
1110 3112 5
17394 24236 7
2076 2994 7
2657 7132 8
6350 20462 7
6116 14565 4
16715 24793 2
3432 6589 1
4258 8477 1
17395 21095 9
9841 24067 7
6960 24761 9
16253 23893 5
14783 24317 2
775 4990 5
683 19241 1
7262 19449 7
6017 8638 8
7849 19475 6
8343 14612 2
1007 13663 10
456 3001 5
1038 9670 9
2652 23365 6
3265 11747 7
20136 20921 5
3229 12499 4
2207 13562 9
1683 22981 2
10459 17253 1
6883 24975 4
2688 15846 5
3130 19443 5
6004 6395 1
16959 22737 5
14044 15614 10
1322 1869 5
9586 16104 8
1908 5005 5
5800 6046 8
4113 18079 4
1906 24607 4
4509 15104 9
2281 15844 3
2658 17343 9
722 13990 8
5681 21471 10
4703 22004 4
3518 18425 5
5066 8221 2
2176 10570 1
6832 18389 4
2654 21896 3
729 22478 4
7382 20030 8
1533 17154 3
431 12288 2
2873 21456 7
9155 16805 10
7683 17744 4
5462 11520 3
1279 6069 3
10162 13080 6
6282 23915 5
6414 20083 8
10772 23579 9
1401 3310 5
7001 24035 2
4254 16130 7
1739 15528 2
22032 24614 8
19430 23640 2
9651 11239 5
253 6430 8
14206 16875 4
5376 8576 10
19031 20732 8
18994 20550 5
17378 17422 7
241 13964 2
703 15237 7
6037 8391 2
5113 14575 2
5479 6748 5
19592 21629 7
3837 12130 8
6909 10710 9
10326 16974 2
5725 16022 1
5547 17799 10
8091 8472 6
6492 9073 9
8666 14277 4
825 15419 10
3778 19082 1
10472 18868 10
7221 14518 5
1651 3459 2
373 17152 9
4842 7688 3
2263 14562 5
7558 21663 7
4688 21020 9
2179 6008 10
9667 15762 8
12934 18546 5
9222 12074 3
2231 6452 7
2403 7901 5
3449 7003 7
15389 18694 1
3648 7328 2
196 5738 9
24 21152 7
3171 24920 1
2668 14201 4
12647 18965 4
4548 19011 5
260 13830 4
431 12662 3
5373 7668 10
9590 13169 10
7267 11326 3
9540 22018 7
9756 20465 4
6625 8720 4
1609 22868 10
1417 17086 6
8502 16907 4
4560 5380 6
5770 14848 8
21195 24505 7
21823 22186 4
6240 22384 9
22757 23556 7
6919 19959 3
3256 7842 9
598 5962 6
6835 9780 1
144 24070 8
5751 24809 1
4978 6956 10
6271 6949 5
6403 21594 6
4272 10805 3
11317 18038 3
6966 9310 2
3031 4107 2
3893 21821 1
2608 7305 6
21576 24691 2
15796 19466 1
11759 20009 5
17417 17974 1
1102 12074 8
4375 23519 7
6547 19161 9
4983 11108 10
20926 22604 5
1878 5757 5
1318 19760 7
9155 17677 6
21733 21951 1
2467 22590 9
13812 15541 8
2986 17201 7
15627 18428 7
10475 14068 3
262 15986 3
1027 2584 1
8034 16513 8
2165 18764 1
1044 7112 5
3190 18022 4
5123 9749 6
5901 18295 3
2896 17227 3
5861 7105 4
3475 23001 6
7000 20372 10
2511 17464 8
11852 18134 1
9161 18961 5
6207 21437 9
6485 12444 7
4499 20061 4
14295 19899 1
607 4712 4
12332 15964 1
3643 4455 5
3528 15307 9
5582 14595 1
2838 21465 9
1597 2591 6
1901 6824 6
1600 8699 4
7577 21294 7
4443 10749 5
6207 22231 6
17451 22618 10
424 3031 9
6281 11840 2
138 830 4
3401 11531 6
18310 20469 6
2159 8761 2
2480 21530 6
2375 2382 7
6347 17394 2
7263 22008 6
15008 17058 2
4674 22951 3
3990 19917 9
3768 7077 8
2016 16604 9
5287 22817 2
657 21858 9
1760 14470 3
2052 5778 1
6290 23470 3
4058 6413 3
14877 16601 7
13896 21992 4
5764 21757 10
9979 11499 8
15194 24013 4
3300 13889 10
4370 18542 9
8903 13903 2
12777 18708 9
8431 10606 4
1978 2249 1
6465 16895 5
3528 21921 7
16409 24263 6
15897 21613 4
497 24613 6
16264 18992 4
6211 6604 3
6543 8505 4
2740 12232 5
16707 23700 5
130 21901 8
1668 12006 7
6264 14983 8
5291 21366 9
7142 17951 6
4238 4379 9
14075 17900 9
6072 21318 9
17998 23415 4
2138 12959 1
16256 21617 1
2333 3882 1
6134 24124 3
4858 11384 3
5149 18070 6
12853 22803 6
4060 5375 3
7174 20787 7
1615 12309 7
5391 20861 1
5753 9659 5
9499 9538 8
1159 16899 5
2302 5223 6
815 3243 7
935 1434 9
9274 15849 1
6053 8400 10
2720 24129 1
2702 5150 9
18438 23107 8
809 6500 1
10284 21750 8
1208 20807 5
588 8207 5
18696 23927 3
10668 19282 7
8796 9693 9
2014 13341 5
16695 22674 3
6774 7177 5
5261 8437 8
4331 8180 3
2083 6778 3
5154 11806 9
3332 9770 6
2343 2557 6
336 11305 8
15181 20178 8
2079 9687 5
1051 1469 2
4661 8582 6
16352 18611 3
15226 19252 4
250 17460 5
5505 12875 5
8427 14778 3
3206 16261 1
4263 24526 10
3519 20096 10
4841 22438 5
13478 18733 1
2974 3510 3
2288 22324 4
433 694 9
3371 6678 1
18277 24039 9
874 14466 10
5156 12965 8
3616 8363 6
7407 19338 10
4607 21655 7
593 4798 9
14719 16491 9
1512 7072 3
11623 17723 7
1586 6693 9
5330 9547 7
2411 19117 9
662 22610 7
3178 9780 1
4954 12657 9
2104 13621 4
1502 22651 7
2720 7790 10
2044 7634 3
9442 13350 1
7059 12342 2
6379 22077 1
9012 10873 1
112 18161 3
7028 10139 7
3314 14605 9
2406 14503 7
1532 8563 3
1928 3319 6
4375 10784 7
4155 23650 9
13987 19077 2
15511 24233 7
15367 17952 10
1745 7723 9
3954 18407 3
5260 8554 7
16044 23514 10
273 2342 3
15632 16114 10
4130 12915 2
3011 24779 10
4259 24725 9
4922 6785 4
21432 21433 10
1150 7299 4
7856 14896 10
2164 14196 2
16386 18209 3
1154 8810 1
4730 15669 7
7432 7628 4
7321 15160 9
6540 7808 4
3626 22153 5
6502 15670 9
2556 16430 1
9033 14247 3
7890 8505 2
10966 13393 9
1289 8591 9
16205 19363 4
20367 24142 9
4281 22582 7
3949 16872 6
5367 24593 2
15025 16560 4
4944 9171 5
640 7185 7
7925 21886 4
7191 23667 2
3904 6378 6
4901 5208 2
3740 14841 4
6133 9601 5
3487 21118 10
6011 12044 8
2848 9917 3
1647 11080 8
5556 7235 9
7923 9900 1
3062 7439 1
2202 5339 6
14155 24424 5
3166 5677 5
13560 21756 4
3529 18566 1
1114 4212 10
13435 20398 9
909 9603 1
11116 19830 1
4931 18141 10
2227 23124 3
6217 16242 7
5769 14215 3
753 19448 2
1528 5562 3
4312 15877 5
7562 9433 8
5606 10821 3
9900 18762 4
3513 21139 7
14066 21778 6
2436 15205 2
4749 17331 7
13306 18313 9
15234 24593 7
7916 11341 8
2280 16843 6
6392 7266 10
5535 14531 1
1190 11153 1
2575 17906 10
1028 9501 7
2296 21559 7
7992 20927 8
2892 19938 9
4849 14361 7
4772 15598 5
3315 12547 5
3658 4186 6
1138 14013 10
6386 20825 8
831 8890 10
14172 16207 7
3485 22210 10
1954 24739 7
644 3905 8
4751 5807 10
10667 16850 8
4867 21600 7
3740 13347 2
711 18934 9
5029 7318 5
5967 22541 3
4468 8322 7
15963 17419 8
448 13256 3
5622 20309 9
6683 17993 10
10984 18852 4
6286 7356 9
14104 21455 5
19295 24731 1
10188 19216 7
3470 6891 10
1198 2464 4
11908 14186 5
1831 22140 1
1934 14472 10
12891 16353 3
826 18385 6
5026 22312 2
9360 20367 6
8471 18237 5
17357 24886 3
2370 5340 4
2450 5754 6
9788 10578 1
4969 8715 1
4967 20684 10
1437 7707 3
2742 24592 4
13166 21865 10
7382 24127 7
14955 23196 9
4631 21725 9
3081 3384 3
3474 7760 8
12507 23354 7
2524 24358 3
4474 24942 4
13746 19866 10
406 4580 7
21151 24256 4
12275 15181 6
786 3588 6
2713 11907 8
130 6649 1
5168 5563 1
237 3974 8
4917 18195 4
2338 13283 7
3054 24435 3
12845 21513 10
13949 22576 9
15551 16975 3
14294 22118 1
23389 24113 7
8548 15824 9
1128 10473 7
2781 15815 8
4505 5774 10
2737 24830 6
9195 9308 9
2874 17466 9
5592 5656 9
8428 11421 8
3297 7929 2
3960 9891 3
1226 21270 2
1648 22762 4
5617 15401 1
3042 15666 3
888 1465 3
359 2132 2
7335 19506 3
4614 7082 10
17051 18845 10
4964 5943 1
3727 15773 8
1025 1338 9
10718 22102 8
12718 15968 7
10380 23666 4
4612 21567 10
5073 6051 4
15576 24787 3
6178 23143 6
4627 17292 10
8840 21261 3
3376 5499 1
3157 23875 6
1548 6035 4
4878 7661 8
7654 19619 9
17952 18565 10
14700 22304 9
1316 11952 4
413 5107 2
3122 7246 6
2370 3906 6
9859 12665 9
2200 2693 3
348 16200 6
9082 23151 8
18733 21647 7
11715 24003 10
7743 13688 10
14182 16164 8
1345 3313 1
3999 12134 10
7297 15250 1
21 1651 4
6813 15835 1
2837 6021 3
370 21954 1
16319 23366 5
5223 7592 7
3095 7721 2
6403 17449 1
1133 16229 4
2927 4178 7
8120 10805 5
3041 20120 8
6956 24200 3
158 5018 6
475 24804 8
5595 12820 1
1178 5680 4
6924 8006 9
18368 24101 9
21652 23800 6
3221 7989 9
57 6793 2
3403 20284 10
3892 14891 2
3155 6587 4
1702 21567 7
6226 9993 2
10929 24150 10
6572 13187 7
7642 14426 7
5833 16585 1
2878 14168 4
1867 15311 9
6938 18091 6
12585 18226 4
651 5255 4
3561 4451 6
17351 23510 5
15640 24349 5
16357 22557 9
4507 19674 7
17795 19736 10
19637 24083 3
17234 20827 1
499 4937 1
6358 22438 5
3983 22680 1
79 23264 9
4694 18718 6
2068 12782 2
2164 15595 8
2594 4269 6
1005 5193 8
1926 17038 4
15024 20834 1
4153 19913 3
14612 24751 7
4232 22012 2
5912 20465 10
746 12280 6
7416 24478 3
4927 17559 10
4205 12525 4
4584 6110 4
4417 7431 10
3384 9172 10
1626 15399 8
4698 21572 4
5525 12326 3
1057 4751 5
2346 24630 3
30 2138 6
15027 17701 1
6393 21954 1
4531 24922 5
850 7754 3
11333 16354 7
5402 6109 9
1009 3651 4
18330 21985 8
1316 2238 8
7883 12873 4
4561 9725 3
3281 7201 8
1488 2819 3
6312 18994 7
2164 15135 10
3435 14643 3
1118 20323 8
10096 10690 7
3891 12837 1
8517 15796 2
19890 23894 5
4960 8264 2
2442 2732 8
4985 20537 3
6262 15765 3
8763 15937 9
1977 12228 3
8294 13708 5
3745 9982 8
737 4253 4
1654 7286 2
7326 23287 2
9848 12420 7
7757 9484 4
20967 22180 4
4617 14148 8
53 1262 8
5789 10741 7
7124 10047 7
3888 4957 9
3815 7037 9
8485 18683 8
2367 21268 2
11678 23148 10
13751 16076 9
1673 13596 10
5552 12580 5
8632 24970 10
2799 3592 10
5176 13380 7
15257 24455 3
774 17076 10
6438 13237 6
3517 13261 8
7000 11077 7
6980 17616 6
2472 4961 1
534 21658 5
6845 15810 9
4956 8297 1
9443 17943 5
5394 14462 3
6793 24933 8
2151 22366 10
5336 15105 6
5740 16881 8
7521 10761 6
3318 13540 8
2237 8636 9
2865 3845 8
5171 19547 4
1421 2966 9
3242 22937 8
224 3030 5
815 16870 4
11564 12886 8
1195 16385 9
3611 5352 1
15184 20820 6
2367 24857 10
6186 10123 5
14439 24197 9
7677 8245 8
2238 23576 8
2410 2551 6
3837 7526 4
3153 14607 7
2 16385 2
10257 23675 1
9159 21781 1
17879 17951 5
4124 13154 8
6950 8693 8
11785 14629 5
10405 18844 9
527 21254 9
13720 22309 5
5225 24550 1
6441 12193 5
959 6802 1
7059 7233 7
3588 6501 3
1748 6905 7
6231 15591 2
7648 9975 1
9898 14004 4
2488 13356 3
1408 19601 8
2468 15519 8
4696 19756 4
6803 9289 1
901 3426 9
12269 17166 10
664 12931 8
4253 7528 1
6371 19418 4
4545 6097 3
11459 11689 5
6590 23016 1
12135 22727 3
10672 12859 1
4263 12780 1
2580 5973 6
3982 5616 3
6804 9655 1
20738 21814 2
18037 22677 2
2569 6541 1
3518 14909 2
3770 7012 7
1871 20869 8
711 2213 7
2255 6151 2
12696 13269 9
709 4914 7
2583 4927 6
4703 21943 10
3308 8643 10
7322 12191 3
485 22241 4
16528 22783 6
3587 8631 4
1105 1690 8
845 5393 8
16145 23474 3
1872 4848 7
2883 7287 10
2294 18561 1
2915 10410 2
3892 5130 4
6001 6686 6
7366 19264 9
14106 23045 4
17934 24917 8
5930 15641 7
4284 6857 8
7244 14997 8
16232 17877 7
365 13653 6
7228 13085 9
9634 11838 1
5296 7075 8
36 23860 1
2531 17830 4
4211 18690 2
5046 6003 8
3333 7631 5
4404 21134 5
3159 14931 2
3083 17879 10
7245 10910 1
5919 11244 7
2846 16420 2
1432 17564 4
8650 10464 7
102 1377 3
1220 3399 5
5604 15878 6
3045 11756 1
7978 10985 7
7804 19030 4
1942 6345 7
5596 24081 1
1127 3204 8
4072 22248 9
13651 23946 7
4655 20107 8
20633 22698 4
1908 6329 2
2138 3277 2
3693 4734 5
11530 18697 9
276 6569 9
1187 3035 10
1086 4071 9
427 24766 9
11998 20440 4
14869 20670 7
1295 22317 3
447 19420 1
1778 3392 6
3277 8634 6
11496 23427 9
5781 9897 9
16613 19558 8
2218 13951 2
4018 9950 1
1736 2240 4
6446 24124 4
3100 23438 10
20578 23566 1
3589 21582 1
1493 4108 5
1674 22061 10
4309 13159 1
2723 17218 2
4232 19476 10
9410 17360 3
4053 7105 3
23929 24070 10
12390 18450 10
7444 18536 9
3383 7435 9
7416 18919 9
1591 6317 5
3059 6980 8
9700 20174 4
448 4196 8
13895 15089 7
1200 18086 2
12990 13202 1
2330 21464 9
2385 3166 5
294 8968 1
2401 3630 10
1737 7768 10
12775 19485 1
1455 2692 2
2077 5032 1
12368 14090 5
1321 3434 3
2437 18827 10
2350 5778 2
14985 20581 3
4869 5335 6
2129 5680 5
20484 22772 9
5886 7190 4
5406 12727 10
14644 19163 9
11725 17363 3
11300 13943 2
10913 24440 6
2096 18942 7
3896 21617 10
3230 18382 1
1413 4982 4
5616 7022 9
4085 14309 2
5129 8537 6
2206 6751 10
5414 7443 6
3348 18811 6
6774 22104 10
7708 21492 5
13881 21549 2
8785 14209 2
2115 21023 2
417 22721 4
10495 14721 5
17591 24922 10
6801 21957 2
16955 19176 5
13995 21760 5
6789 15190 6
11021 24550 2
11179 22877 6
1569 5936 6
3382 4537 8
1596 14484 10
7552 20307 1
6093 8474 10
232 22479 1
403 12395 9
19718 20739 9
1154 14313 5
4290 12926 3
1839 5371 3
1945 5472 6
1762 23793 2
953 4866 6
8214 17708 10
39 18806 1
4893 8183 7
3907 18055 2
3217 18868 2
11433 19636 9
7098 13152 2
664 10346 3
9963 24287 5
4294 9033 5
20913 22009 9
5612 6073 4
1690 2279 5
7567 8934 8
2004 5521 2
765 5449 2
11817 13130 10
5140 10419 6
7191 13979 4
2888 3585 3
16445 23028 7
8359 14557 6
1283 2646 7
1925 2414 4
14173 17490 6
7312 13663 8
662 3046 6
6852 22377 4
1392 6151 7
113 14351 7
6358 19456 9
1324 15689 6
1606 6200 9
18819 23532 4
3791 12623 8
3751 6520 3
1315 5104 10
422 15761 4
2357 4681 9
3371 12740 6
3145 10095 3
23406 24547 7
3832 16622 9
12372 16285 10
3534 12064 6
7119 19456 7
950 11623 8
4571 18240 5
1230 24328 5
837 17347 10
1138 1728 2
2647 7208 3
7541 11729 1
4140 4718 6
6175 6941 6
14372 23817 8
9553 23158 10
12515 12591 5
2276 13733 9
1476 4302 9
4267 16563 9
17182 18290 7
1395 19764 3
1756 5380 8
5718 17095 6
793 2995 5
5249 19816 6
1513 8313 7
801 6179 8
5922 13092 6
1437 2864 7
1743 14578 5
11254 14664 8
9755 18536 10
5178 19853 4
10240 11980 10
10441 15507 9
5729 6943 9
2553 14530 4
529 4048 1
19083 23449 2
19378 24937 4
3382 22837 4
5319 23441 2
1711 11881 1
11034 22507 7
4564 18350 2
3186 12906 5
4921 18461 2
6972 23529 3
7910 9804 4
2750 24704 7
5119 18344 5
21447 22537 2
17563 18650 7
22947 23163 1
46 6496 5
2380 15694 4
2936 3466 2
6815 9071 5
10630 19814 6
7641 8695 2
3852 22409 2
2716 11172 8
469 3653 2
3172 6887 7
7603 15912 3
4023 14670 10
333 20789 2
3811 4519 9
10996 24194 6
2142 14171 2
1396 9472 3
4263 15450 6
18383 24508 9
8555 18930 4
796 9635 5
3742 4989 4
2960 3025 5
7760 24025 1
14458 20458 8
7247 17095 2
6754 9293 7
3055 21019 2
550 16778 4
16269 20651 6
3375 21250 6
6256 21820 6
6463 11931 7
318 19797 3
8516 15545 9
6738 23972 2
16080 16200 10
4225 8455 4
810 1518 6
2210 20219 4
11383 17111 3
1198 7315 7
21890 24371 7
24 18599 4
18525 23572 10
5300 7392 3
1591 10160 3
1776 3034 8
5230 7442 9
2620 14197 6
1445 5430 3
3310 8471 7
259 13553 9
1838 16040 8
6765 7253 1
2782 11605 2
5494 22932 9
1070 3263 5
543 7872 6
8246 16431 9
15181 19005 8
5608 19506 5
641 14050 9
7715 10297 5
7818 16520 7
7487 21863 3
2181 6370 1
1051 4727 2
2937 12127 8
2187 19920 6
5954 19441 2
3058 20655 8
3454 21626 6
18371 23290 6
3728 19537 1
5004 22844 1
21049 24833 5
402 16806 9
8722 23085 4
1949 4671 7
2924 18155 5
6922 24522 8
1383 12660 8
974 1186 8
4404 12688 8
4313 5725 7
9384 15661 1
1996 2390 5
4184 9637 7
5245 14702 3
981 12503 2
14014 22890 8
5951 15877 10
6516 19023 7
5863 17332 2
6281 8299 8
3178 17033 9
12669 24231 7
7083 12326 1
6352 7049 7
1233 2244 4
7544 13355 9
4632 16146 4
3747 8822 9
3929 7032 1
1512 18305 5
5539 8015 6
7092 17644 6
14379 22208 7
6551 9524 4
11971 24145 2
1376 2752 1
2934 20627 9
14239 20242 9
9421 22102 10
12207 12223 4
12490 15481 8
3034 6304 1
2481 24714 10
6892 9602 8
3112 20008 2
9703 23169 2
496 6836 9
2428 24654 9
3929 3991 9
13370 15178 4
3010 19631 6
7581 20234 3
6012 19644 6
5590 24975 2
1227 14591 7
2515 22600 7
5865 7367 1
5103 20839 7
4700 14806 5
6241 23421 10
2617 7169 4
15983 24523 7
3890 4675 3
3694 23721 6
67 7594 2
3567 23304 7
1481 4141 10
14426 23979 8
7377 22315 4
4331 12469 6
16958 24668 7
5253 13907 7
3890 6819 8
893 7301 2
7442 11959 10
21816 23904 1
1771 10366 4
1226 1944 9
6964 14796 7
2514 4857 7
403 1290 1
1764 3874 5
10507 16906 3
9311 18820 2
8179 8700 10
2452 12995 2
5696 22524 9
18725 24027 7
1455 5688 5
10449 24822 10
11107 14457 6
5272 20768 8
6411 10893 3
1362 24968 2
8372 22090 8
4932 15539 2
9137 24983 6
5840 19170 2
13209 13782 3
12512 18308 9
952 6363 5
17651 24999 6
7350 9500 10
1828 7081 1
5334 13575 9
2026 14301 9
12672 15258 7
2847 17913 8
3254 22771 1
2288 11994 5
7546 11743 2
1414 14438 8
3644 5838 2
3089 6359 3
375 13312 8
5814 7034 10
2186 15008 3
3111 4060 2
5137 23797 8
1416 23722 4
5838 15988 5
3118 17174 2
19648 21239 2
971 5381 6
14032 14038 2
3714 10085 9
1510 7308 6
12392 12461 3
1633 3683 7
3038 4553 2
137 1933 8
853 24415 1
8936 10742 3
8996 17355 3
4916 5494 9
15060 15938 6
6301 6437 5
941 8123 10
4472 8685 8
11591 20085 2
886 15619 3
21748 24582 6
15530 21555 4
3339 6401 3
69 22516 9
6176 17587 7
4865 19654 5
6244 8427 6
2895 3585 1
1369 6227 8
3489 8046 1
5316 6073 3
7108 8896 4
5672 18421 8
8394 24203 8
483 14523 9
16880 24627 9
3918 24422 9
3954 7744 3
98 20105 8
10520 16112 7
2475 17609 10
10482 18480 4
11232 19173 9
4343 7251 1
5030 22175 1
9724 13749 7
1724 9086 3
5300 19167 3
5014 18935 1
1629 12852 9
2844 24379 7
1776 5623 2
374 21361 10
97 8475 8
13472 24235 4
6917 9626 2
928 4814 7
2055 22165 9
2716 7723 8
6067 7350 7
7324 21768 1
3447 21873 6
19880 19973 1
5945 22321 4
2140 3231 1
2324 3976 9
4270 6898 10
1 23069 4
2027 16723 4
3376 18974 9
5480 18744 4
11353 12509 5
7616 23721 10
23801 23852 8
4428 7451 3
4451 23927 1
22568 24253 1
455 12474 7
14425 24064 2
9021 18381 8
6686 24681 1
6287 6897 5
1826 17388 9
7860 21239 8
1989 13686 10
7983 24377 2
733 21917 7
5595 21269 10
4865 13824 7
2786 14501 9
6016 14128 4
14133 15191 5
3853 5260 6
19721 24513 3
740 3428 9
15077 17087 1
642 3323 3
1037 6753 6
5470 21067 1
12181 15372 4
4573 18170 1
12606 24903 10
6619 14458 10
5782 8047 7
14913 16966 9
12063 16782 6
7200 23971 2
2038 8711 4
4266 11991 6
795 9517 3
2225 10644 5
1286 6199 5
16228 16617 2
139 3893 3
21305 22386 7
1582 24754 2
3026 9836 6
1946 3061 5
19981 21083 9
5492 5660 1
3127 11694 8
24110 24290 4
3291 4624 7
4732 24053 6
7131 7421 1
12009 18698 5
7581 14618 4
3771 8425 6
1234 22393 1
2244 3565 8
11781 14713 8
375 6475 3
4180 23923 4
11687 16873 8
9471 23514 2
1686 10470 1
4289 6324 8
3274 11225 7
19201 23712 8
9771 21224 4
3100 11842 3
9455 24496 5
346 18800 9
4250 12442 3
2281 7078 5
6453 21597 10
6263 10726 4
16074 18793 4
2972 15018 2
1821 19206 10
7221 20913 4
719 6171 2
7558 12171 1
4031 13928 5
1114 12685 7
621 7870 5
1349 3259 9
2025 18099 2
15891 24518 7
3860 7260 6
5315 20635 10
7089 9964 6
2073 18488 1
2519 24676 3
77 9752 9
18699 19446 4
725 21207 10
5466 24410 5
19323 19961 3
3718 17505 6
2174 3161 7
20778 22193 5
6261 14425 2
11600 24685 1
1230 7750 5
4272 17066 10
3013 23410 3
10817 24557 9
20790 24415 4
10832 17261 9
6369 12228 4
10855 19795 6
887 6219 9
4019 23033 5
3075 4307 9
10865 13451 8
1488 6652 8
7530 12468 8
5563 20136 4
6368 14452 1
2304 3878 3
4132 14670 9
3031 6710 2
394 21315 4
20221 23957 9
6307 6775 4
2177 14121 10
1146 7402 2
23610 23820 4
11905 16612 1
7962 18888 7
3142 18203 10
9133 22835 6
1618 5484 8
694 7283 9
1749 6496 9
9956 13829 9
7111 19956 3
5495 21803 10
100 22296 5
4149 12277 7
13654 14559 6
185 410 9
1202 23091 4
7817 15942 10
13327 24465 10
4647 11011 6
1111 20432 2
1330 7482 1
2894 4703 5
2709 19908 9
16902 22184 6
13656 24079 2
3968 19936 8
6659 24989 4
2117 6952 5
1131 11948 7
12572 21844 2
4446 14814 4
1127 17724 6
11032 24416 5
7067 17412 5
5807 17074 9
1513 8632 6
5175 7082 9
2145 5467 8
1487 7655 8
15125 21886 4
7492 10549 5
6035 7295 2
6226 24096 9
8426 9498 9
1561 13011 10
3727 10269 1
226 13581 9
8691 23866 3
3878 11445 9
10749 20008 7
1375 19976 2
877 3019 7
23797 24646 8
19485 24266 6
1895 21098 1
2159 19231 7
3527 6748 10
810 19152 9
250 13678 10
2772 17988 8
15040 16026 3
67 19297 9
6288 24789 5
5026 11684 8
400 7385 4
5082 10648 9
1554 6534 3
14824 23799 1
9378 14338 10
16749 22920 2
4710 23478 3
19689 24193 7
13080 24605 3
5876 6873 9
1726 8247 9
215 4574 9
1330 5922 3
859 10456 10
22557 24412 7
15922 16374 6
19804 20057 3
442 2024 3
7487 18838 5
18459 20124 9
4935 11726 5
2339 6848 7
2880 21563 2
7633 12294 1
7300 15934 2
3010 21305 6
9722 21866 1
12928 19589 8
1531 9096 7
2203 15997 9
5861 12696 1
730 1378 7
18700 24534 9
754 13820 7
2429 9131 3
6775 8419 10
2445 13939 3
8903 8962 9
7958 19008 10
4481 16927 6
325 8623 2
3269 24105 2
6285 13897 1
7746 24959 4
1065 8536 4
678 1929 6
9067 12590 10
13370 19412 8
4396 17500 4
9535 21473 4
979 3144 3
2304 13459 7
14050 19334 9
6095 8411 5
505 8615 1
14668 20170 9
5167 7245 4
3136 7728 3
4616 6789 8
9826 15969 8
7156 20156 3
1393 11369 10
7303 22347 7
3193 13719 2
11669 15909 2
1209 21441 1
3669 22628 8
4364 22936 3
8031 22031 9
326 17410 1
13197 16341 5
6316 21010 4
5461 7898 1
1426 18769 5
3306 3873 1
5802 9068 1
8019 16800 1
5395 13721 1
4591 9306 5
6361 9880 3
17332 23910 2
8835 17204 5
407 16795 4
8050 15500 10
10612 22680 5
20338 23771 5
3751 17640 9
2852 19139 5
521 6242 6
2970 5415 10
8129 17009 9
7436 13103 4
1132 4768 2
928 21604 6
9130 20484 2
2325 6377 8
4042 5623 8
1282 23581 10
114 10791 5
15265 23458 3
12608 23933 1
949 4901 2
1661 16148 2
9233 23628 9
14037 17631 5
7736 20269 10
541 13335 7
304 4365 1
6127 6972 7
7713 22005 8
6030 17056 10
4417 6735 8
2479 14996 5
416 11135 5
3190 5971 10
4117 9424 1
1034 7024 9
3458 10503 1
4914 24086 4
20790 23873 1
1025 3347 5
13515 15405 9
5900 13719 1
13897 22445 1
19652 22344 6
4332 5384 6
14416 22042 10
19074 21175 2
18315 19253 9
3703 5591 4
5026 15649 9
1853 5955 6
8069 22073 3
103 5240 3
2978 19079 9
4319 4563 5
14715 19675 7
5041 6355 7
9286 12811 4
20853 23121 1
2170 14454 5
6352 14672 9
627 5839 9
4072 10499 5
9740 15727 10
2965 5674 2
6197 9707 9
440 11547 5
4234 15951 9
10247 17427 10
3803 19265 5
7583 14272 2
1170 4775 1
22217 24930 10
4794 16335 1
18181 20868 3
1146 21520 5
16955 24440 6
4374 6116 4
120 20455 6
901 5985 7
5686 16599 1
20965 21071 8
11189 15821 10
5137 22574 7
4483 6971 2
172 1840 1
14610 15678 10
3865 18465 7
437 10394 4
20605 24207 7
1093 5980 6
11046 14061 5
3141 12443 7
3424 6764 4
3262 13154 2
3894 10421 2
5756 23677 5
8159 10160 1
9388 24236 8
8320 17010 3
6925 7423 10
5412 12679 5
2829 8226 8
1646 12444 7
740 3039 4
6203 24817 7
4211 22716 5
11473 21028 4
7129 7393 5
9974 14267 5
16420 16933 8
4739 6009 4
3530 20987 9
3265 15997 9
10913 14667 2
15922 19936 9
6031 12193 3
7909 17333 5
6621 7233 4
5088 15434 1
7739 7838 5
9493 10565 9
2621 5817 9
2405 6151 5
4431 14785 8
4447 13174 9
2335 5620 8
8245 14630 1
7280 10348 3
168 3271 5
19673 21465 2
832 22452 3
3182 12548 7
6178 19065 10
19987 24411 4
15135 24966 5
4966 6667 5
18190 19668 7
15537 21190 5
745 2877 9
5950 12824 10
5864 19447 5
12103 13640 3
2200 4841 3
1356 14650 6
21122 22181 1
10973 21437 3
6422 19528 6
4883 19683 2
487 5506 10
7359 7484 6
8016 16813 9
91 21372 1
2618 3242 6
12663 19438 7
3812 7389 1
5348 21723 10
110 4325 6
3795 5678 2
8696 19370 5
6138 6189 1
5962 19638 4
5495 6906 1
5284 9475 6
6917 23214 9
22706 23604 10
15977 18765 1
456 17348 5
15103 17220 4
2474 10579 8
630 4219 2
7017 24195 9
15770 21776 6
8675 24304 5
4993 12864 5
6426 21452 1
635 2701 7
4920 23570 10
7588 16763 3
9668 16681 1
4191 23998 7
1965 6622 8
11495 24978 2
6363 23977 3
6857 22336 6
5005 5310 6
11769 18901 3
10019 14784 4
899 22737 3
10922 24294 8
6788 10814 6
449 5582 4
5080 13587 2
8840 9744 7
13929 17077 10
22358 23941 7
2795 11332 8
3042 18945 2
1718 23943 2
1031 10288 6
3289 11817 6
19331 22593 9
4602 24882 5
1969 18870 9
18294 20895 6
3413 11488 8
6087 6136 9
14539 19430 6
6263 7235 5
13351 14709 7
3721 13017 8
3169 8075 8
2819 15021 8
20162 22166 1
13126 16784 5
13410 17956 8
6215 24289 8
8206 22225 3
17805 17971 1
713 12939 10
17993 24207 5
9503 21189 2
3857 19679 8
11217 19227 3
636 7180 4
2210 2879 8
7292 21206 3
2219 11454 10
2984 16716 2
3673 4906 3
1907 6778 10
7047 9710 2
2987 14514 7
466 7702 9
2117 8053 8
243 21966 2
65 4629 6
3279 16599 6
3805 3820 2
38 19678 10
3493 6649 6
5813 12818 10
4018 20535 9
1702 11815 7
2208 8230 7
4001 4822 6
953 18322 8
4324 21495 9
14250 24987 9
4853 22274 3
4596 6873 6
6354 8207 5
2965 10190 9
1493 16241 1
10860 22790 3
4940 17566 3
5433 8149 10
1496 4690 3
14221 20151 2
18564 24380 7
1451 3954 10
11174 13431 10
19056 21468 8
1916 18074 9
2522 8845 1
4308 5083 9
375 15626 2
3110 23368 4
6713 7142 9
2751 17335 7
4447 15280 3
2193 23157 5
16927 24235 3
7655 9772 8
17895 23913 8
5645 14001 4
1998 11937 1
1151 3513 2
12912 21496 9
1441 1627 7
2264 23534 7
4282 7113 4
659 17391 5
10922 19882 6
3409 10588 9
723 3636 9
4267 7469 5
365 2272 6
3013 6095 10
10042 15746 9
1098 24977 5
2352 7049 4
4541 16285 4
11118 19772 3
8550 17293 3
10700 18718 8
2799 3397 10
2627 6185 3
6448 10970 3
6191 6683 9
7337 20693 5
18707 23440 4
3920 4832 5
5255 19537 2
1284 3668 8
7947 20940 9
10647 18741 6
19181 22852 5
27 2287 4
384 10596 6
4954 7612 2
23599 24713 8
6201 10963 1
3999 17980 4
7106 16137 7
13009 23475 6
947 20074 2
1047 11446 8
12147 15158 1
1659 2670 10
2135 23669 8
7535 14720 5
6236 15004 3
20848 21083 10
3684 16733 7
14847 20089 10
8522 24272 5
1021 17181 7
16533 20449 10
935 5925 5
480 3941 6
6239 20836 1
62 21159 7
10307 19683 4
20943 23095 6
11857 18168 7
2449 4021 1
10355 22169 8
1101 18337 6
14984 23927 9
4481 15487 10
4646 7004 7
7867 13856 1
2064 12840 2
17125 20289 6
252 6909 7
3678 23503 7
11841 18089 3
5810 20747 9
2679 3691 9
2294 3297 8
7 821 3
1765 5952 2
11368 15953 6
3344 14874 8
14443 23131 10
3167 4268 2
4888 20505 1
726 11219 1
1185 23076 4
492 18097 10
6176 16794 4
8954 24936 3
9465 18360 6
3475 4983 3
2512 4481 10
3388 5019 3
11534 14028 6
15449 22868 2
1917 2611 6
17387 24667 9
7484 18016 5
3883 15671 7
1634 7920 5
20641 22702 8
6012 11551 10
3209 13989 2
8791 18643 3
2419 14374 4
15724 24041 3
60 1048 2
17552 18189 3
13966 23042 7
2044 3098 8
3995 10932 4
295 3573 10
4134 24718 5
3938 18034 4
7290 7718 1
8763 22754 5
2685 16898 4
2682 22594 4
2047 12635 2
1138 18722 9
7766 18427 9
8636 22225 2
11689 24653 4
15662 19779 9
4685 20183 10
9188 18719 2
4525 4600 3
5396 6305 3
10270 16710 8
3523 11033 5
11486 14344 3
193 17900 10
4430 21342 4
5393 14840 4
20634 23097 10
2601 15767 1
2814 18072 3
5452 13384 7
3884 4021 3
12657 14470 9
16117 18807 5
5454 24050 7
1671 10714 4
1247 4136 7
7094 7532 10
5355 14630 6
2702 6826 10
4530 7481 10
8879 18303 5
17334 19656 9
3354 5977 6
12829 22492 2
10716 23398 9
7270 9408 1
6197 17379 7
9046 10883 5
6752 15397 2
3790 22300 4
8882 17444 10
11997 14990 2
14742 18241 6
2347 14010 9
781 9880 4
3584 4922 9
303 21073 2
9082 17537 8
461 18103 8
6945 13033 6
5575 18414 6
18816 22010 7
14991 15598 1
3749 15515 2
3879 14551 9
1111 23098 8
2641 11204 6
2181 4854 5
3563 6419 10
4417 24592 8
8544 13178 2
11232 22187 6
9050 10650 7
18800 22804 10
6219 7582 10
6720 23803 6
12088 19604 2
6279 22558 10
1574 11092 8
16703 18327 6
1538 15928 1
699 7669 6
1727 16032 1
3272 24505 10
3179 23070 10
10329 22310 8
13563 23380 10
4779 11167 5
1993 20716 10
221 20499 9
10553 14266 8
6504 14152 9
4056 20063 4
13198 24904 1
472 1128 7
7642 24388 6
23250 23545 10
1290 3023 2
5222 24938 8
7445 24921 10
8540 19845 4
4986 13976 1
9270 18457 4
6544 19654 6
5342 16941 9
5724 13120 4
5707 19593 2
4922 8391 6
676 7477 7
5604 6213 4
1533 24453 6
14040 16354 7
2413 17502 2
16187 17644 8
13188 14109 3
6581 9954 4
3939 9205 4
14707 21264 10
16297 23379 9
1115 7289 6
1724 3012 1
2992 23304 4
608 17110 2
7141 9494 8
3707 5767 8
856 5238 9
4243 22935 7
13599 14012 9
6836 20407 8
3141 13724 1
7570 15115 9
5722 22577 4
820 24358 3
5956 18568 6
798 3377 2
3514 23433 8
1263 6762 6
2839 8665 10
3190 11645 8
7596 24553 10
8526 18841 5
22845 23621 7
8833 10345 3
2703 7413 9
5552 21527 2
1253 9535 9
374 5007 8
7592 9813 8
4193 9332 1
7671 15474 7
843 1817 4
20034 22749 4
9444 13705 3
2085 6479 9
1790 7264 10
1745 22386 3
18291 24613 1
6172 6592 8
16493 19175 10
5477 15465 10
1167 4321 4
2969 19007 2
2219 19264 1
1782 19418 3
7592 21063 8
7037 13099 8
2071 22731 1
6765 21645 5
4557 10650 8
7364 13700 8
1991 17457 6
12079 12317 7
5751 17016 7
918 4170 9
3130 15158 8
6464 14133 2
5402 19630 9
5614 6699 9
1285 15500 5
3225 24683 10
12408 15560 7
1060 20186 6
12227 17875 3
813 14089 2
14504 15385 10
4819 6520 1
689 962 6
2106 7324 1
4317 19730 2
11927 22832 9
3993 15754 2
3567 6233 4
3672 5984 3
4488 8958 2
1053 15525 10
1559 3182 1
2080 11292 4
16904 20325 10
468 2212 3
6447 24725 6
11237 17128 4
8487 11347 5
2230 19356 10
13636 19932 10
10241 18889 1
3825 20923 7
16807 23591 9
4975 13781 3
2817 6139 9
3375 21166 10
3296 20094 7
2775 16165 9
15784 15914 10
5297 9061 5
2011 16928 7
14439 20048 8
360 18421 8
4731 22931 1
4417 22092 8
357 2376 5
5010 14414 8
3776 6319 6
4787 6647 9
3646 11690 1
5873 9956 10
14700 16209 4
16897 18737 8
2068 7742 2
2837 23993 4
2625 17675 5
11986 20463 4
7665 23136 3
12347 19336 6
5953 6168 4
2106 19318 4
3610 22942 9
4165 13856 8
1485 11856 3
12625 13761 1
4819 8462 1
4903 21461 1
1340 23725 6
11914 23963 4
1906 6169 2
6217 7208 5
4365 12490 1
2292 10920 9
1127 10212 6
8412 21493 3
251 7313 8
8764 23592 5
557 7061 3
3888 20690 4
20517 22729 1
1963 6812 3
3593 11253 6
219 21122 10
1402 2352 2
17694 20188 7
10766 14370 3
2487 23159 8
308 4992 6
692 22393 2
10495 21904 9
3130 11934 10
12866 21353 9
7895 14420 3
21123 22490 9
6116 21775 9
361 4323 5
8319 21454 7
3100 21976 10
5099 21014 9
6819 22720 6
171 4088 10
4855 15876 5
5298 21747 7
12737 21833 4
4797 14802 3
4756 4948 6
3825 6931 6
5809 16100 8
7062 23497 3
191 8611 8
13074 21630 5
272 3169 8
1810 5113 2
18 15058 9
8857 23784 4
13822 14009 10
18740 20383 9
418 2941 9
2893 8102 1
1272 5509 4
865 6498 9
189 10867 5
13749 18152 9
911 1808 10
5116 13527 7
1373 12552 3
3933 22277 9
2239 16721 8
2010 18100 6
11082 21805 5
6292 22021 4
4846 15232 3
12447 14908 6
4485 7287 9
6548 8396 4
1923 9474 6
9239 18806 3
4818 14087 3
16063 23488 7
8590 16660 4
5466 18054 2
2320 10368 9
6050 19660 10
2529 20449 8
13191 17712 4
7240 7831 1
483 9718 1
851 1736 2
4042 15452 4
6549 12248 5
7417 16821 6
967 4784 8
8052 14880 7
2193 22506 6
13811 21424 10
11620 12355 4
4239 24353 8
641 12705 5
6290 16042 1
17113 17928 10
6646 15177 9
2492 17411 7
1156 24872 7
4780 19844 5
118 16502 9
3569 7564 9
2111 17041 8
1750 19781 8
494 17336 2
6068 7711 6
20796 21664 1
1112 16858 2
1871 16639 4
11254 22259 6
2638 11057 5
98 510 6
2635 3598 3
3997 6564 5
4486 7959 2
2535 16392 6
7332 8365 1
5669 7408 9
4134 11714 2
3601 19378 2
17966 21043 4
9435 20198 10
2797 13796 1
2686 24181 9
14276 18710 8
2589 7447 7
830 21033 6
4587 7509 3
3229 14369 2
2474 24684 2
5402 6570 9
1469 11108 6
11729 20580 3
2531 16203 7
2667 8060 10
2471 12611 2
2674 20432 5
7443 15188 1
3692 14907 9
9152 23294 8
6870 14729 7
5793 18637 2
1567 1674 3
19514 20865 10
6477 14597 9
4045 14908 7
2885 10096 3
4955 18094 4
638 3135 7
7296 17204 5
22367 24025 4
4912 21849 8
1590 22018 4
177 3664 3
3679 4007 2
9335 22395 5
1245 2436 3
6391 20211 6
2267 10561 7
15703 17813 8
5591 14406 6
12472 14355 2
586 5598 5
14089 17848 10
14504 18976 1
4445 6819 2
8387 19216 8
5904 7090 4
308 3212 10
3743 3848 9
1748 5526 5
11315 21729 1
6137 12597 5
1726 18011 8
6674 15211 3
6275 12594 6
10901 18717 4
16075 24420 2
8733 9099 3
6070 12077 8
10539 13559 4
11557 18726 2
5636 6609 3
12358 12793 10
2318 6765 2
6819 7401 8
5721 22994 6
14543 22958 7
4338 5299 5
5876 10921 1
17283 19992 10
16121 20172 3
599 5315 5
5369 15166 6
1152 5591 10
6768 24857 10
8641 17650 3
6399 19531 1
13216 15757 7
1752 6987 7
5534 8595 2
7653 9363 5
5668 21144 3
5898 8533 3
1232 2891 10
15165 19707 6
797 3782 10
4815 7059 10
3163 12766 5
11104 12708 1
5129 14687 4
1551 11158 3
9912 13703 5
18337 20451 3
1904 10208 10
1670 12601 1
11998 12889 8
4077 15891 10
3837 12923 3
10822 23749 10
5694 12919 2
487 24492 3
312 13285 2
6191 17686 3
397 16186 6
10698 16511 7
7184 14643 1
5662 17962 4
8032 23208 3
1532 7944 4
18762 20451 1
711 2071 10
4081 4709 9
1719 17534 3
8895 20760 5
1290 1970 4
7369 11707 3
3760 4891 1
994 16001 7
6770 9260 4
8279 12360 10
6941 15034 5
4035 16824 10
1254 5424 10
878 4960 8
7280 8933 3
1701 9875 8
4238 19691 10
13401 18646 9
90 1878 2
3481 7748 8
4731 6129 7
6439 21803 7
6105 20549 2
5099 7413 7
5188 9285 2
111 1387 3
4265 23727 10
3036 7918 5
20832 21615 6
7956 9665 9
8274 12589 4
619 22265 6
734 1844 10
10948 19745 9
2321 3698 6
17421 22077 3
9322 22163 9
4350 22659 7
9671 10827 10
13050 17475 4
51 19373 9
4819 11128 7
5607 5825 2
19705 24441 4
5071 6295 9
5952 5965 5
419 7786 10
4076 10636 10
14385 15378 3
2164 13222 8
969 2344 6
7764 21805 7
17899 24453 7
4734 5222 8
398 1376 6
4312 11236 1
93 6494 4
18390 21638 5
20711 23929 10
3290 7683 8
463 21365 7
4341 5262 1
6999 19891 8
18810 21989 10
10308 10572 4
4872 16959 8
8384 16796 10
7631 12589 10
5349 7700 10
2094 5278 2
9410 10412 1
19239 20274 3
3533 4136 2
2788 2834 10
4542 14162 6
4801 23244 3
13879 17358 4
4150 6048 1
11158 22632 1
3019 22217 6
48 6592 10
4145 10454 2
6437 20200 8
1007 23318 10
245 5708 9
7809 18410 10
5393 9433 9
13145 18419 7
654 12827 8
4341 21535 8
4421 10087 3
14968 21805 5
5499 12536 2
6003 16382 7
3076 5193 8
3435 17222 1
18465 24501 3
17977 20556 10
2214 12993 8
138 8517 9
8250 18407 1
6178 13306 7
11307 19795 2
2176 18542 1
10822 10859 9
20 24981 5
16061 24233 6
4577 19836 3
2404 14185 4
22344 23159 10
2370 17462 9
11419 14475 9
7586 19363 7
1245 24707 10
4867 8616 6
3287 19403 4
3243 3921 6
5547 19892 5
423 7628 9
344 1484 8
14825 15589 10
4307 12777 1
2662 9514 5
5658 7677 3
4273 21118 7
3575 6930 7
4725 22132 6
8275 10901 10
4161 24182 10
4485 4744 3
3621 24863 7
810 4311 4
305 6002 9
239 3993 2
11799 23163 4
3664 18494 2
9423 17171 6
2306 2520 9
1154 4393 5
7559 19424 5
19657 20586 9
1646 3739 1
9168 21242 4
2954 3893 10
12669 22943 9
5183 6557 4
9481 17595 2
1015 8256 2
160 554 3
2235 13749 10
12560 18967 10
4421 12841 10
283 7653 6
5425 7297 8
6964 13094 5
8299 24227 3
4857 7594 10
8344 17258 2
13912 21206 3
4007 4255 8
1431 7610 4
2380 16539 7
5524 10248 9
2759 24061 2
3303 6923 4
3587 5486 1
5329 12841 4
2586 4445 3
145 17696 2
15334 20468 1
1503 6215 3
160 8358 7
6285 10196 1
2852 4416 8
17243 20201 4
15055 16150 6
4416 5125 6
3082 3280 5
13307 15708 2
1314 13617 2
6241 7620 3
9406 9456 4
12961 12982 10
2384 10962 3
10357 18234 7
5170 11566 6
2566 24147 10
6977 9952 8
3991 10232 4
6397 19486 4
4460 10502 8
9714 16983 5
1398 20989 8
4913 21492 9
857 23654 5
662 2080 1
221 17247 9
2671 19824 2
6574 7602 3
17509 20677 5
5873 9203 7
14440 22368 5
14949 23490 3
5890 8839 4
480 14398 6
1110 6802 10
809 959 2
2790 15011 4
9451 13724 10
100 23991 4
6521 22756 3
8718 9769 10
518 3636 10
9094 10323 7
14998 21439 5
3155 23750 2
8363 14088 8
8716 23152 9
4406 22442 2
6861 20754 9
4622 20763 5
8131 17994 2
11142 20001 8
214 7612 6
4448 8256 10
8062 12295 5
89 9890 6
13091 23436 3
9157 23852 8
20993 22937 4
8072 23426 8
1481 6015 7
2130 14428 9
4873 12885 4
21963 23524 8
2705 5502 8
20545 22530 3
2735 10141 7
2347 5240 3
7656 10228 6
4078 19403 8
7532 20466 5
4050 22699 10
5746 8193 3
9718 20349 4
9509 17283 10
5256 10727 3
5517 18268 9
2320 7029 6
1382 6586 10
4731 24346 4
3127 6643 1
65 10403 5
5515 7693 3
2894 17198 10
5550 11859 7
3233 18604 4
5747 7501 10
3329 20809 10
5333 7205 6
620 14805 1
14965 17805 7
9756 23347 9
4767 7784 4
481 20979 3
8048 12082 8
1732 23281 10
6899 23670 4
4724 4907 3
2950 21876 5
2865 17389 1
5678 6046 7
2878 19312 1
2489 19701 3
4193 6734 10
913 1790 7
3125 8314 1
2000 12468 3
5521 16484 1
10974 24045 3
2921 3724 4
4489 14193 3
5643 11445 3
569 19798 2
5222 15143 2
1227 23281 7
3286 22796 10
16229 20160 2
9947 13682 6
18494 21161 1
5712 19379 5
1913 12866 2
206 22312 5
21315 22501 6
3061 19509 8
632 1655 7
7148 9877 3
1144 14134 3
5253 22364 2
227 5620 1
5063 21643 8
6361 23328 2
1204 17830 1
21989 24484 1
12328 17923 9
276 15364 8
7398 20053 1
1033 4722 9
4610 20493 10
12587 24906 4
4185 23350 8
2001 4821 4
8236 13222 3
18000 24531 8
7769 19553 5
11444 20126 7
1943 18791 1
413 7932 10
7730 22870 8
5327 13338 3
22307 24906 5
695 16721 8
6032 22751 8
7843 21746 8
8533 18312 10
3943 11186 3
900 16484 4
3934 6804 4
918 4332 8
2551 3570 3
22135 24070 7
4476 7621 6
5562 17354 10
2955 5845 4
9762 14036 10
3812 3961 1
6205 23246 2
677 13751 10
2792 23618 8
3896 8750 2
1781 20333 3
1111 21908 10
4409 9038 9
7844 8288 10
2172 15727 10
20276 21023 7
2566 3188 9
2009 20943 6
1499 17187 5
153 3918 7
11653 13017 1
4355 11726 8
2796 10387 9
6999 10549 9
2477 12592 4
447 11432 10
1667 4597 6
7122 23061 3
1434 14746 8
4547 10964 10
17057 18607 6
542 20532 10
7960 20166 9
17304 20880 8
7198 24976 5
11400 13664 7
8632 17467 3
2561 18885 3
11290 14505 1
5773 9894 4
1113 14618 9
490 7000 3
3751 5074 8
492 13738 9
6312 14818 6
5449 22922 4
2980 20166 6
15276 16365 6
21660 21685 3
6394 13952 9
16012 18386 6
1682 15388 3
10112 16957 8
3958 5554 6
13584 14914 8
7356 21439 3
2140 16114 4
783 2569 3
5367 5791 8
5276 17671 4
3077 5118 2
5887 9582 3
468 6553 5
13468 18798 6
4843 22035 1
12285 20781 3
3930 6990 8
46 7372 7
12999 20097 4
3719 15319 2
4193 18629 4
18244 20330 10
2588 24131 3
16734 24543 1
5748 8367 10
3112 21606 3
15317 20660 3
20190 22887 3
3133 19931 8
7561 11989 10
1885 5936 10
2207 14256 1
8620 19185 2
1598 21536 4
1108 5536 7
3157 12479 7
9838 16200 4
522 2019 9
48 5433 1
2227 10366 8
3907 4461 5
4011 11016 6
18038 20777 7
156 22809 4
22596 24074 10
9990 19563 4
1877 9686 8
22083 23268 6
2318 12498 10
8198 23701 5
14495 18598 4
1122 19457 7
6533 7292 7
833 17562 5
4627 15498 5
7342 13378 7
2213 21642 4
3619 22720 8
6476 6890 5
22131 24445 5
2711 4402 4
3987 5832 1
14985 20215 5
5053 10756 3
7913 15691 3
1589 14193 1
5283 8105 9
6022 20744 1
2071 7446 3
1946 10327 1
6966 19768 9
11403 15807 3
5321 6939 3
5139 6157 10
36 67 2
11027 13973 9
521 16828 9
695 6968 8
8580 14387 6
16444 22389 1
7475 12886 5
2665 11222 5
7672 20635 5
6360 6623 7
3178 19219 6
3366 7421 9
1330 5444 9
4262 19525 8
1145 20302 10
3503 11246 10
3832 12677 7
3303 21543 8
7107 22414 6
19030 19777 8
6399 6867 10
10112 12423 5
4545 6705 8
1400 23079 6
538 18434 1
2420 10835 2
19897 21435 10
4978 19231 8
10347 24403 10
17175 17285 4
4587 20682 10
5303 14500 1
3011 4489 5
4251 17808 3
13413 20284 6
5875 12016 3
1946 7768 7
408 7614 8
13328 16640 9
2656 22667 7
10642 18151 9
6572 7308 5
10812 20008 10
2719 19183 3
6391 20546 8
15227 22330 2
3064 11452 8
131 21416 8
985 4322 2
15609 19508 9
2806 17625 4
9757 12988 7
234 1248 6
1111 20401 5
14907 20588 7
11687 17498 1
620 10056 5
2294 4950 1
877 11608 8
11530 21210 4
3785 20783 9
4486 5598 3
7565 24251 6
3524 5029 1
1393 23427 1
2051 12231 9
2071 9204 4
4141 6194 4
8351 16525 8
21155 22533 6
4629 20026 10
7620 12099 3
9822 22002 8
3637 8522 9
2577 22394 8
10128 10404 9
19835 24427 2
703 2434 8
5054 9229 3
1925 3601 6
6499 6529 7
10978 23291 8
1671 19681 9
9507 24927 5
287 13473 10
11529 18501 2
13602 18945 4
2321 4643 6
3430 3495 7
10006 11594 9
1676 3755 10
3071 12450 1
4009 8899 3
6058 23419 4
3269 20050 5
503 15462 1
6123 8135 9
6601 14761 7
5793 22913 5
5533 24965 9
5549 6582 4
5401 7540 6
2227 7434 1
7071 7853 1
18489 24021 5
7169 14186 10
23209 24514 10
11637 12631 5
910 4327 4
4136 22675 9
1541 4657 5
5698 22957 3
9071 12250 4
2006 7898 8
6986 8270 6
3055 9651 2
2262 11823 4
2353 9278 10
7707 18972 10
4593 19623 9
4333 12417 4
19367 24467 9
3790 19668 2
2858 9991 1
10758 11877 10
13597 16225 4
10417 11072 4
3457 8564 9
11754 22929 9
12998 18574 8
16226 22612 5
168 16443 2
6467 24301 2
22001 22685 7
3953 16570 6
2445 6214 3
6864 7477 4
7852 10642 6
7029 9145 10
19133 20907 1
17023 17080 1
112 4942 6
1419 15745 2
3746 15186 1
7270 10709 1
882 19995 8
6713 6997 1
3850 12951 4
2913 19671 1
3739 24073 4
3047 3875 6
1896 11477 10
6629 12539 1
3173 6237 6
5799 22745 4
1075 14441 4
171 24817 1
3618 11564 4
17987 19812 10
2869 3174 9
3069 7509 3
598 2145 10
644 6940 1
5835 21480 1
3582 15943 4
3682 21560 2
831 23937 3
2676 4230 3
14430 23591 5
2355 18427 3
1244 9238 2
8669 14906 1
11835 20032 1
1124 4468 2
1167 1518 6
1797 24665 7
1732 2973 3
7459 19928 5
2564 3332 8
5106 18580 2
6237 17060 10
4274 18210 3
2487 16815 4
4429 5614 7
177 10321 3
3035 14244 4
1724 11234 5
2996 14494 10
980 5836 7
13380 22499 2
2664 5280 7
3421 4425 4
6262 6838 6
8529 18292 6
12390 20457 7
6103 6179 10
17887 22624 2
5950 7934 9
7063 7085 9
108 22109 2
21682 24875 7
7286 18863 2
8182 9616 3
7419 10821 6
17426 19328 9
14625 23410 6
1201 6825 4
1061 6855 9
3574 20238 7
11598 22598 6
3709 4195 3
13581 24925 8
1120 22521 3
584 4162 6
23753 24150 8
2886 6908 3
966 7773 7
23139 23976 9
970 23299 3
1053 4414 6
6134 11048 6
2229 14649 7
7134 21854 9
17757 20432 7
5581 23438 5
247 7293 8
507 1784 2
11836 23684 10
1071 3146 10
2981 22619 6
6748 10036 9
4813 7742 2
2465 17173 9
11808 20361 10
12513 18060 7
7318 10582 7
6141 21454 2
3005 5239 1
5402 6736 5
4171 6829 5
401 6122 9
22236 23475 7
21375 21438 5
4803 19867 1
4248 6232 3
11807 16443 6
13746 21758 5
3754 15383 6
1076 4194 9
6827 13641 2
14475 19795 4
13159 23391 2
848 4374 1
4371 17268 5
7703 17909 4
7138 18959 7
7603 10875 9
7464 8053 9
2274 6603 2
7801 17572 5
1677 8363 4
10818 12519 6
7052 12432 1
6516 20393 10
3052 15043 9
4606 18606 5
2909 4800 6
1101 10726 2
76 4827 10
6741 14994 1
1629 3713 1
5742 23082 1
496 22478 8
660 13630 5
461 16931 4
11059 23862 3
6576 15868 10
100 22899 6
743 2739 3
1129 3416 1
7793 22584 7
2140 3007 3
5046 7235 7
308 8569 1
3209 13544 1
5206 6361 2
1773 22626 9
912 6250 9
21246 24824 4
5148 12476 6
1904 2348 7
6063 18458 6
10497 12493 2
2002 15987 7
2619 11731 1
74 12998 1
4601 21535 7
3224 14532 1
13185 23525 7
621 4704 2
7238 12023 8
7263 13546 1
8470 20406 6
143 3159 2
2177 23965 6
6697 16319 6
12608 21631 8
3525 23349 1
19457 21997 9
3828 20883 9
434 6463 6
14038 21628 1
6574 23382 8
4046 12867 5
6714 18435 8
948 8971 4
11516 17217 8
11843 18644 2
1534 16856 3
5303 24313 9
8518 10171 7
2059 11090 6
2995 23438 6
12926 19286 3
6317 23436 4
6342 21528 8
4453 13259 1
328 6147 5
4635 20014 2
4443 24399 3
6160 24840 9
3003 5568 3
2619 5850 4
1295 21124 7
3962 23621 6
2118 7490 10
19476 21206 6
3331 7358 7
4399 6317 2
4065 4577 1
7276 18924 1
3932 11432 2
9889 11760 10
4865 18315 8
397 5651 9
7267 19976 9
2216 19498 2
2148 4870 1
2643 6090 6
12217 14030 1
2663 4953 6
1005 8414 7
189 20796 1
6886 7982 6
8274 21617 9
9064 20197 7
2617 5011 6
3947 21367 10
611 23886 5
2250 6333 8
5881 5946 10
17955 20130 1
9763 15073 6
2366 14331 3
14971 20428 5
1172 24761 1
5444 15081 10
17165 24466 2
11088 20770 1
6908 8847 4
8690 12485 6
2225 22056 1
1574 3777 10
17698 24417 3
9742 20883 8
3469 5866 4
7500 9336 6
5987 18512 2
77 23267 7
345 440 8
3741 9490 4
755 3355 4
14652 15521 2
2997 3245 4
5109 9265 2
955 1482 10
4032 12595 1
3697 7124 4
2145 20676 6
3665 13105 1
4054 18731 9
3058 24371 8
1227 20155 3
3948 9947 10
17960 24273 2
11444 22649 6
4089 21051 6
3766 5976 6
1372 7385 3
364 20088 7
35 3812 3
2786 2900 6
6818 21214 3
11038 24537 5
622 16495 8
8410 18365 9
1216 22487 7
432 8051 10
6932 18020 2
3235 22832 1
2290 4414 3
1743 4421 5
5249 24601 5
5369 21389 5
2942 3208 9
120 6830 10
2652 10372 7
580 7260 7
4493 16138 8
3996 15152 5
7468 24680 4
3509 7505 9
2958 16836 5
223 17924 9
264 5760 7
7130 23269 2
9109 22323 4
552 16778 8
4378 15705 3
1675 23517 5
14159 17242 7
12739 17050 9
9614 22891 9
2569 12266 4
917 18704 4
7820 18591 1
10915 24311 2
6144 21799 4
3045 18015 9
11539 20541 7
20997 22105 10
10957 20786 2
430 22251 9
5648 12320 10
1752 10073 4
6746 21379 3
2869 17525 4
41 9311 5
908 13033 8
2461 4175 3
22840 23890 6
2573 17726 2
2065 12040 6
9555 10307 7
109 15780 3
7299 8447 6
6482 14737 1
18108 19960 7
14304 14432 6
3818 14577 3
15472 17133 9
15592 17145 8
17282 17287 6
3736 13963 6
4148 6842 10
6993 7354 7
4043 7140 6
5293 22489 10
4804 5369 4
15716 22615 10
8362 24271 10
7562 9515 1
301 7062 5
7739 22079 6
658 3498 7
14036 23548 8
811 8255 10
11513 13051 5
5822 7228 3
13846 15136 5
1050 3693 8
622 2788 1
12266 13399 10
7218 21910 6
577 2757 6
8938 14055 9
3006 19801 1
1595 21367 1
5862 8872 10
1444 5491 6
11201 16240 8
3432 9638 6
3477 13908 9
4061 8333 1
4474 7426 8
21859 24714 8
5804 6108 9
2318 16622 2
4672 15904 3
9561 9920 6
20332 24874 6
1117 3558 10
8664 16686 8
2577 18258 3
10169 13632 9
1280 22481 3
52 3093 1
8608 23819 2
3405 6992 9
5544 5907 1
2217 21267 6
4212 14805 2
357 2135 8
4823 20875 9
349 16433 2
932 22200 9
6339 18741 9
1301 7900 8
2790 15952 5
4794 8145 9
7851 21471 10
2047 4634 8
2632 15739 8
3895 4812 5
3551 12769 1
2354 16473 1
10751 12740 6
12946 24122 5
13567 17688 2
5042 15621 1
13408 13614 9
4860 6311 10
8008 12333 8
16646 22249 7
5617 23585 6
4061 12686 9
16506 24277 8
3583 3649 9
143 16367 10
1428 6125 2
6768 22947 3
3801 6705 9
2279 11316 4
3556 10646 8
5095 9768 8
744 24940 4
4345 7071 10
4908 23699 6
11229 16740 8
5088 10140 1
3537 18106 8
4165 11224 10
635 24404 9
12472 15768 9
6042 10534 5
5520 5941 5
2262 19115 3
14215 15436 6
2745 13060 8
9257 13224 4
196 20949 3
7453 20991 3
3853 20651 6
1872 3371 2
3621 14726 1
18363 24731 3
1045 6824 10
654 7421 5
3504 17085 7
203 4401 5
10304 24948 4
7223 19058 3
21304 23523 7
4612 10094 7
3373 22199 6
3509 10105 7
22528 23678 2
2924 14421 9
5986 19142 5
13923 14494 9
7152 7920 9
7517 16559 5
10132 11860 3
6848 19208 5
17807 23580 5
5622 23807 1
18148 22553 2
1943 11481 5
2980 18224 7
1189 9784 5
2152 7378 4
3656 14019 10
7356 7500 7
1167 21300 5
7811 7886 4
4431 18371 5
5494 7106 2
6451 10878 3
5875 22756 8
2881 12931 7
9600 22043 9
13380 24826 7
2081 5284 9
11629 20175 5
2569 2653 4
5350 7930 1
1160 24673 8
752 6616 2
4182 13995 3
7552 23983 10
1893 9648 9
8273 11488 10
17361 20476 9
8152 10239 1
1366 14199 8
5617 7170 4
8465 17247 3
1503 12816 1
12675 22641 3
2965 5922 3
8988 18837 10
4427 6882 8
3606 5436 3
6061 13020 1
12046 14757 1
2043 22753 6
399 14239 9
8496 11416 5
4779 21767 5
3681 4231 7
11539 21455 9
5376 7054 7
13884 17399 3
11940 24145 7
6605 23457 6
1206 5445 2
3377 14849 8
4890 7452 8
3365 24956 4
5709 9738 9
9635 20550 3
7117 22714 6
3111 18696 8
2619 11557 9
12121 18432 3
4233 15077 8
8442 21686 7
1747 6020 6
14601 15204 5
4536 22633 3
2994 12826 6
5416 7129 7
1995 22951 4
15616 19286 1
13929 23925 5
17130 20338 10
3776 16003 7
337 11181 7
3435 6158 5
10441 20372 4
4754 23865 8
13557 14478 1
4087 5900 6
6754 15838 1
7618 9832 9
17455 24020 1
1848 4009 10
106 7041 2
5501 7348 8
9442 22051 9
13297 13980 5
4531 17640 10
2855 21086 6
6813 14946 5
828 7170 9
13837 23698 2
8543 23413 5
1285 11868 1
174 269 1
2200 20852 7
309 20758 5
11995 15420 4
6808 15030 1
5599 7294 8
859 12712 3
3129 5813 1
6132 22034 5
9702 22702 3
14371 15581 6
3067 3609 3
1666 20847 3
4025 11215 5
5748 6575 9
5296 6850 2
3108 19759 9
3688 12684 9
2941 6829 9
7242 13316 8
4255 5534 7
10823 18136 8
360 8346 3
278 22469 10
2654 13510 9
11849 23810 3
7037 13568 6
1889 3450 8
1037 23054 5
2629 4111 9
7357 21799 6
3180 21547 1
4045 20289 8
1077 4582 6
3052 4452 8
341 3183 5
2461 3596 1
906 11858 7
5380 24853 5
15539 18036 3
7663 9810 7
2258 16071 2
2749 20187 9
3978 14439 7
9917 17338 6
2337 18233 8
4276 11868 9
2125 7752 9
6836 23888 2
3762 8879 4
11399 24307 6
1137 11334 2
1101 13326 7
2607 4479 2
6627 23236 3
4628 4749 6
2561 16181 8
413 2955 6
3698 20481 4
6649 12120 1
6326 18656 10
3349 15219 6
4804 12303 6
4276 8679 8
3381 4931 10
17548 20997 7
2512 22367 5
7507 12794 3
6269 14120 2
4042 17517 6
1935 20752 3
15800 16094 7
19616 21183 9
5254 20461 7
2620 4034 4
4565 19893 4
276 23318 2
5776 12204 2
14153 16188 8
11118 17157 7
4029 5070 10
6543 20832 6
7321 12082 9
4996 7076 8
4090 21936 4
582 7514 1
7143 10542 3
5753 16319 5
2847 12917 2
5964 23358 3
52 2520 8
4013 11419 5
67 5259 10
2103 7027 6
2852 7893 10
4438 9643 5
5929 22096 4
18405 19532 9
743 19439 10
1509 18377 5
13422 18085 4
734 2814 4
11775 20210 7
3241 4478 7
1341 23283 2
1655 21018 2
1750 15025 10
3715 15673 3
1677 14926 3
5260 22185 9
7069 8082 4
4067 7115 5
1744 2627 7
4533 22511 6
10976 14636 1
1747 2649 8
10556 18886 10
18496 19397 1
11773 13984 6
1192 5509 9
4118 14159 4
626 6255 2
1092 11517 1
6345 7552 7
7125 23486 9
2514 3058 7
10591 22253 7
2361 3875 10
11988 15285 10
1854 7541 10
16802 16891 1
6920 13836 10
1671 9707 8
4782 18718 9
1522 7187 9
419 6324 8
4742 11520 4
9768 18044 5
2051 4225 4
13043 13781 4
3990 4890 8
7624 23956 8
15728 22929 4
2141 17175 3
2788 18812 9
19400 19668 9
2631 13134 3
112 5095 3
202 8554 5
12612 21336 7
3946 19326 2
4808 16123 8
672 3114 7
1816 7461 7
1601 15658 8
20192 24332 2
3386 4396 3
19419 20489 5
447 4111 3
3529 4201 9
5383 7538 6
1488 19627 10
3945 11283 1
17360 20287 7
11439 18059 9
11818 22004 9
3106 20320 7
11802 22957 8
8462 11551 6
764 4385 7
7040 10007 10
392 11870 2
3906 23347 5
14025 15009 3
1948 5900 5
4129 14990 9
13578 15340 10
6665 9691 7
9711 14960 1
5664 14784 8
4938 15637 1
2418 3420 7
538 2259 6
74 6463 4
5027 23366 9
3199 7038 3
9829 19732 2
4045 9971 3
181 14433 1
6201 11755 4
3453 24730 9
2826 13074 9
1313 13047 7
4460 4570 5
11292 15528 6
11057 22192 10
8595 13225 3
3665 22595 2
3017 3226 8
2886 5480 4
549 4396 6
17289 17441 4
7367 14750 1
1652 18570 6
17070 19535 4
1530 14029 4
16396 19466 5
7008 17973 8
3884 5326 7
12678 21247 4
2471 8042 1
4503 7280 6
7820 20680 10
8192 13212 1
22740 23073 4
20130 23653 2
5120 19005 8
5867 7496 2
3535 21237 1
4021 4082 6
5432 7139 10
497 9370 6
20641 24285 10
7438 20293 5
7602 18141 3
17450 21488 1
17043 21298 10
6367 11834 8
22417 22710 2
1245 24576 2
2280 14430 1
6566 24392 7
1378 3502 8
3224 7716 5
7352 18312 9
14099 15237 7
412 639 2
3643 7064 3
3384 5825 2
1461 5553 6
3195 14700 3
1677 4449 5
1387 11232 4
7097 14498 6
10402 23792 10
420 1239 3
1523 5653 5
7337 20779 8
13213 21159 4
2179 17179 3
5014 21509 1
4725 5739 8
10875 24771 2
3075 4821 5
225 1914 6
1330 11827 3
2027 5650 9
2256 21486 3
12709 13096 1
4973 13354 2
6007 16653 8
12794 15127 3
3737 24554 9
1676 21129 10
6109 20062 5
21143 21356 7
13148 17091 9
5704 7091 10
716 22051 5
122 6011 10
290 3026 7
5140 10913 6
3669 13710 10
7544 21338 7
7449 19012 9
13643 20507 6
531 13014 9
5906 12213 5
8245 12943 6
5918 12556 7
16923 19291 2
20631 24327 1
3772 4747 8
779 20880 5
5239 8423 1
15407 22157 3
590 12192 5
6322 7048 7
9994 14376 3
800 7115 6
1027 3116 2
20081 20089 3
15627 17327 6
3783 7455 3
1989 20302 2
5603 10370 4
1016 21680 9
1202 18493 4
3051 7024 4
20378 24759 10
21228 24155 5
11961 13101 4
5156 21288 9
5477 14329 5
697 1365 6
17287 20158 4
13782 22643 2
7056 13446 3
1358 13611 10
1725 3206 2
6444 8015 5
7131 14612 2
14897 22131 10
5781 23220 3
9617 20366 4
4767 7039 3
1041 16858 2
2208 17591 2
16148 20348 8
17665 18779 6
1865 20159 7
2353 7376 6
6398 20794 2
13237 24990 2
3085 23988 7
2818 6510 10
6662 20031 10
3628 13544 4
584 21977 8
7229 14922 10
3135 19108 6
1120 11568 10
6049 19549 1
7314 22741 8
9371 14704 5
3252 3992 4
16344 20833 1
6743 16898 9
19103 23398 6
1931 24426 9
611 1032 8
3150 10831 6
7649 18163 1
5182 14279 1
12417 21531 8
2367 6764 8
7932 18974 1
11987 13690 7
2561 14606 7
418 607 9
1394 22134 3
5804 5901 2
22037 24022 10
1308 10484 2
2630 21235 7
16975 22972 6
4830 8244 10
636 3904 3
3418 6671 8
17270 21564 7
2071 7094 7
862 10199 10
776 19719 2
2228 6965 6
921 1176 5
322 7149 6
9126 15403 8
4793 18261 2
6056 6122 2
17122 18740 2
1897 23927 6
3662 16706 7
19314 22725 1
5184 18440 4
4994 6382 10
16491 22926 6
3324 18317 9
28 2828 8
974 21525 5
8797 14424 4
5265 22533 6
15045 23565 4
22718 23090 2
3729 4938 4
6643 15556 2
4408 4944 6
671 1853 5
1124 19604 10
12360 16948 10
3776 22555 4
16458 21295 7
12260 13549 3
3571 9866 2
2741 9211 3
13110 18850 6
4763 21585 1
1564 1766 10
299 6010 1
1672 18365 4
1068 10503 1
1567 14181 1
7341 20032 7
5520 8693 4
3468 13983 5
5691 23160 9
1666 4980 8
3280 11214 3
8337 16253 3
4657 14335 4
5365 21127 6
4513 18295 2
7536 20343 9
3815 11541 6
409 8936 5
5650 19682 1
8680 11112 5
13694 17764 9
2357 5259 10
4116 15787 2
6367 14788 4
18183 20169 5
5250 22707 3
4813 10749 5
6635 12566 7
5490 10038 5
489 21966 7
8678 23463 5
12444 24124 7
6374 6666 2
5855 20211 7
2394 16045 5
453 12935 6
14389 16311 2
51 1881 10
21633 21688 8
7385 7546 4
5174 14364 5
1356 12652 1
814 8840 9
3720 19954 4
3264 12459 1
3891 6793 9
5582 24979 8
887 2388 7
2150 21849 2
19350 22154 10
5059 24029 7
2801 23232 10
1675 19633 4
3299 3902 2
1652 4461 7
3101 24967 3
12627 12681 5
19973 24269 10
11731 18810 1
921 7142 4
17328 24096 5
411 5825 9
10668 24787 8
4425 23031 1
9249 20483 9
10705 18173 8
6480 17776 2
5549 20964 1
1170 6834 6
2259 4753 5
1321 11398 3
4297 21024 5
4035 13350 7
69 3167 3
117 4068 7
1924 6395 8
9193 16584 2
4264 5616 3
3052 3275 6
7693 11059 6
10941 20635 9
4235 19083 3
10389 23205 2
2474 14981 4
2347 7707 3
5411 17649 4
1571 13073 6
6224 21731 3
9868 20711 8
901 6213 1
3414 5214 6
814 14752 3
1008 17018 1
794 23266 7
1828 2865 10
7320 19472 7
11164 14969 6
3870 4579 8
15612 17004 8
14417 23026 3
14057 22635 4
5956 11320 8
7036 21081 4
3340 13512 6
5775 19131 3
5241 17650 7
62 11497 7
2152 14899 4
3997 6629 7
7911 8259 3
5833 7592 1
2725 6115 6
1949 11512 7
9857 13032 2
13875 21479 7
11902 24546 6
4419 12499 2
5795 20916 10
3678 7522 9
5452 7571 1
6712 12074 6
3411 24961 8
4707 19424 10
702 24270 1
9993 23614 7
10839 24660 3
1849 6941 7
18617 22770 4
1834 3433 7
1064 23450 9
10825 24500 10
1701 13387 10
4952 15602 8
3011 17019 5
3712 5426 8
217 5493 6
3243 7825 3
165 1240 9
3385 13541 9
3185 20311 10
196 5772 10
1264 11407 1
12315 21860 2
6736 16514 8
8132 24964 2
1118 12078 9
1918 4027 5
2497 7019 5
2428 20067 8
9391 13549 1
21309 23015 5
14618 24352 5
4071 5780 4
2641 9904 1
1402 15573 2
3757 24902 3
2710 7418 7
5033 7724 5
956 12409 3
6983 12944 9
6946 18509 8
5069 19381 2
896 13904 2
11694 22386 3
230 20146 10
14259 19886 7
5744 19736 10
1362 2971 9
5730 8246 6
2576 21202 8
17262 19321 4
14927 22158 7
14580 20980 1
3314 10762 9
21110 24772 5
7603 15882 6
2776 9833 6
2773 22705 7
1727 2430 3
12243 23874 9
93 15970 10
1066 18638 9
57 20343 3
9261 19109 6
364 20858 3
18253 24084 5
689 13602 1
3949 5235 6
2647 22197 1
3241 17532 7
6698 19638 9
3935 12887 8
15999 20473 2
7181 14485 7
11784 22818 8
7886 9119 1
3926 13848 9
3064 14764 4
10751 15535 8
2524 6750 8
6640 23781 5
6630 9412 6
22173 22495 1
8350 20690 1
2679 10245 4
15869 16302 1
14276 19413 4
7541 14853 1
12898 14828 9
8731 21580 9
6957 24132 9
2363 17366 5
4472 11030 8
6296 9703 9
6380 9418 9
14324 18500 7
12495 16538 6
8462 9718 2
1673 7154 1
8732 19402 10
9230 18310 3
19811 23382 7
7258 18349 6
9285 23449 10
1095 9528 10
114 9327 7
618 13817 6
4795 20138 9
7624 20426 3
5045 21347 4
6671 17943 8
1743 3830 1
4938 24786 4
7776 24628 4
4579 24648 3
11418 24354 4
7583 16524 3
4254 6067 5
13146 16275 6
8692 20390 2
5090 15544 4
13332 14811 9
1026 16256 1
556 5158 2
6208 8405 6
135 9478 10
1308 13415 7
2052 9296 4
3161 17629 3
4740 21711 7
2438 8191 3
1580 2929 2
1457 6301 1
3753 19873 1
11574 19813 9
1769 8438 9
16645 24398 1
1651 3203 5
2140 18542 10
11047 17003 2
5217 8822 6
1811 13835 9
2414 6175 7
9523 15003 1
16467 21728 3
7972 11829 10
5747 11473 10
11102 22771 4
6348 23034 8
6641 7345 2
1280 11997 2
14742 18629 5
1357 4686 4
2529 15693 2
1353 7538 5
475 2443 7
7697 20329 9
13974 14239 10
1672 5856 4
3212 17698 6
5806 11878 2
3989 9494 4
9837 20963 8
6592 23666 8
4874 16627 7
3151 7402 2
10443 15657 6
461 4814 9
3454 18334 2
65 14257 1
14603 22428 4
976 7354 6
20596 21574 2
3680 8123 3
8504 21749 4
4318 9992 9
7979 12233 2
3769 16809 9
19221 22530 5
2278 3374 7
2126 9421 7
2839 4594 10
6197 7636 2
900 6601 6
17856 20569 6
1390 22205 4
7761 15984 1
15533 18146 7
139 19460 7
1071 4959 3
1296 22182 4
1296 5670 5
6785 14419 2
7387 13636 4
1423 5793 6
6177 21879 10
5671 13231 9
732 23824 4
2485 5291 6
7040 22649 1
12987 21991 4
379 450 1
12602 21785 10
792 12142 6
4890 9371 10
19032 20851 6
2105 18987 4
4077 24741 4
11332 18578 4
4830 5511 6
4735 14030 9
7638 23738 4
18985 22484 5
11809 24684 8
7060 16518 5
13249 16185 10
5887 21661 1
1519 3432 7
15489 22029 5
12474 16969 1
15582 17903 4
14961 18902 1
14979 17465 1
1705 12914 6
1515 3850 4
2000 20381 9
15697 18191 1
1376 1614 1
105 18146 3
1732 17753 8
6101 24492 6
3407 8674 1
16405 18858 4
573 8354 1
11475 12786 2
97 4110 5
1391 24873 9
15496 15971 2
915 3986 9
3682 6755 9
1953 18698 6
5488 6315 2
11168 24716 2
6386 7874 3
6682 17016 1
5399 5934 3
8136 17471 2
1443 6406 7
4985 10187 9
6769 7241 3
9594 12967 6
1302 24380 8
12720 15873 2
4932 11916 4
21176 22035 1
4002 6229 3
5263 11449 3
819 13852 8
7441 9610 4
23797 24838 2
12209 13690 7
6821 12772 5
5188 9146 2
16552 16859 1
4026 5254 9
2101 10938 5
7457 24620 4
18793 23650 10
15239 17579 5
3227 12016 8
2238 7680 3
4250 4715 3
15215 18641 10
2049 2195 10
12153 24726 2
8870 13833 1
6993 11089 1
4950 24812 7
2334 5130 8
841 17464 2
3838 19517 8
2548 6513 9
12724 19647 5
9792 13262 1
6196 22400 10
6818 9873 1
2036 10902 5
4106 21238 3
12877 22599 9
4157 20718 9
914 12095 10
1068 22684 7
6951 21544 8
16703 23468 7
15862 17370 6
5171 20811 3
3164 5267 6
16593 19797 10
1248 22621 9
5075 5815 6
467 18392 4
6618 12083 3
8782 11745 10
322 4602 8
12882 22293 2
10265 11551 8
2 13890 8
6686 6908 7
8634 13900 9
6371 10410 10
4084 10450 7
2794 3129 8
2756 5082 8
4799 13999 7
3463 7588 9
3486 16680 1
920 21007 8
976 8456 10
16101 21596 2
9928 21760 1
5536 14954 6
605 4869 9
3225 13753 10
4011 4346 8
23065 23309 1
7810 12496 4
3244 6649 5
9281 18538 8
6841 15338 3
1914 24091 3
1245 3333 2
11459 12058 6
3131 5952 4
9276 24387 5
4637 7084 4
205 1579 3
1 20549 4
845 13857 1
18474 21737 3
6458 10315 9
7731 18689 8
10057 13811 2
5887 17457 7
6109 17131 1
1136 1831 4
883 5995 4
18759 22858 8
564 20782 4
1582 17963 10
11966 23479 9
17009 19928 4
10606 21103 2
5693 16347 2
18196 18929 8
3349 17502 9
2032 6778 4
3728 9209 4
2243 9482 2
7073 9927 2
9072 14130 10
2187 4258 2
3720 12827 10
2451 15610 8
7745 17268 5
2155 8024 8
4496 19563 3
17386 22249 9
1412 24558 10
5277 12643 7
5500 7460 5
3314 9187 4
4302 7426 7
590 23817 10
6219 21781 9
11092 21011 5
19027 20642 3
7995 9314 3
18824 21309 7
10582 19879 2
5794 24775 7
8991 13180 9
18280 23394 6
17991 18259 7
2969 5608 1
4766 6482 3
13953 19792 1
12931 20902 9
9566 16465 3
219 24428 9
1450 21276 1
2454 10296 2
237 3590 2
3200 11475 3
11440 14502 2
3851 12163 3
10749 16195 10
4209 12689 2
6748 13098 3
445 16104 2
4060 22798 9
10338 17409 1
1586 5018 8
7249 7392 1
9007 15196 5
14905 20475 3
14144 15809 4
8164 13694 10
16605 19817 10
3761 10968 7
4477 21950 2
1540 21349 2
6194 24642 7
528 2523 8
239 6394 3
19209 23161 9
5872 14233 8
2682 15240 5
11037 20324 4
5502 21834 4
3011 7577 4
5605 7747 1
764 19103 8
10464 21650 7
2578 6765 6
16022 22362 7
15027 19735 7
7106 22477 9
2999 24672 2
2034 11719 2
6538 24321 7
2429 6763 4
289 1486 7
3571 19451 8
6138 21530 8
3384 13360 10
10791 17103 5
2702 21359 10
9162 16749 3
6307 21798 9
9050 18070 6
8301 17245 6
5994 24197 8
2562 17785 7
2460 10104 3
4468 5192 7
7515 23422 8
13047 22363 5
2499 17869 10
1097 24371 10
439 4893 9
5376 15778 1
12281 14256 5
7563 13009 8
14452 17897 5
4571 17703 7
8733 18614 3
720 2050 9
921 5914 5
7366 7616 5
6307 18896 9
12390 14321 9
15207 17754 3
4961 6098 4
5901 15102 9
5439 11061 3
4884 5489 3
2098 20646 5
5205 6475 8
2901 18724 7
3966 6891 1
3872 24773 8
15362 15745 2
183 730 9
298 20432 2
13018 19105 2
16958 22161 6
2901 16863 10
618 21150 5
2281 7114 5
1951 17206 6
269 10180 8
448 13833 2
4349 21337 3
5288 15062 6
2790 20422 8
4738 23971 2
622 4863 6
12098 14063 6
4498 24367 5
4829 21576 6
6854 18253 6
3556 19710 2
10285 17287 8
5690 8967 1
6007 20159 6
11427 24114 10
1759 18396 10
7346 20937 5
572 12775 10
14932 22463 9
5270 9274 6
5547 7494 6
4818 16443 8
10116 22797 3
4006 19966 2
6607 9542 5
1856 20096 2
807 3783 10
13369 20290 2
1290 8824 4
2999 3726 7
21292 21851 3
37 1290 7
3256 24522 3
75 7400 2
1327 2355 2
5905 13103 9
5207 5537 7
814 5944 8
22721 24337 6
95 11829 9
5687 22517 2
4811 21955 7
6651 16890 8
5504 14625 3
4095 18618 6
972 17094 6
5263 23541 5
8199 8596 6
2977 6849 2
7754 23719 3
6905 7917 2
7370 21682 4
14904 23981 5
2502 9075 3
3150 19635 7
907 1186 7
1648 22238 6
3517 6201 1
783 9698 8
3503 12897 9
14536 17292 1
11833 14110 10
19463 20793 1
1578 18139 2
3350 4768 7
5774 14511 9
11239 21511 6
1347 11340 10
2411 15487 8
4670 5964 1
6611 7113 8
4485 5785 7
9817 17025 6
3627 23749 6
6525 19135 6
18317 21848 4
18490 23047 8
977 2086 9
2686 20012 2
2503 10950 9
23705 24068 4
10186 19391 6
3313 13918 4
143 13763 1
9247 18832 8
674 18456 8
2948 3206 9
1563 19680 8
13376 19574 5
3378 4222 1
1882 2670 4
4653 10385 9
5503 23833 2
5959 15779 3
623 5751 10
14046 19024 6
5282 17185 9
4 2404 5
1572 5774 10
8442 13598 4
5811 23132 5
14114 18689 3
6209 7128 7
7247 16431 10
4798 13698 8
18021 22475 9
97 2109 9
10435 18325 2
2617 11185 8
4853 19374 6
1109 3200 6
2447 20010 3
5186 20737 7
2971 9896 7
9718 15596 1
7199 9893 10
4261 20920 10
13377 23454 6
5296 6109 1
4562 13749 2
4686 9230 7
9860 20678 5
6212 18534 7
1792 22355 1
13176 22915 2
8632 21309 4
5579 6447 4
127 160 2
14823 21974 3
16448 20677 6
13752 17534 8
11998 19320 1
2551 12834 8
6741 19428 6
2232 19328 2
9265 15185 4
5253 8424 5
303 10528 6
1779 21937 8
6138 10617 5
15964 21089 7
1130 10718 8
9258 14957 2
7621 14967 3
6475 10936 10
2432 24728 10
1389 16319 7
2704 4721 7
2677 5339 7
6329 24640 3
8567 21843 9
3523 5262 8
2423 22579 10
4490 21815 4
1076 7580 7
1730 16870 1
3102 20090 5
11107 23653 3
7696 22373 1
3291 13352 2
5001 9175 8
2218 15035 1
6542 17028 5
7451 22613 7
707 24502 9
13232 13243 2
2506 12893 3
7853 15104 1
1626 10606 8
1863 2900 9
20367 21080 8
9072 23446 7
5110 10290 9
8878 10712 8
9824 22814 9
191 5507 7
13218 19797 5
13155 20723 4
5723 5818 10
1558 18620 10
4659 12389 2
5304 9207 2
5137 15088 1
1816 13328 2
4487 4896 8
9035 24253 2
2934 18269 1
18865 20859 3
1371 16931 3
2598 23949 1
411 10985 10
1158 11633 6
16544 23240 10
3939 9420 4
3424 5494 9
3455 3588 6
3790 22032 6
5386 20222 5
5234 18959 7
14362 14426 4
1809 3233 3
2803 3180 10
2427 11643 9
46 3593 10
13612 20912 8
18250 21778 10
191 10331 2
4240 6921 4
2806 6199 10
1385 6975 4
11179 12412 10
18596 19553 6
3492 3584 9
1740 14293 9
5639 22451 8
7781 18542 4
4066 7648 9
7773 11543 10
1720 11393 4
4120 12792 6
3745 11371 2
908 8659 10
12796 21438 9
2235 3522 5
1475 22815 5
3127 10189 6
6726 20508 7
2952 18907 1
9272 11303 8
159 4212 5
4607 14550 1
2248 21816 1
6540 14087 8
8186 9974 7
332 5643 4
1202 19574 3
5384 21825 6
6404 9405 2
17236 17834 4
1037 1541 2
1862 9664 7
1610 5474 7
3809 13079 8
1208 15461 5
3839 21791 5
4305 23719 1
4495 19701 4
15810 19050 8
12504 16341 1
756 24842 2
1460 3215 7
491 11055 4
16904 20299 10
8656 20036 6
12328 14126 5
1224 2796 7
6626 24916 9
1822 24852 8
11928 21678 10
7015 9087 1
7412 21441 1
5635 12999 10
66 19393 2
4114 11016 1
5863 14908 7
2916 24893 6
4316 23498 3
6734 17074 7
2229 7274 1
16353 18215 3
5249 12341 6
9712 14131 3
6571 6720 10
1526 8380 9
6978 20440 4
847 15513 8
1921 4259 6
10274 23305 1
12303 12691 8
5156 19592 1
7032 20998 10
6165 10555 3
3427 4630 7
2269 5271 10
2649 4283 8
3240 22232 1
4074 17573 6
5385 15972 8
3725 6624 10
82 1818 2
1875 2502 9
1453 4135 7
1902 24706 3
4412 5377 9
647 7107 1
1081 10849 5
15064 22601 6
14744 22302 9
2327 22017 8
7631 17512 10
16343 17054 6
5362 20876 4
15545 15643 1
2252 6364 10
1188 17389 9
5710 12652 10
10319 22724 9
687 5847 9
1182 4818 8
3753 8721 7
2647 18929 10
18549 24491 7
1516 23810 8
6209 24430 4
3196 11255 10
8335 20230 4
2898 6410 5
5328 11205 10
4779 21580 6
1084 2450 1
3387 7613 8
280 12247 3
2854 20454 7
2317 16881 2
3302 8594 8
587 4873 7
524 15824 1
5147 10715 2
197 3801 8
1411 8801 3
7404 11946 10
3678 21577 2
1670 9174 6
7134 18071 7
179 23438 2
1702 3606 5
747 10792 10
6160 18438 7
712 22708 2
2831 7273 8
3833 19559 7
4070 21560 6
20707 22821 7
9706 18543 4
357 768 5
11540 15457 3
946 5983 3
5551 7503 4
6926 15145 1
2204 11278 10
3330 16754 6
3115 14038 3
257 10716 10
1899 17411 2
7913 21966 9
2920 22651 9
521 6051 2
749 812 8
4572 9763 5
3271 22586 6
2124 12975 6
494 18985 7
2756 8507 4
5814 19719 7
43 16394 5
16346 22883 9
3939 11640 9
1264 18066 10
11419 23172 6
4337 7026 9
3712 16910 9
12635 13265 10
354 3411 5
5710 18865 3
3539 16543 2
2696 4256 1
293 17094 10
5194 8616 1
5406 24948 6
1006 3728 3
9122 9239 1
17548 18220 3
6794 15709 5
4416 8086 10
8434 16956 4
3029 5041 3
5342 23412 4
6256 19084 3
256 4342 7
7458 21079 9
1899 18561 9
13396 17204 9
15577 16750 2
12952 20752 4
6106 13667 8
2056 11683 4
8414 15153 4
4653 12024 3
19369 21898 7
2664 16489 4
2376 7647 3
5721 17905 3
2904 24535 8
367 13758 1
5914 18181 6
3553 5658 2
3511 5983 8
5223 5798 1
2266 5910 5
6475 8225 7
1819 4117 3
6177 15381 1
9000 11125 5
5584 20631 5
4220 4797 3
492 11905 4
3282 5422 3
1791 7826 8
1831 3487 6
3002 13661 1
12686 18815 7
13995 24523 9
17474 18410 8
818 15491 5
2249 11895 7
695 3890 8
5175 9039 2
1642 9678 10
11621 23875 5
110 18024 5
3200 21857 7
817 4425 10
7335 9355 3
9906 21522 7
6620 6924 1
4117 5083 7
7561 8669 2
167 8724 8
12843 22362 2
3442 4267 8
3392 20195 3
3357 12152 2
1804 22637 1
6642 14595 10
2451 11191 5
1079 7710 6
13601 22142 10
4413 7767 3
4935 9239 8
2055 12239 7
4015 13889 6
503 2495 10
4325 15051 3
2062 12713 8
4335 11453 10
3186 23006 2
2819 5535 9
13474 17020 5
4626 13321 1
5633 22156 2
4666 9090 6
6498 7220 7
12521 18988 6
12779 22273 8
15159 24856 8
897 8359 5
4142 4563 10
6353 13422 5
91 2959 6
211 10598 2
1736 18565 5
3100 20849 10
975 17615 5
6397 12984 4
1535 9215 1
1444 5871 9
448 8544 1
419 3721 7
24291 24697 7
5121 15140 5
1666 7725 7
5976 10918 6
2611 4655 5
3115 18375 4
7712 22479 5
5929 23563 9
2380 12627 5
4948 11571 8
4487 14834 10
752 7435 4
6505 22475 3
22346 24535 9
2147 13132 9
2339 6732 8
6381 7290 3
11768 17336 6
12411 17348 2
22353 24854 1
1318 11643 6
1721 6376 9
14252 23055 4
9261 22341 6
4637 12257 2
5295 7290 8
11802 17918 5
5500 20639 7
763 772 6
6923 10102 7
1106 12252 9
8529 14994 4
15961 19278 6
4169 16798 3
5772 20510 10
4820 5764 7
4262 4456 6
6637 23475 9
3961 22451 3
3419 9275 8
20567 21829 4
11159 23861 5
1727 6258 8
2880 4910 4
3610 14663 9
13042 19586 8
6321 8411 2
4854 16211 2
6051 16492 7
1806 5334 4
9968 15050 1
3257 5496 7
4837 22149 4
11767 17799 9
5208 24808 10
1917 3300 6
17485 24796 7
7533 16462 4
4421 12890 1
9310 15209 8
4745 5068 3
15872 17558 7
7336 23693 9
5366 11741 7
5172 22067 4
6532 12927 2
4284 6829 2
9408 10268 10
2919 7688 4
11141 15460 2
576 7566 6
3350 4967 10
1 8153 10
18065 24422 8
8416 8430 7
5766 5882 8
8631 11643 3
6546 7277 4
5242 17480 10
3483 14144 5
1926 14614 7
7847 19124 4
5421 16035 7
230 3814 3
5008 15018 5
14712 19008 4
3762 10536 8
1451 16897 1
2156 11252 3
1719 12130 8
1821 19753 4
3291 15574 4
1752 16405 10
7536 23515 1
4540 20017 8
3675 14223 3
7108 17506 8
6770 21118 4
15708 18238 10
983 6412 5
1569 9817 2
786 14899 3
6509 8313 2
6436 10003 4
2864 4715 9
10077 13857 4
7117 11165 8
22833 23271 8
17243 17372 1
4173 12612 4
2474 7342 1
5122 13331 3
5842 11726 7
3986 8873 7
11206 17867 8
18165 23444 1
2556 12798 3
1482 2298 6
7278 20867 2
158 1532 10
6697 10078 2
3832 15982 6
11518 19998 10
9757 17678 1
10602 15424 1
1525 20944 9
20311 23823 10
3997 17126 3
14953 23825 5
2867 10834 5
837 3345 2
7078 12726 10
7954 18427 9
12688 19702 6
2531 7158 1
1283 7539 2
4473 9531 3
6528 20916 5
3415 5055 3
2129 13125 4
1556 7323 7
1557 6037 1
3954 20806 10
3851 11068 3
21427 24054 8
973 10622 4
17068 22368 5
2112 18474 9
16169 19721 9
11861 16407 2
5764 12050 10
4407 7590 4
2987 12245 10
2022 7826 1
2743 22738 6
5612 11246 6
7942 21189 5
4592 7137 3
2158 3826 2
1196 3648 5
2514 20515 10
1717 9088 2
6813 12048 1
10112 22303 9
10532 23874 5
15174 20787 10
7644 22142 3
7460 9301 7
3979 24118 5
11179 14139 3
5190 9963 5
309 4029 2
4744 18324 3
1258 17530 1
3758 13034 4
5780 22070 3
1755 18029 1
1937 13869 3
10189 15494 8
6685 12871 9
5599 20211 6
14481 20982 4
10988 23443 4
2806 14447 8
7179 10704 10
5947 20189 8
820 4793 2
9620 17524 8
13418 17181 8
1852 4616 5
172 15494 9
9967 18303 9
16083 20297 10
889 5814 3
10039 24944 9
862 2719 2
7699 13997 7
4500 11444 1
2268 5291 9
7306 9231 2
3013 4922 7
266 12124 5
1721 3689 1
11035 12634 10
2267 24473 2
3537 7962 10
2688 2873 1
6776 23062 8
7216 22324 5
91 18942 10
504 15317 8
14310 18404 2
5801 5905 3
5976 12430 4
16937 18756 6
5043 8150 6
370 21950 3
4763 20857 3
15828 20868 1
6260 13720 1
18239 21040 3
2638 3144 2
2702 5912 1
1940 12578 6
7732 10838 2
1076 21509 4
5474 7251 2
1245 12088 1
4462 8508 9
7695 11180 2
2422 6300 9
3609 11964 5
5247 21535 6
2358 11429 1
225 10433 1
3266 9740 2
3805 9228 1
3628 17463 8
1156 8360 1
4462 16763 7
9031 23361 7
4422 23465 9
245 3644 6
4337 23288 3
19007 24115 5
16772 18123 9
1505 1590 3
1349 2043 6
16548 18698 5
16493 19585 10
851 15927 5
11406 19025 8
585 3619 9
14075 24988 2
819 2704 4
614 1706 4
1338 5948 10
12898 14275 8
4858 23433 10
12083 20229 5
2253 3647 7
1870 2482 9
827 12494 8
4778 8819 2
6636 14756 10
73 13253 1
12245 22172 9
6219 13731 3
4346 7527 10
16610 21609 10
4626 8508 8
5902 12063 9
11210 19326 10
9702 11799 9
5013 18250 10
18583 24956 9
881 7209 6
6827 8433 7
6586 6957 1
3038 10072 1
1782 15609 8
4142 22599 7
10479 21066 2
4079 12856 2
16000 21891 6
4560 22599 9
681 23279 7
2639 7212 5
2233 10935 1
3717 6301 3
543 4456 3
9127 10941 1
13815 16758 10
1323 22110 8
6521 24755 8
5643 7448 6
13488 14676 7
9654 21536 10
1726 11745 1
10677 10871 6
14119 21486 6
2514 17478 7
2012 3758 10
5720 20898 10
9736 16087 9
912 10093 1
1186 20472 10
5056 5255 4
14115 20710 1
3476 16650 8
13760 15140 7
3660 6242 8
5184 22250 1
9677 21926 5
2446 5274 4
3107 15971 7
17168 18111 8
6613 12906 5
6354 18709 9
6325 16264 9
6237 13570 10
11806 17019 3
7541 15183 1
5434 11866 10
12791 17776 1
5024 10213 2
6599 24175 10
11303 14765 10
223 12299 7
3951 9532 6
6243 8232 3
17120 18337 4
6708 20585 9
3470 23656 5
1550 6793 2
832 16823 8
11060 14760 5
3872 8950 2
2885 16001 9
9491 21683 3
7592 16905 6
5317 13485 9
1183 13022 10
22932 23920 1
274 6196 10
10324 12392 9
1764 19059 1
1541 6047 8
2942 19082 4
3485 20794 1
5890 12644 2
19070 19163 7
21105 22108 2
14715 20717 1
3448 6700 6
2089 18756 2
2992 11648 6
2652 7689 1
1932 7936 5
25 1737 7
53 14484 2
11115 23796 7
4449 6205 9
12597 15110 1
18320 19097 3
6557 14694 10
3282 18362 5
8812 8880 5
2721 8324 7
1839 7994 5
9117 24449 6
21657 24917 4
4245 14211 5
2512 23922 5
72 460 4
1226 19812 9
1584 24732 10
5730 6169 3
5496 19052 4
18540 23564 4
11157 18342 10
6560 13846 5
10740 19673 3
5244 22608 4
2908 9972 6
338 7263 1
4075 21749 2
4381 6005 1
177 4864 3
2080 23609 3
824 22358 3
11621 18391 4
13012 16990 5
12746 16116 10
16413 23156 9
3893 7119 2
18318 19394 1
15415 19417 10
18868 20327 7
4656 12602 7
3466 6508 7
1351 4398 3
6096 9786 3
5746 8519 5
3401 10374 1
3475 3913 10
8626 16893 1
138 14922 7
2762 3979 10
7240 12417 1
1138 21950 3
23402 24473 7
311 3956 7
6759 12101 1
2305 23773 10
6263 14096 4
7284 22277 3
11270 15423 8
4683 5186 10
6796 21020 2
3498 20168 3
1889 3950 7
4236 19906 2
11396 20406 1
15519 19911 1
3742 20822 7
4948 15399 8
6262 7430 10
7458 24874 8
17476 22616 6
5511 19411 5
3992 18496 6
1141 7351 6
2254 10716 9
9538 20813 9
5446 16001 8
7019 21762 3
5915 8183 2
17029 22417 6
1919 19135 5
8059 22940 3
368 19723 9
5909 19598 7
10768 20523 5
8498 16804 8
13246 16579 5
368 2104 9
6865 7787 7
15625 21959 2
447 7305 4
4531 21676 2
5107 9998 8
3080 10588 4
2458 10335 7
12603 16207 9
11240 23021 8
1102 13645 7
5869 11825 9
7374 21308 4
3008 17202 1
9344 21803 4
5587 10660 7
8722 15600 3
3511 17150 9
644 20868 1
15618 22416 6
17203 21396 4
1786 11373 6
1178 24203 10
2101 21119 1
1379 16713 8
3387 14986 6
7188 24807 2
2860 24206 9
3673 20460 5
20567 24859 1
2664 5710 9
13661 20658 7
7284 13590 8
1934 24995 3
5747 20091 7
5518 23376 7
1314 17312 6
5960 12708 3
5413 12431 3
5540 5626 1
21690 22593 10
5233 15427 4
2180 3726 1
926 8305 8
3791 16355 1
4267 7444 1
5332 11650 4
1679 5594 8
6009 8450 9
13542 24431 9
2009 19353 3
2115 3510 5
3270 15012 10
1606 2819 5
1004 24567 3
12221 13948 1
12348 20290 3
4749 4995 8
2372 5445 8
3778 7661 2
2410 4291 1
7097 19095 2
5295 5834 4
13736 23842 6
6988 9378 9
15767 21534 3
4159 11465 9
17700 24753 6
3468 18485 4
972 24558 10
3134 4886 2
3876 7530 4
12087 22139 2
5280 9599 8
1945 13489 4
401 5044 6
13892 19675 3
6688 20489 7
6143 6702 10
4710 6037 8
164 3801 7
3222 12998 3
695 2627 5
6154 6808 8
2995 6702 9
1419 2851 7
9659 10271 10
5654 21771 7
2010 10522 10
914 22054 4
1743 7137 4
18654 24636 5
20825 21691 5
2344 13300 1
816 3888 1
2887 6719 7
5177 23722 6
4120 18442 1
15972 17996 8
1688 12142 5
1243 16872 4
6627 14463 6
10645 12256 7
187 4071 10
18708 23465 1
3824 6959 4
1830 15895 3
6149 13451 2
148 20273 2
3386 8352 2
7494 14970 4
9191 9902 6
10021 23019 7
3182 7933 5
12210 23413 4
2128 8734 5
17511 18890 1
2963 4274 9
3781 14811 9
6340 24352 10
16356 17971 5
2791 3037 7
956 20454 6
4855 16443 6
6476 19903 10
3770 14284 6
2864 14786 2
7014 9219 9
6703 7753 3
978 8598 9
7093 8219 9
6901 8513 5
6478 14129 4
448 2516 5
964 4249 5
4856 17066 6
6409 21284 8
3863 17372 9
7681 15296 5
10877 20540 6
1525 13915 4
13688 18513 4
1925 3363 7
5715 11459 1
8149 13607 8
2692 6823 4
3269 6182 1
3248 5578 5
3650 23180 6
9204 23739 4
11884 19459 1
14454 22750 2
752 13160 8
8450 22731 7
2057 24132 7
1565 9034 7
14899 16365 1
22684 24546 3
7131 17647 2
3982 12462 4
834 8060 2
6310 21648 4
10321 14490 2
4441 4921 2
4745 10285 8
1200 19337 2
11163 20635 1
3817 7540 5
11203 19022 9
3610 8242 10
15212 20740 3
822 6160 8
1802 21969 5
5602 23149 8
11081 17097 7
7659 15882 8
3674 18078 4
7171 22249 2
3061 10879 8
2069 2354 10
10060 15384 2
6482 8433 8
18799 22118 6
3817 9133 5
3117 12856 9
6768 19562 3
2807 10308 5
10857 20768 1
3607 9805 10
3631 10030 2
10639 14901 9
14880 23478 10
6368 23269 2
5247 21077 7
3867 4483 9
11223 19127 8
1977 8808 3
14712 19000 2
4005 12282 3
2165 20957 10
5321 7690 4
3422 10435 1
5435 22853 5
1161 4376 7
868 7952 10
2534 4645 3
5797 15692 8
1525 4448 6
7074 10859 10
6049 23387 9
3661 5822 8
523 3387 8
3391 18727 8
3145 6912 7
7277 20726 1
5303 16149 9
20379 22460 2
2808 6379 6
2309 23797 2
21880 22689 8
5117 11585 10
11431 20851 3
5061 18358 6
5105 5910 6
11257 23884 5
1305 21971 2
5538 11989 8
6609 21210 6
137 6469 3
459 11470 1
5654 6840 5
2839 13629 7
2320 18538 4
1878 4972 1
5052 5062 4
21845 24149 8
7644 23457 5
13835 23354 5
1327 13892 10
14010 21834 1
2124 21256 3
12855 19229 1
2672 5144 7
12884 21491 8
2066 22385 10
15987 23199 8
13681 23096 3
10146 23075 5
2612 19723 1
7860 13180 2
4527 19741 6
7 8840 2
10980 24532 3
13126 22208 10
1647 4358 3
4409 22110 8
7615 13886 10
9995 18024 8
3069 9983 6
958 15012 6
3481 12085 3
6138 13475 6
254 6400 6
5564 17605 5
3888 24558 9
2036 7308 7
2854 19425 10
4443 4901 6
7764 9392 1
713 1686 3
4935 21227 2
1683 24303 7
4560 4875 5
4429 19369 5
4963 19737 3
2981 9684 8
2301 15917 2
21493 25000 9
7185 11647 5
4464 19602 4
16869 20285 5
1750 23108 3
1835 12819 1
734 19507 2
3786 5839 9
8706 18030 7
2353 12563 4
5935 10800 10
2597 13786 6
327 13347 3
2771 5197 7
5700 8599 4
1109 6195 3
5902 24821 4
15634 17316 2
5336 17193 5
10682 15803 10
2621 2836 5
501 12544 6
1714 9537 2
7361 14345 3
457 9341 2
109 5111 2
7313 12215 10
12988 23791 10
1229 13155 9
2870 3743 1
8523 19633 7
19321 20371 10
2626 21920 10
763 5713 2
1551 8002 2
12138 22193 6
134 24083 1
4866 14641 10
11708 23213 8
1813 2507 8
980 15572 4
2953 11765 6
12744 23310 5
17300 21181 7
9930 24576 10
4064 20362 7
450 8307 3
15492 17538 8
7099 7105 9
8460 13362 8
11819 21794 5
398 2397 3
19721 21807 4
10866 17762 6
6003 20065 5
262 24705 9
289 6699 2
15906 24184 7
3359 3765 7
9667 20761 6
1961 2297 1
4219 18768 6
4559 7121 9
7197 22821 8
7179 13183 5
22794 24416 6
5670 6575 9
21163 21302 5
3259 8344 3
973 8045 8
7308 13114 1
15696 22359 8
1972 19020 5
1272 18356 4
3866 9227 3
1318 2279 1
8878 18740 8
5294 10004 7
6614 16746 7
2131 6156 8
1290 12781 1
7039 11854 7
2623 3156 1
5762 20995 7
3773 11886 10
5007 23727 7
3133 14772 2
11040 18219 5
1606 2177 10
4506 23075 9
2602 2751 9
5024 7478 1
1198 14318 8
9376 17992 6
6583 8319 2
5697 6208 10
10659 12601 7
7197 19819 2
6801 20427 9
1132 12823 5
6820 21062 1
10048 22354 2
11988 23749 1
1831 2949 5
153 4484 7
293 7057 4
2399 4363 7
2592 12577 5
3272 6291 5
7491 14453 5
6720 22932 8
13034 15457 2
16202 20354 7
7005 12432 10
6922 22924 2
11181 20912 6
17461 19013 8
15278 22971 10
5607 8334 8
599 17870 6
12723 14583 7
13489 14497 5
5545 17684 2
404 5212 8
3851 22548 9
1894 15964 7
1401 20076 3
7287 22886 4
2303 15241 7
3626 10667 8
4907 24979 9
23238 23372 6
95 12199 5
3731 11490 4
4163 15990 4
5909 22411 9
980 12237 1
17620 18688 2
4931 10805 5
5257 6341 1
17863 19637 8
19814 23325 2
11864 21002 3
6038 8515 8
12673 17523 4
14218 16298 2
186 1738 6
2905 6183 8
1128 3774 7
1152 3862 9
3444 4362 6
6046 17545 1
114 1241 1
23662 24198 10
2028 4820 8
1414 16918 10
13977 16777 2
9685 15294 10
16581 22705 6
911 19755 7
6275 23549 9
1517 14414 6
2118 2173 5
2854 3113 10
1918 23840 9
4619 15206 9
100 2619 3
1753 4546 2
2783 20820 10
1353 20989 5
19949 24032 1
4650 22042 2
1915 22818 4
1414 6966 1
6623 10211 8
13449 19345 7
1207 21767 1
5876 20199 4
1182 5007 3
18184 19185 7
9385 18629 3
19030 23025 4
10091 21105 6
7457 24726 10
290 21120 3
11353 16512 5
3404 18039 1
5861 21076 1
4782 6560 10
1517 17916 5
1637 12636 7
3712 4859 2
6022 17899 4
5299 23701 1
97 13019 1
4161 8271 5
2863 24707 4
18451 22533 2
18546 24231 10
320 23661 4
794 2481 2
4819 14960 5
10315 18839 4
1897 23930 4
9573 13906 7
320 2563 10
2443 2704 6
9187 23611 3
5939 10311 5
68 1246 5
4345 23393 6
13942 14184 5
7910 9421 3
5006 20874 4
1536 4031 6
2778 12293 10
1211 6812 9
6409 14050 1
2471 11765 10
4721 23405 4
1147 5919 8
5 2640 7
1948 12960 1
5365 10809 3
5369 8364 9
18645 22112 10
9752 16272 2
15192 18326 9
9293 16109 10
254 13393 6
10584 15010 9
6447 20143 4
23461 24005 10
5152 17980 3
5734 6775 4
586 5360 6
12495 21835 8
2685 8827 10
4877 17439 1
1322 17699 7
2418 22879 4
505 17808 3
281 14448 4
6840 7816 7
5791 19188 7
6082 24872 1
2265 16568 4
5645 6143 5
54 20605 2
21719 23257 8
1400 5278 2
34 19058 7
5335 9335 6
14833 24694 9
19578 22078 2
131 4969 7
1943 7891 6
447 1498 4
5945 5959 3
3364 7173 9
5450 10389 1
12318 23939 4
5249 17550 9
5150 15143 8
1702 10937 8
2376 5258 10
4033 22727 5
4138 24194 8
16 6236 10
5584 17572 1
1802 17958 9
2490 9461 7
3897 11561 10
2307 6405 7
5532 22857 6
5664 15624 2
7860 18604 6
3881 18046 8
9242 11029 3
22867 23967 3
3211 4483 1
14582 19660 1
2140 6138 1
2906 6761 4
15692 17959 7
1521 2583 6
4691 22284 10
6917 21089 4
2566 9149 10
1379 2116 10
17719 17756 4
3204 13164 1
13717 22356 9
2258 20179 3
10337 19913 4
11348 15944 6
13126 19884 3
5846 17317 9
1532 8382 4
7980 12313 2
10857 16269 5
6421 12159 2
7052 9993 3
10360 17124 5
4292 10002 10
13849 24413 6
29 5830 3
13430 21558 2
2622 8580 9
9456 19175 10
2613 15237 4
1361 15444 2
1289 5125 6
5222 13810 4
4845 5697 5
4445 11806 3
2472 20568 9
13306 18883 7
1989 6625 4
4058 13360 4
11087 23382 1
522 24297 4
5234 22679 3
1704 2061 8
5383 14591 7
7709 16590 2
8753 24810 2
2369 6753 10
9636 23768 10
1332 22292 1
4755 17752 10
14528 22791 6
3351 12626 6
17035 23312 5
4937 24634 1
979 6032 7
306 14666 5
11456 24749 7
2348 10538 2
12740 13249 8
1502 15482 7
85 2066 2
905 6698 7
2699 3246 2
3577 10068 10
4477 6363 4
7866 11867 8
1293 2751 2
1386 4396 5
4906 12111 1
11957 19362 1
10799 11098 7
291 16279 2
366 19618 4
761 17161 7
4528 11982 10
3529 13495 10
16812 19023 9
3648 4465 8
5579 12770 10
2250 9770 7
3661 16676 9
3181 21120 6
3237 24389 7
3479 3958 7
2053 13075 1
2399 11795 2
158 21640 1
19052 22752 5
5953 23778 9
17919 21516 2
6153 13242 6
5272 7474 10
4688 21305 3
19255 24995 10
6246 17740 1
11346 17616 3
4538 24043 1
10281 12131 6
3352 6997 8
2116 7152 2
3543 13460 7
1109 1789 3
10998 16645 7
3280 7122 10
5269 18503 9
140 6596 4
14949 22776 6
20006 20609 9
509 4551 7
723 24385 6
332 19852 7
1745 19762 9
7425 15149 4
2236 3113 5
2851 6987 3
3617 4200 1
4103 11747 5
2988 11152 4
3231 13676 4
6425 11054 9
8061 10925 1
12036 20431 8
5488 24158 6
2319 21249 8
4141 10241 2
11182 24928 9
21605 21702 1
17853 24697 8
18310 20807 4
3129 9001 8
4322 7486 7
7123 21070 6
2113 17473 1
180 5201 6
285 3835 7
10736 13756 7
6919 19769 3
15328 18320 10
4651 17981 10
1118 1395 8
4575 15601 7
4953 11187 5
3607 15563 6
10002 14046 2
12526 15569 8
20510 24959 8
7707 20368 7
3993 17813 3
6285 7109 2
571 15211 7
13903 20605 1
306 18826 6
1696 8136 10
9643 17365 1
4058 17620 6
6336 7107 9
548 13408 10
793 22702 5
6057 13489 5
167 2266 4
2283 20520 4
3092 19107 5
2515 14112 6
13143 23561 6
21415 24904 4
2794 7768 7
19261 21939 9
993 22519 4
15809 18612 7
16119 22757 1
5875 19382 4
279 3121 1
229 1568 6
6089 16385 1
1290 1825 7
13347 21232 5
62 17013 10
3139 3329 6
6117 7980 10
8957 10742 7
408 2881 9
458 872 4
11477 11857 8
16717 24486 2
3410 12140 6
5616 17223 3
2022 19349 8
4927 7044 7
2667 5481 8
6526 14415 10
12967 15786 9
1272 8113 7
11687 21252 2
6643 19049 5
7862 16186 8
2197 5122 2
2174 12836 10
5065 23231 6
6725 14757 4
646 19864 10
16172 24972 8
3232 22467 10
17844 21113 9
19338 22994 7
610 16186 5
4476 8513 4
13214 18717 3
1813 16296 3
6301 11343 7
16250 21969 10
186 6046 10
11191 22817 6
3457 14395 3
3500 6483 5
10322 11139 8
2510 5071 3
12109 18031 6
4535 14435 6
17575 20293 3
5190 16936 10
6690 9508 4
4007 17578 2
1503 3735 10
4703 11249 6
11340 18907 7
1813 6932 8
13366 15351 7
15721 18517 1
2061 6590 8
10076 24820 7
17226 22981 5
20027 22421 7
5716 9968 9
204 2490 6
6767 22433 1
20425 21315 5
10205 12024 3
9277 24193 3
2043 10591 4
9213 11576 4
2502 3378 10
2238 12578 7
7950 16426 2
2353 19964 8
2270 19552 9
20963 24738 6
405 5888 3
1602 13927 2
1450 1872 2
7083 20389 8
16937 19945 9
8440 10127 5
458 24752 9
3030 8684 10
361 5057 1
1981 2145 6
17054 21882 1
2363 21585 3
1671 6876 9
11560 17406 2
14395 17094 8
16544 20425 6
7606 24346 10
10523 13600 9
6448 7208 9
16122 21001 9
2715 24763 1
2323 10646 4
5056 10280 1
4186 18665 2
6040 10536 2
19176 24043 9
18392 18496 10
157 7729 7
12929 14831 1
3837 19518 4
5438 6912 5
642 9331 10
6746 6759 3
4719 21505 5
8115 16885 2
3677 5965 8
7986 23243 3
6356 8504 1
5697 17935 2
9486 12268 4
3359 21686 4
2414 9627 9
2079 21317 5
13686 23273 8
1606 2484 10
18891 21331 10
7143 14744 8
12508 18376 10
23375 23948 9
2921 9632 5
2067 7184 10
451 16634 5
13689 23705 8
4968 18537 6
8561 23283 8
493 15409 8
229 15374 1
9057 19248 3
760 8588 4
18143 18435 2
15628 16557 4
12389 17909 3
4671 4869 4
2023 15327 5
1928 5015 4
1341 7340 8
1063 6966 7
17387 22452 2
3899 19162 8
2378 22266 7
3825 17343 2
1370 14443 9
285 618 7
6579 10168 10
3263 17709 6
5214 7444 3
368 6026 4
7685 24649 5
4167 18058 10
3601 6935 1
4465 12336 10
14098 15727 10
16324 22131 9
1358 1844 10
2738 6913 6
1734 4712 1
1897 13002 7
14606 22546 3
6843 10668 1
14685 16479 6
10570 13699 1
3517 6290 4
767 17021 4
3136 16024 1
3067 7757 1
10179 15358 5
4547 13638 2
19514 24618 5
1425 2330 6
3728 5152 10
12072 18490 2
9390 16083 7
3582 6356 10
6539 23996 2
7470 7713 5
5462 7134 2
3753 13207 3
3298 17921 9
12907 21775 2
6984 11024 5
5357 9717 5
865 948 5
5274 14392 7
4904 22572 3
12716 22486 8
9673 22345 1
4154 24062 4
7278 9289 3
18528 19835 10
66 2516 1
3479 11570 10
22747 24779 6
2013 22523 4
11137 24569 4
4513 16758 1
6751 7584 1
8430 17707 5
8660 19945 5
1692 5289 7
1766 4348 1
16804 21364 4
2689 8490 5
11881 22675 6
6700 9879 5
11952 18061 5
19092 23226 8
3290 5053 9
7501 14189 7
4581 13331 3
15090 24722 8
345 562 10
594 6031 10
2097 13319 3
14298 21601 9
4476 10594 1
8000 24112 1
1320 14525 5
3120 6093 4
2518 4412 5
875 6146 6
6926 24896 2
23639 23675 7
14537 22377 3
3113 18380 4
4300 13923 6
200 812 1
21424 22251 2
11908 15522 2
17201 23848 3
123 11959 5
6072 18044 6
17377 22465 8
4599 21150 6
5372 11702 6
10367 21532 3
6564 14005 6
2815 22675 4
14619 18239 3
8110 19295 3
6478 9730 1
17153 22339 7
2590 23310 4
18641 18789 7
1188 4759 6
4501 12759 5
8515 9688 10
2662 9998 2
1251 6309 4
5720 12272 3
121 8499 9
2545 21424 6
2300 17572 10
10319 14187 2
11439 22643 3
10401 19129 2
201 3115 8
7120 18075 3
6136 20015 1
8580 9028 5
3977 8381 10
1547 8155 2
12161 12400 2
6507 20436 9
6122 23322 1
5344 8050 8
4731 5233 9
5101 11450 10
1534 16357 1
4789 19788 1
5539 18073 7
776 6259 10
3905 20563 9
6403 19984 2
2317 8855 2
3299 6574 1
2271 2606 7
23163 23868 2
1746 23219 4
2897 5133 7
3240 5009 8
2581 18551 1
15805 24633 1
17007 22070 4
1131 13355 10
7638 24802 5
2804 9188 9
2186 7543 6
11785 18671 8
1846 5349 8
3736 8104 6
2317 3233 6
492 1987 4
8209 22591 5
196 13661 6
10020 11592 7
2318 5107 9
4350 5441 6
1002 19777 6
1818 4453 10
5073 5601 1
582 18388 1
4904 5355 8
16172 22290 10
10904 20029 6
8787 14147 3
19959 20420 5
7157 22113 9
1663 23495 8
3473 10093 10
3413 4930 5
372 15823 8
1002 3219 4
4346 13893 4
7193 24131 2
12816 22981 7
11377 24377 5
18768 19760 6
6975 12932 10
20211 24628 4
7235 17681 4
7117 24569 10
9025 22304 6
1493 1751 9
13986 23309 7
6045 6117 7
2853 14693 9
5308 12144 3
6050 23614 1
5275 19697 4
2215 2453 2
1910 21782 7
479 22246 4
1670 12183 2
3134 6176 8
22355 23831 5
2626 14123 9
4581 22913 9
12229 20270 5
11345 20802 3
13049 20473 2
1444 20520 5
3593 20507 2
623 3027 8
1773 2654 9
2744 20801 5
5027 17666 3
2541 17238 2
3037 10060 4
13169 18225 8
5544 15373 6
3164 11663 8
2528 2845 9
3190 10896 10
5369 17257 5
15053 21254 4
1157 5227 9
1374 6483 7
429 18609 6
6460 10058 3
3544 12410 7
1988 21004 7
1207 3641 7
3357 4122 2
7421 20504 1
2390 19436 5
3818 9382 1
2141 7430 9
2746 18154 1
1565 3740 2
11861 24940 6
15066 19839 9
5227 8770 8
3952 4088 5
1250 8735 7
7386 20537 7
7332 22705 5
10626 17002 6
1331 2158 5
3870 7137 3
1480 21141 9
6353 24029 2
15414 17989 9
6432 15334 2
2375 19277 9
15200 18097 7
10434 12527 4
9461 19695 9
5315 6222 1
6907 22466 7
1111 1546 5
2109 23631 5
6373 20321 5
2056 6037 4
3224 18304 7
4548 6081 1
2307 11758 3
5868 22572 10
3456 12808 3
6088 24005 6
50 13463 8
9679 15952 3
2616 6934 10
16143 19368 2
1357 3707 10
1369 15353 8
15004 20740 2
22598 24443 9
4907 24077 9
19256 21366 9
3994 4494 3
4189 6841 8
209 4131 5
6828 13192 10
3376 4367 6
12152 23305 2
5976 23747 1
2645 7458 5
2675 20493 2
681 2628 2
910 19245 7
3867 15053 10
8561 22774 5
7147 9233 2
1320 17644 1
8422 16275 4
18020 18887 8
2711 13307 8
1424 6424 8
943 16258 3
1242 14210 5
18177 24307 8
3192 23741 8
935 6451 5
796 3742 5
5420 15851 2
4220 14360 3
1775 2954 5
4247 22169 6
4198 18002 1
5337 6084 6
2138 4639 9
16714 23906 3
4122 6616 3
5160 8721 7
173 15382 7
416 24192 10
1846 19260 2
6807 9888 10
7822 19260 7
2298 4932 1
5709 6147 9
666 5114 8
5684 9276 7
1903 15319 2
3411 20629 1
6563 16658 5
13455 17263 6
3389 17862 3
370 14408 5
20689 21437 3
4133 5966 4
2928 6694 8
5330 6025 5
2477 17793 6
13654 21011 1
6503 16584 4
1546 1741 10
4980 9796 3
6506 12461 9
2349 3917 9
9325 21311 1
1368 1741 8
19391 20507 4
3575 20067 1
3474 13577 8
18183 19826 5
6227 23962 10
16974 21921 5
4506 20984 7
3869 4726 5
12604 21085 9
17622 18414 9
15857 23593 7
235 7332 1
7296 7775 5
14431 22799 8
18629 23952 8
6092 12204 7
5991 10491 4
2352 8924 3
1823 16633 6
763 6819 4
13962 14814 2
5242 20003 10
1750 21666 2
4328 18294 9
1490 19098 10
3302 12436 8
5565 24740 8
11592 15669 1
3600 10154 4
6088 14301 1
5478 23971 4
7657 11062 6
8996 13377 1
6623 6685 7
2816 4482 9
5346 14292 5
2459 7077 10
21681 21882 9
6324 12861 5
7881 8099 10
3909 6190 8
6592 7033 7
17327 17759 2
2729 6921 8
2235 3080 1
99 15701 6
14069 14442 10
5276 16657 1
1606 16968 10
6210 16096 10
961 5362 9
2913 5907 5
1425 14700 1
1808 21658 7
11261 12384 3
5013 15912 5
3054 7637 9
4156 9177 1
5620 13175 7
3740 7581 8
260 6639 3
211 5127 9
6168 20073 2
10750 18318 1
841 5302 9
1989 18676 9
1908 15160 2
7248 16112 2
39 3198 6
12939 17857 10
8373 11497 3
2034 23434 3
3672 4074 4
1427 7371 1
1439 2884 6
7683 13555 6
4319 21462 7
14689 17978 4
7200 12698 3
2507 22746 3
96 15362 1
3595 7520 6
6320 21738 6
1233 3653 9
6032 16430 5
7050 18761 4
5022 6866 7
6860 7470 3
2581 3648 9
5622 21385 3
2478 18696 3
3602 7557 6
2066 4329 4
4965 7459 1
2358 4431 8
7157 21190 3
4687 13114 1
15014 15972 1
5680 23380 1
2770 3300 1
10284 17527 1
140 22934 2
14 1781 7
15240 19665 7
21316 23624 4
1518 7972 3
5167 10193 5
3424 5953 7
3413 6720 8
67 8957 10
6051 13103 1
7967 17552 1
9454 22400 5
14105 19598 9
63 7079 8
1713 12651 10
393 3423 2
6306 8872 1
5129 6665 5
560 20429 8
2295 13580 8
2613 6740 1
7535 7820 4
7445 23064 8
169 16318 7
840 3486 7
2963 4400 8
12143 14213 6
3292 3599 8
18253 24352 1
9302 15468 9
118 11763 6
5615 7654 10
1697 5941 10
1524 2018 10
4050 8076 1
4984 23499 3
100 4457 6
6769 14590 5
11532 15104 8
5460 7831 8
4011 17347 10
5250 6698 4
3229 5679 10
1218 14215 7
2150 5289 10
34 23589 1
3894 4696 4
3197 3207 3
14282 18869 6
6000 13115 1
15004 20107 8
13029 15993 1
133 10357 1
16578 17541 6
2941 15150 6
8668 9101 1
2958 18384 2
14731 19913 4
3636 16476 9
16415 20029 6
6862 21223 4
6028 17303 10
397 7882 4
5605 14730 8
4670 24049 9
7435 22294 4
13539 17566 2
1609 3748 4
6036 16580 8
194 3461 6
13157 21964 4
196 19002 8
2044 24409 3
1629 10499 4
2387 9280 1
2094 19191 2
18576 22569 8
13955 15699 10
4013 12727 1
2102 20595 3
11681 22697 8
175 3228 9
774 1897 4
4283 11496 2
314 1056 7
3986 22299 9
717 20284 5
1879 16284 7
1147 6222 3
21104 24705 1
1980 12490 9
3628 23281 10
3133 21611 3
2117 7797 5
4610 14288 10
1961 22962 1
15014 20832 7
14552 15826 8
7181 16477 10
3572 15230 2
722 4624 8
877 7041 10
21752 21861 3
299 20613 10
2064 12717 2
1587 15220 1
5682 9346 5
3750 22002 7
9475 23933 3
12849 13335 6
7170 18663 2
4684 7365 5
12326 18171 1
772 5541 8
2541 4320 3
5860 21121 7
4183 16914 8
6289 14251 4
2916 24027 6
5460 21469 1
4005 7591 6
3702 24201 8
7488 20710 3
1942 2514 4
17167 23567 4
10759 15494 5
3237 14204 10
2310 8052 10
4737 5801 10
2240 19306 6
10904 16841 2
11291 17649 3
4631 21788 10
3657 11127 4
13274 21001 8
10191 14784 1
11103 11544 5
4792 15410 1
3267 4797 6
13166 24430 7
18483 19623 1
13 11259 3
1050 16814 2
7089 22977 10
2169 3508 1
5646 10961 7
6378 24568 5
1699 20872 1
3513 8864 6
6343 20797 5
1499 18804 7
2401 4957 4
1620 23053 9
3700 20845 9
5094 23347 10
1038 7699 4
3459 6668 3
20283 23675 2
13910 16455 9
17969 21033 1
3363 3481 1
7007 11082 5
11220 24556 3
4914 20000 6
6436 10064 8
3294 20299 9
5530 22646 8
11738 24147 6
12507 13607 10
14711 17848 8
331 20123 8
5810 7717 7
3409 4934 4
2375 4399 3
5517 19390 1
6601 15941 6
1332 7516 3
120 15651 4
5715 24154 8
3029 4024 7
11302 13601 5
13022 24886 5
1642 7197 7
7694 12993 4
17265 17509 2
4940 13745 3
7683 23036 6
1884 11638 5
5681 22683 9
7483 18184 2
3733 22697 6
6658 23955 8
1631 24708 6
9963 20308 9
6435 16561 3
1793 3187 9
2519 9029 3
12399 21790 9
5078 22456 5
3550 19770 2
1561 6678 6
6165 20603 3
7633 19229 10
1531 14446 2
5110 12946 5
12429 19217 3
4967 12981 8
2099 13888 7
61 3634 9
5065 23942 6
6449 16038 3
5951 11395 3
6366 7303 4
10729 15508 8
814 22872 5
3521 7055 9
8726 11112 2
11596 13249 8
4847 9616 1
15657 21481 2
498 16306 8
2862 3263 4
1425 2417 7
5675 6702 6
4153 15670 9
2588 24032 3
4521 8510 10
8043 11678 3
13594 14226 1
3489 5560 5
605 9031 4
5483 22734 10
3634 20971 9
10253 14261 6
9559 9699 3
6587 23746 4
12227 20408 2
1139 2514 2
1661 22452 6
1959 17370 2
4207 4997 4
4213 4491 7
5163 20868 1
14780 15776 9
12473 22113 8
2504 17888 5
223 1904 1
6650 11980 8
4443 8652 5
8460 21188 1
5004 18012 4
7050 7745 6
7499 10141 2
876 17999 5
17935 17948 9
12269 18770 6
3905 14487 3
2894 4337 9
5564 18924 9
6543 22291 4
5323 9935 2
15660 20489 9
4338 7953 4
7346 18278 4
17972 19816 7
1594 2462 1
2955 16100 3
7345 24815 8
2098 5137 3
4508 23684 6
1351 8091 9
11084 11135 1
3212 24835 4
3383 14819 7
419 7386 9
6950 22555 2
2216 10487 5
2528 4370 4
16501 21082 6
15938 16776 2
5206 7330 1
19148 24369 6
8336 24229 2
3148 18736 6
13789 16266 10
4625 13246 3
876 7172 1
17182 17504 8
14398 19041 7
3353 6488 1
5483 22260 7
12861 19338 6
1941 17700 7
7442 16432 9
200 24873 1
13809 21340 7
5597 17833 7
5940 17581 2
6680 16062 1
319 19659 7
2828 22777 3
3677 7484 2
10211 12604 2
13516 14273 7
4015 20247 7
8795 12534 2
3850 24552 2
1698 2736 6
14994 16760 7
16496 18431 5
596 11797 8
6309 9030 2
16929 23451 7
2433 6012 1
7155 16584 9
1329 2027 6
19730 23263 6
740 16284 1
880 12794 9
18605 24059 9
5961 11851 2
248 5204 7
7594 22795 7
4181 4540 9
1204 17531 9
12910 16499 5
3269 5971 4
7265 11014 3
7108 16515 5
5009 19291 3
22351 24440 8
1288 20045 2
12711 19172 4
1901 11425 2
20785 21776 3
2415 11411 9
7245 21102 6
9191 10370 2
5801 21076 6
7979 16627 8
7105 23669 6
337 2106 9
3097 4170 10
371 1600 5
6261 17876 1
1155 20141 8
630 1614 10
13726 24551 2
2083 8075 2
2548 5873 5
5411 20133 3
2961 3771 5
613 4041 2
5156 5311 9
462 5164 5
4791 5463 8
7193 7338 10
85 16419 6
7222 15506 9
3861 13363 4
8680 17619 5
631 2027 6
1688 23292 10
603 6741 8
17370 21971 5
6604 20420 4
7857 14223 7
306 4063 4
5152 5405 5
16940 21226 7
17471 18103 5
17819 23885 4
13941 24612 10
12878 18339 10
1325 17199 3
4521 10343 7
22418 24197 6
3072 16894 6
13311 22689 8
528 3133 1
848 6936 5
2736 5216 7
4335 21643 10
1518 13923 3
12127 21974 1
1415 7611 5
6743 16589 10
556 4979 9
4168 8456 4
12534 17946 6
1285 22259 1
7077 15065 5
18925 24683 4
14707 21722 1
5863 6899 2
3225 6001 2
3876 23829 8
1972 14723 4
58 1928 1
11223 11882 9
7391 21822 4
7997 18222 7
5420 6490 2
200 22388 10
1861 14014 4
10855 19801 5
741 21193 7
20211 24640 10
7681 24398 5
6855 7600 3
4035 13963 3
13984 24334 9
1814 23350 7
2103 20432 9
686 24363 9
1237 7452 1
3217 6137 3
9400 13504 5
2463 24302 7
3548 6008 2
3013 14815 9
5487 8274 10
9509 22403 1
5042 6641 9
1219 18475 5
12020 22988 1
6902 22606 1
5846 20926 1
3404 13062 7
162 12648 2
6566 24172 7
15463 24516 10
832 8258 2
7483 12947 5
12195 16713 8
601 6476 10
20092 24265 5
2451 6516 10
5859 20246 5
17181 19609 9
12103 15218 9
90 21241 7
1540 19138 4
5022 19608 9
1815 10165 7
5529 16201 5
19 15649 3
3285 11573 6
2027 5808 4
17221 20992 8
4146 5107 2
6215 11813 8
681 8502 7
6530 16576 7
5700 20198 5
6135 8006 5
3836 23466 10
7891 14244 6
9741 9915 9
242 13555 3
5949 24456 5
3557 22157 4
3602 17099 8
1328 23256 2
10804 19457 10
18339 22438 7
115 4462 3
5813 8197 10
6548 24985 3
861 14530 10
20232 23860 5
12465 21019 2
6140 18822 4
5565 23700 5
11347 20742 4
701 13840 10
3810 6541 3
1863 22037 3
5950 8174 5
4068 21754 1
13285 16213 2
1270 5827 4
12070 12572 6
15809 18272 5
1021 10540 9
15711 23367 9
14852 17087 6
21987 24314 2
2160 5167 7
270 10611 1
5783 16847 7
8391 13681 7
1562 7506 6
8222 23562 4
1922 22931 7
7074 18459 7
4564 7993 1
17157 19949 4
9012 22983 10
4415 24692 7
2126 3648 10
6477 13099 9
242 13781 6
5947 19750 10
2897 15653 6
5966 19765 3
3624 17798 3
807 1071 3
2678 21800 1
13610 23128 6
241 375 1
2017 21617 5
2712 19111 5
11818 24754 5
1787 9531 3
10395 23398 6
2077 4750 4
3284 20517 10
7094 23830 10
4354 10777 10
1792 10242 8
1598 2057 6
11148 16777 6
3916 14629 7
11486 12504 7
2294 9973 4
10146 15470 4
11092 14465 4
10100 21007 6
1273 14561 3
6917 11239 4
5832 12974 4
8063 9911 3
8614 15820 7
10274 10433 5
1414 2422 8
3112 11579 1
1070 3697 3
13695 17551 6
6832 19885 9
176 18055 4
8165 8576 8
1318 10170 7
646 4891 7
13704 17809 1
13961 18493 1
448 21129 4
2086 4647 6
424 645 10
4763 22282 2
618 10964 2
13653 19666 7
2787 7354 1
5844 13050 10
1853 4331 10
5001 5354 7
376 1628 8
14441 23305 3
5893 7364 3
7186 19757 5
806 1687 2
6760 8185 8
20600 22828 7
7700 14803 8
18372 24880 6
143 12606 10
14022 23840 9
10993 24644 9
4585 20705 8
12314 12436 3
5863 19944 9
1678 9879 6
3355 10818 4
1040 7004 10
5082 9147 4
15153 24873 7
91 18245 4
4544 10349 10
1895 2499 3
4015 5334 6
4536 24438 1
2564 21511 5
21043 21045 9
16275 20230 3
6538 19129 1
13143 24538 6
107 7386 9
5006 20887 10
10936 15997 1
14163 22907 7
357 7129 7
13086 20237 7
2894 3471 2
3334 8425 9
8064 11258 4
10867 16672 1
5133 16357 3
10564 13309 4
4400 9883 4
11974 12669 2
4485 6988 4
6999 24697 3
950 9013 9
2880 14501 5
327 14830 8
2089 10959 9
3945 20756 5
6011 6465 6
6846 24975 2
5717 20432 10
2094 14491 3
11142 14275 5
1783 14902 7
2924 24869 1
12467 20456 5
10789 14723 7
282 6567 1
9648 14710 10
1626 22618 6
6931 11267 3
2003 3127 3
3485 23242 2
14063 23488 1
1628 8492 9
5737 23625 3
4815 18116 8
10268 18762 6
913 1065 4
4163 18701 7
7638 13320 4
3791 14953 4
21890 22070 5
4098 4498 10
2634 3946 5
14821 20429 7
4071 16285 8
805 14693 6
956 5302 9
1943 12972 8
1149 5068 10
5832 22655 3
11658 12849 7
3382 8264 1
3000 4289 7
9991 20117 1
2688 22216 8
346 6436 7
3608 11046 10
3567 19194 7
14423 16487 3
17176 18870 4
5383 23416 5
8757 23947 2
2151 4318 4
14166 21287 6
8134 14274 4
6729 23924 6
805 13114 9
6252 7334 7
6089 13517 6
1760 22781 6
3273 10987 6
12866 16691 3
15306 18264 5
17437 20937 8
1630 14694 3
7020 21255 7
781 3286 1
1494 19379 2
9929 16583 6
210 5043 8
3284 3619 2
5164 16683 7
23974 24154 7
7108 17111 7
3425 15684 1
4051 11393 10
260 16188 5
4705 22264 10
5620 20037 7
11855 14308 5
6598 18756 3
9445 20901 6
9509 12667 7
9701 10831 8
1974 10017 7
2630 5633 9
2823 20922 7
12460 21705 3
7737 22312 5
9076 11087 3
4735 24119 4
1942 7044 8
4219 24151 5
6143 13876 1
11095 18620 4
2888 3330 1
12243 16101 4
8252 11842 10
303 5819 7
7313 22803 7
7548 19439 4
15958 21821 4
14987 21013 2
4270 24741 1
2200 24004 5
18792 20220 8
691 6745 4
6887 9530 8
5791 12010 10
22338 23363 2
11505 16697 9
3674 19739 8
6909 23666 6
16864 24408 5
12667 23095 9
13762 21016 6
14302 16881 7
5548 19721 2
1937 5939 8
639 2948 2
6740 18175 8
3147 22239 9
19563 22078 1
7279 23911 4
12927 23754 5
1550 11947 2
2202 6614 7
2250 20581 1
694 21999 6
7263 7876 10
2436 19110 7
9403 11255 3
4135 14989 7
22551 22614 6
3721 7504 3
1688 24094 10
2376 7655 5
13635 14323 9
4199 14281 1
1883 16332 1
6129 19778 1
859 22175 10
5722 7503 4
6601 15192 10
5422 22307 1
3467 7327 5
7187 7216 3
2176 5892 2
1999 20341 2
8954 23574 1
17819 23678 10
174 24960 9
5066 17448 10
5457 17727 10
157 9916 7
6478 7819 9
6383 20538 7
10519 19520 8
4502 7983 10
3331 18115 4
16628 21065 3
10743 13245 4
14384 21160 4
4511 5181 8
4120 13416 4
5103 11126 3
1465 12324 8
8339 9914 4
3729 19279 9
3774 7583 5
5234 20541 10
7463 11621 1
5329 6181 10
13135 18103 3
21504 24806 10
5548 9403 1
10581 17255 2
4076 21785 8
14310 17661 7
4835 21790 8
5947 19378 9
5694 5921 9
14903 24353 6
439 7111 7
259 4855 9
3907 8025 1
3463 13509 7
914 22977 3
3610 5312 7
1050 19788 5
13295 15288 2
2124 7394 7
5407 11129 5
1194 4396 1
1633 2950 3
6087 9241 6
7595 12511 10
4268 16660 2
95 7220 9
4133 5917 7
2613 19188 9
4080 21042 8
2093 9877 3
9711 14553 3
1282 22247 3
207 17451 5
4826 18935 6
7664 14789 6
160 6099 3
5324 12102 3
8842 20379 2
5003 5360 1
1171 2632 4
3226 17648 5
3687 10066 9
3203 15065 1
3760 13855 3
610 20541 7
1787 6864 5
9 20396 4
1777 6771 1
5509 14416 1
546 19077 8
18804 23228 2
7512 9239 4
6077 18966 2
3505 6269 2
17414 22939 4
81 21736 3
3585 22319 7
3929 16682 7
5832 5957 6
1361 7119 9
3663 5951 10
17354 23079 10
6276 13016 9
1941 11136 6
3956 5131 7
1169 13664 4
7613 9857 1
6966 20727 6
4834 4895 1
1237 9152 9
4533 4953 2
14261 19817 1
9797 19373 1
7129 16715 7
3844 15011 7
6628 16025 4
1117 19851 4
1264 6503 10
25 8381 10
964 21107 2
7480 16068 7
7700 21136 4
8695 20571 5
3429 16235 10
4952 6402 5
2151 3029 7
3736 11429 9
1813 6871 2
4100 10999 2
7643 21098 8
971 15105 7
19057 24326 5
2940 19556 2
129 5124 9
7271 14424 9
10913 23529 9
31 15126 7
2941 8795 5
2282 4573 10
21 15076 5
552 3228 8
2942 15264 5
5766 15967 5
901 17049 3
5869 16801 4
14046 15682 6
608 3959 5
2535 8498 6
2201 18222 8
15915 23386 6
7354 9334 1
2201 3521 10
5241 5555 4
2624 19784 9
7194 14069 10
7675 13265 3
12557 21582 8
17938 21489 3
2958 3574 5
1325 3040 7
1006 8670 2
1151 13033 7
17286 19068 2
3025 5923 9
16339 17310 5
14537 18394 1
5915 7846 10
19695 21018 6
1164 8247 2
5150 15014 2
19988 23310 2
1376 10464 1
8956 19380 9
7043 22466 3
6126 20707 2
101 11990 5
3720 7199 1
12145 24022 8
3855 14334 7
2521 2610 7
3966 22967 8
5878 14242 8
18378 20421 10
2643 16269 8
19406 22495 4
5884 16357 7
792 16493 6
5889 24689 3
5168 21759 8
6248 15696 6
177 13037 8
13868 17446 6
1466 19935 8
3632 3742 2
12147 23137 7
5247 6169 10
5541 5786 9
450 3547 6
12087 20988 10
1598 7178 8
5259 24047 3
4579 15884 2
4935 16008 4
1979 17576 3
9312 12384 9
233 7701 3
9003 10267 9
12637 24872 8
2332 3880 8
2497 12302 1
2075 7421 8
6880 13172 1
2859 16735 7
2710 12329 1
6995 18292 8
4768 15077 8
16480 16757 8
2209 13215 3
10518 11373 10
1996 13152 6
1723 2666 10
1316 14875 3
1695 23733 1
2523 23801 3
4350 21604 7
5744 13717 2
1536 13756 5
1215 18452 1
4370 10027 9
136 7957 5
17041 24403 6
2570 8358 3
4119 16018 8
9952 21511 2
13365 16400 9
12004 24972 5
3736 5634 6
1903 14855 9
4831 9537 10
6073 7938 5
82 6995 2
17910 23379 10
14622 17243 2
1433 13180 5
6532 21040 5
2116 15781 7
937 13821 9
1824 21475 7
4787 10307 9
6023 13742 9
4066 8106 2
4002 18783 9
5621 6721 9
9019 24554 7
3294 8695 10
3229 13990 5
6083 16308 9
3273 14045 8
7314 9551 9
3974 6870 4
491 5678 6
5521 8358 4
757 5215 8
5897 6295 1
2093 21786 6
167 12014 1
12381 13814 4
4060 23116 10
9811 14899 2
16553 23964 10
11659 16706 3
3763 12515 2
2278 20285 10
4559 20855 7
18040 21551 3
13516 17376 7
17386 24867 1
7376 16504 1
14690 20890 1
4044 4342 5
2725 5643 7
20910 22346 6
5856 24117 6
10502 20994 6
9426 12247 9
2357 6094 3
12794 20376 3
13323 21676 6
11650 13727 5
4211 13254 3
15570 23610 1
6240 10725 10
11086 13941 2
3349 9624 5
5612 12377 6
1314 6152 10
5596 8059 10
4978 22375 8
9257 12707 6
1730 8064 2
11145 11602 10
10907 19722 10
10803 12530 2
3627 14164 1
2660 16897 8
14001 24738 9
4899 12367 8
585 9185 7
1415 3677 8
2665 20064 7
18712 21633 5
4910 5876 10
10583 12283 5
5150 11692 9
6361 17776 8
11502 23820 5
4822 8968 3
6068 9301 10
2111 2427 9
5806 22586 1
14246 22546 4
3141 4537 8
5742 21501 7
1117 17727 7
4060 9743 2
4153 17487 9
8699 13721 5
3239 18278 10
19544 24183 6
7520 16611 7
4739 21586 4
4199 5145 1
563 6329 10
19464 23069 6
2159 16177 3
2520 13308 9
6592 14499 7
6600 13115 3
311 4467 3
450 12085 9
332 3893 8
5903 7401 6
4963 6980 3
12679 17836 7
12195 12344 7
21002 21718 1
9746 23515 3
942 16698 6
1833 20037 2
4783 12575 8
12383 19038 4
26 8739 10
11255 22331 8
829 24551 5
1672 15848 5
12309 24326 5
6087 17083 7
19762 24867 1
8103 14780 1
14045 23331 3
3286 15146 8
8353 20338 7
15643 24350 3
5118 5179 9
12873 16054 4
166 6151 1
14713 15255 2
13251 24291 6
6613 7498 4
4516 6296 6
1741 5036 9
936 17267 9
3788 20682 8
7660 15822 4
3346 19673 1
11822 20102 3
1236 1482 8
7215 24990 1
3421 5590 8
4441 12254 5
2431 13874 6
1462 16174 6
4167 4740 6
12034 24254 10
3150 3475 6
1513 18276 3
11720 13356 2
12895 16929 10
3945 4303 3
1943 7704 3
4357 6700 3
3273 6907 7
7720 12136 3
3285 5803 9
10012 24498 8
3016 5053 6
1562 2986 6
23444 24880 6
12936 18874 9
6170 10483 3
3360 7270 5
10012 11372 9
7592 11772 7
4306 4659 3
6557 20852 6
9121 21671 4
7276 19243 8
1231 1937 2
315 2557 5
1241 7158 5
11806 15468 1
2071 19164 3
4059 11802 3
3569 6032 8
2251 19595 10
2950 7514 5
3716 14738 10
6893 17338 4
159 23500 8
22268 24969 1
2212 4783 1
6007 11342 3
3796 8515 9
1608 17257 5
19006 20619 8
5913 6491 2
166 5478 7
5910 6501 9
1261 4335 7
1225 18322 4
2860 24884 9
19625 23824 1
181 1933 10
739 6298 7
4136 5340 4
8462 9049 3
906 1471 3
9984 24034 7
366 939 6
5540 14495 1
13215 13404 10
9252 19268 4
3982 15253 8
1344 14064 9
4313 17834 10
13336 21270 8
3690 6689 1
6119 6244 1
7175 7278 1
5103 5421 10
3686 21403 7
7740 20987 10
5777 15507 6
7760 24119 2
4185 9194 7
9917 12323 1
10762 13048 8
4871 14958 1
2224 10003 8
14500 20768 10
18111 18639 1
3234 6232 8
1005 19868 5
3924 18629 2
3646 23059 2
5244 16089 7
3038 5773 8
3093 18843 6
43 19813 8
19286 20073 8
3639 7277 8
16583 25000 10
6925 24794 2
4638 14704 8
7614 7687 1
15105 17064 7
9320 14669 4
13264 16995 1
5017 8859 6
191 2742 5
21479 24674 10
11151 20051 10
9894 22742 8
7035 19758 6
2237 6896 4
6442 20051 6
7640 9815 10
2817 7861 8
11102 13526 10
96 7020 1
2963 9352 1
7134 7930 2
6795 8111 1
2711 2803 7
7683 11915 1
15354 24805 10
3524 3562 4
5942 19304 2
7273 16014 5
3357 14706 8
2397 7465 9
2829 23139 10
4951 8783 2
6311 9893 10
2598 4477 6
7444 9310 10
3789 22387 8
1338 1930 4
4633 21183 6
3646 5170 4
652 18580 8
11156 15223 2
1734 19492 1
13125 15861 9
10 20394 2
153 9809 2
2159 15308 9
12790 15680 8
3068 14423 6
2741 3385 6
7432 10238 2
3651 22710 7
3319 17639 1
734 14985 4
19598 20203 4
21300 21773 7
5615 6998 5
2908 18886 8
1950 8968 1
19507 23734 2
8341 23010 5
4227 8433 3
1482 20912 7
12510 23976 7
5996 6283 8
19029 20366 5
12151 12281 8
3651 16481 6
13180 21914 10
15454 24876 6
4193 10709 4
1430 2360 6
1935 16705 2
9234 22548 4
3949 15074 4
7198 20118 10
6982 20276 7
2220 7181 8
19552 23737 8
1493 19319 9
2920 24350 2
3526 16336 8
4533 22372 10
15721 17963 8
7811 16222 3
6336 9153 8
7902 9413 7
6003 16708 9
1310 3763 4
856 6465 6
2753 3187 7
8710 23488 8
7323 17195 2
11443 18783 1
1284 4544 5
3544 17424 6
741 7555 9
18522 19696 4
8927 16589 3
1284 16055 1
3809 20698 10
9335 11677 5
7812 23459 6
7661 15677 6
2330 8952 9
336 16685 4
10772 23732 6
514 6534 2
7516 18233 7
1398 14841 7
5756 7289 4
13117 15280 6
1058 2670 2
1699 18037 2
10679 21765 5
14093 19064 2
10773 20872 1
6939 23331 1
3676 4098 10
2557 23162 4
3467 13420 10
988 7721 5
2869 19233 8
20444 24808 8
1384 1602 6
1789 6104 10
8435 15714 7
3702 6487 9
12752 22768 9
8450 12856 8
13082 14047 5
1323 11798 2
581 14358 6
3007 7601 3
8577 15905 2
46 23528 8
359 2978 8
11359 23491 10
16948 19058 2
1897 2861 1
6821 17976 7
3743 3807 6
12210 14348 2
5283 24847 4
5732 9437 8
1142 4020 9
2796 8283 10
7199 11836 8
9302 9358 3
2938 7979 6
2223 3821 5
8416 15149 3
8413 13156 1
7166 23489 5
2867 11560 2
13412 21778 6
3336 9450 7
11739 19862 8
15174 22845 2
6764 18346 9
10761 22222 10
3453 15941 3
4175 5808 1
14038 19439 1
3041 23091 4
2451 5228 10
4273 19269 2
19704 19931 2
14798 24245 2
4274 24778 2
9498 21278 5
2067 18443 5
2106 5441 9
11621 14812 6
1389 13409 2
3874 8456 8
2910 8981 9
16192 23702 5
7390 15053 5
2830 22931 2
3581 11655 9
3215 8249 8
21216 22988 10
14343 19636 1
12506 13813 5
5661 17599 7
3258 23595 1
5894 20154 1
5429 9284 2
7730 18889 5
5445 18268 5
739 24439 4
11974 17503 7
1052 18736 6
1110 2055 6
5030 22328 4
4200 13390 7
17546 23111 4
8458 22380 8
24099 24436 9
5236 6628 1
88 24890 8
10397 21809 10
5271 14280 9
8125 15473 9
6674 23658 2
6057 8821 6
3568 5704 1
5078 13333 5
2192 7594 5
4613 18233 1
3495 5532 6
5091 11201 4
7902 9607 2
11870 15841 5
3948 20389 5
1121 17510 9
12775 20960 7
2038 7422 5
19 8730 10
1782 9230 6
726 6829 3
3203 10442 2
5275 21985 7
3036 15520 2
9679 16144 3
10975 13700 8
6192 19942 8
6529 13120 3
4732 7042 5
358 21770 8
8483 24528 9
548 20012 3
4621 6001 6
4898 22166 7
2864 21683 1
1534 7385 7
1510 6745 10
4373 15677 4
14687 21257 3
5108 9439 10
4188 20307 9
5898 11081 7
7054 24893 7
1628 6579 9
5602 7852 4
6746 19186 2
11556 23412 8
20050 22945 10
20535 22016 1
459 2476 8
8682 10088 9
5307 19459 5
4269 16317 2
4996 6915 2
21512 22960 7
7035 9262 5
3053 8190 3
1123 14766 10
6025 18634 1
203 3899 4
5390 14975 2
21074 23779 2
2567 11721 3
6263 6853 2
3261 19512 2
2870 13162 4
371 13509 10
8864 14837 4
536 5239 1
524 5890 2
109 5184 3
6114 13760 6
17972 22809 10
2150 5754 7
6974 8075 10
2269 19222 3
149 7348 9
1897 6411 1
4907 14779 6
4105 12322 2
3445 16070 10
5324 20394 8
10637 15070 7
344 20164 7
1079 17378 3
557 22122 7
2043 4774 7
974 2568 1
16 270 8
10573 21523 5
9810 23165 6
1560 13709 5
15382 24186 7
7621 13902 2
22398 23605 10
7180 8935 1
3253 18773 4
16513 23883 2
5073 7118 9
623 1737 3
15400 15711 5
5928 6351 6
5578 7099 8
14010 20255 4
223 6212 10
2175 2654 8
6091 17330 5
1868 20172 6
813 10202 1
1639 4854 4
946 4313 2
20581 23425 9
1848 12461 2
4723 18295 9
15539 22098 6
241 16135 9
7523 18491 10
14497 15070 2
3697 11852 2
1311 24579 6
1888 18484 3
2571 8853 3
6985 9855 2
5358 6871 6
351 6502 9
4536 7332 1
12781 16970 3
3530 20764 7
4820 19024 2
10462 19893 2
805 17962 7
10627 22285 4
19509 23465 4
127 905 8
11952 12762 1
2660 21387 5
7636 24255 7
6699 24176 5
7476 23787 3
7237 22113 8
2660 17683 4
2027 7958 1
11233 14640 2
14493 17239 7
2906 5273 4
12021 16933 4
4383 23442 5
15675 15751 3
3737 13169 5
1246 13318 8
2083 17794 8
1372 1794 1
4190 20220 9
603 3612 8
2525 20209 4
4296 22294 4
5419 16915 3
34 16190 10
10697 19914 1
1702 9286 6
8391 18565 4
6134 16122 3
16055 22564 9
12277 17017 9
5226 24722 6
2662 3376 10
1270 4699 1
1454 24926 5
5080 22996 9
2774 21994 8
1790 16705 2
17810 19332 7
11226 23769 8
1809 10919 3
1824 2375 10
5187 9019 5
12679 20191 2
2381 4714 8
8281 24741 10
7920 22624 9
17259 19626 10
2755 13053 7
287 1138 4
2897 21432 2
4120 17761 9
12981 22906 4
5945 8075 7
1099 3621 9
2881 18200 1
16753 24316 10
4345 24502 4
15539 23754 8
4127 4136 1
14668 18916 3
6777 10158 1
9414 16860 8
1243 3172 1
1334 18868 4
767 12127 3
14544 22568 8
10563 23530 8
414 4273 9
12385 16140 1
9493 9938 5
18371 19374 5
11080 14889 5
7751 20342 7
2757 14726 8
13315 17756 5
1383 2464 8
227 22171 10
4121 6491 10
1701 11570 7
5860 13949 5
1361 19480 7
1701 19790 1
7600 17840 2
687 2849 9
389 7689 6
1332 4720 1
2405 6170 7
15000 18493 3
3492 8646 3
385 13376 3
5341 7058 5
9561 12877 6
12104 17525 10
7594 8016 6
981 15422 7
10006 23103 9
3285 10441 2
7705 15219 6
5057 9486 7
4560 17085 1
5869 6308 10
972 14022 7
12906 20569 1
1994 21178 8
4309 11821 4
14501 23950 10
7340 21392 7
748 3784 4
9244 19363 6
2839 5431 6
5706 7013 4
471 1523 7
2596 12521 10
1253 5808 9
2789 4916 10
6266 13599 3
18512 18966 2
8935 16466 5
4317 17547 6
6198 13834 1
434 13988 6
12609 14401 6
6742 7127 6
8235 10356 2
1982 6352 2
4318 7274 6
1301 22896 10
7393 15862 2
9909 16445 7
17358 22898 10
415 4019 3
6820 18217 1
1120 17106 8
7813 19553 9
1107 7524 2
3424 22754 6
9148 10155 8
11394 21292 1
4243 11899 6
4962 12884 5
7020 17471 8
2160 5524 5
1229 16690 1
762 12094 3
13382 19655 2
8873 24333 6
2600 16867 2
19853 24405 6
10688 14285 2
3488 6000 7
15913 21419 1
13086 21975 1
4991 12594 3
137 19044 3
425 8854 6
650 7314 1
1438 23426 1
8513 9755 6
1579 23843 4
1955 23324 2
12539 19615 9
5673 14097 7
1485 22249 4
5560 20908 4
5288 11417 2
6951 10124 1
5651 23884 8
1313 13353 9
5443 12185 8
5522 21076 9
10109 20583 2
6134 10262 5
101 22971 1
1515 6270 2
226 23972 5
487 5158 9
14910 23659 10
3386 4005 9
2184 9829 4
7184 19523 4
13281 18520 10
7276 21981 9
5759 16635 10
119 9517 10
1206 9726 5
8257 13619 4
2670 8600 1
6255 20296 7
2074 6379 6
10733 18711 4
351 4991 8
10254 13640 1
882 19034 8
1840 12821 3
3402 7720 1
3643 18441 9
7327 12199 1
518 7196 1
6162 6839 4
6254 24278 4
7887 17347 6
2475 10573 2
3433 22374 3
5212 23723 2
4198 13898 7
599 4427 1
15072 18379 2
3990 12459 9
13740 22124 9
2350 7256 2
1627 5413 5
1829 4289 1
11145 15474 7
13345 16529 2
7494 24614 8
4583 18607 7
6607 15648 3
3029 17265 4
3760 16362 2
4508 18050 2
10353 22538 4
10636 18055 4
4097 5084 2
7478 16316 8
3572 13353 5
7685 8497 2
10793 12215 6
4402 6377 2
8162 18927 8
3205 11125 8
199 21055 10
186 15559 2
549 9722 4
7423 15543 3
4543 5241 10
11402 22883 10
4855 11938 7
20940 24149 1
6782 6824 10
1526 4901 2
188 9608 6
7006 21527 5
2069 22976 9
5118 5185 1
4095 4708 8
22168 22404 3
437 4356 7
6132 22398 4
2651 9111 2
4491 21065 6
5451 23392 4
4172 5629 6
2691 12856 3
6950 15153 8
13248 20394 9
721 4028 9
4783 18625 1
18365 21450 6
10251 18188 7
9377 24380 9
930 19584 7
7505 15298 3
10923 21627 6
1734 7219 7
6770 7073 10
4024 23015 3
240 14478 4
8684 22572 2
4120 4691 5
12855 23862 8
4631 15603 3
6408 15852 9
2122 8297 8
9967 13717 3
6874 12911 5
5668 11487 8
19079 22138 8
799 5010 1
10412 13764 9
133 1707 3
14683 21233 5
11981 15399 10
9489 24128 5
3388 12620 3
4831 13517 7
13757 24546 7
2638 24985 6
2288 6455 3
2779 3700 3
1205 6826 2
20800 24463 10
4882 24011 9
7051 21822 7
18550 24688 2
17923 21557 2
21848 23635 6
3009 23695 3
12687 15262 4
3832 8207 7
463 1033 4
6778 24974 4
6324 22091 8
2882 22049 5
10071 10091 4
9066 24980 7
20455 23875 2
3747 3917 4
7797 18441 10
5770 22835 6
3593 5509 4
2795 21686 4
22971 24086 2
6663 11400 2
18654 21059 8
109 21550 8
4449 5066 6
12471 24865 7
5354 24788 10
12540 22886 7
6206 15553 3
1659 16687 4
2015 4352 10
3747 19148 5
6786 8428 9
784 22334 9
5611 12119 3
8048 8158 6
886 19312 2
4012 24080 8
4114 4554 4
15078 22441 8
1076 14488 10
1601 11798 3
4990 5152 6
4101 17304 8
14783 21016 9
19389 24480 4
14245 24723 6
4807 5144 8
6779 19254 10
4279 9920 9
434 6531 10
539 2036 4
7449 14131 4
6665 11672 7
4066 4423 3
2525 9230 3
6944 15628 8
3402 11404 8
6255 7275 1
7850 9539 8
14639 16198 3
5325 16700 6
3572 23778 2
2175 5682 8
9014 18338 9
3526 23003 6
4401 12575 4
5150 11609 4
17036 23144 9
6480 13721 8
7725 10906 6
11422 22068 5
169 9459 9
5954 21837 7
19028 21967 6
7525 19632 6
21372 24070 8
2045 14523 2
21863 22293 2
6215 9431 4
6699 13930 9
3973 17977 2
555 579 3
5435 8147 7
10391 15707 4
11975 19013 5
16098 17146 3
7896 11896 4
9052 9516 4
101 23672 8
11191 17412 6
2900 18586 4
14043 18510 4
3478 6078 3
15410 20627 1
2257 10441 2
6244 23142 8
2112 3849 10
16466 21125 2
4182 7020 4
1518 9367 4
13271 14902 10
12351 15751 6
10514 21114 10
20627 20910 4
979 5407 7
1174 6511 6
3106 20921 9
13358 18150 4
12847 13928 8
1054 2394 8
6963 19428 8
448 2578 6
563 5968 1
7147 22564 3
5078 20196 6
4070 7300 9
7713 21574 4
14971 24463 4
11270 14723 1
5019 12022 6
4817 14854 2
4144 24417 4
21492 24698 7
7688 12477 10
4963 23736 10
6871 22603 9
13258 14891 3
3379 24321 3
2047 20784 1
23407 23616 1
1088 15615 1
19540 24373 10
15463 17411 10
22118 24986 2
7407 20531 3
15140 19605 5
1252 17875 2
2644 3952 5
8490 15238 7
23125 24968 9
1690 3151 5
6065 19091 8
6770 10854 7
716 6114 3
1651 5076 7
6914 17040 3
17947 19036 3
16939 17360 10
1774 24914 9
61 15519 4
3336 6047 2
9319 11047 8
10949 12165 10
2791 5270 7
5722 14123 10
9666 17868 10
5500 21361 5
666 9342 3
17116 20549 6
2837 20827 4
2374 20293 1
13639 23306 9
276 6725 9
2230 22008 5
3167 19415 6
8161 18956 7
13787 20673 8
12497 14126 7
6097 12275 9
738 3222 8
1741 2264 1
5899 18464 5
5558 7978 2
4880 10238 5
2022 9869 3
6834 21032 4
9221 21659 9
14984 20966 9
6938 7141 7
17277 23428 9
19235 24831 3
961 6232 4
16212 22110 1
5897 20007 7
2605 6139 4
19443 22611 3
5643 20024 5
3381 14593 7
443 14497 7
1800 10172 10
5151 16655 8
1922 24560 10
5295 7494 2
8090 21234 9
2064 10333 4
99 17882 6
7395 24438 1
2665 20558 3
8989 16886 4
16962 18719 6
5542 16127 6
2278 15636 2
2106 4830 9
10671 16033 5
1146 10736 10
4220 14717 5
4043 9259 1
16028 22700 10
15043 21939 8
1606 5942 1
18967 23372 3
2432 22343 10
3637 12144 3
12942 17676 7
5334 15172 2
17336 23213 4
2975 15103 6
6488 21533 3
5204 9395 1
856 4012 5
43 1738 3
18219 24013 3
1664 6572 5
6645 19865 4
17425 24973 3
16040 19848 4
4846 5454 5
1587 20820 8
13670 15607 5
611 23576 9
10753 14911 9
5463 15576 3
10579 15004 2
20022 20795 2
713 5457 9
4717 24622 3
1220 24565 9
14663 22844 1
15917 16620 6
1653 13104 2
2975 3005 9
3208 17147 5
12168 13097 7
9421 19660 7
3657 11021 6
6813 21305 8
4279 15919 2
9750 23666 7
4980 16683 6
4357 23844 5
1286 6708 10
6164 7653 7
3726 23230 10
6074 16337 4
16016 22938 9
4398 15844 2
2476 13936 6
4332 21026 4
1689 17461 8
8637 15056 9
7155 20966 3
11668 12406 5
2323 11550 10
2497 18769 3
5256 21075 4
15865 23388 7
16380 21615 5
3221 17184 8
16765 18406 2
1003 12176 5
2850 24533 5
1200 12940 6
2831 21703 5
1560 11412 8
6442 13096 3
7774 10094 10
9826 12894 4
12823 24966 4
4434 11566 9
3065 18925 1
4741 19413 5
21280 23315 5
172 833 8
305 4650 4
6715 15195 9
2297 3828 1
3161 11064 2
21192 21894 6
184 10823 4
8663 13086 7
22064 22962 3
2007 21612 3
686 15534 8
6212 16034 3
3652 14002 10
5316 19684 4
2645 5970 9
151 17721 4
2468 3959 5
4135 7279 9
9716 9900 3
155 18449 3
6362 15291 3
2755 23448 3
3708 23555 5
4378 7684 6
11917 20418 1
13954 14809 8
8971 24687 2
225 21726 2
344 17734 7
7151 7219 1
3758 21008 7
13865 22328 4
1194 1924 1
728 23212 2
2171 10482 5
5257 20335 6
1274 12912 2
6099 7192 7
3004 16236 3
1526 4544 8
11611 23430 8
6418 6466 1
4858 16758 9
6699 18353 8
6917 13813 9
2227 15337 5
6188 17835 10
3946 9365 6
5168 5721 1
2282 9969 6
11265 18689 8
11094 20630 2
1039 17996 6
1411 2774 8
6471 15263 6
10711 17266 9
8527 24942 5
7475 7520 4
5687 10204 10
12999 17991 1
18374 23100 8
1530 13799 5
9719 14342 3
6744 10541 7
6632 23759 1
7037 18927 3
2834 6468 4
2424 3753 7
24111 24732 4
4067 16717 8
2701 19955 7
2804 11820 9
11867 21545 10
6655 16137 8
3662 22709 1
13173 24897 8
11109 11741 5
1168 14251 5
8883 9814 6
10264 24477 6
5030 11809 1
4126 8130 6
380 16284 4
8124 13815 8
3916 18103 9
10 16926 3
358 22571 9
948 6489 8
7178 9381 8
2236 7009 8
6325 12215 6
18184 21327 2
8590 18132 10
5462 14791 8
1136 8253 8
10180 14507 10
6468 6745 1
915 4215 4
4525 13710 5
15857 18760 4
22271 23662 8
19934 24471 8
6908 11074 7
2699 5241 4
3103 12818 1
2940 11155 5
6752 7142 7
2684 10023 7
1412 17762 4
13014 20393 5
14958 23470 2
13950 17136 8
4247 15357 4
2956 5648 8
2109 24373 2
6284 15429 10
13721 24243 2
1583 3401 3
2315 22545 4
400 5451 6
14814 16973 7
565 1470 8
2411 3498 9
4314 7569 2
17354 17413 3
8796 12409 5
1549 6739 8
6789 12648 3
16610 21937 5
6255 11503 6
5603 22642 8
7960 15610 3
7548 21051 10
455 12612 10
10775 12426 10
1003 8605 1
18362 21560 7
7373 15242 8
3883 23807 6
7604 16992 6
2595 18301 8
5204 12307 9
4805 14388 4
23937 24869 6
5473 7838 4
17723 19658 3
16516 22044 8
5825 22446 8
11595 20898 9
7556 9140 3
7709 21239 4
3007 5916 7
9618 16825 2
7302 7724 6
5675 23419 4
3326 4982 5
5609 11976 5
7570 18288 6
2975 19965 5
798 17076 8
10242 22446 8
13873 23600 8
4985 19393 2
6323 7966 5
15434 20585 8
16118 19011 6
2614 3331 10
4659 5019 3
7748 19352 5
1163 20230 8
3831 10469 6
5903 6529 3
8997 19545 7
4520 5877 1
12491 15197 7
3375 5204 10
239 15649 1
2984 5068 1
13552 16449 8
10848 19444 2
1492 7378 10
6002 6654 7
5431 5835 4
4095 13020 5
8845 20537 2
1022 15543 5
8585 8646 2
637 22035 9
2068 6652 3
1768 21258 6
14719 19834 7
1128 24964 10
4700 6567 3
6223 12819 1
15106 18458 3
14508 24980 3
504 11735 6
5442 11886 6
4669 9899 5
16020 20242 9
22565 23685 9
6039 19736 10
17264 20871 4
3515 4548 6
2476 4502 9
14646 24616 10
21760 22337 9
58 19091 1
2935 12739 4
4151 7076 2
7548 8850 3
8695 11362 5
3131 17727 7
737 4480 10
855 24359 9
2562 18092 7
1610 24417 3
18851 21750 7
118 24970 10
576 3582 9
4922 7202 4
5627 9812 4
11580 12405 4
17489 22457 7
6538 14947 10
3140 18542 3
5142 6612 4
689 3718 7
4548 12793 2
61 6945 7
5333 7273 4
5350 19112 1
2608 4587 3
4745 16342 8
2152 5026 1
250 10527 10
14827 22271 9
12141 21918 7
4919 10565 10
1532 2489 2
3922 22575 5
3612 5579 7
61 20698 1
23117 23719 1
12721 20436 8
6327 18691 9
888 7416 8
5246 19275 9
5782 18126 1
7398 19834 2
18353 24887 4
19503 22210 7
795 15914 2
2054 19379 8
2709 15638 9
1431 18624 9
2562 14550 5
1798 10650 10
22792 24523 10
1240 8876 3
5091 18953 6
1161 12564 10
779 16837 1
6384 8297 7
1922 7172 9
885 1307 9
10060 23376 10
2838 11873 6
3534 16672 9
12005 20576 10
2289 6184 1
19972 23718 3
2575 6722 10
3434 10873 7
4413 9632 7
7527 18833 10
1178 2025 1
9519 19949 6
17886 20345 8
2601 19165 1
6594 14988 4
1756 3709 9
5464 10825 2
8735 13072 9
1624 20707 2
4390 18866 5
3058 16341 8
5611 18949 1
7742 8505 3
6215 6629 7
5194 21373 1
1047 7562 4
6854 23709 4
2119 19998 5
9010 14494 5
4265 17275 5
202 5778 5
6336 18141 3
5286 13817 8
889 7248 8
5458 10415 9
939 2824 4
5851 19645 5
2522 5890 10
10727 11384 7
11841 23772 3
6202 15035 9
6232 21723 1
8189 10107 4
1471 19487 1
6729 14988 10
1455 12669 2
4647 17837 3
1561 18355 9
2679 16875 5
4224 6984 10
5695 15877 8
6027 20502 5
20827 21561 6
6221 12379 9
1165 15705 5
210 20932 9
923 7861 4
2445 4729 8
4561 10426 4
14510 16215 3
1001 9966 1
11881 20312 4
7818 10101 6
8219 11872 1
13096 18457 6
847 12166 2
12452 18316 5
1105 21581 6
7419 21660 8
6175 17565 9
1982 2565 1
2091 11202 5
19597 24069 9
2961 17212 2
1119 3959 3
6359 20592 9
13999 16665 10
4340 12056 8
5232 6381 6
1425 2689 10
4984 5785 3
5681 21922 1
4675 14985 2
23 8538 7
1835 15912 1
4443 8697 10
17794 24659 9
15730 20941 7
119 8838 9
4384 6242 9
3808 23700 2
941 10529 1
11041 14843 4
16437 22651 4
3975 8099 5
13446 19959 2
265 1386 7
73 6524 4
2718 8181 3
7557 20784 10
2893 12973 2
1628 3357 3
3847 16167 8
3660 7246 7
4436 7247 5
6868 21691 5
15919 23071 5
6728 7098 3
902 18491 7
3261 20416 7
3142 11859 10
14916 15583 7
5940 6918 1
4463 12820 4
8039 12577 4
588 3904 8
6037 8360 3
551 2287 8
9003 12334 6
15697 19829 3
6433 24132 9
10162 11147 1
2535 24047 3
4815 10904 7
617 3700 3
4384 4511 7
21398 23555 4
431 23961 10
9635 15811 5
16967 21706 8
1087 24989 3
631 9161 9
5924 22826 8
8647 15804 6
606 3419 3
2600 3327 3
2689 18134 1
7151 17336 3
4188 5619 4
2954 8915 8
1504 11976 9
7892 24092 10
417 11438 9
1820 2529 6
12698 15064 2
13342 20184 3
2030 6307 6
4583 8796 10
335 16104 1
6637 23240 7
9165 19808 6
5403 17849 7
5550 22884 10
12625 18702 5
3847 4457 1
2017 10126 4
7243 15275 3
17000 21584 4
8165 23158 8
11750 14655 3
9339 12596 1
4424 11591 6
1170 17039 7
2036 16284 2
20425 22619 4
503 9237 2
4897 9297 8
13390 20276 9
9188 13156 4
13953 24071 6
9138 12502 2
3732 13244 2
238 5144 2
3399 12533 7
15127 24521 6
15401 21689 2
3660 20645 1
5046 22096 10
10120 14863 9
3980 19212 10
1060 6569 10
947 23558 6
896 5944 9
4871 16130 8
4237 7173 5
19522 20255 8
11539 13801 10
2863 21002 9
766 19454 7
8307 23807 10
13609 17751 7
2445 24801 4
16812 24029 7
4880 5282 10
3239 15308 10
12827 15753 1
13097 18915 1
410 20031 8
14817 18817 6
613 8270 5
10709 21975 7
3737 16326 3
5629 20077 1
6407 15317 9
2220 4893 5
15921 23976 7
4623 5030 9
2309 9516 4
7295 10274 1
2460 20700 1
3392 21961 9
94 12409 2
5778 10498 10
7674 16289 5
4223 14299 5
1411 4656 1
1233 8366 9
2582 15700 10
6316 15069 10
986 4161 4
8302 9578 7
6234 17508 1
6137 15135 7
5838 24483 4
237 6294 1
14354 24126 3
238 24133 4
14431 16405 5
3368 4038 7
6761 24147 10
18052 22813 2
13070 14413 1
16299 24937 9
31 12927 8
10179 13537 7
15214 19082 5
1045 5988 7
1794 7917 8
5111 7901 6
58 17745 6
10517 11763 6
4235 22674 3
5084 9661 5
2334 5935 3
4273 8299 9
4107 10608 5
3308 23094 4
2030 15934 7
479 3968 5
12827 15400 3
4456 15550 5
367 495 7
171 966 6
1423 20524 1
8429 15942 2
3455 18422 8
2190 10742 2
618 18638 4
1354 3709 4
8271 20994 8
23016 23146 4
2663 18124 1
14577 15862 1
18240 24969 9
3921 6423 10
2684 9976 5
941 19619 6
21046 22974 8
2180 12580 2
4564 22475 2
6324 6650 5
2821 7059 1
665 6527 9
1531 22482 3
14051 20347 4
3528 3893 6
19207 20456 6
4266 24790 4
7015 15722 4
3026 12177 2
11596 19830 10
4052 7239 1
3638 22702 4
9224 10568 1
2460 2820 7
1160 14346 7
6901 13635 10
722 15195 3
3991 18559 9
2085 6760 2
4902 4978 9
13401 20786 3
845 6786 9
2172 7317 8
4704 14307 4
588 23129 5
2719 5353 1
19566 21476 5
14083 23074 2
5983 15387 6
7349 21047 8
2307 7693 2
7780 15503 4
6168 10118 8
109 15594 10
3421 5365 7
3381 14898 2
66 833 1
6844 22335 5
18828 21909 10
8943 14640 9
4045 12772 9
5712 10482 6
142 468 1
4397 22695 6
9325 17542 7
6691 20699 9
9736 23218 1
2278 11170 4
242 10732 7
6119 11328 1
526 2831 3
11655 19150 1
6034 23261 5
7423 13304 5
4429 18983 2
6250 6325 3
21025 21783 2
6745 18690 1
15765 17274 8
23 18203 10
19224 23735 9
10256 12135 6
5219 9560 6
5092 5767 10
7373 20098 3
3991 10175 9
5770 15599 1
1186 21275 3
7467 17154 9
2818 17352 9
918 2891 4
12348 21984 7
2923 13986 3
2634 4724 6
17506 23184 4
10910 12389 9
2550 7840 8
22852 24110 7
5015 20341 5
659 3233 8
4102 5933 10
1866 19703 7
13059 23909 1
308 20461 8
299 4135 6
7584 17584 6
3815 7669 5
766 7388 3
5745 7448 5
14908 20959 7
1012 12335 9
2704 18425 2
17453 24095 5
1778 4509 10
21525 23561 4
11602 15980 3
5046 13372 9
6078 16880 5
2953 13714 8
3885 4004 1
5586 22832 5
19039 21131 7
4553 5829 2
3362 13582 2
5984 17511 4
5874 12836 7
3176 8239 6
5623 24718 2
1383 13427 3
5085 20822 4
20272 22726 9
10760 11761 1
16525 22932 7
255 22091 9
6170 13604 3
3873 21551 1
5774 15347 3
17107 20896 4
11026 18599 3
772 6871 2
6433 23992 9
2739 6316 6
1838 10121 6
2168 17088 2
4631 18644 4
8464 16973 7
14589 23735 7
2972 8303 4
4502 4594 9
15957 22840 9
1067 14975 8
5408 21128 10
1456 20205 5
11928 19972 6
3264 17456 2
3242 19473 9
5906 19830 4
42 2487 2
3912 17365 9
7761 12397 1
3100 12618 4
14631 15531 9
2233 22001 6
7834 17657 8
4730 19247 1
4100 18294 9
2750 22186 6
14178 21658 3
1855 14092 6
745 9647 10
1667 2922 6
21446 23060 5
5196 6539 8
266 21836 2
33 17521 7
14469 18635 8
16758 24194 6
8872 18649 6
9926 17797 5
6230 17333 1
21633 22911 7
966 11462 6
4845 14607 9
5096 6854 3
3491 12977 6
20364 23436 9
2809 3647 1
2973 6535 8
5322 23077 2
15228 18820 9
5742 12780 5
4747 16518 2
4899 14952 5
9860 15450 6
8999 22641 5
11310 12512 3
12685 22328 7
5165 15422 3
6128 24781 10
7081 19252 6
8883 21071 6
12601 17685 10
1446 3135 4
2851 23159 8
7724 22775 8
19083 21519 2
256 4925 5
1375 5595 4
1902 3338 9
2973 6894 8
13353 22921 2
8526 18040 9
1474 22776 6
11546 13769 1
2579 15733 4
1243 1301 10
2348 5451 9
723 6003 3
1248 4429 5
3239 4054 5
1317 6615 9
6315 22368 10
16650 24508 3
10713 15795 9
3335 3985 9
2363 5295 6
3942 4144 6
1395 8715 4
12579 14239 7
11127 13781 4
6985 8389 7
13038 13078 3
3425 8596 2
5405 14347 3
5461 22645 3
1723 20332 4
4106 4364 6
13937 15856 10
20740 22299 6
749 6502 4
14797 18138 7
6263 20956 8
3637 15327 3
5293 13056 8
1952 3591 2
2346 6223 4
3459 5878 3
3953 6581 1
4228 9763 8
3625 11397 3
4516 7251 8
3733 16103 8
542 5850 6
3791 13244 5
7113 19305 9
4082 4527 8
7437 14712 7
15708 21286 9
5602 21141 7
5353 18694 3
7574 17756 7
6304 23828 2
1571 1967 1
6184 6999 8
2827 20418 7
2115 2759 10
7380 15513 9
5348 5465 8
6028 17515 5
4329 21843 7
3404 24524 10
1020 5898 2
6258 6260 7
12547 18030 7
4593 23711 7
23394 24076 1
8048 9382 8
6862 17161 7
5484 7977 2
1439 1571 5
18016 24275 3
1874 16878 3
2987 22116 9
11299 11712 9
6611 13671 1
8063 10127 4
15788 16576 9
2218 5796 7
6933 7574 5
1270 13722 10
8045 20884 2
10135 11228 10
1301 3560 3
1890 3795 7
2837 24764 2
2640 9999 5
12164 22094 9
19843 24316 4
3285 13681 1
9843 24942 10
4875 14347 2
2276 4143 5
5617 15792 6
3078 15196 10
5963 7651 4
5307 21354 2
555 6008 6
13846 20748 2
7352 12712 1
6366 7864 5
934 21518 2
16067 23719 10
7698 23393 3
1913 7946 10
562 794 9
1471 15017 7
89 13322 1
13105 18851 4
648 7871 6
7184 18931 3
800 16600 4
162 6651 1
8763 16336 10
2363 10295 9
1480 19385 7
3179 23530 7
564 15032 9
2741 3415 10
4052 6622 2
5237 6056 2
8223 10421 2
5122 18993 1
4495 21733 5
2930 9468 9
4736 21761 8
3451 23971 10
45 5873 7
4267 9803 3
14364 21413 8
6890 7830 4
9831 13837 5
3209 24251 6
1608 17925 3
3448 5408 6
2214 7179 7
9453 24859 10
761 2430 2
11009 11035 7
8301 11269 3
15942 16850 1
1976 23257 9
13965 18070 4
3767 22288 1
9643 14229 7
4311 12857 1
6494 18071 10
903 18505 9
2352 13949 7
8929 20313 5
6469 17736 1
3995 21957 5
5679 11079 8
16413 19058 10
2864 6580 3
10224 15127 10
1030 6198 6
2206 14834 6
12071 13268 3
1144 12431 4
1924 18505 5
1098 2175 5
3329 8857 3
15742 17708 9
6345 14753 7
2900 15327 6
854 13387 9
4201 6441 2
6541 21723 5
2143 5888 4
7642 10381 1
6406 23985 1
2634 6004 10
138 19176 8
4465 10834 1
21347 22187 6
7195 12268 7
920 3653 1
1935 11651 2
12166 21604 2
3967 24311 7
6353 11970 10
10739 16393 2
7072 10385 1
5088 9520 7
1977 12774 9
12404 21649 4
125 18941 5
9735 11176 6
1176 5472 5
4753 4817 7
6990 9881 3
4934 18076 8
199 3169 1
3883 4012 8
1207 3484 4
9884 19972 9
3787 18025 7
18015 21826 2
10477 15650 1
3340 6940 2
12013 19351 9
15065 16504 4
7102 21013 8
22492 22901 9
6833 10498 7
2388 21312 3
1779 19498 8
7903 11935 9
1815 7470 3
6519 19043 5
3075 11458 3
7085 16785 8
1449 3704 10
11159 12921 3
12440 16262 3
1212 2247 1
4244 22073 4
3560 3692 5
2799 22652 6
18357 19112 4
19872 22741 1
17800 18121 2
1989 17484 3
7417 12924 6
2967 17179 6
2751 3799 9
1209 5372 10
9707 12851 1
7871 15458 4
3868 16176 1
6226 12591 2
7971 12216 8
5662 16704 5
683 1782 10
3481 13180 4
343 18792 2
6569 10113 2
4495 13174 8
1711 13462 8
13563 16703 10
5382 12647 10
6913 7684 5
12062 12438 7
3731 24066 2
148 20580 9
6466 14830 10
8686 10122 3
6430 15684 9
6837 13459 9
5513 20481 10
1004 17726 3
2082 13494 4
10828 15007 7
5589 7789 4
640 7242 9
8481 9884 2
18614 24367 2
4963 4997 7
13519 16476 1
5830 8454 6
5691 7655 8
4380 13041 10
15121 19398 3
4009 8984 3
6001 20045 9
1729 2031 5
7242 14387 6
14445 22220 8
15978 23015 5
20153 20750 4
432 21284 4
7572 23095 6
1093 15666 2
2648 4250 8
688 8620 4
5724 7008 8
3261 13623 8
17659 23402 4
1873 16702 2
4628 13853 7
5510 7764 8
3790 8937 9
366 2210 2
6657 20732 7
6998 14971 5
3902 5284 3
4728 24397 1
11204 17545 3
4325 23381 9
3927 13111 3
19415 21460 6
2389 17373 2
16878 22543 3
2577 9690 2
5430 18060 9
3589 20834 3
4061 7575 8
2492 3115 1
219 18473 2
7058 20677 2
16493 21388 10
17951 24019 6
3447 7334 10
1414 14733 8
12753 16737 7
6082 10234 4
954 2557 7
5966 12262 9
3209 22539 1
17602 17925 3
995 6183 5
6465 19106 2
1854 8042 2
787 9520 4
1131 4601 3
946 1541 1
16484 21640 9
15381 22319 1
20645 20810 4
3571 7534 3
3474 5277 9
5402 20091 10
3780 15296 2
3575 4168 10
7032 14611 4
21007 24814 7
2010 9047 7
10447 21640 5
14980 21450 6
115 145 4
14984 15218 1
4254 23563 8
5630 24393 1
1661 16578 9
6920 16997 5
4236 6596 2
9339 10660 9
8239 23952 5
14595 17674 8
1944 9219 6
7912 14686 4
15576 22838 1
12362 24807 4
981 18986 7
6081 23490 5
1662 18191 3
6790 14064 4
2554 21916 7
577 18903 10
21021 23817 4
2315 3567 1
3552 21148 8
720 12984 6
8769 15304 9
2276 21629 6
1478 12383 8
16642 18755 5
3997 15287 9
6144 11389 9
7064 18322 9
4179 20003 5
4831 6714 10
3283 23603 4
1774 12489 2
7504 16052 10
782 21166 9
1224 9295 10
10084 12880 3
3521 13299 2
5433 18308 5
2217 22971 2
2617 22682 10
10734 16118 2
1360 5882 4
4011 21002 5
1544 5732 1
20381 20551 9
19241 20350 7
9229 20283 2
15446 20601 6
14722 19017 10
15923 17167 7
11957 12064 6
11209 12147 3
7444 22372 5
9653 20041 4
560 23640 7
3898 6640 10
5141 17382 2
5712 23553 6
1854 3679 8
8180 17955 4
7675 13497 2
4022 9757 6
211 19868 5
20211 21542 5
2367 2850 3
371 3767 1
7030 17394 6
85 5256 2
22657 23362 8
7087 9663 7
10646 16840 6
18270 24077 6
6642 9970 8
3680 16259 6
11390 16391 9
2977 5314 9
7579 18095 5
9649 22431 2
5450 23429 2
14673 19284 3
1292 21538 10
10749 16298 4
12564 16069 2
4328 6218 6
3418 10776 9
2778 6997 2
18595 22958 1
1929 11846 1
3873 9050 4
2620 10782 8
7829 9291 3
12314 16787 3
2194 17316 5
16265 16500 6
1465 14639 1
10962 22580 3
4720 23477 4
12679 19202 3
328 1986 6
9573 10304 5
9023 16093 5
7209 19129 3
2336 5419 10
4770 12199 3
12708 20341 6
685 13708 3
431 6562 3
12353 19939 7
10618 19636 3
3338 13109 5
462 4582 9
5826 24293 3
7758 10682 2
10974 21894 3
3281 5339 4
2675 3948 10
18506 24571 8
3547 15824 3
4655 10206 8
4263 4868 6
240 1024 9
18521 20687 1
11166 23803 8
7993 19012 5
18034 19197 8
331 3931 5
1418 4396 5
2853 21827 9
3289 7160 8
3103 14554 9
877 1670 10
4679 20059 6
2767 22464 9
2881 21312 4
2579 11454 5
10529 24023 7
20284 21270 4
3116 20783 7
9369 22641 2
1348 4091 8
13324 19794 4
4015 4909 2
2071 15401 3
1596 17272 5
2027 3830 10
2016 3499 10
17531 18198 6
11596 13204 9
3965 5197 2
901 3667 7
11736 17963 9
11284 18837 6
2262 4169 7
4271 18724 3
4328 10798 3
3841 14446 1
1202 11995 4
9611 18755 6
6495 10789 2
5151 19710 8
4272 13179 8
6687 16059 1
5647 10679 4
814 9695 6
19210 22496 8
9928 20875 3
17832 18834 5
1244 2187 7
2288 2757 9
2259 18831 7
2961 8142 8
7682 17467 5
4721 5523 8
18707 23071 10
4510 17796 6
1801 6228 4
119 5634 1
4390 15963 1
1394 17523 7
5186 8918 3
15287 20153 4
1934 6628 8
3210 24578 9
13286 13847 10
8526 9620 10
1076 3799 3
2859 22996 5
10624 23178 2
1454 16809 2
1769 16043 9
14411 22012 8
2811 21691 9
5087 7127 2
701 6526 5
1116 13181 7
1116 12913 9
12552 14327 8
5413 6650 4
9885 10561 3
7728 22166 6
2641 14098 7
1133 2961 5
7654 18267 9
466 3553 3
10574 16794 3
3921 15452 9
4748 21015 9
8460 10454 4
13323 19614 1
18026 19687 8
996 6759 8
2309 8041 6
2984 6680 10
20220 20354 4
6635 17587 8
5407 24179 2
2426 15159 5
1320 1815 3
1845 10344 4
7515 18149 1
135 5145 7
10933 23205 8
2711 18113 7
4490 5785 3
2403 2869 6
2700 16121 3
813 6903 4
18947 20073 2
7650 13499 5
2590 16241 3
5345 10963 8
4780 5632 5
2447 8862 8
16007 23744 3
6960 15063 9
6862 11277 7
6139 24383 2
13182 14467 7
8172 22566 1
23254 24229 4
6320 12353 6
2974 18124 7
4766 10955 7
4709 19293 6
6408 12400 2
937 21532 1
2543 20468 1
3092 5682 10
2081 21906 1
1427 2365 7
14274 23173 4
7617 13015 4
6789 23905 5
18519 19158 9
4104 14585 10
4468 15729 5
770 21151 5
6202 16774 3
4510 9474 9
4370 6086 4
1711 20198 5
2454 18220 8
8749 14816 8
5163 7552 7
4352 5442 5
1228 20865 7
900 17444 4
3084 15163 6
4688 19736 9
2902 4509 3
5218 6589 6
11405 18476 9
4482 4502 7
5577 19467 8
2408 3958 6
4082 17161 6
5624 15059 8
3736 3943 3
16390 19612 1
1802 13217 7
5580 17467 2
8464 23735 1
17724 23993 7
15594 18359 4
1984 24889 6
16520 19352 6
3447 13680 8
391 3682 4
555 20589 5
2773 18312 9
22883 24297 3
7363 18904 10
4831 19247 3
14453 23202 3
6906 15765 6
205 13436 1
16072 19779 6
1447 6345 7
4412 10555 2
1316 17246 9
12508 12655 2
2973 21990 9
12184 15899 3
15226 16047 2
6935 23254 2
1463 16959 5
8634 21826 8
5831 10380 9
4488 17831 3
589 15079 2
8536 20957 4
7754 13837 3
1055 12472 10
7588 18758 5
2513 9255 10
8926 19902 10
10073 13640 10
4419 13312 4
7325 19304 1
5668 21229 4
6416 7416 10
13812 18453 10
1831 11857 3
18943 22852 3
1154 12877 4
8645 12763 1
14681 20011 1
14207 20384 2
4335 10704 7
1429 16427 7
2005 16109 7
2929 3336 7
4765 10519 10
12497 21753 2
2429 14001 7
37 16440 2
6290 17081 3
10624 23817 7
13757 15622 4
115 19181 7
1086 19421 6
10031 18508 2
317 17836 7
20446 23197 9
3068 5879 4
709 14550 3
18658 20157 2
19486 21924 1
6609 23102 9
9509 9854 1
1761 19831 4
8884 9963 2
661 5058 5
3034 10245 10
3192 3917 1
2863 5779 2
1553 20730 9
5099 6104 6
14980 20159 3
14427 16650 10
11723 19884 1
2653 9976 7
16168 23985 7
3587 5127 1
17675 24417 8
4890 15895 8
6243 23075 7
671 13127 2
80 3752 1
5607 7271 4
10385 15257 5
2519 22484 5
1371 23735 7
1503 17927 8
12803 19460 3
3697 13886 2
5064 7522 4
2831 5001 3
7800 15811 3
953 22080 8
2985 18529 5
5793 19890 4
5603 19191 6
493 23089 5
7331 20419 10
10447 24776 2
5038 14380 2
2139 18147 6
412 14317 4
1929 2648 2
17006 23127 5
14006 15862 2
503 7362 10
4530 6188 9
16896 17165 10
13440 20547 7
5348 20067 5
13015 21399 10
5690 5834 5
3604 20886 9
2122 5586 10
3440 12171 4
6188 24493 3
5617 10707 9
311 12114 10
1740 24072 2
6158 17626 2
6211 12097 7
796 16689 2
1506 4184 7
1489 10402 5
3677 19309 2
970 20633 8
14423 21515 9
15380 24773 3
3826 5593 8
1355 12129 5
4691 22762 1
14308 18892 3
7248 7520 6
15326 20537 3
6795 22142 1
3907 18031 8
2664 20249 4
7177 17639 4
3292 5616 9
3154 21340 4
884 4467 10
1080 6537 4
5569 10449 10
5892 20223 7
7116 9575 9
1471 18889 5
12932 15389 5
9354 21647 10
8516 13991 3
228 4383 9
2504 14220 4
5299 20520 7
5562 24260 3
7042 24402 7
2634 18766 2
430 6801 4
4984 6829 10
9360 15625 8
6716 6996 9
2591 17377 6
8701 16687 6
4031 5515 5
704 6270 7
4718 23000 6
10261 21210 2
5085 7090 3
688 17573 7
12254 13938 4
14123 18763 9
11897 12929 10
4581 24898 10
580 16670 3
7026 10299 7
8949 19634 10
2038 24847 10
22807 22878 4
5071 5792 5
7134 9772 4
3395 22629 3
9375 23713 4
4733 9946 1
38 24687 3
9542 14305 4
2627 18918 10
692 14470 10
2211 7578 5
384 8180 6
4911 6673 4
9577 17361 5
3674 22219 7
1291 4561 8
3981 18696 10
1454 23089 10
2981 7105 6
3111 3705 4
9325 21287 9
14553 24252 9
16794 18118 3
2478 2845 10
4413 23573 5
1206 13670 1
2735 13983 5
13533 20514 2
7319 18652 1
15917 23160 7
2671 24756 8
4821 8442 8
7621 24131 1
1054 2761 2
316 19681 5
13889 18647 6
4029 22244 2
17347 17880 7
6519 17914 5
1138 10987 6
2422 19468 2
17608 17702 5
3765 9380 8
5836 13745 6
13217 18132 5
3289 23751 4
666 23187 3
13264 22423 1
1318 2082 5
14607 21680 9
428 15822 9
7326 15324 1
4016 21651 5
564 4261 9
1254 16597 10
6161 21612 6
4667 7274 2
7449 20544 8
3068 13243 9
391 21477 10
3677 22835 9
16061 21665 1
1932 6089 3
5646 9465 8
88 19112 1
1281 12330 7
9104 23471 5
14432 19880 6
84 15406 10
3312 5635 4
370 4252 9
4738 6100 2
5265 9283 6
4792 21105 4
15929 19896 3
20221 24269 9
231 5535 7
4441 6544 7
1025 8827 4
3758 9443 6
1104 6762 2
4719 14324 4
17386 24859 6
13887 19526 6
12530 24744 5
4245 5133 2
9248 22510 4
2402 2424 1
9325 13878 10
2738 4956 6
2183 15836 4
1556 23906 1
1385 10649 4
3401 15481 6
5101 14966 8
8325 14562 5
1504 3631 8
17020 22015 5
10688 13352 2
14995 18847 10
10979 14680 2
3219 22606 8
6616 22629 1
3630 9972 4
1389 13580 6
7741 11072 9
19440 23533 3
4133 19695 9
97 3427 10
7757 10062 3
3859 15148 10
18397 23693 4
547 21863 6
986 3201 10
4658 6310 3
3449 11696 8
3445 15828 10
346 8311 2
12189 15510 7
7110 14619 7
296 23922 10
2452 6544 6
18418 23760 10
7034 9651 8
17015 20896 6
1139 19428 3
7400 14560 5
5352 11030 1
8665 20299 5
4731 16019 7
732 1125 9
7338 15610 8
11914 12090 10
1770 3099 2
7630 13311 3
1000 10136 1
4303 9369 5
20075 23821 7
865 23090 1
3224 23083 8
4322 14060 10
1474 6373 3
6788 15036 8
19117 24661 9
5407 7409 9
2069 3442 9
3554 12592 7
4021 4201 7
14421 18924 1
3083 9796 3
264 13467 1
7697 10906 5
5443 20370 6
1899 9662 8
4917 17271 2
11832 18201 6
6408 18722 4
128 1934 2
924 16997 10
6072 16419 7
2707 24068 9
4909 6305 10
5741 7507 6
1012 14548 4
11459 12972 3
11113 19159 7
654 14760 6
3119 22611 1
7181 7909 5
2273 3362 5
3009 3197 9
4286 9081 3
3932 4081 7
7574 8448 2
12340 22298 3
1507 18054 6
19070 24175 9
4804 20490 8
10170 15562 10
6498 20322 8
506 12343 2
2827 19615 2
6046 22156 8
15414 17258 9
7634 18391 5
2656 23118 8
821 20925 6
3812 4453 5
2699 15349 9
5288 17008 2
1815 17353 3
746 16164 3
18610 22192 4
4901 7628 1
6597 7531 1
2786 13850 8
3206 11011 1
17039 18833 1
4294 24372 8
1782 3385 6
14784 15014 1
4492 8049 10
2091 14288 3
2088 14768 3
3078 23689 1
2080 5933 5
3685 17629 7
8590 9248 5
5304 13160 9
2106 21128 8
5035 15706 6
8090 24128 5
14132 17621 3
12404 15527 6
13884 19808 6
16006 18418 4
321 5415 6
7497 11937 8
1570 3897 2
4957 20753 2
2547 22393 7
7578 21104 7
421 2952 3
2539 2671 2
4525 24357 4
3053 6163 9
20250 24828 7
3470 24771 2
4805 14751 2
5800 20966 6
2956 15193 3
3185 3293 8
3587 13161 6
206 5339 3
10243 10649 1
4649 5005 2
6220 22851 8
1270 3945 5
7541 12398 10
4416 6395 10
5626 17063 10
3110 11635 4
1795 14082 2
279 24754 6
3715 24223 9
4202 4215 6
3735 11568 7
2168 22050 7
10287 16683 5
2501 11867 3
17468 22404 9
17245 19324 10
18162 24826 5
10951 22872 2
7408 9934 3
2877 15574 2
8429 12108 8
4492 8631 4
866 15666 10
2248 14527 2
2344 12671 10
19910 20555 1
3402 10449 6
563 7252 9
19591 21446 6
18317 22438 8
11854 12371 5
2149 9596 7
2765 3797 9
5745 13458 3
3318 20578 3
7428 12050 1
1844 21133 9
1622 9877 7
105 12108 6
13474 23976 1
2157 10502 1
1554 22141 10
22525 23678 10
6651 19565 8
2388 13274 9
18452 21360 5
3772 23092 7
3816 22792 5
4397 15050 5
10726 12544 5
13812 19993 5
12992 20117 1
3048 15613 9
6346 13865 7
1605 6452 8
4238 8736 10
1265 14505 10
7814 20156 7
280 18002 1
4760 7357 9
8200 15705 6
1923 18619 5
7990 22091 6
4008 20672 10
15559 18164 7
4752 12521 1
16167 17397 8
4404 5845 10
11977 13319 8
3872 5410 4
13517 23223 2
522 24929 7
279 10806 5
3943 13722 1
2208 6040 2
5033 6648 1
6021 7336 8
14172 18253 8
6883 24528 1
7322 13610 2
21642 24917 8
21483 24579 10
2331 20686 5
25 24428 6
1497 5800 5
20218 21404 3
2826 20620 4
17604 21001 10
8410 15804 1
4914 8320 4
5358 8892 3
5360 11380 6
12597 12905 9
4661 17259 1
19833 19858 6
837 5743 9
3495 12681 9
2933 11739 4
9664 19950 3
14274 20216 3
773 8215 1
2889 5013 4
2167 2348 3
4182 20712 4
6538 15221 10
7068 13958 4
18994 19598 1
5385 20291 9
8842 16667 3
9535 15581 8
2577 3969 5
3803 6873 3
2241 6627 5
969 24920 9
19471 23828 9
10354 21737 3
3535 15324 1
4104 5652 5
5501 17981 10
1106 11435 2
2915 14896 6
9226 18397 10
1360 24659 2
11327 20361 10
3298 18291 3
6512 11650 2
5563 5718 1
7633 22268 10
6251 7741 3
416 881 9
2169 5307 6
5716 6566 4
7066 18013 10
2067 21977 7
5168 22951 10
4398 16034 1
211 24159 7
3985 17902 6
13182 16498 1
10427 24943 10
22011 24477 5
3062 20691 2
2205 4016 9
4254 12596 10
14816 15013 8
6978 17947 3
1150 10508 8
1150 18282 7
3866 5273 6
698 4269 10
5522 18724 4
14798 18729 9
2940 17763 3
3029 20734 4
3227 4923 2
15381 15912 10
4973 21867 3
23020 24704 7
1119 22788 7
7311 16357 9
6226 7787 7
1648 9956 5
6146 22894 8
7424 8473 4
14560 17872 3
4 11187 8
15458 21139 1
21548 22280 9
17580 21632 2
6866 24450 10
7978 22975 9
1136 13363 3
1107 19626 4
12751 21094 6
20963 24791 2
1000 6564 6
1512 10835 8
9645 10886 4
13508 17963 6
10832 18925 4
7961 13184 4
3311 3942 5
2711 3865 3
3709 4860 7
948 4464 8
7539 13617 10
1942 20253 6
4299 9394 10
7290 22011 2
2209 4269 3
5907 17173 3
5832 23711 4
18014 20585 6
6787 7374 5
7539 10022 8
19325 24762 3
3887 24937 4
5662 7343 6
9620 20197 10
3633 14240 10
7053 8978 8
2855 13239 9
1323 5289 1
2080 6823 10
3394 9275 10
1003 6158 7
4332 19823 10
19024 24636 9
16210 18186 6
11984 24339 2
8094 23939 9
4498 17878 5
3041 19918 6
8864 16776 3
3588 4719 3
3381 5631 6
5758 12076 10
10110 15989 3
3200 5105 4
2809 4088 7
6883 24049 10
970 2814 5
20342 23731 4
3619 20532 10
5000 5181 3
7815 8210 2
9123 13092 6
4930 17865 5
31 18143 9
4509 19987 10
3432 3446 4
21120 24110 7
1025 19154 4
5169 10789 8
6845 11540 7
7933 14753 6
9800 19224 6
8046 18142 9
5205 15521 8
1394 12758 6
3997 16637 8
5512 7284 1
15044 15660 4
14985 21489 4
15275 15759 7
2614 6720 2
2971 10129 5
7245 13292 4
764 7547 6
788 18748 4
2993 6255 7
7290 22654 6
18219 23314 4
1599 12587 2
3709 6513 8
4939 22888 7
4681 10422 5
7083 22887 5
3030 9982 2
3352 12254 6
6816 11499 6
9633 23900 3
1203 3734 3
11714 15651 3
6076 9307 6
3843 6984 5
4485 5506 8
256 22336 9
14024 16948 5
7094 15970 3
7492 22042 2
11008 13081 9
3026 8299 2
11232 17704 2
16367 18238 7
6819 20448 3
1205 15071 7
11541 12883 5
6650 6659 3
19982 21479 9
4939 6786 4
322 22273 2
12887 22345 9
11483 21957 9
10121 15232 9
1012 15239 10
2542 8775 9
1471 19398 10
14006 24080 4
3357 7295 5
7502 9447 10
4303 21138 8
5829 16321 1
898 3438 10
7606 20005 7
470 20143 1
6340 13480 10
21755 22356 9
1595 3851 2
2395 4537 5
4080 23988 8
4230 6414 8
1460 15710 6
2322 23302 5
633 17778 5
5999 13447 5
4138 11477 5
12628 17215 10
11292 11671 5
6745 7582 4
4248 19566 3
4416 8419 3
843 14865 9
1274 1385 8
521 23561 4
1627 4010 2
4679 15335 1
4617 10276 6
1194 6789 3
1304 19908 2
8635 11358 10
2599 4690 5
1708 24080 3
7558 13692 3
4260 5539 7
425 14181 4
7170 11107 4
5922 8650 6
11320 23184 5
6980 19117 7
3359 15167 1
667 6617 8
2290 18179 8
5197 11770 5
2433 20319 1
4792 14915 8
12 19435 10
3853 14825 10
17199 18175 5
3252 7605 9
4787 13967 8
218 6350 1
22937 24621 2
18695 19651 6
3026 4936 6
3041 4793 8
2621 14600 3
3411 22400 4
5669 5850 10
2338 8940 4
13182 21887 1
2053 9074 1
7506 8094 7
4278 23929 7
5510 23306 5
4030 13365 5
4480 5278 9
2826 19942 1
4145 19766 7
10944 17774 4
6121 10476 2
1302 2562 2
4602 7631 4
11606 21792 3
12947 17070 3
383 6484 9
951 18138 5
8143 21252 6
942 22184 10
6309 8698 1
821 2230 10
6345 21654 5
4595 7315 6
3697 22933 9
278 3662 4
8794 11687 9
6585 16288 7
10746 19052 1
4523 8543 10
558 12023 6
2191 22587 3
6055 14008 8
1284 15899 3
7074 22382 1
6711 21349 1
1441 1551 8
907 5870 10
7339 21390 4
13395 19970 10
4817 14845 2
2245 22931 10
232 21623 8
1260 3142 2
9380 14761 7
6458 21706 8
5037 23254 10
17114 17580 3
5019 16499 3
5633 9725 8
3909 5402 1
3819 6007 8
2068 2158 9
7133 18208 10
7297 11531 7
9756 20925 8
4018 24997 7
7099 16631 10
17287 24315 4
12160 15505 7
7956 12373 9
8972 23589 7
1379 5287 2
6847 18464 9
8800 21752 3
18929 23066 7
15794 23043 6
12126 21775 10
1216 17426 1
845 8708 1
3447 6000 9
7046 14354 6
16837 17778 3
9561 23471 5
2312 8747 10
3680 21456 8
653 21491 7
4217 12392 5
10232 21851 6
846 2249 7
655 5466 4
21962 22997 3
14188 15924 9
19058 23705 10
9113 13198 8
3111 22286 1
1206 16801 3
809 19810 2
4176 13701 7
5253 10059 10
4441 12890 5
2538 24239 9
9518 21330 8
3350 17522 3
16483 23334 7
4890 20429 6
15054 22716 6
13818 17050 8
2089 14157 10
3271 12522 9
3179 13003 9
1758 18950 9
19608 22308 10
7696 22564 10
5400 23973 7
6267 16932 9
6284 18058 10
9126 20264 10
13299 19439 7
5516 19866 7
18555 22908 10
1038 24451 4
4193 9099 2
1717 6030 1
2366 5497 1
7034 17030 8
3772 14955 7
10626 19344 1
3789 22443 8
19142 22045 1
2368 10182 9
1671 21767 2
1245 16921 2
4550 4636 9
757 2210 5
218 18782 9
5382 10510 1
7057 12784 3
164 1759 6
8154 17837 7
306 996 4
9396 18693 9
4714 16034 7
2928 20110 8
1886 8810 5
4667 10042 6
6092 23074 10
8029 20362 7
1190 7957 2
3011 13121 2
21232 23577 9
791 14575 4
4012 5673 10
5196 12026 9
1415 17184 2
86 22629 7
7504 7691 8
10364 18869 1
3597 12291 6
13544 18724 6
4191 4347 6
677 7317 4
1837 9558 8
7838 24781 1
21918 24251 7
1436 22950 4
2502 6509 5
3162 6241 9
5966 22115 10
605 24993 9
4935 15076 4
8948 17602 10
3852 14725 10
15426 17556 3
792 20172 1
16194 19508 8
1124 19630 10
6803 9929 5
18 7161 1
6775 12605 7
7631 14530 4
7705 23307 5
5088 9037 4
1192 4935 4
5362 6747 8
1865 11757 6
1198 17668 9
10640 24133 5
2075 23160 4
8280 22174 2
3773 7085 8
2067 20961 4
6230 13059 1
2385 5941 3
5738 14451 8
10454 16137 9
3772 6201 6
11018 20393 5
11002 23795 7
3257 18805 7
4091 6519 10
1836 13616 3
7318 17526 2
1394 20095 1
14419 21943 7
6990 7354 1
6949 19761 1
3046 8499 8
19455 21940 1
1553 1833 8
16058 20186 9
3461 20477 7
19615 19879 4
509 2006 6
2488 5761 10
3691 24910 10
1999 3665 2
8167 24689 1
7076 20720 4
4123 7240 7
2352 11936 6
2790 12730 7
5914 14349 2
6711 16570 7
4778 14647 9
5242 7071 7
678 1444 8
3930 15456 8
6471 8842 1
1013 9960 10
10880 22140 8
1743 7748 5
11559 14317 1
4011 6634 5
12817 13739 10
8532 13746 10
6499 9172 5
1433 4686 2
7121 24857 2
12541 21174 2
11184 14003 4
2813 2825 1
6277 11940 2
1443 8148 10
4208 11230 2
1462 4349 3
9010 19839 7
5498 9146 5
505 12805 8
2581 13888 6
1434 21149 2
17861 22895 9
4243 4911 2
1921 18678 1
13978 15323 5
3982 16533 2
9699 24516 10
11978 17017 8
3292 5583 4
6377 16187 7
19800 21927 6
3921 21006 5
3783 23851 2
897 11369 3
10913 18098 1
1331 12230 5
13464 21469 7
1536 3615 6
2651 11975 3
6528 13473 4
4148 22867 2
12227 12887 6
1103 19003 3
3603 16462 3
935 1971 5
14946 18682 4
6615 13695 2
3859 10583 5
7045 24579 8
8005 18405 3
2809 16144 4
5711 6436 1
4967 6170 6
16192 20953 3
19094 20715 2
1730 9575 3
3257 14477 4
3671 11612 2
285 2982 7
6151 9635 7
8871 13977 8
17459 21684 4
11656 21430 10
11061 14676 7
1087 6686 5
7647 14234 6
6337 23674 8
10335 22392 5
2274 5434 7
4966 6133 8
5278 15939 7
7631 19593 6
724 16530 6
11513 19662 10
237 24388 1
7325 7597 8
5138 19093 4
3001 5631 1
4567 24737 5
11061 14270 3
2560 11588 10
7626 23718 2
11842 21842 6
6903 22893 6
11149 14870 5
842 9711 10
7204 13985 4
9658 18670 5
10197 22003 2
3871 19025 5
5307 17451 6
17491 18757 7
1204 23188 9
3065 7135 9
3617 18980 7
7569 12746 1
5360 20702 10
914 16984 1
3307 24908 1
2833 22214 5
10868 22473 9
1047 19828 3
425 6276 8
4639 6596 7
979 3404 3
1518 2803 5
3089 4532 9
529 4616 7
6308 12131 8
15072 23571 6
14172 19469 9
9795 22280 1
13209 14813 10
10389 10731 3
1978 19801 7
3314 20006 2
17298 19283 1
6924 21073 1
9969 11436 10
388 8647 8
17521 23076 2
1181 14478 7
5230 5739 10
3718 6368 10
20989 22519 4
2351 4762 7
3531 4274 2
1584 4598 6
11103 23670 3
491 1913 8
2807 11182 6
6107 22463 3
2171 21066 2
7346 13180 8
5656 24318 4
13523 24799 7
8971 22999 6
245 19259 6
6434 14807 1
1956 5483 3
5639 17485 1
10870 12663 1
22472 24180 4
21854 22031 4
947 14083 5
5066 12639 8
956 4817 1
2056 12854 10
10544 10743 9
11662 17357 7
7701 16901 9
9574 20133 7
1143 9324 8
5313 15858 9
765 10909 6
4513 24167 9
428 6025 1
10676 24269 7
896 1390 10
684 3550 6
5625 11273 7
5616 21096 3
568 7006 1
1275 11211 4
4897 24092 1
3997 6864 1
10680 22516 6
6392 7295 5
814 6257 6
8397 15807 1
6670 15830 6
1057 22970 6
1293 11375 10
6920 13247 2
770 4694 10
4094 14249 9
10467 13905 7
3391 4436 5
2558 10516 10
16017 20277 3
4965 7660 3
18796 24130 1
10660 18601 3
3783 20680 10
2117 11262 3
24432 24592 7
993 20833 4
4154 4335 5
14393 23041 2
2340 9485 9
6157 8867 1
4685 19592 1
3931 22754 7
17446 20519 8
1440 7643 4
13002 21900 9
3577 4331 1
12807 13568 4
4420 8979 2
7142 8760 1
15486 19209 8
7869 15026 10
273 16941 6
6647 17790 5
1060 2276 10
2137 5799 10
6063 21013 1
4506 12974 6
3841 22663 6
10914 24293 3
16888 18538 8
7002 8878 1
3497 6465 8
8196 22815 7
452 14976 5
3174 5393 6
3302 17246 8
2863 3475 5
13816 23361 6
2938 9711 2
8835 9238 2
7122 13518 5
15924 22343 9
15637 16628 9
4311 15415 8
5068 19696 4
4646 8404 7
2836 24460 1
2795 4697 6
9467 11234 5
24500 24683 3
5595 22401 8
3809 13990 6
3962 21380 7
11180 22122 5
2154 22725 5
2258 5390 10
2496 22425 7
7796 19493 5
6147 12792 5
7242 17055 10
2720 13373 10
9984 12853 5
9707 11283 7
7726 24502 8
620 9248 3
3562 14462 10
2127 24606 1
11698 22214 8
7232 24995 8
5201 22078 2
3818 6621 3
10252 16002 1
10132 16138 3
5909 14922 3
6442 11084 9
13122 15819 5
2819 12649 2
6867 6929 8
1089 2899 8
7425 14066 1
6838 7087 10
7412 10535 3
3069 14455 3
2539 21990 7
10222 22548 5
1401 13316 5
588 14346 8
1066 19475 9
10248 18088 4
15689 20551 8
19368 21597 1
10629 15716 6
5050 16977 4
1220 11734 7
12186 22363 3
3714 5443 9
1899 24486 1
1577 3656 8
2164 13810 4
6232 22125 8
14274 14590 10
764 17487 4
6045 22934 5
682 13820 8
2633 4026 9
3837 20335 4
7406 18125 7
7993 13368 8
19736 22301 9
4788 21973 1
3490 11328 6
5020 5520 2
3861 4268 2
2471 7261 8
4733 17301 8
20988 23298 9
7081 10156 7
7341 10710 9
7295 8036 10
47 389 3
9095 24994 3
15909 24721 5
2831 3426 1
17295 21895 6
109 6438 6
1477 23517 10
7192 13439 2
7265 23318 1
2960 17641 10
1166 16177 7
7660 8399 4
4994 13963 3
7541 15109 5
8858 22765 9
17199 23175 6
8246 23356 8
1412 12565 6
7244 18534 2
2886 5010 3
942 9334 4
6631 22952 6
2065 24568 5
6385 22243 8
7681 23842 5
2286 16171 4
6612 6767 2
13531 23377 6
1556 6793 5
18433 22123 4
2846 13082 5
4290 14188 2
6703 14240 9
5708 24899 2
3841 4894 3
476 12104 10
15127 19435 8
3974 18438 8
226 1748 7
5582 18868 7
970 11710 1
4385 5075 1
20825 20920 9
2390 16136 1
3505 5766 2
4041 16242 4
3266 11152 4
2442 6590 6
8839 17146 4
2522 12627 9
1692 15780 2
16278 23335 6
3367 13021 7
15400 16419 10
17599 20997 3
5592 13111 5
10790 20724 1
297 8978 3
2498 6260 3
3487 17955 10
4610 22410 5
13611 17390 7
820 2256 8
14531 19558 3
1350 11737 5
8229 20625 6
4611 16852 6
15323 20133 5
3016 11891 10
5346 12869 7
1736 7276 8
5777 16592 2
1646 6771 3
1414 1644 10
985 13648 2
2322 7569 4
7013 18797 9
9168 10744 3
14255 21508 7
8350 12689 8
17902 24439 1
6293 8876 4
6000 7183 4
4314 13042 4
5660 10462 10
9637 17044 10
1408 17993 1
5064 17180 4
10442 20094 1
351 24899 5
5314 8068 9
4168 11908 6
2576 7679 2
5096 7579 7
826 22196 1
4352 4738 4
4333 15349 9
9868 19679 7
3223 7002 5
10298 16873 2
1111 12284 3
3664 20875 3
6771 11025 6
1130 12992 10
1240 3634 9
1448 4180 9
16374 20160 4
1655 23400 9
2959 24544 9
767 5292 9
5376 23746 5
6252 12376 5
208 24796 7
7000 11252 1
5159 12712 2
6172 22229 10
1210 7644 5
7737 14662 1
19123 19318 10
5786 11274 5
180 4155 8
9175 16628 2
19639 23923 6
687 8940 5
183 23540 1
14867 19040 1
4755 19413 6
12940 18077 4
547 7647 4
2145 3791 1
314 18754 6
2614 7386 1
10446 17929 1
6798 22162 8
7107 7245 10
10715 18178 5
10158 15765 5
7695 16322 3
4742 17569 1
5336 18646 3
7178 21819 10
11324 12304 8
18167 24131 10
6253 11156 6
743 21592 9
12432 13711 1
14403 19197 4
1985 6424 1
5618 19061 9
2761 15903 2
7203 8401 4
2304 17566 6
12075 16227 1
3423 6697 7
1406 20774 3
5586 24237 10
97 13719 8
3198 20122 4
6169 7008 8
2152 16399 3
10194 10540 3
2697 20027 3
5156 10684 7
151 23366 7
2380 3774 5
14192 17928 5
11382 14354 10
5967 14971 2
2131 17952 2
7155 19287 10
14922 20708 10
7466 21391 9
14788 18643 4
960 18466 2
511 21376 8
22285 24614 4
918 23656 7
1367 3978 4
2992 6546 10
23316 24164 9
6416 19695 1
2887 15874 7
5802 18153 3
4856 15915 9
17813 21807 4
3814 5563 6
4161 5594 2
21015 23983 3
6225 18655 2
11224 22538 3
381 1203 6
748 3534 3
10182 16559 6
9230 21753 10
3830 13357 10
358 19156 1
3347 22104 7
13224 20655 4
10773 21404 4
12440 13218 4
3712 12883 2
3388 17489 10
4688 15336 3
6959 20514 4
853 17732 8
757 7655 6
5772 5825 1
4149 15312 5
3223 7226 6
563 19327 4
3292 24825 6
4271 6520 5
2891 3490 7
3030 14406 6
9645 11871 9
332 7903 8
1311 16044 3
11583 13997 7
2070 24696 9
13562 16072 10
880 7794 1
13027 18119 2
1402 4397 1
299 11114 5
2218 2549 5
2162 13313 1
16131 19038 8
18710 21682 7
3775 23002 8
84 6549 4
7074 7331 10
1704 6197 7
1094 24326 3
10443 11851 7
133 2164 6
14950 23815 4
13338 20163 1
7275 19106 4
3071 18090 5
7892 11240 5
4676 9732 6
4007 4028 6
10778 15863 6
1221 8978 10
3549 10891 2
16101 23627 8
2333 24923 8
15362 17586 9
6859 14430 5
8382 11045 3
199 4440 8
14892 14999 8
2284 3161 6
1790 3817 7
773 1415 10
5653 13633 10
5590 16264 5
4056 4429 4
8791 23544 1
724 8970 8
7294 18000 1
1252 19048 1
4238 13246 2
1213 6372 8
7340 23825 7
18390 24794 4
741 11680 3
3633 16949 3
2258 7378 3
7487 8627 4
4153 9338 7
1898 24736 3
4525 6558 2
1594 10041 2
2124 12394 7
4899 24341 5
5978 23984 4
14219 20683 5
19 18387 5
12701 17434 10
1125 23571 4
2300 20145 2
7537 23827 1
3605 3931 10
2707 8455 3
3641 14472 9
17627 18205 3
8844 20080 9
12576 14881 1
913 21686 1
7151 18959 2
2175 4933 1
7286 19058 3
1770 17254 7
3462 12889 1
9521 17327 10
2921 4004 5
1944 18326 10
12852 18019 4
2078 19301 3
6180 12448 10
3303 14623 5
19260 24968 9
10114 22108 2
14563 17958 3
15082 23921 10
3593 5826 3
10409 17807 8
4967 11762 10
125 7392 5
5842 22926 10
2968 11502 3
14456 18806 9
5663 19188 5
12819 17076 6
15085 15396 5
11732 17478 1
6044 24509 8
4619 7152 9
10034 14160 6
4788 12499 1
4395 15229 10
4567 18687 10
1174 9525 6
4824 18936 1
2044 15738 3
4330 5410 5
21297 21601 9
1255 5262 1
2372 8732 9
10725 16728 9
413 3111 2
12650 15724 9
16303 20583 4
5316 18569 8
2843 18294 4
3520 19045 5
12135 18306 7
2152 6737 3
47 2905 7
10378 14941 2
6681 10749 5
6492 23289 6
7212 7322 6
11854 13774 9
8351 12109 8
6432 10461 1
2097 3453 8
5179 5744 1
4407 13471 10
6338 16347 2
1364 9273 1
11282 15960 2
17498 24167 9
4854 16704 5
3130 17080 2
3055 23504 4
14693 16080 9
7634 20322 2
3154 10932 2
4616 9861 8
1022 4207 5
7586 19262 10
5027 22735 6
9386 12568 4
3593 6467 4
7248 12292 7
156 1838 2
12760 21402 7
6399 15689 6
3019 14021 4
6475 17871 9
5020 24238 1
4183 11769 3
4868 13512 4
12838 21148 4
929 10225 5
2594 7487 9
430 7395 8
4571 10069 3
14635 23723 6
3778 6559 10
10177 15412 6
15746 18661 7
16658 16742 7
4010 8806 9
5411 18277 7
4175 14051 8
9102 23140 1
3858 8100 3
9431 23440 2
2570 8410 6
3554 3667 8
2462 21719 2
12679 24322 8
9 10971 6
12251 18149 8
2396 2412 6
4129 8481 8
14762 18719 7
1163 23130 1
3966 12567 5
7427 12125 6
3133 24070 1
1007 17947 2
3052 6639 10
4438 7472 10
14650 16277 6
6696 23223 2
9466 18743 1
1077 9805 2
1808 15591 8
974 7781 7
3020 18846 2
3819 5249 1
8069 22499 1
18828 23735 5
724 19516 4
2508 3599 8
8 1234 6
2709 10255 6
14510 23314 10
6181 10048 1
6268 15184 7
7412 9473 6
99 4157 3
5583 5679 7
1328 7650 5
69 7627 9
5056 23192 9
818 15261 3
4703 6799 5
2626 21954 10
10505 11161 10
4712 11729 3
6135 13575 3
16700 22142 8
12697 15086 2
1560 1651 10
5313 6526 7
6043 15610 2
4287 24190 6
2814 7922 5
7641 15904 4
4661 18717 4
6705 21062 6
4241 15730 5
17134 23192 2
4015 5466 1
3185 14365 2
7202 17948 10
18210 19224 6
6419 13481 8
9894 14725 10
8013 18329 5
5990 24066 3
17605 19790 3
1483 18333 7
930 19783 8
2801 23132 6
4574 10668 7
2688 24574 4
4024 11011 2
18524 19583 7
2111 3022 8
8503 9399 3
6359 7932 4
6273 17688 10
3413 20121 8
5645 17944 3
4208 9091 6
14927 16650 3
1034 4073 2
9527 13676 7
18394 24161 10
2425 5983 2
6926 20140 10
16860 20173 1
6931 9157 4
4460 23807 4
6220 15102 1
415 13246 1
2392 10259 3
16891 20392 7
1772 11565 6
19012 24875 7
4195 6126 8
2498 17219 9
559 13469 10
4403 22806 4
210 4933 4
2840 3788 3
5342 5352 2
22997 23260 8
8427 9938 7
1989 13424 10
4258 14225 10
2224 23194 8
2628 21930 2
3546 6881 3
3449 19383 5
18947 19585 4
4817 8870 6
719 8191 4
12837 20307 8
2387 2618 2
3077 4461 6
2152 7380 2
2547 14442 5
688 5498 4
1480 4229 6
7438 24913 2
5989 21059 9
7237 7773 4
13933 22451 5
6825 16659 4
1376 6213 5
15133 18496 6
5388 6995 4
6077 6200 6
2299 11008 10
440 14343 10
5880 17891 3
7497 17799 8
1150 6277 4
8029 20837 10
8942 15353 5
1604 23386 2
5667 23282 5
13401 17444 10
1664 15298 1
9955 13003 8
18370 23887 7
322 5171 5
6522 16466 9
2782 8198 9
3332 24857 10
2658 20833 5
3212 14618 3
6180 23887 9
943 23482 10
1971 20068 7
831 1160 7
4519 7698 9
1388 16110 4
8931 10563 8
11028 13057 9
9946 16627 6
9817 22333 4
2386 17522 7
6706 11070 7
5160 5558 1
7537 17177 8
14672 19272 9
11073 18451 9
7144 14632 8
12231 23467 8
263 14289 10
2723 9893 1
3214 10799 3
314 11345 10
83 24333 8
5004 11089 4
2638 24444 8
16986 18293 7
7597 11121 2
7426 24499 7
1077 10000 3
1043 20735 9
13594 19969 7
3681 7390 3
17864 20912 10
1021 8658 5
6903 13731 4
15546 18584 4
710 7940 1
10321 21143 8
13017 15594 2
3150 20750 9
2745 3790 4
707 13762 8
3650 14899 9
7716 24440 10
5631 20236 10
5970 21943 3
5702 21855 9
9245 16580 5
28 17025 4
5096 16923 9
2106 7130 4
1442 8781 7
2703 15868 6
17094 17510 6
3957 24397 6
1469 1646 3
737 3197 10
9002 19321 5
9768 23074 2
6589 15660 3
5204 8429 7
20497 21207 6
3484 10868 2
3218 11019 3
11638 22226 9
1939 5765 5
3546 6992 5
1173 2245 7
731 11773 2
3654 17571 8
16901 18409 1
1674 6098 1
2171 4022 10
6360 15819 6
15782 19353 8
12535 24140 1
6214 16780 5
978 7309 1
5012 21537 1
3675 17297 4
6979 14042 3
2068 23250 4
3854 20279 10
5507 20073 4
16291 22372 6
1608 7745 6
2834 3505 8
1223 6762 10
85 23477 4
10039 10726 9
14160 24703 9
2376 3207 3
10485 10970 9
12778 18162 6
1105 6942 4
3467 22941 6
5330 6587 9
17339 24598 3
474 20678 3
7633 17857 9
13997 20624 9
3549 8465 1
1785 3288 8
1199 3013 1
7440 24843 10
5618 5779 3
2997 4245 10
4815 20310 1
11591 21388 4
17779 23628 9
6769 19839 4
1823 12468 6
2391 24027 9
3396 22383 1
1527 16460 1
4063 11891 2
3107 21253 8
7658 18841 3
5841 19810 9
2995 3077 3
862 20761 9
4824 5109 10
3056 23948 3
19919 22433 10
13936 20095 8
3657 9528 2
1842 19760 10
5080 15383 4
1098 1261 2
8279 9958 9
1617 15642 10
2995 19549 5
13083 15062 5
3782 7697 10
8784 17124 2
17328 21510 7
23285 24401 3
1474 9724 8
9944 17800 6
11843 19929 5
18356 21426 9
7864 18242 5
96 3310 7
2626 24725 4
11226 15249 6
5967 7691 6
1060 10720 7
6571 13260 4
10265 18989 5
6558 9773 5
9137 12747 9
6470 13814 2
13158 16263 2
13417 15363 7
5161 15161 7
3802 5349 1
12363 21157 1
19114 20424 3
2782 9816 8
1788 2548 2
10142 12041 3
4053 17756 5
10086 20362 5
2344 24855 1
4378 24597 9
4416 6630 3
2467 21426 8
5029 6678 1
154 10047 4
6767 19509 10
6424 6766 5
9773 21341 5
3105 3621 1
191 5424 7
11355 14016 1
989 23318 7
20366 20875 3
435 4727 1
3115 13125 4
1059 9231 9
8758 24361 2
4007 7791 7
1550 14818 9
16966 24919 8
2947 8749 6
4142 4777 8
1109 5222 4
4565 6291 4
532 22884 10
5718 12918 10
1709 17482 7
8846 10090 10
1568 14099 8
1536 8231 5
808 13502 6
2379 10749 6
1159 9771 7
14648 15672 10
2189 22411 3
19511 24611 8
11953 22930 9
5334 11305 9
21589 22303 7
3552 10435 1
4007 9067 1
4989 6518 2
1084 6416 2
7236 13735 9
1228 6332 1
5469 6550 2
1226 11274 3
3780 16935 3
17696 23202 2
6885 15856 5
2961 16925 9
5094 9568 10
23034 23804 10
3765 12273 8
18068 21190 9
13020 21920 5
3912 18142 5
6305 7628 9
2865 6205 3
3630 12718 1
3370 4453 3
2486 10520 1
11686 15526 8
15736 21398 6
5662 11594 4
5080 16005 6
2239 10935 1
2725 10380 1
47 9499 9
10370 17141 6
10363 15116 3
2820 10825 9
6047 13046 3
2891 7722 4
4719 18703 1
16594 18564 8
2530 21923 4
253 21456 5
10037 23883 8
8300 12135 6
531 24875 9
6527 16014 9
72 24336 5
6909 7626 2
3686 21554 5
1316 14887 5
14287 14709 7
6811 6822 5
3063 4817 7
25 8868 3
6527 11869 4
12988 20151 8
18917 24485 4
13980 14739 7
2037 12165 2
3264 12563 6
6296 9351 8
21061 23905 5
10382 14808 3
4324 5613 1
164 16751 4
8138 9298 1
13568 15966 10
5313 24912 7
3799 17612 10
3813 24218 4
855 17582 4
7822 10975 10
24698 24936 2
3876 18332 4
2103 2365 9
13386 17717 10
3395 11361 1
9796 12429 3
1406 9405 1
10827 15709 5
7173 18184 6
7127 18846 8
1283 7537 10
5606 13745 7
2477 2699 10
14967 20813 8
2861 15987 4
486 1648 4
18376 23005 6
1333 23171 9
4997 21476 7
960 3340 5
1107 20220 3
239 21610 3
8295 19073 8
12081 13462 7
13637 19235 9
10145 14685 5
4055 14194 3
19686 23200 10
16686 24203 4
7658 20534 8
2118 9108 5
8474 19367 4
78 5495 6
18034 21097 5
10400 11090 3
5286 10972 10
13274 13544 6
7321 22599 3
3863 18329 9
3316 19172 1
429 24441 1
13331 18984 8
15352 20024 8
3158 3770 4
1635 4739 4
3774 20188 4
1040 6139 8
6547 20866 7
7168 18862 7
428 798 1
1684 4140 1
14230 16374 6
960 3857 6
1932 15100 4
12889 21916 4
6605 17201 2
1590 2539 8
458 11451 8
6363 19134 2
6144 7062 10
6417 6722 9
17498 20669 2
543 1071 2
5856 12031 3
13861 21716 2
287 4376 4
9316 10227 9
3844 16311 4
5140 6319 8
28 19757 7
2989 17659 5
19987 21110 1
1871 22114 8
217 5245 5
5857 23366 3
10947 16504 5
23863 24179 8
7532 9611 3
621 12359 3
6915 24718 10
1936 18912 1
13072 18780 7
283 7685 9
2453 19980 2
11755 24104 7
21731 22878 4
7643 11097 2
12087 21701 8
3545 4147 1
52 22405 3
5042 20715 7
4171 13773 9
7058 23713 6
20322 22971 3
7360 20976 10
2712 5314 9
712 23693 4
15772 24552 9
1089 7172 1
1143 8858 5
4087 4213 3
1670 20880 5
149 3645 5
399 9154 8
3509 16933 3
345 10709 10
8517 10247 1
8494 23161 7
12479 14651 4
1325 14270 5
368 10460 6
2999 13473 4
10013 10148 9
3202 8254 10
2742 9250 8
1089 2652 3
12122 19606 3
120 1821 1
4984 18805 5
6853 23958 10
6174 23085 9
9937 20191 4
14389 18032 3
8726 21389 8
1128 6096 7
8315 9927 2
2134 10835 7
3871 19195 7
1931 10180 7
1081 15354 6
600 18355 4
3922 4804 6
290 2509 8
1544 5038 3
2229 9322 3
2553 23753 3
1512 9684 10
10169 22290 7
681 1699 10
21 977 9
1291 8437 1
284 874 3
1401 6736 1
2165 2701 4
20982 21539 9
9572 16569 8
8480 10183 5
11474 17724 9
2821 4399 8
1906 3193 4
2824 21194 5
9 22600 7
7704 19349 8
7098 17516 9
13196 19062 1
2393 10528 9
5604 15095 1
7029 18297 3
6038 17730 5
2327 2365 9
15972 20309 9
2021 15628 4
7311 24002 1
13558 15882 4
3225 10875 6
6917 24363 6
3517 9769 5
15871 17507 7
9002 22272 8
6679 9005 8
4694 23835 6
2363 18596 10
10168 10443 7
14856 20687 9
7457 18781 6
7913 20952 9
15174 23299 7
2350 14533 6
21169 23191 4
3200 17157 5
18377 23523 8
2664 19685 9
11993 23798 3
9064 13575 2
7380 22751 5
6187 19285 6
1412 16767 10
4286 7690 7
3078 22237 10
3776 8042 1
691 18906 7
16542 24309 6
6916 19038 9
11576 21921 3
2258 5605 6
1133 14844 4
7566 9075 8
9619 20226 8
2307 24437 7
908 16446 4
626 4834 8
6454 14621 4
3388 15655 5
4339 16253 7
791 4597 10
1929 4030 6
4254 15042 9
736 16035 4
3907 9948 10
16535 24153 1
1373 19692 1
12420 15375 9
1665 20651 4
872 16489 5
852 11844 2
19850 22459 8
14745 19259 2
11275 24252 1
6968 15041 9
138 1784 7
1075 18253 2
306 1161 6
930 20607 6
1446 23759 4
2870 3133 2
2286 9485 2
9109 22010 6
4702 14880 7
1912 22712 4
718 5167 5
2716 24791 3
814 4188 9
12104 12888 5
1587 6187 3
8412 9021 5
594 15155 10
16058 19527 1
4308 15715 1
4169 7296 6
5011 24295 2
1620 3186 2
10774 15898 1
2635 15343 9
10772 23730 4
7281 23573 10
12691 22685 5
3809 20114 8
9178 16265 6
8258 23455 9
4870 15373 9
4034 19913 8
4860 19416 4
132 1782 10
2366 10086 8
13701 21502 4
10315 15753 6
12045 13477 5
1428 3703 2
909 7754 2
22384 23146 2
13160 19384 8
4744 16528 4
3214 9627 5
1616 3890 8
6485 10996 4
7696 8799 4
2493 3629 3
1850 10609 6
21787 22313 2
2945 15667 6
2071 17129 7
6633 16811 1
15700 23216 8
9067 9213 6
1593 10547 9
3689 17733 9
4520 13529 9
7636 12799 5
16601 20439 7
2835 17053 9
3190 10635 5
11984 14667 10
3344 8689 7
5219 11598 1
3939 14143 10
6834 17057 5
5443 22984 2
1117 14656 1
2775 3363 8
10564 21714 6
379 2147 4
10583 22621 3
12526 21596 1
19029 23721 5
166 9292 4
20650 20888 3
15141 21311 9
7672 17916 9
1472 23905 8
5523 9184 2
7938 14579 3
15833 22185 9
2067 3571 10
2164 20878 6
4986 19086 8
7765 15532 10
559 18943 3
2594 5395 7
14407 21935 5
13123 17789 9
1636 14660 10
6450 8924 10
3246 24654 8
11597 13988 1
3429 6399 7
6750 17986 8
4002 15829 7
2515 20654 7
19 9632 7
15240 18300 4
1880 22888 9
5404 19142 3
11424 13390 2
6749 19263 9
9490 11115 9
9128 11198 2
13383 15222 9
8293 9892 1
1961 21538 8
14999 16135 5
926 12910 7
6244 10415 9
3164 5088 2
1395 13626 4
2164 22358 1
22 5959 7
6184 18972 8
1127 6643 1
6236 23156 8
67 13215 7
7013 7079 2
7961 14327 1
3969 12578 2
1478 21405 8
9576 17219 8
1064 1148 1
7098 20025 9
4899 11277 4
6864 24826 7
1372 10635 2
2685 6307 1
3237 3833 10
8677 16114 6
5878 6192 7
395 16684 5
12909 19636 9
2268 3502 8
3582 20835 9
7259 11487 9
5835 13726 7
2429 15312 1
12859 19530 4
6221 23902 8
3367 5376 2
10575 19600 2
1721 14559 9
17474 24339 10
23629 24462 6
2485 17627 7
3630 4527 4
3786 8498 3
15893 19511 3
7530 11889 3
799 5812 9
1917 4642 10
1413 9404 7
6883 13474 10
9556 12015 2
1891 24571 3
1631 11676 3
1857 10017 8
7129 22634 8
6812 7599 6
9272 18284 7
856 11788 6
687 5868 5
9087 19625 10
492 1089 6
261 660 3
6709 9763 1
15340 20846 10
2712 3408 9
1446 6077 3
2013 17628 4
2462 22704 9
1617 4411 8
5107 17348 8
492 14526 4
3964 4041 8
15130 19186 4
1989 16886 9
5361 21584 1
5927 13864 6
6620 7721 10
4038 12237 10
6249 21248 10
4176 16533 3
11503 24560 6
2357 13605 1
9421 22546 4
84 3146 2
5600 16807 5
1607 18897 3
6135 10158 7
4269 7975 9
11449 16621 2
2982 23778 10
7441 11064 6
4821 8733 2
1589 11025 1
5275 11309 9
16323 23182 10
1920 6988 10
370 15277 5
6770 21946 7
1900 5077 1
97 5942 3
3798 17742 8
7353 9437 8
7331 16463 5
5745 20603 2
7421 11740 6
1416 4190 3
14445 24280 5
5220 21687 8
11084 17480 4
3100 6970 4
2619 24742 7
19164 20891 7
5605 15087 6
1953 8794 3
13480 15329 7
8231 16260 5
18814 19432 9
4888 13731 6
1662 6898 8
10469 15576 5
15031 22908 1
5969 6596 9
15760 20840 6
14303 18981 8
1334 24527 1
5361 5455 4
1453 7184 10
5672 7600 8
9354 10684 2
4820 9901 5
14414 22249 7
3958 5301 3
10783 21006 8
7145 11952 2
4695 7042 1
17411 24983 1
6885 17126 8
12350 22946 3
17700 24190 2
6153 24150 4
18131 19132 10
4628 22413 5
3825 7436 6
4190 14836 2
12146 14814 2
839 23536 8
3529 18309 7
2674 3009 6
17239 19070 2
963 6056 3
2507 5350 1
7649 12323 5
8512 10397 2
6828 12252 3
4440 5040 4
5020 8473 4
864 8090 9
1777 20193 8
2612 17944 2
5500 18515 5
63 4614 8
1563 19902 5
17758 18164 5
1116 3072 6
11265 24975 3
7504 8090 4
640 3903 8
3446 4392 9
749 23523 4
16327 20834 3
3707 20462 7
3221 6270 10
14508 17541 4
5503 21614 5
18842 21978 10
10552 24880 7
6537 6844 5
13110 20393 10
16526 18612 3
6209 13878 6
12652 19619 5
1175 6161 7
4438 8147 3
5264 10761 8
11528 17450 2
14180 14839 7
5209 16519 4
6190 12498 8
4319 5927 7
15172 22450 9
20007 24047 6
134 12419 5
1275 18857 10
4741 24359 6
117 2268 4
7492 24373 7
4527 12246 1
8367 23890 3
3959 21053 8
3011 8582 10
1130 3335 7
1502 3675 10
6988 13403 6
11430 12001 9
20234 22783 1
10723 22569 7
1448 1709 1
10239 20754 3
4949 8165 8
15710 21604 1
700 15886 9
7639 20562 10
6644 8111 5
2300 22591 6
21230 23713 3
9845 21344 8
10613 15182 10
3019 19603 5
2326 7795 4
5320 23659 1
8868 17170 10
10360 15282 5
974 5212 8
3767 4373 1
12863 17595 8
1592 4250 4
5866 18851 8
12156 21246 8
2671 23853 3
19412 23175 4
9655 10089 7
6713 18696 1
1313 1822 3
5639 6282 6
22361 24599 5
3614 10311 8
15490 17189 6
11561 13986 5
5371 6502 9
6052 14752 4
412 22395 4
12218 12534 8
485 2913 2
2651 20707 8
1274 1831 4
10591 17477 2
5069 13095 3
5674 19076 9
9372 21124 7
4000 6423 9
18207 19709 2
11052 19570 6
10746 22610 2
7237 19196 1
6536 22882 2
1060 2886 2
683 6446 10
4903 14230 9
19209 19477 8
2154 9974 7
4507 13770 3
2356 24729 1
4446 10765 1
12807 16073 1
1297 5479 7
988 6596 1
17831 18474 3
4722 6960 3
5990 21045 3
15610 23554 1
11763 22693 6
11997 21876 7
1292 20232 5
6554 8504 8
13096 16800 6
12900 24909 6
1853 12764 4
9907 22871 6
2888 3537 3
622 2057 2
1933 2468 6
9413 17771 10
4659 15900 7
841 15177 5
1608 22802 2
22727 24121 2
17994 18715 10
2357 12461 6
4887 22448 7
5258 19216 1
606 18791 8
4211 23304 1
2535 5769 7
13157 17846 2
149 3768 6
6451 22898 9
2135 7166 8
13962 14766 6
15617 17881 8
5302 7722 8
1538 15730 9
1890 6757 5
5380 9494 2
1323 13493 7
4832 12519 6
9364 9563 5
645 3553 4
13621 21323 5
11374 20396 5
11231 17926 7
505 10587 4
4629 5225 8
1529 5253 3
7359 13369 4
689 987 5
6042 10436 5
1650 4937 10
7192 7385 6
3270 10388 3
1707 11738 8
2819 13403 4
248 10810 1
436 15315 10
8546 15023 3
6890 11706 5
14661 23002 1
1416 6822 8
4909 13788 9
19356 23754 7
12043 22394 7
15485 16928 3
2309 24177 2
6320 18964 8
3033 20761 2
6428 14467 2
2429 19733 4
6811 20681 6
2977 22679 3
11155 12607 8
4074 5224 2
3314 6684 2
2223 10415 5
1182 18296 1
13425 18337 7
19870 23297 6
2188 3148 9
2758 13162 3
16476 20214 5
13920 19620 3
5095 18669 5
10259 24943 2
4751 16140 3
2182 2470 9
2103 19576 2
4368 11623 10
10564 19256 1
6101 6925 10
3421 18419 7
10988 22825 6
1978 24041 1
1091 6391 5
11293 13966 8
4946 11310 8
4645 23264 8
16723 21446 1
1328 20607 1
10363 10419 8
14373 23442 3
51 5885 8
2383 23076 2
170 207 3
16684 21565 8
17153 18298 5
3604 7039 8
4017 15373 4
8714 18556 4
5958 22237 4
5446 10673 5
12779 16739 6
4488 17463 3
20364 20967 6
3307 3308 10
14865 19676 7
2856 17578 5
2032 3874 2
7290 8292 10
15674 22553 2
144 723 5
15700 18790 2
10263 11112 10
2487 13668 8
1447 4036 9
13466 15560 3
17916 21884 2
6536 10501 8
9384 20964 7
3775 12189 6
11265 20589 10
4291 6686 5
9644 22945 3
7502 8286 5
1849 19770 7
1027 1380 5
16151 20238 9
2859 14375 4
5127 17999 4
4461 14585 6
6140 20780 10
6855 15909 5
903 3743 5
6023 7542 6
4033 17971 2
18202 20772 3
13454 21647 1
11173 13574 7
17795 19864 5
1275 12709 2
714 6599 9
7780 18288 5
2231 4688 6
7175 8893 5
906 5193 8
17938 19943 3
263 5980 5
13256 22439 8
6742 9150 7
6081 23321 1
13616 16083 4
6285 10376 10
6841 21324 3
5435 6284 8
11 667 2
10898 13278 8
7676 22801 5
13758 23786 5
2013 24136 1
11425 18210 3
1111 4224 9
2515 16873 9
4558 5073 7
11901 23819 6
2007 8541 8
10451 19737 9
4735 22467 9
7631 8577 7
4683 8495 8
11874 21354 6
2676 24923 2
16222 20152 1
10398 15777 3
4621 6142 1
5263 15672 8
6375 7417 7
11726 23878 6
107 6993 2
216 2304 1
2882 16046 5
469 21194 10
6645 7386 5
15742 20029 7
3397 16110 2
21118 21361 8
1666 7612 1
1496 15921 7
5290 15890 10
1066 10465 2
5628 14427 3
3983 22657 8
29 10401 4
2910 10527 1
4518 20020 9
92 2610 8
464 23400 4
5331 17350 8
78 21311 3
12223 21817 6
6907 21045 6
2950 6620 8
13235 22956 8
6956 19475 2
7386 15057 2
5688 18313 5
1311 3815 1
1076 24335 3
5808 10302 3
18683 23328 3
2626 15246 5
6371 18313 3
137 8514 4
13649 18586 1
433 4974 10
12673 19074 2
1815 3282 7
1408 11985 8
3821 15980 10
1712 12575 6
4365 9394 2
2618 8026 6
5257 23282 6
11870 20180 3
1982 2828 4
14623 15881 10
6155 23492 8
5326 24780 10
7744 9204 9
18985 23980 3
6093 6338 6
5567 14590 2
3050 6796 7
3748 10080 3
1562 22620 1
6226 21941 3
9445 16140 2
879 18199 6
14583 21728 10
6570 17955 5
4428 11066 2
2858 11573 7
4700 19509 4
4302 22175 9
1379 8065 10
3536 24485 10
3085 22562 6
15224 24499 2
3522 10593 4
3369 6436 2
2495 4041 5
7291 21620 4
4470 23965 7
1068 21837 9
6800 16363 2
11436 12339 6
539 13150 9
13752 19009 7
7186 21480 10
5203 10690 9
4170 13506 7
6594 8184 5
8020 23732 2
4698 6875 7
13990 14260 2
3727 12696 7
10203 24645 5
2195 21311 10
9135 22471 6
131 8164 10
2647 12084 10
8246 20348 7
9886 19177 5
15986 21822 10
1676 16094 10
6913 16949 9
16341 23027 5
7715 13716 8
5550 7353 4
5782 16621 10
4644 18416 3
2092 5510 9
11112 14344 2
1153 21137 2
4206 4400 3
7256 18137 4
4607 6593 3
1594 4998 9
2309 16388 6
672 1055 1
5827 14593 5
4662 8897 8
2066 24637 5
910 18647 1
12527 12997 3
3753 19458 6
3301 20870 10
3672 24986 9
1820 2817 3
6557 19963 6
2578 21690 3
2439 10324 9
13463 15518 9
652 20664 10
3126 9301 3
6388 16619 5
6728 22818 8
1605 15728 2
2977 3695 5
3659 18740 5
1461 24276 2
520 13653 8
4112 6642 7
4208 24297 8
3754 14730 8
10313 18486 4
5794 7063 9
6804 9216 1
18620 22335 9
10830 24520 3
6489 10163 8
18321 21434 5
13072 22229 8
4983 10528 4
211 9660 1
1442 19294 2
12311 15240 8
12639 13508 8
343 1763 8
4824 6239 9
4743 21821 7
6099 9094 2
6972 18845 2
3992 14362 3
5837 12311 9
1156 24142 3
5576 5800 2
525 1198 8
13464 18096 10
4038 6100 5
4301 21022 9
14665 15959 8
729 24170 9
986 21805 5
2764 4602 2
6040 23576 10
21604 21967 7
146 4348 1
6602 22194 6
13025 13362 8
23848 24522 10
13944 20936 1
2976 16576 5
3737 13610 3
5048 12989 3
10608 20854 7
10435 18840 4
550 20956 2
7451 20762 5
16259 23568 3
66 4973 6
15202 22028 6
4711 11038 8
311 15571 3
3624 21757 6
3941 4527 4
11437 22522 6
3855 7669 6
12621 16498 2
4050 24131 9
16088 17389 9
3592 19237 3
15300 16943 6
16510 19050 3
7226 7629 1
6037 23355 10
6834 7487 9
3698 8480 6
3727 20974 4
4698 14646 9
4175 22273 3
1904 7021 6
5728 21926 10
3711 9143 3
6107 21779 3
11370 14472 3
3008 9147 5
14344 18994 5
469 21189 7
6014 7110 7
10138 23776 8
7614 24461 6
5942 11892 2
6999 22976 4
2602 16281 1
1176 2151 3
7991 15892 5
6245 17253 1
21311 22865 8
706 6416 7
5765 7659 4
6855 16205 2
14715 21279 5
16579 23292 8
14047 15487 10
5423 11000 10
6640 18922 5
518 20741 1
2048 2248 6
15816 18605 3
11135 20130 9
11443 16409 1
859 22927 1
15664 24627 4
4485 6170 3
13821 19268 1
2477 4849 2
491 3610 2
2809 5480 5
9804 23873 1
5957 15761 9
6870 13662 5
6403 7302 5
4260 13135 9
14680 24164 5
3447 6193 5
66 4688 2
3864 20079 4
7273 14615 6
5554 11345 1
2298 3595 5
6200 6398 9
8263 14603 4
5878 6458 4
14269 14871 8
10914 23726 10
328 24693 2
1584 6142 10
2075 7012 5
102 7247 10
14095 19991 4
8579 12454 8
3411 20277 1
1844 2662 2
5362 14147 5
3539 8361 10
5647 6838 10
23799 24513 10
4626 9102 2
4187 18795 7
10371 18267 7
5491 20668 4
2616 15558 9
278 21999 7
9035 9166 10
5126 13006 5
4120 10250 3
7898 18969 10
10927 22262 4
8268 23717 1
8939 16746 6
10252 23332 8
10351 12960 10
12693 21904 7
3917 4971 3
10940 18038 3
6464 10823 8
5437 23449 10
3287 21193 2
9670 24070 1
4269 12024 7
16176 22753 6
6623 17347 6
4610 20692 3
3290 7904 4
9342 20597 5
7660 12068 2
274 2958 4
21816 21847 9
5588 21272 1
5646 9094 10
12004 23329 3
14981 19756 1
20726 22649 5
9320 24537 10
5632 24957 9
1730 2854 5
3525 7553 3
8462 20745 7
2694 3825 1
63 11052 4
8235 12385 1
414 14099 8
1157 5371 10
3210 3989 7
1462 7755 7
9613 16353 10
11410 15375 5
799 18336 1
3802 21705 7
6795 7612 2
5345 12616 1
3457 14996 4
17468 19777 2
6544 18404 5
2410 24028 2
8252 22931 2
13878 20976 4
2792 8482 4
12709 13051 1
12042 20396 10
3967 14245 7
4629 24725 6
1141 5923 6
3700 8223 7
3795 4730 6
4154 16469 1
5586 7409 7
1440 11866 6
5857 7774 1
20112 22682 8
14283 16170 7
6719 20308 9
6829 15101 6
9698 23100 7
2212 6255 8
966 16156 10
985 6104 8
3008 10671 10
8732 17281 6
811 9148 7
2396 6146 8
2411 12999 1
1766 12415 9
4823 7509 8
9497 21887 7
4729 23474 6
17103 22910 2
2528 3487 6
1370 3034 7
4636 22601 4
2457 12722 7
4161 23306 3
10244 16053 5
17426 22623 1
4068 7014 8
15050 18122 5
3604 22350 7
8966 21012 9
1615 15707 4
4188 24336 3
9829 14508 2
3407 16883 3
15752 18371 10
185 16341 2
39 16332 3
15293 23157 8
521 3073 2
5525 19766 5
4405 22193 1
2614 18099 6
3946 23269 6
4564 9266 10
13336 22072 5
2434 13527 2
7225 16497 1
6764 17809 8
1570 5010 6
1125 21747 9
18749 21546 5
1213 17781 10
561 6019 7
1877 15705 9
638 2380 2
2721 6251 4
1238 3876 3
6700 11094 5
4297 5751 5
1478 20478 4
18132 20785 10
15596 19085 8
17443 23173 9
2183 17177 7
902 14214 9
5198 19610 5
20147 24296 8
10243 21002 7
470 7305 5
8301 13497 8
5437 12031 6
6 21635 10
2044 23619 6
12071 14407 5
5202 17196 6
666 16793 7
7174 12491 10
18285 22054 2
3301 18824 5
791 4823 8
6530 13214 3
9559 19253 1
8325 23517 9
398 5218 5
6883 6938 1
16819 21182 8
3935 8324 2
409 7266 1
3945 18630 1
1554 14420 6
352 13804 1
2355 12033 10
778 13269 8
16173 23734 5
6798 20655 2
1607 23732 8
6587 22979 6
9683 23266 1
3332 24753 8
7089 20597 9
7187 23929 2
293 11364 7
10895 15675 3
14478 17573 9
2619 4569 8
7578 24058 2
1570 5601 3
3994 19597 10
4213 17338 7
17177 24673 8
1731 4037 8
70 20163 7
2587 8043 6
15355 15706 3
6144 10599 1
9826 18031 8
7332 14615 4
3483 4184 10
3038 8683 6
10316 20458 6
180 2556 10
2671 16019 7
2668 20689 9
4663 6250 9
16456 23197 3
7072 16714 10
3273 24432 5
12690 23798 6
125 19004 8
9446 11512 2
19700 20085 4
21955 21967 10
10876 16639 6
2750 7048 4
4595 6383 1
2797 5102 10
3053 3865 6
22331 23632 1
2564 6569 2
506 6569 4
2901 15711 6
3345 10635 2
15543 21939 4
5368 24940 3
3416 4483 6
2661 17719 6
9363 11946 1
804 6848 1
2747 22398 4
21785 23620 8
8534 20371 5
3928 8734 9
4728 11606 7
1940 6061 7
4578 22786 9
381 4329 6
9960 11396 7
11904 16028 5
2817 22116 8
279 5191 9
836 6089 10
1428 2147 5
11447 14286 8
6451 10373 8
10681 24093 8
7693 9940 1
3734 15193 1
6461 16203 4
1324 24880 4
9890 23372 7
2010 3098 5
1675 7113 4
16400 24744 1
195 22976 10
7671 19957 6
3366 18154 2
11222 19603 6
2780 24933 5
1049 8867 6
9498 12312 3
1024 7195 6
6609 9686 1
5300 6849 2
6605 18765 9
3055 15585 5
5388 17991 4
8939 21708 9
1923 5742 9
13440 21313 2
7215 19163 7
6521 7543 7
1939 5113 3
7559 14658 6
5155 21097 6
6404 21551 9
1958 3412 5
24106 24425 2
2912 20461 4
123 428 7
491 21438 7
5009 6374 6
9286 13228 7
4764 14684 10
7611 9107 6
126 3851 5
5688 18661 1
438 8655 6
3926 7191 4
17252 18642 8
9435 22520 3
17073 19628 6
20972 23272 5
26 18157 7
4338 21263 6
9302 24710 8
3836 10896 2
7230 10449 10
434 15651 8
6404 19340 7
15930 16233 8
8585 21930 5
10004 13873 3
2833 13115 6
5244 11255 6
11966 22911 3
2595 6501 4
22181 24981 7
504 7367 3
21380 24189 4
1933 22404 6
14283 17622 9
831 8712 8
8581 17512 3
3219 12436 10
9032 22771 4
13215 18270 4
11769 22393 3
17631 21692 3
5588 6705 2
21956 24263 3
1827 2842 5
6130 19362 7
7955 14299 1
10022 22105 2
5968 21156 5
7667 11103 10
4789 9794 2
7557 16126 7
14524 14790 10
2007 19490 4
15706 23174 10
18089 19604 7
12924 18072 8
7254 23644 7
599 4430 9
1848 12099 2
6331 22359 7
11204 24494 7
8402 13729 4
4168 17271 2
3783 12804 2
1300 12800 2
21232 23111 6
6069 20925 6
4166 9258 1
5689 6886 5
1253 2557 1
4847 24365 9
7911 8672 4
4397 6760 1
669 23968 9
2989 11988 2
3985 11403 10
1808 14082 6
842 7159 4
5594 24685 3
15038 21543 8
595 21376 9
5407 23838 3
4455 5039 7
8161 9625 9
981 12499 10
1159 15948 6
7445 7864 7
103 6821 1
8841 15955 7
3058 11388 2
7022 11846 6
10219 17827 3
5534 7067 9
4963 16969 7
6166 16890 8
6488 19166 7
3124 6067 4
6671 19538 2
7089 7481 9
9039 15265 10
1238 9874 5
14131 21043 7
6364 11222 6
3240 12340 10
23095 23308 10
5690 17602 3
832 1816 9
17168 19731 9
4283 21620 1
21 105 7
12627 19685 2
2764 3164 3
1127 23733 10
83 19755 10
1594 18876 2
4732 22050 1
7619 13998 7
1377 5332 1
1100 11536 2
14503 20667 4
6858 20624 8
2071 3865 9
7278 17257 2
2451 17105 10
5089 14214 10
2187 14372 4
3707 11499 5
4621 21136 3
1514 14808 8
8489 20421 3
3242 6420 9
630 5710 8
2801 4258 5
2723 6566 9
2981 4489 5
4354 16206 6
5168 22788 9
3292 4663 3
3113 5712 3
799 1164 5
11885 14348 2
6983 22053 6
6259 7154 8
5489 10732 9
2047 6926 6
3866 12401 2
4095 5692 10
1937 15357 8
2752 5155 8
554 8706 2
15145 24793 6
24279 24471 8
161 2587 4
16644 17739 10
7534 21555 9
14987 17143 10
4549 20933 8
4987 7386 6
2871 8439 6
2414 8071 1
9537 21157 1
6914 21165 8
3831 4097 5
7325 13728 6
4531 5165 9
2204 4869 9
302 2155 5
6981 10628 5
12167 21107 3
9167 24449 3
3067 3831 10
1598 22885 1
16570 17271 2
2564 2872 4
1722 1914 9
16373 22751 5
7755 11579 8
2186 3241 3
2990 16967 8
61 12469 4
8671 14168 2
3988 4340 2
2644 5331 2
4292 24765 10
1931 18174 2
3376 12671 4
9581 12128 3
233 6663 4
6920 15154 6
6076 8878 9
1537 15984 7
8011 12100 8
9272 12881 9
1134 3509 9
3990 4208 2
6885 7612 10
4863 7552 10
2407 2870 10
6838 11942 6
531 15662 7
14968 24491 8
5451 8506 5
1857 15507 7
2679 21829 3
7219 8117 2
7520 22268 6
5708 18362 5
13053 22162 7
11260 20427 1
58 4453 9
7990 10998 5
12911 13396 7
3887 10966 10
10092 24917 9
3797 20814 8
5751 7875 3
9263 20523 7
1030 23144 4
691 20751 3
4276 5778 8
865 16033 3
8954 20160 7
7010 12853 4
2008 8509 5
934 5869 1
756 5230 10
9472 17562 10
5767 20251 7
16816 20817 10
6438 15674 8
461 5471 10
6929 15526 8
6799 14770 1
776 23250 8
3100 6420 8
11531 18393 8
2613 7663 5
2442 22644 5
12562 14810 2
2877 18334 5
6410 13318 8
4956 24978 7
16736 19096 7
1049 10304 3
1173 13631 3
11223 23938 9
4198 7847 10
7080 21826 5
1714 20493 2
16483 22521 10
208 5392 9
1380 20338 1
1664 4591 8
6601 23890 3
11462 24466 1
6082 12643 8
2346 5821 9
9677 23415 6
151 1250 10
2131 11829 8
16970 21513 9
615 5465 1
1969 22388 5
1249 24130 5
4702 13444 6
12461 19561 4
3922 20841 1
6244 7361 7
14706 22540 2
17467 21079 7
4443 7161 8
6681 22761 3
15229 24339 10
6294 6578 8
2717 14452 9
3237 7765 1
19284 22754 2
3193 16204 1
6964 23154 2
11262 13458 8
5700 22269 6
11489 19049 10
549 21352 2
6944 19501 10
9457 23248 5
2438 16511 7
1300 4112 2
13388 24514 9
2467 3014 7
4883 23520 2
1013 17754 2
897 5753 3
6824 18696 6
3885 8791 4
12481 16434 7
8315 19548 5
12559 20359 2
2508 15006 5
2637 8427 3
3215 4743 8
2299 21641 6
13857 16590 8
12324 22467 5
5268 8647 5
305 10504 1
8994 13572 1
8133 21953 5
9079 23425 2
6564 7286 3
755 2876 1
15945 24918 4
7193 24843 3
9375 14551 2
2071 22000 5
4624 13941 4
2972 5897 3
6656 8498 1
7340 17308 6
2822 6220 9
8254 9109 10
2683 6025 6
6501 8151 8
2327 17441 6
6607 24185 3
135 24344 4
6970 12957 1
1918 8499 8
4399 9546 10
2823 6977 5
5509 13247 8
16696 21798 2
3003 21837 7
12224 24322 6
930 17131 4
16568 24333 1
15838 18944 5
4567 21434 2
1767 8480 6
11761 13175 9
2224 4259 1
7584 22367 3
6753 21245 5
20548 21706 7
754 4444 3
8740 10610 3
758 8901 3
6488 15493 6
999 16534 7
1908 7388 3
1583 8159 10
7988 8895 4
9364 10965 7
4422 23031 5
521 21047 2
5280 23032 10
3290 9872 1
19962 20156 9
1493 11353 9
264 8206 10
6589 9452 1
4788 18632 4
1575 18263 1
11848 23540 5
6272 16515 3
6239 23494 6
4553 19404 9
5368 19030 8
4212 5824 1
17264 17850 6
8095 16581 7
1679 5264 3
7455 10554 6
5149 6161 8
1103 4060 1
613 14919 4
5422 7041 4
4264 24972 9
10509 23842 10
2671 23599 4
7141 17216 7
5384 5629 6
12340 13800 5
6377 13030 8
4992 20642 2
18684 23900 10
7407 19002 10
3038 4598 8
6044 10013 7
3041 8272 5
6772 15512 10
5334 13915 2
946 21764 1
1728 2406 4
13123 15949 6
2068 7888 6
3848 23789 7
10792 14263 7
14300 15090 8
4248 5370 6
1330 3019 5
1970 7400 4
3660 17943 6
10241 19891 9
375 11318 1
3854 7458 8
249 10604 2
5788 6556 7
2865 17597 7
2639 6117 1
4092 13630 7
10134 20290 3
11039 11902 5
1858 21741 7
6366 7453 10
4665 12381 9
4662 13592 9
3905 4009 9
4873 8547 6
2867 7449 10
1306 19466 2
5165 8561 1
4931 15611 4
7776 12723 4
34 11393 2
5585 16889 4
2805 24491 8
4756 12752 2
13699 23214 10
5982 24872 8
563 18652 5
910 9322 4
860 4907 7
12506 14903 3
7291 14252 7
5316 7545 7
7026 12330 1
1219 5072 2
7171 22313 1
914 10618 1
415 18789 5
1176 17633 2
10244 24401 6
1054 4484 5
110 5153 6
11202 19869 5
18027 20649 9
896 4745 5
752 21323 4
7078 19829 3
20918 24533 10
5919 22346 6
12969 23387 1
4276 18391 5
280 11638 2
13229 23840 3
3722 12084 7
2367 4027 1
1016 18561 5
13759 15630 5
1977 10067 9
266 4857 2
14826 20457 10
3621 19556 4
3324 3464 10
9072 14521 6
1368 16165 10
250 3113 8
13875 15093 7
6002 12838 5
7467 10533 8
10656 24990 2
4906 6007 10
150 10323 9
5011 21435 7
5954 15556 4
3825 17312 5
2841 3092 1
3238 7505 2
2269 12024 5
1022 8342 1
7051 7770 4
379 3122 6
8651 10777 6
3578 18351 2
2841 8562 8
5894 6182 8
4835 12769 10
624 18911 9
4834 23572 1
2841 19504 4
6906 7142 9
13176 16896 10
5929 7341 10
536 18128 9
6807 8991 2
2028 24647 3
9455 20778 4
2984 12695 5
5751 11846 8
20242 23863 1
18211 20220 1
5003 6943 1
16457 24047 2
5260 19319 7
2143 13406 9
3645 18875 5
5832 16203 4
1685 23141 8
3449 7424 5
2791 5412 10
932 7121 8
1615 24143 3
1447 2344 7
8972 22663 7
20005 24918 1
5501 12253 2
6491 17962 2
8413 21417 8
2676 5184 7
11548 14739 8
1448 3151 1
5177 15006 5
6648 16546 3
2863 4084 1
456 22575 9
1697 4566 3
5938 7763 4
6220 6225 1
745 1848 4
7074 15930 3
7335 9598 6
2206 14511 2
4682 13342 2
1208 21578 6
6647 14610 9
1582 7598 3
79 4245 9
3973 5276 4
1059 20157 5
5583 21157 10
3610 4616 10
5958 14650 3
3612 17779 7
40 13539 1
2989 3684 5
228 3984 10
9856 15974 1
6961 11581 2
922 14527 3
5912 21686 6
7513 12104 4
23010 24563 1
8135 12484 10
128 18382 6
2944 24310 10
417 6583 1
5353 7596 6
13068 13371 2
2445 19922 8
14780 21406 4
8535 19817 9
6215 18918 5
353 1721 9
1582 9392 1
3986 20080 9
20324 21954 8
5009 24615 1
12237 24830 10
1478 21955 10
4853 23460 9
7773 18114 6
4132 23763 5
10468 11654 3
22811 23387 3
6480 18244 7
1135 21852 6
16793 17481 3
198 2387 8
4794 6614 10
3447 23400 8
2133 22681 1
2340 6912 5
3466 6604 2
4994 13287 1
8429 20565 9
11254 18478 2
6307 17535 10
341 359 7
11441 11921 10
2090 18527 2
7315 13761 10
1339 5861 6
5535 18681 9
1461 5452 9
3140 3847 3
1915 6432 8
7686 24433 8
13770 20942 3
2486 19712 4
6308 14893 7
5840 15993 3
5558 15058 8
2416 18638 8
18542 24676 4
217 8887 9
1608 4134 5
1921 19812 2
13189 20399 2
13246 22645 4
952 6376 1
107 9067 6
5767 20598 8
4631 5223 8
3547 5411 10
12506 14936 6
1569 18411 10
3025 9949 1
313 13472 1
1252 4732 2
7096 15337 1
2653 7135 6
4945 16730 6
3503 24941 10
441 1656 10
3160 3375 9
5498 12454 7
12169 23881 4
4038 7951 6
9337 20196 10
833 3303 7
1529 12306 5
1918 2071 10
3793 11571 1
6048 18543 1
108 17114 1
10451 17795 8
291 15608 7
5488 18120 1
1610 2126 6
10345 22487 3
21027 22209 5
5699 14152 8
6827 16925 3
6289 8414 3
4324 10339 9
4254 13624 3
6770 19754 10
8687 16158 5
4715 22347 9
295 2838 8
1301 6434 2
1994 4661 10
3982 4487 2
6298 9797 9
11473 23717 9
5549 13615 7
521 12397 6
81 13074 4
21607 22526 4
1234 20498 6
15886 20192 6
6785 20339 1
9540 14723 6
21320 23823 2
1225 7131 2
1428 24769 1
11625 18141 10
1006 16956 9
21592 23364 6
2063 7484 6
1135 19184 2
4213 17866 2
5461 5513 7
6493 17060 7
229 23875 3
12388 17689 4
6202 19016 7
7126 15878 10
1916 16761 5
2579 6922 10
2799 24306 8
6377 23088 1
1041 16981 7
6417 9156 3
12614 17677 5
4663 11613 1
10886 12182 3
1605 1765 4
1592 13493 5
4850 7335 8
3734 4478 9
9891 12051 10
1021 10683 1
1142 3337 4
229 12317 6
5774 10818 8
1351 3433 7
3395 22760 4
2768 2864 3
10789 11632 8
1262 20413 5
706 10668 2
9989 15946 10
3327 5504 2
8457 16030 4
20695 20900 8
3770 6986 10
826 6558 6
16588 16628 9
8930 11085 7
5397 14737 1
697 1642 10
22087 24193 7
8844 20920 10
2512 4830 7
6485 22215 10
9149 23249 4
7603 13384 8
12026 16674 4
9370 15384 1
10 4306 7
2103 6828 9
6010 19664 8
12139 12603 1
21538 23849 8
2198 15097 6
7400 21379 2
8066 22805 4
813 2370 7
5085 9858 10
1794 19840 4
3153 10745 9
3262 8378 2
6584 6692 9
3668 20175 7
1354 13153 7
2083 15028 9
9967 19162 8
16022 24784 7
5601 24294 1
5184 5886 5
6609 11046 9
759 12397 10
16750 23825 10
6123 12985 3
964 4811 4
1436 18555 5
2634 4056 1
866 3486 2
1778 20369 9
1440 11072 6
551 24485 7
2184 11586 9
14959 20385 2
4707 16385 3
169 24920 10
893 1556 4
1467 9960 9
13660 14272 10
1081 13348 7
4989 7909 9
11332 19240 6
23154 24164 7
3210 3757 3
15878 18581 6
5490 6025 2
1342 13060 8
3312 7280 2
5585 22319 9
1843 2527 5
1014 1902 2
6794 14697 9
6247 7368 2
7680 16213 9
5634 12017 8
5650 9240 4
5556 11344 8
3189 3579 5
18283 21319 4
3014 11635 7
5472 9264 8
7900 15145 6
5581 18680 9
5774 13539 1
2871 4459 4
7290 23078 1
3391 11059 3
4190 4363 1
515 9486 6
3872 16926 10
4848 8924 10
16638 17683 9
6279 14322 8
6762 19045 4
3574 11293 10
1213 17743 5
5119 13732 7
5570 6457 1
1592 20179 7
5895 17129 10
4782 8019 3
1580 15946 7
1084 5075 7
12702 15029 2
5602 20800 3
7491 19501 3
6508 13043 7
4613 6334 1
5074 13308 1
10736 12738 7
7741 14167 8
3251 22270 1
14963 18515 9
128 1063 1
2139 10372 3
5407 6185 1
7359 22233 8
349 5127 8
5072 17765 2
5169 17747 7
2679 7660 6
10229 12249 7
6853 13084 2
1351 20163 1
364 4480 4
62 885 6
15703 20633 3
3665 15297 7
13018 19008 9
1142 3294 1
1681 7767 6
16734 17149 9
3661 10868 8
2571 5994 10
4688 22647 8
12009 13310 10
2543 3695 9
4872 17337 3
5393 5970 1
5601 7185 5
4375 5326 7
1011 6976 1
3269 10411 10
8840 9553 8
18275 24023 8
16005 17319 1
5257 15970 8
4047 9675 1
6322 9020 2
4406 7493 10
1353 3021 3
3434 12603 2
334 10608 1
16519 21156 10
13 5553 6
1506 19385 4
850 6817 10
764 4745 5
2134 22144 7
5551 7745 2
5933 23745 1
9606 24058 2
2053 10979 6
5249 10606 2
2441 23024 5
2058 5158 5
602 14745 5
2216 4352 5
8935 17878 7
2993 14870 9
3642 13516 8
9569 18255 5
718 5305 1
45 13278 5
7180 7680 10
924 18109 5
2027 20536 7
4373 20405 10
9879 9994 4
7383 17382 8
2114 10739 7
3276 12354 9
6334 9645 8
14790 17659 1
1348 6431 10
4239 17046 5
9503 15699 9
4961 22441 9
4762 22067 2
5693 13617 10
1472 11877 6
482 6164 5
14207 20178 6
11052 15568 6
538 8616 7
2532 20242 4
8731 17743 7
568 15166 3
397 23576 4
7028 11208 7
4011 21290 1
1581 19917 10
4804 9379 2
5358 22029 6
1418 12981 8
1958 19141 1
20504 24313 1
6062 22219 10
2792 24106 9
1046 5762 4
333 7454 6
5481 21147 5
181 12093 6
3871 18548 4
885 1328 9
6034 9032 5
2689 3241 10
6730 19003 9
1085 6104 9
6542 24441 10
439 1533 9
1521 18174 1
1597 8712 7
14412 20433 10
6353 16391 5
17366 23148 4
2798 17057 10
10817 19334 3
16717 21885 8
10908 22996 6
1645 13607 5
4300 12322 8
1975 2088 8
5661 7525 2
14 14633 10
12216 18967 6
22880 23017 7
15163 23686 2
20594 21038 1
4032 5162 7
7369 7974 10
2151 2658 2
10933 22170 2
2371 14450 10
316 15237 2
3709 14608 5
19149 20055 7
4560 23920 10
14301 23502 2
1933 6805 9
18212 18227 1
13138 17969 7
5769 11525 9
3650 4582 4
4846 23639 1
3519 3581 4
13073 23470 1
15473 16303 6
360 1774 1
6847 22260 4
695 5154 3
7974 10526 10
1935 19697 6
18566 24974 2
16359 20356 8
14807 15185 7
2519 15880 2
2810 12245 2
5403 5836 7
8027 11917 10
3161 6254 9
9297 23371 7
3925 16965 6
15483 21840 2
19058 22005 7
1741 18867 1
5528 18751 4
10183 11178 6
7798 11314 10
1828 19990 3
8672 11247 9
1744 16037 1
14932 22268 3
6628 23370 6
7157 18416 1
822 6499 3
4174 18065 4
23166 23366 6
11413 13566 2
1101 18804 8
7111 16827 3
5411 20959 2
2689 9712 6
8190 23407 9
12713 21110 7
1218 16356 10
2550 3435 2
3625 10650 8
9587 14497 2
10656 17574 1
2157 7477 2
19834 20443 6
8105 10206 2
4228 4281 5
8388 16095 6
3894 7064 3
2381 6092 8
5135 9886 2
5799 14966 7
7650 14471 8
9871 11866 7
871 3858 6
5730 17090 4
14003 18330 9
5356 9931 8
17783 21630 7
6129 18015 10
4864 8720 8
581 23524 6
3027 6073 8
391 8118 10
3644 12207 5
3724 24980 6
5021 18629 7
3035 10662 3
2630 6858 4
7284 7361 9
2553 7507 5
6888 24504 2
10757 20166 2
12941 22285 10
19920 21692 1
6267 24205 1
7701 9501 6
5527 18881 7
1766 18137 10
3445 17109 1
7336 22514 3
17356 18586 5
6385 23499 1
474 1342 8
2989 6291 8
3219 20689 4
2688 24356 4
2296 3716 1
4196 14031 3
10280 20097 5
20203 20824 4
1245 3237 1
275 3939 6
3143 16531 2
377 17091 10
17187 20255 1
7215 20629 9
1011 10642 7
2212 4383 2
4575 6555 2
17782 18917 1
1708 21354 3
7001 8312 7
1949 8052 10
11202 18799 3
9917 13792 7
5455 10936 2
4387 8228 7
4624 6472 2
7760 23349 6
6756 19265 4
1471 3650 10
11254 22490 8
2916 8039 7
2473 4536 4
2919 14172 9
5552 23757 2
3010 5018 4
4026 24988 7
4987 12816 2
6648 18997 1
1102 3142 4
3332 6040 3
9451 20755 7
1064 16286 1
3457 15554 1
3863 12052 8
13920 24885 6
6222 19665 8
3903 12911 2
3746 17099 2
6121 20990 7
1919 1956 7
4392 10903 7
3099 4617 3
9659 14584 4
4861 13069 7
12990 21040 10
3035 13436 7
1881 12702 2
2977 23994 6
3993 10446 4
6521 23479 8
795 7198 6
3972 17007 9
3316 16324 7
809 21123 10
6299 19187 8
3137 18185 1
15833 17015 6
2038 17760 3
2288 13788 9
17367 18673 2
11035 23704 3
1872 24751 10
2841 5596 3
5141 6851 7
5896 17075 1
3839 3896 2
11671 24303 2
1522 2173 10
4112 7298 7
2724 19288 9
1552 4331 7
18220 24043 7
3439 4925 3
20007 21256 5
7692 13019 9
22935 24676 10
645 8050 7
4076 6396 4
6350 13267 5
536 18449 4
2794 9479 2
7511 21313 3
4084 10011 1
6354 20745 2
16451 22322 9
2490 16993 6
20081 23998 1
686 19943 4
19527 22330 5
777 1990 8
6827 15346 9
281 2794 1
4280 23879 1
4771 23784 1
1479 15703 3
14810 15828 6
15841 17306 5
16 18717 6
12636 24008 8
8706 15529 10
771 9491 9
2843 4734 10
360 4101 2
11128 13588 9
2595 16289 5
5774 9274 4
4325 24437 5
2879 6517 7
3893 8544 7
2979 7144 5
15125 22769 4
1474 9623 5
3992 12571 3
17 19008 8
13494 14483 3
5103 6120 9
10592 21565 2
20157 21867 10
4918 8833 8
10846 23376 8
7667 18827 7
1414 2401 3
4462 17313 2
11 3780 8
9239 15675 1
763 21013 10
13308 21638 1
10518 22567 6
8387 15696 7
2043 4668 3
5691 7157 4
7799 8284 4
5708 22137 9
319 6693 9
1464 2199 4
1998 7601 9
7492 13396 10
9878 15819 8
2840 12558 4
3439 4111 10
7593 17584 4
10838 21608 7
5369 7485 4
1551 3469 3
2704 5044 8
3385 6822 1
7142 14779 9
677 19010 3
8970 19805 9
6980 24159 4
4394 24164 1
10543 14695 9
2457 23692 9
2814 4711 4
9508 20926 2
6736 14636 1
5270 21933 10
3488 14703 4
16629 19013 3
3349 22466 2
13058 20752 7
6498 20498 7
5687 14192 7
4453 17275 7
4019 20867 6
339 4744 6
2196 4212 7
12743 19304 9
21426 22702 5
600 24531 9
5455 23733 8
837 11108 8
270 7285 1
10395 17760 6
19061 23747 3
20888 23881 6
673 7476 6
5978 6910 4
641 6900 2
3278 20623 7
12129 18434 3
4948 11528 5
1635 8113 10
6219 6737 9
11220 16950 1
3799 6053 3
2926 19040 6
4156 14293 7
979 3126 5
5063 6631 8
3500 13479 3
4685 24534 7
1927 5850 6
20018 21890 4
6127 17852 5
14067 17966 6
11281 16015 1
1454 1561 6
3504 20375 3
8003 21947 5
5898 10410 2
11912 12043 1
504 16994 9
4590 17309 5
2398 6300 2
542 10484 6
261 24608 6
1148 12124 3
2677 24202 10
9205 14751 6
5631 20695 10
5534 13112 5
16292 21117 9
1471 15970 7
16984 22528 5
1364 5901 3
2112 6274 3
719 6947 1
9631 15427 7
2808 22149 3
10471 18255 3
903 3968 6
2973 5268 9
6177 7585 4
1233 20920 6
6709 20124 3
2698 14187 2
1759 9479 6
3494 5447 2
2514 3120 10
6636 21568 6
7519 8749 7
1680 11404 9
1405 17741 3
1104 15929 4
7995 13276 8
1301 2779 6
2471 14891 10
4132 6890 5
3022 4348 1
19533 20396 1
1022 13502 1
2892 15672 9
3384 24772 9
4278 17874 6
2426 15777 2
13618 19690 6
18329 21402 5
6214 11064 8
3797 7106 8
3564 21404 5
597 16917 1
5265 10783 3
6687 20523 4
16452 19356 5
5959 6163 2
10163 23662 2
8590 15018 7
5455 16444 4
11009 17023 1
18961 22674 8
1803 7414 10
1576 24898 2
7403 21007 6
2635 10938 3
2640 4252 3
10771 19181 5
5790 16131 2
2158 6419 2
3989 16446 5
11415 23543 3
2069 16817 1
3526 14069 2
4933 10422 6
15089 19681 2
10466 16327 10
810 5859 6
6813 22545 10
10572 24699 3
2859 6880 1
3575 11979 2
1440 4465 7
2855 23389 1
3853 18658 2
11269 16462 10
3490 21791 6
2488 17242 3
21517 22241 5
1289 16433 4
22822 24400 4
305 9905 10
681 5927 3
7270 7785 9
16010 18479 4
4736 15801 3
6772 20461 6
3860 14696 1
247 4839 5
4601 5367 2
11025 23804 10
378 4307 7
17655 24047 3
8384 20702 2
1142 14771 3
2610 6628 1
7357 7754 5
4560 14745 1
9239 10837 5
5396 9544 5
438 9836 4
19450 19635 6
15169 23216 3
382 14422 3
18980 22969 7
6747 14133 5
2103 22055 5
18960 19932 4
2804 9632 9
11666 12756 1
6343 19475 3
5643 19112 2
3382 7970 3
6982 10797 3
313 15039 8
15117 15255 3
3866 7638 3
5288 20084 5
5469 8413 1
5631 8174 3
2299 9438 10
3864 7378 2
3342 13734 9
6978 10229 5
16726 24542 6
6653 17269 4
12459 15247 9
102 2619 7
7415 19692 6
2194 24073 10
6529 8070 1
156 3447 1
7700 10730 7
2955 6254 10
2162 4806 8
23 513 7
4423 13421 1
7796 24623 2
1751 13970 6
14545 21385 3
3471 14987 9
19537 19611 10
1281 2563 10
6244 6607 2
3113 21287 2
11904 16153 4
5483 5534 2
270 5684 4
3330 13229 5
846 7567 1
919 4636 3
4997 24804 1
11012 20691 6
1967 23861 8
15417 15565 7
1435 20411 2
17356 17644 10
12876 16962 10
3353 9905 8
8506 17952 8
1939 7913 1
1974 14155 10
13901 14836 2
3799 6764 7
10104 21435 5
10756 18478 6
18391 18642 9
8465 20863 4
4441 19844 5
2563 3572 1
3515 15572 3
5230 22335 5
17136 19301 7
10596 20431 5
12760 17252 8
7021 7180 8
13705 23086 7
97 1242 2
1311 4698 9
17884 19836 3
3953 16172 4
6167 22756 5
6444 13932 8
21219 24605 7
4302 4450 1
3758 12295 10
327 1606 3
221 10116 2
9879 10024 5
11790 24447 6
12252 16834 5
4609 15201 3
5196 17719 2
3152 19163 5
3834 22864 5
7265 7490 9
4607 17689 7
9822 20884 5
222 6892 2
4622 6309 2
4943 10938 6
10127 13963 9
1294 21307 1
1530 10323 4
4002 5531 8
2716 2953 2
3314 11870 8
3177 17782 2
15662 23893 1
12424 16217 1
3580 22220 3
9864 18295 5
832 22988 8
4848 20344 10
4202 19786 9
8322 14400 4
2115 7912 2
5436 6675 8
691 13307 6
11977 17312 5
2691 4208 3
15457 16708 5
4764 7243 8
5024 8146 4
3695 8402 5
6617 13511 4
8149 23230 3
3689 22997 10
622 11151 6
2425 7926 10
5828 21913 5
1013 4579 3
7869 14442 7
3211 7018 7
21161 23741 5
14397 21252 4
2408 23481 4
10848 23016 2
11109 12718 2
16627 19593 9
2110 10528 1
5037 11126 3
4769 24782 6
12480 14384 6
261 2375 5
4160 21530 6
1458 18648 1
15461 18521 10
3971 4845 8
2891 9877 7
4529 8090 8
20609 20734 7
5068 17446 4
20949 24210 4
10773 12289 5
4581 6147 8
3076 22873 3
624 3810 3
1242 10265 8
13729 21304 2
4672 6979 8
3757 7397 6
1898 12840 10
9078 9889 10
295 10177 10
6329 20655 4
11166 17689 5
1368 8779 9
1659 22062 10
12610 21747 1
479 11379 10
12753 16358 9
3412 13716 6
16561 17032 6
555 6161 9
7110 7883 5
5710 22534 5
3014 3828 6
4380 15053 2
3933 7424 6
10478 24074 6
15474 20879 6
11777 22914 1
1516 21956 10
3315 21109 2
3945 6227 4
13100 23255 8
704 20844 8
17161 20935 5
4523 7453 9
813 24758 6
4131 24841 8
4083 18438 4
4457 13522 8
7498 16191 2
7065 7914 1
7036 23062 9
6567 20404 6
17242 20913 1
98 1312 3
1567 20824 2
7581 16263 4
46 5985 6
8486 24611 6
953 3767 8
6609 18657 5
15700 19118 8
8786 13722 4
13572 24352 7
4505 5751 4
10041 21857 2
16024 17680 6
1942 20868 8
5046 5259 4
1218 5653 9
445 7083 8
3667 5541 7
1610 6799 10
51 160 2
4554 23942 8
4370 14472 10
10337 24880 10
3140 3142 5
7491 21758 8
2766 6121 8
4730 24448 4
12201 20503 8
7103 14778 9
9410 19893 10
182 10576 6
3194 24760 10
3706 5059 7
6094 24073 5
1758 5750 3
1349 24901 5
17887 20323 6
80 14247 5
14912 16863 10
1348 23714 9
5043 11964 3
1266 16067 2
1539 14488 9
6175 7085 6
4077 15136 3
6300 18474 10
12441 20882 8
21515 24058 2
3679 4941 10
128 6165 5
5160 7801 5
13353 14370 7
8258 12744 10
2687 16946 8
1335 13239 3
16729 24919 8
1363 17884 10
7521 18341 1
10047 13776 5
6055 13066 6
9904 22361 3
20765 22650 3
16236 16700 1
5609 10859 8
5034 6379 1
3277 8192 2
11439 13209 1
1143 10410 8
1374 22444 1
1299 8632 10
2189 23939 7
21555 22399 3
2849 21506 10
1137 5437 9
4592 5381 4
1320 9416 8
14965 19913 9
400 20677 2
4953 22098 6
1566 20946 9
16834 20434 8
6780 16075 3
102 837 4
6172 13867 1
10155 15984 4
1950 13344 3
4088 24863 5
2279 7159 9
15564 15585 6
2736 6965 8
4432 24505 9
1560 21779 10
14487 21342 2
7295 17770 8
8266 16177 4
655 12715 5
5279 16539 5
6723 12900 2
1926 7190 7
1918 6056 5
4319 21538 7
17996 18666 2
421 11632 6
1600 3926 3
17947 24572 5
376 20447 10
1934 2319 1
7114 10258 8
8098 11695 2
950 7008 4
3952 8836 2
2868 4058 7
5303 16418 8
3399 14438 2
2296 12342 1
494 2043 9
5101 6911 10
6031 22996 2
15344 16556 10
1365 18046 4
2061 18880 3
4918 22887 9
22066 24129 1
7114 10637 6
4104 9195 1
14399 24702 5
3813 16424 10
2993 3939 5
2482 10906 7
1426 6603 7
4438 22749 6
3937 8528 4
3291 8540 2
4874 6453 5
5538 18460 10
22783 23553 9
9997 23808 7
7964 21741 5
21998 24124 9
1343 16332 9
10051 17340 5
2371 2663 8
10665 20723 1
2167 7344 2
3166 15238 6
14519 22880 9
12355 16417 1
14672 23984 7
16712 21043 6
19013 21161 2
18820 21641 9
1556 17835 6
3592 20884 5
11907 16810 1
8884 14636 3
120 6620 9
15686 17358 8
6573 18871 4
3638 24594 6
20915 23198 3
7290 12201 5
2980 16020 7
4930 5385 1
16856 24256 1
1789 10094 2
1093 24714 8
4145 7450 4
5409 13993 3
5288 11795 10
538 10145 7
2044 7138 10
573 870 3
12100 22803 2
4947 23653 4
11045 14007 1
2861 8935 2
4278 4957 10
11504 24039 2
18015 21292 3
7611 17914 4
3961 11720 4
499 16491 7
4105 7752 2
13539 17888 4
1460 7722 1
3065 21829 5
6445 8120 3
14472 18281 5
4016 9912 8
1264 2197 5
9839 13379 7
8426 10974 6
3408 23263 9
9679 22383 3
9087 13287 9
955 17739 5
6883 7539 5
6581 18152 2
10093 14030 7
2893 3447 4
3340 4991 9
6208 14462 7
2340 10947 9
3461 19774 10
11821 22078 4
5833 14190 10
3152 4084 7
5399 14132 3
16824 21951 2
17869 20077 3
780 23848 2
4604 18731 4
5941 10424 1
1902 6976 6
13474 20560 2
1762 6100 8
10549 15194 6
5875 21291 7
6260 8595 5
6103 14130 6
4063 16160 8
10026 23102 10
6579 17969 5
6799 8549 8
19284 19915 1
4892 14158 10
367 4195 3
5294 10522 2
14470 15491 2
7920 21585 4
5710 7482 2
2069 20383 2
2596 4191 9
3125 21292 6
10962 23053 4
20865 23740 1
1497 3784 8
1536 14123 8
4662 17454 4
12228 23771 8
2742 14875 6
5313 5584 9
2187 8885 5
11040 20998 7
235 24486 9
22386 23994 6
4261 13625 3
3607 4426 4
481 10313 2
1137 3070 2
8125 23586 10
11855 13756 7
471 6763 8
470 5096 9
4734 13720 7
561 20939 3
13344 18412 9
1551 14155 9
3981 4907 1
12459 24317 6
8029 9781 7
7123 7154 2
8659 23093 3
4531 24346 7
4671 10197 6
1746 23842 7
1383 20205 6
15275 17126 6
3464 8058 6
4471 5224 1
5916 15368 5
7189 14280 4
19735 24255 10
8029 17105 1
14652 23809 9
10586 13528 4
5570 24962 8
11985 23126 5
5211 9284 10
1497 4537 4
6623 12071 4
1342 18331 5
15865 23468 6
1494 16887 7
20044 24554 3
3569 22238 4
14805 14851 7
9126 9727 9
4179 23644 5
2338 11580 10
3081 3839 4
7340 16593 8
4409 20513 4
7133 22833 10
1363 2650 6
4409 16027 9
5625 22094 10
839 8153 10
2725 4225 8
6181 12050 2
3258 8941 5
21766 22937 10
5526 15990 1
10079 14200 5
2214 6643 1
9895 16566 8
10869 18166 1
13266 23538 7
4137 19941 10
2764 22910 2
8827 21833 10
5722 8305 2
998 15444 3
11913 17610 10
5425 12216 7
10977 14056 4
846 7680 3
8735 22986 8
4504 10786 6
3643 21136 1
7247 7967 4
8200 19054 8
7144 20498 3
18656 23520 8
992 14985 3
15820 22194 1
7564 19569 2
18224 19563 9
20441 24912 1
14180 18632 3
10941 23595 9
3062 3167 1
1976 13710 2
9520 9872 6
4643 13968 10
218 16770 3
5731 8390 9
12103 20268 2
5235 13289 4
3415 10924 5
2032 6246 1
19640 24098 2
7788 13343 10
18442 24955 4
158 19681 2
1467 17699 4
2193 15618 4
3999 7815 6
550 21779 2
7618 8012 10
8724 20023 2
3192 19908 8
2521 3025 8
5345 14010 6
8832 23621 3
7497 23119 1
38 24329 4
5115 12048 10
6564 16356 5
560 3018 4
1854 5271 5
1984 17160 3
6677 7281 10
7441 17316 9
4211 15485 4
5448 6477 1
18606 22181 3
3966 23486 4
6614 13335 9
1413 7310 1
4924 20147 10
8857 14623 6
2205 15416 9
4625 7033 7
21648 24735 1
1395 11122 2
4054 4968 8
2496 2656 9
5284 19847 5
4556 5176 6
619 23036 7
3289 14940 7
10321 12748 2
6609 23023 10
17563 22744 8
13348 19961 6
16380 20399 7
6578 11547 6
14375 21300 9
16144 18928 8
2750 4994 10
6224 6760 4
864 15858 9
181 5513 1
11324 18158 3
3630 3840 5
14846 21431 6
2223 15540 1
8914 14760 4
3484 12037 9
4586 5724 10
10654 16875 1
5087 17452 10
17121 19161 10
11049 14882 10
1001 6926 4
4598 11937 5
12348 15480 6
4730 15963 5
7954 13385 8
4089 7591 5
7047 23045 2
2899 5515 8
840 2751 7
5413 9369 1
11164 19860 1
10245 16772 3
8193 11849 2
6061 7397 4
12663 24514 2
3941 9722 6
3746 19561 1
7670 8878 8
2394 8011 9
4100 22531 2
7489 19354 3
13716 21217 7
1118 17203 3
10890 15387 8
3774 15814 5
15158 16771 4
430 5370 10
13359 18454 3
6548 18159 6
11838 20907 10
3588 20438 6
7310 23522 4
19305 24578 3
3238 9725 5
10757 24774 6
6031 17094 8
942 11160 10
659 23528 9
2061 23592 8
19584 23345 2
5148 11783 6
3433 14934 3
16476 21671 7
3412 24655 6
3842 6090 1
3921 6058 1
7283 13877 1
3914 9208 2
3861 17415 4
5580 23256 2
3120 7953 5
737 20173 2
6109 9243 8
3258 22755 2
1454 3495 7
2103 3312 1
707 7212 8
12688 17168 9
12562 15633 1
1475 3389 3
20711 23305 6
10378 22848 10
11062 11689 10
4560 22492 2
868 1674 3
651 6576 5
1770 12047 4
3513 18716 5
14855 16499 7
11936 20396 3
7024 20753 4
6254 20530 7
4754 22088 7
2125 19131 5
6473 20161 6
1404 3247 2
1908 14286 4
9958 23968 10
2333 6433 1
8628 19551 5
14153 16450 2
17264 23728 7
11250 18195 5
4348 24673 8
8750 10841 9
2482 11129 1
5760 14530 4
19105 19108 5
27 19929 3
2799 9681 10
34 2335 1
16557 22651 6
10418 15481 8
3191 13508 3
4800 9529 2
3214 22137 8
614 20753 5
5492 13346 3
3145 10262 7
4379 12268 4
3954 8500 4
7157 19894 1
2581 6695 3
4863 9569 10
11489 12106 3
4057 14240 1
3536 6643 9
8715 23581 1
7442 8515 10
10049 18642 10
3880 7328 8
6193 18874 9
7647 20338 7
3837 9050 3
21146 23590 5
3517 11873 2
5868 19272 2
5082 15325 2
5400 7714 6
1397 2128 6
118 8391 5
1310 4233 10
1727 20484 7
2262 23895 1
968 15970 5
772 15300 4
18477 20843 5
12583 19313 3
2649 4172 9
6578 24219 4
1947 5600 4
16803 24158 9
13574 15796 9
2667 13493 2
16841 23657 2
985 23683 7
5667 7403 6
3678 14148 8
12426 15974 3
8592 9505 8
3298 6426 5
7412 9279 5
6000 14001 7
3831 24451 10
4679 7119 5
5698 12184 7
7006 18917 3
796 21818 2
2276 24848 9
3379 7582 6
1186 6919 7
8398 20611 2
1771 5756 6
2214 5527 5
1505 18166 9
17774 20817 9
3728 8365 10
2615 7887 1
1502 24847 9
17180 18941 6
4341 21550 4
12226 22990 9
5622 13090 5
5896 16589 6
1209 1543 9
5477 23254 6
9455 22090 4
2728 6820 8
5163 9896 7
17675 23991 10
1359 5923 4
2519 21504 1
3715 23732 5
4149 14142 1
10603 16972 1
13615 19113 4
9232 11792 5
1072 12377 7
78 4967 6
5182 21379 2
5283 10360 9
2157 3396 4
8474 9545 8
5540 7187 1
1412 5696 10
8146 9274 2
3102 5594 9
7285 21976 4
3597 16640 7
5269 6297 7
409 2855 6
8176 8617 1
1717 3378 1
6076 12691 9
15131 17305 6
2224 8410 7
9745 18572 3
1605 15183 10
5327 9722 6
8194 10035 9
9914 12817 3
7065 21458 4
10566 19232 2
1084 3687 1
3158 20993 8
3389 15657 3
18556 19174 5
2268 22073 1
5107 18990 10
14104 21981 8
15098 23268 3
3309 12422 7
5758 23420 6
2055 4824 4
6994 21140 6
433 12271 5
2236 16791 6
5960 13754 5
4071 21685 6
1541 7643 1
7240 18073 7
3758 7801 6
1108 9868 7
12089 20462 4
15489 15984 2
336 9666 7
4610 19404 4
7379 10084 8
6510 15261 7
17921 21850 3
4071 24867 9
520 19761 4
16167 19230 4
270 5317 1
5823 22326 2
4026 4720 4
977 10027 4
942 9285 8
1339 11616 1
34 12823 5
14183 17569 6
4871 7597 2
3842 18069 6
16940 19955 5
9329 14185 4
555 19407 7
1442 21512 7
2111 13029 4
15447 22453 7
11947 21926 3
3157 18926 4
387 1630 10
12994 18255 6
3594 6601 7
10070 20087 10
11409 13891 8
19596 24238 9
10803 15159 7
295 17673 1
16129 22164 7
1732 6620 4
1530 11309 2
15811 21251 7
5237 7228 4
8646 17100 3
892 22112 1
713 23582 6
15092 19763 3
1515 2105 7
2011 21277 8
22145 22192 10
3954 7233 4
1049 23661 2
4167 13063 4
176 6823 5
5023 11669 9
1203 13751 3
11615 16252 3
898 24150 9
5469 7333 4
1422 13066 5
3374 4793 8
1204 20234 7
7692 22522 9
3324 13723 5
1591 1849 6
2402 5534 10
6688 10127 7
12747 14918 4
1301 5335 3
7023 12091 5
1440 23572 9
1536 22287 9
4231 18178 6
18309 21325 6
2236 8015 6
2562 2815 5
14402 14466 5
4 11026 6
5899 7670 2
3272 6650 5
5001 7640 9
3196 20688 10
5468 19504 4
4093 4670 3
5135 17822 1
3288 14190 3
2543 3018 3
13277 16062 8
2718 13269 7
23523 24915 8
3072 3652 3
882 4813 10
8225 15060 1
7052 14751 1
3183 19618 4
2890 5494 1
13851 23060 2
3450 16589 7
972 9471 2
2873 4494 7
14137 18066 5
1388 11175 8
17752 24396 2
7727 15214 4
12559 18682 2
12227 16100 4
6040 8032 2
881 6690 8
5549 21447 7
520 12615 1
2248 20215 10
3047 20300 4
478 20702 10
6720 24948 7
8057 23900 10
10246 10599 5
7901 9514 9
3453 7432 4
4482 21565 2
200 4523 5
12171 24421 7
6168 6279 4
147 2662 2
9623 13248 7
179 15456 9
13128 13333 7
2467 3437 1
4758 7327 8
13720 13760 6
16132 17520 7
686 5943 7
6366 7115 10
2422 11135 8
7216 9900 3
13875 23617 6
1458 3995 6
6118 15537 9
4308 20802 2
13032 14504 1
4722 4885 7
4549 6839 4
6394 23226 9
12721 23498 5
1633 21936 2
2526 21689 1
176 2882 4
19472 20284 4
13470 21640 9
3685 5945 9
1548 21807 4
15432 16830 8
6547 14922 3
10769 19673 8
3533 20924 9
15190 21643 9
4561 22881 4
526 19051 5
4239 14746 8
5369 6851 5
2188 15627 9
13371 18832 9
3244 10243 5
4704 18845 1
5864 19068 9
1895 24885 6
13051 17121 5
15476 23234 5
4259 7450 8
4613 13238 6
977 7966 8
15917 21598 3
4059 18530 9
5867 10361 4
3259 3762 3
7698 12849 10
11517 14261 5
2908 24873 7
1248 5861 5
1353 12897 10
3709 14305 2
517 15523 3
11573 20908 7
15912 18974 7
380 12306 7
11289 24963 7
4015 4293 3
794 11504 8
12789 16418 3
1306 8348 2
7727 8914 4
17852 22624 8
13863 23054 10
732 22588 6
4569 17214 5
10829 12264 2
8770 19707 4
17096 19341 7
5430 10158 6
2377 2656 3
7980 22456 6
2118 5399 5
304 13777 5
147 2838 10
12352 22037 10
505 21450 2
5026 7678 5
1478 4018 9
2317 17924 3
6431 21662 6
6306 10172 6
18170 23557 6
6098 18825 10
8434 17604 10
6439 22479 2
2126 6809 5
9291 11734 10
7921 24993 5
3161 16671 1
3589 24530 3
4051 21132 6
535 23365 2
1694 13598 7
12321 22489 3
17481 19399 10
17149 19410 5
12761 15011 6
1293 16350 2
9846 21013 1
2428 4320 9
3387 6359 4
1301 10423 10
5490 7091 5
2260 24033 9
1604 5168 6
7926 23795 10
1469 3091 6
988 15439 9
599 6592 7
3169 15050 5
20918 22982 10
3352 14271 10
3375 9133 4
9875 16328 6
3210 4677 2
2559 24409 10
93 2454 8
545 18216 10
7991 18356 2
5154 7660 5
14491 21203 8
5725 18515 6
8812 11414 6
3611 4150 4
2775 7251 5
13489 16900 3
2823 5744 8
2548 4748 9
17362 21389 8
6505 10183 5
2394 11502 9
15193 23525 5
9361 12199 9
6244 13748 6
5096 5757 1
2132 5639 7
3474 14550 4
6588 12552 7
708 7553 8
4517 23165 8
6858 13279 4
1 17433 10
7626 8913 1
12643 18079 4
7185 22958 7
7554 17315 8
13123 13671 9
4091 7804 2
19232 19845 1
529 1987 5
3705 20421 9
836 9381 8
16100 23449 3
4915 7791 1
2922 5180 4
5897 6510 2
7531 20394 6
2008 24708 10
205 6549 6
7840 24858 8
8999 19472 7
472 18580 4
3159 10693 7
2704 6996 9
12151 20318 4
1858 16380 2
8804 21915 1
6480 19246 8
5083 13524 3
2218 8937 9
897 6972 1
487 4531 4
13884 18235 6
694 17735 10
10113 19510 7
9314 13686 5
5793 7223 7
5873 14542 2
77 5365 7
1459 4836 9
5984 19161 5
13791 14433 4
3434 22007 7
8031 13146 1
933 3881 8
4100 8036 4
11315 11874 4
372 11585 9
15097 19033 3
15949 21683 2
4656 6634 7
1184 17862 1
185 796 6
16933 22659 5
489 16573 8
485 585 2
1077 4829 2
6237 9030 3
17134 18346 2
3075 14349 5
3573 13777 3
360 6492 3
2273 23022 4
1000 4145 6
20748 23797 3
20 810 1
9834 20925 4
7531 15484 1
11224 23830 1
909 24491 5
15097 24217 7
4427 10250 8
17379 18064 10
14930 22778 2
6123 22466 4
2427 21741 10
764 3365 10
6245 7004 4
2898 18644 9
500 2982 3
2969 15041 1
7772 18005 7
17272 20270 8
530 10578 2
6304 9319 9
2484 20550 1
67 6475 4
1616 7771 6
858 3668 5
6515 19944 3
21660 22926 8
4035 15740 7
842 21469 4
5651 17398 7
927 1509 6
6065 9431 5
4147 21130 8
1187 24640 5
2453 13478 7
2855 6121 10
7038 10675 1
1066 23421 5
16321 24871 7
3287 12904 8
4834 12363 9
898 3463 9
723 13981 2
6639 13973 10
4484 24784 7
5838 24727 1
537 7057 4
1507 5499 5
1204 5795 8
1277 7386 5
1408 18471 7
3948 5424 2
8107 15093 6
5425 5785 10
9699 11754 2
421 19280 6
2515 15375 1
1207 14779 1
1605 24254 8
3321 20394 5
16981 22091 2
6762 15205 6
6189 23374 3
2585 11102 9
17296 20717 1
4444 14506 5
1168 3332 7
2038 3310 7
18571 20872 2
8161 19676 6
4502 23805 2
8937 21235 4
1543 5847 10
7680 15999 6
6732 14337 8
2441 16909 4
7430 24962 5
3889 6282 1
4063 5089 1
150 5893 2
4358 23393 6
4479 23123 3
2905 9747 3
5310 6969 8
10398 19407 10
69 13613 1
10343 21755 6
6036 20134 9
10290 20114 6
7522 20377 9
3763 15043 10
8828 11002 10
11276 18936 3
6636 9693 7
8112 13908 7
15778 17276 5
16035 21869 8
7208 12854 2
15756 21749 4
4383 20697 4
4461 21756 8
2231 21555 3
2270 21767 7
5028 17185 7
6287 9248 3
194 5300 5
1381 6956 5
771 7475 1
56 3671 3
4609 7883 4
5013 12923 5
9894 16090 6
2920 10993 6
3539 19166 7
4912 5909 9
1694 8453 6
14074 17222 10
705 17479 2
11148 13242 2
1077 16438 10
597 20018 3
789 13719 5
1253 2284 1
14428 22764 9
3463 10138 9
5696 16334 2
8294 24073 5
9170 20714 6
2970 7428 4
10303 15290 10
2146 19448 9
9652 15051 6
2516 6792 1
1614 24552 3
1017 24117 4
255 22836 3
19883 22716 7
258 9876 4
11330 13053 10
16738 23610 4
1213 20345 5
3763 24061 2
842 15433 8
1435 19809 6
15370 20134 5
7673 21822 3
2309 13182 7
365 3027 3
1654 11635 1
5655 13366 7
7898 23022 8
2608 21728 2
4007 21746 8
9679 21624 1
15257 16587 8
5302 6984 6
11243 18396 8
1871 11358 5
4037 16968 10
1834 6585 3
10660 20044 10
5143 16172 4
4578 7214 10
4613 8459 8
5156 23521 2
3707 17206 7
564 8929 6
16987 19545 9
241 2373 9
247 24160 2
1685 7695 5
21094 22257 6
6697 16166 1
1215 3512 5
2633 13311 1
7385 13504 10
1758 3932 4
4240 4744 2
1298 7611 3
16674 19333 7
5834 10860 1
5510 13252 1
1145 23743 7
12117 20836 4
8554 20328 7
3248 6018 4
9694 20898 9
4753 7569 10
20517 22434 8
7851 12805 3
6967 20814 8
1154 11927 1
5650 8140 10
2453 6571 6
3907 4199 2
9917 21541 9
21958 23158 5
3938 19897 6
11650 16737 1
8461 22988 4
7994 24147 9
630 21146 5
5060 12357 5
6290 9919 6
21 7661 1
2806 18827 3
2004 9556 1
1980 7721 7
10563 22908 3
5352 12246 2
2909 11022 8
4266 18975 3
3236 11182 8
8930 15915 7
1122 17284 5
1013 9393 5
17971 19320 7
4002 6947 8
6637 7223 5
3991 14006 6
3534 12154 10
6131 6546 9
15727 19121 2
2826 6726 5
1864 3055 10
4622 14078 4
5463 24082 2
8794 19757 8
3991 22417 8
5229 11542 4
2529 19469 4
2372 12870 5
3103 21628 3
529 18891 10
7260 17004 2
7805 15251 8
2071 5973 10
8903 14103 4
5186 6464 10
6436 20054 9
4762 5077 6
1266 3223 2
566 15064 9
5747 7010 9
16680 19674 4
1801 7246 3
9064 20667 2
9590 19864 7
10723 12302 5
2141 9406 2
3009 10023 5
7346 10076 1
753 6777 9
2408 5750 9
4753 6820 1
12837 17553 4
7033 8777 6
518 5294 4
18420 21680 6
346 23947 7
4452 16181 2
14861 23269 7
17905 18751 6
8657 19069 7
15451 15478 6
359 17416 3
7715 13580 8
728 8021 3
6858 21656 7
1547 22170 9
746 5140 9
9246 11624 9
3792 19523 3
5294 8924 7
2799 5814 5
17988 21022 4
7538 17926 7
13615 18864 8
8385 9341 3
1610 10897 9
1813 11620 7
4811 13006 9
1708 2769 7
15034 23857 10
6652 19034 6
5256 6649 2
48 8421 5
11755 17656 6
1098 2920 4
7565 7603 2
11872 15267 1
13329 24948 3
5586 11741 10
9407 14018 2
13134 21163 5
6636 23338 1
7129 14981 10
17520 21867 1
23563 24699 9
7640 8456 8
413 12995 10
6830 24538 8
6950 17599 1
12891 14663 2
6093 13317 2
8891 14019 3
3372 11869 7
17292 20509 9
6201 9962 3
103 14416 4
5573 15131 5
3159 17300 7
2742 5641 1
12398 22921 5
4156 18246 10
7798 16394 3
2353 24234 1
3897 19254 8
11305 14814 8
2386 23232 10
3283 23034 4
4379 24838 3
10139 24036 4
12534 23817 8
6353 12738 9
11179 11323 9
5865 17671 10
101 24838 2
10014 18323 5
9739 13093 2
3050 5779 8
9076 19014 8
12996 24348 5
5043 18923 2
6220 13378 2
6779 16355 5
7188 16745 9
9999 20498 3
1471 6474 3
3317 12869 5
4254 17214 10
1121 18830 1
6671 20378 8
689 3703 9
15448 18222 5
11025 15158 2
6296 8632 5
2691 10367 1
1308 12886 10
10432 16640 1
4091 15464 1
1041 9919 10
1055 20420 6
4511 10857 3
3303 24793 1
2330 14449 1
13428 22089 9
1354 15425 9
6585 22012 10
4460 7368 6
12318 13191 9
4184 22910 2
5940 14633 7
4225 21448 6
17132 24261 6
3598 7488 4
5692 10677 8
6067 18318 3
20309 24374 6
3 1237 5
4559 10742 3
21649 23059 9
95 12986 8
12346 17242 9
5870 15953 7
536 3336 6
11674 22545 9
12573 19834 2
21408 24374 2
4021 21925 2
14729 23569 10
1286 6357 1
5107 19846 4
7205 8672 7
15906 15955 7
1653 8086 1
24209 24955 2
3324 12988 4
11523 12201 6
3667 7802 9
219 4630 9
128 4903 10
5310 8434 7
1482 2403 3
12381 21528 2
5831 14678 5
5452 16472 2
10301 17501 8
4369 24742 8
4103 5774 8
15882 21106 4
4999 16508 6
5848 16182 10
10465 17561 5
5014 20758 1
3339 10245 6
22426 23810 1
2216 13668 1
2283 19132 3
5148 6876 7
4299 5537 10
4759 20431 3
761 23850 8
4712 16234 10
8122 20440 9
1820 10871 9
2340 6189 2
14976 16738 4
2363 24194 6
1034 3086 2
13501 24858 2
3781 12882 6
1800 2539 10
3293 4139 4
2145 4081 2
12538 20555 5
822 20111 4
1188 3796 4
8531 22069 6
2178 17949 8
2735 11639 7
13263 13490 9
7248 21456 4
6104 12596 2
3194 6337 3
2883 4701 8
2651 15883 4
573 5854 2
15348 24523 10
6114 19786 10
4271 17132 3
336 2603 7
5739 8440 2
1299 18087 8
13284 15857 3
1374 22181 8
1697 9916 2
9338 10638 1
2812 5022 6
4838 19642 10
11600 16762 8
7155 13471 8
14225 19071 1
20066 21181 1
5669 6286 8
5793 23531 10
5873 11187 8
11790 16080 9
16220 18666 6
16925 21435 2
364 17945 10
3441 13903 5
6985 15016 8
5081 19403 8
2336 11809 4
1532 15789 3
20764 21280 4
1240 23241 6
14532 23887 6
704 15701 9
3901 19556 2
882 926 9
10581 22274 7
749 23873 10
1804 23630 8
820 4792 4
4427 16534 3
4265 5423 5
6810 23601 10
3381 8648 2
3381 22505 7
25 11065 3
6560 6716 1
7006 8359 3
5015 12689 4
1205 7242 2
5978 11056 5
299 20889 7
22904 23813 1
6397 24842 3
5949 13667 10
3900 12795 6
3077 5390 2
5839 7229 6
2185 18645 2
2483 24708 2
11924 12064 6
84 21664 9
886 14068 2
1977 6321 5
1771 22172 10
1123 5555 7
1953 4680 6
3555 21428 7
2140 7598 5
6575 13771 9
14412 17493 10
1263 21565 6
3537 24293 6
2272 10623 7
832 12107 1
1415 3612 2
2538 3787 4
13683 15253 7
1946 11423 10
6140 18526 10
8198 15077 1
6324 24498 8
6061 20154 7
4876 24883 2
2022 2336 7
22199 22290 2
7160 17952 7
1119 9572 8
14915 16568 4
5948 17071 9
12 16905 3
2103 6539 5
2754 12081 3
4663 24420 6
7130 20963 2
3997 24810 10
3904 5544 8
319 13887 8
2371 4508 3
9047 17404 2
17897 21811 1
5308 17411 6
2392 16185 9
8694 22555 7
4698 18643 4
5787 9742 5
12229 15560 8
10380 24323 10
3662 3890 7
2599 3845 6
3797 19135 5
10236 24269 3
496 13205 4
3136 24363 3
2796 13327 7
3953 5238 9
15827 19683 3
9789 21759 10
1646 21405 4
3776 17997 1
2374 11223 5
21898 24282 7
2689 12006 3
4126 23576 4
19521 19596 5
18393 21214 8
1846 4517 2
729 12460 10
1745 18989 9
5251 17802 9
1708 2184 2
6541 17485 9
16152 22869 10
1121 2564 1
4338 16167 10
8486 15022 6
5587 7490 9
339 6171 9
16137 24098 2
6066 7075 10
17230 19959 6
6854 12286 5
4524 8494 8
3033 16314 1
3582 6079 5
240 6703 4
14169 24284 4
1189 10397 6
5988 15097 3
3975 8938 6
9545 16164 9
8463 23622 2
6370 16133 5
5680 13497 10
3011 13960 7
780 20492 6
20072 20651 4
4766 7097 7
22239 24110 9
2085 6104 4
1593 2840 3
7642 8440 10
6253 13418 2
5849 13789 7
7749 15410 1
7478 7582 8
505 9456 9
13749 16975 9
16127 18487 3
5575 6823 1
1365 22021 8
5071 18602 9
3375 20319 4
16492 23166 1
3678 19296 8
5070 21536 1
4935 5497 9
11635 22552 9
18302 23279 9
3439 6866 10
305 3058 3
476 7402 10
2929 6351 6
13826 17361 2
1997 21431 8
13592 13840 6
4895 18339 10
540 20279 5
7764 18839 9
9119 17382 2
3680 6565 1
314 11581 3
9854 23245 2
9153 23574 7
13643 24790 5
14446 22024 3
4672 17686 6
521 866 3
12103 22187 7
4130 12306 7
9979 20847 10
8673 9343 7
11959 17844 2
818 4541 9
157 2358 3
2462 4198 10
3109 8033 2
7505 11377 2
3381 12837 1
1417 12179 9
5419 9073 1
247 20341 5
766 15315 4
13079 19765 6
8348 16678 4
6102 16025 2
954 20399 9
170 3304 1
6117 9693 6
15901 24321 10
12418 15518 2
12132 16372 7
1070 5850 7
1146 17504 3
443 7438 3
17887 24404 6
6887 20346 1
4076 8812 8
6555 7835 9
5182 22437 8
1010 11505 1
7557 7875 6
3217 6124 5
11836 18458 9
5224 22432 6
14737 14930 1
4091 19769 9
4036 19110 7
1517 4332 6
5596 18365 5
6235 9047 7
6989 24120 9
5038 20579 2
4325 9070 8
7518 23521 1
2017 8761 5
8227 18739 3
18902 21467 1
3104 6224 10
11296 17335 9
7467 24010 8
8087 8225 3
855 13105 7
2860 16563 6
4781 6076 4
16837 21147 4
5021 14672 4
10283 19826 1
14989 19281 1
9666 16085 7
6285 18264 9
7440 7836 9
5006 7031 6
11993 17393 4
19063 23492 3
1141 3818 3
4031 4454 8
2239 4321 4
969 18958 10
2348 4107 4
8501 17532 9
24005 24645 5
2197 8449 5
5112 14653 9
2376 23852 2
17657 21053 4
328 18932 8
6369 22617 9
2482 8936 3
1304 8561 10
4847 17009 8
2432 3903 6
6850 9696 3
10877 13534 3
19290 24385 7
4854 19758 3
1182 17032 8
16709 18435 5
12945 20725 7
5228 6162 7
298 4129 8
11970 14592 3
4582 22774 4
8003 9443 4
3081 3318 6
16975 22020 10
5522 12097 6
18370 24776 5
2817 24934 10
7632 13011 6
1062 2151 5
4248 7312 7
1092 3449 10
702 8166 3
73 2791 3
5241 23394 10
1852 14122 6
2065 3564 8
7237 17058 5
4637 11166 1
5709 23441 8
6799 12951 7
16097 24873 5
2514 3536 4
3846 6773 7
3398 18854 4
4073 5696 10
14292 17769 2
1802 13956 4
3085 20244 2
515 4194 4
4825 20316 7
7483 15707 10
9796 20517 2
958 9436 8
2701 23852 8
6227 19063 5
8020 16582 5
6149 13061 8
2836 3116 2
243 14038 8
5144 22640 10
1681 7063 7
1592 1805 4
12072 12223 3
2893 4435 6
20202 21509 10
722 18710 6
6592 17358 1
11195 17772 7
7310 22149 3
9073 18668 3
6529 7242 7
3283 19366 3
7056 14173 1
7247 12097 10
5427 24634 5
611 7148 3
9315 14752 1
3285 17510 1
3851 9784 5
10564 12592 6
847 7690 2
1354 15587 5
16445 23514 4
210 24737 9
2333 6442 6
4494 13791 7
1308 3232 6
13685 24120 10
6869 7135 10
15354 17296 8
7527 18832 2
10272 21524 2
821 19944 4
2465 14847 1
6170 14795 9
516 5339 3
3589 3671 10
17592 19541 4
4188 7905 3
3611 16187 8
2189 3937 10
5096 8942 2
1622 3410 4
3604 9462 6
3267 11455 1
1590 23834 8
462 2995 2
3140 4733 3
7742 24338 10
26 1380 4
1426 9475 5
14666 19600 6
6092 14014 4
5272 6963 2
3831 15912 9
6472 7122 5
184 579 6
8226 21049 3
11202 17157 6
12182 17674 10
639 6096 4
7529 21012 4
5746 16589 2
5535 21144 5
16229 20361 6
5988 21995 4
19301 20457 1
9282 18781 4
19773 22872 9
13482 18102 10
18772 20245 3
6583 15025 10
12696 13896 10
885 18461 6
8362 21540 10
2359 12170 8
549 12747 3
5792 7667 5
1714 7750 6
10825 22826 3
1070 2475 1
2412 19714 7
13337 14954 10
874 22303 7
1673 4151 10
1803 10164 6
17026 24436 9
7200 15132 9
7287 17008 4
6486 15162 2
7453 12414 6
6264 16992 1
2487 6645 4
5170 8098 6
18019 23685 10
327 13524 7
2516 17470 5
11932 23655 4
1164 4168 9
986 21231 6
1647 7509 6
3114 6089 5
9137 19811 4
3925 21914 7
6257 18264 5
1134 4904 5
1366 6285 10
15800 17181 4
9170 23853 10
4021 21773 10
15428 23525 1
1491 6450 6
6373 11496 9
9349 22334 5
12397 24215 4
12314 15351 10
582 654 6
15606 20189 9
16504 23674 7
3043 4919 4
10116 17574 7
3802 10300 4
19427 23364 6
1290 6099 5
7585 24561 5
1632 1941 7
177 12700 9
2519 4000 7
11693 18861 4
20169 23308 9
2053 21434 8
6122 11178 4
4605 24844 3
13708 19263 6
6003 14019 8
7646 14235 10
550 7252 4
11807 18396 5
2904 10793 3
12763 17326 9
574 2465 6
13212 24823 10
1461 6408 6
1367 1871 6
1566 22742 4
997 23216 8
4217 16371 4
1004 24688 3
2147 6194 10
332 5233 9
3031 4069 4
3064 12709 1
142 12727 7
3858 16884 1
8376 16396 9
4814 11387 6
5286 19507 1
13934 18300 3
13641 22299 8
6319 11220 4
2732 16617 5
5680 7587 6
9024 23837 2
7205 8045 9
4760 5108 3
14700 15511 5
12018 19500 2
11302 18545 1
3789 21990 10
9820 23068 2
3421 7251 5
20083 20382 1
5175 12066 5
9926 20737 10
6163 13209 8
9584 13176 10
173 17777 7
3935 23180 7
11955 24660 4
3302 24331 9
5259 5873 3
3820 9715 2
5476 18570 8
5268 10430 9
921 20589 1
5268 8666 3
2600 4760 2
2787 14959 1
8475 17374 2
9976 19154 9
9796 18489 6
1607 6111 1
7978 17514 2
12547 16131 2
10738 15806 2
6575 9378 10
9470 18117 8
4553 13024 10
1757 4335 5
13315 21718 9
610 13553 5
20278 22505 1
246 3264 6
1190 4954 2
9373 9375 8
1794 6164 4
4423 22269 6
4628 13045 2
7077 24871 2
1732 5394 7
5099 18835 2
10753 12134 10
2994 5366 9
6247 11743 8
747 18763 10
4909 20719 3
9950 19035 7
1838 20777 3
96 22621 7
4225 14345 2
865 5218 5
18504 19973 9
2638 9115 7
15383 20434 9
21117 23976 1
15115 22650 1
2577 10655 1
2171 15080 10
4343 12432 4
5054 5473 4
13052 13958 7
422 3033 10
13651 19239 7
14457 22918 4
5419 13410 6
2941 3007 9
5576 23705 5
4297 24775 3
5654 24089 7
5086 14780 5
9463 23679 9
7994 18397 6
914 2016 3
14219 19052 4
198 2180 4
2114 4980 10
21666 23697 3
5024 14146 9
2963 19062 1
19169 19192 3
2020 7126 6
3999 19168 1
841 23485 8
11902 16388 6
5810 8517 9
2981 13335 5
128 6130 10
2171 2448 9
338 15194 7
7518 15184 10
7519 11075 6
7181 14439 9
7587 14930 4
1410 7134 4
1304 22585 4
18436 22819 7
1062 3863 1
3122 16924 8
3337 10373 6
746 10674 4
16463 19813 7
12515 23360 9
7129 11538 3
1984 12795 2
383 23051 3
480 20306 6
7505 13951 9
2337 6003 4
3541 6083 5
4548 21103 10
21967 24091 10
11118 24894 4
4044 7052 2
913 8074 6
8619 22248 2
5404 16053 2
14139 23228 5
5608 6040 4
3168 4754 8
6249 7483 9
11112 18317 1
13212 22304 10
7706 14024 5
5374 22377 6
7469 22929 1
4581 23177 9
3587 23028 7
10883 16933 9
4145 6020 3
2091 13308 6
978 22300 4
1750 17773 9
1668 6824 6
2000 24260 5
901 7286 2
10830 13440 6
6387 21195 1
1847 9070 5
9407 22526 5
17034 24918 3
78 3068 6
7963 23854 4
12593 14208 2
2548 9964 4
1974 19416 6
3778 14882 8
1008 5281 5
10529 13604 8
8565 14278 10
1440 15219 6
3759 21184 4
627 7239 2
5696 18585 9
17813 20110 9
3486 24448 9
42 4575 9
1458 24196 3
9302 13361 10
6483 21569 4
7333 10222 4
4898 16932 3
12514 13330 4
6508 19171 10
23185 24589 5
5312 9422 5
2876 15585 6
393 18501 8
1594 2346 9
8438 11289 4
8218 18890 10
3893 11010 8
2196 4136 2
5629 21678 7
22071 23595 7
7439 12833 9
20339 24337 6
5653 14415 10
6412 9663 9
5442 15494 9
1546 11328 6
806 16362 2
7656 14797 8
7778 10764 5
19505 24612 4
6835 9295 6
1067 18504 1
17110 22771 1
2459 22560 3
1447 22445 3
929 23459 9
9229 12947 1
1209 11324 9
1648 22230 6
16814 22434 9
2430 8706 1
525 15534 10
14234 24720 9
7011 19699 10
8726 17943 3
4576 20400 5
31 19797 8
4780 20432 4
10147 13842 4
22010 24972 9
4057 23425 1
66 17013 10
316 23626 10
7822 19227 6
22899 23809 7
7352 24647 4
3839 21611 7
5903 8836 4
1589 5779 6
217 10104 1
689 23479 7
6265 12653 2
11911 16945 7
896 17167 5
642 13198 2
8576 19210 2
3193 18672 2
538 7099 10
2874 13154 9
10876 18278 7
1415 16160 9
4715 5639 10
497 16907 8
12146 19762 8
16961 21520 10
10438 21680 10
3546 15214 2
5625 12895 3
1727 2263 2
9089 15484 7
21776 23034 6
2638 8961 10
3117 8147 3
96 7633 2
7239 8340 5
10851 21501 9
6258 14073 2
6412 19814 1
2022 2134 1
3625 6334 8
7331 19815 5
2978 14289 10
4937 13789 2
3358 6909 6
3441 12345 9
6339 12608 1
7900 22409 1
6919 15242 2
1295 21173 10
9090 23121 1
2866 13005 9
11620 20995 4
8154 23782 6
2453 3245 4
5576 24186 6
9744 24671 9
1935 15388 9
5269 24018 8
18976 22126 6
4230 12968 1
9583 12109 5
21220 21269 5
118 2622 6
11553 12807 1
4858 21995 9
3183 17983 9
4714 15767 2
2183 14384 5
1910 6429 6
2353 23073 3
7246 20505 4
6326 7399 8
7359 12382 3
10268 11914 6
5209 10278 9
9680 24125 6
4420 8669 4
564 20701 1
2331 22748 6
5679 12200 2
16719 18022 7
12605 13879 1
4534 20964 3
13868 21352 7
17326 20956 4
3024 22903 4
386 7325 4
2924 16321 1
4225 15869 5
6392 13839 1
8072 11854 9
1371 4454 1
21501 22594 4
3868 7571 6
4735 15948 2
5585 21582 6
5312 6047 6
1398 15264 2
3036 17897 2
331 22989 9
1963 15079 1
20216 22849 3
21079 21773 8
9185 19685 3
1771 12146 9
5306 10437 8
5336 21613 10
4530 18369 10
6849 13994 2
7 6467 9
3054 5113 4
5573 6742 6
6095 10006 6
2378 3246 1
880 12580 3
6850 23993 4
86 4527 9
4715 13232 2
2018 14037 5
5396 8233 5
5211 7880 6
3449 24775 3
12627 24136 1
13497 24431 5
7768 17430 9
4806 24280 5
21498 22573 10
226 16571 8
2078 5963 1
3864 5348 7
5757 8228 8
1950 12010 7
20886 22477 5
4927 21790 8
5714 11193 1
115 5216 2
22053 24217 2
4727 24091 9
9556 22504 7
2068 4259 4
7216 20825 9
9072 19909 4
4365 7751 5
16791 19319 9
2450 2658 10
4981 13932 8
15616 22453 6
10281 17409 8
2392 4375 6
12077 14535 9
511 1074 8
2938 6199 7
14923 21065 7
1929 24255 5
1427 5400 1
6621 12607 5
1449 6464 8
788 21331 10
2209 5888 5
6887 6939 7
805 15491 2
1817 9939 1
1759 7989 4
1753 16801 6
2836 20295 1
8512 19472 3
3414 13172 10
1919 22690 5
5155 6086 6
16996 17152 3
21457 24687 5
9179 19717 4
18882 20403 1
2409 4271 2
736 24031 3
1854 5691 5
994 3238 9
20827 22130 9
5626 7308 4
4022 11517 7
1834 21505 6
17636 19327 3
1546 14841 3
8818 18389 2
446 10849 5
447 7840 2
13423 18279 3
3689 12700 3
144 6688 2
3999 20643 7
6802 15374 10
12789 23144 9
1889 8709 4
4593 22832 4
2227 15332 2
7059 12298 8
2463 5326 10
12398 18482 1
6197 15430 9
14466 19778 3
19750 20737 10
577 15692 7
2998 15209 8
3326 4192 6
4120 11197 4
11934 12416 9
2439 13511 5
2193 7041 1
4364 9959 6
8485 14457 6
1825 8525 7
164 6104 2
21060 21394 3
8985 23007 10
2785 24525 4
5107 17437 9
10849 20659 4
3198 5697 1
19196 19696 5
3230 18341 8
405 3448 10
8905 11502 4
2937 4156 5
13208 19161 9
7900 10269 5
2990 12074 5
2102 9410 9
11323 23245 7
7730 11029 3
1769 23373 7
4514 6476 10
8917 19955 2
2548 3722 7
3725 21178 3
7640 19913 4
2346 5558 4
8911 14114 9
15484 20842 3
4354 23675 7
6113 18178 7
12497 22107 6
4454 11388 7
108 4410 1
8607 19182 6
2810 13343 6
12163 13248 7
3068 5127 7
15394 23795 10
2044 4383 5
16359 18960 9
3724 15243 6
8431 15607 6
3021 5599 3
1265 3693 7
6245 12770 8
3023 5923 3
19949 21359 5
5247 8998 9
5639 15363 3
1063 6822 5
2038 19426 10
12744 20177 7
4801 6360 2
1187 24053 8
5552 23682 7
2371 14814 6
8777 17238 10
907 7501 1
1457 24520 9
1065 4991 7
4618 5733 3
172 6061 5
5267 22944 9
5988 12830 9
18 5003 5
15317 22572 4
12299 23090 9
9636 19247 7
7417 22993 9
2561 15723 3
2946 14587 8
11657 15630 8
978 18506 6
314 9843 8
14505 18048 1
6000 8022 9
3014 22465 3
4324 22030 2
908 4777 1
1137 5276 5
11951 20459 8
6323 6552 6
2844 6239 2
9949 12678 10
5715 24908 3
1026 22329 9
7046 11880 4
1783 11956 2
7189 15226 3
4827 8048 9
10198 19849 7
4149 14095 2
14373 20426 8
2833 21782 3
2564 11862 10
4630 24049 10
5689 11587 8
318 10063 1
252 22006 7
6523 12736 10
6040 6809 6
6654 8656 4
150 10066 8
3888 16894 3
9330 16738 1
897 4737 9
2444 4606 2
3555 21655 10
823 1884 5
8623 19922 3
20252 21168 3
3227 22118 2
5799 16084 8
5240 16664 5
1824 21341 8
6595 21256 5
173 7976 1
3471 15162 7
348 7929 9
400 7740 4
2101 3775 3
7793 22235 2
12477 23611 7
5160 9850 7
1864 11149 8
8083 13008 7
9549 18586 4
6211 22811 3
1747 1942 4
1364 5357 1
7068 7395 3
2710 9161 10
8250 23154 6
2851 6696 3
18542 19169 8
5152 11822 2
1851 13949 2
308 3592 5
20442 24214 4
3146 24772 5
6141 7152 3
16359 22984 2
4266 7208 7
16348 24277 2
7945 12913 10
17569 19647 5
9366 13203 10
2054 3082 5
6433 23612 5
2702 19818 8
44 1851 5
3076 6073 3
1558 22646 4
12846 20076 4
7095 12934 3
1082 18111 7
5024 6903 5
7978 10909 8
11351 14554 3
15059 22503 9
497 8165 3
4149 8018 3
2160 11460 9
807 20898 10
1489 15765 9
3411 23968 3
3204 21724 8
3357 19392 6
11230 17594 2
5216 11881 4
6718 10732 9
20677 23287 7
4929 15820 2
10440 20932 4
1997 15721 5
18603 22793 8
3546 21990 4
4648 14663 4
5952 12948 10
2530 8145 3
5650 8957 9
4196 6607 7
3492 24272 7
546 7396 9
4474 7101 2
2931 23250 3
16811 20437 8
3895 5459 2
6256 6984 10
2062 3500 10
18054 19628 1
9009 17024 3
13531 24431 1
11490 16516 3
20988 22037 2
18284 24485 8
10864 14946 7
261 10960 9
1574 3045 3
20678 23966 3
8626 20881 4
5667 19434 4
764 7268 7
4834 5514 6
1983 24666 1
3298 21062 7
12899 13038 4
5015 11437 4
7699 15876 6
1065 15272 1
2873 3735 7
5065 22924 10
3540 8581 10
3565 4501 10
1155 5015 6
1212 4580 1
2667 23723 4
15839 22390 9
3780 22177 5
2450 9555 6
11435 13130 1
12 17463 6
6515 10271 5
1316 5041 8
14868 17874 9
6746 11419 8
452 10060 3
1153 9799 3
9561 15982 9
5201 10930 1
2232 2289 5
2898 7553 8
15246 22267 7
2894 17527 5
17225 24081 6
6355 21203 10
11899 12129 1
3123 24248 2
5168 12353 7
2359 23480 10
1530 4698 7
2516 5486 8
11353 17162 8
19430 22510 7
2646 16063 8
3279 6020 4
1682 16241 6
1965 22276 3
1462 7577 8
3592 6537 6
10582 19939 3
13426 14880 10
15635 22557 3
9157 11702 4
1561 21119 10
12685 17951 4
17932 19821 4
11183 16957 6
394 1268 8
4061 4335 10
20787 21131 4
186 13010 4
10889 16552 1
2335 10811 10
12555 16943 2
5764 13606 4
2037 4052 8
3884 7383 5
1684 7832 1
1397 6335 5
2496 19744 3
5881 6142 9
9361 12384 2
7789 16728 5
1818 14542 1
4336 21545 9
9958 11989 3
269 1954 6
12231 23903 1
12187 17206 10
5433 17012 10
11547 21895 9
1599 23145 2
18152 20289 10
262 6530 2
2256 3491 9
14700 21808 9
6963 24733 8
7567 14405 7
6617 20612 10
20042 22627 4
530 6900 4
10720 21670 9
9692 10915 6
610 23954 4
137 9055 1
5349 7066 2
7354 20241 3
1735 3374 7
1574 14059 5
1038 10698 4
3783 7166 2
9149 15160 10
741 24141 4
5071 12527 7
2605 12195 6
1902 6119 3
2021 24094 6
2438 12267 2
3143 16823 8
731 4865 6
858 9448 10
4564 5257 3
1204 1700 2
6014 18725 3
838 4172 5
4670 14736 10
2931 15805 3
6109 16146 8
1065 14246 10
18161 24278 1
1416 5415 9
11498 23297 5
221 3112 6
2668 7044 6
4769 8356 5
4470 14282 7
10047 11888 10
3522 21686 10
9963 22351 5
1012 5688 6
17392 19304 3
117 654 7
7575 17678 1
2216 13569 2
5043 5510 2
6059 23262 10
868 19633 3
8978 13544 3
1867 2266 9
5347 8735 1
11702 17218 6
966 18510 6
5241 8209 6
490 13120 5
15325 15654 3
6254 10349 5
6842 23954 6
3679 20082 4
12961 23340 2
10711 14336 6
1070 1372 3
3593 11287 5
1054 6093 9
1465 22826 6
5750 16356 9
4411 4751 9
4328 17750 3
4482 9533 4
14226 14515 1
23227 23353 1
101 9977 6
11631 22017 8
7628 16893 5
5614 11916 6
9451 17064 6
11993 23411 8
4300 24360 10
1061 15615 8
15124 15246 10
406 19090 8
11417 21794 10
15928 24843 9
3320 4795 9
2367 7487 3
243 15776 9
1604 4941 1
6366 19173 2
1418 2317 10
5854 16755 8
519 22362 4
4347 21598 7
1929 17534 6
11652 15885 9
5245 11147 4
13664 17350 7
8352 24123 4
5616 8782 2
3610 19405 3
20304 22826 9
1895 3074 3
2897 3731 1
5740 22022 5
7960 11046 7
6444 19597 8
1025 2796 4
4619 13069 3
7201 22743 4
1765 2975 1
10894 12045 8
148 2338 1
1162 4102 10
1384 3870 6
6479 23729 3
2288 6334 4
11344 16275 10
1483 15168 8
20103 23052 3
12608 22979 5
19581 23675 3
1936 24816 9
4744 16623 2
4769 4782 4
3818 7921 8
7122 15259 6
5915 9312 3
1899 15326 7
829 5941 5
516 9599 3
2105 23310 8
8508 24793 8
17550 18731 3
6812 10561 7
5047 6588 4
7183 18102 4
838 21254 4
5218 5964 6
3363 24968 6
6050 17320 3
3777 20770 4
944 16107 1
4618 11531 4
1700 7100 9
6648 23191 1
11223 15493 7
7881 8120 3
6421 19198 8
83 4514 1
4587 4647 10
4142 6046 4
5050 5712 7
3004 3830 10
7113 11460 2
250 4534 7
10790 21060 7
3420 17512 6
5251 15414 1
7547 22784 2
3141 3619 3
4350 21042 2
5421 18167 4
1295 17648 1
4453 15126 10
4477 13621 10
4236 19431 5
1358 7554 9
736 3627 8
1985 5836 3
4189 20026 8
14470 21428 7
561 9745 4
2853 20282 2
4652 17084 3
13563 17137 6
11068 19125 1
8965 19122 4
2217 17498 2
7283 9911 7
4378 21287 2
16895 20891 9
9622 20725 9
4540 6928 1
7162 7457 6
1554 23367 1
2530 12340 5
624 24594 6
1377 2938 4
625 7340 1
3552 7163 1
4491 21658 4
4427 5340 2
243 18644 6
18811 18833 9
7161 13395 6
2366 16037 10
3991 23264 8
8086 21046 10
19301 23338 7
13340 20472 8
8 10084 1
1110 3622 1
5740 20423 2
3344 17335 4
11489 22432 5
1289 15283 6
13057 22197 1
9365 24405 7
2370 3198 10
608 618 8
2526 24738 7
11260 19468 8
15551 16939 4
14594 23749 1
2066 23393 8
5824 7576 10
4197 21391 10
4026 6826 5
4724 20490 5
1722 2823 6
10908 19544 2
4427 12258 3
5481 15690 7
2210 10171 8
395 23739 8
1609 4341 1
18755 19492 9
15880 21277 8
7211 11244 2
4675 6051 8
5505 8900 9
1374 22530 3
1054 2778 2
56 9574 6
2435 5443 6
1359 10075 6
5366 10251 9
4295 10647 6
8860 22033 9
3196 23198 5
6641 16073 7
4475 7127 6
4650 21834 8
7389 12379 8
3229 12888 6
5576 7677 1
112 11235 2
2747 16429 10
8520 22100 3
15266 15908 10
4131 4977 9
3158 13974 5
4314 15497 3
3898 8898 2
6047 8559 6
2511 12988 3
7527 11519 7
9880 18967 1
4336 6392 10
4140 5005 5
1897 24375 8
12755 13801 8
1367 5155 4
6550 16427 5
13824 22250 9
15944 24845 1
19442 22680 1
1331 16782 4
1386 20959 10
5518 19697 2
10983 13433 4
5039 9114 8
4355 18865 1
2010 12560 4
5614 6391 6
4360 5449 1
5461 9414 5
20024 22926 8
2318 12789 10
7592 18420 4
2848 9449 9
1447 22421 6
1997 5583 3
12238 19726 7
529 5726 6
6732 22686 10
689 4619 9
6838 21866 6
1929 17246 6
1045 5709 4
1364 15531 7
5475 6330 7
34 9051 10
1054 16510 5
6358 17898 2
4654 8398 8
9159 18488 7
3946 21213 1
333 452 5
3241 16174 10
3732 22219 8
7977 24549 1
270 20303 8
17712 21792 8
13229 17426 6
4180 6894 9
865 3068 10
3744 7285 9
9030 10277 5
2839 16913 5
4027 5031 5
6826 10905 8
8459 22080 6
5883 12228 3
860 21706 8
17224 20931 6
1360 23515 1
4623 15670 4
2082 9612 3
5639 9541 8
13265 17839 2
22146 24083 10
3249 20882 6
2225 15202 6
6472 8134 8
1076 3066 7
2653 18169 4
1951 18339 8
6485 15004 6
2806 8568 9
6090 19224 1
15829 24037 9
2580 6649 9
1621 23142 3
7640 14431 5
15754 22300 10
1599 23556 2
9096 11963 4
4208 12723 10
416 17858 2
7899 9163 6
2785 14341 5
4433 16809 6
1017 7437 1
5188 23342 9
1611 22612 8
801 18688 3
6003 24107 2
3199 6358 8
6188 20196 10
9073 11683 1
10979 18588 5
4084 13903 1
2632 5647 5
1287 5951 4
1518 21988 3
6612 15500 8
5718 8804 2
6651 15736 8
11811 19425 2
6724 10381 7
4648 24561 5
419 6386 3
2005 16748 10
378 6782 1
2006 5113 7
778 3787 4
16260 24983 10
14248 21408 2
19807 20717 3
3059 6179 9
304 19240 5
4960 14629 4
12365 21240 10
6574 9915 6
10238 18516 1
70 4256 5
5630 20268 2
6899 14292 1
3231 23232 8
6550 17513 6
5954 7766 3
16478 22568 4
17119 22452 1
9937 12909 6
4965 6789 3
22496 24238 1
4257 18130 2
3181 4809 9
394 5992 7
3171 7669 7
1437 17365 6
1215 2118 9
5752 18297 2
13582 19026 6
6499 20860 9
18335 20645 8
3025 11208 1
19935 21728 3
3890 8614 2
254 20713 6
1426 8043 8
1235 16884 8
30 15873 10
4739 5699 9
1602 3342 2
5195 5781 2
15691 22121 8
1166 11385 9
6183 6795 1
10809 22117 3
4408 12269 6
431 24449 10
14045 15434 6
1779 5449 9
4487 7630 6
1359 3380 1
12194 19452 4
6071 7254 10
3030 5287 7
6153 6806 9
5005 7478 1
3690 6259 7
1786 20569 4
3034 14780 5
2013 12641 1
11333 20626 5
2463 14795 4
1508 16834 1
13354 23535 6
1319 3606 9
5403 7393 3
1441 20020 2
5389 15258 4
7494 13528 10
3405 4234 6
5045 18614 8
5418 11546 10
4960 19944 9
10795 17693 5
2667 11730 2
2420 19563 8
1449 4758 7
3917 10524 4
9621 19818 2
19929 22588 3
15082 20443 7
2973 16458 1
5144 5216 6
23335 24059 10
1018 15182 2
14001 21927 3
16671 19332 10
13871 13911 3
6221 6821 3
4863 6696 3
5175 5654 8
14935 24831 4
983 4360 1
2155 2631 9
3243 18299 4
5038 18674 1
6270 7592 5
236 17604 7
14684 19401 8
17134 24747 6
4210 6370 4
2941 5165 9
1652 10357 7
3542 6397 9
882 2237 5
13070 18642 3
213 10178 8
13282 18453 10
2004 4030 8
9909 21060 8
13853 24584 5
4938 24591 3
3577 6929 1
746 7214 3
16412 20490 4
1939 3803 9
335 4403 9
4484 16738 6
3711 10034 9
5690 24402 9
11530 18797 8
14325 15977 2
8034 9581 8
2400 12500 2
332 870 1
5643 7629 5
1123 20859 9
14242 22995 4
7451 20720 4
4051 14063 6
15705 21645 4
884 21255 2
7233 20142 10
1877 3000 5
1295 19684 10
2872 11876 10
5009 14484 1
15255 20149 7
16737 23661 8
3586 4690 5
1889 14094 4
2946 6526 3
3872 5267 3
2836 18824 5
2918 12078 2
4679 23074 9
20573 23625 6
4120 11531 9
4849 13650 5
269 4150 6
2528 4082 4
2595 10233 3
1412 9088 8
8708 9597 9
8642 16253 10
15062 18255 10
6650 10971 8
13674 24897 4
5737 11123 2
14183 14729 2
744 3060 9
2555 24074 7
6216 17888 2
1885 14649 3
19427 21588 1
14716 16646 3
7633 10527 5
15103 18849 3
19037 20743 4
4016 13227 1
4315 13768 6
681 23108 8
2986 11204 5
225 15459 8
1098 10348 2
9962 15162 1
833 11704 6
1369 3407 10
1933 13944 9
2692 8460 4
1292 9236 7
7270 23773 10
5192 16934 10
4986 17173 1
2711 14729 6
2706 19574 6
1013 3334 10
402 5185 10
3964 18286 5
1002 15297 6
4708 5237 7
9469 14093 8
5474 14191 7
18552 19831 9
16014 18283 10
10202 24423 2
9458 20765 1
5424 16464 7
1602 8877 10
1309 1641 6
4825 21161 1
20870 22102 1
21518 23230 5
3291 5008 7
7105 19637 2
7813 12824 5
15646 15651 4
11394 21961 1
13034 18823 2
12 3052 7
9832 15078 2
5392 15869 1
8056 16004 4
1549 3751 5
4341 4512 6
6447 7342 3
1362 11619 4
13986 16407 4
6489 24340 2
4641 9315 4
8166 18148 8
322 12047 4
1814 9760 2
9403 17751 10
1385 4618 7
6915 21756 5
10057 13860 6
12247 16030 4
6417 13554 2
7077 7307 2
6992 12210 1
6111 7175 1
3772 10997 5
2616 9409 5
7587 14607 1
6246 7264 5
7043 22334 8
7298 12288 10
558 2869 1
4821 17803 9
5893 10977 5
12401 14006 1
5755 10613 3
3892 22871 5
1313 6733 10
5862 11904 7
4572 15651 10
9326 13542 9
1199 13474 1
3372 6042 7
6758 24630 10
8040 21547 5
15221 20374 8
3482 3970 4
945 11008 1
6582 20219 2
4299 6628 6
1336 11216 9
10498 18319 6
1032 2769 9
2514 5676 9
629 4835 6
14545 24847 10
3596 7357 6
9241 20334 9
5162 6737 1
11927 20165 7
7149 16815 9
12913 23404 7
14577 23509 1
2821 5158 8
5470 12110 2
2304 7135 6
193 18164 5
8441 10145 8
11410 24783 4
3202 15651 1
2109 15597 8
2260 21744 1
5263 19894 3
207 5046 9
3214 22121 5
8236 18547 6
6848 7397 2
7566 15193 9
17523 23386 5
16459 24168 5
5147 12307 4
2793 23335 4
6019 6053 9
887 7767 6
2885 5233 3
443 7546 7
11282 16833 1
777 12439 6
13561 20685 3
10833 17132 4
16839 18543 6
305 2915 3
11761 16894 5
543 1428 5
8014 17898 6
20257 20874 7
14019 16068 6
6386 6834 10
3390 24373 6
8587 21723 2
11363 21797 3
12226 21880 8
18883 23563 6
6528 6932 9
15596 19734 9
8278 14900 1
379 760 10
932 2875 2
22025 23283 4
6948 24776 5
2745 2954 9
4630 23006 7
3293 18524 10
3316 3465 6
1602 2973 9
13752 23668 5
17917 24677 10
3206 19462 4
2720 13519 10
4455 9956 9
18676 22769 1
16456 22300 5
13780 20178 4
22974 24642 4
6981 7970 2
7750 11486 9
10275 10627 2
4343 10746 7
2398 19681 1
2193 7716 4
15875 21284 4
16193 17353 1
1310 21641 9
10806 20271 9
6380 22161 1
5692 12107 9
819 15613 5
100 4754 10
6553 24089 7
1301 13983 8
12372 24996 8
18939 19889 9
4466 12844 2
3073 3122 1
3118 3477 10
5219 24098 2
1183 15446 9
9464 11210 1
4846 21057 4
4850 21926 6
15826 18210 9
8333 14948 6
625 15278 5
2307 20870 8
5232 24705 7
10185 22010 6
8406 17956 3
2182 3471 1
1637 24022 2
4703 23303 9
1696 2174 10
6013 10283 5
2719 4965 3
8757 23650 7
4149 14545 8
1111 7183 7
15806 19263 5
7880 8844 5
18358 19300 6
2929 6712 5
9572 14544 6
8894 17784 2
6717 13907 6
6440 11916 4
16100 16586 1
956 1295 6
569 6210 10
6724 22558 2
5037 7830 6
5884 12966 10
521 5644 3
7140 12374 6
7123 11111 10
4991 20011 7
638 4245 4
15862 22857 10
3881 8206 5
5454 7746 10
1781 20230 10
851 6942 8
3922 5314 6
1473 3754 5
6106 7417 6
13425 18168 1
1766 22929 5
1663 10911 2
7604 20898 1
6295 7638 7
8802 17604 8
21615 23197 5
5331 19010 1
10112 11437 1
2250 2648 9
16985 18036 7
2869 13016 6
4832 11023 2
12618 18682 6
2948 24740 10
11212 22917 8
12662 16347 9
19371 20541 10
4195 13680 4
2766 19341 8
6974 22132 2
1506 1584 2
13397 16849 7
1726 10068 10
4212 13305 5
15023 24985 5
6211 6704 2
14946 17750 9
2194 4141 2
1287 10235 8
12703 20334 7
2876 5227 1
1841 10581 9
3777 17305 1
15413 24183 2
17991 19263 4
2241 24649 2
8667 15253 4
8378 11526 1
3555 12176 5
6317 12827 8
186 4826 4
14982 21162 5
866 5307 3
1620 9360 9
6877 16043 8
8105 21251 3
13385 16470 2
10107 15379 4
4484 4666 3
7961 23891 7
4869 19805 8
8716 16939 3
7175 22676 5
8921 11171 4
9668 19286 4
527 4667 1
22536 24990 1
1252 15008 5
976 3848 7
5036 21483 1
20502 24432 9
12021 18970 7
5552 9105 9
759 20366 5
5880 13612 10
10097 19427 3
7669 24913 6
5394 24691 7
21616 24892 7
14366 23647 5
3469 5446 4
7395 23249 9
20268 22581 3
5481 17503 9
3778 13040 2
3777 6938 4
2211 6557 9
1048 6231 1
16814 24492 3
7209 14205 5
9889 19600 9
5702 19681 4
7232 17112 6
4352 21171 7
7506 14252 1
7440 24749 3
12521 19005 10
14802 14990 1
14260 18962 7
1427 5525 7
7740 15977 5
4928 15001 5
7230 15578 9
127 7849 3
931 24910 7
13270 20267 3
18844 21258 6
2354 16458 7
4468 14956 2
10911 14102 6
17823 19466 3
7577 13078 1
7979 14683 8
9126 24785 2
2031 18457 5
762 11516 10
675 9688 9
2572 22511 3
4419 4787 1
3964 15782 5
3156 3287 8
433 24785 2
2127 22477 5
7121 10816 8
14871 21176 2
2460 17256 8
19599 20515 5
8166 21516 4
3037 13310 1
5928 17445 6
11587 14391 4
4864 22114 2
9330 21509 10
9228 23480 4
1519 18327 6
285 2466 6
3058 4630 5
9956 15181 4
4331 5748 7
4825 22357 5
870 6291 6
2474 5258 2
5500 21948 5
66 3608 7
7199 7451 2
2717 23653 6
2868 17440 9
3757 21875 6
2885 21540 1
704 6269 9
4910 9532 9
797 4117 5
16530 18377 6
1251 10951 4
3993 11703 4
1850 8708 7
12306 18548 6
4462 16038 7
6626 21589 1
13530 23127 4
5360 15508 8
5736 21378 4
896 18537 9
4920 7113 8
17915 23114 9
7391 20490 5
17466 17513 5
592 11750 1
7071 15839 9
1933 15728 5
4881 8703 1
16181 20812 1
7448 21106 3
7017 7462 1
14301 23628 6
7677 10652 8
342 1755 1
17222 22336 3
482 6193 4
4897 13022 9
3246 5590 5
450 17936 9
2892 5926 9
6429 18317 10
2263 7450 7
15518 19479 1
5982 17203 7
2447 16171 8
6833 21381 1
696 21857 9
8214 18672 2
7206 20493 3
15349 21633 7
2132 9084 8
7712 23740 10
7038 10198 3
3268 14235 6
743 7913 9
6206 17918 1
6619 7024 6
2113 5480 3
11962 20530 6
4574 24338 1
6094 15542 3
7258 7483 6
1948 4198 5
1629 20037 8
2399 18971 8
3644 9095 4
5999 20266 2
2805 11984 4
2135 20052 4
8637 14325 7
2962 24077 2
2492 21717 5
2437 20332 3
6132 23354 10
6332 16249 10
4662 8669 9
2060 4236 7
1828 1890 10
350 8694 2
3587 5355 8
1614 5650 6
11801 19858 1
5101 13727 10
5813 12148 3
931 23258 6
1239 1687 7
1386 21415 7
7272 23995 4
5787 11028 8
5013 8421 2
5558 6714 7
4879 7096 10
2485 8588 9
18947 24587 1
1338 23000 5
1996 19360 5
6156 19962 9
205 6946 9
5034 7202 10
5703 15603 3
13798 17646 10
5362 6331 6
7200 8639 7
5094 5543 10
1616 12998 4
15382 24148 7
99 17317 10
973 17871 5
2322 15316 10
15674 23428 6
2203 8890 10
11243 24020 3
6322 22286 7
5497 13049 2
2727 7258 3
2505 22146 5
7416 24803 3
3333 19468 3
5538 13891 3
7518 17098 3
18 17944 9
264 4083 3
8504 23551 9
16536 22981 1
11205 19464 3
1117 8941 1
4025 10662 2
7638 10123 8
365 8169 5
1181 10336 6
1312 4319 1
16072 18804 2
18371 23503 3
7359 22094 7
6393 15320 5
9518 19975 4
1800 20683 1
1126 7397 8
19308 23379 10
543 2189 8
22652 22842 3
3373 11107 9
1865 7603 6
3956 4230 2
18590 23500 10
3725 13711 7
1334 22408 7
14579 14620 2
235 12522 7
3350 5427 5
4143 14762 10
239 2434 5
4991 8693 7
242 20767 8
836 4550 8
846 9965 5
11098 12425 9
22438 22510 2
8721 23218 1
1177 14685 9
5113 21031 4
5191 18511 5
3615 24482 2
13838 21138 9
778 7147 10
217 2127 10
11696 11773 1
24431 24733 5
362 7549 8
11010 15816 3
16991 19771 9
4180 5816 9
6515 7764 10
2163 13942 1
9776 21417 8
2253 17553 1
6313 7791 1
10444 11052 9
1297 13041 5
3189 3626 8
486 1086 6
3457 12420 3
7128 7423 7
2043 18893 5
7221 24928 2
235 22156 7
474 12214 7
1808 20848 5
5186 15184 1
2913 19935 3
2187 7674 9
2574 15599 10
832 1677 2
1049 6128 4
272 16195 9
1668 23643 4
6783 7134 9
4245 23907 1
2807 10596 7
608 11648 10
8037 13732 1
3372 6501 3
1724 9237 2
561 15370 1
5795 6949 1
8246 18669 2
6122 20121 1
6381 9439 10
1300 5149 10
1535 3503 2
3698 13037 10
6004 24231 9
16080 17152 5
4918 14190 8
2910 4194 7
4879 10318 3
7260 24137 8
20813 23414 6
11855 24861 1
5015 8295 4
1140 7374 1
7576 13572 5
1219 22881 2
2883 14083 7
2564 13497 3
5043 17052 5
490 12804 5
2122 12760 4
5531 12438 2
1274 20691 1
84 23910 2
10440 14001 3
17008 21722 6
3641 16133 10
3162 11930 2
21459 21902 8
104 11106 1
3698 8986 8
6571 20441 6
3964 4415 2
14495 16925 10
2949 20570 5
4920 10619 10
928 12721 8
7839 14338 4
4635 15614 3
1808 16747 5
1769 18701 4
2994 15273 4
5051 21649 7
7949 20845 1
1625 7464 9
9709 14349 9
5104 19975 8
9926 11636 8
7822 19216 1
1053 10211 9
444 1539 8
14361 19720 10
12229 24684 10
18146 24392 3
12116 23969 1
2425 8251 1
7970 23181 3
2743 12291 3
3398 5851 6
6506 7640 5
5085 18714 2
10040 15365 8
4507 15828 9
4533 24845 2
6966 9661 6
9515 21671 10
6975 16027 9
5219 11396 7
17269 23118 6
3148 3498 5
4361 21161 4
7937 12606 9
3807 23263 2
1875 2598 4
645 23263 3
7132 19914 8
11148 14928 3
2296 5683 10
12737 13284 7
1289 3580 2
1384 1570 5
13562 14428 6
6772 21973 1
321 1425 9
5472 24451 4
1371 15277 2
2206 3452 4
19483 22884 3
10515 24296 2
4504 15057 9
1884 16350 2
3032 11964 8
1765 15591 6
6163 7622 5
4681 21552 5
2817 8821 2
7828 22713 10
6830 22653 10
4060 7707 4
20132 20880 8
11775 17386 3
8979 13006 2
737 4326 10
16020 22713 10
9549 22749 3
2608 16845 3
6997 8022 7
4272 7196 9
5140 7204 10
4439 20615 8
10256 11233 1
11562 14733 10
3578 19916 3
399 6207 1
169 23029 10
4038 6430 1
9290 12902 2
3382 3581 1
16698 20810 4
4214 16190 1
1096 9276 6
4861 7362 8
4731 7007 3
4947 14128 10
807 7561 10
859 6050 9
2474 21579 2
2150 3963 7
11656 19896 4
5891 8492 9
1365 21802 3
8124 24604 5
9643 17639 5
2474 24862 4
4742 14875 8
18123 22547 4
501 13255 2
5658 5702 4
3201 5447 8
6005 10082 1
18975 19515 10
7665 13960 5
2433 20486 2
3842 5524 7
8110 12934 5
19445 22908 8
6765 15000 2
2519 9319 1
938 13590 2
1297 13810 9
4340 24726 10
3326 23517 6
9301 13246 2
15393 19106 8
13645 22266 7
20400 22598 2
13848 22620 8
2003 5440 8
3281 8632 6
2763 24773 8
15682 15706 4
241 5286 7
4735 24730 5
2892 5823 7
1824 12230 8
2612 3033 7
4503 23801 4
11004 21379 6
5461 16110 3
4576 16498 1
13586 23201 3
987 6353 5
3511 19132 2
17359 23782 7
3185 13627 4
363 19127 4
2924 16519 1
11858 17414 7
4770 20012 2
16404 21764 8
3425 3539 2
89 3558 4
2628 21816 1
2094 6830 1
278 8297 2
1888 5855 5
3979 4609 1
2518 17742 3
591 7153 9
4036 20581 2
21264 22812 2
12460 20066 7
13568 17970 6
5628 15723 6
1556 24746 4
867 6315 3
2187 6355 3
17591 17671 2
4030 7892 7
4507 21120 4
15952 23608 10
1992 9587 2
1469 3336 4
7119 9736 9
15837 24088 6
3360 5258 4
17706 24721 1
2536 23566 8
4964 10096 4
6289 9984 4
1587 19911 9
4213 15509 10
1494 3334 1
13085 22564 3
7007 18588 7
11882 15492 3
6153 22072 3
1418 2383 9
1387 4052 8
5647 23271 8
2803 13544 5
2928 5769 4
2740 4909 3
3464 18794 3
1272 21977 1
3751 4725 6
3454 10311 8
13875 21039 2
17350 19451 9
8204 19600 6
13557 18860 4
482 6319 7
5260 24878 4
1119 9076 1
7867 24114 3
5258 17251 10
1041 19708 4
3549 9859 6
2744 20809 1
2289 11525 4
2342 24448 9
351 17950 1
7289 17247 7
7817 19130 8
4462 22049 2
4466 7350 7
378 23004 3
15562 17545 7
881 6838 9
2333 18670 4
218 23598 8
450 15154 4
1334 2623 3
1381 19508 1
16613 18104 8
6152 6939 7
4926 23140 4
4151 11557 9
2673 14341 6
2147 6642 3
21119 24600 6
7710 17049 5
11765 22807 5
19680 21648 2
3849 18328 7
3790 12556 6
1754 9217 2
2635 24195 8
2183 17573 9
8949 9713 5
1808 3856 4
359 14837 4
1999 3522 10
157 22247 1
13295 16065 9
6203 12578 2
1119 24669 7
6915 16968 6
8591 21758 5
7613 9604 7
11386 15497 4
973 10589 10
10657 23790 9
15311 21735 6
5396 6083 7
7271 9555 7
3434 13473 1
2518 2981 10
2438 6550 7
4436 23363 1
2880 22242 5
1138 20895 5
1857 14015 10
885 24994 7
2804 7048 6
6373 12908 7
5423 19424 5
1457 19030 8
16841 23735 2
666 2938 1
3801 8618 5
873 16533 8
6136 17007 10
4494 6275 1
3304 21365 7
4690 9740 1
7583 18837 7
5840 13502 3
9971 23371 4
5075 5616 2
1017 15864 8
17784 24274 6
9625 14604 3
60 4118 3
4008 17965 4
3086 23229 2
3856 6255 1
7258 13594 7
738 24550 10
7496 19784 3
1105 8207 10
13337 16659 3
82 23758 4
23177 23716 7
1488 4950 5
6427 19896 10
5692 17403 10
172 3513 7
5033 14807 5
4241 5939 10
8 731 8
1951 7079 6
2614 5284 8
4313 22149 3
2001 6750 5
5588 15647 5
2443 2737 4
4107 13759 7
1290 14407 1
1678 6793 9
3018 10521 2
11257 14160 1
14810 19695 9
322 11538 9
4606 21725 6
513 18062 8
4650 24224 8
4943 17262 1
2180 10331 4
1692 13882 9
7206 14336 10
7103 23780 5
9661 17967 4
3047 17140 1
6416 17576 9
4120 8912 8
4788 5490 1
3970 8315 6
6061 21995 2
334 19020 4
176 20672 9
3862 17921 4
20934 23847 5
873 21386 4
8746 19670 1
3476 23516 10
866 17756 9
3682 19337 9
1320 23667 8
4402 17831 4
4378 20551 3
15969 16918 3
1130 2145 7
1543 18491 3
8267 15394 6
12294 14818 9
3583 20945 5
1452 6296 5
71 2006 4
18865 23665 7
4937 20534 8
3940 11230 1
4198 17597 10
6154 20019 7
2889 16633 7
5808 22023 10
630 7453 1
5870 7732 8
12461 13093 5
3797 22727 10
1065 18027 7
3799 5882 3
6363 7722 8
3227 18302 3
6569 8364 9
4059 6874 7
2041 8916 7
1251 22703 9
19523 20516 6
17892 22605 7
3655 13668 3
4970 10882 2
9495 14659 8
9784 24089 8
3921 15821 1
9674 18416 5
15089 15846 7
17729 18525 3
15649 18729 5
4574 15522 1
4672 7213 9
2710 11509 8
128 23806 5
6624 24295 9
8337 16681 7
1539 9960 3
3950 10852 9
1991 5885 7
2422 20106 7
3645 4992 4
11422 11531 10
321 16350 9
1942 2536 9
17544 21770 10
4513 5478 4
3936 20514 3
8360 18443 10
4010 21096 8
7288 17210 8
277 1904 4
2625 21566 10
7108 13889 4
7134 7512 9
4427 12487 7
920 4175 6
8756 10829 10
2867 18723 5
4106 16660 2
1814 24470 7
7303 12839 2
3702 13570 3
812 2006 7
8756 19921 7
3110 7348 3
6804 21872 2
3737 9700 3
1017 10304 7
7103 24369 6
7422 22220 7
19566 22191 6
3499 10317 9
3203 16757 7
3487 9438 6
3335 18057 1
2970 3426 2
3744 7645 6
1244 21363 1
4180 5734 8
4155 5757 3
14068 23719 3
1013 17297 10
4643 15662 9
5416 7465 5
1633 15934 1
8174 21531 5
2286 5659 7
12275 20570 7
5135 6539 6
446 12850 9
7985 11757 2
4492 23554 8
268 5620 1
4868 21192 2
10071 15148 5
735 7612 4
5595 21783 7
3480 23449 10
26 4345 3
14869 17627 10
2067 4976 10
3602 12003 9
9525 20804 1
3683 19735 2
12657 14153 10
2307 2831 7
2230 24222 5
7583 22286 6
4546 6912 2
5523 19137 2
18418 20439 2
11294 23093 3
4094 6379 10
14748 16677 1
6410 19884 6
2862 16724 10
6300 17139 6
1221 13793 9
9756 18289 4
8577 20069 10
1782 2956 2
11777 19556 9
2034 22842 6
3892 6807 2
9972 10280 2
4416 22238 6
1267 21369 3
11011 14781 9
2858 15677 6
4223 14768 1
513 15265 7
5586 9822 4
8962 19761 6
13151 22465 3
12822 14801 3
3223 14655 10
3343 20270 6
5532 7335 2
5638 10785 3
4965 6103 1
8210 14814 1
9577 9598 5
1780 2003 3
10992 23276 7
5557 14284 4
3271 6596 3
18521 21698 3
3992 19403 8
10 4786 6
109 3271 2
798 14309 8
2576 17306 8
886 24909 1
894 18272 8
7237 13744 10
11161 24781 5
15154 21095 2
17480 24478 7
199 19540 2
2030 14396 5
8633 17335 9
1629 10518 9
2985 14993 1
4171 19965 5
3132 18006 10
10490 16339 4
16124 20348 1
7310 12575 4
19042 24237 2
5562 10278 5
1812 19465 1
19392 21214 9
1837 16244 8
8578 23124 6
5094 12509 10
5863 11109 3
15083 17675 8
6247 23711 7
23664 24521 2
16097 18445 7
10713 15062 7
648 2884 10
5646 15717 5
5102 17746 7
1763 21352 3
791 16996 10
10605 18217 4
4933 12304 10
4141 22404 10
338 1528 7
5037 8268 8
6984 18218 8
3278 11391 8
4197 22554 2
4443 8416 4
9045 21555 7
6087 6847 5
6251 17673 7
17198 24079 1
3993 12045 1
5831 12538 7
1226 24550 6
2895 3058 7
2545 6628 4
1016 9482 6
4388 7631 4
2748 17675 5
1214 10379 3
5897 23678 1
21003 21236 4
12332 13301 4
394 1775 4
1175 5058 2
19744 23589 9
4551 24368 8
1147 2765 9
4229 15390 1
843 14872 4
5458 21959 2
1069 19731 9
3700 6358 3
7428 24680 10
2473 4205 10
14023 20268 1
6741 15840 4
6038 10804 2
3430 3751 6
3403 17230 6
15116 17292 2
6265 20074 4
1214 14558 8
5050 19031 3
2668 15567 6
1145 24082 10
17335 21226 5
4376 15297 2
508 8203 8
7591 23143 2
5363 7926 3
4955 17347 3
1236 4591 8
14675 20645 2
612 2261 1
6348 17448 4
15547 15661 7
9304 17264 10
1506 1635 7
5332 19094 7
11849 14867 10
3683 12547 10
2669 16926 5
6319 16064 1
947 12178 4
10006 24325 8
2647 14890 4
2569 6127 5
6694 21140 3
1308 5985 10
19614 19658 4
1270 2172 2
3615 17730 5
7574 23470 1
5341 17689 4
969 1398 2
3421 17921 3
2567 18404 3
7723 12755 1
9417 15664 9
6446 16047 6
5564 19346 1
7277 13773 9
205 7508 9
12318 17686 1
10368 19432 1
8235 18016 5
7505 20582 7
2684 13776 7
4661 5959 9
9138 20668 1
3747 9301 3
3863 7668 5
1816 2788 10
17526 18826 9
746 24745 7
20897 21904 2
1511 12272 7
5918 6447 9
740 1600 8
2385 4121 8
948 13483 7
5308 15952 1
38 19342 3
2464 17014 7
5361 21101 10
10944 13978 5
17031 21664 1
669 1738 5
7010 18067 8
17423 23298 2
980 24072 8
6056 17356 7
5258 23881 5
314 1504 3
10712 21874 9
5066 13477 8
2689 16119 10
5863 8350 10
4014 20837 8
599 17337 1
636 3157 5
22060 23127 5
11074 16806 5
7344 16266 7
19952 24758 1
5370 21049 5
820 9576 4
1764 19565 6
2943 12530 1
11961 17781 3
7005 18282 3
13317 17617 6
1716 23700 7
2487 17657 9
7162 7780 4
15082 24416 8
4842 7544 1
6038 7156 9
1424 19514 9
7238 19098 2
1878 6428 9
4218 9582 6
4643 22442 10
6681 18237 10
5954 19588 6
1056 15825 9
2509 17013 5
5923 20453 8
9446 10249 5
13694 20313 10
4852 9651 5
5882 16414 10
15002 20221 4
3232 4426 3
7892 17509 7
1164 1518 2
2426 8378 1
8466 17697 9
6868 11020 6
6121 11080 5
1493 16604 2
3258 19332 4
4959 6016 5
4124 11211 6
6740 12124 4
2327 24398 10
13467 19837 2
8633 17875 3
1646 12881 1
4004 7153 10
5341 18842 9
14419 16567 4
3117 15207 6
3088 4317 10
343 547 10
12857 16089 8
13730 22267 2
4446 23577 5
11957 18075 9
7573 17735 7
2389 18256 8
7863 17124 1
7575 19332 7
2104 4286 7
10719 13088 4
8319 14381 7
176 18061 2
2224 5810 3
6215 7294 1
8661 12090 2
710 5355 9
18298 22497 2
16671 20047 5
1732 8129 2
319 14207 2
1924 10487 9
4403 7053 4
2483 10889 3
5643 12072 8
9608 12259 6
5087 7112 5
10786 22369 4
349 7705 4
21076 21623 10
6141 24267 4
2974 11743 3
1917 22102 10
3312 14840 8
5324 7359 9
14189 20479 5
22666 24643 7
9937 23467 8
1901 7166 2
16616 24224 9
5419 19349 3
3491 7064 10
6883 21317 10
1009 1352 8
296 1556 1
524 17005 10
333 12339 9
691 16765 6
665 21271 1
2227 21517 3
3186 16902 9
23973 24175 2
16621 24511 3
2404 3182 5
4822 6506 4
3615 3708 8
3636 4466 4
2926 4195 4
3388 7242 7
3233 20169 3
3855 13841 6
17204 20265 9
9112 22096 5
6103 19924 5
13421 24515 3
30 15345 5
2174 6520 6
11565 15706 4
357 4259 2
3193 21255 4
16264 20864 3
11021 15264 7
14664 20038 3
1132 6409 10
191 13860 8
1061 6428 9
842 6386 6
7499 22790 10
4210 11462 7
18877 20706 7
13724 22157 8
9291 20803 7
3308 11179 7
6658 20646 2
2152 15512 9
796 2138 7
1735 3479 3
3672 23179 4
15569 19432 10
12474 16522 4
4421 4771 9
4159 11295 5
18584 21972 9
10592 19183 9
13208 18387 5
7504 21222 6
5260 19455 3
1019 15389 10
4292 7506 5
1914 16480 9
5880 8785 7
1833 12270 6
8839 20686 3
17398 21286 7
4367 10099 2
1782 24040 9
225 9845 2
15474 21097 8
1913 16903 6
11515 14637 5
785 11090 10
18194 22112 10
2096 5103 4
725 11658 7
5759 6270 3
5652 19176 3
3257 14417 10
4647 19670 1
17556 20985 7
238 21558 7
1891 6506 1
5495 9446 7
2202 7664 7
2756 6136 7
4331 8127 6
7516 24531 1
3941 11029 3
15559 18446 7
2942 17931 6
5312 9684 3
202 12177 6
868 1295 10
756 12788 9
17650 19944 1
2449 6031 1
3410 15249 5
13674 22063 3
4205 20383 6
13041 23387 9
342 13251 6
15510 16071 6
3947 3964 6
1671 9810 8
970 3400 6
18144 23721 9
9351 11746 6
14985 15757 2
2197 14818 3
2420 4599 2
7674 8271 3
3063 8963 8
14145 23260 6
4823 24058 6
7575 23317 2
2544 6231 2
3822 4351 3
2817 3626 8
129 4543 9
245 21479 3
18774 23620 1
17932 20072 8
12963 22638 1
10394 11261 5
4361 23218 2
1874 8844 2
12574 18916 7
3393 24819 10
3866 15610 7
3667 16588 4
14081 23600 1
6733 11854 8
7291 10119 1
11596 19506 6
3160 17077 8
8979 16631 7
16886 23433 9
5945 7216 7
1538 20371 9
2844 6650 8
531 3429 1
331 5671 8
5864 12720 10
6869 17050 10
22029 22395 3
3903 8750 8
1181 17949 5
2907 13889 3
24337 24984 3
13931 22227 6
5990 9458 8
9566 20747 5
215 10772 8
17647 24500 10
53 10051 2
4434 18933 3
1218 2384 9
880 3682 10
3321 8061 1
6700 8762 6
5021 13176 7
7344 19638 6
1009 19185 5
205 12101 7
9269 14712 9
11576 14751 9
3620 6513 5
1434 17550 7
292 3509 10
11086 22190 10
5308 15366 3
830 18309 1
7472 8161 3
4307 19533 9
7715 14936 3
8123 13568 1
11230 24469 8
979 4383 1
2373 4655 7
1222 2276 8
3706 13454 3
8667 14425 6
1476 1958 2
5447 12970 10
20919 23066 5
15736 24214 10
10918 22954 8
9008 24244 5
10935 21969 7
1899 7162 2
2251 5794 5
3908 23364 1
3875 4044 9
5771 16945 8
10015 15163 1
2797 4239 8
6726 18573 8
19048 21077 9
1437 7270 6
23033 24742 7
1808 3527 9
9193 9659 1
2448 9290 3
4676 7849 8
1069 20268 7
500 2088 6
5752 20227 9
916 5499 6
4063 22121 9
2204 23827 5
671 5406 7
7580 18935 5
105 18513 7
6026 19921 8
1961 3673 2
8762 19715 7
1751 17638 2
7731 19243 2
6455 11004 8
1327 5480 9
3884 22537 6
4966 22144 9
4681 4991 8
9752 11850 3
21158 21523 9
21404 24536 4
2237 18626 10
3899 7461 5
11347 24113 2
13795 22169 9
5893 14133 5
1725 13966 10
6980 16190 6
10134 17002 5
16275 21121 3
22980 23121 7
7669 15969 6
1397 6280 7
13711 24479 7
5548 16766 2
541 21320 3
5767 20758 10
5337 12610 8
2618 5619 2
3182 4544 7
95 11175 6
468 471 3
18850 22147 10
5811 6489 7
2032 4587 5
15814 19089 5
5076 16980 5
6791 19866 2
4443 13306 4
15213 18265 6
8776 16770 8
6753 21964 7
3597 6607 10
3105 12562 1
13048 15659 2
7009 10351 5
6140 10089 8
1153 10487 7
1822 12676 8
9029 21934 7
18440 20312 3
6775 23352 10
5059 6639 10
2165 2815 5
1371 15388 5
15077 20711 5
1282 15931 1
3369 5218 10
1199 19724 10
6139 7733 3
4986 13597 2
2347 19434 3
8371 8911 2
17326 20468 9
445 2490 1
16582 22275 10
845 1422 2
11405 23489 4
538 4012 3
2297 20922 1
7907 13256 7
5394 23704 2
8725 16165 3
3620 21813 5
6818 24994 3
927 5565 2
7136 22817 2
5495 8272 2
6263 15954 8
5104 9486 10
442 9747 5
8447 9953 2
7412 8056 9
271 2862 1
9954 18099 9
4388 7748 8
9482 23067 3
4186 4582 3
3389 9769 3
17233 21017 1
18847 20067 9
1937 6721 1
8100 9135 2
12357 23362 10
1615 21203 6
1906 4625 8
3184 21133 6
3289 24546 5
21450 23694 9
5180 7194 2
1809 10024 3
14029 23256 10
8136 17776 8
6472 22104 5
13846 21868 9
3532 12507 6
361 11244 8
3313 9882 8
6175 15178 6
6582 9666 7
3573 7258 6
2340 16688 9
3960 4555 8
14890 15153 5
599 7368 1
2632 14932 5
3157 3896 3
6307 7680 6
8139 21312 3
20414 24656 4
8022 12242 7
5553 12057 9
5702 20090 3
20852 23591 5
11146 17487 3
19870 20638 10
2147 10705 3
2763 9896 1
7499 14660 7
15275 16534 2
7129 9416 7
9297 19871 3
5336 18641 8
1700 2665 3
10481 16217 5
1454 24301 10
13965 17123 6
2827 4714 6
10447 11655 4
22712 23104 2
6902 23091 10
14893 15816 5
4756 7596 7
14067 22295 5
6964 23024 1
2380 24102 6
10759 14005 8
6902 10088 1
6656 7530 3
17891 21482 1
13466 16772 6
7141 7916 10
7422 7674 1
19266 23496 8
1234 5069 2
11053 20883 4
1549 15428 2
1495 14958 10
19602 24438 6
13757 17494 6
17782 18221 6
16469 18456 3
10772 22515 8
1210 15451 10
12140 15907 3
4724 11816 1
9275 15095 2
3826 19759 8
277 6338 6
12471 24349 5
4439 20297 7
14709 22639 5
3907 18815 2
2125 9728 5
1829 17446 9
1146 24806 1
7018 10630 2
3140 20042 3
5401 13964 7
418 6350 6
499 13665 7
3961 6884 5
1526 12307 6
1283 16827 10
5555 6733 3
21023 22045 9
20915 24884 6
2013 16631 1
2368 8857 10
2523 3972 2
6148 9193 6
16859 21863 4
14701 22687 7
1976 8686 5
1767 2722 3
3206 12141 10
5830 18340 10
15560 22434 9
2720 23203 1
4843 8664 9
7067 13890 2
18655 20901 1
9758 11787 3
8558 17943 2
10946 20203 4
2786 24236 1
9391 24241 6
9085 11025 6
769 1831 10
3275 23363 6
9064 20748 4
3841 6996 9
12086 16607 5
625 828 4
11888 20641 3
12293 15972 7
4231 13696 2
12310 15449 9
11655 21352 6
2414 14840 8
744 19891 8
17980 20561 7
5638 22832 7
329 7417 4
3246 24898 1
6630 15205 6
4646 8001 1
1315 2896 7
5945 13523 9
4205 11970 7
5997 13490 8
8606 24611 8
6149 19780 6
6259 9506 10
6820 21663 6
11108 13831 4
4973 21669 7
2620 6975 7
264 2176 9
3047 3820 10
7549 17086 3
2228 5456 6
15373 15985 6
1568 3892 8
5464 19842 3
1186 3466 10
9812 17724 4
5536 11967 5
224 8709 2
6158 14244 5
9118 19218 3
19182 19224 4
1467 2219 9
6740 11929 6
2493 24948 6
6299 12111 3
12259 22067 9
6008 6821 5
7048 10963 4
1579 16376 5
3680 16601 5
5080 13859 9
12437 21375 3
7704 21819 6
1524 8194 6
6894 22905 8
3240 6638 6
4840 12440 4
13198 24362 8
3807 12941 3
3296 19490 3
78 16059 2
18235 18376 3
2470 5088 1
2433 4669 4
6035 19977 8
1941 3287 2
8974 22651 9
21408 24797 3
203 21093 4
3561 23427 2
5973 20161 10
6784 8784 6
2667 5257 7
11113 20810 8
4402 5126 9
9797 18153 1
4357 17700 6
6794 13263 8
392 1436 9
10966 13860 7
479 15456 9
11656 24901 4
6324 6618 10
5653 13665 2
2406 18083 2
4875 20391 5
4398 7644 1
791 10409 7
7720 12834 3
1352 3976 10
2365 15929 5
1206 12232 7
17214 22408 4
563 22809 3
155 2307 7
4627 14958 1
5542 15817 1
1236 14281 8
8032 23164 7
6780 11949 8
6276 9026 7
808 21649 8
6813 7615 2
3619 15478 9
3991 12824 3
461 651 7
2863 11936 3
5644 13426 1
4125 15555 4
6766 7449 4
5002 22422 10
3451 11643 7
5789 13503 6
12384 24542 10
262 22841 1
12944 19631 6
1948 20183 1
5519 20918 3
1020 20034 2
1608 7459 5
11005 19814 8
7512 20848 10
6798 8822 2
3861 20448 6
3629 22814 5
14481 20048 2
3890 10112 2
15120 24072 5
13525 15326 4
1806 8412 5
12825 20935 10
3344 9171 1
18651 21709 8
2862 21448 10
5603 7414 10
3194 14568 8
1876 23772 9
5783 6536 6
3230 7034 10
3798 7754 3
16390 24906 10
673 11463 10
2703 8769 6
6634 14252 1
607 24910 4
1626 18690 10
1141 18611 8
7706 13052 4
6302 17115 2
15545 20686 8
2299 13591 5
17497 18742 2
7641 11137 3
2722 17112 7
879 15798 1
5319 7832 10
6288 9616 3
9753 15234 9
124 4695 4
6892 10561 8
810 9680 1
20381 20528 2
2001 24272 7
4969 5610 1
1702 24096 10
4630 6108 3
473 2344 2
1278 4734 2
6029 7538 6
4064 19537 9
16473 19572 2
8382 17302 5
3087 5712 5
21197 24327 2
3772 11394 7
2042 3376 9
7323 19331 1
203 15749 5
14509 23042 2
1705 10482 7
3639 9323 8
5449 5888 7
5880 6295 10
3673 20178 4
1032 2053 7
2518 20703 8
5232 15217 8
1742 5957 7
12214 23584 1
514 13892 8
7704 9721 4
22232 22574 5
1317 7676 1
11930 13691 2
7029 10773 6
15609 20937 5
15443 17916 10
6256 8973 3
10804 19965 4
3702 5736 8
9609 13595 6
854 6917 5
15832 22995 2
3846 21198 6
1120 23686 5
1932 4536 2
937 13096 9
52 19070 1
4449 19415 4
1625 17887 1
5465 6196 5
5783 18313 1
10750 13194 8
429 13309 3
6969 13972 9
4147 12805 5
4322 11565 1
1725 13957 10
3868 17459 6
5236 22756 6
7784 21315 4
3645 18033 3
3850 6514 5
16207 18860 7
6238 16565 5
1143 2076 3
14489 18953 2
662 10057 8
3731 17314 5
9292 11204 7
3290 4863 10
19573 24667 1
350 866 9
8292 9650 5
5850 23787 8
5233 19740 4
10704 11949 9
4376 17351 3
23451 24485 3
1049 3687 8
3147 3650 1
13966 18008 5
7666 22752 5
2033 2825 2
11191 12458 7
2405 17774 10
437 11047 2
17747 23985 9
14127 23152 2
5435 13077 2
6221 6283 5
6154 19063 8
19581 24922 8
12553 23969 4
2598 11686 5
710 15254 7
1034 6741 5
13531 21563 9
4315 23845 8
6233 20546 6
4875 16627 6
3604 18711 9
2432 9850 8
9863 21205 9
15693 20443 10
10630 11357 7
254 10276 2
3735 8761 10
3137 21027 8
797 12113 7
9429 21110 9
178 1495 9
3517 7839 9
11077 15765 2
14832 17822 2
2939 15519 5
3662 14192 1
3168 18995 8
7605 9831 9
7894 24331 4
6407 15598 7
2880 10512 8
1581 11088 9
6060 6711 9
18638 19486 6
16746 23365 9
1541 5396 1
6766 24068 5
2700 13321 2
606 7952 3
15586 22907 4
7012 10305 3
7997 15102 10
4256 19196 1
7264 8613 8
18179 20764 2
4258 17965 7
6020 13749 5
508 11229 8
11612 17473 5
3321 6953 3
14784 21512 8
6333 24047 5
2096 12863 4
5758 9567 3
18766 23614 5
13515 23558 4
3623 21938 5
6355 11700 5
5860 20094 3
2757 9008 8
563 1347 3
4951 6650 7
3148 5756 6
6450 18305 4
7348 21780 2
7493 22067 8
2918 8235 9
7371 24735 5
2060 9864 10
2562 4507 10
2226 2834 9
9912 14866 2
1774 20990 6
3592 6868 6
6556 19345 2
2679 5009 8
8286 19213 8
9299 9617 5
17012 24437 5
1465 12523 8
359 8159 5
3640 20073 1
6415 9902 6
2136 12658 3
8240 13057 8
4065 5911 2
4583 19259 2
3081 15866 9
4850 5357 2
11597 23799 8
4352 21529 9
9935 21840 5
1955 2921 3
2736 13443 9
7235 9016 7
13992 24365 6
3167 15737 6
2524 8841 5
5874 10540 2
17813 22331 1
7283 23111 8
13720 16910 6
14246 17721 1
11831 15390 9
1482 19289 2
5155 6630 1
3213 7041 2
12256 13012 4
9821 18225 3
2073 12605 5
2673 5969 2
3458 24424 7
7960 23288 1
1431 22656 7
3507 4195 10
16269 16417 1
8492 20044 6
2230 16766 3
1900 12114 10
1869 8246 1
3092 11183 9
1045 1232 9
7363 17596 3
1586 19752 1
6795 17864 1
2249 11465 1
7099 8668 1
8929 12313 8
6533 16861 9
3064 13209 9
23250 23637 6
21605 22438 3
572 6904 2
3258 4416 10
2354 7357 9
653 1410 4
12410 18878 9
1461 21676 9
2662 13128 5
11503 15074 5
1145 11362 1
12395 19691 4
13712 15619 2
7148 7366 6
16373 17505 6
9085 15944 8
12869 23141 3
2497 2564 1
12338 22793 4
4493 7837 2
3217 24990 7
2950 11573 9
329 16532 5
2999 13282 3
1225 13043 10
21517 24912 6
8378 13183 3
6299 11692 10
1151 3093 8
741 4773 10
7537 9198 6
3401 21572 3
2819 14968 9
2627 20201 9
2040 7348 7
8307 23812 7
2479 21006 4
468 484 5
5448 6035 2
20214 21712 9
7718 19903 3
3068 7539 1
5494 18985 6
3242 19499 7
68 4587 5
5927 22766 7
7440 18942 10
332 14487 1
403 19550 3
2800 6698 5
8096 12586 3
5802 19304 4
450 3812 9
1162 8751 3
3607 24598 3
1389 4325 7
12166 12483 4
6777 7280 7
2154 22023 5
1124 3462 7
3510 5259 5
5833 10172 7
11836 23441 6
2925 3716 8
11565 19133 6
2515 17342 5
4893 6987 3
361 14405 2
6994 8478 3
11364 16364 7
2201 6932 8
3485 17793 3
904 4179 7
4739 4875 7
2366 20807 2
14889 22999 9
753 4131 8
2878 15076 9
10878 21770 4
6843 13382 10
5518 9095 10
9197 20942 5
201 3501 4
11877 20759 1
22066 24407 1
21347 24787 10
963 24890 7
10734 20560 2
12460 22010 5
4536 16030 7
273 4823 6
553 13706 3
1210 4447 2
45 21213 8
9248 23430 9
4917 7952 5
4196 16696 8
21358 21469 5
151 18304 3
6100 22107 2
16214 16939 4
1170 3773 8
1320 3534 5
2950 17093 3
1367 13138 8
12051 20282 10
259 15912 5
1410 23624 1
1192 1715 10
4686 14486 6
90 24849 9
12162 21037 4
16727 17027 4
1820 13646 7
1162 15451 1
3125 12827 2
8362 13840 1
6208 7858 1
6991 17571 9
5684 11546 10
8877 12444 6
3669 13503 10
13160 17039 3
3926 6795 3
5424 19395 2
128 15186 3
5537 11505 9
679 17521 9
6572 6830 3
13532 17469 2
20280 21876 5
1891 17791 8
1261 12507 5
5222 8190 8
4981 9799 2
7213 12807 8
3348 14698 2
1699 12994 9
122 7614 8
11734 19596 3
936 5347 7
1524 5332 10
4620 11510 7
1404 17240 7
2103 2109 10
1521 1772 2
16178 17968 5
8686 12584 7
4196 24909 3
9570 15427 8
536 4166 2
8322 11825 8
11664 14196 9
3707 17416 6
905 16230 2
5180 19387 2
9310 22239 1
9751 14031 2
5587 6492 7
171 10497 10
849 3242 7
7215 13534 10
1590 6646 10
3392 5990 8
11583 14964 10
345 22943 7
6913 7671 8
421 538 3
8711 10612 5
8073 14422 7
5518 19993 10
7385 17799 2
392 7564 1
3488 10294 3
1800 12275 10
6747 7671 5
6970 10608 7
5055 15717 4
293 17950 10
3272 5022 5
111 7879 10
4733 10978 9
3353 7198 9
4503 21187 8
2279 10687 4
8139 21400 8
14763 15469 6
1522 19959 7
3395 6886 5
13628 21279 1
187 5228 4
1380 17107 7
409 12640 6
3211 3491 9
3171 21623 7
8001 22988 5
7224 21563 4
4866 6425 1
12433 23651 9
15727 17072 4
6574 11209 5
7008 11633 2
11704 16573 4
2561 12627 9
3787 8451 1
4043 8020 1
1249 9917 1
19222 19873 5
23080 24354 6
6425 12433 5
5850 6142 1
313 9366 7
3724 5611 2
13205 22427 9
7520 17784 5
8043 12811 10
11104 24479 10
5829 24743 3
9806 12923 6
633 10097 5
18172 18730 9
443 19762 6
3261 12557 5
3788 14039 6
1809 23311 7
2299 9368 3
22421 24182 10
2214 6151 1
1266 2440 8
8164 18082 6
2035 5739 6
7136 24595 5
5534 16028 5
3734 18870 7
1468 21729 6
4480 20637 3
16560 23338 7
5021 6431 7
1635 2609 1
6766 19671 4
18489 21405 8
5348 7488 1
19368 21954 9
1474 6257 2
4248 6989 5
2517 14930 1
2619 21835 4
513 11677 3
15533 22580 1
2910 6568 3
1169 20073 8
1049 4551 3
10561 24268 1
1952 11872 8
9 2654 1
3696 13575 8
7428 15255 8
2887 6063 8
6764 20053 8
1353 4207 5
4916 14273 3
4983 18559 1
6709 7584 7
1794 21265 7
2005 24856 2
3100 9020 5
8604 22736 4
4246 5222 1
1780 7452 5
3878 10549 7
732 12792 7
7805 8117 2
17342 21254 2
1836 14958 8
9460 11612 10
9648 21360 7
231 10699 4
17689 21564 7
6235 14480 9
6405 7261 8
404 2613 1
1248 6831 3
3943 4588 7
883 8681 9
6367 10870 3
14729 18454 7
2046 19960 6
16212 20982 1
4657 7682 7
2182 24543 6
4641 12322 4
19418 21226 1
497 4709 2
7075 15835 8
321 7267 3
5590 21057 6
3115 8756 4
241 628 10
1891 12497 5
6316 6605 2
11354 24709 9
356 1289 8
1173 4729 7
7019 12964 2
6557 12618 3
7814 15184 8
5665 7098 7
1750 21505 4
1980 4583 7
4848 24795 10
63 17344 4
4171 17495 5
17745 19240 5
3118 4421 3
3632 12101 6
6459 9820 2
1034 1564 4
1540 6796 8
6802 21478 2
828 6256 10
3329 8723 7
2512 6688 3
3684 3798 8
9793 23241 4
9463 24701 4
15950 19159 2
571 15085 3
9404 19834 7
4967 5113 1
1206 19053 3
18130 20337 4
3615 22797 7
7284 18690 6
14233 22793 6
10754 22058 9
3403 20601 4
2802 17524 8
4677 19529 5
4480 23505 6
15387 18549 2
2602 14520 9
14343 15504 2
22386 24911 8
966 12327 2
3870 5898 6
2792 17791 7
9165 20963 9
5309 10345 5
2574 6036 1
2707 24897 5
8919 15373 6
5191 22496 4
12919 20027 5
1900 11326 10
7597 12359 7
6311 7627 1
1082 5006 8
13678 19860 6
7361 12602 7
1773 4292 9
15358 21612 7
4027 10311 4
21460 23320 2
9015 23743 2
19926 21618 3
341 23485 10
4765 18670 7
7382 13403 3
1236 5427 6
21617 23130 10
15098 17682 10
1059 18871 6
1307 1740 4
7090 22808 1
13497 14193 4
5633 6275 6
5448 17664 2
11525 20519 1
5955 21952 1
14784 24700 7
2293 23200 5
12994 21186 3
12908 13854 1
7505 15193 5
3240 3732 9
3257 8423 6
3662 5150 8
16 14196 10
5698 9439 7
301 15098 10
12789 24704 4
414 6594 3
1912 20866 1
538 17647 5
2490 18715 1
3545 15251 8
7229 18414 4
7439 12734 8
4197 10599 4
6739 9874 7
19970 24737 9
18629 20193 3
2477 6319 8
14307 20069 7
14630 21513 4
9657 24507 5
5580 23060 6
4798 18489 3
4041 6708 5
764 17022 9
2573 6064 1
18380 22436 3
4097 11906 4
15970 19620 8
6081 19706 9
7317 15911 4
1441 21630 1
11491 13055 5
1244 22211 7
1024 9944 2
6019 15907 8
11392 23067 8
12918 14615 9
4561 6410 6
5733 22309 9
5455 8530 2
8436 20562 5
6389 14628 1
21047 22624 3
21048 21410 10
2575 5256 2
11601 19664 3
8220 20375 3
19120 23077 5
5746 13078 1
233 4821 8
10996 12611 10
1141 2440 6
10676 19065 1
12168 15687 8
3071 8643 7
111 16202 3
5874 22159 9
14441 23441 4
3876 11542 2
865 4530 4
7534 17840 9
8038 8073 1
2352 23135 3
10039 10570 4
2518 3082 6
4603 16899 3
4032 7266 7
726 8094 10
8023 20796 8
2554 17257 3
3382 16907 5
3669 19589 6
5174 13154 10
6795 7601 10
13382 14102 4
592 3587 1
19175 24911 9
4389 4777 10
3370 10460 5
2382 19827 4
5375 16961 9
2335 3672 10
16433 17562 8
1648 19540 8
1194 4375 7
5884 19709 7
3805 8762 3
1422 15202 7
1966 5447 7
7427 14438 1
8340 17134 9
842 3953 10
6006 6365 2
3714 5719 7
5488 11658 5
821 14937 3
174 18462 10
3596 9161 10
4695 7533 8
5158 6304 2
920 2543 7
6924 20337 7
6848 17191 4
3909 12416 7
5508 7230 4
5806 17750 3
9400 20372 10
376 6094 10
9906 11341 2
2465 7458 8
21530 24147 9
1315 1446 1
7833 13275 4
6666 21487 8
1074 1251 2
11225 24834 9
15691 22847 9
5190 12642 8
3003 3856 7
4374 6523 4
3732 18813 6
4442 10229 4
5784 20724 3
3404 7618 4
57 3018 4
3433 16963 4
20376 24737 3
15291 24924 8
1317 15248 2
8802 21901 9
2072 12002 4
4829 11025 7
2002 2185 6
2873 20443 6
2014 7631 6
12253 23354 10
3209 21475 5
4693 5222 10
704 1740 5
1570 8858 1
1947 14503 1
4263 17904 9
3331 7524 3
2376 2487 7
3923 7978 8
1247 5727 7
6699 19977 9
11743 15394 4
2800 6642 4
11340 14119 3
371 2531 7
17749 24054 2
944 21630 5
16846 19308 8
10499 14275 5
7105 16307 1
17519 19638 4
9110 11112 1
5664 11171 3
1613 13624 5
19673 20929 9
5340 6150 1
4895 20439 3
7615 17726 7
6969 23419 5
6143 7008 5
1020 5126 6
5439 7428 4
2716 6211 7
4069 13234 3
585 19356 9
14848 23245 9
3881 20255 7
6744 17971 8
2796 15817 8
1182 12676 4
11335 20747 1
5454 16069 4
699 20886 6
6312 23621 7
14539 21750 10
13204 23037 10
755 15247 8
10005 14111 10
19406 20076 1
15255 23332 7
562 12337 1
7092 17472 4
1095 18803 7
1360 11192 9
10938 22958 7
4415 12538 2
6235 18033 10
325 6130 5
2171 20484 1
5063 10308 4
198 4646 8
3559 19638 3
4964 23987 3
3878 9251 7
4666 8848 4
4237 9963 7
5783 6217 5
666 3567 8
7993 17966 3
2295 18736 1
8005 23792 2
17746 21144 1
16717 17911 7
3985 6971 1
16274 23377 4
16610 19918 9
7342 14280 4
3946 14722 2
5029 10030 6
3694 23794 1
12968 21735 2
884 4078 1
20624 21569 1
10826 14429 1
2255 8770 5
3085 11429 7
2814 20986 7
6582 21474 2
538 22223 3
935 4486 6
11332 17185 5
5352 22071 7
281 23425 9
4721 17047 1
6849 14233 2
10663 11158 7
10029 20465 8
5226 10119 6
9678 24599 4
4601 6656 10
3819 7598 9
11576 24259 3
15032 24146 8
4594 16075 8
20029 24166 7
7542 17688 5
5087 10380 7
6216 14354 9
222 4979 3
17054 22124 6
11783 23654 4
6653 15407 7
6041 12004 4
782 21513 5
21053 23211 5
3743 23551 3
5632 14706 1
17998 24885 10
2181 7703 9
8645 21400 7
4203 10456 2
1381 13714 3
231 4931 9
1841 7706 8
560 12014 10
7540 8121 10
349 2120 3
3469 19711 2
5950 8180 10
5765 10426 8
352 3443 8
1979 23926 9
6138 18316 8
2599 14199 3
3001 6817 8
2051 12196 3
1775 24271 6
9814 16284 3
1482 12437 3
1196 9383 1
12550 20381 5
5069 14863 8
819 18668 4
2917 4932 8
5112 9812 7
4928 8481 4
15911 24569 6
2094 4193 1
2741 17113 7
13523 14402 2
18662 21045 1
7700 9355 2
2071 5916 6
116 11621 8
2871 9484 9
3361 9605 5
7363 14758 3
19158 23241 3
6744 10521 4
2117 5887 8
9038 15792 1
4358 15252 1
7869 19469 3
6860 24099 3
90 1227 9
3247 15762 2
56 10252 4
13774 23535 5
3586 21306 7
6311 16952 2
3021 3868 10
3967 22140 1
2359 23428 1
7486 8020 1
9867 20523 2
4101 18409 9
1300 11671 6
5231 5996 4
1245 15725 10
16443 18504 10
37 23856 4
8956 21667 6
15509 17850 9
1334 15151 10
12389 15680 6
1925 19336 2
3913 5177 8
5271 10824 2
20049 21881 3
3325 10825 7
3168 5675 5
2869 3559 9
17368 21243 8
1521 7675 2
4869 23277 4
454 5840 4
709 6993 1
3142 23440 1
22229 24774 1
6538 18734 8
7536 20215 8
113 8734 3
11058 12190 2
5776 20266 4
3266 13695 8
1115 8385 9
3358 19432 7
9986 20908 3
17538 24583 1
3048 20265 1
23349 24576 9
12662 20428 7
2530 6459 5
3375 16001 2
13845 19607 4
667 2173 9
10892 18793 2
5997 20999 5
431 16991 1
11739 21555 10
5880 11850 5
6198 8138 7
20684 20728 9
22647 24742 3
14619 23013 7
2634 6089 7
5913 13308 7
242 13118 8
4214 11236 8
1664 6073 3
2 475 7
16606 17353 10
18942 22681 1
2398 11058 9
14880 15053 2
16129 17478 3
2031 20455 6
2675 16950 4
18140 21249 1
1882 6907 8
1166 2826 2
1540 5345 10
9339 24119 2
3753 15579 8
5227 19828 4
2839 6002 9
7535 14830 1
6404 8557 1
3521 12464 7
11652 14104 1
2284 15811 2
5560 23862 3
17592 24336 10
804 7993 10
909 11960 1
722 6205 1
2894 7303 6
176 22513 6
7168 17760 2
1826 8884 5
6722 20822 10
1584 17604 3
2860 9814 8
423 2038 1
5108 18471 3
12114 20770 1
1955 23916 10
590 10773 4
4373 10165 2
5039 12580 9
5647 8701 5
4781 10472 5
2443 11669 7
13253 17698 7
6501 20780 6
6588 12268 2
17092 20521 4
2175 12843 9
18265 21202 3
14904 16118 4
6117 7379 10
4941 5674 7
11202 17021 3
11092 13111 7
9924 14313 6
20529 21870 10
500 16441 10
1699 22023 5
5743 18316 10
1000 10308 5
8115 21906 7
1122 12339 4
1972 2836 6
1863 19808 8
8668 17790 9
7564 7706 1
329 11506 3
11897 16208 8
17510 24473 8
7153 11822 6
6164 21343 6
3742 11659 9
3857 6569 1
2892 19090 6
5600 23016 3
833 13335 7
714 6614 9
9544 11640 7
7485 18607 5
1217 20555 9
4446 24972 4
4343 15889 6
1188 3705 5
2517 15702 8
8355 15247 6
7210 11726 5
1717 17634 4
14024 22325 4
4714 24635 4
18121 20525 7
110 6395 8
5113 12100 9
8784 21834 7
3215 24554 9
5398 14885 3
6512 12986 6
739 14251 6
2074 5306 7
6930 24894 4
879 22704 4
6847 7637 6
20567 21034 1
885 21669 3
8658 23648 6
2376 13927 5
2066 24103 1
5670 21346 6
3256 10422 5
1482 5350 9
5267 7671 1
21089 22213 6
3150 20622 8
4033 22613 8
6322 8117 4
11442 15852 5
5704 22377 9
2661 15439 3
5868 6152 9
10964 13308 2
6848 9030 7
3291 4512 2
860 19886 9
1794 4709 5
628 13128 8
6041 16025 9
2888 19534 4
1774 20307 2
2585 8956 4
3253 5168 1
5272 21152 3
2012 16501 10
3788 5181 6
2895 6991 3
2552 7258 7
2217 20840 6
9772 24156 1
6369 17890 2
8823 21053 2
7253 18788 10
8672 18138 6
3502 12517 3
17376 19936 1
6837 6894 8
1118 18599 10
6479 23855 2
1487 2267 6
14941 20182 10
4963 17789 5
3480 13555 5
4896 14686 3
6432 16783 6
5106 6833 4
8493 14589 6
5549 15091 9
4681 13325 9
1679 3330 7
14893 16806 5
4658 18125 7
14181 15811 1
785 3302 7
19252 21252 1
13476 22588 8
403 18684 7
1874 10521 4
1254 2136 8
3178 9256 6
4785 11516 1
6197 12076 8
1215 16816 6
9441 22831 7
283 1671 9
5481 18362 9
6981 7889 5
452 3075 6
17829 19109 10
5229 18257 8
6626 22797 10
17018 23913 6
6725 22760 7
6926 12956 8
8343 20984 1
13485 20746 7
570 7667 2
1918 3214 8
7071 20881 8
3816 16694 7
1585 19612 10
4032 15659 2
3213 21704 7
5647 14596 6
2144 2274 10
7328 11281 4
533 12609 10
2333 11968 4
9955 11382 3
236 3644 2
19785 21242 1
2647 6066 4
18522 21127 7
8874 12964 9
1387 10264 9
9972 13584 6
11970 14033 2
1768 13474 1
1819 11848 5
3889 4562 9
11412 13287 8
15766 21680 4
4608 5781 4
5021 14731 5
2840 22555 5
2244 11218 2
5475 17110 5
10517 23019 1
3032 22810 3
10595 13413 9
15049 24891 9
4820 21521 1
11422 20359 6
8753 14563 10
5224 18889 1
156 10909 9
6519 11455 1
3418 3882 10
2549 21522 5
6547 20228 10
3193 23773 10
2376 5087 9
1781 8504 2
10047 15567 9
10361 16777 6
6753 6781 7
3243 5667 6
4997 11037 3
10194 17083 10
2283 5445 3
513 13633 4
1974 13002 5
9140 20258 6
1275 4572 9
5176 11518 1
7518 23589 3
21080 24629 10
642 865 2
8212 19268 5
10586 14349 4
13495 18573 7
2855 6059 4
4149 4419 7
3848 12374 7
3582 11951 3
107 23167 10
167 24039 10
6675 16407 4
1531 18514 10
267 4500 2
19680 23876 8
10576 13510 2
7215 13307 6
959 3640 4
186 2067 3
5150 13133 5
5290 21432 9
37 727 7
14617 21510 9
4471 6874 9
6340 9667 4
4859 20040 9
179 21461 10
4339 11534 8
3488 6076 3
777 8949 1
14208 15659 5
18402 21280 8
15649 19316 5
15664 16019 8
2243 4434 6
1382 3823 5
15219 20490 2
882 17884 5
1446 2742 6
13091 19484 10
5073 14301 3
3848 11599 3
4952 6620 2
2838 3393 4
4941 15593 1
2349 20595 7
14564 18753 3
1231 24314 8
7622 8370 9
10576 21889 7
2538 14168 8
1951 5944 3
3947 7477 7
646 22694 4
7563 11286 6
3374 23786 6
6174 17932 8
11009 16140 2
11162 21784 5
11049 16660 8
2127 4438 10
11700 18075 5
1048 21843 1
2928 12111 4
2110 16730 5
1748 21160 7
1456 11142 6
8079 11843 2
2570 18058 3
10967 13312 5
246 21129 10
11726 12667 8
22239 22431 4
1072 2057 2
19039 22685 9
14633 21309 5
16382 22500 3
5828 13215 2
3460 14676 3
12137 23290 4
6613 19135 3
517 17905 1
2632 6085 10
7686 14507 1
3412 13073 4
10859 23710 7
14707 23207 4
3427 7597 9
2598 23191 10
7731 16785 6
3135 14245 2
4948 18671 2
659 6092 8
5765 6098 6
10671 21143 1
2551 22984 8
14374 24249 4
16257 18031 4
4894 5840 5
7493 12041 8
1032 24106 9
5748 13367 8
1669 10029 10
5376 7395 3
366 1961 6
14544 21329 8
40 5517 4
496 7560 1
10949 13026 7
20405 22728 1
4546 15781 4
11335 17073 7
210 2554 6
11996 16319 10
6297 9052 2
4977 23281 6
10214 24769 3
2243 17926 8
4875 16815 1
7125 17693 3
616 22408 7
282 16943 9
1808 7216 5
11335 12510 4
396 3920 7
2108 3779 1
1176 23500 9
712 20389 2
9389 15126 6
5040 10068 4
3412 4614 2
18164 19589 5
2307 2547 8
1145 12675 5
1073 13715 5
957 18346 7
3266 10503 7
1971 18676 8
4079 18489 10
2113 5635 3
10916 19931 6
6529 15102 1
4188 16700 1
1473 1497 7
8687 20777 8
390 10021 10
3771 7959 8
9154 15584 1
5718 18195 3
4487 7631 1
10864 11906 4
4852 24367 10
4449 5635 8
8510 10478 10
6651 15602 10
5821 7140 10
2436 6623 2
5213 6178 3
5858 20652 8
7298 8702 6
499 12360 9
233 12378 8
12547 13634 7
6943 13987 9
16844 18533 5
1916 3812 9
549 1721 9
7460 11296 4
4137 13586 10
4699 7672 10
4716 14528 9
7923 12769 3
10482 19657 2
3570 23639 10
15716 21474 4
5888 16041 1
3923 24957 3
690 18003 8
1198 3782 8
3644 11509 4
5794 23382 10
957 8312 7
6553 8023 1
1577 7134 2
6150 6234 7
11160 13077 10
4196 8704 2
7571 18469 4
18640 24357 2
3339 6995 8
2601 5578 10
5186 6950 5
1647 19497 5
1228 19064 6
1955 13545 3
12512 18938 2
6795 18351 1
594 6766 3
2809 7717 2
7685 11476 6
6615 19679 4
10016 11669 9
687 18914 7
7392 20575 5
774 5625 6
6608 16114 2
1327 11193 7
990 20911 8
18624 21029 1
494 4603 2
12411 14034 3
5798 21025 9
5689 16062 9
7137 22904 6
5736 23487 4
20256 22923 10
6362 18962 7
16397 18422 9
3583 19581 8
20480 21387 8
9179 19038 1
20401 24373 1
1842 5163 4
1153 4684 7
19610 20623 3
10078 21216 9
6759 20449 6
723 3078 10
11490 19487 6
1194 6386 2
7070 16400 2
19277 21913 3
16008 22792 2
17673 22275 8
4279 9832 10
12213 14472 5
2617 14941 10
9241 9739 2
4243 14521 3
12572 24034 2
9455 20416 1
5393 6349 4
4673 6393 5
18795 24841 5
4333 22726 1
6764 21894 5
5249 6636 4
3909 16866 1
839 3003 1
1150 24386 7
10064 20565 8
10349 13834 4
1338 14918 9
11706 23099 8
2179 13421 10
3571 6875 10
13139 21228 4
19664 24819 4
15645 17718 8
1123 18453 7
1761 12374 4
6212 14672 4
2979 4026 8
10376 20637 2
1917 2718 10
1048 7122 4
13912 15703 7
13528 22533 4
995 9461 8
5563 9714 9
9513 9754 4
4313 9787 3
2172 13824 2
2907 24099 4
11512 15964 4
138 5909 9
3530 5908 10
946 18491 9
13339 16927 1
7486 11503 9
7452 17099 3
12480 22194 5
3844 20403 2
12202 19941 4
3169 13320 3
71 12245 10
14802 18773 6
6673 17595 4
6708 7757 9
10450 13455 10
6422 23820 6
3732 22664 5
7355 11368 8
864 4479 4
15528 24572 3
7149 15289 5
1038 18832 4
2098 3747 6
5684 20956 7
878 23234 8
2489 10588 2
5307 13019 5
9909 22761 8
4530 21709 9
897 4205 10
508 5635 7
14745 17628 9
15379 19006 1
105 17654 2
7596 10449 9
4485 21810 8
5130 15049 9
6211 21769 10
1923 6016 5
4003 13193 10
7514 8415 7
9513 17691 2
17968 21947 7
17809 23026 1
5522 12189 9
3500 3554 5
8480 21386 9
19875 24548 6
4590 16098 5
5813 14176 7
10005 22514 4
2374 23572 9
14658 16181 5
755 10967 5
187 771 5
9820 20655 3
435 13291 9
1007 10235 7
18476 22083 7
12479 22126 10
5913 11070 2
11435 14505 8
3438 4996 5
4560 9883 9
3815 11196 8
21706 22477 2
4613 22324 4
1970 4688 7
8072 14667 7
10139 19591 1
3810 17942 8
2977 24968 1
1068 13995 3
1997 8605 3
1445 12877 2
7779 8725 1
2537 15214 1
13175 14402 6
403 4680 7
8608 18097 8
7692 19359 1
3583 19047 2
485 21437 3
14820 17676 10
3779 24381 2
6140 16874 6
4584 6557 8
2273 9966 4
4797 14026 6
3986 8473 5
3274 23549 1
6116 24883 5
3196 8663 5
1421 4218 3
8659 9148 9
3606 23527 4
1269 20654 4
8588 16281 3
3502 11946 2
4628 11482 4
5366 9028 1
2318 5298 6
11794 21466 8
11369 22286 7
15676 17724 10
1212 10510 8
11126 15691 6
791 9755 8
965 14734 10
6507 16109 10
468 6995 6
609 15344 7
522 20059 5
3703 12174 10
1722 22064 9
19866 20898 8
2442 7705 3
1112 1602 6
1273 17936 2
4356 5152 4
1827 15832 1
2376 10767 10
5962 12263 10
4149 22856 8
7182 18550 7
129 19573 7
3114 11332 3
7715 21475 3
4216 17634 3
7433 16295 2
1222 22949 6
16659 22501 10
8726 21253 7
4718 15882 6
2207 4816 3
4107 10981 10
19342 19789 4
5175 7645 1
15974 19586 9
7385 24222 3
344 7397 1
7046 22317 7
11810 13819 4
879 14911 1
8635 22611 3
4550 19932 3
12580 15945 10
7648 23345 2
231 2184 10
137 21335 1
14845 22160 8
1582 5806 7
1933 16429 4
5810 19507 7
1528 2289 2
15957 17112 6
5651 16616 4
114 7431 9
3256 24927 10
4987 6361 9
4837 4859 3
2927 11285 4
1562 7320 10
2227 24551 7
3093 17264 7
21625 23317 10
5541 15545 1
3503 14258 5
1947 5070 3
1079 12378 8
674 3756 2
4502 21897 4
6039 17286 8
7742 8413 2
5728 13733 6
5459 15837 2
15946 21867 1
6031 11167 3
11090 13418 6
6248 9165 10
3933 23749 8
1784 21525 1
12723 21058 4
13322 15721 7
6172 13919 1
1245 8135 1
2362 12176 2
1909 5260 6
2592 9637 1
4769 17728 9
2228 9574 7
7518 21584 3
11132 18033 4
1995 20521 3
976 24029 5
807 24956 7
946 23087 5
3550 15576 10
2052 8864 8
4066 24586 5
4394 6224 9
4577 13063 1
5118 5679 9
9058 22337 1
13680 17552 9
2749 3026 6
12466 20485 5
1532 4620 1
16207 17179 3
7816 15480 9
10485 20338 2
983 8873 6
603 8566 7
2030 8061 4
3609 23139 7
6371 7730 10
20681 23431 2
12415 17767 8
955 17159 1
6831 7441 5
6865 13861 10
1020 9170 10
175 4703 1
3238 15009 3
2606 20154 8
6084 11064 9
5582 16943 5
2169 4971 5
12088 17916 3
4095 18143 4
7476 17988 7
15139 24893 6
2762 8372 2
4803 15183 8
1949 14190 3
23862 23964 5
9539 20581 10
15139 21476 4
6066 8048 1
16683 18810 8
733 24675 5
7339 14782 4
2708 4034 10
684 3695 1
3783 3943 2
21912 23984 8
3856 9976 4
16971 17205 9
11014 16705 10
4479 5932 9
13782 18141 8
2692 6415 6
10768 10890 5
16100 20138 3
9107 14226 5
18914 19882 10
7593 14730 9
3404 17654 7
7532 10771 5
10208 19788 5
7390 23059 4
6853 23192 9
12717 23916 9
1543 15159 10
3936 6861 2
174 11616 3
4024 5242 4
9486 24431 10
2040 7637 3
12775 17133 10
1069 17315 7
7869 14114 6
12574 23078 10
642 15750 8
4264 5225 6
958 21765 8
426 17052 3
7488 12391 1
34 345 8
23348 23904 5
6538 22080 4
1487 19644 5
17158 19668 8
2174 24523 10
759 2509 10
10585 13515 8
2531 9578 4
898 5166 4
4012 20017 5
12 7257 4
3725 13968 10
3139 16737 1
15 10255 6
2091 24068 10
1947 4565 2
5080 23677 9
9967 16207 2
10524 22199 10
9695 11169 7
1120 2067 3
5343 16889 2
21890 22211 6
3572 20571 5
3990 4593 7
4297 5398 10
14954 15555 6
1920 7855 9
846 14695 3
3199 7518 3
12594 20811 7
18736 19250 10
14574 22660 1
5281 16957 6
3589 9263 6
219 20888 3
3277 15246 7
1181 7486 3
6495 12414 8
4491 11308 5
8838 16282 9
6980 14177 7
15826 20198 6
3406 22290 7
3280 21570 6
12236 12545 2
3730 4365 4
16591 20782 3
2329 19885 7
5368 7802 4
5666 7403 9
9161 20412 3
9412 15040 8
1087 11751 3
3780 16703 9
5924 17339 3
17992 19484 3
17381 22836 4
1666 10583 9
1058 9672 7
2142 24487 4
8771 9235 6
147 5002 8
3972 23933 4
1134 24955 7
5102 7089 3
6950 19745 5
7449 11850 8
1355 21076 3
8730 22732 4
7711 15932 2
1448 6572 10
1600 14198 6
8592 22196 3
12693 12708 2
10442 15892 9
15049 16008 10
12296 15796 9
5448 6840 9
4114 6398 6
383 13537 10
2054 22741 7
1359 3424 5
1955 10032 1
978 24238 3
3857 18105 8
1681 12572 4
7273 7762 7
6248 17128 3
7743 18722 8
10334 12965 9
2154 19046 9
6424 14198 5
626 846 2
3142 3391 10
19313 23324 5
3148 5166 9
2054 23827 3
4081 13613 2
10079 22740 2
22033 22391 2
223 2679 6
14192 15996 8
6671 22594 6
6579 13879 3
26 1544 7
15709 24451 9
833 2448 6
3274 12812 8
7615 23268 3
3838 11940 3
6460 9877 7
11947 14072 4
378 14171 4
3190 14479 3
3630 4555 8
4475 24341 9
7933 13703 6
992 10763 4
18016 19216 8
16687 19600 9
1126 15363 5
4355 11600 9
1959 21027 8
3276 23633 4
17410 18472 9
4148 16064 10
11334 18001 9
1396 2928 4
820 23163 2
2943 20776 8
3980 5358 2
16988 19343 5
10976 24827 3
5135 21980 4
4136 4385 8
755 12695 4
121 4134 1
3895 24007 7
2875 8588 9
8096 12499 2
16359 16814 2
14921 19596 4
2422 4626 7
1654 20457 2
14702 16644 1
3226 3283 2
2386 21045 6
6222 11053 10
1697 5992 7
1798 20912 7
2468 7578 4
21679 23766 10
10568 18176 9
6171 17488 2
12078 18227 6
4674 11665 5
267 13466 3
230 4671 1
6964 24443 5
6495 20480 1
5083 7492 8
3880 15977 8
34 2216 7
1317 13429 6
4951 19599 4
3173 17121 7
3053 10205 9
3281 3911 10
2488 13675 7
1650 14024 1
4605 8620 3
6061 11171 8
2173 14370 3
3870 21193 9
1766 24959 5
9201 21356 7
2208 3458 8
18967 24424 6
5351 5589 10
2884 13870 2
972 4856 10
644 20105 5
5215 13640 8
5101 12506 8
15957 16224 4
16469 19523 4
1215 2412 9
5981 7380 4
1534 11932 9
7624 21221 2
10481 14195 3
4561 13874 5
13697 17306 5
3657 19846 10
5199 9394 10
1365 1888 1
1713 18379 6
3837 6744 6
8385 11677 4
5452 9568 3
3384 10030 3
1846 11519 2
15524 20571 3
14698 20938 3
1473 15976 9
243 23183 8
2709 5226 9
6137 11643 10
2974 23278 10
16955 22360 7
2564 21014 8
5545 16019 6
11459 13560 2
4162 6486 10
20385 23208 2
4995 12069 5
8774 9082 1
220 6231 6
11431 22713 6
3318 22793 3
14826 16421 2
856 6119 7
6413 9275 4
14567 23746 8
1907 12110 6
4078 17952 3
8677 21452 4
14979 15752 5
2931 9789 3
3152 11289 10
1039 24036 8
1912 9724 5
3446 14089 7
1208 1333 10
5137 15952 10
1129 9613 1
10890 11954 6
20025 20660 7
1100 5100 8
1846 13119 3
10067 24959 4
5483 5943 10
3576 12959 1
2084 11997 1
410 3694 7
23297 23959 10
1012 6762 5
3988 18873 10
403 23529 10
1448 10461 3
5908 24022 1
2793 22995 10
5934 19951 6
3942 23650 10
2244 6693 3
3000 11368 2
1033 20833 5
20731 24390 4
1818 19286 4
11511 21541 3
8437 14157 1
6740 7205 10
1924 23862 2
5486 15485 9
4288 13495 8
5543 17069 1
16451 23491 7
8356 24428 3
2296 12793 5
20336 22033 6
3587 4170 4
3377 16373 1
3171 21233 6
3842 19705 4
3590 9990 7
3289 13154 7
12757 16267 9
10149 12487 1
1130 20570 10
1516 2292 1
12567 24798 10
2701 7680 1
2010 2765 7
2972 3147 3
1454 3533 2
19696 23218 2
2706 4166 1
16468 20957 9
3211 6996 3
939 18194 1
447 8968 7
19567 24049 5
10229 17905 3
5453 16856 10
15964 23279 4
1349 5361 3
2970 5317 4
4455 20747 8
3396 10644 9
12104 13578 1
3977 4134 8
16253 18359 8
20 14014 9
8790 24588 4
4289 12382 7
5012 9562 8
8223 24818 7
518 5560 6
2357 8866 3
10672 24325 2
6128 6428 6
483 10221 10
6079 20607 4
2561 15163 2
6742 11987 1
669 1622 1
414 5621 2
1190 19573 10
2129 15532 7
15831 22236 1
4235 15419 3
17822 24285 4
13978 24235 9
11166 16650 1
13197 16676 10
2015 5183 4
5960 10647 9
4797 9738 2
5048 15765 9
1340 18434 10
9987 18266 7
10768 23419 9
4215 12117 9
5586 6879 9
14463 19405 8
2928 20615 10
1164 22289 3
13031 14822 8
7705 19653 10
4561 5085 6
18561 21752 4
1360 14026 6
2397 16921 4
1051 4667 2
19351 20943 4
9200 18346 5
2857 11397 1
5802 22285 9
7542 9461 6
3879 13999 9
5411 18709 9
2151 9488 6
20302 22002 3
5413 6744 1
9669 23400 1
6466 7641 8
2348 15324 6
4831 6516 9
22135 23693 5
1783 24710 2
3754 18336 9
6537 7631 8
2368 13038 4
11512 15765 6
12126 20230 4
5606 5975 9
3215 19140 8
16 5453 2
3426 11212 6
6645 7920 8
3366 24628 6
15933 19860 3
3112 3297 4
2277 6486 8
1969 20873 5
7222 13643 7
3749 6103 2
5237 20520 1
6345 8190 9
9507 13701 3
9585 11692 6
1445 20692 7
811 4510 2
62 18182 2
7645 14799 2
1577 6960 1
3700 21567 4
4087 18315 2
2275 2922 10
2403 4537 10
24213 24757 2
2306 7711 1
5236 11250 6
4885 8020 1
6323 7720 8
1975 2246 4
321 14490 5
9632 12435 2
9927 22618 2
10937 23203 10
6521 16234 8
11690 18654 4
2900 5395 4
6509 15258 6
100 13857 4
4295 11938 6
20900 21572 10
467 22366 3
3768 8665 10
114 4300 1
711 24462 9
3353 19841 3
7187 18853 8
5623 14173 2
5825 24694 2
3099 20183 5
13521 19019 3
23230 24488 4
2074 24744 9
1786 8889 5
12221 23761 4
3141 3629 1
571 11017 1
8580 12022 2
5067 8174 8
2253 8859 9
3384 8973 10
1331 19953 3
4427 22777 10
2735 6361 3
2495 22406 5
5428 22178 10
2071 9826 5
15866 22795 7
620 20007 2
1322 4415 6
5931 6884 10
9199 18612 9
9326 20642 7
14164 22834 5
3082 13060 8
3137 8582 7
2223 5263 3
7477 13094 2
6937 22570 2
9026 19230 6
17169 24756 9
5364 18781 7
8384 19934 7
368 5343 10
3380 20996 3
8621 18045 7
726 18870 4
426 4346 1
2879 12607 5
10101 24476 1
4997 17093 1
16542 16823 6
3684 16110 3
1078 13948 10
3708 22058 5
7018 18043 9
9834 13540 5
3246 9353 4
12671 22829 3
761 16139 6
11697 20847 9
2180 10058 3
11537 24565 6
638 15715 5
8582 24763 9
3719 7546 8
15805 22076 6
3304 4781 8
16384 19898 6
14138 16258 6
12223 13080 5
10561 18267 1
2049 2645 8
6934 18284 9
3415 16965 7
7573 11468 9
2536 15551 9
1133 23965 7
2388 18090 10
26 1001 3
20475 21647 8
14162 15027 6
4069 20806 9
3840 17705 5
4625 23593 4
6458 14775 7
7618 20054 9
1622 5270 7
3014 21856 4
1504 10187 7
13378 24646 4
7211 8611 4
2187 16826 9
1857 22638 1
7130 8607 2
3395 5769 5
1853 6183 4
6578 18952 4
4508 19919 10
3777 9690 9
19779 24008 10
551 24165 9
2468 20616 3
2687 15745 3
1548 3699 2
12021 24160 2
15398 19957 3
1654 16585 2
7593 13987 4
4634 20828 10
2608 24262 8
3347 23411 3
2731 10405 6
4691 15059 6
11730 21577 4
446 4302 3
7213 18538 8
8956 14258 2
9924 23440 6
4626 6873 1
1814 6893 7
1719 19954 6
5746 13062 1
1315 14320 8
7518 18738 3
5880 17379 2
8178 20870 2
4015 4604 4
3044 4382 4
6546 8438 1
15842 21050 1
5388 14106 6
11769 23407 8
14484 16391 7
6849 14993 7
1928 5973 6
5504 8605 3
2791 11449 7
10189 19562 2
4706 24108 1
11388 11750 9
1365 18409 10
3769 12577 4
3687 15646 4
4047 17378 6
19604 24496 4
2498 22631 5
3148 16760 6
2662 14729 4
21001 21346 10
3026 4590 9
2229 24709 1
12178 22749 8
7044 20355 3
7254 18733 8
6266 7583 4
11550 21367 6
3297 8513 9
14784 21846 4
3482 8597 4
2096 4056 8
873 2010 9
4678 5510 1
17636 21844 10
8553 12792 2
1905 6304 7
3915 5989 6
3404 10806 2
4281 11016 3
1732 14097 4
2153 6715 8
1613 7506 4
839 23690 5
14221 23892 1
3884 19168 4
7187 7310 5
2728 6803 8
487 6049 7
4343 5311 6
3927 21715 5
6494 22902 9
1197 7498 3
6538 23003 5
7801 18000 2
4629 22427 4
23041 24373 10
294 12274 10
769 11657 8
4614 10971 3
524 23200 1
6555 14621 1
2436 6771 6
3188 17549 7
6769 16099 10
8555 19472 8
13166 23641 5
20076 23832 10
5287 8296 2
207 24193 10
7844 19868 9
2053 12030 7
4557 5887 1
1625 6261 3
2278 11910 5
445 1722 2
6030 13217 1
846 19621 3
3778 9823 10
9151 22640 3
947 6238 5
4202 4632 1
5196 23748 3
1473 1731 9
884 14503 4
5688 11900 2
707 7726 3
4885 18921 6
4634 16461 3
6369 8455 4
4198 7503 4
6562 7778 5
3650 22616 2
23303 23648 9
2227 18584 8
5127 18294 7
12651 22831 6
3792 23504 4
9828 11714 1
1419 17714 5
5015 5837 6
10517 21812 5
4288 15614 10
3439 21412 4
1252 6087 9
5311 14931 7
13765 16430 5
5525 5967 3
9931 22309 5
1783 19623 1
610 2907 2
1726 17158 1
4712 23455 6
4071 8278 10
20 19623 2
5895 20617 9
3751 7095 3
5592 8410 8
3355 12430 8
21807 24501 9
1409 18401 1
17816 21620 2
3718 14437 4
10666 23782 8
11130 13633 2
653 16901 7
18355 19329 1
328 7369 10
7379 19810 1
7317 22527 9
4605 5286 7
11378 15391 10
12901 21804 7
1258 23232 7
4551 6101 4
766 23011 2
17 24444 8
2081 9399 6
6300 19855 7
290 22840 5
1724 16962 2
2367 17887 1
9581 15002 4
13988 24296 10
7965 17863 10
6917 21674 5
17314 23011 9
5705 7656 1
16343 20305 2
11444 21694 8
5256 6929 2
5261 6681 10
6571 23115 5
4889 5920 8
16193 20451 1
2606 18750 5
9363 20477 1
2486 15668 2
10835 24318 6
4375 12336 7
8403 14115 2
16691 19004 7
11379 12827 9
3387 6669 1
4098 16650 2
6523 8962 2
16531 24984 2
8435 12714 10
9228 24123 10
2526 8955 4
2345 15422 2
23899 23988 3
2536 15165 4
3391 22340 8
11969 23451 8
9089 15252 10
742 9367 1
4481 21431 6
1053 17057 3
4417 19628 7
13495 15010 2
3955 16960 5
216 10122 8
3322 9420 9
3086 14062 9
6072 8227 3
2294 8640 8
6297 19934 8
2401 23943 4
6651 7141 6
1193 16801 5
6633 17695 4
2272 8484 8
288 2850 6
11649 15798 9
6181 15167 2
1983 6210 5
3227 12093 5
448 11434 4
3084 10962 9
4670 7878 10
1242 3756 5
4551 22317 4
4110 7647 6
15675 19190 1
2998 17359 10
127 4063 8
7213 8220 9
3313 4100 10
4098 6205 9
6356 20441 2
5462 9654 4
7075 14280 1
5070 15286 7
5741 6119 8
168 11829 3
2267 12807 3
5633 22349 8
4084 4087 3
378 15048 8
6995 24120 7
5234 22536 1
9605 21987 7
3022 24341 4
17788 20395 8
4409 8153 4
4040 17448 3
1085 15935 6
6521 21178 2
2558 14709 6
16013 17348 4
614 6351 2
21765 24116 7
1680 2293 2
549 15359 5
1233 10753 4
1876 11940 3
2756 4303 5
3230 15805 1
982 15832 8
5603 20525 1
2008 9549 5
808 3290 8
6378 11397 3
1300 5823 6
3706 4045 3
16903 23142 9
7717 13228 4
4624 5322 3
4302 5511 3
8312 18330 6
2475 6842 7
7473 24354 4
4909 17820 5
148 17863 7
677 12138 4
252 6125 8
2257 6442 4
4288 10054 2
149 1251 7
4237 18761 2
15288 21416 3
12564 22301 1
3473 16113 6
3061 22810 3
13037 24331 7
849 934 10
4186 24052 8
10111 10612 4
3213 20514 3
3022 7384 8
21019 24515 6
8335 19915 8
3891 19912 8
12180 16153 8
4876 14067 4
3816 21451 5
5287 16739 9
16176 19318 2
11177 22066 3
4216 17715 5
4705 11837 9
7068 21480 7
5798 6594 6
5557 9815 2
410 6308 4
4387 22766 3
6064 23413 3
2941 13193 3
4656 13185 10
10027 10144 9
11007 15760 10
14321 14950 3
6329 6477 3
4463 20290 10
2712 16829 5
12826 20277 4
3732 24832 3
4553 14138 2
10332 10567 10
6423 22322 1
1113 2543 2
2747 18217 5
548 2203 2
6804 10421 1
5900 7371 8
18440 23295 3
17772 20182 7
5421 7349 6
11588 22090 1
3815 22210 5
4840 18427 10
335 18391 2
3964 21366 2
4153 4775 1
4431 20964 6
1155 7255 2
4169 18573 1
3944 9427 2
5062 6887 10
1228 5094 9
1597 4026 3
4385 22125 9
3104 16947 6
903 1633 3
8177 23675 8
9132 10093 2
540 2946 5
9410 11279 4
544 5276 7
6114 6937 3
2571 3501 7
4084 6182 3
235 11474 9
12359 23321 7
8101 20012 4
12602 23659 1
82 4376 5
4310 22834 4
2594 12807 7
3687 17690 10
1438 10566 3
1427 13097 1
1706 3871 6
694 5396 3
3315 10519 10
3892 5610 10
11795 19691 9
3511 14380 8
12042 22178 4
4821 9038 3
6182 8208 6
9615 13180 2
5700 23008 8
8196 18843 6
18537 18665 2
10702 12329 5
843 10849 10
9455 12243 9
1809 17612 9
10334 21165 5
2722 24541 1
2622 19262 10
18670 23071 3
18408 22863 2
12334 14753 8
2552 6952 1
10012 14747 3
1660 7203 1
3495 4309 7
1781 12297 1
3207 21086 10
458 24900 9
4770 10863 3
6868 24762 5
1510 6711 2
1956 19820 2
3107 3705 1
5171 7428 2
12123 22957 4
6126 18865 6
4402 6733 6
567 4151 10
18256 20658 6
1298 7640 3
6673 24726 6
4841 16742 8
1497 7324 9
3445 15082 1
2004 15273 5
5326 13102 3
7178 12192 5
16604 23796 8
4895 19925 1
6467 14661 6
4496 10418 5
782 5649 6
9937 10085 5
427 6496 10
4563 6442 6
324 22970 1
5981 22192 4
18909 19294 5
4185 21939 1
2958 3022 5
9043 24029 1
8277 10941 5
7304 7663 4
15933 19593 1
11394 16431 7
4924 7838 8
6491 16520 5
7099 24620 5
2113 2926 5
9062 9137 5
1535 2977 2
15480 24645 8
10456 13577 6
108 23770 8
956 3040 10
1764 4787 1
5766 6592 10
20790 23255 2
16665 19412 8
5894 13887 10
6306 22914 7
3144 6951 7
4313 14005 4
1592 17426 10
2027 13591 2
11427 24288 8
6902 22919 10
5183 19627 9
864 22740 2
1286 8968 9
5598 9209 8
5173 11860 1
12623 23465 1
2550 9896 5
5985 12709 5
7065 7550 5
22235 23606 4
6480 23128 5
1565 3496 7
2568 5666 7
2773 5742 8
7347 10344 5
2244 6955 3
1321 5173 7
12844 16742 6
724 4774 7
2575 4424 10
1285 8640 2
5321 11935 5
4450 17645 2
8282 10883 9
3393 3403 7
1492 9037 3
5017 6454 8
265 3529 1
3661 5099 8
2709 17838 5
1224 21432 7
5812 22388 6
13523 17673 9
865 23378 9
5444 13276 1
8374 14368 5
3317 23752 3
5862 20458 4
1591 19955 10
13859 17984 3
5810 18031 8
7093 15463 7
17863 21033 9
2762 3437 8
540 8829 8
5333 19759 7
639 14325 9
11512 21896 3
2723 16290 8
12395 16903 7
5401 21531 7
6663 16694 5
223 9940 1
2109 14518 2
23439 24363 5
622 21661 7
3737 7388 3
865 8349 8
234 3856 4
10306 24668 5
4898 7481 8
6206 24611 4
5291 10910 9
3280 7269 4
2787 12744 5
6083 21878 5
7351 21506 6
388 14356 8
20711 23690 7
6416 22793 10
5615 7280 1
848 7887 7
10615 24381 10
2509 20332 8
11256 11274 5
748 12438 3
2243 15328 4
7278 18748 5
4445 6252 8
164 5360 4
5619 24485 4
484 1029 4
4837 15514 1
2199 7745 8
4647 20497 8
2324 22675 4
2568 6124 1
1904 4591 5
4568 18175 7
1004 24707 2
2939 18293 1
10096 15042 4
8941 12947 3
12141 13558 1
4358 14896 2
5586 6408 7
4830 12521 6
3704 7101 3
2457 6214 2
5942 20944 5
10833 14034 10
12332 22200 1
3152 5860 1
2490 6917 1
3391 4544 4
12273 17025 4
12786 21309 7
8961 12931 5
8210 18446 4
3880 10261 6
7699 13480 9
10949 14236 5
6948 17238 8
6342 7569 5
120 8406 8
413 10009 2
8924 22513 9
5104 17827 5
11733 17778 6
2908 2909 6
1835 5711 3
522 5337 3
22089 24158 6
4218 4604 1
910 24227 7
645 11997 6
984 16576 6
4788 18598 5
4654 17372 3
13438 18650 7
4514 6195 8
6082 23271 3
3628 18210 8
6546 22621 1
289 5504 10
6135 9023 2
5321 5884 2
7230 12703 4
14060 20954 6
4154 12523 3
1510 20386 3
9937 10500 9
1450 17391 2
782 8130 9
326 6179 10
11134 21837 3
2912 9700 4
2035 22142 6
3778 7126 8
22853 24700 5
10465 15146 2
4595 5390 5
556 17242 5
4348 14951 1
5059 5807 6
12090 17584 3
9436 10922 7
3340 19555 7
2259 10211 2
64 10157 1
6938 7207 10
1544 21682 9
16084 16412 1
1562 10326 7
3693 16978 4
3048 3515 2
17991 20056 3
2997 5631 5
19178 22771 3
7416 14140 10
7609 18014 5
3464 10855 2
683 18177 9
5769 20641 4
7658 22904 9
13211 23502 10
439 23326 6
6451 23596 8
6145 11528 2
6949 19986 3
12698 22474 7
8593 24502 2
6251 12236 10
5138 18781 10
703 13748 8
1241 15995 8
5211 19355 5
1762 24140 7
4671 20246 3
3986 9214 5
3081 22240 5
6989 10027 7
3764 14298 3
11320 18651 1
5031 24370 9
9698 21415 10
1274 2982 8
1367 17065 6
4222 17503 9
2395 22387 5
2538 3459 3
627 16914 8
835 19336 2
3177 15207 4
10341 12534 6
12024 23635 6
3632 4666 9
12644 23904 4
4920 21350 6
15623 19131 6
913 6234 3
23260 23493 4
3657 11965 4
4213 23913 2
3784 14764 9
2042 13985 8
5528 6531 4
4342 10875 4
3551 4511 1
16882 18480 8
850 21790 5
1662 6176 3
618 16068 8
13925 23354 10
7393 21124 1
932 16331 3
1531 23621 3
6234 24122 8
11478 18838 2
14435 24087 7
3908 7598 4
7995 22249 8
2156 22153 6
2114 10408 10
15422 20964 4
424 15710 10
4353 24570 1
137 581 5
2887 7125 1
275 5016 1
49 5282 5
10467 19828 1
7351 17176 3
4276 12761 6
3049 18587 6
8720 14210 2
4995 23160 10
4798 5197 3
7595 11467 9
6449 13143 10
3285 19988 3
2223 18036 7
3149 16484 4
850 3321 1
7505 16603 8
906 12451 9
2148 22414 6
3513 20348 8
6198 9413 6
6187 22892 7
614 21301 4
11490 21590 6
2415 3139 8
575 11570 4
4105 12531 7
3174 8373 10
9671 17730 8
14799 17532 3
1547 20832 9
2375 4232 10
12170 17303 9
5018 7478 3
15193 16161 7
4431 9548 3
16341 18033 8
5714 11653 3
5422 7652 8
16420 24089 3
2805 13549 5
1613 22635 9
4200 5697 7
13309 14090 7
7688 11020 2
3527 11844 9
6234 7497 2
631 5492 4
6164 19671 8
7060 15713 5
16721 19278 8
4120 5353 2
2245 16868 3
18776 21397 3
17482 22931 6
5109 17664 8
6070 9614 3
2264 20274 5
4196 15372 8
6787 18594 4
5977 7268 4
477 18403 2
4604 18438 9
3714 7217 1
16479 20030 6
10990 17647 8
9306 12816 4
12481 20547 9
1204 14049 5
1713 15267 1
4791 15021 1
4484 7685 4
4976 22764 5
7698 19032 7
6311 11643 7
4254 16265 9
12476 15497 3
1626 21583 6
137 17202 1
1103 5905 1
1419 4006 7
5632 6483 10
21698 23714 7
922 3450 8
10146 13933 5
1836 23674 2
19842 20999 5
15820 16503 9
12316 16655 7
7742 19394 1
2023 21273 1
5386 14134 3
21966 22081 4
16107 23858 1
1060 2380 5
11260 18872 8
2145 14336 7
3736 18427 4
6015 6426 5
2303 8315 7
2157 4386 1
2935 6982 1
1734 24913 2
4360 15861 6
7572 12542 5
11830 12106 5
1650 12387 5
432 3531 9
5960 22883 8
4120 4934 8
6296 9225 8
10304 18856 7
934 24104 1
2011 21377 8
7305 16994 4
4780 8695 4
1765 3538 2
4778 22056 10
9133 9707 7
8958 9907 10
3069 19175 9
9091 12432 7
11603 15945 3
11589 19129 10
9234 19387 8
797 17234 2
7305 11634 3
17916 18451 6
4760 5284 2
10028 17526 7
69 18196 8
13525 19890 7
1464 12609 6
6549 23003 5
16842 23219 5
3040 7425 2
657 23146 2
14504 20500 4
9978 21197 4
6410 24277 2
11698 13316 1
9129 24466 3
4206 12513 10
5380 6416 1
1888 19171 6
9682 20476 1
1469 23827 10
7146 7511 7
2534 3194 10
3834 5855 3
3780 12949 10
13389 22402 6
22874 23688 3
1984 5868 6
12081 14956 3
11435 16707 6
14053 15332 10
6109 14828 5
4219 19067 1
5846 11137 7
22658 24956 1
1142 15788 1
12604 16318 2
5499 5535 9
6565 15712 10
6774 16824 9
6357 24088 9
2521 2523 9
3785 12879 1
3431 8901 6
6189 21270 5
11345 24724 3
433 6118 7
6548 24770 1
7000 19050 5
9506 23114 4
5654 21745 4
6111 6449 8
2269 4922 2
722 15786 7
11365 18302 6
7994 13192 9
6422 18782 1
28 3344 4
16138 17135 3
4443 17093 8
5113 19202 5
2828 8852 8
10242 22737 7
13008 19563 10
10073 14596 5
341 6934 8
2516 15779 7
19 11191 5
5864 9018 4
3138 22904 8
5270 11236 8
409 19230 6
7422 18610 3
4237 6963 7
17839 23473 5
14757 15669 9
6237 10896 10
13180 21330 8
4368 17837 6
1154 1591 4
6679 7564 6
466 16822 6
4273 13458 4
20711 21052 8
7832 11542 4
9816 15758 8
9380 13506 4
17515 20795 6
5612 12190 9
14390 22051 3
13201 23060 8
21020 22382 3
4252 6592 3
4695 7244 5
1606 21963 2
8512 9874 3
3680 18212 10
7068 16191 6
13009 17320 10
3398 17254 9
792 19203 2
7375 18818 8
7733 20211 8
21015 24740 1
238 18726 1
4446 17533 9
5695 8892 9
3963 24161 9
13779 22336 6
2338 12718 6
10162 23631 8
9079 9722 4
3229 6638 8
5372 24571 10
1180 4305 5
3722 5621 9
2679 20775 8
3446 17904 1
17070 19381 4
5690 15620 4
7853 14653 1
7204 18970 10
17030 24366 7
3473 16833 1
1331 17367 4
2963 4517 2
20216 22101 5
7348 16364 7
8829 20533 1
7144 21759 2
9 632 6
3294 8785 9
4839 12718 7
3115 11842 5
7417 20120 8
16610 18288 10
6269 24566 6
17981 22545 10
2096 6530 8
1552 24283 10
4623 14077 10
15422 22591 8
4982 22371 8
598 23620 10
19687 24554 3
7708 11135 10
19568 24288 4
7130 23546 10
1874 4235 5
4990 18525 1
4364 24054 4
4962 20878 10
6066 17378 6
13242 13994 8
4981 19330 10
27 3946 2
10703 23693 7
6250 12494 1
10781 24898 4
1552 8357 4
23778 24923 1
4138 6989 1
509 10412 6
13707 20175 2
5803 17364 8
5315 13444 1
4164 14054 1
1987 7368 10
2918 7087 10
1282 20048 1
14787 18841 10
14794 18509 2
23457 24106 10
10973 19590 1
4709 14515 3
10278 11706 10
16518 24472 9
19693 24341 6
19965 21364 2
14403 22767 7
7445 10488 6
8525 23944 4
6605 7230 1
3615 4437 8
3818 16535 10
3584 11961 3
540 15393 5
14459 22706 3
1684 17847 3
10802 17159 1
7094 7776 7
3211 14999 2
6619 24988 6
10033 21465 1
7674 23246 9
6841 24717 8
610 14032 5
729 1782 7
16053 17168 7
7743 15240 9
15973 16612 10
3158 4206 7
4251 21463 3
3272 5800 1
932 2818 3
5943 10204 6
2848 12652 5
4367 21671 3
2982 9668 9
504 14710 1
6154 7232 10
1315 4325 6
2979 4915 6
1392 2942 6
6555 12561 2
1971 19233 6
10786 16094 7
2037 6864 4
3140 8810 1
2215 7531 7
6497 8645 8
13009 19539 6
7305 23561 5
4464 9181 4
6797 11890 10
6198 14947 1
13876 23507 9
12806 19365 8
2183 15989 7
19177 21060 2
10770 19231 8
3472 7734 3
14619 17908 9
10096 12230 9
8224 8611 4
4421 19905 8
16121 22172 6
5617 18307 2
2792 17012 4
3644 6630 6
3066 15369 2
5397 15704 10
6461 8804 1
903 4728 3
3273 10598 5
1421 8993 10
13247 17816 7
6558 7402 6
2524 2526 2
6499 7096 10
2274 5000 2
11242 16371 6
16888 18757 8
4610 7726 3
3333 13303 3
3604 6443 9
2653 11808 10
21835 23473 1
111 13933 10
775 1346 9
6507 11284 5
20413 22340 3
7268 14042 9
3310 4939 2
6579 18350 10
135 12731 8
4281 7190 6
9261 24252 1
9566 11659 7
1531 15637 4
4074 23145 7
4682 22083 5
472 7698 7
12660 14100 9
2521 12752 6
4637 20763 8
205 4683 5
3974 15988 4
5843 17000 6
1510 2895 2
6961 23837 6
6439 10192 8
10127 24756 10
2610 14458 1
12037 24028 1
798 17617 8
993 9450 7
2240 22183 6
6229 7830 3
3401 4314 2
3691 11783 4
9899 13941 1
7713 11497 9
3857 24434 9
1310 8352 3
2478 6800 8
4593 9203 9
15763 17281 2
783 6472 2
4444 8740 8
8201 17128 4
3072 8406 6
4790 6632 4
833 2247 6
2481 4272 6
725 8322 10
17914 22487 6
5502 7659 7
15529 15584 6
1460 15960 3
1616 7465 9
406 11703 6
5436 7464 9
4117 16087 9
10386 24356 7
232 20216 6
796 17310 5
13693 20594 6
2816 3031 9
2919 5824 8
7716 9339 1
3862 6185 8
2769 19390 5
4083 21084 9
1414 15640 1
8155 22111 10
430 2431 10
208 11446 7
6043 12702 10
574 24840 10
3048 23978 10
10079 11381 1
13612 17617 4
2212 4353 3
3435 9117 3
4608 7584 2
2616 12517 3
19928 22842 2
14844 15859 9
6987 15017 1
881 7443 2
6519 9734 6
8626 10534 9
5789 18580 2
6035 8546 2
2049 6870 10
1641 17707 8
21083 23341 5
4876 19202 6
19575 21835 8
7944 22153 9
9412 10434 7
19836 20493 5
19304 23165 4
1541 16646 4
1297 23678 3
707 20848 2
1246 2106 8
15657 18982 4
158 218 1
1358 21947 10
2368 3113 1
3880 19056 8
4352 16981 6
1743 23952 10
10610 14485 4
4134 14136 2
393 2184 4
3751 16746 8
3245 16372 6
1523 14474 9
16468 20115 10
838 7601 5
6925 7111 4
15926 20137 2
2505 13614 7
14472 15736 4
1494 12150 6
10483 22708 6
626 18844 8
7607 10369 2
2538 24420 4
1807 4465 4
13583 13629 1
1531 3677 2
5456 6575 7
7479 12160 2
2717 13220 6
9591 14496 3
12101 22534 10
349 24741 1
599 6951 5
99 1512 6
5557 6141 4
2936 3874 2
3509 22783 1
1652 7752 9
433 1089 8
5429 23877 4
3016 5631 10
1342 20900 1
13570 13961 4
3634 19992 1
821 5070 5
3031 6490 7
9731 19868 10
915 17782 8
7332 20996 3
15417 21572 9
21142 24818 1
4675 21377 7
6430 24498 9
4842 7323 9
6131 12161 9
4545 11596 4
10981 14834 3
4544 9623 7
2687 3815 3
5354 11463 7
3380 17216 6
8827 13345 9
3565 5591 6
68 1235 7
2416 5591 9
3100 19684 9
8047 24126 6
7901 8490 2
5236 14995 8
5710 17935 2
1039 20609 4
7186 15121 2
3484 22993 7
20711 22435 8
15578 19600 9
18751 19176 5
11910 21881 7
3405 23447 10
10229 19501 5
15498 15763 8
2486 6046 7
7503 18542 1
7797 18766 8
6224 6253 7
494 4682 6
11182 23440 3
6774 16719 3
863 1976 7
2614 12892 9
14399 20885 6
597 17075 3
13939 24153 3
2406 23425 10
256 1986 7
19758 22917 9
7442 24379 6
5225 5601 5
18383 22096 1
2124 14675 2
10462 24794 2
12748 23099 5
11421 19966 5
2107 23187 7
3067 24455 8
16163 20223 7
1506 10621 1
3872 6996 5
13389 19606 1
5574 19071 10
199 2280 2
7927 13467 10
2753 15496 6
12766 19677 9
7455 19952 1
1925 18786 7
5986 8016 6
12733 18496 8
11852 23152 3
13643 17716 8
13129 20597 10
499 11666 6
8667 16884 9
8270 13177 5
3779 22811 9
2736 6819 9
76 723 3
3423 4945 2
4999 8789 4
2275 18933 9
5331 24701 5
2804 2853 1
16463 21973 8
543 4092 3
706 10499 10
2224 7479 8
4692 19729 6
4405 7017 10
1477 12775 8
8435 18503 4
18073 20149 2
4976 7708 4
23 6181 6
6142 18906 5
4322 19061 9
11141 24592 4
3969 7747 5
5214 5325 3
537 6920 9
4751 9383 5
16613 19730 8
447 12659 3
2035 23351 6
3718 6127 3
307 22798 5
1631 3890 8
2391 5039 3
14101 23219 6
2870 21463 9
305 15897 8
10881 24924 3
2669 8700 5
6302 8854 8
7633 15305 8
11381 19878 7
2270 10695 8
581 5007 10
2145 8457 6
17781 22226 6
9841 11895 2
16468 16491 9
1816 3557 8
516 6708 8
2195 3744 5
4010 13349 9
10661 17365 1
4807 8103 8
18187 23527 8
7600 21459 7
6162 19973 10
5244 13656 1
2256 13252 2
3057 6989 1
2206 18466 2
5946 18755 9
10374 11655 3
2021 12436 1
81 8853 10
4175 16319 7
8846 16327 10
13993 23179 8
5486 22005 8
2823 13943 7
4342 9143 7
2778 13464 10
6170 13994 2
2538 6276 2
624 20380 9
1439 13424 2
2738 18396 4
1559 22247 7
3946 5639 3
1902 5930 6
3924 4415 2
2335 19884 4
8711 16371 9
15298 19970 8
11298 18162 9
6391 19215 8
10983 11514 6
2078 11982 7
11357 15253 8
14254 23197 10
12961 21646 8
7143 24826 6
9116 12059 3
6108 19968 7
6482 14963 3
5367 19664 8
175 7346 10
9874 16620 10
506 1298 3
6597 20422 5
353 24449 8
13890 18671 10
1634 5202 5
648 10874 5
823 22678 7
6669 22583 9
6725 21530 9
2040 7303 10
482 5219 6
5501 19068 2
2323 5934 1
11969 13166 9
2343 24685 4
2328 23476 10
1621 5198 9
16850 17471 5
9720 18404 10
4453 18323 1
5090 24977 2
9019 12309 2
536 20189 9
178 9043 10
2558 18625 5
3145 24896 9
10765 17227 10
6262 24651 9
1502 6508 3
6697 14163 2
1389 6441 5
5720 21877 4
3001 15002 2
8289 19969 2
6342 7312 7
3973 10401 9
16045 17297 2
6666 9780 4
2070 6696 4
20798 23080 2
19514 21278 4
3438 5972 3
2340 10473 5
1306 10577 2
11066 12078 9
4553 24421 6
818 1464 9
1928 2788 4
4973 22217 7
3374 7217 2
5842 22672 5
10386 21793 7
9526 22914 9
6839 22007 10
8979 23445 10
244 19838 5
6499 13896 3
12403 17930 1
5038 24111 6
6097 22578 1
7401 19653 2
17569 22086 4
12858 22134 4
11763 21201 5
110 17182 9
2956 20693 2
123 22397 5
735 24645 3
8403 19248 5
2902 3093 4
970 3133 2
1362 6232 2
3915 7874 8
7292 17070 4
8281 19495 10
1695 20091 4
5383 18591 3
17810 19016 10
5231 23732 1
5165 6984 9
5317 5716 9
2206 6318 10
3448 4629 1
7684 19725 8
906 18830 1
13401 16805 10
814 6094 5
13076 23126 8
4358 6311 9
8476 16889 7
7349 11037 3
7463 10052 5
99 22606 6
3545 23424 3
909 15553 8
2365 20221 8
17045 21552 3
955 2839 4
15743 19850 7
2496 16020 8
7388 12431 6
2406 22733 6
474 13526 4
9039 21564 5
7997 10225 8
3783 8088 7
5352 12955 8
16069 21777 9
524 3750 4
6099 22290 8
5435 7310 9
2846 13206 5
3161 17667 4
4906 23809 10
3077 6369 1
15980 23066 8
15128 15747 5
8123 24790 9
1078 20713 2
2731 20243 7
10220 24543 10
2393 12873 2
1371 18797 10
1213 15202 3
426 3002 8
2034 5767 9
661 19218 6
4052 4395 4
248 19400 10
737 11304 8
7717 11761 7
4928 22084 6
7576 23357 2
7622 11294 2
10525 20908 3
3105 20917 1
19396 22546 8
915 9837 9
13726 19123 6
7667 8493 4
962 11484 1
3257 22405 10
4899 5031 6
3415 19028 6
5655 21666 4
3456 24441 9
2315 19193 9
2259 2411 5
4524 5125 5
3019 22595 10
3355 7054 3
4768 13549 8
1170 21909 6
476 17295 3
4568 19577 7
7013 19341 4
15520 18733 8
3330 19429 2
9863 19901 5
1054 8469 5
845 2198 7
4460 4591 2
97 21409 2
1056 7271 8
2990 18428 3
318 3731 8
717 4381 6
543 19262 5
6570 16488 7
7809 8156 9
8840 18417 1
7136 10983 4
4001 8920 10
5685 7176 9
3229 17170 5
4889 6673 5
19299 19596 1
5237 5948 3
2379 5423 8
7343 9808 7
4968 10913 9
1330 11236 7
2805 9015 7
1252 6428 8
2761 3750 8
5417 7415 2
2661 15255 9
12668 17630 6
5272 6509 7
5027 5801 5
3742 13687 9
7596 17491 7
3680 20431 5
1494 10126 9
4234 7722 9
12327 20651 4
5970 10064 9
949 2450 2
10840 13034 8
6266 8397 3
8503 15283 1
1100 18051 3
5850 15025 4
6462 7341 4
7544 17458 7
5556 17023 4
3216 4305 5
1620 1787 7
436 4528 9
6148 6988 1
5033 7547 10
4090 5031 6
5402 16635 5
944 18760 2
17127 22599 6
3288 12982 9
5442 23154 6
9225 13482 5
4641 15160 3
2790 21488 9
4410 8073 10
13928 18743 7
5437 23398 3
127 3507 10
8533 20590 2
2168 6061 6
2732 6328 6
9237 11474 8
3072 16341 2
1564 11644 10
14247 18116 7
8197 21336 1
1488 9727 1
12794 16459 1
13169 17830 9
3876 15249 4
4024 14467 8
1167 3545 7
7295 8087 1
10133 13143 10
2304 4213 7
6095 6216 2
12644 15408 10
17834 17906 10
1163 24913 9
11168 17940 7
1200 2889 6
7262 9561 10
14381 17289 8
3284 3580 9
4834 16237 4
14725 21596 1
1055 2810 5
1758 20570 10
1193 6699 8
19735 19759 2
6510 16107 3
7405 12794 10
2155 17382 4
7939 13626 8
1833 2082 2
5249 22843 6
3089 12258 4
6576 24606 6
1447 9251 3
8 191 2
1253 13855 9
5810 18410 4
312 6586 7
4532 5678 9
408 10614 4
1537 1919 2
17244 19928 3
6109 14986 2
5679 21468 10
633 17993 8
2707 3122 2
663 5035 8
6603 15680 3
6704 15132 1
1885 20520 2
11809 20810 3
2708 9940 5
360 1080 8
3472 4830 9
7567 21881 5
582 11418 3
82 18365 10
1885 6042 6
3060 12470 8
1667 23089 7
4704 20637 3
924 19152 6
3449 10897 10
14723 15840 2
6823 13243 8
3119 16570 7
13452 14770 3
4039 24597 7
9808 22481 9
7273 23655 7
16812 18910 10
3732 5703 2
3122 3410 1
490 6100 3
592 3048 3
1385 4359 6
12738 20254 7
5520 5714 5
6186 20426 9
2213 15193 2
6369 11659 8
1698 4575 8
2857 3337 7
8109 21901 5
3991 13727 3
14096 17338 8
13641 19484 5
464 3817 9
3962 19846 9
5851 10717 10
11567 14565 2
20966 23608 4
2620 10674 2
9082 9845 2
1910 19196 2
7729 16507 2
4632 5074 8
1881 5868 9
5389 24148 5
17065 23436 8
22454 23301 3
7555 19138 8
1383 2572 5
9947 23081 10
4605 5242 7
1366 21857 4
5878 7130 4
1970 7399 4
5800 14711 4
1669 6588 4
5155 6133 2
6234 19806 3
6716 23468 4
8107 10510 8
515 6674 4
5034 12716 5
4554 20134 7
592 15947 5
8365 11933 10
1638 22559 9
6303 20651 9
14977 15566 3
5072 11686 4
9050 22210 7
12081 23735 7
3499 18411 7
3521 6204 4
19081 23155 7
7 18910 4
1188 9283 5
6660 23237 4
396 1644 5
2604 4198 10
5740 23365 6
2203 19941 3
1551 16145 8
5729 18705 1
1889 14049 6
7688 24025 4
617 19729 5
3785 8831 3
15972 18999 4
5683 18466 3
13943 20474 7
11121 11725 1
10595 15755 8
829 18824 6
1393 7555 3
13930 18791 5
3947 18986 4
2474 4875 3
22513 23797 8
6903 18275 2
4037 24931 2
3427 4879 7
15080 18266 9
5073 6378 2
18186 23310 8
6082 12240 5
8931 9992 6
15136 17835 2
5264 5284 8
7548 17489 7
15117 22424 9
6756 13922 9
4742 15437 7
9560 9652 2
6502 23554 6
3717 18975 2
14739 14891 5
8446 10588 1
5860 7012 7
1432 17907 8
17184 18831 7
14505 24652 8
800 8691 4
7381 17940 10
590 19595 5
1040 3362 6
8769 10331 2
5333 13305 9
2019 20546 6
748 2218 9
778 12976 2
11237 15908 5
16560 23195 10
437 17912 2
822 5951 9
1764 20044 1
2944 18780 5
4533 6541 8
1874 17505 8
12914 21756 3
1968 3047 4
5962 20339 5
14222 20558 7
13840 20248 8
16859 21641 4
6326 14433 9
5046 6327 10
8081 10396 8
6204 9558 1
12728 14813 8
6679 17956 2
4330 6765 8
3655 8944 3
1129 16359 6
4604 11561 1
8939 22732 7
658 20046 7
1696 13842 7
806 24688 9
9924 12404 9
6183 6701 4
3859 24195 10
22920 24074 8
1126 6851 4
5271 23182 10
7745 22329 5
487 12718 6
6489 14534 1
420 3319 8
9618 21001 6
24027 24840 8
13106 16233 3
13579 18356 10
9118 18756 8
6855 14861 9
2273 4527 3
21997 24456 4
5199 14488 3
3300 3633 4
45 21432 5
19021 21114 8
7350 11985 4
1073 15204 5
1148 1288 8
891 2678 6
2371 6858 2
1573 6257 9
5328 20391 8
7300 24456 1
6033 18438 1
3602 10928 3
4937 10735 10
11184 17793 8
21053 23071 9
10170 24901 7
171 15148 3
4864 6249 9
2986 22053 5
11670 17822 5
4617 23375 7
3591 23894 5
17851 20036 9
21032 24034 9
3931 8137 5
1811 22968 9
4594 14329 7
2612 6115 8
7645 22927 9
4737 23787 4
3948 9403 10
12867 16037 3
4012 5522 1
12208 20678 5
207 2994 2
4962 24194 10
13761 18377 9
1315 6420 2
2830 13406 4
466 12062 7
1697 12122 4
3047 16782 8
1637 16579 1
5747 13117 5
8207 19335 10
17369 20134 10
2257 24343 9
7288 21527 6
3255 8325 1
86 14640 1
23433 23586 9
2713 10487 4
8202 19863 1
78 20468 2
11743 24367 1
2544 14369 5
2762 5477 1
3215 6533 9
13434 17486 10
6760 11219 6
22331 22363 3
3854 21917 1
5495 24749 3
12941 22771 6
2999 9390 9
16143 22342 1
12508 14328 10
1281 20233 2
18281 19922 7
14455 20393 4
1024 15398 1
7538 14247 4
7626 24993 9
8547 24432 6
2927 8615 4
1335 10000 4
4686 20186 9
5672 23242 7
3719 12797 6
3323 8151 1
8254 23443 10
471 773 3
2022 5074 9
6074 21545 4
694 9501 1
14236 21766 8
3997 21202 7
15330 23199 7
15269 19427 5
8840 15147 10
912 6642 8
6022 7500 10
1082 19364 9
3939 14645 3
8124 23580 8
121 18075 6
3628 24311 6
5807 19398 4
7539 13238 2
15121 15492 2
2502 11422 10
13457 14466 6
13329 18369 10
4138 5408 7
1845 17841 9
7278 10783 7
11843 16908 1
8496 21472 9
15199 16394 8
6574 9198 7
6015 20566 5
1204 3581 6
1046 24320 4
15095 22395 1
14474 15788 2
21380 22071 5
453 19874 9
4894 9678 3
3502 17172 6
14455 17529 4
4072 17266 6
5274 17092 4
13359 21457 10
1923 5431 6
13026 13608 1
7417 19275 2
4705 11577 8
17269 21183 1
3776 5602 8
16445 24744 3
4241 17458 7
18163 23508 8
633 15030 2
3050 24031 1
9120 12072 9
3546 8002 1
1606 14583 1
4394 6875 5
9394 14204 6
2107 24168 10
16725 19665 7
3292 21681 3
7142 20206 6
5773 7128 3
15581 24229 8
3710 8683 5
6066 14890 7
13130 16223 8
1075 10321 4
1343 19435 2
10397 16570 5
1156 16147 9
1452 3613 8
7702 14696 5
1518 17165 6
10112 14852 1
4927 7438 5
1775 9079 3
11292 21312 8
9239 16216 2
2111 13080 1
2300 23315 4
7725 20779 10
6109 16209 9
7850 17848 3
13561 15449 7
3243 21935 9
4123 10745 6
3291 7532 1
2804 18094 4
6037 24939 5
7871 9081 6
717 24764 1
9897 22317 7
2008 16810 10
1715 3441 2
984 20493 7
19143 19539 1
8721 17201 4
8234 9236 3
2019 24080 4
987 7488 1
16585 20839 6
9629 10601 5
5408 7122 9
9451 15408 6
17761 22440 4
3992 10800 8
6358 11839 2
11602 23406 10
435 535 2
13113 24094 2
9134 9494 1
9458 22535 3
7120 17501 2
2987 17920 1
9190 20722 5
2615 9351 7
9529 24468 4
105 2740 7
7295 18677 9
5296 15979 7
1409 9447 3
1221 5962 3
7544 9529 2
6264 21261 2
2940 21426 8
5976 16167 2
13001 24647 9
7262 11156 1
8520 20601 4
505 4623 1
782 11645 7
10345 19973 3
12135 16090 3
13977 17715 9
1089 7366 3
1906 6794 5
2609 24492 3
3143 4551 5
7821 22700 6
10355 12693 3
6975 15857 9
733 5621 6
9245 15684 1
2937 15773 4
8176 14754 6
9116 24625 5
176 13231 2
15105 18971 1
6098 19112 9
1536 12998 9
11199 18653 6
7762 24376 10
5022 5398 5
15787 20477 3
11024 23647 6
342 14933 10
6584 18625 6
3341 8530 1
839 13451 2
2977 7260 3
4824 17528 6
561 19815 3
4836 11065 4
4186 5185 6
7327 22680 2
1617 6186 4
5793 10454 5
16009 21826 3
3308 11640 8
2761 20253 7
12323 14865 1
8925 10354 4
13320 19156 1
6061 22971 9
13624 23236 9
894 1516 1
7963 17260 4
1604 3474 1
8740 17307 3
5816 5918 3
5186 11799 1
2191 11447 3
7269 15404 7
2130 6051 7
13831 19164 5
587 12463 5
17916 23622 10
6325 15611 7
8970 15272 3
5610 20760 2
536 5435 4
1511 18360 9
3455 15640 2
3103 3341 7
6507 16988 9
12713 15948 2
1776 13926 5
2652 6045 4
2002 3145 6
5724 23626 4
1948 7349 10
1414 1634 6
24306 24802 4
5352 11454 3
3025 15612 7
7296 17036 10
3612 18339 7
16140 21243 6
6208 9924 10
792 16868 4
6244 16749 7
5648 10555 6
4696 11708 10
1513 16374 6
1783 9849 4
7451 7593 4
1109 5874 4
644 20403 6
3847 4084 2
2174 5069 4
2768 10505 3
3320 7929 8
2375 6340 7
8394 10697 1
7318 8353 10
16957 22027 2
4183 6069 9
14778 17374 10
4752 6247 10
8533 20091 2
2579 6575 6
7096 17039 1
3210 4792 6
13790 16485 3
1816 1833 1
10604 12463 1
2491 23708 10
3078 7909 4
15699 21791 8
2837 8344 4
11403 15568 9
1896 1985 3
3632 12764 10
3202 22112 1
6532 6852 5
7861 11794 7
17582 24412 3
2762 23871 3
4015 11217 1
4696 12013 4
4369 5032 5
3490 7316 9
7986 24501 3
1159 5517 4
4060 4248 2
3655 13649 1
1763 3316 7
6229 16437 10
5665 19769 6
3409 10903 10
3830 12829 3
3665 4422 7
7574 21150 1
4295 7581 4
17190 22872 4
4193 13704 10
5496 13515 3
4737 5102 3
4375 20734 3
8635 18658 9
195 20865 2
8224 23540 1
11367 18290 4
8632 18219 7
23970 24734 6
398 15302 10
4340 22956 1
2043 22764 1
3531 4718 10
11209 12210 4
1057 5140 8
1263 10951 1
6516 21976 7
3783 17249 9
1478 3430 10
17307 17927 5
5526 15301 8
4952 17765 8
4261 7203 10
13654 13691 6
6522 15383 8
1206 6036 5
4245 10340 6
7104 18972 4
8594 18784 8
259 13572 10
2889 11038 4
5183 6345 10
1556 3831 6
8355 23806 7
3272 3731 4
219 20441 8
12675 21794 8
14088 18500 2
14445 20579 7
6530 23874 1
200 20854 2
11196 23206 10
4818 5528 2
6554 7302 2
16198 18980 1
7135 16378 1
6661 10586 10
4839 5080 10
9700 10576 4
4698 17038 6
2763 3547 10
21005 21455 2
11286 15828 5
68 9503 4
7608 24737 2
17174 20888 6
6646 14035 4
11407 14903 9
1427 6935 7
16755 21175 6
2356 13807 9
5985 23444 1
7050 13835 9
6416 12161 10
11018 18942 2
5949 17302 4
14 712 9
3949 15265 4
6027 21562 6
1995 24985 4
13045 14234 8
4805 18749 6
4637 24080 4
1466 2487 1
1935 17255 7
22927 23408 3
14716 14843 4
12237 23824 2
2122 22538 6
11917 21527 3
13700 23654 7
285 6410 7
11061 12641 4
22965 23878 2
6612 6692 7
7004 15510 7
13627 17223 6
6294 6515 7
8824 20323 10
2291 22234 1
225 10884 4
18638 24906 2
4019 9101 4
4348 21486 6
4212 19691 2
1964 13063 7
1566 13645 4
12266 20090 2
7342 14019 10
2380 4425 4
18177 23572 2
18486 24120 3
9445 20097 6
5945 22861 1
6184 21166 4
15090 21138 3
4658 5897 9
2337 4094 2
10286 10409 3
3329 6212 7
419 21603 10
3220 20062 7
205 6344 2
5131 17730 10
2652 17498 5
379 14443 7
2248 14206 3
2018 4672 1
7511 24813 4
3715 11583 8
3156 10218 7
2474 10686 9
3542 8460 1
3609 6085 5
11891 21925 2
569 8969 5
9139 17418 10
8532 20661 2
2628 5215 6
1694 5830 3
5861 21412 7
137 15094 3
10671 20669 3
5697 17464 9
1675 3868 1
869 1906 8
19098 22645 9
5955 24783 8
14109 22047 8
5099 19484 8
503 2148 2
4581 11653 7
7630 23039 2
10740 14910 8
5877 11873 5
8192 9490 9
17720 17763 5
6 10781 10
16324 18663 9
4503 5916 8
2667 9515 8
8531 15894 6
14208 21058 1
16171 24954 5
1891 17327 6
18512 21436 10
2830 15213 9
4150 20530 5
4575 8993 7
10721 12774 1
756 7405 3
20208 22002 3
6572 12564 8
367 6646 2
6869 8647 9
11697 13283 8
8470 14984 3
1027 11148 10
7329 15282 9
1562 10928 4
2209 5030 10
421 22689 1
10309 14477 9
3049 13012 4
3331 18676 9
3138 4881 8
14831 20237 6
17258 24524 4
5071 16681 1
5304 15086 3
18743 22808 1
3675 3842 2
7728 17560 3
309 7264 4
2366 13050 6
166 23199 6
2077 18304 8
14342 24875 2
7964 18462 1
3429 12462 2
4244 4323 9
10139 21476 1
392 9227 3
4216 10615 2
4468 22601 4
3615 15704 6
3104 17313 3
1813 18620 6
11762 14765 4
6642 18419 4
7643 8852 10
7374 11760 7
23174 24094 2
12903 23223 2
11237 16680 4
1832 8139 8
2227 21363 3
14829 22682 3
7725 20186 6
3521 9992 5
14732 24111 10
165 5455 5
23662 24893 4
9655 17017 7
15838 18510 2
16310 23234 7
12596 15419 3
5669 24027 7
2260 24229 2
1634 7037 9
4424 14388 7
1261 4717 4
7653 8677 4
4868 22550 10
2722 22089 6
4813 9934 6
892 22605 10
7259 11082 3
1876 10074 5
6606 22384 4
2113 2575 7
1730 21246 1
12756 14177 5
5655 21997 1
5437 7111 3
2628 4225 6
2779 5375 2
21106 24917 3
3596 15518 6
15780 21184 7
8570 21879 10
94 6004 3
3745 6810 4
2732 12530 2
11149 22017 4
2035 10569 6
611 7596 9
3659 22197 8
912 5033 4
9135 11830 6
20223 25000 6
2295 10669 10
5702 14108 8
4710 5768 5
86 16620 6
3919 13263 9
9490 17223 7
5571 16779 10
13719 19876 7
14671 22480 10
5397 21455 5
6662 12261 10
7269 21741 9
5795 14086 4
1186 21034 1
20016 20510 6
14587 16475 10
5395 17681 7
4287 12620 6
5809 7495 3
7419 14303 2
5570 21602 3
7732 8874 8
4867 17767 10
14552 17818 1
6637 14414 4
1249 1600 3
6015 24424 5
5040 15122 5
2138 10077 5
871 9811 3
17225 20669 10
9767 24570 10
196 16205 6
5080 21474 1
4206 18897 7
2945 6581 3
4118 22631 10
1178 6257 8
670 8394 10
2473 5138 5
13317 16759 7
14664 20879 4
15411 22967 4
876 2527 4
20438 21091 10
12366 15279 4
1929 3712 9
4535 24635 1
6654 9502 8
5958 23849 10
134 21175 4
8108 20987 10
16171 18474 8
5155 12151 8
7567 9147 9
2948 14124 2
13327 23278 7
4764 17294 8
2412 2857 4
5602 20749 9
2565 5246 3
4727 7670 7
14234 22999 7
9661 21368 2
1375 12631 8
3166 5545 3
2086 3207 6
13860 21371 1
6704 11061 4
2227 23321 1
1263 15457 7
19924 24245 4
5128 19270 7
19298 19449 2
6347 20183 6
340 1425 4
5573 17209 4
15609 23718 4
3543 23914 8
203 14175 5
5560 6450 1
522 19493 8
5311 7489 6
12618 21278 8
3891 14420 5
2748 6551 8
7408 22160 10
22517 24911 6
11189 18373 10
13013 14767 8
133 5758 5
6281 17233 3
17814 19206 5
7393 21394 9
7480 23128 7
1267 11839 9
1516 5007 1
10212 23258 5
1603 4524 2
7859 9240 8
1426 2781 10
6689 22689 1
4719 23465 10
3982 9593 1
320 4491 10
9240 17702 2
4958 6932 10
14282 18246 5
2772 9221 3
585 11489 3
946 17745 3
133 9662 1
3386 17287 5
2633 22818 1
2679 9425 2
642 3218 7
14394 18963 6
5389 5404 1
1696 16765 4
23947 24563 2
3746 4001 1
4641 17115 9
2998 8068 8
10070 18314 3
3468 10936 8
9771 23070 2
4419 8486 7
11129 18930 3
6117 20994 8
4092 5389 10
2908 20579 8
5643 9985 2
13526 18940 10
18308 21472 6
3165 4722 5
11926 13117 3
4804 6928 1
21873 24031 2
925 1919 4
4248 12091 4
2623 10610 6
5912 6152 5
8030 12209 4
12112 13638 1
2691 19045 10
4479 19315 5
3405 10550 2
1372 17570 8
14337 20274 6
8373 13616 6
2658 17871 1
7325 17514 3
203 1733 9
15690 22034 5
4064 23666 1
3146 4611 2
1855 23923 7
3484 8829 1
2909 12049 2
4538 9675 10
5235 24953 8
2522 5933 5
6454 11439 2
8821 23101 2
31 6321 5
7960 17180 4
770 24363 6
6329 6532 5
6391 9906 7
1333 6533 2
6179 9860 6
1036 3954 5
3769 9224 7
9201 23884 7
11285 19978 1
6758 15885 10
14503 22167 7
13393 17395 10
1386 4435 5
76 9088 1
5870 9526 10
13602 15852 7
9679 12029 7
724 3585 9
38 283 7
2869 11847 4
6065 7250 4
1988 15358 1
2959 3647 5
2917 24564 5
1300 18489 9
4055 7755 5
444 11605 9
20655 21210 7
5605 11985 8
17357 23103 3
2931 24693 1
2522 23848 2
7668 23125 1
2714 13050 10
4777 7818 6
6553 14337 3
6936 23826 6
2017 15560 4
4880 14133 3
5246 23359 10
1397 6092 8
19508 22512 10
2339 7562 5
10484 18149 8
21672 23898 3
1777 8918 7
67 9148 7
5570 15106 10
10877 11392 3
1283 11912 10
1393 1493 5
4818 9472 6
5712 7180 3
2218 9022 1
2236 20835 9
14224 23627 9
21812 24555 1
3452 4550 3
845 22168 2
4201 23973 2
14381 14623 8
6967 22668 6
4475 22590 3
4902 20936 6
1807 7197 2
6394 6706 8
5852 11811 5
11085 23414 1
13032 21534 10
3050 15132 4
6153 15303 3
6079 14159 8
7273 10013 3
1297 13037 2
4127 20212 6
12781 17045 6
12041 12301 1
4493 17424 5
13309 16982 8
1703 2273 9
15878 20944 9
3353 21094 9
156 10803 3
14038 15962 8
3820 16515 4
1477 5961 1
5878 16201 5
3509 21946 2
12921 18466 2
748 12264 6
4976 6377 4
2601 21309 10
19435 22388 4
9002 19444 9
10699 24410 1
1200 10006 3
2346 19732 6
1454 21666 5
7489 15703 6
14291 21984 4
5205 5206 3
6028 22695 6
2514 15381 8
6286 19146 9
2677 9609 3
510 8446 7
21106 24207 7
3836 7786 1
8981 11928 10
3530 14454 9
176 7857 3
5760 7833 7
5732 23042 4
7722 11135 9
4813 7846 2
6750 13408 3
1598 1717 6
2044 20273 7
549 22935 4
13145 14475 7
8321 23634 6
6301 8516 7
11813 22640 4
4856 14434 5
17155 17917 10
1367 18974 10
1041 4097 2
16792 24180 6
3437 4386 1
14915 22544 8
1620 6041 2
1968 11058 2
2767 6218 1
17823 24976 8
3757 13945 9
3843 7017 6
10606 13387 2
20561 23067 3
1042 17830 6
17057 23981 5
3516 9334 10
15510 19057 10
21299 21807 1
15690 19981 8
19464 21940 2
24345 24552 10
7144 21380 7
15884 16950 5
12954 19725 9
15212 20951 5
6310 15481 3
3734 9932 2
3858 17347 4
4924 21539 2
1070 18188 1
360 15537 8
3112 6764 4
6880 22496 2
2156 19102 9
2815 6200 2
16774 24913 10
4888 16237 4
7235 16962 5
22950 24443 8
12230 21921 7
851 3233 2
7497 22393 4
11110 12379 7
1200 6512 2
4027 14907 2
14393 15157 6
9620 15228 4
9606 16933 8
3309 13566 3
3880 16403 10
175 16565 8
13744 20281 8
1952 5697 5
1953 17319 2
6398 22769 4
2929 11308 1
4519 15356 2
1830 4234 7
2863 7043 1
9400 9978 4
22 18818 10
7843 17282 6
6359 9877 10
4471 19463 8
12903 15082 2
2345 20945 9
12495 23624 5
4437 10712 5
19576 23998 9
763 15350 10
4171 10995 1
493 5314 6
3726 5275 5
14190 22238 10
273 7543 10
1597 6483 6
16726 23179 9
17327 19204 1
8025 17102 4
6168 12058 10
8006 14325 4
1772 18827 3
628 14065 2
3218 9835 10
12273 22597 7
12709 21404 9
11275 17704 5
7608 8826 10
4064 21426 9
10854 23089 7
22591 23660 8
12248 16035 10
2020 21336 4
239 1362 4
146 10728 3
4114 4628 9
9667 17841 10
1796 23913 3
1621 9600 6
2056 14738 3
761 15803 4
1475 12038 6
145 18899 5
18989 23658 8
12367 18377 1
1475 15760 1
1166 8090 10
11637 22439 6
4965 4987 3
8506 21214 8
5166 5770 4
8753 16972 10
5746 18221 4
16091 22482 10
4197 16919 7
281 6727 6
13780 22150 10
684 19521 9
10099 20594 8
15688 23601 2
3013 6486 9
12744 19884 10
21819 23947 2
13722 17572 6
1526 21659 2
7533 21415 4
8321 21818 9
1024 24641 5
718 11952 1
2669 3805 1
20377 23712 10
4863 11912 4
487 4121 6
2483 3130 10
6825 23048 10
6712 11529 7
13007 16710 6
7602 8119 4
1646 6251 3
11405 14838 6
5816 7809 7
7053 22689 8
16180 24921 9
5388 13033 9
2688 7737 8
13301 22304 6
1682 6205 5
3596 6846 10
6720 15619 7
8523 23602 2
2157 4803 1
5780 8604 5
1367 3788 2
10717 18250 1
4780 5334 7
2255 6637 6
8267 22686 5
16515 18869 9
4483 14637 6
2297 15345 3
2910 4188 8
8211 16053 4
6305 20177 3
4692 12118 7
589 15631 5
12925 24425 3
1702 22095 4
2840 17651 2
1202 13506 6
16299 24178 7
20805 23406 1
4911 9549 2
10238 23614 2
6435 15968 4
4101 10104 2
2465 19801 5
786 24004 6
5097 14253 6
893 18524 4
7356 9351 6
558 18966 1
3210 17495 9
4863 7555 9
9860 18318 1
5194 16578 8
10053 20474 9
560 6855 5
1342 6247 10
236 15192 4
680 13627 1
7082 13350 1
130 1277 10
1928 13644 10
7316 20629 6
2377 4774 1
7117 24144 4
7131 21066 7
2529 22385 5
2470 12554 6
12577 23525 10
4281 13594 6
11067 21443 1
1088 12879 1
3110 14834 5
20216 22258 10
1342 22891 7
1171 15726 2
348 2200 4
12837 20690 6
1801 3081 10
71 22569 3
7504 22594 1
12309 13973 6
15185 21240 9
6636 17599 10
10231 15156 7
2225 18204 7
529 9533 3
4625 4764 4
10080 10921 10
6845 19676 3
479 4895 1
17315 24137 2
909 7125 8
7074 10864 1
18298 21033 3
4153 9298 9
15964 18482 6
1908 7737 3
2359 24018 1
6397 18358 7
8811 24535 3
2700 7591 3
1624 2461 1
15902 17862 3
2657 9822 1
781 1157 7
103 16840 4
116 9932 10
4030 17628 4
8596 10114 9
4028 24499 8
8539 9641 8
2280 12592 4
5465 9326 8
7996 10256 9
18576 21835 1
7336 23269 3
7422 18697 3
4828 6749 7
9868 21042 4
3165 19451 9
12231 17521 5
6218 16672 10
7560 13986 5
4249 11448 5
3202 18594 7
3863 24329 10
14106 17314 9
5010 6620 5
9163 11113 2
11878 16959 3
997 6880 3
280 2319 8
3755 17111 5
2504 5146 10
652 20471 4
7009 23409 8
7414 21726 6
2826 10138 8
3415 8108 1
7114 8676 1
18900 22955 2
2368 16126 9
4096 21701 3
7401 23293 9
5178 23729 10
11190 24686 2
2364 7503 6
8193 9031 3
7329 20415 10
1553 11643 10
8701 14514 8
3830 23123 9
197 4357 3
1980 2129 9
10759 11854 5
17990 23919 10
2881 8633 9
13675 15802 6
4019 15607 9
8804 22536 8
1937 3383 5
4441 14595 1
7450 21501 4
6809 8995 1
4909 18590 6
5205 13401 7
6487 7908 6
13418 22260 5
15355 17926 10
5389 17291 1
3890 13895 10
4641 5830 4
1888 4903 6
2048 22199 9
2395 23242 6
4447 23811 7
5205 15120 9
3225 5406 8
7713 11873 9
2325 3416 7
833 3986 3
3691 8905 9
14672 22097 3
7552 14781 6
17064 19438 3
13588 18955 1
2910 8932 9
17230 20215 8
351 6630 2
6025 18372 10
8274 18124 10
301 1141 1
4433 16810 1
8579 13629 10
3037 19346 6
17090 24922 6
1567 15588 8
8986 18549 6
7480 9212 7
9978 12076 2
20550 22995 2
7296 22133 10
2348 23870 8
2247 18317 1
6830 13260 9
2642 15560 3
4057 12920 8
1816 5245 8
3123 9299 10
3939 15404 4
5630 23451 9
14406 16580 7
1203 5634 9
17946 23624 9
830 3200 4
12852 14097 2
12249 22299 6
2785 13570 5
3271 17916 3
5692 10031 9
17147 20474 5
7221 19354 7
3452 9675 5
20120 22318 4
5233 12564 10
12451 16316 1
10006 23946 4
13562 19969 9
7198 16983 4
2136 11373 10
2616 2736 4
2225 4913 9
4278 9908 6
2156 21806 8
5774 16496 7
1821 15680 5
10294 20339 3
6079 14648 6
4713 20305 7
1215 1328 10
2466 7250 6
13737 17816 10
576 4278 4
211 10845 7
14556 20509 3
349 20048 9
22350 23165 5
6231 17096 5
32 13757 10
3801 6156 2
7470 8817 1
1572 4617 4
9870 19666 2
7126 15461 5
1141 6520 9
13320 21473 3
10191 11310 4
8071 19011 3
5345 11078 8
14193 16122 6
549 3585 6
8432 20123 5
6414 23822 5
7046 23577 4
3054 18088 10
1767 16519 4
12197 18953 5
595 20921 2
11764 14449 2
6350 20488 3
5946 22615 5
5009 5095 3
915 6422 5
1774 6682 7
1041 19363 10
20027 22195 3
7335 20645 7
7958 24889 4
6963 24007 8
5163 12633 1
4721 6279 6
2742 6906 6
531 6387 6
12501 21200 3
1255 21489 6
7596 22133 2
2502 23411 10
5881 6267 2
1248 2611 6
187 3285 1
5896 21967 2
9156 11960 6
1504 24607 10
2672 4437 9
4897 24376 9
5206 18033 3
8572 22384 6
3016 11579 5
1202 7160 3
667 14814 9
14295 19238 8
7283 11059 3
9721 22605 6
12315 17700 1
6765 24792 1
1219 23817 1
5704 6585 2
17527 20959 7
1642 5261 1
4018 8316 1
3627 24040 2
15165 23623 2
14109 23921 3
3118 20396 2
8771 20007 4
19199 21643 2
6534 8567 1
10593 19887 3
719 24531 8
1110 5831 5
6776 12439 3
18194 22322 7
65 2187 7
1223 7799 3
1173 10788 5
2914 19188 1
2029 4819 2
5456 7363 7
7302 24551 8
4865 8166 4
5091 13006 9
6903 24163 4
5431 22243 1
1313 17616 5
2561 24839 10
2124 7530 5
669 14121 5
6977 17873 3
11841 12220 10
11855 14632 9
62 5310 10
2759 20237 6
3468 14168 5
6555 6979 4
1650 1756 3
673 851 7
5796 7596 5
3617 4218 9
3168 22974 2
15582 22460 4
4688 11953 1
98 315 4
1453 1606 9
2992 19138 7
3467 6479 5
900 18325 8
1806 6798 10
11004 17871 10
3742 9435 6
4588 21405 3
4384 23280 6
17169 19522 4
5417 14962 3
2655 3856 1
10754 13569 9
7219 8554 8
13113 17678 6
6475 23185 3
9071 9832 10
800 2990 4
6051 23518 4
2750 19450 10
3218 21007 1
1415 16040 8
7952 13023 1
5428 20408 1
7077 14722 3
10963 21171 8
3384 22594 3
8850 22086 2
1376 5171 2
10617 20180 6
636 19105 3
7061 13846 6
3355 18665 7
12649 14148 9
5253 5802 5
10523 16890 9
5379 5955 5
12584 16448 10
2394 22000 2
13163 21639 7
16518 19616 1
10758 20865 9
5701 9291 2
6712 22146 2
2063 7089 2
4326 14677 9
2631 2708 9
7530 18014 8
1680 4150 6
2764 21856 8
15526 20821 1
11992 12874 8
2871 15879 1
5852 17133 8
2298 21938 5
3133 3464 10
16538 22490 10
4792 14192 6
6782 20801 1
8917 10127 7
6150 16454 5
4399 13451 10
12356 22146 6
3571 23070 9
98 6546 8
11408 21235 10
2240 6604 10
4858 7593 9
308 2357 6
2805 3781 3
5412 22593 2
5709 6073 2
4190 11423 4
4930 19666 10
3222 13260 4
2703 2850 6
6683 12919 6
11748 17184 6
5292 6121 2
12792 17131 7
5574 20844 8
1709 4121 8
12902 17632 5
4419 7483 7
844 8999 7
10488 12087 5
19958 24307 3
2406 14187 7
2482 6265 10
10377 18825 10
7711 19073 1
8379 21473 7
1488 10794 8
262 5995 7
11091 22313 10
17 10773 3
6729 13585 4
3286 20232 4
3283 5198 7
17454 19010 4
3705 3707 10
3992 22282 6
5228 7206 2
2440 24133 8
4532 24371 8
5594 11429 7
2458 11155 4
8664 18646 3
785 12311 10
4293 5064 10
20951 22117 7
6667 9778 4
10581 11544 5
7735 21661 10
1402 3853 9
2064 10849 7
7751 15098 5
3766 16710 8
6117 16020 8
5870 11224 6
9921 19675 7
12798 24534 5
3753 12090 9
4835 15022 6
7233 21924 1
1167 7627 2
8396 12524 1
2411 15599 10
6901 14498 10
4926 18526 9
2310 21510 6
3140 5546 10
5458 7151 1
1751 8497 2
4073 7862 5
4391 16528 1
6225 15419 9
5361 16753 1
15230 17991 4
3235 3708 10
17654 20012 9
3233 3264 6
3296 4130 2
6180 16914 3
9379 12244 7
1651 17524 1
4878 15218 7
1821 14938 10
63 352 5
356 4691 8
8772 10981 6
6174 18073 1
19904 22616 2
783 15087 2
3325 4534 1
53 373 5
1699 6248 7
1539 3577 1
10660 21158 9
20655 24493 6
5699 14334 7
2551 9647 1
2713 21301 7
6159 13758 4
6054 7071 3
2161 24754 7
1331 6964 5
273 2322 9
1244 19375 8
6257 13701 8
3894 5234 4
1659 12178 6
6654 15835 8
6951 23103 3
4059 5072 8
6992 12430 2
16537 19886 9
94 2951 5
582 3194 3
10678 21038 10
10231 19942 4
8973 13262 10
1999 3295 8
4680 17076 5
4650 6724 3
10602 23950 6
3755 4037 1
592 1371 6
4595 8505 4
6449 16745 3
1476 4432 7
13339 21069 7
4530 24321 10
15643 20261 5
2658 15688 4
1751 10943 6
11266 19064 3
10722 20479 2
2449 18094 3
1798 22074 6
7339 23065 4
6068 15841 4
4946 22413 8
1315 6908 10
1015 11389 3
1993 4228 4
2045 22175 6
113 8909 4
1952 16423 9
1927 2115 3
3615 22874 10
1743 16405 5
2203 22991 4
8052 23547 2
4678 16951 1
4642 17922 3
2128 5757 7
8560 12999 6
770 7591 7
7387 24688 6
9835 16269 4
3156 7354 5
648 12460 7
880 22067 8
3035 6519 1
5185 5353 7
7565 7884 10
17627 23559 3
6757 12060 4
7024 13423 10
736 23987 3
1487 5353 5
1275 4709 9
2804 7553 6
4389 5747 10
1873 13671 3
14258 24137 9
5708 14263 7
5461 10172 6
5721 7681 1
3462 4454 2
10189 19012 2
17291 22696 8
7582 17317 5
14230 19334 6
2678 21298 10
8986 18255 2
4678 13023 4
1994 10367 10
7500 16472 10
3725 16083 3
8644 23732 7
5762 24595 7
12924 23360 6
13071 17884 2
3504 15100 10
5293 11364 10
8325 13418 1
7480 8506 5
3747 7300 1
4045 14583 5
4418 15254 7
15645 18614 1
14143 23266 4
1767 12834 5
10722 14794 9
2199 3898 10
4340 21976 8
7586 13334 4
11463 22244 7
6581 9881 1
3755 12297 9
5963 13863 1
3083 20574 1
4620 18930 3
6083 24941 1
3084 20679 2
1376 4239 3
1306 20480 5
3127 19538 2
1419 23511 7
2570 5102 8
1864 5029 3
2539 15069 3
15893 20323 9
3665 15296 2
3789 15470 9
13393 21699 8
16060 21782 1
2070 3722 2
4675 23386 4
2371 11679 8
4899 5966 6
5608 10839 7
18289 24974 5
2221 10598 5
7217 20742 3
126 21379 3
7737 17566 4
979 11898 4
7572 24033 10
2892 3768 6
3323 21577 3
1137 1827 10
2278 18852 9
1492 19897 5
3384 17742 7
4772 13890 1
356 6728 8
2189 4373 9
718 19808 3
901 6074 6
9752 17960 3
12611 23032 4
1786 23199 3
7677 11719 1
2999 15804 5
5348 20445 3
4388 14582 5
9582 24490 5
5481 23459 3
19687 24676 7
14903 19948 6
527 3239 5
4561 5762 10
3186 12881 3
13845 14843 10
106 3158 3
3912 19146 6
5084 13393 6
5066 13362 2
6550 7891 6
5028 17343 1
14242 15387 2
2364 6758 10
1318 2387 7
9367 10940 9
4549 17854 10
7148 19578 2
769 23203 4
1490 8095 10
962 3009 3
946 1693 5
1471 5560 4
1882 15707 9
2966 22775 6
5335 22492 1
3218 4635 2
2576 5958 10
1364 2533 9
5219 21968 10
2975 22188 8
6063 20018 7
4133 7732 5
2933 3813 5
9263 24147 8
2641 17215 8
2303 24700 10
2081 12084 5
12776 20183 10
16166 17724 2
2998 7386 6
2212 13379 3
483 23765 9
16013 20578 5
2217 5533 9
676 19469 4
682 24491 4
3296 18374 4
6077 16040 3
6795 24254 3
7295 17698 9
3402 15287 10
1397 6858 6
16239 19973 1
3817 17208 6
2575 3623 6
4411 16906 6
8106 15505 5
1306 9199 5
2560 5792 6
1736 14689 3
593 23251 10
1123 24272 8
5080 7838 7
6410 21704 9
4439 23614 1
15763 22850 4
82 16462 4
1065 14927 4
9619 19851 1
7922 19541 9
2950 4563 5
6881 21938 10
7652 14333 6
4529 5659 2
477 5229 7
10946 16783 6
713 14415 4
2015 6359 10
14548 15902 2
7898 24079 4
5916 17251 9
4589 8665 6
3393 3812 9
2128 13649 10
9615 12559 9
3396 12328 4
3908 8265 1
298 18602 1
4286 6853 8
1336 24800 5
7540 14581 1
15652 15751 10
1991 8566 9
6527 24299 1
3063 17574 5
1486 10240 1
3715 6127 1
2699 15797 6
5837 17463 4
379 5960 9
7657 12331 8
4566 11795 5
2271 20701 5
18556 20080 2
10737 19280 10
2191 18677 8
2933 15216 1
3369 12237 9
3102 4273 5
1065 6741 10
8311 22169 3
2982 24786 8
7670 23394 5
1152 11547 3
4430 6574 4
6419 9205 1
2913 12986 8
386 17607 1
1062 6683 8
1103 6644 2
5310 7274 5
2507 16208 1
1501 13572 1
12468 20417 10
1418 16973 7
1674 2716 8
12562 17082 5
942 2478 10
5290 18415 6
207 2692 6
858 3632 9
3120 21402 9
934 3544 8
11668 15522 2
2745 13564 5
19116 23216 9
3436 3731 5
7071 20777 3
6500 11147 5
1344 18179 8
70 6801 5
1772 16375 5
2318 2496 1
3178 5897 9
4063 19266 6
8681 17615 3
7501 13754 7
4103 5420 1
2606 3000 9
7077 23963 1
1912 4691 5
3784 18737 1
17923 21112 7
3493 6134 4
5680 20985 1
8560 18473 8
10339 19838 4
4907 8141 5
2774 5640 2
14297 20653 6
2852 5687 9
4319 23063 8
4834 24947 3
1658 14788 10
5828 23625 4
2800 17099 4
8424 20435 4
86 8349 4
2468 5663 9
7264 10607 10
472 13913 4
5233 15655 7
18088 21120 10
6117 6986 6
14999 19039 8
14326 23793 6
10028 22443 2
7382 24279 8
4036 7081 6
4869 19831 6
343 2541 9
23026 23535 5
4612 24813 8
2781 3367 7
3564 4160 4
1930 6812 7
3306 23342 3
14985 19355 4
737 22994 1
10967 12441 4
5167 19474 2
491 9679 9
12017 20670 4
5148 23701 4
1334 8956 10
8741 20754 1
6131 13757 1
1810 16122 7
8010 8709 2
2578 7767 9
2213 2698 3
2483 4223 10
1045 5564 5
2700 3283 6
22210 23374 10
7289 18198 7
675 12821 10
2693 7698 9
4519 17615 7
4422 9404 1
9988 16290 6
2628 6157 1
1991 20089 8
12670 24303 5
16711 18247 8
15368 23832 6
5067 21426 8
3356 11065 1
5568 20663 9
5923 18182 2
5120 20126 3
11282 21515 2
7496 18820 3
6995 15279 1
2005 3097 7
480 3820 8
8688 17587 9
9682 19099 6
10523 16292 6
1983 7927 1
3682 4830 1
670 4055 7
1907 22046 10
2321 16913 2
3409 3921 10
4399 21024 5
6576 7304 8
302 1304 1
4930 23360 1
2004 7014 8
14929 22183 10
1738 8413 8
22128 22290 7
261 7950 6
1780 2524 8
5242 9631 6
4747 9189 2
1646 8859 10
4901 19959 6
4277 4860 6
5379 11538 6
5855 6872 4
3278 15475 9
5395 6102 8
3084 23110 6
2121 11130 4
5315 18331 2
5008 22070 1
3449 5462 4
2511 6776 10
1170 17401 7
4983 17962 3
1711 5376 8
8811 19301 1
23807 24042 7
11351 23006 5
20446 23868 5
4323 7067 10
16711 21410 8
14271 21444 5
1773 17050 9
2090 6069 1
4994 7810 2
5373 21199 1
12619 20359 7
6580 9935 1
6040 6307 1
1740 4611 5
1239 3384 6
6985 22322 1
463 5258 3
5653 6499 3
9256 19018 1
7692 23251 4
5132 12600 1
5600 22139 7
1992 9257 7
1295 20906 8
6352 12673 1
2585 14200 6
6679 22455 3
3263 11536 7
2503 9364 3
4010 14253 2
9643 10943 9
5436 8711 8
21001 21029 9
2144 3484 5
11542 15779 7
3279 24361 5
5091 5616 2
3416 24373 2
6491 10458 4
7531 21549 8
11344 12177 9
6492 16556 3
5114 9580 10
1330 24700 4
8341 22343 1
17950 19194 7
8550 10956 10
7626 22712 3
5196 7384 8
13140 13703 5
5829 17730 6
3459 4828 5
8411 17861 7
12978 17496 6
5232 9057 1
9762 17790 1
5903 11024 10
62 15910 9
21935 24011 9
7049 11922 6
5540 12859 10
16592 17823 2
9019 20664 10
7857 21875 7
3210 15402 2
3411 4444 3
10552 18622 6
21713 22777 10
14322 15859 3
5814 12176 6
3332 4791 9
6681 10163 2
11283 21208 6
7604 17120 9
3081 6748 1
8080 12048 5
4225 22399 8
1278 20196 7
2526 22150 8
11694 16514 9
13006 20920 3
4746 21400 7
9386 19705 3
1016 22079 9
1979 18162 10
12743 21097 1
4627 4952 8
13178 18361 7
7603 19972 9
10590 21783 3
7864 17472 6
5109 6384 1
101 1531 1
19799 24265 4
1676 20365 1
10241 11403 10
1787 1827 2
351 7375 3
7278 14646 4
8394 20972 5
1528 24704 8
4480 5484 5
17825 18667 1
6082 24767 8
5 18537 8
7749 21947 9
13115 16987 9
3820 6529 6
6770 16855 10
158 5825 8
4964 14944 1
3135 15959 7
1364 8650 10
6754 18122 8
8754 19428 1
9014 22866 7
11459 13718 3
374 7317 7
1696 23287 10
3126 22603 6
1041 22368 8
6949 22499 10
674 5152 3
5258 6665 1
7694 20087 1
8238 17357 8
5571 11746 9
8591 9635 10
6093 24811 2
11 8709 8
1676 6237 8
180 6077 5
2249 7442 7
1708 14764 5
3920 22573 7
12747 14856 4
6050 10601 1
14635 19377 9
10651 14649 4
5128 19143 1
10265 23790 7
11753 12349 1
20254 22786 3
2453 18822 4
15877 17976 3
7138 19200 1
9883 16790 8
17234 24417 6
11379 18059 7
4278 17255 3
11460 12286 2
5573 18220 1
985 24261 5
382 18220 10
1522 4709 10
4672 18414 10
665 21934 4
892 19988 8
15216 23551 5
17140 20020 7
7256 23767 1
15309 23657 2
1227 12483 6
6807 22223 2
758 14008 10
3085 16750 2
4405 20692 1
7554 12620 3
2492 23215 2
955 5717 2
9984 24982 4
4571 8700 8
8549 17876 1
5043 5562 4
8158 15213 2
13271 23023 5
6585 9168 8
9960 23525 9
5559 14605 10
10767 12983 6
255 3565 1
1343 13085 2
6284 14740 4
1718 20951 4
15708 21032 7
5360 13299 1
5823 7697 9
18712 24502 5
2105 4716 7
12441 24534 4
3053 7513 3
6069 6088 5
58 17300 1
2562 4751 6
12690 24024 10
5428 6080 10
2234 4575 6
9420 9830 9
2235 9026 7
22465 22973 5
11408 23797 7
1025 13603 8
9153 21480 3
13 16351 5
3635 13987 10
15224 21839 4
19975 23819 3
4458 6646 10
16501 21208 7
4780 6280 2
9679 17102 7
1929 2465 7
9923 23207 3
240 1544 5
1657 6230 5
4055 18412 3
6482 17284 9
8937 18532 7
4318 4477 7
8113 12921 6
6022 18537 10
21724 24396 1
5482 22239 5
7673 22431 8
1248 6490 1
12845 17178 5
889 7125 1
11568 16890 3
1892 13193 7
6481 11463 8
6007 13236 2
2148 2452 4
10102 21220 3
1173 4379 2
3017 3352 10
2249 20812 3
397 13052 10
3216 5939 10
4345 16549 10
2569 7816 1
12927 24927 6
2288 5629 3
7443 14203 2
4217 4382 1
25 526 1
627 2409 1
9946 12990 1
2171 13857 6
435 1831 2
3920 5838 3
5813 8806 2
9552 16132 10
3188 9042 4
4510 13996 1
6295 20403 3
11801 18282 8
21053 22319 7
5801 21584 8
2152 2376 1
5521 22928 1
4093 5373 1
1551 1701 10
17217 23073 6
841 10667 10
1685 21923 7
8027 17041 5
21564 22736 10
7065 11218 6
13152 14392 9
171 1950 9
4351 22201 6
2705 14824 10
1094 1609 3
5389 13783 6
2579 7595 2
455 1958 8
7770 20412 2
726 2070 1
9345 16256 6
11509 22324 3
7169 10463 8
11153 23127 3
1140 7706 7
4704 12626 5
2171 24062 10
6800 21552 5
2029 20533 4
1165 10951 3
12292 18786 8
1967 17368 2
20322 24312 5
354 728 3
1669 4833 10
1786 22515 1
9986 12657 1
2989 10286 5
12451 24775 7
11163 15052 2
3260 24214 10
2667 8083 4
10846 17149 6
3096 22216 10
206 4970 4
3245 5410 7
13345 19331 8
2482 10404 9
1520 20485 3
584 4475 1
3973 7519 7
7728 10370 8
18089 23685 1
1841 11086 8
15317 23315 7
4693 6972 8
13272 20820 4
495 12215 3
22150 24194 8
7680 10766 1
14492 16802 6
4225 20803 7
5770 18579 3
3944 10353 7
13936 20835 1
18307 22519 8
6793 16026 5
4653 17448 7
16927 18445 4
17542 21040 3
1536 17477 8
7711 17811 2
5298 21706 3
8355 24627 9
60 6206 8
14569 19769 8
5576 18124 7
982 23238 9
5392 13418 8
877 21431 3
10218 14627 1
7219 11807 1
9232 10099 2
16087 21144 9
779 3551 8
23112 23817 1
6215 18429 8
4549 19253 3
1336 5862 3
1798 23864 6
3903 6277 3
4774 11904 8
824 21655 3
20669 20774 8
3601 4226 2
5508 22603 4
7044 14096 9
70 6423 10
99 19925 9
9651 16495 9
4923 9084 4
4938 8273 9
4 4720 3
16635 20834 10
1189 18108 6
1136 13466 9
5101 6562 9
1169 23820 4
6567 8952 3
16245 18308 3
2511 4070 6
3016 8389 5
5028 5591 6
911 2460 8
6955 18040 10
2869 3028 10
7607 7681 3
2388 8633 5
5763 10422 8
1809 8187 2
2002 6064 1
13039 21324 10
14474 20331 2
3796 23484 9
10873 13517 4
3770 11783 3
7205 9019 6
9921 14647 9
331 6601 2
1323 21596 10
2373 7425 2
2223 19430 2
5325 19047 1
7019 10801 3
2102 12542 6
3013 13707 5
5197 7557 8
10001 22339 4
1367 4336 2
1346 6896 6
3165 6689 4
4910 21103 1
12789 13217 9
2023 22844 1
12736 21585 7
10294 11727 9
3326 15757 4
1579 22246 4
2653 3322 9
10176 17317 4
1422 14570 6
4932 18105 5
1343 22252 6
3819 4202 5
11322 16567 9
5688 12284 3
20987 22912 4
5703 16255 10
7276 21958 10
4160 17326 10
4226 5874 6
2521 9530 8
1604 6665 4
14534 19489 2
61 14222 1
9799 15991 6
15511 21840 7
7508 16152 5
3923 18842 10
2847 18340 10
17604 22912 2
2603 5959 5
523 1864 2
1612 5450 2
19263 23360 7
5376 18884 3
2055 15343 3
7214 13256 6
609 21035 10
1341 7978 8
9450 14014 3
10372 14828 2
4471 6867 10
289 13381 6
6272 6934 8
2950 8302 9
3712 7305 5
556 11639 1
22027 24536 5
7637 12580 8
7413 19214 1
22361 23430 10
12640 24019 9
3288 5184 8
2032 6299 3
12970 15867 5
2876 8974 10
1640 12044 3
3980 9208 8
15620 18234 7
2940 9312 7
1762 2012 6
20290 21315 5
8052 23078 5
7115 19747 5
9304 23968 6
9387 22113 10
5434 19743 6
5545 6050 1
4671 5579 1
4915 11721 4
3777 4234 7
19090 23352 5
7192 7373 9
3816 22894 10
3124 4163 9
15087 18766 8
2036 24364 5
5467 15916 7
430 23141 6
6197 22046 7
656 5180 4
9034 18049 1
6296 6604 4
20084 21765 4
3197 20761 6
17628 19078 8
4676 5494 2
3889 23290 8
17143 24182 6
1191 10757 3
15020 21340 2
5468 18964 7
3909 22624 4
1090 14528 4
6664 24117 2
3177 20836 5
21703 21768 3
4181 17980 1
3010 22616 4
3320 5095 8
19133 21392 10
14061 24032 9
5443 11434 6
4741 5385 1
7388 20729 1
5398 6271 4
23903 24936 3
5861 10850 6
2133 4084 3
1054 16802 3
4806 16638 7
3804 11283 9
1883 22931 4
4804 8389 10
16377 18108 9
3688 16983 6
1569 21891 4
7038 7075 3
3531 10978 7
2330 23339 6
17537 23103 9
3841 22957 4
583 2069 5
5832 20910 8
15302 19396 2
2548 21104 9
4526 5772 7
9446 22660 8
364 6003 1
2209 23059 9
5159 6944 4
18079 19347 3
11190 15308 3
3015 21480 5
12469 22752 8
12135 15195 3
22911 24273 2
2554 15973 4
2294 24562 5
776 14708 8
9573 9913 1
558 7129 7
3537 19574 10
11970 12735 5
1395 1626 4
7306 16387 1
1058 5273 10
697 5491 2
15469 20798 8
5107 12310 8
1160 6205 5
18301 20876 3
1629 6266 7
2681 12137 5
2613 15072 9
1697 7454 5
17695 18445 1
16680 19659 1
578 910 7
43 4122 3
7023 7437 8
12075 14483 7
2972 16084 6
5130 23987 9
4351 8889 9
944 3985 2
13891 24799 2
5836 22725 9
11992 22670 6
4523 21839 8
10953 22935 6
9021 12921 1
17017 22847 9
630 13100 6
5737 22549 2
21647 23888 3
7530 7602 5
5495 16896 1
9826 10649 9
3021 19900 10
9826 15105 7
4116 22116 2
55 5541 7
6299 14091 5
1719 3665 5
3293 12636 8
2422 13650 9
1868 15055 6
14522 15242 9
4885 14408 9
5872 14401 2
5222 19982 5
15138 24990 9
10042 21708 3
5224 17589 8
1209 16366 3
2547 9307 2
19368 20259 2
2571 13851 10
658 12423 6
11643 21676 1
5169 13534 10
18615 24593 8
6307 20767 3
7340 24699 5
6735 14321 1
3923 21242 1
2045 5431 1
6199 9491 3
6118 21427 8
6235 18445 4
854 7597 6
19208 20436 3
1055 3658 6
11634 18446 4
5215 8236 2
3974 4070 1
2911 4355 1
5324 13887 2
6697 12851 3
14876 21699 2
2400 10804 7
1008 1122 8
997 1773 10
4052 17728 10
6670 22734 1
7329 11932 10
11226 17118 2
5771 24779 7
9297 18436 6
7536 13503 5
3659 14558 1
4121 5601 4
11247 23977 6
9026 18710 2
170 3696 7
5137 12131 1
283 6760 5
4808 20094 5
14779 23171 10
1524 8211 9
21523 24797 9
4179 4406 8
794 6565 2
2871 18759 5
3693 9997 6
591 6828 5
2217 13890 9
1417 3730 10
1629 14408 10
10735 14109 10
3587 5452 5
1827 24557 6
6282 14693 6
11624 14495 6
348 14888 4
5100 22595 4
7754 15934 7
505 12897 8
2843 22191 6
2631 14239 3
3875 20661 6
15786 21796 6
122 20938 4
3202 8807 9
5894 8076 10
11872 19776 3
6246 7119 9
3920 16061 9
3428 9551 7
8360 20473 3
5804 21642 7
1949 3534 7
17945 18013 9
603 23018 7
22757 23453 2
10265 16183 6
18360 19012 4
1232 12626 7
7626 11627 4
1765 19160 4
3003 5360 9
638 24640 8
3149 4561 10
24272 24597 6
8767 11816 9
3502 20119 2
1765 22903 8
3474 21478 6
17891 20864 7
14812 16678 5
4411 23830 5
5449 11710 8
4623 5773 7
929 15345 4
14795 15892 9
6613 11574 7
7247 7425 3
3070 3466 8
16267 24577 5
6185 10618 7
7564 9803 7
6107 20675 2
3528 21610 6
3185 6765 6
12477 20669 8
17292 20809 2
3331 11305 1
15227 24305 8
1869 22007 7
7211 22461 3
5037 20114 7
2508 3583 7
701 5806 8
6377 7783 2
3020 18541 9
429 3779 6
18166 18517 6
11612 15752 9
6802 18319 10
9782 19650 6
20047 21013 7
317 22418 8
8664 14665 9
4249 12849 8
1855 24336 8
3030 8336 4
8407 12534 2
10834 11461 9
6973 7386 6
10400 24312 6
10572 24065 10
178 20123 8
7752 16030 3
65 15923 2
1758 7046 1
7444 15436 4
6831 16118 5
4322 12272 4
3325 5936 9
1277 3300 5
16799 20135 9
1693 9783 3
12911 14612 7
9214 19867 9
9948 19466 10
15032 22434 6
1075 16883 2
3147 8140 1
2856 6683 3
12785 19085 5
5514 16506 2
5237 22186 2
4104 14636 10
7595 11164 5
2007 23946 9
10559 21677 3
1136 5667 4
71 11143 9
8371 12584 10
3698 4011 9
2457 15360 10
3770 17670 5
1192 16114 6
2006 7071 4
5727 20685 10
1043 6138 9
7372 15303 4
4151 24112 1
6105 7700 5
13212 17869 1
2225 14244 8
1686 18464 6
15501 21452 6
12610 22836 10
3862 13754 2
18920 19293 2
4418 8912 8
635 16880 1
2167 3560 9
5552 10634 3
3748 22349 1
12733 18573 8
2407 11533 7
2274 20667 6
15514 17792 9
1531 5376 3
3655 14567 2
1337 10055 7
4239 20089 5
2424 21317 8
1978 14881 6
6275 6405 1
2221 4376 9
2792 9375 4
1297 23179 9
7413 12581 4
1277 13143 3
20871 22633 2
12627 13118 10
1795 2723 5
2796 9736 8
3637 13400 9
3487 7222 2
1175 22982 2
1845 5870 4
4963 5210 9
6019 10956 8
2282 3312 6
15967 23523 1
3905 18980 10
9353 24098 7
8704 18924 9
454 5684 3
624 24936 10
2757 15836 5
568 5377 4
13673 21510 9
4545 24002 4
6881 21203 10
127 358 7
6881 17356 9
7537 17905 8
6873 10435 5
1914 24034 8
10108 12664 6
3318 4745 7
2478 15210 6
1671 6956 5
9545 9737 8
6871 9181 7
6105 16729 10
2912 13093 10
1834 3560 3
18583 23767 5
1618 7963 10
3143 9621 5
5035 18580 10
2130 24537 9
13644 24954 8
5965 19477 9
430 5997 3
14457 22877 5
10442 11801 4
8261 10405 6
7502 16394 6
3858 16381 1
3504 18341 4
1290 17298 10
235 15166 4
17565 18290 10
7266 17671 1
2755 14783 10
5761 17921 8
1817 18322 8
2695 18024 2
12626 19042 7
7386 18330 1
1270 22512 10
11763 15861 4
4181 11333 1
2905 6779 4
5689 6489 7
7439 20018 2
6541 21037 7
2517 8977 1
5766 7627 7
3147 4441 2
2974 16805 10
13149 17573 9
7241 14949 3
2568 5983 4
7776 15766 1
3782 13346 10
9606 15737 8
634 15109 2
6355 20337 8
3400 23578 1
21 3347 8
3365 19255 9
1865 19870 6
7088 12354 7
3663 4671 6
762 23252 9
2853 10988 8
13903 18217 4
3549 9455 10
5652 17383 8
7323 22701 2
2435 20748 2
6423 17206 6
6986 11664 3
2455 24142 6
10687 18699 4
2188 7231 9
11438 21985 6
6571 10163 6
179 21438 8
3689 7504 4
20844 21542 2
20806 22542 7
1612 4641 9
1189 15234 6
1939 7952 1
4672 10339 9
2233 3485 1
1623 22721 10
4399 17950 4
3317 19047 7
1615 11449 4
21256 22436 10
7987 17159 4
10876 15869 7
4443 5647 3
10551 14587 7
6481 8289 3
4292 6796 8
7353 13869 3
1546 2216 7
7539 11885 6
1403 16898 10
5662 12247 9
2176 9915 4
68 19828 7
1890 9194 5
7640 11188 8
4120 15301 2
1748 13085 4
7722 19279 2
1753 7632 6
1137 19659 9
1267 3964 2
4917 9961 2
5898 19904 4
1988 23314 5
292 13442 3
17192 21581 5
23108 23827 3
5929 6025 7
2179 5276 6
18272 20704 10
2554 12801 7
4494 11179 8
866 7002 8
3235 6077 9
5051 7293 6
8324 12813 1
833 17820 2
4247 17761 4
16816 19219 2
8769 17485 6
4533 13587 3
4244 5577 1
2495 19670 5
3612 9607 9
818 5504 2
8264 17562 5
8112 16483 9
3844 10085 7
1467 10781 8
5849 10394 10
9376 18496 6
1409 8259 10
1466 19603 6
77 20571 9
839 4728 8
17412 22000 6
7619 9505 6
1261 4587 1
881 20777 8
14546 14728 10
3599 3685 10
17503 23890 3
20956 22862 9
3425 5535 10
6823 14942 3
3792 3984 6
5900 10913 4
1715 2441 3
7596 20347 9
1298 14599 2
13032 24187 2
16674 18902 6
2448 6895 4
21381 24699 1
5960 12247 6
3848 23553 6
3222 16121 4
511 18189 4
5762 10884 9
14957 16610 3
21211 23618 1
6872 7555 10
15878 22112 7
240 751 1
2815 15625 3
17 19027 4
3927 12268 2
7484 14802 8
3977 7258 9
1493 7338 3
6429 10483 3
3563 13495 3
9061 9383 7
3852 14428 1
6161 6708 1
410 10742 5
3645 3926 5
7688 12741 6
5062 15185 2
600 21603 7
3546 22831 9
553 16370 6
8503 15835 2
4568 22440 4
14107 16741 5
4752 16015 6
7220 23376 8
5808 12712 3
4119 11016 6
5463 21459 7
2579 2971 7
3652 5258 3
11983 12905 8
80 242 2
3185 3609 10
6181 19185 8
2936 22180 8
7530 19183 1
707 1005 6
10965 22753 3
22989 24639 10
2013 10404 3
4608 19560 1
7397 12686 10
1188 21028 3
4989 15950 10
4040 14029 1
1795 4312 2
7410 13372 7
6461 17286 7
7645 17899 5
5203 6571 3
5212 5543 1
1264 6254 10
4046 6827 4
17342 18671 9
4871 5277 6
127 13384 2
2352 18755 2
2452 3722 4
6809 21665 1
1865 17412 6
5242 16616 6
2225 20495 3
7696 18408 9
9825 14976 1
2505 11051 7
9051 17829 5
19680 23407 8
11426 20980 2
7267 22251 8
2072 6078 6
238 6222 6
11942 18159 7
1129 18305 4
3301 13934 6
831 7737 1
5422 12981 3
7057 13528 8
6057 15198 6
1258 13165 1
11312 14454 3
3549 5426 7
5756 11026 4
4724 6840 8
13402 19352 5
2660 15485 9
3638 7907 10
18327 21185 4
281 2467 5
181 1408 5
9561 23356 6
1999 2523 9
981 1209 9
819 12608 8
609 12634 10
5302 8311 4
3290 17012 10
2789 11527 8
7264 15312 5
21995 23183 3
4979 24769 9
2917 4703 1
6706 11799 5
10538 12654 3
334 6614 1
18997 21938 3
9544 22420 2
1077 7846 10
7468 8179 4
4643 6391 1
5229 13897 10
2045 2535 3
3366 4963 6
2415 8310 1
15266 21590 6
1420 19239 9
11783 24719 3
1662 20260 7
9022 24252 5
266 707 1
3205 21965 3
1754 11583 3
8915 22568 5
12046 20526 4
1682 5897 2
701 16323 2
3644 5573 8
973 6874 8
2574 7724 3
5712 19923 5
718 3420 6
4375 24061 7
1357 3734 5
2958 3284 8
6884 21016 2
3132 13832 7
15581 19546 2
7137 10365 9
7466 22131 10
2742 3866 9
1006 9371 5
464 4639 2
36 4090 4
3346 22149 2
2193 7649 9
2327 7562 8
8358 11225 7
1577 4242 7
5995 20976 5
2760 10818 10
4530 18223 9
11184 20676 9
7048 23068 7
2062 18961 2
7346 7983 8
19218 24160 6
896 4109 1
5216 20345 5
1658 4598 9
7165 19602 9
4926 24278 3
2852 12988 2
3462 4355 5
6135 21838 5
4073 17194 8
8058 20392 1
7594 14803 7
6306 23143 5
3842 9530 2
1527 23120 8
601 15043 6
4862 6012 4
801 4367 5
5003 10157 6
1149 2467 9
350 14658 1
162 6193 4
2412 8223 6
7432 10833 1
7471 21483 6
1941 9229 2
688 7178 2
12897 17661 6
5272 21221 3
9715 21542 1
13148 24548 7
810 4517 6
15780 16671 2
6364 6465 6
2985 17877 9
2462 3236 3
23033 23988 3
14997 15865 8
3553 19691 9
11784 24955 8
279 12310 7
3911 6620 7
184 16033 9
1118 17660 7
18353 22031 1
2774 19214 6
6655 21836 1
2079 5333 3
3837 7426 6
3455 4013 6
77 9641 10
7811 17866 9
652 17298 1
8325 16085 6
4895 16686 6
3192 23200 9
2320 19504 4
6436 19541 10
16710 24510 2
2518 4396 6
14821 21362 9
3170 5126 1
8890 15889 4
2802 6340 6
2539 5829 7
3302 10442 8
2223 5905 2
752 6076 4
1828 14259 7
1291 11532 4
21799 22199 10
10284 23934 7
1253 3432 1
2558 7455 1
11228 15900 2
10110 13904 4
1896 19065 9
2934 10448 6
16183 19578 9
3263 18589 9
2278 19265 6
6072 19147 7
6305 7126 2
4713 21626 3
2438 7011 3
5046 5914 10
18566 23382 3
14150 21252 3
12850 13012 1
1248 5825 7
732 7178 6
1000 5067 2
1844 6230 10
12104 16474 1
223 22921 1
4020 6758 7
14787 23604 7
147 14102 1
3168 12767 6
3143 9818 1
434 11309 3
392 22742 5
1181 4217 7
4642 10178 5
4931 5417 4
4785 5230 6
24067 24149 1
2269 6291 4
15223 22980 4
7417 14115 7
2922 12480 10
1169 22699 1
7788 18527 10
16426 22047 6
11810 21988 1
13147 21439 3
2086 4004 8
14338 16347 2
2960 6914 5
17071 17617 6
3922 12264 10
4512 15498 1
6218 8206 2
7916 8461 1
756 22242 2
19794 22918 7
1908 21828 4
5965 9539 9
19919 23468 10
2931 22780 6
101 3900 8
4834 14454 5
6841 13611 10
4925 17560 5
2453 11737 4
9985 15545 3
8099 23400 4
10839 17196 10
7749 8835 7
6955 18333 10
3643 14179 10
2137 9844 5
6795 12402 4
288 10491 2
14781 19620 4
168 24211 10
7943 24818 3
1016 18572 2
15658 21861 3
11125 23084 8
4819 7050 1
648 18715 10
14027 18652 6
657 5179 8
1639 15683 9
2281 10717 9
3856 20996 7
122 23285 9
17442 21736 10
18814 23256 1
2150 8524 10
6097 19432 10
8863 12097 4
449 10735 9
217 8758 10
9370 12688 6
62 2125 6
298 1522 9
7740 11540 6
3557 6186 8
3788 19997 8
3186 14068 8
6205 7925 7
13919 17922 7
5599 7243 6
8381 16086 3
2799 16589 9
6613 10046 5
2654 10218 7
368 21399 7
5400 9979 9
4312 18339 5
9088 22040 10
1086 15866 4
177 20338 9
13317 22153 1
1549 10528 8
391 12569 4
12413 17646 8
12460 12487 3
13810 24428 8
4799 13540 5
468 7400 8
10289 18455 1
5148 8672 10
7856 12427 5
1895 14704 7
4640 6574 8
7417 7702 4
6213 13133 7
12310 17824 8
886 17654 4
2204 17006 9
15514 23791 1
1499 5861 10
3211 22116 3
5634 22008 3
17059 23863 5
6863 11059 1
1848 3750 9
6981 16383 2
1001 22427 4
4557 11511 5
2014 24991 2
1762 24151 2
13203 20807 3
265 22133 1
3979 5727 3
1042 7030 1
6006 23547 5
1042 3226 5
2796 3684 6
5832 7230 4
4262 12475 7
4350 5227 4
3322 13107 7
5423 13077 10
7476 18691 10
1856 3285 6
8942 20867 5
4688 17401 3
34 18914 6
3481 24010 10
51 11487 9
15540 23927 7
9191 13443 2
2028 12084 1
2698 23294 6
264 16316 6
4024 12833 3
7796 17543 2
1558 2033 2
3962 17346 8
3991 24142 1
6360 22690 7
9751 17310 7
11273 22663 4
817 18150 4
6853 15636 4
4182 17881 2
8527 14005 3
4278 21433 4
3958 6697 4
2608 7817 9
16627 20308 7
2266 16532 2
10968 17506 6
4134 4856 10
4772 16220 7
6844 8994 7
3312 7327 7
8317 14254 5
3903 9978 9
2080 20105 6
1324 5452 5
15002 15807 1
15399 23070 8
2188 8037 7
1801 7872 9
3676 4744 2
11356 19660 2
573 14131 6
4214 11362 5
19227 19833 2
15618 19839 2
8695 13159 9
4441 5804 5
3035 13914 9
2981 5536 8
3722 22255 2
106 17904 7
3938 5834 7
12956 14172 1
590 17805 4
3465 21993 10
3798 13038 4
18406 20885 6
4750 14797 5
1009 17677 9
9001 16635 6
7490 19782 1
3706 11075 9
6945 17487 4
1392 14404 9
12398 17258 7
14265 24841 8
9556 24687 3
11279 19785 7
5756 18820 1
558 11384 7
12912 19482 2
3736 7795 10
13832 14623 7
1377 18470 10
6917 22106 7
17905 19629 8
16468 18701 4
5905 5919 8
5642 7461 5
5248 7650 10
2715 6406 3
6192 16486 9
2969 10211 9
8763 20727 8
16592 17548 7
262 6719 8
6883 18955 9
1508 3062 6
8192 14744 1
3859 23636 7
2204 4666 6
8625 22358 4
8551 9838 2
504 20935 3
5038 7039 10
1207 6676 1
1483 5466 9
1955 2453 5
292 17314 8
4551 11267 9
3093 18661 1
3829 12845 4
2267 17587 10
2070 17583 10
774 21770 3
1200 6654 6
2570 18265 7
6257 7621 3
6633 22085 7
575 19886 1
7426 21707 10
5536 8872 8
4068 20592 10
7677 9219 4
1815 6229 4
15199 16386 7
1980 2245 8
6370 24660 5
15005 19784 1
1722 9026 3
18434 18927 9
4349 21456 7
9652 15325 9
573 14569 10
1197 20874 8
12795 21104 10
630 17106 5
23061 24669 3
9809 14095 6
1994 6511 2
9883 17757 3
6965 11486 7
18914 23970 10
7274 13448 7
321 6834 10
4485 5357 2
21179 21361 1
20618 22162 3
351 24410 8
5043 9479 9
11833 18687 10
4048 8013 5
20406 20898 3
1833 14546 5
9238 11574 7
1239 5399 5
734 4534 6
6350 18339 2
3685 6569 6
5647 12940 8
6318 16510 3
4241 11959 1
18715 21176 8
1103 10018 1
1684 10267 4
10489 20378 7
17444 21976 6
491 3782 5
7475 19550 7
13354 16286 7
8429 20221 7
185 14581 2
13808 20537 1
6217 24396 9
611 6380 9
13576 14233 6
15998 18699 10
32 4529 4
2763 11615 6
21357 24742 4
20715 21993 7
5589 11878 5
10515 17851 10
5667 22578 5
7394 22719 4
5856 6663 5
1246 5301 9
430 12432 9
10075 22648 7
5552 10682 1
15693 18943 10
1127 3992 10
12271 14662 2
6247 21008 8
12724 14044 3
5211 7299 3
3810 8222 10
759 21181 1
4612 15306 7
73 17016 2
3593 3958 1
7220 22263 1
21615 22771 4
8386 8893 6
8910 21341 5
4014 12042 6
7720 15987 2
4456 23990 2
7032 17840 5
4115 14889 4
15985 21385 2
5991 14010 4
5965 16444 9
12186 18399 9
3303 12889 3
1169 18582 8
1216 5136 9
9787 12237 10
2481 7351 4
3399 24388 4
476 20422 3
2078 14749 5
4097 10129 5
2796 19549 10
614 4298 4
24151 24890 4
12093 21051 9
17706 20352 8
709 2441 3
161 21322 5
3162 16027 6
20848 24514 6
13422 18796 5
3533 18401 6
5587 19870 10
2718 13134 1
10009 20402 8
17700 17936 10
545 23798 6
6584 15672 2
481 6585 7
3476 18061 7
5366 11607 6
3970 10662 8
14220 19909 5
789 1991 1
5174 21672 7
450 17586 3
2231 10573 4
6431 9146 2
3578 7810 7
14431 21076 7
17098 21246 1
299 4507 6
6627 18164 7
6026 20606 4
926 5101 1
7766 16560 8
4749 5029 10
872 4094 6
8289 24077 1
358 1592 3
1472 20831 3
13966 15024 4
7686 21540 4
6100 22668 7
2267 5083 3
2835 7106 1
15743 23900 9
2508 4269 10
406 5414 10
5426 24694 9
1844 21880 6
1820 19742 8
2103 4915 1
12149 15937 3
22802 24556 2
19449 20075 5
13273 20512 6
869 9405 3
558 6455 2
1750 22066 10
5680 11327 5
3801 20344 5
5572 20569 8
236 5373 1
1310 23632 3
6768 23301 9
12283 13093 10
21918 22760 6
2580 18762 5
3821 5638 10
15586 24312 8
15367 17536 3
5260 18610 8
3982 7909 7
2634 6134 4
8202 12359 8
3436 11029 10
538 4183 3
9822 9932 9
3253 9682 1
15307 21430 2
3005 17866 4
6723 17565 5
20682 22130 7
4726 20523 7
2559 11621 9
3417 17924 2
1763 7166 9
6428 10181 8
13948 17646 9
7256 19563 5
4008 20479 6
17285 19642 4
7953 15744 7
266 14864 2
1979 22571 7
21290 23675 9
10351 22881 3
3606 13136 1
20058 20942 5
8139 14977 5
1253 3921 5
10273 18752 9
2841 22090 10
643 20607 10
14079 21859 6
237 22254 5
23518 24243 8
4005 6110 8
4468 6622 4
6706 13911 9
2639 5335 5
7524 18778 5
11832 24458 8
6141 24584 10
7199 16164 1
1403 11384 4
576 8570 5
2044 9116 9
10808 18794 10
11171 15425 1
1407 5901 7
3123 6164 9
6580 18624 5
12410 19052 7
2356 15833 8
1626 7053 7
3708 4263 2
2006 3750 4
3975 7370 5
11525 18217 10
10623 15142 2
8868 15962 2
11305 15169 4
10847 14709 1
6484 12018 2
2488 18850 10
1414 8469 10
2478 5934 10
21648 22432 9
3450 13697 5
5943 14719 9
6303 17791 10
5723 7763 7
8913 23186 3
5135 20445 10
6856 7371 3
10802 14281 6
2503 22160 5
675 4261 5
6928 23654 1
6970 8590 6
10285 12584 10
14873 19111 8
16345 22663 3
1902 5482 6
6214 9158 3
2783 4047 6
12142 22236 8
1232 5857 4
4499 4857 5
6352 12303 3
16433 21782 3
11327 22223 1
6496 12553 6
5781 7657 8
2935 9354 6
22292 22816 4
4784 21231 7
861 3409 8
10646 18123 7
10069 13033 9
3557 7604 10
6565 18137 3
4110 7166 6
6558 13216 10
235 15926 3
15793 18403 6
5572 12943 3
4828 17659 2
262 6256 2
15584 24174 1
8502 22938 5
11203 18416 6
4913 6313 6
6902 18168 5
6267 24605 9
655 17820 5
6991 12032 10
12242 18464 8
11927 13190 1
10679 20705 3
5944 6308 9
19364 24161 7
4333 9197 5
5040 9921 6
2313 9942 10
3493 11764 7
7104 20219 8
3710 4642 1
3561 8670 9
2064 19994 9
4702 15326 9
20602 24911 6
633 24966 8
3581 14917 7
12004 22076 5
3921 7646 3
24010 24350 10
4058 10952 1
16560 24348 8
16209 24372 3
4798 13105 7
32 3131 6
4209 18348 7
14216 19179 1
16275 21799 6
1948 22786 1
15027 16728 10
6847 11718 10
1636 2293 7
4870 20596 1
5337 5975 2
4213 15995 9
12510 17958 4
299 3036 7
7774 9040 10
13329 19918 9
180 16891 9
6700 9521 10
3699 4277 5
10254 15915 3
15465 20923 2
7482 23911 6
535 13951 2
10861 11640 2
10278 22532 1
1559 4892 2
2803 23618 5
108 17198 7
6125 23585 10
7596 11250 10
5199 8912 4
20667 21348 5
3135 5843 2
9363 12134 3
4901 13153 9
3917 6691 1
14984 23751 4
7655 23513 1
12900 15401 7
14326 17751 2
7359 20923 1
3074 23332 8
7427 22942 8
7388 19860 3
12037 20745 10
6166 16722 6
6953 7538 2
709 9211 4
841 1425 2
11417 23311 9
6854 7242 2
847 22215 7
8382 21575 4
13720 17417 5
367 2757 6
7711 10712 9
2560 18196 5
1300 11218 5
1978 2222 9
6286 9639 4
2072 5837 8
19636 23147 10
185 14778 4
458 5009 10
7209 9911 8
15517 20769 3
7147 16358 4
4664 21882 7
29 4644 6
3045 15862 4
9541 20135 9
3803 20666 8
5974 11602 4
8346 8428 10
3087 23603 1
9271 20722 3
18379 19660 5
11332 21370 2
1387 3590 8
1391 19973 10
5745 13701 2
15222 21909 2
6730 11865 5
3577 9295 2
4024 7603 5
7735 18141 7
4904 8392 10
2870 20266 6
2970 21105 3
7728 19813 1
11217 19633 2
17840 23393 9
2099 19161 3
146 637 8
3168 18056 10
7965 22061 5
5862 23914 1
1316 2927 1
3301 12019 7
784 10049 8
4709 5482 7
2960 13552 5
648 1392 8
6875 18656 8
2227 5603 10
4596 13710 2
559 14947 7
6446 21590 8
2885 18348 7
5214 6036 8
172 1277 7
3871 13891 9
1612 5826 5
5597 14905 8
3976 24098 8
2541 5698 9
2585 7037 9
532 19308 1
1184 4856 2
7310 24058 3
5650 12368 3
5096 10217 8
3713 21388 4
3701 6601 10
15426 16018 9
6892 13400 3
594 15357 7
11016 21493 6
1691 21615 4
3801 18463 5
814 1084 10
17318 22879 5
1238 6107 6
11834 21429 8
9606 22780 8
14024 15369 7
6606 14684 6
4368 23017 9
5418 13624 1
16872 20127 4
12367 16668 8
3793 21700 3
3783 20292 5
5738 7898 6
7714 22421 1
2608 10026 8
13630 15798 10
152 1523 1
5472 14980 7
383 3671 4
1425 5733 6
3128 8519 1
6442 18068 1
1143 1970 9
16393 21277 7
6994 19154 5
1392 3197 3
11802 14908 8
4561 23470 9
2201 7401 10
1780 20667 8
4307 11962 9
463 23170 1
2219 22410 1
2538 22422 6
5141 22947 2
14849 18776 1
2963 24321 3
2425 3834 5
4904 23980 6
3557 22420 4
4926 5222 8
7704 16020 3
8450 10282 3
6571 15050 4
12292 16085 5
5203 8448 7
1842 4659 1
4420 10430 9
9386 9569 2
8622 8778 4
337 11085 9
2481 10800 3
2253 10120 7
16948 23606 3
1766 14406 1
9118 17153 1
5984 12994 10
8795 15330 6
1890 7038 4
10 4494 2
18777 19089 6
4643 11203 2
3476 8350 9
4270 4708 7
4883 24111 8
5396 23679 3
15203 17664 9
17333 22167 7
14504 19736 8
3892 18383 6
7310 15550 6
5434 5927 8
6471 10306 4
5322 10638 9
6089 13281 8
360 10650 5
2896 3976 7
16086 18083 4
2929 5638 6
7127 9164 10
1979 4286 1
8570 19621 9
1714 3854 1
1649 18618 9
4944 18033 5
1766 23597 8
1807 10333 5
3162 8518 6
1807 20370 7
6248 12222 2
615 14328 6
16226 22018 5
389 11199 10
4905 10623 4
6969 8253 8
2296 10014 4
6739 10218 9
4206 4901 8
2261 23475 4
3887 11863 2
2183 2442 10
7147 7247 10
1869 3754 7
4426 13965 1
6307 7516 8
17723 20352 1
3285 21097 2
12592 15703 8
4835 9582 4
15373 24182 10
2067 7343 7
2864 4295 10
1991 6598 10
1478 2453 6
378 5458 1
7222 15971 4
6011 6753 7
21874 24120 4
4298 7853 4
2555 11340 9
17210 17952 4
8484 15395 10
8767 20780 2
2367 9512 4
14942 21060 4
12774 17422 4
1717 3982 7
2709 19969 4
3086 11733 8
4743 7568 4
6893 18121 7
1357 24281 2
538 8305 7
3863 6648 5
2089 13276 10
3157 23479 9
3737 6676 3
58 20724 3
5186 12350 3
3409 7045 7
14375 17968 8
8816 9462 6
827 2801 2
9483 22211 8
1986 2186 7
14702 21628 8
9137 12617 7
9889 10852 1
3129 6174 3
1932 6485 4
582 9711 6
10474 14972 3
8026 21425 9
13670 19083 8
9942 10008 5
3 5570 10
16818 17248 3
5673 20721 4
13248 14431 1
6305 17672 9
15312 24608 1
8397 14761 9
3295 20376 2
2739 3911 4
372 2862 7
890 3241 5
4748 14556 10
3643 20709 4
624 7069 9
5253 12917 2
6995 8020 4
3242 21516 9
10819 12723 8
3809 9450 1
1939 14604 2
7355 8775 4
8871 23337 2
10665 10886 2
4147 14422 8
4213 6601 9
7631 10705 1
9157 15584 9
3291 4781 8
7599 11557 4
2376 5758 6
19223 24411 9
15205 18873 8
3904 10340 7
2018 14364 4
5068 13975 10
2932 11144 5
1411 17830 2
1815 6577 8
5974 10758 8
9526 16939 9
3333 4311 5
4395 7478 6
1894 8542 1
3683 15084 10
7229 21168 9
4286 4711 9
1497 13973 2
14326 24399 4
4374 14402 4
2592 3194 10
19130 23361 9
19064 19592 1
2364 24092 4
187 24430 9
12491 16636 6
2120 7363 1
8895 14414 6
947 4621 10
19086 19139 2
1154 2093 6
2191 7115 2
5870 24994 10
10560 17885 4
4444 22833 8
5040 19228 9
4657 4922 5
4013 14033 6
11744 18472 1
4121 6601 6
2028 14218 5
3940 20312 9
5319 7487 1
2535 10324 9
3587 11811 9
25 731 8
1919 7723 7
2441 4103 3
11797 20202 5
3253 24110 6
6079 11905 3
9386 22145 4
4675 8196 1
22267 23378 3
4306 13585 8
4152 14274 6
13137 22287 8
417 1555 8
6328 8782 5
11687 14498 2
6305 8574 6
3822 3908 3
2194 8263 5
2721 3286 2
2468 19168 3
13438 17346 9
2360 16017 10
3468 4922 7
4418 6283 7
18838 24005 2
14401 15515 7
1115 6557 1
3479 20346 10
10558 14764 4
10658 24393 8
4605 21067 4
16638 23221 10
393 2170 10
5063 16866 8
2137 4730 2
1128 5881 4
3977 24086 3
6444 14157 10
4452 18428 6
6518 9721 1
11383 24387 4
19550 21103 10
4721 15598 10
5473 18049 5
81 23525 1
3664 6427 1
2954 16440 5
2510 3670 8
683 13119 6
3789 10115 5
500 2560 2
6409 12368 1
1596 8264 1
7647 16516 6
2187 5318 3
1561 7951 6
2783 6772 10
1583 5593 6
1861 22772 1
1383 13889 3
94 13358 6
377 907 2
6735 10874 1
3323 16243 10
2963 5973 10
17817 21834 6
2963 3074 4
4747 23929 6
7974 13263 5
4903 7434 7
5360 6006 6
3972 8855 5
18950 20875 4
3976 12327 10
18855 21857 8
2301 3773 10
22855 24677 2
4257 6688 2
953 1159 1
763 20190 10
7853 19738 4
17249 22417 7
2945 19919 8
1032 16150 8
1046 4977 8
7537 19066 3
720 5926 9
3780 4644 4
15012 23737 10
9371 19577 10
6706 16971 4
1868 4432 5
2122 20640 1
4068 13466 5
6293 7507 6
350 18354 10
558 10773 1
4472 9241 9
4054 12057 8
12945 13664 9
15926 16301 9
6886 9479 8
9943 16957 6
3788 8421 7
9048 16330 1
2453 16932 3
2041 2594 8
13499 24381 2
3136 8655 3
987 4464 1
20450 22202 7
11083 11697 7
18331 23601 8
1432 2577 2
18034 19009 7
6595 19490 4
145 23393 5
15953 22432 3
2924 6072 5
5499 10911 3
15580 19950 5
19456 23447 10
14310 19023 7
1351 8374 2
17165 24655 5
1382 11404 10
823 12774 3
1605 6420 10
14868 23553 5
2366 4446 10
12578 22934 6
7219 16906 9
579 3102 1
11082 16037 4
6215 19101 9
6848 15914 1
7109 24569 2
2678 10252 9
17015 17636 9
14824 24945 1
4159 4710 5
14990 16039 3
16491 20450 2
1184 13399 1
644 6851 3
7665 19554 3
10273 13941 3
2399 8886 3
1441 23070 7
14145 23235 1
9845 11494 8
5246 11000 1
2921 6528 6
13019 16112 5
5098 22861 5
3308 7160 3
13292 20974 8
1467 12508 6
14674 14742 3
944 7833 2
1551 17398 9
4377 19144 3
7643 21477 8
13836 13975 4
3509 19722 2
7740 21477 10
2848 5431 2
3665 21302 10
2725 3087 6
5802 19353 5
19902 21480 10
50 4630 10
6853 13315 5
1499 2630 6
3695 13581 8
1767 4081 7
10022 11610 3
3747 17717 5
10583 15473 1
6362 13786 3
15262 17997 10
10548 21634 1
1210 6241 3
13589 14760 4
6879 9859 8
5239 8735 8
6812 7098 4
8104 10838 5
5976 12215 7
1622 19369 2
7104 8023 8
5158 13529 7
17950 18157 10
5745 18394 6
2611 23964 9
15106 18480 5
6700 21881 9
5362 24861 6
14 11124 5
8894 14207 5
15183 16901 8
1291 23171 1
4108 22800 7
6615 9964 8
15486 19441 7
24151 24465 9
19314 20862 7
13823 16041 5
2273 2798 9
2146 18024 8
19197 22044 5
11574 18344 5
6547 17630 1
14665 14668 10
17388 20713 6
6529 24871 4
9364 13802 9
9831 13595 10
5820 6476 10
2828 13146 10
9563 9955 1
12942 18730 5
525 21606 4
7718 12727 6
2803 3125 8
2992 13921 2
6270 22081 3
5510 21196 8
13577 17236 8
22182 22942 7
3045 19802 10
678 17873 8
2932 9171 9
18048 24687 5
1540 4833 6
17824 19788 7
5551 17980 4
4038 16730 10
2570 7120 8
5559 19232 6
5133 20089 8
697 13479 5
10417 15017 1
11831 22032 4
3275 15059 5
3287 5044 7
10284 21300 7
4076 22105 5
7500 14752 7
12446 17287 6
2779 23442 9
7128 24060 8
3138 23255 8
4346 12466 1
2121 5005 8
12792 13817 9
1047 24540 5
8238 23109 6
5186 21187 2
19111 22115 6
1291 1930 4
3798 6359 1
15490 23858 1
4949 23782 8
5576 21349 3
1543 17737 4
152 18994 8
5445 17204 5
4126 23918 3
5407 8252 3
777 1616 7
5248 6805 10
14064 19962 4
2842 12736 8
1420 3710 8
955 21408 4
3469 6711 10
6323 15299 7
4330 24395 3
6256 21558 10
8098 8954 1
14619 22940 3
6055 15799 8
5002 20770 8
15684 20814 1
1692 18461 10
6638 9927 2
11206 20103 3
6290 7651 6
6888 6936 4
18640 24227 5
5446 10629 1
5585 21355 2
10 1740 4
10677 20135 5
2766 5933 7
5504 9941 10
3490 20630 5
3467 14191 9
6092 17575 1
1002 5134 10
4811 24660 9
5435 13650 8
1185 15065 8
1119 10062 1
5827 13060 8
3663 4083 6
13818 20773 6
1262 6812 1
12560 24279 7
12348 22759 4
12586 20398 9
4184 9192 10
3219 4072 1
5369 9216 9
1615 15876 3
4846 12649 7
3896 4495 7
410 3488 7
6990 11016 10
2573 12344 6
3921 20297 8
4694 19586 9
6845 7137 4
7384 14637 6
4367 22677 5
12652 17817 6
5741 23801 8
16377 20165 3
6010 9759 9
4766 8264 9
10548 11965 10
8324 13301 6
1122 23291 5
1564 22066 8
6715 13530 2
1589 9865 6
1888 24144 9
2944 19120 9
1461 13134 8
714 2503 1
647 9455 5
4889 16185 2
4843 22875 4
9833 16732 10
3228 3498 5
5158 10483 8
2453 18753 7
736 19152 4
14377 14568 2
436 11897 5
5856 13112 10
4287 20908 2
4480 8103 3
18452 19441 10
15825 21183 5
6726 17391 9
297 17535 9
1599 1943 6
2989 6462 5
3726 4909 5
1285 18333 1
9739 18010 9
4327 20510 10
621 1617 2
5395 23945 5
12046 17071 10
10970 19733 6
2356 24473 2
8535 9430 5
6489 14070 10
3553 18903 4
1449 7038 8
18533 19182 10
2810 11154 8
21973 24866 9
11037 23143 6
3152 4536 2
5434 6729 2
3398 20489 9
3145 4948 7
2818 24361 2
1820 21320 10
11211 17884 3
1905 24087 7
19685 22779 5
18355 24085 4
2549 16240 2
298 7501 7
5891 21270 3
2354 2664 10
5390 17797 8
7008 22577 10
6430 16420 1
3435 14556 1
5429 21889 8
229 16083 4
10582 20248 10
1762 2168 1
2025 14905 2
8567 17492 8
19721 21102 10
14777 16220 6
503 5392 8
10818 14860 1
5607 8326 2
4845 14864 6
7178 22864 10
6352 23037 3
15709 15942 7
18337 18792 1
15654 22342 9
413 11722 2
9688 13424 10
6263 10554 5
1923 24636 5
6033 21938 9
716 1336 1
5218 13970 7
811 22014 8
174 11371 1
10109 20924 4
11458 16485 6
824 1254 7
8967 11667 5
2991 18772 1
1868 2824 9
9814 12229 4
1048 2814 2
4626 7088 8
4626 17122 1
2092 2701 8
14069 24347 6
1352 21804 5
8826 19847 3
13998 16360 3
6539 7883 10
9264 21702 5
3964 8437 2
9108 23948 7
7513 21225 1
1242 4564 1
2324 3183 8
22357 24049 7
19146 22340 4
2103 21448 7
5349 8270 8
1 11627 4
1396 23240 10
2266 14068 5
14273 23190 1
1556 3795 5
15594 23848 8
6514 14116 8
4447 19606 9
951 15837 3
18790 23144 1
253 886 8
21525 23633 8
3505 21397 4
4952 15560 3
1124 5043 10
10951 13452 4
5200 6000 4
12156 23318 5
5684 18553 4
4417 24229 1
1919 20319 1
1302 21960 8
5306 6434 10
2494 9464 1
2240 22011 2
2320 2592 3
6430 23866 7
2185 2606 9
1793 13460 9
15315 23141 2
11956 22995 10
1007 5324 3
7826 23855 6
10507 20665 5
2177 17225 3
5862 19419 1
3914 12396 2
7686 19038 2
2864 24457 1
223 7926 2
3217 24100 2
12496 23980 8
11609 13179 10
12091 12215 2
4661 5384 10
3960 24071 8
7590 10337 6
1706 21158 4
3285 12409 8
15632 19859 2
6145 18449 3
5952 6474 2
3960 4463 1
978 5908 2
1299 18070 6
20176 23420 8
7061 15425 8
3923 13895 8
9551 18667 2
13361 23879 10
6511 24569 1
9407 24865 8
33 3920 3
3079 5489 3
4196 13160 10
776 18130 1
5950 10661 1
6634 24857 2
141 23232 5
10283 12252 6
866 2866 4
63 17496 4
1582 6419 4
43 18889 9
13957 18903 10
5912 15282 8
5186 15150 4
150 11412 4
11230 21914 5
6592 12961 1
6041 15578 7
6231 23868 3
6240 7626 1
11694 18967 4
7429 22707 8
3575 14785 2
5659 9256 8
2447 6005 5
2969 14068 3
1596 18066 8
8940 11679 4
4677 7422 8
50 5878 3
17391 23908 3
16281 22709 3
12014 24549 9
5284 6651 4
3416 11895 4
4802 8158 5
2057 2106 6
3150 20935 7
1921 22473 8
10584 24314 5
4631 9201 3
8821 23154 4
2364 7755 3
2593 9170 5
6755 7346 4
6512 19322 6
6727 11739 2
5645 14743 10
6546 7878 9
1975 4144 9
4801 12271 5
13454 22265 2
6662 20489 4
380 15864 4
6717 17940 7
6712 8451 5
705 2788 8
1199 12008 2
3028 8000 2
17130 17140 6
16019 18431 3
12699 19011 9
4083 16200 2
6311 10756 8
14442 19009 10
2950 4546 5
10649 20048 5
4045 21196 8
23151 23517 3
7122 7668 2
16047 19918 3
4579 24236 7
6030 15558 3
450 19031 8
13369 23627 2
22812 23048 6
6091 7209 8
615 8617 5
1470 19704 10
5350 21898 10
9684 20273 6
19563 23879 8
544 7556 8
1972 14259 3
2046 14483 1
7618 21253 5
67 6599 9
9767 17314 9
655 5329 7
13663 24742 9
20914 24337 3
9758 18593 6
7405 10655 2
10906 20999 1
4603 8507 1
490 9265 3
3776 5049 3
2298 15926 6
2230 2596 7
5961 6163 7
12756 23840 10
2089 4079 4
9814 24475 2
295 6667 3
7372 16757 2
3322 3467 2
12408 21956 7
3945 5746 6
2312 7045 3
6414 18917 1
7687 7807 2
12984 22447 10
22078 23545 10
5278 16894 8
594 22117 7
192 2547 9
3558 9093 5
20431 24052 9
18623 18957 5
1206 19919 8
2376 24499 6
16201 19867 7
666 1772 1
8547 16990 4
409 6585 7
5766 13562 4
977 24606 10
482 3323 6
1279 10756 1
6633 9934 9
4753 13313 2
2092 3145 1
2085 12517 3
5120 18115 1
15413 19903 2
16314 16385 8
2830 13298 5
10575 22773 10
172 8529 8
1244 15047 3
10307 22296 9
1101 11093 1
7347 11568 1
6222 7210 6
1672 3982 9
4437 15790 5
11952 22928 2
5460 21231 9
13911 20757 8
14557 22092 2
3910 6664 8
19984 22415 10
8383 16266 8
9723 19788 3
439 16700 2
5691 15760 7
7801 10042 10
11768 18828 8
7066 22042 10
2951 17130 4
9699 20800 9
14083 23530 2
6793 7903 5
1700 21293 6
1538 19030 6
1697 19182 9
4549 23828 9
15363 15814 7
2494 15681 7
2438 3896 2
5459 7710 2
16121 19986 6
13167 14956 5
2808 17718 4
2413 2654 8
7500 21894 5
20224 22123 7
1814 12517 9
64 1359 2
6007 17552 4
1404 7319 2
14553 20950 2
3820 22845 8
1570 22924 4
11027 17588 4
2415 3965 1
11523 18527 5
4928 14204 8
7032 7696 6
2375 4822 9
1909 24328 2
1605 12937 10
2318 15770 2
7069 15948 5
6397 13743 9
4058 23326 5
3242 4196 10
3705 18011 5
1648 7294 1
6475 20723 4
5159 7075 9
2475 2551 2
5378 12854 8
7292 13014 9
14374 24162 1
2991 6305 2
5556 23173 3
7322 7629 5
10653 18800 2
13510 14795 4
365 471 4
782 10449 4
2290 21736 8
11001 16749 9
3119 5429 6
8879 22845 3
15239 19304 10
5028 7560 4
3993 9019 3
2341 7768 2
9714 18508 3
4196 10223 1
2752 13451 3
1839 9887 1
10277 15926 1
3706 9531 8
1711 8185 8
4518 4910 1
2045 17566 5
2322 6984 7
5380 13783 2
607 673 2
430 7446 3
10011 13031 10
9 23792 2
890 24887 6
6143 7304 7
2032 13614 3
12712 14803 9
9152 24997 5
10200 18589 6
17007 17767 8
14353 20640 10
2101 9518 4
1082 10160 5
23133 24065 2
9037 12186 3
11929 23886 10
11761 23968 4
2107 4581 8
10218 18254 1
15348 18514 2
12432 22306 3
10822 13295 10
6395 7450 4
5988 24739 6
762 10777 10
597 3002 10
853 19124 6
2280 13580 7
1587 12965 5
7712 19456 6
3744 6985 6
7712 24185 7
7207 7681 2
1588 7282 9
4517 15879 3
5916 18676 2
2194 22800 10
5076 6605 7
1327 9394 7
5004 9522 9
15570 18591 4
433 3033 4
8993 20145 7
5746 25000 7
10779 12780 5
2587 8332 5
4691 10520 3
4038 10178 8
2216 13011 9
3870 15463 3
11877 23681 2
2600 17456 4
13273 21631 1
5191 7830 10
3565 11582 1
272 24482 5
6769 21552 7
5460 17237 5
12264 18136 10
4816 21015 6
184 6532 7
443 6020 6
380 3235 7
1055 11647 8
2995 9906 6
5672 13587 5
13732 14253 7
7397 13843 4
4984 12856 6
19038 20876 2
6475 20080 7
24358 24441 10
6213 22927 1
1276 18865 8
1008 4196 6
13108 17250 10
6712 20525 6
5794 16135 10
4784 13016 5
4340 5219 5
6845 12314 7
2123 14020 4
12964 21044 8
2229 9612 4
409 1473 1
7244 16646 1
2323 19915 10
476 563 9
13791 17901 6
503 1793 1
5152 18782 3
20434 21013 10
18287 22568 2
1484 14507 6
13397 15632 9
16632 16979 3
2256 7892 7
3245 4822 8
5762 10848 9
14621 17377 9
5704 20706 7
4545 12109 9
7659 23408 6
5078 14797 1
8068 11751 1
5926 17808 10
17159 18028 8
3555 22666 9
23216 24002 8
4970 5466 9
3848 22412 6
99 10633 7
7225 20108 8
13430 18012 3
15805 21662 3
8415 18602 10
11743 19616 5
6820 6999 10
3258 15131 2
16288 17406 3
22048 23884 10
4432 4696 2
11070 14580 2
10194 10336 4
4538 23639 2
177 1567 8
6459 22241 6
4652 21761 3
5085 24535 2
9306 18644 4
14613 21143 10
17307 22722 2
68 17050 7
4624 10160 7
9481 9733 1
2425 4488 10
13682 21142 4
4770 8373 6
12437 15867 1
21602 21614 8
8250 13260 8
2739 7084 6
21284 24420 10
14068 24971 5
6977 17874 7
3700 13589 8
10357 22603 4
11011 18632 1
1996 24021 2
3088 8921 9
6565 20915 6
10671 15184 8
5474 23536 6
18676 19417 2
1991 3614 10
8496 18129 8
17481 17706 3
1742 18916 8
9061 10366 8
5698 13459 3
18565 24969 7
8845 10360 9
7731 10022 9
10846 23366 1
3992 7687 1
717 11338 8
1310 23560 8
1626 2631 4
10909 16094 5
3344 4326 4
13068 21312 7
3020 7227 5
19301 24117 6
6173 21102 9
11972 17649 2
10946 12253 7
14162 20722 4
5444 15703 3
4019 9636 2
2854 21101 10
1646 17182 1
4110 17350 6
4154 6454 6
4586 8488 2
3341 8080 8
4846 12517 5
1172 9450 3
9381 21312 5
12854 20830 3
6237 23928 1
19289 20401 4
18437 19405 7
748 3652 2
22048 23878 9
11241 22599 6
15246 18900 2
550 21013 8
11898 23120 1
5881 24400 9
720 12947 3
17522 19744 6
5938 19483 4
201 1413 9
11202 11897 10
16693 23240 4
4614 14162 6
15360 20587 2
1502 2224 10
22486 24567 7
3510 4697 6
809 18593 5
4435 17177 2
455 16540 8
554 16722 4
1042 12362 9
4383 15007 5
10041 18916 8
13235 24508 3
8870 21943 1
10116 24295 9
151 19543 4
1074 24262 7
654 10156 7
2569 13317 6
9171 18626 5
6068 7174 10
4367 14802 9
7423 17194 6
7311 7923 10
1130 7897 4
7691 17847 1
2204 23186 8
8371 22381 7
1888 21946 8
3867 21020 6
1151 20962 10
8444 17667 7
4535 15648 3
6216 7009 7
2035 3207 3
5619 17893 1
4141 8233 2
3365 3985 8
5000 16059 10
16471 16544 5
723 5406 8
9556 16929 10
319 2638 3
7855 16548 8
726 14811 6
13703 19356 7
16559 20855 5
3947 15586 9
10328 14718 7
1484 7071 7
3653 21538 2
14266 15953 5
1874 4278 2
6888 9845 1
9853 11273 3
3378 20842 5
6485 7819 5
5676 22803 3
4155 15705 1
2918 7740 10
2094 14824 1
7242 24675 2
6172 10039 3
17560 21977 5
1743 6639 9
3948 13892 10
2325 13536 3
24216 24725 1
560 1953 10
97 4541 4
9358 12734 8
1388 17752 6
130 18361 7
1401 4673 5
10347 21674 8
1414 11656 3
6989 13237 6
2228 11460 10
4847 7438 6
3700 12817 7
5806 6693 1
12938 20825 7
6418 13660 2
6102 17891 7
1049 13481 1
14291 17448 1
5381 6752 10
18610 20128 4
980 3894 10
2763 5949 4
11326 21901 7
15849 23025 4
5716 10069 2
18256 21083 6
18530 23113 10
582 16436 5
6103 24567 2
19348 22347 3
5352 22365 9
4870 10141 6
6873 12717 10
12499 18205 1
3008 16052 6
12286 12872 5
5995 16478 4
1928 4843 3
5815 12592 5
7328 9935 1
2714 3537 10
5485 11917 4
29 4530 6
162 24090 4
5332 14373 4
1776 22716 6
835 8056 6
4211 8695 3
2735 18240 6
20690 23778 4
5551 20724 6
976 1627 3
207 6658 6
12813 18016 2
2802 4562 3
340 5547 8
667 21911 7
4051 23644 3
694 10303 5
192 466 3
5360 21710 6
3783 24678 5
1871 24652 10
1695 7530 7
5613 11601 1
2136 15068 5
17954 22473 3
1056 6787 2
4448 7236 7
2391 19698 1
2576 17620 4
756 6057 4
4257 17505 10
7648 12403 2
1577 13917 8
5519 17283 6
5479 10833 8
2592 6814 10
4703 12151 7
16045 21062 5
55 12903 1
24220 24891 4
1287 13858 2
5781 12539 2
6472 21501 5
3931 13332 10
11747 14276 2
3671 5507 4
15994 20553 3
9918 15987 5
17878 23013 6
19638 19917 5
851 24397 5
3053 15440 7
316 1699 1
5580 22198 9
1697 5559 3
5478 13691 1
3988 6927 5
1035 20464 1
2936 14437 6
4406 6741 3
1934 8715 2
2004 22076 7
8094 24546 10
4710 16148 7
746 3013 6
14238 16057 4
6943 15521 5
17808 22736 10
1983 5697 8
8722 21181 9
463 7361 2
22631 23373 10
4366 6689 3
704 16288 10
6303 10623 2
18439 18687 7
2390 15126 7
15530 22151 10
5464 23578 2
19928 24105 3
10984 19374 6
5970 7128 10
1903 7532 7
5128 10925 5
2116 5301 2
3067 11320 1
12932 18530 8
5520 18954 9
3981 24214 7
3954 23468 4
1765 8357 10
6164 6349 2
689 8600 8
3296 22888 4
575 1294 8
2326 21169 7
6644 17642 3
13444 23945 2
4381 24332 8
9912 16177 6
2503 24991 4
5444 22751 2
615 21103 1
2286 6574 9
16104 18700 1
95 21084 3
7176 18451 1
5896 11472 1
5380 6118 8
781 8153 10
5363 7086 10
92 7660 4
843 8304 8
11912 20761 10
20770 24660 10
6911 9103 5
8490 13807 8
3055 15016 2
4639 17968 4
4302 5599 3
6744 15611 4
1456 6286 3
3040 23508 7
12583 19478 3
1881 16169 9
638 1601 6
597 13940 10
6577 17363 5
2041 4607 3
11055 22906 6
7031 9611 6
7529 13379 7
8312 18139 2
4043 23534 1
5558 23487 4
6848 16759 7
4887 11419 1
9072 16897 5
10451 21027 3
8328 15527 7
485 6702 6
18393 21305 9
2362 11124 7
1520 20662 8
741 11992 6
3342 3849 10
5922 24680 8
20669 22025 4
11956 16594 10
279 10093 3
5057 5514 7
3615 10835 3
769 11201 5
4347 8389 4
20760 21843 10
3809 16835 4
4217 9301 4
1045 3373 8
180 21583 10
7165 7682 5
1076 2298 1
1312 13877 3
5952 18454 3
1042 3892 2
8778 20571 8
3719 6289 4
16145 16248 8
735 19436 2
713 4318 3
1480 14732 7
11239 22743 6
7263 11869 1
2826 10083 3
1213 2508 9
6774 6973 8
3028 22253 2
28 16743 6
729 1828 8
20378 21813 6
4536 8183 5
2276 14910 1
10551 18739 4
3551 20482 10
628 3262 4
18794 19775 5
1013 18577 2
11297 20046 10
4598 7362 3
5723 18880 8
3093 6029 1
18094 19215 2
1003 17316 10
12987 23565 6
10060 23179 7
8868 11157 4
45 20276 5
19329 22381 7
1311 24290 3
2805 14801 8
3446 18323 1
3205 15823 7
674 6375 8
6029 15948 6
2591 13220 10
714 24768 7
4680 23679 6
15869 19984 1
3896 7258 7
720 3613 9
442 5063 2
23938 24532 6
3679 18481 9
6672 18795 10
3684 22205 9
16153 20929 5
28 13944 4
3867 4997 5
3037 3370 4
3105 19286 5
5787 22828 3
7013 9014 2
1618 21431 7
3444 4754 9
1774 6456 7
17891 21186 5
21682 23896 7
6712 13613 9
10246 24047 3
9273 24963 3
1743 18556 4
6621 18786 2
8886 19501 5
12368 24073 8
6384 6466 1
16135 16972 8
4800 18391 1
252 22188 3
3331 5783 1
2331 22204 5
4922 6201 1
3395 9120 5
13236 15457 9
12774 19270 1
4403 18831 9
6545 16529 6
1636 14357 2
5871 10663 7
184 5336 6
15172 20116 6
5312 18508 8
12811 21898 3
1567 7261 9
14801 22803 3
1986 9595 2
4554 6771 3
3598 23142 6
7486 23152 1
10100 23792 7
9130 22336 1
4538 6215 9
16283 24837 5
1472 11102 5
3735 16579 1
1028 1194 1
14327 22431 5
8717 11793 3
4541 5340 9
4983 9497 10
1258 3014 2
795 2063 5
7686 15634 5
369 7904 4
13711 14349 1
184 5425 3
5242 17386 5
20307 21225 5
20159 23016 2
23368 24052 8
3579 21034 5
2359 6984 3
6546 21677 4
11480 16275 6
4527 6529 7
11453 18271 4
4343 11152 5
3526 5711 4
2246 20140 6
11859 15381 6
257 5315 4
7428 10505 3
2334 13843 2
12302 15216 5
5888 23082 3
10599 17293 5
5355 18061 3
2250 9370 5
4297 16427 7
7234 14988 5
4541 14071 7
6331 6626 3
7623 13491 7
1573 23579 4
7317 7754 9
5889 15326 7
11204 14998 4
4439 5061 1
10231 21269 7
57 18198 9
2802 15784 9
7016 8495 2
16054 23521 9
1862 13923 8
8765 21704 6
284 5851 3
2389 13906 5
1102 6244 6
22825 24291 9
20528 21468 7
22024 24928 4
5965 17677 10
14989 22249 7
3452 13226 8
3897 22623 3
186 20056 2
7401 20480 8
2599 21106 9
6058 21848 4
15981 24552 1
1702 2562 1
6097 11071 2
12321 19858 1
14189 22697 1
1111 18247 7
6093 23526 6
4919 15374 4
66 20257 3
5590 16765 5
10703 19367 9
1062 17680 5
15600 16218 6
6754 12161 3
1753 3618 4
10136 11108 8
7083 12553 7
2678 11175 7
19656 24749 3
246 13845 10
2106 5698 7
4893 15173 1
11477 23579 3
6782 17069 9
15960 21739 6
2956 12919 6
9613 12017 10
6569 6791 5
13871 16856 8
2704 5431 3
3455 17082 1
10484 15290 10
3046 10474 7
8149 10343 3
3940 7587 7
8616 11952 5
5695 16141 9
10374 15742 2
9426 17449 10
6536 12916 9
2609 2811 7
4904 7752 3
4030 6593 7
4749 19555 2
3120 7589 9
2333 20548 7
2999 19939 8
6052 11031 3
958 5340 4
6950 10125 8
15141 19866 4
13926 16823 2
6169 11024 5
3311 16589 5
15515 18933 2
6704 7319 9
2118 4651 9
4641 6107 10
4778 24811 5
10550 12418 10
7405 15048 6
5495 7468 10
12758 17604 3
6640 7245 7
8842 16282 1
1213 5100 1
6282 18255 3
2091 8239 1
4203 20851 8
1280 24636 6
11091 13974 2
12838 16113 5
6198 24582 5
12757 12899 3
447 1010 6
3421 8519 10
3334 18995 10
6120 24343 1
15626 18904 10
4014 21040 9
11657 11729 5
13364 19501 4
4146 21531 10
2626 15440 8
2683 11232 4
9239 11415 2
2378 8053 7
3079 5194 2
6081 7118 4
15108 17892 3
17127 19452 4
4257 5625 9
2667 4608 5
2927 5621 5
4703 6285 6
3072 17599 9
3117 16847 5
3344 18093 6
737 16157 8
2049 23071 3
9638 17526 5
5093 5608 4
354 21738 6
767 14931 9
1522 8690 5
1085 10081 6
12914 14175 4
4713 22255 10
6386 16602 2
8909 15140 1
8270 9564 5
5800 7723 1
2619 8202 2
338 20493 8
11718 17191 4
7416 8069 8
2771 10815 10
7036 21751 1
4235 17087 9
2263 11178 2
5736 18131 7
972 14062 8
15425 20729 3
3929 23508 10
21592 23833 7
1913 14883 7
653 11026 4
1497 6331 2
4851 11179 7
9616 18057 10
10317 17577 2
1138 5186 7
8687 21783 8
6708 18037 6
1926 3695 4
423 1046 1
13446 23522 3
3374 23032 2
4248 20857 7
21016 23565 8
2539 7070 10
16447 23610 2
105 7428 6
2559 6565 9
351 4851 3
673 11165 9
4666 17295 9
3360 15653 10
6972 15457 3
811 5661 2
5868 18800 10
3818 4654 5
16 2317 9
6381 23049 6
20303 24088 6
3354 5487 8
3448 17063 5
3563 21230 4
5104 5196 5
7604 24855 7
588 17943 1
1436 21506 4
6264 24258 5
5749 23822 9
9951 10167 9
6288 9070 1
6690 11921 3
11181 11192 10
7129 20555 5
442 1113 4
4415 20129 5
2122 21113 9
2127 6431 10
10248 13767 1
63 10770 10
2230 8361 6
14482 19256 4
3632 6068 7
4382 9699 9
19994 20695 7
6401 23107 7
1811 21494 4
9 9993 8
8928 13879 8
459 8378 2
16051 22908 8
1003 8361 6
5977 18963 3
7424 20934 10
5918 11663 7
3190 16909 8
5211 12491 4
823 6922 5
494 18155 5
4796 6029 6
11558 12826 5
9590 18340 3
4599 10350 8
7286 20960 2
12320 18237 8
2033 10868 1
6996 7743 3
9724 23323 3
3169 13624 3
8027 14944 3
3104 5139 8
11777 14621 9
6730 7035 2
108 2975 1
299 17582 9
2842 24738 10
5270 24925 5
20020 23852 8
2064 10299 7
18488 19206 4
14220 15376 1
3422 8039 9
7766 19877 3
10472 23968 3
6417 17361 4
5664 10894 4
3946 6972 7
6820 8871 7
18324 23239 4
20749 22653 2
5926 18231 6
2077 11463 10
417 21345 1
10126 16211 5
6215 16590 10
146 6860 9
2110 23158 5
1824 11950 5
7201 15911 6
6301 18408 6
5360 24257 10
4933 19340 8
177 1228 2
6678 24814 3
652 12633 5
667 2068 10
2266 16605 1
12312 13914 8
9747 10726 9
6286 10586 7
5371 14844 2
2192 15144 4
9622 10098 8
231 9195 3
7560 21595 1
13475 16505 2
11009 12791 2
7513 10708 9
3974 14542 7
5229 13991 9
20104 20212 10
6951 20583 5
3714 10295 8
13091 22215 1
2544 8426 5
8527 18159 2
3668 7501 2
806 18022 2
1063 19027 1
4565 10799 9
9680 17719 2
271 13115 4
665 3041 6
299 891 5
162 14331 1
5859 23441 8
1103 1490 3
4264 5142 8
921 1652 5
8488 11132 10
7428 15216 1
514 11563 9
1294 16782 1
11213 12065 10
6296 15403 9
7266 24140 6
16248 16639 5
714 3157 3
2790 5001 10
16842 24691 9
2206 9300 2
3864 24886 2
5662 24441 6
1242 5913 3
5850 20387 1
14000 19147 9
940 4129 10
4377 17085 4
2250 13515 8
23283 23501 5
4517 13424 6
1585 7295 7
6732 23928 6
7945 10285 9
6427 23432 5
2182 4183 4
3382 14229 6
2979 6394 4
5539 7228 10
2386 8653 2
547 6296 4
3294 21059 1
9581 23208 6
13281 20380 5
6352 18764 7
19724 23214 9
4942 9607 8
493 22882 10
3621 5330 2
11502 17259 8
3253 19617 5
4930 5356 6
6738 16066 1
701 3013 6
20206 21199 6
2522 9601 10
1419 4869 2
2302 7617 4
2207 10326 8
19890 23874 3
14821 22686 7
2391 6937 5
5354 7423 4
7867 10504 10
1210 11082 9
2382 3540 5
1471 3974 8
4342 11469 8
1170 10413 5
3439 24281 4
19406 21515 2
4375 7795 1
6826 10662 9
7482 23759 7
1401 23761 2
2185 24225 9
977 15244 5
3600 18820 7
5434 7795 1
7740 10788 4
3650 4529 1
2637 22190 6
19809 21846 1
3127 15128 6
4907 6769 9
14516 14947 8
7442 13292 1
1275 2163 6
6621 23711 5
1598 23874 3
335 24764 7
1257 14340 1
20443 22049 3
4195 7091 7
342 3077 5
386 20251 9
226 13262 4
7 17359 1
1764 13708 2
5346 21881 6
2625 23631 9
2222 2886 6
2269 4000 1
5475 5861 9
361 676 3
11757 24639 6
6052 18464 3
15099 24457 4
7080 7153 3
15877 20549 4
8650 9011 8
2375 22751 8
6560 16723 7
4138 7330 9
14785 17384 3
290 1230 9
4106 21769 9
4797 15153 4
4024 5986 8
11527 19484 8
5264 24991 6
2365 17582 2
6778 24827 9
11147 19503 6
11491 16043 4
15560 17842 9
6720 13540 5
21488 22757 9
5228 19860 2
7494 8498 6
16026 21650 9
1177 19969 3
11170 23885 5
14968 19865 4
5613 13448 5
1414 19570 8
10770 18968 1
3027 13201 8
102 908 3
1315 3855 4
5656 24822 10
1476 16875 3
15141 15799 10
17839 20812 6
3275 22724 3
5211 15938 10
4586 6649 3
12581 20796 3
6134 11041 1
5446 15673 6
12336 23776 5
1686 8676 9
2627 9967 8
904 6810 9
595 3561 2
1569 6116 4
2871 17300 3
20958 21828 9
10940 22088 7
10897 11315 2
3555 5631 1
2789 9974 4
999 19201 4
6900 17886 6
1584 4380 10
3051 12437 6
7472 10247 1
5787 19455 5
5920 19568 9
6502 14864 1
1399 6670 6
2872 6901 5
5415 20519 2
8940 13476 8
17952 21473 7
6156 6267 4
8581 11897 4
2165 23927 7
7008 10774 4
13626 15802 10
5819 7878 4
2226 18142 1
4191 7675 7
4596 6864 8
13628 24281 8
6898 11002 1
21 16315 7
14199 22941 5
2611 10510 9
2449 12792 9
10993 24258 5
2781 6451 9
1782 2445 2
8594 24802 1
6362 20860 3
18122 20615 9
3052 3563 7
7146 12742 7
8672 16956 1
716 5899 9
6646 9255 5
2624 14580 4
15006 21752 7
12156 20031 1
15499 19028 4
4378 5461 2
6781 12031 3
2139 13230 7
7189 17173 7
1275 4240 2
1690 12849 6
6135 11350 6
3860 9261 9
613 8085 10
401 7958 2
2141 2203 3
1232 15176 7
9356 23878 9
11953 16432 7
2606 5225 1
11233 18592 4
2583 4278 9
2733 14827 10
1761 10010 6
270 16240 8
5022 13351 7
4265 6292 4
974 10997 4
7165 18731 2
4263 14114 4
20380 23968 7
17135 19384 6
4547 12534 1
6093 8872 4
14249 14387 3
1925 19297 7
1409 2264 10
1827 6464 3
112 7328 6
5197 21741 2
11074 11095 3
16182 19980 4
3680 9351 2
1228 6981 3
783 21456 7
1671 7432 10
3169 7845 6
7370 7828 6
13226 16328 4
18250 19112 5
677 3042 2
729 13989 6
12324 13814 6
4691 8810 8
9315 10074 1
15165 22184 8
1792 1893 6
17042 21427 1
17925 21824 1
7755 24608 8
6704 12871 2
1155 19905 7
11428 14506 7
13656 22785 1
5782 21768 2
8159 18636 9
2501 10400 10
2238 6288 9
5099 6411 1
636 6177 7
6390 22211 4
14048 23760 1
3063 7149 10
480 1288 3
8232 11966 9
14730 19202 1
4679 6652 9
7026 11770 3
2539 7588 7
16256 23935 5
14912 18549 1
4831 14400 9
7270 12819 3
1594 22847 1
10698 10708 2
5487 5829 3
2793 15015 10
2527 9958 4
1148 4668 7
2741 3176 1
3304 9213 6
7767 11173 6
443 14233 10
5820 12516 8
5163 12689 1
10147 22169 7
15549 18765 7
5767 12667 7
14071 19022 3
3789 10869 9
5662 12927 8
553 10347 1
5210 19097 7
16637 24776 2
5102 19885 9
17072 22598 3
5984 20253 5
3079 22288 1
7068 24329 2
1515 6008 1
9124 12369 1
3166 24092 1
7018 7941 10
863 22216 4
6603 14678 10
21013 24933 9
999 6925 3
5596 12316 4
16984 23403 5
6956 18959 4
6445 24386 5
5567 15445 1
4835 12780 3
1763 4571 10
15223 20952 9
14380 18218 7
7059 11002 3
11537 11921 10
11538 20261 5
23318 23767 3
1477 14531 6
14604 18950 8
310 17567 4
2304 13505 5
1250 20273 1
18027 20997 3
4628 7474 7
8584 14002 9
18780 24672 7
7204 21631 4
7590 23798 7
6204 9656 2
14344 16964 2
19396 24924 7
3584 20786 6
7735 17403 10
12221 20425 9
3025 14597 7
4245 6158 9
10408 20785 3
1839 17725 1
5120 19095 1
5807 18355 2
9968 13843 4
1882 6246 5
8507 17349 7
3517 5178 9
7954 10275 5
5217 14711 3
6260 16831 5
4399 15748 7
4768 20476 1
14367 19491 1
2787 4740 7
3760 10376 2
1155 3704 1
6414 18979 6
22035 23791 7
2452 7577 3
2079 7527 1
13781 19168 5
9017 11087 3
15669 19236 6
7625 18212 6
1053 15755 3
16497 17871 6
6962 12467 9
2296 23568 5
17384 24791 10
2283 14492 5
9750 22831 1
8718 12873 3
143 1973 8
1466 14713 5
3492 20613 5
3112 8248 10
14203 21744 2
1682 5512 4
3129 15524 10
5824 11853 8
11957 20896 6
3157 24122 9
14972 15252 5
10407 11991 3
20312 21800 10
1497 16302 8
3208 16333 9
11081 16745 2
2135 4959 2
6981 18398 4
2780 7499 8
904 23674 9
13215 22487 10
965 14583 4
1764 17809 4
3933 14779 4
2837 16720 6
20373 24468 7
1743 21311 4
4856 7226 1
408 20717 9
12252 24064 9
4462 7842 5
11883 12416 10
1644 22511 9
5617 22283 1
15242 20593 10
5047 13727 6
4834 10765 3
5354 23060 3
38 2075 6
1048 4335 8
7433 15374 4
7545 21219 6
8656 16652 1
5669 23198 6
7748 10598 5
13162 21347 4
7598 21084 2
22827 24723 1
4909 23926 6
2632 19753 8
1795 6595 9
27 17241 2
1938 6783 8
4345 16111 7
834 2364 4
1075 11033 4
2502 10191 4
8301 22722 8
4752 7440 10
14146 16853 3
5059 23333 10
19228 23306 4
1572 22642 7
17920 21348 4
5969 6856 6
254 22438 8
136 12346 6
1053 6029 9
7888 11988 9
10281 21207 3
9300 18255 9
5019 15527 4
5162 5465 5
4712 13955 3
2467 4700 4
13650 14475 6
5442 16263 7
3663 6968 3
180 24463 1
7129 18967 9
863 5135 10
5740 6954 10
12207 16713 5
2717 3866 2
1084 3336 2
265 22693 7
1920 9084 7
2223 20651 2
14721 17272 8
944 18925 7
2502 3165 10
8591 15369 10
3003 10901 1
2338 5521 3
3840 13756 3
6877 24334 10
2380 14993 2
505 13433 10
720 12171 4
3428 10794 6
2013 7197 8
1314 5458 3
366 7654 6
857 8501 9
13195 19991 6
440 18813 5
4592 5395 8
2252 12757 10
1508 6930 2
5448 15373 2
15225 23228 5
9251 13804 5
16722 20510 10
6738 21559 4
2973 12034 6
16093 19556 4
13553 13854 9
11698 21161 1
1500 20742 6
11133 23180 2
4801 8926 4
5902 13585 8
1990 8798 7
1310 22454 3
284 16640 3
6847 10095 2
7340 7353 3
10674 11157 10
3267 15349 3
5729 5974 2
6235 12631 5
2054 11459 5
2467 7597 6
6247 19513 3
4777 20345 9
5969 23411 5
10978 13482 3
24533 24934 10
4204 10003 4
3117 13235 2
4675 11684 9
6338 6774 2
11068 13029 7
1578 1737 2
3793 6728 4
3578 3753 3
5678 23667 7
5256 16561 8
6982 19023 6
3437 12677 9
2008 15492 6
3937 4393 3
4789 19251 6
303 20515 1
6307 17051 5
1044 1927 7
895 7391 8
7010 24186 10
5626 20606 8
1944 9489 4
8085 19158 1
795 14166 5
2440 24948 4
2010 22097 4
394 5077 7
245 23615 7
5941 6864 3
16040 24747 10
15271 17489 8
5724 7061 6
14415 18267 9
12127 13317 8
5039 9813 9
3453 22689 7
4911 11366 10
9004 12522 5
4304 6649 4
14588 21720 2
16569 19405 10
17586 20152 10
14707 17088 6
6249 21336 8
9145 20556 6
15119 15933 3
8823 19054 8
4982 6507 1
7220 16068 7
8802 13403 5
1795 2433 10
15500 16524 6
6871 13485 8
6885 19354 3
4673 7531 8
2217 11081 1
8124 15807 6
4772 7914 5
7595 17973 3
3013 16308 10
18293 20833 2
529 14595 5
1788 3411 7
2403 20807 10
1651 16803 8
6672 7498 7
3610 18494 4
19458 24080 8
11668 12681 3
15106 16451 9
9733 22146 8
9499 23382 9
346 10382 3
7219 21367 1
18621 22076 5
892 13547 7
9912 15964 9
12607 23528 4
1443 18608 10
1569 8696 7
21272 23241 3
9032 24516 2
1303 14113 7
5587 10844 2
2991 17940 8
178 13129 10
725 4368 8
2104 9802 8
5 1375 5
738 19413 10
6604 23757 3
5154 21916 9
16240 19390 4
3781 9913 8
13180 22814 9
12328 24718 9
9635 11182 10
2902 17974 7
2254 24450 2
1489 6968 2
4212 7475 7
21070 21509 7
374 11687 8
4131 24491 7
9385 18005 3
10457 18840 1
5437 24764 10
19359 24471 2
6604 12707 10
7490 14505 7
3819 23130 5
3402 5889 3
714 2672 3
389 11216 3
4279 7481 3
6008 6563 9
6590 8717 5
1077 10072 3
9985 10778 10
1592 1600 9
4898 18983 2
1917 8018 5
5384 17203 1
139 808 3
2199 4613 4
52 4742 9
1759 24168 6
2364 14377 2
3289 18195 4
9569 21864 8
4231 5741 5
2443 16066 10
3683 12631 5
6433 14315 9
964 20862 7
4425 8513 1
2498 6894 7
17122 22445 3
144 7522 9
2626 5356 8
9928 13018 9
3252 23557 3
16558 16659 10
15686 16171 3
9124 11159 6
6359 12690 9
1651 21482 4
14801 24402 10
15612 17106 9
5525 6350 10
2683 9030 4
1464 18708 5
6228 23999 5
2099 23669 6
3521 21868 1
1664 18201 3
5880 7007 3
3182 10528 6
3591 3761 2
502 3687 5
15788 17100 5
17521 19489 5
2682 3724 9
11948 15497 8
1186 5789 5
4806 23254 7
3422 3575 9
1144 3539 4
3817 14837 7
591 15494 7
6292 7423 8
4257 14845 8
9536 19202 7
1365 2148 6
2970 15943 9
7957 24435 3
4492 20200 5
7295 10483 4
12130 14381 10
6723 20581 7
9882 13768 6
1149 7371 5
1731 11971 9
20949 23290 7
8174 16218 5
12988 14843 6
5223 5490 5
3708 5707 1
9984 20967 3
13204 23360 4
9485 9701 6
6663 17464 1
892 6750 1
7672 20326 6
1090 24906 6
12882 16745 10
16424 16710 10
4061 23364 1
2466 6340 2
1497 11825 4
13774 18505 5
2645 8725 1
3819 7257 7
5623 10543 8
7936 20360 1
5068 13037 4
5702 14958 5
1492 19983 2
6487 10870 1
12070 14608 4
9549 19193 6
3455 21697 9
16163 20380 2
3849 11097 1
329 7568 4
10100 20060 6
7283 22631 6
6641 15501 6
3113 3956 3
1859 15011 9
652 7010 4
4197 23967 2
4006 8986 8
5277 19392 5
5225 23860 9
4741 20344 9
79 761 6
2485 5839 3
16861 17578 8
551 19268 10
2840 4984 7
628 19373 3
6281 9579 4
496 11135 8
19520 22832 6
2 365 3
2028 24688 4
6293 21751 10
66 511 10
2363 22924 8
15063 16375 3
13863 21605 6
12615 15091 9
9112 9133 3
9829 17426 9
2302 16938 8
11591 14372 5
4929 7223 8
18915 19989 1
6286 7655 8
7817 24490 3
886 13686 2
2102 4454 5
3665 10483 8
1701 4660 8
910 15231 9
1051 2453 4
17760 20959 7
2084 6356 2
695 19490 10
10272 13218 1
2181 17102 1
19407 23472 4
5541 17624 10
819 8818 8
18286 22852 4
2338 6065 3
11636 17404 6
7657 21085 5
4276 9035 10
4487 17779 4
6827 17635 1
21796 24554 7
2604 22723 10
5060 13327 5
10536 22151 9
3635 11494 8
8556 14001 6
16191 21015 8
2347 4923 7
6512 6521 9
16737 22025 6
1724 24654 5
8286 13261 3
4412 17474 8
6222 13161 6
1149 22303 4
2116 24058 2
4605 5533 5
1579 9762 1
9095 19397 4
3321 7450 7
5 1370 10
687 15089 10
9828 15083 9
3611 12638 6
18297 22346 8
8754 22404 9
306 14663 8
1726 6172 5
7706 18203 5
16170 18018 4
4515 6465 1
1901 5570 2
4622 11537 9
3060 12433 4
3113 16456 9
3879 6311 2
2046 15415 7
10500 14770 6
4863 22094 10
6928 22322 4
1302 14015 4
1003 5364 5
12575 15458 7
11123 19072 2
4487 6911 2
20428 20830 10
6163 13831 4
449 19170 10
126 1055 9
5818 9869 7
19668 24203 8
2749 4036 9
3838 7224 6
563 19527 9
704 19021 2
11942 21349 6
1391 3092 6
3192 7289 10
600 15982 9
7548 17944 2
2310 8789 1
13672 19274 3
5178 5512 8
3202 6264 10
1980 6436 10
5613 11049 1
1346 20792 3
9060 20619 4
24662 24836 9
5512 19774 8
5102 5326 10
5199 19469 2
2960 8142 7
7446 8830 1
16619 23742 7
6335 7724 8
17015 24934 6
4669 20026 9
2198 12159 5
4252 7141 10
545 10694 9
10051 21432 9
8861 11849 6
8170 9602 5
10340 14201 7
7306 9936 6
7191 19202 8
1023 5684 4
7902 23962 8
174 13021 5
2040 5076 10
2113 21012 2
5624 23894 9
4741 11877 3
14285 18806 1
798 13178 5
18405 20218 2
2595 7766 2
23790 24764 9
4943 7448 2
4296 21841 4
2508 15526 9
7151 19476 8
3475 8306 8
13087 19524 8
1511 20097 10
3929 11321 9
9218 10842 8
2908 22046 9
2202 19404 5
2716 20988 10
852 20015 9
20778 23703 4
1838 9149 7
6447 14106 10
58 15433 9
1006 2986 3
5489 7590 2
136 8188 1
471 9049 10
429 21636 2
13813 18264 8
3508 16272 8
5299 13573 2
3395 24324 8
4914 17617 10
2228 8059 3
20397 24740 10
843 11629 8
368 9745 1
4042 6564 1
1897 14873 5
1565 5270 2
6428 24512 3
6936 14191 3
1266 13722 10
3985 23266 8
13420 20751 6
7032 17964 10
5000 19565 2
6397 7310 2
300 6129 10
4088 19383 7
1152 24094 5
3004 12880 4
1503 10248 9
1616 21058 10
6228 7778 2
4587 4953 5
780 21357 1
9395 14940 6
2568 22709 2
2226 8931 2
11700 19033 2
3832 6053 7
15180 18375 7
1117 5161 8
1729 18277 5
10114 20835 6
5641 10354 1
18259 23109 3
8095 20565 4
2764 16123 5
2712 14161 3
901 18720 10
6713 24474 2
12321 24290 7
9858 14440 4
1351 12337 5
14382 23919 6
5934 20920 2
2787 10690 3
1008 23988 4
7353 18781 1
902 16363 7
412 5775 4
7853 9896 8
3036 4745 1
3767 5752 10
1361 21005 3
4530 21432 3
6756 7494 9
6302 19666 9
6835 9149 2
17085 17777 3
1786 2980 7
1591 23879 3
1677 3625 7
14549 18103 5
10584 24770 2
2768 22014 1
6010 13038 7
477 1426 4
7081 17499 5
18676 20185 6
4481 22885 7
1601 18258 1
7927 16096 5
449 21877 8
5963 20436 9
19674 23326 8
4564 11299 3
15448 23578 1
14047 19176 4
6879 24443 4
3652 6028 9
7244 17482 6
4798 6158 7
6065 10966 6
3625 16991 3
5984 8049 3
5922 18768 8
3078 4516 8
2376 4399 3
7990 11650 7
3159 8778 4
6972 10414 8
23390 23911 8
10134 23154 4
5364 21326 4
12814 23273 6
3522 4429 4
4231 6596 4
2378 3949 3
2196 6963 6
3525 11609 10
10681 24110 10
1734 23391 3
5679 24107 3
1555 12366 2
5192 19432 10
5452 18133 4
3487 18502 10
16177 22303 1
181 5026 5
3031 3962 3
1639 12663 6
1137 15187 6
4762 17300 10
5964 13691 3
1295 11802 4
4943 22143 2
16167 23402 3
1826 24952 10
1571 16313 6
7638 24196 7
9733 16370 9
6702 19571 2
3164 19958 8
6940 18752 3
7496 10322 6
2463 12903 6
3117 9594 2
11195 22970 5
2948 10046 9
3862 13219 3
16940 18690 1
13971 14984 8
1530 8749 4
8 4331 8
3418 23944 6
3997 6652 6
557 14795 7
3171 3895 4
3905 18732 4
1876 23429 8
7939 16025 10
168 10564 4
19164 21483 9
2844 9469 6
14395 18190 7
3283 19624 7
3235 13871 7
4491 14291 9
15767 24206 3
19511 22760 9
4689 11847 9
11800 24505 4
1187 21490 10
6693 15506 8
350 6296 3
8389 19733 6
8882 17300 7
1799 14931 9
5145 7533 5
5065 20060 1
1199 20029 2
22564 24138 10
3820 5714 8
7968 12627 8
4004 4256 5
2358 19045 7
2693 20272 1
6875 16323 5
2688 7383 1
3250 13175 9
14915 23269 5
3249 16464 2
1139 24295 3
153 4765 2
2829 10049 2
3989 24667 8
3646 24760 9
2427 2912 10
6504 8364 2
4261 5566 3
843 5891 4
16398 22859 2
4866 6339 6
9158 22673 3
16 10465 9
3298 12377 6
154 9172 10
5593 11407 6
255 4044 9
3416 7304 1
8742 11508 5
562 21692 9
5916 7197 7
2119 13533 7
2906 4131 9
2974 4698 10
646 12055 1
2842 3255 4
18445 20316 6
9862 23225 5
1412 9585 4
4449 17942 10
9739 19013 1
4021 6891 6
3564 17758 3
126 12123 6
504 10340 8
5357 5763 2
1819 1923 3
7199 14357 4
14829 17544 6
3364 19663 2
5235 9368 6
4302 4895 8
6585 19844 10
7590 19988 5
1034 2243 10
7968 22534 1
1551 14554 4
2358 9367 3
6008 15880 1
4232 11949 6
12365 19120 1
12788 20645 7
8301 17892 5
1718 4895 6
3676 6352 10
9995 20332 4
4447 23532 6
16631 21636 8
159 5873 8
6151 20984 9
4777 7585 6
9323 9744 4
2625 5859 7
21101 24003 7
2070 10595 2
1839 19189 9
3737 19767 8
1168 9602 2
11060 23318 1
2862 21683 5
2679 14192 8
17318 17472 4
3437 13074 9
1692 7476 7
3209 12557 3
3534 18940 10
2481 12839 6
6562 7293 6
15561 15928 8
233 10064 4
9749 18794 9
2370 21272 6
1882 15203 7
2930 9442 3
4901 19591 8
9217 18119 10
3499 21545 6
5519 14642 7
14098 19869 2
2213 7763 6
2956 7124 2
4190 19958 3
6223 21599 9
10672 19333 1
3645 21991 8
877 1296 1
1835 20776 5
5348 12588 2
6111 14426 1
2325 6639 6
3134 7297 4
3346 14013 2
3832 11424 2
13281 15235 6
4248 19398 2
12940 22211 10
6460 7037 9
6320 6655 4
3077 18732 5
5825 13230 8
8377 18484 9
17318 19319 5
18353 19837 1
9872 12137 7
3222 17485 4
3490 8520 10
3453 20772 9
9381 9964 4
7624 19372 6
6189 8069 5
12695 23561 2
18362 24373 7
8097 22971 5
1621 4902 9
2199 21570 1
759 21929 4
7487 13366 9
562 12082 4
10749 23818 1
11044 17207 6
21166 24754 2
3201 13934 3
1867 14115 2
15921 17952 7
1623 14738 3
533 3463 1
2010 7037 2
3340 12881 10
7092 12367 9
923 1781 3
5224 9429 2
13839 20119 1
823 3650 8
78 5544 6
13679 16433 9
443 13157 6
7150 24525 9
6795 13826 8
13546 16694 6
3507 13000 9
7331 15376 6
3696 22355 9
6666 21372 8
2415 18857 5
2114 21368 2
540 7556 10
3270 3299 5
6833 12753 7
3109 10636 1
20344 21250 5
5241 11079 6
3566 15319 5
159 11512 6
3875 21518 9
865 4762 10
3358 22914 5
6154 20657 10
19278 19455 5
10216 24293 6
2546 6165 4
14163 17648 9
6864 16485 6
3329 17973 8
4715 10012 4
6167 23625 8
13400 20360 6
6887 8741 9
11138 20268 5
17690 20827 10
9987 23085 9
3499 6444 3
2702 9533 1
8980 15350 6
14703 22906 10
7389 16395 10
784 6544 4
4672 10065 2
1940 22204 7
4850 12950 10
901 4688 4
2155 4933 5
156 20126 10
2762 19680 10
4 24752 4
3033 24201 3
13952 19065 2
3989 9420 8
1188 23184 8
19281 20786 6
6763 6914 5
8626 18093 8
6760 20921 10
4910 19678 8
15946 23352 7
3987 21371 1
15715 20222 7
3101 5245 2
4953 9754 5
1577 11462 1
9692 22860 7
999 20206 6
934 23434 5
15721 24344 5
7267 17892 9
9361 20727 10
4828 10138 6
2812 13394 9
21685 21922 10
4196 9196 9
4867 10876 4
2981 9999 3
540 5271 5
5856 11946 4
5554 8604 1
6086 13197 1
6105 23828 9
17254 23660 9
20219 22938 8
6335 20346 5
10061 12696 5
6424 14561 4
110 15053 6
761 8524 7
222 19108 8
7913 15917 10
11094 18298 5
3855 4157 4
3862 12022 10
3781 4370 1
3417 5801 9
837 10989 7
8107 19802 10
1578 17248 6
4882 21697 3
15247 16686 3
718 19027 7
5866 21674 9
269 3332 8
19350 23225 4
3991 10278 5
4396 16341 6
6445 24746 6
8246 12336 8
14412 17316 6
6181 24353 5
2282 3689 5
5382 14070 3
5898 23959 1
534 5353 9
8009 24332 5
11819 20625 6
2959 12278 4
10802 11261 6
14243 18037 10
7786 13213 3
8642 10976 1
7619 12294 6
22222 23624 7
404 4075 2
4628 6301 5
6086 13242 9
11167 16947 7
4060 12593 4
6695 19183 10
2108 13767 3
3361 7331 1
12305 16985 5
4988 21925 7
4863 23184 5
7680 24155 2
915 7825 4
807 6268 4
3451 14479 7
10558 17760 8
7220 9811 4
12670 23610 4
2753 7053 10
413 7509 2
2396 15577 3
7035 13855 2
848 6049 10
2997 20780 8
10718 12697 8
9664 17944 1
19644 24953 9
514 5368 6
2501 11639 7
8959 20306 9
693 1320 10
6941 16774 1
6040 24656 10
3593 9222 3
6906 14424 7
13205 23464 6
10325 10346 2
6792 17826 4
3382 11196 5
4855 6745 1
291 23542 6
2432 5446 4
2139 12934 1
6006 20357 5
2555 20324 3
1674 9030 10
2869 14831 10
6536 18943 2
1810 19822 7
17984 19051 5
16054 22482 8
4501 14919 3
2046 18188 8
246 19856 10
13382 18864 1
17613 19256 4
5480 5542 6
3585 12790 10
1470 19606 5
9578 24534 4
18220 20602 2
1551 22064 9
5529 17802 5
5406 5721 4
4525 17779 7
143 18929 7
993 1167 1
2154 19608 5
420 1291 8
5709 14390 4
279 15420 10
13562 16836 1
6043 15818 10
10850 18394 8
5037 22353 3
11420 11914 2
11654 20517 8
20958 22208 10
7557 11101 10
16067 23878 6
6443 6746 5
17419 18013 7
487 6883 10
387 12138 4
2779 4224 9
76 4610 1
3184 21970 6
1327 14256 7
2881 7165 6
20312 21880 10
6527 8533 6
604 13329 4
1581 9442 7
14233 18288 3
528 1102 7
997 14738 4
1378 11172 10
897 11441 7
1076 3253 2
5482 23070 7
6446 9410 7
4653 6543 2
3334 18080 6
3045 19573 4
19407 21217 9
806 23485 6
698 8166 2
3919 24851 8
344 2159 5
11045 23277 2
1948 23124 5
19835 21914 3
11194 23061 4
16245 19548 6
2015 4470 9
924 19953 2
18303 19283 8
8254 14568 9
18542 21540 8
1116 5012 5
8352 19976 2
294 7347 3
6165 7654 10
8202 15474 1
7483 9912 8
984 16037 7
1635 18086 7
3286 3397 4
14255 22241 6
17167 20993 2
5854 21309 8
8243 10745 1
5216 15746 9
5275 23234 8
16733 19176 6
3012 21960 5
4990 14101 6
7620 16326 1
5523 17852 3
3269 6226 8
2935 22639 7
15455 17612 9
6674 10571 10
509 7903 5
190 14263 10
129 2831 2
9182 13029 10
4519 7809 7
341 900 2
13000 16451 5
6369 17396 10
9004 18125 5
9488 23203 9
6863 21388 3
1617 13134 1
2373 6911 1
2886 20771 1
18400 24237 2
586 786 10
2650 18991 7
15313 24238 9
11151 21379 10
3009 18494 2
1630 10247 3
5741 6012 4
15989 23525 1
1701 19580 4
4922 18500 3
10676 19732 9
3095 4027 10
13324 17817 5
9666 13899 7
2822 5914 3
188 15570 6
1728 5882 10
6274 24828 5
1240 4273 9
7518 8163 5
10038 13252 4
10459 21183 7
16241 16389 6
777 2117 5
7250 23107 9
7841 8503 1
5385 23909 9
2427 24961 6
1207 16378 2
3667 10563 5
893 18438 9
6280 7518 1
3915 10997 1
14954 24786 3
10681 13011 3
2182 8706 7
6512 8022 7
8532 15023 9
13922 17838 1
12626 12982 2
3194 11078 10
4592 14096 8
29 13721 6
1661 5518 1
1740 23052 10
2691 22179 5
5803 8410 9
686 6444 6
11573 19978 7
2744 6932 10
1368 23825 1
1334 16987 5
12137 14282 2
5641 11088 2
8775 23675 10
17025 18359 4
4042 7918 1
1429 1563 7
4536 10794 7
4663 20440 8
5920 8010 9
3450 19990 8
6892 10844 6
6499 9583 9
827 4183 9
6133 14268 10
6966 13798 8
3816 6539 1
13692 16001 6
2398 7720 10
2703 18911 8
439 14420 7
3306 11810 5
3117 23132 5
9989 12639 1
6576 7043 2
10997 24451 8
15039 20408 2
6054 6439 2
176 20657 3
2811 11825 2
2356 10769 3
6277 24314 8
5269 6111 1
7896 13350 10
15298 18803 8
7261 8472 5
4557 12971 9
1928 7240 3
2088 2262 1
7711 8456 7
1916 5133 1
1947 24165 3
4084 5825 7
1180 1419 4
8723 24718 10
8751 19382 7
5520 15058 3
7491 13391 7
7280 12539 10
6153 7222 6
6541 20346 10
1628 9654 1
3261 14919 1
18615 20613 6
20592 21289 4
7411 8017 10
10821 20735 10
7679 18968 8
7830 23108 5
17678 20722 3
2875 23784 2
5352 23336 4
3135 8227 4
4481 13656 3
9698 15113 3
12561 15577 9
3479 13248 7
9595 10020 7
473 12838 2
4075 23680 5
2650 3202 4
4365 11072 3
1339 19762 3
1027 6153 7
2919 17931 6
18239 22674 3
14197 24540 8
11316 11844 4
6304 22911 10
2147 16882 10
1943 3975 1
870 18517 8
3898 13348 3
10826 10939 8
17084 18312 1
1758 23217 10
619 2198 7
16501 17296 5
4245 18001 2
11875 13537 10
4437 14537 10
6923 7475 9
4428 5579 8
6349 15528 2
635 3959 7
10424 13176 2
15920 22719 3
15044 17606 8
4388 23482 1
2119 2913 8
67 23865 1
1678 4235 4
6824 13010 7
5007 15565 10
10711 21721 7
4143 13453 7
8724 23357 7
18108 20898 5
4322 23890 8
3942 5748 6
1175 23840 7
4418 12339 7
7594 18308 5
7505 15287 8
6003 6639 8
311 3625 1
4879 17595 1
6095 10350 10
6035 11085 3
3670 20584 10
5856 14463 8
567 23383 9
15983 23197 8
1122 2860 9
14162 21564 3
7359 20106 1
83 23242 2
8894 13190 7
2690 11341 10
1101 24949 10
15923 21864 9
2393 12095 5
582 1778 2
12906 22954 8
10314 24236 10
3069 6343 8
6240 13891 2
2145 4171 6
2973 17364 7
2298 15244 8
7426 14056 7
5025 9716 4
19979 21998 7
291 4662 4
19523 23640 5
7639 23433 9
4727 17412 4
793 4976 9
4651 19644 2
8513 22167 10
3670 5641 2
261 14627 7
6752 8105 7
2162 10261 6
5594 5880 3
5616 13833 7
4044 14690 4
4127 10399 4
1016 22964 9
6228 6265 4
3790 20582 9
14686 17343 10
1666 20363 8
3547 24579 2
1704 2609 4
13774 20685 2
7153 19169 1
6168 11892 10
16208 18760 1
6641 21369 2
2622 5565 6
2355 16934 4
3309 6533 7
20601 23749 8
1591 11736 6
1678 13860 1
18129 18570 5
1313 23344 2
2129 12345 1
841 9360 9
804 10005 4
6445 10690 6
6078 10894 8
2205 20918 7
4814 5733 4
4586 7123 6
3014 17525 1
6581 19690 2
6186 6679 8
2619 9607 4
14284 17835 2
1954 21649 3
9349 10464 6
5075 23221 8
6336 14572 10
140 10911 2
5883 12471 1
5741 18553 7
4868 6362 9
5294 16663 6
17672 17877 4
6405 15056 4
1508 15914 8
12515 23299 6
6595 10834 4
17502 21171 6
6561 21024 7
3101 5507 2
2861 4331 1
2520 12180 2
5399 19438 1
952 17928 9
1268 5151 2
1630 2659 5
3181 23733 5
3879 19072 10
3551 6903 3
16843 23799 8
3176 4869 1
6248 18632 3
9067 17331 9
4399 13910 4
2122 4866 7
13965 20720 4
16166 19860 8
12 1667 3
6194 8302 5
5406 7210 7
830 5586 9
1921 6748 6
1949 2627 4
8078 18338 7
7425 19737 5
1608 2870 2
1968 15394 6
2291 12964 4
1723 13334 7
18695 23188 5
722 20076 8
4081 7906 5
9451 19247 6
6035 12038 6
1331 3547 6
1361 7589 6
5953 18482 7
10675 11293 5
2619 11387 2
18352 18811 6
1284 14733 1
7152 10548 3
1744 1984 5
5290 23059 2
5606 12080 4
7326 17756 10
574 12559 2
7780 12640 9
2650 15570 2
3306 5253 1
16426 23432 4
1316 9743 2
2378 7507 9
7358 15944 10
7796 17471 8
13656 14123 7
1778 21157 5
2649 5708 9
240 24616 10
5390 14693 1
6194 6262 2
6553 6788 10
215 3024 5
11146 22225 2
2823 3593 5
6750 11779 7
4541 5304 6
5939 6488 6
683 2558 9
5629 21693 7
2530 24816 10
1849 16576 9
3055 5069 1
926 4998 6
4022 24758 5
22906 23945 2
2392 6601 10
1944 7014 7
10544 11544 1
17566 19491 7
7256 24330 6
9607 14290 9
1167 13186 1
3178 7923 7
809 11639 8
1122 24051 3
6037 12087 3
22066 22429 10
6756 24225 5
1458 12583 8
15877 22866 9
4657 12983 4
3477 8181 3
3562 16261 9
86 7622 9
813 11210 10
2437 16486 3
6027 13350 10
11581 23164 7
14353 20773 3
6866 21035 5
1184 10433 4
505 5284 5
13926 19809 3
1822 6450 9
777 3384 1
9736 24954 10
5129 18700 3
2685 18272 3
4531 5310 5
19417 24039 8
8685 23189 6
7635 18217 8
11978 13002 1
4870 15232 4
3094 22632 8
20921 21857 2
5012 8124 2
11203 12602 2
4349 6695 10
4557 6622 1
4952 12709 2
17794 20366 1
10864 14905 5
141 9536 10
9823 14537 8
6964 15335 6
2788 6525 9
3552 12921 6
289 7755 10
19490 21552 1
10575 11625 7
1128 13496 6
3542 8829 8
2847 6176 3
17541 23586 8
1010 18091 7
15428 21465 3
6349 21892 2
11206 13619 3
2373 10759 9
1935 4190 4
4033 16491 3
46 6978 3
16581 21382 5
13973 17005 10
3987 24997 8
7422 17064 7
1706 2912 9
3162 4139 8
3284 11674 4
1890 5424 1
5624 12769 4
4072 7525 2
404 1062 6
11820 20898 10
4505 6866 8
17023 20914 6
3155 13946 10
2874 15302 4
8337 16059 10
7383 20290 4
7497 20768 7
247 7890 8
7076 20918 6
9493 22795 5
4072 18585 2
6454 6513 2
19586 22039 6
2125 4513 5
11828 13078 1
3735 8754 1
7456 9293 7
15270 18346 7
7270 17908 4
1012 20215 5
5468 5539 6
2935 13842 1
5737 14134 1
24170 24866 4
1781 4380 2
3807 12464 10
7761 21229 3
4412 7580 10
6117 7515 9
3808 9076 2
4212 6409 9
894 16870 6
2716 7792 4
6859 14328 7
11411 23320 10
5872 8940 2
9123 21112 3
746 16917 2
3376 24557 6
3668 13094 10
8924 22045 10
598 5892 10
4603 23528 7
3912 5352 10
423 15351 9
12423 15287 2
4162 14594 6
453 5582 5
7335 15242 4
342 734 5
1553 1978 4
15516 16487 4
14794 23348 2
1696 20755 2
4985 12483 5
2219 12615 10
137 22764 9
1187 23802 1
2499 15570 5
8092 13404 1
2649 7023 8
3327 14249 3
1590 14147 8
2497 14261 8
1217 15246 8
14876 23889 2
5509 19288 9
11423 24940 5
938 3437 5
1087 6513 1
19452 24643 7
1302 19394 10
16482 24476 10
3017 3871 3
7617 21795 3
2551 12971 6
13688 16164 5
13173 16430 7
702 2385 1
24046 24434 6
1902 22233 1
7681 15302 4
8948 16972 10
8510 18233 10
8115 16631 8
15184 19142 1
2562 10372 9
5334 19641 9
1497 6591 6
3124 9835 6
17740 21919 10
3065 13424 5
21 3090 6
4743 8868 7
3050 9709 3
6805 21383 6
7389 20135 9
5582 24391 10
2479 6954 6
1345 11360 1
928 5184 8
644 10534 4
7216 21109 10
1839 12831 4
5334 20109 3
150 14356 1
5377 8779 8
109 14240 9
12918 23155 9
2599 12168 5
13595 22361 1
646 21531 8
6729 17751 3
12779 23990 9
5940 18109 2
3821 20588 4
24726 24845 6
18280 20100 7
12252 15473 5
1819 13999 10
10799 21475 5
562 1002 6
13000 20217 7
9079 20747 8
9668 24882 10
3173 14774 7
16414 20977 5
2192 6611 7
1916 3976 2
31 7039 2
3147 14623 2
8899 19679 1
5072 13044 7
4291 5667 4
10342 21084 6
4399 5044 3
816 5534 2
4244 19611 9
3497 12354 2
901 17323 3
11713 15551 7
248 584 9
22993 24953 10
11428 12383 2
9240 12410 8
2934 9351 10
2212 3329 10
16771 18221 7
1698 22509 6
2422 6653 2
4707 10584 4
6250 6810 7
472 4450 7
2942 5503 6
375 2583 8
18794 20978 7
4023 20016 8
876 4084 5
4934 10161 2
4457 8004 9
1262 3112 7
13572 14995 5
7638 24895 2
8194 24872 8
4599 15143 3
8958 12350 10
5027 12232 1
506 10677 2
4710 8737 3
19308 23628 7
3364 12151 1
10357 20305 9
18655 24272 7
4197 22490 1
8327 18306 4
1240 20937 6
258 21269 8
11128 12271 4
3476 4841 9
15136 15987 3
9744 22184 5
984 2307 9
2718 23887 6
2733 4000 9
174 7002 9
1945 6714 7
6578 9585 3
3183 4672 4
11193 21039 3
644 23032 2
17803 18294 2
11194 13392 2
5336 9354 5
4282 6110 2
5061 7311 9
5856 18189 10
3035 12376 7
12108 12280 1
297 14153 3
4289 12801 1
2932 3019 1
5527 23870 9
9195 18653 8
19589 24918 7
5546 24859 10
693 14638 6
9268 13390 2
13854 21012 2
21817 22086 10
512 18123 5
292 299 7
2959 6277 3
7648 12269 6
3655 4975 3
4253 23152 5
6613 17896 6
13231 22558 5
10329 22651 5
358 6209 7
3570 12441 7
6397 17835 6
4557 20889 9
17976 20173 4
4766 5709 10
9351 9818 6
3259 13165 2
6459 22540 8
7533 13969 4
3501 10496 3
13041 17733 10
5608 20239 1
7171 15992 6
421 495 2
22221 24386 5
2879 10511 9
10703 23474 6
3153 13340 9
1540 7786 6
2294 8590 10
4094 6943 6
2255 21922 5
1472 17989 2
7670 7671 4
10441 11888 5
2330 15869 9
200 8747 9
9151 14034 8
6697 14555 4
11213 16907 5
13738 21398 5
9510 20924 1
649 3791 7
613 14605 3
2351 2847 2
2159 13835 5
3273 24876 9
436 4150 7
16524 16973 1
7252 21097 8
6190 20798 2
6892 8086 6
3288 4473 5
3611 23213 1
9119 13387 1
1349 20196 5
136 13516 7
2474 19961 8
3690 17502 2
15176 20644 6
2183 6464 6
6479 14993 9
965 20991 6
4203 7458 3
9961 18111 2
6024 13206 2
278 20228 7
6928 21550 5
5349 7396 8
198 7310 9
5674 14864 4
2220 23757 1
40 9002 10
3347 20978 5
4552 23125 8
309 24503 8
2769 16882 6
12007 15433 9
1983 2365 3
18153 22405 9
4247 24914 10
4281 22908 5
1830 4560 8
4331 17954 6
3071 19224 7
7643 23181 7
17240 20858 10
1034 3914 1
6623 8181 8
18276 18996 8
17746 23662 2
3803 15898 8
10558 11824 8
20526 21047 1
17038 20648 3
4455 7357 3
6416 20961 1
1815 13476 8
590 2083 1
6893 11171 5
19227 24487 5
18875 21513 4
759 3447 6
4509 15036 1
835 1795 3
2607 21416 3
3124 9240 9
12685 17793 4
16666 24045 5
8282 13470 8
3136 22628 9
12377 15467 2
20070 23852 9
5571 10942 7
2017 14613 4
710 6437 2
442 10436 9
8273 9467 9
8984 9424 8
5980 13400 1
2393 3201 8
1111 3837 1
2548 11397 2
1631 13421 4
8909 10804 7
2905 20194 6
3707 4454 4
33 1732 6
16914 23562 3
2522 3257 1
2701 19904 9
5371 12813 9
285 13744 5
160 4209 4
20896 22537 1
136 14479 1
581 6835 1
6273 6567 10
9388 24551 4
17047 22082 10
2249 20447 4
1570 1919 4
5810 10926 3
4443 9440 9
2962 22736 4
7192 12113 8
3535 6498 4
5406 7072 1
22056 22071 4
11719 18815 10
11354 20963 3
15151 24093 9
6460 11430 8
13733 14074 10
2632 8467 9
14140 18570 4
2982 8726 4
125 15366 5
19768 21817 1
3818 14374 4
6387 7027 1
8292 8883 1
4516 20593 1
1636 5103 2
12089 21727 7
15075 22216 4
3888 12076 1
18819 19840 1
6320 10916 5
4790 7363 2
6280 8668 10
1748 6000 9
10422 15225 9
11246 21261 3
15328 17839 2
6877 22081 9
1595 17070 6
1711 2669 3
521 13906 4
8865 11237 5
6531 16847 9
14384 22005 3
11412 20557 2
1242 3303 5
4073 16286 2
3853 19100 8
6539 16355 5
18374 21273 7
2092 5288 1
1118 6830 10
12354 21440 3
1596 16154 5
12164 12491 1
13192 24133 4
15738 20825 1
940 12462 5
3625 7534 9
5849 20370 8
3291 10586 9
2398 15129 5
3083 14730 10
3100 14461 3
4622 22111 7
13 5522 1
1300 21793 3
13593 13758 9
2022 18274 5
5481 19546 2
10977 21208 4
418 6593 9
3042 17230 9
1600 16386 3
2693 18530 3
2795 4991 8
2557 21822 1
14031 22406 7
12560 17055 6
1562 5153 4
3493 6269 6
1852 24364 2
1567 4363 5
7969 19765 7
7996 21436 6
5622 17081 6
421 14036 8
3997 18235 6
22444 23537 1
6939 11963 8
4588 22499 2
22030 24251 8
13762 20363 9
7448 17992 5
4763 20821 10
1040 22849 5
2797 17714 9
1653 7878 2
4197 24546 9
9801 17595 10
7165 7231 10
2895 24532 4
1062 6971 4
889 16877 8
8038 16565 3
3317 15854 3
4137 15229 1
2393 6266 3
15313 17284 3
3745 6775 9
5680 6243 5
18767 22485 4
3920 19246 10
10300 20846 3
3278 7303 10
4722 6080 10
15428 22044 8
798 2891 5
4845 17878 5
2818 3675 4
1776 23868 8
941 22026 8
3784 16265 7
18445 20615 2
7677 16479 1
14863 18441 5
5399 15082 6
4606 7722 1
394 5368 10
4654 6033 6
2510 3450 4
4588 24422 2
5312 16836 9
19890 22746 4
1392 15617 6
16168 18035 4
7442 15809 7
8341 23338 10
1829 17242 6
2047 20035 2
19329 22981 4
2475 17221 3
1528 11043 2
12155 18026 10
9068 12071 1
2707 19905 4
6588 17619 7
5194 18205 2
880 14810 5
666 2364 4
1263 3278 7
3855 12311 7
11663 23810 10
9690 20082 3
3036 12247 9
416 8787 8
7674 19152 5
3138 16723 5
2766 4311 4
2423 22032 6
13572 16034 8
17431 23133 10
7829 22066 1
1565 24525 1
946 7547 8
6099 11646 3
14733 14827 3
9368 24811 5
4094 5057 6
15547 23061 1
4143 18803 9
2110 22170 10
3217 19252 5
2718 16369 6
4031 6928 3
15990 24191 10
7666 16688 9
21298 22565 4
870 21761 6
1248 3054 2
967 8536 1
608 3045 5
6687 12335 1
2569 20570 5
5197 21220 3
2761 4644 4
3095 19050 1
7737 10616 1
15957 19529 5
21003 22303 3
20812 24856 8
9361 19386 2
5423 7539 4
2143 17489 2
2808 5307 3
2191 9565 5
9864 17851 5
1793 10262 8
7689 14167 5
7918 19625 8
1725 5083 6
14630 22335 8
9928 10462 6
1429 3108 9
5549 24117 8
10523 11130 7
6109 24938 8
4331 7825 9
249 19264 4
1626 8200 6
568 4060 6
4761 17821 2
5781 9043 10
16 2383 5
6967 19656 4
2515 5472 10
2406 3593 3
17563 22000 6
47 13425 4
8785 24659 2
18827 20071 6
15808 21092 2
568 1704 7
2032 17577 5
2623 5696 8
3039 12006 4
7781 15057 5
1370 15821 5
9499 21695 5
2300 24875 6
16395 18852 5
107 4332 7
7150 7377 3
6649 23254 2
15908 17313 8
17230 24675 7
4725 6803 2
21831 22970 7
11622 19285 6
1969 15338 6
1937 15184 3
7698 8875 9
9767 13232 4
7395 8069 4
8701 14270 9
13360 15587 2
2071 5289 7
2658 3924 2
2582 9028 4
1567 14518 9
3023 14803 3
4498 8369 3
4351 4734 6
5138 8219 5
7510 16114 8
635 3866 5
461 7041 5
21607 22420 2
4278 4327 1
6727 14379 2
6283 20602 1
7422 11741 7
3493 3849 10
21903 24562 4
1378 9104 1
281 1437 8
6830 16606 4
3037 19385 9
9400 20611 1
2565 20679 4
1110 13756 7
1731 7095 8
9047 14043 4
8641 17144 8
17991 21666 1
7374 22468 5
4670 11628 4
2610 5352 1
1155 6975 9
5157 12703 3
1569 10640 10
2846 5109 4
6259 22690 10
2798 8051 4
1553 4157 10
5201 20796 7
8177 15162 5
5992 9121 3
15309 16896 3
20951 24530 9
129 2875 2
12177 23726 6
22427 24111 3
7273 17943 7
19292 23338 7
8740 14548 10
4950 7236 2
586 17262 2
2711 21584 3
3504 24456 4
2815 8599 10
12601 24075 6
4988 22450 8
21330 23868 9
11926 14670 5
6549 14272 9
660 21572 4
535 6927 5
3973 4749 8
2284 21358 7
4884 24967 8
3587 3627 2
11498 21828 1
4999 12303 7
688 5082 4
14511 24094 9
2201 2269 10
6846 10205 6
4531 5064 4
6568 14628 7
10109 19513 1
11951 19737 3
4887 22129 7
6312 21271 3
9196 9814 8
10864 21744 7
4714 19906 7
497 1600 2
17774 18177 9
474 1101 3
4560 6371 4
3974 4569 2
254 3882 7
16905 22962 6
10838 17479 10
2955 6185 8
16602 22316 8
9181 24237 4
9679 24934 3
1471 6037 4
20307 23731 4
22794 24611 3
445 7110 3
11837 17958 8
73 24214 4
4211 5954 5
12352 16121 1
6779 24793 1
4216 23949 5
12982 21914 2
14098 20044 6
7652 9075 1
10255 24328 3
1566 2272 2
1982 12148 5
1068 2531 4
6589 13673 4
466 15361 6
14748 21726 5
8472 15838 10
2240 19649 1
6107 22824 8
1719 3018 6
4973 11128 5
7323 7517 2
3207 6058 5
918 22538 8
22135 24289 7
6466 21439 3
19585 24101 6
16507 23828 3
7220 9558 9
2942 4127 8
6540 9735 3
4751 16086 3
18038 18550 3
6821 7472 3
13055 22370 1
12942 21716 5
1777 11481 3
4261 11366 3
7455 11059 6
2271 23791 9
4727 21250 8
13262 17459 2
11765 24736 8
12210 12951 9
2841 16096 9
6709 18343 5
4290 18446 2
5283 19559 8
16520 20119 4
2256 3263 2
13130 14584 5
2187 13405 6
1356 2123 8
2445 18154 9
11587 17570 2
8567 17656 5
472 18811 10
18048 24926 10
4041 8843 4
592 8065 9
13872 19571 6
6020 6490 10
8818 14601 3
4581 21048 3
3180 16851 3
5880 8233 6
1715 11926 10
2210 7667 1
8149 21544 5
155 18173 4
6661 14142 9
2761 13015 6
11127 19083 1
3593 20178 10
1132 1488 4
12094 24017 6
5640 18771 10
4161 20012 9
258 24317 8
10381 23939 6
4610 5408 7
889 6434 9
13822 24120 10
600 4121 6
2156 18899 3
5128 18854 4
5810 23005 10
6705 24002 2
4448 14103 4
5670 7741 1
1088 7321 8
16919 22632 10
5225 16899 7
4271 19588 9
7810 18107 7
5828 18298 6
3446 8881 3
2713 13367 3
1502 4478 8
3324 17078 6
2705 23429 5
17687 18853 4
636 17398 2
6778 21493 9
12359 20860 4
4404 6099 2
3561 10491 7
5672 24722 7
1093 5130 7
806 10787 10
4017 4175 9
788 16138 6
5234 13751 7
1038 5989 10
1462 13777 6
837 19304 3
8178 16322 6
732 6695 9
22391 24657 7
11342 19299 6
1287 1922 1
4370 14631 3
6003 21109 7
4285 11127 10
20254 24721 3
5140 6038 6
5780 23446 9
14674 17331 9
661 15845 9
5017 21853 8
1801 9028 3
4952 17736 3
17825 19771 7
3811 23291 10
3560 4600 7
6616 16025 6
11887 16669 9
7560 9995 8
4283 17282 2
10512 19403 4
719 1758 7
8165 23611 1
6608 8276 1
5191 23510 2
15182 16045 4
17707 20542 3
6897 22242 8
2447 5372 4
4217 22262 5
8753 8958 10
4291 5588 7
13556 17999 1
9972 24175 1
2046 23426 10
2793 14813 6
303 22350 1
15975 20701 3
466 23938 3
4171 17470 7
6389 8209 7
2463 7362 1
352 1599 5
15077 21029 3
6878 14266 9
2017 2374 6
753 2670 4
3793 8716 6
10108 19133 9
2802 4497 7
15313 20592 1
4277 13952 5
6266 23266 2
2657 15075 3
13546 20512 6
7108 9983 9
5845 21181 6
5816 19985 2
7713 20602 6
2095 4925 7
6472 16362 8
18352 18831 7
2875 5303 10
2407 23766 3
17238 21388 4
1445 6191 4
5794 10486 7
11688 11805 9
2253 4553 1
7243 14422 5
3250 18487 1
20594 23617 7
583 17367 3
131 10863 6
400 16806 4
5203 13976 10
6424 10010 8
4093 18035 10
2530 6254 5
12633 22614 3
1876 8959 8
5011 12511 4
22606 24953 7
10840 14031 4
588 5925 4
6497 24275 3
3011 21331 2
309 4246 10
5361 16256 3
1918 5764 10
3024 17562 4
1343 2667 4
1395 21200 8
10197 13599 9
278 3998 7
5140 21332 4
6126 23854 4
6093 9688 3
4853 7668 3
3981 15535 3
2772 6880 4
2724 19188 9
14955 16830 4
7208 7542 1
15200 20861 10
4882 20213 4
14563 18910 3
16595 19734 4
434 668 4
4013 16088 9
1357 24442 4
4295 5697 4
6875 19575 4
5016 7575 4
6902 16960 5
795 11589 8
3830 22789 9
957 7489 3
7350 7751 6
5739 21803 8
3495 20032 8
4947 21036 5
644 22114 1
87 1917 3
10615 20775 3
2774 13792 5
6706 17475 5
15049 16881 6
4329 17906 10
1288 21924 5
5448 20874 4
10698 19793 9
13281 24879 7
24348 24796 1
2967 13454 6
1459 2370 9
170 10715 10
113 6317 6
4456 10314 4
5231 16445 2
4273 19139 5
6913 16527 10
9395 20418 5
4064 14672 9
287 9468 6
4595 6042 9
3381 20418 6
14011 18799 2
8506 12290 4
1361 23232 3
1422 23954 4
5872 14979 3
346 5259 1
6483 16484 2
3887 20207 8
4189 15925 2
4654 16804 8
17797 19401 1
1806 2974 10
13219 22160 2
9782 21872 7
3586 15202 8
9434 24715 10
2601 15850 7
1820 10965 8
1648 12666 9
5398 21451 7
5633 18684 8
33 5596 8
1326 14972 8
2884 5491 4
5226 18024 3
5525 22359 2
4265 11696 6
12176 19938 8
18409 23436 8
9170 15976 8
49 3961 2
1281 5566 5
9224 17875 6
2590 5885 10
1447 14671 8
6559 14750 6
9206 23989 10
929 14417 8
17231 19500 6
5012 23184 4
12907 22386 6
10705 17825 1
21927 23533 5
290 8168 4
22370 22887 3
4247 24276 6
2907 18751 6
4541 5028 3
8824 11675 7
3607 7794 2
24262 24943 2
3581 7806 9
6229 12307 5
10150 16927 3
9428 19630 8
12439 19538 1
5079 15150 4
476 8210 2
6826 18790 1
11146 16108 3
7141 16461 5
1291 24209 3
499 22627 10
4604 7757 5
6238 11112 5
11052 13219 8
2741 16407 3
2979 5402 8
1844 8121 8
7308 23660 4
5548 24045 4
4276 23722 5
7166 14005 8
4300 24214 5
3948 21394 6
536 19167 9
39 18343 3
6800 18213 2
884 7085 3
3798 19454 1
15986 19970 8
1270 8561 9
8698 18361 3
2154 5524 2
11677 24968 5
18356 23752 10
20094 23197 3
9762 11230 10
215 14949 3
968 14737 6
1774 13965 3
10264 21624 2
7714 16177 4
5754 7592 7
3568 9594 1
11947 16545 6
4067 12198 2
3529 6690 1
2306 7265 10
5561 18079 10
15517 21645 2
22450 23419 7
1300 17871 5
9067 23403 4
2961 4566 6
8887 20854 2
955 22947 1
5223 16581 9
6568 9450 6
1843 19936 2
4239 12687 4
1736 4098 9
14673 24540 5
5369 24785 5
4361 4815 8
940 10696 2
1932 6321 8
9057 9890 10
6590 23523 3
14096 17148 8
2194 5094 8
4435 9580 5
4683 6353 10
5151 6323 4
1468 5584 8
1839 20093 10
248 18269 5
1411 4621 9
2652 5576 1
610 11760 6
5350 13222 1
4786 5916 3
9824 22105 3
3374 13564 6
7523 13086 2
3798 9420 2
18578 21165 7
2754 24574 9
4081 8339 7
10739 24947 6
15298 24738 9
9661 23304 5
5017 8642 4
656 13767 9
7820 10754 9
3074 8258 7
9071 12553 5
5210 9372 3
3285 9754 2
14846 22764 9
7191 10435 8
4245 5343 10
19336 24871 10
6905 8037 5
6279 13619 10
21715 22392 2
620 11872 2
3465 11760 7
6197 23227 10
11954 17082 6
11405 24058 5
21352 22313 7
13404 20922 10
10785 18429 9
4526 13028 5
3157 13090 2
2263 5474 10
2060 4127 6
5906 13441 8
3942 13801 2
4522 12948 9
20094 20450 7
3660 4256 3
4583 17780 1
8779 23652 3
10086 13777 4
10060 23964 9
2519 3292 6
3517 11171 5
8972 14893 8
20903 21997 6
2911 9315 2
15058 22477 9
4164 13054 5
6437 17167 8
17809 19422 6
6686 14864 3
6127 19483 8
18832 23001 3
7498 13184 1
7321 20249 9
12358 16307 10
1042 1369 9
312 5212 3
15957 18812 2
5403 11599 7
15415 15823 10
17660 21160 6
1221 5073 7
7029 8020 5
7039 12508 3
7107 17668 8
4517 18106 4
13088 24585 10
1016 15571 7
159 1557 9
2060 6367 9
334 5761 6
1682 18937 7
1968 12024 2
6750 19973 6
2739 8438 3
2809 19762 5
6577 12136 7
3516 11179 8
6199 6230 1
1771 19137 3
17548 22262 1
21568 22870 3
384 4600 5
2856 3381 1
6602 10503 4
11553 13386 4
4696 12952 3
11215 19601 9
10418 19677 3
1367 1767 3
10468 17452 3
73 17947 7
4449 23184 1
3922 7939 3
9770 11882 9
9701 19460 3
17703 23090 8
4411 4562 3
2617 15088 7
2580 18236 2
1129 2896 4
2451 12442 10
6375 16024 6
6938 10923 9
5332 11663 5
9302 11000 10
222 4548 3
3180 4752 3
9115 23524 5
13882 21448 1
16303 18781 7
5902 22956 9
1253 11073 2
248 6525 4
5373 9120 1
2446 24937 6
3163 7455 7
734 5309 9
1888 3926 4
14370 15267 10
908 13795 6
499 21377 3
6011 8615 6
12563 14825 3
1899 4483 4
6101 15827 9
17410 22002 9
5855 12291 2
4951 7238 4
4001 10606 7
990 1850 10
14337 15483 4
4413 15294 9
1642 5430 7
2663 5193 3
2767 10865 6
13771 22353 4
4102 16965 10
12298 17709 7
7165 19378 5
3286 24240 6
5231 14122 1
299 15780 4
12646 16454 5
266 7652 4
470 4890 2
1458 14815 6
4975 6512 1
3925 4770 8
5974 15877 5
6827 19972 4
1551 14122 5
2214 19647 9
5698 23050 9
18345 24068 10
7315 9356 8
6024 7922 2
21012 21659 8
4493 10516 3
14209 15631 3
4234 19609 7
1199 22249 5
1658 12419 9
2527 8127 9
9524 19835 1
4850 7880 6
222 2197 7
15754 20666 9
12712 20155 3
832 12513 8
4153 14662 2
14653 16384 4
7024 8357 3
18712 23259 3
2919 3801 2
9273 15688 4
3201 16701 2
19151 20474 1
5999 15261 8
1087 2592 3
6093 7275 3
2435 8960 5
5828 14971 1
12267 15140 2
606 1962 1
10498 23530 1
3517 23560 6
967 21677 3
1185 10974 1
3413 7147 3
4203 19095 7
873 3384 7
3656 8322 3
1637 18697 3
60 17765 8
1022 18264 6
2893 6947 6
1726 13204 3
764 19074 3
4128 7263 4
359 6840 9
3900 21701 10
5009 21912 5
15218 21043 8
16024 24603 9
7883 10269 7
19688 21886 10
16735 18644 2
17902 23347 7
11572 16555 2
10862 18864 5
14545 21756 7
11730 16282 9
6149 20621 9
9406 15715 10
4623 6534 5
667 12879 1
490 4501 8
10567 19247 2
7726 24430 7
5949 12622 4
11208 15621 8
9373 14723 1
6992 15032 10
7881 16731 7
256 10681 3
6111 7645 1
1343 8717 8
22669 22753 5
10282 20144 7
5937 7265 9
16439 20652 4
11968 12314 1
3501 18180 1
2773 12153 4
3129 11775 8
1005 2404 1
5069 20860 9
39 19507 6
732 1934 8
6081 12868 4
23051 23368 8
671 5607 10
3165 23068 3
21144 21654 6
11333 19122 3
2245 14159 9
3016 14675 3
4581 23812 5
81 8049 10
3357 24502 5
1734 19232 10
1302 6849 9
6105 9132 7
2202 10961 9
8166 19509 7
5365 19578 9
177 7744 8
8665 24445 1
1324 24909 3
3048 15278 6
7251 14551 3
6919 18016 3
1451 8988 2
6457 23537 2
3680 15355 6
3142 21857 2
9629 11168 5
320 1504 6
7353 11900 1
7271 19906 8
1229 6816 4
7624 24788 9
2441 9067 5
15539 16018 3
13592 23442 3
22679 24859 8
10497 18572 8
1184 1671 3
1254 12132 9
3106 6092 4
6463 22616 7
6157 14390 5
6820 12461 5
1153 16507 4
1360 5177 10
5585 6171 3
16232 22890 9
2820 21304 4
5446 6569 8
261 11738 1
286 9150 10
5213 11286 4
19637 21764 7
129 3899 8
8256 24548 2
13788 21612 9
2039 7296 8
8315 14791 6
1728 2725 7
2347 2875 2
4809 18099 1
2602 8372 1
554 21099 8
1902 22630 7
3525 6014 1
1768 4844 3
6141 15038 9
374 4629 7
111 3339 10
84 24167 8
1487 3737 4
14337 17200 5
3241 10613 6
4999 18246 7
1397 13756 1
4909 5291 8
3417 17823 3
5951 7282 1
1305 4116 10
17447 23277 9
1113 23753 9
142 2425 3
23990 23992 2
1231 16836 1
2890 5134 7
2212 13296 8
5089 17768 1
3000 21517 9
6051 6802 2
9228 13092 8
4770 19453 9
7685 11078 10
13812 20395 3
2035 9116 7
6417 15048 1
16470 21383 10
7127 14375 5
24233 24288 9
6 4508 5
148 14603 6
13757 19905 7
797 18371 5
4827 23116 2
8697 19705 3
3444 16393 7
356 21375 9
22462 22539 10
3023 9340 2
14878 20277 4
798 15029 7
1648 22357 8
15772 23793 9
5241 21482 8
9008 18357 4
5611 16876 9
747 21669 2
10902 15936 3
2623 7716 9
14342 22144 2
7370 12476 7
9703 10004 9
6727 18321 3
16027 19112 2
57 23184 3
7662 17024 7
4478 13944 5
2130 5006 7
4212 6966 9
2996 10069 5
7787 15378 7
10952 15847 1
4682 7469 1
1165 2204 7
5178 24180 1
9855 17656 4
2400 11106 9
22 5313 7
5583 21692 4
12291 21874 3
5848 8383 10
6443 7406 5
4552 5945 5
7493 23725 9
7580 18075 3
25 4800 3
13018 13657 8
5903 19878 2
1239 11800 8
9342 19589 3
3447 21004 9
18472 18948 9
6778 11764 1
4208 16019 2
4003 12961 1
3143 4698 4
996 9259 2
11078 19561 10
826 12007 7
6070 20631 4
5261 18227 4
3113 5462 5
1647 15185 7
14809 20826 3
7694 9973 1
10669 11487 5
2202 4331 5
1034 9382 3
5611 10131 8
8369 23880 4
8648 14606 7
59 21832 2
12704 16131 2
12923 16960 9
6903 17246 8
5151 14395 4
6045 13143 5
2227 18410 2
10912 17504 1
3943 12363 4
388 2072 2
14868 18588 7
994 5419 2
535 2764 2
12523 18721 6
60 7296 4
21721 22962 4
4144 22738 1
16158 17038 4
7840 18588 5
1929 2376 4
6585 12212 2
4892 6291 8
3576 9107 6
134 8404 1
2343 15190 1
1236 1871 4
4223 6752 6
1679 13366 6
9476 14277 3
2533 9427 9
2892 8817 10
5386 17531 7
1205 4061 2
7820 11034 1
14418 21693 3
12959 21223 8
1144 3711 1
2062 19013 2
1282 5171 8
19101 22974 1
560 15853 7
2266 23882 5
2355 14201 3
9050 10077 9
3650 14255 2
5449 18862 5
2660 24979 4
17356 22425 1
725 7232 4
11121 16753 6
3252 15153 9
1879 18607 8
19149 22902 6
905 21552 10
48 21445 8
5455 7787 5
8404 22281 3
863 2904 3
691 16006 10
14200 19382 6
14983 15242 7
3760 21505 9
2204 17398 8
1579 3962 1
1658 9171 10
6709 19284 9
3466 6149 5
3672 11427 5
574 16348 6
756 12191 2
2393 8634 8
12520 13420 7
5705 8358 8
20570 23654 3
3309 6362 7
7435 16863 7
9095 12074 8
1826 11927 5
4316 5294 4
5414 23827 2
1250 13889 8
3812 7003 5
4909 15004 10
8353 24382 9
4611 10009 9
7120 7492 3
2554 7153 1
1511 4355 4
19147 21977 10
2613 23586 9
6515 8279 7
2759 19641 4
14633 16817 7
1188 2220 7
5761 6351 8
1213 5764 7
6935 16019 6
2056 6781 7
7314 15993 9
4739 18235 9
6449 19678 8
24644 24745 6
8403 12772 8
6204 19738 1
4877 21786 8
5756 7308 3
1705 7297 9
15693 16737 4
4590 21802 5
1508 2556 5
5731 15836 6
1058 5022 2
2559 16084 2
495 13237 10
3483 21109 7
7178 22964 7
11544 22571 7
2655 21322 8
4924 13564 8
1689 5048 7
9780 11245 7
4657 6410 5
19448 19979 3
5519 10035 8
4937 5251 10
13585 20739 5
4336 5849 8
10847 14864 8
4187 18510 7
3505 10951 4
1327 7458 8
20879 22870 8
4174 12595 7
5310 21556 4
18076 20395 10
290 13211 8
6065 23396 5
1428 2799 3
4923 5049 3
2369 14298 1
1119 1904 2
6286 14711 6
22278 24289 8
13565 14085 1
912 11150 3
4259 19799 6
172 7902 10
1160 5506 10
576 3709 1
5455 15537 5
15681 20840 3
2209 7773 2
4598 17415 1
12475 15583 8
14817 23002 3
7132 12073 6
5401 24941 8
4950 5024 4
2752 6234 9
2474 16023 10
4158 10332 9
5637 15006 5
5398 13086 2
2612 11252 5
22941 23579 8
17545 18854 1
14658 24060 4
2448 20236 7
3589 9725 1
2909 9318 10
2081 11221 6
8358 23363 2
10547 16109 1
4372 4509 5
17731 22460 5
6353 24822 4
7622 10813 1
4977 14430 3
7634 18654 7
2323 2743 7
1480 10244 8
3962 16695 3
2893 22131 7
1359 22707 4
15172 22843 4
651 11395 4
23036 23918 1
4738 6879 9
1814 19610 8
3444 18522 3
3093 13656 10
11821 19601 1
3506 14869 7
4737 23405 1
4989 24068 9
5988 16950 9
4683 24512 10
724 2404 2
11757 16253 6
7597 11525 4
8703 13126 3
3250 16812 2
949 24057 3
1428 21908 5
5143 23882 6
9449 22152 10
427 22357 6
4017 15894 9
7677 10965 4
2602 5513 4
3206 13947 5
6603 6908 3
7653 14818 2
1779 10842 9
4292 5680 10
12541 18712 7
1334 16073 2
1908 3409 2
1793 9015 3
1430 2888 10
10064 24563 3
9155 16240 3
4222 11707 9
3789 11656 1
19665 21941 2
329 19783 9
19358 20332 6
5933 12915 4
3703 13819 9
3837 17909 3
11237 23733 9
3264 21750 8
18304 22614 4
1461 18384 5
2610 22717 10
3619 13508 10
6372 16637 10
17233 18231 8
5733 6486 9
389 3293 6
18368 23571 3
9819 11653 8
2569 13549 10
17527 22067 6
10076 15866 10
6159 20554 2
5682 9188 8
9192 9487 7
4096 18382 2
16267 20685 2
9241 19413 10
2599 11109 8
7325 19961 1
19099 21444 5
13066 21748 8
5715 6844 6
9191 24551 2
3410 14793 4
3248 3311 9
8195 22847 9
3236 9370 8
6653 23873 1
4531 7918 2
3680 15449 4
15115 22524 5
424 5592 3
2852 23643 1
2763 17516 7
1305 3026 2
17998 21727 3
4514 11613 6
1342 3609 1
2271 11992 5
1632 19852 2
5484 17905 4
4914 12471 7
15557 19373 4
17839 21184 4
6853 13360 6
10801 19247 6
3002 4817 7
5983 6392 5
2615 11908 9
7598 20693 6
16786 22791 5
653 2220 6
3114 7268 7
3703 8157 8
1177 5384 2
18750 23263 8
3708 10730 4
598 1011 4
3883 17811 6
5872 8123 6
11517 22607 1
9065 18275 5
4246 21478 4
2082 6741 7
7546 11796 1
1670 19874 2
992 20468 2
16856 19735 6
2502 4399 7
2965 18715 4
4682 5243 4
3876 15933 5
11569 17369 1
12212 19241 4
1712 8891 5
54 235 9
4578 24447 4
2157 5707 6
1427 21579 7
3520 4746 7
2629 11811 2
5009 24289 10
1458 6899 4
19715 24390 7
19584 23086 8
14417 19595 3
3804 18106 3
1465 17095 4
6366 9891 4
2517 3385 9
2811 5367 2
17722 17985 9
8878 23488 8
7135 24950 10
8974 17779 7
7835 18543 1
7406 13214 2
1433 5346 4
14794 17613 9
3143 13081 1
904 13020 3
3615 10852 10
4270 5112 7
2374 14215 6
21874 23382 2
2176 11293 7
2108 16467 4
2874 4624 9
3715 5376 8
19027 22707 8
20193 22495 7
5411 9382 9
2200 19756 9
12177 21730 8
7190 9971 1
6176 14430 2
2157 11554 6
143 6104 7
843 12475 3
18983 19364 10
12804 22971 5
2144 14231 8
2041 16249 6
15959 19597 4
3921 6451 8
8722 23115 7
256 16492 2
6140 19229 3
5008 20674 6
1015 19086 9
3715 13141 8
3611 3659 4
18335 19076 3
7602 17880 6
7826 8639 5
3659 4566 8
2496 14338 10
3597 13614 10
13354 18950 1
2521 12542 2
1434 24288 9
1155 18912 4
4108 9083 4
4298 17473 10
14808 21111 3
1228 8561 3
1220 7842 4
7307 19926 4
3525 24541 6
5992 12444 10
16876 19117 9
6116 8712 8
1592 9921 2
3680 23909 9
3198 7282 4
1016 23679 2
9138 20894 7
7502 12974 5
918 19191 1
166 1341 6
2773 18562 10
6413 19629 8
7923 19953 1
1967 11059 9
285 10984 4
4243 8679 6
3000 3687 8
4551 5143 8
20556 22900 3
10750 11200 1
8786 22603 3
1817 6293 3
5304 20919 8
1354 9790 1
1035 3187 5
5565 19173 9
9824 11810 10
5946 6309 3
3636 10711 9
6820 9439 5
14128 23695 2
1611 18802 5
17841 19604 4
9785 16861 1
4134 17616 1
1534 15835 6
16616 17186 9
7234 12762 2
17315 22286 5
7295 8387 8
1448 9861 10
3434 13952 4
8460 16223 10
6866 23292 2
74 15133 9
3769 21508 1
9649 22815 7
6402 6765 5
5561 7838 10
15583 22714 7
1964 4932 1
2968 7166 5
1523 7820 5
13410 15771 6
711 4714 5
2664 4379 10
2260 14367 6
4013 13167 1
18682 21554 2
3796 8854 8
1828 17620 5
6692 12286 7
5842 21219 4
1863 3858 2
4412 7456 6
3514 12414 4
6944 19815 8
3282 13430 7
2876 15579 8
1232 3979 9
732 20292 5
2158 24009 10
2949 22390 9
6309 23847 2
1264 16327 10
831 1517 7
3423 8011 9
1067 24921 4
3226 9499 9
10721 11828 1
283 8581 10
10679 17542 5
3339 8122 4
565 14140 6
10416 22637 3
10484 14363 4
16424 22032 6
6410 15539 5
18648 21518 7
6534 24540 4
20798 23520 7
14226 15196 4
3180 5994 7
7345 8989 5
6121 13499 4
810 2053 1
8667 16466 2
10435 14015 9
5353 19522 4
1609 22740 5
7229 10789 4
19042 22378 6
4694 24077 1
7099 16183 1
19290 21901 10
12299 18783 7
6929 6986 3
5863 20980 1
2656 18166 3
9698 10384 2
5992 14779 5
3619 11964 2
1072 3189 1
6370 20767 9
16991 24757 7
4147 9873 5
3474 4845 1
7203 9120 6
2634 22034 7
506 2804 6
690 21750 7
41 7468 3
1502 7497 10
364 4456 9
5084 13320 7
1072 3385 2
356 19281 1
4453 6299 10
4767 13418 9
6532 8712 10
5111 8548 3
21483 22396 2
2804 22172 3
953 24558 7
3166 19447 2
2559 7389 1
3670 4172 9
452 7232 8
504 7302 7
1432 10242 10
972 4502 1
16102 17632 8
73 5545 6
2509 22534 2
889 17715 6
6726 23942 8
731 7549 10
13217 23704 9
2157 21626 10
2295 3250 1
4137 6806 6
10926 17520 7
1321 6407 1
1079 6052 9
9899 20333 2
88 3104 7
7083 18223 10
2955 22775 6
1755 3715 4
4067 7497 7
2487 8929 3
6901 9624 2
7710 13255 2
4363 13874 8
4994 17434 3
3222 20710 9
3576 15732 2
7713 14636 2
6043 16601 8
23196 23935 2
1801 6374 7
1060 9222 10
5421 17058 2
13110 21889 10
15901 22909 5
1669 21374 9
4653 12936 6
9982 24106 7
4204 19273 9
2144 14989 4
5284 9478 5
10320 14848 10
2395 6523 6
8526 13254 4
6750 6936 2
1328 6140 1
14467 15420 1
503 2729 4
427 1623 7
16201 21519 3
12007 22074 6
5067 10583 2
2447 5609 2
9177 20286 5
14416 17227 3
4395 9765 7
10357 12558 8
15170 20376 2
14766 18377 9
3836 13242 6
7056 16500 1
3323 4521 5
3339 10357 5
6879 11956 6
403 13057 3
6020 7171 9
2151 6197 10
2660 8905 5
9803 21022 1
805 10886 7
427 1956 3
297 10179 6
5017 8241 9
17669 22597 2
1721 18274 4
15099 16439 8
2333 4015 4
2891 12183 4
8901 9001 9
8362 8525 7
12271 12978 2
18296 19885 6
2605 2977 2
15166 18694 5
12132 20887 5
7965 12443 6
1060 19241 4
825 2432 7
1553 3037 2
7982 16420 6
10534 24867 4
2660 14096 7
14114 23335 2
4063 9370 6
2296 10506 7
5658 7716 10
9249 23008 9
750 6518 8
6840 17920 5
993 23169 3
7350 13409 1
5012 5714 4
298 3874 3
14533 16508 9
19352 24222 7
5740 8121 2
20644 20761 6
17242 20269 4
1945 4246 2
924 19688 9
3082 23658 8
1283 8004 4
3145 7287 10
6025 24558 3
6855 9061 3
6470 9908 7
13665 20927 9
4892 22077 6
5514 19095 4
17126 21576 6
12580 15867 7
5094 20710 2
1468 18420 5
3430 20453 10
1106 4004 8
6931 11296 6
7395 9054 6
10612 23660 4
445 15106 5
5989 13690 3
6190 13215 6
406 2245 5
1092 4891 3
5659 14663 1
10279 19198 3
1628 21159 7
6388 20306 1
18398 19604 5
5251 8282 4
2335 6491 2
4036 4732 10
15374 20627 3
6608 14250 7
1217 2607 9
3856 17648 4
7324 9027 9
14796 18760 4
4517 23204 10
1406 15802 5
5489 15377 8
17615 23315 7
15003 16933 6
7755 17705 7
20722 21214 5
1158 9550 4
3318 3665 7
2831 22329 10
5698 11038 2
1547 16046 4
1534 1942 2
5833 8100 1
8080 8281 8
1576 21290 4
6127 20359 2
9065 17706 6
3443 12953 10
8463 17994 1
7640 11368 10
4125 18390 7
5899 7951 9
781 20116 2
14358 14590 7
7465 14383 3
7207 21676 5
2749 18954 4
10237 10758 4
982 19762 10
8967 18662 9
3724 14704 6
13253 16262 6
12512 21162 7
5576 20571 5
16647 19806 5
493 6546 10
12139 22306 8
8038 13201 6
1606 4584 6
963 5728 5
21074 21831 4
21363 22295 10
5033 17216 1
11295 20969 2
15288 18852 1
22030 23634 4
101 7085 8
11812 12112 7
5734 8266 9
19344 22407 8
3221 12579 2
4914 14122 4
583 13725 10
15426 23392 1
18912 22260 5
224 12685 3
3088 9646 8
6211 10333 8
9305 12251 5
2328 2766 7
85 10957 5
1550 2427 8
7372 18923 4
8659 23525 7
10726 14984 9
395 10040 10
16299 19065 2
156 10039 5
6903 10691 10
980 9123 4
1681 17740 1
4683 24987 3
10191 16834 9
22219 24957 6
294 10360 6
16718 21768 4
18963 20087 8
1447 4141 5
6293 7246 6
981 2111 4
3510 16721 8
5590 22084 7
1098 16321 4
682 1386 8
1691 7030 5
6629 18880 7
5205 17655 2
2265 3348 6
4435 6512 7
3049 9480 10
1341 2812 3
23638 23884 10
1459 13807 2
5107 10568 1
5659 6479 2
12803 22686 7
17106 24075 7
3635 24513 4
3763 5611 5
6482 6601 9
67 8713 2
11104 16768 9
2654 16131 5
1230 1761 3
2560 7550 8
333 15324 2
3728 24084 1
673 3651 10
6032 8890 5
2342 19121 8
19145 22644 2
15565 22587 7
835 14495 9
4872 6300 10
9937 12120 9
71 21034 10
1322 9457 10
3314 13928 5
17419 19574 7
7579 12113 8
330 9588 1
7444 13123 6
2929 21131 7
487 12991 1
6921 24443 5
1486 12237 1
7521 20950 10
1165 19590 4
4802 5988 3
943 15174 3
3757 17895 1
2183 22841 3
381 14869 9
3524 22783 5
5629 22334 7
4030 7961 5
7679 7684 5
19807 23382 6
6591 17426 2
11226 24537 4
14169 14984 4
47 19912 8
7224 16568 10
4853 4978 9
3475 18434 8
5554 6117 10
5180 14502 4
6457 12026 2
7985 21968 6
1218 4070 2
794 20264 6
1036 12150 9
106 20277 2
4629 4938 3
9118 19880 9
5128 17908 4
17319 21103 2
6868 7436 7
1651 8146 9
4586 11832 8
17411 17815 7
24761 24900 6
172 4329 4
1486 19885 3
7030 18366 10
4599 16058 7
21975 24579 1
896 20982 8
5317 16808 1
6668 7378 9
4245 10081 10
4105 22323 6
16172 21886 10
9540 14466 8
5659 6579 1
5275 13989 9
1435 3458 3
14584 14729 2
3550 3704 3
3266 13144 8
2322 14002 4
773 20332 7
3995 4383 3
7359 8879 3
1842 13453 9
13508 23424 2
4387 6438 3
4589 7710 9
3172 18499 2
6720 7604 3
1313 2372 7
13969 18505 7
3937 20774 9
2198 11015 5
815 24794 8
718 14396 1
13725 21726 7
2504 4385 7
2846 24913 4
4970 8922 9
10556 20867 10
4852 13367 1
3312 17473 8
1568 1637 9
5095 8459 6
6061 23421 5
24656 24916 5
13534 14013 1
1201 7444 10
1861 18102 7
2007 17792 10
1424 11166 8
1925 8654 8
1035 10296 2
8458 15269 9
5021 21700 1
18485 22497 7
3515 13962 6
9664 10418 4
489 13985 1
13850 24177 6
5537 12564 8
18844 20850 8
13051 14675 2
3461 23227 9
5565 20736 6
6512 24753 10
3159 14888 5
8011 20851 6
3938 11144 10
1059 22942 2
361 6552 10
12174 14944 1
4637 6246 5
16389 21583 2
1752 13335 1
5669 10806 8
3363 3554 2
3443 8489 4
151 23804 2
6190 11955 6
22731 24171 9
7366 7500 6
1116 8483 8
1034 14588 7
11827 22572 8
1961 2985 2
1596 19088 1
12857 13753 6
12741 24532 6
7185 20962 4
4146 5728 4
5742 13727 5
7551 10893 2
9275 20101 3
4677 11168 5
12700 16503 7
21422 22840 10
1297 7915 10
10451 22541 2
6366 23320 6
12990 22423 1
4437 5795 7
2151 10398 2
19242 20514 7
4249 6455 1
1398 6592 2
2797 5372 3
1345 4683 7
17759 20869 4
8533 20519 5
3741 17815 2
7765 16746 6
1608 2520 3
1339 24590 7
18175 21709 2
2681 14517 4
8830 16255 9
6237 7862 2
271 7166 8
2506 11058 1
9007 15267 5
3407 3908 3
15900 21176 10
13260 21940 5
786 22558 10
4282 10298 6
10487 16047 5
9555 16893 8
3247 5974 6
3561 5002 4
3616 4566 6
1478 16643 2
1869 7533 5
10221 23711 8
4691 23660 3
657 7062 10
3782 24442 9
2462 2475 5
17554 19259 10
800 4533 2
2140 4446 4
14829 22834 1
8487 15971 7
2634 5140 7
349 16012 8
4613 10447 9
675 2947 5
7673 16752 1
5189 17000 10
2268 24044 4
2978 7651 7
6686 19384 1
16128 19326 5
19592 21659 9
1428 5330 5
1043 3449 5
6689 22595 2
3785 5896 2
6008 13362 5
2506 24021 1
11416 17077 10
22953 23628 3
20842 21502 8
813 21933 8
6815 19705 5
9621 14953 3
8302 11299 7
3228 11150 9
7271 11278 4
4286 19452 1
6241 11777 4
14932 20955 5
3174 4768 2
8947 22536 10
2407 4763 7
7806 15235 3
9346 21929 7
7713 16912 3
7631 21534 9
12900 22438 3
10973 18721 3
19723 21215 3
10371 23409 8
234 11491 2
12140 15298 7
2861 19444 7
5940 11301 7
4691 21374 10
17644 22512 8
874 19638 1
17165 18333 7
6517 13868 9
13951 18389 10
1563 2031 1
5866 15982 4
7913 20365 9
852 12181 9
1644 15282 7
343 4411 8
6274 13593 7
3880 17013 5
8428 11279 2
5854 19497 7
6301 11261 4
4527 6577 1
2594 6934 10
6019 21449 4
6406 21760 5
5867 6593 3
11169 15950 4
2107 11328 1
6971 16353 7
8748 15349 2
589 18712 10
17971 22859 7
6064 15327 4
8063 8363 1
11852 22538 6
9580 19122 7
12820 24402 9
1926 3515 9
3123 5531 6
7384 8129 10
3722 4549 1
4135 14759 6
15376 15976 1
5695 22404 6
272 2693 3
10248 10844 6
1923 17908 8
20708 24233 1
18371 24366 9
5424 6762 5
3440 11210 1
1234 21148 2
1912 15649 3
4008 15655 1
1026 24968 7
13997 15736 2
7997 13043 8
7584 11835 7
12024 19016 4
17200 18702 8
5769 5856 6
10086 13655 8
12481 15798 9
3912 24027 1
4354 19679 4
11335 21013 3
2264 4220 5
2631 19692 1
19042 20386 8
2653 16335 6
7231 8877 10
4720 10960 3
1423 15396 8
1382 24349 7
2075 7219 9
1148 2781 3
673 4719 8
5058 17836 4
4792 5059 7
1821 5993 7
6284 24481 5
6793 24673 6
3928 14014 7
76 3659 8
6890 21404 9
6046 16988 5
738 10106 2
9935 15563 8
7882 21648 1
2908 17149 6
931 19573 1
2638 6310 6
5999 16982 7
15057 17769 1
4855 24500 5
305 7923 8
2673 3082 2
16263 24152 6
4041 13731 8
611 5004 2
3606 7438 1
6913 12562 9
224 757 4
4437 24426 10
17301 18512 3
1055 6215 7
18051 22727 5
1914 20394 7
4995 10535 7
3753 5137 3
17060 23413 3
5138 8164 2
3442 11041 1
5178 17707 9
7260 9650 2
1993 5864 6
15448 16479 6
5126 18804 2
5866 9176 1
784 20385 4
3958 4891 3
365 21024 2
2408 14255 5
24288 24903 8
14971 16518 3
1146 20102 9
1842 3269 9
7349 21855 3
14193 15791 10
12633 22637 8
2141 15073 8
5087 5980 6
1000 20913 2
3603 19013 2
3559 11069 6
1018 11775 6
293 7320 8
9106 18590 9
7161 17869 8
1580 5861 8
2627 6649 4
778 13979 7
4328 9406 9
12399 20484 9
8440 24827 5
2900 8656 6
2718 10866 3
9682 15145 3
229 11030 2
2519 9096 1
18864 21605 7
7719 23499 10
21578 24659 1
1087 3145 9
5568 24011 9
5012 17882 5
2149 6623 8
1780 13690 10
2281 15297 1
3248 9770 4
22322 24187 8
960 24928 3
20309 20678 3
4162 16652 2
570 7759 4
9855 14138 2
1438 1944 4
4758 7231 8
3084 20718 1
2992 14233 3
61 7890 6
2655 21069 7
4942 24039 5
1496 6251 4
4524 16065 7
16702 20983 3
1764 6719 2
4766 8855 5
5715 7032 6
31 2110 1
167 13683 5
13742 24250 1
2816 3491 6
6895 17246 5
15848 20078 2
4250 9489 3
1617 6613 6
102 241 8
1459 14757 10
5058 9003 10
5613 6018 4
490 12052 8
2445 3600 3
4431 6149 3
749 15125 2
4532 8718 9
9017 20098 6
4912 13078 5
7435 23450 5
9745 10874 5
14680 24347 1
4273 16136 5
3166 22889 6
5350 20380 2
7696 22365 4
1553 16192 9
6476 18887 2
3697 8629 1
11256 15005 9
15353 20904 4
12859 15862 8
9568 17910 7
10307 15018 7
5976 16718 8
756 18202 2
12487 22827 3
415 2029 8
9231 17397 4
3480 23183 2
11208 15269 4
4404 23861 7
3050 11340 6
5805 7478 2
2383 7289 5
12576 17558 8
5281 6179 8
5667 9672 9
17945 23468 10
2491 13134 7
5825 24737 8
13761 18695 10
784 20555 8
6031 16668 2
437 19002 8
18965 20265 6
2907 11385 6
11360 13565 1
394 7509 5
3791 11971 5
16607 22765 10
8149 12107 4
6250 18029 9
18365 19677 10
7765 9779 7
9912 12851 9
6382 8844 5
1139 8754 5
9753 11615 7
502 1811 3
820 23673 6
1625 11750 8
761 1190 1
2630 9892 4
753 17942 9
1199 3498 4
7439 22440 1
3924 10620 3
1036 13938 4
3664 24791 4
2484 11581 6
3002 18737 1
2121 17105 8
7614 9178 4
17788 19200 8
5697 12751 6
5255 8982 3
389 3654 9
6132 7062 7
7582 23694 4
10141 20570 10
3870 5067 4
2666 21679 5
4256 17397 1
6173 7364 8
3414 21670 5
5491 15966 1
1216 20092 5
5996 23430 5
8297 22272 7
13950 22939 2
5602 7280 2
5903 8517 9
183 20054 10
12292 13081 6
6431 7061 2
2168 18081 7
1627 3619 7
12886 22542 9
4755 13352 2
15750 21693 4
803 24634 7
15440 20780 4
2588 5740 3
158 3984 6
15309 23958 10
14755 15836 8
418 23088 6
5598 10068 10
2826 22612 2
3004 19559 5
11651 13855 3
1319 9440 5
1888 2993 8
1627 3552 10
12559 15532 4
1133 10849 6
6154 14752 5
15155 21135 8
3498 6831 9
20714 22757 3
6259 18486 8
3135 15739 2
6326 7795 5
15936 23506 3
5811 7222 3
6334 11969 7
2717 6646 3
3278 6150 7
5425 15115 3
13662 22873 4
8821 24522 8
5623 22828 10
1774 15335 3
3114 18892 9
6133 19892 5
857 3415 7
13843 16489 4
5115 6313 6
7079 21178 8
8399 11150 4
7172 7331 5
3757 6635 8
2891 17485 1
6825 14616 2
6059 19205 4
797 5806 2
19898 20912 10
884 23785 3
14657 15280 6
3725 20574 3
2831 16122 6
9178 17392 6
1043 16283 4
10160 24887 1
2547 18122 6
12807 14743 7
2616 12772 8
12039 20981 7
1870 8453 7
10980 14427 5
1795 5446 5
7945 17887 6
755 22851 7
8532 18387 1
12249 22031 10
2045 20300 1
6449 24308 5
5301 24305 7
12068 12813 8
11362 11529 5
13566 20889 7
4603 20284 1
715 4988 7
3562 9689 3
7227 12874 1
4696 11322 1
9267 24798 6
6788 21205 4
5361 14379 3
3760 18928 7
8577 21411 9
5242 13754 5
7583 22326 1
12652 22916 8
8821 11610 3
13762 20083 3
1417 21670 6
7677 19469 9
1450 13387 5
5295 23926 10
12104 18050 8
14779 22457 1
6634 24918 7
15562 18878 5
20924 21081 3
15144 19261 2
7174 10119 10
357 21912 7
5155 5289 2
359 19650 3
10102 21083 1
390 10311 3
2779 7525 1
5592 8352 7
9903 21975 1
11076 18420 8
62 1364 10
2200 3821 4
7552 15457 9
685 9920 3
7232 21173 3
2865 5828 8
5343 7432 1
4611 23929 5
9085 17759 6
2322 16026 8
7046 21974 1
4120 7541 2
16351 16415 8
441 2219 5
9709 10888 7
5610 7249 7
6433 9895 4
13038 16955 3
13841 17510 8
5071 20821 10
18102 22776 7
12707 23026 7
1127 17582 10
1242 17357 10
3858 21676 8
859 3823 6
900 4995 4
9740 12179 4
7050 22262 8
1327 5297 4
6415 23899 5
3324 3813 10
250 5605 2
802 7047 1
8456 17675 10
15377 23182 6
9135 14354 7
23937 24045 10
1088 9543 2
19681 22132 7
6947 24523 5
15402 21723 4
7408 13486 7
6494 8040 1
5454 22101 1
12499 18666 1
490 7001 1
9093 14902 7
3 21611 2
3061 7803 1
1518 24144 5
11158 16057 1
7360 20496 3
1548 3517 10
2356 4339 1
15934 24644 1
3734 6967 9
16324 20299 10
3012 8789 5
3757 3879 3
5664 8541 1
3508 4283 6
1092 2817 9
1578 7788 6
3280 11370 7
10968 24039 6
17311 22365 3
720 6063 2
12638 18168 3
7003 7110 9
20767 22329 5
475 2938 7
1051 4209 1
2280 16171 2
11895 14708 8
5597 19700 5
4770 18594 5
19010 21220 5
12093 21089 3
6243 23781 6
6429 7110 3
856 8279 1
1355 22763 6
13161 17455 1
11291 21809 5
5613 23586 1
3490 19305 3
1198 23662 5
1534 2680 1
13723 19446 10
2823 5553 9
5945 12641 9
10740 15036 4
14821 16736 5
2233 11166 9
8601 19797 4
3479 18661 4
11812 14680 1
3830 6135 4
6091 8138 2
1123 8737 6
10707 24812 7
5646 8605 5
6614 7048 10
14297 19612 2
13304 22677 2
1949 17057 5
3227 7668 8
4395 23168 10
475 11818 6
3566 21755 7
2563 4887 3
112 7047 7
211 12148 4
2548 22714 2
9453 16801 5
5257 13503 2
4868 15564 4
2246 2988 7
17136 19991 5
21116 22454 7
2007 23984 6
14012 16150 3
7171 19592 1
3423 11153 5
7482 11743 5
6869 23169 4
2911 10957 6
8780 14795 10
5806 10909 3
5896 6872 2
4858 10710 8
5328 12355 7
1143 21056 2
1134 14259 6
13242 18749 4
11772 12174 6
5923 15713 10
4781 12856 4
2985 4845 1
5030 13321 6
6259 12872 3
6377 20785 3
21626 24636 8
12832 19459 8
13022 24938 10
6762 17556 10
10285 24725 4
17444 19307 5
14450 23714 10
15181 17662 10
1775 8161 4
8234 24489 10
3986 7113 2
16990 24164 3
5139 6434 8
10230 20151 5
20432 21540 3
12028 24289 4
11966 18622 1
9941 15627 8
7837 15509 2
2065 21858 8
15690 16663 3
7192 9412 7
13222 19733 2
5128 6065 7
1231 11159 2
2160 11729 9
1921 18055 4
2681 20495 5
7963 20989 8
14589 16332 1
291 6028 4
6521 8280 7
4816 14055 6
2344 6166 1
889 1273 10
14163 19652 8
3743 6438 3
20503 23776 6
17469 21430 5
1207 14391 6
16048 21594 6
1290 2932 6
179 353 9
5559 15390 8
155 222 6
4929 6103 5
4900 5411 9
5496 19745 1
1150 5715 2
7575 18617 2
3834 22865 8
6627 17091 5
19071 21089 5
4352 21591 4
14917 16540 4
3126 3806 9
2601 13670 1
2293 21960 2
3203 3926 8
1343 10032 9
5280 10851 7
3330 4126 5
2813 21494 4
3767 15016 5
2679 24028 9
4505 23415 4
2203 14394 5
3547 7717 1
15893 18191 3
1960 3584 5
7409 20532 1
15653 19503 6
3945 19764 2
3693 11152 7
644 8862 7
2122 3171 9
1638 7386 5
8864 9727 6
342 15978 10
13719 18406 2
16286 19899 5
7305 21512 10
6044 17072 1
2925 3428 8
6160 15821 8
1779 3000 3
13864 16314 2
2550 19251 4
8575 11648 4
3370 11937 6
18488 23999 8
2365 8375 7
4154 14502 4
4689 15749 10
7021 24785 9
12761 13034 7
22771 23081 2
15437 16413 7
8501 11587 7
8411 15303 2
1314 21840 9
735 23771 10
12576 20122 4
4286 18959 10
11077 24010 6
11061 15602 9
275 5152 3
3586 23022 2
11951 23824 7
169 3019 3
8770 15414 9
6385 23109 6
206 9783 6
11509 16756 10
1290 4755 5
12725 12840 3
3156 5603 1
14579 20141 7
11574 19353 2
6057 23383 4
2785 3773 2
1597 16560 9
9921 20929 6
2680 4932 5
3700 12834 6
1479 22856 10
3772 21396 3
154 12979 7
756 24579 2
13633 18827 7
1607 10798 2
2911 20821 7
10902 11944 9
4498 23156 3
1834 2544 2
748 15291 3
2195 17253 9
1218 7523 3
11489 12930 9
2244 15149 8
1853 7764 1
18554 20621 9
2117 19770 6
2870 4312 9
4776 20661 10
4281 18678 10
5033 20472 2
4366 16243 8
454 19475 7
5824 6310 6
3646 21200 8
5867 24391 2
2039 20735 3
13415 16947 1
11996 13821 9
14425 23984 6
6242 6486 5
3970 9413 7
9655 14889 2
7010 7228 7
20618 24294 6
17255 23878 10
2322 7024 8
6762 8892 1
4771 6261 10
3812 10191 9
18713 22580 1
10879 12212 4
7790 14628 9
6535 22831 3
1513 1582 10
889 13701 8
9956 22528 4
5734 9930 9
8155 13058 1
1531 23472 9
192 4145 9
3218 7332 10
13282 17027 4
5438 9839 4
955 23612 4
9175 13975 4
6135 12977 2
6118 21296 7
5873 6749 6
7048 7195 10
5995 6563 1
1395 8134 1
1922 6224 2
8264 19379 5
932 13491 4
9248 9446 6
2218 5066 7
3186 5827 5
1704 14344 7
16364 24669 10
7297 21775 5
2114 2984 5
6454 9100 5
11875 15457 5
6030 6541 2
19065 24130 3
594 9047 2
9423 11328 10
9831 19435 5
5533 12064 10
912 3441 7
3844 6236 7
22590 23235 4
3822 24622 4
13929 17984 7
14110 23700 6
22520 23260 4
247 8944 2
3598 12711 7
7233 24675 4
446 20751 5
8590 11593 5
9986 13358 2
10298 23221 10
8253 18402 5
16370 24500 8
11197 16896 5
12868 24896 1
5592 15284 7
4573 5200 4
4585 14631 8
3427 3601 3
6861 11112 1
4015 19387 5
1353 20025 6
3260 14568 1
7806 17558 2
1235 4568 1
666 6980 1
3737 6371 2
2332 3237 9
12497 18343 1
547 11218 7
4897 14081 3
7747 19330 6
3877 24932 10
509 7297 5
15193 24631 6
462 15320 8
4055 6851 10
2679 7374 2
1524 1593 6
595 3097 6
9443 13347 8
14778 24467 4
6805 8420 4
4268 18569 3
10552 13789 4
4461 7021 6
3343 4440 1
2880 23648 5
6462 23685 5
8839 11048 9
4690 5021 9
5128 9872 5
4039 14244 1
11474 15307 2
7485 22852 5
9574 14007 6
4475 6354 7
8040 20393 5
17822 21913 3
2477 14174 10
208 19648 8
10927 12313 5
2116 12296 1
3484 6881 8
11855 24486 4
1342 23471 1
54 21254 1
3950 7400 6
2214 22025 5
697 24831 1
14347 23286 5
8047 8596 2
2418 16783 5
4332 18573 3
1524 2955 6
9267 16658 7
4503 7899 8
7403 20843 3
1710 10060 8
4481 8550 7
6086 18939 5
696 7745 8
231 18300 4
6025 24345 8
11294 20968 8
1608 3044 10
5059 12853 9
4822 7064 10
1020 6191 10
12581 18915 10
9420 21192 6
4976 9046 10
1450 6348 5
3036 12637 2
19314 22617 7
7228 19308 7
10988 12277 1
710 21151 7
9318 19621 2
833 17540 1
464 1660 3
1094 18391 9
17728 23855 5
3001 17609 10
11028 18051 3
3784 20816 10
3641 22544 8
4267 22677 2
10951 19901 7
8919 19065 7
420 21230 9
1406 21797 3
6 2889 4
2244 4575 1
6015 20296 9
3669 4739 9
3889 24801 6
6785 19891 6
2389 18435 5
1841 16054 6
13619 23419 1
14254 20342 5
2206 15434 6
12910 17005 6
9899 19285 10
7827 14702 10
2118 16651 6
3450 5318 1
2368 6964 6
4235 16905 5
7470 9755 5
1272 2184 8
5577 6681 6
1693 9624 6
4809 20733 9
6200 11833 9
5368 6481 10
4278 15832 8
3740 23189 1
7517 18510 1
7184 11372 1
6346 12216 7
2707 22254 4
18272 23466 8
3037 8967 7
12949 22816 4
6572 23751 4
1047 10263 6
656 2255 9
14871 23473 5
13563 21928 3
7307 17637 4
17749 18782 3
5945 13885 7
4173 22146 3
1844 19366 8
19479 24977 4
11192 22648 9
17174 18359 3
5741 18606 7
7024 15959 4
4069 18953 3
5227 14901 4
20781 24221 10
949 17222 5
5687 13530 10
295 13706 4
106 7502 10
7598 10792 5
1947 13132 9
8614 18054 10
2365 9436 1
18179 20422 4
427 13984 7
7747 17099 7
2076 6977 1
1574 21554 10
8067 20597 1
4388 15756 4
2163 9910 6
2486 12544 10
4782 18002 10
724 15445 1
6717 7604 5
3510 4862 8
7234 9162 4
1954 3576 1
5321 20185 3
2679 8903 4
5742 23232 7
23332 23412 4
16954 19864 3
3477 10011 9
1044 19555 3
2563 11348 10
14351 17867 8
2034 15042 2
1075 18564 5
17274 22011 2
11886 24096 5
9031 9687 9
4617 15413 4
1535 7741 5
7599 19314 1
2913 6458 1
3946 5888 7
5124 14310 6
13154 17594 2
1076 6887 3
19076 23625 8
6405 8392 2
5857 6864 9
6373 6841 5
6512 14873 8
1882 4143 7
3212 21518 9
4709 5827 10
3075 6988 7
6433 17705 10
3830 7296 6
2163 7199 6
14118 21981 4
3727 11035 3
1264 15877 6
3278 7140 3
3976 15634 9
4963 22627 10
8922 14950 9
2557 16698 9
5269 19715 9
50 5354 8
16250 23739 6
1802 14736 7
14863 23347 9
1761 6934 1
1654 5932 1
288 13722 10
2888 4513 9
1934 22223 2
4429 12018 7
5420 17459 9
11998 21860 5
568 4419 10
5487 7745 10
6797 6987 8
11 13170 8
3433 8707 5
10239 21427 4
2674 14781 6
11915 23484 10
717 9826 6
4641 24161 6
159 7890 10
871 12384 2
5467 16462 10
509 16487 6
147 1880 9
11266 13324 6
10156 22330 9
21025 22890 6
4676 21768 4
15829 16783 4
11466 12740 7
1866 2546 8
5079 17466 5
7210 11064 6
5708 23148 10
658 18412 10
7568 10087 5
2042 3044 9
5144 20981 7
6601 11053 7
4675 14414 2
314 4910 8
2037 6148 1
550 4910 3
4131 23064 10
6843 19162 4
15431 16769 1
137 2369 4
3213 21181 10
5627 18449 9
16491 23332 7
11356 21941 8
13841 19358 8
1187 6630 5
10277 17081 9
16628 19387 8
9745 14354 2
2977 16969 10
5129 16470 4
6739 9210 9
2561 8647 6
3865 14193 4
873 1649 5
5549 14204 1
7805 10463 1
816 6864 1
10273 21252 8
7452 17111 10
11524 11982 6
6796 10102 10
1532 9297 3
1543 15049 7
456 7027 10
14840 24919 3
2308 17308 4
6920 17207 3
5703 7424 8
20169 24086 5
10783 17024 9
6968 20610 6
19985 21391 4
1436 3434 4
18248 24956 9
4381 24635 10
14478 20108 5
11057 14369 2
19320 23594 7
6088 15693 9
15501 17750 9
4726 18626 6
13471 15064 9
1625 23739 3
12715 23165 8
196 14928 6
3865 20087 9
733 6507 8
7096 10129 1
7467 20214 8
2308 7307 9
629 17357 9
13 1205 2
6086 7327 4
2866 7568 3
3304 13439 9
12787 13777 5
298 5084 3
2839 5039 7
6430 17793 5
16433 21820 3
4110 4790 10
474 16230 7
7318 20612 6
3199 24451 5
677 6376 5
678 24607 8
15629 19926 9
3713 21338 1
1666 7697 1
4597 18168 1
3542 24058 7
8674 11111 10
5527 19055 3
18654 22698 8
10932 13501 10
1819 2421 4
10986 18727 4
10718 14131 2
10320 11886 2
15093 17070 7
7074 12870 7
2781 9399 6
7405 10502 8
5932 18115 2
1182 3361 1
3297 3885 8
13064 17634 6
7612 9129 8
7498 13998 6
13238 20639 7
6203 16329 3
750 23790 10
18970 21810 7
1129 6115 9
3204 9894 1
5237 9753 9
1685 3619 7
14541 22806 2
2521 24006 1
19899 21758 6
5877 13061 3
12666 20628 1
6244 15714 1
4317 7755 5
3790 6727 9
6980 16198 8
6301 22615 4
18015 22891 6
11146 20918 5
3484 22662 9
11542 24371 4
1888 19301 2
20832 22300 9
9237 21691 2
17726 21488 8
1800 10436 3
810 19424 1
3850 5403 9
2053 5752 10
6705 8368 4
3142 8385 4
4741 20127 2
1430 9510 10
21100 22490 7
9799 10729 10
7341 21152 4
4874 5315 9
17364 22462 8
17772 19056 3
18125 20088 4
19238 20949 7
3965 21598 6
15881 20783 6
681 2301 9
591 6081 6
1091 20030 5
5800 18602 3
930 4888 5
2994 3388 5
19090 23340 6
345 1084 3
7206 8015 8
1363 15284 1
6699 21308 9
1742 15456 10
6112 11554 5
21399 23997 3
8656 12102 8
5601 11711 3
3924 7111 3
17006 20717 2
3323 12393 2
4775 10936 5
7740 14881 5
1434 15452 2
1917 6868 8
3401 17276 4
6186 12114 2
2911 16517 8
19789 22551 2
2699 10353 4
5335 12578 4
13494 17477 7
1864 7619 10
765 23129 4
2748 8112 1
5044 24661 1
5810 22205 4
7076 8679 4
10740 12914 7
4253 5385 7
2163 22469 8
4505 14691 4
670 4830 2
5223 16477 5
1990 16081 8
13197 14805 3
7284 21960 2
4773 24037 8
12733 14844 4
14672 22531 3
11613 21182 2
6031 13997 1
5 20741 4
6859 22493 3
13344 18242 6
2292 17161 10
17555 20668 9
3898 24418 9
1701 7508 8
20006 21084 9
2207 18982 5
321 3417 6
18030 18687 9
1992 3404 9
7030 17301 2
2734 8197 7
901 16373 4
7430 24455 9
2693 19019 5
41 11221 5
980 13435 1
135 771 3
4238 15353 2
2710 13113 2
3785 10209 5
2012 21931 3
5911 6797 10
14529 16371 9
4330 11876 7
665 14233 5
5210 18857 2
5093 11904 6
3309 16319 9
2095 19193 9
308 2295 4
4897 12703 1
5656 17393 1
574 3164 2
3152 12203 6
6099 15731 3
1373 21198 3
13529 24453 2
3298 5242 2
2778 19048 8
5941 16027 8
17371 20083 8
3032 12371 8
3010 21363 6
1006 18963 9
2006 2174 10
4371 13889 2
8010 23958 6
5152 22730 5
2972 20326 3
24499 24639 3
7130 21002 6
6104 12972 7
8373 16052 7
2442 19719 9
466 13190 3
6930 17996 5
2545 6425 5
3696 21287 7
11931 20337 5
2756 13097 8
2115 10827 7
8261 8304 10
9875 14756 2
6441 18852 4
18985 20810 4
2267 4199 2
2824 23033 7
5362 9048 2
79 2707 10
2606 9028 10
6662 13785 5
7269 17966 5
9935 22769 4
591 14622 1
4543 20390 4
2810 7032 4
10909 14290 2
3317 7156 3
1911 12194 6
18 13047 3
3672 16751 7
272 23746 10
9012 12957 2
9699 23113 7
15406 24821 2
5105 9403 6
4424 5872 8
5657 22046 2
5788 18815 4
1398 7588 10
2171 6070 3
13819 24502 1
690 24005 5
4593 17769 1
19878 22697 5
3161 3194 3
2123 23734 3
24588 24938 2
16335 23351 6
16412 17490 3
1165 16351 9
11547 13380 9
7395 18284 2
5020 6128 8
1671 17141 3
433 13678 10
1013 24638 4
2267 19658 7
7705 16338 2
3863 22827 2
10796 13831 1
3896 10907 7
3094 10972 7
10555 16100 5
10971 17398 3
1979 5047 1
5178 14816 9
18884 20089 4
6639 15085 10
2234 5965 7
2027 3219 8
7661 10993 3
14838 18790 9
12713 15389 4
588 7768 7
3120 18905 10
1507 3932 7
3180 3625 10
18711 24708 5
4996 10347 10
11929 23628 10
6228 19828 6
6242 6748 3
2777 15168 6
5251 14072 6
3698 5404 4
1876 20365 7
1062 24762 5
3593 12318 10
6173 10996 1
1094 16365 1
6572 7672 10
4820 14153 8
5060 6565 2
7655 11082 6
7730 14582 5
7303 11244 9
270 14102 3
13041 13673 2
9857 23836 7
6824 21045 8
535 15998 8
3541 5139 10
1349 3052 8
5700 14393 2
790 13543 6
7659 14640 5
3426 9145 6
726 23833 7
18487 22947 6
5071 16012 1
548 20855 5
4295 12135 7
6775 20561 7
3667 15156 8
1271 5627 8
2372 3758 6
3810 11133 7
4354 4436 8
4832 23162 5
15417 23703 1
3171 24187 4
5181 8040 8
249 15208 8
6478 12985 8
6645 13477 3
4963 22161 8
1906 13258 1
6431 20776 6
4101 22631 7
6234 14237 1
3271 6908 8
721 7584 9
5409 19947 5
17433 24059 9
5746 15348 10
126 19357 7
2764 13145 9
6279 7958 1
2905 3719 3
5404 16674 4
871 12228 8
818 966 8
7433 8907 8
3031 12953 4
819 19217 7
316 17490 4
1787 20118 5
4959 8848 3
13654 14465 8
20238 21127 3
9768 11869 4
3471 17633 6
516 17448 2
2801 21177 4
1377 2416 1
3346 6862 4
14507 14908 5
2131 22515 3
5096 18205 5
10726 10742 6
561 14649 8
4173 5983 5
8591 18032 8
7174 14458 6
2671 19403 1
5308 11524 5
1316 22350 2
1958 12410 3
3999 4720 7
4986 6768 1
512 6902 3
13286 18648 4
6414 23537 8
688 24873 10
249 21912 9
2842 5243 7
1299 17147 8
3989 14239 5
14793 20598 6
3870 4673 6
919 13615 1
7585 24083 5
1151 11065 1
6666 19508 8
8729 16563 4
9378 19033 9
1932 8622 7
878 8555 5
10525 17321 8
14628 19728 9
3499 3616 9
14720 17220 1
380 21360 1
307 1453 1
4562 11728 5
10410 17386 2
16982 24641 4
4629 5865 9
12642 16629 6
4338 5928 9
7838 16107 5
2726 15204 3
2046 12809 9
16145 19868 8
2039 8487 8
6234 11182 5
7004 10015 3
9345 22434 9
344 10734 10
2998 22483 2
700 14063 9
1270 6604 10
16848 20773 10
6597 8607 2
8892 13608 7
3073 22984 6
1217 6957 4
4335 13503 9
6876 24082 4
8506 13648 2
10373 23684 7
1346 9532 10
3563 16722 4
5540 23873 4
9065 18955 6
6655 10651 9
7811 9080 4
14808 16492 6
16324 17375 1
154 23611 7
1414 11487 9
1436 9215 9
5974 11023 6
17202 23514 10
1268 18198 6
8870 14750 5
4455 11346 1
5199 23628 3
2987 24455 5
18825 20779 9
2552 4722 8
1757 7536 1
1477 8792 5
15056 16610 9
9634 23705 4
12066 18586 9
4547 7925 6
461 22741 1
437 924 1
7529 9316 3
4263 19870 5
4062 16206 6
701 5746 6
7562 23380 2
934 1789 7
4733 20131 8
2331 20407 9
20430 21029 6
1184 5563 5
4436 6859 9
22093 23434 8
10054 10518 4
2225 3466 4
3502 13443 10
14024 17322 2
3175 16459 6
16758 24458 5
9838 12709 8
9680 24687 7
4091 24911 10
964 10136 5
1574 14936 4
10786 14283 1
334 22322 3
1075 9995 1
1644 22786 10
11205 16204 3
15509 18913 6
6098 18857 9
3526 14483 2
10937 22803 3
4031 18086 5
2525 4520 1
2266 19659 9
3813 23828 3
11907 17631 5
2811 19283 9
2089 7901 4
8318 18255 8
1682 7698 8
5406 5451 7
3086 16800 6
7209 16345 7
6229 15183 10
2982 7476 5
1414 19342 3
15144 19545 7
4399 11907 5
6873 18271 2
12611 13159 8
2448 5969 4
1973 7283 7
520 21828 8
8767 9938 5
550 10543 7
981 3524 9
9895 19806 3
1539 11554 10
4454 5855 1
3593 9199 7
16078 17842 6
2707 13891 5
1013 16877 10
6640 20809 4
9847 16266 6
517 19408 6
499 8364 1
1505 20027 4
115 11554 8
7555 15185 6
13670 17367 8
450 8952 9
10486 18807 3
1054 4380 4
11152 23909 7
4804 8009 10
849 21471 8
1343 8607 9
6946 10303 10
633 23293 9
11884 18318 10
157 24059 4
324 11810 7
5418 10352 6
1606 14001 3
14565 20250 1
616 10585 10
19841 24433 1
4522 5321 6
3250 8126 10
4321 6265 7
385 8227 6
2110 7903 4
2395 5110 9
494 13419 9
7559 10105 1
1397 24729 7
8104 12454 4
4120 15904 2
12435 23687 3
331 19998 4
2481 15468 5
6705 20162 8
1839 19058 3
929 15647 1
8205 9437 7
4892 8890 8
1864 17080 5
108 14043 10
2001 12269 7
1025 6290 5
3629 15318 10
1103 10920 4
6600 7936 9
4727 4735 4
6524 13700 4
1067 14220 6
2848 15799 7
5393 13387 5
21533 24197 9
671 16184 2
12811 19836 7
3403 13762 7
7227 21838 7
16670 22820 2
12324 14893 4
1259 3182 8
13512 18945 10
4232 5486 7
347 18252 8
6889 19979 2
1761 16780 8
6099 20302 3
2211 3957 2
3954 7836 10
18248 21013 4
4039 4330 6
3499 12809 2
6801 9183 6
10824 19178 1
18807 22856 2
4616 20636 8
4636 21689 4
6204 7569 6
3858 5220 8
3192 22598 7
5854 6020 1
11466 12705 5
14764 15566 10
9353 10912 7
4030 22406 2
2350 24625 5
10636 22764 4
6289 6937 9
11770 24647 7
5404 7498 4
2610 4374 8
1185 15063 8
7043 12591 6
2640 7686 3
1022 15715 2
3745 14190 9
5876 15183 9
4125 22536 5
4866 11187 9
1496 19404 2
5689 15910 2
3214 19323 4
3654 19522 2
14851 14960 6
14177 21816 10
17206 23856 1
5538 20637 5
3192 7584 1
4178 10680 2
1263 12266 9
3216 3304 6
14889 18411 1
3226 17375 1
3674 22594 6
10672 21227 5
1871 3045 8
3448 3625 9
10318 17902 7
14558 14803 1
4626 24991 5
15890 19201 8
6703 14277 8
14330 20012 1
3666 20554 6
14983 23895 7
4346 9220 3
3827 8274 5
233 9014 8
3787 9611 2
12094 22291 4
6809 23093 8
1616 24755 6
7070 24775 6
3105 7227 1
2922 6028 10
3898 11651 2
1998 24827 8
14745 23481 3
5714 22205 4
9333 16180 8
1794 3150 3
3448 24767 7
5675 8896 7
5728 6307 8
6939 19697 10
5323 10878 3
12016 19743 10
15460 22037 5
17636 21255 4
16660 21812 4
23046 24946 6
5735 16076 3
5990 19782 1
534 4653 1
4005 6711 8
12751 17032 3
3385 18465 7
1299 23581 8
6629 24087 3
1772 21628 6
1569 6267 6
2453 2502 7
3385 22481 10
18440 24083 4
4190 13114 7
7120 7237 1
5014 16467 3
12171 16706 7
5050 7279 6
9854 19849 2
1791 2016 3
6153 8167 4
9107 24803 7
3202 3967 7
4822 16388 2
674 7542 7
4809 5920 3
15726 22805 2
9761 13063 6
2462 17234 9
207 24108 2
14105 14202 4
23387 24770 1
3490 14800 10
2170 10331 4
7958 22093 10
2046 4357 1
6578 12420 8
255 505 5
3310 6927 1
8902 17583 2
1438 6698 9
5041 22421 7
3434 20280 8
699 15617 7
6264 7685 7
4362 19222 7
6755 7298 1
5277 7968 9
3150 4409 10
17571 23004 1
16759 21279 2
57 1303 10
1391 3078 1
10912 19631 7
1774 4519 5
11912 19803 1
10558 22697 7
15505 18426 4
6194 14888 2
109 4041 9
5214 22635 1
6210 24318 2
6289 16884 10
2675 7726 10
1790 4854 6
15943 19743 5
20295 23068 10
9720 19194 7
6571 11546 4
2006 12800 3
655 16517 8
5969 15632 9
10712 12279 10
8539 14439 5
2484 6786 5
935 1595 9
737 22992 9
3006 19208 4
1876 7393 9
19207 23646 7
3761 24092 8
1272 5894 9
12914 21659 6
11076 22630 6
3782 7938 1
3812 15645 5
8022 14503 8
17948 22330 10
13868 17105 9
2307 11972 1
13079 24007 5
3655 17817 4
1124 10121 4
6229 6550 8
2965 3817 10
11221 11887 3
13070 15421 8
4420 24467 6
1218 6035 3
4439 14163 7
123 7286 1
20293 22658 5
1844 19556 8
6664 8360 9
4386 5533 7
1467 20528 2
4370 11803 8
4053 5111 1
3796 6867 9
4718 24139 1
712 13474 1
3073 23691 4
4710 18722 5
1404 3823 1
1522 11235 1
1190 24997 4
13837 18716 9
1853 22639 10
2306 3669 1
6560 7907 3
6971 9480 6
4448 5127 5
6072 11967 4
5380 24683 3
1331 6327 9
1123 24416 6
6284 19201 9
4212 15431 4
2896 12734 1
5729 23533 9
11433 17822 9
3402 10792 1
2239 6788 9
1509 10172 8
3841 4749 7
1262 7202 10
3795 12796 8
4015 6791 1
4434 4505 4
20 10926 6
3605 9593 3
970 1359 7
10766 13794 5
1145 1969 8
830 15624 2
17850 24798 9
688 14150 4
7238 21983 5
1330 3998 8
19135 22881 8
645 6607 6
11071 15228 10
16058 21126 1
1363 6551 2
4197 13344 4
893 12052 5
7669 12379 3
636 12405 2
1617 5586 9
6192 11722 5
20019 20024 8
15662 16998 4
11251 23384 2
753 17576 2
10230 23381 2
4668 15344 4
3620 15666 3
6232 6940 8
9041 21821 4
1372 12401 2
5147 19034 1
4400 5957 5
2270 21538 8
23333 23947 2
15460 19479 7
10432 22982 8
5331 21701 1
16236 18072 3
2749 10187 8
3273 3863 3
3798 9167 6
7379 8547 3
9077 14991 9
1788 21072 6
8397 12993 3
6872 6976 5
4146 16613 5
4213 24003 3
599 15962 5
1623 5956 9
842 4510 5
1207 6297 3
13976 15461 2
5942 7588 7
1074 2453 2
1320 21243 6
5775 8977 7
7603 8582 3
3742 12395 6
3136 7241 10
5655 7887 6
22847 23864 5
3580 15344 4
5956 21225 2
15206 19406 3
7703 17644 6
7484 21730 3
2401 15687 1
8870 23824 4
10687 14697 6
3843 24127 1
4753 16186 10
3409 11318 7
1324 3553 4
8902 9569 7
7604 23085 2
5488 22515 6
9943 17820 8
4440 13294 10
8784 21867 7
6587 14472 1
3754 21385 8
7788 17041 7
14692 17752 9
2388 14847 3
238 12538 4
13674 16730 10
11457 22594 10
4277 21951 6
360 18911 2
3705 6887 7
683 22934 5
4357 19032 8
1833 3900 2
2257 7894 2
726 11618 4
20436 23013 6
11472 16997 8
17337 21039 3
1590 4348 7
1273 5951 2
1724 6855 4
1137 3525 6
8659 23051 4
23956 24948 8
6722 17797 5
3255 5822 5
556 18068 10
8743 14633 3
1582 5450 9
10615 13388 6
1259 22144 10
5899 7229 10
1723 16350 9
7894 14826 6
6924 14377 8
3253 8256 6
6352 12476 9
3859 12447 10
1978 6355 1
6170 24131 1
22701 24865 1
798 2635 2
17462 21180 2
12769 19883 2
17333 24913 1
1693 24100 6
780 10980 1
6029 7315 4
1446 21356 2
3692 13524 4
2784 6889 9
13854 17968 8
1642 8643 8
1668 6471 5
5470 7276 5
11726 24471 5
20796 24996 10
12061 24544 3
7166 8859 2
5435 6914 9
1666 14359 5
6497 19011 6
6700 18532 1
22054 23248 9
4586 10065 10
6553 19969 10
22702 24928 4
907 6216 1
4578 20839 2
485 10587 6
774 4617 3
720 3700 2
4145 14446 1
12657 22124 8
4730 19317 8
2770 18226 9
176 6707 9
5960 13310 1
749 22359 9
16296 20049 5
8101 21705 2
4379 5484 2
2901 21945 9
5237 5402 10
3994 14269 8
9404 11852 1
45 21833 9
16828 18974 1
5708 15928 8
3378 4431 8
4683 7106 8
7857 24321 1
15845 16328 2
3030 21196 3
2790 6554 2
21827 22939 5
13501 17711 5
22885 24110 2
2399 24885 2
14511 18541 2
6718 18774 10
1369 8583 5
7582 18235 5
9479 23970 6
17857 18376 4
7052 11504 4
9553 20012 9
18728 22307 3
15590 24445 9
596 7748 1
5407 8646 2
861 4984 2
393 2534 10
3477 21305 5
1278 1876 5
7269 11816 10
138 3822 2
5749 24297 4
533 1925 1
531 21561 3
21138 21911 9
19140 24636 10
107 848 5
15698 17909 2
9339 15026 4
20190 24046 9
5502 24591 8
4172 5788 7
7129 16721 6
3658 21113 4
5847 15258 8
7132 7397 8
98 17205 10
12838 13083 3
3835 6976 3
2949 3327 9
14784 15516 10
8483 15067 10
12346 14268 9
227 878 5
4110 8280 6
7096 8552 5
9803 17527 5
6322 11240 1
4883 13258 1
11506 23264 9
2407 21637 3
3365 13313 5
4774 22115 3
5660 7609 7
5190 9953 8
12252 22375 6
3175 6544 5
763 11934 5
2878 12902 1
2824 4740 3
3289 4030 3
194 458 7
4454 21913 10
3980 8296 8
21596 24592 2
2860 11957 2
2416 4820 8
20133 21837 6
1404 21917 8
2413 7182 10
4333 9457 8
21401 22804 4
1471 24963 8
4687 12668 8
12123 15095 5
7517 7747 5
651 16513 6
426 4418 3
937 9186 4
386 2638 3
2431 4290 7
1087 2576 4
4487 15942 4
2744 6451 7
6014 22539 7
1020 19073 7
5958 20774 9
1555 7670 7
605 8794 3
10392 19477 9
3387 17971 6
3431 22265 7
7915 13763 4
6082 22911 3
1641 3699 10
6323 6967 1
6656 11653 4
10348 18322 2
4482 13788 8
4903 6608 1
2429 9422 4
9965 15960 10
12071 18403 3
13323 20400 7
1247 7712 8
7630 16500 2
11195 13349 6
507 4475 9
9621 12177 1
3257 8444 8
2176 15281 5
16045 20580 5
9984 15874 10
1863 13834 6
8019 10489 10
366 23301 3
5468 9748 6
2810 3444 2
4198 4275 8
5006 18575 5
14353 20782 4
3867 14985 10
2115 4048 3
598 16471 8
991 1225 6
7678 24828 3
3520 14670 4
7625 14905 10
2772 18886 6
3491 23176 6
4117 6058 1
3899 22805 10
655 16997 9
8178 22718 2
4278 14520 2
3047 4529 7
777 5566 10
2122 5251 2
4627 13278 4
7259 7426 6
3685 12575 2
5862 13229 8
923 7881 3
1744 1820 4
8180 18700 2
13714 24665 7
736 18817 1
1192 4512 2
1717 4490 3
8243 10276 1
24350 24569 3
5008 21638 9
6172 7493 8
7182 18128 8
1549 3798 7
10479 13754 7
5128 12269 3
746 16871 7
7978 18635 1
2310 10701 10
1862 3976 4
2318 13928 6
7552 20277 7
5393 6965 5
2631 3150 1
248 2348 6
4820 14717 8
17243 23143 9
15950 24250 7
5122 22560 4
5903 14620 8
4027 23256 5
22065 23748 7
16494 18888 10
5516 20958 5
7900 17932 1
5469 22103 5
7285 13495 7
895 12854 10
3855 24386 3
3195 18578 10
7437 8860 8
2470 21368 7
3574 11752 7
2990 6799 9
6666 19809 3
76 2361 2
20643 24818 7
9136 16310 7
6281 17731 1
524 9083 10
9334 23064 10
2780 21266 7
4267 22685 6
2413 6006 10
3200 14726 2
1670 21614 4
2893 5556 4
18617 18765 6
3890 6913 8
1765 18445 6
6595 12863 4
5023 15673 7
4319 11555 4
6707 7702 2
18272 21077 10
1594 9564 5
19170 21436 9
6818 13123 8
45 7334 6
1992 4896 8
1061 14497 9
13545 22217 7
18675 23586 2
2215 22389 1
249 1458 6
394 2672 7
685 3765 10
9284 12285 7
6070 14836 9
10872 11777 7
8149 22568 5
1050 1268 4
457 16386 9
676 10800 7
852 12972 5
20324 21554 7
4449 9674 6
2348 12392 1
6222 8457 5
12169 20993 8
775 4114 3
7750 13064 5
19429 19776 7
4590 22113 3
3858 5414 9
6649 13487 10
2173 23630 9
9298 14227 4
6543 18704 5
7376 24987 2
3057 24560 7
2014 7194 7
22128 22135 1
8092 20924 1
1829 17125 5
6252 9718 8
14802 21565 6
2117 10699 10
12100 20273 7
920 15407 4
4630 5648 8
14299 22990 5
1623 12234 9
13023 14083 6
8415 24803 8
3251 7060 8
780 1532 1
6224 11992 9
7263 21812 1
801 4217 4
727 16655 1
23921 24934 1
19111 20318 9
13717 17494 6
16797 17662 5
4948 24717 8
2140 8801 1
8117 13351 5
5627 6025 5
3573 5212 5
6133 6700 7
3351 15785 4
6540 23107 4
8401 14853 10
13690 20849 6
7481 22418 8
3853 21634 10
2623 22283 1
1504 2487 1
4844 8812 2
8502 14213 1
23406 24730 4
20680 21185 1
1742 2893 3
19209 19690 3
1712 21922 10
9200 13843 8
20576 22456 9
8236 8426 8
438 15913 10
6273 15359 2
3653 22331 3
1247 10207 6
3277 13768 2
456 13167 1
21776 24122 5
16262 16367 4
12833 23477 5
1347 2024 4
1044 12197 5
11273 16873 7
498 6630 8
2284 16577 8
730 4655 6
3736 17842 7
227 4097 10
4863 5732 7
13541 19698 7
2499 12274 2
1432 3714 8
6477 17889 2
3716 10173 9
4946 5104 3
469 16863 8
16380 22137 5
2402 20623 4
13961 15609 5
2499 17979 2
11498 12597 4
18281 20828 8
6373 21855 10
1352 19998 1
1464 4895 6
1320 15173 3
7056 8534 10
1662 15333 9
5789 24906 7
4757 21069 6
19660 23027 10
2600 12980 1
3986 5247 1
22699 24592 7
1462 3871 5
10682 24835 1
1715 18903 9
20017 20447 8
2307 21859 10
12113 12902 9
2892 7235 4
2054 2637 4
4767 5365 2
4857 8321 7
2002 18313 6
9516 23672 2
5374 14615 2
15054 15339 10
757 4740 9
3367 3883 2
6643 23363 6
4737 5390 9
4412 9919 9
7656 17889 2
2983 5874 1
413 16238 7
17724 21984 1
18223 19706 8
5266 13629 7
6136 12441 5
17509 18240 2
12126 15653 2
5824 16591 1
21519 22743 3
5113 20733 5
19454 22450 8
5066 24763 6
2793 18637 1
14253 23021 5
5515 15736 1
278 4985 3
11616 17994 2
894 13513 6
12884 19552 1
10444 17167 9
10567 19995 7
2621 4905 9
4477 12667 8
3455 12325 5
136 24810 9
9957 20527 6
185 9981 5
16872 17967 8
6821 9391 6
5942 5955 6
5109 21757 3
11579 21993 3
6655 17951 8
16458 23458 5
1275 22930 1
9718 18484 8
2496 18616 8
1968 2641 9
10928 21837 4
18573 23651 9
1504 3777 2
6032 6292 3
16085 20115 10
3478 6876 8
3402 6249 5
17382 18565 9
12038 22351 9
7925 17531 6
2332 8431 2
13678 18357 3
17336 21014 3
4874 16026 5
989 1782 5
5167 7328 9
2436 4745 2
3858 15074 10
4345 15411 2
2358 2825 6
13010 19149 10
10308 23800 1
4646 6095 7
2846 20580 7
193 7166 3
5164 13266 10
15137 18039 2
1858 23014 3
9477 22284 4
9266 11483 6
51 16171 3
3652 5702 9
1906 17415 2
760 5036 10
7559 12920 8
274 3847 6
2242 6818 3
123 2609 1
6491 10154 8
6393 8086 8
2199 19613 8
1621 4651 7
1039 16234 3
1895 19364 9
3308 4059 4
7817 17436 7
6976 14980 1
9629 21647 5
15214 19269 6
968 4864 2
4457 19744 8
3857 17089 4
1805 5493 10
11748 22138 7
13271 18060 3
16296 21669 7
5598 17173 3
4319 6736 10
10804 16196 2
3292 22660 7
3939 12321 3
8449 14128 7
11996 12986 1
1365 20348 3
4989 17985 8
2039 4109 9
3214 14624 7
2648 3606 1
2759 3060 7
5723 7560 5
3655 11364 1
17055 17141 3
5941 18739 1
2653 17081 5
9244 12074 9
2199 18848 5
6293 7891 3
9604 22892 7
9418 20924 6
2409 7168 1
8569 13123 5
6985 19679 6
1799 2002 3
15264 17350 5
13058 17967 10
10691 18890 4
440 2373 5
8936 24112 5
23314 24666 5
9292 21883 6
1936 12159 3
2000 4947 2
7314 21884 3
4901 11393 6
237 24369 10
2875 8491 8
630 16687 9
34 16131 4
14725 18460 2
3390 10534 1
771 7410 7
11741 22530 10
5105 20652 8
10812 12496 2
10390 21291 6
5129 20378 6
2695 14059 7
1337 9213 8
2710 11082 6
3058 12961 7
18632 23200 5
2890 11465 6
5407 6870 3
6196 14749 8
20801 23257 7
9059 18382 8
8241 16458 7
7980 22957 1
2968 4891 5
11071 15328 4
23 995 9
1975 3111 2
3204 14879 8
4398 6277 1
5663 17328 10
3170 3441 9
1618 6300 7
6371 12878 9
8934 23999 5
5897 9410 8
6829 24960 6
15251 23957 10
1212 14791 1
1398 16521 3
3172 15048 7
17124 21921 6
1181 2852 10
3184 5568 6
21275 24537 10
2121 5289 6
3668 23971 5
6100 22988 7
1501 9437 10
247 21436 8
2581 4122 8
3393 4676 7
1829 14881 7
11570 19602 10
2317 3196 4
6040 23226 1
170 2349 5
7265 9190 9
5402 7580 4
1628 21791 1
7281 9757 6
3238 12520 6
7084 21572 2
5612 8662 2
7096 7326 10
230 20180 3
11611 20787 8
6028 10262 2
6889 20411 4
2844 12601 9
11108 21632 5
1086 10774 9
8517 24930 9
18781 19506 9
2975 5269 5
9496 15538 9
12664 20900 3
4262 24651 8
7224 17477 7
884 15113 9
91 4298 3
6530 20663 1
1445 1519 5
3465 4459 1
5733 6047 6
4668 5067 10
3913 18736 4
6148 24067 6
169 4885 10
1707 7365 7
18016 19479 4
7818 10022 8
5463 24176 5
3933 22520 7
3648 22785 2
11271 11394 9
549 6451 6
4018 5439 1
2115 6471 1
11958 23055 4
7205 9001 10
17582 21876 5
527 10547 4
2977 9549 4
9000 11318 3
3497 5140 7
923 10827 5
1716 2009 1
5139 12160 1
1699 4137 10
1874 10146 4
2705 7674 9
7664 23552 1
5274 22587 3
1906 4135 8
740 17835 8
1447 2382 10
9007 18002 3
543 6743 10
10400 10603 5
1868 24166 2
2687 20909 7
12704 22469 3
4452 18736 10
1510 4201 1
7044 8548 10
334 10986 4
12294 18908 4
394 5975 2
4188 18690 3
440 18685 6
264 12603 2
5316 17430 6
7883 9299 7
3944 5034 2
33 5652 7
9149 23013 1
11963 21984 5
4341 14008 7
6068 7457 4
3492 5883 4
11434 21009 10
5240 23385 2
3147 7054 1
205 4695 7
19071 21151 2
6840 21072 1
4506 18537 8
3141 18724 10
10068 17527 9
4046 7384 5
5031 5915 10
17729 22208 1
2384 7706 9
1911 4482 10
966 8295 8
5112 5574 1
90 9941 1
2012 4907 4
4273 7130 9
5774 6925 8
914 1967 10
9091 19552 9
6804 14311 4
595 14566 2
7272 9075 4
24202 24987 6
7843 18063 6
13423 16723 4
15564 16623 8
6911 16387 3
180 6225 10
4584 12555 2
3494 16384 5
1259 19283 10
611 9926 5
1306 20454 2
7229 7697 1
9288 24865 8
4081 11218 1
4677 13593 5
1372 19906 7
5678 7331 9
3122 22276 7
18037 24889 3
12659 15070 8
5543 16819 7
2345 21693 4
6940 7502 8
4999 6275 3
1577 5101 5
1897 23924 9
15567 16734 5
6092 8533 9
17044 22782 3
12369 17453 8
5421 24556 8
17034 20061 5
5564 15336 2
16866 20760 7
2380 11971 3
5873 19477 1
5333 21815 2
4017 16259 9
683 24018 8
20240 22533 4
2249 21304 6
6384 23873 5
1925 5638 7
1387 5256 9
1465 22561 10
6891 7915 8
6311 20262 9
9332 14229 10
6993 19327 8
4952 14631 4
3424 18343 3
6039 6979 5
1733 20708 7
57 23701 3
630 9607 2
3923 5389 4
5725 23527 6
7590 17058 4
1308 10787 6
147 3844 3
841 20977 7
16915 22010 9
4737 10219 4
6105 13650 3
2298 6836 8
5995 23093 2
5542 18226 8
4901 5174 9
5584 24091 4
706 2303 5
3964 7193 5
9744 13967 2
20353 23924 4
4106 7929 10
5651 7501 10
14108 21122 4
9936 24925 2
2088 18812 1
12997 15683 9
3889 19009 5
3833 20512 8
14372 15921 7
2019 9585 6
13186 23388 9
6076 10745 8
1928 9837 2
1877 20593 8
5226 11865 7
3837 24844 7
2528 21580 1
508 20173 5
2538 4505 9
17395 22201 9
6257 8133 9
3469 7677 3
4570 5806 4
3698 9977 3
5914 6417 1
5683 7314 2
7965 21291 10
749 10202 3
606 20583 5
1812 2167 1
2911 20855 6
3492 11756 5
3643 15306 10
5407 11710 9
4869 15322 7
1091 2119 6
7624 24093 1
1613 18791 8
2786 4610 7
1828 8539 2
4338 13782 2
13352 21445 10
699 6800 7
7696 21062 10
14421 16318 1
4522 21092 7
15312 22426 4
1674 4859 2
6784 21281 3
6842 10427 9
9395 13938 9
7699 16892 1
4947 14343 6
17329 17336 2
14545 21178 1
6518 9782 3
196 2374 7
3808 6207 8
1897 6311 5
8310 15267 2
12847 22977 7
4205 17044 3
21141 24748 8
12999 17371 10
1095 5713 5
675 16375 3
3107 14715 10
1563 19356 2
446 24818 3
13201 24971 4
655 9063 1
3223 6968 7
9354 14174 5
4389 18854 9
2501 5349 6
721 23939 4
6656 23272 1
460 21432 1
5659 7209 5
986 9223 8
11340 21770 4
12493 21948 9
637 1424 8
6657 24107 7
6455 9041 8
2642 14602 8
1273 3710 2
3320 17993 5
1503 6247 4
11725 18288 6
4740 13758 9
12131 22781 5
584 10514 9
14026 23162 2
438 6080 8
5879 11357 5
819 1010 1
22143 23921 3
2221 16311 5
5885 21482 10
13296 24518 3
1263 6054 3
7200 22208 6
2150 4469 7
5090 5692 9
5819 23003 1
21274 21361 5
7704 9064 6
2730 12418 2
1964 3869 5
5907 20071 9
4291 24273 3
2346 11667 4
6836 19624 5
6475 24440 2
2517 22621 5
8654 18868 9
10058 17766 7
7089 24274 5
3342 19434 1
6505 9182 5
6998 23489 1
1634 6404 8
5300 14010 10
4467 21064 7
530 14404 10
5343 13010 7
1377 24587 10
392 3633 4
4603 17203 6
8407 16111 8
6214 14401 5
7338 10942 1
8625 16232 4
6853 7109 1
5479 24499 4
12408 13302 6
6678 14038 4
2363 4683 6
6316 16302 5
2833 19252 2
14818 21058 10
1884 3240 3
11934 18817 9
7859 20945 9
6543 14425 10
7763 12772 10
4098 4327 4
187 5188 1
6974 11218 6
1201 3213 9
1713 2802 1
22491 23275 5
2386 13229 7
223 9613 8
4470 11410 5
2920 12987 9
955 5578 2
2041 8926 3
4385 7588 3
1777 18206 10
19862 21510 2
16034 21596 7
935 9162 2
13903 17700 3
14931 22947 2
2318 6509 3
3802 21554 6
1594 9659 8
5887 24440 4
164 9598 10
4619 21581 3
5927 5999 7
3981 13160 10
635 11839 1
465 17448 4
3682 3938 5
3888 5630 8
6393 15352 4
2383 7554 7
5904 13567 2
22520 23753 3
2993 5257 9
6710 23939 2
2557 4147 8
1080 2402 5
8205 17271 8
2652 6915 3
1546 5104 7
4030 17846 3
5826 13830 7
5588 14849 10
9088 19302 7
11906 13330 5
8503 24166 7
5517 23951 1
23284 24319 9
15733 16650 6
410 5299 2
16984 18387 2
8768 15913 5
1647 12481 9
6685 10196 7
876 15928 10
2916 5579 8
15653 21935 10
17816 21404 9
4754 16736 9
1012 1690 7
7526 18436 10
17305 23783 3
2126 7781 10
10007 13482 2
12565 13576 7
10140 16489 5
7274 15017 10
8235 22789 6
6873 20913 10
5208 5357 1
3007 8229 9
18375 19841 5
11266 15726 3
9789 17881 2
4538 23986 4
10974 20760 6
11582 21197 1
3795 19126 2
3249 8360 4
5330 21794 2
3447 4835 3
12140 16586 5
13772 20856 2
4665 9632 9
3819 19752 1
16867 23886 8
4464 11246 7
1735 5983 7
3343 20748 3
1386 17047 4
1985 2930 2
10903 13648 5
3786 10894 9
311 7750 10
5098 12069 3
2547 23435 9
6130 12416 3
5354 10911 1
324 7221 9
18947 19939 7
2513 18084 4
5848 20584 3
3177 14941 1
4590 10806 8
17728 24635 10
270 6474 1
14067 21864 8
9553 12285 9
15619 23376 8
6251 22841 8
3121 7109 7
2605 17748 9
399 13464 3
3825 5590 3
7511 12754 4
17780 23266 8
12278 15141 10
1955 8656 7
1763 14961 10
512 5508 9
2615 14815 3
2407 19268 10
8610 12769 1
2775 18540 3
2028 2554 1
3822 21290 10
5780 24527 8
2427 24107 8
17016 17299 3
13930 17890 8
12940 14637 10
2454 6257 9
3732 6938 4
5238 13279 2
1432 19166 1
7344 23279 6
192 13349 7
2432 8597 7
2465 4647 4
13383 24248 2
7395 17624 10
3919 23685 3
13122 22916 8
2824 12288 4
5681 22878 2
4589 11514 7
426 11519 3
4981 19156 10
905 15206 2
11509 15435 1
2872 16081 5
3538 8927 8
3825 12409 8
1446 7546 2
11866 17504 2
8733 15666 5
13206 15821 5
3018 14623 10
8461 15380 4
160 4441 9
19354 19364 2
2578 6100 10
9116 21433 4
1718 14311 1
5722 19408 4
7501 11551 3
4260 16166 1
12855 23435 1
1924 5833 1
738 24661 4
1792 2262 6
1127 7947 3
2613 8285 2
1039 9028 8
1267 22692 6
7158 17564 2
4272 18137 1
225 18240 2
2135 24726 2
57 4822 2
6596 14101 5
15528 22661 1
1903 18820 3
157 9760 1
1160 14643 9
7443 7639 9
3046 16324 7
3706 6913 9
861 18893 7
4039 12729 8
5163 11254 2
13446 24993 5
4943 7692 2
306 20407 8
1217 3163 6
11876 21596 6
7695 14557 9
5178 12507 6
6937 11643 8
416 12546 9
7344 8276 3
2301 22607 3
5008 6258 9
21057 24939 2
8856 13972 7
903 21207 2
1114 3639 4
3208 6400 1
6277 21393 7
6288 24441 3
15919 24972 3
3732 17959 1
2901 23769 3
7746 17459 1
3013 22644 4
8561 12014 4
4198 5620 5
61 5299 10
6925 14691 9
2033 5255 5
9848 14257 8
12277 15984 1
6031 19874 4
8498 19910 1
1059 17031 2
4841 13299 2
3746 5772 2
6313 10624 8
1395 15055 2
2217 24799 10
6176 9084 1
138 5409 6
5896 10752 6
1263 6302 10
481 4237 9
2131 22133 1
5226 22379 6
4519 13960 8
14827 18577 10
4877 22419 5
4688 4748 10
15199 18812 7
2915 5603 4
2366 17189 1
6795 20573 9
2444 4891 8
780 3058 10
437 13307 3
1218 4654 1
11680 14281 6
18454 20423 5
3996 15899 1
7847 11025 1
3425 8487 1
1410 10226 8
7036 24400 9
15169 23619 9
9491 19011 6
3046 18126 4
17869 24857 2
2019 10728 4
3106 12258 6
2239 12027 4
4414 14491 4
15750 22989 6
5934 19469 2
6116 17325 4
2373 5008 4
6828 24114 5
1841 6102 9
5506 6920 2
6426 10457 2
6934 8711 3
768 22139 2
33 16179 4
15639 18850 7
427 4611 10
14024 20619 2
10872 18072 2
229 16764 5
19926 24470 3
5375 7830 10
5610 15841 10
2966 3152 9
8862 12594 8
11823 15338 2
3069 8466 2
2100 8918 3
3619 4886 5
4765 8692 1
10342 11200 4
6264 6376 8
2813 10036 5
5598 18405 3
1882 8969 9
3063 6320 3
6341 19055 9
18304 21259 7
16323 20441 5
3905 20978 3
3638 8290 1
3489 4892 5
9562 24525 3
1354 14911 7
5851 6670 3
10510 13925 7
12025 20412 3
19890 20258 3
6424 8880 3
7745 24095 6
6089 10022 5
10493 17803 9
5188 7315 5
18982 22920 3
1708 17147 10
4003 21115 1
1063 4337 8
9490 12445 5
2179 10577 3
5960 14027 2
18462 22001 1
15567 23116 8
16469 22190 6
2322 6028 6
226 8842 5
1718 7669 4
6660 23911 8
2765 15519 9
3646 20926 6
6982 17698 4
239 22463 8
5558 7316 2
6711 22387 10
14377 17855 6
17666 20525 7
3246 7196 2
2603 17148 10
5140 6727 5
13452 17502 7
5309 20910 1
14755 20715 6
5577 16014 10
4887 5884 3
4032 24862 5
4298 6918 7
8783 19956 7
519 924 9
2272 18743 6
8221 9403 8
1358 15757 9
6189 18790 4
4289 5687 2
5771 7725 6
16853 19888 9
809 8433 1
86 8548 2
6842 16321 8
8063 17863 7
7163 23805 6
7680 24639 8
11154 13673 6
2448 18121 6
12399 17705 7
1947 10382 6
8412 9345 8
16974 24611 9
4966 16562 2
7636 16114 8
18526 24017 5
3597 20062 9
2072 15441 4
3555 8708 1
5245 12669 1
5718 7634 1
42 5843 4
4799 17331 2
10278 21889 6
2297 17130 1
12284 18738 2
11009 14559 8
1898 24831 6
7752 8245 8
19898 19977 8
833 2189 4
1844 18504 10
4166 7282 6
2516 5562 3
245 8053 2
4772 22194 4
1067 15446 3
2701 6646 1
2668 18797 3
7363 13501 3
590 12711 6
3267 3773 3
18545 19480 1
6986 7277 5
6049 15432 8
1017 17938 7
5464 16092 9
21883 22063 1
5749 7703 2
4920 23245 1
15275 18597 6
4308 5686 7
8950 8973 10
5984 14348 6
2905 22781 2
18156 22209 5
937 6695 2
6827 17870 1
144 19196 10
2004 7150 5
174 10191 10
10994 18417 10
6560 7337 6
8806 10564 8
15075 16727 8
3734 13207 10
994 23262 10
4493 9497 7
11333 12363 10
1317 1454 5
1488 9082 8
778 20520 10
4165 24969 7
2636 21477 7
2946 16128 1
11787 21656 2
11856 18054 8
2677 4106 6
1086 13551 6
20099 23051 8
10268 22567 3
4993 18186 6
7458 16284 4
2013 8824 3
14570 18327 10
2910 21987 3
6843 6966 3
6970 7759 7
434 20694 3
8409 15385 2
374 4617 7
10338 10450 4
4826 10130 10
2286 3032 3
4868 22905 9
11391 11971 9
5311 9444 9
5837 17066 4
5262 24725 1
4329 21793 6
6179 12861 9
13800 20873 1
14560 24258 4
7321 10266 8
593 2840 7
3799 20649 7
2193 6195 6
3123 5284 3
13980 24372 2
10399 23453 4
19253 20013 9
294 15200 7
1965 19926 7
6797 11328 3
4390 7283 4
6987 15339 8
5920 24592 6
2159 21892 8
6574 10740 9
6048 9275 7
6190 16598 3
262 22982 2
13156 20831 9
8508 16850 1
4298 5390 4
6164 12917 6
2372 18489 3
264 2700 3
3640 4340 10
20946 24083 2
3205 11797 9
3752 7643 8
3360 4866 2
8339 22760 8
1501 2156 6
6473 24162 3
482 13952 1
114 15821 9
1025 3262 2
5550 16789 2
2493 23212 3
12977 24090 1
13276 23309 4
3708 13748 10
4948 23166 5
3571 14759 10
4262 15930 4
2339 9607 4
6135 17057 10
8384 20875 2
426 5929 4
7462 18127 5
257 18804 7
1451 17442 9
6072 16057 2
1974 23529 9
1414 3787 9
6272 22911 6
1711 6992 2
1157 8805 4
2029 5073 8
4678 4695 10
683 4075 3
2800 13415 2
3146 21116 4
6552 22915 2
1253 13922 3
1548 4869 6
1004 7938 2
342 13112 5
704 22115 5
642 6157 8
324 10724 2
5689 21865 9
203 4104 1
4687 24205 2
3708 18246 6
8823 10059 7
3549 11991 3
16594 21202 1
3798 6357 3
7977 14838 5
2862 20324 10
6619 11257 9
1603 11045 10
3510 16143 10
8734 23585 1
5643 7136 8
4696 5392 9
7924 24241 10
5145 8268 2
1633 16184 7
18085 22074 8
14656 15402 10
86 17353 10
9682 23990 6
14871 21092 6
4102 21779 1
65 22731 2
6712 11949 1
3464 9326 7
1186 3226 9
1873 15799 7
1238 13789 10
3925 21327 3
2562 3641 1
1429 3051 6
1800 24538 2
7205 12908 4
4742 7657 5
5110 17112 3
3139 18742 3
2058 5437 9
2514 8727 1
7339 18757 1
2317 10596 7
9725 10019 9
1548 5416 1
1769 24493 7
2749 18288 7
752 5142 2
2073 4493 10
14992 21981 8
7386 8217 9
51 15862 9
3203 7759 3
3023 15310 6
11222 11240 10
14377 17330 1
4430 15613 4
6461 19979 5
66 566 5
1502 17188 9
2776 11504 6
11108 12994 9
8934 22475 8
13623 19680 7
5001 16429 5
14381 16339 8
15037 21367 6
1662 20050 4
1419 22067 3
1503 4269 10
2219 5671 6
8942 12552 3
526 5827 3
22029 23448 3
20580 24761 9
7001 24187 9
8113 18914 6
3453 11009 10
6440 20985 3
10608 20970 1
190 4953 8
1010 4158 10
1444 6554 9
1821 4790 10
5530 9123 6
1210 3085 3
13172 17020 9
14642 17642 4
4758 6126 3
5215 23987 1
11805 20469 9
12181 18964 5
2170 7818 5
2613 6318 5
8614 14553 7
5954 7718 8
2760 16418 1
2119 6091 7
4664 10479 5
9179 24109 9
754 15758 6
2766 7137 1
8570 15479 6
5582 22408 5
473 10948 9
3614 14675 1
3536 21335 4
3332 7439 6
1263 6770 2
13672 21927 5
7055 21030 2
11713 18410 1
13657 20600 4
4300 13283 3
3835 15834 7
7613 17070 4
980 4624 7
18617 23974 6
2859 24988 8
7741 23698 5
13993 15328 8
8614 8829 2
3533 21140 9
3389 18151 6
3145 20079 10
7438 13117 5
18165 18807 2
19917 22864 3
3854 6298 10
2068 14940 1
3148 21608 3
20023 20376 8
651 1028 6
21661 24395 3
10501 23599 4
2150 11482 6
13877 19443 1
860 2736 1
1187 5013 1
8856 9687 3
10 2389 1
5274 15807 2
9578 14031 9
2158 24771 2
4011 4947 1
7138 21533 8
3224 14358 6
2621 20127 3
2746 5923 2
6568 21107 6
13436 13581 4
7601 21035 5
7569 11771 3
14846 17550 7
5551 6743 8
1585 5931 3
2820 3688 5
18394 18841 5
3870 23469 9
905 19104 2
12571 16707 9
5436 5532 1
2850 7434 3
13821 14432 8
8793 14080 9
1602 11706 4
848 10475 1
9746 15418 5
14742 22866 2
3275 13754 2
6699 20165 5
4801 17165 3
2691 11752 7
7678 16742 3
2362 8907 4
13742 16072 4
3938 18953 6
1492 5736 1
6957 8428 3
2728 15877 2
11373 23701 10
6794 8155 9
7336 19176 5
10323 12664 9
5888 18261 1
2530 3793 10
11448 16531 5
17864 21264 3
1939 11340 9
2827 17673 9
4509 23716 8
18677 24006 8
3856 11230 9
8182 19030 1
5068 16147 2
5989 22328 10
17207 19838 10
3121 4725 5
6269 17713 2
4865 5809 4
2712 17428 5
6243 24547 9
23621 24152 10
2941 17980 9
70 16570 7
7467 21532 6
2891 10519 4
9147 16471 4
1847 3242 1
1764 20774 8
3445 4425 10
2292 6786 6
10309 11654 3
2476 15599 10
11333 21647 3
1639 6525 10
10420 24062 8
6427 12166 6
18464 23317 4
5597 16554 6
3008 22569 10
748 1538 1
6412 17253 10
11236 19847 2
1700 5324 7
4287 9514 10
1587 13288 2
14238 24693 7
5639 19735 7
7666 18683 2
7296 9814 7
9339 12935 4
8647 23423 5
2451 5659 10
3605 15147 10
12748 14333 6
6827 22161 8
529 938 3
8064 8224 8
5887 6596 9
358 2351 4
4412 9403 6
212 1083 1
8872 18949 1
6037 12193 1
11196 12945 6
1777 2892 7
6495 13333 2
7176 9500 1
4040 24678 3
10842 24160 4
8096 12223 8
3654 6770 7
6835 20075 4
21902 22479 7
9948 24055 2
13170 23514 1
13496 15243 9
8425 24898 1
3938 12053 10
2388 12808 9
2413 15587 3
7592 18401 2
8173 13000 6
952 11499 6
18575 19841 2
466 4196 8
18446 19104 10
3118 17027 2
6528 12897 8
15382 23283 10
17175 17889 7
493 10849 9
1470 3324 9
6277 12785 8
1410 9841 3
4929 24010 9
5861 17426 3
2573 3017 8
861 1241 6
10010 11335 5
6698 19999 4
15576 20390 2
12779 20612 2
7412 7996 10
4543 21881 7
154 6651 10
5154 7059 7
9947 24753 1
10734 16786 10
8399 10027 5
16887 21899 4
5382 9711 8
18119 18838 1
9078 21616 3
672 2439 9
1484 6302 8
610 1975 2
3111 6902 4
3543 22342 1
355 3133 8
790 3899 6
1838 3579 5
13586 19432 4
12281 16089 7
22927 23238 1
3284 8734 3
14229 16242 10
15903 19142 7
7575 19237 10
4623 16542 8
3391 6339 8
1833 7279 5
17275 19567 9
1845 4992 1
20557 23301 8
13706 19722 5
1859 5688 2
5939 11590 7
6527 24884 3
8872 14017 9
6182 23024 7
2314 22541 8
1223 3446 10
2848 17348 2
6087 12983 9
7947 10801 7
5695 21266 4
1166 17597 6
905 11485 9
8563 16195 1
2591 21360 7
19119 19571 4
10283 18951 9
7022 13207 1
3704 11185 2
15876 18967 6
1550 17589 1
13928 22332 1
3031 7548 5
237 23849 2
9131 18050 10
2747 15825 4
554 20668 6
6308 22635 7
1397 6107 3
349 375 3
9566 20410 10
1035 2094 2
703 10680 6
8849 22855 4
13209 18253 3
20407 21883 2
3870 4041 10
89 3496 6
21089 23117 8
22192 23923 1
230 6398 8
2215 22449 8
1675 18113 3
5624 8179 1
441 20793 5
9847 13737 1
2309 14863 4
3036 6667 2
2284 6702 2
4923 10128 9
6155 12938 6
11061 14660 10
4323 8016 3
2369 19738 9
479 23295 6
1924 5049 6
5945 16633 6
1170 9648 4
2103 10093 2
5467 5482 2
1433 24093 8
2893 9304 9
4923 12181 4
19599 24705 1
10989 15996 5
2804 14742 4
389 23945 5
4279 4736 3
5042 11728 2
11611 18206 9
9097 12133 9
2325 12275 8
3842 24867 8
16242 23706 2
9247 13745 4
6937 18307 4
2982 15342 10
6370 12874 3
10365 10480 10
2238 21615 10
1406 6421 4
21499 24563 9
277 7568 10
2080 7794 2
2709 9632 4
8684 12027 10
2973 11386 1
191 23876 7
1874 16729 4
1673 22302 6
15141 24694 2
17213 24175 5
4509 15115 9
1942 3017 3
20843 24097 10
6706 10648 10
2977 22851 6
1676 15820 3
1005 21486 8
3749 13180 3
11334 12769 2
7548 24802 8
6507 13473 8
7229 21318 10
2459 13278 10
4094 9001 9
168 9372 5
7768 18263 3
3680 24283 6
3676 18340 4
17999 23297 1
4289 5861 6
1552 18803 3
5261 19471 7
1386 6312 8
75 3941 7
4940 14269 6
1755 13461 5
5114 12557 4
2093 5939 10
9379 24965 2
3304 16197 1
462 9660 4
5128 15300 7
23178 24366 5
7392 12939 1
15619 20824 4
2963 18627 1
8661 10905 6
10624 10897 6
3236 5569 4
12309 24355 10
14992 23422 7
2549 3892 9
1796 15630 7
10056 11940 2
2699 7231 7
22550 23652 6
11109 22861 4
645 19603 3
1754 16279 6
769 7870 6
18138 23284 7
3260 17718 2
8837 14751 6
9537 9988 4
5073 13932 4
79 19764 4
830 14592 10
2120 18639 3
2610 5773 9
8342 10940 4
3987 7854 9
3859 6894 7
3004 13678 7
4991 24389 4
2569 6342 5
17653 18346 8
4217 22995 7
6667 13570 10
3034 3614 10
5195 19692 9
4803 17913 10
9708 16358 6
501 7889 6
4508 23133 2
5927 20551 5
3887 6245 4
3663 24488 6
1556 7960 1
1294 13859 8
4271 4395 10
1937 16267 9
4495 22184 5
14099 17123 7
6594 8270 10
6986 8811 7
17 11952 8
4859 24897 2
4859 8190 1
9366 14280 6
1193 6579 1
8094 15710 9
13016 22523 1
2346 5972 7
15995 21018 8
406 18765 7
2551 12613 6
9487 22885 10
1095 10550 9
3356 6060 8
4481 12645 3
7950 11684 5
2075 2771 2
11151 18009 2
6824 17306 7
19862 24650 1
20751 24975 2
1053 18956 6
6550 24964 6
2764 7452 10
5576 21310 6
1418 17647 1
2848 12580 10
945 14620 1
12175 18520 9
16021 19013 1
12656 18825 6
2536 7900 10
5320 10265 6
867 2574 2
1875 5745 10
5303 7496 3
5939 22739 2
13324 13421 6
7231 16203 2
860 10859 7
7673 10183 10
12132 13913 5
12272 18574 2
6265 22724 9
2672 11269 6
8789 15234 7
11878 18124 10
4907 7433 1
2010 10872 2
8582 12667 9
4871 15046 7
12741 13095 1
654 22882 6
18516 22784 7
2947 20132 4
352 16845 2
1302 2848 6
2615 7865 1
2614 12138 3
6106 21818 7
4655 10355 6
4314 4447 10
7138 18969 6
12690 15690 8
6508 11608 6
22742 24516 4
1798 2510 6
6847 10139 10
12301 21128 9
15281 19603 4
8057 14919 4
10188 14983 1
329 2826 2
7170 8997 10
2017 24150 5
2023 5759 1
6301 24090 5
5790 11083 3
3337 13878 7
576 10958 9
10016 11289 9
1292 14602 1
7623 14853 4
3802 22176 4
2889 3015 10
1991 5438 6
21324 22117 6
3292 6521 5
16477 20434 9
14485 21261 6
3920 4683 4
9524 20982 1
3029 10672 10
1401 5705 7
6210 19494 8
14404 22352 8
913 19458 2
659 4405 8
11833 19783 4
7635 10628 10
3194 16312 2
1480 13224 9
512 3108 3
2581 4943 7
920 8316 3
3184 23483 4
9736 16208 8
6350 9902 5
3716 5165 6
4693 20145 4
7667 8900 2
5667 20733 8
2611 6808 2
7306 21502 7
5830 17866 7
5128 13074 3
6989 12664 2
9827 14987 2
4090 12737 10
297 11976 7
534 2224 4
13969 24339 2
56 16199 1
6062 13727 7
16284 17095 7
2282 4596 10
2478 3130 4
13434 21674 6
5753 7164 1
17809 21617 4
11158 16427 3
14065 17037 10
8074 16074 1
2370 10183 5
4410 5485 8
9419 13924 2
9301 13961 9
9778 24229 7
2486 14724 7
1066 8254 3
1358 13383 3
11005 13121 6
18164 22766 2
22744 24098 3
9004 20053 3
19833 20206 5
14152 16921 5
2145 12115 8
1300 11139 6
17753 21451 10
6117 15789 6
17351 21619 3
3899 3986 7
1241 16942 1
2508 18383 10
9187 23250 9
8521 11888 7
10326 21663 7
5671 16626 8
928 2772 2
4047 6499 3
2761 10649 1
4523 12946 9
6922 9308 10
5519 11068 8
6950 16635 8
6624 9152 8
1158 18458 3
1625 22221 6
20811 23714 1
10335 17269 1
15691 24166 10
2813 13101 7
3753 17063 7
3294 21561 2
21263 22221 10
797 5476 10
5267 21472 4
16093 23225 3
11317 14235 6
6347 24797 4
4026 8360 9
6524 23133 6
947 1298 5
349 1287 10
13787 18167 3
7175 20201 2
21454 23846 3
2491 23966 10
6197 23954 8
11113 11748 1
10137 10610 9
663 23219 5
11116 24371 1
130 9236 8
14123 18206 3
646 20706 8
8810 15711 8
2247 8600 9
1066 7442 10
6773 20898 6
2647 2940 8
14885 18258 9
16480 24976 8
6538 19639 1
6784 13006 9
4077 4961 3
11905 15228 5
3108 19314 2
11263 11365 10
6892 19091 9
2107 15394 6
5911 6494 5
3825 5493 8
3865 3867 6
7001 13164 3
5183 6771 4
12821 20491 7
10765 12647 4
2213 5963 2
15448 21426 10
5623 9486 7
2456 14148 4
6044 14143 7
3817 16726 7
4638 9986 4
2855 5196 10
1767 18726 1
2337 17625 5
18727 20455 7
15167 17901 4
5604 16144 3
19195 23675 8
5907 22991 7
4574 11412 5
2299 10595 7
7147 7453 3
8262 8696 7
5221 10099 9
1401 20685 6
8449 22933 9
6724 11270 5
4971 19794 5
9837 12576 2
6126 10963 8
5487 16667 5
3435 17037 1
669 8076 8
7181 8825 9
3539 21202 4
18449 24936 6
10146 24209 8
5365 10247 6
5546 6002 5
199 4934 3
3498 7104 1
3231 14135 3
7116 7546 2
20675 21002 3
1845 17927 10
1307 22926 5
5777 9419 5
2577 14504 8
2456 24416 9
5972 17440 1
975 14523 6
13923 16050 7
168 24034 1
2966 15443 9
230 11179 5
2876 3272 2
225 2062 1
19788 24237 7
1447 16014 9
565 24938 8
3789 22825 7
1927 6033 5
1867 19354 1
624 6657 4
79 24106 7
5403 8087 2
8297 22538 10
2010 2509 5
6651 12888 7
6017 19832 5
961 3158 2
5869 13635 8
5957 23644 6
4878 6611 4
9177 21832 3
5678 6094 3
4318 11150 5
1830 2841 5
5957 16330 6
769 4593 3
4197 6778 2
837 13886 1
13312 17450 1
228 11557 10
7414 12645 4
11446 23055 10
7149 20578 2
2971 20447 5
6899 15501 5
3830 7154 3
6007 8982 2
2088 12629 7
3016 20833 3
2809 14829 6
2033 14149 1
12508 24508 10
2206 18430 1
7632 11230 7
9654 15332 4
1049 2436 2
3231 19690 3
4530 15988 5
6330 16547 5
1171 12979 7
7954 23718 1
4376 8735 10
9033 14376 6
12215 21559 9
3267 4803 9
2024 6656 10
5141 23846 5
11940 23440 7
2758 6349 5
3193 12632 10
2487 19149 10
1328 2917 7
7135 10963 3
4827 15326 2
70 4763 5
2197 24134 3
2569 5776 10
16013 22172 4
9124 11445 7
6538 22462 3
5996 17050 1
988 14117 7
4770 12429 1
3947 7428 3
1804 6168 3
13148 13725 8
10333 17358 2
2615 7717 7
6168 12710 7
5980 19105 6
1397 4743 6
952 23694 9
3946 21381 1
264 8088 3
1809 6365 4
510 20991 6
5727 9219 7
4875 6413 4
15628 18064 10
3980 17383 3
15916 16742 9
2874 23787 2
3063 21336 9
16681 20713 4
24618 24820 1
12990 23256 3
4096 15189 8
6415 22120 10
12492 15430 9
16052 22499 9
17027 22575 5
11221 23170 6
2590 11262 7
3821 5284 9
581 12025 4
2250 17016 9
5239 21544 5
153 6348 2
16875 24137 6
6168 21778 9
6249 15719 8
6892 13417 9
12659 17213 8
3211 6733 2
11283 15211 9
8187 20978 4
9980 13740 1
284 2396 3
142 15114 2
10750 20903 5
3251 22585 1
6365 16163 10
4716 15633 3
11229 16245 2
8409 23490 2
2981 22825 2
9023 18594 5
17429 17688 8
7259 15880 4
783 6805 9
184 12235 6
2903 19624 10
3512 24473 10
6214 6324 5
3256 3918 10
863 14512 7
5178 11058 10
3107 6034 5
6726 10584 2
4430 19817 1
5886 17696 4
4758 8907 8
490 1981 1
6260 22146 6
3372 15458 1
12641 22500 6
375 23677 6
3943 10551 1
8417 16078 4
10279 10369 6
14540 21572 8
23185 24439 4
7759 16965 10
1660 4272 9
6054 12262 6
15150 21416 2
1539 17012 3
502 5237 8
12990 24436 1
6318 18079 5
2015 11846 10
9621 14271 5
1099 22745 5
1409 6147 1
4878 24374 7
2529 23706 3
3352 19672 3
2282 19896 7
4563 9461 5
1704 14958 4
18063 22986 3
6691 12453 7
2722 20646 8
6450 24518 9
6141 13015 5
6500 20390 9
4623 16952 7
5191 24053 2
116 4719 8
12686 20892 2
3419 8631 5
3501 4151 8
1277 2997 7
724 8852 7
286 7636 5
2913 7397 10
8530 13813 1
3437 10259 4
6164 7480 6
5056 5073 9
4130 9174 4
3513 5733 6
6388 15788 5
4179 5347 4
382 6238 10
7063 9308 2
2978 7762 10
4777 22405 8
3413 7032 7
5067 11935 3
1865 19915 6
3179 5459 6
6773 10139 2
4837 15147 7
92 2584 1
7351 18825 5
6903 15769 4
652 7378 8
2902 21405 5
4613 24489 9
5586 13575 4
1111 3769 8
3692 6350 10
12478 22374 2
7697 11756 8
3862 19318 4
5038 18369 9
7387 15388 5
1333 13673 5
3918 12236 1
5773 6725 1
817 3934 5
6402 14011 5
2729 24089 10
2432 23488 2
17316 19863 9
15980 19912 3
474 18763 5
5195 23925 3
2907 4788 1
6421 19470 7
5531 19869 3
22011 24331 1
1481 8235 4
11941 23126 7
7839 12482 1
7634 22743 3
5789 11500 6
7709 9981 6
5611 6016 10
8788 20469 3
14452 19326 5
5330 19437 6
11859 24768 7
8215 17176 7
5167 18314 10
2643 15512 7
11542 22329 1
2444 17207 5
15019 23259 8
7481 13279 10
2018 12274 3
740 16261 10
717 1345 4
17966 19433 1
4491 16762 8
11087 23403 1
4547 6135 9
1979 7778 5
7203 12905 9
5360 9506 4
6528 8004 6
1904 14100 10
22503 22948 2
5493 20626 3
416 15808 7
8342 19219 7
4365 6867 9
1903 5007 5
2758 17923 7
24458 24607 8
2957 4821 8
1059 1936 8
3662 13745 7
21310 23264 10
496 24609 4
11154 16504 2
7798 24188 8
4224 9002 3
4988 6314 3
769 14765 9
16224 22763 7
5932 21619 5
1174 3207 7
3580 5333 4
4724 17633 5
3588 13972 9
3289 12010 8
11284 18107 3
2519 3029 8
605 6423 3
9904 24397 6
10874 17446 9
5390 6367 3
5913 8301 1
5924 10767 4
5550 16074 8
4121 18745 4
1744 3724 9
2047 13744 8
1944 2877 8
6129 10514 2
14904 21398 4
15026 19705 6
2130 24294 9
11056 22520 9
7501 15255 5
9473 14121 1
12195 23006 3
6667 19988 1
1484 12287 7
493 20472 3
6476 14492 6
3427 19252 8
17809 20696 9
3323 23507 2
20949 21149 9
15973 16639 9
6083 21595 8
2122 5496 10
652 23043 4
7037 13626 1
2271 3901 8
1723 9103 2
2700 8696 5
1521 16362 5
12620 17678 2
902 15820 5
3737 21198 9
6215 24276 7
4448 17291 5
14763 14834 2
768 10220 6
15683 18153 6
4762 23167 3
4631 20238 6
4226 7790 10
7018 11689 8
120 3017 4
1531 6371 8
3060 19889 3
6786 13672 6
17743 24638 5
8291 11508 1
12667 22533 2
14814 20691 1
21191 24049 1
374 22592 1
3796 9352 7
2373 3574 7
8271 8683 7
5719 11988 10
7322 21952 6
6925 23064 7
23443 24001 2
9928 19058 1
12688 17116 4
7222 8112 8
1263 1793 10
2260 2873 2
7203 18035 10
5600 7722 8
1769 23811 1
7419 13360 2
13411 22680 3
6037 10497 8
12899 24758 10
3425 6375 6
4345 22769 4
5612 9757 1
4767 11568 7
7407 12888 6
2578 18123 6
662 770 1
11992 18771 1
4145 23670 3
6171 7877 3
3593 16704 10
6991 14795 2
2856 3789 6
2516 3778 2
17906 20953 5
3128 18251 10
2319 11966 4
7393 22711 9
3812 23659 10
9081 21131 10
743 14871 4
2533 18829 9
1679 9925 6
4335 7137 2
4182 17632 10
3926 6588 1
4898 12366 4
6130 15793 6
1282 20942 4
7198 7415 1
5654 15569 1
19498 24887 6
281 2843 9
2638 4153 8
9388 11188 6
9281 17795 10
2451 4183 9
3375 13148 3
6060 12079 9
4848 9793 2
8169 15539 7
8482 19180 1
4108 6389 9
1270 13858 9
1362 3426 3
3320 7321 2
12012 14208 8
1221 19302 8
5014 8586 3
2894 13835 7
5209 17448 8
3327 4541 5
10377 11388 3
1096 12124 3
345 10526 1
8794 15919 7
2291 3584 9
2332 5754 2
2087 18973 6
8711 23862 8
6747 24833 2
4097 5110 10
240 21458 1
688 7037 4
709 5797 4
7485 14578 5
174 6245 6
15994 22584 10
8392 13080 1
7839 20511 1
974 4395 1
8671 19026 8
3482 19061 6
1295 17005 10
17550 20368 2
8011 10495 5
4336 21970 4
2800 5222 2
1962 7618 5
6120 15160 6
4072 15892 10
3487 15541 8
21 15689 10
2261 6190 4
2816 8744 6
9384 14179 10
1772 4450 2
6859 18578 4
19173 24786 1
3956 15116 3
10734 22169 9
8961 24401 10
15580 20675 5
4433 5288 1
4345 9084 8
1226 1254 8
10051 20246 9
1000 10674 2
1402 23029 4
1370 17869 3
5750 17212 5
6115 7338 4
11770 13899 7
853 10175 10
5887 7720 10
23 19225 10
17532 21293 1
7330 17478 5
1249 3086 2
5872 12035 5
6008 7325 6
13232 18660 3
17378 21232 9
5509 8477 10
6086 22384 3
443 5815 4
15657 23220 8
14521 18694 4
18633 20489 4
17089 19393 6
4371 23629 4
1479 5755 5
21111 22712 3
3394 4146 1
904 12515 5
6494 18223 9
3602 17734 10
11675 22493 9
4179 9271 6
3347 14197 7
4289 4700 6
13952 19764 8
17410 18302 10
5097 22809 6
12414 19775 8
13502 22946 5
9713 10163 9
3673 7226 2
1850 5473 10
15022 17619 10
7864 9980 10
5809 18296 7
2514 21572 1
6649 7972 4
5527 15075 2
15367 21485 3
18327 20594 6
4232 11537 1
5340 18714 2
6233 7798 1
14730 19143 7
2154 18719 4
3058 21100 2
775 18820 2
114 884 7
5377 13697 8
12790 15511 3
951 4530 8
8115 13992 5
6622 7409 5
10837 16071 3
4 14852 5
1940 6443 9
2664 10882 4
11011 13078 6
4075 5272 5
4159 22298 7
2529 3966 9
3119 20880 1
681 4532 8
3937 5258 6
753 5046 8
13197 14595 9
4452 4772 9
5280 7704 9
6152 23533 10
5664 8867 6
9578 18166 4
778 14874 6
8847 17265 6
1000 15026 10
658 1546 7
1630 17600 4
6116 6774 8
3202 17919 9
3811 4239 5
6514 24538 3
917 13430 2
14913 22678 3
2538 13405 9
5140 22811 5
3589 7134 6
6198 17410 3
4110 6254 6
9106 17936 2
5495 21560 6
16853 23672 5
11768 13520 1
10085 13828 4
4320 19031 4
16883 19357 8
6471 12550 3
16376 18922 4
14626 22470 2
4706 22426 7
704 11735 3
4321 16834 3
4255 15459 2
3979 6465 1
7384 8734 7
5145 11026 9
15854 22354 1
1573 20845 2
10118 20913 9
8842 21244 10
3488 17973 9
2751 10124 7
14629 16436 6
6671 13473 10
208 1329 7
7090 21182 7
4855 21741 4
4207 6405 9
810 5578 9
3688 17556 10
6976 8715 10
3536 4777 3
20754 23161 7
9746 19162 1
315 16729 9
6690 14453 4
4649 21344 4
5767 22462 5
13458 13963 10
6015 7689 4
6385 14309 3
5129 8981 1
13699 21869 1
622 21943 3
1758 23535 4
5626 5830 9
729 4503 10
6405 22720 9
7908 11946 5
158 4296 7
1290 6317 2
1023 8157 9
4996 6239 9
897 7264 2
7649 21021 2
18690 21265 7
3002 4392 6
19675 24646 4
10906 20833 3
2485 11027 4
1276 6544 6
1337 8706 4
786 15474 3
1635 11206 5
6175 6650 2
2422 18769 6
5375 9885 4
4324 18244 8
3291 16985 5
9970 20318 1
3300 24312 1
2537 18322 9
1119 19193 4
6113 12856 5
1534 4387 9
1457 3639 6
3128 5133 9
5096 22573 1
2403 2507 7
11373 22396 3
7338 10538 8
6347 17929 5
13175 15188 8
15605 20857 8
7915 19662 6
240 16404 4
1287 3947 7
5004 16695 6
11465 16766 1
16657 18351 6
234 14769 6
4488 14501 5
10423 15411 1
7731 10559 6
36 4027 1
3624 8172 2
6029 7168 8
3971 10115 9
2060 12860 4
5636 21962 8
258 288 6
2462 23875 7
2653 3476 6
2883 3705 10
1850 6930 4
2177 9530 9
6521 6931 9
5469 16766 9
14145 15963 9
2577 14138 1
6195 6418 8
1998 11808 2
1145 12067 3
3809 11053 2
6526 22542 4
12359 21828 7
1463 12347 3
3317 4344 7
4391 17301 5
3802 6704 8
19911 22866 3
17008 22360 3
16853 23040 9
1885 5870 10
8887 19775 4
1379 6584 2
4119 12384 2
7288 19129 9
10485 21381 1
14135 14393 3
9142 17899 2
414 11993 10
10446 15884 5
9330 16885 5
6954 24123 7
12910 15647 3
2326 2863 10
8274 24881 6
5187 16724 7
343 14344 3
3123 12686 10
10299 23455 5
12913 21158 9
3891 6891 4
7303 24050 3
2476 13703 10
671 1387 10
1815 2246 3
7501 13168 9
2482 16218 4
3386 7700 5
15597 23122 3
4307 15634 8
1038 2385 4
3571 16836 1
4284 12381 10
9087 23400 4
5087 6782 3
5846 12322 4
16803 18981 1
7064 13782 4
2317 21199 8
444 24836 2
4401 17061 5
15810 22065 5
5677 12684 3
3553 6344 10
2010 12402 7
18652 23462 9
5682 19386 4
509 1110 2
7435 8023 4
10507 12248 3
13384 19788 8
662 4223 10
205 4948 10
8462 23450 7
11420 12073 2
893 3112 6
2907 18257 9
1335 18810 1
18989 23555 10
9591 12895 3
1636 13815 4
11107 23251 7
11800 16693 9
2267 13686 8
14442 16509 5
11134 15313 7
1855 19650 7
1510 8088 9
14345 24617 2
384 3026 7
4735 10310 2
14462 17629 6
2635 15590 8
16125 24489 6
4728 18481 7
12747 18847 10
2891 4518 6
11520 16955 5
3611 21417 5
2982 7554 8
5403 6604 2
1939 2656 3
1575 5839 3
3539 15378 4
2586 5933 9
1477 11506 10
14554 16734 9
1152 4765 4
3216 13503 3
3097 13550 4
905 10832 1
5703 11902 4
10273 17292 2
3443 5168 9
2694 2965 6
15588 19152 5
5868 11121 2
6795 23601 4
2738 4228 10
2844 4513 3
4373 13482 3
11963 23283 4
5760 10873 7
9553 16946 4
4963 23414 4
4868 15832 7
1058 1589 2
10213 14303 5
6579 9833 9
4364 5619 7
900 1711 5
5871 10711 2
4720 19908 6
4539 17855 9
5688 9698 7
11364 11844 5
10260 20594 5
611 2769 10
13159 18425 3
2751 9314 4
10470 17625 4
7884 12420 8
1017 20870 9
19004 22416 2
951 11047 9
7160 21611 10
7671 17552 2
1603 7174 7
2465 19835 6
14342 15033 1
5007 24797 1
7218 17902 1
3032 7477 3
3183 16811 8
522 6038 10
297 9335 1
4138 4601 6
13171 16296 8
5369 24562 3
9750 21588 10
15601 23597 1
1319 3985 10
1285 15868 3
19302 19855 5
6097 14200 7
1015 1383 10
416 3638 9
2989 12305 7
1041 12238 9
104 4770 8
444 5711 4
3757 8909 2
3843 12191 5
5225 8968 8
11837 23222 7
1813 16964 2
210 11619 10
1372 21420 3
3309 12247 5
2115 15059 10
1634 23913 5
154 6223 3
10222 21646 4
75 1978 1
20987 22899 4
4959 19823 8
6829 21037 8
9173 22245 3
221 6526 10
15816 15924 1
10526 10942 4
691 17855 3
8295 21390 4
8804 23944 9
3280 5007 8
4719 20133 3
11362 18540 2
7312 17568 4
802 7651 6
5220 17363 5
550 10278 7
5265 21383 9
3933 20908 6
8830 14603 9
2241 12417 8
4121 9692 9
663 10181 7
651 5443 4
4395 20191 4
5021 17626 4
6385 13398 4
1608 9540 2
9497 19274 8
18985 21662 3
2254 17511 6
5783 7487 7
11653 23900 8
2795 4127 10
12442 18143 3
406 5715 9
1894 6850 10
9615 15144 3
6090 6711 1
11344 21143 5
535 22405 3
8346 15770 3
2737 4364 8
1310 22127 8
18160 24012 3
1897 2326 3
750 15479 9
858 3193 7
2986 23921 10
12512 13326 2
7699 8472 2
840 6340 9
2257 10278 5
3967 9716 7
6733 24631 9
1779 6805 4
11390 11480 5
791 1405 10
17777 20249 5
2896 22283 9
188 5504 9
2156 10624 6
7634 24462 3
15396 18981 3
7263 17496 6
6323 17051 2
15595 19983 7
3456 24421 7
11748 12700 1
21640 22612 2
3966 11430 2
14234 21313 4
12887 22281 5
2555 14374 7
2790 20492 9
3128 7046 1
200 1779 1
6796 9809 5
2495 6671 9
1939 7767 9
6055 7244 1
2639 3196 3
5162 24341 1
372 9616 5
107 13732 1
19497 21242 4
3497 14998 8
644 18462 6
6822 19137 10
2361 19723 3
1268 16664 8
14763 16624 9
7279 13357 1
690 5005 9
21069 24455 1
5758 7329 1
840 7751 1
12179 13478 5
2029 3137 8
1947 14370 4
10765 16729 2
11120 14474 3
203 3579 4
6059 6156 1
876 5080 2
9045 14307 2
9182 16023 9
1964 21004 9
3642 4999 7
14769 15312 7
18 16558 7
15553 19410 5
10845 17090 10
3646 6571 10
1949 3707 3
4528 17121 8
2241 3348 7
9858 19474 7
6286 18131 4
6475 7303 6
10560 15952 10
4377 22695 2
444 4234 6
2024 15899 3
13856 22453 9
2014 9409 10
8651 19518 9
6849 20134 5
5337 8249 8
9831 22341 5
1482 5484 5
3066 8416 6
3509 11379 5
1683 6504 10
2077 7399 8
13146 15398 6
1002 14491 10
2531 7049 2
4783 14529 3
819 5473 6
1851 1934 9
10613 23349 1
3033 15660 5
3652 4851 8
3343 22077 4
3173 19569 3
18338 20706 10
5464 11451 8
11600 15950 10
882 9190 9
1011 1213 3
7191 16403 7
6403 24692 7
5985 17727 8
18343 22624 1
7882 19930 10
16819 20275 3
4261 6225 8
2311 16672 9
5815 15564 3
4570 19549 6
19305 22735 3
2845 12741 10
11847 24830 9
7362 24650 9
11608 19469 6
10419 18340 4
866 21832 10
2541 11416 10
17877 23575 8
5453 5815 4
8456 19959 9
15974 17506 3
11355 13622 3
2179 14399 5
987 20659 4
15084 20353 10
6268 18855 8
5748 19255 10
1004 7173 7
658 3370 1
2265 17020 4
7266 7418 10
6316 22029 3
947 3169 10
10539 17128 6
4863 6097 4
8949 11162 8
5215 17769 2
2137 4216 5
1426 14181 9
2351 9643 8
4916 16330 9
4072 15491 4
3715 7214 9
1869 10439 6
3704 17231 1
2110 11924 10
