5000 0 0 1
3229 3929 6
3929 4742 8
3929 4818 2
3909 4818 8
3909 4930 8
3909 4534 8
1570 4742 10
2366 3909 10
889 3909 5
1570 3880 9
889 3273 5
989 3880 7
1408 3880 9
1408 3101 5
989 2903 1
1762 3880 5
90 3101 6
3880 3995 5
2317 3101 4
1465 3929 5
3880 4102 1
38 3273 4
2366 2842 10
2303 4534 3
3229 4781 10
3253 3995 7
286 4781 3
4750 4818 2
4446 4930 3
4558 4930 2
4297 4446 4
882 1465 1
1147 2303 3
286 708 8
1764 4558 10
3880 4806 6
758 3880 10
702 3273 1
3929 4041 2
3756 3929 4
2898 3756 1
889 4475 3
802 2898 8
495 2317 3
742 3929 4
246 3995 8
3022 3273 2
286 4717 2
4930 4974 10
286 385 6
823 1408 7
739 823 5
2195 3229 1
2968 4475 10
1762 3415 10
488 3101 1
90 1364 4
2842 4995 4
4712 4995 6
1507 4558 9
1296 4806 4
882 1588 5
882 1959 6
2366 4708 8
3756 4904 6
1570 3768 6
90 4951 9
1570 3621 8
3542 4930 1
726 1959 1
1465 4733 4
3247 3542 3
823 3317 7
90 2368 5
796 3273 6
4105 4995 8
3351 4708 3
1095 4446 9
981 3229 6
708 4557 6
2195 4670 5
4446 4590 4
4733 4771 4
592 2903 7
1762 3824 3
149 4712 10
38 3506 10
1296 3680 3
4041 4208 5
592 4275 7
758 3981 5
989 3416 8
3841 4041 6
708 2999 8
1296 3789 4
2781 3995 3
1055 1296 7
764 981 4
1219 3880 6
38 1587 5
1741 4806 7
1080 3542 4
708 4181 10
246 3420 7
753 4181 4
764 1229 8
10 1465 5
38 2142 2
641 1147 5
2898 4574 2
4717 4826 7
1959 2766 5
2886 4590 4
485 1408 9
3841 4463 3
2160 3351 4
779 3909 9
599 4534 6
3376 3506 9
1874 3253 4
989 1754 2
1587 2973 8
641 2213 10
882 3206 5
3841 3912 4
2633 4974 5
888 2968 3
3995 4948 1
3887 4974 10
1408 4047 4
802 2769 6
592 3517 7
702 1790 1
742 4082 9
1507 2839 8
1356 4082 6
562 4717 8
802 1039 2
17 3206 4
2115 3768 3
3101 3604 7
1095 2177 5
2951 3542 8
2317 3673 10
3297 4948 7
1587 4737 10
1390 3995 8
1039 4278 1
599 4441 9
3177 3841 8
889 3258 4
779 1112 10
341 2195 7
519 4275 5
90 1033 1
1033 3936 5
1994 4181 9
1898 3297 8
3887 4328 7
231 3317 6
1823 3936 7
3101 3931 8
180 3229 5
1587 4936 7
796 3136 6
2886 4799 1
3229 4260 3
1587 3562 9
916 1741 1
1465 3009 4
3756 4233 6
4194 4260 8
779 1998 4
3297 3761 10
1800 4102 1
3936 4206 8
1764 3540 4
2665 3673 4
861 1364 3
753 4925 3
2786 3931 7
989 1008 4
1507 2563 6
1008 1142 5
1593 3351 4
1327 4708 3
3905 4102 4
1390 4620 5
2791 3416 6
802 1082 7
2498 3887 5
1008 2056 1
411 3841 2
3463 3981 4
510 742 7
3761 4580 5
624 888 6
693 2766 6
526 2303 1
2898 3211 10
2330 3247 10
2119 3506 3
1364 4191 1
3371 3905 4
439 1754 1
2220 4558 1
10 3304 6
1507 2296 9
1095 1396 5
2296 3597 1
404 1764 3
2968 4443 3
3017 3540 9
2865 4717 2
2115 2452 4
1665 4441 3
2886 4151 3
1405 2498 3
3555 4936 3
2211 2220 7
4463 4966 3
3323 4951 5
2211 4867 7
2294 4781 2
726 1438 6
3611 4936 8
3343 4151 1
38 2582 3
4275 4412 1
1408 2482 4
2188 3258 10
510 2538 7
3981 4131 5
1998 3535 3
3970 4708 5
1743 3351 1
49 1790 1
3555 4847 8
2802 3535 3
3343 3449 7
1593 2244 10
587 2303 9
1898 4739 4
246 3593 3
1968 2317 2
720 4047 3
739 2315 7
1212 4818 1
1917 3680 6
2703 3761 5
981 3435 5
167 4328 9
1969 4082 8
473 2633 7
764 3694 3
293 2665 5
2294 4112 3
545 4441 5
1390 1530 9
422 779 4
1749 2786 2
1212 3834 10
138 4574 7
167 2416 2
1199 3323 4
1835 3304 6
971 4534 7
4441 4594 6
1918 4105 1
1323 2195 8
989 3702 6
3702 4143 5
3065 3789 1
802 2026 9
1395 2951 10
1465 3498 9
1015 3542 10
38 4432 5
341 2127 2
3254 3702 10
2538 3364 3
813 1390 1
439 2361 10
19 3463 8
2257 3463 6
875 3981 1
764 4482 2
2941 3611 8
2538 4287 7
800 1994 1
2791 4741 10
385 1046 7
1410 4082 6
4191 4825 1
914 2941 5
180 1249 3
2819 3621 1
184 2257 5
1112 3753 10
1764 3331 6
324 1438 3
2251 3887 9
440 1039 3
385 1076 8
882 3728 7
2769 4470 3
535 4105 4
1276 4143 6
3404 4041 2
1959 3546 1
1997 2839 9
2230 3065 8
1405 2900 9
989 4043 8
168 526 6
8 2766 3
4290 4443 7
3880 4638 1
804 3463 7
1361 2839 1
1766 4818 9
2083 4925 6
3004 4806 9
4186 4446 6
886 1249 9
226 3753 1
312 495 6
698 4904 4
4048 4194 8
2482 4957 10
1530 2504 6
2956 4708 7
122 2903 6
1015 4207 1
1874 4861 3
10 3997 6
985 3753 9
2083 4059 10
3463 4107 9
1983 3253 6
3211 3457 2
3228 3258 5
196 411 6
800 2744 6
2342 3621 2
2160 3622 9
2361 2484 6
938 4936 6
2153 3887 6
1396 3412 4
2061 4441 4
3007 4951 8
915 4191 4
510 1729 1
1047 3331 9
800 1073 1
122 1509 3
916 3097 2
522 985 9
989 2995 10
699 2160 9
3609 4432 7
65 3540 7
373 440 9
1943 4574 10
112 2941 1
796 3553 2
3393 4043 7
179 3177 9
535 4864 9
1759 3317 7
184 2988 4
2694 3622 8
485 1309 1
2244 4631 4
562 4171 2
886 3291 6
4433 4930 10
1903 2865 7
949 4470 7
323 1080 2
65 3973 4
312 517 7
688 3546 6
872 1047 2
1408 2757 5
3017 3919 1
226 4002 6
3393 4914 5
1018 3343 7
1751 4771 6
726 3016 8
2726 3009 1
3753 3942 6
1152 3463 4
2142 4841 10
3481 3540 3
4638 4801 6
702 3276 1
929 3694 2
1356 2428 3
4151 4978 6
49 3110 2
2960 4131 3
1729 2711 4
545 3002 7
1903 4414 9
1146 3412 10
3805 4446 2
2900 4321 5
2744 3918 7
4035 4082 3
3017 3182 3
422 2422 8
742 3069 5
1733 3412 9
312 2831 10
2345 4112 4
624 1579 4
167 2281 7
3968 4742 4
201 4861 7
1202 2257 1
112 4383 4
3182 4827 6
1279 1874 1
1408 3641 10
2498 2749 7
2568 4048 8
753 2232 6
4029 4131 3
794 2504 4
1897 2484 8
1237 3276 3
1994 3792 1
903 1039 9
398 4035 6
627 4733 9
624 1424 2
985 2129 3
4191 4628 3
903 1365 10
1405 3544 9
308 1587 1
2444 4974 1
949 1289 7
1395 4099 7
2444 4133 8
726 2996 7
316 2177 5
802 1625 1
2230 3501 2
4526 4867 8
3498 3685 2
215 1289 2
2555 4966 10
2289 4948 1
3253 3454 2
3676 3834 5
844 1296 9
3297 4254 2
1599 3756 8
872 3858 8
122 157 7
3749 3841 9
3245 4233 5
3884 3995 1
742 1637 4
3823 3995 2
1943 4616 1
2564 4297 2
606 2119 6
2484 3106 7
2187 3454 9
2059 2452 2
1597 4914 5
2232 3821 1
2773 4914 5
1365 1427 3
3803 4864 2
4002 4354 8
1823 2321 1
1152 3906 10
246 917 8
157 4748 7
2962 4904 6
3331 3432 1
316 4018 7
3753 4971 5
65 3774 4
722 3774 5
742 999 2
2257 2678 7
1289 2088 10
2583 3206 4
3017 3292 5
3983 4620 6
1324 3728 5
184 4250 8
17 2756 3
2056 3268 5
3568 4951 10
1637 4926 5
2665 4502 8
3720 4930 10
1641 2678 8
951 3136 10
1356 3023 9
1984 3101 3
802 2858 8
206 398 3
1623 4558 1
2400 3546 6
742 2128 2
1034 2142 5
738 4041 9
3770 4864 6
3663 4957 10
2184 3177 10
2142 2327 5
2162 2211 6
175 2361 9
979 3641 7
1191 1570 5
2934 4082 2
4739 4924 8
4260 4531 7
1442 4580 9
1661 2941 3
1959 2780 6
1681 3517 4
2251 4284 10
2400 2558 5
914 2065 4
3074 3206 3
1891 4133 5
2582 4428 9
1658 3535 10
605 1080 1
118 175 2
2065 2577 2
485 1084 1
1729 2810 10
517 4255 9
3283 3415 2
2150 2865 10
2694 3582 3
2633 3580 3
4824 4825 10
90 1299 5
3691 4616 2
425 1080 1
581 2177 6
1395 4000 8
2577 4673 8
1597 4649 5
3435 4595 5
2722 3435 5
699 3891 6
2327 2654 6
1074 1743 1
1185 2757 5
2908 4018 6
1146 4661 9
2932 4194 3
2654 4106 6
1443 4737 3
305 3023 1
1994 4639 3
74 2568 3
1745 4673 7
4072 4446 4
2758 3364 7
2350 2810 1
896 4639 1
1434 2842 4
383 2564 10
1299 1345 7
488 991 8
434 3792 7
1729 1811 9
4347 4867 5
1142 2448 5
1498 4595 2
1893 4181 3
4592 4978 6
3774 4521 6
3685 4145 10
663 1034 8
1073 1791 6
3491 3821 10
791 1579 6
3524 3562 4
2587 3415 1
226 1214 3
2558 4982 4
411 687 9
2294 3173 2
373 1197 6
804 2527 2
4219 4737 4
846 3968 9
2200 2452 3
2908 3579 4
3629 4000 1
985 1426 10
2158 4284 8
2709 4748 1
452 1943 5
2211 2727 4
2289 2635 9
1884 4638 6
56 1588 9
3555 4302 10
2296 4489 3
3582 4979 4
3599 4521 6
2645 3761 3
3148 3841 5
3492 3676 6
2254 3297 10
599 3908 8
15 592 1
1777 4580 6
1144 1442 1
938 4577 3
312 3250 3
535 1942 7
606 1178 9
2162 3645 2
1969 4693 6
762 2555 9
864 3253 2
17 2490 5
3082 3136 4
214 1034 7
4092 4742 9
226 4963 8
2281 3218 9
4614 4971 5
2262 4099 7
3364 4822 10
175 4459 7
263 2296 8
27 175 5
888 3290 3
1084 4950 5
38 4368 7
4479 4982 2
1496 4867 1
1917 4522 8
2570 3463 3
179 282 2
90 4077 1
2403 4590 4
1597 4911 4
1510 4208 5
2259 3253 9
1033 3470 3
3264 3501 6
2758 4582 9
3297 4309 8
348 2665 9
1257 4733 5
138 2104 4
694 4971 4
1671 2527 2
916 2961 7
3805 4548 10
2818 3463 7
2053 3908 7
536 1587 3
3773 3981 9
341 2421 7
2678 3577 4
1172 3579 9
1749 3651 6
2195 2306 3
2083 2419 6
1364 1461 6
3173 3328 6
1941 3007 5
2188 2673 4
3495 4580 10
772 1408 1
2415 4557 3
155 2999 2
2600 3454 8
2769 4915 2
90 757 9
987 3535 9
1751 3859 2
4966 4997 1
5 4143 6
1191 3708 8
1547 4982 4
112 1504 5
772 1828 4
896 2624 8
751 2818 8
263 2017 9
2844 4799 6
3140 4592 9
962 1015 1
1729 2519 5
2404 4206 8
1375 2056 8
1828 3422 4
1759 2917 10
3023 4385 6
839 4557 4
341 1726 8
1390 2079 10
3689 4443 5
1743 2046 5
1182 4673 2
434 733 8
1214 3312 10
720 3185 5
2011 2415 1
912 2703 8
222 3283 10
1064 1790 7
373 3428 9
120 536 5
2591 4982 6
293 467 4
3756 4871 9
1142 1839 3
52 1390 5
2321 4388 9
122 3259 1
495 3515 6
849 1365 6
1395 2778 7
2211 3767 1
2199 3264 9
3404 4766 5
2900 2997 1
693 4846 4
725 3773 5
2107 4479 10
4669 4818 2
2647 3016 1
206 866 10
2957 4035 5
676 1172 7
1611 3651 9
3216 4826 6
2890 4995 3
1354 3908 5
2366 3493 4
1520 3016 6
1344 4047 1
3158 4521 6
1874 4683 4
111 3343 6
2139 2647 9
2343 4594 5
3773 3799 8
2647 4567 2
2150 4203 8
4431 4670 3
586 3908 3
641 4358 5
1288 2678 10
326 1365 9
3888 4781 6
1689 4328 2
2034 4717 4
1828 2406 6
1147 1263 1
1814 4443 2
1337 1983 10
702 2197 8
3212 3216 1
766 951 9
215 2747 9
1396 1834 7
4474 4966 6
794 4514 10
2570 2884 9
1328 2403 7
82 1257 1
2195 2952 5
2350 2371 10
587 1122 1
466 3599 8
1305 3906 2
339 813 1
1607 3611 3
2651 3328 1
2402 3498 3
624 2610 4
1423 3761 2
3062 4827 6
4694 4978 5
2622 4683 4
385 3369 1
194 1918 6
3158 4743 9
3396 3580 3
2498 2653 10
49 1124 4
1306 2780 10
1395 4150 5
462 693 10
3638 4871 7
1745 2074 1
2113 2703 5
2647 2664 2
794 3903 4
522 731 2
3931 4210 6
1815 2306 5
4099 4172 8
558 725 7
888 3132 7
2073 3997 7
1169 3328 5
2303 3418 6
916 4543 5
2727 3615 2
2781 3513 10
562 3220 7
38 4095 9
1449 3481 4
2722 2826 2
2673 4292 4
981 2578 2
406 1984 5
2072 3415 10
82 3548 1
2658 4502 8
3049 4482 6
1226 3540 5
1144 2249 3
1132 2254 1
349 624 3
3041 4974 4
799 2568 1
2115 3575 9
246 602 10
553 4112 7
2108 2281 1
4167 4577 10
567 1759 7
2860 4594 4
2200 2413 2
3972 4383 3
1276 4648 3
2530 3049 9
1438 4144 4
1633 2254 8
1463 2568 5
1169 4775 3
1023 4206 6
570 3931 5
56 3487 2
112 3102 8
3884 4378 9
3399 4806 3
1289 3133 5
3615 4108 10
1616 2281 10
1507 2307 1
325 2538 6
5 2944 8
3271 3580 5
65 3885 4
335 2786 2
2146 3364 10
1050 2538 3
2244 4305 2
1579 4418 3
2810 4602 5
118 3476 9
1288 4735 2
1390 3090 9
326 471 8
2307 3551 9
1219 3709 3
2217 3689 8
1602 3211 7
1690 3041 4
293 503 2
903 4377 7
1570 2762 6
111 1016 3
938 4115 3
3613 4806 3
1733 2901 5
2498 4243 7
606 2432 9
1968 2274 1
539 1998 8
1595 2622 10
3015 4801 5
2065 3078 6
112 2147 2
1279 4626 9
2038 3351 1
670 3709 6
2498 3890 3
2890 4363 2
1071 2762 6
3162 3629 6
1296 3462 4
3378 4290 2
3008 3470 9
1800 2559 1
870 2342 8
2265 2274 9
862 1249 5
3184 3415 7
834 971 10
1693 4626 2
674 4043 1
573 606 1
710 3799 6
1324 4076 8
1420 3062 4
714 4534 5
1564 3542 5
86 3884 4
579 2917 9
1443 2004 6
3471 4115 4
2926 3069 5
2059 3605 10
238 2995 1
1625 3261 10
2257 4367 8
1147 4376 1
239 2072 9
1834 3469 10
763 3580 9
336 2564 8
65 410 8
1824 3062 7
386 3268 3
1599 4152 9
562 2939 1
253 1891 10
2012 3292 6
929 2655 1
770 3041 2
2781 4581 2
381 915 2
2678 4180 1
1692 2577 3
899 2839 5
1432 3292 5
520 4557 4
2187 2318 9
963 1815 8
1567 2647 8
914 2226 4
2476 4737 3
4620 4984 8
3259 3915 8
2582 3791 8
1791 4769 1
1884 2099 3
1223 3823 8
1633 4052 6
1373 3015 9
2505 3515 7
277 4577 1
1059 1420 3
1611 4439 3
545 3115 5
3615 4745 1
1579 1716 1
4522 4976 4
366 2177 7
231 3207 2
1763 3579 8
4853 4914 2
4669 4749 9
3458 4385 2
1074 1206 5
4418 4863 3
3912 4016 9
3889 4775 1
2886 3974 6
9 27 3
107 3449 3
2232 4632 10
158 2416 4
921 1219 10
1015 2518 4
903 4430 10
1593 4795 10
918 2119 5
3711 4864 3
258 339 1
2287 3418 8
1634 3449 2
1337 3964 1
277 4561 1
2034 4525 9
3908 4510 1
843 3546 10
1346 1811 4
915 4271 1
1008 3511 10
2645 3627 4
1132 1319 8
2174 3756 5
2279 3513 9
1863 3964 3
866 1965 7
4439 4908 8
918 4703 8
929 2814 3
3891 4338 3
3865 4639 8
308 1857 9
991 2185 1
733 3091 10
3087 3931 3
3177 4311 9
3951 4367 9
1049 3253 5
214 1201 5
2013 4271 6
2742 3622 10
2383 4826 10
1720 2129 10
367 4904 3
3458 4343 1
2997 3103 4
1799 2232 4
91 2428 7
606 4237 9
2061 2623 5
23 246 7
1815 4064 6
2791 4442 10
1912 4735 5
554 4514 10
1893 3897 9
1623 2349 9
2150 3214 3
2745 2786 4
2733 4826 1
227 2490 10
516 4191 9
1244 2781 2
1021 2115 7
1181 3997 10
122 4839 1
2424 4971 6
670 4765 9
160 1229 5
1527 4974 6
339 4034 9
2996 3095 2
2330 3813 6
131 3915 8
2413 4156 3
251 4271 1
2523 3931 10
1642 4255 4
158 1505 5
1172 2693 9
143 3621 9
133 2973 2
2999 4935 1
3912 4770 6
1206 1294 2
1480 3673 9
2559 4959 3
1920 3415 3
3112 3880 2
162 3254 7
1599 4571 8
2708 4649 6
2192 3158 6
3079 3517 3
2478 2957 5
190 1994 1
539 1819 4
281 1823 8
195 4925 8
1509 1812 3
1286 3097 5
2354 4594 7
2115 4646 7
4260 4440 5
3598 3885 6
214 4609 1
59 215 9
1416 4739 10
258 1314 1
2142 2356 6
3469 4334 2
2427 4302 4
87 526 8
332 1356 3
1166 4582 7
2996 4024 4
1226 3748 3
3555 3800 8
674 793 1
2366 2987 6
2031 2422 5
3101 4728 5
1599 2597 5
1994 3788 5
1049 4492 4
2527 3670 4
978 4926 10
1422 2079 9
4470 4857 2
2438 3774 10
2073 2985 7
3676 3763 5
4502 4980 8
682 796 8
1191 4568 6
2231 3582 8
1459 1505 5
668 2330 9
612 4824 8
2029 3261 7
642 4693 7
238 4477 1
1464 3216 9
308 1382 9
2682 3638 4
3462 4923 1
3273 4796 5
1465 1550 2
389 1071 6
3652 4749 5
570 4293 4
1238 1305 10
341 792 10
3587 4106 1
1542 3328 5
1263 3967 5
1988 3008 2
2007 2371 9
517 857 5
1696 4748 2
96 1658 5
963 3883 2
771 804 5
840 4477 4
2869 4112 4
863 3582 5
339 2215 4
1374 4439 7
1376 3918 1
1437 4748 1
971 2789 5
1247 4582 8
839 3209 9
398 2062 7
375 1611 6
795 1459 8
3506 3976 3
3763 4009 5
108 4443 10
1930 2610 2
711 886 5
3506 4773 6
1074 2003 1
2655 3828 9
1464 4316 5
771 3407 5
650 1033 8
17 4189 8
441 2726 10
776 862 3
2402 4893 2
1760 3676 4
2115 2929 9
3093 3651 3
3528 4748 3
2708 3081 8
326 2864 7
2371 3438 8
3619 4648 3
3125 4107 8
1064 1826 10
453 888 4
1052 2413 9
1562 3290 9
1662 2257 7
2342 3762 4
1751 3249 7
28 386 3
1476 3976 6
433 763 4
349 4001 6
1657 2839 8
925 1692 1
1246 3343 8
10 3287 1
101 4781 6
863 4530 9
2779 4861 7
858 4156 4
2092 2200 9
1641 2332 10
1037 1665 9
330 3918 9
2345 4850 4
495 1906 8
323 541 10
3968 4272 9
345 3095 9
252 4530 3
1317 4649 3
250 1373 3
1009 3619 9
1336 4561 7
2137 4914 6
1963 2968 4
3836 4841 9
3889 4687 5
293 4855 1
870 1911 4
3611 4209 7
143 3033 8
1588 2172 7
1821 2147 5
163 3102 1
2559 4157 10
2538 2885 4
15 3916 10
3377 4368 4
2038 4227 2
592 2594 9
764 960 10
2115 4788 9
782 1729 6
1144 1904 4
4347 4680 8
386 3564 10
754 3110 3
2677 3762 1
100 2184 6
3431 4207 10
2282 4482 9
24 1197 9
410 2472 7
324 990 10
1189 3597 3
888 1325 9
666 3919 8
495 4496 1
118 2263 8
1252 2498 6
3229 4320 10
698 1448 9
4273 4525 9
1720 2683 7
1443 4349 10
650 2166 3
122 3980 4
720 2405 9
2100 2400 8
2383 2386 7
672 1965 3
887 1965 4
3500 3711 9
2074 4359 6
3305 3858 2
2831 4280 3
2643 3418 5
2439 4963 2
1459 2602 3
1356 2870 10
908 1323 5
2818 3769 6
4133 4701 10
345 3914 4
373 2080 4
3637 4923 1
1848 2742 8
4165 4935 8
2707 4278 10
190 3202 4
1994 3013 3
4663 4769 1
1615 3609 7
351 1405 4
2578 4684 4
860 4514 7
309 663 4
3511 3932 9
768 3438 6
3464 4673 2
2885 4040 6
579 1592 6
1634 4655 9
3680 3984 10
738 3623 5
2150 4547 8
1184 1390 7
551 4157 2
3718 4638 5
674 2618 4
117 2332 6
106 1812 8
2284 3762 3
1896 2092 9
1540 4502 3
2585 4911 6
612 2606 8
443 3575 7
2932 3920 5
1219 4955 4
2217 3849 5
312 3118 2
2142 2549 4
949 3313 4
1529 1597 8
111 1831 3
1485 4914 3
474 1903 7
1396 4718 1
1604 4775 2
1313 1906 1
1094 2254 6
2973 4643 9
1212 2893 7
701 3343 2
876 4432 10
1422 4885 5
2635 4660 6
3237 4908 9
2974 4072 2
763 2456 2
2448 3850 8
1297 3604 6
742 2205 9
408 702 5
128 1219 9
1404 3885 2
3274 4595 10
2439 3389 8
1537 2007 4
1321 4133 6
2960 3367 3
733 1242 7
1115 4806 5
2748 3524 5
222 4784 3
214 2605 4
1189 3468 7
1300 2444 2
38 2450 6
1174 4041 4
2012 2471 10
2652 4243 1
42 4781 8
2559 2725 9
1258 1662 2
1056 1595 8
2279 4688 2
1972 2257 10
2733 4490 9
195 4222 10
3115 3785 1
542 2654 2
3694 3734 8
544 4358 10
1376 1439 4
2577 2868 8
2476 4380 9
518 4475 3
1219 3244 1
2470 4522 6
813 1711 7
1828 4270 9
120 1079 5
889 3990 9
831 2900 3
2691 4632 5
444 663 8
2908 4704 9
1863 4860 1
3416 4884 3
217 4368 2
763 4654 3
1455 2711 1
1858 4002 10
451 3908 8
2187 4387 2
284 2147 4
1320 2858 8
474 1900 10
492 4643 6
942 2678 3
27 4724 7
1994 3657 7
52 2552 2
938 1088 1
852 3582 1
24 1663 8
796 2637 7
572 3568 4
3840 4846 3
1625 3815 9
1597 3786 4
1734 4150 3
4092 4515 1
2304 2839 9
3003 3720 3
1382 2803 9
206 1845 8
1692 3726 8
229 231 5
1068 4359 3
2979 4827 8
3896 4522 1
2316 4152 6
4174 4609 3
4470 4685 1
52 4989 8
1140 2651 9
1498 4533 6
1883 3013 10
522 3782 6
523 2011 7
312 2855 8
3791 4652 3
1117 1527 5
1733 4175 1
2923 4712 1
9 4089 7
146 2814 9
857 3280 8
1230 3580 8
1900 4869 8
2631 3008 7
3779 4237 4
2797 3834 4
2810 3373 9
77 1918 2
1223 2369 7
2956 4185 6
1655 2733 9
2818 2981 1
898 3753 5
410 1621 9
558 3037 9
496 3016 4
1230 2945 2
2656 4378 3
1301 1690 9
921 2090 1
3474 3774 7
1117 3262 3
3749 4435 4
833 1759 8
707 886 5
1423 2866 5
2276 4446 4
2500 4530 2
3167 4311 1
228 3805 10
2224 3849 10
200 1124 3
4655 4942 3
1879 2257 7
852 1631 5
2192 3150 10
15 1524 2
863 1825 10
1009 4373 5
2477 3887 4
3802 4592 8
2068 3415 2
3378 4249 5
1740 3840 10
1834 3018 9
2405 3895 6
108 4088 1
1018 3752 8
1702 4577 6
229 1721 10
142 1721 4
2513 4948 2
3328 4536 6
3897 4877 4
1252 4269 8
485 2252 8
942 2648 1
146 2362 10
955 2188 3
2832 2960 6
1644 2797 2
2781 4264 7
2274 3784 1
477 4446 1
733 3502 3
2066 2160 8
3364 4929 4
1223 2510 8
72 4255 4
1131 2903 6
4385 4800 3
451 4787 3
572 4386 5
4 1073 10
3194 4043 10
481 1930 10
1816 2287 3
1073 3161 1
1877 2220 2
1825 3384 7
3619 4815 1
2725 3550 10
1781 3888 2
237 4189 5
720 4600 2
2230 3612 10
862 4263 2
3065 4968 9
45 3615 10
722 3334 3
467 740 6
4470 4552 3
235 3492 1
84 4687 3
45 4887 7
2195 4540 3
215 1787 8
714 1339 4
373 2889 9
547 1633 7
211 1821 1
208 3784 6
376 2633 5
2852 3110 8
134 852 8
398 4337 10
474 1518 6
3308 4185 1
158 4350 7
597 4077 2
1488 4743 1
1494 2108 10
3861 3891 1
1374 2895 2
1242 3554 6
1734 2976 10
142 1118 8
871 3973 4
218 1791 4
942 3617 9
954 1900 6
1179 2107 6
758 4476 5
722 4155 8
3025 3376 1
2130 3577 2
655 3897 10
2713 4787 6
485 1683 9
666 4744 9
4512 4616 2
1698 3548 7
714 1138 3
2996 4762 6
281 1391 7
1001 2056 6
1346 3818 3
694 2998 6
59 3278 6
2654 4335 3
71 1008 3
536 4715 3
1252 4403 6
2119 2423 3
1305 1629 6
1019 4439 1
735 3095 1
231 3960 8
840 4932 7
1740 4351 8
1172 2353 3
1417 1828 3
1128 2232 6
822 1144 1
1055 4265 10
1059 2845 10
2284 3628 10
2307 4738 1
2829 4860 2
2537 4841 7
2157 3125 7
3222 3612 1
887 3027 9
2432 3939 3
641 1477 8
526 2497 4
2365 4525 7
997 2356 7
113 2007 9
2177 3046 7
1410 2539 1
2362 2700 4
2839 4188 5
579 2266 5
4655 4672 3
1984 4274 10
467 667 2
910 4567 7
646 4150 7
1041 3544 5
495 812 5
819 1741 1
868 4035 9
1420 4464 5
2681 2818 7
333 4095 2
84 1006 9
1811 2159 5
492 594 10
2325 3463 3
1459 2019 10
419 1432 1
2658 3656 2
196 2064 3
676 4697 4
3785 4909 8
860 3630 5
371 2371 2
725 2616 10
1814 2183 9
47 1448 9
3583 3702 6
2317 4241 5
4169 4655 7
2537 4390 6
326 4991 3
1183 2257 4
1414 3972 8
553 1493 10
2589 3069 6
2235 3763 8
1570 3434 8
814 3308 4
483 1463 7
3468 4986 1
1391 4772 3
892 3091 3
4748 4823 6
2940 4749 2
1276 3076 7
1025 2932 10
3452 4685 4
308 1946 7
3547 3609 3
1832 3393 4
348 3394 4
782 2815 6
556 1080 2
2382 3087 7
1057 4035 10
2862 4712 4
805 1562 1
411 1966 5
1750 3245 4
4414 4730 8
1550 2094 5
178 4002 6
96 4848 3
3047 4594 9
1859 4482 10
335 3832 5
2079 4535 8
3854 4001 9
2740 3069 4
217 966 7
530 551 8
1069 4064 8
3375 4660 7
3250 3732 8
1872 4373 4
1903 4010 10
2145 4207 9
3627 3924 9
2405 4322 4
2406 2507 1
3796 3858 10
2011 2175 4
3769 3975 2
256 520 9
1090 4112 2
2869 3722 2
302 2976 9
888 913 7
707 893 2
3582 4407 7
1887 2961 1
2023 2726 5
3612 3751 5
3 2450 10
1688 3412 5
3346 4784 4
1800 2971 3
525 3685 7
2228 2987 8
701 4224 3
238 4129 3
1341 2748 9
962 1171 1
2957 4977 6
2189 2652 5
873 1641 7
2412 3824 10
962 3221 1
3280 4438 10
186 3420 9
2893 4726 3
3316 3506 4
1002 4249 9
422 2887 5
277 4501 7
1111 1258 10
2019 2649 8
164 3468 7
1113 3495 9
324 3724 10
199 4557 8
240 3832 10
341 4830 7
446 2845 3
3774 4236 7
1625 2548 9
448 1745 2
386 3831 2
368 4186 6
2903 3275 4
981 3639 5
2056 3289 2
539 2499 5
376 4676 4
1996 3346 5
589 4848 7
29 4385 9
3690 4893 6
4186 4193 10
2965 3102 7
1598 1839 2
52 4247 7
2200 3477 2
3015 3584 5
2222 2327 8
1442 2487 3
1087 3915 4
3779 4357 4
3652 4910 4
468 2507 5
987 4878 3
2719 3207 6
3067 3728 1
3764 4388 1
1607 2434 8
2436 4476 10
2885 3083 7
534 3859 5
3281 4730 5
208 3000 1
836 3764 2
1614 2470 5
1351 4185 8
773 2655 2
1972 2271 3
801 4133 4
2858 4318 4
3140 4542 2
1176 4703 2
3640 4984 5
2437 3612 5
473 3330 3
1233 2187 10
1137 4818 5
23 2391 8
759 2471 7
2784 4430 3
3404 4504 2
4620 4804 6
1461 3365 9
625 1787 5
3304 3643 4
2249 3695 8
774 882 7
1213 4193 8
2762 3534 8
1157 3016 3
1400 4378 2
2364 3017 2
2230 3697 2
1903 3647 8
538 3858 10
3169 4510 8
4780 4980 5
2750 3276 1
597 3119 4
2529 4210 6
1527 3146 4
3557 4260 4
1663 4248 6
3458 4268 4
1941 4808 2
1097 2527 9
412 1242 4
2085 4194 10
2095 3027 3
643 2901 3
3640 4696 6
1644 2275 3
1277 2303 1
2057 4072 1
1656 4769 7
2633 2935 10
807 3789 10
312 4389 8
1661 3563 3
452 1123 6
2102 3914 7
3105 4293 3
654 4255 8
940 2870 10
3287 4123 1
979 2070 7
2205 3570 7
1314 4954 6
1704 3990 4
966 4071 4
1839 3781 3
3267 4989 4
1286 2902 8
3076 3307 6
1358 3291 9
2900 4834 6
450 3091 9
600 4092 1
118 1862 6
554 1950 10
99 4745 10
2852 3425 4
629 2762 4
1289 1668 2
2090 4541 10
532 4788 1
972 3458 6
1480 3174 4
3704 3895 9
2793 4701 3
442 1286 7
1279 4211 5
1051 3506 3
1022 2038 8
2173 3313 4
265 3218 2
4494 4531 4
799 4513 5
954 1910 8
1411 3791 3
2686 3305 1
3226 4638 4
3280 3898 1
1473 3105 5
2779 4868 9
2635 3178 3
3644 3734 9
1826 1849 6
1254 2786 4
3736 4850 8
962 3233 2
1471 4680 7
1502 3458 7
3659 4703 1
646 4038 2
886 3783 3
1093 3570 1
1117 1399 3
1002 4894 3
1636 4530 9
363 3125 8
245 4986 4
3587 4819 8
3933 4877 5
3268 4182 7
1930 3776 4
452 3934 6
3483 3724 7
1082 2634 7
3238 3815 1
673 4968 5
9 2234 3
4171 4261 2
310 4955 7
3660 4639 3
3 3746 6
1277 4239 10
532 1265 9
2990 3069 10
519 2933 10
1183 4856 6
367 374 8
9 2043 6
3308 3806 4
871 4776 2
1579 3114 4
2041 2482 1
2812 4414 9
3103 4947 6
168 3057 2
983 2059 1
4003 4143 7
2755 4877 4
54 1824 9
779 4611 10
2205 4289 1
1055 3321 1
1678 3435 6
2001 2998 4
1049 2508 1
354 2633 10
2452 2464 9
4319 4470 8
1128 2785 10
116 3806 7
253 1141 6
714 2921 9
2864 2874 2
1325 1829 4
3104 4047 7
430 2371 5
798 1759 6
1505 4767 3
4008 4543 1
999 4137 2
4062 4984 1
10 4130 7
2412 3730 5
3002 4449 9
50 3604 8
880 2403 3
3302 4730 2
1274 3748 9
2651 3241 4
1461 3339 9
2103 4475 3
1625 3893 4
1225 2591 6
635 2952 7
1576 3146 1
2521 2664 2
1617 2939 8
1488 4218 3
1642 4033 1
1234 4909 3
942 4419 9
3951 4229 4
608 3095 1
3537 3792 7
3074 4478 5
228 787 10
2693 4985 1
310 2763 5
361 1834 8
3540 4333 8
1358 2132 8
328 913 10
1614 2806 4
1366 1598 1
551 1148 8
581 2911 8
2610 3876 6
3074 3710 4
524 4169 9
1159 3082 3
2711 4087 1
2427 2729 6
314 3964 1
2534 3970 10
4681 4745 2
4361 4708 8
23 1479 7
3547 4537 10
28 4768 4
2405 2897 2
1055 3205 6
3258 4707 3
756 1025 7
1533 3659 7
968 4856 6
2831 4828 6
624 4998 5
2959 4660 3
180 2401 1
2757 3822 1
4403 4451 2
1097 1628 5
3442 3710 4
1514 3464 8
130 594 2
2034 3633 5
317 2406 7
3374 4540 7
1749 2018 4
3976 4142 6
1850 3384 8
3102 3747 5
1667 1720 1
447 2979 3
1365 2474 10
699 1769 10
837 3689 5
432 440 3
4090 4482 7
3312 4013 3
702 1650 10
1959 4816 8
3316 4148 1
1462 1887 6
178 338 6
558 690 2
3491 3626 5
1749 3426 3
4392 4834 3
668 946 6
246 1843 6
4072 4365 1
3995 4928 5
312 543 10
1380 1662 9
2183 3602 6
58 341 6
1963 4889 8
1938 4728 9
730 3416 9
3867 4533 7
1249 2675 6
3693 4567 4
284 1394 4
5 2193 8
1455 3028 4
3913 4333 7
1140 2640 9
302 2375 8
579 2628 6
3084 3584 2
937 1998 2
2708 4493 3
3483 4084 3
100 5000 2
2537 4791 1
1787 4622 5
401 3861 8
3928 4268 8
1328 1536 8
1125 4954 8
545 685 5
1344 3810 3
1936 2211 1
940 1043 1
722 2771 7
2884 3225 5
628 1850 3
4337 4820 8
56 4627 9
282 2414 6
1277 2728 10
52 1993 1
95 381 8
1564 3459 1
1595 2892 6
1478 4825 3
719 866 1
4587 4998 5
2136 3418 4
2160 3591 4
1881 4966 7
1576 4465 1
135 3704 7
4281 4403 5
547 1419 2
1301 4425 7
2634 4031 6
2606 3447 10
2478 4487 9
166 2818 9
1631 3198 9
2571 3647 4
692 4390 10
673 4484 10
1409 4827 6
2082 4547 9
41 2211 8
1189 4410 7
399 4733 9
2152 3623 10
3939 4658 1
731 3686 5
1619 2428 4
2076 2889 6
1704 3327 8
795 4021 8
886 4817 6
1360 2232 10
281 2989 10
3550 4324 3
1193 1821 8
1145 1364 7
1303 1364 9
1582 4219 9
956 4182 10
3651 4314 3
1618 2952 4
1613 4893 5
2247 4442 7
3941 4167 7
1789 4530 1
1852 4911 9
312 2460 5
2461 3524 7
467 4988 8
2480 3981 7
2456 4876 8
1788 2952 3
149 1707 1
63 4894 5
1337 4572 6
3698 4016 5
938 4896 1
3971 4622 6
2403 3153 8
665 1740 6
2543 4867 3
892 2033 5
3694 4177 8
1442 4411 3
1714 1896 9
1023 2680 1
652 3604 3
4312 4501 9
462 4012 3
110 4670 5
1876 4008 8
1142 4625 6
781 4977 5
1109 1623 8
1438 1971 6
860 1553 1
3065 4461 5
2669 3914 4
407 1883 1
1656 4633 10
2347 4185 10
3040 3762 2
958 2072 2
2452 2614 9
3394 4228 5
3737 3861 8
1809 3630 9
2915 3389 4
1348 2990 9
2021 2146 7
2093 2414 5
1047 2396 2
14 3789 5
483 4677 10
3626 4635 2
995 2594 4
3470 4173 3
1610 2831 1
571 3928 1
3857 4728 7
4423 4669 3
1331 2362 1
1887 4596 8
1012 1018 4
2468 3459 3
869 1485 7
1000 4980 5
1966 4716 5
3451 4911 4
2094 3128 5
1467 4687 1
3161 3902 3
316 1239 4
1653 2960 1
1225 4160 3
488 1186 5
823 2867 10
2536 3434 5
3867 4056 1
3758 4735 6
980 4791 6
3896 4381 4
2537 4500 3
3177 3552 9
1021 3032 3
1679 4287 6
393 1633 10
1654 2675 3
291 3331 6
2615 4824 4
286 2977 10
519 3348 10
3798 4535 9
1056 1813 10
386 1684 6
2076 4408 7
429 1174 5
1623 4524 7
959 2422 6
1066 1839 6
331 2862 10
1414 1738 3
198 1510 7
15 2373 7
1461 4675 6
2408 3047 2
214 4409 3
44 3454 5
3421 4614 7
1582 4331 3
3218 3739 10
2860 3252 6
1720 4028 2
280 3903 7
550 1254 4
2037 4743 6
2062 2256 10
837 1285 2
4387 4763 10
3178 4607 8
998 4718 1
3759 4484 10
2784 3368 7
2448 4897 6
2102 2194 4
717 2897 10
3538 4957 10
3466 3773 2
607 4804 9
791 4050 6
4864 4907 2
219 3591 6
589 1350 8
621 4543 2
566 1144 2
455 764 9
1736 4365 9
672 4992 8
2344 4438 8
2638 4171 7
594 3296 2
8 3190 5
4210 4761 9
826 3974 3
2935 4520 7
1340 1814 2
324 4509 9
1337 3688 9
776 2227 6
4091 4272 10
27 2002 8
1542 4279 8
478 3281 6
587 2106 10
150 237 7
204 921 3
4073 4388 7
2734 3694 5
495 4601 5
298 1463 9
3698 4946 1
4140 4681 10
3248 4788 7
34 3327 3
3555 4301 10
589 2872 4
239 4747 3
1636 4691 4
1523 4815 8
2134 3747 1
1144 1646 1
189 2452 4
309 1979 7
3813 4702 6
913 4014 3
2146 2877 2
729 3502 10
2445 3779 8
623 4676 5
1456 2471 4
2473 3893 9
139 4351 6
621 827 9
3565 4614 7
3726 4348 3
184 4126 5
539 1686 8
4532 4646 2
1669 4182 2
3171 4839 4
632 2423 1
1392 2665 8
1022 4026 3
479 4878 8
698 2837 4
491 4233 7
2064 3910 10
1934 2628 1
73 3580 1
3585 4108 9
4515 4569 3
622 2744 3
195 1739 4
3549 4474 4
2944 4104 10
1796 4148 9
1286 3852 3
113 3109 1
1332 2839 2
370 3773 1
2438 3636 6
594 3143 10
509 1442 4
1118 2695 3
2144 2686 9
2143 2281 9
751 909 5
2012 4813 5
4225 4688 8
4326 4982 8
804 2850 1
1523 1783 2
2225 4977 5
834 1126 9
1278 4324 7
685 2207 3
1523 1860 5
2165 4082 1
3317 4690 9
1109 2927 8
2239 4337 7
3029 4750 9
636 3782 4
3660 3715 3
2968 4135 6
1300 1833 4
1454 3604 1
2082 3199 6
1251 4536 10
513 4227 5
1669 2743 1
2973 3733 4
1584 4673 8
1851 3984 5
95 3045 8
1442 1899 10
3422 3529 5
1398 3834 7
702 4413 1
1974 2852 2
683 3554 10
2006 3557 3
634 3933 7
1030 4425 7
800 4379 4
697 3317 8
469 2013 3
59 2337 7
2761 3491 2
418 840 10
1427 1649 4
3887 4931 6
2064 4120 8
3515 3994 9
2192 2828 8
684 2436 6
90 2501 6
2943 4801 6
421 4459 8
1916 3647 3
132 4739 3
894 896 2
2039 4033 1
430 1603 5
1627 3924 6
1154 1763 4
950 2779 3
1415 3552 9
83 773 2
139 4906 2
829 3579 4
197 562 4
779 2716 3
1120 2812 3
398 2954 9
1027 2137 2
585 756 2
2221 3114 7
832 1824 6
12 3415 2
1388 1599 9
2840 4133 8
1043 4366 4
3202 4746 7
2036 4867 7
631 1851 1
335 3006 6
3725 4084 2
2877 3441 9
1730 4861 2
1234 2931 2
2615 2823 3
2801 4392 2
510 2418 6
2778 3052 7
3296 4352 2
4454 4819 7
1231 4687 6
78 3009 9
2072 4085 8
1395 1782 4
719 4238 8
863 4163 4
1128 4556 6
4526 4786 1
2806 3595 9
3827 4595 9
3099 3640 7
3683 3932 9
3600 4654 3
475 3796 8
3126 3292 1
180 4967 8
167 2334 9
2306 4994 3
1146 3306 6
2151 3373 4
3853 4430 7
1559 2082 4
834 3160 9
118 269 2
435 2263 4
3493 3969 9
552 4923 1
523 1085 6
1407 1464 8
2840 4606 4
1759 4051 8
766 1114 1
4013 4778 9
1232 3275 4
853 937 8
479 2385 9
1762 4042 8
3727 4625 3
151 4525 5
575 2217 5
1857 3108 8
307 2343 1
1556 2344 4
1284 1934 2
316 2493 8
1203 4749 4
1140 4886 3
1590 2113 1
1168 2106 2
364 2317 5
589 4657 4
157 3699 6
1012 1818 8
1876 2245 10
2535 4412 6
388 3515 6
2267 2405 8
1041 1515 6
1703 4186 1
857 1591 3
3305 3345 3
1317 2340 6
4196 4693 10
3847 4860 2
309 732 7
160 1155 5
1988 3496 8
1641 3366 5
842 4739 5
4676 4723 9
1871 4088 4
1308 4388 7
3948 4959 6
1235 2095 6
1078 3384 5
2962 4895 8
2867 3379 7
2108 4664 1
282 2904 2
1665 3945 3
3431 4086 8
2077 2080 4
2630 4145 1
966 4404 5
3258 3332 1
1356 2054 7
4080 4086 10
94 3416 8
2664 2692 2
3518 3788 1
790 1120 3
3905 4900 8
1836 3452 7
4141 4611 10
2325 2426 7
713 4089 7
703 2274 1
6 3114 7
1344 2922 10
1841 1850 3
2131 2656 3
1129 2017 9
3604 4063 1
2717 4716 5
3758 4797 7
4076 4666 5
1129 2795 2
72 3614 3
2462 2923 5
1125 1765 7
3430 4210 2
2344 2381 4
1951 2558 1
3962 4423 1
2212 4454 5
520 614 5
192 277 8
3075 4021 7
1170 2480 1
1241 2885 8
229 2454 1
2590 3715 4
55 1079 6
3846 4738 3
1095 1645 4
428 3487 8
3865 4667 1
1009 4736 7
629 4832 6
526 3661 5
1853 4730 2
520 3363 2
4226 4896 2
2569 3591 8
2547 4853 10
1979 2859 6
597 1256 4
2099 4653 10
1964 4177 5
170 2594 5
567 3701 4
686 4080 8
2914 3022 2
4122 4653 10
366 2924 10
1204 2547 1
1345 3073 2
1915 4492 7
3334 4382 1
4419 4544 7
794 4937 6
1037 1976 4
76 3487 1
1831 3408 9
790 4023 10
3946 4236 4
1804 4569 7
43 3474 8
2042 4389 10
3665 4542 10
797 2885 2
3215 4084 5
3999 4514 5
715 4474 7
2154 2734 6
330 2853 4
566 3872 10
1792 2762 7
3699 4075 2
527 4906 3
1682 3791 5
1614 4098 1
1239 1605 10
424 1930 3
3855 4771 5
2578 3448 10
844 2169 3
942 4234 4
418 716 3
3139 4243 10
2356 3866 9
755 2415 10
2130 4554 1
3856 4702 7
2989 4943 7
288 4935 6
1036 1617 2
2906 3348 6
200 1460 7
4036 4632 3
808 1125 10
1400 4121 10
2993 4738 1
86 460 1
1052 4956 10
1565 2349 6
2424 3489 10
683 904 2
1463 1516 1
2844 2851 2
633 1477 1
295 4632 7
99 1827 2
240 2955 9
444 1489 8
366 565 10
2450 2599 1
1914 1993 1
2636 3259 4
1501 4909 6
157 494 3
1061 4018 10
4171 4362 1
3886 4029 6
484 1858 8
790 1909 1
1386 2079 7
961 1781 5
3586 4390 3
3837 4708 4
1328 2782 4
3414 4826 8
2580 3305 8
569 3834 6
1031 3136 5
844 3738 10
1457 4120 7
243 2828 1
2916 4697 5
739 2346 7
56 4783 6
2118 4363 1
1145 4901 7
1880 4193 1
982 3889 2
1919 2337 6
1242 2109 8
3537 3754 5
1382 3455 4
201 3213 1
2463 4492 8
1803 4218 8
1687 4163 9
1298 2109 5
324 924 1
539 4044 3
1283 2490 2
475 2310 3
781 3417 7
1133 4318 3
1454 1985 9
1126 3922 3
2483 2728 2
727 1702 9
2430 3216 7
23 2662 9
3931 3985 9
2756 2953 6
871 4300 4
634 4298 1
1594 1669 3
235 4774 6
1438 4355 2
813 932 8
1143 1197 7
1004 2778 10
1766 1902 2
310 1531 7
1168 1888 8
1790 2301 6
1495 2444 7
2915 4866 7
1802 3928 10
2317 3787 7
4124 4144 9
1319 2253 8
2345 3358 5
1735 3404 4
944 4309 6
3185 4007 4
30 3220 1
3182 3543 2
1530 4732 2
1334 3229 5
1492 3103 2
385 2358 10
1848 4213 1
1330 4013 5
964 4494 2
1056 4641 8
1217 2678 4
2882 4998 8
2879 2908 9
172 3114 6
2479 4847 5
1803 3632 9
242 1567 6
30 2451 3
153 1478 7
1049 4078 1
1394 2071 2
2350 4812 1
3003 4127 1
1068 4686 10
727 1695 5
2971 3531 9
1606 1690 3
771 1694 2
60 2400 8
2952 4573 10
60 3592 2
1025 2338 8
974 4901 7
1714 2051 1
1383 2828 7
2203 3375 8
1959 4938 5
1208 1553 8
3957 4502 5
1527 4833 10
1007 4943 1
1517 3660 9
1056 4360 4
465 4536 5
219 4588 7
536 3589 4
792 4103 1
538 3817 2
687 4283 6
1008 1497 7
331 4450 5
279 829 5
819 2753 2
2655 3992 6
2502 4932 6
112 1532 2
100 4256 5
3438 3729 7
110 4313 6
1973 2658 9
4769 4927 6
603 3511 7
1496 4480 2
2969 3957 3
936 972 1
3467 3584 9
87 1302 9
1862 3107 2
2745 3618 3
313 1843 4
1561 4144 2
151 3329 1
1166 4550 2
1652 3781 5
1633 2475 9
3483 3851 10
2550 4278 5
841 4352 4
21 635 3
514 2519 6
2457 3215 5
3856 4838 5
235 2712 9
2151 3658 6
1040 2427 4
2764 3125 10
2259 2732 8
993 1114 5
1716 3224 10
2860 3864 3
11 3283 6
3091 4721 5
1539 3994 4
1489 3352 9
1458 4643 4
3 1349 8
1163 3004 6
2398 2658 4
1847 4901 8
519 3677 8
2299 2993 7
3462 4659 7
269 4339 10
518 2240 1
1294 1923 3
382 1471 10
2387 4320 2
3819 4543 3
2117 2152 1
485 3844 3
2274 2320 1
1925 2166 1
2563 4246 10
3229 3391 7
2818 4299 9
1013 4526 1
2104 4921 3
869 4384 9
1612 4256 4
3188 4876 7
113 1773 8
3298 3665 9
3591 4605 2
895 4256 1
1377 2959 9
3401 4557 7
679 1984 6
1404 1820 9
2848 3783 2
421 3338 6
1329 2344 2
2957 3138 5
1950 3388 9
3655 4771 8
191 1463 9
2651 3398 6
2068 2905 1
1895 2922 3
564 2927 10
542 3042 10
685 3835 5
53 2552 5
3079 4110 7
1388 3648 9
1902 1926 10
28 4920 9
3281 3804 9
2958 3846 6
498 3492 9
1009 2620 2
901 3883 1
128 4276 3
2582 4027 2
2088 4518 3
2332 4353 10
2530 4201 2
705 711 3
54 604 8
2098 4384 6
1988 2311 10
1758 4909 2
2564 4159 7
1014 2364 4
1221 1733 1
3044 3218 3
2954 4560 6
3202 4422 7
1451 2275 8
2036 4679 4
3953 4320 7
3172 4594 6
987 4416 7
968 2319 1
2820 3974 3
1859 4215 1
1813 3778 5
624 4865 5
1081 3464 10
86 4460 7
105 3995 1
2725 4162 1
1908 2281 6
1606 3793 7
483 1954 2
2474 2796 7
141 2829 9
1785 3454 8
2550 4332 10
745 1781 4
2900 4149 2
2318 4528 3
816 4052 7
2776 3776 4
1033 4491 2
3377 4452 4
4716 4840 9
2572 4379 6
843 2667 2
19 1484 7
2785 4851 10
1307 4208 9
2521 3350 8
563 2791 8
245 4327 8
1239 3892 2
1635 2129 5
651 4172 1
1701 4236 6
2175 3672 1
37 4028 3
2185 3086 9
2090 4117 1
2756 4294 10
672 4508 7
3234 3791 6
2232 4996 4
515 2316 7
1451 2243 1
1556 2097 4
2264 4982 1
32 1331 7
3394 3395 7
2550 4277 3
661 2426 8
459 819 4
744 3329 2
2270 3491 10
2965 3303 3
444 3545 5
165 279 6
335 3200 4
1499 4431 8
1723 4333 3
3234 4891 2
1271 3206 10
965 4026 10
891 1176 10
154 293 3
1374 3014 1
2948 3747 4
1567 2393 9
3701 4917 6
2563 3868 1
2004 4132 3
3836 4682 2
856 3746 5
4692 4701 9
462 3653 4
635 1978 10
3957 4397 4
1390 1928 6
2260 3552 4
1731 4362 7
1715 4963 4
828 4358 6
3585 3608 5
1994 2425 8
53 2058 7
3369 4678 6
2726 4642 1
49 2520 4
4371 4925 7
1225 4230 10
249 942 5
2313 2358 4
1508 1964 4
2503 3110 7
662 1497 7
155 2891 7
1382 4420 9
2942 3946 4
599 3808 3
2257 2573 8
850 3143 7
2593 2903 8
495 2458 5
893 2705 9
2389 3047 5
1141 3180 9
1068 3801 1
1557 3188 9
588 2977 6
2856 4979 10
1393 2677 6
536 1347 10
575 3251 8
3646 3702 9
2340 2899 7
1199 4519 10
321 2614 8
2922 4136 4
899 1406 4
845 1199 5
340 1169 5
1655 2202 4
1355 3132 10
2164 4980 6
2067 4769 10
730 4253 4
2208 3252 10
3386 3534 10
566 2417 3
133 2724 4
1098 3729 4
1601 4224 4
2208 4922 3
1622 3273 8
1254 1543 3
1272 2483 7
461 4525 7
758 3176 6
4773 4810 1
2140 4816 7
1375 3731 3
1750 4212 5
1265 2060 9
2372 2448 10
2863 3819 1
1116 3710 3
216 1309 10
4561 4981 10
1 4552 10
2292 2505 8
1163 2980 7
3232 3629 1
1939 2487 10
2981 4662 6
676 1312 5
4332 4727 2
902 3621 7
724 3840 5
967 2404 10
1235 2008 8
3917 4024 9
2203 2449 6
1490 4048 6
1122 2576 7
2555 2876 9
3347 4115 5
1850 4049 6
3044 4874 9
589 2983 3
4039 4297 6
1983 2496 4
409 1217 10
2134 3944 8
2877 4245 9
2166 4821 7
1669 3559 4
2155 4986 9
915 2397 2
2184 3096 5
2139 3869 9
2573 4296 5
1991 4956 3
919 3762 9
637 2368 9
10 4346 3
2607 4742 4
2308 4115 8
1831 3116 5
3336 3787 6
549 2782 7
4570 4646 5
2302 3856 5
2005 2083 4
521 823 1
2879 4094 5
445 1152 4
975 1496 3
3814 3960 10
1275 2017 10
924 1440 2
391 2064 9
227 3319 6
580 2318 6
2540 3434 5
1756 3562 6
144 2501 9
1837 2382 1
1468 3502 7
1807 3304 1
3587 3692 8
521 3260 1
2677 4427 7
2519 4720 1
6 4831 2
490 3613 8
1372 1662 5
4833 4918 5
93 2349 2
1415 3488 10
2159 3170 3
4029 4417 8
4011 4358 2
2315 3031 9
4423 4835 6
900 4301 2
2975 4359 9
1101 4132 6
2248 4701 8
2388 2631 3
596 4377 6
598 2904 10
2822 3513 6
2415 4344 5
4159 4706 3
2362 3631 6
2245 4004 2
2489 2749 7
256 2912 9
372 429 10
195 1675 3
2508 3123 8
4239 4674 8
551 2126 6
1541 2965 7
2035 2213 10
1991 3482 9
156 180 2
4351 4759 9
3699 3937 10
4488 4676 2
2914 4483 4
762 1957 4
743 3006 6
4047 4240 10
3370 4587 10
232 2013 9
639 4213 3
1222 3389 8
1677 1690 7
1044 1131 1
2874 3070 4
62 1654 1
4417 4754 9
760 3793 8
4247 4624 3
3835 4758 3
2633 3088 1
740 1725 1
1402 4104 4
1674 2417 4
2162 2528 10
2277 4275 10
677 1356 8
867 1084 1
3348 4705 8
962 2715 9
3278 3829 9
1230 4223 6
405 1025 5
2226 4317 5
101 300 4
669 2762 10
48 3890 4
1248 4989 6
731 1889 5
2209 3498 2
1555 3933 1
1835 1885 2
1025 3669 10
327 2742 5
557 4834 6
1148 1474 6
3865 4472 3
2467 3546 8
2835 3041 7
2634 4903 1
3564 4375 6
480 4127 4
2204 3730 9
4347 4902 3
233 1415 1
1345 2603 7
89 3710 2
1515 4415 1
3051 4691 5
4748 4764 1
1772 2436 2
3660 4065 5
1916 4495 7
335 3860 2
811 3128 4
3426 4138 9
75 2461 6
777 1814 1
1070 3096 6
1375 4032 4
725 4983 2
1979 4637 5
3843 4550 3
3270 4552 7
1243 2867 2
1544 3140 4
2729 4025 6
485 4054 9
2734 4516 6
3230 3377 7
1479 4517 6
497 961 1
408 3411 6
3186 4106 3
3696 4885 7
884 3275 5
3182 3863 4
1874 4437 5
529 832 2
2359 3350 2
1386 3721 6
2766 3871 3
2460 3675 9
1311 4780 5
1573 3428 4
555 4490 3
1761 2034 2
105 417 9
1509 3242 5
421 2804 7
228 4899 9
421 4794 9
3887 4096 1
1681 4729 3
4285 4866 6
4657 4940 2
1648 2347 1
1359 3591 9
2194 4695 6
3082 3635 2
2048 4129 2
1239 3203 2
2177 3509 1
1502 4789 8
32 379 8
3117 3348 6
830 1692 6
2522 4333 10
2 2358 10
4235 4951 7
502 1619 8
925 2367 10
228 4462 1
3361 4768 9
3487 3678 3
2126 3231 9
1286 1385 3
3662 3960 2
2515 4339 1
33 1729 9
968 2567 9
2895 2909 7
2609 3262 2
4191 4336 4
191 3581 10
957 2490 4
1319 2063 1
396 3041 7
3567 4526 8
3500 4873 2
903 4060 1
2746 3158 10
1459 2392 7
861 4019 3
3352 4934 3
110 3410 1
2243 3010 1
2754 3836 2
777 2269 10
3746 4330 6
1446 3747 8
35 4513 10
576 4580 1
1200 2244 8
431 1329 7
1521 3432 1
3671 4155 10
882 1003 1
1808 1908 7
1564 2688 6
2618 2938 10
1487 4694 2
4224 4965 1
837 931 1
1660 4433 5
1684 2816 9
1248 2494 2
4558 4608 9
3047 3606 1
1685 3491 9
2469 4278 6
505 1474 1
34 584 9
2223 2583 6
211 945 7
274 4371 2
1346 3092 2
304 2041 10
1159 4859 9
180 3907 6
199 4883 7
1473 3982 3
1708 3676 7
2232 2339 2
3643 4119 8
4141 4593 4
1620 2159 7
92 634 4
1173 3584 2
386 2015 10
902 1436 8
1387 4224 1
628 1425 1
2553 3718 9
4224 4578 9
2491 2521 7
1086 3482 10
2875 4024 10
2616 3282 3
955 4134 5
2697 4632 2
2824 4240 6
2190 4309 3
2588 3101 8
3012 4235 6
932 2632 2
3 4147 9
533 1159 9
1669 1846 10
549 1472 3
1837 4232 4
1699 3946 6
2636 3453 5
236 409 9
4069 4526 3
3503 4673 2
1628 2919 9
2713 3039 2
2193 2817 2
1431 1906 3
4173 4197 6
422 3145 6
260 3854 4
2582 4205 1
437 3976 8
3943 4848 8
1047 1054 3
2736 4355 5
1288 3743 6
1497 1666 6
382 1626 10
950 3277 6
1044 4198 10
3842 4346 7
547 1281 3
17 3707 4
2441 4454 8
3540 3965 2
2446 3483 2
1470 2824 5
213 4009 4
1403 4002 2
3862 4614 1
1952 2400 8
2794 4762 7
1392 3127 7
2374 4626 6
3119 3486 5
3746 3952 8
1551 1950 6
273 1881 9
66 3262 6
2047 2828 3
3360 4344 4
359 655 9
1187 2923 1
2836 3074 10
1753 3496 6
1676 3082 4
1391 3684 5
64 1388 4
219 2399 1
2831 2992 8
2488 4947 10
2285 3577 4
576 1948 6
894 4329 4
1583 1761 7
2925 4103 2
2442 3065 1
76 4444 8
1457 4559 2
4413 4429 1
818 3918 1
137 2864 6
398 1255 1
1955 4143 2
4094 4251 6
265 1107 10
1905 2330 1
660 4766 8
131 402 4
2848 3054 9
2827 4098 1
2224 3456 10
2591 3429 10
3255 4008 6
577 4484 2
914 4391 6
389 4468 1
4520 4782 5
299 1176 7
1236 1257 2
1649 2511 6
2646 3932 1
1991 4597 8
2092 3147 2
1992 4205 7
44 1659 1
4568 4636 4
844 2752 3
1495 2295 10
1063 2308 9
319 2317 2
2675 3820 5
3791 4356 4
1538 2877 9
2853 2910 10
3121 4136 4
102 570 4
1661 4604 10
2878 4368 4
341 3239 6
349 1216 10
2118 3355 9
2560 4697 9
903 3071 7
2499 4166 8
3890 4545 10
767 2707 10
1206 3507 5
1382 4066 5
1490 2333 8
140 1915 8
1130 2999 4
1078 2376 6
2174 4964 7
784 2552 1
2186 2519 8
3649 4363 3
1840 2129 3
209 3828 10
1257 3381 9
1876 2672 5
1794 2993 10
215 2273 6
3658 4202 8
901 3938 8
268 1004 8
4575 4593 2
1172 3900 8
311 2437 1
2790 4957 7
1416 1990 6
1916 3674 10
1581 3551 10
486 841 7
1395 1609 5
564 3196 2
425 1335 10
1609 4100 6
1390 2314 7
2021 4870 7
2167 2263 1
1151 3697 9
1227 4023 2
565 3741 8
344 4778 1
2616 4017 1
976 1016 7
478 3682 6
2695 3519 3
1166 3926 2
2779 4341 7
127 2953 8
1169 4586 10
987 4583 8
2123 4519 7
2229 2285 3
1218 3215 1
2168 3307 7
1527 2657 4
194 416 5
1338 4925 10
2163 3468 5
1820 4913 2
825 3697 8
1388 1986 9
1500 1885 3
2179 2213 10
2919 3164 6
1194 1802 4
3375 3745 6
1793 2080 10
3798 4623 2
1638 2398 2
844 992 7
1238 1282 3
1481 2359 4
3443 4808 3
3787 4777 6
1717 2837 6
399 3144 8
964 4844 6
1479 4617 7
3275 3385 5
1502 4244 3
3560 3887 6
2600 2617 7
1712 4959 3
3989 4638 10
1924 2939 6
240 4538 8
2949 3425 5
747 1023 7
275 4017 8
278 3622 8
1622 3134 9
1637 1748 9
2928 3407 4
326 3354 8
2839 3195 7
163 700 5
1934 2526 4
1596 2273 8
1390 4190 9
2815 3001 10
144 3439 6
1491 2137 3
3210 3982 4
645 745 2
1212 3450 5
227 276 2
1861 1877 1
678 3948 4
1643 3965 10
626 2956 2
387 2928 9
3537 4563 5
1262 3964 8
2833 3655 7
2110 4914 7
174 2797 4
1796 3620 8
659 2995 4
159 3933 10
44 1188 6
2820 4829 5
2280 4356 7
1962 4332 7
571 1268 10
3046 4183 7
1212 2871 5
1566 2430 3
2258 3360 2
219 2010 9
3382 4677 1
2125 3471 3
406 4401 10
2352 3046 7
718 3261 1
2159 3342 4
1874 2238 6
427 3412 10
1738 2813 9
652 1709 7
4872 4921 9
4275 4372 1
1544 3299 7
2244 3021 3
350 2463 4
1538 3341 8
1124 4192 5
1164 2277 1
4301 4307 4
2027 4376 7
148 3538 5
1158 1553 5
3021 3878 8
1371 4276 10
1205 1216 7
2019 4665 3
3210 3987 1
3906 4719 6
1198 1596 8
2557 2889 5
259 1509 10
328 1269 9
257 1998 5
176 3065 9
3549 4079 1
1673 2753 6
1162 3069 9
1130 3187 1
1529 1797 1
35 4585 10
824 2539 10
1103 4661 10
854 2658 7
2840 3392 9
1636 2495 6
1452 3916 4
1378 4379 3
4465 4888 2
2286 4451 6
818 2218 5
55 947 5
1416 3419 5
649 3502 8
3827 4961 10
152 754 4
292 2745 5
2673 4093 8
1034 3634 2
1146 4097 10
2230 2834 4
2575 3941 3
2830 4869 3
101 3460 5
1048 2585 1
329 964 1
901 1127 6
1795 3791 5
1830 2373 4
89 4656 1
2668 3671 6
29 1077 10
111 3157 5
2053 2611 1
2625 3296 6
2174 3703 7
680 1358 1
1952 3465 5
3059 3476 9
332 4231 4
1390 2701 3
1886 3796 6
529 935 2
3771 4150 6
2238 4340 9
3794 4141 10
4083 4550 10
3717 4658 9
1414 3436 8
788 4743 7
2140 3437 6
1995 2301 7
547 820 2
8 1017 9
1380 2825 6
2842 4445 1
362 1641 7
1321 3578 3
2176 4676 7
1224 1792 9
3132 4282 3
588 4046 1
4165 4700 10
563 1798 3
3812 4932 9
3539 3677 6
1322 4592 8
156 1776 2
3424 3936 6
4008 4711 8
1566 4481 9
2762 3956 7
3395 3882 4
1173 3991 5
4192 4836 3
2901 4057 4
388 1287 7
1042 1952 9
2377 3824 4
2730 4738 9
236 1220 2
2720 3791 4
1099 4835 9
1942 3335 6
2522 4179 8
454 602 5
736 1464 8
2399 2684 9
1367 2106 5
3530 4853 7
3423 3448 5
1123 3590 3
761 776 7
1964 3409 5
883 2496 9
613 951 10
1705 2215 7
4006 4160 7
124 1423 3
833 3904 10
2568 3446 10
1050 2278 6
182 771 5
3387 3474 5
3325 3672 7
583 1317 8
2030 2110 7
346 3951 6
1462 1892 1
2595 4175 3
1737 2618 6
3186 3192 5
1961 4075 2
1732 3088 5
292 2798 10
651 2324 1
1238 1632 2
1727 4180 1
644 4927 1
2481 2957 7
883 3719 3
1205 1240 9
1763 2206 3
553 2336 9
206 1153 5
3157 3532 6
4116 4772 3
396 1413 2
973 1510 6
457 4856 10
1197 1343 5
3868 4369 3
201 2792 2
2696 4301 1
2254 2574 2
1744 4864 9
296 1030 8
3122 4039 4
3309 3331 8
2634 4178 6
2368 4731 9
166 4022 6
3433 4818 2
1062 1973 5
2120 3645 1
84 2775 10
868 4252 5
581 4303 4
3336 4798 9
2506 3632 1
1077 2685 4
732 2936 5
1418 1593 5
2421 3667 9
1921 3847 7
1144 3625 3
684 3149 10
4869 4912 2
431 2044 2
3101 3977 8
1589 2406 5
394 1071 1
898 4406 10
1536 4154 1
671 2393 8
2457 3294 1
1703 3217 3
1590 4952 1
169 1279 10
2163 4113 5
2410 4202 6
2080 2516 8
123 1173 7
1090 2156 9
1713 2051 5
1212 4949 3
1295 4789 5
1855 4112 5
996 1179 4
2015 3825 10
1196 4147 3
2056 2180 10
4553 4798 2
2772 4735 3
2081 4719 7
3925 4947 3
330 2894 9
4170 4274 9
1107 3642 2
1277 1854 5
271 3844 9
3252 4393 8
1156 2563 8
1240 2492 5
4267 4684 1
2049 2872 9
89 1180 10
322 2931 3
111 1746 4
269 4589 9
1339 2272 4
97 2286 1
3390 4589 3
2986 4226 1
367 3461 1
662 2420 9
1922 4493 6
2982 3500 1
1708 3833 10
1894 4332 10
2236 2552 3
2341 3171 2
1438 4698 1
2149 2311 3
887 1999 3
171 1496 9
587 4345 6
230 4202 6
1371 1680 4
3664 4922 3
1697 4611 4
1552 2588 4
2328 3987 7
4275 4394 6
862 1856 5
417 2533 7
173 2327 5
1672 3368 4
1231 2626 2
620 1749 2
3193 3688 5
489 3262 1
2243 4448 8
2036 3809 9
3777 4563 10
2242 4228 10
3055 3090 2
2407 3689 5
149 2706 5
961 3152 3
331 1149 10
1140 3061 10
1572 2548 2
957 3397 2
2598 3000 8
749 4738 10
1067 1404 9
267 3021 9
3870 4655 8
2365 3930 4
2379 2752 7
3222 4842 6
2146 3288 6
4298 4939 8
1781 2735 10
433 994 7
1348 3427 3
936 1483 3
2594 4651 6
115 4097 8
50 262 4
1486 3169 2
752 4475 7
1447 2555 3
1545 3192 2
203 2037 6
444 476 8
2461 2601 5
2211 4969 6
700 2009 9
1870 3242 8
958 1310 1
1720 4621 8
999 3523 7
2938 4849 5
928 4167 5
361 1664 8
1525 3205 7
65 103 7
68 4826 8
1605 2514 6
848 2897 6
1270 4957 8
296 2322 6
2197 2541 4
483 1253 7
705 4195 7
2551 4836 4
2440 4375 6
495 728 9
1931 4679 10
677 2355 2
1597 3881 4
926 4243 6
1746 2293 8
139 1304 9
748 3238 1
2589 2991 6
1875 4654 9
1538 3072 8
1618 2363 10
2089 2519 3
3006 4612 2
2776 3111 8
234 4003 3
2890 4453 5
1569 1667 1
371 885 5
2160 4310 7
4139 4822 7
3634 4497 2
4291 4600 8
2674 4690 10
775 1642 2
3807 4522 3
4294 4584 5
1297 1511 5
1935 3618 3
3324 4903 7
534 2101 7
961 4881 7
2096 2722 2
988 4927 2
137 4803 7
17 264 9
1595 1890 3
956 1121 1
1182 1670 8
1026 4887 8
2506 3525 1
225 404 6
649 689 4
2854 4368 3
2661 3855 2
577 1718 6
2555 4837 6
906 4229 5
1958 2128 7
390 2004 8
1898 4447 2
855 5000 2
3257 3852 6
230 4505 6
4040 4975 6
3351 3744 4
3063 4132 2
2071 3120 9
2851 4734 2
188 4850 4
2283 2624 5
862 3541 8
2819 4647 6
2129 2808 9
3310 4438 4
1507 3124 7
1142 1624 1
158 3607 7
2657 3505 3
1381 4472 7
4133 4457 6
3870 4790 5
528 4215 2
806 2175 7
518 1534 1
2531 4034 1
145 4557 8
98 2119 2
732 3445 10
3935 4430 2
1706 4431 6
261 3341 5
2040 3888 3
4320 4466 8
803 1247 3
1049 2710 6
3011 3232 3
806 1357 8
633 2390 6
2722 3219 2
234 4882 6
3944 4473 7
163 202 2
2395 3559 2
50 2028 10
899 3961 10
3362 4367 4
1381 4793 9
1231 4187 10
2711 4221 6
1729 4176 8
3202 4204 6
3930 3954 9
2112 2833 8
3156 4292 10
1245 4901 6
1580 3445 6
2734 2950 8
1382 2148 2
2386 3572 2
489 4644 10
1719 4931 9
67 1298 4
2549 3168 6
3043 3225 9
820 4164 9
33 1987 7
3268 4551 8
316 4295 5
78 3064 10
1116 1982 10
1867 3016 5
3700 4284 7
360 1525 4
2951 3512 4
1861 4945 5
2809 3133 4
2934 3839 8
248 4839 5
1548 4728 5
560 3330 1
85 3382 3
1927 3111 10
4398 4913 6
3006 3240 4
307 4615 2
3799 4325 9
1397 4041 10
301 4261 6
9 114 10
2329 2449 7
1324 1433 1
187 2113 10
665 1363 9
1521 1932 8
3527 4988 3
458 1194 6
593 4149 1
2290 2839 6
1010 3161 4
1032 2109 4
719 4161 4
1849 4015 6
342 2712 5
998 3848 6
1950 4395 10
778 3464 1
4633 4862 2
2000 4967 2
2234 3603 2
1418 3894 3
2774 3783 9
2074 3403 8
3247 3285 9
372 2888 2
858 4286 3
1072 3608 8
2354 3574 6
1430 4203 9
1656 4168 8
638 4559 7
512 1483 8
1069 3988 5
1211 1305 6
2790 3533 2
3155 3995 6
401 4424 4
1102 1584 10
2490 3300 4
1503 3897 9
3475 3544 10
372 943 9
2732 4511 5
1868 2120 1
1779 3783 3
2566 3097 10
1720 2765 7
2075 4056 10
768 3473 4
548 4788 6
355 1867 8
3194 4436 5
4069 4527 4
1167 1208 7
1837 4005 7
1504 2138 8
2895 4555 3
1710 3749 4
3266 3857 5
486 1771 8
1600 2599 3
2326 2940 5
3596 4017 7
1960 3997 9
2552 3113 8
1184 1780 3
434 2565 10
3320 4181 7
3838 4646 2
1379 3336 7
3038 4683 8
247 947 10
1766 3811 8
1697 4306 6
1332 1817 5
969 1040 9
2166 2378 9
681 2221 2
458 1369 8
750 777 4
1384 2419 2
752 1786 1
270 3808 1
4727 4960 7
1558 4352 7
2162 4603 10
1894 1989 6
3044 3536 1
470 476 3
1466 4035 2
3901 4512 5
1091 4923 8
3091 3795 2
4297 4809 5
3053 3637 5
3002 3359 8
2016 3985 2
2758 2984 10
3521 4672 6
2704 3704 6
295 648 9
1195 4770 10
1311 1352 3
323 1105 6
2294 2718 5
2071 4579 6
3780 4851 2
482 3188 3
1882 4622 7
1913 4688 6
1822 2151 3
623 1805 4
2335 4563 5
791 2237 6
2281 2930 4
193 4985 4
811 3036 1
641 2409 1
1398 3318 7
1075 3981 4
395 4135 7
3187 3576 8
1119 2571 3
4128 4715 1
970 4028 8
88 1966 6
769 4574 6
3980 4599 5
863 4539 4
2470 3035 6
2288 4551 3
2219 2405 7
1640 2622 6
1469 4688 6
2609 3130 9
2235 3508 7
1410 3246 5
1796 4068 2
3464 3510 6
320 526 1
1954 4760 9
338 1005 3
2913 3323 4
3737 4396 4
198 1453 6
243 1362 9
801 3400 3
285 2385 7
883 3060 6
1266 1629 8
220 2732 10
3624 4324 5
3711 4467 1
2737 3468 8
1301 3142 6
1259 4715 10
136 187 3
678 4216 4
2765 3223 6
2141 3626 6
729 3089 1
2760 4812 4
3890 4469 3
504 4635 6
3332 3499 8
786 3749 5
2854 3561 4
294 4186 4
2287 3716 2
2014 3209 3
630 1928 6
2227 3714 7
22 1157 3
47 2069 9
1952 3405 9
337 1846 2
1461 3129 7
2283 2767 8
2045 3685 10
738 2255 8
334 4764 6
767 2241 9
2761 4973 8
4116 4455 4
1865 4363 9
1641 4811 8
2443 3689 8
3272 4176 9
1971 2584 10
2360 3386 8
2178 3819 5
1508 4434 8
3102 4030 4
2751 3938 4
3564 4308 1
1933 4102 9
397 2193 3
2795 3159 4
2485 4620 5
1712 4200 8
653 755 7
2087 3835 4
1124 2216 10
2639 3885 1
399 403 3
2545 3268 8
23 4109 9
3236 4034 2
470 2738 6
948 2321 9
107 741 6
3165 4534 9
953 4389 7
227 1207 7
3589 4184 7
1945 4381 7
2305 2427 5
717 2084 7
413 826 10
168 207 2
3402 3511 8
640 3995 1
408 984 8
1747 4509 1
2896 4866 5
1445 2700 2
2055 2753 7
486 1028 6
464 1882 9
2644 4776 8
201 4053 3
1842 4997 7
1060 3346 9
1386 4146 5
696 1247 8
308 721 1
2142 2676 1
557 2050 3
494 3940 2
1807 2542 5
765 1124 10
7 4464 2
877 4408 10
2894 3616 4
2845 4892 4
679 3349 3
1019 4045 6
125 2005 2
3336 4858 5
1450 3268 5
1662 3679 2
526 561 2
723 2531 1
651 1866 1
565 1160 4
364 4565 2
2317 4402 6
3485 4701 3
487 1355 5
1331 1368 8
2917 3879 6
1100 3486 9
1250 2482 4
2888 4523 3
1009 4898 6
3633 4421 5
352 2940 10
1370 2392 1
559 3492 3
2595 3085 8
81 2069 10
451 1975 1
420 4820 10
969 1647 5
297 487 2
36 2720 1
2698 4827 6
922 1841 5
1017 1134 8
656 4453 6
210 2418 5
1097 2880 3
142 3573 8
2846 4704 4
785 2023 9
104 4927 2
860 4598 7
1563 3726 1
1554 1673 10
2268 3106 7
902 4814 9
360 2091 3
1653 4323 1
2895 3911 9
107 1953 6
1429 4510 7
678 3326 6
769 4757 10
3850 4370 2
1568 4523 4
890 1151 10
1444 4430 9
2524 2971 10
167 1944 4
360 3705 2
3033 3923 1
2017 2024 6
735 4619 8
1280 1379 4
619 3052 1
1290 2496 9
2632 4485 9
1535 4221 2
2105 3916 2
907 4804 7
3469 3712 8
221 1961 7
1649 3742 5
2284 2435 9
796 3750 9
472 621 9
1639 4985 1
3706 4433 9
2185 2861 1
2546 4556 3
1958 2604 10
2857 3288 2
2185 3569 7
3135 3774 10
1081 4564 10
1246 3269 6
761 2714 6
2246 3956 2
1235 1441 6
1317 3094 3
3527 4610 5
1580 1752 2
181 1552 6
2788 4263 7
2352 3141 2
1254 4266 4
601 1379 6
879 3487 5
128 3921 10
4115 4153 8
3882 4962 4
979 2447 4
2317 4214 10
2191 3770 4
582 2445 1
3752 4055 1
438 2160 5
783 2434 8
1223 2907 10
1150 1749 9
568 4484 7
611 2158 8
522 1578 9
4458 4488 3
883 2670 7
1351 2787 5
2690 4325 4
1691 4998 9
4364 4855 2
38 1844 10
3153 3875 7
2642 3646 9
1626 2455 7
300 3963 4
888 1326 3
633 3440 10
1834 4242 9
2248 2556 4
1065 3869 7
547 1096 4
2168 3558 1
331 4220 6
789 4604 7
3406 4742 8
356 982 5
851 854 2
3135 3497 10
178 2937 7
2947 3841 4
1396 1770 6
2568 4710 2
1835 2659 4
2615 3760 2
668 3279 6
1106 2813 3
501 3817 5
2430 4629 5
405 4958 9
4057 4259 7
2029 2596 1
3034 4052 8
625 2627 9
1042 2579 2
535 1755 7
1917 4399 10
318 327 2
2699 4285 6
2946 3429 1
2370 3039 10
1083 4427 9
380 3699 6
109 2275 9
865 2310 6
3175 4697 8
205 1641 4
2970 4929 1
1808 3356 4
754 4843 3
3955 4489 7
1299 3514 7
2521 3947 1
1051 1967 7
1977 4207 1
2967 3748 2
2232 3650 2
810 2503 4
1333 2796 8
2013 3383 1
753 3588 3
1158 4486 2
706 3112 9
1949 4602 1
3042 4713 2
1700 2246 1
587 3740 8
2429 3926 5
2198 2372 4
986 2603 4
537 3656 1
3243 3897 4
2880 3526 8
1345 4919 3
40 1289 1
2669 3874 7
722 2544 10
2800 3432 2
337 1981 3
17 4756 3
1093 2768 9
3196 3484 2
1722 4126 1
2994 3946 5
3834 3979 1
4787 4933 3
82 2586 10
226 1878 10
1869 3414 5
2608 4803 1
501 2849 5
2687 4062 1
2468 3315 9
2189 4020 3
1192 1440 10
4554 4944 8
334 2741 2
1997 2121 4
1144 1901 6
3100 3219 7
4471 4778 4
1316 4421 3
1948 3681 2
508 4298 4
5 934 3
2067 2702 3
121 3266 3
675 4840 4
766 874 4
1392 2022 1
1768 4806 8
1223 4916 8
3181 3306 8
558 2291 6
3293 3804 1
2060 3026 3
2133 2550 6
97 704 6
39 3474 10
809 1723 8
3442 4342 2
147 2134 3
1318 3251 7
3595 4987 3
4146 4709 6
266 4332 7
1776 2261 5
1575 4882 2
2459 4660 8
581 4753 10
468 1035 2
1445 2972 9
1057 1522 1
3058 4501 3
4262 4846 3
617 1791 8
3365 4751 1
1462 2465 4
1342 3215 1
18 3662 7
4118 4332 1
2348 4350 6
977 2203 9
558 1724 7
657 4461 2
3438 4740 9
3996 4987 4
342 4315 1
2982 4081 3
2694 3723 9
51 4521 3
2509 3442 2
3137 3791 10
816 2561 1
449 2856 8
2123 3735 6
817 3568 1
4147 4802 10
2883 4049 5
2783 4826 7
3860 4499 2
1261 2974 4
507 2718 8
3479 4944 3
2122 3447 5
1435 2216 10
1915 2554 8
290 2395 2
2971 3772 1
1485 4549 2
2201 3346 9
830 2881 9
610 1438 3
2170 4107 8
755 1421 4
4237 4630 9
187 4456 6
1054 3490 3
183 3382 5
1940 2318 4
118 2486 1
595 3576 7
4067 4246 3
1030 1526 10
3015 3790 1
2061 4374 1
678 4101 8
1606 3019 9
1131 2135 8
2256 2612 2
127 2171 6
1694 3594 10
272 4059 5
1492 2331 1
2020 2992 1
422 591 5
616 1862 8
1438 2966 9
1622 3765 4
1929 2992 8
414 694 6
853 3766 1
3566 4048 1
577 2394 10
1292 2039 6
911 1596 7
1173 1775 7
1189 2512 10
3020 3285 10
261 3993 1
1163 3610 10
423 1886 1
1801 3133 10
1175 2791 9
756 1864 7
433 3050 10
2234 4640 4
691 1202 1
151 3077 2
80 1961 10
3151 4848 5
712 3662 10
413 1267 7
2602 4562 3
734 4052 5
2671 4788 3
1980 3307 1
500 2658 8
2818 3191 3
1628 2250 5
2636 4645 1
2883 4890 3
776 3480 8
426 1794 10
2114 3015 2
1836 3098 10
1412 4141 8
2723 2829 7
283 2076 9
1767 4976 6
3056 4586 10
1959 2466 2
236 2351 10
415 4029 8
3634 4199 10
101 2799 7
1728 4597 2
821 3359 10
1405 3927 9
20 1147 1
1110 2119 10
4486 4972 7
1497 2873 5
357 4760 4
2913 3265 6
927 1596 9
3520 4350 9
289 3407 7
3943 4875 5
1 4785 10
260 2032 1
378 2401 4
878 4942 7
1171 3154 2
3998 4053 3
1806 2680 2
3284 4274 1
2513 4070 2
1811 4111 6
472 2581 6
2562 4322 6
4393 4722 4
1873 4927 3
177 992 8
803 3845 3
3958 4703 3
3204 4141 10
4226 4576 5
1983 2641 8
1907 2930 7
439 3179 6
1177 1815 7
881 1600 8
1969 2731 7
4330 4807 5
1577 3610 3
1512 2513 3
609 1203 5
539 1215 3
595 2821 8
1344 3986 4
3189 4169 1
129 2611 2
2181 3223 8
13 443 7
3889 3966 1
499 4588 8
1778 2703 1
70 3223 9
1931 3337 6
244 2379 3
2619 4543 1
897 992 5
2869 4529 1
1273 2238 6
3041 3286 3
1585 2858 5
1062 2689 1
1947 2586 8
83 4037 8
2433 3386 7
2805 4009 1
709 1807 7
2240 4993 9
737 4825 6
1155 1757 1
2122 3005 9
1528 2460 6
303 844 5
192 1353 2
2847 3058 1
343 4855 6
1499 1560 4
2705 3208 2
315 2194 2
1651 4145 4
25 544 4
79 4688 4
1479 2613 7
835 3813 5
1389 1895 1
443 540 10
565 1291 9
31 3630 5
1698 3380 1
799 3357 1
2080 3494 5
3058 3068 10
1020 2231 3
591 4941 2
1868 1937 2
2939 3413 2
1482 2122 10
1909 3816 5
1886 4288 6
2770 3664 2
26 4316 8
2323 2628 7
74 369 5
1912 3478 7
2843 4945 1
2758 3295 7
1123 3080 3
1531 4591 9
4258 4317 7
3666 4929 2
1264 1285 8
161 2888 7
4546 4829 10
1245 2052 10
3923 4498 4
2920 4320 1
493 619 4
2811 3327 2
2770 3444 9
17 3654 4
2161 4494 8
1372 1784 5
4506 4732 6
531 3378 6
481 2214 10
1228 2174 3
230 2807 6
157 2592 6
1742 2901 2
1190 2861 3
3333 3460 7
618 1100 8
24 2297 6
3078 3757 1
1407 3256 4
651 4725 2
1936 3556 5
1139 2889 1
1513 2550 9
2196 4384 7
1327 4755 10
203 2453 7
69 3761 3
506 634 1
1348 2025 6
3166 4019 8
133 920 1
212 1779 1
838 4541 3
1038 4994 4
4631 4845 5
909 2964 9
2131 3301 6
2532 3234 5
1221 3504 10
392 3029 5
726 3131 8
353 3195 9
1956 3945 2
939 2364 9
16 434 9
820 2517 7
1320 3048 9
2841 4157 1
1770 2312 1
2176 4699 4
648 952 4
664 2808 5
3314 4016 1
255 2606 1
3630 4668 3
941 2967 1
316 578 4
3288 4752 4
3738 4905 9
337 4618 2
3576 4879 1
235 1045 8
2024 3183 6
384 3630 4
2705 4805 2
1305 3344 4
847 1740 9
2357 3975 2
647 3095 8
2660 3514 1
2650 4399 2
903 3713 1
1551 3472 10
1475 1504 6
1165 1417 6
761 2309 5
306 1650 1
1401 4181 8
2298 4364 2
2918 3175 4
2200 4792 9
4226 4503 3
2260 3601 2
2188 3197 8
57 4159 5
2364 3516 7
3071 4217 2
3697 4634 10
157 4852 5
977 1108 3
963 3571 1
1838 4776 5
365 704 1
1219 2431 2
923 3702 9
279 4426 1
731 3372 5
2827 4158 7
4257 4325 7
126 4978 1
875 1161 10
3830 4293 6
254 1313 4
1380 2739 3
1596 3775 2
859 975 6
1136 3941 3
400 4564 2
1104 1879 3
1630 1783 3
463 3214 4
1137 4689 10
2745 3949 9
658 3354 6
119 1375 1
1829 3668 3
3336 3873 5
2300 3105 7
2124 4866 10
1336 4953 2
2663 3898 3
1608 4528 4
456 610 5
944 4400 3
3743 3950 8
479 2182 9
1260 1934 5
1058 2037 3
3340 4249 1
1549 1600 1
183 4999 9
3235 4957 10
590 1893 6
1977 4970 3
2621 4016 8
2886 4061 4
634 3353 10
298 4566 2
796 2116 5
1506 2909 10
1970 3209 2
358 2034 1
930 3315 8
427 695 9
1371 3755 7
224 1392 1
1135 3711 7
746 2600 8
2308 3959 7
2084 2233 2
770 4779 8
3687 4666 8
1428 2501 7
1210 2075 9
2978 4422 5
3516 4613 4
1455 1546 2
213 2759 2
213 2666 10
447 3163 1
1089 1493 1
511 2264 1
3899 4698 1
46 2225 7
3877 4658 6
749 3978 8
246 2777 3
780 2920 6
3036 4125 6
223 722 5
1637 2629 7
2078 3709 4
1849 4650 6
47 4990 6
1004 3024 1
82 4714 10
615 1498 3
3066 4914 2
2380 3562 6
2210 4042 2
2538 3522 4
2257 3263 8
2838 4263 4
815 3349 5
1574 2073 5
2953 3030 10
763 1774 2
287 4747 1
1519 2078 2
701 3311 5
2336 4671 7
2086 2821 4
2298 2384 3
2963 4503 10
1011 1981 2
1763 4058 8
1625 2721 10
925 1029 7
2679 3965 8
2857 3826 2
3635 4880 6
1810 2128 7
1846 4405 4
4304 4467 3
1571 4870 9
3201 4955 10
733 1092 5
2957 4854 1
905 4613 1
2032 4114 9
3227 3859 3
159 3322 4
241 3319 10
185 898 8
1209 1600 2
61 1081 5
577 1053 8
933 1757 7
436 2968 3
347 1574 8
377 1196 7
1315 4723 6
574 1736 7
91 2525 5
1201 2111 2
110 546 8
1293 1449 8
1586 3412 10
3502 4074 10
806 1024 4
3797 3884 9
545 2411 10
1921 4507 6
1417 3128 6
3520 4800 4
1894 3949 7
1445 1647 8
1198 4068 6
515 4993 6
783 4450 1
671 2992 7
937 3973 2
1536 4884 4
3845 3903 2
2691 5000 10
3426 3961 10
3519 3959 8
457 620 4
100 1826 10
3956 4637 6
1977 2488 7
477 1285 4
253 1907 6
1776 1956 7
493 2057 5
371 1927 7
1493 2499 2
3570 4215 10
1733 1961 2
4543 4770 1
487 3177 2
3066 4699 2
1088 4494 7
4686 4768 4
1574 3118 9
34 4938 8
183 4923 7
231 4143 10
2418 4408 2
574 4795 1
1575 2195 7
2448 3820 10
160 2822 9
3350 4010 2
476 2200 9
2707 4089 10
1767 2586 1
25 3450 8
112 2573 10
4663 4731 4
2668 3793 10
3115 4369 5
724 2121 3
878 2114 4
2026 2282 6
3458 4274 6
427 3159 2
337 3511 5
347 3528 2
42 4507 7
2752 3506 9
680 1582 8
4619 4819 4
2531 4907 4
2036 4881 6
752 1809 5
4065 4192 2
226 664 10
547 1400 10
2901 3188 8
271 1184 2
181 1737 10
820 1341 5
1698 4248 9
2202 2982 9
1363 2263 3
39 3274 3
2374 3570 1
2568 2931 1
1729 2330 1
730 3064 2
1097 2285 7
1580 3581 4
1594 2511 5
1473 2743 2
454 2880 9
163 1261 8
817 3872 9
351 4401 4
2288 3034 2
2472 3023 7
2894 4218 10
3733 4853 5
2395 4364 7
929 2112 5
1347 3383 6
1359 4651 6
2888 3809 8
1109 1788 5
365 3559 1
1113 2852 7
950 2289 3
766 4935 3
1578 2231 2
1229 3589 4
1836 4112 4
500 1247 8
2668 4071 4
964 3228 4
1957 4605 4
2256 3594 7
104 4766 5
336 2467 8
267 3460 5
446 1022 7
1912 3532 9
600 4363 2
395 962 7
95 516 7
168 613 5
2874 4421 3
3188 4611 8
3603 4266 5
1354 4746 4
1453 3048 3
2244 4409 7
400 3784 2
1878 4698 9
95 4109 5
3437 3516 5
154 2208 4
50 1904 1
560 3781 4
1395 1546 8
4253 4639 5
2243 3414 10
1109 4527 2
2257 3958 3
107 2422 8
2820 3793 4
1611 3791 4
1811 2005 6
3533 4968 1
550 1269 7
2060 4413 1
3231 3386 2
2104 2861 1
739 1231 3
582 3414 3
224 4206 10
89 3872 10
958 4801 2
2361 4863 3
3820 4571 3
1285 3178 1
281 1502 4
1082 2042 10
1662 1770 6
361 2290 3
168 2696 8
1564 4879 7
421 4027 6
4472 4832 9
892 2153 7
1844 3105 5
32 1083 8
333 1166 4
2118 2914 5
1931 3572 7
2626 3405 5
1817 2249 3
1276 4210 1
4077 4947 6
1440 3540 5
813 2952 3
1152 2617 7
2672 3654 6
1623 2554 10
1282 2867 10
2004 4568 1
756 4235 10
505 1518 6
3548 4545 3
2683 4555 4
804 1734 5
2610 3703 6
445 1669 4
131 3864 9
1467 3561 2
1734 2882 8
1252 4191 6
941 3260 10
2366 3995 7
2548 2626 10
2577 2716 9
2282 2623 6
1422 1534 8
791 1692 7
525 2381 4
3117 4335 4
3777 4058 10
2820 3956 3
1406 1559 4
263 3912 2
1009 1961 2
2729 2859 3
4416 4841 8
3468 4070 2
1031 3144 9
286 3210 8
2612 3279 9
1383 1475 4
4359 4784 2
3549 3860 6
2260 4591 2
1702 4709 2
1050 3788 4
71 4511 5
2277 3228 1
775 3135 8
1960 2434 10
3253 4879 5
3342 3521 2
2555 3825 4
210 2672 5
1399 2523 3
443 2061 5
4 2039 7
642 720 3
511 1124 10
1414 1692 5
217 3406 3
2810 3000 8
1258 2379 5
3574 4476 6
168 2352 8
368 1239 6
3505 3616 6
2433 4071 2
55 2837 7
385 3445 10
1395 2907 6
235 2436 3
1576 3579 10
596 1284 5
1245 2486 4
993 3688 4
75 3956 1
530 3880 7
2315 3771 7
1758 4772 2
1587 2374 7
3758 4788 10
2008 4862 5
1432 1999 6
1381 3997 10
387 2079 7
337 2252 4
459 3798 4
754 2855 3
2174 2450 1
3051 4450 5
283 719 7
2379 2588 7
1948 3717 7
458 1210 4
2696 3289 10
460 2854 2
1999 2600 3
1276 1975 6
1596 4889 2
1134 1418 1
1312 2546 1
1910 3749 5
3097 3857 7
3334 4643 2
1257 3198 5
1584 3583 10
2056 2351 6
968 1224 7
2490 4350 7
517 4228 9
81 2611 5
565 1735 10
2311 4407 10
2322 4570 9
992 2980 5
127 530 1
970 2589 1
516 1356 7
734 2588 8
4026 4912 2
1262 2928 9
1032 4006 8
417 2920 1
1030 2598 1
448 4113 9
2788 4170 2
319 2029 4
411 3583 7
1235 4599 10
2643 3183 6
1142 1336 7
1229 1497 5
756 2368 6
152 2510 10
2079 3124 4
2994 3024 1
3390 3960 10
33 194 4
98 4899 6
3262 3753 10
3727 3745 8
1454 2897 3
2052 2285 10
1164 3331 1
1376 4918 3
2643 4885 6
1418 3643 1
2186 4680 5
2233 2672 2
1467 3102 9
2102 2666 5
1840 4551 9
2404 4398 10
1719 2363 5
440 1403 4
1822 2346 10
511 2749 7
34 2130 3
264 3055 9
463 564 8
2584 4681 5
1705 3789 6
286 1925 3
155 3579 10
126 4589 4
832 4449 9
398 1773 10
1031 4200 10
792 2243 10
3599 3698 10
834 1802 1
2246 3093 5
1849 2327 2
4734 4994 9
2392 3865 4
1433 2632 7
497 4991 9
1891 3852 10
1974 3605 10
996 1144 4
2086 2387 10
122 4391 2
706 4642 8
1956 4789 10
1737 2229 10
296 2965 8
934 2382 9
23 2379 9
2768 3975 7
3121 4459 9
1644 2891 2
3878 4414 2
3372 4464 8
1221 3250 8
177 1612 9
1872 3584 7
943 3303 4
236 2046 10
430 4483 1
384 832 10
105 1944 2
901 2659 2
1254 4022 8
2574 2777 6
3147 4208 5
2240 2795 5
1049 3874 7
3943 4076 5
2921 3821 10
4745 4795 8
1900 3649 2
233 1264 7
572 2722 7
1496 4447 2
155 1108 6
3280 4910 10
881 4368 7
177 370 3
1601 1868 4
421 2837 3
202 4554 9
2244 2291 6
2391 4841 3
1011 4377 9
1128 3426 4
1858 2451 7
3784 4675 2
2803 4616 2
3137 4495 2
2840 4467 7
2918 3710 6
211 618 2
232 1687 3
2092 2907 10
861 2759 10
3423 4672 4
1005 2858 3
3394 3680 7
1595 2517 1
305 3245 4
169 2622 4
1187 2300 2
2051 2927 5
1169 2806 7
700 925 5
2577 3788 8
32 2681 2
2318 2857 9
1760 4379 2
103 3137 8
450 941 4
1332 2660 7
1204 1671 5
80 845 10
1386 2409 3
240 1861 6
588 4758 9
192 2934 7
3777 4068 3
766 4107 2
964 4043 2
828 1430 2
2959 3704 8
1293 1513 1
150 2549 9
187 3980 2
2671 3004 7
2314 3116 4
1556 4295 3
491 4880 2
2346 4164 5
2267 2998 5
3825 4540 10
469 3785 10
2888 4989 1
3700 4564 10
1133 3884 4
756 1862 2
748 2437 8
1339 3225 8
1435 4291 2
695 1751 4
114 4968 5
1403 4032 9
3317 4277 6
696 1590 4
1398 3587 2
426 2970 6
2485 4258 7
1366 4784 1
1345 3139 6
2209 3271 3
2869 3935 5
2833 3311 2
1338 4702 3
464 2210 5
850 3357 10
2226 2334 3
1422 2478 7
3524 4709 1
1690 4080 8
699 1933 7
1103 2616 9
2249 4546 2
1240 4476 3
967 2418 6
424 580 4
1888 2954 10
3663 4583 7
1625 4788 5
259 3212 4
214 4262 6
631 3920 10
331 1579 9
1663 2021 6
697 2283 6
277 3198 3
2312 2337 8
1212 1493 10
4081 4188 2
2134 4593 4
1760 3410 2
1737 2318 7
1170 1991 5
1447 1767 3
854 4223 7
1701 1922 2
113 2730 5
1166 2084 7
433 1433 7
1436 2152 5
474 2634 2
826 4999 9
4541 4745 6
429 3589 6
510 1447 3
1259 3373 1
2388 4998 6
882 3077 2
84 4914 6
2186 4198 3
2281 4910 7
1392 4651 2
4953 4959 6
4103 4889 8
3643 4459 2
964 986 2
1476 2423 9
1253 1889 8
1810 4878 7
1446 4094 8
1163 4194 9
2969 3377 9
486 2525 6
2006 3073 9
958 1062 7
2196 4225 8
1956 2012 10
916 1809 10
522 1453 8
2300 4633 10
4517 4895 8
1878 2607 10
2700 3600 6
1119 3564 6
452 1261 10
2383 2841 5
1611 2604 1
2137 4750 2
1664 4807 9
980 2043 3
1334 4319 6
199 4601 1
1323 4013 7
770 3213 6
2227 2670 3
1924 4956 6
14 3425 6
87 3459 9
1718 2234 1
2763 4606 9
924 4949 2
215 4698 10
1668 1817 2
758 2882 9
570 2335 6
2225 3298 7
1012 2565 4
1675 2230 1
1033 3802 7
606 1124 5
1811 4341 5
107 2011 9
453 1643 10
152 4559 3
3374 4171 2
3142 3695 7
1865 2148 7
2493 2644 8
1561 1728 8
389 1396 8
1460 4358 5
4607 4941 2
2052 4177 1
856 4461 9
1624 3409 9
528 3752 10
451 2651 5
1315 2261 4
1973 3861 3
722 2556 6
4179 4904 3
1562 1741 6
319 927 9
681 1015 6
2491 3010 10
6 1940 8
200 1147 10
456 3507 6
3544 4832 10
190 2718 10
1889 3835 5
1737 3963 6
1458 2946 7
772 2428 1
754 3931 7
2515 2710 6
2054 4711 4
4289 4488 3
1352 1581 5
2197 2198 6
4270 4813 7
990 2400 6
95 1450 9
1949 4615 10
1874 2677 3
1469 4123 9
950 2241 1
397 4675 4
2021 2432 7
2130 4837 4
3501 4567 7
473 1625 9
1096 2628 4
2790 3983 6
1587 2898 8
2787 3511 6
177 1492 2
1184 2104 6
2752 4187 7
2027 3629 2
4165 4676 7
480 4411 1
2780 4545 6
1163 2449 8
1712 2540 1
1260 2532 8
296 1610 7
1763 4672 6
2144 2455 3
1911 4839 9
231 1016 6
2154 3165 4
3129 4090 1
2679 2849 9
1491 3242 4
813 2972 2
2440 4577 6
1765 4667 6
183 790 1
299 2570 4
1110 4652 10
3058 3876 2
203 3757 5
2873 3693 1
1315 2872 7
193 4252 2
1650 3349 1
2119 2528 5
26 1874 9
1484 1804 1
2082 3302 1
1794 4135 1
4030 4622 4
1486 3434 5
161 659 1
793 3723 3
2376 3256 6
620 2189 5
2036 2932 2
961 3933 6
3454 3953 6
2961 3804 8
325 1280 8
2235 3069 1
2254 4024 9
359 1957 2
2947 3923 10
218 776 6
480 2503 5
2926 4855 6
98 3864 1
631 2467 2
292 2566 3
337 3850 8
254 1943 8
386 4537 7
1621 2490 1
1030 3944 6
833 2307 8
39 4934 6
1735 3932 3
347 1449 2
189 460 2
2143 2951 9
3225 3447 1
469 4045 7
2305 3266 6
1257 3417 8
1810 2926 3
2986 3702 2
321 2487 1
1058 1166 6
1948 2016 8
1487 3637 4
1661 3792 1
1526 2426 1
538 1709 8
290 4578 4
2423 3588 9
3178 3710 4
1488 2102 7
4291 4517 1
1280 1870 8
44 4512 1
4384 4606 9
1524 1604 10
1219 1815 8
1754 4262 5
2231 2947 7
4253 4756 8
2119 4869 2
2036 2385 9
616 938 9
3492 4928 3
1057 3286 10
171 2829 10
632 1855 7
4706 4711 3
683 748 6
1516 3905 4
3021 3846 7
4143 4183 7
395 532 4
1377 3123 8
3671 4560 6
277 4848 5
1682 4126 6
1102 3151 8
2194 2414 7
2877 3410 6
4050 4965 9
2622 4219 5
2181 2452 10
1511 4161 4
1352 4744 9
927 3494 10
3308 4817 3
426 3026 8
269 2492 10
260 2882 6
3008 3921 7
3502 3991 6
781 3713 2
1863 2186 9
989 1180 10
335 496 6
656 3451 1
2984 3726 4
1153 1941 3
778 3733 3
1062 4837 7
539 4773 9
220 1671 4
1860 2361 5
736 2272 4
2636 4068 5
2005 3955 1
3105 3951 7
2547 3012 7
1851 2945 5
167 3394 1
3551 4191 5
98 4740 10
1255 3353 4
24 4292 4
845 3984 9
615 1314 2
1692 4321 10
801 3616 10
645 3971 4
1176 2432 2
854 1046 9
777 1711 10
2120 4010 3
822 4358 8
1128 2159 9
3102 3898 5
1045 2112 2
1051 1399 9
2255 4410 7
182 1035 2
3900 3924 9
1293 3032 3
2523 4813 9
1477 4627 3
2858 4355 3
2545 2843 7
2220 3068 8
3000 4964 9
2006 3846 6
959 2061 3
1527 2724 1
2368 2438 3
2591 4632 3
3187 4972 10
411 3866 9
1205 2060 2
805 4099 7
665 3444 6
650 2977 2
2067 3556 3
732 3079 9
169 800 5
2859 3382 3
2345 2666 9
125 4834 5
49 1121 3
1276 4685 3
2103 4101 9
2153 2208 7
2856 4985 5
405 4670 5
331 1681 5
2746 4874 7
1773 2768 5
697 1633 10
1015 4413 4
4229 4277 2
316 4538 9
968 4699 10
962 4601 2
288 3416 10
3710 4011 1
1145 1602 3
1387 4565 2
538 4350 3
929 2676 6
298 1925 6
4204 4389 2
1594 4075 8
894 4057 10
866 3585 7
1424 4903 8
155 730 3
1677 4720 6
788 3155 10
1778 1835 7
1008 3010 6
2259 4063 8
2371 3758 5
1824 4803 6
292 3228 4
1253 3134 3
2593 3298 8
1103 1971 4
509 1142 2
1796 2176 4
1930 3420 10
827 3352 8
668 4287 9
2542 3313 4
1621 2195 6
759 4807 2
2167 2248 10
2153 4726 1
455 3711 4
1249 2631 4
1091 3781 7
1677 3522 9
818 1671 1
1783 2387 6
122 2880 3
2535 3679 5
973 1432 2
784 1226 1
1519 4129 6
304 584 10
1655 3633 2
3899 4522 4
368 2281 9
455 2756 6
3645 4304 3
1748 3412 4
1436 2456 4
2825 4720 2
182 2051 6
3179 4879 6
1705 3562 4
3767 4369 4
527 1516 2
115 3626 10
621 3081 2
2643 4870 7
717 4165 4
776 3270 7
1399 2507 1
115 4429 6
2301 2491 1
1539 1908 7
661 3921 6
367 3949 4
543 2962 2
610 962 9
2294 3449 8
118 4510 4
2164 4156 3
1011 4140 2
4162 4692 4
2056 4635 1
3106 3580 5
744 2778 8
1690 4540 3
396 2234 2
1916 3972 5
2562 4035 4
3582 4074 5
2177 4106 3
1337 2463 2
440 2187 5
1254 2204 1
2100 3407 10
752 3136 3
1574 2724 8
802 2233 10
2056 2074 1
400 2831 2
1719 4692 9
293 3414 2
1951 3531 5
4098 4869 4
1920 2461 6
2381 4653 6
2684 4834 3
1307 2159 5
783 2624 3
1551 4022 2
1505 3902 4
1535 2719 2
1036 3139 8
210 1117 10
2440 3262 6
2690 3308 6
1563 4080 1
2441 2764 9
2728 3363 10
1233 1862 3
364 2468 2
1332 4566 6
2720 4800 9
99 2715 8
1698 2938 4
3539 4359 5
981 1525 10
1881 1942 8
2032 3873 3
576 1810 1
1322 4945 7
4164 4363 7
2499 2674 5
839 3417 9
743 2207 7
3091 4400 5
332 413 9
4038 4047 3
3106 3441 8
3628 4461 3
862 3525 9
65 3554 10
1296 4888 6
439 812 4
1449 3785 4
70 3267 7
320 2449 3
2769 4153 9
550 4228 9
345 1898 6
2562 4425 7
2701 3087 1
2808 4523 7
498 2583 10
1581 4549 9
242 3249 8
514 1836 1
2654 3012 1
1726 1818 9
1438 2758 3
2801 4882 3
2110 3324 1
360 3035 1
2439 3078 7
1460 4045 1
914 4750 8
1361 2247 3
1491 3559 2
129 4848 7
302 4442 7
908 4741 1
1436 3059 2
193 2839 9
3418 3579 9
583 4613 1
904 4726 4
1096 2335 10
19 737 1
341 1134 7
188 1362 5
2583 3859 1
3223 3870 1
2460 2895 8
1846 2062 10
790 2137 3
866 1040 9
2606 4435 3
2207 2475 2
1088 4932 5
2946 4048 7
1355 1889 7
3338 4479 1
4079 4270 1
1224 3140 9
1093 2023 7
2932 3921 3
2305 3292 9
322 2432 2
208 312 1
546 4690 8
197 3348 6
816 4917 7
1444 2663 1
209 4569 4
2343 3020 10
861 1639 5
1360 4906 4
566 569 7
1138 1685 9
4529 4953 7
2618 4060 3
338 4269 6
943 4215 4
1067 3157 1
1191 2110 8
797 3694 8
1118 4106 10
209 2493 5
1540 1578 6
468 571 7
2814 3083 2
1505 1645 2
2472 2574 6
64 4603 8
1790 3826 6
2325 2901 6
616 4475 6
380 1240 3
1138 3739 8
2602 4377 1
3151 3899 9
145 1172 10
544 3824 4
3818 4514 5
1566 4680 5
29 505 6
2171 4179 8
146 2806 5
1545 4851 8
987 1170 7
374 1059 3
3994 4548 9
251 3795 7
1239 4752 8
2925 4665 6
71 1725 10
866 3216 3
1082 1560 6
2324 4556 7
248 763 9
112 3565 6
3510 3586 6
726 2976 10
519 3950 7
135 3974 6
1216 2833 9
3032 4477 1
1863 2320 3
956 3158 1
1085 3677 5
3070 4243 5
389 4879 1
1211 3274 7
1360 2462 7
431 1556 5
3042 3211 10
434 1283 2
396 1889 1
118 3484 1
800 1919 2
1487 3972 1
1740 4556 7
320 4246 3
36 1706 3
3571 4739 4
1469 1712 5
1300 3997 7
1305 4996 7
2073 2693 2
3931 4415 5
399 4406 5
3454 3668 2
283 3020 7
2115 2631 9
394 1474 4
2786 4334 10
1132 2724 7
241 2778 8
285 3023 9
236 4148 7
841 1774 4
742 3855 9
792 4032 4
132 1944 7
596 1692 3
1905 4216 8
4314 4676 9
819 3843 8
3345 4997 8
1533 2930 4
4496 4877 4
307 1158 10
1453 2282 6
1307 3843 5
3144 4563 4
2115 3306 3
2147 4154 1
2218 3656 4
543 2250 10
2668 3027 1
266 2570 9
2224 4970 8
2060 2340 6
2089 4529 10
1840 4612 10
1472 4487 5
587 2421 6
1003 3258 9
536 1513 4
341 2829 9
1752 2421 1
25 326 8
489 3034 4
1107 2251 10
908 1376 5
93 4294 4
1459 3426 1
2641 2849 1
542 2512 3
1094 3466 3
122 1552 5
1688 3723 3
2240 4400 10
557 2521 1
1156 3612 2
521 3088 10
1790 4741 9
3597 4844 10
1238 4108 6
490 580 5
1153 4155 2
2637 2819 7
826 1512 10
2144 3778 6
4680 4873 10
1122 4257 5
2888 3492 3
1655 2727 8
693 2536 1
3136 3447 3
662 3961 5
746 4259 7
1745 3544 1
1216 1308 7
4808 4830 3
2606 4049 1
2653 4326 3
4051 4894 1
142 1963 7
571 2555 1
1239 3036 10
1489 1916 2
3715 3959 7
3086 3227 10
2253 4078 5
2906 4374 6
393 3813 5
36 3293 9
4270 4855 7
1388 4733 8
3873 4310 7
1276 4475 2
3266 4993 4
4291 4301 4
466 2352 1
1473 3171 3
751 3049 2
756 2218 4
532 2914 8
1019 3789 5
2318 3732 5
1410 2585 8
792 3377 5
1100 1841 1
1381 2872 2
2408 4229 5
1293 3499 1
533 3472 6
2404 2818 10
2675 4580 3
2575 2776 5
3068 3292 2
2656 4743 1
207 1507 7
2455 3645 2
1773 2725 5
576 2285 10
2888 2892 7
3217 3816 10
1589 2127 6
1262 4107 1
2885 3963 1
4272 4307 8
2006 2200 1
1085 3929 7
3566 4306 7
114 4113 4
289 2092 1
414 983 2
1975 2827 3
109 1703 9
1746 3658 9
919 4791 3
3547 3696 4
3468 3524 10
799 1738 1
1125 3262 3
105 3619 3
1182 2043 4
1193 4346 5
356 2616 7
1158 2190 1
552 4806 9
167 2437 1
1968 3689 3
2197 4268 4
3011 3038 6
2342 2703 4
2462 2833 3
1866 2113 6
668 4133 1
227 1257 5
221 4570 7
350 3414 10
579 1290 5
602 1803 7
939 3722 2
71 752 1
449 2635 1
123 1412 6
1416 3135 1
1293 4731 4
1226 3747 8
77 405 6
1371 2496 8
1365 2162 3
2574 2854 3
1124 1604 6
1532 4896 9
1468 2573 1
698 3975 8
2100 2659 4
755 3925 9
1517 4501 4
234 3660 1
2226 4790 3
1447 4321 6
673 2025 7
1591 1594 3
2498 4001 1
1008 2410 5
1406 2776 2
1068 1793 2
1008 1249 1
1756 3114 10
846 1159 5
950 2848 2
547 1911 10
296 1176 6
2540 4961 10
832 1646 9
1880 3768 6
265 3159 2
1157 2098 8
1301 2227 10
771 1960 1
2606 4129 8
2447 2894 2
1213 4936 6
1457 4372 1
625 3974 9
1007 2131 8
127 1384 4
831 2089 5
363 1307 7
1487 2326 7
147 4683 3
2261 4262 4
34 1836 2
3134 4308 7
3139 3833 5
1706 3449 2
798 4703 4
290 1555 10
1534 2672 5
2735 3370 7
2737 3303 9
3059 4480 9
2437 2633 3
476 4377 10
1008 1662 1
347 4608 4
2070 4995 4
473 3938 9
1907 1987 4
2636 4075 2
193 1685 10
3033 3485 9
673 3434 7
563 4380 10
634 1760 3
4087 4511 4
1740 2103 7
205 589 4
2468 4681 2
2339 2941 1
3298 4304 2
2398 4882 7
953 3190 4
1607 1970 3
4042 4239 8
2846 2952 7
2642 4640 8
682 2771 3
4727 4735 9
2225 3262 10
1393 3699 2
1226 4180 6
2841 4378 1
878 1377 10
551 1246 1
2770 3988 2
1830 4370 8
2915 4845 10
1956 3881 7
2534 3351 1
1387 3407 2
639 4658 6
52 3707 2
1490 2561 4
298 2270 8
869 3480 7
2137 4604 4
599 2268 2
2103 4418 4
2115 2731 5
262 1835 9
3196 3347 5
1958 2746 9
2986 4810 2
1413 2429 6
342 2047 3
3723 4088 8
2584 3962 1
1277 3205 9
543 1131 10
476 4004 7
512 2876 10
1331 3084 1
1880 2336 2
1188 3556 7
2150 4490 10
235 1424 6
1657 3757 7
1670 4057 2
807 2213 8
4624 4729 9
3472 3577 2
1188 3953 3
2886 3630 10
4553 4922 1
2272 4715 7
1714 3866 5
301 2801 9
528 572 10
1740 4873 2
753 2193 10
1771 3357 2
1140 2832 10
3349 4743 6
2715 4288 9
2737 3221 8
399 3174 5
191 1972 4
114 3872 7
1716 4820 9
4075 4738 2
2171 2374 8
381 1765 1
748 2840 6
1775 4792 9
4 498 4
2387 3284 10
3772 3867 6
255 880 10
232 2275 7
276 4286 6
510 4858 6
1614 3665 6
1726 4295 8
2481 4419 10
3936 4856 10
4324 4879 9
1768 3053 1
917 4714 9
2046 3460 10
202 3751 7
391 2405 8
1281 2866 8
468 3531 1
856 2262 3
1599 2552 3
3857 4311 3
2250 4341 6
3781 4700 9
655 1513 4
197 2017 6
3125 4250 9
2680 3868 7
1376 2722 6
1386 3386 6
1657 2767 2
2351 4532 4
3614 4226 3
2604 4636 5
3295 4196 10
62 1517 9
2985 4583 7
332 1404 1
1821 4071 1
331 2514 6
1610 4918 8
3232 4530 5
3102 3280 4
2810 3569 10
490 2704 2
2993 4633 3
3641 4217 5
973 1605 8
212 930 3
2214 4665 10
3398 4646 6
2462 3897 4
2595 4726 2
1597 3766 3
294 595 10
648 3470 8
4135 4224 1
676 4022 2
3834 4366 8
2566 4567 2
749 4369 1
3459 4163 2
788 2132 5
1106 4555 3
1162 2557 5
1264 3914 7
623 2574 5
1957 3416 5
3241 4098 8
3597 4477 10
718 793 9
3534 4319 6
1554 1891 3
408 2958 9
23 510 1
779 3541 10
2332 4861 10
2069 4585 2
1569 2948 1
414 1482 8
2034 4331 2
896 1645 5
794 1652 8
2613 4562 1
736 3913 1
2441 3488 4
1290 4671 4
4579 4721 4
3727 4102 9
2443 3607 10
3614 3756 1
3221 4524 3
2317 4607 7
2816 3863 6
3172 4295 10
1548 2056 7
74 1160 7
1583 1584 1
735 780 5
131 4644 4
1184 2452 4
1304 3904 8
3764 4605 7
2307 2594 9
1923 1934 2
302 4233 9
770 4252 2
819 4317 5
71 1907 10
2529 4296 5
301 998 8
223 4868 1
75 405 3
2318 4238 6
2471 3070 9
826 2468 6
1335 2456 10
1753 3945 10
2453 4531 5
3667 4047 3
110 3174 2
1795 3741 2
1944 3829 6
723 4709 9
367 2917 5
2857 4184 6
2595 4781 9
1662 3017 6
748 2181 5
4498 4499 9
592 1143 2
2339 2963 4
551 3868 9
261 1301 2
2057 3082 5
1337 2661 3
87 2072 9
1491 4092 8
1228 2156 7
1906 3905 7
2488 4134 3
629 3504 5
871 3981 2
1723 4032 7
494 2226 6
1698 2299 3
901 3902 5
4743 4892 6
1861 4455 10
1936 3216 1
952 2943 9
1511 2571 10
21 1854 6
1721 2492 1
2038 3091 7
1744 2066 5
763 3349 1
3230 3436 1
1345 1449 10
265 2998 10
447 974 4
286 3040 6
3162 4743 3
2892 4994 1
3198 3899 8
1444 4299 2
3989 4030 9
1288 2128 9
1180 2704 2
1686 3782 9
925 2991 10
2577 4015 3
932 944 4
2487 2802 9
3484 4798 5
630 2345 6
1417 4274 2
2463 3194 9
2373 3479 3
2287 4241 6
558 1073 8
1973 3517 2
2994 3396 8
2659 3639 7
1351 4476 9
330 2453 5
1247 1833 10
425 2637 7
520 2173 3
4383 4940 3
343 3280 2
1943 2822 9
216 3557 3
728 1888 1
1867 4196 10
468 1247 8
2526 4392 6
876 1205 3
1674 3529 6
1690 1840 1
982 2500 6
757 1418 7
1133 3539 6
1026 4341 9
126 670 1
374 2350 2
162 4824 9
1232 1713 4
713 4667 4
458 2588 10
2086 3598 5
1239 4092 8
3908 4685 3
183 3984 8
1832 4324 9
730 954 6
1616 2426 3
1528 3911 1
606 1953 2
1301 4712 10
1376 2085 3
244 2559 1
1344 2647 3
3433 4957 1
3649 4008 6
784 4340 9
2239 3077 3
754 2334 9
853 2188 8
63 2255 1
1220 3423 10
3532 4986 9
1219 3628 10
1097 4472 7
159 1079 9
4117 4710 2
1467 2724 5
1836 2754 2
363 3299 5
4101 4859 6
1881 4263 1
493 4600 3
105 4872 4
716 4329 7
4199 4698 7
2168 2817 9
2378 3335 1
2417 4389 7
1137 2666 8
1491 4530 9
2850 4485 1
1176 4272 4
725 3497 4
3846 4007 2
2871 3219 1
896 2326 3
1911 2748 1
1543 4443 1
35 728 6
449 4035 6
859 876 3
226 1284 8
1230 1891 9
863 2123 3
2879 4494 9
2444 3619 10
61 4083 3
48 389 4
2055 2134 5
124 2278 1
178 807 8
3700 4337 8
33 4494 8
76 1274 9
1632 1928 2
1182 1985 5
1460 3928 10
1538 3280 2
2363 4580 2
1183 4354 6
2540 3578 3
1380 4358 10
2373 3315 9
1382 4185 9
2859 4310 2
2449 2630 1
744 3029 2
124 2200 4
397 699 3
1172 4100 8
1337 2418 6
2339 4386 7
673 3820 6
3274 4245 10
2879 4588 10
582 1015 7
935 2317 5
2928 4428 8
701 781 10
2010 3107 9
483 2617 5
1708 4881 1
423 3572 9
265 2096 10
828 3718 7
2384 4049 8
1323 1868 10
3235 3398 1
411 4797 2
2459 4811 3
417 4148 2
1454 3161 7
167 2395 8
1507 3273 2
765 1764 1
1969 2801 6
2901 3419 3
1630 4616 2
1659 2649 7
1666 4850 2
2050 2456 4
3134 3667 8
309 3120 8
1514 1929 3
37 3334 1
411 1679 4
360 3559 4
703 3465 5
3570 3638 7
1888 4318 1
4011 4413 4
1403 3141 3
735 2816 7
2444 3145 7
700 1263 10
1845 4395 4
2142 3224 10
166 4911 5
1589 2354 4
1196 2180 7
133 3617 8
1570 2516 5
1578 4707 2
3076 3312 6
2328 2737 4
627 1184 7
865 4591 10
2503 2784 9
922 3850 4
3506 3602 1
721 4664 4
501 1434 8
3042 4296 4
830 2438 10
2406 2905 7
621 2491 9
123 888 7
652 1990 3
2031 4271 1
2520 3555 4
1871 3968 6
2031 3222 9
2495 3467 8
167 4477 3
2700 4956 1
160 3973 2
1375 1530 10
501 2967 5
411 2532 4
1987 3439 8
714 2853 1
602 3011 2
1387 2682 3
469 4378 6
2865 3903 4
2799 4329 4
216 1276 4
986 2573 9
3924 4294 5
464 934 10
2356 4394 1
2387 4406 8
686 1870 9
1375 4128 5
3037 3245 6
468 2596 4
3237 4531 8
780 1374 6
2909 2975 9
1959 4500 3
2241 4039 7
2115 2459 9
1815 3690 6
2185 2592 6
2026 2510 2
1997 4445 10
824 2622 9
2748 3000 2
2351 4167 2
1694 4629 8
4218 4319 3
1128 3296 2
1459 2892 8
613 1596 7
51 2233 9
1053 2960 1
823 2157 2
2967 3182 7
213 2556 5
169 4846 6
2278 3435 2
2307 2492 6
1731 3433 2
193 4109 8
1752 4071 7
1270 3052 3
2723 3366 2
334 1886 6
2706 3145 3
404 4542 10
1714 4509 10
2171 2460 6
4542 4886 5
2377 2496 7
1609 2325 1
755 4799 7
1308 4423 9
1763 3847 1
1965 2821 2
1601 5000 8
860 4477 2
1834 2669 1
76 2014 10
2194 2852 5
1641 4158 4
620 2429 3
3823 4383 4
1185 3651 6
280 3291 2
3357 3966 6
550 733 10
1606 2206 7
1583 1861 8
216 4387 1
2661 3867 8
374 987 3
1750 1808 1
2430 3787 1
1923 3812 4
1742 4987 8
3311 4670 1
3866 4950 7
1502 2981 9
2580 2770 4
2181 2518 10
1380 4824 3
2742 4802 10
1328 4671 10
1876 2630 10
2616 3156 7
386 4377 5
719 2102 4
586 1920 3
2783 2871 4
384 3994 3
2176 4037 1
1116 4676 3
495 4177 5
1591 3114 7
233 2446 7
939 2394 6
2642 4293 10
1268 2283 9
321 3830 6
769 2290 6
4531 4948 10
241 1337 5
233 2642 3
3210 3772 1
302 4431 5
1272 3221 9
436 859 6
2117 4380 4
765 3278 3
1578 1839 8
34 1111 9
2580 4608 4
1882 2260 4
864 4412 7
1607 2260 6
1099 3099 1
2348 3924 5
2759 4538 3
709 1309 8
2561 3057 7
1142 3075 9
2845 4789 8
2260 4546 4
4043 4311 7
1762 2339 1
1289 3124 4
1302 3167 4
51 2614 1
181 743 6
1249 2462 6
2613 3113 9
23 2864 10
613 3833 1
2031 3778 7
3093 4454 4
586 3400 8
325 503 2
3863 4763 4
2517 3064 6
1788 2553 9
4186 4675 8
367 2400 9
1908 3666 1
2557 3346 6
148 1445 8
4046 4557 10
335 2067 7
2712 4878 2
462 1175 5
2091 2369 2
803 3184 5
1192 2216 3
1290 1918 6
54 2634 10
1015 2328 7
1054 1525 2
3552 4991 6
443 4279 4
1231 4702 3
1381 4498 8
588 4196 1
855 4180 9
2239 2475 8
1485 2610 1
383 392 2
344 1901 8
341 2006 4
1119 3031 2
1561 1854 2
1370 3326 1
653 1776 6
51 2781 3
2768 4453 3
375 4969 1
410 1660 10
889 2717 4
56 4312 8
472 4864 2
1791 4248 10
2050 3189 10
1246 2589 2
538 3716 8
1028 4841 10
312 2578 3
2720 3128 5
570 2043 2
2694 4722 1
3078 4277 5
1505 2731 9
1540 2643 2
4103 4449 1
1796 3580 5
466 2485 6
3472 4730 4
419 3390 6
4015 4720 2
461 1619 8
1948 3522 4
1272 1625 3
1995 2488 6
2690 3884 9
4155 4982 6
274 1091 2
200 1716 2
909 1665 3
422 4786 10
648 3394 6
645 978 1
1377 4622 3
81 4195 2
741 3447 3
1506 4270 4
3315 4503 3
609 2762 7
778 1421 8
307 1196 9
1438 2649 7
3964 4127 4
2228 3137 8
2783 4811 5
3793 4029 1
1283 1537 10
2883 4470 9
2395 4698 5
1346 4557 8
2907 2916 7
830 1296 5
2175 3667 8
2342 4475 2
3214 4067 5
868 1071 2
3963 4588 10
2465 3455 7
48 2002 5
3997 4711 4
1407 3288 3
381 4728 3
547 2722 5
3161 3230 3
39 2295 5
4094 4998 7
664 4238 10
3945 4581 4
247 4746 3
2011 3070 4
858 4757 7
476 4419 5
1628 4345 7
3796 3948 6
1758 2110 8
613 1197 7
579 1699 8
857 3037 3
929 2076 4
1267 2130 10
2683 3662 1
291 2763 4
929 2234 5
1603 4076 10
4287 4854 8
274 4529 4
1240 4091 7
1843 2129 5
3010 4505 3
23 983 7
1825 4101 10
3720 4619 5
322 3253 7
795 2055 6
1884 4987 6
2622 3288 1
3202 3272 6
2408 3912 4
1249 2718 4
2896 3627 9
3423 3737 1
1423 2834 5
507 2282 10
2438 4567 8
1631 2421 9
243 3033 10
959 1847 10
1748 4418 7
3836 4280 7
2067 4832 9
237 1678 10
1389 4102 5
1782 4195 8
2084 3319 4
2119 2926 7
2842 3922 8
299 1099 2
1864 1892 5
436 2674 10
3035 4680 2
3971 4503 6
306 683 1
1017 2915 9
962 1839 8
4304 4456 6
1125 3206 2
976 2293 9
2633 2749 9
1254 3284 7
158 2924 8
1952 4646 9
3091 3817 3
3619 4925 6
3459 4854 5
382 757 3
614 1147 8
1768 3718 9
1945 3370 5
1123 4488 8
2280 2987 8
440 1141 5
3086 3607 4
1158 2335 1
564 3135 2
4508 4627 7
581 3778 8
3558 4415 9
2451 3090 8
16 127 1
239 1658 1
257 1065 2
672 4703 6
2554 4568 8
298 4605 7
2488 2893 4
2765 3219 8
1866 3891 1
1770 4583 2
3621 3849 1
1767 2082 2
2228 2325 2
2633 4787 9
3255 3580 2
176 1721 8
142 2793 7
2498 4289 10
1265 2951 3
3411 4703 4
1669 3643 9
2876 3880 6
2785 4650 8
1744 2687 7
1578 4560 10
369 2722 4
1933 1966 7
719 4781 2
2943 3547 5
539 3520 5
941 4814 5
323 3191 7
2068 3364 1
1140 1168 9
1940 3266 7
474 2176 10
1450 3624 5
854 1959 8
2162 3029 1
2222 3575 10
83 1443 2
1109 4478 10
149 1105 1
2152 2845 3
50 2018 7
1356 4816 1
1365 3498 7
1678 4444 1
3204 3449 2
3695 4854 7
3221 4569 9
781 1653 10
783 2548 6
144 2458 3
1836 2737 6
2507 3353 8
3292 4487 4
1782 2304 10
3348 3787 7
209 3886 6
2776 2931 1
2834 3978 5
198 1451 5
1780 3358 9
2073 4471 8
656 4530 7
3558 3660 1
89 4793 9
820 3425 9
366 983 2
1897 3603 8
90 786 3
1113 2745 3
2090 3721 4
3874 4734 9
2088 3916 7
755 1643 7
992 2292 1
1931 2847 5
433 1197 5
1974 3269 5
2784 4025 10
388 2848 1
875 932 7
1894 4442 7
850 1336 9
3481 4912 4
2629 3147 2
3097 4694 4
1840 4630 5
615 3799 10
792 4308 3
2046 2163 6
440 4990 3
1415 3637 3
4323 4571 1
105 3486 5
1814 2705 8
721 2471 8
1861 4044 4
886 1491 4
212 1804 4
1007 2508 9
837 3124 3
2611 3854 9
2035 2565 2
2039 2097 8
1185 1347 7
3376 3932 1
789 2941 3
3293 4685 10
764 3730 2
820 3723 7
1966 4911 6
784 2292 9
410 1400 1
1632 2015 2
156 3488 10
616 1864 2
1629 3958 5
223 1463 10
282 553 5
1840 4649 6
1121 4266 4
267 2217 5
540 4817 5
1609 2133 9
890 4253 2
2338 4107 4
851 2251 4
723 4378 10
1757 2975 8
2789 3113 7
1993 3661 6
687 2438 8
96 4495 3
1979 2450 10
1216 2114 7
541 3038 1
124 1466 5
2025 2911 7
778 2117 1
1468 4381 1
194 3009 7
77 615 9
2130 2432 7
1732 2007 2
209 225 2
1898 2981 3
4672 4777 3
2898 3126 3
721 3398 3
562 4710 8
761 4116 5
1850 2247 6
1624 2621 8
3139 4337 8
2214 3094 10
4146 4723 1
1811 3689 3
873 2258 3
4247 4351 3
739 4791 5
1514 2356 6
2522 3490 8
676 691 3
1727 2635 7
739 3978 3
3419 3632 7
2006 3473 5
999 1133 10
1354 3392 6
2687 4419 3
1776 2116 3
1096 3750 5
1392 2268 4
849 2662 9
189 892 7
226 4273 7
2218 4176 5
1937 4167 8
4465 4713 8
215 4149 8
2866 3585 3
1496 4854 9
184 444 9
978 4299 6
1800 3184 2
1851 4039 3
443 1190 10
1631 1637 3
382 846 3
3049 3295 9
3290 4716 5
1649 2095 6
956 1746 8
3083 3881 6
4062 4605 3
522 1806 7
1989 2254 9
3715 4145 8
427 1209 7
1251 3269 8
1223 1993 9
1520 2184 3
1098 4140 7
1593 4281 2
28 3531 4
585 841 3
1522 4925 6
2279 4028 8
603 2979 3
372 3854 4
642 2795 5
130 3847 10
634 4981 3
2743 4736 9
630 1057 8
1512 1542 1
273 1451 1
378 2651 4
2189 2296 9
2899 4710 5
3370 4246 9
1152 3550 6
717 874 2
776 1606 2
139 2265 5
287 2486 10
14 4779 10
541 4341 9
1369 4656 2
634 1120 7
1200 2211 8
3041 4648 3
2849 3855 1
55 3789 1
237 1251 1
55 925 6
2250 2997 3
2232 4852 3
1878 3137 6
220 3271 10
587 3262 6
95 4743 4
224 2483 10
4770 4952 7
1909 4614 8
27 1490 2
1006 2218 8
830 2461 8
2657 3794 3
1994 3124 8
1114 2239 9
988 1024 9
2000 4832 2
852 1261 5
1010 1248 10
291 2170 4
1046 2753 6
449 1767 7
2534 3165 2
4618 4795 8
2211 4195 3
412 3598 9
155 2142 6
946 3244 8
2364 4965 5
1463 2703 2
4421 4876 3
675 3842 2
1511 2509 6
2116 2474 1
2167 2769 8
403 1121 6
745 1785 4
506 1625 10
495 3541 3
887 4477 7
752 2894 8
847 2461 7
895 3847 5
664 2332 3
4763 4960 3
2648 3796 1
30 3725 2
2126 4544 9
3200 4100 6
3155 4097 10
659 3818 5
1683 4993 10
3610 4823 6
274 3018 7
2148 2379 2
141 2622 6
62 1317 8
2377 3901 2
3408 4634 5
2374 3650 10
2272 3429 8
3264 3340 9
424 4232 3
1297 1754 6
392 4963 10
1066 1117 4
980 3254 8
3498 4059 6
572 4571 8
1271 2715 2
2705 3334 9
1018 4264 1
135 434 6
817 2182 1
369 1942 1
1330 3456 1
118 3776 5
2069 3987 7
271 4117 1
861 897 9
881 3978 10
2147 4173 7
477 1044 2
1292 3735 8
724 2308 10
617 4216 4
615 1983 4
800 2114 3
489 4935 7
27 4938 6
1361 4448 1
2028 2697 5
1587 3255 9
957 4131 2
121 1702 1
2595 4469 6
328 1199 4
2038 4753 3
586 1378 7
1938 4109 1
1513 3115 10
1519 2596 8
121 1549 10
1102 2195 10
4602 4762 8
4975 4984 3
4310 4801 6
993 2499 9
200 3530 9
11 3285 9
3068 3607 2
2016 2205 4
4654 4721 2
2023 3250 1
293 704 9
1667 4136 5
3502 4311 1
1078 3817 4
538 3958 5
762 3235 6
949 2257 1
2450 4950 6
2981 3807 6
3299 3517 6
1924 4341 10
3391 4915 1
574 2654 2
102 4238 2
2758 3393 9
53 586 8
1788 2499 9
1607 4826 10
335 376 1
16 436 3
3659 4020 6
2705 2833 1
175 417 2
1707 2141 4
315 1800 8
2281 4506 7
2730 4222 8
1358 2073 6
1078 1373 6
1901 4620 7
963 3323 5
626 905 6
382 2773 2
1189 2334 4
869 4539 10
1338 2190 5
1306 3371 2
2738 4704 8
2107 3536 4
1390 3656 10
1506 2770 5
1678 4977 1
590 1076 8
2188 4749 2
577 1224 10
242 4100 7
201 1129 6
264 4911 5
2018 2450 3
201 3027 9
1893 2569 6
523 2939 9
214 3246 2
2329 3557 6
1567 2891 8
777 2781 3
2251 3153 1
1592 1894 8
16 1448 7
2180 3678 8
226 1582 2
1342 1550 6
1200 1930 9
2707 3937 4
3806 4395 9
1548 3912 8
905 1033 8
334 4043 3
522 3643 3
497 4704 3
2219 2780 9
3091 4964 6
879 3955 5
2371 2910 1
1415 4278 9
91 2402 6
1534 3806 3
1151 2599 8
1935 3490 2
2760 4917 3
555 709 1
3540 3546 3
4168 4580 10
2802 3337 8
4249 4650 8
2295 3229 10
1290 2835 2
426 1150 7
963 3662 6
1025 4756 1
569 3625 4
1743 1924 5
1797 2919 6
2333 2984 4
590 2428 3
1123 1425 2
46 4475 10
1750 2206 9
3927 4777 1
1601 3179 10
1809 3743 8
635 895 4
1679 1958 2
2053 2590 5
50 2610 4
1655 2690 5
3918 4796 9
4019 4460 8
3425 4789 3
2590 3423 7
1769 2443 7
670 1213 10
104 1511 1
1198 4683 9
1204 4876 2
4032 4432 1
2025 2269 1
3 4546 4
444 1332 1
1548 4759 9
3246 3750 5
1410 3903 6
621 3329 4
250 4456 4
1369 3575 4
2195 3658 10
6 614 10
768 2316 9
566 3732 3
940 4865 1
350 4614 4
1696 2904 2
1303 1694 3
1346 3252 6
162 2327 3
1300 3183 7
2797 3494 3
610 3259 4
52 1228 1
476 2146 6
3016 3342 4
1298 2727 4
1693 4190 10
680 1144 4
352 365 4
896 3892 9
1724 2965 1
1629 3554 10
1458 1745 4
148 1821 8
442 3264 5
2146 4849 8
1586 1946 4
329 1232 9
600 4660 9
361 2293 7
1284 4310 9
597 4871 6
67 4424 8
2085 2621 10
774 2741 10
1070 4569 8
2393 2767 3
1978 2556 5
44 2722 8
2133 4352 5
2120 3862 9
430 4881 3
423 2104 10
782 2544 8
2167 2498 4
1324 1623 10
1116 3930 10
1722 2875 5
3366 3753 10
334 3191 4
1209 4668 4
2533 3131 3
1534 4763 8
1509 2594 2
174 1653 3
2009 2621 5
3195 4809 9
1464 2870 8
457 735 3
1776 3373 7
1869 3734 8
3178 4469 10
2615 4260 8
3091 3181 3
442 3996 4
3719 4826 7
3700 4329 2
1996 2773 8
776 4208 10
574 2855 6
1077 1612 7
1834 3043 6
1184 1377 1
1755 3402 3
3983 4593 5
288 2506 1
134 189 8
3034 4203 2
328 3556 7
2278 2865 5
1316 1769 8
89 984 4
2562 3404 10
278 1231 6
2104 2934 3
4582 4907 6
1937 2692 1
1359 3006 9
461 1409 9
1802 3051 3
71 3523 10
3934 4448 5
2147 3801 7
3499 3850 1
1881 3147 5
1400 4587 1
747 1402 4
3390 4953 10
2018 3246 1
894 4222 5
3555 3995 4
928 2805 6
1221 3715 10
37 3571 4
949 4377 3
192 2783 1
380 4530 10
689 2275 2
93 338 3
188 616 7
1745 4537 2
2044 4947 10
1791 4040 1
552 1692 6
1127 3064 3
1355 4574 5
395 4838 3
3835 4833 9
1814 4133 2
487 2057 8
211 1318 6
542 1529 9
4287 4312 1
1171 2464 6
763 1684 5
397 4324 5
2959 3203 1
510 1270 5
1460 4643 3
1505 2707 7
488 3724 6
3251 4260 5
780 3143 6
275 2380 10
1164 1541 6
1595 4363 5
2097 4921 5
1177 2372 10
1274 2831 9
4737 4768 4
2017 3101 2
874 2846 5
1659 3859 9
2266 4811 8
1907 4523 8
316 3100 3
3317 4244 5
264 1183 5
1091 1367 8
2485 3475 3
216 1467 5
981 3999 5
2043 3576 8
936 2796 9
577 689 2
718 2551 3
398 3270 3
3293 3653 3
1036 4156 4
327 3333 6
1990 2440 3
1155 4334 6
581 2083 6
636 3294 4
2403 3481 2
747 3111 2
498 4107 3
3170 4340 6
1348 3593 6
569 852 6
1015 4825 8
2995 4096 10
791 3902 9
52 766 4
849 2824 9
3032 3219 8
459 2373 6
734 4451 10
2749 2975 1
2479 2549 6
1102 3068 3
2457 2989 5
2584 3958 2
1941 3927 10
489 780 7
716 2696 2
1869 2957 5
4433 4746 4
471 3964 2
454 3283 7
475 3121 2
149 397 6
1174 2034 1
348 3688 10
3522 4764 9
2332 2393 10
721 4683 5
221 4385 6
3006 4502 1
880 4648 2
160 3121 2
1096 2034 2
1464 4364 10
2186 3726 10
3176 4247 1
1599 2858 1
656 3740 9
3265 3773 5
2133 4882 1
63 84 5
1781 4811 2
99 2543 2
1546 3069 10
2759 3742 8
3358 4511 1
671 4870 7
1014 4241 2
1489 2423 10
1331 4444 9
1546 3395 1
2094 2663 9
495 1838 3
1095 1633 7
2993 4510 10
897 3341 10
595 884 9
3326 4215 5
215 1178 6
594 1808 1
2347 4041 9
129 2492 4
344 844 1
1017 3692 10
1645 3861 4
3126 3223 1
2103 4668 7
2199 3396 2
458 3532 1
291 3145 7
695 809 1
2767 3370 10
1525 4664 2
630 4551 5
2070 3705 5
681 2008 3
2919 4271 6
1090 2948 6
2604 2877 6
758 4850 1
2540 3019 5
3151 4562 2
1985 4363 1
1978 2845 8
513 1454 7
301 2438 1
675 2295 9
2399 4874 3
1919 2284 3
2217 2315 6
191 1383 7
422 4864 1
484 1663 2
1626 4400 10
2808 3468 9
929 3384 3
2008 3132 10
1867 3224 8
903 4635 8
1531 3542 4
2037 4259 6
1485 4399 5
737 3726 10
809 3430 10
3948 4776 5
2403 3440 1
1456 2302 9
1419 1591 8
817 1663 3
208 2018 9
980 4563 10
875 1903 1
1247 1660 5
77 3498 7
3120 3375 9
4065 4250 6
10 2691 2
1191 4157 2
153 4146 9
114 4901 7
1162 2723 2
623 2702 2
2571 3711 2
2881 4767 3
1953 4779 8
1610 3223 3
1210 3043 3
1388 2048 10
1882 3737 7
374 4864 8
1777 3524 1
661 1156 3
1690 1861 6
2836 4487 2
605 2969 5
3503 4186 8
47 2885 6
892 3606 10
557 2039 8
1591 3785 6
325 4630 2
48 2737 10
1426 3606 10
2104 3595 6
2413 4459 9
3575 4292 7
2915 3939 3
2060 4270 9
158 363 2
1629 4983 8
3356 3863 10
1553 4335 8
1855 4575 7
2226 4468 2
1563 3884 3
620 4875 10
2253 3121 3
1035 4457 7
1238 2419 4
1728 1879 6
1330 1723 3
970 3876 5
1239 1285 4
105 2489 7
2267 4353 9
2884 4164 7
973 1125 3
1641 2558 8
801 2410 2
1762 2408 3
1396 4208 4
768 4541 5
2668 3131 1
472 555 3
411 2375 10
1695 4029 5
2865 3664 1
80 1579 10
270 844 6
3994 4457 2
357 1886 3
3597 3862 9
1193 4640 1
2280 2918 3
547 2492 6
1124 4019 4
1025 4115 8
206 886 5
893 3244 3
3982 4803 5
508 1962 9
300 702 5
1936 4146 10
1319 4452 9
517 1532 8
2549 3952 3
2848 4886 9
2871 4214 6
4111 4174 3
642 4862 2
2196 2598 2
1407 4739 6
995 2312 1
4237 4810 6
1210 4747 9
40 399 7
3123 3972 4
1263 4198 2
888 3663 1
451 4909 4
1256 4546 9
2850 3826 3
491 3950 3
566 3747 7
25 900 4
241 2566 10
1912 2223 5
535 747 9
2815 4763 4
445 4210 1
1698 4380 2
762 1839 1
601 1990 3
945 4877 2
782 4556 7
11 4730 7
931 1694 2
1136 3378 10
2353 2693 8
628 932 10
211 4708 6
177 3349 10
414 3418 8
4489 4866 6
1074 3537 7
796 4451 2
807 2558 10
895 4648 2
1113 4582 6
1163 3235 7
278 4784 2
348 1134 10
2207 4152 6
555 3710 5
1440 3710 8
1526 4711 3
962 2926 5
529 2700 5
1226 2517 4
121 4701 9
930 4119 10
1935 4113 5
1568 2980 2
2120 3740 2
486 500 8
1844 4373 7
479 3503 9
692 3287 4
3803 4275 5
2306 3791 3
1607 3164 2
1095 2844 1
2783 4216 10
1813 3554 2
988 1857 6
316 3441 9
3361 3435 4
14 503 7
1354 4899 8
3355 4070 4
1252 2373 7
1338 1941 2
359 2131 3
1108 2461 1
3089 3510 3
1605 4746 7
2166 3834 9
1128 4969 7
1681 3344 6
4329 4597 7
1106 2931 1
2066 4976 3
1493 3330 1
1986 2174 5
1705 3187 5
1925 2125 1
162 2837 2
937 1282 7
1901 3568 1
1905 2517 2
266 2485 3
143 3524 2
1231 2190 7
1430 2822 9
2519 2615 7
483 3369 3
2255 4090 1
4771 4949 2
1199 2085 6
1782 3172 1
569 4279 6
2968 3543 1
9 4828 5
754 2278 5
1777 2009 6
2190 2847 9
20 1465 1
3432 3662 1
1067 4011 7
1412 2448 5
727 2289 8
339 4440 3
1232 4564 9
1325 4467 1
716 1298 5
3463 3525 10
139 2073 5
374 2692 8
553 1709 4
1720 3934 8
352 4360 7
2030 4401 2
3499 3721 4
1545 2740 4
1556 4641 1
370 1498 10
191 3115 8
2638 4351 9
109 193 9
163 177 8
704 2941 9
4432 4939 6
2041 2090 8
1663 3664 1
1028 1168 10
549 4755 1
1696 3427 9
3596 3969 5
455 4431 8
1109 1963 8
1278 4493 1
4118 4175 7
2719 4431 1
2522 2707 6
2140 2414 7
1868 3619 6
3464 4413 10
3178 3917 1
2434 3941 7
3482 3588 9
1113 4759 5
2767 2994 7
289 1629 7
2245 4062 2
2055 3295 4
4467 4574 2
1567 4794 6
200 2522 6
124 4825 2
1786 4489 5
700 813 8
194 3391 1
787 2804 10
1846 1852 4
2252 4364 6
56 2914 8
286 3887 1
1433 2728 9
231 514 9
2110 3901 3
955 4794 10
897 2915 4
477 2975 5
1226 1275 3
1391 2539 4
2165 3893 5
676 4395 10
3564 4082 10
148 2433 6
1767 4921 9
254 4516 6
4567 4990 2
2480 3429 3
695 3500 1
118 2473 7
625 2997 2
86 3223 5
1474 2198 7
2450 4490 9
1431 3425 1
874 2692 2
2513 3107 10
2516 3487 7
111 2183 10
1945 3032 6
437 1987 4
88 4486 8
1313 3791 6
1258 4663 9
682 2007 1
364 982 2
3189 4768 9
3059 4941 5
1147 1182 2
1257 2539 5
22 1670 2
209 2492 4
4400 4906 10
3010 4392 4
2532 2826 2
918 3750 9
3877 4281 10
1126 1729 2
1540 1818 7
1164 1663 1
1483 2386 5
1156 2536 1
273 4771 2
1271 2136 7
2617 3087 6
1003 2481 3
2080 3028 3
597 3745 10
582 1842 5
2599 4726 4
909 3360 3
564 2471 10
1620 2528 9
1847 3727 3
2198 3994 9
939 2260 4
3817 4272 6
794 2661 8
632 765 3
1242 2700 4
1604 4684 6
381 4083 1
735 3603 1
99 1619 8
813 1386 9
2913 2917 3
1499 4548 8
48 1013 9
3229 4157 8
786 3452 5
3935 3939 5
2199 3797 6
664 2216 6
2792 4684 8
409 3943 6
427 4211 4
2655 3588 3
3117 3188 6
138 2286 9
2688 3149 6
1401 2336 1
660 3667 1
129 3660 5
1196 2945 10
1508 4985 4
160 3479 4
2408 3700 9
2681 2998 9
2440 4146 6
2281 3310 9
506 4847 9
1761 3656 8
1708 2902 9
2581 3069 2
1793 2527 10
3382 4231 10
2493 2955 10
2849 3152 10
1338 4599 5
3783 4343 6
3418 4787 1
1829 2064 8
2142 2468 2
326 4530 10
2885 4925 4
2107 3852 10
2334 3483 10
201 4168 4
3831 4352 7
1432 3507 4
465 1313 9
1208 2081 4
1875 4290 9
3292 4020 1
2875 4986 8
265 551 4
909 1359 5
1951 3907 7
453 1998 1
923 3255 10
1887 4930 9
2193 3305 2
3528 4658 5
749 4036 1
2827 3034 4
2239 2298 7
3245 3302 4
1089 2074 2
2303 4878 8
1928 2020 9
2672 2915 5
3378 3389 10
53 4575 7
381 1177 9
1770 4329 2
1974 4088 5
745 1378 8
782 3441 9
2724 4163 2
39 538 3
131 2243 2
2550 4437 6
691 2328 8
643 1369 4
1853 3041 4
72 2344 5
208 4854 7
134 4357 9
2023 4674 3
3303 3542 10
1804 4193 1
319 4800 4
3721 4424 9
78 1674 2
1185 3639 4
264 1445 7
1609 3257 4
257 3349 2
3029 4473 7
119 4400 8
3952 4524 5
2248 4822 4
2321 3110 10
1761 3879 9
1166 2461 7
1352 1536 6
704 1816 9
633 3477 4
1783 3222 10
828 4668 7
3558 4714 5
400 4749 3
1929 2380 7
739 1302 4
608 4724 1
524 705 2
294 1068 4
2335 4897 3
429 1179 7
404 4571 2
1745 3978 5
1700 3206 1
925 2091 1
2990 3616 8
511 2370 4
684 3702 2
621 4445 10
1081 1987 4
3221 3411 2
963 1900 7
2067 4236 7
589 3924 6
1245 4892 7
320 3904 8
2992 3939 6
3621 4853 6
137 2750 3
3067 4609 4
404 4676 1
242 4934 7
1075 1356 6
1104 3814 7
3841 3950 9
1747 4906 4
1445 1530 8
921 4067 4
1796 4366 8
2473 4908 10
3498 4768 6
2062 2584 5
1172 4112 7
332 2352 9
1669 2112 4
529 3647 9
1238 3417 9
216 2136 6
224 3297 3
2423 4072 5
1333 3413 6
3672 4378 4
1481 2641 4
2302 3705 4
2316 2483 4
755 3064 6
1086 4363 10
704 1088 9
224 2896 1
895 2014 8
369 447 6
584 3817 5
398 3924 4
1883 4163 4
1824 2128 7
1441 4335 9
684 4144 1
508 3759 2
934 2141 10
3267 4440 5
1057 2311 9
1748 1928 8
2425 4990 8
920 4157 9
2505 4629 6
843 1101 1
170 313 7
2022 4299 3
914 2712 5
1471 3509 1
1057 2759 8
933 2236 10
168 3862 5
3890 4161 7
2827 4881 9
2392 2940 10
1315 3932 4
874 1680 5
2121 3691 5
3769 4919 4
2202 4701 6
2827 4900 8
143 329 2
421 1419 9
3031 4865 2
450 1963 1
997 4917 4
2695 4493 1
2109 3223 10
2165 2839 8
1836 2660 8
1773 4532 5
82 2987 5
3887 4416 6
839 3799 3
3645 4518 3
2695 3693 10
1753 4244 5
274 358 4
2218 2240 1
2305 2437 3
2468 3022 4
182 1449 10
1489 4995 4
1862 3329 3
38 2274 5
324 4237 9
1131 3994 6
1129 3108 5
938 2741 4
693 4959 4
2806 3546 1
3289 4461 2
2542 2549 6
601 2796 1
2136 3624 7
2114 4599 9
1856 3727 9
529 4314 1
1746 2986 8
1798 3332 4
2485 3381 9
2325 4986 2
1441 1811 10
1976 4280 1
1497 3569 3
2595 2823 1
712 896 7
2293 2700 4
1205 3021 1
566 4180 10
582 4191 9
1293 2025 3
231 1333 10
1760 2095 4
879 3476 10
736 3566 8
1768 4986 8
300 659 2
45 1624 10
1837 2020 2
2298 4537 10
1735 4609 2
571 2643 10
2657 4045 5
1107 4963 6
2585 4272 4
3386 3840 10
1997 2863 1
3060 3246 2
367 2085 2
2033 3317 7
295 783 9
141 3783 5
186 2127 6
941 999 5
296 2427 1
1256 4884 8
1356 2365 8
23 4550 1
1020 4291 6
4159 4697 8
546 752 1
3744 3928 7
1237 2140 4
2931 3020 9
3261 4834 6
96 3287 1
4 3997 10
1396 1508 8
386 1285 3
1187 2583 10
1830 2543 1
3236 4033 5
759 3153 9
1519 3181 4
2031 3800 6
2222 2891 7
1093 1669 8
2001 2291 8
1968 2185 5
273 2904 3
641 2765 4
1655 2486 4
1918 4678 7
1192 1738 2
129 3651 3
1990 4603 8
594 3770 6
3392 4219 10
137 4100 8
2039 2777 6
2712 3022 1
1581 2209 5
487 1226 9
2435 4194 9
2066 4069 6
793 4524 7
1672 2165 2
2309 3687 7
60 4509 5
478 725 9
2042 2912 1
1706 3826 10
2714 3831 1
184 1190 5
2774 3397 6
391 4443 7
1371 4013 7
736 2078 2
821 3459 9
2686 4858 8
3261 3558 7
3776 4922 7
1370 1717 3
3057 3975 5
228 4757 8
2575 4669 8
1311 1562 3
1554 3571 4
990 3655 6
3351 3362 9
577 723 8
1283 2505 3
352 1407 1
2856 3988 10
986 1610 5
1441 3436 6
239 2976 9
894 2646 9
2570 4258 2
2545 4077 10
365 4185 4
2100 2829 1
3828 4881 7
629 1887 2
30 973 5
3298 3924 5
755 4296 8
1633 1926 1
1318 2558 8
1329 1810 4
1163 1371 3
2554 4772 3
78 496 4
4170 4579 5
151 2448 4
2488 4453 9
1463 4643 1
295 4845 4
1721 3055 1
179 1633 9
478 2582 3
2055 4230 7
1115 4388 8
2004 3994 7
789 4659 6
2180 3727 6
27 1787 8
3292 3808 1
1292 1518 7
1908 2131 6
810 2184 2
1348 2560 1
592 4000 9
635 2249 6
12 4319 10
3858 4487 9
472 2243 3
3622 4333 2
579 3155 6
2039 4612 5
2847 3536 9
370 1365 5
670 3155 1
385 1123 6
1399 2686 7
1499 1623 3
1675 3253 9
1537 2780 8
849 3312 10
2744 3287 6
1986 2871 8
1045 3045 3
3243 4039 5
791 2824 3
1373 3482 6
140 2276 4
1106 1560 4
1259 2055 2
3105 3773 7
1060 4994 4
3425 3487 8
2572 4871 4
4147 4838 1
375 1956 5
1418 3261 9
1836 2728 9
3666 4729 4
1561 2074 6
2182 3268 7
244 922 9
1469 1888 9
1648 4695 8
3537 4322 8
703 1389 7
2053 2588 1
170 2555 7
2697 3278 4
2217 2770 5
390 2226 10
2412 4725 10
4470 4910 7
3314 4396 8
665 2467 3
1549 1976 3
908 1802 10
127 3706 10
1756 4094 6
1249 4128 8
304 1612 4
3298 3711 10
1512 4508 7
2861 4156 9
1879 2738 6
2939 3752 8
2614 4017 6
203 396 7
1891 3936 4
1445 4611 3
867 4561 3
1933 2366 1
3177 4135 7
2473 3120 7
1798 2906 10
1522 4176 3
2706 4350 7
2489 4657 8
489 1703 10
3416 4950 5
139 2368 3
1781 4640 7
2728 4593 2
2461 4603 1
4490 4610 10
407 3708 1
2314 4094 3
1241 3597 3
1040 1346 4
346 2863 5
233 4400 9
1032 4338 4
422 2314 2
2116 4501 6
3643 4548 2
2346 4915 1
2861 3728 9
390 2078 3
308 410 7
1506 3436 3
618 3840 3
3549 3900 1
3553 4895 4
16 2688 6
150 2823 3
63 515 4
3152 4967 6
767 1238 1
1659 2635 9
761 4143 4
1858 2546 7
669 2148 4
579 3703 7
284 2062 3
828 1125 10
255 4644 2
14 515 9
1806 4054 6
1705 3902 9
1161 2955 3
3156 4992 5
133 4562 4
488 883 4
213 3501 5
433 3564 6
336 2034 9
200 4561 10
1067 4984 2
1852 3744 7
498 2806 3
1171 3346 5
2064 4289 9
877 1619 2
174 3104 5
54 2295 3
1915 2368 4
2774 4204 4
3083 3526 6
1593 3696 9
953 1357 5
98 4667 10
1138 1684 7
2792 4367 1
1160 4598 10
1290 3875 8
2321 2575 1
123 1719 4
543 4586 4
1642 4728 8
3331 4766 3
1600 1838 8
1378 1989 10
539 3403 8
1068 3014 5
27 855 10
2940 3550 10
1746 4393 1
2392 3250 4
1907 4213 2
2614 3637 6
139 2530 5
890 2444 5
3781 4397 2
353 766 3
980 1286 10
2970 3485 3
2148 4440 3
1365 3398 5
954 3946 4
336 4982 2
2275 4653 8
1905 2054 2
1595 3098 5
2980 3754 5
2637 3882 7
2605 4558 10
838 1355 3
777 4969 4
433 3137 8
2182 2589 9
746 1222 9
570 3160 7
2171 4558 7
1277 1923 9
2759 4751 9
973 2872 6
65 3635 4
373 1395 5
817 887 5
4415 4540 8
1803 4970 6
1816 4826 4
2849 3633 1
440 2398 6
724 2924 8
2330 2422 9
2458 4135 9
1794 4242 8
2560 4405 1
2105 3687 7
1617 2805 2
1651 2831 7
971 2423 1
1890 2166 9
2516 4891 1
2398 3447 6
1474 2259 6
1311 4388 10
1347 1559 2
1618 2700 9
683 2150 7
1600 1767 3
1996 4472 8
1404 2636 5
3142 3719 6
1753 3388 4
1254 2447 7
3296 3766 3
1606 4477 8
3626 4293 4
838 1738 3
462 510 7
391 4322 5
4102 4438 8
2265 2777 10
1280 3034 2
2223 2527 1
3648 3876 3
981 2192 6
112 2111 3
979 2326 10
316 2302 1
86 1936 2
1155 4632 1
147 3926 8
145 4319 9
778 2022 6
198 310 4
382 1459 5
2159 3699 10
1555 2617 4
3754 4122 3
2261 2628 9
15 4673 8
293 824 7
921 3921 5
1345 2985 4
1303 3553 9
1096 2300 9
3953 4540 4
4519 4951 6
369 4931 3
531 1133 8
190 1312 1
1368 2817 2
3278 3577 5
664 3419 9
921 4406 7
1678 2654 5
3101 4671 9
4510 4527 5
1771 1817 5
1244 4369 3
3255 4227 5
1560 2494 9
1657 2643 9
92 135 2
4164 4875 2
1928 3178 8
3121 4099 4
1815 2876 10
585 3547 9
1156 2118 3
2768 4292 4
503 4138 3
292 808 7
621 2573 5
720 4521 7
2499 2855 6
3012 3685 2
35 613 1
1921 3818 9
1261 4222 3
805 3764 10
4152 4833 3
1622 2106 8
2498 4358 2
3204 4216 3
512 2545 8
2221 2370 10
977 1145 7
955 4868 8
603 2184 9
923 4469 10
1893 2191 10
2483 4365 4
2433 3236 9
1877 3278 3
2032 4577 6
521 3644 2
2462 2663 3
951 2669 1
4014 4981 10
2518 4250 9
1657 3562 7
638 3018 7
1288 3656 6
1045 2613 3
892 1728 6
1482 2393 4
1056 1348 3
3210 3798 9
2979 3729 1
318 3297 2
2 2004 9
226 2612 5
4075 4815 5
1899 2847 3
1306 4963 2
821 1076 6
4432 4705 3
1427 3838 10
1648 4688 1
1153 2846 7
2491 4867 6
2050 3676 2
3388 4009 2
2502 2740 2
1488 4330 1
418 3590 8
958 2733 6
1223 2532 3
716 2278 7
202 3827 4
2329 2711 4
2376 4629 2
323 1796 10
1555 2338 8
30 1042 3
1433 4516 2
688 4659 10
1365 2469 1
1876 3492 2
3482 4481 5
1125 4874 4
522 3719 7
751 3581 3
499 4783 2
2642 4659 8
2477 2552 8
3482 4813 10
4018 4391 3
2641 4499 5
2035 3011 2
3163 4978 2
1319 3593 8
758 959 2
2641 3961 9
1293 3122 1
2265 2457 3
2930 3164 9
1716 4871 7
2276 4853 6
1412 2837 10
3942 4241 3
2928 4374 3
4605 4767 3
1782 4900 1
36 920 7
1469 4840 10
2803 2820 5
1736 2883 10
494 1169 9
3660 4618 1
2402 4147 8
2297 4203 3
1844 4900 9
556 862 9
2736 3510 2
815 1022 5
1856 2617 9
1723 3934 9
416 2504 5
1991 3915 8
226 456 5
658 3722 5
1866 2560 3
1247 2462 9
3596 3877 3
478 1228 5
2647 3773 7
435 3365 10
1606 2515 2
1069 3161 4
1285 3710 7
3410 3436 8
1391 2038 5
13 2266 10
882 1139 10
467 3094 8
3259 4258 8
1326 2560 6
1852 2922 8
3547 4225 1
2302 3889 1
901 4449 5
1419 3089 10
3947 4295 5
1745 4760 4
713 4912 1
1934 3709 1
1197 3769 8
4681 4780 8
3013 4679 8
4259 4890 9
1287 3509 7
2847 4868 3
3580 4674 7
1509 3522 10
376 1615 9
3207 4596 1
1541 2721 10
504 978 1
4184 4866 7
3394 3465 2
1274 1444 4
689 1464 7
2058 4912 5
2322 2858 7
1896 4281 10
1688 3212 2
60 3406 4
1577 2577 10
852 4903 8
1781 4177 9
1513 2295 5
2298 2827 8
722 4777 3
1351 4407 10
40 142 7
96 4312 8
1550 3097 10
506 2243 7
1433 2159 2
327 868 7
3072 3664 10
3482 4392 5
598 2417 3
2817 4405 10
425 3976 4
2716 3960 1
2050 2368 2
4156 4988 2
715 4531 5
3261 4061 6
748 1063 4
223 3148 8
1394 2051 2
286 4524 7
1092 4249 3
710 4134 9
242 3809 10
1530 1879 2
2824 4157 1
619 1933 10
1582 2300 3
2261 4527 4
50 838 3
1361 3167 2
2575 3812 5
2603 4390 7
3410 4588 7
909 3010 5
2645 3606 6
4261 4869 6
3541 4461 10
2954 4983 10
920 4684 1
1023 2445 7
3200 3364 1
2110 4255 10
1257 2142 1
1585 3520 4
1571 3847 4
23 1093 6
1780 4463 5
4230 4846 8
3528 4113 4
1931 4592 2
1411 2535 3
3794 4941 10
2057 3152 6
1187 1977 1
2631 2775 7
1800 1868 2
71 1609 9
3104 3403 10
3212 3703 9
1278 2093 4
2082 2617 10
26 3165 4
1336 4416 8
1542 3552 5
733 1935 8
318 1982 9
919 4590 9
206 2942 5
133 3734 1
219 460 3
3464 4257 5
3905 4891 2
2520 2610 4
265 2533 3
2235 3660 1
4655 4895 7
2095 4847 4
1931 4665 4
610 1067 3
2386 3518 9
403 2528 1
637 645 10
3465 4972 3
2610 3966 3
3314 3496 8
20 1273 5
712 2408 1
585 3628 5
2073 3900 5
142 2930 10
801 3846 7
1822 4636 9
1147 4543 4
1300 4551 8
1990 3252 7
3772 4424 9
1254 4210 3
2044 4644 6
224 4486 4
603 4973 8
1592 2171 5
700 3427 8
93 2025 6
130 1239 5
1479 2755 6
3726 4788 5
1074 4217 6
4154 4200 7
67 96 10
1176 3856 6
3857 4329 7
1421 2961 4
1637 4431 9
882 2765 2
2342 3865 6
1849 2620 7
2060 3624 10
2807 3073 7
1869 4350 6
627 1440 7
3151 3804 3
1618 3093 6
53 192 6
90 734 2
1305 4994 5
1038 4470 9
2634 3318 8
226 1627 3
4255 4859 10
2612 3174 8
1604 1841 6
455 1386 4
892 4758 6
2375 3338 3
1387 1425 3
2954 3699 10
1539 2615 5
3699 4446 2
71 2753 7
3786 4565 3
409 1148 10
927 2586 6
149 2335 8
2979 3826 8
3 4655 5
660 1599 6
57 3167 9
1552 2183 3
160 1429 5
3810 4633 7
326 3473 4
343 4097 7
512 1507 8
2713 4440 6
832 4421 6
398 497 6
928 3337 6
4595 4903 1
104 1178 6
85 4482 1
1712 4927 7
3093 4007 7
1289 2769 2
2245 4681 7
799 3057 9
925 1813 6
201 921 9
2980 3386 2
3222 3407 9
2753 4066 6
3323 4788 3
1173 3686 3
522 1832 7
256 2136 4
251 2712 10
2104 3551 5
2150 4455 5
821 3201 4
2250 4884 1
2141 3734 10
1181 3401 9
829 1243 1
1912 3563 9
1783 4707 3
1831 4252 10
962 4501 8
199 2697 8
3071 3742 8
1557 4989 3
1941 2552 9
869 979 8
986 4578 3
4072 4523 10
3452 4016 5
4208 4758 8
23 2672 10
1908 2795 5
1248 3365 1
1104 1175 3
611 4034 7
871 3354 6
4563 4973 3
2719 4730 2
2226 3389 8
768 2779 5
2634 4257 6
660 1266 6
488 874 2
2531 4810 6
764 4948 2
674 4448 4
2679 3741 10
404 1842 8
2060 4360 5
140 2492 7
4185 4914 6
1283 4778 7
1041 1302 8
2636 4905 1
2005 4670 7
1215 4720 2
256 3477 10
987 2352 10
1930 2320 8
935 1589 10
1528 2076 2
88 3871 8
1830 2134 4
201 763 5
558 2914 7
736 4694 7
2838 2974 6
1497 2236 9
631 2769 6
1059 1146 9
2003 4305 4
745 2910 3
837 2966 10
658 3859 5
2468 3147 9
847 3980 4
980 4694 9
521 1606 9
710 2067 10
1442 4947 3
4029 4221 6
1928 1941 2
263 833 5
1942 4451 6
59 935 9
336 3292 7
1789 4741 9
1401 3045 8
975 1050 10
1412 1711 1
1558 4196 4
1414 4317 1
1973 3509 9
1562 2182 8
2385 4420 3
179 3838 3
253 4912 4
4007 4086 3
1280 1926 7
1566 2910 4
4021 4757 5
4198 4534 3
785 2559 3
243 715 9
1323 2398 10
800 3992 3
4513 4701 10
659 2819 1
606 979 1
603 2549 1
721 2888 9
2127 4220 8
2237 3116 4
3576 4818 4
455 510 10
666 1149 3
796 1460 3
2102 2944 7
1099 4276 5
1577 4512 3
2789 4029 4
390 4320 4
1099 4826 9
428 923 9
1209 1742 2
169 4534 4
2217 4719 7
298 1395 7
925 2341 2
326 838 6
500 1555 5
206 861 7
1878 4033 10
601 2852 4
1820 4799 3
4194 4302 9
1809 2529 4
211 4973 5
869 1114 1
631 2376 4
84 2612 2
922 1198 10
2472 4757 8
1851 2134 1
1525 3867 5
211 1348 3
1064 2911 10
1710 1807 6
558 4675 8
1583 2475 2
3914 4019 9
3341 4593 6
1131 4926 8
700 4291 1
1063 1962 3
1845 3828 3
424 2004 1
241 283 2
3761 4272 7
165 4188 7
98 1125 7
533 1687 5
773 2529 1
2974 4375 2
1846 4762 3
2685 4019 7
1867 2740 10
1218 2852 6
575 4346 1
1052 1521 5
1195 4967 2
2371 3818 7
3448 3605 8
2898 3429 1
1089 4884 8
1030 2664 7
949 4420 1
3748 3881 2
629 4418 7
1019 1970 8
273 1932 10
2886 3419 4
649 3458 1
1439 2609 5
1004 4320 4
2976 4020 5
141 3130 7
2293 4058 2
152 3974 8
378 2270 7
2269 3289 9
892 2296 7
562 3493 5
344 4100 4
2421 3958 2
942 3745 8
704 3539 10
849 4117 10
120 754 5
2160 3615 2
1412 3193 9
1619 1754 10
601 1878 4
665 3824 7
291 2286 3
2113 4866 5
404 3653 4
755 1104 2
2303 3244 4
896 1116 10
565 1488 4
4355 4891 5
1117 2062 3
1873 2769 3
2432 4320 8
1946 4076 6
260 976 3
3342 3790 8
1898 4467 10
2867 4632 6
165 739 3
1984 2298 10
1382 2167 2
2982 4024 1
381 2962 4
234 1930 6
361 2772 3
614 829 9
624 3673 3
310 552 8
4104 4534 8
1301 4631 4
1510 1511 3
2580 4710 5
3165 3681 7
340 2093 8
353 1172 7
1555 4876 10
1947 2239 9
621 4002 7
898 2930 3
35 2383 6
1935 4417 5
3410 4887 5
672 4596 7
1819 4642 8
2183 2263 9
468 1970 8
1 4744 9
1134 2355 7
3395 3804 1
3713 4812 7
384 729 8
508 3110 6
1298 1543 7
1144 3143 1
1506 3501 6
2193 3661 6
1179 4419 2
661 3915 5
2164 3886 4
695 4697 2
2780 3517 2
1181 3743 2
262 2180 4
707 1784 4
462 2664 6
216 4095 2
924 1259 6
2389 3019 3
699 1851 2
978 2448 6
2313 4607 5
4895 4954 4
3070 3116 9
1079 2597 7
770 2455 10
1257 4577 4
14 933 8
1158 3251 7
1451 2992 10
408 1587 1
356 2718 1
4153 4442 1
576 704 9
770 3688 7
2981 3700 7
1093 3340 3
4876 4965 10
1296 1367 6
1321 4043 10
1360 2838 7
2506 2844 4
886 2584 8
1108 1864 8
645 1178 8
171 1538 10
1456 3977 8
1103 4266 6
3085 3318 2
134 4809 6
952 2064 5
712 3741 9
692 1009 1
638 2989 4
1711 4825 2
716 1405 1
895 2786 5
538 4526 9
2296 3451 10
2235 3502 5
184 392 9
772 3645 6
2261 3532 8
421 2668 6
1864 4776 6
1213 4450 7
1965 4778 2
145 1124 3
2005 2900 7
2927 3436 2
3340 3709 1
412 4421 7
1274 2749 2
1290 2162 4
341 2504 5
4225 4279 6
879 1192 7
915 2545 9
430 4982 10
506 602 3
994 1521 6
1634 2901 10
523 1747 6
81 1912 1
3008 4632 3
476 1085 3
3172 4828 5
1499 4035 3
541 1364 8
1937 3434 4
960 1598 6
1065 2413 5
207 4132 9
1150 4711 9
649 4682 9
1214 2002 6
1841 3968 8
1670 2254 6
1879 1915 10
10 1282 4
3544 4385 8
477 794 2
2322 3360 6
1205 2525 6
17 1967 6
3125 3448 10
2287 3432 9
1369 3778 2
1239 1321 7
611 4597 4
401 1929 8
4002 4065 7
4012 4974 8
1015 3472 6
1019 1312 4
1135 1314 8
3405 4092 2
2873 4790 2
571 3726 4
702 1659 3
4110 4283 2
294 3841 8
2698 3304 7
710 1076 8
4374 4483 5
920 1150 2
2985 4754 2
647 4505 4
2681 2943 9
852 909 6
745 2099 9
97 3758 5
862 4090 5
2188 2334 4
320 525 3
776 2355 3
3862 4685 3
755 3351 5
2339 3095 3
1152 2493 2
205 1977 8
80 417 6
363 2411 9
1499 3184 8
3067 3843 7
1364 4065 4
2685 3049 10
2423 3093 6
1840 2146 2
3093 4584 3
437 3956 2
798 2924 10
888 2602 1
3077 3234 10
1061 3668 6
540 1763 9
830 3452 5
896 4243 3
74 1211 10
1096 2451 4
2257 4268 9
1030 3174 5
293 4207 3
1080 3471 7
3439 4280 1
1732 4220 2
1298 2429 1
646 3019 3
8 1695 2
462 1011 1
134 3043 2
1043 3886 8
1249 3870 4
445 2298 7
4083 4850 4
3016 3797 2
2295 4847 1
1369 3192 6
1475 2453 5
4202 4641 2
652 3926 10
3385 4371 4
4428 4510 9
106 279 10
2137 3468 10
2284 3278 10
4079 4452 9
2161 3083 4
1883 1948 2
885 1152 7
1160 4229 8
2017 2287 9
1366 3416 2
1081 4541 3
2563 2952 9
1506 2112 8
4012 4257 4
4372 4817 4
619 2744 3
1574 3503 5
3091 3345 3
2150 3518 10
172 1637 8
865 2010 3
1116 2503 2
755 3406 8
983 1466 5
1721 4847 10
1504 1564 2
869 2551 4
294 3674 10
441 3661 3
1144 4201 5
2445 4872 7
318 1637 1
266 1875 6
652 3413 5
314 2965 4
1072 4503 9
1030 4354 3
566 2145 1
15 2446 10
1074 1767 3
1926 2745 4
1496 1629 6
2088 2630 10
267 1285 4
894 3890 9
3571 3759 10
2492 4713 10
294 2936 3
3939 4427 3
1513 3747 10
2758 3027 2
282 1754 10
739 4115 8
2502 3349 9
1987 4317 7
1943 3089 4
2018 3691 10
111 2185 7
3080 4262 6
2201 4620 5
385 1691 5
3922 4359 9
2462 2648 6
1428 4417 2
745 2687 1
1737 4525 7
491 4701 4
1886 3288 2
1234 3683 1
1318 2340 2
579 4237 7
80 2497 1
2941 2978 8
1067 3510 8
1672 2326 10
936 2411 10
857 1643 5
2330 4669 10
3609 3691 4
1277 1677 1
201 4517 3
9 435 2
867 4390 5
26 2288 1
1529 3583 1
806 2776 9
2424 4869 2
1083 1762 8
2808 4445 1
2342 3156 1
618 917 6
4674 4929 2
924 1652 7
1171 2268 8
334 1122 2
1621 4225 2
596 3820 6
779 1875 10
2688 4747 2
1112 3902 1
3896 4553 1
2189 3676 3
154 2319 8
193 4485 6
931 4111 2
3448 3475 3
1176 2428 3
1186 3203 10
949 2677 9
2579 2713 9
1412 1936 6
2009 2989 10
87 3180 6
722 1067 7
2421 3894 10
1157 3941 5
994 3696 5
2999 4270 6
1576 3006 3
3136 4517 8
1521 2341 9
2709 3163 6
837 1939 7
99 2698 5
566 2256 1
42 3363 10
2334 3677 5
1342 1379 7
132 843 10
790 1591 10
2656 3450 7
787 910 5
321 4292 5
2853 4270 8
1991 4448 9
627 2507 6
1411 2803 5
1252 1990 9
253 3389 1
721 1981 5
2494 3256 2
1388 4131 6
3635 4923 9
886 2621 9
544 1094 6
114 3742 7
3346 4951 3
1219 4377 1
1636 4872 10
689 4742 7
1464 3501 2
174 4428 3
436 1254 8
2112 3196 10
1333 2537 8
2717 3090 10
635 2894 6
922 1296 5
200 870 6
3344 3420 3
105 4066 6
2280 2607 6
4115 4128 9
3207 4759 8
809 1417 7
222 4227 7
734 3555 6
4823 4957 7
281 2747 10
1383 4456 10
211 2715 3
2244 3512 6
1996 2944 5
1875 2182 5
158 4779 9
898 4566 5
2225 4878 6
492 2705 9
1057 2744 1
971 3118 10
1601 2605 6
2044 2608 4
1251 3317 9
630 2654 10
3357 4250 1
1928 2365 1
1110 1390 9
3160 3246 5
929 1358 10
1151 1368 6
1944 2484 6
3406 3777 2
2162 4163 7
3458 3680 10
2042 2109 8
658 4284 6
2593 4389 2
2711 4674 2
2079 3626 4
3801 4325 9
2949 4383 1
806 3739 7
1909 3860 5
4548 4852 7
725 1193 3
359 613 2
2348 4784 10
1118 3951 2
2791 4863 7
340 4087 9
4497 4643 9
2007 2761 4
3470 4210 5
184 1716 7
1437 1883 7
46 1084 9
207 695 7
1202 3569 5
3929 4519 9
1761 3988 2
552 2930 6
693 2173 10
353 625 9
2000 2330 8
517 2816 10
2526 2801 4
221 481 10
861 4028 6
1544 2593 8
2906 4564 3
1609 4788 9
973 4087 5
1010 4380 3
544 3408 8
288 3300 7
523 2338 8
89 267 6
598 1559 3
3174 4882 4
2665 4466 1
881 1659 2
4092 4526 10
2184 2867 3
2829 2909 6
7 1467 5
325 2955 7
1584 3900 10
2425 4292 4
204 3610 6
672 1079 2
2601 4395 8
224 3673 3
84 3292 3
137 285 7
1001 1182 7
1735 3503 10
1579 4608 1
1530 2715 7
4235 4868 3
81 3900 3
220 608 2
4219 4546 10
99 1316 10
1112 3038 8
2800 3386 3
1910 4807 9
2415 4717 5
1618 2651 8
603 4580 7
3179 4555 6
1299 4193 1
3334 3731 9
1051 4067 6
976 4466 6
3431 4781 7
1101 2376 3
1820 3496 5
403 3716 8
1871 2791 9
527 2004 2
541 1533 6
1325 3140 6
1251 4812 6
3286 3774 10
2777 4481 4
1252 3084 9
777 838 3
192 4587 1
2868 4891 7
276 1560 1
139 3065 3
19 1216 8
1224 3688 5
1374 1490 5
1021 4120 4
1569 4700 3
963 3461 2
2534 3881 5
573 2615 3
1210 1700 4
146 3595 6
155 2427 9
1300 4190 5
238 1729 2
1800 3742 8
2044 3448 1
903 2665 1
1417 3658 5
2361 2828 9
1824 4914 4
529 1028 9
1992 2446 4
3896 4926 2
998 3674 6
905 1463 9
537 4284 7
2320 4976 6
1428 4327 10
1390 3017 2
1987 4212 8
1057 2816 8
756 3888 8
2686 4661 2
1826 2756 6
3312 4419 8
2287 3832 2
134 1698 7
810 3695 8
1011 3445 7
223 4999 4
2859 3320 9
1615 2590 5
4183 4911 5
136 2278 10
2001 3040 2
873 1436 1
2482 3363 1
3023 4400 6
634 4765 1
296 4004 6
264 4766 6
1075 4909 8
3142 4226 6
2510 4703 2
1182 2279 4
39 1620 3
699 4573 8
1259 1650 10
265 1649 5
2380 3200 5
3040 4760 10
1344 3621 5
423 3417 8
138 3836 1
1182 4568 10
686 2938 5
360 4919 6
2781 4092 10
290 3182 7
2622 2698 1
1043 3614 3
2530 4777 10
2708 4388 3
526 3123 1
626 1098 7
433 3964 1
1760 4336 5
320 4389 4
3263 3283 2
3194 4226 5
212 4877 6
1721 2110 7
1905 2055 3
964 3805 7
521 951 6
1021 2988 7
2648 4621 9
272 1437 6
191 1672 1
1248 1947 1
2892 4059 8
1644 3368 1
2079 4684 2
1553 2289 2
615 1006 7
2891 4695 2
1065 3130 3
2666 3685 3
1569 3234 1
1622 4912 10
407 4813 6
1030 4758 3
862 2190 1
4157 4672 8
1786 3411 10
1219 3273 9
987 2379 3
2509 2951 6
220 261 10
1787 2906 10
2111 4541 7
1084 4807 10
85 3272 6
533 3119 5
2980 3301 2
848 3847 4
4498 4779 3
1719 4099 10
1293 1490 4
106 4058 5
1516 3121 7
452 3243 5
1864 2641 5
1565 3448 4
1088 3885 8
1688 3895 2
1330 3870 1
873 3198 10
2497 2538 8
221 595 9
2473 3492 2
1742 3992 8
2563 3474 8
907 3753 3
2837 3316 7
163 1082 2
316 2596 2
2797 4488 1
2466 2937 1
1633 3425 2
2263 2627 5
2021 3607 7
627 889 9
1621 4685 8
4196 4993 10
108 1391 8
397 3852 5
546 2108 10
570 4421 9
2383 3999 5
2735 2757 8
1088 3736 2
3545 3576 1
1205 4597 9
375 3175 10
1382 4918 6
355 3486 8
1020 1994 4
3335 3874 5
1483 2529 3
2687 2807 3
3270 4556 10
1553 4831 5
3589 4045 10
785 2363 8
629 1204 2
979 4677 8
1384 2153 3
819 2352 9
4482 4780 8
854 2391 7
1391 3784 10
2405 4647 4
1509 3288 10
1602 4984 5
165 1197 5
1680 2528 6
3272 4142 5
643 3504 4
679 699 8
537 4925 9
809 3174 3
690 2607 8
1076 1478 2
751 1430 5
468 2119 5
2665 4423 2
604 3751 3
1509 3673 6
3017 4316 5
2513 3487 8
2624 4596 3
1004 2288 3
894 1833 7
2466 4161 9
3831 4090 1
23 4697 3
2043 2999 8
1224 4984 1
1204 2176 9
1286 4718 1
1876 4152 7
530 3648 10
1409 3914 1
1836 3892 5
2227 3930 2
251 634 10
2968 3853 7
1953 4116 1
1016 4330 7
1388 2743 5
4348 4629 3
79 3491 9
1666 2451 6
156 4669 7
814 4627 10
438 2114 10
3529 3666 2
180 353 8
1081 1105 6
1934 2142 2
1764 2423 3
104 2773 9
41 2060 1
1695 2093 1
1210 1869 8
3594 4924 8
334 1174 1
1780 4867 5
1691 2012 2
573 2071 7
2297 2515 10
582 2966 8
2281 4824 2
1848 2132 10
1304 2935 1
1709 3910 8
1442 2301 1
1340 3891 1
1004 1124 7
3221 4616 3
1631 4298 1
370 2714 7
2248 3219 10
340 3959 4
3212 4138 9
93 2094 8
628 1241 3
1492 2741 9
3222 3995 1
1905 4813 3
596 4195 1
2487 4682 2
332 2270 6
2041 2823 10
1383 2136 3
89 3823 2
1363 2918 3
1278 2250 1
2506 3863 10
567 1902 7
1581 4028 3
24 1560 4
1867 3694 9
4624 4882 6
4869 4982 10
387 3757 10
456 499 9
533 1395 3
970 2831 8
1701 3922 7
778 2323 10
723 4581 8
1292 3574 7
729 4875 5
1675 4574 6
1896 4536 10
3707 4993 3
2986 4156 7
1504 3479 9
1933 3396 1
1298 2322 4
3299 4736 4
1349 3887 6
306 3446 6
1953 3025 4
434 3199 10
859 3007 3
1458 3469 5
3638 4776 2
1680 2171 5
3548 4464 8
2028 4722 7
2663 4801 5
571 2660 10
1662 1989 8
3765 4851 5
2055 4022 5
993 2592 1
411 3851 7
3722 4932 4
496 2154 4
3552 4157 9
2507 3432 10
2532 4370 7
2793 4516 7
2233 4244 1
1196 2430 5
3922 4704 10
894 2897 2
2009 2931 7
1241 3677 4
972 2844 5
1319 2200 2
3547 4673 1
2303 2969 8
175 4506 8
472 1618 1
1426 3989 8
770 1758 6
2991 3905 6
3899 4265 5
1289 3339 5
3478 4378 4
53 1113 1
4446 4900 7
3035 4308 5
4811 4823 5
624 2628 9
3846 4887 10
1219 2946 10
1022 4457 9
1684 1824 1
1938 3586 4
2533 3627 1
3125 3390 9
3079 4551 6
1346 3209 1
2090 4115 6
3214 4305 3
678 4891 4
2764 4393 3
2619 3928 6
1043 1064 2
1297 1869 9
1014 3618 5
125 2140 4
3322 4698 3
4517 4557 9
402 3224 1
2109 2910 3
403 2083 7
1670 3086 2
221 4912 4
1347 2612 8
245 1219 5
2167 2323 5
1926 2788 1
45 517 7
97 958 3
4482 4574 6
1330 1745 4
626 3381 10
2110 3043 9
1139 2488 9
635 3699 2
271 2258 2
371 3481 9
3285 3541 6
1107 4632 7
1853 3624 2
721 1262 6
2044 4242 6
1909 2571 5
1528 3820 6
497 4012 1
1941 2551 2
2506 3853 8
1207 4674 7
882 3869 4
2656 3804 9
2457 2963 10
1813 2232 8
1832 3046 10
755 953 4
2138 4926 8
1485 3636 2
1198 4654 3
274 720 9
1206 2495 7
209 572 3
3121 4866 3
2233 2609 7
826 1285 9
47 3596 4
407 3715 10
1556 2768 8
213 3621 8
2060 3101 3
476 4026 6
302 4555 10
1925 1985 9
51 3418 7
501 2565 3
11 4659 7
1708 2572 6
936 3975 6
1013 2759 8
616 4855 8
1512 2733 10
652 3778 9
449 4889 3
1778 2852 3
3162 4051 10
615 894 9
2704 3966 9
296 3293 2
2256 2822 8
1094 3789 8
663 1596 2
1031 2096 3
1418 2867 2
1977 3571 1
2370 2889 4
903 1252 8
2816 3339 10
1026 2770 7
1279 4475 1
1298 2875 8
1350 4103 7
852 3962 7
107 743 4
537 1426 8
2762 3265 8
1309 2696 5
2058 3446 9
252 2633 5
1313 3211 8
2689 4604 9
2029 3651 9
3195 4391 3
76 1598 9
1995 2531 10
1111 2765 8
4492 4526 8
913 2909 9
97 4818 7
2085 2508 4
787 1487 1
3949 4722 9
2446 3286 8
1135 2158 10
1192 2642 8
1082 2270 4
169 1259 4
1452 3780 9
1224 3956 9
258 4706 10
2237 4202 4
1232 1945 3
2278 4881 9
354 3111 8
2336 4560 5
2729 3470 1
1496 3454 1
2590 4836 5
2075 2321 2
1178 1992 10
422 2537 9
1492 2296 1
82 2953 9
1611 2559 4
3101 3550 3
2389 4087 2
1207 3995 6
2561 4964 6
2086 4001 2
197 4315 8
1214 2433 2
1403 3730 1
835 902 9
274 1511 7
791 3479 6
2382 2868 4
138 1327 10
4709 4764 7
2592 4278 1
1863 3163 7
400 3730 4
3075 3601 9
2903 4761 3
4183 4562 7
1254 4276 1
2039 4549 7
4297 4312 2
1075 4147 6
190 4775 6
1610 2978 1
1103 1573 9
4000 4087 6
1637 4626 8
788 1541 6
411 1921 8
1256 2218 9
2241 3346 2
1859 3001 6
1494 1949 5
2353 2549 1
1573 2295 9
3082 3840 6
190 923 9
1901 2637 9
2173 3655 2
158 511 1
1624 2800 5
2089 4867 9
941 3927 6
121 1165 5
743 834 9
1838 4148 1
2561 3767 3
764 4269 2
1477 4407 3
1328 1543 10
366 504 6
625 760 7
104 1160 7
1700 4042 6
3311 3641 2
3667 3702 10
2339 4185 8
1657 4223 5
1184 1244 8
522 4952 1
2424 3671 7
1686 4736 5
685 966 10
575 837 3
410 2077 5
740 1410 6
427 4840 8
154 1915 8
17 888 2
2170 4415 1
994 2360 6
1658 2132 7
3713 4984 6
1523 3236 2
243 3059 7
151 1728 1
797 4642 1
246 2810 4
2647 3550 4
2157 3305 4
5 3623 6
761 2204 1
723 1143 6
208 3654 1
35 697 9
1716 3003 10
70 654 4
4729 4806 2
756 4655 8
3769 4859 4
1630 4863 4
3630 4905 10
1207 4212 4
1927 2074 8
3178 4415 1
1480 2609 7
782 1672 1
1382 4863 3
1097 3656 9
1695 3721 10
134 4432 10
2731 4846 7
1430 2637 4
2691 3059 2
4394 4760 3
404 4371 8
824 2924 1
1994 2955 10
1151 2375 4
1401 3465 9
3184 3776 9
1630 2898 7
4319 4825 2
1767 2195 9
2508 3500 8
1328 1539 9
2931 4068 3
2819 4982 2
1342 3558 2
1228 2003 4
2474 2681 8
824 2883 9
184 2116 1
288 1073 2
2874 4248 8
3421 4067 2
3102 4007 5
712 4053 3
56 2434 3
488 4060 4
1360 4242 7
2448 4515 6
1537 2288 6
919 3819 7
2608 2838 10
495 740 5
2124 2616 8
1175 1699 8
804 3330 8
622 4713 2
1728 2672 7
1362 1753 2
1396 4247 3
36 3837 6
4461 4706 9
2173 3386 3
2097 3022 8
1713 3912 2
1109 2426 7
1339 4058 5
1617 3046 9
1926 2053 7
8 2818 8
1040 2751 2
4810 4909 6
1495 4520 1
96 1410 10
4433 4564 6
3109 4053 3
157 1835 7
504 3113 8
1360 4962 10
99 3087 6
245 4218 9
97 3801 5
799 1934 2
2024 3891 1
1308 2526 4
1296 4357 10
2113 3112 1
3616 4270 9
1221 2800 6
1624 2947 9
2236 4252 3
1034 3106 2
851 2038 7
3256 4058 7
409 1802 5
813 2313 8
528 3279 1
1465 2532 6
2368 3611 9
1111 3422 7
623 1121 4
1951 4802 10
43 193 2
2337 3925 8
893 2044 8
260 1032 5
1757 2570 7
2769 3508 1
2127 2265 9
1408 4477 3
24 4496 5
2334 4350 7
46 157 10
510 4139 4
2177 3896 10
2157 4472 6
1066 3288 2
422 4088 5
134 2621 8
2763 2767 9
1210 4694 5
831 2136 3
1684 1751 6
2339 3578 6
2024 3479 4
769 3762 9
1770 1900 1
197 4793 10
2592 2638 10
2157 3908 1
204 4805 2
4016 4349 2
1664 4904 9
3504 3639 10
761 2245 8
1395 1849 1
3656 4521 6
1748 2636 8
814 3761 5
1796 2755 8
4255 4712 1
1202 2786 3
1830 2790 6
948 4194 8
1642 2582 10
566 2168 9
1815 3823 1
499 3109 9
430 2711 9
1256 1863 7
3682 4527 7
926 1709 8
2511 3606 1
660 3903 8
4030 4150 4
57 3520 2
1293 4523 5
729 2355 9
2004 3847 9
370 1527 3
489 4434 6
778 3075 6
359 1631 1
943 3866 5
171 2296 8
418 2124 3
3066 3818 1
316 3826 4
2347 3145 9
2564 2660 8
74 2660 3
3753 3776 3
46 632 7
1567 4781 2
2362 2675 6
1325 1394 4
693 3067 4
1241 1321 5
590 3930 3
2064 3635 10
1169 3124 9
2567 3823 2
2771 4325 3
4378 4867 10
395 2051 8
130 3042 5
58 87 3
1269 2059 5
2219 2799 10
1079 3167 7
2104 2671 6
2422 2606 9
1075 1810 4
350 1535 1
2476 3938 4
597 2198 8
191 4033 10
7 1260 9
14 3466 6
545 4755 7
1110 4165 5
2312 3120 6
891 4218 6
60 449 2
1222 1581 4
1250 3604 1
2128 4520 1
4658 4958 5
416 1481 10
3141 3628 2
221 4559 6
3013 3158 9
1108 1546 8
150 312 9
1481 1637 3
2274 4841 7
2063 4447 9
2485 4433 9
1450 1556 6
1183 4166 4
918 2095 3
575 1989 2
1885 2127 7
1562 3341 5
2392 4954 7
352 2633 7
4487 4555 8
369 829 5
1196 3198 4
4823 5000 6
1768 4108 1
1584 4725 2
3114 3616 1
1065 1400 7
3546 4539 10
4165 4883 4
781 2132 1
151 3899 4
333 3152 3
2324 2886 1
183 4120 10
298 2877 8
2734 4174 7
2527 4742 6
249 3844 9
2299 3832 5
4277 4477 6
771 2033 7
2259 3708 6
730 4911 1
2630 4654 8
2442 4647 8
2325 2764 9
2619 3304 1
1910 3551 5
1630 2860 4
1902 4268 6
2396 4255 4
2574 3285 6
140 855 7
2031 2402 2
623 4484 4
1669 2952 8
1424 1595 2
2374 2474 5
3639 4379 4
3220 4577 9
1925 2643 4
31 3377 5
4043 4415 5
1394 3587 4
2713 4578 5
2448 2654 1
48 3705 9
2510 3298 8
2330 2688 6
3820 4429 5
1622 2002 6
3859 4307 3
2622 3204 5
581 1489 4
521 3531 3
3604 3894 6
1743 4970 10
2882 3950 10
3291 4956 2
2484 3603 2
1106 3067 10
1559 2031 1
62 3348 6
3038 3721 5
1350 2532 2
1341 4218 5
652 2161 3
2544 4941 4
1292 2312 9
2296 4317 3
2106 2714 7
3046 4016 6
326 3889 2
1166 1356 9
250 1683 9
1814 2665 1
4394 4978 2
215 3507 7
2223 3129 5
2549 4980 2
975 3576 6
1908 3775 4
1524 2584 3
2321 4333 2
1144 4731 2
3231 4302 2
2471 3195 7
4215 4473 7
163 2413 7
1724 2395 2
1491 1833 6
485 1287 6
1945 2575 2
2981 3472 8
103 254 4
1264 3216 8
3044 3695 5
2941 3036 3
1040 2470 2
3608 3699 10
1283 4070 4
1203 4262 4
3508 3659 8
1864 4670 10
3605 4477 9
3521 4722 6
2667 4999 6
1082 4314 3
1805 2272 8
736 4145 7
4002 4617 9
356 4978 1
74 2189 9
257 1993 2
4544 4702 6
1000 4134 6
1958 4714 1
700 2432 6
1564 1763 1
959 4473 1
161 3053 1
1763 4757 10
1234 4747 2
970 1338 8
1563 2488 3
88 656 2
1277 4880 10
2490 3716 1
664 4806 9
3222 3738 4
586 2676 6
3236 4836 8
2226 4584 3
2252 3961 8
1386 2841 3
2660 3123 1
1594 4322 6
1971 4124 2
3302 4347 8
1741 4389 8
1961 4396 6
1640 2579 10
814 4422 9
14 4242 8
3058 4439 4
2139 4196 8
3902 4441 1
488 3476 1
62 987 9
202 3663 6
2940 4049 3
3052 4235 2
1589 4059 1
1987 2447 10
416 497 10
1124 2506 3
1008 1534 6
4520 4917 6
2408 2475 1
4558 4634 8
1767 3859 3
1741 4496 9
1925 4384 6
405 2806 8
1619 4548 6
2072 2512 7
4115 4853 4
870 2418 8
3751 4964 1
1239 4045 3
2633 3348 3
675 1712 1
950 1559 8
314 3431 7
1459 3063 7
838 1776 8
311 4470 1
4141 4708 8
795 1477 5
1255 4552 6
2648 3215 4
1198 3832 1
3316 4320 3
1204 2147 4
2882 4206 9
1368 3886 1
4298 4549 6
3438 3845 7
180 4236 4
258 1710 2
277 287 9
2106 3572 8
2006 3708 4
840 992 4
3169 4753 3
1681 2316 4
2452 3188 8
308 2368 10
1448 3942 8
1450 3920 8
22 411 5
370 3248 5
1597 4493 8
652 1435 9
1486 3600 3
454 4236 6
281 2083 7
1145 1584 1
2008 2354 1
2566 4593 8
1326 3841 7
1121 2194 4
219 4628 5
2564 3582 9
3972 4384 6
2542 2929 9
118 2577 1
490 640 3
2240 3144 9
29 1460 5
1297 2985 10
344 484 4
3469 4174 9
1995 3750 4
1478 2939 9
175 1353 4
780 1395 9
926 1382 3
2537 4556 9
4243 4258 5
548 2888 9
454 2343 6
2887 4549 8
1425 1705 10
565 1879 1
29 3192 10
2214 2377 1
3317 4194 3
378 842 3
673 3999 4
417 1256 5
1624 2307 6
871 3470 5
399 1572 4
2129 4171 2
1849 2949 6
10 2099 10
28 539 3
647 2701 10
2926 3819 4
42 4883 9
2690 4624 2
3982 4559 7
373 671 4
2563 4564 4
710 4369 4
68 2152 1
1810 4363 5
1362 1649 6
1980 3566 9
2273 3068 1
1496 4415 2
1084 1927 4
556 851 6
1213 3368 9
1625 3985 7
568 3807 7
830 4631 9
743 967 7
4064 4966 6
3147 4732 3
3916 4671 10
961 1905 10
1427 3466 3
1827 3543 10
636 2775 10
2125 2736 8
861 4700 5
477 3570 8
2457 4246 10
1812 3297 5
994 3311 7
1722 4482 5
3183 4318 6
2498 2972 8
3428 3436 10
1063 2760 2
848 2971 6
461 2715 1
622 1913 5
825 2348 5
3251 4092 6
1333 2893 6
16 2960 6
3224 3436 10
25 2002 8
1622 3054 6
2788 3129 6
2891 4898 10
464 1391 3
1409 3677 6
1897 2329 5
1514 3654 1
819 2711 3
72 4205 9
112 4349 8
977 2189 4
51 357 2
4480 4713 7
736 2036 8
2313 4026 7
1012 2613 10
118 4647 4
3527 3947 4
109 2185 9
2120 3819 8
215 1089 8
909 2457 8
2141 2504 2
361 4578 5
1494 4408 7
3619 4596 3
539 4739 8
3228 3622 3
1124 2806 1
84 2444 7
3791 4702 5
3430 4352 9
40 3442 4
2032 3329 1
2941 4986 7
884 3480 8
2103 2511 1
1794 2110 4
515 3571 7
72 2398 7
982 4749 1
2935 4947 3
3393 3583 5
112 4005 10
1334 4043 2
196 866 3
2943 4863 7
3060 3087 5
1230 3054 8
410 874 9
862 1972 6
790 1870 10
2318 3980 9
364 1189 6
1136 4167 8
1339 1756 3
1750 1912 8
843 4729 9
2304 2366 10
3138 4617 5
617 3582 10
2450 3013 2
2982 3977 5
1951 4299 8
106 1299 4
2318 3768 6
967 2860 10
3011 3080 10
2109 4961 3
2878 3524 9
575 2786 8
2752 3463 2
2091 2375 3
3065 3794 2
243 2910 5
3538 3829 6
24 189 2
1131 3156 5
276 2942 2
3824 4708 6
310 1042 5
2325 3827 7
554 3480 4
999 1767 7
611 4209 10
3904 4350 10
547 3067 4
678 3410 10
113 3095 9
1815 2145 1
494 2679 2
878 2853 6
227 3660 2
2196 2475 9
1554 2752 2
1943 3134 7
2223 3958 3
323 3601 10
2290 4344 7
2088 3125 6
751 4199 10
2440 4071 7
402 3959 10
3056 4195 9
124 3318 8
451 3479 9
2332 4518 10
1772 1828 2
959 2494 6
203 3628 2
1550 1825 1
1361 4830 10
4074 4766 4
507 1122 2
1893 2312 7
2872 3476 6
3232 4262 10
1360 1471 8
838 893 3
2258 4298 2
3801 4907 1
2482 3310 7
420 2151 3
2652 3637 6
1452 4423 5
676 4353 8
288 4598 6
2910 3988 3
354 3234 6
2500 2504 7
2335 3958 8
2202 2688 7
184 1821 3
2773 4315 1
2514 4739 2
1357 2855 4
1512 4829 7
446 4874 7
4566 4683 2
3667 3732 7
1839 3195 1
293 1083 3
1462 1952 7
1558 3579 2
2312 3032 7
1135 2589 4
1110 2117 3
543 3020 3
2988 4907 4
1358 4741 2
775 2596 3
3998 4592 2
1168 3881 9
233 4172 4
397 3587 4
913 4404 2
1361 4098 10
666 3281 10
1463 3155 8
815 3600 5
2153 4575 2
2545 3204 9
3632 3985 5
207 3145 4
295 1342 4
625 2355 5
3209 3334 1
117 3989 5
2145 4344 4
808 4506 5
2047 4897 3
1090 3939 10
2289 3857 3
1638 1721 2
2586 4683 8
368 2165 8
507 4666 1
1322 4114 10
3046 4501 3
1765 2256 9
1000 1016 1
3009 3930 3
488 569 6
1736 4915 3
3107 4198 4
3201 4071 9
384 787 3
3107 4277 8
2369 3518 10
300 1595 7
3251 3276 3
1984 2260 9
357 2998 10
456 1888 4
2332 4661 9
3020 4725 10
2349 3383 6
1172 3159 7
171 898 1
3419 3897 7
1457 2015 2
1255 4474 10
2088 3773 1
1172 1653 8
3084 4545 1
1047 1095 3
2631 3886 5
4570 4878 4
1442 3080 1
114 1019 8
1195 1755 3
681 4487 9
2637 4468 1
1469 4753 8
1545 2867 2
1058 1755 8
3135 3667 9
852 1932 10
2597 3560 9
2936 4497 6
519 608 10
99 2937 4
877 3793 5
4224 4921 2
2652 4824 2
2594 4835 10
1473 4826 2
4 4121 1
1012 2583 7
334 2408 6
23 3449 4
619 2519 5
3281 4311 2
3485 4121 7
1578 3079 1
877 2390 1
1499 1778 1
275 4481 3
1573 1657 2
859 4473 9
942 3197 2
1379 4189 1
868 3688 10
1669 1698 3
600 4458 5
518 1831 5
2328 2835 1
2701 3126 3
3607 3678 10
1074 1324 9
2437 3938 6
1828 4189 2
111 755 1
390 4202 7
349 2089 7
2596 2659 3
590 4387 1
1749 2725 4
1411 4718 9
2369 4553 7
773 1708 4
4053 4359 6
585 679 7
28 1984 1
765 2501 7
56 2225 3
772 1623 9
2788 3799 10
2001 3367 10
287 3867 6
252 4636 7
1639 4136 8
95 1563 9
432 4428 1
1771 2282 3
624 3263 7
452 1344 5
256 455 8
1343 1961 8
123 2164 2
1376 4074 2
911 1417 5
2775 4208 5
2131 3771 3
4012 4893 7
1078 1933 6
1721 3605 7
3256 4366 10
978 2027 2
1918 4258 9
123 2447 4
566 1148 3
1336 2337 4
1765 2929 1
315 442 7
828 4695 5
281 4189 10
3810 4805 1
3295 4182 2
480 1539 5
163 3973 8
945 2101 4
604 2166 6
832 1684 2
524 4906 2
2523 4062 8
1092 3605 4
392 1682 5
29 87 4
479 2053 8
2214 4252 9
626 3140 10
2564 3381 1
2103 3681 2
184 598 6
1235 3696 1
912 3229 9
278 3064 4
3260 4907 9
395 4274 6
995 2356 8
778 2519 2
1125 4920 10
233 4451 4
1094 1465 9
835 3776 10
962 3869 10
1309 1786 4
532 1528 10
3456 3477 8
2299 4267 7
927 2850 6
3477 3750 8
859 3584 4
77 1880 3
668 2765 1
979 3015 8
1443 2173 7
2414 4434 9
984 2272 1
1890 2186 4
419 2305 7
3683 4628 3
4291 4854 4
1398 4972 2
2701 4104 9
1362 1846 4
313 4627 5
1063 2016 4
649 2179 4
1307 1518 5
1673 3760 6
2980 3079 1
207 702 3
3075 4633 4
2124 3745 5
980 1178 5
393 1207 4
283 1327 1
1246 2827 4
2024 2655 8
2687 4303 2
724 1374 1
2751 4315 7
1987 2967 2
3090 3816 4
2702 3388 8
2542 3556 4
2276 3320 8
2020 2466 5
1591 2490 1
3480 4311 10
628 3456 1
4103 4995 6
3272 3974 3
1906 3486 8
703 1283 7
1724 2463 8
478 1224 5
3127 3656 3
2208 4060 3
397 1485 4
1147 4673 6
2394 4532 1
1014 3265 3
128 2801 7
749 2604 2
3159 3760 5
1315 2087 2
4020 4295 8
2188 4264 6
599 3089 1
124 4236 7
1427 4298 2
3313 3523 9
973 1771 5
3665 4182 1
939 2052 2
2848 4875 10
776 2438 8
2920 3217 2
2316 4082 2
71 1229 4
3221 3297 2
2941 4173 9
1168 3702 4
2461 3610 9
507 3798 5
1891 2098 5
228 2468 10
2435 4702 7
178 4275 4
3408 3740 5
1283 3495 8
1220 3148 1
3794 4884 2
236 3325 5
3578 4111 5
171 1907 5
1733 2850 7
1452 4801 4
14 767 7
3479 4891 8
1923 3403 10
150 907 5
3089 3893 2
1312 1701 5
398 690 6
1314 4517 8
2556 3347 10
680 3236 8
2869 3450 5
1551 2795 2
2781 3086 1
1014 2537 2
1687 1947 1
714 1668 4
497 1088 8
2084 3217 9
276 2716 1
97 4079 8
1855 2144 4
539 1071 5
3896 4634 4
1033 3606 1
188 3833 9
252 3063 10
4065 4249 1
2301 4898 8
2631 4687 2
3899 4449 6
968 1339 5
144 1800 6
4752 4781 3
1592 2339 4
1473 3962 2
2470 2798 4
3735 4838 6
2031 2971 7
2726 4298 10
2267 3262 10
1516 2468 4
1827 3586 3
1931 3439 7
72 4234 2
355 1353 1
1425 3924 10
643 2897 10
2552 2970 5
2843 3935 6
2817 4581 8
1354 2277 4
1645 2184 4
7 4286 7
465 4079 9
2225 4369 3
186 4043 1
1577 1681 2
417 2812 1
2086 2203 2
744 3779 10
1882 2669 3
2902 3911 7
227 843 2
1502 3467 4
4768 4875 6
3061 3435 1
923 2604 1
619 668 3
1757 2170 8
1407 1495 4
4261 4286 8
1492 3106 5
76 577 8
1363 4011 10
1509 3044 3
2688 4510 1
4570 4847 5
1886 4591 5
3950 4837 4
1206 4223 8
475 1422 9
3515 4264 1
2743 4255 7
122 2905 7
1794 4131 5
4253 4689 4
1085 3198 5
1951 4862 5
1242 2736 1
4043 4125 5
2138 2146 10
1511 3220 6
2925 3647 2
1251 3821 3
2138 3932 2
3438 4027 1
1121 1743 9
3405 3436 1
2658 2913 1
838 4677 3
60 4780 3
1384 2840 1
185 453 8
1502 4064 9
3011 3528 8
1030 4416 8
627 1648 7
2021 2681 3
1609 2954 7
3664 3687 6
396 2899 6
1398 3312 7
842 925 10
2495 2854 5
1401 4458 9
2130 2358 3
1442 2010 7
1999 2593 4
3992 4701 6
281 736 3
782 4638 10
1589 3549 4
2436 3838 1
344 3248 10
1304 2639 7
207 4006 9
878 2996 5
607 4760 2
214 2413 1
2020 3907 5
569 3333 10
1611 4308 2
1027 3766 10
3310 3890 10
2259 3552 10
1771 2990 8
1010 4106 4
2466 2765 3
1107 3902 9
1173 2734 3
624 3769 1
4516 4679 9
279 4394 10
1121 2046 2
1949 2639 7
1413 1709 3
1237 3739 6
2086 2115 9
1645 4862 10
1134 2034 10
3856 3896 10
2473 3935 9
578 782 7
783 2246 6
284 2175 10
4179 4263 6
2930 4362 3
1168 3267 6
1842 2899 5
3128 3589 7
924 1512 4
1183 3713 8
573 669 10
508 4297 5
1003 4104 4
1201 4580 10
480 3625 4
1343 4272 4
4513 4791 8
407 4104 6
964 1326 8
993 1405 5
3461 3838 8
981 1811 9
312 3280 2
1966 4040 3
1658 3044 5
2366 4076 8
2655 4517 10
2366 2882 3
3648 4987 6
3282 4853 8
223 2855 8
2105 2640 2
3337 3917 10
1441 3846 3
3614 3954 3
214 2971 6
1047 1728 7
2066 3970 1
1502 4414 10
1038 4548 9
247 2229 9
1524 2928 1
939 1272 4
3728 4547 10
236 1314 10
545 1327 3
35 286 5
334 2258 4
4455 4871 2
1014 2777 8
2945 3861 6
357 2808 9
3802 4016 5
1237 4571 7
1455 4030 9
327 4677 7
148 2986 10
3234 4301 10
1728 2768 9
842 4216 1
30 1726 1
2855 4213 10
1248 3636 7
488 3246 5
2288 4648 5
2711 4531 2
991 3401 8
1288 2541 6
2167 3911 3
1371 1515 5
149 3101 3
998 2688 6
274 1031 9
2566 4079 5
528 1292 9
83 2225 6
733 4763 2
244 1782 4
866 2616 10
8 19 6
3188 4434 10
9 3751 2
1518 3328 10
834 2167 1
1602 4491 3
2655 4506 6
1028 3979 7
2145 3592 2
1733 4786 1
1449 2359 10
187 4104 7
3412 3671 8
824 1412 6
864 3469 4
342 4501 6
2522 4051 8
1873 4043 8
1300 3104 3
2274 2674 4
361 2588 10
632 1169 2
2586 4760 9
4400 4644 5
33 958 3
147 1251 4
821 3420 3
477 3737 7
2860 3815 1
1596 2870 2
2136 2448 7
1877 3799 1
433 1161 7
2018 2991 8
911 2145 5
2844 4077 10
1650 3081 7
2282 3899 10
3834 4354 3
530 2116 8
1594 3755 4
457 2171 5
2967 3189 2
1047 4847 3
1239 1719 6
2735 3782 8
1047 2367 1
2255 4901 7
1498 3141 8
2296 2481 3
149 3928 7
3483 4759 1
513 1945 6
1302 4923 6
351 4913 1
1389 1744 1
256 2097 10
344 489 7
3047 3219 10
233 4221 8
473 2251 4
1733 2625 5
3336 4206 9
4335 4416 2
652 4112 4
2552 3126 7
4089 4718 10
217 1390 2
342 1242 8
1418 1863 7
4006 4171 7
1200 1378 9
1996 4395 9
902 1714 8
152 3276 2
51 3349 6
649 1393 3
2082 2868 9
2210 4602 1
2489 3294 2
1965 4534 1
1919 4402 10
1497 3950 6
2707 3642 8
892 4409 7
360 3110 6
1289 4151 4
1759 3883 3
185 4000 10
1042 3328 3
600 1326 2
834 4835 7
3209 3462 4
1035 1710 8
724 1117 3
2466 4082 5
714 2862 7
1963 2467 8
2336 3223 6
194 3744 9
1733 3326 4
272 1233 3
1124 3780 3
1878 2934 4
2527 4385 8
4428 4887 1
3237 4188 8
26 1175 6
2394 3404 7
478 1323 2
325 4122 2
2555 2960 2
2270 4933 9
4389 4567 10
1762 4423 3
65 498 5
368 4460 5
2736 3830 9
1444 2110 5
1442 3946 1
107 4365 8
801 1577 4
816 1494 4
4196 4321 4
1004 1989 6
839 1975 1
1692 4685 10
132 3071 1
2229 4178 6
1495 4552 4
502 3073 10
2743 3728 1
994 2761 2
1170 4404 2
2379 3949 5
509 3071 1
2782 4283 2
3630 4765 9
679 4986 6
1318 2131 3
283 3048 2
1279 3428 2
4530 4663 3
1058 3238 2
1444 4777 2
1216 3249 10
315 1063 1
158 2317 6
826 1830 3
535 1924 3
350 4496 3
221 4567 10
615 2150 10
3155 3213 3
840 2227 1
849 4258 9
207 1374 7
1208 2683 9
1684 1852 1
975 1637 3
2244 4261 9
66 2017 5
432 3406 9
3095 4505 9
729 2646 9
760 2823 7
1346 4249 2
2979 3197 9
681 3423 6
2353 2626 2
3219 4329 7
4154 4368 3
1476 2230 5
2304 4613 2
1968 3208 4
1487 2183 3
1057 2914 10
1452 4324 4
2216 2924 1
1784 4959 2
3453 4052 6
3985 4715 7
4267 4401 9
2053 3429 10
143 1116 10
2087 4141 5
373 4118 8
1237 4379 5
302 2516 1
463 984 3
1541 3807 2
2104 3021 3
642 4740 2
1845 4997 5
71 1910 9
467 1168 1
1731 3389 9
136 172 8
1593 2742 10
2073 4281 7
1172 4611 7
1717 2539 9
89 1947 4
3069 4788 1
444 2021 7
242 3654 4
903 2503 4
2551 4624 3
31 2405 2
366 4364 3
1232 4461 6
3920 3951 5
1182 3481 8
2701 3517 10
2886 4973 4
3260 3376 5
432 1670 5
19 4045 10
1313 3517 1
2105 2876 10
907 3821 5
452 2184 1
3639 4232 4
947 1516 9
420 4002 2
840 3859 7
432 2229 7
1601 2123 7
1625 4510 10
1552 2350 10
268 1330 2
810 2352 7
907 2657 3
2794 3610 10
529 1671 8
458 4965 2
4773 4804 8
1881 4300 8
3586 4791 8
1252 1852 6
4480 4615 6
3255 3287 6
312 4974 1
635 2703 5
613 3140 3
1337 4586 7
158 822 1
1861 2552 4
356 1340 3
661 1388 9
322 2731 4
2814 2852 2
4433 4701 5
618 1296 2
2282 2293 5
1096 3939 1
92 1484 3
2596 4114 4
599 1813 8
1606 1624 4
3672 4850 4
1317 4575 8
2809 4877 8
3944 4230 1
2535 4105 4
359 775 4
2509 2627 3
1424 4686 6
1798 4155 5
1367 1848 9
1258 3513 2
2223 2292 10
1653 2416 1
646 4694 7
1920 3896 5
228 3013 7
4368 4369 7
712 2018 4
3318 3457 8
3619 4415 1
479 2618 9
2276 3460 10
1083 2766 9
715 3643 2
20 1641 3
3656 4528 7
3165 3184 2
1689 4087 2
617 749 10
2411 2664 1
1842 4953 1
2994 4595 10
3734 3828 5
1643 2844 2
174 4610 3
2133 2828 9
1061 2477 1
1190 4186 10
1710 3109 8
662 3277 9
2314 3457 4
729 2099 6
1383 4907 9
600 1390 1
1135 3447 9
357 2737 9
807 4625 10
289 450 7
484 4658 10
3081 3987 5
45 4663 8
579 2602 3
3711 3827 1
1304 3822 4
2831 3185 6
3542 4499 7
321 789 9
1351 2911 2
352 2218 9
2358 3329 8
886 3993 5
1911 2389 8
2375 3643 1
1902 3784 5
726 3841 4
670 2295 6
2622 3710 8
684 1701 8
800 1324 8
1453 2441 8
1759 4724 2
556 1068 3
765 1776 9
398 4659 10
166 585 7
4012 4632 3
2725 3397 1
738 2711 8
2594 4879 1
45 1475 3
350 1945 7
2181 4495 3
883 3008 9
374 3223 2
91 4958 4
576 2482 2
1886 3797 4
3647 4813 7
1410 4828 3
1023 2550 2
2295 3805 9
2587 4636 7
503 2571 3
648 989 3
1319 2457 9
1199 3276 5
624 4024 5
2234 2359 1
1669 4821 5
2155 3610 6
2011 3121 7
3933 4743 1
1387 1923 8
2362 2579 5
2559 4859 8
2550 4696 8
4647 4810 9
1069 1278 2
2961 3855 5
200 998 5
2204 3254 5
19 1013 10
2712 4454 4
1388 2348 7
3473 4523 3
2661 4590 4
811 1956 2
895 3158 2
88 771 1
3125 3993 8
4218 4231 7
190 2190 2
2645 4575 1
698 1903 10
3336 4607 2
3349 3838 10
1664 2287 10
1316 4351 1
3887 4440 3
2026 2910 2
1627 4671 5
353 903 3
3920 4643 10
2154 4086 7
3937 4731 3
558 2794 3
2820 3690 1
2194 2921 10
2616 4050 1
1122 1305 3
2174 3116 9
2688 4589 9
5 3621 9
2570 4147 1
1320 3665 7
290 2981 9
405 1097 9
3492 4450 6
2241 4387 5
2968 3038 9
560 4710 10
1353 1694 6
3685 4790 5
2765 4702 6
1413 2211 5
2722 4913 1
1727 1858 4
238 1948 1
43 1098 6
1191 1776 6
16 3834 2
2371 3874 2
856 2196 4
312 3920 2
2486 3572 5
2722 4831 9
546 3334 8
802 4657 3
473 1402 4
1182 3186 2
614 1738 10
1907 4906 9
57 3286 2
638 2058 2
4423 4748 2
583 725 6
3663 4961 8
1848 2371 8
386 833 4
1805 3586 6
1715 2420 2
1030 1927 9
3399 4430 4
901 1370 5
1559 4296 9
3572 3815 4
169 1867 2
2019 2581 7
2276 3384 8
2006 2013 4
859 1505 10
265 1805 10
2477 2934 9
576 1334 2
1212 1323 9
799 1798 1
3213 3538 5
1554 3713 6
1851 4132 4
1009 4237 6
3955 4878 8
2158 4161 3
166 1511 5
3574 4082 2
312 726 9
50 3930 9
3179 4056 3
946 1356 5
168 4053 1
413 4551 7
467 3670 6
270 415 9
920 3978 7
579 1744 9
381 2787 6
2962 3150 8
437 4023 1
857 2050 9
1643 4947 2
3063 4159 10
71 1333 4
1900 4315 3
1572 4319 9
3564 3708 1
1147 3245 2
532 934 8
487 4158 6
201 3814 5
1887 3836 9
1068 3261 3
2713 4488 3
3567 4497 2
2378 2430 5
1064 1285 2
169 350 7
956 1448 8
2220 2788 8
1770 4890 7
1610 4305 7
1601 4820 2
1279 1504 8
1215 1674 6
1925 2205 7
182 3418 9
1863 3229 3
732 4700 6
3049 4125 7
1068 4579 2
2654 4843 2
2881 4755 10
961 3412 2
3653 4712 8
1228 3922 5
1058 4619 4
3318 4090 2
944 3382 10
402 3257 8
620 1671 4
2415 3117 4
1501 2714 4
1108 1905 9
486 1425 10
3815 4433 6
3737 4752 2
230 794 2
2235 3825 1
904 1272 7
2702 4492 6
1068 1226 10
4248 4766 10
500 3528 8
1882 4868 1
4784 4869 9
1411 2256 10
286 3805 10
566 3642 4
1496 1500 10
529 3689 6
499 3813 10
940 3010 5
1053 3690 8
2359 4502 4
1508 1686 2
2460 4889 8
1021 4549 3
1337 4117 5
1297 4261 10
1837 1906 7
263 3002 9
384 3593 5
454 1079 4
964 1648 2
1819 2252 8
3572 4446 1
1183 3299 4
1081 4776 10
367 441 10
808 851 4
1603 4595 10
651 3878 8
725 4704 1
181 4213 9
477 2326 1
4186 4809 4
1342 4867 6
3696 4344 6
1355 2981 7
610 1732 5
3656 4267 9
119 4411 8
2396 3979 8
2666 3954 3
1532 4314 3
1789 1921 6
1121 2692 5
2182 3841 10
872 3729 3
66 207 8
2460 2776 10
579 753 6
1540 2138 2
2657 4066 4
410 4829 9
19 3900 6
1704 3672 10
2116 4457 6
1679 3074 8
1647 2618 8
2590 4236 7
687 4347 6
2471 4315 1
1228 4910 8
1536 4752 3
2552 4743 3
2724 4239 10
84 3447 3
855 2842 7
1 129 2
1772 1890 5
1222 4139 8
1664 4625 10
658 2704 1
57 1977 1
2174 4612 7
670 2512 1
2205 4091 2
2229 4945 6
3632 4058 3
736 1084 7
1874 3060 3
2283 3167 9
809 4083 8
4519 4639 3
513 3592 8
850 3043 4
2021 3354 2
3580 4700 3
411 2226 9
3375 4716 9
1475 4397 3
3751 4022 1
2098 2281 5
3552 3611 6
440 4763 3
609 1005 10
1813 4851 6
58 3585 6
2365 3754 2
163 2003 1
117 620 4
474 2812 10
131 2487 9
470 608 9
3150 3465 1
4060 4387 2
229 2106 1
882 1421 10
609 1657 6
217 4188 8
286 1736 3
4025 4344 9
3713 4973 6
962 1038 10
819 3932 1
880 2428 1
3957 4119 1
951 1732 3
3066 3683 3
3384 4014 9
1194 1226 4
3381 4172 10
1213 3083 9
3641 4111 8
28 606 1
2217 2450 4
1328 4951 5
294 4424 8
663 3620 10
207 1027 9
2715 3403 9
634 3135 2
3145 3658 3
272 4871 4
3819 4941 8
2826 4552 2
3501 4535 7
342 4852 5
1014 2133 9
345 4448 6
222 3494 9
3435 4990 8
1108 1272 4
1316 2877 6
2430 3955 4
369 2196 6
1250 2516 5
1860 2203 10
890 1913 1
2322 2969 1
889 1142 5
1590 3397 10
130 375 6
1262 1277 8
1551 1894 5
4122 4475 2
168 1883 6
2145 3512 2
1058 1545 6
2116 2830 1
2548 3300 4
133 413 2
2211 2670 4
889 3566 10
769 2345 7
75 4048 3
2043 3384 6
478 831 1
3658 4389 6
3323 4781 3
1971 2428 10
797 3543 3
1388 1964 6
76 656 1
594 4057 7
1401 2707 3
339 1458 6
2864 3219 9
4158 4858 5
395 2763 10
683 1843 2
1244 1570 10
3736 4543 10
3108 3995 8
546 4307 6
2593 3880 7
624 1370 9
974 1572 8
535 3021 1
4280 4628 7
1122 4359 1
1275 3005 5
173 2491 7
3535 4570 6
1197 2321 10
1952 2563 1
1618 4516 2
1378 3918 3
856 3165 8
532 1098 7
1232 1447 10
3578 4616 8
1159 4867 6
1183 2249 6
122 3201 1
913 4771 4
575 2214 2
692 3269 8
342 3957 8
1805 4867 6
58 588 2
2726 4476 1
1860 3538 10
2261 2573 7
4149 4856 7
753 3385 6
3642 4229 1
358 2605 8
1205 2707 1
3932 3939 2
179 1043 9
4561 4892 8
560 4880 9
2502 3236 2
457 2257 6
1289 1567 5
506 4629 4
2805 3535 7
3241 4693 2
1328 1432 3
1896 2106 4
2621 2745 4
2736 4678 7
2115 4012 8
767 1958 1
2790 3333 7
4048 4574 7
1456 3691 3
1009 1189 7
2911 3795 8
608 4341 8
130 1275 8
1312 4478 1
1391 4676 3
1383 3795 3
1332 4789 8
2576 3207 10
376 3212 8
248 1255 1
1387 2181 7
2181 4670 2
177 4773 2
2098 4629 8
4321 4884 10
3021 3052 2
1814 2623 7
2821 4537 9
2484 4748 8
908 4991 6
1381 1972 10
1401 1402 10
2185 2536 2
385 3141 4
461 1185 1
3362 3906 8
2684 4445 1
1524 4658 4
4202 4911 8
2227 3160 1
1628 4987 3
996 2589 7
3277 4120 1
174 3003 8
1029 4277 4
2567 3244 5
2308 4957 2
3561 4282 7
558 3835 10
329 2391 7
1071 4605 9
1235 2514 6
326 2476 9
4592 4711 10
4201 4293 2
770 2663 2
103 3459 10
2455 4972 4
2816 4253 6
1337 2765 7
158 4224 1
232 1507 4
671 3181 8
1048 3516 10
161 2714 3
509 3298 2
70 4398 2
3053 4723 2
1755 3243 10
2869 3283 10
3627 3732 1
3007 3423 3
2668 4028 5
3383 4032 5
230 3590 7
2073 2485 5
1010 3109 3
2464 3738 3
242 4633 8
1569 2870 2
3275 4816 6
263 2343 9
479 1629 6
991 2852 9
2233 3662 6
1988 4758 4
1372 2874 2
536 2004 5
563 3082 5
887 4495 3
2623 4800 3
1883 1940 7
2336 4773 5
1896 3143 7
445 4487 8
240 1784 1
1920 2721 8
2330 4027 1
870 4691 4
433 3577 8
2623 3240 9
1857 2519 9
1034 4660 6
3204 3672 1
438 1746 10
3252 3425 4
1113 1356 1
1200 4079 5
1171 4832 6
1779 3298 2
4122 4889 4
215 249 2
3306 4764 6
354 1478 8
368 3643 3
1099 4364 5
1050 4446 9
151 4805 6
3717 4643 4
3286 4177 8
357 400 6
78 4966 7
1116 3671 4
310 1004 7
2347 4889 2
3225 3557 1
1067 4724 4
74 3992 2
1119 2032 2
1035 3110 6
813 4016 9
1611 3880 9
345 4619 5
288 4304 1
1248 1502 1
1369 3224 10
4465 4965 1
1555 4802 7
3335 4771 4
1177 4792 10
849 1759 2
3587 3864 1
396 2029 8
1635 2083 6
407 3269 9
86 930 10
1409 4816 8
10 3423 1
1288 4221 9
1371 2563 8
882 1065 4
240 3682 3
2007 4382 3
2063 4210 7
1272 3123 1
876 1099 10
2053 3645 9
41 4367 4
4672 4761 3
2926 3322 5
1564 1860 10
3434 4232 5
2755 3221 3
447 2434 5
4084 4713 1
477 3123 8
4160 4567 6
148 2378 7
1053 2309 1
778 3187 9
1599 4922 7
2545 2557 3
2154 4147 7
1757 1968 9
1423 2475 4
611 3605 5
2633 4571 5
744 2558 10
1571 2514 7
4256 5000 4
2383 4336 10
71 3367 1
2152 4910 10
2991 4630 6
1715 3798 5
1620 4845 2
594 3611 10
318 2570 2
3425 4568 7
1595 3522 2
1296 1894 5
2892 4615 3
4370 4593 3
776 1936 6
1603 2134 7
873 1046 6
1699 1807 7
1712 3478 6
2138 4326 7
3580 3952 7
1225 4474 7
4270 4737 7
1746 2169 5
546 4516 9
2206 4123 4
1915 3751 8
1221 2812 10
704 1340 3
1505 2596 8
3708 4421 3
32 3082 2
2726 3234 5
503 1436 7
1471 3662 6
2352 4572 8
751 2550 9
3733 4191 3
2102 2723 3
2567 2743 3
3568 3802 7
3838 4795 7
1319 3900 7
2867 3603 6
1764 2113 3
536 1031 7
195 1702 8
4171 4911 10
297 4937 10
2563 3420 8
2346 2393 6
2923 4730 1
180 4355 1
720 2555 9
2268 2447 2
1462 1512 4
2540 3454 5
2727 4854 9
540 4865 8
110 218 10
3423 4800 5
2172 4633 4
3592 4327 6
1032 2030 2
1127 2415 3
3986 4073 2
371 1186 6
325 1623 8
3328 4886 3
3080 3824 2
2981 3595 5
167 4804 10
2149 3733 8
1650 4609 10
2223 2371 8
1468 2330 4
663 2459 10
315 2447 10
2571 4274 6
117 1346 4
3140 3675 7
3020 3166 8
1283 3747 6
1984 3663 2
129 1915 5
374 1815 1
547 2439 10
1650 2499 6
1517 1854 7
1638 4934 2
313 1929 7
3534 3661 2
1127 2602 5
1172 3050 8
2874 3315 8
321 3919 6
3216 3511 6
2464 3510 2
1456 4576 3
3781 4797 2
251 3392 1
763 4999 7
2513 4210 8
2226 2703 1
1104 3223 6
1980 3439 9
1836 2259 4
1207 3154 8
1230 1593 5
3392 4397 1
498 2040 2
2983 4562 10
830 3056 4
573 4316 2
907 3440 7
546 4341 1
3911 4197 8
15 2300 2
668 3289 4
2586 3276 5
370 2590 2
2799 2851 6
418 4426 2
694 1948 2
2010 3058 2
1059 1157 8
1191 4622 6
2012 2683 10
4056 4208 7
716 1961 3
3344 4772 5
137 2791 3
2268 2335 7
72 3873 4
1078 3061 8
2208 4017 9
1803 4286 1
178 240 2
536 3547 6
852 2908 9
1025 1953 10
2355 3710 1
1376 3855 6
1759 2596 6
4681 4933 9
511 4044 8
2714 3682 3
1797 3355 6
1512 4728 10
3273 3381 7
3791 4934 6
52 4684 8
34 761 4
892 4323 5
853 4184 3
469 4392 4
2119 4686 3
309 1749 6
2115 4849 2
599 2062 4
140 527 9
1868 3697 1
2392 4427 5
2889 4478 4
1147 2580 2
2726 3047 7
2025 4046 3
672 3785 8
3325 3755 6
2852 3205 9
552 2206 4
1747 4336 8
4633 4788 2
711 1167 2
1193 3900 2
246 1083 5
1483 1605 10
822 2321 5
551 4934 2
216 3416 4
2457 3415 2
1593 3717 10
1084 2374 5
3146 3364 10
3238 3893 2
1776 4834 10
891 4274 6
83 3753 1
327 1870 10
1139 1611 2
2684 3816 6
2097 4991 7
1041 2398 10
3338 3663 1
3371 3385 8
1136 3309 9
2237 3313 8
1685 2144 8
387 2756 1
364 3441 5
3581 3856 10
1362 4484 10
2116 4578 5
779 2590 2
3128 3544 5
1653 3360 9
1655 4011 7
570 3060 8
308 4455 2
429 3593 6
228 4615 6
1947 2990 8
2274 4457 2
2218 2737 3
672 2026 4
2017 3386 4
269 2252 1
632 2740 3
91 2015 4
1324 2339 10
723 1307 7
2702 3229 3
30 2390 1
1524 2821 9
4556 4593 10
558 4194 5
983 1010 8
383 980 5
120 3176 1
1980 4662 3
329 1796 3
1879 3356 8
837 1755 7
1298 4192 3
2579 4338 9
2463 3150 7
924 3622 7
4027 4400 10
1119 4986 10
414 3953 4
1855 4696 9
905 2920 1
482 2279 4
13 4915 8
171 3670 6
4020 4809 10
1029 2715 1
2276 3552 7
1105 3403 5
635 3811 3
2024 2399 5
36 2425 4
137 2780 1
1170 3639 3
2105 3996 8
1731 4791 1
2579 4777 9
1365 1789 6
1641 4486 4
1032 3314 8
144 878 7
2419 2513 10
3979 4715 5
2742 4924 4
2254 2714 5
2310 3790 5
3295 4532 3
1834 3385 6
827 1792 5
1544 4571 10
1246 1530 7
1956 3188 8
464 2429 3
1341 2713 9
482 1505 2
3552 3873 10
1992 4994 9
1910 4829 1
949 4708 3
1826 3852 8
1185 1980 4
264 2847 8
728 4393 9
2942 4522 2
1427 3738 10
2708 3682 7
2627 4667 10
480 942 1
1959 4885 5
3500 4075 4
692 4819 9
2360 2439 2
481 3222 5
1750 3613 1
3208 3699 10
4792 4875 4
3529 3756 6
1933 3425 6
290 4140 6
2198 3656 1
316 4911 9
1800 4069 1
1694 3193 6
2251 2723 1
2422 3334 3
2793 4453 10
1773 2402 2
2383 3506 9
883 2061 3
871 2495 4
1144 3038 7
2730 4768 3
85 1005 7
1943 4503 3
1296 3219 1
2200 3262 6
1435 3471 10
1559 3767 10
1789 2874 6
1618 3191 2
665 2101 4
1835 3651 4
1205 3133 9
131 4186 5
2555 4593 10
76 2251 4
1404 2793 5
1163 4363 3
1395 2861 8
1198 1914 2
2052 2612 4
889 1282 4
854 2041 5
2889 3536 4
2522 2926 3
3226 3340 8
2279 2566 5
262 321 1
134 909 8
5 1719 2
3075 4471 2
1030 4282 5
289 2803 5
2655 4945 4
3796 4000 6
3286 3755 9
2398 2617 4
1329 4512 9
334 3733 4
1391 2920 10
2251 3032 5
1137 4180 7
428 1989 1
982 1761 2
1642 2565 7
3109 4661 6
1088 2466 5
434 644 9
142 4223 2
724 2648 8
1448 3644 10
729 2461 8
1285 4362 1
1102 3410 8
4142 4149 3
1414 2699 5
4919 4947 10
471 1418 2
2052 3516 10
829 1384 1
2695 3483 3
3983 4932 9
1636 1777 10
659 1110 7
1428 3789 3
2635 3901 8
1701 3239 8
259 4933 7
220 4552 3
2399 3147 5
1288 2050 9
3097 4417 4
1358 2066 9
919 4469 3
451 3281 7
2256 4040 5
1013 2329 2
243 1164 7
1767 1979 2
1646 2429 6
3450 3869 10
722 3041 3
545 1789 2
5 4148 6
223 4512 5
990 1748 7
803 822 5
1296 1650 5
745 1493 8
2443 4037 8
807 1896 5
333 4071 3
2390 2617 3
4808 4985 3
79 4087 7
199 1406 9
742 4142 8
1806 4419 4
3393 4019 8
532 687 4
957 4700 2
845 2586 5
4024 4474 8
1450 2874 1
773 2691 10
1489 2399 7
2401 4802 5
50 3960 2
3076 3512 8
1917 4350 4
2726 4339 6
1269 4582 2
3642 3758 2
1601 2338 4
2331 4086 10
336 522 5
2693 3795 8
1193 2756 4
648 1921 5
1900 3942 7
2384 3702 3
636 2033 6
809 1658 9
1609 4468 4
26 4391 8
657 1509 10
838 3367 6
108 426 7
1202 3774 9
1850 4345 9
1336 2477 8
1573 4617 1
471 2714 6
1845 3081 6
587 3939 3
467 2554 10
3310 4110 4
3314 4543 3
274 4925 4
1048 4430 6
1767 4479 1
332 2530 2
3626 4587 10
878 1066 5
3515 4167 6
406 3804 6
376 1716 6
1012 4565 1
1403 3822 3
812 3239 9
1886 4518 1
507 1471 6
285 4404 6
696 2582 8
3482 4359 2
1988 3812 7
995 1133 4
1363 2351 5
2469 3302 10
2219 4463 10
1253 3573 4
1130 3107 1
1100 2250 4
567 1319 3
2642 3376 8
1860 4012 8
27 1977 10
245 4595 10
1603 3231 1
2500 4474 9
761 2165 6
471 3846 1
1198 1488 5
1536 3967 8
47 2993 8
3244 4829 6
3127 3402 4
1268 2960 1
2170 3621 1
2267 4571 3
1396 1401 2
958 1791 4
3131 4190 10
605 2341 9
1263 4825 4
1873 4131 2
3417 3916 5
2623 3006 1
3203 4649 7
1821 4095 8
1951 4136 9
605 1062 9
2035 4265 7
2316 2933 10
1328 2280 9
1458 3817 5
103 782 3
2840 3605 7
1490 2778 5
308 1958 7
1574 3439 9
3170 3782 7
1161 2185 8
1440 2349 2
1818 2610 1
1472 4670 8
1039 2499 10
733 3247 1
132 1941 4
1518 2080 1
1814 4973 8
2249 3336 9
295 516 4
1156 1229 9
217 3743 5
183 3642 3
1138 4711 8
451 4659 1
2039 4711 3
2182 3926 5
1621 4977 7
296 4829 10
2025 2120 2
1 3982 3
2072 3949 5
111 1119 2
3146 3472 3
885 930 3
61 4212 8
1893 3191 3
31 3623 7
1790 2877 2
61 1957 7
2721 3422 2
1688 4499 7
1749 2825 9
321 4341 10
643 4355 8
935 1906 3
4196 4329 1
758 3675 10
2373 3804 2
424 607 2
1425 4289 9
269 2596 3
1611 4189 4
1019 3479 9
501 1076 8
3152 3383 7
3303 3663 7
287 1059 4
1703 2958 9
430 1631 8
2348 4146 7
2312 4379 2
854 3601 1
873 4500 6
67 2912 5
1751 2733 4
122 1487 6
759 1671 2
1740 2828 6
1460 3792 1
2007 3430 10
2241 2434 1
132 3263 4
1983 3640 9
2309 2373 5
530 4204 8
2160 4996 6
1682 3013 8
105 4480 2
1403 2083 10
454 2022 10
764 2623 1
617 3992 3
739 4350 5
2139 4104 3
1606 2720 4
3210 4511 5
3951 4281 6
758 3749 2
1718 4734 3
2252 4948 4
1286 3020 9
1904 2605 7
2084 3990 3
2533 4414 4
1486 1783 7
2345 3288 3
577 3718 4
368 649 4
508 3624 10
2145 3164 8
2111 2644 8
951 4967 8
1780 2555 3
1125 1303 5
959 1554 9
4184 4279 7
4443 4608 9
1799 1937 4
510 4014 8
858 3830 5
2693 4487 10
2773 3948 8
1031 3297 3
1795 2506 4
1804 2638 1
754 2237 6
890 4765 1
184 3004 4
798 1556 4
450 2406 10
3372 3427 3
1574 2616 6
189 1693 5
2074 4659 6
944 1344 1
971 1270 8
2408 2864 10
470 2526 2
1756 2023 1
1667 2597 7
1636 2676 3
561 4397 6
1178 4592 8
2132 3945 5
704 1848 2
2577 3950 2
486 3010 6
1463 3432 9
2306 3355 6
27 2819 9
634 1799 8
2139 4735 4
2541 4660 8
1776 2904 10
922 1380 8
3525 3560 2
1681 2685 8
1830 4378 4
1223 3794 2
462 4305 1
2386 3476 6
831 915 6
1124 1878 5
217 865 5
1757 2330 9
518 4445 7
3249 3740 7
1017 2036 1
656 3639 6
2391 4887 10
975 4869 5
1951 2129 7
3840 4878 2
953 1900 3
657 2839 6
635 4559 5
359 1551 2
964 4118 8
3289 4092 7
672 3628 10
2489 4031 2
2000 3638 8
714 1356 8
3771 4246 2
618 1409 4
1523 2416 9
920 1377 6
1254 4364 3
2375 2445 4
2734 3387 2
1475 4021 5
1904 4353 8
4547 4942 5
605 4619 8
1971 2232 5
1254 1767 9
216 221 5
1132 4836 10
2346 2723 8
92 2046 6
399 1281 1
2188 4516 1
2440 3095 7
996 4865 4
3722 3831 3
433 1677 6
2314 2522 9
841 3773 4
1875 3504 4
2188 2740 7
508 4228 8
1792 2890 4
1880 3181 7
1663 3821 2
3172 3607 3
3805 4374 5
159 3377 9
519 4807 1
21 284 6
4322 4937 6
282 3836 5
1190 1559 2
168 742 10
2384 2722 5
1138 3001 5
1129 1554 7
1424 4636 9
48 2211 4
2245 4638 5
1177 2466 10
251 2642 10
3756 4119 7
686 4918 4
37 1501 4
2123 3828 5
1523 3915 5
17 1054 3
1999 3689 5
130 1660 1
4067 4885 4
1188 3513 7
501 853 1
703 707 9
1765 4540 6
4053 4868 3
1480 3775 3
1202 4377 3
1327 2112 5
1021 3026 10
2499 4735 8
832 1012 6
456 4705 6
4009 4660 4
3517 4509 1
1846 2361 2
2916 3486 2
932 3159 7
909 3324 9
1824 2164 3
900 1708 8
1300 3149 2
3314 4826 8
2916 3139 9
1274 3933 8
13 4750 8
2642 2889 10
1214 2660 1
281 3235 9
2662 4708 9
2849 3884 1
2919 3197 8
2450 3015 9
4003 4923 7
1016 3280 7
2243 2377 2
1330 3512 1
2061 4824 8
1328 2753 4
1902 4805 4
1711 4199 10
2292 4196 5
1486 3447 3
1336 2466 5
2172 4872 9
218 3038 3
2059 4783 2
344 615 9
2677 4124 1
2379 4622 10
2773 4629 7
3743 3885 2
2194 3333 3
2475 4973 9
1442 2817 5
1632 4882 4
4413 4537 10
2224 2395 6
2411 4673 1
2222 3002 2
1779 2285 8
248 977 5
1163 3480 6
1071 3802 6
375 4834 1
774 776 5
45 2133 9
1343 3927 10
1272 2955 5
1265 2617 5
570 2398 4
1797 2440 7
3206 3835 1
431 4501 1
1045 2211 5
2 4522 7
1768 3427 3
2117 2763 7
184 4619 6
2127 3741 1
1068 3458 9
55 1615 2
1964 4012 2
1624 2523 10
2806 2929 4
331 1093 10
74 4676 6
3024 4126 7
1040 1680 2
760 1557 1
934 1616 10
578 1264 1
1273 2415 2
2035 3754 8
2339 3361 2
1296 3042 3
1918 3890 2
1034 3410 8
1363 4476 8
1059 2963 4
174 327 1
1183 1498 5
3773 4873 10
4072 4625 4
1323 4059 4
5 2358 5
1920 3693 4
560 2089 8
3117 3892 2
2690 2922 8
418 4516 6
3833 4029 9
4487 4883 3
2073 3201 1
1521 4633 9
493 516 10
103 488 5
861 1041 10
2668 3189 9
766 3143 4
2343 4358 8
893 3022 3
1777 4989 6
2832 3030 9
3015 4782 7
1189 1401 5
729 1709 6
487 2834 4
1195 3563 1
258 3135 10
2628 4213 2
1390 3216 7
1192 3384 1
1824 1973 10
2537 4328 1
2135 3774 6
1111 2175 8
931 4207 9
787 4180 1
2117 2228 5
542 4828 8
1740 4697 4
471 3276 8
1208 2190 5
1053 4409 1
2556 4111 10
2108 4979 3
1810 3629 2
2988 3269 6
1999 3560 2
3534 4930 1
3659 3833 2
510 2671 7
304 770 2
1286 3473 2
1894 2825 2
1613 1755 7
2101 4965 4
45 2533 5
1515 1642 4
2199 3388 6
364 3887 5
3591 3871 2
1801 3173 5
2250 2842 7
375 4149 2
647 1308 9
400 3291 7
1937 3272 8
797 2200 8
1936 4770 8
942 1295 4
2504 4376 4
2736 4513 7
1217 1722 7
2402 2984 8
92 3404 10
17 4761 8
3125 3291 1
3104 3548 2
1608 3314 1
151 1752 2
2501 2754 3
144 453 3
2007 4008 3
1790 2582 5
1329 3176 9
1934 2596 2
233 4245 3
684 2352 10
1876 2684 3
45 2130 1
1752 2174 5
1082 4010 8
3171 4229 1
210 395 7
2677 3419 7
1034 3329 5
1588 3981 6
797 4358 3
2386 4253 8
125 4462 2
320 3308 2
1088 3156 7
401 2698 1
263 2755 4
1425 2963 1
131 2977 10
587 1222 4
1744 4545 6
3138 3292 10
2147 4247 7
81 1340 8
2971 3621 4
1757 3494 2
2972 3243 7
1125 4503 6
1511 4018 1
653 1812 6
1024 3993 10
1867 4911 7
1265 1960 2
582 1426 2
4071 4927 7
2089 4352 4
1753 2842 6
1316 4057 6
648 4395 7
524 4913 5
360 3066 8
1676 4570 7
702 1933 5
897 2575 3
712 3451 10
967 1057 5
4208 4912 1
18 3210 3
2808 3655 7
451 3547 1
900 3632 7
1847 2386 5
808 3837 10
626 2814 6
525 640 9
999 1690 7
2859 4638 3
1923 2346 5
1638 3228 5
4269 4743 2
1550 3090 10
955 1031 8
827 2064 6
1755 2960 8
1278 4693 10
487 1011 7
1648 2594 7
1399 1572 1
1617 3201 4
129 1317 8
3470 4283 5
341 4959 7
1635 4102 7
1125 4884 8
637 1433 5
2188 4375 8
349 1723 9
1850 3150 10
1118 2215 10
1453 2035 6
3163 3854 3
2219 4143 1
972 3191 1
451 967 4
549 4959 7
2036 2752 6
160 4364 9
2526 4529 5
2172 3868 8
825 4643 5
1447 2472 4
1077 4312 1
153 1796 10
594 1693 6
1764 4904 7
2166 3433 7
1803 2186 5
3882 4263 2
603 3056 7
426 1472 8
3360 4608 5
2468 4340 10
1192 4933 2
2853 4626 10
742 2024 3
968 3326 7
1078 3628 6
2922 3216 2
471 994 3
142 754 9
1794 4377 9
1469 3911 3
3865 4130 1
206 465 8
2999 4004 5
1698 3701 7
894 4156 5
2071 2608 7
3677 4648 10
573 3607 5
2931 3992 9
3653 4722 9
732 2622 5
2121 3035 7
614 4017 5
4390 4871 3
1801 4238 1
939 1020 8
2207 2622 1
1094 4359 4
913 2876 10
1769 1891 5
1214 2964 8
1867 2287 2
754 4509 3
1813 3677 6
2737 3184 1
634 2360 8
1759 2114 8
2134 3969 2
206 2633 6
2524 4443 8
2170 2349 7
1285 4566 4
1887 4862 10
245 2183 5
646 2038 2
1723 1736 4
349 3597 4
3599 3708 6
258 3745 10
1149 4692 10
2842 4575 8
3493 4067 8
259 2869 5
925 2008 3
1483 2026 6
3403 4453 9
14 4866 6
778 2976 9
4156 4904 3
1945 3439 2
1023 2432 7
1367 3525 8
3285 4560 4
697 2261 9
4028 4151 6
1498 4523 8
340 2258 4
2880 4939 9
241 1563 1
4296 4328 3
4680 4843 6
2304 3773 7
4280 4939 7
2445 4921 8
2043 3946 3
1089 1826 10
2296 2340 6
1695 2252 1
1307 2305 8
288 643 9
365 2605 9
986 3852 3
848 2362 8
251 3170 9
2751 4301 8
3541 4292 9
3749 4117 6
3774 4334 6
1025 2776 10
1551 2794 1
2542 3117 5
2556 2985 10
2356 3190 9
2505 4880 6
1570 3158 1
3961 4685 7
2667 4463 5
370 4630 8
2273 4174 7
1376 2505 2
618 2841 2
5 2317 7
972 1400 9
181 2476 9
2740 3441 8
319 4487 2
2407 3551 10
293 2454 7
718 3326 10
1038 2132 1
238 608 9
2572 2802 10
3093 3623 4
264 4427 10
464 3750 9
2604 4787 8
1658 1810 8
485 4736 2
569 4563 8
68 4313 8
3341 3979 8
1866 4875 4
3888 4473 10
3406 3917 4
2748 4649 3
740 3449 4
756 3522 10
1119 4856 6
3281 3929 8
2294 4548 5
3132 3815 6
1198 2197 6
479 3928 9
933 1144 7
1549 3222 8
1827 1953 5
1616 3613 1
780 1829 7
2610 4580 7
825 1049 10
3152 3477 2
3525 4626 1
963 2856 7
75 3024 3
1824 2120 8
739 1669 3
1305 4333 9
1002 3701 9
33 3974 1
1490 4697 7
62 4581 10
760 4623 7
1269 4832 7
1411 3257 9
1982 1984 9
1489 1674 6
1002 1486 3
2817 3486 5
2239 4534 7
3624 4885 6
1182 2943 3
6 2839 6
1269 1533 9
1454 4229 3
1237 3962 1
3051 4368 8
3261 3833 5
1594 2653 6
4615 4947 7
1570 4990 1
540 3905 1
1431 4317 1
1873 3454 10
1051 2814 6
2424 4729 2
3763 3841 2
1862 2103 7
1210 1738 5
2656 3098 2
648 2578 6
413 3891 5
2956 3512 3
34 1084 4
3848 4766 9
2454 3426 10
418 4389 9
435 832 2
1169 4730 1
681 3691 7
1982 2928 4
438 4583 5
1472 3204 7
86 3477 2
44 3284 3
1049 4197 9
2336 4295 2
3890 4801 4
822 4469 6
809 1438 6
367 4433 9
56 4008 6
1393 2306 1
438 2876 2
55 2935 2
425 2720 5
892 1278 6
82 2917 9
585 599 6
489 3982 6
1674 4246 3
90 3663 1
62 4038 1
605 1599 2
1540 3746 7
3148 4196 8
2932 3520 3
1486 3660 7
1592 2430 9
415 2864 5
669 3198 7
936 2881 10
3111 3269 1
2822 4929 8
599 1648 7
897 4850 7
1477 4548 3
3182 4854 2
3251 4910 7
251 4169 3
2061 2367 6
170 491 1
361 3551 4
1737 2481 2
1237 2781 5
1788 3524 2
1618 4408 7
1110 1430 4
1242 3238 3
855 2953 1
3144 3397 4
627 3663 2
2601 4587 3
25 4633 9
399 3466 8
112 3821 4
676 3607 2
2746 3654 1
2213 2325 9
4442 4712 2
1128 4304 6
514 3872 1
1292 1752 7
1204 1529 1
1395 1940 9
3365 4462 6
65 2724 2
1335 4550 4
2739 4425 6
4326 4832 3
1128 1471 7
1477 3284 9
1116 2099 10
1224 1305 3
469 4993 8
595 1065 6
193 4731 2
1003 4546 8
4027 4282 3
2303 4808 7
1738 2890 9
998 3019 9
4526 4585 10
1839 2096 7
2409 3159 3
127 361 4
4357 4670 7
1823 2268 3
3123 3767 9
1004 4584 1
196 3723 6
710 4667 5
3366 3440 7
780 1345 4
592 2615 8
81 2489 3
1165 4652 7
2716 4082 4
4227 4674 5
2743 3747 9
882 1732 10
112 4547 4
3806 4500 6
3500 3575 8
1618 3602 8
989 4046 3
1778 4818 9
1901 2798 9
1383 1467 8
857 2505 8
2061 4413 8
1390 4140 4
356 739 2
1282 3779 3
2600 2666 9
1578 2949 2
1443 3081 8
1260 4526 2
1665 3138 8
4258 4699 9
1289 1592 6
3044 3931 6
1581 2325 3
3103 4326 2
2782 3851 3
235 2397 4
2101 3597 2
1435 1629 9
4059 4989 8
66 3682 2
4197 4932 2
1698 2822 7
990 2977 7
983 4365 7
574 1868 9
1535 4490 7
2020 3783 6
1235 1655 3
2334 4227 9
2304 3882 7
64 1045 6
1312 4302 4
870 3474 2
1285 4632 4
450 932 5
896 2769 9
1227 2887 3
2062 3499 7
1463 2313 2
759 1326 1
1219 3453 1
505 1609 10
702 3125 10
1793 4429 5
200 716 8
3222 4083 1
1354 2766 4
1604 1893 9
1967 4767 3
1009 4709 9
3278 3998 1
1172 1879 9
1250 3493 7
1378 1704 9
303 1538 9
1052 2435 1
471 1567 10
1436 1519 6
914 3522 9
248 853 9
4221 4719 6
1638 2848 9
1376 2891 7
2659 3503 7
256 1430 3
607 4162 9
3263 4917 2
1386 2701 4
1682 2946 4
420 562 7
1323 2441 8
1431 2022 8
1130 2015 3
618 2051 10
694 2481 10
407 3971 2
742 4423 9
2437 2933 10
3723 4934 3
1793 3585 10
3108 3223 1
2927 3556 5
1889 2511 9
876 2432 1
55 1833 6
461 2657 8
172 254 1
995 1716 10
1218 4478 4
3744 4378 6
4316 4762 1
3181 3489 9
1472 2415 10
2483 2789 1
918 3391 4
3166 3758 9
94 1975 7
1523 3739 7
4661 4699 10
927 1647 10
1841 3279 10
2185 4851 3
441 4135 3
1950 2298 8
880 1495 2
3782 4942 9
3748 4113 3
2509 4119 6
4575 4934 6
3524 4615 7
3 357 4
2593 2793 6
101 3204 8
512 1946 6
260 4236 1
1286 4895 2
763 2514 9
871 4149 2
429 815 7
2800 4770 9
286 3832 9
625 3460 10
1190 4454 3
1819 4003 4
133 3523 7
1136 4762 6
1437 4734 2
1368 2678 5
2430 2664 7
1883 3759 8
464 3049 7
696 1671 5
867 1836 5
957 1233 5
2929 4090 8
1058 1996 6
2225 4393 4
4075 4828 8
4038 4270 8
1332 4976 2
131 2704 1
65 431 2
848 3138 5
4371 4862 5
2809 3534 3
453 1427 9
1958 3712 10
2895 4131 1
2919 3036 2
1553 3235 9
10 4915 6
130 550 2
213 3293 7
1400 4756 4
950 2044 9
1522 4624 10
215 785 7
41 2048 9
263 3550 7
1294 2137 3
1525 3705 10
1256 1815 9
4574 4843 1
435 2101 10
1700 2126 5
934 2347 10
1461 3929 8
1648 4336 9
577 2281 5
2012 2122 4
1879 2175 10
1218 2438 3
652 2716 3
2928 4390 2
325 3531 9
153 1168 9
1473 4229 9
3630 4433 4
206 469 3
1661 3129 4
3782 4759 1
1739 3365 8
259 3099 7
798 852 5
3372 4862 10
397 2091 5
892 2054 4
3829 4558 9
3059 4324 2
3776 4175 2
194 2345 8
3214 3602 3
1380 4909 8
507 3113 5
33 2069 9
1257 2354 8
335 2240 3
510 4482 7
1528 2105 8
258 883 10
584 670 9
67 4192 5
458 967 10
1397 2902 7
226 2907 5
796 1677 10
838 4795 7
1917 2194 10
1586 3853 6
3297 3774 10
1218 1763 4
2919 4733 5
2322 3895 1
1036 4913 4
3687 4929 10
1416 4502 7
2341 3602 4
4353 4720 10
2506 2762 3
43 4079 4
1133 2560 9
1891 2377 10
2151 4525 5
1943 2145 6
210 2897 4
455 4051 2
1245 4468 10
2819 3597 7
1071 1929 7
1580 2636 4
651 761 3
915 4315 2
985 4783 8
3589 4438 10
2216 4718 6
2435 4487 6
4612 4949 9
11 2575 3
770 3237 1
3287 3774 9
325 1924 9
1612 2891 4
436 3041 2
91 3992 7
1870 4403 6
184 1572 10
3311 4642 9
2941 4138 6
145 4000 9
3088 3797 3
270 2946 9
1865 2822 6
3125 4173 10
756 1674 10
1166 2340 10
1328 2944 2
3216 4951 10
3903 4650 8
1996 4191 6
891 2876 7
1277 3277 2
909 2550 7
3502 3914 3
441 2664 4
1098 2525 10
2842 4726 10
473 4037 1
649 2630 4
4098 4248 10
2374 4213 1
1258 2054 1
1965 2421 3
806 2516 10
1801 3607 8
3248 4363 6
16 1228 7
514 2050 10
1713 4693 2
1915 2967 4
716 1606 2
2788 3596 1
511 4230 7
2986 3941 5
1409 4766 1
1459 4066 2
323 2420 5
1911 3580 2
113 4966 9
702 1510 8
2129 2598 1
2856 4017 7
1084 2690 8
3730 4534 9
298 2766 10
1378 2528 5
3826 4398 1
3632 4354 10
664 4953 5
1386 2412 3
2961 3617 5
1806 2182 2
825 2559 4
3277 3632 2
736 2095 7
353 909 5
1655 4857 10
544 3863 7
342 4552 5
875 4638 3
2652 2894 8
2577 2754 3
2548 3285 6
482 2826 9
1881 2954 3
1244 4315 8
51 1628 5
402 710 2
2295 3824 1
3698 4350 10
2666 4619 6
3723 4367 4
1522 4924 10
2092 4218 10
1680 2631 6
2037 2452 4
763 2597 7
1450 4026 2
1186 4850 9
4862 4891 2
2758 4368 6
2486 2683 4
2138 2647 1
4221 4934 9
123 1842 5
2310 2728 8
1150 3285 2
782 3379 6
2598 3715 5
561 1352 8
3511 4275 7
3823 3826 9
228 2349 2
1318 4093 3
323 4000 10
2602 4531 5
1424 4612 5
3468 4452 7
4609 4970 1
2737 4553 4
3675 3706 4
1015 1298 7
1526 3829 8
2167 3585 8
132 1529 7
712 3577 1
473 4232 6
639 1749 7
2535 4979 2
1531 1533 5
364 3614 2
1530 3164 6
1158 3194 1
92 1850 5
98 1604 4
2898 3585 5
727 1729 3
3182 3781 6
141 4785 3
4026 4268 3
1446 4613 9
1966 3627 2
157 2273 3
2829 4703 8
96 339 8
812 3912 1
1110 2618 8
1359 3587 5
2868 4959 7
223 1084 2
256 533 1
3049 4648 6
3632 4401 1
2455 4384 2
1535 3585 8
580 603 10
2860 3753 8
595 1886 5
1938 4251 1
651 2576 5
2295 4775 3
2966 3659 9
2708 4311 7
419 2493 9
2462 4305 5
2244 2608 9
449 1600 7
4557 4987 10
785 3649 1
1074 2754 4
3832 4801 7
2079 3349 1
2310 2527 4
1997 2937 6
643 2690 7
1502 2092 8
1193 3613 2
253 2799 8
379 439 3
1975 4589 1
1668 1930 2
1295 4675 2
1517 3390 3
2024 2752 3
2861 4022 7
1784 4111 3
1371 2498 8
464 2543 5
2994 3010 6
2355 4229 5
761 1313 5
1117 3183 5
938 1547 10
588 1256 9
690 4733 6
608 4936 1
803 3646 3
230 663 8
788 1124 7
472 4708 9
1370 3408 7
1166 4099 4
2556 3783 7
1993 2441 6
2134 3513 4
1449 2089 6
1240 1821 8
745 2858 7
2308 4143 10
2647 3789 4
573 3241 1
1937 3578 7
3567 4317 3
1121 1216 9
1267 1637 3
2221 2545 5
2292 2665 8
179 4833 2
1203 2444 4
178 2934 1
2336 3261 4
872 1068 6
1746 3597 2
1700 3844 3
809 4013 5
1405 4874 2
1319 4593 5
1897 2234 10
1230 4626 3
1616 2854 8
187 3651 8
4402 4630 8
3524 4060 5
2194 4431 6
440 3684 2
137 3385 3
3463 3634 8
549 3478 3
36 601 9
1527 4295 6
2525 4215 4
2528 4732 4
656 2814 7
2871 4649 3
862 2737 5
684 878 3
3353 3849 6
978 2801 5
1873 2011 5
3140 3457 8
427 1376 4
573 4917 9
531 2387 6
3490 3893 5
3432 4239 1
3799 4664 2
1771 3358 8
2605 3371 10
161 3642 5
1811 3905 8
1936 3651 4
1494 1989 10
2626 4734 2
1954 2961 10
640 4148 1
3767 4679 2
277 4785 4
2157 3077 1
571 1673 6
3792 4882 6
4080 4608 8
741 3720 9
1658 3132 6
1606 3630 1
180 3421 5
4382 4859 1
173 4090 3
1070 3911 1
954 4568 5
107 4388 5
175 1267 1
2072 4473 1
795 1875 4
1085 4615 8
2722 4454 8
750 3944 3
2329 3696 8
1918 3675 8
4065 4926 9
1844 3094 10
431 2139 10
1747 2694 4
910 1245 7
245 2460 10
717 4363 4
1860 4744 2
761 4246 1
1100 3114 7
788 1729 1
991 4924 8
1477 4971 5
55 415 6
3930 4057 9
2500 3955 1
543 3717 5
2796 3624 2
831 3649 7
696 2143 9
3673 4706 9
457 4729 8
806 1232 8
723 2671 6
2011 4539 4
2583 3890 10
2639 2705 7
1881 2295 6
1291 3501 5
1203 4641 7
1976 2387 9
642 3701 1
988 3219 2
3701 4183 4
1099 3722 9
243 4081 10
236 2747 6
1710 1994 1
352 1773 4
2948 3104 2
1157 1307 1
2371 3000 6
1358 3263 1
2031 4751 2
653 4934 4
164 1270 6
1572 4109 8
1379 2768 9
163 3088 6
30 862 4
2127 4010 6
1577 4304 8
1924 2062 1
1055 2825 8
852 908 7
1322 4970 10
1572 4933 5
1232 1414 4
566 1419 5
235 2146 1
1645 4549 1
91 3429 3
474 3701 1
2540 3377 5
136 2978 6
2894 4592 8
3009 3841 10
618 2561 9
1049 4518 5
1507 3423 1
2032 3048 6
368 875 4
710 2354 4
674 3401 1
4248 4477 9
1163 3381 9
4646 4897 10
341 4045 5
3182 4953 10
224 689 7
183 294 8
1100 2816 9
470 1736 4
1253 4644 4
971 3141 4
888 905 3
586 1101 2
1437 2438 9
247 2266 1
258 1787 3
4130 4311 8
398 2948 10
1579 2978 4
1200 2162 6
704 3772 6
2806 3059 8
2558 3776 6
1686 2145 5
1158 4093 7
3008 4078 5
835 3250 3
2155 4467 8
1019 4805 9
2864 3865 6
2616 2934 5
470 2201 7
245 2765 8
79 4013 5
543 4869 9
2438 2579 4
1104 3143 2
1945 1987 5
19 3542 5
1749 4190 4
985 1255 1
1331 2259 4
1637 2443 5
2999 4605 6
193 3388 2
1409 3689 7
1182 2978 8
99 582 3
3300 3629 4
1973 3004 4
2508 3387 6
2984 3209 3
1361 2146 4
2574 4256 4
17 1245 1
655 4842 2
992 4847 3
1562 3742 7
994 2860 9
3318 4278 6
475 1058 5
383 1550 4
1239 1340 5
2848 3607 6
167 4185 4
2788 3557 7
2047 4386 3
3591 3999 6
31 4337 7
3696 4856 6
2766 3506 10
447 452 3
236 3616 4
1869 2130 5
1439 2231 6
163 2245 1
1471 3023 4
230 3555 6
2550 4624 9
5 901 1
801 2016 4
499 1245 3
1314 4361 4
759 2800 9
3346 4224 4
603 4659 9
3107 4396 7
323 919 7
3527 4504 2
3195 4923 8
2404 3936 2
2496 4267 1
1694 1915 2
1248 3296 8
2388 3329 8
555 3656 10
1888 4101 1
2889 3133 2
1351 2871 10
416 4975 6
3846 4141 8
2392 2696 1
2248 2968 3
300 2614 10
1705 2715 6
2811 4851 1
583 3217 8
3087 4935 9
1464 3709 10
2299 3027 7
315 3647 1
1409 3220 7
1271 3801 8
771 1148 6
1915 4211 7
3043 4143 1
1413 3550 10
780 3934 1
3232 3740 6
4143 4172 2
3264 3899 8
167 2217 4
304 1078 9
2241 4371 10
27 413 5
647 2012 4
1734 3176 1
2813 3789 4
1746 2568 7
2459 3026 4
2271 3733 4
2445 4451 2
1874 3101 2
2737 4291 4
2690 4297 10
276 1013 10
1344 1966 1
853 1900 6
1657 3805 4
349 1634 1
2060 2903 6
1689 4993 8
220 4017 4
15 94 6
1754 2364 8
3516 4596 9
1263 3738 1
584 1707 8
214 1297 9
729 1270 9
807 1291 9
541 839 4
2829 3804 10
1789 3043 9
2197 2767 2
1586 2606 8
1909 4881 8
195 4674 3
2717 2993 7
225 861 3
895 3423 7
2522 3370 4
99 1119 3
3832 4158 1
267 1305 6
809 3080 8
3341 4908 3
601 982 4
810 4378 9
928 3088 5
2118 2514 2
363 3878 4
2138 3059 8
4240 4909 8
526 1631 8
7 153 5
2433 3778 10
103 4931 10
848 2046 10
786 3488 5
1984 3042 1
4579 4766 7
1530 3321 5
991 1527 1
962 4177 2
126 3094 6
696 751 7
2308 3353 10
1472 1864 10
2049 2587 3
1339 4545 2
482 4283 5
2607 2610 2
893 3543 4
2526 4081 10
467 887 10
1865 3075 7
410 1351 5
1813 4996 9
1381 4858 5
248 1998 8
2654 2880 5
414 2481 1
242 2995 7
643 793 6
3767 4592 10
294 502 2
1905 2039 10
1177 2888 6
1075 2889 5
4117 4654 6
10 4246 2
4297 4327 6
2961 4275 3
1191 2151 2
4400 4502 4
1483 3581 6
1176 3469 3
596 4042 9
349 3087 6
540 2749 3
2486 2814 10
50 455 10
2625 2839 5
513 3242 7
1552 2165 4
449 3454 10
696 3084 4
2837 3534 6
1539 2297 1
1805 4814 8
3295 3422 6
3999 4132 6
2629 4787 2
634 3504 9
1880 3483 1
2777 4528 1
1190 2553 2
4070 4764 7
1941 3774 3
1191 4493 5
345 4639 8
2210 3301 4
3178 4824 2
3360 4047 9
243 1328 7
3315 4585 9
213 2769 9
427 4197 1
1570 4506 7
4034 4383 5
3428 4456 3
2492 2659 3
1534 3619 6
1759 2332 6
393 798 7
832 3373 3
1096 4039 10
869 3497 8
3686 4630 10
371 4945 1
165 1942 2
1010 4534 6
3190 3710 9
2342 4981 2
309 4337 7
1689 3849 1
1632 2794 1
935 3021 2
798 3808 10
1607 3951 6
87 4915 2
2494 4114 2
1109 1936 1
963 3409 4
3411 4127 3
2021 4219 10
4211 4530 9
4342 4582 9
1348 3187 6
834 3194 5
140 4835 10
2398 3179 5
1969 4822 6
3242 3944 3
2291 3916 5
411 1897 9
1521 4153 1
3602 3693 3
2684 3438 6
889 3356 10
1212 1981 9
605 1451 8
1909 4294 4
814 1777 8
1450 2168 6
3815 4711 1
1570 4975 4
2168 4406 6
2485 3007 1
3022 3206 7
1943 2110 1
2857 4615 7
1339 2857 3
1870 4725 4
210 1688 10
529 2225 10
1894 3180 2
1380 1668 6
2348 2661 3
1479 2015 6
1675 1844 2
703 4773 5
491 1492 9
799 4790 2
3396 3567 4
1123 3528 7
2958 4700 1
1811 4080 3
3458 4904 10
1018 1870 6
254 1496 3
3122 4507 3
1049 1316 2
4277 4583 2
1119 2369 1
2174 2435 9
2914 3743 4
2229 2977 3
1647 1819 7
2361 2742 4
2472 3031 6
284 2277 4
4040 4946 4
635 2749 4
1366 3438 7
3493 4441 3
1303 3329 5
675 1293 5
69 1232 9
480 3972 5
212 2460 7
136 3627 5
1806 2738 8
379 1620 2
3361 4874 4
1041 4725 7
1971 2351 2
2283 3581 5
2393 2796 2
1173 2156 5
1628 4488 10
322 909 5
2325 3565 5
1226 3524 9
2740 4458 7
3760 4001 5
2099 2395 7
3240 4653 5
454 1065 7
948 2940 4
2615 3016 10
1275 4385 4
3259 4938 2
1328 2059 2
4076 4874 1
257 4598 7
2018 4796 10
1445 1763 9
195 2940 9
2876 3290 6
3834 4966 2
54 610 9
2032 2403 10
951 3683 5
1312 4393 8
2844 4704 1
300 4441 9
622 1173 10
32 1010 10
355 2480 4
2095 4575 3
3597 4048 2
2423 4100 7
2552 3623 9
3073 3678 9
1496 3254 2
2981 4568 3
1634 2222 7
2702 3090 7
2436 4679 10
2464 4197 6
3758 3800 8
2107 2726 9
1766 2159 5
1824 2900 5
760 2067 5
2228 2828 3
682 2298 8
2676 2729 1
2197 4796 9
2447 4488 8
1304 3182 3
4177 4992 5
1781 3808 9
1704 4560 10
957 2358 8
2575 3241 2
3532 3914 6
541 3535 5
1827 4753 4
1355 1433 1
2572 3600 1
655 4728 8
205 3338 2
3191 4694 1
1137 1885 6
619 3491 8
1078 4072 2
1995 3695 2
1086 2075 7
3388 4361 7
2226 3098 3
352 371 8
2562 4701 10
642 1023 4
1211 2743 5
42 3612 7
895 1010 3
815 867 2
1017 2287 1
1134 3105 6
333 524 1
1525 2298 3
2607 2990 5
148 3506 9
813 3151 5
1012 2452 6
1813 4114 1
2883 3765 9
160 3307 6
1085 1531 10
1215 4651 2
2033 2304 5
3730 4208 9
571 2835 8
477 4164 2
4214 4478 7
558 2350 10
1851 2458 6
1276 2804 2
1684 4002 4
1952 3339 9
1532 4608 1
71 3872 8
672 2394 6
1505 4539 7
496 1092 6
1103 2077 4
610 4198 6
633 1930 9
2882 2961 2
1973 2237 8
4628 4770 9
2478 4723 9
1028 3205 5
1130 1490 2
3198 4332 4
23 1958 3
1548 1894 8
3424 4077 3
165 2219 7
2076 2303 6
1673 2702 5
1836 4703 4
3336 3383 1
2316 3177 9
2080 4540 10
3588 4340 7
930 1684 9
706 3256 5
1742 1823 7
10 1872 4
1297 1646 2
258 4364 8
1872 3134 9
1335 4741 3
1316 2450 1
762 937 3
4217 4652 7
1574 4141 4
461 2200 3
3115 3392 9
2980 3142 7
3767 4763 9
3416 4264 9
889 1223 2
71 4556 8
4529 4755 5
169 2243 2
2341 4322 8
2071 3105 9
14 3664 8
2423 3273 9
389 4394 10
2237 4936 10
1656 4978 5
1049 3405 7
1026 2700 2
456 3625 10
2344 3662 9
2909 3903 8
488 3046 10
1430 2696 3
208 4300 10
1755 4602 3
552 1434 4
2308 2648 1
3650 4554 2
3491 4065 9
3253 4074 10
1209 3130 4
1794 4483 4
1024 4684 5
4151 4889 8
1307 1366 9
399 2075 2
303 767 1
665 2382 4
2554 3253 10
1539 2225 5
377 4635 4
225 1265 6
4210 4999 9
385 856 2
574 1097 2
2187 3546 4
2790 4297 8
2400 2925 7
794 3150 8
4203 4240 5
1187 1386 6
1017 2672 7
1521 2646 2
1858 2417 4
2327 3017 2
409 2573 5
7 3843 3
1450 2598 5
2963 3504 9
862 4320 6
1668 3750 5
1204 1810 6
1062 4871 8
509 4687 6
1295 3565 9
1879 4508 2
2152 2294 4
604 2787 8
192 2080 1
1978 3098 8
3451 3920 4
635 906 10
56 2794 8
131 2339 3
4896 4989 9
1449 4973 6
3316 3339 1
1557 2563 9
2796 3347 9
2392 2772 3
2765 2846 9
830 4297 1
3417 4798 1
966 4366 6
192 2012 2
23 4104 3
3679 4459 7
1654 2195 2
2759 4157 8
644 1051 10
1730 2629 7
858 4920 2
1029 4722 5
938 2134 8
1365 4559 7
946 1838 8
1121 2326 5
718 2117 1
1980 3822 10
2172 4303 10
1235 1243 1
2318 2860 2
852 1244 8
626 2452 3
832 2173 9
1681 4227 8
257 4466 7
70 2688 7
405 1233 5
2833 4917 9
2262 2364 7
979 1637 8
161 1599 10
843 3797 3
2108 2661 8
3573 4464 8
289 3885 9
1215 1275 1
1425 3573 3
1788 3632 5
801 812 1
1584 1760 3
50 1658 8
2334 2572 4
1004 1673 3
1177 2004 8
105 2512 3
2083 2341 4
1786 2033 8
211 2222 4
4524 4841 1
198 1167 7
1848 2912 2
3023 3760 6
989 1729 1
2365 4314 7
2209 2765 6
1554 3546 9
424 780 2
298 2934 2
142 3727 3
682 2885 10
4284 4575 4
2552 2736 6
2132 3821 1
2064 4382 3
2420 4605 1
1399 2581 10
415 1396 10
3226 3603 2
1500 4015 2
2931 3061 5
751 2892 2
156 4783 8
943 1062 7
2665 4882 7
1602 4432 2
2344 2598 6
326 1628 6
1986 4658 7
1770 3976 5
1942 2045 9
299 1796 3
1528 1781 7
2502 3175 6
2626 2690 3
2613 4768 9
172 1621 10
418 2483 5
3558 4543 9
438 4010 10
2330 4642 10
1403 4377 6
2504 4164 1
39 1065 8
365 1032 2
2757 4173 1
4026 4671 1
1808 2841 1
950 2763 4
1661 4840 6
1568 2798 3
2888 2960 9
4434 4498 3
3012 4187 2
4559 4855 2
3316 3684 8
1748 4691 4
916 2699 1
2755 3031 3
751 4625 2
1972 2912 7
1480 4929 7
47 1557 10
18 2502 1
4248 4988 9
39 2471 10
4818 4981 3
389 2639 3
4226 4250 9
1212 4278 3
1328 1934 10
406 1273 8
2734 3213 9
3068 4151 2
1816 3931 3
579 775 10
1474 2131 6
2189 4199 6
1419 3960 7
2238 2792 10
857 3612 9
1062 2052 9
3239 3313 1
25 3701 4
1506 2782 7
181 3708 8
1593 2873 5
164 386 6
390 1230 5
585 4506 9
2962 3872 4
388 2111 10
2181 3548 4
1557 3230 9
3460 4613 8
922 3117 7
2585 4096 7
195 297 1
810 1600 10
965 4977 1
4083 4915 3
171 923 8
593 4801 10
924 2461 10
284 3520 9
150 1372 6
848 2343 3
2683 4023 1
651 3463 9
3101 3644 3
2120 3113 2
1798 4710 6
930 4230 6
945 1299 2
3789 4107 4
1861 4352 5
106 379 6
872 2938 7
3659 4966 3
1896 3416 9
1197 1384 1
294 4403 5
1626 1715 1
783 2651 6
1427 2712 6
470 4033 6
3404 4152 7
315 3539 3
1533 2791 8
4512 4989 10
657 3803 7
204 995 7
184 3288 4
1182 4296 5
648 2255 10
3443 3715 2
777 4559 7
1592 3920 5
552 4429 4
4217 4909 1
2389 3255 4
806 4795 1
3560 4900 3
904 2543 1
3372 3628 5
541 4125 1
556 2116 2
921 1020 2
443 1647 2
989 3482 2
60 1276 1
3245 3871 3
2678 3969 8
2909 3400 3
2106 3841 10
1079 2088 1
958 2490 2
1497 2868 9
1225 3908 3
1100 2400 9
1907 2315 5
247 963 4
575 4838 7
418 1103 7
2666 3257 7
4046 4391 2
1324 3793 10
1367 3558 6
733 2977 6
1116 1243 6
593 2967 1
164 915 1
1097 4353 6
1657 1848 5
2744 3349 2
2437 3814 1
2011 3108 5
2092 4246 3
134 3705 9
1952 2462 5
483 2101 8
3342 3533 6
876 2541 6
4357 4630 6
1602 3458 1
1921 4841 1
4324 4568 2
619 2629 5
808 2866 9
1718 4951 6
1815 2668 9
709 2066 7
2289 2821 8
411 992 10
708 2627 3
368 1988 10
57 3694 4
606 1572 6
3518 4214 7
849 2103 6
3791 4447 4
96 229 6
2179 4482 3
176 797 1
1141 1863 9
1391 3108 2
1502 1886 5
529 2963 4
1615 4709 10
2570 3605 4
4482 4548 3
692 1939 9
1863 3655 9
2266 4939 8
1724 4344 2
1765 4824 8
1017 1955 5
390 3216 2
1419 1991 7
1256 3311 1
184 2489 4
3264 3398 8
1484 1490 5
1947 3247 6
188 1145 8
3284 4372 9
1192 1551 8
1530 3566 2
2884 4847 2
678 1182 2
895 4239 1
651 3418 1
285 4092 2
1460 2560 10
1923 2090 9
2299 4877 7
782 2604 5
2368 4904 3
989 4907 8
1573 2672 4
3664 4368 3
210 1365 7
1480 2012 9
2617 3385 2
2585 4610 1
2456 4908 2
3516 3875 5
1086 4372 8
1995 4147 2
2572 4238 6
1183 4307 1
2022 4788 7
1142 1605 7
3190 4356 6
100 938 8
1882 2346 1
1633 4513 7
2761 3896 1
525 698 1
1658 4435 8
2276 3044 10
1240 4356 5
3454 3546 10
2708 2738 2
1749 4209 9
91 3679 5
2370 2736 6
2839 2857 7
287 4766 6
2211 4555 7
628 3301 4
2160 2524 2
1909 4662 3
638 2255 3
207 330 2
2171 2794 1
2022 3668 5
2006 4667 9
459 953 10
284 1878 2
2192 4282 5
515 4852 4
1622 4264 2
694 1077 9
904 906 10
2764 4939 7
132 1504 10
5 984 4
2339 3842 8
240 1109 5
1474 1876 3
3259 4920 7
2193 2388 6
2267 4952 6
299 4705 9
2704 4808 1
1868 3857 7
1307 4853 3
4799 4922 6
4265 4844 5
274 2331 10
1866 2940 7
2601 4958 5
1286 4037 6
3280 3363 2
718 4407 3
400 1142 4
1833 2465 7
2280 4009 1
1311 1629 7
3516 4470 7
1000 3300 7
2639 4913 3
1103 1275 3
878 2535 7
1495 4080 6
1689 1693 8
3489 4981 6
604 1347 7
521 2100 10
1659 2556 2
1452 1714 10
1221 2240 5
109 733 9
3064 4426 1
1774 3968 8
2635 3478 6
1765 2114 7
3425 4142 6
216 2206 9
3178 4226 1
408 1150 10
1841 2711 3
819 4725 7
2170 3913 7
2922 3086 3
2858 3472 3
3447 3850 2
4544 4795 5
114 765 6
1028 1628 4
632 1293 9
2755 2903 2
1157 4260 10
40 762 6
1887 3087 10
1421 4155 3
288 2866 6
1416 4550 4
1011 3660 10
2948 3748 4
4326 4582 3
216 3951 3
3141 4509 7
357 829 8
2609 4673 7
800 3599 3
1067 2069 6
145 1910 9
607 1344 2
445 2766 1
259 4785 9
822 4404 3
2084 4976 2
6 547 4
1255 4917 4
319 1541 9
492 2128 4
516 2644 1
1557 4293 8
354 3932 2
951 4438 10
1847 3289 5
661 3910 9
327 4012 9
4437 4581 5
2878 3679 8
1567 1667 10
984 1957 4
1842 4694 8
54 317 7
1271 2275 6
468 2641 5
3751 4147 7
2203 3898 2
3239 3899 5
684 1932 6
254 940 8
1868 4937 7
151 2473 8
2394 4157 9
3578 4361 10
1892 4710 10
934 2460 5
1128 2820 5
1022 4105 6
1999 3871 10
2964 3782 5
977 1571 3
4194 4485 1
133 1830 6
230 2176 6
421 3852 3
1719 3357 1
242 3366 7
1754 3559 5
1339 2987 7
1871 4910 6
439 3628 2
115 4002 3
1806 4033 10
1084 2704 3
2148 4167 7
118 704 7
3876 4316 9
1080 1429 8
735 2724 6
1051 2027 3
154 2282 5
2772 3375 9
852 3728 8
1576 2734 1
1722 1894 6
1330 3287 1
655 3868 7
65 3030 2
2231 3466 7
934 4745 5
709 3969 10
1034 2632 5
2849 4406 4
1005 2732 4
4819 4970 5
1690 3156 9
2077 2639 10
377 3915 9
1332 1604 2
737 2490 5
92 494 8
2191 3692 5
1170 1481 7
2266 4111 2
275 1849 1
3025 3124 5
2609 4823 4
837 1040 4
1293 2413 6
947 3518 6
1420 4402 3
266 1213 8
1952 2073 9
412 1866 1
3415 3627 2
2216 4034 6
214 1813 2
833 1034 5
529 4373 4
1188 2073 7
1839 4987 9
2153 4747 9
1581 3486 2
87 1733 9
1047 3810 9
949 3500 6
349 3945 7
112 586 2
3905 4116 4
482 1242 5
1335 2259 6
1008 2644 6
3888 4047 6
2065 4075 6
247 1367 8
2205 3975 7
424 3452 2
2813 4237 1
2453 3276 2
1591 4518 1
477 691 2
1598 3221 7
378 1310 3
3416 4578 5
240 3044 3
348 941 4
587 2998 6
3498 4793 2
2672 4879 2
1151 3288 10
2445 4367 4
171 1407 9
3508 4401 2
2240 2374 1
2995 4970 4
4172 4875 6
1307 1517 9
4185 4856 10
120 1388 10
1986 4528 2
457 901 3
813 4048 9
1282 3681 1
1656 2682 4
401 460 8
1581 1819 8
1531 3799 6
2435 2444 4
2231 4008 1
3965 4671 4
2126 2233 9
579 4757 1
798 4366 10
4720 4780 8
1192 1199 7
459 4702 5
1239 3479 10
1438 2783 5
1695 3585 3
731 3664 6
1678 2342 8
1171 3643 7
2064 3940 9
1306 4525 7
1355 4001 7
1574 1871 8
579 3168 7
638 3270 1
1246 2766 4
1081 1222 8
673 3473 8
1052 1906 2
557 1633 7
1476 4052 4
1370 2899 1
4308 4450 10
691 4082 3
3673 4709 3
960 3898 5
455 1859 4
1648 4702 8
1363 1648 3
3187 3895 1
618 3170 5
3966 4998 4
620 4312 9
2680 4342 1
3767 4614 4
490 2727 4
2503 3947 4
240 3568 3
1942 2834 9
139 1048 7
806 2307 10
613 2689 4
111 2805 1
4860 4938 8
236 1045 9
617 2244 8
1944 3203 8
722 4692 4
1014 2887 7
1116 4946 4
102 1847 7
976 1230 7
3022 4629 4
3322 4325 10
1834 4271 7
741 4098 7
112 496 6
2000 4859 9
1486 2024 2
3364 4972 4
841 4614 3
2650 4990 5
3333 4157 8
4315 4591 2
1950 3229 9
1744 4154 5
4032 4829 7
635 4399 7
2360 2560 7
1339 3958 1
168 1898 10
204 503 9
2967 3591 4
626 3353 2
216 3001 5
592 4341 9
2456 2801 1
3680 3756 8
545 1147 4
879 1830 5
1327 2665 1
1072 2343 3
1562 4566 4
1539 4618 8
1996 4196 10
1606 4074 5
592 4624 1
273 1784 2
2675 3490 1
1808 1993 5
3909 4106 2
1177 4200 9
2968 3094 8
2907 4798 9
1 3854 9
1230 2033 5
1058 2629 4
1244 3523 8
913 1919 2
3303 3504 6
265 2058 10
1838 4560 10
34 2508 2
4624 4983 5
3570 4105 7
1248 1396 2
2492 3865 2
1273 3113 9
1342 4957 2
3057 4325 2
537 1285 5
1526 4659 2
3144 4002 7
3132 4742 2
1517 2072 4
2110 2229 2
148 1168 2
655 3789 3
556 2016 6
2357 4766 6
1068 3529 9
2608 3572 5
1034 3320 9
2289 4714 6
1993 2563 4
449 2316 4
363 1407 10
11 543 2
1916 2661 7
852 4715 5
1920 4971 8
1900 3184 7
533 2020 2
446 538 1
62 1312 8
3381 4797 1
3486 4983 7
1292 4367 3
1226 1854 10
2550 3488 1
620 2877 1
1585 2404 9
1093 1206 1
1442 4480 3
1913 2404 7
448 3504 1
721 2699 6
4129 4194 7
834 3281 6
2559 2723 1
1622 2522 5
986 4964 7
1712 2355 2
2120 3245 1
581 3135 2
2404 4456 3
1882 3172 5
1672 2792 4
1452 3561 5
2180 4921 3
310 707 6
2011 2332 2
305 520 6
1195 2328 10
836 1610 5
3333 4880 10
86 3084 7
2368 3682 10
348 2390 8
699 2334 6
327 1565 1
660 3236 9
1782 4061 10
970 1487 5
363 4575 3
360 380 9
1070 1689 1
1418 3341 1
2720 4821 9
2042 3803 9
1241 3226 4
3852 4279 8
971 4525 5
174 2841 9
676 4822 10
586 2465 1
681 2978 1
3288 3300 6
4449 4842 2
372 1591 9
3591 4587 8
1484 4181 5
85 1930 9
628 1413 2
2568 4482 6
3847 4333 10
124 1719 9
3022 4432 6
2424 3683 3
846 2744 4
1033 1447 3
1582 4758 7
919 1598 9
1102 2643 4
3449 4215 1
1297 4685 10
3889 3992 3
2700 2922 8
1527 2855 6
1626 4493 2
878 2427 5
1356 4678 5
131 2439 9
2038 4354 7
758 4832 8
2617 4449 7
508 4896 9
3717 4210 7
842 3009 1
2140 2901 9
399 1022 4
492 4761 2
2007 2648 1
2733 4647 9
1622 1837 1
2537 4059 7
59 562 9
1386 4334 10
1425 1574 5
2567 3035 3
124 4270 10
1056 4111 6
4226 4494 7
618 4066 4
395 2556 7
189 1786 5
142 564 6
817 3928 10
1755 3549 3
2332 3291 7
580 1774 4
1169 1913 8
1906 3262 3
1707 1917 4
2373 3131 1
29 2658 8
860 1860 8
1816 3420 8
271 2976 2
1273 2166 2
202 4247 8
1188 3264 9
3745 4801 2
3838 4712 9
1169 3773 4
102 4963 3
1164 1330 5
176 1066 5
2942 4685 9
2900 4354 4
995 3434 6
496 4354 5
3190 4454 8
195 4936 5
575 1019 3
510 3116 8
2127 4999 1
1610 4514 10
3666 4301 2
1621 3679 5
839 2650 1
1793 3457 7
2775 4487 9
216 3541 7
1573 2581 5
1096 3937 7
212 4699 9
1541 4470 5
3527 4921 8
136 2889 2
1923 4520 5
1895 1975 4
1848 1942 8
890 4541 9
1561 1930 1
1680 2454 6
2253 3848 9
279 1862 8
2026 4420 8
1903 3760 9
2053 4207 8
1802 4396 6
1016 2737 10
2950 3663 3
1394 4578 4
3573 4872 7
3099 3859 8
1905 4884 7
209 4267 1
77 4795 4
2470 4626 2
3566 3783 6
1481 1570 1
875 1506 8
896 4511 4
2416 4138 9
2510 2576 1
463 4054 10
1642 4900 5
3970 4535 7
1778 3498 4
1556 3294 9
301 4525 9
822 828 7
572 2366 3
799 1160 5
425 1607 7
3657 3781 4
2757 4008 4
1367 4044 4
754 4841 7
252 2899 7
1514 4767 8
2370 3047 2
101 3594 2
554 2049 7
2432 4161 10
1829 4381 3
218 2242 1
2325 2464 3
434 3336 9
1485 2093 1
92 1369 4
3110 3321 9
1260 2144 9
1591 3913 5
4066 4747 5
3544 4488 3
1366 3528 9
2481 2762 5
732 1136 9
887 4493 4
2417 2716 10
834 2670 5
1324 3159 1
3470 4341 10
1013 2352 9
452 2019 3
710 4955 5
438 3127 6
448 4453 9
815 2537 2
470 2704 3
1303 2144 7
2157 4091 7
2324 3826 4
303 2476 8
2740 3784 3
1412 2415 10
1395 4282 8
36 2055 10
1306 4465 1
168 2942 3
3216 4458 10
24 2895 10
1738 3335 8
4097 4207 1
804 3984 2
702 1756 1
1241 2111 8
2652 2725 3
2692 4367 2
223 3396 9
829 3540 7
1549 2110 3
816 2643 10
654 2727 10
695 1914 3
1383 3959 4
3228 4473 3
82 453 4
3729 4275 10
615 2200 10
2415 4871 3
2337 3031 3
964 2862 1
330 2032 7
709 2841 10
2528 3799 1
491 4119 2
1103 4690 2
943 3757 3
2217 3884 8
125 4745 2
1053 1652 4
1219 3053 6
278 4925 7
1231 1562 6
220 3384 9
2075 4469 2
242 3490 7
3476 4493 4
4140 4154 6
2016 2870 9
1653 2516 5
401 2568 5
485 4808 3
1363 2894 6
567 2947 3
970 3394 6
2171 3541 4
1415 4721 6
1011 3028 3
421 4421 2
2152 4457 3
758 4454 7
690 1157 5
2983 3871 4
1931 4923 7
195 3181 4
52 4255 5
759 2627 9
659 2057 4
1296 2054 6
217 2471 4
1238 1817 2
696 867 9
887 2974 6
1380 2463 6
3064 4649 4
208 986 6
3319 3837 8
2597 3152 10
1157 4334 7
2125 4225 7
5 318 8
2635 3980 10
1290 4380 5
1829 3144 4
2952 4172 9
2795 4262 3
3039 4814 8
3612 4803 6
3786 4248 2
3153 3378 5
884 3739 7
160 4869 5
2741 3534 9
289 3876 6
4057 4729 3
2455 3839 3
315 2216 10
572 2371 7
1374 1696 6
285 567 8
4022 4983 5
2257 2980 5
621 1592 7
3210 4818 10
76 764 6
1518 4731 3
1180 1186 3
1730 1846 9
1455 3836 10
275 1568 5
3144 3176 9
685 4234 10
1672 2003 2
1199 4045 6
1734 1819 6
2314 3071 6
1883 4773 5
556 1523 5
665 2503 4
1209 4802 6
1168 2717 6
1597 3431 9
121 1037 10
68 4565 7
729 2407 7
644 699 10
368 1414 9
1962 2103 4
126 691 5
4244 4299 10
1239 2778 9
1178 3916 1
2071 3242 8
56 1735 9
570 2197 4
802 2066 4
3072 3666 9
1739 2145 8
2520 4611 3
2084 2794 4
3589 4894 9
2878 2971 10
3180 4415 7
1548 1834 10
250 4295 4
180 620 5
768 4771 10
236 2159 2
1097 3698 3
2670 4621 3
1207 2386 2
2170 3014 5
178 661 10
572 4232 10
2688 2910 8
1398 1565 4
1067 4279 4
1823 4549 5
2959 3151 9
1701 4726 8
2025 4905 5
245 4042 1
1250 4938 7
255 2522 3
1926 3362 5
1373 4524 8
1089 4208 9
630 2210 2
1837 2152 10
488 528 3
567 2571 8
1094 1863 5
90 1389 3
1028 1779 2
1969 2896 2
3673 4621 8
1280 4017 10
1308 3165 1
2112 2368 7
1267 2660 8
4115 4806 5
3095 4805 8
2024 2742 10
866 3363 5
2780 4532 5
813 3602 3
919 3438 1
2539 2654 10
134 1936 4
1350 4104 10
436 1850 8
953 4366 6
2005 2883 6
1193 1721 9
264 505 5
84 142 10
432 3960 3
1962 3057 5
133 1429 6
2264 4168 8
4290 4532 3
1178 4899 6
2292 4109 10
333 2292 7
3489 4264 6
1246 1718 8
3881 3958 1
611 2924 5
255 2105 6
624 1314 6
1731 4421 9
3468 4011 3
1475 2502 10
80 3956 5
913 2461 3
2274 2517 9
1384 3748 10
1857 2858 7
4929 4944 6
487 3871 2
244 1901 7
4217 4458 4
2569 4349 8
3075 4864 4
1242 2116 1
357 3646 5
1794 2797 6
4300 4680 9
974 3510 4
4094 4185 3
3271 4422 7
2989 4170 7
3079 3700 9
382 1189 7
2230 2560 3
2118 4404 4
2971 3678 4
1983 4055 10
280 988 3
1591 3011 2
1787 3998 8
1005 1563 9
1834 3647 6
2811 4095 10
215 1395 9
3160 3821 3
2164 4982 9
3187 4458 8
146 203 10
2040 2105 3
410 2832 8
3632 4153 10
1179 4159 6
678 2822 7
1598 3886 3
595 2740 4
1949 2664 3
725 2413 1
1087 1911 4
145 2153 4
1674 2535 8
370 1408 9
2428 4185 8
2007 3411 7
4174 4726 10
286 1327 6
34 2015 9
454 4230 2
962 1117 2
2685 4398 5
511 3618 2
1037 1983 5
284 941 1
223 4005 3
317 677 10
3580 4051 3
3283 4188 9
363 4531 1
408 4321 3
1829 4916 8
1647 4043 4
185 607 3
244 2309 4
3571 4640 8
218 2879 8
1100 2013 7
540 2687 8
813 3543 6
1500 1727 6
4396 4459 2
2584 3512 2
1627 3376 1
933 2427 6
1878 2158 4
1063 2704 10
2855 4252 3
4074 4991 3
1567 2768 10
2674 4006 2
2345 4666 3
2151 3645 5
763 1113 5
891 4801 2
1091 1870 6
248 771 7
4 4425 9
1864 3582 10
2100 2851 2
454 2271 2
1428 2994 5
201 402 1
4023 4211 4
1235 3257 2
1678 2860 8
1472 2486 9
31 4375 8
3853 4162 8
2908 2975 4
3999 4450 4
1838 3581 8
698 3064 3
1189 1988 10
3131 3382 10
4440 4582 4
347 1990 5
508 3787 3
1862 2503 9
3820 4172 7
1851 3752 10
886 3870 4
2037 4376 5
786 3657 3
1840 3319 7
570 1342 7
2040 2416 3
3145 3708 2
3756 4353 9
698 707 2
891 2152 2
300 2126 7
2417 2893 5
125 4506 3
818 2118 3
2291 2444 2
1508 2494 6
2390 4752 4
1528 3536 1
739 3730 6
977 1779 10
2602 3294 1
1048 1557 3
164 2878 9
1033 2049 4
1374 2476 9
883 3530 6
1586 1802 1
743 2479 7
3672 3842 7
3962 4413 4
771 4639 9
602 1312 4
2589 4862 3
2132 2139 6
545 3935 2
566 4178 10
442 3432 9
1591 2620 5
1130 4177 3
576 3774 6
1778 2328 8
2685 3908 1
1757 3963 9
1302 1844 9
1723 4116 4
1499 4767 6
2079 4523 2
3006 4606 3
1866 1985 4
1837 4706 8
2606 3238 6
666 2068 5
530 4127 4
631 1195 3
1173 1373 5
3796 4238 8
736 1992 2
1108 3070 7
25 374 8
4190 4510 1
88 3212 1
44 3247 5
4263 4538 7
995 2617 2
641 4930 10
725 2850 9
1776 2189 2
257 3943 3
2351 4503 5
609 3436 1
192 1466 2
420 2324 10
358 1311 3
2189 3708 10
783 1818 4
1370 2854 4
399 2617 2
513 533 4
3006 3283 8
1822 3037 6
3919 3948 10
1764 2064 2
2723 4815 4
422 2481 6
1495 3431 5
1464 3926 6
1302 2821 3
1730 3272 4
4153 4308 4
546 2174 4
3219 4535 6
3613 4529 8
485 4801 6
1487 4885 6
543 3093 5
1845 4543 10
798 1031 7
527 3573 7
2482 4894 4
2536 4550 1
1668 2307 1
2687 4584 8
891 3222 5
3065 3834 2
1528 2424 8
621 4358 6
209 3892 2
1665 3783 3
1021 1363 8
2152 4182 4
1320 1500 10
1898 3988 6
436 4368 9
23 1550 1
1416 4247 7
2466 2965 3
520 1358 5
933 1940 10
859 905 6
2725 4863 8
2577 4534 4
605 4411 1
287 2834 9
1930 4592 10
1818 2165 10
1996 4867 4
744 1748 1
1482 1661 7
1195 2391 1
443 476 1
754 3401 6
3725 4918 4
1324 4448 3
432 3759 10
604 1845 1
1655 3215 2
1016 2206 9
2303 4157 1
2288 4371 8
2721 3218 3
3039 4544 7
2664 4441 6
1168 3926 2
1017 3733 2
467 3837 2
856 4412 1
3614 3749 1
1909 3415 1
2519 3892 10
388 3223 2
2150 3346 10
3034 4195 7
1153 2078 7
391 4874 6
341 2534 2
3242 3950 6
1952 1978 2
685 1393 7
1233 3817 1
62 1793 6
53 1098 2
3207 3424 2
604 1312 7
2647 4302 3
963 2002 4
1859 4085 3
1826 3952 8
388 1629 7
1033 1978 3
2684 3436 7
1408 3573 8
3129 3455 8
1154 1822 4
2089 4847 4
79 189 3
462 3956 6
3316 4568 2
578 3511 2
4749 4905 4
502 1002 8
130 2241 3
241 1996 1
627 2888 9
177 4637 3
1349 2440 7
1295 3901 7
708 3181 7
2703 4712 1
15 4292 4
1723 4597 6
4429 4824 7
289 4121 7
64 3263 1
2215 3614 3
2136 2708 6
90 3908 5
361 4399 1
150 2738 6
2607 2709 2
1796 4657 4
1845 2417 1
2179 4458 2
1785 4624 8
1726 3762 1
1047 2056 10
1491 2134 3
1388 3987 7
85 3381 4
733 2590 2
1255 2324 10
2548 3036 8
80 1187 3
305 718 3
107 268 7
1514 3005 1
323 1517 3
988 2181 4
1745 1782 6
3143 4761 7
2720 3418 3
25 2764 10
1791 4095 1
3796 4656 6
356 1255 8
2129 4736 8
3658 4205 9
887 4500 7
2415 2743 10
1271 2050 3
939 4203 7
990 2321 1
1027 2029 2
1967 3904 8
280 3028 1
717 3067 2
2050 2079 2
477 3290 1
190 2313 3
115 1667 7
1145 3238 1
3344 4700 6
1164 1270 3
500 3107 9
2478 3878 2
762 1893 5
2381 4259 2
1970 2875 10
3604 4574 10
694 4621 2
3949 4792 8
4938 4993 3
3413 3962 4
817 1950 5
1111 1256 4
1678 4818 6
2928 4168 8
989 1640 10
569 1814 5
2736 3665 8
1389 3319 5
410 579 6
2032 3324 8
1756 1823 1
666 1563 7
3009 4444 9
2140 3423 7
3182 4404 10
492 1873 2
2768 4879 10
1298 2357 5
342 1012 10
2532 4963 4
4244 4250 5
1073 1878 3
92 2587 5
126 2925 8
398 1805 4
2930 4781 8
1735 2356 8
771 4610 2
728 2554 4
833 4314 4
293 2323 3
189 4401 1
2338 4406 6
3206 3910 8
3476 3629 1
350 3603 2
2703 3875 10
1156 4872 6
546 3459 9
2579 4957 9
1520 3772 3
2608 3866 8
751 4057 9
708 3198 1
433 3913 8
2677 3849 7
753 1341 6
4096 4868 6
100 3042 7
748 1184 5
95 4573 6
3642 4475 5
1312 2227 3
2158 3955 2
2212 3873 4
2307 3077 6
1172 4151 8
3190 4072 6
495 1235 1
1061 1779 6
933 2683 9
390 3125 2
814 1594 8
4369 4719 1
1171 2846 10
56 1186 5
1541 2330 9
1678 4737 3
1109 4909 5
500 2467 3
3105 3320 2
317 4895 8
1268 1516 7
2612 3051 9
1072 3950 5
1106 3597 10
2381 4151 6
276 2636 5
1161 3069 2
38 1031 6
2376 2533 10
2774 4701 5
2126 2900 7
2625 4006 7
211 4782 3
1419 2854 8
413 2109 2
2054 2639 6
939 4684 10
1528 2198 3
715 855 10
1864 4763 7
215 596 2
1334 3575 6
1881 3211 4
1488 1828 3
138 1696 10
3678 4712 5
3068 4509 2
1512 4505 6
473 1266 4
3319 3808 2
2995 3760 2
3562 4115 6
2782 4114 9
1465 3387 7
110 934 4
3199 4182 2
791 2230 3
2045 4783 10
2488 3386 7
2763 4205 7
2602 4650 2
1718 2936 2
2979 4858 3
669 3896 1
3066 4024 5
893 2576 10
1479 1935 2
2599 4159 7
4720 4942 5
74 2985 7
1025 2426 3
1262 2697 1
3004 4312 6
190 1657 1
108 3445 9
2871 4067 6
134 4190 4
319 1101 1
1301 1956 6
2763 4284 5
3574 4448 9
2279 4918 5
179 642 5
718 3070 10
269 3742 8
982 3050 5
362 3137 8
2762 3081 1
317 4381 6
56 4993 10
1153 3694 7
3963 4362 9
1265 4467 10
222 2910 4
1692 3386 8
3174 4185 7
2732 3119 6
1933 2571 1
879 4178 8
2518 2690 2
594 1360 2
1494 1723 10
2533 4552 4
3310 4350 5
1777 4522 1
2240 3211 9
1081 3402 10
3082 3842 4
1058 1347 4
2087 4711 1
420 2714 3
1657 4441 4
1353 4674 5
3013 4147 2
1919 2933 1
3262 4212 3
1787 3288 10
2958 4461 8
1673 1746 10
2726 4643 3
998 2713 1
2182 2554 7
3027 4212 6
3696 4790 7
7 11 1
814 3752 9
115 3479 3
3022 3577 2
92 4091 5
1546 4693 3
622 2460 6
1418 1693 8
2696 2801 5
3406 4040 4
2312 3672 9
954 3510 10
3729 4615 9
1314 4751 2
2410 3188 1
3459 3460 1
1805 2072 8
925 982 3
490 4349 4
2728 4249 8
3452 4718 3
3098 4358 6
1742 4910 10
114 1996 2
2630 4208 10
2901 3320 4
1815 2749 4
497 4887 8
218 2167 5
2005 4643 8
848 2626 8
1381 2787 6
3433 3680 8
4330 4344 3
374 3126 1
867 3607 3
1630 4079 4
976 4092 8
2704 4755 4
4209 4939 7
996 1408 6
200 1322 6
441 3090 6
2410 4842 8
3378 3609 3
4328 4463 3
1195 3834 8
321 3627 4
1454 4113 1
2451 4746 2
255 1782 9
275 521 4
1973 2846 2
718 872 10
1679 3906 8
645 3804 10
1943 3670 4
1864 3383 3
1612 2258 6
3107 4116 8
3328 4905 7
2215 3019 7
894 4651 9
2428 2505 3
132 2460 3
3934 4933 1
2832 4715 2
3446 3644 8
1616 3157 8
2555 3516 5
526 1428 6
694 4682 9
370 1745 5
243 4667 6
1715 1892 5
1223 3290 2
11 2008 3
2928 3336 10
1258 3445 1
137 1042 6
132 3275 10
732 2140 9
3580 4684 2
1196 1920 4
46 4248 2
998 1827 10
1963 2860 9
1554 3600 3
715 3878 9
364 2628 9
4051 4718 1
1095 1967 4
923 4099 1
2866 3442 8
2446 3404 5
2879 4677 8
962 2860 8
1635 4980 2
894 3624 5
806 1423 5
118 3553 5
742 1648 8
217 1688 10
1835 3695 7
1791 3624 2
2499 3174 6
808 2460 10
6 1945 8
662 4988 10
3341 4764 3
1487 1628 6
919 4775 1
961 4167 2
1866 4805 6
1408 4448 4
920 2488 9
509 1821 7
4383 4802 8
2538 4865 5
1981 3516 1
1789 4202 1
61 957 8
3360 3740 9
562 4732 7
75 1095 2
960 3953 7
2164 4586 2
237 1952 7
221 3136 8
3925 4761 10
584 1951 8
773 1441 3
1640 3242 8
979 3721 1
1264 4022 6
2482 3705 8
821 3520 6
138 3729 1
382 4685 3
615 1422 7
1349 3921 1
553 1451 7
1371 1727 4
715 2231 6
878 2761 2
3934 4389 3
4196 4521 2
1506 1943 2
2476 3445 1
285 402 6
1540 3625 6
1165 1730 7
213 3693 3
872 4233 1
726 3708 1
1653 1962 5
360 987 10
631 1376 5
1092 2152 10
4299 4758 9
543 619 1
3360 4408 7
537 1819 9
2634 4481 1
4065 4775 3
3042 4852 8
628 4942 3
1192 4945 8
1634 2253 1
3246 3295 1
1965 4461 5
250 282 4
659 3870 9
819 4054 7
998 3055 2
1475 2527 6
2964 3004 10
2206 2874 2
808 2047 7
2943 4823 9
1264 2673 10
1246 1932 9
219 1299 6
2114 4330 10
1973 2252 4
4362 4743 5
779 1500 9
119 4816 3
2314 2560 10
676 2545 1
319 2119 5
1438 3625 5
486 2979 2
1110 4576 2
362 4340 4
2929 4147 8
1012 3451 7
2135 2799 6
2882 3755 8
2393 4086 8
520 943 2
1114 2156 1
2013 4325 8
754 4209 1
1147 3342 1
163 3756 4
1963 3287 4
545 3827 5
634 3598 8
158 1572 1
1268 2345 8
294 2897 7
174 4637 9
3541 4886 5
896 4383 8
1083 4227 6
907 3272 10
3432 4888 8
3266 4379 4
54 3954 2
238 1553 8
893 1449 3
965 1502 8
72 4256 6
21 3882 4
1374 3273 5
2600 3101 10
1390 2531 4
336 4984 1
978 2561 2
1397 4233 7
994 1761 9
228 1037 9
1630 2296 3
2126 3772 8
205 4868 5
2285 4114 8
3712 4093 5
235 1223 7
1446 3730 1
3256 3639 5
2406 2641 8
582 1250 5
581 2656 7
458 630 4
519 1282 6
119 2871 6
2137 3742 2
1207 3819 10
189 929 8
117 4527 10
2270 2764 4
373 2485 9
3019 3196 9
2877 2925 7
2689 2818 4
1296 2773 6
2889 3643 10
142 675 7
169 4914 8
2426 3809 10
1457 3661 2
960 3607 5
41 1076 7
2323 3748 4
347 1724 7
705 3763 3
1571 4646 1
3226 4537 7
4258 4540 9
1695 3389 9
201 2940 1
2445 4002 7
2689 3878 7
950 3347 10
67 1956 1
28 3769 6
3338 4554 7
1740 2096 6
1868 2738 7
1307 4664 6
79 548 4
135 1053 9
630 1118 2
543 1245 2
699 3520 1
2007 2245 6
4275 4661 8
1948 4863 1
3238 4830 2
469 1077 6
3229 3677 1
1124 3324 5
2573 4872 10
4318 4944 10
2126 2271 1
1228 1990 6
392 2238 4
2077 4202 5
1974 2915 3
1659 4610 2
3025 4822 1
1136 3970 4
1080 1670 1
3404 3851 1
3946 4176 8
483 571 8
2955 4626 10
1950 4975 6
294 3526 4
1028 4237 2
487 4140 9
312 1098 1
1895 2842 8
2963 4866 6
3783 4622 8
293 2181 10
138 2045 10
2573 3621 9
492 604 3
4246 4842 5
2581 3074 9
185 1838 3
2982 3894 1
2732 2954 4
815 4475 4
361 4508 10
2706 3330 6
1985 2702 10
3094 3359 6
690 4744 4
3917 4277 7
1176 3613 6
2061 4678 2
2214 2621 2
3341 4140 7
646 4833 8
2478 3828 7
4278 4978 9
3076 3781 1
2631 4775 1
1567 2132 4
858 4275 2
1391 1601 7
423 1029 9
2680 2877 8
2317 3833 6
871 2929 7
2422 4881 10
881 3124 3
485 1620 8
2269 2342 9
1357 3297 1
974 2335 5
3417 3465 5
789 2302 3
916 4947 2
671 1439 7
290 584 1
798 4820 4
2683 3270 2
1284 1703 8
40 958 8
527 2691 10
2080 4298 4
1101 2611 5
200 647 5
1425 1605 9
1615 4775 9
763 3937 8
1110 3209 8
311 2625 4
2051 3079 10
1747 2955 2
277 2050 2
2992 3827 7
240 3386 5
2006 4027 3
710 3596 5
386 3552 2
3928 4377 8
973 2903 2
6 1799 8
3549 4162 10
511 1396 9
366 3818 1
2037 4125 8
1677 3651 5
161 912 7
51 4906 9
1531 4572 4
339 1298 4
1746 3157 6
1607 3762 6
395 2584 4
13 1574 5
2042 3844 1
721 4349 6
1144 2285 10
2306 4468 4
2701 4352 9
3015 4171 6
327 2276 2
1236 2744 5
2998 4937 8
1763 3699 5
501 1804 2
354 2321 2
2449 4267 8
513 586 3
387 2698 6
1251 1418 5
199 3571 7
3448 3461 7
2551 3051 4
796 2281 9
3787 3949 7
941 1944 8
3835 4330 8
3125 3610 10
440 2694 1
1430 4221 10
1227 4182 1
1384 4046 5
38 107 1
1197 1368 4
4824 4826 2
871 3501 3
1177 3862 8
347 1530 3
23 2271 7
2626 2998 6
4137 4507 1
4763 4872 6
3212 4447 3
2993 4602 7
3227 3388 6
488 2189 7
1248 1914 9
516 2758 7
4400 4753 5
656 2030 1
414 3363 5
1164 1589 1
2897 4271 5
258 1557 4
3296 3691 4
1923 4844 9
527 918 4
1630 2688 3
2989 3082 8
1989 4622 7
786 3794 5
797 4433 9
161 3362 9
1416 4135 3
81 926 9
375 1858 1
2460 3924 5
4241 4549 7
1143 2375 10
1427 2994 6
2381 2949 9
6 4238 10
1802 2330 10
1034 1646 10
2352 4401 5
597 4171 3
247 2433 1
832 4201 2
193 1064 9
2628 4308 6
1174 2220 9
2302 2946 7
2568 2742 9
3480 4077 5
875 4049 9
718 3580 1
81 2629 1
754 1384 3
3949 4109 7
2123 3255 1
1946 4907 9
789 1303 10
3728 4404 2
281 4749 5
360 1916 1
1878 3743 2
931 3301 9
1862 4303 7
736 1624 5
161 271 7
4429 4526 4
1006 4514 2
3128 3865 7
4190 4877 1
835 4760 8
2574 4673 6
1013 3863 3
75 317 2
1038 1253 7
460 1053 2
746 1540 10
449 4907 8
1511 4497 10
1314 4991 9
2212 3201 4
22 2644 1
160 718 9
4621 4667 5
555 1073 7
1400 1672 5
913 4639 3
2130 2824 7
1173 1187 9
1425 1640 1
1861 2601 9
531 617 8
611 1152 1
2812 3135 1
330 4724 4
2341 4195 7
1299 2557 3
572 2695 5
742 2264 7
2413 3638 6
991 4548 3
2228 4817 8
2635 4270 2
1313 2178 3
1067 3056 7
1548 3426 4
3967 4433 5
1490 3838 3
1334 2718 8
923 987 2
2255 3099 1
1584 2714 4
479 2901 7
1806 4160 6
2063 3598 4
3376 4165 5
1102 1368 4
1118 4635 9
16 372 3
1103 1661 10
3015 4688 1
919 3035 5
1229 3733 7
4523 4916 2
2404 4013 8
1120 1855 1
452 667 9
365 3757 7
14 4244 1
1302 3872 6
1279 2392 7
1951 4168 10
1838 3954 2
297 2135 1
724 3093 5
2182 2443 5
804 2891 6
736 2192 5
267 571 1
1689 2755 7
1395 1756 3
2409 3710 8
2226 4445 8
1655 4611 10
391 757 9
2013 3318 10
4430 4589 1
621 3424 5
386 3536 6
3360 4684 3
109 1339 9
2978 4777 7
3926 3942 5
1507 4357 1
1212 4996 10
168 2583 10
1346 4198 7
1087 2673 1
1430 2670 9
452 4007 9
1019 4193 4
1619 3558 3
1107 2402 7
1649 4477 6
941 1506 9
842 2556 8
1395 2476 4
1403 4456 2
765 3596 2
654 3623 5
3963 3965 1
947 4481 4
3814 4477 1
212 2897 9
71 1385 8
3681 4792 3
1076 2304 8
1947 3454 6
693 1258 10
1644 2434 1
1134 2251 9
2784 3400 3
426 2371 3
397 1000 9
345 4061 1
1073 4969 6
2954 4774 4
697 4068 4
943 4068 5
2100 4404 3
1747 3033 3
861 3680 10
363 2877 10
692 1681 6
541 3654 9
1662 3496 6
1870 4900 5
1103 3151 3
1971 3986 10
1361 3568 10
1408 2046 4
2686 3041 4
149 3021 2
107 2360 9
205 2304 2
4823 4868 6
1698 4690 1
4749 4962 8
63 2855 9
841 2726 5
1475 1933 7
2197 4947 10
3917 4302 9
325 1699 5
238 1747 4
483 1671 8
1621 3815 3
2484 3164 9
227 4542 2
3416 4432 2
1961 1997 3
456 632 7
3119 4851 8
3072 3581 10
1501 2159 8
1122 3474 1
1445 3602 10
3073 4049 4
9 3264 1
312 1392 7
1514 2821 4
963 2552 6
1000 1309 7
2374 2917 4
1643 2229 3
3320 3679 7
3305 3530 6
1812 3059 10
3423 4724 1
415 3002 1
292 1654 7
777 2801 9
3416 4691 7
2407 2994 1
433 756 1
3055 4478 9
1827 2252 1
2952 3266 10
845 2245 7
2043 2158 10
94 2245 4
2622 3676 1
519 1428 8
1851 1916 8
38 2646 1
793 2566 9
1553 4482 6
3040 4806 3
562 2746 3
4236 4861 7
1957 2761 1
2297 4999 1
1096 2537 5
1847 2659 6
1146 2602 7
2083 3997 3
3098 4098 6
976 3316 4
4653 4915 2
121 291 9
2018 3677 2
1536 4044 9
302 1837 2
1212 4203 9
2482 4090 6
338 4069 7
402 4387 9
2034 2755 6
4632 4958 2
2235 2523 8
3209 3845 3
1934 3925 8
1365 2175 10
2443 3597 10
3692 4577 5
799 1528 5
287 1120 3
675 4967 2
1005 3229 9
468 3126 7
329 1661 8
3871 4390 8
3008 3036 6
3880 4542 8
2465 4465 6
1112 4687 7
3287 3873 3
283 3489 6
816 4079 3
1764 3821 10
481 642 10
1121 3154 8
2111 3790 7
1112 3065 3
2431 2652 10
1316 1477 2
1423 3140 5
2858 4817 3
2480 4869 2
369 1721 2
209 1907 8
840 2864 2
770 2563 10
465 2636 3
2918 2944 10
28 899 6
1894 2095 6
699 1373 2
2473 3373 10
1383 4327 2
614 1043 3
1662 4125 5
2499 3042 5
269 448 9
14 4349 6
619 2844 1
1049 1408 6
155 4296 8
922 2221 8
2674 3998 3
662 3493 8
334 2336 6
485 4735 2
631 3996 7
4401 4598 4
1439 1475 9
464 2324 8
1530 3850 10
825 1485 10
2474 4985 3
396 4027 7
3472 4765 2
2907 4686 3
3538 4111 1
1579 4076 9
1513 2373 2
54 3290 2
1172 1659 4
694 4413 10
783 3420 3
4318 4590 9
2334 2926 10
944 3235 1
212 1778 8
1385 3484 9
147 594 8
1580 4993 9
4409 4992 6
1424 3594 6
1229 1369 2
2505 4464 4
3137 4042 4
502 2816 6
2270 3128 1
3375 4881 10
457 2739 7
1911 3612 9
594 2381 2
1303 4919 6
3417 4284 1
1075 4921 6
1938 2288 1
581 3153 5
1064 4008 1
729 1713 8
710 1705 7
2045 3846 6
3296 3979 4
3154 4244 5
1025 3361 9
1827 4297 10
718 1437 3
2808 4553 1
2308 3695 9
365 1385 5
3136 4799 7
1039 1100 7
1808 3947 2
1482 2620 8
591 1195 6
196 3062 10
4502 4927 5
3689 3984 10
3780 4055 5
372 4539 6
617 1301 6
98 3448 7
1059 1630 4
203 701 8
1295 3652 9
648 2523 10
82 1766 2
22 4380 6
159 562 4
447 4459 5
711 4472 7
86 1445 8
1343 1798 7
206 1471 5
790 4344 7
881 1073 6
3602 4651 5
2651 2959 8
2554 2782 9
1979 2645 2
2937 4655 9
28 3284 6
3980 4627 7
548 2384 1
1254 2922 10
2398 2587 3
2910 4724 8
2697 3647 2
876 3763 9
674 1105 6
4875 4994 2
4508 4947 1
1446 2340 1
1792 4632 9
2232 3914 8
612 3177 3
383 2341 10
562 1348 4
425 3560 3
1635 3920 7
1956 2684 5
2022 2128 5
58 1819 9
206 4068 1
1052 4816 2
2611 4176 3
2628 3799 5
2823 4533 8
1125 4504 2
1121 3500 10
200 1281 4
1013 4332 8
1069 2166 6
1846 2587 10
3235 4147 9
1946 4199 6
2585 4628 7
1461 1519 6
79 1988 1
1184 2651 7
479 3506 9
601 1343 5
706 1527 4
850 4263 4
39 2377 2
2626 4378 7
1991 2072 2
2427 3146 7
2847 4316 2
2676 4733 9
2625 4631 1
2192 2530 7
417 2369 8
1899 2653 7
672 4580 9
109 1746 5
2535 3834 5
2625 4839 5
2921 3641 9
2612 2739 9
1184 2617 3
156 1040 8
4565 4653 1
1394 1674 8
3015 4888 8
103 1661 7
3732 3964 10
990 3715 7
1625 1635 1
1714 2383 3
2627 3173 10
2794 4790 1
1167 4449 6
367 1774 1
875 931 8
777 4224 4
4173 4885 10
1521 3734 5
568 2800 5
310 1727 3
2916 3296 9
671 1840 5
2783 3051 10
598 1448 2
965 3698 8
1102 1901 2
1244 1347 2
64 4537 7
1221 2161 6
2545 4449 4
3638 3864 3
14 1610 1
2966 4595 9
1890 3586 10
2136 4956 8
1632 1800 1
1119 4047 7
363 1072 9
526 2103 8
1414 2435 1
1336 3108 2
342 3752 1
3799 4697 2
1346 1740 7
1109 2617 10
3748 4126 10
2609 2714 5
1389 4091 4
3442 4293 8
1418 2001 9
3825 4008 4
3063 3432 5
4219 4426 1
3164 3751 9
1471 2972 6
998 3502 5
194 356 3
2505 4133 10
246 2976 5
895 3569 10
1042 4103 2
565 3554 1
3684 4258 9
634 3726 7
1543 1905 6
721 3765 1
372 507 8
517 3063 4
1820 3098 4
1538 3910 2
1449 4275 10
1421 1902 9
1169 1837 1
846 2526 1
1740 2526 3
701 1220 4
998 1523 1
805 4245 8
34 2642 10
2607 3558 1
34 1625 6
1783 3795 8
149 1875 9
1660 4542 8
3840 4200 6
2337 4740 6
2416 3716 7
405 665 1
1998 3418 2
1775 4242 6
1560 3016 9
723 2161 5
101 4227 9
2076 4481 7
4231 4990 1
1696 2087 7
1153 4467 7
2460 2515 6
2776 2984 7
1080 2682 1
2648 4565 3
1426 3313 5
860 1704 3
1246 1338 1
3897 4786 7
3516 4333 7
1430 2074 6
950 3668 1
2749 4682 9
2889 3010 4
107 1048 2
171 349 3
761 4532 9
451 1155 9
838 4857 10
144 439 4
788 3653 2
1819 2786 1
939 3731 2
215 932 2
561 4275 3
2054 3758 9
116 2658 3
2630 4079 3
412 4335 1
951 1798 2
412 4253 3
833 2459 8
2736 3343 10
3492 3678 6
1172 1581 5
1330 3391 8
3851 4940 2
1219 3137 6
744 4981 10
562 1558 7
2981 4374 6
3361 4196 3
1246 2883 6
1111 2161 1
3839 4587 5
1502 3031 4
4198 4233 1
614 2966 6
1155 3091 4
1560 3301 3
2434 3156 10
742 1493 2
4211 4298 7
54 1773 1
2333 2414 8
343 4811 2
800 4194 6
646 2376 2
2936 4598 3
1448 2371 8
3047 3315 10
4148 4402 4
833 4296 6
441 4648 1
859 950 8
4467 4790 6
528 3801 1
2718 4355 3
1358 3937 8
4206 4701 4
801 2815 5
304 1986 9
1479 4566 3
294 1796 4
258 1333 1
2155 4926 4
1372 4086 9
2265 4593 9
1551 4226 3
4812 4897 2
198 606 3
1429 4155 8
1406 4574 5
1294 3500 1
3376 4200 5
1290 2733 5
2208 4672 7
1537 3546 1
4222 4533 1
835 2390 5
2501 2534 1
1956 2241 9
605 4672 3
1648 4426 8
1443 2557 5
319 389 4
2333 4764 8
146 1690 1
1483 2310 3
2038 3195 4
683 4533 2
1393 3487 8
2778 3322 6
3623 4169 3
1479 4745 3
915 2003 1
4409 4453 7
2788 3493 1
2515 3803 9
2644 3013 10
1457 2231 5
3648 3967 5
582 1211 4
860 4411 5
38 324 3
1990 4235 9
3158 4197 3
7 4954 8
1825 3990 9
959 1842 9
1204 3922 3
963 2824 8
2070 2445 2
644 3753 6
4531 4747 7
1357 2955 7
1506 2914 10
910 2345 3
874 2573 4
4291 4704 1
2333 3571 5
1905 3818 9
2409 3545 8
1901 2582 3
1346 3688 5
2312 4273 7
1463 2439 8
1720 4979 9
860 4517 3
2409 3563 8
2674 4500 10
2396 2573 10
2583 4838 7
2327 2472 7
3097 4227 5
1906 3160 9
1686 3608 5
1450 2382 3
3034 3901 6
3748 4308 5
182 1410 8
3674 4758 6
2498 3458 9
1776 2718 2
4441 4997 2
2635 2671 5
715 4967 1
572 3475 3
1559 2198 1
2165 2467 1
918 3749 5
1217 1557 10
3729 4222 10
2040 4588 9
747 3073 9
3595 4280 9
1080 2025 3
639 1397 7
2698 4605 7
4293 4818 1
1058 3110 1
1357 1473 9
2929 2946 1
3926 4022 2
969 1558 1
985 2652 10
2601 4445 1
3607 4298 5
557 1005 5
963 2758 3
4559 4757 3
2683 4762 6
159 1082 6
761 1755 3
1165 1375 4
1425 1656 9
2790 3006 1
526 3317 6
2433 4362 5
93 2852 3
1612 4135 3
283 1869 2
3175 3608 5
3251 4378 5
390 2126 8
217 2390 2
94 3408 10
4050 4655 8
1139 1622 8
190 587 2
3779 4248 3
1810 3674 9
2317 4637 1
1414 3678 2
1231 4644 2
958 4115 3
4527 4791 2
1381 3389 4
275 1476 6
786 2281 8
3254 4760 1
493 1373 10
3451 4653 4
1098 1887 6
1779 2545 2
2531 3550 4
1994 2555 3
2533 3237 8
1262 3616 1
214 4355 5
454 610 7
2340 2584 7
382 1361 4
2869 3522 7
1785 4639 5
775 1264 4
2917 3493 6
2784 4867 1
2720 3114 3
1220 1281 10
3126 4781 8
44 2039 10
1015 2265 2
1658 2438 5
2908 3379 4
3580 4522 3
2905 4408 10
604 3098 8
1521 3577 9
300 3947 8
1422 2487 2
865 3529 5
1785 3703 10
136 2909 2
3775 4813 5
4744 4970 8
1463 1465 6
1613 1724 6
59 2208 2
2414 3790 2
504 1691 7
4193 4419 6
794 3448 8
1256 2298 9
1750 3786 2
3614 3647 8
2980 3388 8
94 3504 2
683 1051 1
78 2242 5
821 3663 5
1861 1954 9
609 2133 4
208 511 3
809 1678 1
426 4593 8
2696 4017 6
701 2536 9
2045 3350 1
709 1210 3
847 3853 3
4189 4421 10
2112 2258 4
301 4535 9
2323 4496 6
2454 3914 8
367 1835 3
498 2894 1
817 2549 10
2718 2967 6
715 4702 9
1563 2180 6
2133 3655 10
3267 4865 5
2112 2183 3
2414 4010 5
2291 3476 10
858 3151 8
679 2087 4
1233 3222 4
1072 2050 10
59 1987 10
2168 3712 1
988 3628 2
495 4035 1
413 1449 4
3515 3862 7
30 1873 4
2098 4363 8
2714 4032 8
3347 4198 2
1511 3706 1
1778 3705 9
2464 4580 8
1520 4141 8
1288 2315 10
3307 4058 4
1156 1359 7
2247 3200 7
3196 4538 2
3402 3843 4
1764 4239 10
1124 2679 8
164 2764 9
2036 4188 7
286 2642 7
3277 4829 10
1479 1530 3
2539 3208 4
2395 2825 3
1364 4855 2
1281 1829 9
2588 4073 9
833 4691 4
1285 1927 5
1031 4327 3
1561 4895 9
1776 2712 3
1107 2484 4
3065 4354 10
1905 3763 8
3682 4993 1
224 1572 2
778 4571 7
408 1927 4
647 4654 10
1088 3759 7
1313 3772 7
3630 4151 6
2749 3756 4
1339 3475 3
594 3270 4
1423 2279 1
449 4451 8
1913 4757 7
2873 3385 1
1226 4837 5
245 821 2
1120 3200 2
2644 3624 6
1062 2575 2
2348 3699 3
2225 2404 9
30 1514 10
1384 2887 2
1848 4475 5
2675 4213 1
1171 2742 3
470 2601 4
2709 3663 8
227 986 4
681 1509 5
2531 2861 4
4469 4475 5
243 2079 9
308 3941 6
2162 4440 5
751 4414 10
1382 2594 4
3143 4019 8
166 552 6
3185 4502 6
1223 2870 10
90 4079 6
149 3715 9
3077 4244 6
193 916 5
730 4522 9
3896 4265 7
871 2377 4
922 3954 6
3123 4525 6
1912 3123 3
1713 2031 4
1799 3551 1
2594 3173 4
818 1280 5
2443 4905 7
234 459 10
3827 4511 10
1239 3609 9
1289 3338 9
1185 1989 10
3457 3569 4
2238 2512 3
3052 4920 4
294 1384 10
4735 4842 1
1232 1457 7
1619 4440 2
1585 4116 3
1480 3116 1
1941 3873 3
410 1571 9
578 1481 9
2962 3254 1
2413 3974 6
289 558 4
4487 4702 9
3511 4262 1
1310 3826 8
191 3789 1
2793 3450 6
1261 4218 6
159 3000 4
1715 2118 6
1264 3382 2
1285 2379 7
715 3096 2
610 4155 3
384 4170 3
2348 3366 8
87 771 4
2338 3900 3
3958 4588 1
753 4932 8
1556 2764 1
1708 2104 8
1319 2774 6
1618 4785 9
603 4164 3
44 1165 10
721 3641 9
2891 3279 7
983 4790 9
2859 4018 6
1101 3693 4
986 1769 4
1855 2832 3
3800 4761 5
1431 3320 3
1720 3990 7
678 3147 5
277 4055 7
2377 4734 1
2708 3867 1
2246 2579 9
2375 4328 4
2166 3918 7
2352 3725 6
2136 3475 7
1281 3870 1
385 1390 9
5 4995 4
1076 3322 5
1053 3702 10
167 4610 6
897 3983 2
4014 4263 4
91 3765 5
1032 2841 6
3481 4269 3
383 4145 3
2524 2882 9
447 1151 5
320 3300 9
1520 3771 9
1648 3086 9
1090 1736 8
3440 3822 3
683 3490 7
1492 1921 6
1785 2068 1
133 3770 4
2565 4336 5
784 3929 8
3823 4648 8
2346 3896 5
1788 2051 10
2033 2820 10
2590 3394 1
1106 1229 1
209 483 2
2135 3442 7
574 1231 3
918 3261 9
2732 3022 2
1093 3671 6
397 3364 3
2842 4738 3
2439 4279 9
738 1328 5
2050 2719 6
1240 4427 5
2524 2604 9
2421 3124 7
598 2897 8
31 2763 7
1532 2293 9
1285 4890 10
899 3623 8
160 3766 5
1818 2035 4
3029 4664 9
1339 4585 7
2466 4910 9
1125 2369 6
3456 4179 2
721 2811 1
544 3350 10
1059 3249 9
1921 4889 9
2948 3717 2
90 2165 3
1141 1572 2
946 1289 3
145 4686 9
2017 4034 4
2963 4722 7
3610 4605 2
1411 2298 10
1099 4190 8
1360 2664 8
1324 1983 6
1718 4502 2
1419 4864 10
1058 3971 4
3279 4360 5
1148 2288 3
803 2193 5
801 2039 9
853 2471 7
1114 3382 6
3603 3859 4
268 1636 8
4773 4829 6
3548 4384 1
3084 3351 2
1468 1719 5
2215 2780 1
2682 3729 1
479 1444 1
907 4151 4
498 1138 8
2181 4680 3
450 4363 7
1166 2178 1
577 1213 9
160 2627 8
176 1307 1
90 672 8
2864 2950 3
1667 4618 7
2137 4827 8
399 3821 1
1213 1710 3
195 493 2
2482 3418 3
342 1278 8
811 3383 4
1687 4815 7
182 1048 5
1614 2990 6
1450 2712 1
2114 2599 8
1755 3064 1
1781 1808 2
2002 3442 9
2021 3528 5
1799 2061 7
637 1454 9
1171 4803 6
3600 4181 5
792 1811 4
1813 4598 8
1351 1469 1
1009 3578 3
509 2537 8
1111 4148 6
861 4780 2
1052 1064 4
3993 4287 5
1595 3096 8
1706 4405 6
1385 2563 9
2912 3646 7
219 834 6
1202 3973 10
1808 2460 6
2205 3483 2
1269 1925 8
968 4403 6
1280 4074 7
422 3348 4
455 578 2
2058 3381 2
3090 3235 5
787 4634 9
46 873 7
945 3934 7
3178 3489 4
3105 4347 4
534 1845 8
729 2941 8
1449 4173 6
2327 3950 10
1568 2813 9
209 3578 9
2643 3382 3
1987 3583 3
2484 2580 6
483 2961 8
439 4752 6
2452 2831 6
405 1684 5
1782 1906 4
2748 4067 3
783 4216 1
2259 4673 9
1735 4168 2
1083 1539 8
77 3838 7
696 2362 3
3003 4897 8
968 2320 7
1960 4978 6
2741 2909 4
3324 3848 8
19 185 6
1040 3387 8
654 4151 5
2025 2211 4
3476 3972 5
2003 2767 10
470 3522 1
861 3957 1
2101 4762 4
1469 3298 8
2348 3842 5
3254 4754 6
924 3429 6
1841 3496 8
592 991 5
2649 4622 1
213 4472 1
1378 3752 2
141 2110 5
319 4694 4
1172 4220 9
407 1072 3
1642 4929 3
1848 4818 5
923 1326 8
688 3041 1
1571 4623 8
1934 2291 8
1173 1650 2
1676 3103 4
2446 4598 2
1486 4771 4
626 1356 7
905 4358 8
1920 3239 4
1748 2744 4
4298 4512 2
840 3567 1
2163 3088 10
2375 2890 7
220 2970 2
4276 4959 10
3988 4524 10
2838 4603 5
2588 4918 4
44 1823 10
1180 3069 7
1397 2445 6
620 4108 9
2256 2542 1
1677 1709 6
1905 4738 3
3860 4922 1
254 2039 9
2935 3961 5
658 1856 10
3559 4771 10
1033 3270 8
3658 4536 9
698 4050 7
3478 4904 2
846 4211 8
2762 4959 2
367 1014 10
4 352 10
323 365 5
619 1795 8
389 1952 2
1045 1459 2
298 2297 2
1028 2360 2
391 2798 9
1494 2864 5
924 1482 8
205 3421 8
1280 4649 2
1258 2460 5
96 1687 7
3671 4430 7
3048 4157 6
1900 2306 8
146 453 4
595 3714 10
74 4093 3
328 4304 9
3580 3907 4
1037 1118 5
1120 3747 10
673 1500 2
2367 3952 8
1559 4806 1
2734 4207 8
2878 3459 9
910 4710 2
638 4314 5
2739 3372 7
238 3602 5
1856 3088 5
170 1797 5
1018 4876 5
131 4880 4
2483 2999 10
1560 1901 5
1705 4351 5
3092 3390 10
2 3567 10
87 3781 10
1840 4946 3
2000 3740 10
386 4613 10
2754 3846 6
3259 4994 10
291 3334 1
2610 4422 2
911 4533 10
1093 4236 2
354 2266 8
309 3829 8
1638 1692 6
20 1882 5
1321 4313 7
626 2739 9
1734 4026 4
595 3306 3
996 4008 5
460 4786 8
2123 3277 10
1173 3135 5
479 3748 9
2199 3447 5
2048 3076 2
2387 4223 9
89 4691 5
2290 4499 5
1562 3537 6
3799 4823 9
2158 2826 1
2400 4160 4
479 4755 10
1670 2344 9
221 1547 1
2640 3500 4
822 3114 4
117 4265 6
306 3480 3
463 4483 5
1428 2451 1
1474 2634 10
1708 4059 5
1951 3906 7
2716 2902 9
1607 4493 8
1256 4441 10
25 4570 2
936 2765 7
217 896 9
387 1793 6
161 2706 3
4421 4993 9
2823 4055 9
2229 4497 10
1264 4752 6
926 2355 2
3389 3924 2
2666 2867 7
1775 4881 4
263 2108 9
1649 3351 1
619 2312 9
1017 3374 3
2175 2340 5
1778 3765 2
100 4604 3
897 3938 2
1568 1879 8
74 541 1
621 1868 2
461 658 2
616 1170 2
549 4548 1
1884 2718 3
2693 3963 1
798 1935 2
838 4038 10
2706 4640 2
2949 4667 6
104 4453 1
2656 4098 4
1388 2468 7
1260 1988 8
148 2348 4
3194 4822 7
1370 2980 4
2450 3467 10
1016 4149 3
568 4503 8
2681 4574 3
1784 2439 6
2039 4060 5
2031 3812 1
1009 3439 9
3266 3996 8
1958 3154 4
3587 4514 4
397 2368 9
807 2949 4
4027 4791 2
2309 4305 5
3829 4226 9
10 1927 8
1040 3116 4
1789 2129 10
1106 4157 9
2480 2709 6
877 1731 8
720 2032 9
1503 1814 8
2761 4156 2
391 3139 10
1177 3856 10
1738 4806 4
2178 4703 8
1712 4808 3
92 4461 10
2091 4706 3
4552 4775 6
1724 4237 3
3011 4356 10
986 1783 3
1166 1494 2
1387 2714 2
4617 4922 8
936 1102 10
2274 4979 1
765 1651 7
505 1710 10
951 2126 2
2356 3315 1
4 2959 6
450 4858 9
497 2754 9
780 2026 1
2076 2593 2
1195 2641 5
1349 3677 5
2089 4277 3
1580 4665 2
1121 2997 1
4111 4541 10
3991 4786 5
1890 4312 8
1232 3795 10
1390 4367 7
592 3843 2
1258 3555 3
561 1023 7
751 2547 2
4191 4517 9
699 984 2
776 4168 8
856 2956 3
2392 2926 4
1567 2922 2
2337 2539 7
638 945 3
1027 4441 9
2533 4582 2
361 4621 7
451 3999 2
3391 3534 5
3613 4317 9
422 4075 3
2074 3843 9
4331 4452 4
2697 2908 1
422 958 6
1834 3254 10
291 1155 1
2402 3161 7
1708 2156 8
2225 2842 4
127 3463 8
3239 4589 4
180 4975 2
222 4000 1
960 3575 5
759 4706 4
4334 4745 2
4464 4850 1
1090 1859 7
2749 3635 1
2272 2601 3
732 3104 8
844 2229 1
528 4957 10
2922 4427 8
143 4604 9
47 1498 10
1932 2239 6
3019 4825 9
1859 2289 10
868 4434 1
92 1449 10
1010 1726 10
1859 3233 8
3689 4873 3
1165 1467 8
43 4006 8
2322 3725 8
4302 4753 8
4076 4797 4
1250 1703 10
1164 3178 3
2032 4433 8
2860 2958 5
4541 4920 4
3788 3989 3
1014 4358 3
379 1342 8
523 1214 1
2091 3610 5
2658 4723 1
1580 4533 6
382 1010 10
2186 4937 8
10 2349 6
842 1541 2
2471 4405 2
365 2254 7
3495 3847 6
4353 4414 4
1407 3313 9
833 1755 1
1036 3769 6
133 3531 7
639 2861 6
32 4918 10
1074 1708 1
1569 2820 9
2598 4477 2
1262 2180 10
1035 1704 5
4202 4370 5
327 4219 7
98 196 6
1263 4981 4
347 1208 10
46 4711 6
1870 3727 2
1787 3400 3
326 2200 8
1105 2104 9
3432 3648 7
1181 2547 8
3927 4981 10
1569 3903 10
821 1768 5
2496 2627 2
3099 3489 4
242 2402 4
580 2876 3
1053 1717 1
3115 4510 7
3317 4003 2
1787 4886 7
2830 4545 7
1978 2474 4
1629 4776 5
3901 3915 4
4732 4919 4
1920 4587 10
2750 4542 6
3665 4135 2
2140 3974 4
754 3529 8
2810 3955 7
1070 3549 8
2403 2530 1
2895 4548 2
3687 4122 5
2452 3733 9
2795 4663 7
3367 3638 7
164 2539 6
1902 2256 10
627 1954 7
1105 2025 10
1180 3187 4
914 1218 1
83 1023 5
3039 4968 8
1011 4131 3
3487 4571 5
2169 4188 6
2293 4309 1
2758 4629 5
948 1715 10
3344 4376 8
493 3467 3
4778 4842 6
3212 3296 9
1508 2121 7
1186 2537 2
1423 2589 2
853 1429 7
317 2161 6
914 4987 1
514 792 9
301 4930 1
723 2505 8
718 3923 3
1589 1899 7
1208 3084 8
3796 4422 3
2509 4389 3
275 2088 1
428 1969 10
4156 4801 8
1554 3872 4
281 773 7
1870 4376 2
2647 3977 4
2370 3620 7
2487 2555 8
1618 4208 2
1226 2508 7
2349 4188 9
987 1399 4
1353 4683 10
1693 2662 5
3174 3519 4
1163 2565 7
36 1334 8
543 4657 6
2552 4903 2
1109 2768 8
1352 3455 9
244 4219 5
630 1070 7
608 4976 9
2297 3574 5
470 694 1
2123 2170 1
410 3674 9
104 3791 8
1070 2926 1
3861 4541 6
320 4197 3
864 1156 7
683 3669 4
289 3387 3
1785 2444 10
1246 4028 3
24 2298 5
2139 2822 4
1054 2682 10
2680 4399 10
1522 2813 2
2898 4908 10
2091 3410 5
489 1543 8
3146 4748 4
1162 4368 6
2106 2930 5
1673 4135 5
2322 2942 1
650 1306 10
394 4476 7
1440 2152 8
1125 1841 10
1315 4244 3
2756 4446 8
584 1692 4
1443 2198 3
561 2591 1
4012 4127 1
710 3019 7
181 1008 1
2253 3828 6
938 3507 7
1044 2506 10
135 2856 7
366 3683 5
2169 3370 7
1589 2646 2
2664 2752 2
2479 4082 9
1064 4504 4
234 2199 9
1594 3100 7
541 765 7
827 1506 2
4148 4272 10
530 2225 7
171 1020 6
247 317 10
4517 4636 8
24 2417 10
2095 3837 4
915 3619 7
1358 4182 2
2011 4510 1
1157 4650 4
2050 2426 7
787 4692 4
1107 2724 5
3155 3190 6
4642 4740 8
1931 4199 3
591 2177 3
349 3067 8
1730 4185 8
80 1650 4
711 3793 8
3269 4515 3
4164 4885 8
1575 4720 7
3674 3786 8
2022 3247 8
2525 4773 4
950 1851 4
795 2122 6
558 4142 8
1814 2922 9
671 2055 10
2537 2919 10
2332 2585 10
3741 3781 9
2367 4196 9
1027 4738 5
975 4416 8
890 3101 8
1928 1995 5
590 4107 10
1905 4475 6
1203 4174 7
252 2716 6
270 1733 3
1826 3854 7
738 987 2
4536 4819 5
41 459 1
3082 3646 7
1970 4837 9
506 3323 7
3083 3169 3
2171 4559 2
1205 3339 2
93 3129 9
822 3518 3
225 2020 6
3229 3712 5
665 2653 10
1308 2902 4
2444 2657 8
1026 3724 3
1946 3063 1
42 1275 2
2011 2167 1
1178 2125 2
991 4198 9
906 4394 4
428 3663 8
2438 4249 10
1487 1983 2
696 3470 9
3037 3783 5
992 3671 5
2366 2928 3
1204 4329 4
3688 4886 6
1705 3631 8
808 1147 1
246 4082 5
1312 4936 8
1998 2562 8
2439 4444 7
285 3485 3
28 4386 8
1814 3480 3
123 348 6
1691 1823 3
337 3386 2
1426 2968 3
668 1517 7
1664 3686 4
852 4912 4
937 3129 8
1327 3756 2
1357 4176 5
471 962 4
2126 2196 6
860 1622 6
1473 1742 1
1092 2006 8
847 4872 6
444 992 10
4099 4604 2
760 898 8
1474 3038 7
1008 3993 1
3103 4191 10
1011 2574 5
3117 4145 1
2765 4477 5
1686 2471 8
2975 3682 1
2699 3028 4
1317 1902 8
4216 4412 6
1859 3649 6
148 4608 8
166 1935 9
4418 4585 2
3204 4944 7
4260 4854 2
1598 2459 7
240 3369 10
889 2432 2
1633 1759 9
3445 4079 7
2681 4412 8
2014 2730 1
3887 4450 8
608 4503 8
1126 2118 5
2119 3037 3
514 3854 10
2640 4429 3
570 2012 7
1392 3563 10
75 4439 8
44 4885 6
1799 4304 1
2060 3360 8
418 3159 9
2667 3391 6
2032 2732 6
3340 3829 10
1311 2341 9
3006 4148 4
1270 2691 9
1934 3895 3
3027 3543 8
1196 4658 6
1361 2810 7
4149 4892 10
2195 2471 9
452 1202 4
2784 4955 9
797 2520 3
595 3032 8
229 1440 6
335 3455 2
1109 2746 9
1366 4074 6
941 1338 6
4106 4354 2
134 3481 4
1980 4652 5
63 2620 7
832 2418 8
1167 4057 2
42 475 10
4915 4996 1
2379 3355 8
1951 2974 1
224 2007 5
2172 2363 10
1767 4028 9
715 4040 4
72 1255 3
238 2534 3
598 3874 4
1827 4972 5
1838 2722 4
3745 4330 5
1059 1187 4
605 1534 7
963 4378 7
1945 2743 8
1342 2341 7
628 3507 9
1234 2383 5
2652 4496 5
2530 2989 3
1490 4861 1
2222 2606 1
2357 3354 5
1739 3996 4
2049 4229 2
18 4981 1
1163 3647 4
1981 2205 1
1937 2953 8
649 2907 8
1306 3232 10
2092 3816 1
519 1341 4
1517 3685 5
2935 4566 8
2124 3040 7
481 2667 10
524 1403 9
2714 3965 7
1130 4144 10
2018 4507 8
49 1525 1
10 3250 3
455 1504 7
2021 3996 2
963 2952 10
1608 3792 4
1282 1512 10
790 2817 5
2140 2487 7
841 1978 6
2741 4308 1
1995 4499 5
2658 3763 5
297 4368 3
1831 2213 5
151 3631 7
465 4814 10
1582 4957 9
1137 2253 8
1655 2107 2
102 3635 1
769 3491 2
2576 2881 3
1527 4119 10
301 3084 8
2895 4892 1
314 1591 6
276 575 2
452 4140 4
762 3380 4
406 2070 1
1979 2832 4
845 3379 8
1490 3868 1
211 1737 7
984 2429 6
514 734 8
1211 4487 8
238 2912 10
3023 3085 2
1803 4705 4
142 4527 2
79 2630 7
1200 2093 1
2879 3656 4
3008 3541 9
11 3665 8
1593 4894 1
856 4878 6
568 781 6
650 1568 6
4866 4916 5
709 2669 3
1649 3283 10
2371 2474 6
924 2496 7
71 158 7
3410 4242 8
1086 2516 7
1477 1654 5
1002 3601 10
773 4248 4
1883 4115 3
445 1715 10
2378 3777 1
3362 3857 9
1126 4878 1
1236 3042 3
166 825 7
2964 4393 10
327 4905 1
1176 3966 3
2579 2981 8
3904 4518 5
2704 2996 7
1742 3455 5
1451 4321 4
2291 4958 2
1537 4716 8
4235 4773 6
971 1167 5
1657 2763 7
1978 2505 4
2240 3385 9
380 2688 9
825 3532 6
231 4744 7
1797 4055 5
1830 3846 10
1487 3104 8
578 4259 4
1731 4228 7
613 3079 1
1189 4596 3
4078 4924 5
537 1170 9
1170 2571 1
90 798 8
2754 4271 10
3236 4275 7
4694 4746 10
3878 4858 1
1834 2525 10
705 1239 6
943 4247 5
1431 3145 9
423 3622 2
49 3975 3
584 4684 6
1143 3313 8
3616 4528 4
2485 3131 6
3577 3597 1
791 2203 7
1125 3258 7
1995 3632 5
2506 4164 2
188 4322 1
2122 4438 4
308 1833 3
2469 4793 8
1699 3562 4
335 3736 2
332 1313 8
115 3118 1
2172 2236 2
1279 4361 5
1278 4773 3
1011 1356 5
2188 2791 7
2475 2718 1
89 1391 8
177 2224 4
1144 4587 1
2089 3667 2
750 4846 3
3225 4646 4
2692 4098 6
1824 3045 5
2783 4496 1
313 4641 4
3378 4993 2
976 3197 7
544 1013 7
2591 4729 9
2395 4131 4
1125 1339 10
805 3616 2
4160 4922 2
996 4748 4
2113 2757 8
2943 3305 2
353 2042 5
2304 4085 1
732 3061 1
779 4253 9
1565 2911 1
964 1816 1
83 3557 2
1276 3508 3
406 4736 3
2245 3703 3
163 626 6
1402 2373 2
1411 4680 9
95 288 4
833 2302 8
29 980 1
1008 4404 5
419 2746 9
942 2311 7
2215 3851 2
2246 4616 2
2340 2464 6
506 1074 1
1714 1821 1
3510 4884 5
1424 3657 7
122 401 8
1776 1854 8
137 1630 5
1240 3850 7
2797 4260 7
520 1908 3
582 4469 9
79 1841 7
2952 3186 4
535 1879 8
2681 4786 9
2438 4263 9
692 4598 9
1839 3187 10
2671 2919 9
1264 3436 10
3413 3720 8
71 519 4
482 2276 7
293 1118 6
1598 4329 5
270 3210 8
23 1164 8
893 4290 7
1480 1908 7
3817 4126 8
3175 3646 1
4204 4804 7
631 4925 8
1708 4074 10
1421 2430 3
2162 4399 5
928 2924 10
825 3814 7
105 3187 9
1208 3443 8
1462 2301 8
1775 2386 9
3720 4285 6
3575 4526 1
2471 4261 6
3463 4151 7
2946 3644 6
246 2331 2
588 866 9
1727 1932 10
315 3480 9
1112 1634 5
341 2300 1
1748 3984 9
442 1312 9
918 1689 4
481 3270 6
1145 3527 4
1315 2130 9
2610 2857 2
2678 4118 2
101 666 9
3593 4177 5
1103 3515 4
1480 3839 3
1948 3646 3
2742 4364 3
1622 4466 4
3624 3760 9
3614 4977 1
242 3016 8
4022 4193 10
627 719 7
2907 4548 1
1217 2689 2
398 3534 5
2465 3916 6
62 4157 3
290 3046 2
2049 3681 9
1825 3499 9
1378 3174 7
3149 4963 9
2762 4981 7
3451 3622 10
918 2299 9
2881 3885 4
949 1798 6
4035 4600 4
270 3507 8
974 2724 6
801 1449 10
1944 2163 10
2607 4012 10
1823 2388 4
991 2112 7
939 2720 6
289 4204 5
1313 3439 10
176 1982 4
4418 4590 5
2508 4418 9
1621 2820 7
1167 4538 2
902 4914 7
159 3992 9
418 1017 9
186 2764 5
161 4222 9
267 3608 4
1135 4087 9
1833 3023 1
1409 2794 6
1001 1410 6
185 2115 2
758 4963 4
3095 3350 4
1038 3105 2
1814 2934 4
1250 1664 2
2101 4000 4
1061 2078 2
1610 3952 8
1499 3943 2
60 2150 2
2342 3301 6
3193 4025 10
180 2436 9
2272 3426 4
1803 1953 9
301 4648 2
2043 4063 6
318 4782 9
9 3604 2
216 1594 8
1231 1966 9
1310 3125 7
728 3512 5
775 3367 4
2249 3121 1
3426 3486 9
2734 4720 10
697 3943 5
3407 4691 2
94 2094 7
1541 1854 9
453 2929 8
3260 3902 8
1788 2937 10
4367 4372 4
2255 3572 4
713 2382 10
239 2150 2
1593 3183 8
2294 2462 3
3565 4768 1
2640 3305 3
3285 3920 1
2823 4910 7
295 464 1
539 2895 2
2998 4731 1
490 3631 1
3912 4804 9
1643 2808 7
189 3350 3
2571 3703 7
801 1568 8
1820 2833 8
1856 4459 9
449 4468 3
2540 2780 8
2821 4115 3
1399 1421 6
2393 4855 10
738 4631 7
818 3901 1
60 3901 10
2004 4019 4
1155 4231 6
2184 3880 1
4498 4733 2
1367 4259 2
3051 4681 3
2709 3446 7
683 4866 1
18 3015 10
411 2712 2
2654 4914 10
414 558 3
1534 3431 8
1024 3106 3
1380 3744 1
1088 1123 7
4524 4575 4
1203 2410 10
2852 4259 6
1103 1857 3
934 3846 1
1157 2656 5
1954 2146 9
2714 3245 6
3030 4111 3
210 2327 8
1376 2929 3
1431 2239 8
1734 2910 9
2876 4224 2
391 3637 2
1763 3024 7
1943 3440 8
2513 4575 9
1126 4746 4
2273 4793 5
403 4775 4
2310 4029 5
2225 4551 8
1940 2287 2
971 1047 1
947 3904 5
678 4377 4
1423 2174 4
513 4712 6
1096 1521 2
1448 1688 8
163 3136 6
678 2071 1
262 3606 2
434 4572 2
348 4778 9
568 2502 6
348 1685 10
1785 2112 6
1508 2008 1
457 1920 1
492 2944 7
3117 4238 10
3494 4429 8
1196 1658 1
2063 3963 8
132 4631 3
856 3764 5
2766 4800 9
753 2659 8
842 2825 10
285 1473 5
1837 3638 6
2384 4953 2
706 3640 4
3495 4773 4
380 1753 1
2016 3221 10
239 1863 2
1464 3338 6
2515 4416 1
2046 3598 5
115 1515 4
2254 2362 1
451 4051 6
744 2418 5
2839 4018 8
76 2430 10
954 3576 6
4525 4849 8
721 1858 10
1426 2666 6
1487 1729 5
490 4016 8
2379 2760 4
1418 4610 5
386 3994 2
204 1362 6
905 3619 6
750 1212 5
653 2983 9
2866 3245 4
890 4336 9
67 2508 2
2205 4016 2
3581 4484 10
1415 2730 8
941 4480 6
3986 4154 6
3161 3986 7
1011 1577 9
902 2093 4
3163 4135 6
475 3841 10
3025 4693 6
514 3497 1
3910 4751 9
2687 3631 9
1556 3940 1
1207 2198 7
18 3556 5
1194 1434 10
499 4441 7
938 1609 3
2065 4520 7
2631 4587 6
83 1817 4
2804 4852 4
2056 2398 5
2759 4287 7
3277 3353 1
1457 3084 6
1702 3363 4
1757 3555 5
2036 2777 10
1280 3968 10
1825 3023 2
322 3375 2
764 3642 7
340 628 1
2029 2104 10
780 1037 2
955 2392 9
419 4764 1
549 4560 9
4118 4530 5
486 2138 6
2191 2435 10
755 2576 2
1371 2933 5
176 4835 7
310 4507 9
975 2981 6
1269 2388 10
917 4502 7
1406 3175 10
496 4950 4
2268 3080 5
550 3742 1
1189 4890 7
20 2627 6
28 839 9
593 3994 1
2335 3582 5
948 3409 3
81 2206 5
3717 4855 8
432 1441 3
2229 4199 4
417 1207 9
2698 3616 4
810 835 10
2067 3174 2
970 2897 1
50 4647 1
613 3680 5
3021 3769 6
776 3488 9
861 4038 9
558 4345 2
1168 2016 2
1293 2403 6
647 4563 7
1118 2909 10
1894 4636 1
2066 2245 3
2801 4142 7
3035 3237 8
274 2891 9
480 3873 4
1220 4008 4
2317 3173 2
2382 3782 5
2026 3849 6
567 2050 1
7 3331 9
1361 4759 10
814 1943 3
1647 4488 6
2669 2796 10
2406 4658 7
284 4028 10
1852 2151 9
1337 1449 6
444 4323 2
1755 2836 10
473 1134 8
48 4575 2
1069 3190 7
544 2388 3
261 4716 4
689 4048 1
782 1446 8
1586 3933 2
406 2375 7
467 3690 8
2619 3334 10
2445 3529 10
229 2396 8
340 800 7
581 3563 10
1052 2548 4
257 2547 6
2163 4286 3
388 2857 8
1749 3778 8
3421 4477 7
875 1779 1
2334 4195 10
1315 3431 6
909 4712 3
202 1902 4
355 4610 9
422 482 9
2130 2433 7
939 4710 8
1150 2595 3
318 2807 1
1452 3314 5
1407 4982 10
2448 4093 8
143 2423 2
1135 4569 10
725 828 5
1139 3205 8
1682 4722 6
3642 4793 6
838 1176 10
94 3355 4
1144 3868 7
1075 4687 1
44 4742 3
1095 3790 2
326 2203 1
2101 3735 1
87 2579 8
41 891 1
805 1924 7
1010 1777 4
2435 3195 10
392 2937 1
1948 4312 10
3010 4022 6
508 4892 1
584 2092 2
1793 2129 6
319 1017 1
2111 3515 8
499 2578 5
1309 3977 4
2393 3723 3
112 1062 10
3359 4173 5
47 2709 9
780 941 8
1687 3615 9
1710 4963 9
1907 2221 1
2510 3328 2
2020 4379 6
932 1413 3
3355 4512 1
2002 3902 1
1367 3346 1
118 2807 7
1703 3862 6
1383 1405 4
257 3966 1
2348 4323 1
2343 2576 7
717 4651 4
165 240 7
4202 4935 2
1274 3570 4
898 3492 6
589 4824 7
923 2848 4
2552 3939 6
453 1326 10
2575 3149 6
923 2081 3
766 2267 2
124 4357 1
1578 4905 3
2651 4509 10
3297 4868 2
1572 3511 9
1867 4367 1
1127 4571 3
1237 3606 7
1295 4237 4
1471 3775 8
1284 1791 3
42 2617 3
162 2626 4
14 2636 10
916 4756 9
2405 4798 9
185 3731 1
41 4845 2
4045 4363 10
1059 3462 9
568 3334 6
1240 2024 4
1054 3776 9
854 4406 3
1059 2541 1
3056 4987 3
163 2072 5
1005 2952 8
870 3734 2
26 3597 2
1529 1574 3
1740 2194 6
604 3803 2
486 2398 9
535 1386 2
1148 3992 1
1121 1912 8
270 3547 5
1675 3862 8
4180 4967 9
3225 3861 5
1405 2705 7
2491 4075 2
1093 4790 9
2067 4266 2
1788 2760 4
1732 2601 10
197 2887 3
281 1075 4
946 1080 10
2917 3808 9
1594 1626 4
184 4300 10
4560 4913 10
3638 4732 6
509 2748 1
46 1556 3
659 2709 5
1359 4022 1
2298 3725 10
3052 3169 3
3363 4857 9
489 1077 1
2209 2655 6
1093 3165 8
1403 3402 5
2737 4577 1
3797 3990 7
810 1902 3
451 1047 6
2283 2776 3
2680 4052 10
3810 4470 5
1151 4441 2
244 1906 5
748 2505 5
1851 3255 6
2188 4019 4
410 2640 7
2495 3441 1
2038 3214 8
4574 4986 1
1799 4127 6
469 2443 9
1139 1274 8
309 627 2
42 1531 1
3576 3647 6
1433 1460 4
954 1135 2
1464 3312 3
2879 4264 1
667 2262 7
3875 4193 7
779 3358 5
631 4270 4
2798 2887 1
926 1869 5
2683 4865 7
487 3133 2
762 3917 10
2280 3445 10
1527 3621 2
3861 4816 2
984 1852 7
718 4681 7
1238 1752 6
367 4078 10
1053 1464 6
4508 4526 9
2646 3141 2
293 2261 6
553 808 9
2365 4443 5
194 708 8
2424 2595 10
281 4678 3
1906 2264 4
1876 4796 4
156 4667 7
702 1967 3
2768 4516 10
1129 2881 1
1482 2689 1
2847 3826 5
594 2989 10
1597 4583 1
1726 4921 2
1162 4254 7
1705 3054 7
334 4178 7
2876 4305 10
806 2506 8
1566 1658 7
3231 3508 9
2979 4388 7
589 2262 2
459 1551 3
3353 3900 2
781 4371 9
4319 4368 6
1859 4527 9
2737 4557 7
4534 4931 1
947 2266 10
704 1557 5
711 3108 4
1195 3218 10
889 1257 7
4468 4983 3
2038 3410 9
300 2188 2
1496 4198 5
720 2658 5
945 3370 3
891 1830 2
656 4247 7
1186 1556 5
2583 2660 7
1215 3184 4
1441 1856 5
268 3511 9
3617 4152 10
1419 2650 9
325 2932 7
4635 4720 9
426 1863 5
1631 3020 9
180 616 9
432 1951 6
703 3598 6
2800 2847 9
2308 4000 1
470 760 3
112 1747 9
2305 4613 8
1308 1515 3
1093 3748 1
3653 4334 2
936 4255 10
2027 2379 4
858 1274 2
309 1793 7
319 1627 1
3786 3898 10
372 4495 8
1339 1842 10
3937 4323 4
2746 3351 3
1193 1241 8
689 2202 4
2705 2812 2
2216 3529 3
510 4102 9
1403 4585 10
2775 4638 7
2811 4616 3
2251 4444 10
1331 4712 3
1607 3297 6
2083 4165 2
1085 2466 4
2433 4548 2
315 3951 4
3019 4396 5
1979 2932 1
2131 2359 7
360 4023 7
1199 4810 9
1847 2229 9
385 2590 5
2811 3397 10
2766 3204 6
1810 3596 5
3469 4156 10
512 1942 4
2602 3938 4
1329 3828 1
740 2003 7
584 4801 2
3282 4254 4
1392 4835 10
1903 3974 3
2157 4963 6
1083 4661 5
47 2581 9
2141 3656 2
2076 3024 1
3190 4880 4
396 3031 10
1708 2424 8
1004 2954 4
746 1838 7
384 4912 10
3206 4047 10
2678 3657 4
80 4991 7
755 3624 4
2104 4347 2
833 3029 10
267 2655 4
1617 1787 9
446 3089 4
112 2041 10
1002 3333 5
1431 3785 2
1945 2410 3
104 155 6
2534 3576 1
1722 4312 2
3837 4788 1
2141 3549 5
2336 4037 2
3176 4584 7
1162 1669 9
3417 4902 8
496 2350 7
3280 3825 9
92 2213 8
1533 2710 2
2530 2544 6
2885 3763 4
1859 2080 9
883 2059 7
1528 3217 2
265 4444 9
1225 2107 1
2617 4326 9
3772 3975 6
1555 1713 1
2877 4169 3
2440 2444 10
1146 1903 7
47 2900 6
3390 3981 7
2068 4333 10
254 456 9
608 1971 4
4116 4535 10
1164 2438 8
2798 2941 9
3654 4539 7
3197 3437 3
1064 4463 3
2835 3490 9
839 4282 8
1477 2704 7
838 3223 9
1939 2303 5
801 2133 7
2642 3702 10
415 2368 4
2853 3201 4
2309 4519 6
1134 1361 1
1093 2723 7
38 2513 3
3660 4127 10
2055 4869 9
676 3031 6
281 4131 6
21 1332 4
836 910 8
26 1171 3
635 1811 4
120 1081 3
1176 1195 6
3223 4401 1
2366 3359 10
1592 2526 10
1790 2498 8
2091 4463 8
419 1993 10
1725 3982 7
2102 3429 8
3809 4430 8
3527 4156 5
2465 4542 2
165 4831 2
2359 2849 8
1069 3785 4
1418 3030 6
2070 3558 7
2199 3462 5
1814 2757 10
149 436 8
2643 3215 5
1643 2816 3
921 1461 1
4513 4930 8
1497 2882 5
2281 3418 9
1087 2820 3
855 3164 6
1559 2506 10
945 1444 3
987 3289 2
1861 2640 7
404 1739 6
992 3799 2
590 903 7
2040 4937 7
2861 2902 2
1819 2825 10
4284 4859 9
473 3318 6
2087 3245 9
2520 2714 8
180 2658 10
2196 3293 5
1465 2373 5
31 3424 9
1493 3516 4
4041 4784 9
264 1628 6
1897 2904 1
1647 2499 9
661 2250 4
2461 4500 3
97 2949 4
2192 3929 3
2132 3603 5
851 1919 6
3920 4437 10
2502 4136 1
2323 3239 6
1052 2716 6
7 1723 1
441 2286 3
1403 4461 10
82 3700 1
2641 2917 6
1097 4525 6
767 1534 10
2016 3509 5
3964 4730 1
1268 2018 4
3158 3416 9
73 93 3
1011 1133 9
3382 4063 10
2923 4164 2
409 1272 8
2801 4692 6
351 3483 6
2271 4346 3
472 3815 1
1126 1303 7
3206 3267 1
2992 4717 9
183 4817 6
559 2492 4
293 1833 1
599 2189 3
330 4024 9
530 3050 2
1130 3988 2
1740 1912 8
2469 3878 3
3894 4430 8
117 1213 6
495 1185 8
1090 2944 6
2496 3682 9
2068 4684 3
1990 3691 5
370 3602 4
1845 2445 3
1547 2747 10
1778 4780 9
29 386 2
1505 2857 6
3352 4218 7
717 3213 7
1270 4488 6
2349 3956 1
1015 3779 4
892 4699 10
1534 3921 8
3342 4418 7
891 1159 1
2661 4599 1
2869 4247 1
4549 4854 9
362 588 2
2070 2414 1
960 1680 3
3094 4927 8
3092 4799 7
1472 3403 5
1 2470 2
3300 4431 10
3080 3172 7
3880 3911 4
3109 4484 8
2607 4529 8
4634 4832 6
227 1395 2
1925 2532 9
381 859 2
1089 2105 6
881 3208 7
299 1884 7
708 4635 2
1500 3807 4
1808 1945 5
935 4782 7
473 2623 1
2779 2910 9
1456 4900 8
8 2674 8
2818 4721 9
509 1894 3
1302 4220 10
1164 3938 1
3617 4242 4
1271 1747 2
24 4215 8
1300 4490 7
1350 4516 10
1247 2126 1
566 3625 6
245 3288 4
462 3651 5
89 1835 6
3016 4325 7
3728 4452 10
3813 4855 9
1088 2757 7
707 1759 8
2201 3850 7
58 660 7
349 1692 2
642 1621 9
1189 2804 7
2852 4916 7
2422 4667 9
4045 4696 3
628 762 5
47 3559 1
139 2980 5
2633 4725 10
1061 1221 9
269 768 2
945 2988 6
2398 4131 6
40 4197 7
1471 1934 5
1131 2493 1
448 2236 10
761 2461 4
78 981 10
2102 3373 10
534 4400 9
1329 4779 4
929 1618 2
395 1720 7
568 2353 10
2237 3622 9
745 2798 4
2100 4974 10
3801 3975 2
270 2207 9
1953 2870 6
2378 3688 6
1320 2391 1
3243 4606 9
346 3729 7
847 2838 6
865 3052 4
152 3177 5
1414 2451 1
1235 1785 4
659 1908 5
733 1711 4
241 2045 1
767 1608 6
442 550 8
2887 3172 6
4046 4505 2
71 4026 1
2339 3720 4
169 3827 8
2414 2656 7
47 4544 7
1612 3278 2
1111 1382 2
2666 3513 9
3204 4494 4
152 4811 10
40 215 10
766 1293 10
932 1971 9
583 3830 8
1741 4734 6
561 2615 7
1005 4994 5
1520 3457 9
1208 4202 2
156 4615 7
223 4437 7
2764 3220 4
276 3066 4
663 2931 1
499 2933 2
660 2058 8
371 2248 5
2389 4386 2
306 4193 10
4023 4513 1
96 3350 9
1080 4491 5
689 1644 8
3661 4783 3
696 4970 4
2920 3981 1
1876 3659 8
319 3828 2
3443 3958 9
288 3160 6
213 3666 3
237 879 3
284 353 6
4365 4368 9
904 2981 7
993 2699 1
1579 4397 4
196 1039 5
916 986 4
3076 3978 3
1825 4992 5
2379 4435 1
191 2035 8
2362 3199 9
638 4478 5
817 3063 1
1241 4953 6
2318 3446 3
838 1063 8
571 3557 5
369 4342 8
3248 3377 4
4230 4609 6
252 1781 9
2059 4041 5
4678 4762 1
1396 4573 4
2596 4947 2
2260 4041 3
2191 2816 2
133 1666 10
2535 3948 9
460 903 8
922 3177 9
2634 3829 5
2674 3477 3
884 4864 4
2799 4731 6
4253 4300 1
1923 3453 5
1424 2288 1
753 788 3
235 3239 3
432 2565 3
1669 2414 9
1187 1611 1
2852 2976 5
2991 4276 6
2116 3135 10
202 2295 10
1306 4875 1
39 4848 9
2670 3015 3
2539 4630 7
3024 3536 6
847 3345 3
3398 3568 6
58 357 7
963 2395 4
414 4567 4
711 4664 4
1475 1677 7
1528 2542 4
1022 4989 3
373 1425 2
2333 3212 9
602 612 10
2253 4403 6
1936 2780 9
4595 4934 1
1627 1951 7
881 1924 7
1112 3517 9
279 4832 5
3781 4341 9
3033 4533 8
1772 3806 2
3726 4641 8
3862 3976 10
3025 3035 10
716 2096 9
3540 4615 7
1221 2002 8
4665 4693 2
1228 1503 1
1653 2734 4
259 1386 10
89 2351 7
2657 3177 8
2987 4196 6
2110 4903 7
314 2716 8
2120 2302 2
3333 3769 10
118 3201 2
2460 2577 8
1106 2781 8
2004 2356 6
2374 2510 7
3299 3907 2
2109 3801 7
3249 3618 10
1066 1506 6
1433 3193 8
2588 3764 4
2173 2750 9
2898 4683 6
1428 4584 3
2237 3401 8
1764 1888 6
1338 4166 3
3117 3920 9
1279 1868 3
393 3330 9
46 2572 7
4190 4212 2
3923 4603 9
1955 4658 8
2947 3239 7
1421 4373 8
208 985 1
1262 2317 2
1681 2626 4
698 2665 4
1771 2657 3
4007 4061 1
1126 3597 10
1527 3056 3
4823 4863 9
23 1142 2
3102 3904 4
281 3430 4
600 2310 3
1405 1419 3
2127 4858 6
4677 4900 3
264 4356 5
2053 2072 5
1038 3151 7
3056 4712 2
472 1155 9
3751 3914 9
2693 4283 1
1657 2276 2
637 2070 8
25 4965 2
360 1448 1
1063 3648 7
1696 3289 3
1270 3520 2
1646 3662 3
749 4684 4
1222 3393 10
2136 4325 7
2634 2895 9
3728 4437 7
2299 3746 5
1250 1972 6
1207 4610 5
1197 4556 2
1670 2974 9
3020 4224 4
373 4392 8
1 706 2
3063 3512 6
1794 4071 3
222 3054 2
52 3815 3
999 4426 7
3474 4082 7
346 3810 8
2698 4001 4
2870 4158 6
737 4325 7
950 1426 9
1710 4454 6
2808 3866 1
2776 4204 2
831 2092 7
422 3199 4
446 1997 1
1947 3552 6
2525 4390 9
750 4413 10
580 1852 1
687 1190 3
448 565 6
1058 4786 4
2370 2512 9
2650 4663 5
883 3205 3
1672 2643 4
2509 2618 2
2290 3409 5
473 2684 3
1286 4899 2
465 1941 4
1216 3533 9
2406 2565 10
668 3598 7
4381 4819 1
756 4893 3
2036 2223 4
2160 4436 5
132 4469 3
728 2698 4
498 4168 2
1208 2213 10
1611 4315 1
1081 3289 5
1657 2005 3
988 2442 9
129 4404 8
1281 4178 5
1483 3300 1
425 1321 2
3096 3722 5
34 104 6
870 3834 9
2496 4698 6
651 2871 6
2044 3838 8
3367 4376 8
1949 4160 2
4005 4219 1
1785 3771 4
3643 4574 2
1125 3692 6
2088 4007 2
431 2030 6
2600 2959 7
1594 4859 6
883 3446 2
942 2117 6
900 1403 4
2823 2964 2
67 2222 9
1119 3446 3
2163 2368 4
342 3423 10
768 2992 3
2690 3912 10
1637 3360 6
3473 3945 7
1945 4822 4
736 3719 4
7 944 3
2599 4414 3
1844 2755 7
1881 4436 4
1770 4809 3
2015 4905 5
2732 4770 9
1414 3357 8
401 4462 7
763 1197 7
1038 1241 4
270 864 1
3146 3237 5
718 1702 8
1293 4986 5
687 4361 7
1171 4997 7
2742 3974 8
1754 3698 5
1074 4200 9
297 1210 4
411 4942 4
106 348 2
3414 4937 8
431 2639 9
1417 4990 1
558 1402 6
1157 2254 1
356 2411 6
2067 4637 5
398 2747 8
1933 2864 4
1112 1756 2
880 3061 2
166 1455 9
4804 4905 6
740 3512 5
1418 2216 6
2228 3083 4
1096 1251 4
1007 3017 5
1321 3675 1
808 1172 6
2539 4511 8
33 2327 2
2490 2926 5
2791 4528 8
2024 3527 10
2711 4015 7
2863 4626 6
192 1129 7
580 3658 2
2533 3049 1
1144 3069 7
3752 4726 3
3795 4550 5
653 4525 3
408 1825 6
746 2284 10
1711 4278 8
361 715 7
2568 3216 2
216 939 6
857 1631 6
1895 4352 2
1374 4115 1
4100 4817 6
323 655 10
312 524 1
478 1621 10
1812 4344 5
188 1015 8
4328 4346 10
2591 4664 6
2134 3941 2
771 2653 6
3561 3785 3
2132 2620 2
2418 4031 8
749 774 9
1857 4525 7
524 2074 9
1804 1899 5
145 1912 10
2427 3125 2
663 3260 1
2581 4038 8
1871 3170 8
854 3717 1
1521 2740 4
647 1689 4
4302 4453 5
2473 4479 1
412 4148 10
531 3927 2
1851 4966 1
704 1674 1
841 1485 9
3757 4878 4
1058 3292 5
1299 3369 10
1961 3779 6
1569 2461 3
442 674 7
28 2176 9
4122 4198 6
2561 3259 5
423 1133 1
2322 2979 9
3188 4822 2
175 1345 8
1158 2622 7
2506 3596 8
3449 4921 6
497 1399 5
2678 3359 9
1924 3298 9
753 4100 3
1375 1823 4
842 4639 10
526 1735 4
277 3822 2
1523 4767 8
373 3264 3
1488 4946 4
958 1697 5
2179 3559 1
3880 4693 7
1789 4005 4
1 4346 5
3487 4191 4
1175 3793 8
1465 2689 10
1293 2800 1
2475 3090 9
784 3712 5
216 3073 1
541 1998 8
1688 4338 8
190 4471 8
201 3952 8
1540 2317 1
749 3192 4
487 4741 2
2308 3660 8
1153 4076 10
2030 3067 5
1010 4087 10
35 526 5
805 1547 2
1583 2732 9
884 3599 4
1219 2356 7
3294 4271 6
807 3912 1
3025 4553 7
2708 3577 10
1892 4302 1
1298 4728 3
410 3348 1
681 4835 9
1649 4952 5
513 2025 5
4537 4602 1
33 3861 4
295 1312 1
952 2693 7
370 3476 2
429 1775 6
1468 2740 5
697 3036 1
1540 3567 6
2151 2416 1
375 1991 1
2420 4037 5
1505 2994 6
1131 4852 4
2077 4171 3
1043 2576 8
3088 3670 9
1347 3032 4
546 729 6
1809 4068 4
840 4792 4
364 1790 5
2354 2816 8
1877 4109 4
1835 2264 8
3351 4491 4
1404 1497 7
880 1583 4
189 2193 6
776 1667 6
207 982 7
2468 4610 6
1638 1664 3
3666 4774 6
83 2399 3
2627 4255 2
1591 3695 9
1607 3041 3
704 1633 5
1767 1853 4
1217 4651 8
3910 4642 4
2083 4053 2
1877 4808 2
313 3199 4
607 2330 6
991 3804 7
502 3304 10
2185 2499 7
2747 4686 5
1578 4127 1
3650 3934 1
2691 4892 3
1104 4019 7
414 4541 10
717 2069 1
647 2755 5
1179 4214 1
2513 4970 7
1538 3298 10
1312 2587 4
768 1885 7
564 2182 1
1961 4235 6
127 451 3
3013 4515 3
141 1073 6
249 1895 6
287 3024 9
701 2407 4
2611 4154 10
4470 4698 9
370 3465 6
951 4490 10
2048 4407 5
3198 4536 7
1533 4422 5
386 4582 4
1237 2223 5
3024 3850 1
1571 2110 5
921 1981 6
2108 2372 9
300 1482 8
3569 4871 10
153 4108 6
899 1588 10
1903 1945 4
131 4464 7
275 1439 6
2854 4329 5
99 1092 7
2339 3269 10
1168 4547 9
496 1861 2
4292 4831 9
338 2660 3
758 4784 7
2523 3465 4
1494 4148 9
2049 4819 10
3743 3745 7
1059 4961 3
996 1661 5
3251 4323 2
1686 4767 5
3981 4767 1
3390 4738 4
2320 3181 5
1175 3594 3
306 363 7
501 1802 5
3202 3733 5
962 2023 7
2112 2393 2
394 3686 3
2322 2362 9
432 2702 5
813 4514 3
2919 3154 8
1046 3588 4
2099 2129 3
1755 2245 1
2707 3974 5
242 705 5
639 2974 1
835 1108 10
2222 3900 5
229 4668 1
1527 2130 1
1632 4723 3
604 2851 5
1691 2744 10
2591 3052 1
805 3659 7
2717 3522 4
886 4838 3
1705 4049 3
2191 4934 8
3321 4630 3
3887 4238 4
1929 4990 5
1108 2426 3
3582 3631 10
4246 4528 2
2243 4519 6
53 1318 10
483 4472 6
1310 4861 1
1377 2511 1
753 1112 4
2689 4174 3
1016 1133 2
135 1482 7
953 974 4
1722 4073 8
1156 3344 3
4069 4982 7
2661 2756 10
935 1931 7
433 2398 10
3844 3855 3
907 1881 6
768 4159 2
2318 4926 6
2816 3335 9
1157 4520 6
1596 2038 6
2139 4236 8
1691 4311 9
135 3094 6
142 416 2
3321 3698 1
30 4452 7
1657 3340 8
1059 3697 1
2561 4876 1
97 1703 4
3048 3455 1
4290 4400 4
4615 4820 7
1284 1941 2
1833 4046 7
1116 4607 3
348 1033 5
1890 3621 2
3429 4590 9
2477 2646 10
615 1917 7
2302 3151 9
604 3079 8
403 2889 1
2545 4178 1
4261 4949 6
2941 4185 1
202 1838 9
2229 4907 5
539 2231 1
1492 4283 8
1644 3486 5
1557 3898 4
2444 4823 8
3074 3152 4
2717 4759 2
1027 2189 6
3526 4945 6
178 1514 8
3707 3713 1
476 4064 2
1395 4457 7
1089 2226 4
1813 2087 10
320 3533 5
2133 3133 7
2067 3750 8
1580 4911 2
2688 3329 9
55 2673 3
2105 4219 2
72 4449 9
1587 2023 3
529 3130 10
2447 2725 6
124 3849 8
1276 3605 3
452 4468 9
3061 4068 4
1162 1651 6
519 3271 6
711 1502 5
1158 2238 7
1410 1709 7
3867 4472 2
2411 3468 2
1239 3805 8
1164 4028 6
123 1536 7
58 4495 9
1971 4647 3
1046 2054 2
1399 3677 2
3150 4777 8
2484 2501 8
1681 4624 2
3362 4353 2
273 1811 5
2024 3485 8
149 4427 4
2101 2715 2
187 2311 4
497 2386 5
1446 2274 6
4055 4464 6
453 2543 10
925 2686 7
488 1497 4
1690 2293 3
1383 3660 1
4102 4519 9
1139 1227 6
3169 3701 8
2079 2601 6
2566 4375 2
1781 4244 4
2438 3573 8
401 2411 7
274 3097 10
2965 3174 8
83 1122 2
718 2233 1
705 759 2
2112 4773 9
3666 4282 6
519 1160 2
2307 4909 9
2268 3156 3
3841 3842 7
172 761 9
477 4681 9
624 4099 5
1529 1692 1
1331 1747 8
2023 4241 6
4441 4572 1
2297 4656 9
886 1556 6
750 1205 7
2750 4822 6
1788 3369 7
551 1662 7
3076 4112 7
2280 2873 9
3823 3987 7
2972 4816 2
2430 4371 7
442 1701 10
626 2206 6
2946 4049 8
545 4648 4
253 760 9
1537 4244 4
2438 3330 10
3799 4414 2
288 1751 10
1280 4156 6
862 2855 9
174 3068 7
688 3890 7
2362 2506 8
1785 3540 2
1965 3916 7
484 4989 5
1754 3292 5
3854 4054 10
1061 2036 3
2199 3298 9
739 2407 8
1135 1628 5
4203 4248 3
1430 2283 10
1600 3003 1
2568 4979 3
69 3102 7
1065 2830 8
988 2571 5
62 2040 2
4187 4477 4
311 2723 6
2640 4433 5
2535 3845 5
1451 2264 3
1152 3694 7
300 1231 2
3513 4012 1
3801 4810 3
702 4388 9
1063 4902 9
799 3338 9
1446 4069 9
1404 3324 6
2706 2751 6
2091 4100 1
3653 3747 1
1426 3819 7
309 4942 7
2180 2896 4
3054 3418 3
443 464 3
539 3006 8
4298 4542 8
3903 4433 1
1606 2184 2
135 2835 8
2747 4605 10
4627 4817 2
1242 3246 9
676 4930 9
2936 3744 8
1805 3406 10
1748 4455 4
1080 4303 2
1131 1899 7
937 3737 1
2414 4592 2
789 4419 8
3292 4010 8
2502 3889 3
102 640 10
1657 2981 8
1160 2059 5
4283 4740 7
2529 3103 10
1345 3198 9
1168 3471 1
2505 3386 1
1356 2665 7
1101 4376 9
1093 3369 3
920 3317 5
3341 3439 2
1474 4269 5
399 4178 2
827 3555 3
2533 4688 2
279 1235 9
2360 3523 9
1461 4409 7
2780 3312 2
1767 3120 10
2865 2898 4
2993 4192 9
1880 2232 10
367 722 1
551 2485 5
83 1252 8
1305 2124 10
865 3842 10
1585 1706 10
460 2894 4
637 790 5
1796 4835 3
1497 2697 10
825 986 3
1462 2157 1
3864 4504 8
3766 4274 2
1337 4255 3
3794 4025 9
3715 3720 8
1665 3393 1
6 2833 5
191 494 3
2679 3029 8
263 3264 6
4453 4662 6
667 2089 7
1132 1501 8
526 4821 9
1052 3790 5
484 3949 6
2768 2948 6
4209 4564 1
544 3474 8
271 1595 8
1349 4009 3
873 1257 10
1875 2615 6
3486 3669 3
2228 4072 2
3638 4071 5
1145 4379 8
2678 4003 1
2692 3341 6
1948 4068 4
2194 3424 7
86 4803 9
4855 4997 2
409 767 3
1959 3010 2
3369 4157 7
2336 4413 3
1319 3560 3
244 1634 1
2055 3540 2
84 4930 8
71 3192 7
72 2520 8
1596 1887 5
989 3884 10
3566 4572 8
1437 4842 9
2459 2656 4
515 3031 10
3630 4458 6
1270 4705 9
325 811 10
1595 3910 5
579 4496 9
1692 4694 9
1349 1443 4
643 2297 5
1247 3402 10
2543 4448 6
3499 4645 4
463 3149 6
3055 4764 9
1917 3325 2
4346 4560 8
1517 2701 3
185 3831 7
372 2409 10
81 1052 3
1745 3980 10
234 1893 9
841 3712 6
90 2664 4
2301 4618 6
648 4827 9
1217 3411 9
813 3248 3
979 1943 6
2611 3059 2
460 4401 4
126 2409 4
1474 3506 1
3707 3915 6
2236 3901 3
88 634 2
563 1055 7
1938 3330 3
352 493 8
2942 4887 8
3441 4459 6
2100 2815 3
427 1283 10
2800 3559 2
2121 4196 1
2081 3298 7
744 3931 6
3848 4633 7
1178 4470 2
598 4563 3
1444 3807 10
1999 3778 6
2373 2863 3
2108 3646 4
3678 4017 3
1369 3614 1
985 3356 3
6 1811 3
3987 4647 6
1031 2549 3
2660 4434 10
2705 3475 6
1761 2405 9
1371 2787 5
339 3491 1
1492 4222 2
1924 3454 8
419 2766 1
1368 2587 6
897 1322 8
1170 2003 6
447 4349 4
780 1763 1
475 4563 2
662 3649 3
4051 4729 6
1555 2127 8
337 669 4
1384 1490 6
3397 3664 4
2440 4162 8
3557 3998 1
3148 4558 8
1889 2667 4
379 1951 8
517 2787 4
411 519 1
882 2353 5
778 4888 6
289 2226 2
1173 3901 4
887 2080 2
2365 2766 5
885 4265 1
2698 3512 4
1207 3451 1
1372 3761 8
2207 2590 2
946 1305 3
4518 4750 9
1393 2978 9
114 2881 9
1152 4455 2
868 1293 5
1704 2187 10
892 1231 7
485 2686 7
614 1706 10
554 3263 10
2952 4853 1
923 2899 10
1541 4550 10
3086 4915 4
2055 4069 8
775 2424 5
766 1893 5
1258 3957 3
1059 2220 6
2277 4288 3
1514 4923 8
1634 2040 1
37 363 10
63 3830 10
388 2685 2
928 2178 6
180 4545 6
1025 4001 10
3305 4846 6
219 413 9
817 4391 9
1476 1780 8
971 3784 7
160 1306 1
124 2296 4
1922 4158 6
2150 2749 4
852 3485 1
3641 3795 2
3785 3816 8
2210 2499 3
1295 3703 5
735 2914 2
825 1166 3
1444 3169 9
40 597 2
545 595 6
113 3425 5
590 640 5
33 4347 2
615 1295 10
112 4113 10
2492 3281 1
1908 3726 8
1215 2689 3
1482 2064 9
1701 4215 4
2244 3313 10
2415 3379 9
101 3369 2
568 1015 7
646 2052 10
493 3892 6
3388 3817 5
21 4969 5
1716 3044 4
1888 3391 2
795 4576 5
861 4543 5
414 1154 7
1154 2653 10
660 2934 3
884 1901 4
1072 3108 6
550 1891 9
225 1698 4
1752 4558 3
2953 3806 2
2561 4649 8
1677 4463 5
2612 2825 5
1850 2062 9
2151 2528 2
4129 4476 5
318 2828 8
1075 3040 2
1533 3190 3
2105 2153 7
61 1938 6
2297 3410 5
1373 3902 8
15 527 2
445 475 2
1329 2663 4
41 4064 7
18 102 6
3251 3410 9
270 1568 10
277 3716 5
4057 4107 8
1033 3521 6
3490 4005 7
512 2894 6
645 4336 5
20 697 8
2632 3758 4
1876 3315 6
2300 3080 1
1676 3919 10
1614 2832 3
1550 1729 2
777 3786 2
3639 3688 4
3542 3581 9
2122 3831 9
1528 2322 8
388 2489 10
1003 2675 6
1438 3522 2
259 442 9
1658 3118 8
2695 4382 8
934 2331 9
56 172 6
2037 2510 10
244 5000 7
2996 4716 7
1829 4036 1
139 4804 6
2816 3923 4
2347 2979 2
3623 3905 7
2557 3625 9
1678 2115 10
297 1901 8
430 3541 10
941 2541 6
1650 1994 7
2798 3908 3
2777 3648 3
1207 1923 7
1333 4670 10
2548 4008 7
2305 3441 3
3251 4723 9
198 4656 2
528 1051 1
797 4450 1
2114 3429 3
2701 3174 10
1640 4417 3
983 2706 2
1063 4595 7
3838 4108 9
3585 4004 8
2368 3142 7
4464 4872 8
2529 3340 7
1529 3589 4
966 1787 4
294 976 6
1706 2629 8
736 4098 2
1131 2072 7
546 991 5
2021 2639 3
64 3195 7
3308 3911 4
2693 3456 7
122 2594 3
220 1446 1
1289 2818 7
3056 3401 2
1981 2048 5
3102 4321 4
909 2930 4
723 2373 1
2008 2928 2
3068 4298 8
2354 4106 7
1722 4644 7
1 4784 8
720 3693 6
2586 4830 2
2760 3476 6
1614 1973 2
1676 4264 7
1266 3625 2
2870 3937 5
818 2530 9
783 4788 2
915 3252 9
195 1525 8
158 3565 10
411 2005 5
1793 3749 1
713 4639 6
3649 3712 5
359 3634 5
619 3601 6
2501 2636 5
1112 4569 6
3155 4858 8
550 4227 9
2346 4265 6
102 782 4
768 993 9
4846 4916 5
2410 4492 10
1628 1638 3
648 1114 6
1112 2882 9
3411 3415 7
105 2447 2
2264 2875 1
3072 4145 6
3997 4825 5
3471 3864 2
3714 3871 5
2587 3827 6
120 1848 10
227 4692 9
529 4357 5
907 2032 4
1597 3729 3
984 1079 3
613 4458 5
1310 1964 9
1768 3550 10
89 526 3
3033 4810 6
6 1147 1
816 4533 9
2043 4021 9
1575 4761 1
115 4656 5
129 214 2
80 3072 3
976 4346 8
372 1816 5
1839 1946 9
476 2255 4
474 4846 3
4498 4838 7
3182 4871 6
383 1858 5
1113 2731 6
605 3432 1
4250 4430 2
2346 4405 7
938 2953 2
490 2610 1
2143 3940 1
2636 4949 4
1789 4195 7
1026 3716 9
182 1658 8
292 2678 9
3080 4982 2
722 3316 1
596 4246 4
1359 4311 4
2324 3563 8
2265 4767 6
2436 4972 10
1329 4667 2
1982 4031 1
2563 4632 8
1432 2621 1
911 2340 2
1412 4014 7
2367 3029 9
1242 2077 1
1481 3963 2
198 3886 3
1141 3441 8
3693 4273 10
2881 3169 4
4071 4705 9
1247 4789 3
587 670 10
501 4188 10
3561 3696 8
776 2272 7
1980 4244 3
1906 3430 6
511 610 2
455 2009 4
1282 2685 6
1036 1551 3
2916 4146 10
731 888 6
28 1951 2
227 539 5
931 1540 5
502 2051 10
404 4488 9
602 3455 1
931 2070 10
2788 2882 3
518 4878 2
145 2137 10
1796 1932 2
2638 3868 10
258 3846 3
2378 4737 9
2069 4679 4
941 1497 3
1815 3477 9
1136 3197 2
1149 2529 10
2069 4911 8
783 1940 9
153 310 5
497 2227 5
1548 3947 8
270 2056 4
412 2583 7
3442 4608 10
1394 2134 1
2743 4617 3
3257 4099 1
2269 3738 2
1695 2017 9
2594 2913 9
941 1803 10
130 4447 1
1057 1268 9
620 939 9
1673 1922 5
1135 4217 6
431 695 9
1459 3523 10
1199 3752 6
2301 3385 4
3227 3861 2
401 3453 2
811 1335 3
4163 4400 7
992 2989 8
331 1294 4
1339 1935 4
1020 2220 9
4058 4421 9
2899 4833 4
615 1906 2
1015 2582 5
379 983 8
3922 4516 8
652 657 4
1262 1434 3
1072 4269 8
189 440 6
2470 3240 5
2586 3352 4
1215 4638 9
516 4940 4
4558 4806 7
1319 1671 1
583 3212 1
4322 4800 6
2408 3608 3
2242 2683 3
2804 3366 7
2071 3762 4
3327 4090 6
288 3571 10
55 4796 10
946 1126 7
792 4440 8
1793 2330 6
871 4405 4
2068 2831 3
1245 2571 1
20 3786 7
2895 3693 1
339 2482 10
776 3917 4
238 2812 4
1273 4210 9
500 1060 4
242 4378 9
2859 4164 2
978 4408 6
545 2558 8
2825 3548 8
610 1618 4
1752 2971 1
1328 2411 7
68 1381 8
1131 3932 5
2570 2985 5
3101 4681 5
2340 4613 3
1658 4557 7
106 3912 3
652 1042 1
3936 4433 2
2565 2577 6
2642 2706 8
1916 3225 9
1672 1926 5
1199 2853 5
2318 2374 8
170 3601 1
4082 4814 8
2595 3906 6
2800 2940 3
1583 1967 8
761 885 1
347 4945 4
1369 3087 5
2180 2768 5
1812 2452 2
2124 2967 3
245 3111 4
2096 4428 8
33 4500 6
2580 4244 10
1722 2495 1
2127 4166 6
1022 1328 6
29 2453 2
847 2032 10
3465 3919 2
896 3669 9
2430 4014 6
747 3820 9
2413 4617 9
163 3858 8
692 1772 9
1031 4781 1
434 2501 7
4043 4648 10
1923 1924 2
1912 2596 4
300 621 3
2322 3886 6
323 1556 8
3742 5000 3
1865 2726 9
597 2204 5
2171 2768 8
4041 4128 4
1852 4119 4
2372 3430 6
1065 3166 3
368 3653 4
2297 3829 8
926 2511 7
103 901 8
2238 3298 5
2136 3796 8
579 1299 10
1090 2414 7
676 968 5
22 1781 10
491 1281 10
2376 3104 4
3747 4573 6
342 1144 5
742 2378 9
2590 3803 5
2150 2468 6
1129 4915 10
185 375 7
3924 4414 7
2283 3635 7
2353 3020 2
2297 4218 8
3545 4587 5
446 1868 3
873 2070 10
881 1463 6
2658 4445 3
1933 4113 2
410 1681 2
210 4879 5
3353 3825 5
240 821 5
1627 2929 6
1764 4326 2
1708 3678 8
2597 3425 6
141 2123 7
2020 3651 8
635 3389 6
2132 4511 8
810 3212 1
655 3368 2
2240 3048 2
817 3876 1
1086 1579 7
741 2891 4
130 3399 6
1070 4681 7
558 1383 10
3147 4258 3
1746 4412 4
2497 3757 2
3641 4302 7
1577 3221 2
2740 4513 1
552 3769 9
209 4511 8
2377 4609 5
383 3616 7
887 1073 10
2534 4046 5
2364 3681 3
1231 4236 9
1452 2846 8
2139 3578 4
2314 2950 9
1729 2119 10
510 2496 7
1004 2471 6
1162 2431 6
2283 2617 9
1805 4241 1
718 866 4
190 4103 5
1549 4552 10
1487 2760 8
1390 2496 9
3193 3396 7
1031 1545 6
384 4490 1
2977 4682 2
2953 3607 3
2453 2821 5
3025 4903 5
2835 4028 9
1644 4159 6
1404 2467 4
1738 3728 3
76 1677 3
2189 2707 5
2903 4813 1
3563 4595 3
1418 3085 1
2531 3748 7
2068 4599 3
2082 2621 1
324 605 2
1069 4648 2
2392 3287 2
2246 3335 8
686 2157 4
1246 1790 6
259 2672 3
1664 2497 2
3547 4832 4
732 1818 2
2616 2639 6
4015 4134 6
1788 4632 10
2054 2424 4
1084 4954 5
2432 3059 10
1312 3027 7
1316 2198 1
1934 3290 2
1085 2245 10
1018 2298 7
953 1384 1
480 2638 4
569 869 5
362 3463 2
146 463 2
1227 4612 1
812 1684 2
3000 3109 3
2697 3229 5
2502 4020 2
558 3827 1
10 4456 9
1211 4063 2
159 1577 10
3666 4164 8
2256 2738 10
2425 4265 7
3289 4891 3
376 3305 1
806 1511 8
988 4766 9
2968 4222 6
1856 4624 6
3306 3419 9
3713 4141 9
1309 4981 9
2888 3203 9
834 3550 6
1244 3345 3
1220 3659 9
2810 4881 8
4214 4458 3
4327 4338 5
1687 3303 1
3164 4295 3
1636 2573 7
3216 4133 10
2018 4340 7
692 1587 3
199 1094 3
436 2751 2
2376 3360 5
657 3178 6
202 3349 3
2463 3518 2
3979 4926 1
2389 4281 8
1275 2299 3
1782 1914 1
2403 2644 7
3050 3687 10
27 4236 1
781 3150 4
238 2140 2
1100 2131 10
2913 3526 8
3075 3952 5
1755 2218 5
1271 2891 7
161 2448 6
600 2494 10
1239 3975 3
432 1959 2
2327 3226 2
706 1408 10
361 1233 2
83 3121 1
2683 3142 4
1623 2014 6
1238 4293 3
1921 3497 8
350 1392 4
4 3249 2
3567 4622 10
772 1678 1
1364 2531 9
1635 3549 8
1765 2182 9
884 2051 4
3240 3641 8
1601 1895 10
2469 2570 8
1524 3481 10
2049 3217 5
4172 4922 2
1810 2121 6
1376 3858 9
1058 2937 6
1111 3191 4
838 4298 3
583 2127 6
2387 4930 4
1520 3887 6
1638 4368 8
2253 4924 1
2595 4173 8
435 3801 1
227 302 9
2357 2666 7
1796 3286 2
1615 3369 2
2297 2723 8
2598 3372 6
2084 2245 3
979 2329 1
2636 3925 4
88 152 3
1709 4687 9
2094 2356 10
763 1658 9
1439 2161 7
893 3571 6
2605 3219 3
1499 1957 10
211 4928 10
4198 4590 9
1713 1844 1
1515 1709 4
391 3379 8
4172 4997 3
435 1844 4
2037 2052 10
1760 3056 9
2185 4813 1
498 1383 2
1498 2116 4
1837 2240 10
4706 4720 8
560 4213 9
1205 4641 5
1589 3136 8
1199 2984 10
3190 3208 10
2236 3822 9
499 1018 9
1227 4627 5
1604 4530 5
508 1061 3
1764 2852 2
180 3481 3
2205 4529 8
2344 2571 8
2726 3260 8
795 1652 10
4259 4705 5
1170 2987 10
202 3535 3
1674 4389 9
3843 4633 5
519 3863 8
998 3357 3
1114 3918 2
3292 4433 6
1062 4757 2
1292 4151 6
902 1767 3
848 1367 6
2003 3631 7
1417 3345 9
72 214 7
1558 1862 4
1824 1831 7
1155 2327 8
7 312 4
573 1572 6
323 2954 7
1421 2660 1
2331 3235 9
2073 3569 2
4207 4946 8
1653 1804 7
528 996 8
2373 4351 1
2321 3524 6
436 2953 8
766 4782 3
1700 4349 9
2220 3537 9
2323 2703 4
1345 2455 4
661 755 8
1151 3650 6
2975 4371 9
1953 4881 9
701 4937 1
593 3706 4
266 472 8
4547 4909 8
507 3541 2
1219 3500 5
1250 3094 4
1508 1620 10
2215 3475 9
2418 3911 7
997 1471 9
801 1588 5
775 1548 8
260 1711 7
659 3947 6
2464 2679 2
2341 3081 3
1800 4662 3
309 4182 3
4603 4749 8
732 1976 7
3763 4325 1
237 846 3
633 2692 8
1599 4250 9
746 3668 4
988 4069 4
4825 4903 7
1079 4412 2
2214 2513 3
849 863 3
995 4762 2
2315 3294 6
1497 1617 5
350 3357 4
125 1993 7
242 2664 10
960 3002 1
2048 4730 7
393 3028 1
89 3873 2
166 3647 4
4563 4664 9
557 1013 8
1438 4054 5
1469 4954 6
43 4126 3
2498 2526 6
394 4225 6
799 4786 3
1217 2132 5
2886 3592 3
966 3392 7
3074 4256 8
3318 4807 3
461 2646 7
1358 4384 5
478 1875 4
963 2521 2
1694 2193 5
1046 3518 10
2382 4724 2
622 1407 6
1605 4188 6
852 2079 7
94 3233 5
2568 3989 6
683 3173 9
3034 3502 1
1413 4698 5
96 4520 8
877 2867 2
435 709 6
494 2974 1
2173 2194 4
619 2756 9
1009 2577 3
218 1947 9
1181 2431 6
1194 3256 8
1990 3761 5
731 3599 1
2103 3946 7
447 1127 8
686 3500 1
2738 2777 8
1242 3248 3
2412 3074 1
2304 3016 6
1289 3549 10
320 478 9
4666 4827 8
1473 2707 1
236 2596 4
629 2004 9
2247 3023 5
2237 2882 9
577 3911 8
3672 4279 4
1309 4198 2
585 1007 6
1337 2130 6
1484 3148 9
1239 2000 1
3606 4371 2
672 2699 2
1019 3398 7
269 4613 5
2013 3209 9
8 3216 1
1165 1833 1
639 2967 9
1202 3515 9
1552 4138 6
1207 3768 9
953 3392 9
1440 3250 4
391 542 4
21 3734 6
1170 1988 6
2528 3950 1
639 4358 4
1801 2140 5
2270 3523 6
837 4654 9
582 2405 8
140 249 7
380 3704 1
4240 4979 7
117 3451 1
1063 1325 2
887 3059 6
727 1843 10
525 4690 2
759 2606 10
1115 4809 8
1533 2587 4
2253 2304 2
3267 4006 10
2660 4848 7
2651 4743 2
203 3066 10
1151 4841 6
816 1281 3
414 908 5
437 2938 5
1430 4769 9
106 1494 2
1088 1812 1
1048 3151 5
1756 1963 6
2742 4877 7
2046 4587 3
1845 2689 10
192 2193 5
2877 2959 9
1633 4694 9
2928 4210 7
2157 2531 4
146 3552 10
335 2463 3
30 3224 8
472 3113 10
190 726 3
20 2859 7
4312 4714 8
1216 1429 2
1853 4456 4
1742 3092 4
1300 1941 8
3140 4146 3
918 3319 1
2571 2896 8
749 1483 9
1084 1629 3
2990 3025 2
2554 3967 1
196 1085 1
4205 4650 2
964 1285 7
169 3430 2
3444 4365 9
3077 3865 3
3668 4336 5
3193 4006 8
2052 4893 5
2734 3164 10
103 2440 5
2083 3047 2
1807 2692 4
17 4131 8
3225 4456 8
3043 4384 8
50 1368 10
2531 3030 5
2837 3587 3
387 1683 10
812 1946 5
832 3231 4
1806 2508 1
240 1825 7
1543 4816 9
70 1265 1
1143 1246 9
1172 2551 10
1954 2732 10
662 2379 8
3967 4670 9
1629 3010 6
3231 3563 1
35 1806 3
1094 4607 10
1561 4548 4
1870 2572 9
112 1169 9
2300 4414 2
2600 4210 10
141 2465 1
499 2973 8
1987 3413 10
653 3062 2
678 2635 4
2 4907 7
2520 3650 10
1019 1404 2
967 2917 3
1572 3286 2
927 4961 10
3622 4449 9
234 1983 6
916 3057 3
383 3279 8
621 2743 2
1726 2609 6
2323 4510 6
1051 1442 9
1170 4119 1
1812 1907 4
843 4113 4
1657 4859 3
1627 3605 7
2553 3412 3
2394 4107 2
1283 2633 3
803 4422 9
535 2190 1
587 4922 10
99 1113 10
1031 1851 5
2523 2532 1
4655 4663 2
866 3028 9
444 1100 7
2250 4313 10
2104 2527 10
801 1221 6
1797 4768 8
1415 2610 8
317 4890 6
294 846 1
3486 3602 1
384 4352 7
2527 3267 3
842 2444 4
98 4790 6
845 2330 9
884 4602 1
4197 4899 2
26 3973 8
1401 3532 10
482 2163 4
766 3268 9
741 2774 8
2739 4787 6
266 1847 5
3820 3826 4
1972 3625 9
678 2973 10
2570 4587 8
998 1747 9
629 3089 8
2228 4336 4
907 4978 3
2372 2563 7
535 1160 4
750 1179 9
554 1246 7
4201 4265 3
243 348 8
257 1241 6
987 4388 4
281 4028 4
2311 3482 4
122 2772 2
549 4692 2
1156 3566 7
3402 3516 3
1600 3726 10
4530 4754 10
530 4760 8
826 3706 5
2977 3677 1
2382 2899 5
993 2103 2
521 1176 2
565 3144 6
1395 1526 1
304 4450 6
1621 4129 3
144 1926 9
2059 4495 2
1505 2105 8
2076 2157 3
1001 1568 2
4528 4645 6
580 2009 7
3517 3564 7
827 3285 10
1892 2959 2
1733 4025 5
2684 4665 1
742 3371 6
330 944 3
4004 4636 3
946 2749 10
1777 1851 10
1081 4503 7
1591 2523 5
169 2242 3
2938 4117 6
852 3870 3
1530 4464 5
2849 3299 3
1438 4187 9
563 3478 3
1492 4345 9
1552 1755 6
2978 3814 8
871 3318 8
271 1185 10
3435 4370 10
2077 4429 8
2190 4648 4
2380 3049 1
549 1768 2
800 2825 5
2165 2968 5
2014 4277 10
755 3848 1
287 1740 3
1135 4666 7
2684 3709 1
1809 2589 7
3681 4020 7
763 1865 8
1047 2741 7
1706 3320 7
826 2959 9
429 2063 9
395 3051 2
1448 4607 4
469 3692 5
2 4437 1
2119 4729 8
3031 4831 8
319 4305 2
3872 4601 8
2796 2855 1
662 2042 5
927 3002 3
2670 4657 4
1257 1735 9
721 2920 8
935 3340 7
442 4077 8
1190 2128 7
1064 1783 1
1052 1957 7
3291 4802 3
461 4656 5
3476 3611 3
966 4652 6
679 1058 7
484 3641 4
3115 3712 4
1627 3034 5
1830 2931 3
1990 3677 10
432 3883 6
375 2477 1
554 4997 4
1197 1457 8
351 3645 4
503 739 3
3094 4129 4
103 1341 1
535 2378 8
3782 4748 4
670 3606 3
850 2494 3
6 3467 3
1143 2694 3
1821 4135 6
4292 4421 8
257 4641 1
957 1079 7
3744 4048 10
1316 1790 10
294 707 7
269 2444 3
2441 3316 5
2683 3955 8
1575 4917 6
1519 2643 7
2864 3564 1
2735 4081 6
2419 2600 1
1166 1636 4
385 2601 6
1756 2455 1
614 2467 8
2562 2628 6
880 4609 3
505 4656 10
769 1366 4
3564 4746 10
1077 1384 5
277 1048 3
1329 3507 4
3124 3435 2
2026 2960 3
2329 3117 2
1966 2527 2
1778 2261 8
2139 3331 5
621 3608 8
1063 2450 2
97 147 5
999 3920 1
966 4308 8
854 859 8
3143 3780 7
288 2223 3
2287 4621 2
3927 4540 3
1125 3457 1
633 1384 3
525 1366 10
3335 4711 2
166 2495 2
533 1619 2
788 4378 3
396 2209 4
3188 4699 7
4186 4991 3
2203 2374 4
1717 2725 5
54 811 7
1042 2955 3
3610 4610 7
1410 3823 8
1486 3008 2
2309 4046 7
1936 3963 7
277 4127 8
246 1555 1
2540 4923 1
133 589 6
3993 4683 5
659 3961 5
3726 4584 5
528 2538 6
965 2107 10
4081 4112 2
2874 4909 7
223 4103 5
4258 4569 7
204 3379 3
638 2573 5
936 2233 1
171 2551 1
2871 2935 3
1891 2608 3
3104 4753 6
1860 3883 6
294 1703 7
3358 4244 3
1293 2469 7
1069 2439 6
1138 3210 1
237 4270 6
473 1399 3
394 4787 3
1062 4595 6
2 4763 10
3886 4733 4
2416 3289 1
591 2172 2
2269 2897 10
275 617 6
692 760 5
970 2236 9
2026 3262 9
41 3095 3
968 4794 5
3038 3690 10
697 4274 9
743 3460 7
2337 3793 10
305 397 9
2 2786 4
1210 3196 7
2081 3615 9
725 1622 6
1694 4962 2
2780 4599 9
435 4742 8
2132 2919 3
3488 3678 6
3250 4789 9
854 3797 7
2077 4565 8
1461 3865 5
63 2158 9
1653 2844 5
1354 4054 5
700 927 2
1870 4452 8
1716 3948 10
1753 3639 7
1238 2238 10
1446 3233 6
50 3923 4
1634 1980 1
4522 4929 6
2926 4027 3
189 727 5
2020 2468 3
1163 1662 1
2023 2543 10
186 3234 9
1438 2778 4
3664 4458 4
2672 3218 7
1195 2088 9
826 4475 6
3488 4380 4
986 4403 3
2444 2711 1
1312 4976 1
1344 3820 2
226 2869 5
4696 4798 3
2108 4155 10
2334 3991 9
2186 4878 8
3515 3884 3
1750 4155 1
2698 4875 6
2768 3463 7
941 2736 8
2725 4134 9
2374 3396 6
2343 2645 1
4661 4824 8
2221 4983 9
1296 2207 3
2949 4215 1
1579 2118 5
1837 4906 2
2818 4881 4
1871 2261 4
557 3766 6
1206 3341 5
534 855 9
930 3346 8
405 3273 8
45 4918 4
157 2619 5
3274 4533 10
1366 3088 2
946 2864 1
51 201 9
1044 2166 5
782 4948 3
2373 4775 5
597 3986 9
1985 3382 2
2497 2866 7
1540 1703 9
2672 3686 7
4515 4889 7
2157 4475 4
3309 4508 5
706 2782 6
2388 3365 9
500 2419 10
988 1227 8
1748 2001 4
445 2005 1
2763 3718 4
1256 4303 8
2502 3203 8
997 2195 1
2898 4101 7
2533 4236 3
2064 4695 1
2257 2765 1
699 2211 6
2662 4687 1
3025 3290 9
408 4483 9
970 3184 1
45 4790 2
2515 2794 6
3417 4119 2
596 3213 3
1204 1678 2
2248 2996 7
1416 1788 1
2487 4588 2
2744 4263 6
441 4354 2
1876 2123 2
4760 4947 7
2262 2381 6
588 2240 10
137 2878 1
1806 3538 1
696 752 7
2150 3566 7
1887 2245 2
440 740 1
2912 4199 1
979 2271 3
4376 4761 9
2278 4545 7
1861 4811 5
275 2345 3
1122 1797 2
582 3111 3
1062 2597 2
710 3008 8
3709 4754 6
18 1995 7
1304 1529 4
89 1725 2
2832 2888 3
2014 4469 5
37 1569 10
453 4992 9
1762 4219 3
2260 4034 5
354 1612 4
1389 2537 1
3438 3539 10
145 769 3
2511 3617 8
2714 4271 1
1573 3344 9
2259 3950 5
2390 4425 3
1279 4486 4
2010 4781 2
2504 4952 10
341 4024 2
1298 4669 6
1957 3433 8
1489 3290 7
3457 4545 5
788 4644 1
3209 4421 8
3110 3469 8
1178 1867 10
618 1054 1
499 4186 3
115 1821 1
781 3984 3
408 2297 5
1138 4450 2
3907 4275 3
72 2203 2
1558 2755 10
2244 4503 8
1996 4235 10
1318 4519 5
128 4958 8
3241 3624 2
681 3201 8
2148 2406 4
110 1566 7
1361 3740 5
3853 4487 9
2693 3791 3
4309 4634 8
4640 4711 10
751 3760 6
395 4545 1
3215 3800 8
1576 3673 6
1340 3888 4
848 2141 6
2024 4920 2
1667 3186 5
3948 4851 2
2141 3773 9
1466 2927 5
1570 4712 8
841 2596 9
1811 2661 8
1792 3887 1
3852 4375 4
2874 4378 10
2988 3181 1
393 3648 3
574 2935 2
925 4239 10
1968 2328 9
2132 2240 2
3237 3828 4
710 969 7
1850 3301 7
1805 3346 4
3916 4233 1
2116 4123 1
2006 4034 3
481 2881 8
711 2657 6
1590 2706 4
1945 2457 7
2826 4256 8
892 4916 8
2248 4193 3
185 3328 10
2697 4366 10
1211 2870 1
21 3709 6
3326 3461 8
3031 3362 9
735 2355 5
2694 2780 4
959 1089 2
4085 4640 9
4406 4654 5
1391 3485 10
690 2987 4
2597 3447 2
1011 3674 10
2081 4276 8
1128 2604 4
3047 4591 6
730 3510 4
904 4314 5
2846 4954 10
277 2373 5
1808 2335 7
1101 3916 8
4553 4999 10
572 3556 4
3746 4923 8
3529 4235 2
754 3288 2
1659 4421 8
2686 3047 10
2693 2910 8
4438 4971 5
509 4854 7
237 2753 4
591 2531 9
3285 3691 5
4514 4663 10
2435 3534 10
826 4020 7
3526 4247 6
2683 4146 3
3639 4208 5
1469 2450 7
687 1299 6
2065 2737 3
223 2267 10
2266 3113 4
731 4990 5
643 2627 1
1838 3623 8
324 1768 9
3108 3297 2
2838 4101 3
1336 3930 9
4076 4625 1
1297 4982 10
945 2924 6
466 1715 4
1755 2399 3
1822 4042 9
3283 3704 10
3013 3313 10
334 4635 5
181 2116 2
2805 3463 2
917 4363 2
1651 3222 1
2767 4674 5
1488 2520 3
2738 2921 5
748 1520 4
3265 4383 5
638 4631 1
1371 2316 6
1827 3794 10
806 1584 5
951 3069 2
357 3118 4
999 1246 4
349 4980 10
309 3567 8
1181 4884 2
2198 3302 2
1807 3247 7
245 303 9
228 2273 7
954 966 4
4111 4317 1
123 2090 2
2544 3713 9
125 1585 8
961 2233 5
548 3842 4
4839 4876 1
1996 4761 1
3406 4799 10
426 1853 6
1375 2095 2
2558 3556 4
2410 4230 10
865 3427 7
172 982 4
1853 1874 6
323 1409 10
738 4006 4
1200 3806 2
1834 1969 3
198 1384 7
2363 2538 6
1691 2633 2
1145 3668 1
3084 3203 1
410 3119 2
2274 3073 10
1021 2276 7
2181 2967 4
1415 4731 9
70 338 3
4893 4910 4
3119 4760 10
3822 4025 1
282 1341 5
583 4601 7
298 4603 4
276 771 1
471 2751 2
3244 4589 6
246 2509 7
2365 3537 1
71 3343 7
1696 2465 3
1857 2726 1
2343 3827 6
940 2649 7
1108 2697 2
1511 3384 8
84 2626 7
2123 2858 1
1641 3422 2
1774 3844 7
4412 4920 6
675 2158 10
996 3551 7
948 2975 5
2133 4302 2
1722 4959 7
100 2467 10
1059 2150 7
206 3943 7
4094 4745 3
900 4976 10
1298 1419 2
883 2140 7
1591 4278 8
134 3809 6
157 3625 10
2956 4096 1
587 4459 7
1046 4130 10
909 1652 5
392 2861 5
4566 4717 7
3245 4797 8
1745 4177 1
1388 2411 7
1532 1707 1
369 999 9
3645 4880 6
2054 4180 3
2309 2454 2
903 1342 9
1716 3289 6
219 4419 10
1605 1742 9
1555 2803 3
462 1489 3
2456 3243 6
637 4803 5
2428 3688 5
2560 4724 6
1722 2076 6
3670 3935 10
3545 4379 4
4124 4708 5
2962 4551 8
1344 1857 2
425 4931 7
1633 2297 8
2743 4133 10
3232 3934 9
1915 2875 2
1562 1918 9
1970 4932 6
324 1848 4
904 1752 10
4547 4787 2
667 3371 8
556 2750 8
2184 2598 4
593 902 3
1599 1713 1
1122 2469 8
1620 4369 6
682 3128 4
1713 4384 3
763 1983 1
3002 3407 4
225 3246 7
697 1036 10
664 3608 4
2993 4401 1
2010 3432 6
2556 2791 9
357 3275 7
3282 4727 3
1769 2485 1
688 4939 1
4488 4535 8
2512 3455 2
1872 2308 8
3496 4528 2
2267 3821 1
1250 2320 6
1363 2298 6
535 709 5
2417 3071 1
638 774 7
3155 4672 6
635 4642 5
794 2705 6
2877 2921 1
3351 3774 4
300 2806 9
1465 2562 8
43 2212 5
419 3801 4
134 4827 10
15 4436 8
406 1755 7
4025 4836 8
2437 2792 1
104 4461 9
229 3411 4
1394 3816 5
2480 4808 8
1742 4197 5
2505 4159 3
3860 3971 4
876 4979 2
4558 4902 3
22 1279 2
3214 4333 8
467 2453 8
427 4649 8
2122 3985 10
2360 4393 9
658 4847 9
4377 4600 6
694 4513 3
1897 2417 9
4220 4801 10
1038 3723 6
4366 4425 8
2762 4459 1
2151 4334 5
160 454 10
2192 3885 4
961 2306 5
3211 4362 6
177 1597 8
2168 3384 2
553 618 2
316 935 6
626 2492 5
1685 4792 4
2232 3051 8
766 1424 9
2059 2920 8
1502 3874 8
514 2488 6
496 1646 10
365 4053 10
978 2213 10
1875 2203 7
2775 3517 3
1790 1860 8
1028 1262 8
3177 4795 10
617 2204 6
449 3812 6
1721 2442 5
61 1515 3
230 455 5
1772 1987 1
801 4329 10
2057 3103 10
3480 3683 7
1790 4596 10
3617 4701 7
3283 4035 5
572 850 5
578 1024 1
1772 2343 5
564 4988 5
2928 3081 3
2141 2540 3
2298 2759 9
2277 4719 4
953 1203 7
1707 4149 10
2859 4766 4
2 3615 5
596 2906 10
300 1988 6
1088 1604 8
1295 2399 9
621 2231 9
52 3158 7
1278 4415 6
82 92 7
833 3870 5
1550 2134 1
1572 4353 8
2635 4101 6
3672 4230 3
823 3746 10
2438 3504 2
114 4077 3
609 1618 2
2684 4105 3
1751 4548 6
806 2433 1
541 1830 8
1043 4343 8
40 1804 9
558 3701 3
587 3497 3
526 1435 10
2444 3082 3
461 2257 5
1256 1947 4
2453 2479 6
26 465 9
1090 2929 3
1703 3931 1
1698 3875 8
2064 2397 4
1731 2312 3
405 2518 9
1735 4677 10
1653 2378 7
1649 2829 1
3003 3036 5
458 4855 10
2652 3018 10
465 4712 10
4082 4292 1
2353 2945 3
3005 4110 6
1466 1589 4
835 2379 5
280 481 9
1232 3635 4
1579 2257 10
3552 3877 5
856 3898 5
949 2077 6
988 4592 4
1906 4299 1
3235 4610 10
3180 3373 1
758 3396 10
396 4862 5
100 345 8
2855 3584 3
884 4771 8
3555 4052 5
186 1152 1
1485 2052 9
1855 4630 2
1984 2676 6
984 2343 4
112 3054 2
665 3445 9
3127 3575 2
548 1844 8
48 3287 3
3099 4055 4
1597 2122 7
2487 3441 5
1115 4612 4
460 1959 5
1809 4836 4
3123 4811 5
338 1016 7
1728 4762 9
1577 4347 1
4037 4812 5
4314 4492 8
467 4453 2
1373 1409 6
2356 4784 5
1895 3905 6
2306 4469 10
3337 3762 3
1942 2530 8
686 1555 9
1458 2369 2
60 4282 4
1786 4073 2
584 4619 8
1097 4155 4
2990 3867 4
1454 4687 6
706 3287 1
656 4421 10
1492 2708 4
2546 4281 9
2693 3506 7
3054 4744 3
2627 2912 4
3704 4092 10
619 998 10
2603 2974 7
173 404 9
672 3860 5
1655 3050 5
2613 3127 7
997 2572 4
1241 2089 10
2679 2880 6
2160 4473 6
2089 4176 6
1602 3276 2
3759 4359 8
296 2573 7
1434 2609 7
2527 4090 10
634 1830 10
3872 4247 9
3081 3205 8
1406 2396 1
1415 3413 6
1945 2581 3
2708 2812 1
2430 3609 7
3451 4166 5
133 2714 8
8 4650 4
678 1571 8
888 4143 10
2440 4726 9
355 732 9
1061 4212 7
2094 2545 9
2312 2568 9
2748 4613 6
1808 4897 9
1596 3963 8
777 3586 6
307 2675 5
2728 3250 8
2180 2669 10
2333 4034 5
1463 4567 3
323 3008 7
2337 3036 10
428 2950 7
649 3557 2
1688 4359 1
2335 3323 6
1242 2692 5
315 4216 4
230 4115 7
2493 4294 9
3808 4196 5
829 1553 5
2488 3331 3
585 649 2
230 1664 4
3726 4783 1
2767 3530 2
473 2488 1
346 716 2
785 2412 5
1604 2359 5
303 3668 4
909 1893 2
81 2102 4
3874 4595 5
375 3356 5
1139 1330 10
1197 2845 7
3299 4545 5
1081 2155 1
4106 4635 5
2095 3877 6
2799 4644 10
2968 4991 1
703 4121 7
298 1307 1
3780 4685 7
1175 4819 8
2160 2255 3
3647 3887 9
224 4518 1
330 2566 1
1877 4281 5
751 2837 10
658 4957 9
2015 2147 6
1549 4263 4
4160 4298 10
580 3273 3
1287 4937 3
3388 4673 7
2659 4492 2
32 322 10
3532 4166 7
724 1273 3
2866 3281 2
2334 2449 6
1641 4700 2
465 4889 4
3218 3708 3
2254 3129 4
302 888 4
342 3209 10
2601 3842 3
2585 3909 8
3240 3636 6
2334 3271 3
1522 2869 10
1221 1619 6
3541 3632 4
3097 3632 5
3879 4007 3
110 941 3
2039 2381 2
676 1199 9
1377 4201 5
1630 3270 10
321 474 8
1616 1759 1
992 3120 5
1245 3422 8
1031 2855 8
3358 3566 7
652 4481 4
396 2642 10
4039 4943 5
700 1303 5
1221 4430 9
3621 4716 7
1866 3092 6
2150 4118 5
2602 3432 6
319 3531 2
1364 1733 1
2272 4047 7
2206 4189 6
2734 4134 4
3299 3736 5
3177 3897 7
3060 4112 7
1446 2103 10
94 2790 1
388 4002 8
590 741 8
1980 3914 6
549 2681 1
1385 2380 8
3235 3547 9
2271 4139 10
733 1471 9
4192 4889 8
817 1879 6
1028 2424 7
1628 4005 8
979 3384 5
785 1693 5
1106 2229 9
2292 3674 8
28 1886 1
1515 3647 1
134 3788 2
1154 3371 4
513 3665 2
2223 4372 1
1110 1193 1
330 1387 9
71 3214 2
2170 4603 9
1786 4731 6
545 3411 5
1913 2159 8
2069 2248 7
1378 4084 5
1134 3523 6
947 3985 5
366 4617 5
1875 2125 8
1388 3187 1
344 811 8
1302 4093 8
711 3114 10
1461 3609 9
2626 2750 8
1453 4651 5
174 690 5
1914 4212 8
74 2736 10
203 2384 4
2822 4615 9
2366 4500 4
1944 2996 9
4027 4338 8
1313 4888 10
524 3375 9
402 601 8
1259 1811 6
3626 3810 4
631 4786 7
3896 4210 10
1228 3749 2
1953 3008 7
50 4789 6
1849 2004 7
330 695 10
477 2847 1
1782 3380 3
3992 4852 9
862 1009 5
1434 2998 4
1983 2862 5
2032 3756 2
185 4717 6
298 3255 2
4025 4263 5
1280 1381 8
4093 4757 5
1373 2218 3
1367 3197 3
1373 3509 6
242 3377 7
1577 2598 4
3854 4420 3
80 3231 10
956 4986 6
1072 2567 3
2623 4383 7
1864 4753 10
2683 4220 1
492 950 1
2114 2668 7
2297 2859 5
3151 3854 4
1776 4279 1
912 3814 7
2191 2203 9
440 2977 4
1757 2226 5
1294 4689 3
2673 4125 5
7 3621 6
2158 2362 2
1359 2987 10
887 2011 3
12 3541 1
323 4319 8
432 4858 1
718 3570 8
694 1120 3
1104 3785 9
2662 4703 3
3167 3513 6
3000 3262 4
1849 3261 4
3243 3525 6
684 991 9
529 1644 9
2694 3038 1
3101 4124 2
4132 4174 5
679 4696 6
1115 3039 10
682 1480 6
1747 2785 5
1169 4683 8
3093 4899 8
106 2996 3
3487 3672 9
563 649 4
4805 4978 4
2444 4636 1
3649 3769 8
2354 3221 2
4500 4730 8
4677 4848 2
1383 4285 6
555 3264 6
2941 4230 6
734 3224 10
559 1002 3
596 4502 9
119 2230 3
208 1345 7
449 4046 9
2647 3317 4
476 3967 2
607 618 3
397 4469 9
177 2079 1
609 1775 6
3122 3720 5
2934 4449 9
1823 2632 8
2455 4514 5
2243 3724 9
110 867 2
17 3178 2
211 4785 2
1075 1222 8
93 3166 5
3881 4473 8
2805 3438 2
166 2160 7
220 4828 1
1147 2717 6
1443 4192 2
265 4406 5
668 1797 6
705 2764 5
3025 3068 6
1559 1754 5
277 1226 8
2241 4096 7
530 2371 5
415 2648 4
3388 3642 8
2361 2806 7
1185 3986 6
43 2294 10
397 1947 2
3570 4334 1
1270 2551 8
815 1003 6
2965 3277 3
2656 3146 6
1830 3296 10
547 4930 9
746 1360 2
1673 3016 6
1274 4151 2
1497 2111 6
1409 4053 1
17 110 4
342 1994 10
1202 2797 3
1833 3576 5
1852 2701 5
274 3733 5
3076 3629 4
1232 1488 6
3676 4594 10
2612 4204 5
605 2088 3
642 4341 7
1189 2329 9
281 1887 5
1790 4256 4
203 1270 9
1246 3875 5
584 2766 9
1840 3231 4
1160 4256 7
289 931 2
2363 4475 9
1130 4083 3
2298 3767 9
1453 4060 7
1596 2940 4
216 2747 6
1688 4490 8
868 987 1
97 267 10
2841 3773 7
2844 3971 6
1118 4017 5
3362 3881 1
843 4232 8
2748 4860 6
2071 3616 8
2113 4060 8
1022 2472 6
1257 3965 10
88 1468 7
131 1908 2
2606 4285 3
2565 4369 4
2846 4058 5
252 1078 10
2560 2873 9
224 2348 5
2585 3489 9
1896 4130 2
2402 3755 7
439 1907 10
191 1856 9
84 4665 6
71 2729 5
221 2468 3
635 4326 7
944 1545 9
3130 4427 3
681 3101 5
2145 3809 3
647 2099 10
2540 4501 6
592 1880 8
836 3561 7
940 2574 4
2519 2599 3
1491 2349 4
954 2308 9
76 780 3
70 1439 7
1689 3789 3
815 1205 10
241 1317 8
1783 2558 4
3985 4979 1
1438 1442 4
3781 4232 9
1260 4021 9
2515 4106 5
3285 4340 3
1584 3553 6
2412 3661 7
439 2901 9
2504 4620 10
2873 3569 7
2171 4451 4
207 1398 2
1645 3920 4
2878 3907 6
1913 4730 1
2377 2943 8
1024 1465 4
3601 3615 6
2884 4677 2
664 4030 7
1412 4341 5
68 1674 2
414 2691 1
1959 3674 6
2655 4117 10
1749 4173 9
1504 2773 6
4407 4507 5
1492 2122 6
17 1283 10
1818 4104 3
632 3854 10
135 732 7
1707 4136 5
678 3535 6
1223 2367 9
2823 2864 2
276 824 6
1559 3503 5
929 3623 4
1461 2332 2
1705 3748 7
905 1948 5
2693 2711 9
231 4115 9
276 1206 4
318 886 10
2253 3897 3
940 2705 2
143 1770 1
2103 2344 2
1320 2069 9
3887 4301 1
2019 4611 1
4050 4792 8
422 1734 5
3089 3858 10
1215 4899 1
744 3271 7
852 2203 10
3462 3509 6
886 2030 1
4213 4669 4
194 2754 8
1874 3401 6
3374 3557 1
33 47 3
3531 3715 1
53 2798 2
97 2186 7
2080 2113 7
537 2628 3
1394 2988 4
82 955 10
796 2257 4
1687 4326 8
350 1892 1
2521 3298 8
2383 3529 2
2335 3010 4
44 1633 3
515 4105 2
4090 4104 2
459 3494 8
712 4421 6
1065 4143 6
1335 1725 2
3638 4968 3
534 4501 2
3122 4310 2
3807 4426 10
199 730 4
2298 3264 8
806 4660 3
284 1642 5
479 3192 9
1108 1170 4
1518 1519 9
3156 3404 2
359 868 1
1058 3490 10
1591 3415 1
344 4581 9
1018 4144 8
732 2256 4
1269 4671 10
817 2637 2
758 1708 3
3041 4988 8
271 1180 1
509 2994 7
1579 3662 5
1313 2512 9
1218 2622 6
31 1796 2
953 1244 6
3300 4560 2
2345 4046 8
3230 4087 4
1724 3334 3
3176 4715 5
3878 4950 7
462 1512 6
784 3485 1
2686 4086 4
2687 4353 3
1221 2296 9
896 1648 8
4153 4422 7
325 4083 8
1207 2046 5
36 4636 7
2164 4033 3
2184 4661 1
263 2584 2
1437 2195 10
1386 2304 1
1464 3320 6
2453 4917 5
1576 2714 5
2856 4841 5
1935 4892 10
1705 2001 10
892 1081 8
43 1823 10
1825 4742 4
2205 3692 4
1041 1151 3
384 3402 10
305 4504 10
113 2284 8
3735 3879 9
1192 4555 10
923 3514 6
1672 2828 1
1581 3726 5
129 1766 3
577 4262 6
2215 2969 4
1212 3041 5
1421 3974 8
370 1107 5
2338 4325 2
1778 2578 8
216 4764 4
2949 3770 1
468 2308 7
3356 4875 9
2539 3101 10
366 3085 7
2247 3303 5
2401 4019 2
1021 4059 5
418 1858 8
3055 3489 2
363 3956 7
1255 3535 2
766 3673 4
2704 4708 3
182 467 1
4337 4900 3
1520 1529 5
2941 4208 2
3311 3940 8
1085 3894 9
1821 4527 2
1449 4457 1
1840 3237 1
722 1580 6
140 2176 9
1902 3007 1
2340 3251 6
2959 3229 2
1920 4012 9
1493 3882 2
1368 2791 8
1080 4217 3
480 2630 2
4616 4673 2
1851 3868 6
3452 3987 7
1202 4568 10
527 1373 3
1956 3405 5
629 4524 6
1280 2028 1
1559 4707 3
456 1630 2
3753 3983 1
86 267 3
1920 2828 1
480 4833 9
278 3643 9
287 4124 4
1274 3369 5
1445 1765 2
1295 1813 6
3573 3796 1
3150 4061 7
36 2749 7
3206 3369 3
1484 2167 5
72 3671 6
2136 2782 6
1251 3759 1
2748 3057 1
3564 4616 6
1370 4855 8
25 2668 6
1324 2820 10
1573 2381 5
130 4293 2
3384 4910 7
1960 3801 2
198 420 1
277 1139 2
2511 4294 7
1014 1213 2
293 4889 1
800 1386 3
4125 4553 3
1046 1343 9
902 1300 6
2738 2759 5
301 612 7
895 3722 10
3710 4540 9
2552 2585 8
2026 4540 10
720 2004 5
946 2619 1
2325 3044 4
746 928 10
1306 3591 3
2066 2657 9
1749 3181 7
2125 4399 10
3186 3271 2
268 1219 6
1019 3783 2
941 2379 5
2499 3940 6
1553 2618 8
401 1072 1
2957 3369 3
801 2356 5
3971 5000 5
2386 4074 4
942 3590 9
3819 4400 9
2182 2649 8
512 4817 10
2379 2661 7
1082 4961 3
980 3921 3
1024 4358 7
281 2463 4
860 4784 5
133 3194 9
632 849 5
2891 4500 6
3099 3562 3
2437 3603 2
1952 2683 5
1358 3809 1
2062 2377 4
1982 3669 7
1133 1526 6
2938 4673 7
97 2261 5
1545 3758 6
567 2906 5
2378 2629 10
1134 4588 1
151 875 3
764 3103 5
248 2782 1
378 2501 1
1467 3674 8
2111 2355 5
584 3388 2
1433 4754 2
2013 2261 5
1631 3240 2
300 1250 4
1955 3879 1
200 1997 7
500 2456 9
463 3783 8
732 2846 10
800 4196 5
2452 4270 10
1948 4589 7
1008 2068 4
2575 3429 4
845 3651 4
101 3434 4
2268 4200 5
585 1269 8
931 3006 6
3562 3891 5
2475 3993 9
2299 4330 6
1615 3008 9
3470 4960 7
1161 4422 10
1844 4596 8
2281 2358 8
2750 2759 6
36 3299 10
1582 4330 4
98 3648 1
1070 4682 2
723 3263 8
2394 2711 8
504 4153 3
598 2323 5
876 2288 10
1145 2059 10
2378 3157 1
246 2220 8
83 1753 7
1010 4894 5
1971 3241 6
591 2205 3
540 3277 4
385 1969 5
1053 3843 3
1566 2298 8
275 4463 3
2310 3878 5
4304 4627 7
3187 4265 1
424 2045 9
322 1901 5
8 500 9
455 3253 9
254 2403 8
1564 2762 5
192 3731 4
1110 4745 4
2231 3117 1
1100 3425 5
753 3428 6
958 2999 6
1461 1501 10
1238 2437 9
1710 3930 2
3978 4959 4
4068 4388 9
637 4458 2
424 4354 3
2349 2711 1
1812 3366 8
837 3159 6
1369 4269 3
448 4495 10
124 3559 7
167 3578 2
223 2660 7
2650 2811 10
334 2313 2
1061 1906 4
966 1180 10
566 1281 9
4550 4673 5
223 1152 10
586 3831 3
1022 2778 1
1261 4106 1
3348 4472 4
312 880 10
3287 4632 2
979 1717 8
893 1926 4
2439 4781 7
1889 4612 5
2283 4590 2
2223 3338 4
1924 4487 4
2000 2364 6
2131 4650 6
142 1899 10
1047 2325 3
154 676 9
413 1975 4
4058 4613 10
367 2355 10
2569 4257 2
1138 4826 8
880 2715 9
1068 3773 1
2282 3186 6
1557 2759 3
1148 1720 7
1189 1770 8
1793 4766 8
625 2923 4
332 2265 3
184 2092 6
2074 3503 4
2515 2574 8
842 2278 1
3333 4153 6
1513 1800 5
1321 3552 9
2779 3007 5
3977 4668 4
234 2828 4
271 2161 8
3835 3871 3
3026 3035 4
2754 2986 3
1689 2243 8
2204 2994 4
2418 4762 2
631 1318 9
2068 4830 6
2617 4776 10
1221 2602 1
426 3012 1
1701 2428 7
2498 4810 10
1286 4131 5
356 1281 8
1889 2696 7
2373 2888 9
121 3351 6
298 586 5
652 1790 1
1167 4600 8
567 2711 4
94 4196 6
2593 3022 5
757 968 4
1635 3777 8
612 3103 1
546 3782 6
804 1215 5
4202 4375 10
1016 1219 2
440 1632 3
273 2702 1
3764 4782 3
1389 2659 3
926 2727 3
551 2707 2
33 1994 10
1931 3111 1
136 1027 8
2115 2504 8
2258 2842 9
775 2907 5
1740 2866 7
2406 3186 4
1880 3325 6
2105 4064 10
1335 4375 3
22 1483 10
1164 2802 5
128 4596 4
4297 4329 7
1187 2197 5
2115 3836 8
491 1373 10
123 4101 10
2684 3364 4
607 4077 7
204 2281 7
3240 3757 8
495 1606 10
1790 4146 8
2530 4527 7
1465 1942 9
2771 3988 1
2314 4850 7
2268 2453 8
747 4662 6
2236 2967 8
2831 4083 1
1402 4868 5
755 3766 6
2708 4624 8
107 4175 4
875 1731 7
361 3639 9
933 3512 9
2130 2626 4
110 4529 5
2395 3808 8
616 1481 8
692 2292 9
1917 2748 6
1178 4898 7
679 4167 10
1743 1952 6
2744 3093 2
1258 4355 8
2875 4232 8
164 881 1
1473 2118 9
1053 4643 5
3702 4906 6
1977 2537 4
162 480 9
1212 1329 1
174 4572 8
774 2702 7
741 1985 3
1382 2464 7
1568 2673 7
816 1054 3
653 3891 3
1423 3371 7
473 4036 7
10 2887 9
1695 1940 2
493 1914 4
1582 1973 1
1188 3841 5
1556 2212 9
2194 4262 7
3295 4620 9
288 888 7
759 2676 4
3834 4046 8
254 2986 8
3987 4722 6
1418 3470 6
739 4995 10
1579 3562 8
595 2284 4
159 1987 6
1922 4807 8
161 2021 4
4370 4765 2
1077 1705 7
3561 4435 1
945 1975 6
3216 3464 1
3255 4224 4
780 784 3
2400 3709 3
1061 1902 6
1612 2237 6
2014 2977 7
1012 2177 9
3039 4842 3
1148 2420 3
513 1828 5
136 539 7
3638 4379 5
1273 1841 2
1621 4263 5
2801 2873 4
288 3237 3
2007 2361 10
1793 3821 9
1787 2398 4
1752 3010 10
4344 4498 10
286 4901 7
1083 1836 6
598 1235 2
1073 1101 7
177 1942 7
2957 4190 6
1410 3084 8
2793 3851 2
1777 2233 5
1979 3439 1
154 2927 10
503 1806 5
1234 3419 9
1998 4840 2
1789 3176 8
1265 3583 2
644 3731 1
482 3618 4
1098 3336 10
1049 2604 8
204 2365 5
4183 4668 2
1105 4479 2
2990 4233 5
924 2629 2
365 3711 10
314 3500 3
1556 3158 10
3399 3711 8
98 3492 10
3006 4721 8
19 3648 9
4027 4033 10
557 2411 3
2076 2888 2
1878 1964 8
581 727 3
3436 3535 6
1137 2952 10
2724 3817 2
1961 3048 2
2405 3107 10
4644 4835 4
2103 3513 3
2730 3350 4
234 3682 4
3056 4023 5
4335 4478 3
1102 2990 8
2112 4459 7
274 1817 1
2468 2743 3
644 862 1
898 3923 2
3412 4446 8
148 2795 7
648 4133 5
1595 3294 3
421 2512 7
1481 3616 5
2444 4635 8
3172 3422 10
958 3548 10
1726 4211 9
663 731 7
2556 2789 5
462 1594 2
187 2738 10
1765 3225 3
3280 4988 5
3886 4096 2
3197 4730 8
3230 3441 3
3551 4378 5
1782 2996 10
1452 3794 7
3770 4066 5
2245 3419 5
21 4427 5
796 2365 2
2136 2173 7
1193 2960 2
1931 3330 10
942 2532 7
4260 4566 1
1957 4196 9
719 4656 7
658 3143 10
2625 4680 1
750 2820 1
327 777 1
1241 1578 10
1108 4846 8
1578 2048 5
2097 2547 4
395 1820 8
1036 3606 6
12 2084 10
3858 4443 8
2779 4103 10
3575 4936 8
1955 3763 4
3897 4445 4
1703 2933 9
681 3645 2
257 1900 10
243 278 6
194 2232 9
592 1506 5
504 1353 4
1044 2203 2
1862 4590 8
899 3407 1
591 4567 7
1857 4760 6
421 4395 9
312 2999 2
448 3654 3
2667 4267 2
2099 2370 3
146 1668 7
1839 4566 7
1894 2691 3
530 4728 10
1103 3784 5
930 1182 9
2250 4234 7
250 576 1
760 4991 4
786 2550 9
76 4847 7
439 567 8
885 2584 1
4100 4662 5
1734 2171 7
3116 4063 9
1324 4928 7
1253 2263 8
4003 4748 9
1760 4993 8
382 3077 7
1462 1641 8
454 2999 1
1888 2036 7
718 2205 1
2986 4674 7
1227 2475 1
2092 2970 6
1459 4616 2
649 3411 2
4015 4426 5
797 2198 6
428 1518 2
41 3868 9
2272 4997 7
453 1553 8
49 701 2
1794 2977 4
1498 3442 7
262 4822 7
258 893 3
1135 4495 6
1133 4653 1
452 1823 5
2669 3444 3
372 3995 6
3612 4131 7
355 1322 6
170 1815 9
1917 3563 1
2353 4023 1
627 3882 1
299 2466 3
407 525 8
3065 4618 6
43 847 2
959 2688 4
1247 1544 10
1203 1656 8
945 3629 7
206 2133 1
914 1426 8
1236 3363 3
1684 2424 4
2646 2719 1
932 3723 1
1576 1975 1
872 2390 8
358 4705 2
1542 2006 7
1960 2298 6
4063 4308 4
1533 4855 6
473 2603 5
2773 4709 2
2070 4507 8
230 3717 1
934 2792 5
420 4077 6
35 4823 5
3729 4750 4
3178 4707 1
3383 3495 7
2668 4376 6
50 3767 8
1088 4917 8
872 3710 9
913 1199 2
890 1493 3
104 3043 7
1209 1864 2
1606 4320 2
1831 3451 2
1226 3787 3
1672 3846 3
467 4373 6
1639 1674 1
40 869 8
2223 3775 3
681 1385 8
2627 2976 8
4183 4266 10
1189 4067 2
3614 4908 9
2414 3613 2
75 2758 7
2710 4300 4
4891 4980 9
360 3763 5
1507 2355 8
393 4978 4
78 2818 5
2952 4917 9
2273 2526 3
93 2980 1
1009 4152 9
901 4161 3
3367 3773 8
1849 2521 2
527 2428 1
785 3274 10
2515 4100 10
1659 2165 4
175 2127 9
2087 2784 8
2062 4690 10
3101 3708 6
2081 2356 6
594 995 9
1685 4081 10
1089 4353 4
2484 3959 1
3314 4245 3
679 3030 6
2077 3776 7
1787 4956 9
838 1218 1
1400 2117 4
1699 4008 9
327 2238 9
1411 3638 6
884 2371 6
2285 4166 5
1973 3909 9
2347 3431 5
1092 3952 4
97 4248 6
3931 4103 1
1955 4251 3
1953 4798 1
2676 4991 3
1904 3566 4
28 991 8
2038 3802 5
485 1210 3
201 597 9
691 1727 3
411 2737 10
3613 4803 5
784 4742 3
931 4709 2
2567 4515 7
2598 4453 6
2461 4795 4
3129 4252 8
1131 4955 3
281 2487 3
1205 3645 6
2448 4728 7
816 993 1
3858 4316 4
3710 4734 6
4790 4991 1
1755 3926 8
2433 4643 5
3631 4806 10
934 4850 5
2417 2555 4
2556 4090 2
2695 3288 9
340 4027 1
1877 4068 5
715 2113 4
2805 3970 4
1995 2100 3
198 804 3
1264 1880 3
2595 3756 5
190 3069 5
914 2479 2
328 4824 6
617 3487 2
1767 4868 8
2576 4363 6
806 2290 9
589 3156 1
636 2762 9
3716 3919 5
536 2058 2
405 935 6
2140 2672 9
4123 4490 4
1944 4169 2
713 1185 5
3732 3898 5
1693 2984 6
2026 2206 6
1838 3333 10
1312 3101 8
776 2688 7
3681 4351 9
841 1864 10
1087 1300 6
2197 4995 2
1417 2195 3
3032 3173 5
1538 4461 7
489 1546 2
743 4378 7
3898 4982 1
549 2363 3
2523 2844 10
1430 1438 6
903 4182 6
2463 3999 10
3555 4155 10
34 1848 5
4285 4778 3
2723 4702 7
1444 3195 7
2574 2613 6
410 2674 10
1650 4690 5
959 4169 5
4110 4223 1
856 914 7
1826 4035 9
775 4995 2
1093 2075 7
4086 4980 1
630 4980 3
1426 4429 1
129 2998 9
909 2666 5
611 981 3
2209 3907 5
1603 2671 1
1296 1874 1
925 2542 1
961 4907 7
3450 4306 9
2562 3048 4
2207 4878 1
649 4367 5
383 1901 4
469 3520 9
2228 4430 9
77 1992 4
257 4096 2
366 4907 3
190 1806 3
744 2392 3
930 1577 6
2749 4814 7
2113 2902 2
32 4514 7
255 2187 6
1435 3303 10
201 3417 8
85 2468 3
2232 2305 2
107 842 8
1260 3316 3
2648 3433 1
1043 2080 8
274 999 4
654 4538 8
2849 4092 8
984 1263 10
2185 4341 9
1551 4099 2
72 4652 8
592 3847 1
1670 3774 3
1640 3327 8
212 597 1
963 1954 2
3703 4311 1
1553 3996 6
2576 3799 7
3682 3803 7
2022 3025 7
2198 2637 2
1805 3193 1
4205 4413 6
2349 4890 6
2308 3579 5
1718 3637 6
3159 4992 5
826 3336 9
1977 2628 7
1260 4349 1
1984 2511 8
190 899 6
1267 2121 2
2250 2285 3
183 3364 5
698 2766 3
903 4514 6
2290 3595 8
1574 3886 8
839 2129 2
1087 3567 8
569 4482 3
1442 1458 3
939 4723 8
1226 1941 10
699 1976 10
2650 3207 9
1007 3963 9
2392 3184 2
1498 3555 8
352 2238 7
1459 2976 5
1676 2703 7
2072 3714 8
1354 2797 9
7 1339 8
1460 4958 4
466 4802 10
556 3418 6
180 3830 6
2404 4234 7
97 2417 4
444 3618 2
1257 4111 6
2274 4183 1
714 1190 7
1316 2948 7
1179 4472 7
1128 3019 3
3477 4907 3
2766 3944 9
1390 2250 5
4089 4748 6
1966 4931 3
2946 4487 7
2321 2368 9
2520 4261 5
1427 2181 3
639 1425 9
2099 4477 6
1050 4385 8
831 4222 2
2473 2842 2
1727 2203 6
2041 2211 5
621 3502 2
3944 4596 8
1997 4870 5
518 4275 5
159 2134 2
592 2165 9
433 3963 6
848 2941 1
25 1117 9
2516 3853 4
2679 3667 2
1108 2890 7
3721 4917 4
2631 4075 8
452 1798 3
994 2991 5
4065 4417 1
431 4402 9
3521 4006 5
65 1143 8
968 2496 8
2968 4239 1
3022 4606 5
1096 2225 9
1781 2344 2
3793 4738 10
2045 3116 6
480 1293 7
3677 4413 2
25 86 1
2244 4626 4
3637 4627 3
550 2307 3
1262 4826 4
1316 4007 5
2586 4026 2
4468 4728 6
1028 2890 2
2160 2717 8
1872 3442 9
1246 2875 2
3537 4270 4
1740 2146 2
1121 4665 9
686 1488 4
2306 3799 3
947 2875 3
1713 2070 5
451 686 1
2327 4506 10
834 4457 6
535 2192 4
1351 2966 10
1036 4153 3
565 1323 1
1829 1957 8
2150 4054 9
2224 4359 8
2971 3994 4
874 2781 9
2238 2860 3
997 3065 6
1463 1806 9
3736 4974 3
1997 3672 4
2124 2237 6
1798 4188 9
408 555 7
1010 3033 8
311 4200 5
2556 4763 6
2592 3597 4
1518 2329 7
346 1525 8
1724 3881 10
2454 3793 6
2529 4952 8
941 4929 8
3973 4793 6
570 941 4
465 4445 5
1402 3279 6
2625 2814 6
3662 4180 7
2385 3097 8
1089 2596 1
2136 2724 4
1715 2647 9
71 4814 4
2928 4495 5
1167 3739 7
1272 2362 1
2940 4369 1
368 4922 3
3239 4979 9
2073 4300 2
1317 3609 3
2087 4251 4
2738 4924 2
749 1369 1
1463 2123 1
2055 2266 3
1300 3965 7
1170 2635 9
908 3794 3
2875 4055 2
1859 2330 10
1104 2187 9
918 3906 2
2742 3856 5
2113 3354 7
4423 4739 9
2379 4669 2
2487 3265 3
1249 4672 10
2086 3563 4
727 4782 10
2463 3566 3
2827 3412 7
38 1913 9
1767 2663 2
1385 4129 8
140 4605 9
1794 3187 10
37 1215 4
2773 3478 10
806 3213 5
1473 1909 9
227 834 7
2659 3367 7
540 3069 2
3027 4809 4
235 2405 4
3072 3236 4
369 802 2
2602 3673 9
263 1639 7
640 1209 5
345 3127 8
175 2072 7
2712 3746 6
2097 4971 4
192 1652 2
2651 2956 3
1526 4105 2
1493 4728 7
26 271 7
1517 2750 10
10 2703 4
207 760 2
2571 3137 10
954 2688 6
3 2702 8
1274 3918 9
523 2865 5
815 2031 1
223 1918 8
727 3010 3
2943 3409 2
362 1064 1
223 1810 2
195 1038 10
95 3131 2
1248 2047 1
1707 4610 7
478 682 9
227 2874 3
687 4512 3
1511 2841 1
927 2739 5
2283 3915 9
2356 4576 8
1408 2455 1
959 3896 9
792 2241 8
2065 4979 8
1499 2000 9
1853 1980 5
3725 4546 3
2077 2157 4
2482 3218 1
1841 3664 4
412 4837 7
2928 3779 1
2549 3713 8
547 4046 5
3277 3371 2
448 3728 7
1666 4897 6
3472 4868 8
1587 4918 4
2526 4313 9
2366 4892 6
2099 3076 3
1634 2656 7
3038 3584 10
1696 4489 4
1535 3974 7
1456 3809 1
2049 2544 9
2482 4305 3
4389 4993 2
1422 2063 10
1904 3903 7
3292 3828 1
1700 2402 9
190 2357 6
2557 2927 7
3196 3985 6
1405 2031 7
1330 4363 7
74 3963 4
233 4837 4
1693 4831 1
1477 4817 9
689 1753 4
1729 4682 10
892 3064 3
1761 4191 4
3101 4693 9
254 3997 7
1216 1540 1
1051 3628 9
603 1075 6
2121 4863 4
4518 4814 7
2706 3014 5
1953 4711 5
4501 4608 2
1618 4328 6
3658 4891 7
1739 2454 6
977 2191 9
2477 4463 6
1064 4304 10
2751 4148 6
2158 2839 3
2709 3349 10
4699 4806 6
44 218 5
105 2235 9
1256 2422 7
744 3808 4
422 4692 10
325 859 7
544 3625 7
423 3229 9
4349 4675 3
827 1704 4
502 2356 7
148 4253 1
214 3566 6
2876 3435 1
282 3736 5
1185 3801 7
400 551 5
1598 4086 10
2232 2288 10
1491 3322 5
953 1501 1
1887 2593 9
712 1529 4
2018 4662 7
1222 4929 6
771 1443 9
2884 4666 9
376 2108 1
151 1656 1
80 2012 9
3503 4500 5
143 4564 3
1114 3176 8
2722 2840 2
1321 3990 5
808 4410 4
757 3872 9
2177 2519 8
1886 2639 4
233 4737 10
1213 1901 8
1887 4100 5
604 3536 1
23 686 10
675 1187 7
1913 3389 4
1156 2334 10
228 3612 8
1721 3129 4
3188 4402 1
2442 3447 4
1248 1528 4
1218 3062 9
423 2724 7
25 167 7
1741 2791 4
770 873 2
2181 3528 8
1361 2626 1
2236 4384 4
307 3615 5
3536 3695 7
2705 4385 9
19 1776 9
1411 4165 2
2628 3328 5
798 4857 3
3008 3961 6
500 1655 1
554 4399 7
1684 4191 2
2604 3044 4
568 1530 7
965 4712 6
2890 3157 9
1649 3617 6
1171 2388 5
2416 3896 8
241 2800 2
3838 4341 4
2818 4236 8
857 4139 3
109 589 3
630 3563 8
105 4205 9
814 4279 4
1248 3152 9
1334 4556 8
71 886 10
496 1397 1
117 1550 4
3534 4935 3
2063 4759 5
1737 4492 8
1099 3705 10
62 4328 7
1379 4325 8
1010 1921 1
1608 1990 1
1116 1348 7
792 4964 5
423 2242 2
2038 2636 1
1264 1592 7
501 2508 9
963 3757 1
1269 4362 3
1739 4568 8
3337 3400 10
2697 4262 8
1254 1991 9
87 1621 5
2963 3466 5
138 3750 4
666 1569 8
445 2115 4
1010 2726 1
1056 4094 1
1410 3464 7
2548 3666 2
263 909 7
2955 4116 6
1933 2336 4
3446 4195 9
2607 3890 1
856 2647 6
443 457 10
2679 2975 4
531 2518 3
1323 4869 5
1743 2853 7
236 2496 5
2767 3683 6
3256 4512 4
414 2996 2
595 916 1
3177 3188 6
599 1470 2
1272 2464 2
3989 4753 3
2904 3146 7
318 1530 4
1239 3398 3
313 566 3
2985 4036 4
3198 3420 3
1765 4125 9
661 1322 3
1072 1789 10
1103 4488 6
2157 2726 3
3908 4368 5
556 693 10
339 1432 9
2081 2729 1
1920 4662 9
1605 3056 9
18 1603 5
2057 3481 7
3482 4711 10
2486 3150 1
4359 4771 5
236 4276 10
1569 4454 4
2880 3092 3
1233 3190 4
1411 2495 9
1353 4718 8
2377 3263 4
1127 2003 9
242 307 5
1781 4078 9
236 567 1
3717 4400 10
58 2568 2
2524 4163 8
390 977 1
1057 3167 10
4298 4862 5
2301 3173 9
2405 4146 6
424 879 5
114 1389 9
58 1464 1
1328 2844 8
3274 4077 4
1609 2337 4
1494 2393 9
1568 4944 6
355 4698 4
1100 3271 3
1066 1928 2
1101 1108 4
1204 4230 3
2125 4278 4
2707 4646 1
2579 2590 7
685 4167 6
1981 3110 2
3449 4758 8
381 1875 1
1024 2586 6
1750 4374 6
831 3492 6
1224 4795 1
80 349 3
2011 2714 4
1972 3135 6
1091 1097 5
550 1959 7
960 1845 8
1807 2623 6
328 3452 2
3968 4574 10
2419 3096 7
1252 3059 9
480 4325 4
4034 4291 2
151 446 5
74 4752 2
1752 3450 8
255 634 8
2244 3989 1
2536 4646 2
1653 2811 9
1932 4386 3
2573 4465 7
783 3706 5
1339 3112 2
2172 3870 4
497 1429 5
1147 1283 10
1309 2050 6
1833 4906 8
1068 3250 8
591 1886 3
918 1527 2
740 2469 6
2428 2583 6
4619 4802 5
726 2195 5
2133 3202 9
3582 3875 5
2849 4070 5
361 2189 1
186 372 7
1928 2431 9
3923 4459 5
879 1157 8
2745 3364 10
132 2887 1
1250 1261 4
1064 4701 6
1303 4049 10
1450 3466 2
3069 3195 9
744 1841 6
671 4857 6
48 1398 7
3722 3782 7
805 835 9
944 1558 5
4527 4713 8
1138 1566 3
2517 3757 2
629 4344 2
654 4902 3
1151 3123 7
87 918 7
986 4117 3
981 2618 3
807 4315 1
792 3633 3
1867 2226 4
847 2236 10
2642 3444 5
347 2393 6
2011 2273 9
3407 3549 1
103 3742 10
3294 3875 9
2005 3264 2
3180 3392 9
233 2037 6
3409 3847 10
1658 4464 6
3551 4374 6
565 4625 4
621 3551 2
386 646 9
807 2656 10
1838 4614 10
981 3764 4
543 4659 3
1379 4289 7
945 4880 10
1110 4637 10
1703 4361 4
513 1315 3
1750 3058 8
1581 4002 7
65 1065 8
884 4587 3
353 2427 3
258 3553 10
4106 4224 2
2059 4161 3
788 1504 7
1318 2471 4
1292 2269 9
1826 2593 7
69 1887 7
703 3221 5
128 3312 8
138 3046 7
2191 4545 7
3953 4961 4
908 2500 6
3 4951 6
1374 2073 8
56 1952 2
2233 4397 10
1948 4841 8
1507 4420 10
2939 4556 4
4322 4387 6
1091 3086 4
3426 4080 9
231 316 3
2584 4942 4
375 1856 8
2244 3077 7
118 657 6
2599 4089 2
2528 4653 9
489 4689 10
710 2129 4
3590 3670 6
3251 3418 9
796 2940 3
1156 2557 10
1448 3935 4
516 1054 1
2508 3144 8
2549 4728 2
1251 4528 2
2940 3410 3
3233 4756 5
427 2506 1
3364 3814 4
470 1174 8
2459 3586 9
396 2507 5
2128 2143 3
613 3854 5
507 4997 3
1041 3294 7
1375 2137 3
1400 2903 5
4656 4948 5
2090 2535 9
1416 2443 9
864 2101 7
2625 3340 5
596 771 7
1770 4543 5
216 1632 5
254 4918 9
2103 4653 6
591 2660 5
3025 4915 7
322 2209 1
2444 4878 7
497 4306 6
1441 1753 9
1957 3215 10
1304 1619 3
1641 2799 5
358 3545 4
2487 3996 3
3173 3514 8
291 1868 8
2114 4784 10
2528 4464 1
1699 3308 10
2245 2802 8
237 3099 9
588 4780 10
156 4208 2
2813 3653 2
476 4978 6
2197 2385 2
487 1093 2
3248 4923 9
3378 4580 8
1122 3609 10
314 4781 1
2308 3154 3
3148 4315 3
105 4961 8
988 2775 10
106 3861 5
2822 2916 7
472 924 7
149 1690 3
2109 2298 9
998 3485 2
1609 1899 4
2828 3379 3
1931 2172 6
461 2015 2
1947 4105 10
1603 4438 9
823 2551 3
906 3052 10
143 2904 6
1325 2477 7
227 1273 6
4582 4989 8
1063 1944 10
2318 3383 2
3965 4151 7
1313 1756 4
2311 2578 8
148 3889 7
736 3212 8
794 1288 10
295 3764 3
2387 3564 1
927 3958 4
1073 1442 3
1771 2699 1
1788 3224 9
1521 3616 10
1921 4253 6
3396 4103 10
864 1575 1
1146 2088 2
1373 3055 10
2432 3525 6
1646 4315 8
1920 4519 10
983 3123 8
794 3646 8
1036 3776 6
3474 4368 3
131 267 4
426 1152 2
316 793 7
2211 3724 9
4163 4522 1
577 1387 7
973 2372 10
1859 2441 1
839 3318 1
75 4128 3
1287 3518 8
1080 2735 9
1610 2398 9
645 1353 7
4461 4811 10
2179 3990 7
737 2395 8
2162 3580 1
179 1660 8
3910 4498 4
3171 3759 10
386 463 5
565 4991 6
212 945 3
2814 3546 10
866 3628 1
1492 1941 8
2064 4119 2
702 2863 10
130 2636 8
181 1281 10
492 1845 10
412 2184 6
1975 3587 5
1459 4089 8
1683 2036 1
352 4638 4
1392 3390 4
503 3587 9
3435 4954 3
3488 4342 3
854 3641 10
1926 2180 10
600 715 4
893 2012 2
3801 3937 10
4957 4994 5
568 1247 8
2242 2536 6
883 966 3
2381 3920 6
188 1609 5
924 1329 5
1264 4101 3
2468 4800 9
1719 2783 6
375 2028 5
1832 4872 2
328 3568 2
1868 2662 5
255 770 3
1141 2153 1
362 3117 1
1163 2768 4
76 2259 3
1023 3631 6
3793 3819 1
1655 2254 5
2712 2726 10
560 3431 4
415 1190 5
575 2397 9
3097 4975 10
953 1850 9
1114 4538 4
1101 2491 8
1947 4171 9
3228 3390 7
2620 2683 5
235 2158 7
3076 3641 6
2417 2881 6
2814 2822 10
754 3485 4
2460 3266 5
1502 2377 9
332 740 1
588 2612 10
2002 4789 5
1258 3360 3
464 1268 4
2026 3707 10
882 4047 9
1138 3294 9
798 2202 2
209 3712 10
2619 4275 5
1537 3118 10
56 3998 8
4278 4881 10
338 4907 10
768 4191 7
2526 4992 9
416 3291 7
1615 2748 6
299 4780 6
1691 4418 9
672 3575 1
2067 4954 10
1434 3682 8
610 2212 7
1269 1961 8
112 1900 6
1985 4893 8
1919 3653 6
1950 4089 10
480 4255 4
2693 4372 1
2303 2722 9
1337 4528 7
2334 2991 4
1268 4607 5
4 3113 7
53 3222 10
477 878 8
515 2451 2
3815 4603 10
1621 2276 8
1449 1977 5
1901 2302 6
2010 4800 4
1182 2401 4
2219 4512 5
11 3650 2
1098 3608 6
3790 4452 1
857 4662 1
1611 4040 4
338 4754 8
127 2047 5
873 2454 5
603 2485 8
3850 4644 4
2865 3781 1
1669 2467 3
88 2368 1
1723 2532 7
108 3311 5
1548 2218 2
3065 4207 9
833 3227 4
2221 3652 2
1524 4383 1
2281 3678 8
1406 2470 3
2351 4114 6
1639 3010 10
2678 4679 7
168 2603 10
896 1550 8
2724 4623 6
2088 4300 10
1021 1978 2
2001 4588 9
71 3713 2
4310 4515 7
2526 3172 9
1936 4280 1
1461 4303 7
1036 3955 4
2421 2747 1
1464 1799 3
2713 4371 6
1872 2430 6
42 2907 8
1063 4732 3
2310 2516 3
1428 2609 9
3040 3043 3
645 2256 5
1451 4657 7
1154 1307 3
105 3731 7
814 4386 3
2603 4871 5
1022 2075 1
812 1974 2
1343 4195 6
174 1619 6
1728 2183 3
265 2324 1
1717 4497 9
244 4773 8
1142 3764 6
216 783 1
2620 4187 10
2459 4937 3
56 892 1
178 1868 9
1126 4206 6
1242 1344 1
905 1044 10
717 2838 7
2875 3055 3
2761 4147 2
1229 2443 6
1764 4080 4
505 4241 5
747 4405 10
2109 2129 8
540 1798 7
2273 4564 1
2166 3291 3
250 4791 9
1641 3551 1
4568 4943 10
2419 4183 4
782 2047 1
278 4064 7
620 3703 6
1404 4400 10
1512 4098 5
964 1387 4
2913 3160 2
1715 3808 9
2666 4698 7
1760 4304 6
52 3652 9
1 2357 7
1291 1451 3
1331 3082 3
664 4624 1
3356 4451 9
436 4383 9
1856 2940 8
2640 3478 3
1477 1505 9
189 1526 3
1537 2179 5
2880 3292 4
524 535 9
1688 3437 6
1854 3700 7
1570 4159 9
1500 4505 5
2318 2405 10
3690 3765 10
2085 2680 8
1382 3981 7
1413 2652 4
2063 3928 5
247 2862 10
1922 2649 3
1408 2409 5
731 3220 8
1834 3054 3
1359 1468 8
2802 4177 8
2848 4091 3
78 887 10
2412 3155 6
2083 3210 3
1467 3789 2
213 327 4
396 2195 3
37 1931 2
150 1859 7
64 4468 8
1122 4242 9
854 4242 9
1061 1062 8
338 1633 8
555 3433 3
4925 4979 8
1544 1908 8
4267 4417 5
146 1134 7
1849 2123 3
3557 4350 1
1176 4971 9
416 821 2
1720 1749 5
2332 3569 2
321 465 9
4531 4712 10
1646 3852 8
629 2683 7
2921 3432 6
1726 2961 2
1531 4346 4
1617 2007 7
2431 4609 5
1356 1364 1
3469 4597 4
2401 3743 7
2610 2694 5
40 4623 5
1500 4179 7
1222 3887 8
849 3017 5
3442 3930 3
2168 2760 7
595 3446 4
574 3223 5
1096 1920 4
9 1846 3
1144 3328 3
2192 4604 10
1193 2952 10
1083 3705 1
2795 3447 1
3174 4265 7
2764 4972 1
4520 4953 4
988 3670 10
2848 3775 4
3750 4866 5
995 1610 7
651 2582 6
3683 4171 4
2760 3209 9
1910 3190 7
94 137 5
1091 1814 1
2487 4128 2
1073 3366 1
3774 3894 5
1506 2585 7
239 3081 1
771 1370 6
2859 3028 4
2030 2316 9
1628 3340 1
1 4626 4
563 2070 2
85 3516 2
239 1323 3
2463 4011 10
1079 3391 4
1390 3994 5
1241 3865 3
270 579 2
3746 4131 1
1748 2136 9
1154 1553 10
461 4497 8
1493 4841 6
2112 4685 1
754 4524 2
1311 2547 6
992 4010 10
123 3020 7
677 2426 6
2323 3973 5
1443 2917 10
3076 3986 6
3041 3044 8
734 4891 8
344 3027 6
2087 3550 4
3496 4234 5
3778 4915 8
1093 4066 10
2538 3954 3
1205 1704 6
513 2078 10
2595 4716 5
597 1965 3
280 1561 10
3532 3566 1
1249 4309 2
3685 4685 9
1017 1377 8
3145 4371 6
235 1482 10
993 1719 2
223 3112 3
3022 3158 6
1134 1280 6
2369 3269 8
1610 1781 7
1048 1914 2
1873 3753 6
1115 3009 1
475 4151 5
2166 2322 6
1951 2915 9
3203 4574 6
1038 1563 8
3038 4789 6
654 3560 1
496 4014 6
1917 3944 1
1596 3913 5
212 3177 8
3026 4789 2
2231 2528 5
241 1518 4
271 1871 5
166 1984 8
2730 4907 5
771 2435 1
1122 3374 9
388 3510 8
3262 3617 1
381 4842 8
2706 3606 4
422 2100 3
1024 2348 5
4052 4790 5
204 2672 5
235 837 3
733 1255 10
1820 2409 5
344 4187 7
2144 4155 4
999 1339 10
2025 2123 1
771 3948 9
3718 3819 9
1656 2549 8
1421 3126 6
4454 4654 5
2060 4138 4
506 1742 3
903 1309 5
528 4000 1
784 4267 1
393 3553 2
3776 4040 1
2581 4863 7
2117 4248 6
549 2056 6
1297 4661 4
261 1270 8
1915 4653 2
2 1002 9
2624 3456 7
746 2956 4
679 3853 3
1889 4018 4
489 2694 3
541 2340 6
1722 3528 1
237 895 5
1141 1436 6
996 3631 8
763 3634 5
4123 4324 7
3616 3973 8
309 600 3
226 4437 1
1473 3495 3
1121 2079 6
1883 3573 1
2203 2588 2
1504 2029 9
1654 4614 2
1145 4337 1
3127 3178 1
1171 2070 8
1087 4900 3
954 4464 8
2562 3637 8
520 3682 1
741 1381 5
3391 4241 9
2162 2952 1
460 3316 1
203 371 5
2025 4089 4
1893 4969 1
2957 3172 5
201 3693 10
1151 4925 4
2407 2680 8
789 4432 8
1403 1509 8
701 2774 6
2543 3133 9
282 3143 4
368 665 5
3310 4535 4
4242 4688 7
311 2986 1
507 2377 5
1573 4265 6
3910 4688 6
3650 3737 2
440 1381 7
1119 1682 3
3621 4211 3
429 478 9
1820 1894 9
3614 4210 5
687 1718 6
2931 2985 6
2568 4812 3
800 2615 7
2833 3593 5
1406 2133 3
367 509 3
2111 2145 5
394 925 10
41 2456 4
2180 2392 7
2526 2693 4
1364 3657 4
1091 4672 4
985 3689 7
2936 4723 3
768 4149 4
1392 3455 5
1316 3303 6
136 520 3
3854 4325 2
3080 4929 7
127 2640 7
1363 1662 1
1116 4577 5
989 3131 10
2779 3611 2
2138 2692 1
1243 2709 3
1801 4350 6
132 1678 2
301 2465 1
1579 3915 3
346 1833 5
306 4944 8
512 2472 1
1616 4375 7
2484 3257 6
2916 4076 6
1203 2288 5
534 4474 9
422 2916 2
227 4200 9
289 2345 9
1206 3582 8
318 2740 7
1910 2072 9
1234 2178 4
2443 3687 8
1917 2709 8
18 3535 2
1524 3127 10
3219 4022 1
1995 3653 1
767 3465 3
460 579 1
3084 4127 4
2122 2958 5
2417 3990 10
3074 3719 4
2526 4523 1
4061 4618 1
516 3954 2
3624 3748 1
473 1338 10
100 2283 6
1386 2313 3
855 2540 2
3511 4474 2
1713 1845 8
1016 4057 4
3630 4034 1
2343 4681 9
39 1276 7
2893 3686 1
3765 4289 6
3606 4206 5
2461 4289 9
802 2834 9
363 2855 5
384 1002 3
337 906 5
3938 4089 9
851 2782 10
826 4882 6
2390 2473 8
1184 2551 8
937 2617 10
1025 4720 5
1855 1857 1
183 3730 2
274 2127 7
3778 4418 5
448 2617 10
1836 2423 2
4079 4339 4
673 714 6
606 722 9
1 4073 2
4788 4868 3
2915 4502 1
2061 4585 1
386 2568 2
108 1239 10
583 3944 6
1314 1580 9
213 4542 1
902 2730 1
274 3612 5
1394 4418 4
1572 2704 8
1557 4893 8
2371 2379 2
294 4450 1
69 2700 3
1628 2189 10
26 3443 5
272 1667 7
1772 3177 2
2004 3491 9
4183 4999 10
1448 3585 4
2254 4836 1
335 2986 5
648 3113 10
2356 2562 3
535 4356 3
2438 4266 1
2521 4261 7
322 4523 1
1478 4614 2
1918 2809 4
137 3918 3
653 3966 1
281 3791 1
198 1323 1
1701 3897 4
246 3628 9
819 3544 10
1207 3800 1
1240 4713 6
299 489 8
638 2050 9
2467 4031 8
500 4545 4
464 954 9
985 3992 4
2123 2748 7
3435 4845 8
2341 4123 8
316 3221 5
2402 4514 4
483 1967 3
2618 4084 1
3081 3129 8
2733 3983 6
1502 4744 7
1740 2880 5
469 789 6
19 2242 10
956 3738 6
3170 4410 10
3526 4140 2
629 1408 3
362 1662 6
1607 4178 5
4037 4078 3
563 571 9
318 447 10
306 4654 8
767 2190 2
1476 4985 8
1815 2361 2
2757 4470 5
3001 4929 2
4162 4395 6
3965 4801 4
977 3754 1
429 4639 6
562 2111 5
1422 3652 8
951 3002 5
1078 2195 2
1107 4000 3
2212 4650 2
311 393 7
1062 3816 6
2220 3361 7
213 4316 9
1227 4205 1
3776 4116 8
3986 4534 9
1634 4777 4
2230 2243 10
1174 3004 10
69 1543 3
1320 3908 7
2728 3520 1
1413 3457 4
3448 4997 4
1167 2992 6
1136 3064 10
1926 4194 6
1930 4588 10
3844 4516 6
1669 4233 2
1611 2662 3
1377 4751 6
1671 4557 10
421 442 9
1287 3328 10
136 283 8
1628 2111 3
3893 4725 3
987 1176 1
1609 4932 3
1324 4287 3
2646 3548 5
390 3543 3
1098 3136 5
331 1485 8
918 4144 8
1997 4319 2
3092 3757 6
578 4115 6
1701 2411 6
4083 4599 7
1572 2921 4
4386 4668 4
2451 4457 10
2359 4244 7
4407 4580 10
514 546 6
783 1536 6
1378 3001 9
541 4256 7
601 1832 6
2852 4200 6
118 938 6
1554 4577 10
383 563 1
219 3638 4
1033 3454 7
2014 2516 4
1484 3502 6
2383 4682 1
3684 3879 3
2024 2698 3
660 2155 3
1553 1654 6
656 1224 2
1813 3676 2
2072 3263 2
1827 1851 10
1102 1769 5
768 1572 1
1118 2263 4
1844 2941 6
4582 4857 7
238 2820 3
2093 4580 7
602 3335 7
600 747 10
1796 3496 6
752 1320 6
2368 2807 10
231 2879 1
1540 3436 1
1643 3755 1
620 3784 10
271 2453 10
2075 3896 3
1682 2864 3
671 2746 5
1803 4601 8
1297 1620 8
516 1585 8
629 1729 4
2381 2947 5
3238 4412 8
3952 4872 2
4741 4795 4
3236 3305 7
2109 2671 10
1369 2901 1
2150 4226 1
1017 2584 5
2451 3458 9
424 477 9
2817 3395 10
1148 3021 3
1411 2402 7
4510 4769 10
503 2259 4
468 3411 7
1209 4221 6
120 4818 8
3505 4740 1
417 3327 1
2247 3976 5
400 2009 10
2701 3200 6
620 4820 5
1282 2150 2
1460 3808 8
95 429 3
689 1100 4
2797 3249 9
1791 4876 7
1339 3572 7
1067 2213 3
556 1047 5
506 1389 3
1875 1996 2
1194 3614 5
32 1979 7
3745 4691 5
200 3043 7
2942 3150 2
1891 3585 2
1596 3352 7
2411 2615 3
2250 3913 1
2039 3355 9
2262 4100 6
844 2475 3
30 3163 10
976 4530 7
1041 3392 5
2853 4853 3
2175 2665 8
407 1786 10
844 4241 6
2360 2391 6
781 1496 8
94 3813 2
455 3912 8
2850 3360 1
482 4829 8
2907 3934 4
495 638 6
1536 4445 2
2374 4191 4
1955 3011 3
3049 4706 9
733 4986 2
285 796 9
12 113 8
160 2249 7
1026 2245 2
519 3423 3
47 2592 1
1356 3610 1
1291 1441 9
1635 4302 7
3763 4547 1
3012 4691 3
968 2754 4
1706 2181 2
23 1162 4
1794 4372 9
1507 3100 9
3211 3428 8
1390 1498 1
1012 2716 5
983 4209 9
2133 4157 5
2773 4127 5
2934 3766 8
649 3497 9
393 4626 5
1319 3692 2
433 1113 3
465 3463 9
262 1745 6
825 3251 1
231 3357 3
1127 4934 5
511 4858 8
1123 1129 2
695 2598 9
1636 3153 10
101 1260 1
1609 2041 7
471 2450 1
2227 2404 1
905 936 7
690 1943 2
392 4688 7
542 4803 9
88 4384 4
1180 4365 1
1679 4984 10
565 2693 1
1832 4851 10
738 3824 9
2475 4231 1
756 1656 3
879 2497 5
21 918 3
2622 3724 4
1418 3155 10
2341 2765 5
244 3601 6
261 1222 4
1943 2809 10
4 2569 9
3862 4146 4
15 3111 4
1643 2899 1
2228 2611 7
3048 3350 5
485 3559 5
807 4717 2
393 555 9
2830 3134 2
581 4541 5
714 2965 2
1519 3530 7
456 1771 7
2406 4735 4
855 2903 5
2188 2738 3
3492 4195 10
1931 4956 3
3656 3796 6
3319 3637 10
2828 3727 2
148 873 3
509 3836 2
3744 4403 3
425 4759 8
440 939 2
2131 3131 4
1750 2957 4
2299 3828 9
1548 2712 1
2742 4420 10
3387 4618 1
2637 4349 3
2145 2235 6
215 4392 5
92 598 8
331 3341 7
245 2982 3
1314 3319 7
2091 3141 2
3120 4442 4
1460 1883 8
1547 4150 6
2386 3026 9
2282 3788 10
1557 1751 8
1138 2889 8
437 2337 9
3609 4387 6
2975 3020 2
1101 2578 6
4455 4910 3
1459 4925 7
1945 3295 10
1328 3014 3
860 3985 4
1293 2718 4
459 4567 10
1124 2975 7
4013 4114 2
1437 1443 5
925 4027 2
2194 3961 10
3571 4145 5
2244 2489 2
1247 3980 7
1474 1644 2
219 1379 6
1064 4229 6
37 1248 9
1483 2234 7
2664 3569 8
2093 4377 4
346 3681 9
914 3538 10
1466 2499 3
3861 4051 4
1147 2766 2
4031 4396 7
3784 4525 6
1827 3886 1
751 4344 8
2033 3310 5
1788 3067 5
892 1428 3
2253 4031 9
585 1196 6
2686 3442 7
865 2370 6
988 2585 4
2216 3825 8
2677 3011 3
1448 4255 10
1034 2823 4
1395 3284 4
1446 4947 9
538 3918 8
882 1159 4
3299 3865 7
697 3121 1
1612 2288 4
3197 4692 1
4498 4503 5
2062 2103 10
408 4069 8
2013 2533 3
610 3256 9
154 745 6
1673 4424 5
1655 2238 10
887 1785 1
122 987 3
628 4203 7
2241 4475 2
1060 4681 2
1145 3954 10
4225 4410 6
1876 2256 3
2431 3044 3
3889 3967 5
2636 3867 10
2783 4909 5
1390 4291 8
1111 1352 3
1383 3190 4
429 2485 5
1362 4142 6
252 2393 3
1409 4523 7
1826 3286 6
1333 3218 4
3039 4170 10
34 4293 6
1580 2276 9
199 1694 8
2636 4672 2
1761 3185 10
2328 4398 5
332 4941 6
2474 4228 7
1036 4500 3
3013 4704 4
496 4392 8
51 992 6
183 4030 1
2429 3708 9
493 1701 5
28 2572 3
2703 4626 8
372 2298 3
2362 4831 3
1915 4352 4
1042 4151 2
572 3716 8
700 2632 9
481 2802 5
3030 4076 4
3917 4052 4
693 1959 9
1950 4588 9
677 4829 9
1145 3655 7
1369 1903 8
1108 1973 9
341 4240 8
1566 1811 8
2814 3939 7
3099 3907 6
1464 4108 10
137 629 7
4233 4265 2
2090 3460 2
4119 4128 9
1219 3627 10
180 977 1
1478 2963 9
1131 4322 6
2333 3074 6
1514 2386 7
2357 3961 7
2304 4043 5
1883 2279 6
1722 4397 10
1036 4629 7
1376 1407 4
85 1235 1
1316 4243 8
1358 4150 1
1414 3305 10
1166 2616 9
2522 4507 10
2827 3906 5
441 3950 8
996 3220 6
2389 4650 2
3888 4690 3
3798 4903 6
4481 4539 7
953 2171 5
1545 1748 7
105 2746 5
3784 4225 7
1451 1561 2
75 4610 3
1429 3615 9
510 2063 2
2986 3060 7
1507 4188 1
3871 4447 3
28 1528 7
708 2839 4
514 1692 10
1228 3434 5
1270 2978 10
2488 4668 3
759 1588 8
2097 2225 3
161 3891 2
283 1066 5
751 2739 1
85 308 6
3033 4921 7
4023 4538 8
194 926 5
1509 3330 8
1614 4393 1
1883 2864 3
1817 2715 10
743 4857 10
1779 3255 9
1351 2153 7
133 825 7
2064 3855 5
964 2215 8
893 3653 2
1733 2139 10
1267 4814 1
43 4294 4
489 1048 3
2121 4066 8
1138 4701 3
394 1832 7
2286 4491 3
1769 2510 2
2125 2928 2
1713 3537 2
3899 4263 1
330 877 9
4754 4977 7
688 973 10
997 3336 5
548 3562 1
2735 3716 10
1997 2767 7
1736 2856 1
4085 4957 5
361 837 8
625 1647 1
4357 4425 4
794 4046 2
302 2688 6
4262 4780 6
2093 2318 8
1491 1903 2
729 3678 3
2700 4435 9
2717 3523 9
701 1403 10
1043 4801 3
2428 2832 1
862 1707 2
329 4502 9
420 501 8
1140 2294 3
182 1462 10
3118 3196 6
2964 4434 2
1142 1183 6
4042 4205 1
305 4455 3
2054 2369 9
2937 3762 10
2385 2549 9
2258 4518 6
1807 4973 4
291 1578 7
1156 2032 8
1627 2353 3
3141 3482 7
1195 2285 3
4190 4752 6
933 2224 4
417 4733 5
1617 4891 10
2618 3325 8
658 4256 3
4014 4343 8
1834 2823 2
2845 4652 8
628 811 5
1598 3792 6
1216 2086 4
3966 4135 4
3160 4371 6
149 2350 5
659 2213 9
3535 4463 10
89 4525 6
41 873 7
1786 3297 7
1110 4527 8
3730 4226 2
3369 3624 10
775 4853 5
2921 3072 1
147 4971 9
163 4441 5
2009 3826 8
3150 3910 6
4897 4900 1
168 1737 5
2573 4212 7
305 4908 8
3946 3955 2
3451 4479 8
732 4382 6
1409 4114 10
1871 4327 1
370 1237 3
4078 4817 10
162 2201 4
2748 3174 3
63 2280 2
1389 3945 2
1605 1832 2
4006 4248 5
616 3768 3
3938 4374 3
1625 2636 8
2877 4063 6
254 1132 5
20 951 6
1529 3281 3
587 2776 2
1783 4745 1
2151 3907 2
843 2460 2
4206 4397 2
903 1579 3
1109 2731 7
4150 4330 4
312 4182 3
526 2805 1
396 1247 2
2472 4665 2
1026 3986 8
2004 2814 5
1834 4079 5
1164 3522 3
2521 3556 2
1840 4422 3
687 2921 2
1342 1497 5
1790 2037 9
3160 3807 3
2584 4020 3
316 3125 1
1176 1783 5
1514 2667 2
2349 2387 2
238 949 9
1618 3032 2
2835 3328 5
2990 3359 7
2955 3012 9
2651 4499 2
228 1759 5
404 801 1
408 2966 8
2128 2799 5
622 4609 2
468 2277 4
981 4999 7
938 4809 2
321 1719 4
349 965 8
2427 2635 7
141 4299 6
487 853 10
1862 2052 8
250 3660 5
1712 4452 6
584 3463 4
680 3892 10
717 780 9
279 492 3
189 4176 2
2343 2537 7
4108 4927 6
3418 4394 10
2423 3937 4
1673 3901 5
109 2810 5
3589 4058 9
1462 2367 8
433 1863 3
904 1946 1
2346 3667 1
2412 3256 3
1728 1840 9
2294 3351 6
4018 4382 2
1027 4220 6
2592 4676 3
876 3081 5
183 4518 2
2549 3443 7
178 687 7
2334 3594 7
1711 1724 1
1669 2400 9
782 1017 7
1664 4250 4
1325 3787 6
284 2093 4
1337 4607 6
1564 4383 8
2568 4790 1
1011 2030 2
387 2547 6
3547 4344 9
1755 3436 8
104 4054 10
3830 4982 1
2997 3525 3
601 4004 7
472 901 2
2107 2848 2
2285 3403 4
1708 4646 10
2437 4289 1
4510 4824 2
1500 4686 4
1120 3984 1
1606 2502 2
1590 1714 10
1845 2995 6
611 1447 8
835 4804 8
190 3334 8
545 2502 8
240 3274 2
2440 4609 10
1600 2107 7
1986 2650 5
1044 1063 9
2343 3503 4
825 4042 5
430 1959 3
1594 3607 8
60 1376 6
2500 4433 7
1654 4432 2
843 3896 4
1168 2715 9
1298 4636 1
1632 4001 6
681 3952 9
931 3261 4
1957 2350 2
1015 2821 6
802 4379 3
1512 4196 5
2127 2252 2
617 846 3
2131 2838 6
2594 2998 3
1176 3214 1
2211 3403 10
532 822 3
1373 3369 10
2658 3815 10
924 3551 8
271 3103 6
1207 3607 6
4273 4531 8
2765 4465 5
750 2429 3
840 1864 3
1006 3041 1
2453 2556 3
3876 4808 8
313 3683 9
1105 4189 10
1675 3865 3
3247 4818 2
2078 2578 8
2868 3680 10
1191 2903 8
716 2397 8
460 872 9
1913 3023 3
2584 2871 4
623 976 8
4169 4284 2
906 3998 2
3871 4182 3
1394 4904 5
162 4031 2
605 3217 4
355 1709 3
3693 4648 8
1734 3815 5
2672 4610 4
1724 2575 9
917 1936 1
3093 3368 10
1858 1928 4
58 2269 2
2186 3856 9
559 3591 8
924 4485 7
464 3469 4
1534 4033 3
2407 4556 9
885 2539 1
1746 1922 7
4362 4633 3
1214 2336 2
1092 2233 8
929 1382 7
3128 3981 1
1127 2508 3
894 1453 7
130 4607 10
1752 4103 8
2559 4500 4
1819 4513 1
2642 3154 3
2542 3766 7
379 1982 4
937 2022 10
1656 4884 6
1776 2064 10
477 4479 2
758 1360 2
368 3880 9
3428 4510 8
746 4452 6
576 1765 7
749 2233 1
704 2776 5
651 4220 10
1188 2759 3
712 1843 7
234 1753 1
2132 4627 10
908 3888 7
772 4756 6
358 3832 4
1342 2013 8
2366 2491 3
1654 3374 1
634 3659 6
1501 3478 6
3843 4569 8
2276 3469 1
350 2296 10
4052 4216 8
1304 1384 1
973 1198 3
880 4175 5
765 4729 4
1617 1927 5
4020 4478 1
1000 2663 7
1512 1836 7
2667 4243 4
479 1604 7
888 4866 6
2651 3374 3
2058 3093 5
235 2962 10
261 2999 2
511 3694 3
668 976 5
1099 4733 6
1211 1781 3
640 2656 5
2710 4930 10
2201 4470 4
190 4039 3
240 3503 5
336 1304 3
1143 2417 9
4016 4467 2
454 1655 6
1957 4500 9
1752 2361 10
2703 3501 8
1111 3435 3
883 3031 7
1497 4195 7
492 4317 7
1220 3493 2
2452 4544 3
1973 4223 4
2299 3086 9
816 3242 1
620 1190 7
440 4995 4
973 1371 5
138 2381 7
919 2806 8
331 439 6
944 4511 9
2166 3344 10
3004 3937 8
256 1111 7
2769 4235 8
2430 3170 4
2903 3744 2
784 2272 5
289 540 1
1872 2613 4
1543 3012 4
579 2973 4
2090 2546 2
1839 4041 5
980 1360 9
162 1342 5
4135 4376 7
21 4055 8
775 2246 3
2569 3868 3
1293 2159 6
1483 1534 3
646 2771 7
353 4105 1
2355 4210 5
384 2456 4
623 3873 5
3733 4234 4
895 2923 6
60 1057 8
1118 2682 10
1261 3273 9
2365 2754 8
735 3292 3
1655 2989 6
3735 4056 10
963 2630 7
2137 2349 9
493 1841 8
1050 3929 7
1510 4810 6
1934 4219 6
1161 4153 9
1266 3186 4
3234 3392 8
758 4880 4
436 4009 7
1083 1138 4
4415 4977 2
528 1928 10
1944 3599 1
1159 3201 1
796 907 3
687 2817 1
616 4287 9
1105 1872 4
2500 3406 6
183 4825 9
71 3411 2
2212 3236 6
1989 4282 7
2117 4721 7
2563 3310 9
1549 1643 5
1896 4950 10
341 3144 1
1230 2022 1
1739 3566 5
412 3059 10
2677 2741 6
470 3977 10
1357 1878 4
303 1638 1
811 2539 5
1277 1879 9
2396 3721 2
52 3879 6
1532 4378 3
1491 4424 9
1784 2585 9
469 3812 1
228 1853 8
295 944 10
1082 2129 7
2701 4798 1
220 4321 8
1325 3057 1
1031 1988 7
3313 3337 10
2925 3752 1
1898 3533 8
169 2277 6
2604 3269 3
4078 4107 9
2464 3272 4
2728 4826 5
872 1571 5
1105 2224 6
2895 3660 10
410 3569 1
499 2458 10
3093 4254 8
3212 4813 7
1320 2164 4
2459 3153 1
2436 3958 4
1643 4365 8
3386 4978 2
2247 2699 7
2199 4744 3
123 1762 9
3374 4783 6
3712 4344 9
2228 3922 1
88 4544 8
2523 3556 10
353 3493 4
870 1489 7
2422 3818 6
429 1988 8
315 2242 10
2864 3436 5
2050 3559 10
1555 4614 6
3751 3953 3
2501 4648 5
1505 4131 10
37 1117 1
1757 3106 6
1569 3857 1
1075 4798 1
1737 3180 10
1571 4016 5
359 1820 1
829 2040 7
2268 3998 3
399 4927 10
8 3014 1
1349 1820 8
675 3508 4
2748 3689 8
675 3495 4
510 4511 7
3345 3709 8
2500 3705 4
129 2830 9
1831 4777 1
3088 4532 2
889 2850 6
2086 2985 5
1765 3389 3
121 4912 2
1384 3843 3
632 803 6
932 3104 7
318 1771 10
3854 4133 7
3167 4972 2
1903 4518 9
612 2861 10
2871 4258 4
6 121 1
1068 1219 6
326 3770 9
2095 2874 10
649 3583 8
1488 1514 6
3346 4263 3
2459 3296 9
1113 2273 4
822 4567 7
1272 4095 4
4225 4324 10
2746 3230 3
1312 4739 6
565 1611 7
601 4759 1
2674 4473 5
1058 2381 3
2261 4565 2
410 4294 4
241 733 7
1296 2038 5
1874 3802 5
2544 3786 1
3839 4289 8
925 4039 9
3200 4581 6
87 1236 10
1722 4562 10
439 2188 3
1178 3310 6
645 1069 1
201 4998 10
1302 2565 8
1276 2249 5
1553 2071 4
4236 4847 9
1301 4747 1
1644 1776 7
1190 3755 7
377 1821 4
1916 4032 4
903 4373 1
1568 2071 10
2689 4310 4
2327 4296 9
1554 2412 4
2635 3431 9
2615 4765 2
1794 3203 3
1013 3780 5
4383 4870 9
2709 4141 4
3294 3916 9
1707 4639 9
183 2876 5
2800 3118 8
890 4277 2
483 1907 6
3093 3129 3
902 991 4
2844 4011 1
42 1771 6
400 4065 10
1482 2650 1
1373 2075 9
81 2233 8
296 4919 1
3101 3856 3
2716 2836 2
1993 4712 5
593 4265 4
1789 4261 8
1019 4099 6
11 3827 1
2204 4171 8
1678 2082 5
2372 4612 4
1917 4225 1
2165 4540 6
2350 2386 3
2230 3149 10
2699 3181 9
4664 4770 8
3118 4318 6
1321 2192 8
73 2146 7
2540 4604 9
1341 4879 7
274 1443 2
940 1225 9
1047 1295 6
1882 1887 9
443 1021 7
417 913 6
877 4265 6
1488 2411 10
3119 3804 4
3250 3430 4
1680 2871 2
2927 3636 5
1125 4764 8
277 3461 7
1410 1651 6
321 3629 6
80 3389 5
1649 3668 7
736 2364 4
174 1093 5
1760 2613 3
477 1806 7
3213 4667 1
1720 2064 9
2639 3570 4
1964 2893 2
1478 3570 3
300 2351 1
580 917 9
3224 3511 1
592 4167 2
1478 2996 10
1406 2273 8
2358 2562 3
727 4220 5
1413 1714 1
59 2981 9
1795 1993 4
1006 2572 7
1173 2723 4
2295 4887 1
294 3577 1
822 3994 3
2938 4398 10
1024 1868 3
3882 4547 9
1797 4238 2
2289 4945 2
1069 3025 3
2214 3867 5
1922 3842 3
1938 3310 4
1572 4220 8
407 2136 10
1605 3655 9
1409 2868 5
2252 4386 5
116 1870 1
2881 3086 5
207 2930 9
429 4213 1
401 3341 3
4930 4989 7
957 2578 3
979 1664 7
2322 2718 3
401 2810 1
2199 2472 2
2703 4060 6
650 860 4
732 1087 2
1495 2201 5
1522 2582 2
529 4942 5
3563 4541 3
843 2512 3
389 1139 5
916 4807 3
446 3725 5
385 428 1
1563 2751 10
96 1201 2
1067 2471 10
16 1062 5
657 4577 4
4418 4761 1
1362 2070 10
803 2577 4
2973 4836 9
2338 2834 7
1213 4760 5
2591 4894 7
248 1476 1
960 1623 1
1944 4147 8
1316 2897 2
3419 3777 7
1374 1567 2
2127 2562 9
320 2432 9
161 812 10
93 1057 2
358 4934 2
1333 2799 2
1074 1792 8
137 2262 1
462 4427 9
39 4916 6
228 1385 9
1604 3831 1
159 2775 8
3773 4851 7
698 3280 9
72 398 4
873 2019 9
3686 4473 2
1125 3627 10
416 2292 10
1857 4568 2
3345 3943 8
1989 4175 3
729 3159 2
1393 3068 1
827 3643 7
1738 4543 9
98 4609 4
995 4117 4
195 2839 3
4208 4240 4
1790 3193 8
300 3310 4
3884 4096 5
1393 3979 7
3169 4997 3
433 1826 9
783 4901 6
862 4773 7
808 1872 10
2057 4193 3
127 1995 6
565 4302 3
2389 3794 5
3784 3987 4
143 4645 9
1403 4595 10
3116 4325 7
1368 3376 1
2662 2875 6
1265 4362 10
4160 4902 6
2147 2894 8
605 1235 6
1859 3277 6
733 3438 1
376 4892 9
2833 3524 7
1637 4969 9
2481 3953 2
1850 2047 2
1837 2642 8
925 1346 4
1442 3811 1
624 1960 7
735 946 4
232 888 4
979 4138 7
799 2401 2
3086 4233 2
165 1943 10
2576 2795 10
1399 1853 10
1246 4847 3
1707 2224 9
749 1865 6
2848 3586 5
369 1006 6
2649 4324 3
645 4203 2
2157 3470 7
1132 4618 10
1862 2038 6
522 1907 5
855 1977 6
255 572 4
542 2371 6
2300 3565 4
1849 3226 6
2145 3450 5
2287 4006 7
3628 3720 1
1020 3855 4
2099 3345 10
1169 3665 5
1100 1613 10
613 3678 2
1219 3077 10
856 1586 3
4123 4775 7
1085 2582 3
2 3724 7
2632 4644 7
2709 4457 8
845 3417 5
433 631 2
1742 3303 6
1111 1976 10
796 2560 5
3489 4920 5
1671 4896 7
2311 2893 6
256 722 9
3803 4945 5
248 3427 8
3317 3560 2
899 3058 2
246 4053 1
297 4922 3
318 3361 7
553 1691 9
2281 4765 10
782 1839 4
436 3701 6
2236 2779 2
1913 4401 7
1685 4842 10
102 2788 10
2941 3453 7
3575 4483 10
2039 2977 5
1089 1350 5
1781 1880 7
1962 4512 6
2862 4725 4
192 2298 10
2614 3946 10
1365 2275 9
293 610 1
3126 4494 9
3415 3465 9
654 3215 3
298 3906 1
418 1635 7
3011 4370 10
594 2377 8
1526 2287 4
293 4973 5
1648 3767 10
1453 3265 3
173 2895 1
4240 4653 6
1 3508 8
4629 4970 8
1843 4627 9
768 2057 5
1112 4087 4
646 2544 8
1382 4427 10
670 2209 1
446 3950 3
495 4885 2
3515 3537 2
1231 2843 10
895 2359 9
211 1479 8
2567 4986 8
344 3600 2
2128 4211 2
462 688 7
926 3573 5
158 4781 7
1286 4672 10
529 3686 1
287 3782 3
763 815 10
994 1034 2
2502 4543 4
1755 2884 5
2066 2732 2
4259 4934 9
2615 4886 9
2305 3859 7
657 931 3
1891 4322 6
2964 3825 2
1235 3942 10
3992 4779 10
48 2401 8
1919 2675 7
1988 2833 7
2052 2062 8
785 4699 1
111 986 7
2663 4927 6
914 3954 10
4810 4922 7
219 1626 5
3947 4196 9
1629 3528 6
125 273 7
1863 2010 5
3951 4098 5
709 1865 2
1123 1796 2
1283 1511 10
557 1781 5
2432 3029 3
1849 4175 10
58 3023 2
948 1353 10
650 1360 9
2828 3981 1
373 644 2
1488 3556 1
69 1648 6
772 1378 4
2808 2835 10
2901 4008 3
2924 3213 5
659 4809 4
3456 4079 2
2063 2246 7
372 4756 7
634 4046 9
1317 2211 4
641 949 8
1167 2357 5
2575 3418 4
2627 3577 6
394 1298 5
2559 4309 8
1522 2927 10
3631 4180 1
2672 4160 8
1980 2102 8
2554 4216 2
1889 2315 6
1555 4462 10
1341 1679 6
2066 2318 3
1781 3290 2
403 1238 7
565 4439 10
291 2245 5
1050 3302 2
421 2350 5
800 4998 5
3946 4774 9
1532 1833 5
451 840 8
270 3148 2
2561 3242 8
1757 4678 3
656 1353 7
2355 3138 8
437 484 10
538 638 8
1507 3871 4
1589 4263 1
2767 2773 8
1733 1945 6
1637 4821 5
3285 4791 9
3206 4911 6
182 1196 6
1919 3969 1
341 4790 1
584 2080 3
296 703 2
2307 3497 4
943 1434 9
258 1938 1
1392 4638 3
2607 4027 6
1254 2199 1
1143 1805 6
3328 3450 4
1267 2599 4
1674 1942 4
2708 3990 3
2388 4962 10
2597 2877 8
1275 4938 2
2308 3831 8
1354 2318 8
2042 2837 1
301 1576 7
2205 4848 5
1372 1895 10
89 3347 8
249 673 7
1281 2813 4
894 3008 8
219 234 3
148 3576 1
2196 4438 1
1741 2506 2
497 1217 1
733 2752 3
877 2715 1
1144 2537 4
1164 4295 9
1976 4010 6
1876 2656 1
4401 4758 9
4097 4775 2
4544 4590 4
4096 4438 3
2637 2885 2
1470 1673 5
1805 4094 2
1539 2001 8
1299 2712 2
1505 2633 3
541 615 7
2122 3725 8
2470 4870 2
474 4704 7
29 262 4
2143 4391 6
1225 3518 10
2743 3868 5
141 4770 3
1968 2711 3
896 3560 3
1374 2227 9
1983 4503 3
1360 2246 6
2290 3450 6
653 3752 3
573 2374 1
560 1433 3
286 2653 2
999 2502 5
3706 4703 5
597 941 2
2109 2966 4
2021 2600 1
862 2294 2
2080 4385 8
483 809 7
2487 4925 10
1214 4888 9
2315 4997 1
1760 2120 8
1745 4979 7
866 3883 6
627 2041 8
1011 3549 8
1143 1544 6
1252 1521 3
3144 3587 4
2464 4965 1
2287 4921 4
1148 2184 8
1995 2770 7
1303 4576 2
734 4398 8
1614 1754 6
396 3927 2
923 2738 8
3863 4419 1
1740 2679 9
1001 2150 2
22 2391 1
1185 4257 9
861 4374 2
639 1629 4
1404 4243 3
3402 4892 5
2815 4851 5
2275 4468 5
2411 4808 5
1061 2715 1
644 4144 4
216 4771 7
2617 3889 5
1772 3427 5
1389 1444 9
507 4448 6
2541 2951 1
2532 3884 4
1256 2749 10
2436 3721 10
2251 4922 7
1047 3474 7
122 909 3
3228 4742 7
2422 4235 10
553 1165 8
3120 3131 8
3536 3912 9
1337 2434 9
1077 1346 3
3872 4270 2
612 3409 6
604 859 10
869 3453 10
2309 4622 1
54 2403 7
504 4663 5
1199 3405 5
200 4478 5
2903 4855 4
1036 1112 7
1788 2849 8
3336 4049 8
2281 4637 9
1354 2503 4
2153 3603 8
396 1347 1
2245 2729 10
2141 3251 9
805 2631 8
1063 1938 10
1962 4737 8
896 1879 3
1793 2424 8
377 3513 2
4061 4457 8
414 1121 7
4057 4662 10
286 530 7
1266 1524 5
1892 2356 6
980 2458 1
3610 4547 1
2362 2581 3
179 4989 5
1770 4476 6
210 4782 8
3036 4344 3
284 1124 8
100 2924 5
794 4216 10
1047 1828 1
843 4272 4
1723 4357 7
1758 3601 5
1702 2900 1
1509 4346 9
3781 3869 6
1318 1907 10
2837 3293 5
2453 4479 9
3924 4424 8
97 3641 5
2138 3715 1
3536 4147 7
1478 3631 3
652 2542 5
372 3635 10
1939 4126 6
438 3051 4
2733 4879 9
2372 3392 10
437 4086 10
1262 1432 8
1786 3820 4
712 1683 8
1154 4872 2
1413 1825 5
3713 4305 4
547 1743 9
460 1870 10
1120 2737 6
1541 1735 2
68 4929 8
2528 3341 1
2296 4963 8
4689 4822 3
1768 3910 2
2817 3090 1
927 3970 1
760 2597 4
412 2565 8
282 2149 2
336 4103 2
1998 2443 4
278 823 2
374 1226 8
870 1513 10
294 4900 4
846 1177 2
1058 3141 8
3158 3283 8
1410 3512 2
1291 4943 6
826 3385 10
330 990 1
166 804 5
3066 3166 1
251 4233 10
2760 3161 9
2278 3899 9
2185 4173 9
2872 3207 8
250 2543 8
520 4518 3
1087 3159 8
13 4870 3
4339 4978 1
2881 4326 7
419 3512 7
3270 4335 5
2551 3186 10
217 1268 3
3099 3112 8
1149 2086 9
2280 3549 3
3016 4739 6
747 1477 3
136 4280 5
1728 2647 4
2984 4633 7
257 3893 3
3599 4330 2
566 2187 1
756 1212 9
2007 4898 7
1493 1621 1
887 4853 1
2049 3712 9
1892 3333 6
4511 4966 1
2328 4046 1
388 4120 7
2608 2909 1
3990 4759 2
1964 3224 3
340 3242 5
240 3342 6
3447 4366 4
2276 3651 8
2192 3496 1
1587 2701 8
1348 2840 6
566 909 5
713 1111 6
808 1326 1
161 2941 5
72 3022 5
224 4283 5
1701 3986 10
4033 4400 3
1274 2281 8
1697 3685 5
1053 4205 9
4066 4205 5
692 3899 5
156 1084 3
1527 2866 9
2018 4732 9
144 1457 5
372 991 1
350 630 3
1711 3416 10
2670 4306 1
81 4003 4
1116 2340 8
3614 4080 7
4250 4772 10
1440 4557 2
3214 4430 5
3474 4256 5
1507 2316 7
535 2691 6
2247 2270 7
3599 4859 7
41 3133 2
1589 3568 3
1755 2513 7
1725 2556 2
1849 3563 10
723 3597 5
979 2585 4
1291 4225 9
721 4829 4
924 2895 3
3323 3667 2
2507 4454 4
1114 2772 1
1704 2857 8
1411 2813 2
264 3329 9
2169 2677 4
953 2543 7
1887 3738 9
171 3333 2
3492 4137 5
2172 2605 4
4023 4914 3
1020 3892 2
591 3046 7
397 2150 9
3202 3478 1
2575 4157 4
1412 1484 4
216 4981 10
756 1615 9
226 2099 1
860 2496 3
1853 1984 7
630 2271 3
95 3037 9
1571 1841 1
1057 4560 10
1021 4118 2
2745 3360 7
1002 1347 8
4569 4717 1
1597 1603 3
3637 3977 2
3768 4628 1
1251 1839 7
264 2272 4
1206 3858 7
3714 4699 3
1402 1973 4
2559 4425 4
342 1523 2
1749 3480 10
404 3695 4
3608 4326 6
740 2920 4
780 4589 8
1082 3445 6
3 2080 6
3014 3547 5
1677 2722 8
2046 4267 2
1146 1759 9
157 1033 5
381 2756 9
302 2018 9
119 952 6
2985 3126 2
922 4334 8
711 3753 2
287 3954 9
111 2322 4
560 1306 8
1009 4240 2
395 724 9
150 490 10
655 3914 1
1217 3339 2
250 3590 9
1153 1622 7
3219 4548 3
2366 3563 10
227 4248 5
3011 3478 5
852 3348 10
2310 3819 7
1672 2590 7
191 3883 10
832 1714 6
736 4067 3
938 3754 9
220 2231 7
1696 2118 8
45 2273 2
1146 4478 8
1798 2143 8
922 4174 3
2531 4099 1
357 4304 8
908 2342 2
1152 2711 5
1031 4156 2
160 1746 7
4438 4708 5
1688 3925 5
3331 3943 4
1703 1886 1
1157 2704 1
1530 4852 6
2480 3543 1
3349 3748 3
750 3837 6
2190 3706 5
3514 4764 3
4208 4536 5
990 4013 2
970 2758 2
2009 4508 3
242 4338 5
1069 4245 7
1177 4848 1
1127 1679 6
1471 3413 5
278 2306 7
1164 2984 6
1197 4862 8
229 945 10
1920 4426 5
3075 4031 9
544 3278 9
2038 4190 8
158 3446 9
1216 3467 9
466 1521 4
1104 1447 4
2336 3740 5
1635 2688 4
1399 2795 9
1663 2931 10
350 4400 1
2743 3131 10
4178 4713 2
1195 2911 8
1455 3790 7
3857 3931 9
216 2735 5
975 1679 8
1161 1194 4
241 4745 9
534 4177 7
2452 3609 9
2430 3758 4
4278 4912 3
158 2681 1
3433 4049 7
370 2191 9
1561 3840 4
3143 4346 4
489 4252 5
2167 3262 2
2089 4706 3
2752 3610 3
484 2922 5
1607 2040 4
1164 1756 3
2580 3053 4
2407 3794 6
276 4037 1
1451 2046 3
1951 2761 1
3885 4216 8
1310 1797 7
4439 4870 3
3455 4905 7
2211 3369 3
4064 4452 5
4017 4168 3
694 1116 8
2329 2886 7
32 4276 7
3312 3903 6
450 1810 3
116 304 2
2630 4130 7
252 2164 3
1333 4442 4
872 885 4
3223 3247 1
1108 1763 3
22 3106 3
687 4110 3
1012 2385 10
282 741 9
1225 3752 1
2458 3049 9
1631 1706 4
3661 4884 7
2106 3584 2
781 1546 5
1066 1294 8
173 3750 10
184 3918 10
599 3712 5
27 4513 6
461 2250 4
1046 1224 1
2467 3675 1
835 1983 7
1325 1338 8
3735 4017 2
542 2732 3
3153 3562 2
1665 4983 7
2940 4882 3
837 2441 9
4617 4892 1
2765 3610 1
2686 3065 7
2286 4235 10
1575 2008 4
1382 4693 9
2098 3431 5
318 1799 8
3707 4473 10
3969 4043 8
698 1800 7
2077 4212 9
736 4316 4
1123 2932 9
231 3603 8
2931 4775 3
1952 2488 9
2715 2904 1
245 1725 1
2037 2441 4
278 1707 7
1137 4033 1
1968 4220 2
3492 4763 2
950 1871 9
3298 4421 10
778 4998 3
2790 3106 4
2185 2363 9
2546 3963 4
1413 2440 9
2224 4717 2
371 1729 5
56 908 4
614 1694 5
1152 1641 3
2008 4115 7
881 4486 10
1580 3301 3
221 1169 2
178 4942 1
1525 2613 8
2913 3717 1
3588 4926 8
777 3877 1
247 1455 7
121 3180 6
2186 2447 2
666 4296 1
1593 4535 7
2183 2311 10
1803 4289 4
1895 3362 5
1010 3449 8
463 628 3
2510 3020 1
522 4556 8
1479 4202 5
1892 2792 2
2344 2641 3
180 1081 3
3734 4351 9
1190 2652 7
1546 2238 7
350 872 6
487 3654 4
2120 4442 9
424 1249 10
3153 4419 2
182 2372 5
2272 2371 4
647 2800 5
599 2451 8
3088 3522 3
210 4828 4
1854 4143 4
2175 3249 5
3538 4968 1
3045 4160 4
499 3905 10
1936 2119 9
1521 1770 2
1646 2770 10
1255 3674 9
2727 4399 9
845 3879 4
616 1676 1
1590 2199 3
342 2591 7
1256 2378 2
1802 4113 3
590 2997 9
3658 4602 8
2226 2430 8
3269 3949 3
4149 4251 9
3856 4352 7
2432 3428 7
2033 3619 3
368 1102 8
944 2344 4
685 4056 10
4044 4634 2
633 1327 7
3037 3486 1
4673 4954 2
147 3948 10
1671 4884 2
2058 2072 3
229 1012 5
3413 3510 6
2398 3670 3
2526 4503 7
3721 3754 10
3936 4881 8
671 2861 2
1898 1948 8
1558 1702 1
2495 3102 8
2480 3680 8
1717 2125 7
3033 4325 9
4496 4676 1
4062 4066 4
784 3588 10
1711 4783 7
1986 3622 7
137 850 1
315 2034 9
274 559 10
1348 2484 4
2922 3185 5
1250 3103 7
1172 4851 1
228 3885 10
962 2391 4
3239 4265 1
3094 4056 10
774 2134 5
2550 2670 9
1283 1441 10
560 3651 1
6 928 8
2507 3469 2
568 2117 10
1364 3604 4
913 969 2
1740 2689 6
1283 3344 4
1305 2427 8
125 2098 8
331 2121 1
1034 3788 9
460 1839 7
1713 1783 3
2945 4302 1
3586 3858 6
915 1021 10
633 947 2
1920 2668 10
2802 3619 7
264 3267 3
1735 2946 6
899 1978 10
678 2424 9
864 4928 5
342 2072 1
1394 4425 9
2083 3297 4
1405 2565 5
3422 4798 5
979 2187 9
1340 4770 9
2535 4481 2
853 3432 1
1031 4433 2
3549 3689 7
2580 3079 9
1821 4771 8
3389 4064 3
1297 2562 6
3927 4564 9
1704 3250 1
3183 3202 2
2827 3635 4
265 721 8
825 4742 4
602 751 10
1051 3920 6
1297 1709 8
1316 4646 10
820 4172 8
1587 4026 6
4076 4646 9
346 3007 1
673 2317 9
3 978 8
804 1860 8
479 4437 4
3447 4087 3
637 3456 1
1863 3400 9
2572 3002 6
1324 3088 4
1554 3357 4
2494 3220 7
174 1723 7
3524 4113 2
701 1925 1
911 2748 7
3088 4414 10
3591 3828 8
449 669 4
671 2282 8
42 2564 1
42 3938 10
187 961 3
729 4888 10
2676 4885 1
150 3992 4
1114 1289 1
1210 4653 10
1762 4934 1
1615 3147 5
3503 4568 3
1005 4394 4
2247 4322 5
3928 4333 3
1547 4686 3
249 839 9
360 3626 10
240 4272 7
503 1198 4
404 2705 1
395 3921 6
4699 4952 9
2371 2566 3
1238 2648 5
641 1313 9
59 1059 10
552 951 9
2342 4338 2
1859 2176 6
1275 2940 4
2495 4743 7
2595 4164 6
55 3811 3
1347 2671 10
325 1124 5
1409 2906 2
765 1297 2
35 3273 6
146 1296 3
1222 3596 2
1737 3776 1
1624 2583 3
1789 4175 4
750 4867 8
4195 4492 7
951 1236 9
12 2269 6
754 1214 2
177 3384 1
494 3421 9
2941 4037 8
728 2013 3
677 1287 3
797 4928 3
1607 3339 4
4005 4177 2
1226 4054 8
509 1327 4
1018 2925 8
1418 4169 4
1797 2081 9
1522 2888 3
1103 2131 9
2530 2850 3
1136 2320 1
827 2284 2
1294 1590 3
3781 4481 8
249 1365 4
2283 3714 8
1247 1658 7
673 1577 10
226 1029 4
2073 3872 2
1946 3625 4
2023 3634 2
249 3779 7
2825 3814 7
1001 3428 2
1115 4851 1
472 2513 2
1296 3286 3
109 2617 10
97 2894 5
1801 4199 6
1061 1787 1
3296 3891 5
48 1657 1
3504 4690 3
2113 2517 5
1637 4099 7
625 3682 7
772 2125 8
791 1620 3
645 1893 6
2308 3437 4
2429 4074 8
210 507 7
803 3121 7
1130 1736 10
1996 3245 10
1477 2323 5
2600 4568 7
1364 3929 7
428 3902 4
1398 2872 6
1719 2707 10
4445 4880 10
3366 4489 8
2659 4742 6
254 1751 3
2121 4692 5
875 1223 3
3931 4263 2
705 4614 5
2033 4880 7
2326 4215 3
2101 3050 4
2321 4003 9
890 1966 2
3724 4238 9
3944 4309 2
1596 4568 3
1668 2629 5
2087 4827 1
2096 2747 5
345 1725 8
633 3907 5
1873 3989 6
552 3490 4
1278 1948 6
2142 2225 7
630 1297 6
3831 4015 7
1149 2571 3
561 818 3
2528 4723 5
76 4550 7
1656 3061 9
3055 4905 10
1037 2662 7
901 4429 7
1889 3167 8
2183 3043 8
1158 3918 10
3196 4379 5
3534 4929 8
11 2850 4
1055 4760 7
1915 4916 10
1962 3011 10
905 1656 9
665 1142 10
158 4673 2
3027 3358 2
1429 2575 8
183 4212 3
807 4826 8
490 3979 6
774 3513 8
1941 2857 10
2890 4711 1
1232 4470 1
475 4451 1
2551 3512 5
4304 4942 3
2313 3757 1
2398 4766 4
2621 3170 8
839 4985 5
1476 1709 4
13 2642 1
840 4116 2
1252 2245 1
1305 1974 2
986 3469 8
1588 4378 7
2227 2768 7
2191 2780 7
226 3185 3
109 4198 9
570 1504 7
1602 4868 9
2699 3276 3
1997 3131 7
1833 3037 10
9 1574 3
436 3968 8
1343 4563 8
4167 4526 5
647 3609 8
1302 4892 2
2319 3056 2
665 4150 1
3293 4850 1
1376 1694 4
3472 4066 9
1537 4879 2
619 4530 9
2829 3469 9
1556 1813 4
2602 2993 2
1532 3618 2
20 1480 7
755 4769 10
771 4812 4
229 1861 6
1592 2612 6
946 3904 2
687 4345 10
766 920 1
522 3143 4
8 4601 7
2412 2724 6
2037 2833 6
1019 2524 4
380 1209 10
3371 4414 10
1879 4714 2
2170 4600 1
332 4948 4
2589 2651 1
1129 4382 3
2026 2506 7
4470 4523 8
934 3785 10
147 684 9
1340 4676 1
1751 2129 8
1067 3922 3
3114 3954 4
2669 3357 10
1628 3339 5
906 3601 5
2084 3410 8
900 4747 4
2233 3011 8
3078 3333 2
2403 2454 1
28 515 8
454 1224 5
3469 3776 4
1969 3126 10
495 3531 9
3063 3356 9
1521 2663 8
535 576 5
835 2408 10
683 741 8
77 3525 8
2968 3995 5
1780 2049 9
3193 3563 9
3295 4874 2
2234 4193 4
450 2884 1
1139 4177 3
3262 3600 3
1259 1274 2
1767 2275 3
422 3763 4
443 3530 6
774 3420 8
4600 4917 9
2789 4350 8
1777 3566 3
1897 4079 8
500 2202 9
1982 4700 9
4446 4734 4
1212 2225 10
880 4586 2
406 4797 2
2806 3461 9
977 4196 10
188 3927 8
2434 3029 3
1498 2569 7
4135 4320 7
915 1360 9
1539 3733 1
3638 3688 1
1046 1225 1
1372 4465 7
3379 3925 9
1618 2670 6
2640 3809 3
272 3350 1
923 1796 7
3167 3327 7
1887 4778 1
2005 4650 2
1768 4581 5
797 1649 1
1014 4763 4
1637 4671 5
322 4914 5
1175 4784 3
506 3569 7
2235 3873 3
1506 3541 10
1633 2140 1
1429 2902 4
433 1363 7
1026 2488 1
952 1920 1
2724 4358 10
4324 4530 10
3109 4233 5
1318 3385 10
1458 4518 5
1610 4291 8
2925 4113 10
3696 4270 4
229 2673 9
1699 2184 4
25 4273 3
1988 4026 10
668 1776 6
479 3471 5
2344 4428 3
4925 4993 8
1226 1672 8
441 3212 2
844 2296 4
689 1552 2
1669 3953 8
2109 2514 8
1218 3263 8
1697 1964 7
1588 4172 10
352 406 2
1783 4797 3
804 2104 3
268 2266 3
877 2937 4
1254 2779 9
888 1399 10
20 1144 9
601 4554 7
2772 3684 2
2448 3014 2
188 4884 7
253 3358 4
2540 4651 5
2028 2487 5
75 4260 9
2128 2846 8
2120 2332 1
370 1536 9
2583 4412 10
60 3106 1
241 976 1
1651 4092 3
347 2438 6
2134 2461 1
2235 3354 1
191 4537 1
1953 4700 1
54 159 7
790 877 9
375 3215 9
381 1803 10
4639 4975 4
41 2349 1
33 3720 7
1505 4484 2
714 918 3
2479 2738 10
1051 1523 6
1726 2294 3
3859 4133 3
1636 4905 6
1790 3993 9
1157 2866 7
512 1909 5
1922 1924 1
1971 2370 9
475 2917 4
1524 3195 5
408 1796 4
1104 2797 9
1519 1886 2
471 3869 2
2862 4666 10
1426 2830 9
338 3797 2
2526 4046 9
709 2197 9
1988 3733 8
1220 1287 1
1435 4923 2
334 2052 10
2099 4936 4
44 1869 4
2717 4374 5
2860 4532 2
304 1013 2
3134 4689 9
253 1578 6
1122 1618 1
1937 3969 8
72 880 1
3571 4757 3
907 1855 4
319 4119 3
2891 3514 10
610 2595 1
2938 3834 6
3984 4891 9
1068 2081 10
970 1048 1
1083 3626 3
254 3241 10
1200 3851 6
758 974 5
1000 1540 5
2546 2842 6
233 3117 6
977 4166 7
2771 4617 1
3688 4038 9
321 650 7
949 1720 10
590 4421 3
3299 4040 4
3833 4639 5
1661 3767 3
243 4862 7
620 1068 6
1299 2876 9
2224 4488 1
1527 4565 7
2204 4675 4
1201 2221 9
2359 4566 1
2207 3455 5
295 1769 9
3302 3336 6
12 2910 10
2124 4285 3
7 2058 10
1728 3356 6
17 3513 3
1388 3961 7
1992 3970 10
2356 3765 4
398 3490 1
817 2966 9
710 1191 7
2373 2436 4
2728 3174 4
713 2625 6
201 2688 10
159 2706 4
3451 4987 6
215 1796 3
2191 3334 2
1204 3105 10
4594 4627 7
2605 4201 3
1598 1760 3
2788 3073 5
3115 3913 3
697 4508 10
807 4073 5
3252 4147 9
1216 1360 2
1713 2946 9
2957 3675 8
4347 4442 7
1125 1935 6
568 4522 10
40 1309 2
2248 2796 8
1092 2534 6
1663 2293 3
261 2138 3
35 3175 4
1305 2286 9
2484 2637 7
393 1033 6
243 3140 8
567 1665 6
1335 4212 5
2199 3865 7
2672 2677 9
1014 1016 8
1174 3618 7
1690 3670 10
439 3748 5
1296 4056 4
1593 3768 4
295 2055 9
2064 2445 2
253 3285 4
3662 4151 10
2079 4358 3
124 4684 7
3271 3776 1
1499 1992 5
1759 1813 2
3871 4068 1
13 4095 5
722 4317 7
2389 4692 5
3874 4347 1
4192 4498 4
1736 3360 10
2361 3632 4
140 1980 2
1090 3454 3
3318 4433 9
2210 2381 9
3291 4314 8
3915 4501 1
467 3929 2
775 3238 1
10 3421 8
432 580 5
1696 4938 7
456 681 1
1134 2195 9
34 4175 1
615 2115 6
2592 3586 3
557 1676 6
3502 4600 5
855 4944 6
3327 4373 6
1403 1564 6
1057 4388 7
232 2511 7
284 3751 6
1243 3595 6
1846 3163 8
337 1851 1
3639 4418 3
1469 3373 2
1071 1455 5
645 992 7
1985 3999 3
2913 3417 8
2290 3207 4
3576 3779 7
1315 4797 10
1064 4028 9
2063 4985 2
1398 4301 4
273 3989 2
226 2916 2
1808 3487 4
3163 3738 2
960 3331 1
715 2066 9
3232 4165 4
1023 3990 1
883 1974 1
2349 2424 7
94 4882 4
1983 4562 10
2187 4673 6
239 3428 8
1822 2877 2
1140 2153 3
141 4050 3
2187 4582 8
607 2504 5
2059 4732 4
865 4457 5
131 4409 3
3357 4205 8
2876 4421 1
880 3244 6
2161 3181 10
124 579 8
1562 2838 1
1966 4378 8
304 4151 2
410 1774 9
1817 4611 5
24 2056 4
211 448 4
1498 3521 1
943 2404 9
1875 2908 6
496 1650 5
3675 4802 9
1606 4694 4
2165 2584 9
4674 4962 6
2432 4135 4
1247 4202 5
579 1789 1
730 3448 7
1212 3116 1
405 1462 3
3610 4529 10
232 827 9
1249 2612 2
19 2241 8
2518 4063 1
501 2714 1
843 4582 3
4220 4940 4
1415 4013 3
3215 3772 10
690 3152 7
3248 3737 2
1765 3953 4
1663 3119 5
1843 4507 9
1481 4388 2
526 1035 3
249 2940 9
2248 3096 7
624 1611 2
659 1266 9
2013 4369 6
948 2541 8
2580 4652 9
1391 1630 8
1633 1996 9
6 4821 5
1834 2647 1
76 2656 7
1959 4758 5
47 3079 8
3357 4110 9
2752 3286 8
274 3617 8
618 2220 2
1939 2857 5
3918 4764 2
2662 3523 7
547 4569 3
551 2029 3
1872 1953 3
2217 3762 7
1806 3245 5
3763 3791 5
426 1457 7
2722 4855 9
276 1561 4
2969 3607 5
756 3799 7
682 2444 10
314 878 6
1661 2505 2
3644 4762 7
1057 4042 5
121 1502 9
961 2983 10
251 2503 1
1411 1796 2
959 2654 3
1783 2537 9
1940 2266 1
1547 1600 7
3125 4284 5
1360 3139 6
1511 3843 5
215 1417 2
1574 2730 9
1067 3331 1
1681 3473 2
1871 3780 2
1668 3727 2
1856 3693 6
2564 2982 5
4081 4203 4
1000 3762 8
975 1908 2
1987 2803 2
2526 3073 4
644 2815 6
689 817 6
1161 4589 4
828 3288 2
258 1446 2
2406 2831 8
2738 3087 7
2184 4206 1
2846 4523 7
2688 4758 7
2993 4410 8
271 2508 10
2239 2693 1
126 2712 1
2397 4112 8
1301 4217 8
1064 1660 1
1215 2190 10
2503 4960 10
3253 3654 8
226 361 3
759 4166 8
1436 4760 2
3431 3771 4
277 1055 9
4194 4218 7
423 1568 6
463 4304 5
1310 4879 6
325 1496 4
2206 4349 8
1885 3601 7
1043 3471 5
2846 3506 4
3148 3632 3
446 4454 2
2538 4233 3
2192 2667 9
431 3400 2
3720 4236 3
1898 2159 8
3512 4741 1
512 1355 9
746 2215 9
3885 4436 2
214 3132 8
1346 4047 8
980 2384 6
1170 3002 9
2693 2932 10
6 1935 2
3104 4280 5
2949 3240 5
263 1845 6
603 1557 5
1565 4329 5
466 667 5
1036 2557 10
880 3774 4
2956 4739 4
3283 4488 5
1392 2011 1
1324 1942 8
1124 3702 9
1292 1936 7
2907 4561 4
2081 2841 8
384 3617 6
2622 3739 9
771 2462 8
1679 4992 3
4304 4385 1
912 2147 4
1815 3859 1
3884 4352 5
813 3469 10
703 3421 3
1221 3956 3
804 3332 3
1571 4736 10
1346 1992 10
863 1832 5
4101 4481 1
1835 3974 1
3642 3777 4
2474 4002 2
2073 2743 4
3315 3573 1
2315 4417 6
2654 4044 8
2134 4400 3
1260 4243 6
546 1679 10
3028 4603 9
1423 4677 10
3519 4386 6
1324 2253 9
1348 1981 9
3602 4321 8
4616 4739 5
1880 4507 6
1128 3825 5
1352 1685 10
2306 3187 7
1012 1559 6
307 4944 5
237 856 10
2892 4667 10
1730 3094 7
1084 2609 7
9 23 1
1315 3562 10
1121 4826 1
1276 4978 3
1315 2416 10
1972 2803 5
1238 4678 6
480 2127 5
234 4189 9
1174 4284 8
3445 4260 3
2066 4037 1
2934 3487 4
2918 4811 7
2010 2700 6
2664 3024 7
1152 1174 10
1121 2033 3
3579 4366 7
825 2892 6
691 1861 9
2754 4095 3
722 4519 4
2016 3786 9
1016 2584 4
1589 1988 4
1766 2939 6
1132 2892 6
2073 3421 4
1225 4649 8
4353 4611 2
2043 4245 7
1289 3943 8
1099 1344 1
3335 3582 10
1959 4484 5
3872 4316 9
1410 2311 3
1734 2798 8
1290 2361 6
3067 3463 4
125 1085 10
2246 4223 6
565 1947 6
1301 1566 5
2948 3063 6
126 2030 10
566 3914 1
2469 4276 1
183 2625 2
3109 3982 9
74 1832 1
2448 4049 3
2013 4159 3
829 3864 2
3574 4335 5
361 664 8
1083 3095 8
231 2488 6
2089 4895 2
2306 3412 7
457 3431 8
2841 3391 8
2674 3934 8
94 4861 10
120 3283 1
400 754 1
123 1239 4
414 3258 4
550 3107 5
2279 3903 6
853 4237 2
2628 3288 4
217 1801 8
1908 2444 6
1710 3494 8
746 1207 8
2518 3273 5
905 3337 8
3996 4329 2
2219 3931 10
1671 3993 6
1250 4973 5
208 606 3
926 2887 1
615 3501 4
1104 3780 7
2133 3061 4
2208 3295 9
1059 4585 4
3434 4272 10
3096 3444 4
1598 3047 8
210 379 9
286 4944 3
4078 4409 7
347 2756 5
2077 4417 3
517 2044 4
318 2273 8
3312 4423 8
2614 4008 3
3002 3540 9
2628 3350 8
1413 1773 4
1830 2634 10
698 4822 7
431 4821 7
1944 4805 6
583 4028 5
845 4877 8
1355 1445 6
556 4305 7
457 2705 9
729 4357 7
139 1710 10
1508 3504 9
550 1259 8
918 4489 9
1794 4967 5
746 1240 8
341 846 10
906 4842 6
3979 4610 9
3844 4999 3
1000 3844 1
1684 2943 7
412 2758 3
430 1214 4
1102 3686 9
2348 3751 9
956 4873 4
59 4328 5
615 4449 4
1527 4290 2
1183 1517 8
3456 4182 2
855 2006 4
2629 3730 2
1458 1919 10
2658 2968 8
3027 3557 2
3017 4472 5
518 2610 9
39 4686 6
1833 3174 10
1667 4507 6
2058 2851 8
2835 3067 3
3114 3833 6
672 3023 1
837 1598 3
994 1424 5
1819 4935 5
1844 3383 10
2262 2484 10
2471 4938 6
3648 4060 8
3740 4340 10
3249 4379 7
2387 4383 5
1852 3841 6
3536 4960 8
1367 4964 4
1245 1684 10
651 1274 2
76 3590 5
2239 3513 5
348 4052 6
1193 1897 8
2819 3273 2
2293 4261 9
2535 4174 2
453 4170 4
755 1366 10
195 3365 2
524 1826 5
2590 3186 7
122 4168 5
1439 4794 2
1667 4849 6
21 1005 2
1207 4884 7
3989 4929 9
208 1600 10
3687 4472 7
2960 3250 2
487 3555 6
2198 2536 8
3101 4151 4
2366 4184 5
2479 4837 9
1182 2092 9
2131 2750 10
2047 3343 4
1775 4458 6
3406 4020 5
1382 3644 10
2576 3310 1
1456 3198 2
3301 4521 8
559 3109 10
1090 3998 3
1413 2224 7
502 4082 6
595 3146 9
1237 1564 7
56 2396 2
2043 2061 9
1536 2307 2
1528 2151 5
4678 4711 2
3321 4396 10
2010 3403 1
2903 4413 4
1706 3000 2
1944 2443 5
2669 3958 4
619 2052 2
595 635 2
85 2119 9
4010 4731 9
3567 4109 7
1420 1454 4
1520 2579 3
1828 2139 9
30 1306 8
338 3053 1
645 1595 2
1517 2228 1
2462 3657 2
1810 3460 10
1074 3712 2
1466 2684 2
282 2880 3
330 2179 10
225 2745 2
1847 1982 3
3081 3544 9
503 1688 3
4268 4616 1
3445 3476 1
2563 4405 6
2811 4246 1
1599 2460 7
395 2115 3
3882 4351 9
1935 3242 4
1113 1339 7
1307 2036 8
1617 2041 4
821 3193 3
1362 2365 6
1187 3357 3
392 2619 3
575 4014 5
1608 4182 6
1795 4966 5
843 1184 3
1228 2920 10
1599 3817 8
588 3987 5
2605 4847 7
4038 4521 6
592 4108 7
1489 2470 2
1299 3368 3
832 4866 9
1245 2495 10
854 4416 1
842 3224 1
2194 3150 5
1511 3298 7
1812 2478 10
2408 2746 4
1577 1595 9
3512 4642 8
448 1908 8
3861 4757 4
1416 3849 8
2889 4097 6
2098 2263 1
2125 3311 10
1977 3305 5
1750 3996 5
591 1308 8
314 2168 7
1752 3327 9
2875 4543 8
696 2317 5
770 3535 1
30 4467 5
1034 2570 9
3165 4635 4
4211 4371 1
597 1230 7
249 1481 10
1037 4745 4
1935 4770 1
489 1496 7
1831 4998 9
3631 4689 3
2127 4076 3
2077 2584 7
492 2572 1
3502 3831 8
897 3951 2
832 3255 1
1454 3695 2
3719 4534 8
1711 2145 10
927 2021 10
1066 1508 2
3160 4682 2
718 854 8
1723 2454 5
762 932 8
1633 2446 9
988 2869 7
2485 2513 5
2657 3550 9
204 536 1
2249 3367 6
1712 2206 10
344 2867 7
2633 2646 6
842 3505 6
1168 2464 10
52 1986 5
1063 1118 8
2574 3344 5
2585 2756 7
2163 4770 6
3243 4327 6
527 3574 2
1392 2226 3
340 4253 7
442 3562 7
2556 2851 9
1715 2927 1
2684 3961 2
186 427 1
2784 3226 10
4189 4875 8
660 1826 8
3536 4977 3
1269 2654 9
1742 2751 7
628 3595 4
377 3314 6
348 1773 2
1079 4556 2
2250 4035 9
15 2815 2
960 1363 1
714 1362 6
531 3803 7
236 2966 1
3090 3180 1
1386 3565 7
632 1448 2
3339 4479 9
1939 4223 9
791 1358 6
355 3154 9
361 1052 2
4136 4223 1
301 3872 2
2509 4821 4
1428 2393 5
1886 3306 4
2620 4474 1
3306 4532 3
4768 4945 5
1138 3847 2
255 3311 7
2 3595 5
1663 2706 1
3790 4017 2
388 2584 6
3446 3915 7
1534 4451 3
1126 3971 5
1856 4462 1
703 1999 8
2115 3320 5
3053 4411 7
860 1261 5
2049 3619 3
1907 2959 6
4030 4143 6
61 187 9
3170 4901 5
1605 4018 5
621 4047 6
394 1886 1
816 2725 4
515 4831 2
1642 2384 6
2758 4638 1
2164 2344 10
3159 4715 9
1530 1554 7
3204 4516 5
3786 3834 10
1424 4906 6
837 4295 5
3017 4109 2
1005 3227 9
2851 4259 7
1263 2267 5
1037 1579 10
2556 4030 7
307 860 8
933 1357 7
4258 4446 7
135 3432 6
2112 2467 6
1322 2293 2
981 3640 2
584 4013 9
3080 4288 6
2827 3804 10
4759 4948 6
1327 1892 5
207 955 8
1908 2368 3
4100 4459 9
354 3417 8
1224 4670 2
819 1473 10
1005 2381 3
958 4859 1
599 1522 7
2542 2724 5
1475 2672 5
2331 2843 6
407 3472 5
586 3057 6
2114 4022 7
261 4988 6
20 78 3
1905 3402 3
27 1045 10
1684 2686 3
28 363 5
503 539 10
4018 4540 10
10 3976 9
440 2950 5
24 3848 1
2644 3223 3
3426 3679 2
227 4679 1
1707 3284 2
2235 2621 8
756 2505 1
958 4542 4
2516 4759 6
2130 4632 2
3778 4695 5
2781 4984 10
1323 3636 2
1885 3305 9
2889 3885 2
1070 2486 8
1023 3044 9
5 785 10
917 1292 2
3211 3599 2
1747 2108 1
2354 4282 3
13 2251 1
2046 3896 9
1255 1708 5
2659 4583 5
1669 4581 2
547 1989 6
4038 4109 10
915 4223 9
97 1493 1
1368 4123 10
3799 4301 3
272 4823 6
2937 4928 2
499 2214 2
1244 3103 7
3481 4373 8
1301 2927 5
559 2317 7
1540 4483 1
290 327 9
1221 4921 3
885 2502 5
909 4597 2
1714 4325 6
902 3991 3
1290 4983 5
2206 4057 7
1755 2725 10
2135 3066 3
2291 4383 5
725 2826 2
1545 2681 6
1038 4614 2
1921 3055 10
824 1106 9
1677 3004 9
2686 4834 3
1538 3119 7
495 2742 9
2282 3908 8
2553 3987 10
2629 2823 1
210 937 8
835 3129 6
934 4215 4
3024 3405 3
4119 4517 9
1600 4535 3
152 3993 1
2763 3033 9
692 3871 2
1987 2050 7
235 3104 3
2209 2858 1
1230 4024 2
575 3776 5
1435 3778 3
1374 1795 10
346 3890 2
2996 4774 2
2145 2699 9
484 4410 2
1646 3941 2
1118 2499 1
4110 4743 1
1828 2277 7
1868 2450 10
3195 4465 7
344 2359 2
2697 4378 9
1293 1330 9
297 3805 3
595 4856 3
2030 3001 10
339 360 1
1641 2046 2
1196 1951 10
428 1762 8
357 2043 6
1107 3350 5
1207 1820 9
1625 2241 8
1698 4147 10
842 4113 7
3861 4754 9
1569 2339 9
2932 4271 5
827 3969 10
3160 3839 3
3218 3793 10
395 584 10
1082 2314 8
3568 4099 6
924 2468 1
2113 2387 6
3040 4970 8
771 992 2
1784 3322 6
4000 4385 10
816 891 1
2091 4522 1
2063 2383 2
1447 4547 8
224 2300 5
1537 4234 7
2188 2514 7
2612 2978 5
130 1162 8
389 4264 4
2115 3353 1
578 1824 7
598 3863 10
937 2481 6
1374 1890 9
152 509 7
1861 3024 8
1353 3929 1
121 764 10
247 3016 10
1468 2995 2
3658 3920 4
1039 1098 9
10 3924 5
907 1140 3
303 1886 8
1865 2092 10
2296 3673 9
3389 4632 10
3214 4129 10
2940 3916 10
1451 2079 8
2928 3533 10
2758 3836 2
197 565 5
3676 4969 6
949 3268 5
1728 2981 1
1513 3382 3
324 3776 6
3830 4530 4
2833 3314 1
948 3427 8
826 2413 3
1250 2794 7
2255 3671 10
1928 2036 6
4292 4423 3
1136 1532 7
3297 3653 2
3578 4965 2
2688 2733 10
896 2496 7
786 2716 10
1661 2252 4
4046 4868 8
752 4377 9
1405 4749 10
3122 4598 3
1319 2196 4
1895 3627 8
982 1794 8
441 525 9
582 1412 9
2107 3481 4
3407 3576 9
244 4106 1
2317 3003 9
4600 4666 1
2724 3740 9
751 3468 6
2435 4377 3
337 4090 1
2961 4746 1
660 2394 3
1221 2204 7
136 3379 8
2879 4737 3
2049 2070 4
1480 2145 5
1542 4712 3
1140 3075 1
2476 2982 6
2210 2896 5
1171 3405 4
358 4030 10
3499 4081 9
3612 3734 1
4778 4993 6
3581 4557 9
1878 2730 6
1123 1750 5
169 2400 3
1267 1508 6
1102 3884 5
222 3010 3
367 4799 2
321 4321 3
3397 4479 4
1178 2425 1
500 1374 10
38 2190 5
735 1043 4
2065 3925 1
77 298 7
929 2175 7
833 4153 7
175 4135 1
2660 4017 6
279 2800 6
113 3961 4
626 1218 10
543 2078 10
401 1504 10
940 1906 9
1024 3336 3
4707 4786 9
199 3876 7
1415 3532 2
1987 2576 2
175 2574 7
112 830 7
528 3357 2
1932 2919 8
427 3744 10
2236 2343 10
698 4036 4
1023 3518 7
934 1598 7
1940 2025 10
1047 3988 4
1219 2076 1
195 4533 6
156 1102 4
4342 4973 1
245 2565 6
921 1258 3
666 734 3
679 4540 2
1804 2661 8
396 1581 7
73 4363 8
896 1450 8
456 4358 8
2707 3452 7
2241 3970 7
192 2763 8
1902 4999 2
2662 4377 6
3944 4988 3
3207 3949 3
1042 3237 7
3407 3687 4
2693 4432 10
672 711 3
3262 3676 2
2230 3287 3
623 2334 10
1187 1406 8
2728 4400 2
2576 3791 2
3745 4824 8
1752 2642 5
104 860 10
1045 4655 2
1053 1516 7
249 2127 7
377 1449 4
2850 4309 8
2305 2417 7
1220 4685 9
1468 1596 3
675 3444 7
30 1304 1
2254 4004 6
1514 4227 5
670 3543 1
197 1277 6
2392 2745 6
3229 3295 6
48 1784 9
3104 4750 4
4573 4579 8
308 4345 5
1164 2628 6
661 1116 2
2590 2983 2
940 1825 6
555 4734 9
1372 2759 5
98 720 1
1343 3698 10
3418 4259 10
3572 3791 5
2215 3876 3
3816 4880 7
2248 3902 6
1130 3272 9
1592 2015 6
387 2808 6
2033 4625 1
1451 1902 8
3363 4633 5
1822 3069 6
2686 3073 10
2387 3026 3
2244 2453 9
3378 4442 2
776 4071 5
1350 4828 7
121 2423 1
3230 3236 9
992 2678 1
1090 2871 9
2509 3242 7
3071 3079 5
565 2372 1
1400 1646 2
3497 4696 10
2396 4176 2
1111 3473 10
424 4735 9
1146 1552 5
2493 4820 7
518 1064 1
1984 2036 4
2911 3917 5
513 2604 6
501 4352 9
2290 3538 4
2772 3918 10
3011 3516 7
893 3544 7
1555 2920 2
445 4103 4
2194 4752 3
958 1010 10
1704 4138 2
1245 2409 6
2550 4530 6
607 2934 9
1326 2859 7
1475 4493 6
2133 3981 7
2314 2993 8
4093 4880 2
305 4728 2
1452 4996 9
344 4378 6
946 4061 4
2621 2692 5
1795 2485 1
1999 3218 9
975 4114 10
306 1087 2
62 217 8
1383 3613 2
900 3841 9
2556 2857 1
3644 4422 5
1103 2435 4
1021 3586 10
3347 4060 4
1363 2905 8
431 1777 4
1969 4223 3
1072 4113 2
397 906 7
954 4817 8
337 3443 4
1355 1568 1
231 1004 8
851 3947 1
3781 4715 7
500 3964 5
3412 4277 10
2274 3475 3
1096 4435 8
2309 3176 4
1436 1865 1
2283 3400 9
1433 3900 2
172 2170 9
453 1963 6
1599 3123 6
19 476 4
244 851 8
422 4301 7
3615 4790 1
1593 3356 10
1932 4756 4
776 4448 9
974 4215 6
2097 4467 9
1415 4464 8
859 1922 4
1118 1286 3
2477 3891 10
1283 4816 2
996 2411 3
709 2971 3
1754 3930 1
1789 2073 7
1781 4056 9
670 4334 1
1043 4755 9
4583 4610 7
1846 3787 6
2285 4136 9
2123 2216 3
232 1397 1
1438 3007 7
3172 3208 8
1945 3971 3
847 3177 7
1784 4637 9
1772 1819 8
975 1205 7
1447 2188 6
3467 3571 6
546 1849 10
2374 3527 7
30 3102 8
2008 3711 9
658 1780 2
693 2125 7
2065 4497 3
2343 4993 5
1858 3549 4
492 3208 6
429 4620 3
1768 4692 6
3496 4431 8
2445 4788 7
2620 2853 4
1397 2256 5
4071 4958 1
1229 1846 7
2398 2717 8
522 1168 7
1200 4963 6
519 3108 9
968 1351 9
3405 3746 6
2418 4603 5
1124 1756 10
782 1425 6
1667 3442 8
458 1499 4
911 2559 4
1022 3089 10
1009 3750 3
1694 2198 2
291 2784 6
2479 3009 2
1091 4658 6
2707 3163 8
104 3074 10
1538 3406 4
1707 4338 9
2118 2435 6
1922 1953 6
1286 3382 3
1870 3559 8
1817 3576 3
875 1832 8
1115 3903 2
3104 4420 10
294 1636 4
2452 4083 8
1584 3246 3
3394 3656 9
1693 3379 8
2904 2950 1
61 2384 10
2093 3814 8
351 415 10
482 998 5
1160 3075 6
1210 4465 4
4107 4873 8
2016 3740 2
65 4657 2
2600 4502 3
1405 4676 4
3353 3361 2
928 3446 4
315 2881 4
656 3898 3
696 2050 6
1407 4977 5
1022 4910 9
937 2427 3
3009 3261 6
2406 3983 7
1272 3458 9
817 2322 7
2446 2629 4
587 4047 1
428 3236 3
2664 4587 8
2518 3470 4
1230 2972 5
4205 4846 8
1800 4393 7
2515 4022 1
1216 3853 8
881 4393 1
2088 2174 6
401 2488 4
3285 4574 10
976 3780 3
3086 3152 9
2079 2578 10
996 3775 2
2416 3172 2
4628 4935 5
713 1103 4
761 1212 7
1013 3302 7
2746 2771 10
783 3910 8
2055 2989 6
3760 4710 10
2415 3664 2
2710 4454 6
998 2211 9
692 4232 3
1480 4079 3
2108 4955 7
199 4521 7
3493 4782 5
143 1346 8
1114 3813 9
1871 2096 10
2988 4881 1
361 2399 3
2449 2973 1
1169 2583 7
1172 3623 6
654 1993 8
3067 4980 6
814 1051 2
431 1404 9
2562 3464 5
1326 1988 2
3007 3820 2
296 1424 5
2014 4178 2
1904 2309 3
763 3505 7
1750 2525 5
2668 2762 8
11 3093 3
812 4143 5
2017 2650 4
2428 2461 4
594 931 8
302 4934 5
435 1744 2
1039 4583 10
2355 2647 10
1594 2260 10
1643 3217 7
3762 4256 1
2177 2736 8
400 1028 7
2301 3594 1
760 2430 5
4885 4895 3
370 1556 1
1728 2359 2
407 4760 10
3767 4953 5
1850 3057 6
1166 1368 8
2475 3348 9
2582 4284 8
4259 4607 9
1938 2905 1
135 2873 7
1203 1685 9
2211 4905 7
619 999 6
3638 4118 5
1510 4695 1
1829 4351 8
3120 4625 2
795 1912 8
2165 3613 2
2862 3508 5
2393 2484 8
962 3820 7
414 2956 4
1909 3661 2
2382 3990 1
2607 4399 8
131 1600 9
2790 4901 10
2184 3409 7
1437 2949 10
2092 2320 10
2211 4611 8
793 3116 1
1442 3117 7
3839 4294 3
2762 3913 4
839 3317 3
337 725 1
1336 1638 2
3384 3744 2
3268 4944 3
486 3983 2
1818 4146 6
3021 4920 9
1517 4518 10
1718 3354 5
1975 3397 8
1376 3976 2
790 1284 3
2725 4369 7
501 2749 1
292 4562 5
1120 2052 5
1112 1873 6
241 2774 7
1851 2499 4
4037 4566 9
586 2685 10
425 3804 8
1522 4441 10
2589 2982 1
533 670 7
2773 3872 1
2261 2749 6
1354 2579 4
3495 3553 7
2398 2407 10
2395 3796 8
3154 3157 7
1365 1531 8
2634 4734 9
150 2576 1
1316 4375 1
1000 2518 1
3617 3862 7
776 2191 4
2720 2868 5
676 1071 4
1045 1766 3
551 1193 9
3443 3651 9
1362 3270 7
1841 3580 3
1055 2744 1
977 3990 9
3784 3805 6
1064 2409 1
1026 4678 4
1741 4514 5
864 4251 2
3181 4529 4
1512 2275 5
4164 4722 5
924 4990 6
528 4736 4
2119 3042 10
268 1940 9
356 915 4
138 1878 3
409 1943 8
1538 2589 6
1023 4404 5
500 1731 4
3851 3950 7
2275 3318 1
3871 4948 5
337 1969 2
412 2341 8
254 4231 1
4190 4300 10
3002 4722 8
258 3167 5
269 4191 10
1726 2059 7
1954 2651 6
1068 3513 7
3807 4432 8
1480 2428 5
1995 3118 7
1925 4252 1
2708 3006 7
866 2394 5
601 4941 8
499 2009 10
1271 2930 6
312 4503 10
964 1151 7
2258 2489 6
64 629 1
1665 2694 4
487 2319 9
644 4442 3
774 3725 4
342 3138 9
830 910 1
2154 2218 10
3144 3157 1
385 529 2
2217 4555 1
211 2522 5
616 2998 8
3998 4347 6
73 4533 7
2769 4501 10
3898 4770 9
2899 4680 1
729 3837 2
647 2263 10
3761 3882 2
553 2954 6
1251 3508 1
1089 1633 6
1881 3786 3
1489 3191 9
180 674 10
1644 1698 2
1004 4785 9
455 2858 10
2493 4083 2
3322 4484 10
1877 2847 9
1372 4483 1
727 4785 3
2018 3870 3
708 830 9
22 1504 7
232 3973 6
468 553 2
3389 4490 9
353 1790 8
465 2573 1
2088 2281 3
2846 3858 7
2690 3003 2
1430 2980 9
1493 2993 8
979 4915 8
3064 4549 3
23 4885 8
1411 2962 10
360 3619 3
2170 2667 9
2308 4990 5
3545 4239 9
2621 4398 3
1711 2057 9
1207 4789 2
1149 4621 8
465 1905 2
1990 3853 3
890 4124 6
1575 1678 6
1445 1569 5
1894 3593 10
3561 3596 2
706 3190 7
937 1799 1
2550 4978 3
3883 4442 9
2376 2757 9
812 3493 5
260 4763 3
561 4157 6
3477 4985 8
2635 3760 7
1388 2554 3
197 954 2
1877 2043 9
756 4936 7
1697 2813 6
486 1200 8
1605 1749 2
2217 3672 3
799 4034 9
1245 2828 2
1806 4648 10
477 1341 9
490 4611 3
2106 4817 2
762 3378 1
46 992 4
791 3458 4
31 760 6
579 2685 4
980 2206 4
476 1530 9
1865 4270 7
2017 4491 8
2870 3315 10
310 2084 8
957 4901 5
2412 3785 1
21 2371 4
398 788 4
1186 2308 9
1051 1330 9
216 1253 1
1110 3344 9
1442 2164 2
4580 4802 3
347 2872 10
2914 3934 9
620 3398 4
1214 2356 7
2430 4028 9
1813 4337 9
1806 3225 2
1215 1940 2
545 3868 9
1064 3444 6
3186 4551 6
300 4078 1
2378 4353 4
2711 3927 3
533 4795 2
2278 3142 10
2661 3579 5
1911 4670 1
796 958 7
3678 4551 4
1419 4707 10
117 410 2
1583 2276 5
1498 3769 2
259 2610 7
374 1452 3
291 4979 8
1014 2350 3
1535 2554 7
2033 3434 4
3181 4361 10
955 2436 10
3673 3876 10
146 1007 8
315 2703 1
2609 2703 3
2666 3950 4
599 1030 1
562 1008 5
2181 3393 10
2946 3430 4
3596 3876 6
497 1181 6
929 3574 7
1710 2122 10
867 1589 9
700 1343 2
1194 1610 10
1554 2768 5
2204 3361 9
1036 3125 5
2251 3417 3
1361 2655 9
1192 2013 5
2281 3562 9
3581 4690 3
827 1782 3
60 1026 5
1680 4564 3
530 4154 10
1736 3588 9
581 1434 9
839 3185 9
2506 3688 6
413 4019 9
4372 4766 5
4638 4918 2
1100 2104 2
600 3906 10
292 4003 5
2766 4316 2
561 712 6
265 2921 1
1210 4517 1
944 4195 8
2852 3489 5
36 66 3
2163 3549 2
1489 4853 10
553 582 1
1968 4285 4
447 1118 9
3284 4977 2
641 3054 3
1765 4081 3
403 2562 2
508 3412 1
1204 2663 10
2806 4589 2
2462 4760 4
180 4430 1
376 4109 9
244 4379 8
4202 4574 9
1628 4478 9
1750 3929 2
286 2177 10
2 466 9
355 3912 9
2799 2867 10
2523 3053 1
2674 2984 10
811 2748 3
647 1499 3
1149 4244 1
390 3037 3
2428 3450 9
805 2479 2
14 3894 10
667 4932 8
2171 4528 2
2971 4730 5
901 2262 4
1405 4894 9
1038 2140 2
1801 3558 10
3254 4339 8
2081 2679 10
539 3351 3
320 1335 6
1869 3983 4
743 2306 5
4272 4584 2
496 3678 6
1577 3235 7
318 3064 10
571 1571 5
271 2730 8
2499 4413 10
3615 4142 4
2574 3272 2
473 1062 9
944 1010 7
3196 4219 2
2188 4495 1
3000 3659 9
787 1676 2
1000 1674 3
1032 4314 6
376 2685 8
2865 2969 1
259 3463 8
366 3213 9
1856 3965 4
163 999 4
3787 4495 7
270 3070 9
1842 4058 9
3173 4362 2
1301 3494 8
1616 2466 9
1327 3170 8
3915 4369 8
2880 4849 7
154 1539 10
1347 3687 5
1119 2042 7
3060 4432 10
477 4231 10
835 3345 5
1308 4047 10
1092 1553 5
2269 4406 6
1852 2748 2
2632 4282 5
2542 4440 6
78 116 2
55 2019 8
496 2275 8
568 1261 5
1719 3565 6
654 2616 7
1180 2589 7
3260 4152 1
949 1253 6
1987 4469 4
2080 2125 5
1541 1899 3
329 369 2
1029 3241 6
3456 4946 3
2985 3712 1
2252 3099 4
1428 2629 10
1215 4922 5
100 4880 9
2820 3309 2
1141 4304 2
3334 3679 10
815 3288 8
4208 4698 9
287 4828 4
1532 2124 2
1506 3844 8
1441 3530 9
2138 2461 5
433 2204 7
2591 4368 5
686 1378 8
3064 4696 4
897 2172 4
406 2959 9
2225 4973 1
3303 3705 1
904 1912 9
1686 2494 10
821 1735 7
4546 4820 3
868 1517 1
2183 4008 10
1428 4997 2
10 2675 4
3077 3221 10
4615 4658 1
2151 4466 5
1233 3407 2
129 1339 8
1410 3993 4
2749 4952 5
806 3483 1
3230 4396 2
1177 1830 4
664 4475 10
2995 3666 1
1958 4723 6
1407 2007 1
61 3650 1
2559 4203 4
2203 4177 5
890 4240 8
3705 4618 6
2691 4729 1
2039 4216 9
3797 4979 3
3809 4078 1
3345 4433 3
1219 1932 7
2249 2777 10
2101 2818 6
3551 4560 5
2809 4136 9
766 2063 9
2673 4324 6
185 1976 3
1392 4846 10
1176 1410 8
706 2015 10
1016 3334 6
2502 4977 4
2447 2871 1
1445 2491 8
1023 2599 4
118 2818 5
132 1282 3
2863 2933 4
857 4760 4
2129 4378 4
1506 1989 9
176 4918 4
763 3199 3
2969 4648 6
1639 1663 10
798 1198 8
551 777 1
2300 4067 6
309 4434 4
1527 1849 9
2975 4375 7
2529 4102 9
3081 3588 9
4323 4472 6
405 3486 4
2635 4863 2
1115 4793 8
21 855 8
2655 3697 8
234 3077 10
938 948 5
1001 1101 1
1115 4512 10
2072 4744 7
1392 3141 5
2820 3767 8
1152 2612 4
2220 3730 9
739 975 8
1689 3574 3
2436 4612 10
1667 4693 2
1314 4421 9
1092 2757 5
319 4248 2
1411 2247 5
2198 2967 4
1476 1622 4
4129 4961 4
1522 4299 3
860 2805 1
378 1838 4
3481 3882 5
233 1023 2
737 4742 5
145 1608 3
2133 4037 4
175 703 6
3923 4776 2
265 2094 6
1992 3494 1
915 1673 10
467 4368 4
1696 2961 9
119 129 5
2415 4784 7
1053 1986 4
1426 2346 10
2371 4232 1
983 3141 4
3324 4233 2
2673 3315 5
2639 3252 3
2520 4782 4
392 3376 9
1971 3028 1
3217 4135 7
168 559 2
3009 4883 5
371 3802 3
1896 2220 3
793 2383 6
2164 3196 5
255 2465 9
1318 2475 6
2595 3573 1
2352 3422 1
1010 4575 3
2659 4392 10
3169 4747 8
1274 2846 7
230 4199 6
1379 2205 7
83 4130 10
2829 4757 8
86 491 4
455 563 3
797 1695 9
80 2630 3
446 1855 1
843 3592 4
3983 4309 10
2282 2723 4
3299 4110 7
1224 1351 10
2642 4438 9
3770 4334 5
338 2991 4
1035 1627 6
2921 3271 8
1384 2463 10
2236 3594 10
884 1032 4
2650 3257 5
2384 2978 1
620 2874 10
2512 3366 10
1949 4172 7
2063 3836 3
2405 4971 5
2306 2366 10
555 4409 3
1721 4629 7
663 1935 2
887 2584 10
1175 3299 1
2089 2154 4
2894 4688 4
2846 3310 5
24 984 4
2596 2916 2
1867 1875 4
704 4349 4
1627 3264 5
1331 1744 5
4192 4537 1
3888 4056 3
25 1787 10
659 2084 10
1164 1681 2
469 1405 1
2049 3749 8
484 3391 3
958 4173 7
956 1383 8
1077 3783 4
379 4550 3
1886 3255 9
2627 2875 6
2411 4599 2
2748 3331 6
1047 4627 7
1838 1898 5
3253 3499 5
2720 3724 10
3393 4281 4
341 806 5
1716 2393 8
819 1044 9
3417 4199 4
2167 2205 3
609 1056 2
2444 4547 1
856 2406 6
1559 4023 9
2691 4887 9
1632 4871 10
100 3804 3
188 1446 5
687 843 6
342 4833 4
3178 4676 5
566 2901 2
234 1198 2
322 918 9
1176 3262 8
1457 4809 2
4273 4986 3
132 2600 5
2276 2974 2
778 2564 1
715 3465 6
373 4650 1
1683 3706 8
1960 2393 6
326 2215 4
2299 2719 8
1300 1694 10
1012 4327 6
1212 2710 8
2222 3229 2
636 2284 6
231 4021 6
60 1702 2
356 1357 9
3304 3645 9
1221 1803 5
480 4066 3
2320 2889 5
28 4934 8
851 2309 8
393 1481 1
1648 3655 4
3585 3833 10
1030 4226 4
477 3418 2
752 1944 3
2514 2821 3
738 1476 2
354 4655 8
2231 4234 8
729 4286 9
697 1486 4
939 4339 9
771 859 3
133 2221 4
1950 2417 3
1526 2823 7
2466 4334 8
1888 3693 7
621 4028 8
1720 4686 5
788 2182 3
1670 3824 9
245 3470 2
1287 3450 10
782 881 3
1857 4330 1
1419 3992 10
1768 2202 8
118 2483 1
3623 3991 8
1178 3583 2
2951 4447 6
4101 4113 9
1046 4850 4
477 1149 7
246 2115 3
769 1641 6
2107 3131 8
402 4872 2
1086 1999 9
789 2151 8
2935 3077 8
1516 4324 8
1028 4140 4
1060 4455 3
934 2297 9
938 3317 2
487 4312 9
881 1893 6
2751 3310 6
908 1640 9
1903 3285 3
597 1966 5
2325 2539 9
2559 4153 10
307 2635 5
550 1763 9
2976 4681 10
2695 3489 8
4507 4592 3
638 1096 5
3157 4710 7
2257 4596 1
187 840 5
555 1931 2
4674 4969 7
332 965 7
930 2918 8
1081 1421 7
3850 4703 4
395 3402 1
32 1647 6
754 1696 10
1384 2568 5
1612 4159 9
1037 1054 5
2350 4663 3
1304 4839 6
1480 1818 2
968 3388 1
2427 3912 7
548 3730 3
2452 2783 3
794 1486 2
867 2226 8
2038 2746 2
2201 2635 6
2144 4961 8
1106 2677 9
1113 3918 9
2063 4446 4
2105 3291 2
552 1370 10
1855 3473 8
1329 4017 8
1133 1238 7
372 4273 6
1780 2453 3
915 3642 6
1803 4089 2
2288 4059 9
2986 3160 10
653 889 8
959 1401 6
1689 4323 1
143 3628 4
466 1229 10
2807 3784 6
477 633 8
2952 4320 3
963 1917 4
2023 4211 6
4503 4881 10
147 232 6
894 3425 8
1523 3773 4
1834 2312 4
428 4410 1
603 2876 3
1550 2550 5
654 4563 4
4279 4693 5
1059 3600 10
2699 2930 1
2940 4719 9
307 4148 1
4419 4912 5
4399 4477 9
1687 2485 7
1590 4484 8
838 2959 4
3042 4218 8
1014 3188 5
108 2372 4
1346 4189 9
2674 4093 10
2314 3047 10
602 1258 9
2677 3294 7
2266 3000 9
215 3828 4
416 4378 10
2404 3549 8
2797 4855 6
1563 1882 7
1372 1825 2
1377 3832 4
1438 4862 9
1541 3947 2
755 2541 2
795 1038 1
749 1191 9
3417 4758 4
3333 4875 4
2235 4311 2
2201 2582 9
3981 4645 7
3411 3733 5
518 2874 5
2009 2128 3
3870 4094 8
3106 4924 2
284 4391 1
2782 4459 8
444 4904 1
2623 3621 4
1377 3525 3
2683 3842 7
519 4132 6
1442 2308 7
49 978 1
455 4233 5
2911 3340 2
1854 3460 4
2477 4754 9
2209 3989 1
115 4632 1
105 4417 1
12 1459 10
890 4192 2
1464 3657 3
2913 3817 8
291 2796 5
3347 3955 5
10 3680 1
1635 3300 3
2602 3558 1
1113 1244 9
105 1617 10
2546 4600 8
351 4343 3
1532 1682 8
4309 4471 7
742 4982 10
133 1381 10
2560 4248 9
2720 3595 9
4046 4722 3
1215 2896 4
1385 2674 10
995 2838 2
3460 4205 9
3985 4227 5
1078 3260 6
234 2477 5
3636 4243 10
3705 4314 3
1285 2562 2
705 2144 4
3125 4860 8
720 3619 7
1254 3219 5
3178 3323 5
2933 3953 6
1265 2748 2
1826 4044 9
1995 2146 3
1910 2325 2
1440 1680 4
4498 4621 9
112 3183 4
5 4406 8
2893 3571 4
2794 4160 5
1906 2041 3
4129 4698 7
1625 4125 7
2123 3757 9
1208 2664 6
1743 3131 7
2312 4022 1
4387 4406 1
1696 1863 6
2200 4320 1
1292 2618 1
22 2112 6
2139 3997 9
3511 4146 10
404 4180 3
1780 4568 6
1992 4102 6
104 1845 2
1561 4027 2
119 4528 3
1105 2136 6
1170 4218 6
2749 4557 8
451 4492 3
1529 2320 3
1001 2585 6
1646 2329 5
172 478 5
722 2286 5
4218 4735 9
1635 3786 3
417 4724 3
62 2476 4
3877 4844 5
2631 4903 3
2986 4789 1
992 3231 3
1300 3009 7
2743 3005 1
2543 4210 10
1436 2507 7
346 1768 3
2045 4834 2
388 1569 5
576 1774 6
1203 4371 5
350 1114 3
1543 4631 9
232 4705 10
699 3981 9
3050 3181 6
1334 1438 10
25 1110 6
3322 4991 8
1077 2943 4
851 1550 5
3216 3217 1
1220 3911 10
648 3894 7
2585 3976 7
1792 2374 3
4711 4748 8
2190 3421 9
1799 4485 3
1979 2427 8
1338 1475 5
2546 2927 9
1759 2471 4
320 3624 6
2773 3139 9
1269 3882 1
2031 4203 6
325 4909 7
1091 1340 7
2298 4302 4
1728 2416 1
1052 2157 2
656 816 3
759 4762 2
295 3656 4
2870 4605 6
2156 4501 3
920 3783 4
816 4961 7
2829 3640 6
2900 3826 7
4866 4995 10
474 3716 7
832 3458 2
3627 3822 7
78 457 2
2842 4416 1
19 784 5
1067 2770 3
211 930 8
263 2097 5
3670 4791 10
2744 3832 7
1583 2637 7
606 2392 1
2922 4644 2
312 3494 2
2379 3350 4
1834 2646 10
506 2748 8
46 2751 4
1358 2478 3
1283 2953 10
1296 2539 6
1259 1671 5
970 1712 9
3090 4830 3
941 2764 7
1329 3311 10
2967 3309 7
1656 3910 1
2762 3068 10
1458 1501 7
2183 4760 1
1518 3335 6
762 1500 4
1118 3176 6
1133 4010 2
2928 3596 3
3900 4601 2
499 2155 8
948 1023 10
287 1023 10
2154 4446 8
2193 4640 10
4370 4875 7
3342 3827 10
123 4293 3
384 4989 7
1741 2413 10
601 1493 10
1833 2664 9
3382 4488 3
1308 1602 5
1186 1332 3
1497 3404 6
910 1494 1
772 3253 2
329 755 8
3333 3624 9
1885 3442 9
3151 4419 9
899 2537 1
2072 4313 7
1813 4677 9
3519 3533 6
2086 2679 3
3921 4835 9
894 969 9
1670 3481 2
2075 3241 2
3255 3604 6
903 2247 2
1241 3392 1
1614 3366 1
1901 3460 4
1027 3081 7
385 1200 5
1741 4059 6
930 3295 1
2461 3667 2
307 957 1
2223 2795 2
48 4726 7
211 1250 3
92 2019 1
329 2903 3
3188 3630 10
2234 4021 3
2928 4538 2
1788 4093 1
382 448 4
759 1497 4
1578 2447 6
3029 4968 7
2700 4905 5
647 938 3
1202 4894 10
601 1639 6
2844 4743 10
3265 3534 1
1133 3314 6
1968 2626 3
720 2685 2
254 3016 3
1137 1678 4
1030 4510 8
554 4525 9
600 919 4
800 2489 9
53 2603 6
1259 1904 10
1096 4822 9
2151 4413 7
2544 3250 2
3867 4618 5
3446 4411 10
2508 4987 9
838 4033 7
1027 4217 6
46 3642 3
3499 3976 10
2216 4486 2
766 3336 8
183 1011 9
3214 3877 10
1139 2182 8
2040 3440 6
1604 2215 8
2066 4526 1
618 894 5
537 1596 6
1517 2287 3
191 3829 8
2073 3319 8
575 4116 7
2629 4784 3
1413 2594 6
974 3629 9
2774 2966 8
189 598 5
947 2023 2
795 4088 8
1492 4393 7
674 4213 8
691 3201 10
1258 2474 7
784 3892 10
2814 3293 9
651 3267 2
2461 4080 7
208 810 1
135 3002 9
950 1375 3
1676 2944 5
4032 4467 4
3 970 2
722 2366 7
3506 3886 1
999 3492 7
965 1403 1
1457 2243 1
6 4645 7
2080 3872 6
1298 2740 9
2696 3736 3
352 2299 1
4508 4641 8
1749 3527 6
2971 4292 9
2820 4878 4
4014 4567 7
740 3813 6
1462 2121 4
1342 3891 9
1314 4844 9
52 2353 6
1160 2497 10
3073 3900 6
3798 4321 4
3550 3699 10
1056 3356 8
2314 3944 10
97 1139 7
143 2650 4
592 1800 9
4197 4884 1
1975 4728 4
3445 3558 4
2580 3900 5
3928 4563 10
2210 2753 3
1035 4618 10
1333 3838 9
1481 1987 4
1386 4613 8
1406 2645 9
4086 4191 6
1079 4068 7
150 4653 5
1231 1752 9
2555 4926 8
2508 4722 10
753 4345 3
2153 2593 6
3375 4950 8
1438 2647 5
929 3011 7
887 4591 4
462 1022 10
941 4021 8
591 4374 6
885 4205 1
183 1450 9
1510 4439 1
1253 2012 5
338 714 3
27 1005 10
321 2076 1
954 3225 8
1328 4923 1
235 3842 1
2306 4925 6
1636 4467 6
827 4830 8
2205 4618 7
1132 1845 3
200 1113 9
1897 4025 3
1562 4577 9
2396 4024 6
2282 3151 10
266 4446 10
97 405 5
511 1845 7
869 2085 4
19 1927 3
435 880 7
97 1960 5
3202 3980 4
1231 1617 5
523 1136 5
451 3825 8
2158 3615 7
1779 4903 3
1821 3270 6
1595 2510 4
3425 3702 10
153 4339 5
911 1877 7
1640 3218 5
1660 4263 6
809 2271 2
1398 3326 4
137 3246 5
941 4726 4
1724 2737 1
2512 3008 6
911 3942 6
4815 4915 2
2408 4712 3
2486 3272 10
1536 3951 10
437 2277 6
16 2675 1
1024 4780 2
277 2183 5
1422 4753 4
2303 3064 2
2769 4276 10
749 4694 10
586 3805 3
2375 2777 3
2672 3231 8
1848 2973 6
563 1162 5
3290 3722 9
2120 2676 1
1242 2396 10
289 4631 9
772 794 7
1150 3289 9
170 448 9
1623 2049 3
1608 2889 3
3361 3923 9
1144 2325 3
4208 4965 1
382 2408 10
204 4480 9
97 439 7
2064 3662 6
2083 2188 7
4595 4621 10
1644 2006 4
895 4432 9
1210 2014 9
1227 1454 3
1635 3716 2
3260 4557 7
545 3160 10
2327 3257 8
3159 4178 10
2997 3025 6
677 1051 2
2041 4886 10
1797 3666 4
393 2150 1
960 4501 9
124 1142 7
1635 3025 4
111 2917 1
93 4327 7
3505 4369 1
858 4499 7
2891 3376 3
3934 4721 3
1883 3924 7
1122 2647 5
275 4506 5
385 1597 2
2122 3033 2
1285 1638 10
803 1766 9
772 3210 9
1158 4313 4
2527 3912 8
1255 3335 4
553 1512 1
820 2027 6
665 2309 8
870 3865 9
1253 3314 7
142 353 5
1825 2613 7
619 1786 2
2459 4522 7
4210 4489 4
3938 4725 8
2684 2901 1
3737 4982 10
2274 2933 6
1214 4671 9
1539 2863 9
1061 2510 2
3040 4358 7
3164 4745 2
2506 3840 2
291 4023 7
1303 1523 10
1219 1870 1
2583 4638 9
2780 2808 7
1678 4585 4
161 581 4
305 2566 8
2617 3085 10
3420 3552 2
782 1129 1
1022 1299 9
493 1775 7
1330 1866 8
364 2293 8
1504 4387 2
2338 3831 2
855 2431 3
785 2950 7
1243 3655 1
576 4192 3
1055 2619 9
962 3453 5
858 1155 1
2333 3891 5
2870 2938 5
3580 3898 5
3025 3306 7
2189 4568 8
3390 4643 7
872 2062 4
564 858 9
362 1550 3
1843 4222 4
3749 4019 3
865 4156 9
9 4992 5
187 4564 5
522 4189 1
359 1518 9
2171 2316 3
3552 3871 4
456 727 3
1458 4283 9
1179 3461 4
609 1807 7
3520 4575 6
915 3129 9
26 615 3
3066 4820 3
2202 3172 10
809 1158 7
1306 2712 4
1323 2098 8
131 1803 2
1955 4829 1
1337 1690 8
329 4352 6
75 3134 10
872 1800 10
2900 3348 2
2250 3273 7
1842 3018 1
1061 3978 9
1416 1620 6
1561 2400 7
2244 4424 8
3081 3498 5
782 1974 7
4068 4550 3
3497 4047 3
625 4170 2
553 4822 7
505 3599 5
4211 4853 2
1279 1830 1
833 1462 5
549 2224 10
2753 4455 6
2673 4152 2
2936 3315 5
2792 3385 9
2877 2990 6
887 4987 8
626 784 6
1248 2285 2
1745 3452 4
2501 4465 1
3271 3742 6
396 4291 4
560 1669 1
3768 4543 8
2371 4164 5
531 804 7
2518 2583 9
851 4762 4
1219 4192 5
3277 4094 3
2348 2760 2
3046 3281 1
330 2204 2
886 4627 7
1995 3021 9
510 1732 5
107 2301 8
1155 2700 7
1073 2354 5
233 4551 5
16 4473 4
234 3624 3
2832 4845 7
577 2322 10
54 2365 3
1650 2412 6
1219 4729 1
1650 2642 2
1540 1621 6
1109 3675 9
90 3385 7
98 3857 9
1380 4677 2
483 2320 8
1920 3003 3
335 1486 7
4159 4311 4
1420 2293 4
1663 2024 5
2043 3128 9
1068 3084 4
1965 2545 9
36 315 8
607 4995 9
901 3122 10
706 3130 5
2002 4506 5
218 3063 8
1143 1828 6
429 861 10
952 2202 7
71 3929 4
823 3984 1
698 3532 9
1795 2876 8
945 3635 8
1806 4552 5
2649 4262 3
1341 3197 3
271 2492 6
1299 3567 5
2112 3164 8
557 4822 7
1761 2137 3
2216 3214 10
2596 4256 8
91 3360 1
1715 2969 9
1445 2008 8
1142 4251 9
822 1592 10
1494 4626 2
3555 4615 4
235 3432 6
312 3939 3
2005 4962 9
752 1896 2
1232 4374 1
1688 3253 5
721 2661 8
636 2633 2
224 3322 10
100 1610 4
1681 2013 1
3 15 10
2546 2933 1
920 3959 6
225 448 6
458 4591 2
1404 2905 7
2527 3165 7
561 4097 8
2072 3307 2
38 1819 8
1897 2958 8
1782 4867 8
338 4976 10
1084 2260 6
4296 4311 7
1578 3715 3
356 4484 6
3033 4832 5
1698 4194 3
1843 3239 6
2431 3381 4
692 2373 5
1938 2308 3
259 561 6
1697 3419 3
701 1796 10
889 4159 1
494 2637 8
2001 3839 7
165 684 6
1535 2944 9
1983 3871 7
2030 4684 3
1206 4178 1
572 1690 3
1569 4306 10
3637 3712 10
217 2900 9
1988 2921 1
1827 2580 10
1731 2282 10
1954 3126 4
1372 3617 9
578 1541 8
417 649 10
1671 2132 3
2190 3098 1
2067 2742 2
1492 2357 5
680 3375 4
4237 4347 7
377 1550 8
2607 4222 10
4206 4528 4
3033 4050 10
3338 4892 7
2443 3910 3
1419 2484 2
530 4109 9
1764 3740 5
2088 2488 7
499 1776 7
3525 4519 1
1212 4404 9
110 3114 3
130 1142 3
2359 4229 4
676 4204 2
368 3369 2
1149 4000 9
1726 3898 2
994 3296 6
150 2123 7
1765 4205 4
1367 4136 10
1135 2512 2
632 3277 7
2343 2979 5
1878 2119 4
3748 4666 10
2886 3033 1
2685 4079 4
882 2984 3
1499 2445 7
1931 2732 9
589 1081 3
3061 3122 8
334 1727 9
728 1391 5
2711 4233 1
155 276 9
653 775 1
3767 4892 10
16 2923 9
1272 3325 5
1164 3744 8
1037 2134 10
940 3242 9
876 3427 6
488 3153 8
1782 3204 6
2600 4583 1
360 3123 6
918 3533 7
3033 3837 1
2882 4236 1
2227 2352 8
1074 1443 1
2686 3838 3
581 3754 9
2072 4310 3
844 2328 3
890 1969 10
2335 3025 5
1523 1968 8
1638 3039 5
2957 3394 3
2204 3833 4
371 3514 5
2217 2610 7
622 1776 7
421 2032 7
245 2277 1
2266 2519 3
1633 3168 5
3884 4475 7
3305 4170 3
807 1731 7
622 3781 4
3115 3696 9
79 2385 6
342 2417 2
2664 3436 2
428 2046 1
4804 4938 3
773 2836 9
2110 2254 2
1598 3856 2
31 1425 5
1111 1861 8
4508 4609 4
1904 1936 9
992 2012 2
2334 3376 4
2999 3861 7
1182 2365 5
802 4552 4
1856 3231 7
2170 3220 4
1370 3436 3
1590 2076 6
869 3890 2
839 1097 5
902 3085 4
1801 3118 6
691 4482 9
746 3729 9
743 1578 7
891 3570 8
2021 3781 4
2331 3269 8
1021 2315 5
656 1385 6
362 958 4
2236 4601 9
684 3553 5
329 4241 3
4275 4700 4
504 2179 2
625 3847 4
107 4806 9
2447 2523 8
184 3708 10
125 1049 9
2017 3013 10
2450 4310 4
1608 2107 6
1376 2452 4
822 4905 5
2751 4637 6
345 1299 9
753 2295 6
1729 4582 6
1313 2263 6
801 2736 3
1008 3438 4
1888 4814 1
1562 3584 2
1909 2003 8
100 2844 9
290 889 2
2429 2518 8
4486 4645 9
2223 2900 5
2455 3224 7
607 2989 9
573 2217 7
2623 2938 6
3914 4828 10
1484 1988 5
1371 4841 6
3602 3940 2
699 2472 2
50 3071 6
2856 3252 8
1967 3809 1
721 2356 8
1310 1470 9
4141 4834 5
136 677 2
1279 3516 10
1648 4028 9
1169 3658 6
1349 2749 6
369 2757 4
2199 2681 5
199 3502 6
629 965 3
450 2022 9
1913 2758 10
2712 3625 2
3746 3937 9
374 4024 4
468 4938 3
3703 3957 7
827 1426 7
157 408 2
338 1475 3
3334 4904 10
2335 4303 4
1796 2918 8
1422 3795 7
264 2135 5
1465 2060 4
1968 3097 3
3756 4530 9
2237 3555 3
2827 3061 9
1070 2298 10
3970 4208 3
3058 4894 5
401 3044 1
89 3797 10
273 2800 7
179 1373 9
2983 3719 1
1980 3505 2
1656 4637 2
2645 4878 9
2917 4085 6
519 3078 1
13 4421 8
3886 4151 3
3457 4873 5
155 4642 1
579 2753 7
3357 3557 2
209 4557 8
1495 4601 1
1634 2816 3
2819 4938 2
2504 3420 4
359 2424 3
464 4807 10
876 2038 2
409 3520 5
4077 4259 6
917 2831 6
360 4064 3
840 3244 1
933 4034 5
1506 4345 5
2379 2803 9
749 950 2
239 1927 1
817 3760 3
2697 2732 9
3005 4861 8
1116 2024 10
653 2204 5
515 3806 4
1597 4976 9
358 533 5
1470 2681 1
1708 2816 6
1203 4813 1
60 837 5
1359 3699 9
4101 4976 2
1985 3893 6
2587 2999 9
2943 3924 5
1275 2176 4
1370 3144 5
1419 4041 7
1527 1660 6
1495 3232 5
1364 2690 7
684 3421 7
2865 3946 8
632 3683 6
2459 4283 1
194 3961 8
763 3114 3
1822 4212 2
1730 3694 9
2638 3918 2
9 1437 4
2461 4060 8
2766 3937 2
511 1476 5
3230 4332 5
976 2200 5
1205 1573 5
160 620 7
1985 2890 4
2131 4475 10
2476 2654 6
6 3427 5
1643 3768 2
1240 4854 9
695 838 5
541 4644 4
1207 1703 7
1075 1110 3
1084 3454 7
1291 3503 6
1313 1852 4
504 1294 4
1344 4968 2
749 1121 2
1012 2877 7
45 1956 4
1760 3885 4
1930 3657 7
2099 3422 10
2873 4458 4
67 969 2
3567 4411 6
1406 3712 4
1850 3875 3
1899 1995 5
994 3609 6
3436 3452 7
244 3221 8
3054 4372 7
4277 4858 5
1021 2897 4
3451 3633 5
2775 3234 6
487 2726 9
513 1118 10
1286 4454 9
4239 4379 1
1569 2855 4
3221 3394 10
1364 4218 7
2235 3528 2
1033 4551 3
1215 1678 9
1382 4767 8
2130 2546 4
1421 4152 10
3344 4310 6
2382 4164 2
2402 2902 2
1318 3209 1
341 4425 2
4015 4946 7
1077 2674 7
1826 2739 9
1754 3768 2
486 2674 10
161 4827 9
1341 2830 5
622 1344 6
1364 1888 8
4351 4543 9
144 1757 1
717 1365 3
3529 4988 7
2048 4668 2
2554 2940 2
4204 4703 7
846 3633 2
3168 3582 6
1773 3272 10
2645 2854 7
651 4912 10
979 2473 2
1920 3014 9
1061 1950 9
1011 4716 7
714 3440 3
402 3827 6
939 2257 10
571 1741 7
182 4922 10
1101 4052 7
2679 3103 3
2928 4342 7
2132 4293 2
705 2662 2
335 4132 4
500 3206 9
1045 2223 3
1943 3612 9
816 4360 7
130 1838 2
2915 4744 3
894 3576 8
393 3885 8
2622 3908 2
541 1879 9
2425 3714 9
4247 4442 4
1922 2150 7
3366 4283 2
750 3114 8
3236 4030 8
85 2649 5
2353 2622 7
2587 4578 5
662 1449 5
578 4263 7
442 4721 7
281 1024 1
344 1455 6
15 963 6
2157 4160 4
588 2533 3
1629 4406 3
268 2688 8
377 1500 10
1380 4564 7
617 936 10
2662 3405 5
433 4440 1
1539 3973 7
2085 2550 5
2987 3730 8
1702 2637 5
1071 1193 8
480 3505 2
800 4105 4
2193 3600 8
1316 2166 8
2375 2679 5
949 4501 7
1043 2248 1
1396 1570 8
2545 4361 6
2424 2928 8
2128 2681 9
1479 2215 3
605 4326 9
447 4737 3
764 2068 8
3527 4153 4
1586 4519 7
2058 3428 5
358 4793 6
2368 3209 9
1060 2760 1
1008 1571 1
243 1320 2
3177 4605 9
295 2810 1
537 3878 5
3366 3828 10
189 1192 7
3910 4544 4
1620 3542 2
3745 3774 5
1493 1888 7
2457 3231 8
27 4224 1
692 1540 10
32 3705 2
2554 3323 9
1751 3396 2
3295 3479 7
3896 4632 4
2560 4473 5
641 4513 8
3811 4076 5
265 2985 4
1731 1747 2
2422 4251 10
333 4958 10
1046 2460 8
627 4855 9
1874 4062 5
13 4328 8
1563 2502 5
435 3610 4
1802 2520 5
1000 4519 5
277 3385 4
302 2438 3
2629 4456 3
3614 4300 5
2176 4054 7
191 4759 7
996 2977 10
436 977 3
1027 1429 8
881 3078 6
527 2851 2
3478 4572 3
976 2198 1
11 4667 10
2449 2476 3
1169 3999 1
3467 4456 8
2588 3120 4
1853 4211 5
3827 3994 8
974 2260 10
1948 4123 9
1398 4050 8
216 4648 5
1039 1515 3
3231 3587 8
2353 2808 7
3271 4112 3
235 1670 4
193 3518 4
3646 3805 5
536 4825 1
1343 4801 10
1011 1191 10
10 1940 4
1810 2895 7
1580 2005 7
95 3540 10
3828 4584 2
3471 4838 7
2473 3600 9
3116 3127 4
707 4181 5
1115 2061 6
88 4595 4
4534 4704 6
1996 3738 1
103 2263 10
3366 4690 3
616 689 9
956 3604 2
2542 4564 1
69 1136 9
1940 4369 4
3911 4547 1
72 1670 3
1986 2605 7
3137 4359 4
252 1348 6
1354 3211 2
2743 3272 2
1687 4164 1
1055 3548 6
299 4734 3
423 4980 7
798 3468 10
1471 4857 9
321 2872 8
1158 3882 1
678 983 10
1389 4033 7
2735 4104 6
2346 4838 5
1130 3733 4
388 975 6
1018 1168 5
977 4935 10
339 3037 1
45 1860 4
976 4778 8
3128 3622 5
289 1248 10
310 2956 2
1372 2587 3
863 1389 5
2225 4902 8
1619 2719 7
2224 4616 7
4270 4340 10
248 1221 1
1104 3733 2
1032 4792 2
1399 3910 8
1021 1810 9
2021 2542 7
2646 4945 1
707 2813 8
2702 3880 5
285 2865 3
1870 4546 6
3149 3798 4
1885 4167 5
2286 3040 2
3187 3703 7
1789 4566 2
387 1624 4
2229 4929 7
1541 3835 8
329 3938 7
2271 4043 2
311 3597 9
2914 4451 3
1249 2484 2
1803 3880 3
3980 4202 4
318 1999 8
772 986 7
1394 3868 1
1045 1816 2
1829 2724 9
1865 2033 8
1287 1810 2
717 2652 1
1663 2383 9
1484 4207 10
1146 3514 3
2844 3880 8
882 4232 4
146 3348 9
2659 2937 3
2360 4125 4
2828 3611 3
2368 3049 2
549 2707 1
364 4221 8
194 1646 5
2157 3366 2
823 4549 8
2000 4607 7
366 1163 8
3033 4421 7
245 4761 1
1545 4046 4
3041 4677 8
1076 3041 9
2944 4953 4
1082 3140 7
1621 4142 7
827 1272 9
3 4552 5
1699 4946 8
442 2956 8
1829 2675 3
520 1716 7
2240 4059 10
2344 3799 10
2061 4067 6
399 1443 7
358 2336 3
1516 2279 5
2698 3692 8
845 3480 5
4378 4942 10
2796 4410 8
2914 3944 9
560 641 8
380 2125 10
420 1523 1
1535 2619 8
954 3786 9
3442 3444 3
4306 4773 8
1892 2740 4
2092 4719 9
3635 4383 10
1953 3867 1
1705 4911 9
1339 2023 10
2811 4092 7
2769 4134 9
820 4057 5
1989 3423 6
3845 3907 7
1598 2078 5
2080 2154 10
4303 4311 5
1386 3025 8
1450 3923 7
697 1346 1
2659 4862 10
387 996 1
2901 3717 1
2594 4900 7
1621 1804 3
1450 1562 10
2688 3461 5
288 1078 8
213 866 6
50 441 9
98 2043 9
10 4116 7
1794 3275 9
127 356 4
2228 3067 4
1755 4364 8
44 3560 1
885 2971 1
24 4407 9
185 2462 2
537 1811 10
1912 4040 4
411 3957 3
890 1808 10
1626 2924 2
515 3196 2
1593 3039 10
698 4728 8
1441 2846 7
476 1432 1
259 1920 9
1139 2727 8
1508 1750 4
297 2068 9
2534 3727 7
770 4861 1
1056 1066 5
607 3801 10
595 3942 5
1864 4866 3
202 4199 4
382 1598 6
3142 4684 4
511 3513 5
1440 1951 2
3614 4058 4
626 648 7
372 3559 10
293 1073 2
720 762 6
1108 3670 5
654 3638 4
184 4535 4
3219 3285 4
680 2886 2
2722 4069 1
836 4118 6
2248 3317 9
3185 3307 7
350 1513 8
1357 2825 2
2311 4285 5
3190 4784 9
2251 4172 9
1478 2388 5
660 1802 10
3621 4901 9
469 1755 2
4661 4736 4
1821 3743 8
3590 4859 7
724 4142 8
2162 4315 10
3403 4937 9
1084 3277 7
1083 3880 9
374 897 7
2244 2491 2
1873 4351 7
2617 3363 2
1286 2497 9
737 2236 1
1184 3972 2
2224 4725 10
1427 2050 8
747 4651 9
3408 4259 9
94 2862 5
656 1458 5
1321 2602 2
1104 2904 5
571 2641 6
496 4858 6
1101 3104 7
483 2303 9
2094 4039 1
2452 4293 7
46 2468 5
2020 3895 3
326 639 3
813 4188 5
27 3556 3
2128 3415 6
377 1518 8
929 1851 6
363 648 6
4458 4525 6
2496 3302 9
477 4775 9
276 2699 8
518 1075 3
1684 2416 9
2895 3953 8
1773 2136 7
1305 4009 6
3087 3996 3
1340 2888 9
4470 4562 2
1409 3485 4
371 4083 4
454 2128 5
3360 4288 4
313 1589 7
1825 4264 6
1177 4916 10
388 3299 3
3467 4535 9
573 1800 7
1090 4391 9
49 2616 2
677 4373 4
550 4457 3
215 537 9
1514 4300 7
1436 1471 4
2158 2533 4
335 3281 4
557 3405 7
1045 3923 10
864 1737 9
2194 3173 7
848 4840 4
3239 4925 3
3076 4901 10
2937 4873 7
108 588 1
943 1701 9
1195 3338 5
2353 2645 4
2227 4646 5
1237 4340 6
3621 3682 7
359 4430 10
1115 3626 8
3391 4142 5
1089 4398 5
4534 4799 6
2024 3427 4
4199 4606 2
2767 2898 8
197 2483 9
497 4556 1
23 774 7
876 4465 2
3181 3235 5
562 4969 7
1694 4114 10
3506 4996 4
1621 1690 1
787 1829 5
204 252 7
951 4406 8
374 386 2
1944 3987 9
629 2660 6
157 2115 9
233 1098 3
2789 3946 4
1313 2027 2
393 2658 3
533 2300 4
2865 4205 6
127 411 7
2684 3835 4
1119 1769 2
658 3999 6
2078 4982 7
769 4540 2
1553 2714 3
2153 2512 2
1592 3123 4
3900 4306 9
1488 4111 5
304 3498 3
2474 3194 1
230 2713 5
1237 3477 10
166 3903 6
1066 3937 2
1866 2852 6
2125 4254 8
497 1661 6
283 3807 4
574 779 1
552 4583 1
2357 4698 3
678 749 5
451 733 1
3321 4475 4
1459 3726 5
876 2052 6
1387 2843 10
1601 4524 10
2176 4201 1
823 3492 7
2712 4925 3
1667 2854 10
2749 3327 2
570 2106 5
3323 4513 7
425 2614 2
3705 4158 3
2441 4914 5
1997 3577 2
549 4432 3
3014 3094 5
4082 4664 2
1997 4634 5
1029 3057 7
2351 2406 8
2133 4528 9
4276 4905 2
135 2915 10
351 1019 1
1139 4313 5
1931 3699 9
435 873 4
300 1336 4
156 3442 8
2115 4016 10
736 2572 7
1392 4806 7
1724 2318 5
854 1023 2
1594 3467 8
61 2405 1
395 471 8
3769 4193 10
2186 4786 2
724 3322 4
1769 2980 7
514 1512 1
1422 1555 4
885 3315 4
404 1746 10
830 891 3
2653 4104 7
1741 2180 7
468 1903 1
1099 3031 10
1028 2128 3
1477 2509 5
1174 4039 6
1858 3177 1
2394 3579 10
209 286 8
81 1775 4
171 2591 4
8 2807 6
2338 2442 1
462 4167 7
476 1429 1
1230 1856 4
2599 2624 2
1080 1496 10
1107 1533 4
2773 4464 7
2028 2347 1
1148 1716 8
862 1150 8
2471 4084 10
2816 4488 1
1676 4699 7
410 4271 3
1553 2272 8
1919 2810 9
617 3243 10
1023 2951 6
702 1333 4
2308 3341 9
2023 2811 8
1362 4648 9
1042 4690 5
2579 4257 10
2669 3991 3
2197 4906 7
2955 3330 3
669 1630 3
1365 1888 9
3607 3704 10
813 1403 9
397 4254 8
1746 4701 8
1919 1986 7
2535 4903 9
2375 2860 8
1560 2738 7
538 1006 10
332 644 8
738 4096 9
3523 4953 5
605 2080 5
2020 2210 4
49 4832 8
1776 4282 7
302 674 5
31 1552 3
4042 4618 2
2176 4405 6
182 1694 7
1985 3969 1
752 2013 5
1001 1148 1
2351 4934 9
1646 2999 3
290 4466 5
1504 3139 2
3341 3548 7
2130 3710 8
401 3908 5
2400 3226 9
2791 3350 3
1299 2652 9
2598 2743 9
1944 3371 1
1851 4592 4
3110 4913 5
2406 3796 8
2106 2209 10
3082 4978 1
3392 3621 6
2128 4739 5
2101 3643 5
176 1613 5
2810 3866 7
244 2558 1
2420 3146 3
1803 4269 7
11 2959 10
2619 3949 7
1439 1770 3
448 4598 8
1463 1833 4
645 1391 10
641 4565 8
1173 2409 9
1506 3103 8
3585 3760 8
606 3761 8
2019 3414 6
3778 4596 4
3204 3380 2
1719 3113 6
1208 4355 1
1347 1832 5
1186 3886 5
227 1071 9
1071 3905 5
1426 3556 9
1309 1543 8
2664 4400 3
1280 3221 6
650 4457 4
1628 2164 3
1385 2353 8
1515 2455 5
2007 3753 6
53 101 10
1977 2329 1
2540 4357 2
808 3548 1
2031 3455 5
3918 4826 7
4237 4469 9
1740 1754 4
661 1026 7
1569 4890 9
457 3978 9
1538 2284 3
3296 4507 7
761 779 5
4586 4711 5
521 3360 3
2206 3964 8
108 3187 3
3243 4255 2
980 2034 6
3312 4140 3
2938 3627 9
496 3375 9
1099 3084 7
666 1777 6
1079 1402 6
577 1513 7
852 3279 8
504 2116 4
1792 2380 6
1450 4108 4
957 3641 4
346 1599 4
733 4218 6
31 3098 7
234 2593 9
565 3872 9
1013 4277 8
1477 4356 10
1721 2124 3
2711 4757 9
600 4333 8
1997 2991 7
1400 1501 1
1956 4367 5
3173 4633 2
1576 2998 4
2103 3201 2
1135 1508 9
2655 4584 9
603 2710 8
96 4957 7
2930 4528 1
962 1655 7
1706 3630 10
2766 3905 7
363 2161 3
101 1347 1
1295 1900 9
1221 3529 5
2304 3884 10
892 1128 6
2354 3904 8
314 2879 2
589 2267 1
695 4351 6
1705 2818 1
3989 4971 10
1445 4601 5
184 263 9
3351 3354 1
887 1027 3
755 4675 7
73 1683 3
539 4294 2
1809 2445 9
650 3902 5
920 1624 5
2527 4283 9
123 1184 1
1132 1975 2
629 4362 2
1021 2891 5
3872 3907 9
714 4111 1
2631 4363 8
35 457 5
224 687 2
3546 3559 5
2217 3122 8
3810 4215 9
2236 4501 5
456 1642 3
1784 2579 8
884 1030 6
231 336 10
2597 4817 5
1103 2598 9
199 1773 10
1525 3685 4
2158 3929 9
3195 4027 10
1132 4384 9
50 318 10
937 2137 3
2594 4261 6
1405 4999 5
141 4260 2
2485 3558 7
2589 2947 3
620 1536 8
958 4242 2
502 1693 10
1765 1916 1
824 2127 7
3180 3284 10
2466 2744 7
2413 4687 10
3367 3772 9
1237 3154 10
1108 1614 7
140 2495 8
769 3771 5
724 939 7
3233 3940 4
521 2633 7
723 3798 3
1125 4268 4
1219 2529 2
1706 2659 3
2625 3197 1
1073 4755 2
2224 2250 5
735 1689 1
3325 4277 7
3269 4945 8
154 4120 7
59 2206 1
3837 4437 7
2029 3553 3
2159 4805 9
719 4113 4
2015 4198 7
1388 2399 2
213 782 5
2536 2772 5
4239 4920 1
1057 4969 2
264 372 9
4454 4692 7
1441 1706 10
891 3891 10
294 3679 3
1534 4619 5
1542 3692 5
3654 4857 5
2533 3769 1
976 2630 4
1856 2591 7
271 4560 3
3433 4080 7
3028 3490 6
2325 3626 1
1421 3285 3
2064 2206 2
4467 4963 2
2591 4618 6
3108 3143 4
1413 2408 1
1627 4956 5
602 4562 4
3862 4663 9
188 4661 7
188 931 10
4366 4749 10
1950 4867 10
2496 3930 9
3562 4877 9
2 174 10
2239 4866 9
3659 3692 4
270 1173 9
1300 4538 4
529 1645 1
268 3880 9
956 4319 10
2483 4570 4
310 1139 10
715 2881 3
3802 4240 10
1904 4067 1
8 1217 9
2692 3666 3
1339 3709 3
3264 4498 2
3067 3396 1
961 4484 1
62 3655 9
134 3525 10
1066 3863 2
843 961 3
561 2184 4
1222 2253 2
649 1261 5
552 3139 4
593 4987 3
238 1282 8
932 3830 8
2734 4129 4
411 2264 6
2928 4624 3
3577 4181 6
1621 4742 7
4172 4699 10
1562 3809 10
799 2110 4
2079 3592 8
1001 2721 8
2019 2761 7
722 4642 1
1654 1809 3
3807 4310 2
2701 4048 8
432 4975 5
659 4262 4
2643 2695 7
2831 3357 9
1417 1713 4
1331 1481 10
4637 4931 8
414 842 7
944 4470 1
538 2532 4
2327 2393 2
1294 3921 1
2757 3539 1
35 513 2
615 1961 5
949 4903 6
849 1895 2
2787 3729 9
1172 1852 4
162 2751 2
902 1396 9
1163 2814 4
3500 4376 4
1649 1938 5
2603 2610 6
687 2894 2
1963 2586 5
1174 3706 7
685 2413 4
782 1523 8
1865 2421 2
1327 4255 2
1173 3916 2
1038 4870 6
1069 2113 4
1077 4538 10
215 2778 5
1278 4047 1
3630 4200 9
438 1705 8
554 1273 6
1332 1431 3
259 3858 9
2522 3245 9
2185 4620 6
1503 4658 7
157 1806 9
3329 3421 9
1148 3758 1
44 1006 7
145 4309 6
346 4752 7
13 207 8
1004 4716 1
859 3386 2
2606 3095 8
1276 2824 8
916 1138 7
2762 4085 5
620 4339 5
599 2610 4
912 3670 4
4297 4814 7
2767 4647 9
720 1287 7
4037 4977 9
887 3979 7
820 2447 8
265 2031 10
2073 4085 10
889 1102 5
543 1297 8
792 3216 1
1923 3329 9
974 3136 3
3145 3514 2
139 295 3
970 1674 2
1332 4905 3
180 4819 1
2413 2627 5
829 3360 8
2071 3573 2
2074 4250 3
2625 3578 9
1361 3824 2
597 2501 8
1124 4718 5
2334 4133 7
310 1412 2
2439 4901 10
435 569 9
2032 2410 5
1219 2231 1
2657 4061 3
827 4736 10
648 2432 1
297 631 2
1508 2812 8
2547 3804 9
1471 2685 8
2188 4365 3
1779 4255 8
2780 4232 6
884 3330 8
367 2601 6
569 571 3
2516 3583 10
506 4401 1
1531 2033 4
1450 4707 4
1511 2710 6
3579 4078 5
2627 3494 10
1397 4375 4
2527 4120 9
404 3012 5
816 4371 10
477 2876 3
655 857 8
2032 3434 1
5 205 9
1533 2257 6
623 1749 1
1424 2069 6
1311 1580 5
1982 3591 5
1259 3771 4
2967 4679 8
265 3904 5
509 3761 7
739 3105 6
405 3617 8
1759 4144 1
1007 3345 4
1230 4772 3
115 304 9
2544 4488 6
2757 4297 4
620 4517 3
1359 2302 1
1089 1161 5
2066 3059 3
1111 1379 1
1193 4030 6
855 2005 9
3920 4429 6
2144 3425 10
1712 3498 8
1595 1707 2
1564 2239 8
56 3001 3
2955 3710 1
780 2961 4
1756 2073 2
1170 1704 8
1538 3472 1
848 3033 2
1179 2295 3
513 3144 4
4388 4675 7
124 4822 10
2852 3929 4
925 3779 6
1635 2051 9
620 2112 7
187 2183 5
3858 4440 5
161 3926 10
2391 2540 2
885 4385 6
4323 4943 9
590 1963 6
3249 3540 5
2184 3156 6
1021 1928 1
838 2850 7
3052 3826 10
995 2996 4
133 839 4
30 94 3
3666 4274 8
1670 2602 9
3867 4706 1
2954 3397 8
3034 4730 10
163 3191 10
3882 4738 5
2699 3894 5
921 3468 10
1649 3141 4
694 2499 9
159 2413 8
644 1887 4
173 3080 1
617 2348 1
1694 3966 6
635 1393 9
2878 4200 1
1812 3881 4
3934 4630 8
1040 1801 4
3489 3978 10
2305 4519 5
1880 4046 5
4336 4532 1
2668 2901 9
534 2657 1
1687 1965 9
418 1062 7
4935 4946 8
3591 4984 1
1084 1862 6
3579 4846 2
658 1566 8
938 1985 2
2991 3007 1
2152 2566 3
2001 3898 10
1204 1733 6
2204 4358 3
504 2710 3
3269 4419 9
291 1246 7
1197 3472 4
348 2838 4
260 1394 4
494 2149 10
1353 2358 2
634 667 5
520 2053 2
1952 3010 7
249 967 2
1593 2874 6
973 4759 4
753 3769 10
1263 2582 6
2354 3744 3
887 3030 9
2683 4269 8
503 3703 7
2839 3586 6
2964 4041 6
1101 2982 9
19 331 6
1377 4080 8
960 1890 10
3859 4328 2
1250 4314 7
2892 3912 10
3931 4870 8
779 1216 10
20 3936 6
2150 2927 4
812 4398 2
1071 2191 4
1624 2642 5
107 597 2
1711 2040 9
4560 4961 8
2870 3387 4
449 2374 8
4532 4987 10
1223 2267 9
145 1684 2
4373 4435 3
1946 3473 10
8 4048 3
1823 4200 2
1040 2038 9
1248 4344 5
1596 4210 6
2050 2569 2
3378 3391 6
194 1022 6
1601 4437 2
2812 2989 8
922 4728 3
630 1657 2
384 4438 8
614 4581 3
1172 3112 2
4259 4473 6
1439 4970 10
116 4581 9
3996 4301 10
1133 3061 8
2890 4592 1
4317 4446 10
3995 4644 2
460 3493 7
2026 2877 2
427 4773 6
2648 3747 10
3505 4411 9
771 4033 4
2052 3852 7
2120 4736 6
456 1294 10
109 1550 2
827 2599 4
342 3736 9
1359 3243 7
2335 2908 5
3183 3932 4
2821 3972 3
3083 4090 3
41 3554 6
1222 3420 5
712 2972 10
2038 2361 2
1673 2754 4
647 2338 2
2711 4473 4
238 3693 8
617 716 4
401 3326 5
213 2973 5
993 2593 9
3639 4653 7
3775 4200 2
1895 3941 9
1559 3910 10
437 1960 6
137 2492 3
319 3490 1
2577 4523 4
1858 3949 8
548 817 1
175 4189 9
1512 4470 4
226 2785 7
3003 3133 7
680 4772 2
1727 4797 10
1369 3829 10
2919 4489 4
1279 3097 10
2235 4400 1
30 2554 5
351 4816 8
1379 3157 4
3851 4607 1
2053 4925 5
973 1242 8
764 1220 10
769 1207 2
1933 3271 1
3999 4408 7
1534 2746 9
1074 2286 2
2237 3160 6
258 4950 5
566 2035 7
5 2532 3
4355 4633 8
2808 4080 7
2178 4972 2
1435 3771 3
1469 3081 10
569 4584 2
96 4515 7
2105 4906 6
3450 3716 5
2706 4389 6
1791 3664 5
2177 4090 4
3607 4305 10
1712 1912 5
1734 2120 8
2333 2829 6
3359 4390 3
824 1108 2
2000 2101 8
1468 2764 5
1831 2301 10
805 3848 8
107 887 3
846 3932 2
332 2900 2
2993 3825 9
705 1243 9
2319 3815 5
3359 4053 1
2299 4417 9
1382 3687 4
982 1592 9
3287 3357 7
2026 2872 8
29 2705 3
451 4256 9
1208 1783 2
1677 2184 4
219 3187 5
676 4625 4
1792 2533 9
442 4078 8
816 2447 4
619 767 1
1118 1186 9
2185 2428 4
1433 2356 6
441 4441 8
2022 2420 4
1401 3269 10
715 1697 5
2866 4567 6
2440 4641 3
2139 2880 4
2520 3233 10
658 2390 2
3178 4126 1
789 4200 4
1152 1861 5
3273 4513 9
902 4891 3
479 2925 3
2012 3821 8
1474 4251 2
1985 2650 10
912 2761 3
269 2434 1
1800 3380 3
1687 2012 2
1444 2821 1
2899 3417 6
1576 2468 7
21 3045 7
3008 3714 4
141 1513 1
4484 4907 7
1001 2437 10
1835 4802 10
2936 3938 2
1502 4060 5
1722 1902 5
255 279 4
808 4612 6
1452 2281 6
1048 4255 3
3418 4798 2
3513 4578 3
2231 2372 7
1531 2226 3
2479 4964 3
963 3633 1
1383 3222 7
1584 2628 6
550 4651 5
2315 2696 6
2144 2627 6
1383 4764 1
811 3530 1
1657 4001 8
765 1466 9
668 2484 8
3225 3939 8
4025 4108 6
2214 3465 1
123 751 2
2246 3882 3
929 3928 10
2402 3569 6
1826 2930 9
3472 4281 6
1425 4766 6
1044 1423 1
842 4861 1
1021 4678 5
301 1840 8
2138 4305 5
637 4947 5
245 4088 3
1112 2951 2
2468 4127 7
3072 4853 7
45 2229 1
4487 4625 6
858 4748 6
66 813 5
549 3900 4
88 702 9
2071 4228 8
1797 4247 5
1468 2820 8
355 2370 10
1687 1886 9
2482 4263 9
960 2047 3
1958 2524 8
374 3930 4
1848 4000 1
636 3546 8
2185 4681 4
1952 3663 8
159 3448 5
246 4883 7
1800 4387 6
2250 4020 2
2277 4952 7
681 2541 8
2263 3552 4
1340 4104 3
673 2410 8
1896 2819 8
1284 2043 2
1103 3873 4
4009 4425 7
2178 3266 3
3513 4152 2
3174 4809 9
396 3587 3
552 3660 9
3228 4580 9
702 3294 7
660 3601 5
1487 4057 10
1653 3678 6
1494 3064 8
2932 4775 8
1340 1624 1
1856 2818 4
1359 1367 4
339 2958 8
1206 3009 1
810 1158 2
2987 3622 9
2708 3013 5
1335 3086 10
288 2479 8
3197 4940 5
896 4469 9
214 4434 2
1938 3577 10
2974 4211 10
83 1790 8
2109 3244 3
1437 4486 3
964 4070 10
2445 4303 9
2078 4945 6
2251 2709 5
777 3645 2
818 2044 2
322 1882 5
3045 3492 6
689 4660 5
1411 4307 3
436 3731 10
663 3459 10
514 2216 3
1508 1675 7
2628 3523 1
1846 4776 6
1385 2862 3
569 2501 4
602 2975 7
2777 4202 8
1709 3173 7
612 2357 9
1768 2469 5
150 1443 4
414 4231 9
4168 4244 5
1775 2697 2
801 3736 8
2810 4638 2
1225 1480 5
2103 4159 8
2243 3783 7
101 4060 3
851 4087 6
635 2169 5
1741 4879 4
3374 4647 8
4288 4867 8
1054 2410 3
112 3257 8
2864 4320 9
621 4251 6
1123 1968 8
360 1914 6
780 796 8
1751 2480 1
2214 2428 3
227 2233 7
625 1421 5
859 4142 10
3194 3307 5
770 4939 6
261 3829 2
1235 2132 10
61 1075 9
774 3925 4
131 503 10
1438 4381 2
473 4668 1
2881 3054 4
246 3341 2
4555 4617 6
394 1177 4
3166 3871 5
2226 3555 9
2300 3921 3
48 1483 6
3324 3545 9
67 4535 7
2846 3873 6
487 584 2
1296 2001 6
249 3178 7
647 2747 5
2965 3544 5
787 2472 1
902 1947 10
2349 2931 1
428 3032 3
1685 2402 7
1115 1984 6
627 3365 8
2677 3566 2
4255 4699 4
923 2910 3
984 4556 3
177 4991 2
742 991 7
4024 4559 7
1353 4059 3
1832 2456 6
254 2273 5
697 2126 8
315 3461 2
2981 4219 3
1390 2957 6
3886 4303 2
564 2695 3
2845 4824 6
2111 4814 1
2 933 10
546 1703 1
592 2611 7
82 2686 6
904 3136 3
264 3300 8
1682 4347 7
1255 1287 6
1613 2097 9
1686 2455 3
1624 1727 7
1554 3834 4
1617 2099 7
3875 4984 1
466 2473 7
876 2474 10
1975 5000 10
2082 3245 1
547 4944 4
224 718 10
1240 2998 6
1093 1136 1
3685 4883 2
3339 4086 6
1089 4558 9
1198 3970 8
3833 4348 2
217 659 1
1683 1799 3
249 1309 2
1299 4565 9
1292 4237 4
2707 3807 9
2975 3913 8
302 4076 5
1327 2736 4
4324 4529 5
141 3666 8
545 3971 10
1214 3596 8
2433 3844 9
2306 2457 2
213 2261 9
75 1546 5
219 4862 7
2207 2891 10
2307 3978 2
4251 4965 7
608 4571 7
2273 3599 4
193 633 10
231 639 7
1581 1632 9
3363 4714 10
212 3004 4
497 3002 3
1628 3558 10
2912 4689 8
1477 4860 5
205 1867 9
878 4982 10
1942 3592 6
2200 3748 1
1309 1574 8
214 3262 9
265 2127 4
4027 4650 10
535 3149 3
1973 4526 3
335 587 2
2861 3850 2
1036 2316 4
431 4880 10
3680 4100 8
3839 4173 10
373 2516 6
1638 2238 8
548 2730 1
2890 4431 9
869 4600 10
2420 3098 10
1610 3158 2
2033 2508 3
110 3103 10
1030 3896 1
4864 4886 1
601 2955 8
424 2424 10
670 4393 6
1088 3693 6
1062 2079 2
1357 2324 7
217 338 8
681 1761 9
489 1291 7
366 1883 2
2765 4991 4
213 3671 1
2141 4384 1
931 1968 6
2131 2814 5
4313 4612 2
2931 3454 1
3705 4205 5
2233 3212 4
2745 3918 2
2797 2930 1
815 922 3
2434 4218 9
235 411 2
1326 4248 5
4366 4819 1
1029 2300 7
17 197 8
1044 4145 5
516 1057 6
2720 3175 6
442 1974 7
1715 2315 9
3458 4939 1
2277 4803 2
155 328 8
1683 4103 10
2625 4739 2
1451 3988 9
988 1303 9
516 808 6
801 3621 8
1985 2643 7
142 266 9
914 1989 1
2297 2662 7
530 3199 1
1565 2036 8
2085 4867 10
686 2841 4
2280 2293 7
2293 3735 5
1663 2578 2
625 3770 9
1535 3297 8
311 3051 4
1808 2254 4
1943 2395 8
4352 4466 1
1978 2345 1
2967 4608 1
361 2338 9
379 3830 3
1538 2544 4
1781 2482 8
2221 2311 5
1533 1999 8
995 1937 8
2144 2271 10
1536 4618 7
731 917 10
631 3992 8
245 1329 8
59 2125 6
1409 4521 6
3246 3900 5
2515 3859 7
1281 3210 10
2000 3026 2
1118 2368 5
1879 3439 6
1855 2610 10
131 4796 3
1288 3652 3
1271 4485 2
1431 2123 10
1182 1387 3
1281 1913 4
181 3034 3
3865 4192 8
852 2374 5
1623 3727 3
2518 3640 7
1828 4581 7
2204 2320 6
1091 1649 2
535 2366 4
885 2816 2
2938 3648 1
2931 3564 4
577 4314 4
665 3876 1
120 2838 10
409 2486 10
800 1138 9
1341 3970 1
2342 3266 6
1190 1467 2
609 2216 4
2735 4304 10
1638 4333 10
3486 3700 10
1527 2042 1
798 2253 8
868 4977 5
3470 4065 3
1800 4158 5
941 2327 3
3303 3888 2
798 2258 1
1773 2413 5
4113 4187 5
608 4288 1
1917 3010 9
1975 4674 8
910 4136 10
278 3322 4
441 479 10
694 851 10
620 1955 10
143 2604 10
2300 3313 9
694 4801 6
652 1654 6
3155 3790 9
2574 4671 3
614 1931 6
1088 1091 2
4460 4712 9
1930 2486 10
797 1994 9
3190 4715 7
1410 3235 4
25 2198 10
1998 2516 2
1632 1976 10
223 3006 3
2697 4162 8
2132 4659 9
2164 4117 8
2969 3553 8
800 3434 6
375 2937 5
676 1578 1
1673 2605 10
2180 3651 8
126 2049 4
1937 3778 3
1423 2805 7
64 2763 1
2588 3856 10
558 2563 10
82 4468 3
242 1699 10
1297 3930 3
734 2725 8
2283 2701 8
904 2511 3
4588 4653 1
584 3733 2
1494 2210 2
1346 3619 8
135 4627 5
3993 4235 5
2197 2427 1
1326 3702 2
331 3046 1
2025 3188 8
571 1213 8
873 1769 8
2205 4877 6
4292 4645 7
5 3789 7
548 4147 7
3815 3832 10
225 4403 7
2496 2586 4
2137 4844 4
4595 4758 6
1515 3764 1
4110 4964 1
3053 4065 7
2862 4470 9
4534 4768 5
209 1965 1
94 4881 6
1718 2089 9
1050 1789 3
1400 1924 7
2436 3089 9
2053 2702 3
4404 4681 4
385 4697 5
269 2099 9
2529 2646 10
3855 4510 8
1457 2899 1
486 2156 2
320 1317 4
10 2235 2
865 2990 9
2656 4795 7
2282 4625 6
1470 2032 1
683 2589 2
2405 3381 6
40 2159 1
45 3156 9
2432 3462 1
2164 3509 2
684 995 5
843 1215 4
752 1617 4
956 1566 7
493 868 1
843 1760 7
1548 2508 8
2429 2926 9
2513 3626 5
821 3154 8
1923 2858 4
1702 3209 6
4141 4465 4
110 1260 3
4680 4915 2
993 2697 5
2364 3294 7
535 671 5
1772 4853 10
374 2874 8
2175 3786 3
859 2442 3
279 2001 8
1863 3136 4
1235 4762 6
3133 4936 2
295 2722 5
1028 3428 2
3358 3804 8
62 3836 4
2778 4623 1
558 2559 1
548 3893 4
122 1154 4
1643 3269 2
1570 4572 6
556 4153 9
389 1654 10
775 2733 10
1314 4624 2
1216 1630 10
205 3253 9
327 644 6
942 1505 7
2440 2524 8
804 2247 2
1287 2740 1
788 2958 5
1921 2167 10
4427 4971 5
3393 4622 3
1713 4997 1
163 3030 8
203 2076 9
13 3063 9
3757 4152 6
3800 4303 10
1845 3651 6
826 2909 1
2346 4762 6
659 3324 10
2825 3959 6
1166 4620 10
2758 3904 7
24 320 8
878 2128 5
488 1352 1
2720 4579 9
989 2209 1
2185 3674 1
1381 1798 4
3138 3209 7
2346 4624 7
2055 3354 10
972 4642 9
1232 4986 2
194 1289 10
6 2996 10
1292 4277 2
948 4245 5
1016 2514 7
2132 3218 4
4588 4858 5
605 4592 8
1186 1950 4
1840 3226 10
1055 1700 3
588 4362 10
3913 4943 7
3135 4727 4
1148 3783 8
1814 3397 8
4223 4534 3
268 3649 7
206 2436 6
243 1795 5
2773 4501 7
2490 4502 4
1262 1364 7
3183 4969 10
1183 1655 8
3137 4989 6
1868 2114 2
2107 4620 7
239 2566 7
1551 4388 10
4678 4856 1
3557 4132 9
486 519 7
1211 4717 6
1593 4781 6
1613 4680 6
2120 2343 3
185 3812 8
4174 4232 2
596 800 7
1917 4927 3
776 2070 8
3690 4011 3
3281 4984 3
686 2227 6
1629 3147 9
1288 3619 6
1025 1430 3
65 468 4
892 2378 2
2182 3411 4
1774 3805 6
2371 4236 4
370 758 4
3413 4358 1
2751 4254 10
249 3410 1
1869 2500 3
3009 4226 7
1930 4291 3
1110 3186 5
2874 3045 10
192 3859 2
732 3202 1
1429 2355 7
1946 3271 4
1571 3504 7
417 4343 5
1196 1893 7
1571 3465 7
1333 3153 5
75 1921 9
2374 4880 3
511 518 9
1050 4279 5
1982 4160 3
103 1707 5
2235 4441 3
1011 3597 6
1099 1500 10
1877 2739 5
81 1876 5
3464 3671 10
2676 3163 8
2333 4804 1
795 3350 5
2198 3225 5
1963 4112 9
3840 4271 9
1882 3531 2
381 4910 3
2682 4044 1
278 1365 10
1894 4089 4
911 2750 10
485 3216 3
2983 3887 10
3147 4182 8
1582 3145 6
1287 3163 6
928 935 3
233 2689 8
3303 3312 6
138 1298 1
1364 1659 4
81 771 10
1730 3967 2
1427 1587 2
551 557 10
2450 2475 8
4108 4671 5
1793 4827 1
1072 2651 9
2437 3340 4
3544 4483 7
1000 3210 3
2096 4046 2
4152 4840 7
395 2128 5
42 3143 3
2548 3508 5
780 3296 8
1911 2927 9
1314 2199 4
90 139 8
16 2044 8
1416 1939 4
2914 3441 8
1553 2636 9
110 1137 10
4908 4957 5
1810 4712 6
2425 2695 7
547 1324 5
767 1218 7
992 1004 3
2574 4254 1
2208 2269 10
1730 3162 8
135 4321 5
78 934 1
4213 4731 2
300 661 9
1035 3993 7
3087 4907 3
2303 3524 4
397 3506 8
2189 3271 10
429 2891 4
477 3442 6
2516 2835 5
2294 2778 2
1890 2261 9
3809 4658 10
2424 4476 5
3 1923 4
418 2439 8
4598 4701 3
901 2633 8
905 2027 3
3107 4514 6
1391 3249 5
2211 2239 5
919 1737 4
297 3157 8
2233 4698 8
801 2395 8
2503 4598 7
3562 4670 9
619 4812 4
2143 3962 7
419 1233 3
578 4643 6
1578 4109 7
1638 2399 5
1803 4287 5
49 4305 9
2121 3609 7
1101 1397 3
3190 3381 10
209 4412 6
1210 2955 3
4071 4917 1
49 4565 9
3129 4498 8
754 2937 4
589 711 3
2862 4431 10
192 3387 3
1793 1893 1
1333 3226 1
178 2671 8
1278 1794 6
3102 3450 6
4311 4611 2
2214 4623 4
81 2022 8
2140 4163 10
271 3073 7
1413 2137 2
1723 3023 7
1780 4150 8
4250 4847 7
1678 3557 4
3797 3817 10
2272 4593 4
1724 1801 9
1681 3690 3
1806 2574 8
1692 2178 9
1816 2459 8
365 3699 2
3533 4881 1
2938 4561 6
446 2941 7
480 2589 8
1962 2620 4
253 2129 6
2997 4739 9
720 1527 1
2568 4070 2
1651 3241 4
1210 2058 5
982 2381 5
955 2370 2
325 4385 1
922 4991 6
113 4079 5
3025 4539 6
1923 2095 4
3989 4712 4
2133 2691 9
1085 1285 10
1601 1887 10
81 115 2
2905 3539 9
2228 2794 2
2043 3604 6
918 4525 5
3557 4333 7
2833 4766 8
1868 3220 7
2376 3267 9
1334 3111 10
1384 4634 10
665 1319 9
1668 2862 5
326 2511 9
1267 4883 9
732 1198 10
149 2322 1
360 3507 7
1668 4788 2
1279 4374 6
1953 2277 7
2469 3708 7
1776 2875 7
2924 4212 10
1404 4826 6
1428 2333 8
378 3906 7
1895 4743 10
1622 1645 5
1465 3545 1
603 4452 8
1354 1788 5
918 4148 8
1236 3660 9
1532 3467 4
1816 4216 1
2345 3333 4
1734 2534 2
668 3057 4
1294 4297 5
4319 4723 8
95 4192 2
1734 4974 1
2453 4151 3
2909 3132 8
1555 3674 1
2007 3790 6
552 3934 3
1011 4021 6
1266 4112 9
914 2265 8
1649 1817 2
941 2639 5
286 1622 1
1038 4702 8
2587 4565 7
3181 3533 2
1672 4057 7
2528 3834 4
753 1958 2
38 4180 9
2262 2613 5
1776 2395 1
10 4683 5
446 1029 6
560 790 4
1269 1777 3
670 3878 9
1848 4837 5
2637 3638 9
1357 2367 4
611 4664 4
836 2108 10
2042 2575 6
3525 4715 10
4716 4764 1
549 4262 4
2529 4637 1
2225 4408 2
76 2425 9
3558 4566 7
2149 2926 8
815 4621 9
3042 4776 1
1645 3451 7
1289 4954 3
507 1028 7
727 3806 3
4195 4347 7
1488 2168 1
455 1459 8
1350 1434 5
306 1151 8
444 4818 7
1801 2771 4
2443 2491 8
1383 1839 2
440 574 3
475 4380 5
13 1399 2
3207 4818 1
3643 3715 3
4341 4944 3
203 1362 4
353 876 5
2261 4267 4
986 4271 6
2472 4948 9
1652 3177 8
1300 3179 1
3062 3894 5
1189 3688 10
494 2221 2
484 2987 2
586 3157 1
29 3465 3
1394 4958 9
112 3670 10
1022 3908 3
1805 2547 2
1806 3187 9
2448 2564 2
420 523 10
307 695 1
448 4849 9
233 3992 5
1527 4772 3
2038 3379 3
1852 2129 3
4200 4969 9
390 1441 4
1202 4237 5
2666 4856 9
2590 3448 8
220 452 8
412 4536 1
1642 4399 6
537 565 8
2730 4227 9
251 4507 7
2046 2378 5
3335 3577 9
1968 4348 9
3621 4961 3
704 3941 4
4639 4814 4
266 1831 5
870 1398 4
3759 4967 6
345 3229 8
1255 4449 4
743 2928 10
2077 2765 7
381 4729 5
428 4275 7
746 3911 10
2334 2516 5
574 4318 4
1134 3979 3
1354 4403 8
1299 2156 6
3377 3860 10
899 1900 8
312 3822 5
1119 1753 5
702 2347 9
754 2491 6
3246 4123 4
990 3406 3
813 908 4
1232 2654 4
915 2445 3
3691 4800 5
2598 3915 4
1851 4831 1
3912 4200 7
1448 2107 5
154 2363 4
1087 4668 3
1242 4973 2
670 3330 10
660 3542 8
1750 3675 3
927 4461 6
953 1857 7
116 1364 3
2896 4508 4
1856 2793 10
1657 3603 6
1467 3373 5
971 3752 7
1532 3028 10
1283 4443 10
249 3282 8
999 3591 9
1757 3946 8
1249 2677 6
1006 1303 8
666 3886 1
101 2989 6
1195 1729 7
47 2030 3
2598 3147 10
205 1225 10
3233 4914 2
1442 2898 5
2687 4067 9
22 1758 1
2097 3731 10
2281 3419 4
2604 4181 3
572 2418 1
1496 4866 6
2553 2612 5
3808 4125 2
289 4902 4
1102 4649 7
3766 3969 4
2479 4718 7
925 4148 2
2100 3224 8
2576 3622 1
13 4488 7
1589 2104 5
2492 4461 6
2763 3626 5
1505 3156 10
917 4100 5
2060 4825 1
3494 4339 10
2738 4920 5
580 2793 9
17 3976 4
4089 4246 1
1147 4193 8
1515 4098 5
1651 4170 5
3075 3503 4
714 2073 2
484 3321 2
570 1499 1
124 3030 2
3412 3452 9
2716 4693 8
909 2292 5
3964 4967 4
1350 4338 8
603 4886 5
2215 4606 3
1893 2050 8
2343 3739 10
2675 3433 2
2132 4980 4
2659 4918 2
722 2633 10
359 4191 9
91 425 7
1353 2771 1
1038 4181 6
3355 4150 2
4004 4124 8
1556 2409 4
3290 3385 9
22 3236 4
4240 4629 4
141 1078 5
4013 4132 4
3431 4449 2
3727 3760 4
2439 3989 4
1387 2814 7
640 1002 10
2534 4282 5
2147 3427 5
461 4162 3
27 3055 6
1675 3345 8
922 2061 1
104 3364 1
3223 3404 6
231 1587 7
2298 4303 4
549 4638 1
301 2333 3
2137 4963 3
356 2802 3
1024 2358 3
552 1715 6
1306 4705 6
1339 4934 2
931 3613 5
1646 4529 9
1115 2612 3
2743 3800 3
2379 4538 2
434 2597 8
1056 4838 9
2116 2931 7
53 2245 6
1905 4907 9
1305 1552 10
1040 2201 8
1992 4597 8
2754 3826 5
2064 4341 1
40 639 5
350 1855 8
3192 3522 3
1248 1466 6
652 3241 6
125 1707 10
3477 4338 7
2592 4932 3
814 4095 8
3696 3887 8
1480 1522 5
3115 3405 10
801 4455 3
1618 4876 4
820 4537 6
1616 2131 7
449 4986 7
1446 3269 8
502 3071 8
826 3039 7
1620 4550 6
311 2185 4
2718 3638 10
1244 4049 1
378 1290 9
2830 4671 9
461 1143 1
253 502 2
116 3870 7
64 3116 1
2898 4224 6
3904 4525 4
1961 4525 5
1154 4935 4
3570 4190 5
1096 3500 10
131 3926 10
310 4832 8
2747 3888 7
3922 4218 4
1252 1573 2
1728 3950 2
626 1618 1
1345 4283 4
1248 4155 3
853 2549 6
1387 1553 6
292 5000 5
2919 3819 4
1659 2721 9
3036 3652 1
82 437 1
1343 4628 3
2251 4609 1
1482 1560 2
2047 3731 3
2927 4228 7
444 656 10
851 4506 7
1415 2077 5
1100 3666 1
827 4646 10
1388 2152 3
505 4085 7
1639 4754 7
561 2068 9
3970 4546 2
688 1779 1
322 4242 7
1038 2127 10
1063 1287 8
837 1052 8
158 1681 2
151 4993 5
3214 3322 9
757 3035 2
3911 4292 9
2087 2605 3
1034 4780 3
400 1464 7
689 1077 7
2663 4399 8
1878 4548 8
1015 4834 8
1820 4248 8
704 3785 1
1894 3843 8
3077 3704 10
392 3020 8
2690 3779 7
2972 3277 10
1682 2420 1
749 2392 4
1905 2394 6
648 3211 7
3539 4845 6
115 591 2
2268 4708 3
1416 1544 1
1824 2021 2
2013 2553 3
1927 2541 9
3696 3907 8
1581 2296 6
1771 4195 1
3749 3848 5
2082 3350 5
1347 3056 5
1051 3123 7
1921 4520 4
1359 4030 6
2675 2723 2
1925 3244 6
2079 2463 7
396 3901 1
1761 4902 2
1712 2396 3
2078 2657 2
422 1649 3
3157 4224 10
727 839 7
3957 4596 10
488 4183 10
595 4668 9
791 3945 10
2996 4597 1
2393 3780 1
1860 3865 6
1541 4645 2
1466 2151 2
758 1611 4
1500 2166 10
3319 4657 10
2838 3047 5
2459 3716 7
941 3986 2
3835 4612 8
1833 2779 8
808 2745 9
3603 4667 2
1313 1660 10
883 2561 6
2667 4317 3
3409 4605 9
278 538 4
1427 2585 6
1016 4176 4
1059 3270 8
1453 3815 2
2438 3848 3
1997 2753 8
1680 3468 7
3495 4011 4
857 3543 6
618 1006 3
393 3288 1
1079 2783 2
985 1643 9
2618 2643 1
2324 2615 7
372 3978 9
2574 3266 6
765 2780 3
1973 3383 10
265 3201 9
1615 3038 9
1173 1288 2
1115 3771 3
41 1079 3
3323 4851 7
1405 4640 6
1059 3095 10
17 157 10
251 2433 3
2386 4678 1
3673 4414 3
1608 4036 6
1157 1468 2
437 3008 4
2918 3105 5
4541 4943 10
807 822 4
1336 1821 9
1031 4569 8
949 1465 1
434 2728 8
2363 2423 10
1833 3338 2
2569 3095 10
2602 2875 6
1896 2377 4
1361 4251 1
1688 2560 10
545 1263 7
1533 4058 6
1296 3458 1
1257 3209 5
379 1437 4
1097 4201 8
290 1889 10
2318 3893 4
751 3317 4
954 4400 6
1386 2379 2
252 4703 3
1 2088 1
1297 1402 2
2100 3774 5
972 4843 2
1652 2361 3
1427 2037 10
722 1063 10
1316 2365 8
569 2556 4
4746 4771 7
1764 2679 7
2493 4207 4
113 4373 6
868 1043 6
613 2263 10
2291 4985 10
644 902 4
875 3326 7
3622 4424 5
3093 3825 3
762 4947 4
3798 4421 6
2247 3941 1
634 4073 9
923 4055 6
423 1481 9
1563 3228 7
2376 3241 8
572 1303 2
19 2288 6
1403 3669 3
2503 4908 8
759 3788 2
1781 3631 2
3102 4786 10
1313 4237 8
2974 3796 8
106 3999 3
549 4681 6
33 2286 10
352 3278 5
1789 3711 9
3181 3221 1
1731 4872 10
1389 2041 1
1938 3261 2
2828 2920 6
1071 4526 9
983 4597 10
2722 3835 4
1173 3253 6
4563 4671 4
961 1186 5
1559 2335 6
1619 4782 5
263 4107 8
2233 4389 6
2236 2329 7
3444 4676 10
1040 2807 5
563 3260 4
3180 4530 5
1076 1311 3
321 3150 6
20 1101 2
593 1199 5
1068 2523 6
372 2927 3
2761 3826 9
1419 3414 3
282 3718 3
153 2764 6
46 1363 2
3733 4656 9
84 4700 3
3436 3616 9
13 1068 5
349 4876 2
1645 3960 5
755 4293 8
1371 4752 9
117 3970 6
2352 3608 9
2955 3800 4
2439 3239 10
929 3686 3
2124 3503 2
2981 3724 9
1012 3710 2
1552 4004 8
2742 2777 8
632 3382 9
63 3101 6
1711 2964 4
52 66 1
3852 4971 4
354 3554 8
992 1890 8
137 4727 10
1231 3807 1
34 3637 2
673 2260 8
1398 1744 5
705 1149 9
731 3410 5
360 1791 1
140 3464 4
957 1195 1
752 3248 7
932 3343 9
598 3143 7
2181 4041 8
589 3854 8
470 982 4
1653 3567 6
505 4621 9
1125 2980 10
3583 4954 6
270 3257 9
3347 3987 7
399 4886 8
2129 2929 2
1452 3789 5
915 1051 9
312 379 7
2788 2949 2
1000 2263 1
694 1665 4
3932 4440 6
1573 3797 5
4360 4528 3
1597 2760 9
2234 2430 8
1583 4098 10
1109 1525 8
235 705 3
2934 4709 10
2082 4313 9
327 2279 9
1985 2928 7
680 1004 9
860 4518 4
2307 3489 2
1196 4904 1
1187 3840 8
2447 3334 7
482 3859 6
2476 3523 6
88 3896 4
2960 3623 3
1032 1067 9
376 4363 6
1594 2814 10
230 3248 7
2356 2384 7
557 1951 4
1129 1716 2
1312 2757 2
825 1207 1
816 4727 6
177 906 8
1025 2436 6
2938 3722 8
763 4610 4
855 4344 6
1285 1649 8
2393 3016 10
488 2612 8
215 4578 3
2231 3867 9
237 2967 7
1897 2759 8
1991 4954 5
1686 2648 9
251 2287 9
4089 4176 5
1895 4823 4
2619 4082 4
23 3680 10
1365 2540 6
3788 4287 4
871 3841 9
1498 1840 10
2646 4404 6
953 1259 1
513 995 2
551 1956 2
4209 4797 10
2846 4628 3
1461 2073 10
2961 4071 2
390 824 5
757 3498 4
356 2355 4
2238 4203 9
18 2298 6
1291 3665 7
3391 4358 1
280 1308 9
1217 1781 1
2581 4905 9
1083 3042 10
1579 1709 10
1074 2983 7
783 3281 8
1884 2947 8
280 1744 6
940 4561 5
1549 2657 9
3930 4739 3
1248 3754 6
2134 3380 3
314 4724 7
393 464 1
1429 3102 10
1348 1816 6
64 1423 10
1098 2181 8
597 2690 1
1740 2928 4
2321 4974 7
1654 2118 4
1943 2615 1
1896 3866 2
2578 3124 10
1581 2796 7
1090 1852 2
1669 1880 5
360 4512 2
1794 4451 9
1365 4259 2
1390 3445 3
1808 2066 2
2234 4705 3
624 1065 3
43 3510 1
2162 2575 4
1138 1949 3
1834 4186 8
1248 1559 6
825 1000 1
1532 1600 2
455 4976 8
1397 3944 2
1422 2824 2
811 2440 8
2087 2448 9
4389 4803 10
1503 3706 6
1537 3907 4
478 1217 5
90 453 5
1043 1940 7
153 191 3
316 4928 8
556 633 8
304 2050 3
2652 4053 3
1933 4977 5
1867 3938 9
197 2564 3
2027 3971 2
331 837 8
539 3995 2
931 3909 5
1169 4506 6
971 4346 3
1562 1947 9
2208 3310 7
2184 2589 7
3002 4309 10
3391 4333 10
2967 4698 5
833 3074 7
3532 3753 2
3366 4389 7
1623 2260 9
836 2259 5
1544 4363 6
556 4835 1
3370 3923 4
82 2314 9
1260 2977 2
3501 4830 10
538 720 9
1929 2660 1
1635 3907 2
1270 3843 1
522 1557 7
1191 1693 2
2846 3900 3
1283 3867 8
2671 3735 5
2835 3236 4
832 4115 7
519 2271 3
3565 4375 3
1952 3222 7
770 4040 1
2506 2936 1
1107 2016 6
899 1068 8
1417 4785 9
1271 1987 10
3335 3847 5
2197 4566 6
1202 4067 10
1888 4864 9
1506 2469 10
264 1523 10
55 3010 4
44 435 3
893 3761 10
32 4884 5
573 1697 5
889 2365 2
2734 2751 2
502 2907 2
894 3048 7
822 3187 4
949 3606 4
719 2060 5
1844 4683 10
1905 2067 4
389 3492 3
3758 4865 10
79 2063 1
162 1569 6
1056 4783 2
2436 3076 6
3633 4067 4
1969 3599 1
768 2065 2
1450 2422 8
2278 4029 6
1189 1428 3
2250 3686 4
3094 4695 8
164 3352 4
3209 3648 4
162 4701 2
3364 4447 2
1320 1344 2
2093 3841 1
325 4986 6
3832 4803 7
2200 2324 8
1713 4128 3
858 3719 3
3895 4446 6
3283 3562 1
2240 3683 4
2102 2703 10
3179 4273 5
486 3575 1
4059 4305 8
3239 4204 6
438 3964 7
1594 3699 5
4353 4654 3
1162 2103 1
1230 2938 7
748 4261 2
357 4486 2
2284 3812 4
1838 2563 1
620 4455 10
1910 1948 8
1364 3216 7
2018 3023 10
1054 3404 1
895 2806 1
502 1703 8
3584 4103 8
2549 3668 6
2216 2689 7
642 3285 4
291 422 2
1773 2841 10
1498 1816 2
652 2346 2
1497 1791 4
650 2254 1
141 3650 9
192 2152 8
2178 2462 10
1198 4867 2
92 1205 7
2164 4668 10
1061 2790 1
2688 4965 10
589 1521 4
1573 4941 8
1214 1322 10
1370 2649 8
2467 3756 10
2136 4416 4
663 1253 9
1364 3772 2
236 2328 10
288 1747 10
2103 2226 5
20 3461 9
1395 4050 4
1979 2317 9
1306 1702 2
659 4761 1
1636 2510 4
2731 2930 9
1829 3248 4
2087 3092 3
71 2589 9
3653 3752 1
1456 4077 2
3287 3748 5
992 2083 9
500 530 4
1750 2632 7
585 2701 1
1305 2583 10
135 3765 4
895 2121 8
1160 3199 3
3135 4541 6
192 2721 9
346 570 5
3184 4008 3
844 2110 5
155 325 4
3259 4892 6
388 4991 4
1647 2433 7
1554 2235 9
1013 4981 7
550 3371 7
34 510 5
3230 4465 7
2839 4206 9
980 3940 5
234 3862 8
935 2915 7
658 1677 9
1453 2591 10
2407 2677 6
2803 3129 2
696 2801 6
4281 4514 4
2038 2500 7
2868 3956 7
1064 4566 9
4474 4944 6
2560 3299 3
67 3689 3
659 3966 4
836 3199 9
1057 2734 4
2446 3290 6
1667 1861 3
3040 4673 10
2403 3409 8
299 966 2
1021 2196 1
279 4061 3
2409 3867 9
2349 3925 8
762 1835 9
430 1633 6
4448 4464 1
585 1555 5
4268 4947 4
3697 4159 7
1947 4081 7
1961 3133 8
1432 2808 2
940 3277 9
2234 2626 8
401 3507 3
633 1118 1
2953 3280 1
462 4395 1
4559 4925 1
4029 4988 1
1219 2124 4
16 3369 2
2608 3776 3
2027 2756 2
2635 3925 8
1893 4715 3
99 3115 9
1453 3205 4
829 3122 10
187 4075 3
1689 3140 3
2544 3530 9
1703 3969 4
84 2533 5
2054 4219 6
1098 4440 2
1240 4759 4
855 1338 10
732 1641 7
2514 3808 2
341 3297 4
3851 4176 2
1412 1860 2
1978 3282 7
683 4963 5
1004 2882 2
1233 1470 10
1812 3188 4
2972 4631 9
881 4589 2
3430 4065 5
4075 4305 6
285 2582 1
2223 3423 3
2009 2657 2
1893 1975 3
686 2293 10
464 4593 1
1518 4231 3
3733 4370 4
364 2987 9
4228 4427 6
1442 4210 4
1483 3593 8
155 3968 6
827 4564 3
56 2520 9
2134 2896 2
1221 3726 1
2997 3551 8
1685 3463 5
465 2871 6
1426 2516 9
1274 1349 4
596 1781 3
1010 4629 9
204 2880 10
227 1514 7
4055 4168 4
701 4906 5
1131 2400 9
333 2664 5
369 1209 7
2843 3463 3
42 1364 6
654 4087 4
233 1756 7
1286 3274 10
1046 3804 6
294 760 4
1235 1537 4
1297 1875 3
1305 2796 7
2117 4744 5
7 4477 9
856 1027 10
1532 4687 7
3104 3234 1
1186 2081 3
1397 2852 6
67 2410 8
4835 4913 8
2457 3359 6
2384 4757 7
851 4365 8
454 3677 1
1448 3536 10
1366 1436 2
2331 2954 8
1384 4270 1
3264 3481 6
3539 3758 10
473 4630 10
2168 3608 4
1745 4422 5
1198 2113 6
713 2724 4
3287 4946 10
729 1828 2
162 1667 7
656 1656 3
297 1129 3
3934 4809 9
225 970 9
650 1422 6
354 3891 7
289 4255 5
1428 1709 10
1205 3002 8
2245 4493 4
1697 2437 1
2154 2293 9
3455 3507 9
1849 4580 8
530 1603 7
495 610 5
410 3367 5
1083 4429 8
26 488 4
2273 4135 6
189 3518 6
946 1600 9
1159 4776 8
1200 3468 8
1797 2929 10
6 3092 5
843 3997 4
1069 3230 5
2349 3002 7
395 3982 5
2116 2568 3
2057 3373 6
1471 1684 4
2035 2269 6
2861 4709 8
2531 3083 6
1744 1808 9
1312 1509 4
434 3741 8
2788 3459 5
1902 2658 4
3524 4582 1
2562 3243 4
148 1170 10
1710 3075 10
165 3123 1
2810 4106 7
1697 1808 1
872 3450 8
513 1490 8
458 4651 5
2576 2994 1
997 3379 2
1343 4351 4
2143 2350 1
1082 1778 10
1172 1336 6
235 3640 1
1498 4538 6
100 2279 9
2483 3198 5
2258 2667 10
3366 3764 4
1376 4954 10
1668 2995 9
1066 4328 5
630 4052 4
1037 1216 2
2439 3526 4
215 284 9
1868 3040 2
3257 4405 1
740 2263 9
14 807 9
1068 2497 6
933 2449 9
2369 4449 5
213 838 3
1142 1753 5
1965 3510 3
1931 3659 1
524 3814 8
395 2647 10
433 4134 10
2131 4931 3
158 3367 3
1115 1611 9
2696 3875 3
1412 4157 4
1907 3817 2
158 1027 10
322 2572 10
929 1849 8
688 1413 6
1293 4406 7
814 1165 2
593 4813 4
2778 3081 5
1787 4915 1
2921 2985 3
1518 3711 10
136 2024 6
3130 3388 4
1078 3718 10
3598 4869 8
267 4581 8
136 3458 4
1226 3907 3
3186 3991 2
2993 4395 10
805 4206 5
2630 3830 6
1145 2345 7
2043 2500 6
1552 1586 8
692 4478 4
472 1179 3
2565 4248 10
1536 3022 7
1651 2177 2
129 1881 3
1562 2549 1
1374 1406 5
525 2542 7
346 1543 2
596 1453 4
2252 4625 6
248 4353 4
149 4062 6
2168 2401 5
2530 4213 5
44 2675 9
999 2711 1
550 1416 4
1184 3438 1
955 2601 4
915 3524 8
183 4937 10
4041 4399 10
391 4615 3
68 1776 8
27 125 8
3729 4976 5
1259 3631 10
675 2218 9
1313 2210 8
344 1678 2
3154 4347 8
1488 3907 2
865 2875 10
205 909 10
252 746 8
3030 4407 2
2463 2518 9
746 2038 6
492 4969 3
1777 4836 6
262 2620 7
4057 4569 10
4421 4543 3
1256 4975 1
3361 3837 3
4625 4930 3
1079 2998 2
2265 4942 3
403 4385 1
4490 4833 10
2083 3642 8
440 1021 5
1145 4503 9
2312 3110 5
2145 2450 3
1852 3353 8
204 1621 8
3943 4738 3
1762 3653 2
2202 4989 9
459 4562 4
473 2638 3
729 4015 5
120 291 2
946 3227 5
338 1675 3
385 1594 10
2936 4395 8
1064 4892 10
1090 1626 9
2282 2880 5
2166 2719 5
1768 4767 4
2419 3902 5
1721 2339 3
1481 4473 9
1922 1943 10
702 2140 4
1256 3169 8
124 3500 2
531 3880 3
34 1949 5
217 1559 9
43 2140 4
921 4514 8
3846 4269 8
1897 3354 5
1868 4109 3
450 3972 4
515 3776 3
250 4422 9
2466 4501 5
796 3129 10
1154 4473 2
3795 4975 9
2251 2600 4
2712 3102 9
1731 3626 5
513 4911 6
9 3195 6
1590 4217 2
1598 4377 1
2049 2737 3
4300 4678 7
414 1834 10
2793 3800 8
165 4550 4
340 1865 5
791 1740 3
1638 3392 9
1140 3528 2
4426 4705 5
524 2470 5
186 3958 3
437 2575 7
3886 4165 5
2506 2743 8
3284 4764 7
3344 4207 4
156 2063 1
2226 2718 8
2059 4083 1
2931 3364 8
213 3001 10
2360 4981 9
1555 1799 2
83 2200 4
1163 2810 5
1886 3393 6
666 2698 8
485 3730 2
2049 2159 6
210 4234 4
524 3390 1
4524 4954 7
1402 3027 6
226 2948 9
4202 4825 10
4668 4770 6
607 4231 5
1935 3132 1
158 1264 3
176 3063 8
1000 4304 10
741 868 2
432 4336 1
1674 4360 6
149 4165 7
1041 4801 4
1730 2435 2
2757 2913 3
1352 4434 2
1116 1577 7
146 2649 6
1017 4266 7
379 882 5
3061 3845 8
1915 3882 4
2352 2627 2
404 1963 5
492 2069 10
2941 4331 3
373 4457 6
1333 1425 9
4745 4874 3
2003 4370 7
1643 4193 4
2313 2635 4
2105 3735 7
227 2629 3
495 4312 4
243 1107 2
1471 3018 6
2758 4124 10
2667 3430 6
3071 3910 5
2640 4833 4
135 4470 10
781 2043 4
1857 2540 6
238 565 7
256 4178 2
1704 3537 2
131 506 6
2927 3497 2
1040 4186 8
339 4450 8
2579 4888 4
131 4114 10
2164 2177 7
168 3915 4
91 3336 9
465 1634 5
3620 4886 8
1443 3229 1
2828 3852 3
1651 1882 8
4062 4314 7
2094 4201 4
5 1971 7
1931 4292 7
426 907 3
635 3754 5
1301 3968 5
2430 4759 4
1098 4823 7
2620 3575 3
2506 4136 8
1007 1867 7
2232 3521 9
1154 3350 7
2600 4081 1
123 286 1
862 2841 5
2228 4427 5
1874 2660 3
272 3526 2
3102 4797 6
163 328 1
1976 3318 6
1811 2011 7
4157 4163 6
1233 4809 4
1676 3202 3
656 2213 6
1694 4748 3
1625 3114 7
1922 4602 10
217 1544 1
260 2639 9
739 1769 3
2825 4536 6
2156 2678 2
1289 3845 10
1697 2584 1
405 1822 2
2844 3397 10
474 2762 1
1987 2560 8
746 1519 1
297 2553 7
1217 3112 2
2530 3888 3
1949 3012 4
3386 4382 2
697 2379 10
1533 1835 5
644 1695 4
2410 4608 7
2498 2965 8
974 3466 9
3431 4115 3
1725 3986 9
383 2944 2
1746 3623 2
138 1417 3
53 1547 8
873 2534 1
1203 4051 6
1658 3826 10
1968 3520 4
239 3399 1
2158 4271 6
2442 4309 3
603 1566 9
1650 3998 2
2501 2837 4
474 3949 8
554 2001 9
1296 2948 9
1860 4536 3
963 4038 4
307 2207 3
4565 4843 2
1995 4441 10
2135 2461 1
944 4498 3
1352 1953 3
1977 3315 8
596 2657 9
1787 4247 7
1245 1502 5
800 3266 3
793 2258 1
1264 3702 9
256 419 1
1105 2462 7
71 2018 5
1794 3297 8
941 3742 3
1167 2805 3
497 3356 5
2394 2950 5
1413 3059 8
693 3540 1
742 3851 5
325 4008 8
554 3361 8
298 647 7
696 2698 2
1634 3785 8
1222 1625 6
2125 4615 4
3998 4730 5
842 2281 3
590 1887 8
1869 2556 8
696 4049 4
1361 2469 9
2806 3592 8
3902 4270 6
1379 1666 10
151 718 6
1935 4442 6
1322 4079 1
32 485 2
1837 4878 4
46 740 10
717 3951 2
399 1818 9
127 3927 8
842 2659 2
3100 4767 4
1602 3593 9
44 2527 4
492 1743 3
2942 4450 6
2443 2766 6
1883 3922 6
581 2188 7
2966 3510 2
423 1822 9
880 992 4
3351 4247 4
3713 4394 4
1306 1968 2
1071 3238 5
1364 4379 5
613 2162 9
4288 4618 7
3131 4112 4
939 1375 6
4575 4633 3
1441 4303 1
4056 4174 8
3185 3369 4
895 2805 5
1791 3957 10
2795 4435 1
1202 1907 8
3528 3937 3
1010 2695 10
580 1998 8
1447 2365 5
44 4703 10
3017 4385 6
159 1626 1
269 1441 10
2690 4450 4
277 1440 3
158 2587 1
1910 2779 1
1195 1410 1
1576 4070 10
1469 2025 7
106 3199 4
2487 3601 9
1176 4476 3
209 2174 8
3681 3991 1
275 1130 8
166 4744 1
679 998 3
127 2767 6
404 2723 2
2655 3675 8
3334 4860 1
2331 2937 4
561 3957 7
3009 4809 4
2917 3779 4
2581 4695 10
1040 1701 2
3935 4258 8
889 2774 3
3326 4196 10
271 1374 7
1121 2660 10
431 3314 10
1825 4342 4
1891 2575 7
2047 2296 10
26 4128 6
3654 3684 1
283 1176 4
416 4958 9
890 4342 3
1150 3274 4
1449 3517 7
2087 3969 10
2407 4627 9
1103 1967 8
2574 4656 4
2041 2882 3
2028 2860 5
3532 3774 2
3022 4698 4
1475 3796 1
425 1562 1
2304 2393 3
2167 3231 2
662 4474 8
341 1099 3
2141 3729 5
4301 4507 8
4121 4769 4
69 3614 8
2744 3437 2
1642 3711 1
113 2482 3
1179 2480 5
2206 4092 5
613 2279 4
2125 4984 8
2601 3110 4
1392 3245 9
2314 4221 10
398 4374 3
198 1828 1
1670 4996 1
448 3867 5
4315 4696 6
941 3152 2
1251 2287 8
2023 2664 4
3126 4559 1
992 2469 2
3784 4510 4
456 1782 7
666 2247 10
2660 4317 4
1192 3240 6
1993 2185 8
997 2752 5
16 3383 2
787 3641 8
90 1953 7
1737 3300 9
742 2186 2
1394 3973 6
575 2381 3
1419 3864 6
2808 4000 2
2783 2957 3
1913 3784 7
237 3139 1
1337 2368 1
23 3435 7
739 1510 8
4375 4379 6
471 1178 4
700 4692 3
3118 3122 3
766 1010 5
1245 4291 9
1128 4733 5
3683 4832 4
1111 2385 4
1178 4035 1
132 2494 5
2059 3629 1
3899 4502 7
16 1123 10
3826 4261 5
3349 4040 7
1230 3970 10
1631 1788 1
143 1296 2
2278 3000 5
2022 4794 7
3006 4288 10
2320 3518 1
4299 4775 9
1853 1930 3
699 1683 10
458 3395 10
1398 2292 6
1213 4627 2
2767 3336 10
1136 4185 9
240 840 4
400 3935 6
2147 3109 6
2862 4357 1
137 2467 1
19 2531 9
149 3262 9
4459 4777 4
1614 3289 10
960 3808 8
108 2299 10
422 1832 1
1324 4351 8
1432 3246 10
2790 4106 3
1962 1967 9
1186 2274 4
81 1361 5
1627 2404 8
1619 4491 7
113 1526 6
284 4088 2
450 1138 2
351 419 4
481 1528 10
695 4742 8
1687 1801 6
1828 3891 4
3316 3585 2
904 2860 7
3165 3316 7
187 2279 2
2949 4550 10
354 1976 5
1343 3797 10
1784 4393 8
272 4760 2
1169 1627 4
660 2395 6
1948 4942 9
155 2954 1
1319 3619 3
333 3655 4
1988 2862 3
1496 4235 9
639 4992 8
3236 3511 3
3870 4303 9
2504 3704 3
2239 3220 2
886 1410 9
1252 1579 4
1454 4794 7
665 2056 6
1548 4677 4
2684 4682 4
1341 2325 10
2142 4248 7
1482 4586 3
2201 3863 6
61 600 7
191 3327 7
3481 3847 9
1495 4125 8
426 3082 4
1712 3413 9
12 266 6
500 4287 5
51 4855 6
592 2723 8
1960 4076 2
2086 4072 5
1204 2640 7
882 1972 1
1684 4518 2
4248 4558 8
2671 4775 7
657 1148 7
95 2539 8
4073 4218 10
2536 2746 3
2372 3895 1
2493 3308 4
642 3308 7
1206 3314 9
2933 3282 7
1929 4143 5
1057 3645 4
3411 4528 3
552 1035 2
3086 4660 1
1528 1578 6
63 4993 8
1769 2963 6
290 4217 9
51 1183 10
3692 4944 9
86 2656 10
1499 3757 1
1443 3774 7
3951 4421 10
2601 3875 2
352 3552 7
3722 4677 2
3065 3356 8
629 2232 10
3602 3914 10
1590 2267 1
2415 4757 9
186 2806 5
297 4580 5
1487 4379 7
3457 3865 1
513 1080 2
4032 4862 1
1215 1313 4
2344 3751 8
543 2462 8
4524 4842 4
3537 4043 7
564 4620 2
804 1733 1
900 4158 6
1663 1884 5
263 2975 5
690 4526 2
1841 3185 5
983 3881 10
1523 2877 9
2778 2924 8
1609 4190 8
188 3471 4
1895 2742 10
402 4114 5
1077 3280 6
2243 2916 2
28 1578 3
4397 4779 10
223 4544 7
1286 1318 3
65 957 2
338 3606 6
3345 3827 5
1120 3156 7
2299 4195 8
601 2989 4
2545 3371 9
4772 4810 2
1102 2577 8
1750 4366 4
2398 4791 9
1171 3118 8
3070 3510 9
16 1147 2
3374 4008 9
1032 4940 10
2071 4441 10
4105 4167 7
230 1808 2
77 1019 5
778 1839 8
1973 2960 5
2545 3468 1
1234 1951 1
375 3991 8
1305 1638 7
1934 3228 4
1354 1810 10
3323 4374 9
1921 2892 2
2075 3331 10
1681 1774 9
715 1920 7
3523 3529 6
5 2124 4
2564 4515 9
378 815 6
559 4796 2
3113 3694 9
347 3196 8
1694 2503 9
1138 4003 9
1138 3931 9
307 2992 3
4274 4336 6
3291 4356 10
2121 3650 3
1206 1784 1
153 163 10
2794 4283 1
329 1742 9
251 4447 10
2256 4304 7
1037 3590 2
2712 3970 5
3766 4892 8
1470 4816 5
98 2567 3
3876 4660 9
3189 4442 7
1790 3728 8
2746 4916 8
2149 3641 5
252 4126 6
2028 2848 7
1760 3982 7
463 2498 5
1 2483 1
1740 2204 1
1713 4302 8
2048 2840 8
2179 4154 6
2816 4827 4
2065 3638 4
1624 2517 3
2722 3313 9
80 825 4
4344 4399 7
89 1801 3
1280 2807 4
526 3255 9
2789 3050 8
857 2474 8
4247 4679 4
2054 3279 9
3794 4518 7
4489 4707 5
549 739 7
1205 4377 9
1621 3472 3
623 4984 9
1733 4460 3
193 460 4
1846 4794 7
2599 3594 6
3399 4591 2
2845 3594 3
454 623 1
1451 3115 5
602 1586 8
3122 4003 9
2449 3815 5
2271 2354 8
623 4967 2
2378 3086 6
187 3109 1
494 3960 3
2137 2504 7
817 3649 10
87 987 9
2058 4258 3
3372 3868 9
563 765 3
2069 4337 10
2775 4092 4
699 3218 6
2267 4994 8
704 1451 7
2816 3277 4
2468 4373 9
2490 3011 6
1927 2347 9
718 3551 10
2225 2742 10
31 645 5
1239 1535 4
2223 2503 9
751 1873 6
3207 4271 8
1315 3301 3
3241 4206 4
2871 4037 8
1754 2726 8
523 615 9
1738 2652 9
2977 3394 7
1153 3252 6
914 4074 8
506 3388 7
884 4489 6
915 1369 10
1160 1671 4
583 4649 3
366 1315 2
2193 4950 9
1903 1987 10
891 1750 8
2952 3109 7
57 916 2
1839 3751 1
2360 4229 10
1087 4111 3
1879 2172 1
608 4680 9
281 963 1
657 4603 5
1380 4849 9
1677 4746 3
2870 3312 4
367 3667 9
511 699 10
7 1088 1
3723 4529 3
1523 1652 1
1403 3644 6
3322 4447 2
2387 3552 2
2451 4233 1
1034 2703 1
2795 4380 7
1044 4291 6
3637 3714 1
2128 4448 2
2204 3803 8
3273 3766 5
1843 3910 10
3129 4808 9
1399 2412 4
1093 1197 2
1065 3637 2
1370 3479 2
1798 2818 1
639 1564 7
1620 3643 10
710 1059 7
1484 4370 3
3610 3641 6
729 2830 2
2014 2393 9
2404 4342 6
2172 4324 9
622 4144 4
971 1869 1
3475 4505 5
2323 2987 2
2055 2789 10
1599 2189 5
3330 3767 8
56 4878 8
330 463 1
1090 3634 6
923 4137 4
6 1715 2
3667 4604 3
1958 2894 2
690 1240 9
1625 3584 5
501 1325 2
559 1855 7
1464 2952 6
3741 3788 10
3173 3964 5
1806 4693 2
1554 1853 9
1478 2961 4
697 2660 1
1360 4286 3
453 3736 9
3429 3494 9
979 1628 8
1020 2119 2
2996 4245 10
1940 2504 8
119 1352 4
548 1253 2
3288 4854 4
1943 2846 4
1 417 4
1070 2657 2
1240 3150 1
134 1978 8
515 4327 7
1685 4474 10
2458 3488 10
2368 4771 3
4414 4902 1
2911 4244 2
2459 4341 7
486 1638 7
3170 3744 7
392 3648 8
3456 3674 10
3169 3579 5
780 2300 1
559 1034 8
37 529 2
2627 2782 4
205 776 2
3883 4624 7
273 3108 4
903 3435 7
3020 4010 2
2522 4286 4
1830 3908 10
1196 4823 5
89 4209 6
1234 4891 9
1389 1865 8
283 1484 8
4155 4968 1
933 2249 10
725 765 2
3385 4807 2
1915 4316 1
4612 4749 6
1726 4746 7
403 3650 1
98 2294 1
257 258 9
1182 1667 8
2677 3100 9
4606 4684 9
298 4042 8
2283 4358 10
3126 3588 4
761 2198 8
1086 1712 8
518 3422 8
1414 3653 7
2698 3200 5
624 1773 1
1791 1831 4
2190 4229 7
689 2553 7
746 2115 9
2077 2329 2
1966 3086 6
4003 4570 7
328 2742 2
1438 4579 1
659 2347 6
3265 4331 3
268 3896 3
2303 2807 7
365 833 2
2436 4571 9
629 4245 3
2358 4722 2
1692 3219 1
3621 4620 8
428 2828 8
1080 3545 8
2273 3491 3
103 4917 5
12 2210 10
447 1544 10
1356 2699 5
4194 4546 10
345 2527 2
216 1196 10
2462 2576 7
33 263 2
903 3962 4
1682 4332 4
1970 2467 3
120 2368 5
1581 1798 8
1143 3231 10
2369 4466 8
539 4275 4
2560 3590 6
884 2411 7
2171 4139 6
1393 1795 3
366 4713 1
1739 2005 3
924 948 2
98 867 10
1754 2669 10
452 4010 8
1549 1579 5
1331 3081 1
1733 2219 4
480 2341 3
291 3267 3
2328 4558 7
2690 4859 2
1918 4924 9
2251 2682 10
811 2014 1
3129 3514 4
132 4660 6
2909 3702 8
870 4628 8
2476 3781 4
1515 4511 7
899 3341 1
433 2170 10
496 2119 9
335 4331 6
1446 2267 7
3741 3844 2
1675 2531 6
211 3495 6
724 2674 9
4004 4865 6
327 2417 9
1018 2627 7
1073 1666 9
1360 3178 1
554 3761 4
806 3845 8
3436 4484 6
455 2499 10
1188 2832 7
1654 4630 4
4844 4961 7
1159 4432 6
198 2340 5
302 2227 6
4460 4614 4
1985 3015 1
4451 4988 2
756 2181 10
2943 4931 2
519 800 10
2246 4406 6
1220 2583 2
978 1014 4
1348 2638 1
134 1810 1
549 1146 2
209 2052 2
3460 3887 7
3206 4278 10
4037 4300 3
1277 3359 7
592 2734 5
2505 4265 1
2580 3387 6
1613 3564 2
2559 4443 10
1444 2190 10
278 2689 9
1395 4833 5
3094 3113 9
1271 3357 4
1137 2380 6
2079 2147 5
1459 2715 10
1119 2342 7
1605 4663 3
698 4572 10
915 3885 9
831 1748 3
1139 2590 5
67 1032 1
899 2524 9
162 1576 9
632 734 4
1874 2586 6
811 1716 4
1970 3321 6
404 843 1
2841 4773 1
2410 4667 4
446 4883 3
186 4042 5
4572 4974 6
1713 2934 5
309 927 10
2077 3259 7
2561 4311 10
1585 4606 4
1288 2082 4
951 3604 2
274 2505 8
3967 4104 2
251 3909 10
2071 3904 4
2251 2889 9
2828 4417 5
1533 1738 5
3557 3598 4
166 1373 7
30 1066 9
2309 4522 1
728 1646 7
1892 3656 9
1976 4298 5
17 1721 3
2636 4349 1
3035 4063 9
2115 4101 1
997 2896 3
1409 2343 1
1951 3254 1
3326 4150 7
2107 3888 1
1355 2248 8
1784 3928 2
469 2558 4
574 2488 3
3311 4855 3
14 258 7
1934 2334 8
185 1636 10
2600 2680 10
3436 4160 7
213 4344 9
2617 2920 4
431 2636 2
99 2760 2
697 2514 6
1080 3912 2
481 2292 8
3226 3500 8
1829 3037 2
1349 1686 8
2667 2758 7
2519 3800 1
834 3909 2
1794 4531 7
2053 3757 8
1471 1957 4
1083 4692 4
3997 4429 1
338 2257 6
1962 3263 4
1019 1944 7
2230 3887 1
856 1317 7
955 4522 7
932 3219 5
875 2206 8
2792 4963 3
70 1444 5
1581 3392 8
1449 3585 4
864 2020 9
844 1854 6
207 800 2
10 3885 9
1335 4123 7
1865 2823 8
3354 4229 9
671 3191 10
624 1340 2
63 3842 8
76 808 6
165 4083 6
63 3395 7
2506 4690 2
2970 3462 1
583 3498 6
731 1826 8
420 1309 5
54 2275 3
2259 3456 8
348 1532 7
208 4650 8
656 2257 6
2392 3845 2
1707 3593 1
1301 4109 4
960 1460 5
3879 4389 7
3159 4957 4
3301 4800 9
2078 4299 5
2322 4040 2
1984 2687 10
700 1391 5
31 3767 2
901 4075 7
2712 2977 9
2310 3147 3
2897 4546 4
1235 3960 2
1002 3908 6
551 3660 2
2414 3081 8
61 4072 4
2430 4268 4
2926 4868 1
1384 2964 4
4215 4449 6
1163 2116 10
1934 3644 4
1087 3026 8
23 2635 7
1610 4285 7
2983 3601 6
289 3517 8
757 1214 10
3319 3511 1
3598 3776 10
44 1613 2
2124 4084 9
2821 3935 7
1376 4850 2
1439 1681 3
1078 3687 2
832 3995 4
2181 3434 10
325 1086 5
896 4775 4
1041 3754 9
1215 4081 2
4417 4787 7
1836 2450 1
218 603 8
419 2050 5
1732 2648 1
1310 3421 8
3061 3562 5
2205 2516 7
1805 3493 9
2017 3929 5
1808 4016 7
1309 1464 10
511 2111 6
1259 4872 4
1428 3756 2
1210 3666 4
3278 4251 5
757 930 4
2926 3406 10
3883 4111 5
617 3246 4
151 3245 6
934 2660 4
3070 4306 4
3882 4760 6
1039 3682 1
2744 3279 8
330 1469 1
1436 2992 2
2613 4165 6
142 3849 1
3907 4114 4
1299 2323 5
253 714 9
1784 2839 5
2707 4395 4
1395 1693 6
941 1053 10
1745 2616 3
2108 2237 6
1163 1496 6
157 4480 10
2273 4881 5
1757 3583 7
889 2798 9
3968 4659 4
2640 4531 10
4732 4770 8
1666 2034 3
263 795 1
2312 3479 9
662 758 7
513 4861 7
678 2329 4
2394 4108 6
47 2752 3
2611 4180 10
1418 3829 4
283 831 10
1213 3788 8
1865 4834 2
532 4172 1
224 525 2
4006 4810 7
1094 1383 5
1771 4981 9
3978 4682 1
2047 3176 10
3564 4642 2
1388 3325 3
963 1871 7
37 2222 4
122 4021 1
1957 4870 6
766 3022 7
2731 3941 1
3224 4791 8
2245 3224 2
2072 2928 10
919 3533 9
4409 4628 4
385 4282 3
1106 4571 5
2234 4332 6
878 2145 9
443 2850 7
2925 3915 2
2716 4091 10
1644 2498 9
3314 3728 9
2055 3855 4
2633 3943 1
1222 3487 7
958 3813 10
2446 2510 5
844 2939 3
133 599 2
2850 4749 8
3403 4291 7
3045 3960 10
210 4906 3
660 3771 10
2087 3681 5
3564 4090 7
950 3080 4
1384 2668 4
663 694 1
1503 2343 1
1473 3097 4
181 4024 6
1540 2066 8
4214 4802 4
612 4520 10
1847 4164 3
2496 3614 3
3324 4145 10
3249 4630 7
359 2468 4
1571 1905 2
255 1722 4
1109 4744 8
3019 3665 8
1334 1367 9
735 3619 8
304 4208 7
771 4478 7
1385 3723 3
1479 4860 6
1521 1587 10
3786 4994 2
454 2606 5
1030 4753 10
275 4204 5
2197 3225 2
1916 3667 10
384 2761 1
639 4653 10
1076 4289 4
1099 2848 8
980 1380 10
520 865 10
3691 4248 7
1682 2515 8
2809 3389 5
1568 2951 3
1116 3989 9
1152 3994 4
1863 3239 3
205 3038 9
1450 3604 10
1742 1936 10
2160 4386 4
2408 4623 1
1149 4207 1
69 2302 2
4 141 4
1877 4600 6
167 4935 8
1633 2435 1
733 4091 4
962 1516 4
1011 3375 1
2141 2327 8
2470 2526 5
578 4987 2
2062 2183 8
68 3008 4
534 2122 8
2141 2331 9
2989 3129 10
878 2009 5
129 2165 5
2639 4089 1
1296 1574 10
2804 4175 9
1780 3081 4
2260 3538 5
2188 2622 5
484 4159 5
3745 4328 8
1754 3909 5
2262 2629 3
1748 4440 5
851 4067 7
1943 4483 9
1727 2300 8
1685 2774 1
2026 4752 9
1186 3220 10
644 2611 2
1420 1811 9
518 2006 10
2048 2464 6
1962 2619 5
817 2276 9
1554 1789 1
965 2059 3
2498 3508 9
3055 4547 10
4214 4686 2
244 2474 4
1944 4686 2
2378 4849 2
1577 1705 8
261 4329 2
1424 2737 8
187 4523 9
649 3916 7
2518 3371 9
2506 4674 8
1036 4228 1
294 3168 8
1961 2786 3
754 2317 6
2657 4369 1
4083 4266 6
1674 3966 4
705 2083 4
63 3701 6
2354 4725 6
2476 3976 8
1561 2522 2
2862 4223 6
4177 4333 1
656 1581 1
208 1146 3
3524 3543 5
2264 2345 7
1845 3991 4
150 3911 2
3381 4799 9
110 3176 6
2952 3405 10
1327 2525 5
2115 3467 5
4751 4759 6
4176 4601 9
1856 4336 2
2005 4242 5
381 3421 10
985 1122 10
158 2883 1
611 1269 9
1897 3128 9
1644 3816 10
1158 1965 7
2956 4429 6
269 752 10
3795 4226 6
1265 2627 1
382 437 4
19 1787 8
1023 2767 4
1353 1728 5
4222 4765 3
1869 2615 3
1011 1524 10
603 2464 4
3405 3701 2
2352 2673 6
2037 2753 6
2819 3719 7
1494 3845 10
2422 3761 8
2636 2657 9
825 1603 10
2829 3442 4
3505 3714 6
2621 2641 9
1014 2251 5
2630 4104 1
4765 4855 3
1370 2016 6
2878 4780 9
3838 4684 6
1077 4109 2
4201 4204 5
2842 4147 3
132 3031 10
346 786 3
540 3592 5
3911 4253 3
1688 2280 1
412 2099 10
2010 2545 6
259 807 2
249 1792 1
267 1226 5
2283 2644 7
908 2868 10
983 1333 4
88 2223 4
700 1332 9
864 4814 10
1271 3702 1
3425 3502 10
1303 1550 10
616 3179 6
1183 3197 10
1492 4118 8
417 4469 9
2330 2475 6
590 4584 6
1580 4981 9
2750 3888 7
188 3820 5
745 1990 2
1605 2707 4
3388 4504 3
2369 3686 5
1443 4711 6
3135 3379 7
1787 1832 3
177 3557 7
2233 3435 5
333 3476 2
4357 4629 10
960 1269 5
2087 4057 7
904 4442 10
4069 4109 7
2550 3900 1
883 3867 7
4158 4251 4
466 3575 7
1142 2562 1
2491 3441 4
2408 4975 10
1874 3757 2
4011 4295 1
1563 4245 1
255 1156 8
3373 3915 1
1590 3181 8
562 3492 4
1232 2161 7
138 2971 4
404 1341 3
552 2229 8
217 3474 10
241 633 5
797 1513 8
2071 2957 10
1503 3793 6
1967 4660 4
355 589 1
726 3903 3
811 3193 1
4025 4867 10
2336 2338 2
707 2361 6
2722 2815 8
1561 2226 2
659 4006 9
1506 2377 4
613 2716 2
1141 3795 4
372 2004 2
953 1829 8
1664 2510 1
2556 3605 7
3666 4328 6
448 3866 9
1227 4882 9
1764 4682 8
2627 4481 9
2364 2610 4
363 2122 3
1118 3965 3
159 3745 2
2082 3330 4
1953 4027 5
89 4710 3
1201 2691 2
2336 4074 7
645 1951 1
2433 3507 6
209 4465 1
1067 4216 6
673 4863 7
245 2405 8
2295 4283 1
40 810 4
270 967 1
2838 4747 7
2435 3472 1
45 3165 2
386 3684 7
1896 3276 4
1181 2396 4
2772 4898 7
765 4703 6
2780 4479 2
2038 2894 4
930 1057 2
657 3212 5
3122 3698 7
4105 4734 1
1847 3812 3
1467 4731 6
3303 3982 7
1368 3407 7
1292 4525 5
1272 4496 1
529 4777 8
219 1118 10
1813 3842 1
718 4771 10
1147 2662 4
184 298 6
216 3135 3
40 2972 1
3830 4161 9
1309 2187 5
1934 4907 5
4836 4857 1
153 3310 2
1519 1946 8
3874 4517 8
3051 3573 9
428 2713 3
3309 4925 1
275 1694 9
2707 4416 9
3403 4289 10
1557 2391 1
612 4883 4
874 3750 1
2764 4722 8
3385 4288 7
1228 3764 2
1816 4606 1
968 4181 9
243 3064 6
623 2796 2
3802 3886 1
470 3871 3
2377 4239 1
3661 3897 6
620 2360 4
1196 2920 1
4129 4364 4
3388 3683 9
425 1903 10
3489 4146 3
1073 2202 5
4267 4832 5
1476 1685 2
415 1300 3
1451 1543 8
1554 3022 9
2944 3819 5
2637 4319 10
680 1125 6
2666 4365 3
1693 4249 7
2991 4821 5
2474 3021 10
38 4946 4
1985 2430 9
649 3920 7
50 1686 4
3218 4922 6
1466 3209 7
2014 2436 10
1183 1494 8
395 4724 6
2984 4345 8
1947 4985 2
2067 4294 10
500 820 10
2204 3990 2
697 1596 1
1286 4222 3
1916 2281 3
1311 2952 9
1229 3485 1
2029 4734 9
2864 4181 4
919 3126 1
3078 3910 10
518 3347 3
2597 3396 1
1713 2797 2
274 4871 8
1948 1957 1
2472 3393 3
145 3202 2
1808 2939 4
1470 1680 10
419 2195 9
625 4514 9
391 1431 7
684 2289 7
104 4246 9
991 1657 4
569 697 5
431 3249 4
2696 3649 1
41 1074 8
1552 3498 6
3193 4643 2
2052 4529 3
820 1575 9
185 4574 6
4268 4330 3
2477 3499 4
2433 3811 6
734 2291 8
20 2997 3
643 1985 7
501 1601 3
1171 1781 5
437 1540 3
1023 2300 6
3296 4146 9
4025 4626 10
3074 4763 10
1107 3635 3
2258 2416 3
901 1606 6
2968 4511 3
1242 1408 5
1571 2104 9
59 2497 1
30 1897 8
2289 2687 7
1820 3582 8
105 2294 9
319 1458 6
2576 2686 9
3429 3808 8
218 3932 5
4866 4893 1
1317 3231 9
2440 2549 7
2942 4011 1
2476 4352 7
159 2296 2
545 2451 7
1039 2212 3
384 1539 1
1520 2316 10
2000 2934 8
645 3891 9
750 4466 1
710 3640 4
767 2975 9
1693 2448 1
1900 3608 4
1407 3934 9
322 1082 2
1235 3424 7
1442 1835 3
2407 4050 3
1443 3301 6
511 3687 8
1262 3265 10
873 3759 2
3986 4624 10
1491 1644 3
2026 3023 10
2337 4171 10
3538 4797 3
2155 2181 8
281 332 3
960 4808 4
370 928 4
1271 4923 9
2116 4137 6
178 609 8
489 3744 3
383 2479 3
2695 4900 6
392 2593 7
2372 4447 3
1087 2997 10
3667 4795 4
1870 3788 9
819 2455 6
857 2602 6
272 540 4
2726 4881 3
2071 4090 6
940 2942 2
1184 2214 6
266 1171 2
2191 4786 3
1263 1393 7
1792 4043 1
561 2247 6
2754 4640 8
1364 3742 6
2417 2760 10
1336 2810 7
571 3159 9
515 1453 3
3350 4125 6
225 428 4
2327 4154 5
1896 4700 7
2247 3747 9
544 1380 9
989 2054 1
2558 4190 9
1838 2603 6
4284 4682 9
1036 2148 10
1625 3036 9
1395 3265 10
921 2245 9
1936 4040 4
2210 2502 6
2681 4189 4
791 2260 8
566 4377 10
1401 2712 9
309 2381 1
2910 4721 2
3407 3440 6
1954 2611 8
125 2248 5
1182 2680 3
2009 2702 8
1588 3454 8
3352 4713 7
69 348 7
1112 3932 1
77 744 1
1554 4026 10
245 4872 3
2454 4925 5
1501 2648 4
562 1599 9
1573 2349 9
1146 3670 2
2767 4980 2
722 905 9
1642 3360 1
405 4653 4
1168 3343 9
43 398 1
3242 3890 5
596 633 5
700 1646 8
3140 4492 2
235 3360 1
640 2023 4
462 1242 5
587 710 2
483 626 3
429 2611 4
3306 3433 10
1144 4277 9
770 4113 4
1561 3106 2
3860 4386 6
571 4341 6
2128 4233 10
1971 4149 6
3684 4476 7
315 674 7
914 4566 5
98 1341 3
1554 1780 10
3643 4754 3
2287 3581 10
1738 3727 1
225 3659 7
1310 4542 2
202 1217 3
115 2272 8
2585 4486 5
594 980 1
2619 3992 3
202 3824 5
290 2848 8
23 3485 8
217 3669 8
1822 3021 7
167 1329 6
1987 4369 9
4655 4857 7
2280 4806 2
3080 3099 4
2442 4111 3
1628 1739 7
954 2092 1
2248 2334 10
385 3524 4
3507 3847 3
2334 4070 10
1480 4953 4
2061 2466 7
59 1267 9
2222 3336 5
1208 2608 4
1519 3812 10
1031 1229 3
3069 4603 8
1725 4946 8
1844 3421 9
532 1281 2
1398 2629 6
505 2058 8
2269 4173 5
3735 4563 1
1316 4724 8
1970 3775 3
1209 1225 3
3266 3481 4
2261 3651 3
1192 2319 7
975 1019 7
1904 3449 6
2994 3663 6
304 838 5
701 3639 7
2028 3045 9
368 1406 10
122 135 9
2734 3581 5
534 2038 2
213 1275 2
249 255 9
479 3532 4
302 1809 9
4638 4832 4
651 3093 2
3041 3084 1
1525 1564 1
288 3811 5
3268 4537 10
1897 1955 9
3269 4144 4
1731 4942 5
1318 3468 1
2612 2721 7
863 1291 3
1407 2607 7
2874 3898 2
302 2338 5
758 4742 9
880 3336 7
81 2877 7
381 2255 1
2354 2587 5
449 2887 5
298 4231 6
3312 4332 10
2283 3888 5
417 4668 4
3816 4456 1
1633 3208 8
1240 2054 3
3217 4891 9
175 1319 10
931 1622 8
1795 2064 4
625 664 3
2511 3946 7
634 3064 9
442 544 4
2551 2699 1
4739 4961 3
676 1913 4
3437 4815 3
123 3579 2
708 1393 7
1280 3175 7
2490 2753 7
1074 3603 9
1699 2387 6
3355 3765 10
68 3267 9
1253 4686 4
4208 4861 8
369 4864 7
189 970 2
1245 3070 7
90 2645 4
2782 4002 8
368 2956 3
1238 3725 1
468 3576 5
1851 2873 5
31 2338 10
3730 4880 5
3663 4809 6
1379 3876 5
1617 2008 5
1582 4761 8
2376 2562 5
1356 4910 6
240 4375 7
1301 1472 7
2752 4436 6
52 2158 6
1890 4576 3
4260 4836 7
947 4338 2
682 4631 2
1857 2108 5
510 1550 1
1853 3345 8
2071 3787 3
269 1977 2
2490 3686 6
3394 4025 1
4211 4518 1
276 3713 9
361 3642 9
455 1880 6
1237 1677 1
1835 4000 7
3909 4554 1
275 1200 10
2062 4442 2
292 4458 9
231 1784 5
3296 4633 5
2940 4044 9
2148 4495 7
1024 1239 2
1261 2701 3
329 941 8
286 2228 4
2675 4554 1
2371 3989 1
2540 3441 4
3660 3795 8
938 2583 3
2687 4841 1
19 2456 9
405 3115 1
3481 3931 5
36 1072 3
514 850 4
2126 4736 10
2422 4281 10
1512 1633 8
1960 2100 2
10 2207 5
1834 4509 8
999 4625 6
416 3762 10
2669 4140 7
729 824 9
1119 2463 2
1369 3570 4
245 1174 10
1692 2337 9
19 4821 5
2458 3208 8
2459 3413 9
3965 4932 1
2376 3347 2
578 867 10
216 1266 9
96 2458 6
2632 3084 1
240 1685 6
2689 4337 10
2747 3269 9
2913 3134 3
3080 3348 10
1578 2401 9
572 944 8
4 227 6
1073 2072 10
2390 2693 3
1801 2567 9
1189 4307 6
326 3206 2
1399 3635 8
312 1647 4
1069 3479 9
635 2309 9
2794 3125 9
1195 2382 2
3912 4029 4
1401 3685 5
3908 4326 8
700 3655 4
1942 2422 5
869 2047 5
3249 3662 7
3458 4940 10
144 219 9
2546 3975 6
1284 4676 6
612 982 5
3120 3595 9
867 4192 7
2172 2618 9
2373 3857 7
528 4946 1
2360 3899 9
2298 4149 9
1990 3685 6
2120 4585 5
351 1184 4
851 3286 9
1568 1668 1
2698 2813 9
2997 4065 7
2928 3127 7
687 2469 8
3820 4557 10
1230 1716 9
511 4427 6
1251 1542 2
2978 3798 8
639 3889 3
574 1506 1
4287 4466 3
2795 4587 4
1791 2162 7
70 1324 10
2760 2909 6
1334 1877 1
2391 3591 8
2122 2599 7
1913 3127 4
2256 4274 3
2308 3386 3
2708 3675 8
1794 4233 2
2280 3344 10
3978 4073 3
143 1758 2
1083 2417 10
2013 3907 5
2820 4970 7
3586 4777 3
700 3975 9
1632 2244 8
231 3477 1
955 4422 7
2751 2862 5
438 4522 4
1409 1897 8
2374 4840 2
4238 4360 6
942 2088 7
2244 2829 6
1782 2939 10
174 2345 8
2806 4385 6
711 1968 3
557 3034 7
1583 3567 3
1056 2028 10
11 2373 3
561 4247 10
2624 2633 2
1293 1768 6
2676 3995 10
1998 3089 3
874 3163 10
284 3982 9
935 1171 10
932 1416 8
1594 3147 1
3586 3795 3
2621 4144 5
1081 4814 7
146 2121 10
915 3319 10
1703 4510 7
1087 2505 4
1700 3383 7
43 3358 6
812 931 4
3058 4596 5
3871 4363 1
740 1324 5
968 2857 3
1756 2725 6
469 4930 8
2629 3479 3
537 1061 3
4338 4469 8
1208 4522 5
282 3698 1
695 1806 1
2490 2873 9
2378 3917 6
432 649 2
3024 4797 1
3744 4239 5
1068 3882 2
922 2271 7
2968 3824 6
551 4116 3
485 3113 9
799 3817 4
1275 4036 2
1950 2256 10
411 2027 2
162 782 8
2520 3402 9
381 783 3
3205 4632 2
745 2244 3
482 3023 2
2052 3460 8
388 768 1
1492 1771 5
598 4283 3
2167 4092 5
129 2078 3
1255 1546 2
2609 3757 3
1107 2806 8
2001 2672 3
3255 4596 1
142 495 1
2433 2971 2
2566 4170 10
2900 4259 9
184 784 10
625 859 1
2205 2480 1
420 656 8
630 4607 3
4615 4924 7
4583 4761 1
361 440 5
96 1635 4
2569 3072 3
524 2767 10
1689 1861 5
2187 2910 1
2249 2340 6
1064 3083 4
1058 3207 6
3218 4847 8
1291 3076 1
2187 2474 1
764 4357 8
3643 3989 4
787 2963 5
1011 1195 2
1424 4067 7
835 3709 10
999 2424 7
1595 4326 2
3285 4086 7
1661 4196 1
1038 1171 6
3485 3898 5
2805 4705 10
1532 4469 3
1189 2389 7
294 3853 9
262 4275 1
1682 3112 2
1967 2244 8
601 2330 5
1734 3633 1
653 2810 4
2688 3118 6
1429 4878 1
1276 3808 3
2622 4215 1
221 2245 10
148 1890 10
2299 2357 2
726 1161 7
388 3985 2
1774 2645 2
1145 1782 7
142 3321 10
824 2465 3
1708 4098 6
954 3864 9
2555 3752 5
2444 4899 9
3147 4809 1
3047 4579 1
781 1202 9
1016 1914 9
2451 2727 8
154 3918 7
2274 2525 8
2186 4395 9
1474 3373 2
369 3859 1
1647 2000 10
894 2679 8
1139 2546 10
771 2162 9
1081 2252 7
1768 3414 5
5 3568 1
74 919 1
333 3127 3
3191 4541 1
617 1220 10
143 4930 6
49 2217 3
710 4309 5
3946 4374 10
763 1390 9
1590 4694 3
318 4694 10
2580 3675 7
69 3771 4
297 3439 1
1149 2174 9
666 1343 3
673 4289 7
646 2492 4
4073 4449 9
715 4190 9
381 1350 10
593 641 10
171 1981 2
2411 4798 1
2124 2782 5
3001 3434 3
496 4744 5
2204 2644 3
837 2458 6
1381 4152 2
3336 4713 9
893 3501 10
3085 4898 3
1059 2059 2
171 4721 5
1566 4522 8
3035 4112 10
332 389 8
2943 4415 3
1207 3117 6
514 4637 8
2101 2670 4
27 2830 6
2013 4235 6
2785 4082 10
693 1905 2
1086 1724 3
2514 4103 10
2234 3671 3
72 4824 8
479 1559 8
1787 4009 4
701 2628 9
818 1425 4
796 4950 7
401 1865 6
3509 4079 10
4221 4409 7
685 4318 2
598 2437 4
2055 2152 3
1045 2432 1
597 2426 9
77 300 5
2089 2547 10
249 2402 1
1529 3487 8
1111 1297 5
1299 1397 9
360 943 9
1946 2072 6
241 3525 6
2046 4019 3
843 3740 6
400 3000 4
4429 4661 4
4142 4255 4
15 638 8
1366 2989 10
492 2575 6
243 1390 5
2601 3832 1
244 2858 4
1226 3699 4
1061 1363 9
363 4158 6
1666 3791 10
1085 1645 1
2339 4438 3
2380 4245 4
104 4584 1
1118 4353 2
1794 2883 10
1141 3666 1
1779 3509 7
2644 4934 5
708 4549 2
2265 4163 3
4080 4433 10
2449 3179 9
800 3454 2
1323 2031 8
383 2108 2
564 2403 5
3902 4784 4
498 1722 3
186 4061 2
1843 4617 3
672 2436 5
247 1782 9
2340 2435 6
4451 4965 4
1060 3516 2
599 2247 8
3673 4235 7
4238 4570 8
985 4009 4
4175 4814 8
655 1458 2
418 1501 10
3672 4651 9
1885 3526 1
3269 4416 6
1092 2734 4
194 399 10
2756 3006 8
983 1684 2
563 2099 9
2451 3490 2
2164 4716 2
1271 1625 1
2445 3208 7
2731 3507 4
851 1287 3
1544 1997 6
1634 3915 6
101 195 3
1073 1790 3
640 1166 6
1017 3468 4
1645 4755 5
1942 4834 1
1135 2927 8
852 2314 9
3530 4892 2
690 4907 3
117 4097 3
1125 2917 7
1005 2264 1
1251 2842 5
2499 4444 5
2041 2257 4
1222 1410 5
4473 4731 10
694 1030 7
1368 4551 4
1381 4951 8
245 3795 4
1459 4254 10
177 1027 1
3780 4815 3
1023 2409 2
63 1643 7
1229 2836 8
60 332 6
797 3491 1
1956 3608 8
1563 2487 5
2570 3555 1
152 2378 10
739 4388 4
1842 2526 10
184 4212 4
1362 3873 2
2374 3098 2
2 733 2
1784 3653 2
143 4698 10
70 2352 3
1809 4854 7
241 1120 10
1484 4864 3
1045 1703 5
899 2346 10
2 4759 6
1193 3555 1
1665 2738 4
1607 2492 9
67 1921 9
2045 2816 2
336 2282 1
1181 1511 7
1006 1441 9
1656 3075 2
1367 1995 5
221 606 8
2216 2588 9
814 2077 10
2346 3416 2
3194 3956 9
2571 3483 5
215 3476 9
890 3935 8
43 3944 5
1224 2173 1
1403 1645 8
699 3129 2
655 724 1
1039 3637 2
3775 4480 4
687 2739 5
233 2551 2
2050 2590 6
1415 4537 10
1947 4181 6
1940 3569 10
1046 2208 10
1886 4430 9
4105 4714 7
560 1217 1
2090 3519 2
733 3016 8
587 860 7
651 1572 3
1106 2507 9
274 2751 2
1138 3941 9
2406 4634 4
1507 2311 8
553 1314 2
1061 4611 8
1738 3470 10
1533 2454 9
2798 4087 2
1057 4257 4
134 5000 10
3799 3860 8
1745 2797 4
217 843 8
1283 4750 8
1461 3917 10
1488 4562 1
3757 4238 1
375 895 2
1076 3117 6
3151 3554 9
3701 4854 4
1109 2880 4
1332 4971 10
839 4332 5
2678 3029 2
304 518 1
2777 4883 6
2404 3041 2
558 4664 10
3281 4451 7
2601 4088 1
2205 4813 8
613 2260 3
823 1364 7
1489 3240 5
1675 4382 8
1 627 6
1641 4247 9
433 812 9
2383 4488 1
52 298 2
1025 3649 9
1885 2507 4
2772 4874 5
2106 4093 10
1749 4492 1
628 1877 4
257 3470 8
459 774 10
3896 4393 7
428 2559 7
247 848 4
692 4072 5
1285 3670 6
2135 3990 7
2062 3044 1
2436 2705 9
2812 3584 6
1618 2708 10
3563 3661 4
609 1767 8
2830 4846 1
3157 3840 4
2796 4612 5
267 668 3
2970 4456 4
605 4414 7
1010 2354 3
2913 2926 7
2468 4370 1
686 4179 6
1712 2527 1
1661 4125 10
2680 4006 7
503 3251 8
350 4161 9
1717 4823 1
1381 1615 8
445 2986 4
1466 4549 6
3301 3742 10
11 1140 7
2204 3580 8
4807 4867 5
1462 2904 7
1026 2564 7
2341 4472 10
1730 2942 7
1321 1902 4
2275 3687 2
2795 4714 8
20 1096 9
3072 4836 10
2618 4660 9
4004 4965 10
3780 4708 4
3460 4958 7
2555 4201 3
1112 1774 3
2015 4974 3
993 4320 6
1344 4435 1
1109 3196 1
1489 1782 7
3079 3201 1
692 1862 7
3253 3374 9
3390 4195 8
466 3786 8
4599 4994 5
860 2625 5
2485 4919 8
397 1038 7
313 769 8
683 3540 10
996 3991 9
381 920 5
1501 4723 5
1858 1863 10
1553 3396 2
782 4613 4
1450 2215 10
1878 2421 3
1738 3246 6
84 3304 4
2701 3508 5
2624 3973 2
2717 2759 7
2906 4744 1
2195 3664 4
281 4202 10
3265 3858 2
2779 4079 3
1125 3753 5
1448 3831 8
1050 4724 5
110 711 1
1788 4627 3
1829 2244 2
1025 1980 7
2805 3034 5
1886 4659 9
1576 2675 6
38 4869 2
1899 2317 7
2168 3817 6
2240 3958 6
1589 3286 2
2620 2927 3
930 1631 6
1061 1325 10
1006 3004 8
1769 2430 9
714 3542 8
1304 3966 1
3283 3796 5
348 4907 3
408 2649 5
64 3458 3
1764 4887 10
488 967 3
1802 1989 6
3475 4903 1
262 688 2
1667 2023 5
317 3291 3
4290 4389 6
4668 4721 3
2416 4788 3
1947 2761 10
523 2354 8
3711 4563 10
3973 4864 7
1052 3919 3
987 3743 8
1161 4677 5
1196 3870 7
1433 4100 9
3283 3741 2
3019 3380 10
467 2022 4
555 2357 3
2302 3992 3
1345 1645 3
1777 4739 7
3125 3274 3
1235 1644 8
882 3901 8
1404 3504 10
1459 2782 8
315 1554 2
1794 4332 1
2582 2715 3
1887 3864 2
2763 4400 5
2850 4796 5
3047 4241 6
1871 2322 3
702 2117 3
1165 4277 3
60 3568 4
1783 3235 10
1092 1147 2
864 1488 7
3941 4481 4
2766 4369 6
1434 2669 3
2387 4345 10
337 4358 7
2697 4988 4
305 2428 9
1180 2972 2
2569 2667 1
624 1949 7
2965 4458 9
2152 4562 7
1836 3423 8
707 4732 4
337 501 3
3131 3805 3
2349 2879 1
118 2215 5
1406 2011 6
1661 3966 10
3033 3174 10
1752 3563 7
1753 3557 9
2294 3230 1
416 822 8
2069 4089 1
2365 4903 7
1624 4472 1
3869 4919 2
3433 3711 4
1337 1814 4
1749 2211 1
2739 3063 2
1572 2641 2
736 4308 6
655 999 3
2861 3062 6
1952 2985 8
927 3612 10
1861 3929 7
2006 3074 6
103 3506 10
961 3666 3
3103 4966 3
1000 2209 4
1348 4907 8
1742 1837 5
598 4308 5
1629 2426 8
3288 3291 1
5 3423 3
298 723 2
939 1312 2
3005 4199 5
367 412 7
1579 1701 8
3232 4690 1
1394 2090 7
2658 4117 4
546 1650 7
1511 4742 1
1778 3643 3
2444 2737 9
2541 4572 10
999 2753 7
3254 4200 4
1159 2019 8
954 1241 10
43 3088 2
1708 2527 2
3548 3597 8
1128 1530 5
1789 4244 7
1596 2007 6
556 2463 5
2115 3125 6
960 3225 7
206 1273 3
1873 3844 8
171 187 9
783 1622 7
385 4218 6
425 2463 4
714 1680 2
3084 3280 6
3059 4758 6
451 4567 6
1551 4425 1
2028 2570 1
3484 3963 8
2168 4111 7
805 4620 9
3403 4989 10
1650 2523 5
1005 1451 8
3555 4265 6
2186 2736 3
239 2850 10
509 3266 10
602 1874 4
2070 2970 8
673 2455 10
1222 1453 6
1972 4960 8
2794 4728 9
801 1642 2
1556 4107 4
3398 4467 8
2214 4660 7
1999 4584 7
2091 2195 2
1210 2433 7
2669 3586 6
131 4506 4
744 2219 3
4769 4825 2
1025 2561 7
661 3501 2
1108 3014 4
371 1459 5
1959 3129 4
860 3989 5
3160 3811 2
2412 4808 5
79 4595 9
1022 1765 5
2272 3714 2
2440 2712 6
364 3162 8
279 2144 9
2676 3993 7
1248 1286 5
1880 2289 3
2289 3561 4
496 1239 5
713 1529 9
1138 4400 5
3766 4628 10
1546 4261 4
2867 3015 5
41 4259 3
798 1852 2
3713 3859 6
388 559 9
1615 3139 2
731 1399 6
2651 4587 3
817 1948 2
3100 4119 1
701 3155 9
991 3381 4
976 4450 3
2943 3538 8
56 4737 5
2234 4689 8
2579 2899 3
3945 4430 5
1231 3876 10
209 2824 6
2170 4699 7
153 4660 7
385 3054 10
833 2870 6
1181 3483 10
2349 4909 5
1413 3886 8
1560 2470 7
3732 4390 1
550 1867 5
461 1972 7
1047 3131 9
1417 3365 7
2460 2773 3
1052 3365 4
4131 4862 5
3176 4183 1
4066 4246 9
1128 1845 4
350 1233 5
317 2800 7
640 3683 9
1824 3507 6
166 4964 5
1958 2803 3
2458 2675 4
2708 2862 1
2311 3719 6
2638 4479 7
279 4568 4
946 2479 5
2471 4215 3
1691 2570 9
1252 4636 2
2648 4347 3
2613 3441 1
911 4321 7
2482 2714 6
964 3046 7
1072 2945 8
1869 4333 4
1088 3739 6
368 419 1
147 1124 8
2571 4067 4
1031 2321 7
2191 3573 7
1079 2320 4
2491 4003 4
128 1256 6
192 558 5
2905 3939 9
977 2249 7
2014 2851 7
314 1831 7
2192 2971 1
729 4706 1
1556 2056 2
1460 3275 4
395 2208 3
3986 4491 8
783 2118 5
1151 2822 2
4188 4456 10
3888 4376 7
1014 1328 9
2073 2359 9
635 3265 9
1128 3094 2
3953 4897 3
1400 1993 7
1387 3161 2
643 792 6
1469 3558 2
1287 1487 4
1419 1773 4
3069 3917 1
1263 4017 4
555 2824 9
1643 3038 2
456 3104 3
2693 4661 2
2007 3724 7
923 4741 7
2642 4101 1
807 1131 2
353 3260 4
846 4767 2
407 4190 2
1444 3101 10
2464 4084 6
236 3031 8
2000 2023 4
8 626 7
569 1963 3
899 3356 9
1492 1772 3
2452 3595 3
2284 2350 7
3102 4163 1
553 3971 1
3234 3763 1
1357 3770 8
1132 4628 2
1629 4902 1
2269 4875 9
977 2889 1
3027 3489 7
93 890 6
1115 3476 3
4296 4318 9
50 4814 5
1383 4728 8
2953 3157 2
1317 4314 4
2447 3948 10
423 897 8
3486 4586 2
366 4011 3
19 149 2
2203 2213 9
2107 2856 5
469 1430 1
450 1852 8
2344 2412 10
801 3950 2
2699 3483 8
2035 3219 7
1285 4446 3
1061 1500 10
2893 3998 4
268 2473 9
2865 3462 6
364 4390 9
2260 2857 3
2392 4734 1
2932 4024 6
1237 3719 3
807 1793 6
4189 4574 6
2044 3963 7
3698 4117 3
3126 4454 10
644 1360 7
1512 1867 9
2855 3172 5
1665 4647 10
1678 3887 3
290 472 4
263 4555 1
333 1270 7
4423 4661 9
401 4411 6
2554 2834 6
370 1066 6
529 3331 8
3395 4423 3
1721 4884 7
3670 4165 7
1198 4284 5
735 3084 2
3046 3960 7
1395 1621 5
2214 2434 2
267 1238 1
3865 4634 3
155 4406 8
2957 3958 5
4063 4719 6
223 2734 4
568 4472 1
2417 4995 1
2287 4449 10
2743 3919 4
1267 4882 7
393 4259 2
1707 2960 5
2388 4974 1
828 3642 4
1414 3782 2
1209 1568 4
2082 3526 1
246 280 9
892 2756 10
1353 4421 6
433 3856 7
3134 3504 2
1654 3166 6
410 3857 3
3870 4396 3
393 931 9
3679 4436 10
2296 4526 9
1333 2815 8
877 3174 10
1177 4841 4
2884 2958 1
1201 3056 2
2017 4637 3
1252 2023 7
527 3160 1
592 3004 8
140 1869 4
3130 4989 5
2535 4766 6
1593 1971 3
1285 1437 3
2218 2856 6
1263 4696 1
620 1008 4
758 803 6
434 1754 4
3541 4913 10
3223 3603 2
1254 3810 1
3765 4024 1
2457 3218 4
290 572 7
3777 3897 1
2100 3675 1
269 3266 6
2568 4959 9
760 3856 8
2436 4925 4
844 4339 8
376 796 2
364 967 10
2600 4475 8
3735 4225 3
3505 3570 8
636 1477 2
1251 1359 7
1078 1188 2
910 1363 10
2118 4204 2
659 4148 7
681 1755 3
1056 2851 10
941 2284 5
1721 4307 9
2790 4898 4
39 480 1
3399 4868 9
2963 4271 3
1806 2149 9
3085 3562 3
178 2560 5
537 1466 2
504 1823 6
301 3643 3
739 4267 1
877 4169 3
2039 3622 5
142 4990 2
73 3759 8
2034 3034 10
3475 4241 9
2213 2609 8
556 2629 3
42 1712 8
576 2589 9
2300 4884 5
79 4109 9
3125 3614 5
352 901 4
927 1412 9
2191 3903 8
1241 4487 1
3507 4514 7
3582 4676 2
1189 1624 2
3377 3467 7
1670 3151 8
319 1133 2
2659 3437 3
3160 4975 9
201 2987 8
335 4257 2
1756 2998 10
1098 1720 3
275 3881 5
2501 3899 2
2581 4048 5
3263 4792 8
1281 3852 5
1623 4849 7
1278 4644 10
3642 4938 7
1745 2636 9
501 4917 10
1136 2100 5
3049 4208 6
3498 4407 6
970 3496 6
594 2523 3
1087 1885 1
1698 1829 9
653 4448 4
30 3629 6
23 3990 5
2020 4596 3
1544 4129 3
2010 4921 8
79 4408 5
175 1600 5
1245 3013 6
972 2048 4
2657 3834 10
1912 3766 7
35 1938 1
3499 4655 8
2652 4518 4
497 2463 7
1013 4728 7
2846 4678 3
1078 4022 2
2234 4814 8
1268 1929 1
311 2290 2
1589 4596 9
1782 2269 7
1736 3336 7
2353 4748 5
69 4514 2
2675 4328 9
1038 1785 8
2238 4969 5
11 1252 5
3445 4134 8
1880 2931 5
1842 2575 6
1675 4378 5
1924 4466 4
717 1371 2
1583 4206 5
2652 4309 7
1753 4588 7
539 4488 4
3177 3588 5
1536 4470 2
4335 4445 9
955 1028 8
1804 1861 9
2261 2998 1
2819 4403 9
2317 3420 3
830 4375 9
3270 3701 1
1123 4290 5
1636 3269 10
777 4025 2
1599 2299 1
262 943 8
1110 4434 7
1195 1727 1
527 1308 8
1615 2044 4
922 2653 9
182 2731 8
2120 3242 5
2507 3835 5
1715 4733 5
956 2036 6
1469 3874 1
804 3083 6
2361 3405 4
2312 4811 2
2932 3666 1
3721 4270 4
967 1294 5
1602 2058 2
1187 3532 7
561 977 4
435 1400 2
3546 4837 4
1848 4773 7
2477 3551 4
296 3970 5
2521 4422 8
1145 3724 7
1993 2316 1
818 1100 7
676 852 3
1781 3059 5
1974 4493 5
671 4178 5
2594 3779 5
4456 4766 10
3395 3822 10
1615 4381 6
1226 2367 10
831 2526 8
1167 4428 7
3675 3727 7
741 1333 3
814 4438 9
2273 2288 6
1452 2096 9
523 2368 3
871 4203 3
1941 4329 6
1095 1323 10
4217 4503 1
2235 4470 7
92 1274 3
2996 4864 2
115 211 9
3417 4479 10
3483 3895 4
1460 2310 1
1725 3582 6
243 782 8
1004 2331 2
1579 2088 10
272 1264 9
2537 4466 5
2884 3723 2
3481 4939 9
642 1707 9
3520 4464 10
1824 1879 1
1107 3970 1
1653 1876 5
1213 1462 8
1224 1566 5
2045 4278 8
1136 4668 7
110 2303 5
1218 1564 5
1530 2000 7
1737 4151 8
1531 1863 3
1814 3354 7
1251 1421 1
2449 4808 1
641 2495 10
1384 3744 1
1428 1749 7
1037 2302 8
1186 3337 3
910 3971 8
572 763 10
725 3595 5
1091 3686 5
1103 2220 5
1543 2599 7
1493 3551 7
2273 4371 3
567 4503 1
626 1783 6
1595 1680 4
2340 2429 5
1106 3640 4
4146 4615 5
3807 4025 4
1330 3207 10
3459 4769 3
3194 3311 5
791 3368 2
1428 4132 2
1023 1967 3
1509 3555 3
1419 1708 4
3070 3296 3
1539 3285 7
2103 3281 7
1898 1909 1
1375 3151 1
470 3754 6
1444 2413 4
1293 1435 10
822 3225 7
310 1282 9
1112 3123 9
1544 4526 2
2835 4192 8
4051 4343 3
935 1051 7
1299 2336 7
631 2026 7
3208 4937 1
452 468 9
3003 4403 3
665 2752 7
586 4770 10
1222 3956 4
1056 2015 3
1270 3770 1
2477 4172 6
1978 2755 6
1857 3947 7
1397 4137 4
3063 4313 3
400 1214 5
1751 4099 3
1336 4567 3
1058 1618 8
768 3403 2
1053 2686 1
807 2684 10
486 4553 3
873 1445 5
2182 4678 10
783 4797 4
1749 3891 1
3833 4930 5
1669 2969 5
1701 3011 7
497 1705 6
2491 4067 1
2852 4730 3
1933 4734 10
2346 3687 3
457 2784 9
2092 4060 8
188 1291 8
24 4428 1
1167 2007 1
24 1085 6
874 2669 1
77 561 1
1831 3912 9
324 2143 9
436 1002 5
402 3962 5
2849 4515 4
327 1337 2
3724 3994 4
2465 3683 3
1991 4768 5
355 1289 5
3505 4638 1
781 1015 5
2858 3212 8
117 3747 2
750 1284 2
1080 3519 4
659 2439 9
721 3677 1
3964 3981 6
3078 4776 6
411 4759 3
2314 4602 2
185 1592 8
3403 3906 6
378 4003 1
913 3604 5
145 4628 6
1040 1059 10
2749 4034 3
211 1127 2
618 1429 4
2851 3841 8
345 1342 9
1595 4576 2
894 1892 5
1793 4409 2
716 4806 5
185 3913 3
262 2131 8
3327 4945 7
1350 3550 2
1335 3308 3
1460 3310 8
3090 4542 4
1108 2862 10
275 1352 4
1836 2125 7
301 1354 4
3596 4771 4
1685 2269 2
701 3863 9
2086 2510 6
863 1687 5
826 1675 2
166 3119 10
1438 3560 10
1037 4028 1
2157 2348 8
951 2498 1
3515 3756 2
4149 4374 1
269 2105 7
1208 2912 2
1120 1866 9
344 1165 10
1668 3728 8
607 1746 8
1848 2292 5
1543 4633 3
224 2287 6
2893 3651 2
3966 4259 9
4016 4284 10
2346 4502 7
2261 2895 7
2100 4190 5
4362 4536 9
2432 4829 10
1241 3936 5
1475 4661 9
2799 4691 1
3304 3894 6
806 4780 8
441 1307 7
827 1622 6
389 4036 3
71 4055 3
1342 2549 7
1404 4268 4
644 2229 4
997 3232 9
1769 2249 7
3948 4918 2
448 2682 10
4931 4968 3
2957 4812 5
3275 4453 5
2331 3819 10
1445 3574 10
2482 3621 8
3673 4228 3
372 2347 8
2115 2315 3
2407 3920 5
697 3380 2
2526 2907 8
2206 3751 2
1548 2183 1
3904 4479 6
1771 4708 8
528 1610 1
1935 4345 7
946 4321 5
2385 2634 8
227 1760 5
2542 3304 2
1066 2203 10
2177 4825 2
528 1043 1
1017 3820 7
157 443 8
1789 2123 3
3891 4811 8
39 3565 4
1482 3684 10
959 1855 3
2321 3229 10
587 2613 5
820 1606 9
421 1550 6
1091 3907 1
1836 4865 4
459 1767 6
1438 2700 7
134 666 3
2982 3290 7
300 2005 5
1191 2841 5
2202 3194 9
1075 4374 4
3861 4576 6
948 2732 9
792 3771 8
4048 4657 2
4035 4877 5
1110 4723 6
2069 3618 3
389 879 6
487 1409 8
2909 3000 4
2403 3755 10
1280 3635 2
4081 4818 6
413 1254 5
2509 4219 2
750 1614 1
3208 3358 6
326 3994 4
627 4791 7
2385 2966 4
1049 4048 3
500 1188 10
3023 4519 2
889 2491 4
3565 3994 9
1418 2920 3
2568 4942 2
3277 4625 2
3094 3985 10
242 1866 10
1776 2027 7
2900 4026 3
552 4713 8
328 1000 10
2004 2273 10
2083 3552 4
3539 4434 7
1965 3620 10
4465 4636 9
1321 2746 9
279 2356 1
2457 3059 3
2471 4126 6
675 2745 4
921 4413 8
3086 4094 3
1643 4157 10
310 3541 9
522 1336 6
173 1206 10
912 2895 4
2013 2194 1
3691 3963 4
894 4697 8
4122 4182 7
877 4394 10
1271 3901 5
2055 2965 1
1742 2316 9
487 1713 1
667 939 5
702 2112 1
472 4296 2
115 1367 6
2150 4171 3
1591 4521 5
1350 3859 8
4192 4549 1
311 2487 8
3719 4028 3
2712 4575 5
2381 4064 5
4123 4155 10
237 2481 5
1324 3540 9
553 3546 3
1537 3860 9
47 2276 6
2339 4339 10
3121 3566 7
50 1039 8
526 1414 1
20 945 7
567 4256 8
2026 4007 5
2884 3610 9
2459 3746 1
3021 4087 10
816 3561 8
1517 2293 9
1691 4279 7
834 997 3
475 4340 9
881 2019 4
682 1074 2
1313 2267 6
4051 4121 5
2142 3409 6
569 1748 8
3471 4601 9
401 3438 7
2010 2467 9
1634 1930 8
224 448 9
900 901 8
299 3873 2
3094 4180 4
2648 4814 3
586 1403 2
2359 4758 6
2164 3368 10
2659 3519 7
1318 2102 5
1718 2535 1
154 3018 2
2550 3618 7
1724 4094 10
1882 3398 6
114 2155 5
2156 2615 6
1476 4802 9
1017 2610 7
1537 3271 10
1087 3443 9
3573 3852 1
457 2351 2
1224 1879 9
451 3377 2
1882 4530 1
2688 3166 4
1776 3658 10
1778 2504 8
1216 3901 7
2655 3882 8
2190 3933 2
1795 4980 6
200 1163 4
1489 2571 10
2586 4117 1
52 1185 8
196 4075 3
431 3064 3
1987 2037 10
1771 4233 8
3724 4383 10
2143 4183 7
250 2489 5
192 1464 5
1486 4595 8
221 4062 4
1434 4886 5
146 2906 2
2140 2255 7
1236 4221 2
2995 4543 9
619 3558 5
195 1308 10
705 3105 10
491 1614 9
595 1688 2
2521 4294 5
831 2694 9
2361 3599 4
20 1921 8
949 3732 7
2800 3879 1
405 2088 1
1594 2181 8
662 720 9
1254 3379 10
1199 1939 8
127 1402 9
492 558 1
529 1004 4
2980 3479 10
1520 1700 10
2485 4962 2
3288 4333 10
4690 4929 6
1276 3502 9
1915 3626 1
3051 3620 8
3399 4655 3
530 2359 4
3261 4707 9
4356 4612 5
2435 2494 10
230 4407 5
531 2066 7
2035 4367 4
1418 1584 4
663 2337 1
14 328 6
162 2432 3
2319 4543 2
4758 4770 2
1293 2237 6
776 3869 1
2902 3868 3
3991 4996 2
1333 2356 7
1515 2542 5
3958 4171 8
72 513 7
61 2330 4
543 3834 7
842 2332 10
490 3840 4
1127 2167 8
1977 2531 1
460 4336 1
3568 4363 7
558 4155 1
151 3614 3
706 3028 5
1763 1828 4
22 4702 4
3368 3531 10
1333 2448 5
2034 4508 10
279 4470 5
3837 4768 4
310 756 8
2576 3515 7
9 3664 10
944 3678 1
395 4515 5
1489 4643 7
807 4275 5
1858 3620 8
480 3602 6
744 3512 3
550 2517 3
1306 2258 5
1573 3761 7
2688 4109 1
3095 4912 5
3767 3930 2
1309 3066 2
2642 3268 5
118 2571 6
322 648 3
1296 3367 2
408 2022 10
1468 4516 1
3264 3292 8
1308 2117 5
3555 4293 10
2470 4034 1
1185 2794 3
1572 2497 10
4052 4222 3
524 3892 7
625 4814 2
138 230 1
1559 1878 7
927 1049 8
1218 4177 6
971 3540 3
1212 3005 9
57 1182 4
1638 2560 5
1862 2683 2
3413 3754 9
353 1659 3
3058 4376 7
560 2302 7
4500 4691 4
1678 2749 1
2665 3087 8
1761 2955 6
1074 3780 10
974 1508 2
61 4729 8
3678 3808 4
183 3353 8
1010 3180 2
2682 4317 10
974 2286 4
2214 4596 7
1725 3476 2
4401 4472 10
2215 3229 7
1336 2430 6
1232 4262 2
2005 3148 4
3563 4345 8
75 2454 5
408 1449 4
2499 2739 2
1467 3769 6
3772 4832 9
3666 3715 7
553 2246 4
763 1386 3
428 4147 5
2316 4301 8
989 4544 10
843 1292 7
2002 3743 10
2935 4276 7
2313 3180 3
673 1091 4
2904 2981 7
36 1871 1
1901 4834 3
2601 3170 1
2232 2798 2
4660 4884 10
1078 2954 10
209 1871 7
2363 2534 7
3290 3588 2
693 4428 8
344 2066 3
2269 4502 3
1709 3325 3
740 4376 10
395 2013 1
891 3589 2
1012 2918 4
845 2238 2
1376 3371 7
748 4611 5
797 3414 6
3394 4716 6
2848 4514 10
2772 3981 4
1235 1477 3
1430 4807 10
801 1456 8
166 4104 7
34 553 9
2460 3222 8
2540 2693 3
2921 3993 7
1825 2826 8
2344 2638 6
1559 2806 5
370 4519 10
994 4018 3
731 4093 6
383 2773 5
2772 4759 4
74 4348 1
2727 3388 5
4078 4868 4
4425 4516 4
2362 3395 1
1604 3396 10
2286 2349 2
1811 2424 1
1447 1727 4
771 4277 8
909 3685 3
1759 3190 4
3811 4908 6
2140 4890 6
2507 3776 9
4702 4860 3
2374 3866 6
1049 4146 9
218 1270 9
685 1895 7
3544 3561 5
2150 4387 7
1361 2522 3
4268 4778 1
922 2357 10
595 1510 4
2720 3037 10
930 4028 2
3998 4109 1
523 1375 2
2287 2601 4
285 4914 9
577 728 10
566 4826 8
709 3167 2
462 2855 1
1849 3286 3
2054 3726 1
541 1037 5
3686 4695 4
2086 4660 7
1836 4561 8
3901 4515 1
1885 4887 4
457 3091 2
2705 3542 6
1704 2077 4
2477 3609 1
1145 2636 7
1843 4210 2
833 1911 8
1384 4744 9
2398 3574 6
4678 4830 10
1297 4264 10
1474 4263 6
1220 3714 1
404 3441 4
780 1855 2
3008 3180 3
313 4724 10
2647 3247 3
2029 2919 4
218 3980 5
2726 3157 8
723 2496 6
1299 2653 2
2448 4033 5
395 1293 7
3610 3676 3
2137 3794 2
967 1070 5
710 3417 9
1452 3327 2
1569 3537 10
1327 3101 10
2318 4759 10
1192 4891 6
2406 2712 7
1327 3094 4
1971 4196 7
2219 2385 8
36 3416 1
729 3416 1
772 3266 10
360 2680 3
2160 4555 10
842 3065 2
2096 2782 1
3113 3568 4
1115 1756 9
185 714 6
1954 4391 4
619 3515 8
745 4934 10
3269 4413 10
1783 4033 7
2020 2455 10
708 3275 1
962 1313 9
1757 1886 9
1540 3595 3
4092 4586 4
658 4986 8
28 4900 6
3424 4064 3
1347 1463 8
2942 4888 2
2311 4659 7
709 2221 9
906 2236 1
160 1250 8
3199 4718 5
3965 4605 6
1366 4435 7
2348 4185 8
3779 4903 9
735 4598 2
632 4979 8
884 3671 1
4493 4959 7
1100 3760 9
1142 3086 2
2851 3678 9
232 4746 3
3088 4966 3
3241 4242 8
1861 1952 2
1656 4781 4
3108 4084 3
286 778 2
299 3701 10
550 4734 9
3047 4884 9
2825 4201 9
499 1313 7
2046 4842 5
2661 2704 2
436 1586 10
2172 2462 5
960 3845 8
322 1925 9
3818 3967 1
659 2398 3
411 2904 6
3990 4337 6
245 3876 1
3330 3733 7
996 4853 2
971 1926 6
1277 4558 3
2478 3970 9
756 3222 1
2105 4669 7
227 2464 7
145 3586 4
3255 3333 9
309 3736 5
968 1707 3
1306 3652 9
130 1786 7
3516 3520 3
3383 4096 4
907 2590 4
215 1948 4
1365 4702 2
2470 4155 3
3881 3948 4
825 2206 3
137 3232 7
354 1219 5
1123 3291 4
3015 3954 1
2219 4601 3
1516 3454 9
297 360 4
2310 3759 3
3852 4372 4
605 1597 1
967 2371 3
2766 3310 9
447 2066 2
361 4676 6
1026 3393 7
1699 4220 6
636 3051 4
2888 4309 8
626 4386 7
1067 1755 3
2585 2772 3
3106 4623 5
2466 4568 4
316 2425 1
3799 4340 9
979 4507 10
2652 3257 9
721 2509 5
1764 2978 3
3648 4099 2
2189 3184 5
2758 4519 5
1057 3643 8
1194 4357 7
2495 3898 4
551 1127 1
1337 3249 7
1123 4086 8
2659 4480 8
552 1890 4
508 4293 2
3047 4187 8
1681 4184 1
2430 3198 10
3531 4586 5
222 2037 2
778 2946 5
390 3461 8
1549 3626 5
806 1390 2
2855 4079 6
3549 4669 1
130 3179 6
2750 3846 6
2234 3379 6
2819 3990 10
1868 3785 8
4346 4985 10
2326 2910 3
28 4346 10
1114 3469 9
3192 4679 3
2987 4895 6
1179 3120 1
631 3069 7
876 2354 7
3985 4410 1
764 4560 6
323 1533 4
1378 2283 1
690 1195 1
160 2873 6
217 3302 6
1794 2033 9
9 1060 7
3557 3691 9
1777 3013 10
241 2015 4
1172 1510 5
1970 2108 7
1606 4279 6
2307 4476 2
1735 3542 5
2748 3899 4
3970 4699 6
1975 4206 6
1004 3423 3
1367 4984 8
966 1603 4
838 1452 3
513 1421 6
2545 2738 5
46 77 1
337 4859 10
1838 3415 7
2565 3841 10
2960 3435 6
3176 3657 3
467 4770 3
2632 4395 9
418 1828 9
827 4844 5
3008 4337 9
687 1557 6
1517 2224 10
802 4809 9
1925 4813 9
1110 4764 6
137 3618 5
176 3193 9
1439 2398 4
1839 4240 5
2767 4378 5
349 3193 3
2508 3080 1
168 3916 10
221 360 4
373 2663 2
1421 4917 9
958 2515 1
3062 3265 4
581 4467 4
703 1589 10
2432 3086 10
4483 4793 4
1898 3977 8
3432 4781 9
870 2772 5
4628 4788 8
2568 4503 10
826 2900 7
1716 1831 3
1016 1645 4
644 2195 7
100 2323 1
52 989 6
3203 3940 3
3631 4468 2
982 3909 10
1162 3454 7
317 2063 5
562 3466 2
3162 3563 2
3569 4276 5
1374 1470 9
3436 3694 8
536 4616 10
30 342 10
1653 1864 9
310 2006 3
1775 3509 4
1952 4026 3
1083 1997 5
1403 3076 6
2528 3840 1
2297 4447 5
692 1898 6
4072 4814 4
590 2235 2
3650 4185 7
2488 4603 6
467 2740 8
1383 2256 8
127 2360 5
3098 4191 4
1874 1993 2
3407 4008 7
88 3141 7
1680 3854 9
3412 3733 1
1752 3172 8
1848 3207 5
1521 2369 6
185 1207 10
515 3607 8
231 3689 10
1417 2620 6
1178 4243 6
2066 3465 5
756 4443 5
2552 4075 8
686 2499 9
1443 4603 9
585 3677 9
577 1116 2
180 2906 10
825 2122 5
1041 1844 1
1932 3766 3
1169 2761 7
2337 4114 2
924 3711 9
1733 4090 10
902 2547 9
3469 4939 5
446 3506 4
260 1387 4
999 1465 6
483 3370 10
827 3173 7
584 2528 9
2800 4616 7
1272 1928 7
761 2100 3
120 1247 3
2992 3751 6
2894 4251 9
2190 2531 4
856 2041 4
149 903 2
4475 4908 9
1754 2375 3
463 1174 10
149 2966 4
626 3594 5
3688 4509 4
2312 4607 5
1099 1265 1
789 1063 6
345 1214 6
214 4767 4
1522 3470 7
1111 2454 1
622 2683 7
967 2494 2
147 4124 6
2022 2973 1
1577 3751 1
3176 4008 3
2821 3902 6
2323 3636 6
1006 1784 3
2021 2529 7
45 3715 3
2682 2833 5
329 2996 6
1878 4982 9
2633 4407 3
408 4193 9
3106 4533 4
2114 4460 10
1250 3372 3
2322 4844 5
728 3276 8
880 1857 4
1420 2358 7
195 1388 1
1576 2125 7
1649 4358 3
70 778 1
714 3714 7
2822 2877 7
1200 3863 10
4304 4943 6
1845 4786 1
1111 1869 3
927 1110 5
1378 4830 5
1450 2711 8
1277 4771 8
598 4294 1
1374 4956 6
388 2882 1
367 4126 5
1131 3080 10
1953 3765 3
984 1372 10
3729 4944 10
3427 3453 4
366 1034 3
1943 4234 3
626 2929 3
408 4876 1
3156 4606 1
2096 3383 4
1769 4454 4
266 1919 5
1076 2337 7
2903 4223 9
1250 2238 8
2371 4665 8
947 1537 8
938 1601 3
3409 3946 5
1638 4315 4
595 3771 5
1138 1424 3
797 4952 10
120 990 8
564 4192 3
320 2489 7
138 4966 1
2197 3327 10
656 1887 4
2128 4337 1
583 2447 10
3541 4279 2
4039 4292 8
692 2431 9
89 1762 10
1660 4879 5
269 3549 1
2801 4369 1
4205 4328 8
2395 2769 4
1053 3156 3
4445 4853 6
4349 4715 8
2796 4737 7
3095 3736 5
2789 4892 10
1365 3550 10
79 4464 10
827 1955 7
1174 3032 10
491 3253 4
2355 2416 8
2337 3367 1
1207 4230 6
2119 3592 9
2577 2679 4
2486 4666 6
539 1404 2
1921 4226 1
1407 1507 8
426 1324 1
2239 3947 8
779 1549 6
1133 4137 4
1642 2875 8
337 1237 4
158 571 6
275 4382 2
639 2984 2
875 1446 2
1885 3510 4
1817 3386 6
2481 2663 3
2484 2690 8
286 2804 9
3654 4169 9
923 3919 4
1239 2104 6
1028 1595 5
514 660 9
1936 2270 1
2987 3719 3
3264 3406 8
4006 4336 8
1756 2384 10
666 2962 2
2486 4369 6
1364 1816 10
1705 4142 3
1814 4864 10
760 4757 4
575 4600 7
3805 4816 10
909 2387 10
935 4344 6
899 3022 4
511 4416 1
674 1235 2
427 1292 6
1115 1921 8
945 2232 1
2095 4242 5
1126 2797 3
1048 1068 8
3476 3954 2
1235 2567 3
130 587 10
334 423 5
3765 4036 10
444 4122 4
1058 2191 4
1294 3642 7
531 3598 6
273 3151 8
1182 1705 6
2324 4856 9
3760 4537 4
1453 2378 10
518 2972 9
2819 3281 9
869 1418 5
175 2060 4
2968 3965 4
2054 3852 10
1357 2011 2
317 3407 2
839 3031 8
1602 3539 1
157 4569 10
2059 4259 7
203 955 1
2031 2147 2
781 4327 3
3866 4698 1
1200 4192 2
3028 3940 4
1629 1816 2
1415 4932 10
60 418 8
1995 4334 10
3494 3886 9
1331 2162 1
2625 3897 4
3438 4620 6
3377 5000 8
677 3602 6
1604 4158 8
1823 4918 10
2295 3790 8
1415 2127 8
2682 4610 10
2059 2574 4
1803 3895 5
950 983 6
913 4090 7
2318 3510 2
1135 4488 10
2478 3010 8
316 4963 8
360 3266 10
152 3435 9
220 2147 9
2612 3670 10
3340 4966 1
2318 3137 4
1895 3099 10
3187 4070 5
462 1603 4
302 553 2
913 2864 10
82 3532 1
200 2597 10
128 675 10
899 3503 7
1162 4243 1
769 2227 1
2000 2527 7
2144 4039 7
471 1456 7
2396 3997 10
3463 4371 2
3374 4410 2
1195 3071 9
1341 2588 5
1291 4196 8
1920 3628 7
1102 4266 7
1749 2288 1
322 415 1
67 2369 2
1938 3006 3
354 3700 5
1211 4620 3
3178 3672 3
1332 2323 7
568 4523 8
270 4634 3
599 781 8
2343 3968 2
703 3543 8
853 3261 10
742 2775 5
1043 1890 6
1634 2388 6
145 868 7
854 4322 7
3516 4301 10
237 347 2
965 3214 7
535 810 9
1428 1461 5
1254 1552 1
143 4447 2
92 2945 3
3483 3505 10
73 2358 5
1907 2105 1
2738 3182 2
1592 2485 3
387 3776 3
4566 4682 2
1574 3832 7
2670 4973 5
1858 2088 6
675 1357 3
1574 2512 1
2085 4866 3
2653 2700 1
699 1399 9
921 2312 6
2142 3772 5
15 857 5
499 1293 2
691 2059 3
1824 2595 1
1281 2037 7
1353 2555 3
1564 3048 10
2575 2815 8
106 2152 8
2622 3727 6
1626 4570 1
1680 2269 2
1291 1882 6
2622 2731 1
2934 3681 9
78 3989 2
1599 3746 6
1862 2495 8
542 4572 10
454 2218 1
801 2327 7
512 1362 4
820 3645 5
955 3763 9
1828 4604 2
2539 2643 10
398 526 3
1023 2084 1
2208 3303 6
2584 3277 3
1348 2782 3
2534 3996 4
3136 4005 2
1151 2023 2
1277 2680 5
2940 3843 9
2868 3968 1
1131 1666 5
621 4491 1
500 2520 1
529 613 10
1217 4021 5
1496 1504 8
2566 4950 5
1508 2715 4
1783 3598 7
1507 3544 1
209 2079 1
3144 4183 1
1355 1732 2
2555 2934 2
1609 3729 1
1078 3541 9
3757 4068 7
1556 3951 7
3292 4093 10
3063 4924 5
4435 4551 8
2593 3931 2
765 4837 4
305 2669 3
1533 1560 7
1994 3647 7
3468 3622 2
1620 3775 9
4852 5000 5
999 2574 6
2453 3406 10
927 1022 10
244 2226 7
1272 4160 2
1611 3134 6
1628 2748 10
898 3946 4
2180 3733 5
3288 3781 4
3937 4870 3
212 4239 4
795 886 3
370 2793 9
2344 3181 9
1121 2652 6
3060 4167 9
328 2779 5
1574 2890 5
1222 3536 3
3859 3922 5
3212 3555 4
2151 4636 7
445 2344 6
26 3376 8
2198 3281 6
1286 4708 10
2512 4566 7
186 3202 10
2081 2241 3
349 1741 7
3552 3959 1
51 673 10
1138 4096 7
198 755 7
1097 1545 8
3488 3745 9
312 1728 8
2984 3783 7
1494 3185 8
1373 4088 4
537 4703 4
238 458 6
1722 4979 8
636 4744 10
2690 4452 2
1497 1797 1
1015 1076 2
1991 2389 5
2671 2997 2
3357 3708 9
183 2395 9
349 4298 4
715 1451 6
1465 2091 2
890 3756 2
1381 3851 4
1089 3388 5
564 2827 3
2432 3710 8
192 2525 5
3063 4439 10
649 2638 1
2680 3582 10
3050 4911 2
804 2292 8
1315 3465 7
134 2487 4
1226 4006 1
1280 1983 10
884 4599 2
1348 1678 10
3515 4188 8
1330 3919 4
250 1861 7
2932 4979 7
2359 4629 5
2147 3943 8
1046 1443 2
1180 1973 4
865 3207 10
1156 2529 9
2636 3329 4
462 2290 7
1848 2196 9
2208 2254 3
4463 4994 3
522 2071 8
2871 3317 8
923 4310 8
1364 4847 1
587 2575 4
3782 4486 10
413 495 1
4703 4910 6
2637 3737 10
83 2727 9
1797 4257 6
916 3108 3
2704 3285 3
2114 3180 9
1589 2024 1
4037 4433 8
813 3180 9
1702 3651 1
401 2242 6
3405 4977 7
769 4438 3
2853 3673 8
1213 2723 6
4179 4690 7
1848 4664 9
2747 2822 4
1086 1750 10
516 3424 5
524 3316 9
4187 4380 6
274 1363 8
2251 4865 5
412 772 1
1402 3542 3
84 3728 7
3394 4447 7
1826 3120 4
550 966 3
710 4144 8
2736 3277 6
579 972 10
3173 3361 3
2843 4422 3
3998 4873 7
1632 3928 2
1194 1983 7
590 1204 10
2700 3691 7
577 3500 4
2675 4767 9
4323 4372 10
237 520 7
2905 3916 4
4316 4420 5
1971 2270 4
1942 3966 10
2256 4510 9
2312 3029 10
2588 4852 5
156 317 4
2692 3213 7
1446 2681 1
1933 2631 7
1358 1681 1
3434 3840 8
1077 2949 7
1486 2484 4
483 731 7
1862 4610 3
3226 3859 3
2471 4828 3
2276 3451 9
2696 3519 3
459 3106 9
599 1770 6
1528 3963 10
3424 3645 8
2110 4259 3
1820 4026 4
32 3255 9
315 2409 2
1891 3104 3
3560 3842 1
370 723 6
4196 4740 1
4026 4099 1
2425 3012 9
828 3466 9
228 705 1
390 1462 8
3829 4019 2
556 1166 6
228 1201 2
1809 1819 10
3740 4173 3
1736 2063 2
3191 4715 4
3577 4916 2
1718 4306 1
290 4051 4
2263 2870 4
2687 4977 6
104 3202 9
1141 4143 2
1226 4822 6
1618 2550 5
406 2096 5
825 906 3
3790 4253 10
57 366 1
1110 3730 9
1782 4790 9
715 1083 6
1940 2391 8
1931 3476 1
381 1472 7
713 2745 5
2713 4545 8
287 1701 5
3157 3325 6
3164 4119 9
781 3081 10
3521 3532 1
136 4318 4
4258 4352 4
1098 3636 10
2075 3618 9
711 1944 10
487 4277 7
477 2146 10
3041 4895 3
94 4580 5
2515 4293 4
52 113 4
1722 3858 5
2521 2690 8
196 1180 2
7 55 9
1785 4655 4
3671 4610 6
3396 3959 1
1240 4410 6
2292 2662 9
1285 3523 2
2506 3611 3
2757 3773 3
1012 2672 7
248 1934 10
3059 4414 2
766 2699 4
2006 3992 6
527 2153 9
1727 2546 3
247 4644 8
4296 4783 8
309 3506 3
2458 2839 9
2159 2711 5
600 648 9
1327 4909 8
2930 3401 2
599 929 5
502 2657 4
3412 4638 10
1416 3911 8
4098 4928 2
3310 4011 1
1124 4896 3
4319 4465 4
1083 2716 10
251 972 4
1086 1420 6
669 4465 2
4562 4793 5
961 1273 3
2054 3413 10
4358 4625 8
3359 3539 4
1626 2081 4
1285 3314 9
2386 3636 7
407 2355 10
69 533 1
1746 4191 4
1185 1590 10
2535 2917 2
611 3907 7
3426 3739 5
1491 2407 4
2786 3969 1
1747 3279 2
544 4544 5
2358 3375 10
2259 4518 6
1086 1706 7
945 2728 8
2935 4007 8
2262 3955 6
1315 3054 6
2659 3941 4
4353 4615 2
566 1591 4
1798 2500 1
16 672 8
244 4213 5
587 3550 10
1273 1952 9
2779 3849 8
373 1281 6
27 1004 5
2501 3157 4
1348 4188 5
334 4530 6
2973 4558 10
717 2556 2
3249 4427 6
412 2273 5
3794 4792 2
761 3073 3
432 3199 1
1575 4358 6
565 4537 1
23 716 2
1904 3457 7
253 3799 8
2866 2902 4
1629 1797 1
1128 3000 8
1627 2527 9
2418 3280 6
1586 2011 6
2029 4418 7
3307 3877 7
1406 3031 7
1029 4813 8
2325 2389 2
7 1352 1
846 974 7
894 3449 2
950 2101 3
1575 3457 4
3683 3914 2
4813 4869 1
4548 4718 1
104 378 7
1637 2746 5
1268 2320 9
61 3709 2
1072 1938 8
447 2179 8
1209 2851 10
3907 3953 10
3047 3363 1
184 4197 1
1979 2759 7
4566 4788 5
352 2733 1
799 3793 5
1753 3611 1
611 837 2
1284 3368 7
340 847 3
1774 2739 1
764 3203 9
1283 1517 1
1941 2763 10
2429 4546 3
196 1885 3
3542 4049 1
1610 3450 10
2895 3445 3
878 1995 3
3334 3480 8
1461 2486 3
712 2851 7
1140 3368 9
2614 3618 2
1868 2279 1
1861 3060 10
2291 2870 1
957 3595 3
3015 4350 3
519 2738 9
3027 3245 10
3864 4961 1
623 3739 10
977 3431 3
554 3255 4
1096 4260 10
2413 4986 7
113 990 2
679 4825 8
2425 3881 5
1091 3380 3
594 1001 5
2744 3737 7
1577 2630 4
315 1469 6
4101 4677 3
934 1565 10
3154 3631 8
328 4874 1
363 1173 5
2443 4626 7
2996 3581 9
3387 4339 6
2918 3199 10
841 4213 4
1388 3113 9
955 4766 4
1364 3621 3
4533 4942 7
1228 3761 9
1095 2332 4
2535 4596 7
1347 4452 4
1283 1735 1
2967 3839 6
2421 4584 10
3339 4435 6
1277 4521 2
330 539 6
2407 3909 2
820 2029 9
2252 4924 7
257 1298 4
2362 3428 10
1827 2325 1
1375 3072 5
638 1924 9
733 2003 4
1601 4689 3
202 1931 1
1831 4823 1
1899 1920 3
843 2988 6
3399 3983 3
2518 4364 9
4369 4430 7
2455 4459 7
106 2750 7
1129 2167 3
247 581 4
1074 1638 10
1036 4991 10
547 4579 5
704 1715 8
777 2137 2
1821 2103 1
1220 2010 5
1594 4224 6
609 4136 4
1084 1216 2
3977 4161 7
812 1892 4
2224 2882 8
4459 4880 6
251 726 5
188 592 6
543 2735 4
2469 3113 1
1856 2992 9
707 3433 2
592 1022 8
257 681 1
687 2895 5
1926 4486 9
2941 4019 6
1680 3032 10
3880 4165 6
1867 2231 7
2385 4316 6
351 3696 4
369 1615 10
1684 3846 1
361 4422 7
823 962 5
1305 1834 10
3662 4297 8
1548 4222 9
1615 3442 6
798 4654 4
436 800 4
2326 4270 7
505 3501 9
1840 3567 3
1561 4214 1
1967 4684 2
2192 2334 7
328 705 4
1388 3194 2
1233 3920 6
755 3034 4
1089 1728 8
806 2343 9
3129 3485 8
479 1282 1
1340 1345 1
3291 3586 2
3966 4665 7
190 2879 5
1959 4489 7
4294 4545 6
3355 3821 10
1634 4916 2
1311 4188 9
1335 1779 1
3307 3437 7
4092 4706 9
594 705 10
1107 3053 1
1489 2173 2
1641 2845 5
2421 4321 3
2151 3607 2
2671 3669 3
787 3920 3
3053 3350 6
637 800 7
1602 4259 6
3348 4601 5
2096 2681 2
369 1944 2
980 4618 8
73 4195 1
2167 4399 5
2064 3355 3
2750 3989 8
1284 4830 1
124 1988 3
2754 4354 6
1743 3190 10
556 3283 3
1881 4665 3
4198 4982 5
2551 4158 6
1066 1257 5
2200 4574 9
1141 3657 2
811 4448 7
33 4826 9
2220 4820 1
857 2678 9
835 1195 7
1191 3208 5
1593 2381 2
610 2301 9
1151 4220 2
1837 4312 5
210 3869 6
473 628 5
468 1163 10
2231 2243 1
52 2743 5
3846 4587 3
81 4267 5
1267 3368 10
3658 3900 2
967 2742 3
3227 3656 3
1344 1581 10
1857 4528 9
2287 2747 6
1350 1747 4
3445 3447 4
718 1837 1
3116 4734 8
3126 4986 8
2942 4494 6
4309 4734 1
1514 2922 2
784 4586 7
339 372 10
1225 3559 5
1841 2248 9
660 4031 10
832 2401 5
1536 3939 6
286 2504 4
2500 3724 7
2460 4406 8
1741 4404 5
485 1097 1
2025 3137 6
857 2131 1
3811 4388 5
3056 3138 2
582 1703 8
1526 4468 2
2487 3458 5
2002 4186 2
2124 3196 5
2588 4255 10
2206 3202 10
183 3272 10
3852 4879 10
2160 2893 9
1566 2421 6
1007 3675 1
2999 4047 3
1100 3656 2
687 4074 10
3285 4705 1
319 4010 5
3396 3888 9
4000 4714 1
781 1764 3
1033 2803 2
2692 4689 6
1899 4668 7
1882 3483 3
1390 3957 5
1638 4565 5
2640 3508 10
1960 3232 9
1138 3730 9
2649 4381 6
750 3109 7
2813 3146 3
1028 3709 7
4540 4556 5
4415 4992 1
3916 4837 10
4082 4616 2
1963 4038 3
3990 4229 3
709 1030 1
169 3419 8
1619 2480 6
890 2324 5
431 776 3
87 94 7
838 2015 3
117 890 7
3671 4984 5
2093 4183 4
426 1741 3
4143 4369 2
170 2729 7
381 1082 10
1871 2163 4
1839 3104 5
2632 3199 6
408 1179 4
2932 4783 6
925 4330 9
695 3791 1
1394 4151 1
2267 2842 9
1018 2243 1
992 1746 1
598 2579 2
924 2216 3
1235 2458 5
1538 4308 10
2330 4672 4
717 3454 9
4422 4880 8
1524 3518 7
2061 3839 7
1793 3707 6
1981 4150 4
290 4855 3
589 675 3
4164 4317 8
2995 4775 6
952 4192 4
2991 3829 1
3085 4793 2
364 1791 3
3197 4599 10
157 3832 9
1420 2503 5
4477 4729 10
1548 3017 9
2956 4170 8
483 3054 2
3401 3990 8
1571 3457 6
2709 4574 2
666 3373 10
2225 3327 9
1237 4469 7
2722 2764 4
1760 2671 4
2312 4434 2
543 2943 6
1662 2412 5
1139 1740 7
73 4117 8
46 1242 8
1105 1201 8
668 3209 9
95 4491 1
2730 3007 2
3163 4897 1
565 3347 8
96 2613 3
1023 4990 8
1623 3471 10
1164 2496 5
748 1829 7
1214 1448 9
464 4810 8
3879 4536 10
3792 4438 1
1583 1687 9
1655 3041 8
4290 4762 2
1315 4728 7
3699 4219 9
3632 4220 10
178 2376 5
2145 3808 6
1896 2446 4
1196 4617 4
37 1678 6
346 4456 5
650 1949 10
1509 3553 9
605 1116 6
1255 1654 3
817 3785 3
832 2785 2
326 1922 1
3244 3823 2
1958 3061 4
452 2370 2
164 2133 1
3776 4207 7
354 355 10
1982 3676 6
3019 3156 9
1442 2454 6
2057 2378 1
1331 3269 3
1310 3388 4
3570 4560 5
1800 2013 2
366 3961 1
785 4241 9
94 1527 8
190 2639 9
519 2246 2
1717 2483 1
676 1326 6
2387 3513 3
231 4907 5
478 1613 2
332 2440 8
2244 2871 2
2065 3259 10
1040 2722 1
2434 4045 8
1610 3847 9
61 2222 10
1208 3685 7
445 517 2
216 3069 1
1854 2441 10
215 3792 3
2605 3996 1
502 3087 10
196 1939 5
2372 4412 3
3218 3903 5
2160 3602 7
2691 2743 3
2360 4526 2
1235 1253 8
3401 3742 5
610 728 2
2314 4031 2
1377 1620 10
2239 3645 3
3582 3861 5
2630 4412 9
3603 4199 1
448 3619 1
683 2719 6
2125 4309 3
1991 2856 7
994 4856 10
3931 4161 1
3145 4795 9
2639 4879 9
256 3100 6
3179 4904 1
296 3147 9
639 3223 3
953 1172 9
2798 3177 2
812 3885 9
1859 2072 1
753 3909 5
1595 2857 8
442 1590 10
297 490 10
2264 2524 1
13 1832 4
476 493 4
2135 3051 6
2613 3170 5
2893 3765 2
2500 3887 6
39 1530 2
3670 4404 5
1309 2147 9
4899 4965 10
1589 4468 9
1919 4947 2
1367 3618 3
222 1200 4
3255 3422 8
4105 4315 7
905 2375 4
2437 3168 10
644 4987 10
749 1391 4
3942 4689 9
2598 4885 4
1903 2376 2
44 815 3
3112 4389 7
347 396 6
631 1077 9
2340 4324 9
1121 2025 4
4052 4594 9
1293 2433 9
1188 4413 6
220 1064 6
28 1400 8
601 4262 3
59 4833 5
2329 3332 10
1273 4134 10
2721 4082 2
649 1309 10
567 4644 3
2105 3456 9
4573 4658 10
47 1076 9
2121 2760 9
1561 2807 5
2163 4271 3
680 2328 2
593 812 4
1593 2237 4
1250 4473 2
3300 3917 10
1167 2056 4
272 974 9
1853 4170 9
3492 3493 9
1736 2386 1
524 949 6
49 307 8
4014 4261 3
4051 4149 8
1718 2355 9
1223 2236 4
625 2161 6
1678 3966 8
1204 4491 7
178 4206 3
2059 3602 8
1654 4912 4
2996 4152 4
2219 2400 8
411 1254 6
2363 4202 5
1210 3148 1
1090 2923 3
786 1674 4
143 4617 9
1479 4146 1
1537 3289 9
2272 2400 5
836 1600 1
695 1944 4
1642 3050 9
3472 4859 5
2111 2956 9
873 4880 1
2203 3223 8
927 1408 8
991 1237 1
40 3054 8
1061 2302 4
2695 3208 9
3452 3985 8
1431 2819 5
2756 2813 8
953 4843 10
2156 4739 7
600 785 3
689 3987 9
1413 1671 10
482 3784 6
1965 4110 1
3469 4995 3
357 4766 6
3109 3872 8
1830 3763 6
2957 4965 7
2992 3918 7
1419 2718 9
1321 1549 1
102 2213 10
891 3608 3
865 3317 4
1272 3736 5
2891 4069 5
1315 2711 5
1119 1862 7
2384 3759 9
1639 1949 2
185 4049 7
3400 3725 1
2877 3499 5
4095 4883 5
3802 4794 7
2356 2472 10
473 3751 4
1062 4874 10
1278 3844 10
1204 2480 3
2709 4128 1
3049 3378 4
3439 4121 8
473 1563 3
292 2079 10
1017 3833 9
261 407 8
580 1486 1
1097 3757 7
2819 3812 7
3875 4895 8
1549 2652 2
953 4177 6
2217 4140 8
688 2224 4
1842 3217 4
867 3765 9
834 3108 9
2816 4901 7
1351 2803 9
1710 2098 6
76 3519 9
163 2489 4
1036 4225 5
1004 2961 2
3041 3864 2
3891 4774 7
3964 4823 3
1584 4253 3
923 975 10
2236 4424 4
947 2089 5
289 3046 3
212 2105 10
2727 2792 5
1943 4043 6
479 2624 10
1348 3166 10
3385 3747 5
3047 3297 6
1946 3205 8
151 4796 2
640 3261 9
3299 3456 3
230 758 1
13 228 8
1447 3225 4
1076 2389 6
1023 4371 4
3135 4754 3
630 993 5
3455 4005 9
458 2631 5
2737 3863 9
4406 4720 5
1159 4764 3
320 3909 6
1383 1831 2
1323 2508 9
1362 3672 4
777 4799 10
278 3573 8
1573 2458 10
2625 3261 2
1612 3510 7
420 2135 9
1759 2670 3
2511 4700 7
2487 4100 3
36 147 1
298 2921 3
1562 3376 2
1821 3391 8
1264 2870 9
1448 1594 4
1857 3419 2
1292 4616 7
1431 2278 10
609 1034 1
292 2583 2
2764 4126 9
1844 2355 9
2038 3022 3
2744 4633 10
2623 3126 2
1226 1751 7
1476 2514 6
866 4749 6
184 1074 4
390 1741 2
219 4859 9
97 1409 5
2002 4182 8
149 1274 2
2550 3719 6
2261 4285 5
2178 4442 10
771 1337 4
902 4024 7
2388 4493 7
1892 2205 3
2403 2478 6
411 3790 9
912 3748 9
3270 3446 5
2361 3392 5
1487 2009 5
535 3319 7
1263 4810 1
2284 3984 5
1822 2130 5
409 3029 4
2252 3886 4
2392 4479 6
3586 4796 5
522 1778 4
1738 3064 8
1860 3772 8
2167 3054 9
1686 4227 4
726 4134 3
300 1716 7
2475 3020 6
470 740 9
354 1933 8
2864 3900 9
590 617 1
1349 1356 2
743 2232 1
1652 4053 3
273 2877 7
1975 3637 5
1519 2803 2
765 3932 3
1478 3208 7
3275 4113 2
4 4294 10
2834 4985 3
2055 4847 5
2332 3156 3
659 2729 1
1098 1616 9
1950 2420 3
1704 3675 9
255 3924 8
1477 3726 6
1937 4876 5
370 3625 8
664 2786 3
1151 3846 2
3865 4659 9
1338 3737 1
1397 3091 7
1003 3377 8
3374 4130 4
2386 4752 1
1568 3731 3
869 1453 10
112 2595 4
559 3171 7
1221 1595 8
1611 4526 10
522 2351 9
1466 2089 5
340 4632 6
102 3768 1
3990 4091 6
274 1943 2
1475 4063 10
2807 3605 10
947 2218 2
786 3001 1
1012 1162 6
1569 1579 8
1542 2920 5
1253 3191 10
2053 4109 8
3071 3572 6
3270 3340 3
1792 4119 3
1194 3345 9
1926 3800 1
1216 4328 6
3742 3756 6
23 2530 5
1082 3253 4
1097 1233 10
1909 4910 3
3352 4629 10
1734 3036 10
23 555 7
1429 3168 7
696 963 7
701 1952 10
1800 4874 10
2998 3385 8
3531 4877 6
3727 4282 6
1784 3115 8
3231 3391 1
1743 4232 3
2016 3125 10
1099 2035 7
567 3471 2
915 2090 3
2048 3766 5
1064 1836 4
158 2448 8
4176 4859 7
226 4780 6
1969 2465 9
1866 1932 5
193 2517 5
2564 3514 1
4126 4302 4
992 4432 6
2251 3770 4
2041 4176 8
1661 2175 7
1041 1187 2
4027 4163 7
378 697 4
722 3866 9
3916 4743 7
2485 3784 1
4826 4969 5
3907 4252 6
441 1629 5
1366 3576 6
1450 2727 2
608 2149 8
3825 4856 10
4256 4839 2
1114 3492 9
822 1793 7
724 1949 8
1918 1956 9
223 1179 10
1290 2563 1
2437 4927 3
286 3565 10
141 960 10
802 1646 3
1839 4322 9
310 4709 2
3574 3885 8
1716 2474 2
1152 2156 9
2200 2702 7
3306 3585 9
123 1261 7
1485 2233 3
882 3170 7
1842 3356 3
2418 4727 6
493 3222 8
861 2738 2
680 3422 6
1616 2498 8
949 4325 10
2350 3256 1
1225 1277 10
761 1771 6
60 326 4
584 755 1
218 2179 9
949 4108 4
1721 4476 1
2310 3415 3
906 1773 10
1797 3405 4
276 1007 10
4035 4424 6
1472 2952 3
2189 2727 5
2089 3953 1
4167 4539 6
983 3894 10
2595 3285 10
325 890 2
583 946 1
523 1921 3
4426 4779 4
1843 4245 8
2582 4513 8
2341 4053 8
1286 3171 6
2520 2886 8
1145 2943 1
660 1744 7
142 3907 10
208 3283 6
735 3649 10
1428 3140 9
2792 4420 8
3129 3977 5
619 4664 6
991 4161 3
2058 3406 1
1107 1707 10
803 2892 7
1517 4425 10
1345 4478 9
77 4026 7
3306 3894 7
468 1615 5
752 2069 5
504 4468 2
579 4811 9
2323 3935 4
4456 4468 1
884 1601 5
298 1233 7
2244 3768 8
1308 1836 9
1447 3242 7
3865 4523 10
365 3856 10
2763 2936 9
3156 3504 4
1016 2915 8
551 1876 5
12 1589 7
2481 2533 9
1088 1493 2
285 1064 7
510 4841 9
1921 4356 6
649 4696 7
2302 2445 5
634 1434 7
867 3870 5
1453 4304 6
1887 4056 7
1554 2688 1
1795 4603 1
1423 3438 5
4438 4806 4
2760 4760 4
1909 4947 8
1770 2197 3
4228 4827 1
1832 3119 7
2037 3523 1
2394 2518 3
266 2413 1
546 2209 1
383 1500 10
1420 2374 9
884 4238 4
295 1215 3
1913 4374 2
3691 3967 10
886 4423 3
1178 3289 8
372 2944 2
439 4730 1
2806 4282 8
3342 4366 3
2972 3267 6
951 1243 10
486 2722 10
3785 3806 9
673 3253 10
1084 2243 3
387 3561 5
903 3874 10
165 2701 10
2581 4741 6
2737 3225 10
567 1192 5
602 2112 3
349 4989 8
3784 4100 10
1303 4777 7
489 1083 9
582 1163 9
1881 2506 6
763 3258 10
1113 4151 5
4729 4780 4
1622 3182 1
3302 4581 5
4086 4274 9
716 2596 5
3364 4465 10
1066 2328 8
1746 2022 9
323 2354 7
16 1771 2
135 1359 4
4403 4975 6
1549 2890 3
43 2149 3
1097 2171 1
4221 4634 7
2711 2839 8
2037 3665 1
2005 4036 2
1617 2259 1
718 2015 9
2710 4841 2
2541 3715 5
3959 4190 3
378 467 10
2501 3908 4
2592 4943 8
2031 3107 7
525 672 10
5 3093 7
944 2055 7
2619 3022 4
372 625 1
1644 4054 10
474 1401 2
2491 2868 7
2502 4335 7
1502 2405 4
1508 3488 2
3259 4977 1
3556 3679 8
970 3756 4
37 873 9
633 4021 8
288 893 7
3703 4724 3
1065 2751 10
2715 4415 6
1386 1753 2
1681 3643 9
1033 2498 2
3253 3534 2
406 3801 2
1228 2542 7
833 4390 8
1816 3934 2
421 1284 7
1919 1984 4
265 530 7
2117 3516 4
1438 1940 1
2880 3500 10
1153 4152 6
1585 4229 4
957 1564 1
1265 2348 10
1813 3910 3
475 4048 2
1424 3696 10
1961 3342 4
123 416 7
151 2656 6
3205 4868 2
1953 4289 8
1619 4256 4
1655 4133 1
171 3996 4
120 735 4
346 1025 6
128 2154 7
248 1428 1
474 3676 1
4089 4909 2
2387 3029 5
977 4287 7
172 2048 3
635 2415 3
1613 1794 9
2978 4956 3
227 1064 4
1327 2129 1
835 2228 6
1188 1686 1
900 3511 8
1581 1590 1
1451 3720 7
2991 4898 10
254 2511 4
847 4231 1
354 706 6
87 948 1
760 4215 5
565 3879 2
613 3048 2
965 1794 7
1288 2799 10
838 1772 3
2223 4569 4
758 2022 6
2953 3744 2
1187 1736 2
1061 3200 5
1212 3325 8
2664 3328 2
332 1421 4
1895 2089 5
1543 4716 5
21 3170 6
2629 4003 1
1153 3251 5
2000 2551 8
1512 4207 1
1245 3475 9
125 4941 1
2128 2729 7
2639 4365 8
1233 4657 8
1133 1241 5
1456 3685 4
882 4769 3
369 4160 9
2222 4381 2
125 3275 7
2069 4102 10
3711 4268 4
1517 4660 9
2558 4301 7
2404 4575 2
1157 3798 7
1930 2997 6
444 4198 5
697 1702 1
2406 2813 1
113 735 4
131 636 10
98 3557 3
3029 3170 10
1328 4933 3
67 2319 4
1850 2065 3
2224 4867 8
567 908 3
19 298 10
123 2404 3
3288 4101 3
2360 3601 1
979 3375 9
33 4019 8
255 2834 4
4347 4771 9
751 3759 8
32 4088 9
991 2639 2
1793 4929 1
116 3271 5
283 727 3
1487 3047 10
1795 2348 1
1545 4070 4
1408 2218 8
1177 4247 3
2155 4192 7
1161 2152 10
1049 3393 1
3226 3977 4
643 2263 2
1221 1329 7
107 3051 6
1056 2751 8
588 1838 4
1891 1955 6
2181 2188 2
968 2929 4
703 4622 1
2582 3574 6
135 3354 10
2572 4106 3
1429 2296 4
1144 3299 5
668 1947 7
23 127 8
962 1986 3
1996 2486 9
2434 3034 6
467 4328 6
1685 3932 9
2795 4497 9
2719 3082 8
2512 4068 6
3502 3786 4
523 4252 5
90 4876 4
153 2586 7
1417 4109 3
844 2098 1
1296 3543 9
1501 1911 10
297 3573 10
74 4785 9
4466 4837 5
1373 3172 2
3885 4928 10
634 3577 6
163 899 2
103 215 3
3976 4608 1
912 4457 1
1400 2022 2
3676 4717 6
2579 2708 6
4066 4224 3
2849 4366 7
295 4346 2
2692 4319 9
3985 4571 5
677 4757 2
235 2463 8
463 878 10
1132 3609 7
100 4269 2
4331 4918 8
2292 3015 10
153 3146 10
927 1750 6
764 2918 1
2258 4853 6
1752 4290 9
18 1620 10
1231 3561 1
367 580 5
976 1567 9
142 3755 2
352 4535 4
2198 3029 10
58 1394 3
2461 2665 8
91 1014 10
1643 2658 7
89 2981 9
2084 2850 7
3220 3404 6
2730 3647 9
411 589 6
143 2446 6
1918 2335 6
344 1142 7
3951 4748 10
85 3282 1
1409 2601 3
430 1778 5
1855 3347 8
1206 2467 5
1115 3828 6
468 1852 10
732 3562 9
1100 2783 2
2233 3964 3
2961 3238 9
2323 3107 4
2949 3017 3
2332 4621 4
1610 4110 7
397 2712 9
1884 2513 3
1711 1846 5
3249 4612 9
918 3563 6
957 1285 8
674 4021 5
470 1873 6
1023 4475 9
475 634 3
799 1964 2
1456 4163 3
2899 4892 9
2290 4986 9
1418 3837 9
1289 2313 2
1930 2940 7
2493 3513 7
526 4204 1
1771 4548 10
1346 2881 5
3586 4571 5
2522 2598 4
3592 4868 4
244 3691 5
684 3156 7
1849 3250 8
3607 4727 3
339 2280 2
1663 4767 6
2575 4410 4
3312 4439 5
492 2635 8
1943 3532 4
147 3329 10
647 4052 3
2541 2550 5
836 2256 9
2178 2292 5
2921 4446 2
2706 2756 7
3667 4911 3
366 1619 1
2871 4717 9
1100 2091 3
2473 4097 2
760 3488 8
1247 3785 10
1608 3659 7
1672 4959 8
438 4932 8
328 896 3
446 1180 10
738 3917 10
3758 3915 9
2520 3508 9
1062 1673 6
2333 3757 9
1759 1935 5
1349 3009 6
4441 4641 9
1550 1770 5
120 342 8
2700 3660 9
1464 2035 2
278 4902 9
1952 4098 2
575 3445 5
2602 4576 6
1552 2410 4
470 1297 3
2688 4404 8
1656 3983 2
60 594 6
273 4915 3
1729 2124 3
2226 2765 6
940 1509 10
1487 3759 8
3495 4248 2
2659 3072 10
1872 3955 7
2682 2784 7
338 595 10
821 3488 4
1756 4921 8
250 4900 1
3182 4445 8
64 4943 5
1291 1351 5
33 3203 1
1685 3182 2
2060 4637 7
3028 4501 9
42 2567 1
2288 3338 5
2752 4482 8
3463 4240 7
317 3090 8
1983 4650 4
3032 4334 9
2149 2902 7
65 3576 8
1264 4968 4
440 4840 4
2214 3507 8
824 2626 5
1036 3008 7
1328 1761 6
4731 4998 8
2115 3103 7
187 2741 3
3389 4745 10
1887 3970 2
936 3266 6
3546 4506 9
1440 4318 5
3568 4775 4
79 1269 9
1733 3345 3
3563 4137 2
1887 4139 2
490 1908 10
661 2332 2
2196 4485 10
3158 3477 3
2107 2799 1
2002 2387 3
115 490 10
3 1145 3
1225 1636 5
991 4347 10
352 2871 3
2041 3433 4
3106 4765 7
2724 4299 6
1599 4136 5
152 4225 2
1722 1850 2
1134 3654 2
1116 3368 9
1171 2038 8
2572 4279 7
3269 4341 3
117 4102 7
76 590 2
2030 2220 5
3857 4487 1
1374 4645 10
1471 1750 9
373 2111 9
1929 4109 4
3581 4685 1
2305 4303 8
721 4852 3
328 3527 8
3970 4544 10
2855 3198 7
1023 2994 10
2213 2340 8
2768 4754 2
4434 4794 6
3127 3780 4
1239 4222 9
740 4840 8
2386 4794 2
4819 4826 5
4207 4494 4
133 1488 1
292 4236 7
1421 3885 7
2619 4848 10
1041 1166 3
1061 1700 2
3802 4217 2
3309 4728 8
4555 4977 7
1546 2723 10
526 708 1
1647 1753 5
1278 3735 8
289 4664 8
4096 4166 2
171 1681 6
2202 2355 2
1723 2480 4
2957 4913 2
405 4693 10
463 1621 5
2286 3361 8
1608 2413 8
2640 4607 6
170 2760 7
2428 4370 10
3709 4515 2
471 4388 7
1410 3732 6
4330 4474 4
676 4201 7
57 734 5
753 1674 8
976 2549 3
1691 1898 5
2737 3256 8
2904 3491 3
543 3859 7
908 4173 5
1134 3547 3
1732 2219 2
1867 2727 8
818 2375 7
1026 4080 10
668 4720 5
3213 3411 3
1769 1800 3
46 4650 5
3155 4541 3
957 2209 7
1840 3284 9
1102 3568 3
1033 3973 10
1458 3896 7
3618 3870 9
1366 1992 7
3907 4970 4
434 4960 5
670 3383 9
1299 1546 1
2680 3198 9
3487 3864 8
855 3809 3
2987 4597 9
603 1372 8
781 4084 9
378 4232 10
575 3463 10
664 856 4
2749 3077 10
3368 3444 5
4392 4991 4
418 3508 8
4280 4738 1
1384 3040 7
1427 4844 10
1125 2378 7
1803 2896 8
3591 4887 10
1254 1946 5
4028 4646 7
739 4324 5
1113 1165 5
3319 3650 9
3274 4799 6
11 2314 8
813 1891 8
1086 2985 1
1332 2647 9
1322 3072 8
2157 3053 10
1490 3609 5
572 3286 5
3930 4813 9
4480 4644 2
2925 4664 6
1940 3717 4
744 1907 10
338 3873 3
3598 4205 8
1685 4705 8
773 4031 8
1637 3840 7
989 1682 1
884 2123 7
168 2052 6
1070 2801 5
1388 4684 10
697 3288 6
4103 4381 8
2689 3861 2
420 1411 3
2519 4763 6
38 4800 10
232 3604 3
305 1387 4
1357 3985 1
1893 4660 4
1113 4262 3
2312 2480 6
389 3566 7
2674 4945 6
953 3351 8
1250 1433 5
1912 3651 6
1065 2906 6
675 4048 9
3700 4220 9
3379 4824 10
3650 4017 2
509 676 4
43 2668 5
2538 3307 8
4233 4853 4
1244 1745 4
3069 4530 2
873 2138 4
1204 2124 5
250 1484 8
1403 3738 4
396 4322 8
400 1327 6
2490 4037 7
1795 2479 3
239 2410 1
1446 2133 9
525 1193 1
3947 4883 3
174 566 4
2048 4357 4
2557 4365 7
1567 2429 9
1151 3872 2
2896 3303 2
3597 4456 2
1380 2188 6
164 1734 6
2107 4137 1
10 2473 3
3049 3559 9
2577 2796 1
369 937 9
905 4673 3
2976 4275 9
117 3943 6
1729 1999 8
2703 4811 6
129 160 2
1469 4693 5
2108 2203 2
2802 2827 2
1288 2581 8
408 1360 5
2178 4919 7
1419 3686 6
24 1187 4
244 763 6
732 2787 3
192 2835 3
911 3920 7
199 4027 5
1902 3332 6
2346 4378 3
1227 3150 9
3077 4032 7
3750 4726 8
607 4899 9
1025 3382 1
3662 3814 6
795 1349 9
2674 4867 1
923 3827 2
2104 3461 2
649 2686 8
536 4320 1
1363 3306 4
1244 4377 2
1926 3540 6
2147 2490 3
1248 1533 10
2796 3456 8
1618 2734 1
747 3145 10
278 435 9
1187 1580 9
288 4270 7
2146 2557 5
1961 4424 6
1199 3421 8
509 1989 5
377 2443 2
927 2744 10
2755 2878 6
3592 4566 1
1528 3348 2
787 3140 9
2452 2651 4
300 3105 10
2100 2723 4
1680 2706 2
306 4874 9
2119 4515 10
101 3419 8
1778 4727 6
52 927 9
3832 4138 2
1320 2578 5
546 4662 7
108 2195 8
2392 4790 9
1041 2924 2
1162 4551 6
905 1663 3
1045 3895 8
2004 3039 8
2443 3140 3
1374 4470 1
2227 4068 8
1356 1562 7
336 2965 9
2133 3491 9
755 3743 2
1328 3313 2
3243 4684 4
1270 2323 7
1238 1277 2
311 3579 5
6 2624 9
1589 4942 6
2062 4553 4
1877 2470 2
626 4055 9
1543 3449 3
1263 1784 9
676 4626 5
1955 2230 2
839 4545 8
3244 4024 8
2517 4090 10
514 3352 9
2926 4435 8
222 2675 2
4535 4686 9
1992 4728 10
1257 1319 4
135 4643 3
1204 2654 4
2972 3485 2
3077 4224 9
1348 3753 2
9 293 9
486 1968 2
182 2005 3
3587 4902 6
3213 3470 10
2258 3301 3
1635 4438 6
1350 2666 3
1255 3511 5
1075 4693 5
250 2472 4
2198 4382 10
4818 4933 5
4581 4950 5
270 3196 1
2981 3421 7
4734 4912 8
632 3070 2
1101 3551 9
2270 4926 10
2250 2589 5
1466 4472 10
1593 2420 6
881 4132 3
2215 2626 1
1385 1806 10
1683 3088 7
1493 3917 8
196 4028 9
1698 3836 8
281 1426 3
893 1786 8
3635 4494 8
2003 4866 1
1116 1233 3
182 2256 9
4294 4633 7
3723 4403 3
990 1621 8
2646 4640 2
1616 4304 3
376 4697 10
123 4217 4
907 2009 8
1705 3043 8
2172 2995 8
2527 3426 7
840 944 10
1939 2092 2
855 4874 4
2818 2869 10
2417 2450 8
9 2323 8
552 930 8
1850 3494 5
2128 2177 1
2117 2175 5
1051 1229 1
251 3965 10
3822 4007 1
2443 4379 10
894 2721 8
372 897 1
1337 2237 7
2336 2749 3
1636 4925 3
808 2142 9
239 1291 2
950 4522 8
2652 4295 1
2839 4774 1
646 1375 6
577 1446 1
3715 4938 8
2746 3638 5
2119 2567 8
89 288 4
1316 3499 8
177 3035 3
1593 3210 9
912 3515 4
3052 4342 6
1668 4134 8
1942 3826 8
1971 4874 9
2403 2911 9
658 3123 9
92 369 7
3644 4271 4
2494 3941 9
1806 3135 7
2352 3329 9
793 4801 2
316 2689 9
1854 4801 1
412 3474 9
393 1615 7
3896 4132 7
410 4853 8
250 4756 1
802 2191 7
244 4432 1
2780 3182 3
1483 4620 7
2197 2337 4
850 1027 4
2746 3602 10
296 408 1
3765 4084 5
1039 2551 3
2225 2571 8
810 3043 6
589 3626 9
713 3623 5
395 696 10
2700 4603 6
3433 3893 6
959 2039 1
1500 2749 3
3255 4579 8
2470 4514 9
4057 4453 10
59 2895 8
1674 4416 6
425 1033 4
877 2912 5
1744 3027 6
4098 4117 6
868 3682 8
1247 2758 7
3165 4946 7
1182 1970 5
3881 4846 7
2542 2634 5
2333 2670 5
2008 2910 3
2158 4818 5
1657 3326 3
1766 4392 4
660 3225 6
3766 3898 8
962 1575 8
416 3390 5
923 1334 7
1215 2180 5
1778 1903 5
4324 4887 4
656 4182 6
1330 1605 5
2101 3814 8
377 4446 1
2043 3339 10
3029 3833 9
470 4662 10
4258 4263 5
1552 3305 7
44 3194 7
1755 3119 4
1247 3726 10
435 4895 5
1240 1375 6
1220 2907 7
2654 4450 1
1597 2871 7
3697 4095 6
1979 4166 4
1187 3582 6
323 2058 8
133 785 10
117 1371 4
1335 1392 4
1566 4516 6
172 4817 1
1666 2042 4
2213 4918 4
1778 4012 3
1307 1555 3
1865 2789 6
642 1381 5
2363 3031 4
1820 2382 1
1000 4677 8
4115 4969 3
53 188 8
437 858 1
2511 4883 2
2031 3275 8
1553 1952 7
2092 3725 3
180 1661 5
2159 2563 4
1239 3480 5
1048 4104 5
594 817 9
483 1666 4
2807 3590 6
1888 4138 9
893 3268 7
2496 4191 3
822 3450 8
197 2722 3
25 1791 5
2075 3288 10
8 2896 2
3301 3971 1
1704 2921 1
3192 3395 10
1369 4446 1
2306 4439 8
1821 4906 9
2428 3828 9
3442 3745 6
4638 4697 10
1094 2647 3
169 1526 1
1930 2105 6
2688 4517 3
1013 3203 10
1897 4802 5
2103 4370 9
274 342 10
1858 3534 3
1219 2318 1
970 2613 6
1092 3326 10
1706 3818 6
1293 1697 2
2058 2855 5
1267 1579 3
206 4814 7
1136 3684 4
796 1192 8
1832 2893 3
132 4323 7
2530 4012 8
4118 4664 4
1307 3607 9
1572 4834 7
2100 2299 4
219 1846 10
1859 4105 8
214 2309 1
134 2305 7
622 1722 4
3083 4716 7
1648 4138 5
3989 4363 6
2606 3621 1
1720 4974 9
79 2503 8
3233 4965 8
20 486 9
61 2490 5
1610 4382 1
902 2142 5
3320 3641 7
1612 4007 6
1402 4485 3
1628 4314 4
1293 2004 5
570 3890 1
928 4430 10
1122 3142 9
3099 4962 10
596 970 8
1445 3442 3
3693 3854 6
483 3897 6
4177 4856 9
1839 4255 6
1308 1977 6
2290 3132 1
3920 4399 2
558 2173 5
1667 3768 10
892 3245 7
2133 4875 4
1032 2292 2
2051 4271 6
1709 2949 10
605 4214 2
877 1126 5
1902 2731 7
444 4118 2
1173 2238 3
1609 2258 1
2478 3419 6
2125 2217 7
1300 1687 6
4130 4788 2
1621 2796 4
1578 3236 7
1388 3104 5
2324 3170 10
766 1988 6
4305 4635 3
4033 4826 1
1381 2503 9
1530 4695 4
2033 3851 9
1048 2117 2
3688 3943 8
2059 4314 6
1969 3709 2
2254 3380 3
2776 4485 1
688 3219 2
1880 2334 8
1357 2669 6
793 3531 2
3019 4718 3
105 3741 3
698 2195 6
1910 4305 1
1849 2252 4
2345 3098 3
2451 3258 5
2601 4165 3
2911 3947 8
3516 4536 7
118 2518 6
570 3527 1
287 2579 7
3338 3926 7
3181 3569 1
2126 4451 2
2956 3335 7
1553 2897 8
1034 3938 3
1845 4069 7
375 3847 10
622 2853 10
2081 4488 6
126 4683 6
831 2529 10
1807 4193 1
408 3436 2
4355 4736 1
248 3376 8
1442 1694 3
837 1874 8
39 2010 7
1687 1850 1
2039 2418 1
2244 4630 10
2978 3504 8
1215 1658 3
112 3749 8
1988 3992 4
3367 3836 3
2831 4957 9
2 2099 3
2915 3481 8
2538 2588 6
3155 4684 1
1921 3742 8
545 3521 2
1518 2469 8
1435 4848 10
577 2213 7
1101 2892 10
1931 4876 8
2840 2990 4
1037 2358 7
1295 2922 3
1106 4986 5
221 1985 8
1984 4253 2
866 4813 2
2949 3007 9
2199 4723 2
654 1417 7
2171 4394 9
949 3574 4
2340 4419 2
881 1346 6
2164 3511 10
3017 4115 3
808 4143 6
209 1462 3
1351 4059 6
1017 1433 3
4522 4833 9
2486 4155 9
2200 4621 9
472 4999 10
331 4895 5
3656 4745 8
243 908 8
1067 1791 4
2547 4319 1
3030 3043 3
771 4959 7
314 3002 8
183 1719 10
343 539 9
2723 3549 2
3941 4157 5
2504 3241 4
276 495 1
2471 3810 10
945 1640 1
595 2646 8
2010 4623 7
1581 2697 6
4 1759 8
1661 2582 9
187 4919 1
921 3543 8
267 3684 6
1040 3702 6
972 3133 5
942 1655 7
618 3919 8
1313 4706 8
2048 4847 3
2170 4474 1
1014 2877 10
3019 4462 5
599 1649 10
2556 3650 2
4393 4766 2
3388 3661 1
1221 1333 4
682 1189 8
2543 3249 3
303 1257 7
1293 2102 5
4188 4424 2
862 4642 4
314 826 6
143 4365 10
1486 4493 3
519 714 4
1033 2020 4
2502 2778 9
795 4997 4
3377 3471 1
1931 2467 10
2461 4731 5
2591 2801 5
532 2779 3
1937 3839 10
999 1288 6
490 794 10
1299 4935 10
463 3414 7
797 1972 5
2511 3349 2
524 4341 3
1772 2636 9
3459 4361 4
2886 4587 1
641 4667 8
200 4729 3
1377 3883 6
146 200 3
2224 4605 6
416 4969 1
823 2037 7
4011 4420 7
519 1746 1
3139 4242 4
2832 4875 6
1 825 4
652 3953 1
4276 4839 4
2822 4913 4
1797 1840 2
406 3737 9
26 3064 10
143 4962 9
1708 4919 2
485 2251 6
2510 4270 2
1294 2190 3
541 3057 3
3234 4351 2
351 3858 9
1146 4001 5
922 2436 6
2072 2144 2
1143 1724 5
1891 3071 7
1100 4123 7
1760 3143 8
1996 3553 5
459 4135 5
439 4813 2
27 1484 2
1350 3239 4
1766 3899 3
316 2930 9
1956 2203 10
3066 4632 2
2463 2663 2
2887 3349 7
353 2277 8
533 1211 6
396 3847 8
2865 3051 3
1582 2917 5
965 4439 5
1821 3820 2
1741 1813 8
174 4192 8
242 742 5
85 2713 4
1031 1584 2
1776 2453 9
846 2371 8
2367 3153 10
1285 3873 10
888 4002 6
1289 1703 8
921 4608 5
615 2557 10
3878 3894 5
442 636 7
2687 3794 3
1696 4912 2
142 2238 9
2271 4446 1
899 1395 1
663 3508 2
1396 3414 9
21 2593 7
2452 2661 10
148 2727 4
551 1673 1
784 1864 6
1509 2439 8
2161 3888 3
2721 4610 5
1347 1594 7
857 2564 1
244 2261 3
789 3427 8
429 3229 6
2475 2707 8
30 463 2
398 963 4
228 2957 9
659 3911 2
374 455 1
54 3124 8
1720 3795 3
1248 4606 1
650 3810 5
985 3248 4
1287 3909 8
3778 3892 7
560 2721 3
2627 4821 6
642 1778 9
4783 4972 8
1615 2341 6
52 2648 2
790 3365 5
4329 4948 6
551 1759 8
2556 3951 3
2910 4918 10
2150 4562 3
1747 4931 7
584 2704 6
2588 4319 10
658 3371 8
755 1782 9
3980 4653 5
447 3156 9
814 2543 6
2478 3616 8
103 614 10
381 564 3
668 4097 8
2475 3263 5
3201 4468 5
1145 2690 4
3604 4617 10
3479 4140 6
2999 4946 7
165 3962 4
1946 2052 10
601 4643 6
1419 1797 6
299 2927 10
3631 4184 10
2614 3165 3
3392 4189 3
363 4687 8
894 1772 8
905 3552 4
62 882 8
723 2647 10
2234 2572 6
2243 3536 6
1849 4942 4
629 2985 10
2860 3959 8
1994 2329 3
5 4242 4
3055 3396 6
739 4119 1
715 1168 5
9 534 3
563 2214 9
1538 1837 2
14 2687 2
1767 1937 1
1685 1751 6
2803 3475 10
1259 1958 6
1873 3259 8
2180 3322 6
1505 2235 4
1128 3784 7
2616 4119 3
2072 4863 6
1661 3188 1
2570 3818 8
1153 4508 10
843 1517 3
1517 2722 9
259 1382 7
774 2752 6
114 4586 1
3456 4798 4
814 1770 9
60 4734 6
3721 4989 4
1362 4850 9
242 4013 7
2492 4421 10
413 1221 7
2744 3390 9
1608 2205 8
1149 2701 10
554 976 8
1682 3296 5
2460 2794 9
1989 2168 7
381 4300 6
2940 4645 2
1983 2793 3
1062 4645 2
1778 3439 3
1221 2321 10
2991 4665 5
1785 3649 1
1001 1914 7
15 2058 8
85 4244 5
1685 4528 4
3402 4087 3
398 4861 8
4246 4897 4
469 1537 6
3255 3856 1
3906 4943 5
127 309 1
439 3034 5
543 3868 6
1998 4084 8
1373 2536 4
2404 2614 6
1689 1766 8
398 3306 4
2479 4466 4
2673 2963 3
1004 2849 8
1297 2837 10
1234 4723 10
1668 2759 7
2241 4488 1
2964 4579 5
1811 2492 2
1563 3314 10
4744 4834 7
283 3144 5
2196 4060 5
990 2125 6
190 4144 7
3386 4535 8
158 3708 10
3274 4995 6
630 2771 4
3087 3354 5
2001 3193 6
2449 3677 6
1776 4623 3
2000 4134 10
3217 3488 10
1976 4554 6
186 2082 2
244 663 6
1017 1795 10
2036 4132 4
767 2020 5
773 1067 5
224 682 7
1485 4711 10
57 4511 6
227 2478 1
1359 2890 4
623 3516 5
472 2603 10
2738 4957 7
167 1054 6
932 2214 8
2243 3141 5
1094 2311 3
2282 2473 6
3062 4203 7
1085 3147 8
755 2908 6
3565 4809 2
204 2648 8
2102 4171 1
972 4390 8
1105 4672 6
569 1514 4
1213 3853 5
1592 3896 9
444 4007 9
1030 1193 8
1567 2334 3
3404 3437 8
1023 1528 8
794 1258 10
100 790 6
357 844 4
2528 3361 1
2980 4760 10
98 2086 9
1403 3503 9
3538 3820 7
88 108 8
2360 4559 2
2736 4251 9
2188 3738 9
1200 4618 6
397 4637 7
4263 4308 1
2335 2858 7
2657 3906 2
503 2836 9
547 2248 9
3833 4131 6
2376 3322 4
384 2162 1
3388 4248 5
1544 4566 4
608 2727 1
4104 4703 3
2420 4455 9
4192 4282 9
336 1100 1
1384 4996 3
3276 4120 3
263 408 4
172 1781 4
1540 1898 1
513 3878 7
3259 4566 10
426 3754 5
1044 4219 2
2207 3492 2
1655 4315 8
2924 4679 5
12 2423 9
1483 1976 7
341 4627 6
125 4244 2
767 2059 6
823 1609 1
34 2434 6
2006 3474 9
169 2430 5
446 2010 4
3157 4795 10
4595 4730 3
2365 3278 9
410 855 7
161 4622 7
2790 3328 3
2098 3019 2
2256 2428 10
451 1863 4
404 901 6
3976 4015 9
1191 4336 1
565 4267 10
3976 4609 7
2413 3898 3
1383 2281 10
99 1089 6
2702 3144 10
211 1067 7
647 1841 3
1286 3966 3
3122 3533 2
4647 4929 6
3790 4322 2
649 1760 8
144 615 5
1386 3796 9
2857 4371 1
836 1300 1
327 2526 5
1308 3350 9
304 552 5
846 4690 2
539 1919 4
2624 4227 10
675 3255 2
1852 4682 2
1242 3607 9
1531 2300 6
1040 1914 6
383 4952 4
950 3701 8
2278 5000 1
3151 4050 10
810 2856 2
2500 4012 3
2288 4735 3
1602 4631 7
929 4274 5
152 3219 7
1629 3015 4
379 1606 10
937 2554 6
3383 4535 3
3841 3847 8
234 792 1
645 3603 6
428 4918 9
823 2414 6
1222 4505 6
710 1205 10
2590 2884 9
2040 4499 9
2255 2832 6
1021 1620 6
3242 3328 2
627 4784 4
1337 2268 8
2096 2264 1
802 4287 4
604 3197 8
469 1711 2
1481 4228 9
2173 3896 3
2562 2639 2
1991 2227 8
953 4724 4
640 807 9
218 1891 9
1038 4110 8
1669 4527 1
84 2375 2
591 1604 7
1669 1759 9
110 3824 1
1512 2666 8
3664 4866 5
1571 2079 4
218 1677 3
250 1083 7
658 4885 9
1266 3657 3
1507 4054 4
1986 3222 5
530 1615 8
956 4357 8
338 2427 2
1184 1485 9
142 3374 9
1915 3347 3
1260 3805 10
1927 3310 4
627 2370 1
307 2314 2
1426 2279 3
3644 3720 9
2164 4044 6
2031 3340 8
3255 4378 10
818 3893 2
2483 4733 2
2307 2605 4
4869 4963 2
1458 1802 7
3966 4211 1
934 3813 3
736 4503 4
3511 4780 8
428 1921 10
2078 4041 1
701 1015 2
3605 4457 6
1448 3230 3
3413 4760 4
184 975 3
1020 2346 6
2414 2528 9
620 3600 7
3222 3822 6
1437 2540 4
2713 3596 7
1170 2454 6
2005 3848 3
2529 3381 3
314 3098 9
635 1959 4
322 1377 5
2050 3904 1
2118 2813 6
4233 4978 10
124 3282 7
587 4253 7
3168 3850 2
1987 3339 1
1979 2435 9
562 3741 4
3995 4637 4
2577 2660 8
1627 3233 3
515 4277 10
1211 1671 5
137 960 5
3589 4667 7
360 3964 1
1056 4041 1
2545 4982 7
55 3311 10
1023 1381 9
3502 4538 1
298 2886 5
1086 3257 5
183 4145 10
921 964 7
2750 3200 10
1451 3516 10
1037 4526 1
864 1356 6
607 4039 7
124 744 7
732 2434 6
1590 1827 9
4154 4897 4
210 1529 9
791 4649 10
1306 4527 6
3656 4525 3
906 2302 6
1176 4086 1
1944 2302 3
743 4908 7
1883 2708 6
4620 4741 3
1636 3574 1
1516 4493 6
787 1840 3
1128 2322 10
635 1340 5
283 1741 4
87 3319 4
3574 4045 4
2728 4776 7
3242 3940 3
1562 4066 1
1145 3089 5
294 3231 5
2156 4868 5
421 4560 1
2919 3645 2
2282 4500 3
535 543 10
1876 4313 8
2331 3606 10
749 4760 5
1087 4642 9
1841 2800 5
71 3961 9
2514 3957 8
57 3277 5
465 1652 2
1484 2698 8
342 3318 7
3189 3311 8
789 4232 5
1181 2105 8
1635 2336 9
3855 4719 10
915 1058 8
697 3052 1
906 3072 10
415 3890 9
774 4368 5
1314 4672 8
864 4255 8
2560 2853 1
2250 2258 10
2154 4892 2
813 4952 8
1583 4806 9
2454 4818 8
1751 2907 4
706 3936 6
3171 4089 2
2404 2872 7
726 2156 4
1618 2536 1
327 4521 6
3525 4931 2
603 1447 1
724 1734 5
561 1535 7
812 3336 2
924 1566 2
1369 4865 7
1159 2434 7
1219 2630 8
371 861 1
683 2771 2
1303 2202 2
681 4860 4
2517 3858 3
1586 2830 7
78 618 7
1365 1571 3
3019 4839 6
2188 2894 3
514 3556 7
1160 1695 2
930 4098 2
827 1962 10
2430 2615 4
2135 3722 2
961 3539 4
1157 3979 8
1388 3092 6
1753 2257 10
175 818 5
355 978 9
1855 2678 1
2835 3797 10
333 3430 3
1095 3107 4
340 2967 6
3934 4408 10
66 3221 8
1112 3167 6
3463 3498 5
1165 4173 8
1152 4463 6
382 517 3
1246 1796 8
379 1537 9
637 3523 1
1828 3799 9
668 2692 8
1023 2764 10
2528 4970 2
1213 4407 6
1234 3942 6
2192 2453 1
328 1796 7
1660 3377 2
427 2701 1
2151 3631 7
352 1002 3
2323 4389 7
80 3080 1
266 645 7
23 615 7
106 794 10
2385 2521 4
784 1169 3
1279 3847 3
2590 3548 8
3001 3638 10
1144 4699 10
638 2417 3
1394 4435 10
3679 3790 8
4274 4350 7
1 2848 2
1661 3141 8
849 3334 4
2802 3449 3
326 2448 6
87 1738 9
1985 3925 4
1636 1858 8
3264 3746 2
225 1611 8
3302 3909 10
37 385 5
54 1762 7
2157 2670 1
1253 4907 3
2434 3999 4
2268 4897 4
1486 4820 5
1094 1320 6
4043 4256 6
1124 4975 3
166 3335 2
1639 4743 5
868 2367 10
3616 4617 10
1949 3161 6
4925 4992 3
2923 3672 6
1207 3210 5
161 634 2
660 1775 7
97 3242 8
999 3337 10
4020 4286 2
941 2212 1
2555 3245 4
404 1399 2
364 3118 1
3166 4095 1
211 1984 7
1712 4003 3
1108 1213 4
1396 2555 9
3030 4803 8
1018 2083 9
325 3183 2
1110 2683 8
1114 2645 6
2760 3956 9
382 3960 8
781 3100 4
954 1339 1
984 1277 10
345 1322 8
2056 4314 6
1828 2338 4
1361 2194 3
1849 2375 3
2203 2897 6
3486 4161 8
1639 3967 10
4181 4467 2
1747 4962 8
333 4189 10
1616 2700 10
10 2499 5
16 2530 4
637 3216 8
2198 2545 4
2981 3275 3
1333 4749 2
899 2925 5
1531 2009 10
317 1072 1
4077 4856 10
619 2172 6
464 4053 10
363 1704 6
1392 2983 10
1867 3952 1
737 1271 6
1141 1446 8
2077 4653 8
1734 2153 1
346 2580 8
3035 3378 5
2636 4401 4
762 2008 9
1675 3267 8
3050 4879 3
2403 4898 9
1866 3514 1
630 902 9
884 2089 8
73 2594 9
588 4890 5
2279 3660 5
967 1026 8
275 3364 1
8 791 9
1607 4626 7
1676 2078 2
1803 4003 2
740 4217 5
602 4883 10
609 2389 8
490 2730 3
502 1114 9
222 1592 9
1305 1985 8
904 2336 5
923 1313 3
3456 3888 4
1983 3691 2
2807 4849 10
395 2477 7
1231 2342 5
3185 3522 4
213 635 10
833 1732 8
1454 4236 8
2429 3338 1
1037 1961 8
1378 3603 1
1093 4392 9
31 1347 9
1122 1857 9
494 1121 9
2376 3896 6
370 3925 3
523 4183 10
80 3522 6
2036 4486 5
265 4503 8
3481 3914 2
4078 4126 9
230 1841 10
1242 3355 2
122 4211 5
2400 4260 4
1983 3836 4
727 2810 7
2294 4799 3
749 1220 5
1409 2836 10
680 3363 1
1666 3146 6
1762 4917 5
2164 2591 10
558 606 4
157 2101 6
790 1693 3
337 1061 8
2594 3265 7
490 4104 2
396 3341 7
2277 2388 7
3873 4479 2
1372 2636 10
58 3155 5
1174 4042 5
203 4165 1
48 2570 3
1005 2549 9
5 1995 10
2574 4003 4
1609 2725 9
570 2170 9
1246 1571 6
3296 3827 6
750 2641 8
1727 2884 5
2022 2548 3
890 2301 7
604 721 3
483 2297 8
1667 2634 9
1378 3012 4
1023 3926 4
707 1993 4
3948 4755 6
960 4769 8
1913 3570 4
303 3250 4
469 4413 2
30 319 1
2535 3320 1
2071 2896 9
322 1021 3
26 4610 4
190 521 8
1949 4099 4
2938 4187 5
2454 3195 7
910 2026 3
4113 4945 5
1288 3917 1
1445 2969 9
201 4136 2
1935 2909 5
619 4912 4
4147 4242 3
1509 4229 2
2111 4382 7
3884 4527 6
364 763 9
311 3545 2
799 3732 8
151 3403 5
919 980 9
28 1247 7
4143 4595 2
3739 4517 2
3497 3658 7
906 4129 5
1475 3061 5
1929 4870 7
2077 4488 10
3044 3424 7
1223 3945 6
456 2319 8
4048 4881 4
1288 2682 4
1256 2279 8
1941 2250 8
2270 4495 1
2201 2618 4
1899 2645 1
915 4438 1
654 2505 10
900 4512 4
742 4392 7
4845 4945 7
684 1786 8
1184 2528 10
209 1920 9
789 1881 2
955 2138 6
1919 3216 6
2415 3472 2
557 3094 5
122 4048 3
2540 4755 8
1976 2717 3
980 4726 9
3009 3743 1
1958 2693 9
3395 3437 2
782 934 6
3519 4036 1
3179 3777 7
17 779 10
2029 4261 7
985 1357 10
522 2743 6
1126 3998 8
1300 3448 5
1718 2573 6
3133 4677 10
1771 4242 1
3323 3408 9
226 2027 4
301 2256 6
1699 4094 3
294 1555 6
22 1367 3
501 2744 4
288 3697 9
3413 3799 1
2771 2793 7
656 4713 7
825 2328 2
261 4893 2
1623 2363 1
1973 3763 5
155 814 9
2537 3639 5
2 478 1
2055 4075 6
1811 4366 3
2118 3764 7
988 2795 3
766 1296 10
1749 1966 1
165 2962 4
2534 4708 6
292 4774 8
1914 4302 10
736 1363 6
2664 3575 3
472 4678 2
131 3485 4
983 4227 9
1160 2216 8
419 821 3
1199 2523 4
1842 2457 5
129 2590 1
1951 4437 9
1648 4723 3
2243 2671 1
1630 4349 8
1576 3796 10
711 3564 5
932 3180 7
61 1262 10
3986 4050 3
44 799 1
1130 2784 4
200 4813 3
697 1909 7
3318 4736 8
2362 4012 8
2393 4789 2
4190 4492 1
1976 4988 3
566 2064 1
1057 1564 3
1117 1369 3
758 2150 3
514 1213 7
1048 1326 5
4774 4902 4
1064 3606 2
2314 4462 8
448 4357 6
3039 3399 5
140 2381 1
2651 4319 3
365 1122 4
1283 3316 5
609 4700 9
487 686 7
482 3035 2
551 4599 3
1100 1642 6
1363 2114 8
2312 4365 7
1899 3645 8
3759 3852 2
203 3459 3
3822 3887 9
3760 4456 7
437 1770 2
2122 2894 1
2700 3079 5
359 1917 9
1334 1371 9
191 3505 7
561 2684 7
1375 4829 10
351 1396 4
941 1605 6
1676 4843 7
1165 4357 6
1459 3952 2
3567 4072 2
197 4153 7
2776 4534 3
2956 3445 5
2028 4783 4
1314 3530 5
2552 4958 10
2152 4553 7
4228 4503 6
146 3685 4
2903 3886 10
2102 4095 2
1730 4400 4
3228 4612 2
1757 3191 9
370 4957 4
1209 2043 7
252 3341 3
726 3285 7
2309 3947 1
333 2272 10
1438 4775 4
427 529 10
1806 3665 9
1571 4661 10
2133 3663 4
235 2509 4
1526 1800 4
3088 4909 6
267 4933 5
389 1260 1
1620 4312 9
627 700 1
1738 2927 3
1903 4209 2
217 1070 5
1549 3691 5
197 2705 3
1119 3962 5
4128 4518 8
886 4795 2
286 2138 8
110 3324 5
559 1730 10
655 4422 4
1482 1713 1
2328 4034 1
2668 4862 2
1168 4386 6
167 1785 3
2583 3897 9
2644 3844 9
3409 3949 3
128 3091 10
1896 2240 8
670 4426 6
955 4483 8
3646 3764 10
2456 2475 2
2226 2891 1
3934 3952 3
62 292 3
20 2604 5
1414 2870 8
2704 4585 6
3572 4708 6
193 2212 4
421 3409 2
2355 4382 2
2418 3227 4
1502 4683 2
3568 4678 6
1290 4113 9
2762 3069 4
1927 3519 10
1295 3088 3
3085 4468 8
903 3488 4
1548 3955 7
1012 4695 4
3695 3972 8
2508 4973 1
2683 3877 1
2731 4414 3
3226 3487 6
2173 2625 3
3185 3654 3
3819 3848 5
2919 3891 4
267 3756 9
943 3645 3
2251 4134 6
576 2368 3
212 4200 5
1805 4051 3
1453 1708 4
1995 3808 9
534 987 8
569 4627 6
981 2647 2
1217 1555 3
445 1948 3
1155 4146 7
1557 3475 5
1018 2257 8
251 1370 5
1496 1760 10
2650 3920 3
2797 3824 6
788 4928 5
2476 3369 9
1215 4154 5
4789 4959 7
976 2702 9
357 437 7
447 4970 4
2213 3429 9
1249 4805 4
3607 4397 1
2193 3958 5
511 627 2
374 533 3
2940 3352 10
2785 3255 4
3172 4325 1
1854 2826 4
414 1090 2
2681 3836 3
802 1110 9
2656 4629 5
245 1624 3
726 4205 8
853 3726 7
1487 4241 10
2901 2920 3
2486 4533 10
1320 1416 1
2087 2915 4
86 1659 3
1511 4379 3
1932 2635 5
1994 3265 8
1419 1744 2
1810 4332 4
2061 4658 4
1520 1854 7
1778 3397 9
2641 3809 1
120 1516 2
786 2337 7
3363 4345 8
1801 3509 5
2909 3299 1
276 1858 3
1553 3672 9
453 1029 8
174 2155 7
340 2457 10
3392 3639 7
596 658 7
3245 4399 4
1785 2090 10
3864 4322 9
433 3344 7
832 1781 6
980 4898 1
646 1636 1
2841 4032 1
1591 4324 7
337 4645 7
2850 3550 5
3077 3719 9
2604 3605 5
1373 3532 2
991 2850 9
1362 2542 10
3857 4403 4
4219 4517 2
1373 4393 5
507 2831 9
258 1696 8
111 2437 4
1283 1430 6
779 3772 6
904 1427 9
720 1463 7
1101 3313 8
1545 3216 5
1150 2371 3
2469 4502 2
409 1175 6
2744 4485 3
155 4641 8
1981 4808 5
2006 4577 1
1063 2560 6
63 3100 9
3349 4051 6
991 1068 8
382 2594 5
1318 2221 8
2712 2730 7
874 2979 3
3093 4678 8
2694 3428 1
673 2976 7
237 1778 4
684 1805 10
971 2302 8
1378 2123 6
1229 1851 3
1478 2884 8
970 2642 4
1150 2453 4
3196 3887 3
347 885 1
751 3829 4
2673 3358 8
2334 4530 7
1976 2739 4
243 3900 2
1489 4951 3
2429 4716 3
4391 4556 3
1259 4193 4
816 1649 1
124 2220 4
1314 4027 6
825 4219 4
1812 4075 5
49 4696 9
472 4498 5
2323 2701 4
2258 2961 2
2618 4263 6
615 790 10
2293 4118 4
405 4950 2
2293 4602 4
902 2240 1
72 4192 6
422 4783 3
1023 3908 3
2292 3998 7
264 3120 9
1587 2147 9
805 4060 3
1523 1914 2
1554 3463 7
827 4932 3
825 4296 10
4511 4787 6
2018 3316 2
402 2686 9
1763 3919 1
3268 4434 6
3157 3305 4
1397 2515 3
4769 4890 4
1705 3818 8
2127 3098 7
2573 3694 9
705 2066 6
464 3908 10
1324 1526 4
102 4534 4
358 1813 8
243 1841 6
3653 4749 3
1791 2588 8
1573 1722 10
1432 1938 4
4816 4840 4
232 3792 2
315 4342 9
66 3776 10
2381 3732 6
967 2152 8
1197 1213 1
810 1385 8
4073 4699 2
1217 1563 8
3185 3527 5
1003 1713 9
2504 4412 4
885 2243 10
3793 4907 1
1545 2893 1
1808 4857 5
2132 2503 3
2017 2383 9
4483 4765 3
355 4454 1
1352 4755 6
2561 2688 5
1859 4334 7
151 4107 4
354 1385 1
3011 4008 2
1181 2656 5
331 1695 2
1970 2988 8
131 3115 10
1125 4735 3
1958 4516 7
1173 2225 3
2542 4820 2
2368 4554 9
469 2087 7
868 4240 9
2929 4824 6
219 1272 2
962 1467 5
1217 3865 3
211 1795 2
3084 4046 6
966 3578 2
3837 4972 10
1447 3471 5
2210 3075 7
2959 4471 3
2707 3069 9
748 1764 8
2074 4708 8
614 1278 10
2572 3133 3
575 789 5
2410 3750 10
3101 3146 5
1723 2726 7
2824 4275 1
1312 2340 2
1440 3920 1
2828 2830 1
198 1960 8
3493 4455 9
299 2898 9
1184 3222 2
215 2918 3
613 2772 1
385 4458 4
351 3735 9
790 4814 3
924 4567 5
952 2452 6
1090 1659 8
2750 4764 7
871 4014 1
212 3424 10
2347 4367 7
3732 4932 10
875 4519 5
3591 4061 2
1793 3791 1
2481 4138 2
2566 3773 8
1560 1699 8
912 4852 9
937 4346 7
157 2259 6
178 2632 5
1996 4723 2
2251 3045 9
1253 2977 2
3597 4794 6
470 3376 1
1715 3796 1
1740 2557 7
2420 3950 10
2739 4190 9
7 4355 7
582 3459 9
709 3616 5
10 3763 6
1389 1590 4
1975 2648 8
3359 4440 8
2471 4969 3
1762 1899 2
582 2925 4
85 3747 5
959 1806 6
2434 2978 5
2911 3885 1
145 842 5
156 415 1
2597 2890 6
573 748 1
3050 4011 6
428 3127 6
3587 4891 9
1628 2199 3
1657 2113 10
1602 3537 8
2359 4444 10
500 1264 1
348 3368 4
4316 4679 5
2039 4497 4
188 193 2
4389 4604 5
1155 3493 3
2372 3822 4
1176 4240 5
1949 4630 3
1604 2317 2
702 1176 5
1913 2043 2
1164 4155 6
2292 2318 10
2708 3769 4
226 1554 6
2181 2886 5
825 4160 9
2647 4128 6
3713 4068 4
846 4469 4
473 1648 2
1469 2024 3
3735 4880 4
613 2293 5
2154 4693 4
2564 4306 8
2119 2856 3
2201 4903 5
1774 3327 9
1357 4903 7
1737 2589 8
1422 3882 4
2153 2224 2
477 1989 8
1645 1817 5
611 1517 5
358 2987 4
1652 3352 8
178 4045 5
10 3002 3
317 2140 5
198 1409 9
782 2966 10
4897 4997 6
4135 4915 1
1035 2641 2
1493 2180 10
70 1968 7
3240 4189 9
12 2735 8
220 3832 6
2810 4308 10
1571 3846 1
907 3556 1
909 4383 8
3841 4090 3
2769 4352 3
2292 2463 1
1144 1718 7
523 2168 2
3394 4638 10
4352 4565 7
2852 3391 3
2057 2060 1
4048 4088 6
421 631 2
1582 2175 3
2535 4065 2
144 765 4
1200 2024 2
1194 4468 6
613 3644 9
918 1889 5
341 3342 9
1367 2446 10
760 3913 4
3063 4594 9
2103 3707 7
174 397 6
494 3706 3
2924 3334 10
982 4017 4
2075 4956 2
1749 4812 5
3561 4188 10
916 1374 2
418 3190 6
304 3727 6
665 2917 9
2545 4490 2
503 2470 6
80 4019 1
1878 3883 5
555 1145 3
4317 4944 6
2796 3076 3
2280 4936 2
3465 4420 10
32 1098 1
1745 3481 8
1688 1804 8
1268 4323 1
2823 4526 4
747 2726 7
2758 4972 9
1664 3572 2
3151 4393 3
1602 4808 8
1335 2560 6
968 1910 7
107 2773 6
1474 2063 1
2787 4182 3
1654 4157 8
2821 3812 4
774 1103 7
3610 4362 6
1088 1464 3
1017 3292 3
1358 2041 6
2158 2620 1
3817 4246 2
2475 3508 9
1407 2713 7
1750 4403 7
184 1425 10
1954 4424 10
687 2596 3
1415 3177 8
3274 3662 4
1527 2943 7
1404 4714 1
2303 3119 2
355 2630 7
593 4259 10
213 1135 6
1244 1381 6
252 3749 3
782 2111 9
855 2458 9
1271 3757 8
3643 4614 6
3701 4790 1
1883 4004 2
518 1009 8
599 2130 1
179 1665 9
781 4989 10
67 2463 6
4221 4389 1
980 3132 10
1223 1876 2
551 2213 4
716 2860 3
116 639 9
2038 4326 9
3749 4221 6
2485 3454 8
1272 3747 9
399 2158 5
394 4203 8
1325 4828 2
10 1358 10
419 3292 6
719 836 9
2339 3307 9
4422 4602 8
2920 4242 9
2078 3596 4
104 4981 3
2561 4244 1
911 4002 9
479 1416 5
3811 4566 1
141 1039 10
247 3106 9
2171 2926 1
4388 4445 4
1984 4346 3
1701 2459 4
1432 2617 10
612 1368 7
138 1394 4
1056 3829 3
332 1403 3
1094 3407 4
1557 2004 3
26 4743 3
1738 3449 6
220 2761 4
3923 4263 6
3209 3941 3
1128 4668 4
1162 2030 4
188 698 3
400 2809 4
1698 4294 2
1134 3624 1
1368 4462 9
21 81 3
2300 3826 6
258 313 5
3057 4317 8
2805 3023 6
2215 2811 3
515 2199 7
1876 4459 6
647 1711 8
2106 3377 6
893 3871 2
459 2410 8
2399 2403 5
244 3414 5
2205 4408 6
2525 2842 6
1894 3608 6
1733 2402 10
1021 3980 2
251 964 1
894 3201 4
2577 3171 10
908 1757 8
2714 3259 1
1059 3518 10
2529 4619 3
1714 4729 4
3288 3609 9
3340 3363 6
453 2428 3
1112 2834 7
2337 4328 6
3318 4291 9
280 4078 7
1355 4383 5
2121 2438 3
504 1592 7
1728 2547 6
2079 2862 7
1384 2694 10
601 1962 9
2126 3526 2
216 938 6
643 4778 3
918 4995 10
1379 1490 9
671 1059 10
3300 4748 5
557 3249 3
3366 3517 5
902 1399 2
1766 3113 5
3803 4977 1
2433 3642 5
2598 3097 5
2403 2727 9
550 4257 3
802 2873 6
3154 4647 9
1544 3137 10
3278 3588 10
1522 3953 9
459 1858 5
240 2588 8
316 757 7
71 346 4
157 1146 4
517 4787 4
24 4285 2
702 4340 7
4028 4381 10
3475 4851 4
1312 1861 7
2705 4979 1
4400 4532 6
4417 4560 1
1675 2944 10
1902 4245 5
1842 3939 1
712 1793 3
1003 1025 1
576 4274 10
434 4646 8
488 2327 5
182 925 10
2233 3309 1
1583 2646 3
582 1164 8
726 4921 2
278 307 10
207 1484 10
685 4865 9
1037 4243 5
992 3991 8
1566 4399 6
207 1975 6
1416 1616 9
2160 2376 6
3133 4615 5
350 541 7
3148 3285 5
4218 4230 7
39 119 7
1749 3357 6
1498 4638 6
1440 4013 10
3366 4883 10
487 3451 4
1179 3015 3
2960 4642 7
1155 3587 7
456 1079 2
3590 4418 5
3257 4837 4
1522 1865 8
1579 2204 5
160 1569 7
2066 4414 10
576 3989 6
3212 3569 8
1875 4175 3
599 1514 4
423 4105 2
796 3819 6
4506 4633 6
987 3506 4
392 2585 2
812 3882 2
932 4001 6
1915 4680 10
1182 1897 8
520 879 6
1612 4738 5
732 2294 9
413 3184 4
4452 4789 8
256 4918 3
654 1824 2
2795 4527 9
1733 2236 7
3056 3230 1
833 2305 6
3366 3749 6
3193 3549 6
703 2796 1
1582 3575 3
793 2931 1
1858 2863 9
29 188 9
1180 2988 2
2583 4104 9
911 1317 5
551 3327 2
2420 4179 3
2774 3018 6
230 1633 3
1894 3189 3
169 411 10
3129 3611 9
2366 3999 6
1904 4697 6
3779 3952 9
140 2159 7
2786 3993 5
1666 3650 1
1439 2132 3
3733 4856 1
3828 4366 6
1969 2021 7
3635 3827 8
2818 3373 9
2292 3691 1
2530 4724 1
1064 1171 4
694 4154 2
89 4589 2
571 1226 7
1312 2733 7
2874 3245 2
919 4055 3
551 3347 4
2545 4047 3
1520 3213 7
450 2231 3
1899 2281 7
87 1381 9
1655 4009 5
335 4366 8
1330 2754 8
2862 4667 6
1750 3057 1
405 1982 9
1856 2599 2
1719 4041 3
2102 3174 10
2387 3881 10
288 4744 3
1622 2114 7
565 4098 2
1933 4178 5
1558 3005 3
2173 2582 8
1305 2022 8
932 2546 5
3296 4249 5
1618 3922 10
3113 4402 2
179 4332 5
145 1943 10
1381 3425 4
302 4311 1
2190 2964 3
1026 2500 4
2080 4848 2
2867 2934 8
183 1118 1
185 4575 6
1795 3813 2
924 3766 10
3123 3716 2
716 1387 6
250 2577 2
473 4632 7
647 1767 5
812 1975 7
1006 1888 7
323 1600 9
2014 2922 3
2841 3211 9
3050 4689 10
1850 3625 9
2430 3489 4
602 1561 10
47 114 3
328 4153 2
2644 4789 4
200 3071 8
1402 3765 4
2858 4010 4
409 3250 4
614 740 5
1212 2790 2
1769 2383 2
1948 3979 10
1588 3198 10
1660 3168 1
1401 2156 1
1165 2378 8
14 4719 2
4626 4924 1
772 2880 7
3292 4970 5
1674 3253 1
381 2636 6
183 239 6
2328 4703 2
50 3475 7
1602 2724 4
762 3821 5
780 1157 4
1183 3286 1
673 4907 8
341 1160 6
2186 4637 6
1459 2536 8
178 513 8
1265 2100 6
575 1489 1
1516 2467 2
1437 3222 3
1932 2437 3
2595 4120 4
68 4635 8
646 4283 5
488 1161 1
1426 1952 6
4666 4763 3
3570 4034 3
130 480 9
1228 2300 10
3194 4579 9
2254 4980 4
1760 4727 3
165 4427 1
675 1215 4
2943 3143 4
2852 4795 8
4372 4511 6
1652 4798 9
2110 2833 5
2386 3046 10
1308 2622 10
3125 4817 5
531 2021 9
3452 3931 2
1134 4145 10
1646 1653 6
432 4020 3
206 1732 7
1840 2576 8
3001 3217 4
2176 4166 3
3216 3881 6
3313 4335 3
310 3298 1
2724 4261 2
1384 4471 7
3411 4617 1
806 2913 8
245 666 3
823 2038 3
2829 2903 9
321 2946 6
3590 4381 2
2546 3648 9
2220 2825 9
1555 2205 4
1138 4658 3
2007 2580 5
151 878 3
276 2752 2
2038 3317 3
1588 4283 9
2144 4226 10
2717 3088 2
2447 4457 1
235 3356 7
468 541 6
301 3624 4
176 1250 7
145 2400 8
338 538 6
1633 2718 10
679 4730 1
356 4840 9
276 3327 3
606 3384 5
417 3803 2
3009 3346 3
1648 2461 6
527 4000 8
1332 2563 3
1350 2930 10
16 639 10
3148 4679 8
1783 3939 8
2959 3648 9
23 2613 5
142 3915 6
2269 4356 6
1978 3440 5
1167 2461 7
3852 4782 5
1400 2184 10
126 2469 2
2064 2520 2
148 4550 1
2846 4757 7
127 1929 6
1073 2530 7
2162 4237 9
516 4570 10
496 3400 2
2092 4535 5
124 1546 3
1114 2282 2
2274 3529 4
4010 4904 2
1360 3784 3
4496 4672 7
1786 2401 5
1640 3101 1
768 3566 5
816 1763 10
36 254 8
2043 2706 1
1392 3971 3
1069 4098 4
290 2724 8
1287 3966 8
555 815 1
2213 3792 4
3855 4149 4
2461 2642 10
279 669 8
698 2677 8
2283 4242 7
24 2141 3
2741 3504 3
196 1375 8
1194 3270 9
3157 3834 5
4253 4835 4
2815 4042 7
266 4200 10
1863 4326 2
446 4394 5
3831 4265 3
1176 2405 10
150 1480 8
1863 2343 3
891 3659 3
3912 4010 5
1907 3152 3
1192 3874 7
517 3725 5
454 1694 9
1864 4250 10
3069 3398 6
2444 2566 8
2648 3351 10
1409 3178 1
3328 4343 5
2268 4287 7
1461 1813 7
2695 3289 10
2488 2914 7
2219 2509 8
2775 3333 10
1815 3531 9
372 1771 4
2015 3895 6
2447 3120 2
1618 1744 5
293 2286 5
3912 4968 2
32 1381 9
378 3039 9
595 4377 1
3691 3791 3
2528 4891 4
3186 4877 7
492 2805 1
3949 4321 2
226 1195 8
3120 3737 5
1852 2409 9
41 4077 1
1334 3462 5
2683 4422 3
295 348 7
1148 1920 9
3295 4841 1
600 2754 4
416 3959 10
1641 2735 2
433 3714 5
2658 3475 1
542 4192 9
4463 4523 6
2562 3062 6
3357 3567 4
162 3374 8
1368 2077 2
1256 3622 10
612 4171 3
2031 2726 4
2447 3271 8
331 2934 6
405 3331 1
1270 1980 6
1755 3498 3
585 1451 8
3927 4398 8
3095 4281 10
30 2226 10
2995 4779 5
787 4851 7
2116 3483 6
1750 3104 5
1343 2670 5
2483 4782 4
950 2054 3
816 2594 7
1593 4010 10
391 4830 6
1988 4285 3
1035 1418 4
1852 1988 10
1495 2720 2
3448 4909 7
1805 2483 3
1020 1486 7
1336 4399 4
4541 4865 4
2399 2553 4
854 4742 7
1901 4056 9
1089 1872 10
987 1663 8
338 4668 3
680 1762 6
893 1646 3
3652 3868 2
90 750 8
3623 3776 3
1140 3640 1
1710 3070 6
1025 1572 1
245 2156 1
406 1265 3
1552 3801 8
2709 4856 5
1966 4578 5
1281 3525 3
681 1846 9
1526 3433 3
1300 2511 6
2409 4123 7
1843 3718 10
5 4251 8
1750 3115 3
3497 4225 7
87 1390 6
2239 4223 2
2497 4589 6
2131 2247 8
2048 3898 9
2657 3513 4
2964 3545 8
1916 4636 10
418 1325 2
2187 4314 8
862 2736 10
738 3352 2
723 1226 5
2543 4524 2
1202 2175 9
967 2413 9
2322 2651 5
2039 2548 10
1098 1629 9
1986 2594 5
213 1513 8
1231 1882 4
1942 3078 7
210 1441 4
155 1000 6
581 2751 4
1391 1813 5
3426 4746 6
940 1011 9
62 74 8
454 4464 7
1135 4856 10
258 489 4
2251 2564 2
3148 4952 1
487 4951 10
439 4729 9
2215 2802 7
1791 2891 8
526 913 4
226 783 5
64 2550 2
1906 2125 9
1988 2850 4
225 1087 2
1191 3465 6
941 3295 7
1186 3423 4
2302 3732 10
282 3189 4
1556 4953 10
175 1420 9
2319 3604 10
828 4565 4
820 2893 1
2361 2935 8
2923 4716 1
1317 2148 9
359 3788 3
3006 4181 9
4194 4585 2
1075 2693 9
3639 3857 3
3334 3862 1
954 2646 6
250 2058 10
3488 4683 2
324 4087 9
2841 4289 2
2400 3697 2
26 1848 7
197 4619 6
1405 2661 3
3629 3786 7
2059 2209 1
1129 1999 10
228 998 5
2178 4051 2
2316 4843 6
47 4310 7
15 661 2
1286 4898 2
232 905 5
1508 4076 5
739 2435 5
81 2985 10
3062 4177 6
826 2643 8
496 3675 2
99 701 3
94 3537 7
261 3810 3
1455 2306 9
186 3438 5
1894 2260 7
3849 4583 8
2788 3180 9
1530 2595 5
522 4494 8
1790 1917 6
1271 2045 9
414 1975 4
2115 2454 7
1887 4657 9
149 2537 2
282 1141 2
91 3639 2
315 1792 5
1414 4044 8
2539 4473 6
1491 3169 6
1458 4836 8
824 3909 1
1721 4844 4
557 3614 9
1019 2518 7
454 1654 4
3007 4872 9
592 1219 6
355 1847 8
498 2257 1
333 337 3
1211 3168 10
325 1263 1
2091 2691 5
4174 4331 7
406 569 6
922 3316 1
1069 4298 2
341 2660 10
933 2205 7
1377 1728 3
373 2220 4
811 4069 5
220 835 2
2979 4371 4
783 3975 4
207 3104 7
2486 2708 9
2984 3718 10
3556 4763 6
2522 3018 8
2564 3928 9
1875 2611 8
137 1829 5
2675 3050 2
3243 4885 4
3348 3570 5
680 4347 10
1462 3076 6
2346 3309 6
3116 3872 2
1565 2306 3
1571 4208 9
116 4836 2
854 2732 9
925 1971 9
1062 2998 3
2881 3694 9
2343 4952 5
1500 4418 3
1130 4646 9
1818 4557 1
411 2576 1
2304 4471 10
1852 3531 3
268 4224 9
1218 3423 8
1715 4943 2
628 3649 8
2523 3870 2
1425 4328 4
263 4043 8
319 2558 10
505 2398 9
220 1703 10
3002 3853 5
1009 4062 2
151 252 6
1505 1832 8
3836 4425 5
2315 4119 3
1526 4804 10
1579 3963 2
1903 2352 1
2637 3186 1
1809 2062 8
1185 3869 8
161 3111 1
917 2548 2
2782 3892 10
666 2457 10
2003 4922 1
2506 2617 6
800 4339 8
3043 4606 1
1922 4245 8
1330 4146 3
582 1258 8
93 807 5
2032 2377 8
1081 4202 10
1907 3568 7
775 2398 9
3768 4332 3
3227 3853 7
2399 4383 9
3124 4070 6
2725 4107 1
167 2302 3
2722 4464 7
215 791 5
2063 3489 5
255 305 4
2311 2884 7
4348 4601 6
983 2075 2
556 1935 2
110 4953 8
1941 2960 9
756 2115 6
1747 3443 8
1129 4662 8
1635 1750 10
1572 1840 1
678 2259 10
4327 4843 9
923 3840 5
86 100 3
3366 4824 6
1998 2396 8
1233 1283 10
684 2377 2
1425 2856 1
243 4138 2
274 4279 2
1334 4300 4
1484 2248 3
2358 4688 1
712 4858 2
1733 2780 5
138 4246 6
1777 2229 4
4881 4945 5
668 2393 9
894 1164 1
981 2502 9
2214 4461 7
2560 4391 3
1021 4076 8
284 1485 4
1046 4971 5
2928 4567 4
677 1648 1
1588 2899 6
552 3635 6
734 1247 10
2785 4369 9
2916 4775 7
1828 3945 4
196 2199 7
523 3418 7
2402 2434 7
1347 2235 1
3169 4486 2
2248 2716 7
3471 3755 10
1778 2037 2
974 1261 5
436 4806 6
887 1850 6
1474 3526 10
945 3692 7
664 3868 6
2502 2788 9
2751 3110 9
1691 4032 6
2651 4471 3
3308 4142 5
1082 1113 6
4175 4776 2
2303 2668 2
3924 4656 4
1415 4512 8
1549 1829 6
1946 4334 7
494 729 1
165 4037 7
2277 3095 3
471 728 6
648 1461 7
1789 3800 9
2189 2396 4
883 2633 2
208 2074 4
415 1922 6
210 4029 5
3486 4791 4
2523 2720 3
2535 3414 9
1151 2559 1
2625 2713 5
933 3067 2
487 2980 8
1413 4272 9
1581 2735 5
1057 2947 1
1618 3900 8
294 1014 6
91 3011 9
230 1171 5
913 1323 1
3674 4790 10
3430 4464 9
1763 3956 2
410 4855 2
553 3833 7
2511 3505 8
170 3870 1
411 4859 5
3164 4014 2
200 1084 4
676 3191 10
882 3602 9
2280 3408 7
3888 4995 9
2612 3963 7
1913 2253 1
85 1851 4
468 1012 3
1763 3248 9
1272 4634 4
442 4372 2
163 2567 2
860 2605 9
1683 3728 6
2755 4822 1
2826 4202 2
511 3556 9
1223 3417 10
707 2726 1
2377 4124 6
3094 4580 1
60 883 1
457 800 1
3871 4616 10
438 3485 1
714 1721 10
1942 3253 4
2250 4284 3
267 437 8
2889 3333 1
1638 4443 2
1860 1946 6
1065 1940 5
917 2688 1
1867 3359 2
95 700 1
2823 4786 3
1106 4732 1
110 124 5
795 3454 1
278 4289 2
1535 3832 4
2086 3401 9
827 1194 4
3206 3266 4
2138 3121 1
2488 3055 9
1122 2531 3
1059 4144 8
2912 4883 10
541 3471 7
3581 4046 9
1459 3590 8
604 1399 5
1534 2790 1
2913 4941 7
2626 4223 7
1505 4072 5
3375 3941 6
502 749 3
2669 3244 5
321 3291 4
516 2693 7
2983 4551 9
209 3159 1
1073 4979 7
2230 3330 7
514 3091 5
1900 4184 8
1650 2392 6
2105 3831 7
2405 4851 1
1064 3954 9
821 4830 3
950 2005 7
1770 1935 6
2396 2858 4
2240 4091 2
229 1016 8
2094 4298 3
2606 4344 5
77 3172 10
481 1063 7
3162 4010 8
3276 3616 6
281 4019 6
3819 4381 8
641 1216 4
1333 2745 8
798 3889 6
3106 4341 4
3039 3136 10
2942 4820 1
2204 3862 10
2238 4936 5
575 4760 5
3859 4780 10
403 3169 5
2765 3273 5
2421 4373 1
3120 4524 8
1228 4206 4
3589 4571 4
3508 4511 5
1101 3119 6
3503 4766 10
519 4043 4
1373 1822 3
4412 4754 9
1109 4079 10
2795 3732 5
185 3419 7
1878 2375 10
210 647 7
457 482 2
992 1465 7
186 3723 4
1538 2159 5
3760 4504 5
2605 2957 8
702 4931 2
898 3448 6
2000 3527 7
4171 4353 10
4242 4378 6
933 4204 1
2780 3790 1
567 2114 6
3770 4927 2
4732 4900 2
539 4160 1
2206 2277 1
1740 3733 10
919 1114 4
558 700 9
2634 3315 8
1250 1506 6
69 272 2
984 2391 1
1357 4847 7
1754 4605 9
821 943 4
526 3434 2
2591 3586 1
2211 4714 7
2456 4164 10
789 882 8
705 2624 1
3618 4216 9
2546 4657 4
1549 4595 8
1894 3058 9
29 2541 1
2292 3527 10
2963 4248 7
1022 2641 2
447 4745 1
457 4759 8
1625 1850 9
225 1188 10
629 2664 9
1276 1489 10
1673 4167 6
285 1962 6
1439 3420 9
2121 4249 5
244 3361 1
137 4539 1
754 3634 6
2796 3408 7
3749 3889 3
737 3092 4
284 4572 5
1715 2034 10
2308 4522 2
980 1548 9
2097 3720 7
400 584 5
3117 4206 6
364 1800 5
1311 3430 7
2225 2976 2
1630 2028 8
2702 4141 7
115 4633 6
3886 4325 8
1986 4657 9
184 377 4
2213 4070 1
86 4521 4
2359 3956 5
2779 4279 9
556 1584 4
1243 2483 9
599 2807 9
1578 2147 3
481 2712 8
1876 3107 6
2015 3443 6
1415 4481 8
1279 2628 6
2465 3337 7
249 3841 7
1106 2964 4
452 3263 3
1017 2350 1
2595 2712 1
2169 4199 3
1320 2559 8
143 1024 1
306 1892 3
2410 4225 2
975 4596 10
868 1654 4
2205 3369 6
1347 1466 7
1396 3263 9
1730 2807 9
1161 3686 3
429 1983 10
2549 4188 8
785 4742 9
2430 3410 7
2768 4905 5
1175 4719 7
1680 4424 6
302 2293 1
3325 4530 4
1650 2251 4
2992 3634 5
4000 4329 4
1479 4586 5
2416 3024 9
855 3830 1
2191 4155 6
2255 4127 10
1269 3361 9
4063 4922 4
2465 3884 10
2540 3093 4
1126 2275 9
2288 4849 9
1634 2991 4
1441 1660 10
2857 3911 1
2095 4210 8
464 4148 5
671 2987 6
513 3089 5
160 1030 4
764 1106 2
3105 4596 6
1681 2349 5
1640 2463 6
2141 4774 8
3304 3305 2
1324 2151 3
1173 1232 2
43 3749 4
431 1294 7
788 4490 5
344 3081 2
956 2958 8
2009 4392 10
542 1911 5
1527 3559 10
1291 3522 3
480 2269 5
94 4164 3
1733 3919 7
2782 4318 7
2748 3040 10
757 1945 2
1567 2902 1
2606 4973 10
2248 3739 1
3588 4356 4
361 539 10
2098 2114 10
178 300 6
2798 3874 7
1156 2318 4
3133 3740 8
1301 2841 2
4045 4864 10
2494 3506 5
1656 4004 10
389 1054 6
96 811 9
1388 2656 4
448 4348 5
375 3952 7
239 1948 6
1130 2522 8
3178 4219 2
842 4267 2
1104 1639 6
894 4489 1
3133 3647 8
3045 3566 8
1532 1972 5
1340 3754 4
3137 3449 1
2869 4187 7
1289 1988 2
270 1845 4
1943 4511 8
1047 1197 6
1249 2965 6
1834 4433 1
3479 4520 8
2399 4497 7
1979 2393 7
3897 3938 9
2498 3846 2
325 2186 9
761 1227 7
720 1144 1
290 3089 6
441 1836 9
1490 2059 7
3476 4034 4
1780 2886 7
3838 4502 4
3818 4475 4
1501 2454 2
1516 4326 7
175 4983 10
867 4815 8
593 1732 9
1442 2117 8
1291 2023 8
516 2177 5
4250 4327 2
3829 4561 7
1061 3361 6
3020 3564 3
1152 4020 2
1318 1579 3
1018 4798 3
903 2425 3
1448 4295 5
839 3939 6
4128 4397 6
1617 3318 5
962 2600 7
2233 3650 7
1143 1663 10
2160 3293 8
922 2568 7
2106 4989 6
627 1655 7
1232 2099 3
1859 4647 6
2811 4827 9
235 969 4
2130 2234 5
1178 3717 6
808 2296 4
1772 3577 8
1842 2592 1
3929 4882 10
2284 3291 9
3666 4381 2
1737 3595 1
2036 4776 4
1634 3574 9
1078 4854 5
2625 4091 3
2658 4989 10
1592 4916 9
249 2927 2
2777 3527 10
202 1373 4
414 1969 6
1314 4431 3
402 3832 1
1561 2832 1
3146 3664 5
953 1604 4
1784 4038 10
3392 4347 7
18 3464 1
410 2901 6
169 3043 8
146 2430 8
3992 4147 2
486 2401 5
1296 4208 2
2721 4919 1
706 3679 8
2487 3451 6
1320 2954 3
2375 3735 10
80 2730 3
3244 4663 1
2395 3561 9
3241 3951 1
503 1024 10
2086 3471 7
697 1411 9
1685 2472 1
800 1805 9
1217 1570 4
1948 4849 7
682 2009 2
152 375 7
3027 3967 8
807 1132 7
2957 4481 4
2661 3505 7
386 3666 1
53 2826 9
2954 2972 2
1735 4267 6
1000 2054 5
1577 4982 3
1872 2073 2
2972 3339 3
1639 4247 10
1115 4502 7
1145 1659 6
1945 2498 8
2753 4723 8
2286 3058 8
255 1921 6
534 1594 5
614 3066 10
1340 2096 8
2078 2335 2
470 4943 10
2735 3663 3
2692 4531 7
1197 2032 3
1007 4617 7
1672 1738 2
2044 2450 2
1337 3451 2
488 1921 9
180 1989 5
36 2559 8
1094 2090 6
441 731 1
656 4218 3
1822 2765 2
952 1784 1
779 1454 8
1012 4643 3
2790 4984 8
2742 3934 6
2377 3410 7
447 4777 6
1140 1803 4
2370 3708 5
1582 3874 6
220 2287 9
735 4782 3
991 4041 5
323 3024 10
3713 4962 6
1875 4106 10
3762 3855 1
995 4565 6
3587 3894 6
2016 4917 6
1322 3213 1
1926 2628 7
1188 4607 6
1505 2451 1
2149 2468 10
373 1039 2
740 2953 1
2471 4307 4
1596 3902 10
4776 4999 4
1030 1337 7
1623 3312 4
866 905 10
2582 3959 10
933 2387 5
990 4601 4
4186 4327 3
373 1706 5
1213 1705 7
455 2370 2
547 2048 9
2056 2725 3
1926 3641 9
869 2205 4
2291 2628 3
1633 3136 5
2480 4022 5
2186 3414 4
4591 4736 10
2028 3909 2
1525 1601 10
1103 2734 4
2110 4014 10
110 694 4
1026 4967 9
1071 1936 8
343 4820 9
1860 4781 7
1592 2694 5
944 3456 8
755 1935 7
391 2478 6
3860 4239 1
307 1408 7
352 3582 2
3478 3929 5
1429 3822 7
856 2227 9
901 2444 2
3441 3514 6
29 177 9
4486 4922 3
46 287 9
2976 4758 3
79 1946 6
3078 4783 8
2147 2769 1
1070 3814 5
868 4124 7
215 1724 1
2337 3635 8
2451 2622 5
1145 1802 5
345 599 6
1890 2529 6
2435 3531 1
310 3963 6
567 4312 10
170 1991 4
1393 4294 3
1977 4451 1
147 2329 8
130 781 1
1217 2551 4
235 932 7
577 2552 10
1927 3722 8
503 1832 10
2803 3141 1
2334 4787 3
1006 2429 10
837 1530 6
244 2223 4
1920 4253 2
1285 2661 1
1325 1787 5
807 3433 5
2942 3353 6
2120 2663 4
1314 3816 6
174 4868 10
718 2193 3
2743 4083 2
2694 3983 2
969 3358 5
207 508 5
1217 4916 8
3349 3830 4
1264 4460 4
3708 4991 9
540 2112 9
82 1680 3
435 3685 8
1701 3975 3
1649 3995 8
514 4113 6
4026 4033 2
278 3596 3
819 3084 6
1350 2491 1
1434 3162 1
2855 4848 7
821 2553 5
2372 4749 2
2783 4885 3
413 935 4
1254 2903 1
173 318 8
3105 3253 9
162 4122 6
230 2465 1
1440 3091 3
805 1291 9
3146 3782 1
221 4214 6
654 3052 5
1249 2125 1
576 2200 10
3720 4505 6
1998 4397 6
883 965 8
340 2656 4
20 2797 9
604 2656 6
254 4753 8
1263 2116 2
602 1070 8
1026 1534 8
1140 3665 3
1058 4557 3
175 3553 2
116 545 1
2287 4903 4
964 3422 8
4097 4934 5
1215 4604 9
3045 4940 10
379 914 10
1922 2194 6
2338 2941 10
2842 4169 5
924 1689 6
258 1480 1
1281 1587 8
321 3556 4
1713 2782 6
1251 4492 1
114 2352 5
490 3159 9
460 4658 6
4192 4362 1
2545 4617 6
3386 4128 10
2464 4305 8
1487 2863 3
1005 2906 3
1628 3793 10
1202 3127 4
1213 4664 5
2286 4601 8
577 1384 8
1321 2713 5
124 2223 8
3073 3988 9
2163 4323 6
2684 4523 2
2241 4923 8
186 617 4
1838 2166 9
1298 4727 10
1468 3968 5
687 4031 4
2325 2490 7
2183 3508 9
1897 2733 6
1590 4937 3
1840 2484 10
1737 4827 10
1792 2030 3
419 2564 5
1181 1875 4
1914 3724 4
3423 3770 5
1154 3303 4
277 2150 4
3649 4672 4
3110 3910 8
3232 3564 3
1429 1991 3
2595 3737 10
2654 4926 2
1241 2809 9
256 1784 8
1293 1481 6
593 1914 6
1568 2066 4
1870 4668 3
3261 4241 7
1183 1546 1
1350 3941 4
512 2990 9
46 1396 2
589 1861 10
843 1289 5
1847 2134 10
2106 2125 9
1039 2835 1
1071 2510 7
2102 4152 8
1494 2340 2
822 1324 8
1299 2565 3
3218 3586 4
620 1797 10
800 3173 5
1471 4423 7
2116 2549 6
289 3621 7
151 4040 9
3008 3017 6
763 1905 2
225 2692 2
1145 2483 7
30 3722 4
1823 2946 5
3557 4869 9
585 4964 6
429 2111 4
287 4490 8
3170 3621 3
295 2906 8
139 623 5
243 4619 8
623 767 6
4795 4997 7
2005 2111 5
452 1639 9
2535 3738 3
2552 3112 7
1505 4397 2
1020 4751 9
767 793 2
1365 1954 9
1991 4903 2
1036 4048 6
1229 2488 9
3969 4809 5
546 1848 9
1718 4166 5
2713 2863 10
2022 3861 9
916 4477 2
1299 4698 6
1016 3551 2
369 4190 10
1575 1927 7
369 848 1
1833 4306 9
1353 4665 9
4631 4638 7
1288 4035 3
661 4011 4
1393 1512 2
207 4867 8
3823 4685 7
2793 3778 2
487 1315 9
3556 3674 10
261 1958 10
2889 4317 1
1946 2491 2
1862 3752 5
1743 3676 4
2385 4941 8
2330 2337 10
1034 2225 6
1468 3729 5
3774 4328 1
847 1121 10
1053 3273 1
1742 3610 8
955 3869 2
3062 3649 8
1465 1912 3
666 4222 7
1009 2770 5
1016 3648 3
2423 3702 3
2769 4342 9
3508 4626 6
1505 3407 3
865 4006 3
1662 4237 3
180 3568 10
836 1565 9
2667 4720 5
3061 4373 6
2295 3586 8
511 3422 10
2538 4251 7
2554 3636 5
2030 2445 10
1374 3331 9
1796 2167 10
735 766 1
2739 4887 3
81 2721 1
2779 3922 2
1913 4557 6
3056 4781 4
2612 4330 3
423 658 4
1200 4580 4
3162 3984 3
388 4866 4
691 743 9
1824 4590 3
3829 4240 10
712 4476 5
195 1466 7
901 2317 2
155 2900 2
653 2678 10
50 245 4
117 1030 7
2656 4481 7
1459 4046 2
120 882 7
446 2026 2
2518 4709 2
921 963 3
589 2669 10
3951 4268 8
1960 2181 9
258 3688 3
3145 3785 10
3987 4970 7
792 2253 3
1062 1409 6
1991 4669 3
1830 3033 5
232 2997 1
65 3932 8
2025 2231 1
652 4262 4
2534 3209 6
2609 3878 7
1093 1749 4
692 4132 4
2245 3303 7
300 4898 8
864 1607 2
621 4525 6
377 1574 10
1704 4279 2
4257 4584 7
2254 4115 4
1686 2930 3
2320 2954 9
1990 4505 4
1034 1911 4
877 2330 10
2747 3722 4
1780 1805 10
4568 4789 5
2615 4181 1
1648 4568 8
893 2190 10
3181 4021 9
27 164 7
4562 4657 7
113 1149 7
974 2666 6
2510 4559 1
1111 3997 10
433 1902 5
1953 4463 8
2296 4158 9
3079 3452 4
1031 3338 1
1758 2902 4
1935 2889 4
350 2854 10
1724 2679 10
303 4121 3
1504 4863 2
1698 2013 4
2411 3820 1
749 1955 8
73 758 7
2499 2873 9
4461 4629 10
1424 1507 6
2770 4061 5
1517 4827 9
168 4191 6
1018 3855 4
1622 3514 2
388 790 1
295 4720 5
781 2936 3
436 1716 9
1972 2226 2
4504 4853 3
539 2430 1
1993 2262 10
1262 2134 4
2358 3229 4
460 1557 2
4091 4831 1
1539 1647 6
1097 4640 10
926 4303 1
510 2169 1
2308 3786 8
1443 4278 2
2410 4305 6
1 483 4
2112 3630 7
325 1349 8
4122 4155 2
1281 1878 6
3641 3660 5
1183 3548 6
1182 3392 9
1877 3028 8
1830 2783 4
743 4382 1
3914 4191 4
1234 4959 3
2447 2730 4
1498 3466 10
1403 4338 3
1644 4259 6
1430 3807 7
1015 1193 4
688 1016 4
3005 3780 8
2779 4809 4
1622 1775 10
1564 1639 1
2124 2228 6
2397 4157 5
4515 4566 9
1174 2186 2
313 3852 7
1531 3673 3
1584 3824 10
413 422 2
1093 3965 4
3064 4916 3
2203 2357 1
1293 1381 10
2199 2721 7
2038 3281 10
3893 3957 1
50 3120 1
1940 3866 5
254 271 7
2009 4137 2
670 3710 1
59 2972 1
1072 2395 4
2456 2898 8
988 4287 7
1401 4036 8
1427 4353 8
3626 4243 3
1961 4269 3
2699 4994 9
908 2183 7
4820 4889 7
1671 2319 9
1503 1785 2
1115 2843 7
92 4932 5
2211 2900 3
1518 4377 10
1572 2067 8
1489 3913 7
1862 4572 3
435 1434 6
2517 4419 1
848 4154 2
1219 2859 4
2066 2864 5
1104 4882 8
2305 2990 9
222 698 4
3554 3692 6
1567 4599 3
4136 4272 2
167 3083 10
1660 4693 6
258 1656 6
3618 4017 8
3322 3523 6
1853 4549 2
3556 4086 10
1687 4056 5
2329 3131 6
2888 4225 9
2666 3259 9
2886 4156 8
590 2565 4
1410 2505 1
191 1436 7
602 1006 5
307 4294 8
2823 3767 5
4560 4927 7
3701 4657 10
474 2443 7
3491 4085 6
220 2278 6
1373 4155 9
3822 3844 5
4402 4706 8
2641 4364 1
2480 4921 6
4107 4604 9
453 820 8
2967 4572 5
610 2467 1
1674 3427 5
1289 4375 7
2335 2422 8
1990 3679 8
2117 4320 5
3775 4920 4
651 1435 6
1743 3046 10
1401 1665 7
385 1901 5
2165 3848 3
1118 1360 9
615 3082 5
146 1464 4
274 2289 6
120 775 7
439 2504 3
781 1292 7
1045 3165 5
2691 3888 3
2715 3972 3
1476 4462 6
1621 4615 2
750 4172 7
487 2350 5
2368 3112 7
3246 4514 3
1271 2883 5
3533 3660 10
1145 3126 4
935 1387 3
2810 3696 6
217 2089 10
215 4590 7
722 2195 3
1204 4534 7
2761 3642 8
1929 2473 1
1368 4079 9
559 4752 1
3095 4919 2
970 4978 7
562 1101 10
1738 3773 2
1604 2844 10
522 2705 5
3361 4155 1
2288 4542 9
2584 3424 6
1368 2299 3
1139 1511 10
998 2628 7
1981 2455 7
2979 3231 1
3976 4115 4
4565 4819 9
3406 3649 5
1218 4115 4
881 2363 8
1369 2654 8
2555 4751 9
72 1351 6
78 957 3
1314 4453 8
721 3514 8
360 3286 5
291 399 10
305 3375 8
3140 4105 7
1496 1756 7
497 783 7
707 930 8
3005 4958 9
2932 3846 9
297 2024 4
2459 3363 5
861 4836 2
759 2056 1
789 4828 1
1369 2709 8
2911 4286 4
2241 3623 2
778 2780 4
1403 4608 10
1648 2672 3
1807 3482 1
1680 2472 2
3409 4656 3
1129 3648 9
695 4667 4
2220 2908 2
1643 2329 6
643 4115 5
737 3746 9
50 293 9
252 3400 10
932 4619 1
3165 4303 4
985 1993 7
2834 3310 4
1856 3982 4
3264 3277 7
1936 3502 1
2408 3638 7
1569 4829 7
194 3224 10
2458 3889 2
1738 2073 7
1635 4160 3
1019 1579 3
1675 4924 2
458 3099 10
20 1881 6
4107 4551 2
1137 2390 7
3776 3887 5
1037 2052 1
1380 3028 8
2255 3861 10
187 3420 9
517 4701 9
1096 2200 7
2280 3412 8
1214 3856 2
1002 1241 10
1143 1699 5
155 3970 2
1593 3776 3
918 4761 3
745 4069 8
1809 4558 9
219 4655 10
2148 3360 3
1468 3433 3
717 814 7
4244 4527 7
1580 2757 1
3253 4430 4
542 4399 2
2490 3108 2
2359 2727 9
262 3338 1
1545 4799 6
3297 4770 4
497 847 1
923 3759 10
3658 4938 8
579 3185 2
562 1157 8
13 815 10
662 1696 6
1812 4252 4
3549 4342 2
604 2827 4
1685 3908 3
1302 4415 5
258 2495 4
1838 2317 8
1921 3341 10
2695 4687 6
4056 4745 6
1489 4845 10
2792 3025 5
395 2563 9
215 1895 1
904 1859 5
2631 4535 1
840 3852 3
487 3228 9
4 4649 1
56 1464 3
1084 3635 5
2426 3482 3
318 2559 3
1966 2678 10
66 3832 10
750 1920 5
2705 4893 10
669 2512 7
2533 3845 2
761 2418 4
2438 4251 1
1146 1253 9
2635 3578 10
58 4241 4
4939 4996 4
1613 3321 10
1046 4077 10
3021 3252 8
472 2711 6
366 1786 1
2626 3176 2
1098 4998 9
2265 4746 4
382 4816 3
1058 3682 6
1387 2644 1
2187 4477 9
1329 4143 9
1342 1371 10
1313 2060 9
395 3348 7
2278 2294 2
1055 4910 10
1447 4978 5
887 4773 9
1314 3352 5
418 2102 6
1808 2048 8
1195 4748 1
960 1347 2
212 4151 4
1211 4521 1
2862 4525 3
2126 4240 3
2021 2992 8
883 2591 3
1561 3679 3
2093 4030 7
277 1778 8
80 769 7
52 1738 5
3947 4858 8
522 4709 3
206 4364 7
2283 3345 6
1525 2467 9
2620 4896 3
15 3861 7
2923 4554 1
3437 3444 8
3564 4359 10
3264 3733 7
153 1543 5
1937 2386 6
3878 4400 5
518 3153 3
215 4549 4
961 3453 10
46 2839 4
225 961 10
2090 4021 6
431 4400 5
387 2191 5
756 4545 5
68 4624 5
466 3155 7
623 881 2
3438 3638 9
1310 3637 6
539 1938 5
3595 3778 6
883 2745 7
1207 4501 10
588 1277 4
3900 4588 9
2954 4986 9
2129 2648 4
1873 2526 6
3497 4437 1
2041 3381 1
743 2431 8
1864 2884 6
1156 3037 6
220 4871 7
1363 2275 2
3486 3795 6
845 1194 3
2323 2902 5
1919 1942 5
4557 4563 10
443 2782 2
275 4904 1
1229 3717 9
703 2758 3
3550 3718 6
160 3162 2
358 2101 4
597 1581 8
1854 4714 9
1077 4376 1
1623 1765 1
2817 4310 3
70 116 3
1034 3868 1
123 2630 10
2135 4429 8
3236 3973 9
460 4214 6
3214 4146 9
2537 4897 5
1117 2825 3
116 1000 4
852 2439 1
601 1769 7
1891 3437 7
3763 3768 1
804 4913 6
3676 4639 3
1679 3228 6
145 2238 4
4955 4982 2
2290 3206 6
1925 2237 6
299 1103 4
199 323 9
4268 4781 1
2292 3298 9
3055 3320 5
527 2401 7
1283 4660 2
248 3556 6
842 3542 1
3076 3705 10
2299 3857 9
1118 2171 2
3516 3821 2
623 1716 1
3547 4192 1
2860 3126 4
1026 1071 9
369 3703 4
729 4708 3
3964 4419 3
1819 3852 7
710 3239 7
1989 2304 5
2703 4204 1
544 2092 2
428 2165 2
646 2993 9
538 3985 8
2298 2431 7
3292 4036 5
652 2601 6
1156 4159 3
1932 2244 10
563 4221 9
130 2550 7
102 1455 4
1182 4687 9
1093 1228 8
2967 4488 3
2358 4399 6
1162 4284 7
1345 1609 5
2479 2828 6
144 1379 1
1346 1424 3
713 1482 9
2559 2561 3
2220 4518 1
3252 4166 4
1014 3093 4
3914 4207 10
959 4659 5
4491 4934 1
506 3395 2
2474 3771 4
348 3249 8
918 4898 6
574 4977 8
390 2637 7
288 3585 3
2412 4580 9
991 2440 3
2552 3252 8
1336 4528 6
2018 3778 5
314 4800 8
2051 3528 2
756 3907 6
2699 3243 10
1585 2584 5
2600 2939 9
481 2020 5
292 3315 10
338 3872 6
330 783 3
1905 4479 2
1589 3334 7
3401 4157 4
1278 4407 10
2481 3718 4
1164 4353 1
445 1755 5
2069 4106 5
786 3019 7
4225 4973 3
3724 4637 8
2737 3720 10
600 3240 4
262 1669 2
2265 4211 7
2424 2542 1
1566 1877 7
321 662 10
1440 4128 10
2167 4077 5
512 666 10
1720 2666 7
1645 2625 4
3363 4861 2
963 4173 9
1417 3386 8
1481 3174 3
1100 3910 10
922 3853 2
821 1849 9
1891 3309 10
1852 1969 7
568 4402 5
3585 4474 8
4632 4705 4
1112 3307 4
45 1237 8
1210 1544 8
2038 4201 4
3895 4297 4
3169 4439 6
1878 4281 1
1187 2872 9
1446 1699 8
2331 4050 3
915 4287 2
3889 3910 7
3604 4708 2
73 80 4
4083 4305 9
4566 4795 5
310 398 5
1958 4652 8
1796 4389 2
901 4176 10
1258 1558 8
3746 4255 2
4665 4682 9
1124 1324 2
2851 2925 8
2209 4627 8
1156 4511 6
2080 2372 2
393 4431 1
1117 3443 3
1637 2958 4
2569 3603 6
3430 3483 10
1530 3625 8
2466 4479 2
809 2106 5
36 3870 7
1479 3164 4
1426 3737 3
98 888 9
1255 4416 8
3525 4391 4
790 3289 10
1531 3686 4
343 4417 8
241 1401 5
1436 4758 6
210 2866 10
4508 4736 7
1031 3809 6
2457 4201 4
1544 4312 2
1404 3526 2
1494 2507 2
1698 2301 3
483 4453 6
1267 3149 3
2655 4466 4
392 1603 2
810 1254 2
2802 4392 2
2776 4841 8
1558 3988 1
155 2494 10
238 1897 2
48 3354 4
3967 4465 10
2074 3407 5
61 4674 2
2312 3166 6
1536 3666 10
1323 2682 9
470 1833 1
1574 4286 1
2685 4621 1
199 3027 6
712 2511 9
1519 3680 4
1868 4810 3
27 444 3
75 202 10
1275 4152 7
1543 3949 8
381 1648 9
2226 3524 8
402 3665 10
586 2355 4
1837 2623 4
1280 1845 9
4017 4704 9
1169 1346 9
840 4394 4
2063 4778 6
111 3911 5
927 2457 10
3363 4948 10
3885 4081 5
359 4736 3
783 4306 10
441 3856 9
2717 4986 1
2292 2412 3
2995 3193 4
1139 3410 7
1120 1877 8
335 2481 9
242 2607 6
2404 4862 1
1251 1432 10
1667 4933 5
243 567 5
1329 2154 8
157 449 9
2637 3248 10
3432 4776 2
1305 4821 7
1597 2080 6
2298 4777 10
2354 2766 9
3778 4994 8
3716 4827 9
1678 2069 6
2124 2947 5
1803 2000 10
3014 3344 5
2704 2743 9
119 3527 9
1081 4796 2
3584 4309 2
1505 2984 7
2771 4544 6
174 3351 10
935 2274 10
865 2394 10
211 887 9
2563 3591 7
627 1612 8
918 1182 1
4384 4590 7
1378 3591 9
866 2404 6
1221 3352 8
648 1974 1
763 4316 9
599 880 8
46 2167 7
1346 3738 6
2138 2335 10
96 4318 4
3128 4500 10
2850 4156 3
815 3074 4
223 2158 8
1510 2984 1
422 2387 7
997 1575 6
2396 3783 8
1296 1380 8
325 3534 2
640 3461 5
1807 3046 1
585 978 5
1602 2597 4
584 1611 9
1374 2495 3
2477 3624 10
849 4051 5
194 3194 5
1099 3402 1
1829 4854 10
585 3120 6
1364 3011 6
821 970 3
1234 2332 6
1481 4423 5
1005 1024 7
2197 4252 3
2206 3924 3
1407 1452 7
3764 3971 5
487 2627 2
1691 3817 3
1280 1319 4
3078 3158 8
265 3177 9
2824 4589 6
1727 4259 6
1444 3369 1
441 862 4
751 1924 5
1684 4600 6
1570 4633 7
3156 3593 8
1327 2372 8
558 4071 6
3655 4178 3
2234 4314 2
3190 3730 3
2170 2739 3
1068 2121 8
431 4370 9
2253 2344 8
3165 3955 4
1645 2486 10
1049 2350 6
985 2884 3
2287 2440 7
1834 2184 7
3835 4938 10
1957 3564 10
11 1355 10
1691 3692 9
1135 1732 3
147 2751 3
2784 4126 3
4472 4748 5
135 1898 4
2715 4679 4
720 4356 7
2163 2554 7
528 4041 1
2868 3787 8
1356 4428 2
897 4325 3
2747 4984 7
297 1835 6
3569 3896 6
2220 3669 2
1321 1455 3
3614 4455 4
680 2688 1
2799 4489 7
3087 3507 7
249 3075 7
3181 4043 7
3199 3821 6
410 2678 9
279 581 7
274 2660 9
576 4119 6
2955 4107 2
3341 4841 10
804 2581 8
1976 2033 4
702 2024 4
4095 4285 6
1199 4351 4
1141 4446 7
3047 3560 10
99 1116 2
725 2786 8
254 4781 10
226 1676 8
1890 2012 10
330 1836 3
4427 4646 3
1551 3484 1
775 2410 3
928 4480 3
954 1088 10
2150 2171 7
1069 2005 9
1363 4110 6
1084 3147 4
1144 1587 5
910 1333 6
2414 3220 9
3281 3978 2
106 1626 10
418 2405 5
1316 3220 3
565 2047 10
3002 4482 5
2684 4884 7
3041 4007 4
4500 4779 6
2534 4346 4
1156 2347 4
1114 1291 6
446 4696 5
3957 4713 5
904 3837 10
3571 3983 10
2426 3621 6
1062 4989 5
1975 2202 9
17 510 1
2058 2345 10
1974 3402 9
2678 3631 10
773 1023 3
854 1480 2
743 3288 2
131 3339 3
1253 2028 10
3419 3431 1
1733 4781 3
1969 4339 7
1757 4078 9
507 4133 6
259 4468 5
1794 4891 5
2791 3213 3
2258 2518 4
623 1317 1
1764 2683 4
2124 3560 8
1815 4390 4
4424 4703 2
2736 4231 5
71 3066 5
1521 4556 5
84 2703 3
1714 2529 6
1532 4690 6
1130 4854 5
4615 4915 6
1076 2193 9
1095 4316 5
434 2611 6
1041 3647 10
4054 4534 9
4148 4727 4
1187 2873 2
3349 3934 3
953 1406 9
565 2731 6
853 3916 10
3522 4183 3
1969 2300 6
2380 3921 1
162 2905 3
1939 4762 4
1123 4818 3
1501 2382 7
1655 3958 7
1429 4506 9
722 2666 5
3554 4138 1
798 799 5
1166 1326 8
304 1511 7
1055 2966 7
993 2383 6
490 1190 9
561 3162 10
1257 4041 5
1180 4852 10
275 4336 7
841 4308 6
3812 4316 6
519 4265 8
3193 3242 4
281 631 2
2568 4704 6
1257 1746 7
1442 3306 8
3296 3888 5
2431 4125 3
30 4462 6
80 1280 8
296 1687 2
1454 3049 10
348 1191 2
3987 4121 10
2456 3200 7
1259 2368 7
2197 3068 10
1539 2659 3
335 3493 2
374 1083 4
1136 3008 8
478 976 3
2754 4364 6
1310 3929 9
307 828 7
851 3584 7
1052 4303 4
597 2720 8
1123 1970 8
112 3212 9
858 3422 1
721 2022 10
464 1891 9
3746 3936 9
615 1818 3
2451 4070 8
834 3226 2
340 1519 10
232 4488 2
1478 3145 3
1288 2490 5
2398 4896 9
2633 3705 7
1779 3886 7
1331 3534 4
440 4884 2
125 2874 4
360 1478 1
477 4120 6
3333 3419 1
494 748 7
1965 2933 9
1653 4368 4
39 4590 3
1989 4830 6
655 1928 8
942 3763 9
900 4003 3
1009 3036 9
4656 4770 7
2303 4185 9
1951 3280 5
1307 3691 8
1668 2262 6
1152 3596 10
1004 4871 1
1472 4007 4
42 2260 9
2423 3193 10
51 3220 9
600 4943 3
1328 2264 9
3524 3745 2
1028 4055 4
1147 2947 2
1076 4007 8
1816 2829 4
254 304 4
960 3512 6
2656 3068 4
213 1677 9
1108 4505 4
205 3536 2
73 3078 9
172 2182 5
4601 4720 8
882 2781 6
1306 2219 2
1730 2358 5
1963 3655 4
2526 2577 3
1073 1766 4
17 1776 2
206 4982 7
915 2292 6
2338 4628 5
2349 4953 10
903 1698 9
605 2805 3
380 523 7
734 4343 8
655 1585 3
673 1660 10
1933 2075 2
1347 2817 5
1754 2309 9
327 484 4
914 4357 8
206 1921 10
358 4883 4
2834 4778 7
292 3879 1
593 1084 4
1197 3593 10
395 4537 6
2674 4823 5
94 596 6
3501 4094 7
3676 3822 2
15 1668 6
2519 3556 3
766 4718 7
2350 2524 6
1194 4330 2
282 3950 9
2822 3915 7
581 797 2
1870 4176 7
2098 2814 10
1030 4331 6
269 885 4
620 4137 2
3428 5000 9
3358 4048 5
987 1119 2
1279 3511 6
3770 4004 10
2666 3433 9
709 3443 3
635 3176 2
584 4231 3
1036 3370 10
384 2210 1
3533 3681 1
3092 4517 5
864 2723 10
910 2922 9
639 880 1
1483 3881 2
80 4498 6
1137 3067 4
1297 4445 1
3545 3559 3
2136 4958 4
1942 4865 6
1852 4902 2
1028 4258 4
136 4121 5
1751 1801 10
457 1582 8
91 2567 3
968 3757 2
841 2671 10
146 598 8
4157 4824 8
15 1531 1
653 4489 1
3964 4271 4
2286 4846 2
1926 3656 4
1625 1726 5
127 4303 4
4907 4954 3
1696 1772 6
339 2521 8
201 289 8
89 572 6
145 1457 10
1480 4009 10
1328 2457 6
2333 2491 9
2455 4937 1
118 2719 8
2363 4781 3
1401 4634 8
178 388 5
1472 1675 9
1126 1354 9
1386 2462 3
796 3317 4
913 2729 2
1380 4511 5
3216 4284 2
1518 1734 9
497 3047 5
1117 4697 9
2630 4298 3
433 3995 6
2744 4383 3
3777 4005 9
171 4587 10
1520 4609 4
1016 2654 8
3128 4410 1
143 530 5
2458 4521 5
1319 3170 10
1217 4569 1
420 2732 2
1013 4416 6
1930 2358 4
172 533 6
1736 4270 9
2865 4513 2
1991 2654 8
1977 2654 1
785 4960 4
3012 3307 2
1413 2372 9
241 4021 3
583 3953 2
3090 4345 9
1411 2946 2
438 2554 5
1884 3537 4
477 1089 7
686 3505 9
1238 4595 3
3097 4547 5
1798 3244 8
62 4722 6
914 2153 2
2087 2186 2
479 1829 3
1149 2104 1
1516 2527 9
1367 2865 2
147 3224 10
3629 3671 2
418 1188 2
2253 4828 2
1731 2280 6
1439 2065 9
1294 4434 6
810 1907 5
171 350 9
2622 4717 7
3286 3869 9
1264 2080 5
57 3815 7
2094 2457 1
2586 4700 3
2396 2998 2
2247 4182 6
482 2233 6
2205 4990 9
1687 1719 10
2173 4388 7
2062 4714 6
296 4800 9
139 3616 3
3663 4278 9
6 4879 4
3663 4883 1
276 4695 1
4573 4798 1
2052 4013 7
810 2689 8
3208 3709 2
1489 2221 2
39 1252 3
2814 4964 7
3696 4273 8
1768 2197 8
273 2448 2
1563 2195 8
3000 4300 10
482 1692 4
3752 4245 8
4008 4149 7
461 1681 3
3319 4977 6
576 3881 3
826 3101 9
540 1955 9
1529 2883 2
4026 4104 7
1977 2300 1
119 4989 2
1322 2703 6
283 3410 3
3705 4938 9
369 4202 6
344 2182 10
615 3492 9
678 3321 8
1261 3001 3
2612 3886 1
724 2729 7
923 4782 8
2317 3520 6
932 1762 5
3550 4741 5
2540 4526 8
1055 4320 4
844 2234 8
321 1527 9
1708 3775 10
3034 3752 9
4247 4357 8
1813 4539 1
1344 3513 7
1542 4873 10
2420 3828 9
1510 4369 6
120 1273 4
2002 3776 1
3508 4954 6
460 2395 4
565 1022 5
761 4378 3
739 1879 3
1552 4857 8
2879 4518 4
1133 2550 5
3798 4551 6
3122 3392 8
3387 4089 4
4749 4974 6
2315 4648 9
1138 2031 1
49 4935 10
85 4183 2
1093 3154 6
3555 4332 9
1169 1857 8
999 1739 5
2890 3016 1
837 4647 8
3893 4319 5
1483 4278 9
925 1478 2
3166 4451 6
1767 2882 4
361 1738 1
294 2607 4
3491 3569 2
62 2548 5
343 1211 3
3377 4279 9
2769 4348 1
4796 4996 2
1058 4197 10
363 619 3
213 1812 8
500 1102 9
1000 2148 9
2545 4958 8
1356 1931 3
411 769 7
67 4765 4
1617 4200 10
2170 2225 2
217 3813 10
1351 4727 8
1015 3560 3
911 2437 9
1115 2207 5
436 4487 9
3554 4150 5
925 2885 8
4106 4550 9
3305 3798 8
1564 2666 3
322 1156 1
2163 2676 5
2039 2585 8
1666 2022 6
2072 2167 1
198 2867 4
2013 4495 3
3087 3723 3
156 4344 9
1135 2984 7
447 3658 4
3941 4853 4
2092 3383 10
671 2186 7
1426 2402 7
450 1260 6
3334 4331 8
720 1154 5
2816 3417 5
1424 4180 2
280 3564 4
526 1413 5
86 3767 7
166 2360 7
3186 4695 9
2517 4046 10
597 4494 5
155 1179 6
2448 3716 9
3021 3466 8
1721 2548 5
2772 4831 3
3682 3815 2
150 2114 1
2964 4947 2
1202 2061 5
639 660 8
161 1462 1
689 1202 9
44 2687 2
3148 4152 6
4479 4846 2
3399 4354 8
3604 4123 4
3544 4184 10
425 714 4
581 655 3
1656 2399 9
1944 3047 2
108 1279 2
1486 2566 4
3720 4908 1
460 3801 2
911 4734 3
754 4605 9
2405 3768 6
2213 4586 4
1256 4547 7
1187 1557 1
3696 4655 6
91 590 8
2520 4999 1
1643 2024 7
3088 4413 9
267 997 5
2335 2486 6
176 352 4
1968 2380 7
2638 2743 3
1571 2790 10
759 1766 6
1232 1292 3
1281 4795 6
1874 3819 4
2897 4550 3
2282 2468 4
1888 4968 9
3722 3845 7
2733 4943 4
1002 4242 3
1690 2721 3
3417 4816 10
3057 3846 3
3378 4112 10
96 2628 4
528 3238 3
721 1669 3
476 639 4
1334 2344 6
123 4050 5
377 3265 10
885 1948 3
3699 3902 7
521 2657 2
966 3691 5
2911 4586 6
675 2569 5
220 1419 9
2880 4419 7
1435 2988 7
4152 4349 7
1208 2924 5
973 4591 6
3393 4659 3
1322 4404 1
346 459 4
2030 3661 8
401 3422 2
3181 4318 1
187 4218 3
795 1537 6
1923 3730 3
17 4386 2
1829 2469 3
1868 2881 9
2621 4160 3
2249 3401 2
761 4765 8
2477 3371 9
196 285 5
646 4088 1
1666 4812 9
51 1449 7
1303 2853 9
1000 2730 6
3205 3362 5
2764 4018 6
2447 2946 8
1992 2940 4
2735 4630 8
1236 4228 2
577 4614 1
1592 2117 10
4507 4794 4
96 4405 1
1582 2126 2
80 2633 5
1716 2208 2
622 1783 7
1697 2504 1
2214 3651 8
2496 2565 8
2930 4409 8
238 802 3
3046 4738 9
1276 4109 1
982 3895 6
1562 4828 6
3941 4850 8
1969 2090 10
772 4354 2
1071 1087 6
649 3798 5
2006 4435 10
1841 3369 5
1975 3945 9
3869 4114 3
3163 3236 2
1381 3927 10
222 4062 9
905 4025 5
4425 4527 8
1410 1573 9
1905 2283 2
501 3422 2
1437 4102 5
1268 3360 7
919 2187 8
2847 4989 8
1026 1131 1
220 777 9
3020 3576 4
819 4982 10
787 3301 10
540 3319 9
1255 2280 3
4266 4673 1
2118 3014 8
2504 3951 8
2663 2765 8
2907 3792 10
2277 3602 8
1551 1553 4
2333 3694 8
1456 3481 6
1335 4284 4
700 3690 3
3251 3771 8
1789 2979 6
92 2974 8
1518 4699 6
2255 4235 3
604 3337 3
760 3735 6
1428 2108 1
1741 3130 8
593 807 5
1106 1862 9
1541 4337 5
2119 3041 9
3068 3700 8
2869 4184 7
2519 4236 3
1154 1934 6
392 3492 9
572 1073 6
789 1373 2
1559 2394 8
905 2913 10
2546 4081 7
351 1251 10
742 4793 3
227 802 2
683 2959 9
1692 3387 10
352 4677 9
163 4729 7
2353 4901 1
2781 3828 6
3937 4412 5
2407 4259 3
860 1170 10
3438 4473 8
4659 4970 2
2880 3052 4
525 3245 2
426 2792 8
1031 3800 7
1880 2548 4
453 791 1
3988 4920 3
711 2830 2
850 4828 2
1756 1787 7
582 1176 4
1443 2468 7
329 1770 1
161 2180 5
363 1183 10
1875 2068 6
807 2438 8
2750 3585 5
1318 4610 9
2377 3503 3
2334 2673 8
93 3821 3
1595 2700 1
1984 4353 9
2009 4255 2
2271 2922 7
479 1906 7
2741 3345 2
1092 3436 8
1931 4578 4
1905 2604 7
2105 3969 7
1221 1291 2
816 1882 3
2886 3728 9
1868 3481 10
781 4851 7
2417 3661 6
873 1453 10
1181 3269 6
190 3181 9
390 4002 6
1099 4405 1
1677 3985 7
924 2536 7
1473 2686 2
3953 4768 6
1861 1980 1
260 1050 3
1858 2237 10
708 4515 3
1622 3768 1
1261 2163 3
529 3345 7
690 1267 2
848 3259 4
2522 3890 6
915 3514 6
1563 3093 4
1972 4205 6
956 3117 8
682 3036 5
1054 4796 3
1929 3265 3
212 3877 3
1302 3736 6
2290 3434 10
864 4367 5
3526 3980 3
571 3843 6
1131 1560 6
4090 4756 7
2075 3152 3
2988 4366 2
3220 4451 9
781 2314 2
358 4963 1
47 109 8
2905 3215 9
2722 4859 2
1144 3595 3
1286 4069 3
1527 1705 2
3806 4483 3
1789 3618 3
1167 1209 3
1799 3720 6
2978 3123 9
375 1122 9
3581 3587 2
685 2463 2
2200 3820 5
574 3711 5
1473 4385 4
2651 3771 9
2972 3683 6
885 1754 7
992 3007 3
2348 3688 8
2131 3149 4
4033 4545 4
2931 3018 10
712 4341 10
715 1199 9
3935 4251 7
1005 1478 4
257 3402 7
379 1949 2
506 4397 10
1957 4182 1
2497 3862 7
120 4901 3
1314 2212 1
1924 3624 3
2982 4206 7
2083 3176 6
81 2108 4
381 2966 2
521 3259 4
47 4255 6
1760 2487 2
2668 4721 8
1745 2189 6
1590 2794 7
521 1802 7
2857 3415 5
2341 2398 10
41 4838 2
3487 3755 1
2355 3273 9
398 2825 2
3398 3727 10
2381 4869 7
1007 1675 8
1870 3932 7
3194 3706 2
1113 2418 1
2515 4539 4
1602 2452 10
1200 2508 5
708 1989 3
1048 1404 9
3762 4012 5
1413 1507 6
1830 3472 4
1125 1284 10
4199 4233 2
1476 3029 6
4259 4543 3
31 2902 1
1841 3796 1
2383 2536 9
178 3780 7
317 964 3
435 4443 9
1807 1920 7
3681 4395 10
147 3765 5
610 1118 8
1833 2216 8
1062 2483 3
1064 1589 5
4006 4669 8
38 1050 4
1569 3615 8
524 1074 8
1246 2949 10
746 1605 7
621 719 5
581 2828 5
3724 4740 7
959 1378 3
4414 4648 8
1025 3398 3
226 1426 10
106 2780 10
1447 2818 6
2978 4608 5
3924 3947 4
488 4580 9
3040 3806 5
1837 3817 4
2812 2983 1
884 3571 9
524 1506 2
133 1050 10
394 866 2
1573 2457 1
453 3619 8
2113 4530 2
9 1259 2
1778 3566 5
1017 2214 3
118 1061 3
1597 4603 3
715 2606 5
14 1671 3
2898 4086 8
488 2576 6
2354 3143 8
175 856 7
1699 3873 10
1622 3984 2
1459 4388 4
222 703 3
445 1472 2
962 1273 1
276 3156 2
687 2196 8
926 1250 6
1101 2187 4
1193 3484 2
747 2046 9
2764 3337 10
1265 2787 1
421 4289 7
295 3904 6
3199 4069 5
369 942 2
2254 3321 7
1855 4784 3
1001 1399 9
1561 4168 8
814 2724 10
4168 4752 8
4018 4435 9
2362 3501 7
762 1204 9
684 1406 9
1665 3143 3
1788 1941 2
2056 4042 3
2240 4650 4
590 2586 3
1209 1481 4
5 1626 6
221 4331 1
2295 2486 4
591 3354 1
762 996 10
2051 2509 6
883 3695 6
1765 1957 3
1374 2750 7
1762 4617 8
601 1018 1
916 2333 8
2075 2402 5
614 2154 5
3284 3645 3
127 1090 10
85 2781 1
4230 4979 3
4812 4828 5
132 1457 9
1844 4715 7
166 264 4
918 4181 4
1026 1351 1
86 2076 8
2146 4459 5
458 4492 7
2581 3417 7
3339 3640 1
515 4258 6
3317 4215 9
510 4903 10
1702 2906 10
1978 2491 7
3905 4567 2
330 4366 9
815 2312 6
3174 3958 10
511 4362 6
898 4197 10
505 2383 2
1142 3837 8
21 4065 8
1548 2542 3
103 4436 5
1163 2681 6
532 2100 10
3373 4507 10
2245 3455 2
2903 3879 4
3888 4698 8
3564 4094 5
1125 1506 6
1114 4639 10
2622 3032 3
2867 3842 5
1784 2554 4
670 3569 3
2960 4403 8
1960 2366 1
971 1982 7
926 2877 4
473 2855 9
1940 2178 3
2769 3921 3
3648 4734 1
2828 3993 5
3129 4453 2
4585 4673 2
2342 2566 6
1540 2744 10
533 1977 2
2021 3858 9
991 4473 9
2672 2717 3
2699 3139 8
916 4679 4
180 1715 1
1656 2316 5
3573 4506 2
951 4539 10
1339 4714 4
2728 4943 6
2488 3989 7
2231 2310 4
3771 3839 2
734 1259 8
1138 1388 2
1416 2739 9
2408 2693 9
2649 3183 8
289 4709 10
267 3142 5
4619 4844 5
1749 2258 5
460 2164 4
24 1120 1
976 2244 7
2347 4195 4
1446 3618 10
1819 3596 7
1459 4048 8
721 4025 6
1202 4183 5
1890 1962 5
3166 4830 7
962 1849 6
317 2375 1
1240 1768 9
2437 4371 1
1976 3205 10
3018 4139 5
436 1082 10
240 2606 1
1677 4743 5
1054 1893 9
307 1156 3
2484 3013 1
1671 2364 5
3833 4623 4
2752 4059 5
171 906 7
491 3887 10
1229 2750 5
1447 4702 1
2769 3132 6
1210 4062 2
1010 2453 9
2999 4449 4
390 2430 1
782 4722 2
434 2534 5
212 3454 7
1847 3300 9
286 2936 3
465 684 8
3191 4907 1
2915 4249 3
1438 2998 3
3539 4690 6
2059 3981 5
794 2014 1
126 1956 4
1636 1756 4
139 4403 3
1916 3564 8
835 3124 1
644 819 1
2551 4082 7
887 4869 10
1887 3749 3
382 4957 2
2258 3009 4
1673 2106 3
926 1175 1
1533 3104 6
999 4630 9
1812 2912 10
2867 4297 9
1007 4348 6
744 4028 2
1163 1875 8
2353 4119 1
1966 3335 2
295 2662 7
2671 2871 7
1815 4793 2
2465 3857 4
3311 4937 4
1657 4057 2
1942 2944 4
2414 4068 5
2501 3198 6
449 3872 6
25 2920 9
12 804 5
1710 4556 8
2477 3288 10
1444 1867 6
1821 2710 7
566 2987 9
787 2047 2
3147 4673 1
759 2487 10
928 2146 10
2137 2253 10
2016 3721 10
654 4210 9
1445 2249 2
258 3760 2
1789 4662 5
105 778 5
2030 3942 5
515 3606 1
1158 1192 9
3115 4159 8
3561 4605 2
1137 2595 7
3692 4574 2
3163 3598 3
3882 3963 10
2417 4158 9
4455 4625 2
286 4996 8
3938 4037 9
416 4377 9
2068 2663 10
388 3481 2
374 4165 9
89 3994 10
1111 1150 4
1866 2660 4
1282 1660 9
1742 4624 10
945 964 3
3670 4613 8
4027 4743 7
298 1750 8
1324 1531 2
883 1548 9
989 1188 8
4029 4723 7
791 2262 5
2247 3561 4
910 1906 2
888 2846 2
2367 3969 6
997 2433 4
96 2452 8
2574 4906 3
558 4150 10
714 1405 6
1730 4850 9
784 4306 7
1821 2112 7
2001 2562 7
2162 2308 5
1235 2782 3
452 3710 8
1963 3828 5
397 4650 6
679 3004 5
4105 4247 2
2320 2535 8
2170 3424 8
1826 2106 5
1627 4585 7
3854 4803 9
3918 4813 8
4083 4756 4
1418 4364 2
106 1567 8
811 1637 2
915 1467 4
4544 4787 1
1270 2348 5
1405 2349 4
1601 1964 6
1110 2514 6
1942 4099 6
272 4162 2
546 3108 4
1150 2127 9
230 625 5
813 1701 4
1958 3131 3
3297 3354 1
609 4152 3
3582 3810 6
1252 2325 2
382 3941 3
2641 4284 6
2541 4631 9
2080 2830 3
625 3478 3
936 3296 7
3603 4028 8
4226 4360 9
3192 3962 8
4212 4599 8
1053 2423 7
700 4580 10
3507 4526 10
3839 4477 1
581 3886 8
292 4388 4
3454 3540 7
1873 4278 1
1453 4665 3
800 2458 9
374 728 9
421 4761 1
1425 2885 10
3648 3703 5
918 1921 9
2889 3236 9
22 3650 8
4400 4655 9
3283 4641 9
271 1712 9
2935 3922 1
716 4829 6
66 3859 2
3925 4072 3
2837 3084 5
1417 4428 9
556 2586 8
616 1674 2
2425 2656 4
2144 2518 5
2729 2939 1
1860 4698 1
1355 3623 2
2497 4660 9
332 1871 4
1405 3628 1
549 2099 3
1452 3410 3
856 973 7
257 2786 5
320 4225 2
1795 4923 4
306 1567 8
1403 3226 9
307 2847 1
2586 4840 4
1740 3708 5
1567 2374 8
380 2130 10
1573 4671 9
1700 3542 6
1504 3115 9
2634 2992 8
2081 4592 7
92 2838 1
1392 3594 9
1436 3907 10
1123 3305 3
3091 3227 6
409 993 6
1919 3758 8
611 1562 7
138 2462 10
2760 4208 9
1556 3999 1
4971 4988 5
2118 4380 1
891 2837 2
2003 3152 6
2499 4009 6
2515 3651 1
394 1706 6
913 3715 5
544 2516 3
238 3604 2
945 4098 3
2420 3965 7
559 1617 4
629 3648 10
2072 4115 5
1831 2708 9
2366 3385 3
1443 2971 9
317 599 4
894 4621 8
205 4104 9
1174 1943 9
250 4650 5
3489 4470 7
464 1118 4
1100 4905 9
4145 4438 6
437 2278 4
513 4340 10
1185 1629 1
395 2794 9
1588 1800 4
2533 4077 9
592 2453 4
233 652 3
714 1951 10
1646 4038 2
1939 4394 3
467 1747 9
521 3522 4
2362 3451 2
2798 4167 2
46 3670 7
596 3470 8
874 2545 7
710 4767 5
519 776 8
1364 2129 8
3805 4157 2
2217 3012 5
1671 4042 8
716 1313 3
1542 2359 8
586 3909 1
3745 4816 10
1928 4931 7
556 1644 10
915 1936 4
1782 2489 9
334 1223 1
344 1557 2
776 3209 9
2136 2514 10
466 2557 10
3069 3969 9
4781 4874 1
1094 1830 6
1593 1616 9
989 3959 5
975 2135 9
1487 2279 1
245 3573 6
3954 4439 3
231 3479 8
3046 4084 7
56 2822 8
2736 4990 3
449 1039 1
723 1248 3
2550 2927 9
138 823 10
2770 4977 3
2572 3770 8
553 1135 10
641 2178 6
2477 3183 6
1488 1528 6
31 1947 4
380 3415 1
1751 2220 7
2399 4942 2
861 1216 1
146 2509 1
446 2445 10
286 1673 7
1238 1635 7
638 2512 9
2030 2064 4
1137 1546 7
131 1263 5
826 1882 9
1959 2603 8
3137 4679 9
1564 2527 4
146 1981 9
909 4094 5
3606 3958 2
249 4653 2
393 3889 4
1829 2917 5
755 1289 5
489 4523 5
1607 1685 7
838 2099 10
2943 4029 8
1684 2374 8
1142 4665 6
4375 4450 9
1410 3312 3
3421 4989 4
2109 3137 10
2234 3310 6
1860 3148 1
986 1622 7
120 1338 9
2779 2902 3
287 4668 6
26 503 7
1044 3340 8
1539 4827 5
285 2062 10
3737 4738 9
1259 4725 6
2724 2825 7
2052 3706 1
2456 3344 2
809 2674 3
881 2939 9
1038 1444 5
1805 4428 6
709 3468 5
3103 3179 3
2576 2645 5
1371 3622 2
1254 2429 4
185 2950 5
193 3145 3
1995 2859 7
134 3195 1
1464 2808 4
552 4991 1
994 4171 2
2367 3785 7
1295 3281 9
1988 4603 8
180 2989 2
451 4621 8
1749 3216 6
1331 2106 3
773 3417 3
874 3421 1
1629 2368 1
980 2456 5
2335 4518 4
233 2289 4
4068 4935 7
1237 4850 7
743 4742 8
1601 3055 8
454 2441 4
1444 2779 8
892 4381 7
109 3037 3
229 4425 3
1093 3448 7
1836 4856 6
1969 3541 4
476 3352 8
2241 4969 3
154 776 7
128 4745 8
3513 3527 4
3943 4968 10
1336 3290 3
3070 3229 9
1842 2153 7
1054 4158 1
1920 2462 8
469 1579 7
3169 3245 1
762 2388 1
2081 3890 4
2154 5000 9
1334 3478 4
187 1083 6
1382 1457 4
1548 4863 8
2306 4233 2
1592 3346 9
273 3334 6
1899 3888 4
759 2894 7
512 4480 7
2345 4756 10
1422 3990 9
4545 4799 3
233 1610 10
1058 2004 4
1852 2625 10
1250 2853 3
405 2054 1
621 1897 2
823 983 5
3753 4873 1
952 1106 10
2654 4901 1
4142 4278 4
896 2201 6
1233 2092 6
540 2474 2
980 3533 4
2003 3458 10
2356 2441 1
987 2603 2
3276 4677 2
1068 2022 4
3988 4285 6
75 511 3
2004 2062 3
1589 1781 6
2692 3484 8
3099 3662 10
3144 4600 2
551 1105 5
237 2256 10
1727 4520 1
1309 4611 2
938 2493 2
1498 4574 6
2448 4678 3
36 4827 3
1221 3286 9
1225 1604 9
1482 1745 1
59 1694 9
805 3320 9
1623 4393 6
2842 3011 3
331 644 7
35 4832 3
1149 1574 9
307 4440 3
468 3688 6
2674 4087 10
2507 2522 1
3034 3413 10
105 3994 1
186 989 10
311 3662 1
940 2752 2
4525 4792 6
3765 4639 10
90 3448 4
624 4839 8
1556 2248 6
1960 4725 2
2161 2679 3
2371 4402 9
1524 4971 7
589 1399 4
285 4152 4
2393 4500 1
315 2427 8
1141 2505 2
3512 4046 4
1202 2678 8
740 3478 10
1643 3983 1
1010 1750 6
2267 3070 4
1836 3533 1
1054 1530 10
2586 4180 8
4154 4483 3
1258 3288 4
262 540 4
2072 3915 8
519 2336 9
816 3978 1
1576 4595 8
3513 4749 6
3042 3382 4
2064 4256 9
2036 4465 8
1978 3732 9
2722 3719 8
1377 4283 5
1480 1995 10
3202 3337 5
650 3369 1
2826 3368 9
2735 3594 6
242 3540 1
1275 4567 1
2728 3254 4
1238 2965 7
1094 2490 8
2242 4666 3
1573 4492 9
3287 4504 3
3710 4203 8
1265 1362 6
910 4933 5
977 4612 8
754 849 9
2018 2690 3
1303 1663 5
668 1312 1
2548 2864 2
520 4933 10
429 3559 6
992 3250 6
508 3078 3
784 4274 2
1911 4483 1
658 2358 2
3707 3994 5
255 1464 10
1180 4949 8
407 4100 1
120 3348 2
2917 2959 2
1501 4616 7
1985 3404 8
177 593 7
992 1106 3
1785 1976 5
2806 3781 10
798 1049 7
2269 3852 10
1458 4916 3
1269 3556 7
408 844 9
943 3098 3
840 1093 8
3645 3717 2
319 3281 1
1732 4759 10
4034 4430 10
1894 2980 7
877 1304 8
2365 3107 7
808 3726 4
4058 4143 4
395 756 6
442 3972 3
505 815 3
1781 2904 7
2844 3155 3
1099 1423 8
237 2583 9
2382 4876 1
458 4079 5
3210 4626 2
100 3694 3
388 4365 7
1915 3170 3
2120 2403 6
170 844 10
2236 2498 7
1065 1155 8
965 2774 1
1358 3019 9
2044 3492 7
1333 1420 10
62 4759 7
1166 3984 6
1806 4752 1
3315 4230 5
1688 2242 8
698 4265 1
56 2305 8
557 4607 5
140 2104 1
3789 3942 7
1282 2521 2
436 1559 10
625 1558 7
4086 4470 5
59 990 4
1903 4131 7
84 4199 10
1156 1354 5
31 2184 3
933 4340 8
2725 4758 7
1628 2787 2
2164 4177 3
219 4618 2
689 4340 4
29 4345 10
828 1110 4
1038 3997 9
3123 3355 6
1882 4199 7
2925 3758 1
4769 4822 3
544 1430 10
2180 2257 7
1547 4116 3
1908 3577 7
1412 3923 2
1027 2411 5
1371 1676 3
1420 2262 2
186 3446 2
341 4269 3
2461 3258 2
4327 4712 8
2069 4607 4
859 3022 4
1880 1951 9
1994 4660 9
493 1999 8
1258 1744 5
3027 4412 6
548 3494 5
536 2986 1
2078 4714 10
46 4697 5
2987 4127 8
379 847 10
265 3385 3
2193 4478 2
1958 4536 10
2946 3608 5
920 2631 10
508 1456 1
2949 3952 9
1076 1556 1
4190 4421 6
843 2844 9
531 3610 5
2702 3640 6
4071 4694 1
1378 2983 5
507 712 1
2125 2567 10
1547 1693 9
643 3054 10
1713 2493 9
681 1758 2
2047 4993 7
288 3801 4
1147 4989 5
1130 2065 1
4001 4848 2
1859 2517 7
729 4127 2
2467 2564 3
3390 4016 3
78 2930 2
213 2780 9
1812 2790 1
843 4431 3
614 1292 7
1756 3674 1
2687 4543 4
3169 4061 5
3185 3999 5
3347 3502 8
2012 4153 9
213 4399 6
186 3005 8
1162 4709 1
4034 4076 6
484 1378 2
2212 3730 4
581 625 4
2544 2637 2
407 3067 2
3881 4499 6
2782 3412 4
3825 4791 9
3821 4054 8
678 3052 4
117 2717 3
965 1749 10
748 2362 8
179 1521 10
543 4450 8
944 4502 9
311 3166 3
2407 4853 9
3826 4058 2
342 2208 5
116 4088 10
1779 4111 2
4301 4911 4
52 1060 9
1581 3692 10
128 2546 5
1479 3223 1
491 3664 6
2025 2425 5
408 2856 5
1011 1415 2
2018 4422 3
1525 4785 3
4346 4731 9
3777 4869 7
140 2780 7
3492 4555 4
2094 4526 10
484 4898 1
554 3158 3
1560 4810 3
1948 2366 10
2739 3547 6
458 2448 2
624 3578 1
1159 2753 1
1197 3920 8
2500 4652 2
2242 3617 5
694 804 7
1755 4225 5
3093 4297 7
1172 1747 5
2157 4369 9
1893 2852 10
2398 2915 4
2484 3932 6
4503 4525 6
76 4008 2
376 4769 4
1730 3789 8
576 4948 3
3011 4167 1
238 1551 2
3431 3823 8
2317 3410 10
1342 4404 4
3598 4395 8
3417 4460 4
1230 4436 6
1966 4410 6
1818 3860 9
2325 4296 8
4674 4721 6
1566 4333 10
131 3872 1
368 4196 3
1878 2239 1
2635 4288 6
941 2199 10
192 3793 5
2474 3707 2
3743 4922 4
4250 4945 9
2219 2402 2
428 3821 8
282 1291 4
294 2794 1
2750 2900 9
709 4817 8
2219 4664 3
3964 4324 9
873 2824 2
2957 4994 7
2950 3806 6
1074 1914 10
898 1893 8
392 526 8
3919 4061 7
331 755 1
855 2055 3
290 1075 7
1156 1429 2
2019 3287 4
1221 2758 4
618 4432 10
46 4298 2
2781 4598 6
2322 3425 1
464 876 3
1211 1842 3
1088 2529 8
2491 4357 3
2723 4872 9
309 2959 9
3115 4993 5
135 325 4
3961 4751 8
2456 2816 8
3899 4402 10
355 2798 8
2037 4706 8
3472 3619 3
652 1531 4
3783 4035 2
2296 4389 7
1183 3714 8
1226 2092 1
818 916 6
555 1108 3
1257 3897 6
1821 3282 6
1324 1412 6
2026 3459 3
369 1921 7
172 432 7
1131 2851 6
1730 4855 1
883 1052 9
1160 2165 1
503 2825 7
1025 1108 1
1233 2105 4
1439 1891 10
980 4338 8
484 3536 2
993 4922 2
3358 4827 2
4610 4931 6
515 2124 10
1135 2387 5
358 1139 7
4019 4104 10
1246 3538 3
596 2440 10
776 3030 4
482 1414 9
443 3785 5
1431 3778 5
3877 4484 4
2590 2728 9
1086 1422 1
1035 3147 4
276 3281 8
2365 3607 3
1935 1997 6
616 4185 4
1767 4582 4
2350 2767 8
446 2457 1
2927 4319 7
3396 4338 9
1246 1285 10
701 3178 5
265 1057 7
1205 1336 7
951 3340 1
82 3414 1
1263 2504 10
1243 3921 3
1469 1914 6
739 2766 6
1284 1518 3
565 1030 10
274 3064 4
943 3337 6
23 2359 4
2576 3165 4
918 1982 10
886 887 7
2597 4199 7
1908 3475 4
712 4782 5
749 1471 8
1395 4915 7
897 4135 5
3674 4440 3
1144 4615 7
38 1498 5
539 4529 3
152 1438 4
1111 2718 5
2439 4054 8
716 2468 1
366 4469 7
1968 2914 5
2128 3916 9
980 2303 10
1030 3979 4
399 3426 3
1465 2390 5
1477 2837 2
1359 3942 2
657 2360 2
852 3614 10
2703 3188 3
450 682 5
11 4076 9
1125 2699 1
2360 4893 8
1006 2511 1
2374 3433 7
1098 2000 8
614 4947 5
2850 4852 1
274 2358 5
4648 4708 4
422 2672 5
1326 2356 1
2075 3245 5
1485 1759 10
993 1137 1
88 4941 5
545 4473 5
986 3709 6
709 4380 8
2061 4846 9
3082 3964 2
448 4897 7
1231 1339 1
128 3678 1
1342 1758 8
2150 4863 2
1239 2422 8
367 4580 7
4122 4588 4
1599 4297 10
1624 3971 2
2645 3077 4
1325 2033 2
1064 2635 7
2167 3815 3
741 880 1
433 2681 8
4013 4486 6
1112 2331 7
2652 4378 6
876 4995 2
892 960 1
437 1244 10
2686 3530 9
950 4941 7
1791 4390 2
2858 3209 5
1456 1867 2
2457 3525 8
303 707 7
544 2196 1
1307 4116 4
1048 3945 3
1469 3872 4
1733 2103 3
1271 3711 3
2666 3386 8
2580 4997 10
2045 3304 6
3817 3961 10
3016 3743 4
237 479 9
391 4090 2
3698 4879 7
1123 2889 9
359 1809 3
3531 4096 9
287 869 9
2072 4721 2
1043 2076 6
809 4976 9
191 1723 7
1389 1395 2
107 3569 9
3029 4655 4
1889 4585 4
972 1311 3
736 3760 5
1694 2060 4
3810 4455 7
563 2014 6
800 2588 5
4439 4857 7
3029 3395 10
19 74 5
657 1663 10
2080 4647 3
2819 4798 1
2690 4110 1
2450 3451 3
578 4876 2
237 1054 3
1177 3242 4
268 2847 1
458 1833 9
362 1949 4
1505 2206 3
2920 3399 4
1999 2975 7
2633 4116 3
3032 3768 6
715 4207 1
1206 4434 6
1125 1328 9
3749 4961 8
1072 3089 6
3 2964 8
1346 4363 2
1439 2126 4
1142 3298 1
2206 4061 7
778 2786 5
2366 3313 6
65 260 1
2609 3990 8
134 576 8
461 4520 8
120 4686 7
3831 4319 5
921 4049 9
3343 4636 4
1057 4645 4
2137 3741 1
1052 1632 4
3252 4138 9
1073 4119 8
1933 3753 2
3547 4765 3
1819 3193 6
22 1721 7
3152 4252 9
670 1925 4
624 4821 4
1934 3569 6
1196 4065 3
2225 2328 1
3140 4765 5
1778 4302 1
2402 4758 3
3867 4949 9
309 314 5
781 2201 3
548 2554 10
4059 4797 4
698 1852 7
37 970 1
1265 4920 2
898 1398 2
1450 2863 1
234 828 9
2498 2971 1
66 3393 3
337 4547 8
1964 3686 9
780 1738 3
3167 4470 6
1319 3626 2
2024 3635 3
3012 3799 9
1907 3714 4
1076 2711 1
1992 2687 9
2060 2891 6
4183 4311 8
981 3087 7
385 1717 7
869 1554 8
3595 3735 5
2543 4589 9
446 1863 9
1223 2899 3
2703 2862 3
2158 2794 2
512 2297 3
2849 2896 4
1075 4813 2
2442 4696 3
235 2334 8
489 4398 4
1837 3859 5
2160 3425 3
1071 1769 1
122 2373 9
1940 4125 3
2472 4875 5
524 2382 3
514 4979 3
628 2773 8
1187 1850 5
1468 2479 3
161 1337 3
2387 3529 7
83 1434 10
1057 2638 10
1514 1962 2
282 2763 6
3249 3608 3
1406 1808 7
225 3902 5
486 4916 6
484 2649 1
700 3593 7
3635 4367 6
2592 3627 8
3159 3268 2
3077 4254 4
1932 3515 7
2969 4466 3
960 2494 2
1047 2892 6
1493 2266 3
2659 3168 1
561 718 9
2445 4631 4
562 1621 6
630 2249 3
3638 3780 2
1657 3158 10
545 2443 4
4638 4687 1
2212 4318 3
947 2656 4
2473 3936 10
4102 4504 10
46 242 6
2640 4366 9
2602 2698 7
3201 3217 3
3238 4740 6
2299 4151 6
2559 4036 9
4095 4162 7
144 2580 7
4859 4878 6
3380 4335 2
3808 4872 5
4528 4837 10
2315 4520 9
1173 2040 7
2695 3450 3
1596 2833 3
3640 3980 2
671 4021 1
1755 4657 8
2395 3781 9
1048 2074 9
1032 2373 10
2715 4536 7
221 4762 10
315 1891 5
390 1483 8
941 3156 9
491 4332 9
3537 4726 2
82 122 2
2424 3851 9
406 1233 8
696 1782 2
2811 4693 4
36 3080 5
2146 2294 6
1724 4482 1
568 1853 9
1383 3336 8
1224 2642 5
2180 4885 10
1809 2889 2
2945 4479 1
622 4771 10
1394 2006 5
1761 3588 3
870 4826 4
692 1211 3
521 2388 5
1126 4902 8
1764 3206 8
1719 2790 3
98 2023 5
224 4567 7
2154 4093 10
1914 4695 3
3811 3983 5
2881 4741 3
341 2098 5
3808 4564 5
1962 3183 10
1613 4681 7
195 4576 1
956 4524 4
3328 4205 10
2550 3218 10
2873 4104 8
508 582 1
1927 4605 1
508 4609 10
672 1740 10
469 1265 7
2377 2507 10
34 4046 4
2192 2991 6
2588 2992 10
2553 3970 1
2781 4602 9
4655 4988 5
1772 2088 9
1738 2548 3
1549 2090 4
1787 2106 1
365 2451 10
2067 2263 10
432 3144 4
2468 3350 2
1444 3566 7
3848 4465 1
795 3599 7
1860 2618 1
2164 4469 6
2237 3252 8
320 4770 7
1448 2829 9
2974 3821 3
1878 2366 9
1898 4793 10
3922 4491 6
2348 3180 9
162 4802 8
159 3330 1
1174 2658 5
750 3059 2
1343 3413 10
580 4547 2
657 2216 7
585 1559 7
1956 3929 8
3628 4277 2
2429 2909 8
1659 2231 4
1668 1980 9
1995 3931 4
1863 2510 5
1780 3601 7
1523 2506 2
554 4587 7
2215 3948 8
19 2951 5
3444 4473 2
18 1628 5
259 2274 2
3276 4700 7
127 593 9
1702 3361 3
569 4282 9
800 4753 1
2209 4890 8
1750 2651 1
3279 3886 1
425 2233 8
987 1003 10
1339 4769 3
3115 4392 10
48 4201 9
2663 3528 10
1114 1906 1
604 4598 2
770 2137 8
1054 3062 3
2318 4647 2
1087 1148 4
625 1106 8
804 3341 5
377 670 4
153 4016 8
1654 2147 5
2986 4392 6
1245 2763 3
2238 2973 8
1311 1409 4
653 1359 10
52 1845 6
1287 4653 6
2162 3588 4
23 2957 6
347 3563 10
3202 4914 4
704 3857 1
967 3643 4
4419 4975 2
622 1156 6
1021 3044 10
3124 4623 5
2388 4448 7
31 1269 3
1792 3800 9
2393 4262 1
1848 4161 2
1080 4069 5
630 3978 1
1576 3529 3
1837 3606 1
725 2866 8
455 1111 7
1555 2558 6
172 2289 4
4195 4487 5
2289 4591 4
304 1489 4
1482 4134 4
952 2579 3
1456 3948 9
3005 4347 8
47 1309 5
476 2985 8
251 2594 8
180 3882 8
1200 3422 7
2380 3811 6
4090 4218 8
4959 4977 7
1522 3261 8
753 4914 3
438 1503 7
1406 4987 3
1630 4898 2
495 1918 2
3152 3365 2
333 1229 10
2183 4919 5
643 3221 10
3830 4063 3
790 1597 10
782 4891 10
711 3519 10
1299 3585 8
530 1544 8
316 1993 5
964 2844 6
269 3230 3
2060 3350 7
2518 3184 4
2803 4381 9
2445 2562 2
606 2409 4
4350 4945 7
1280 2447 1
1633 2194 9
1093 3152 8
1164 3788 6
1132 3241 7
1586 4766 7
1255 3472 10
3338 4478 6
4127 4691 9
1148 4008 8
1920 2584 9
2453 3350 7
71 78 1
1017 3600 8
2275 4774 2
2486 3811 6
2481 4980 3
1210 2272 1
1803 3418 9
335 2723 1
1918 2466 8
990 4398 2
953 3545 8
1602 4736 3
2582 2733 1
637 3582 5
1298 4714 6
3391 4138 10
1796 3617 8
1503 2920 4
788 4174 9
1719 3025 9
254 2221 7
233 1946 10
2478 2588 1
1883 2759 1
406 3584 7
1186 4285 8
3795 4786 5
635 1025 3
3017 4229 6
735 2457 8
412 3965 9
460 2342 8
1731 3112 8
2547 2777 10
508 1696 2
959 2933 10
262 500 6
2686 4394 6
1713 1866 10
715 1504 3
827 3416 3
423 4199 5
1592 2523 5
308 3669 7
77 462 6
677 4530 10
787 1318 6
394 1495 2
787 4934 5
14 4913 8
964 3373 9
1789 4171 4
2264 4742 3
192 4027 6
2208 4966 10
114 3085 7
2840 2866 5
567 1946 1
1083 2433 7
3508 4574 3
350 4256 3
2724 4485 6
940 2553 6
2139 3293 7
1801 4903 6
357 927 7
1078 2453 4
3042 4132 9
742 3346 2
2246 4448 4
1007 1617 1
1840 3470 10
1320 3091 4
1336 1707 4
3991 4308 1
2043 3984 7
1749 2171 3
600 1480 9
111 568 8
2009 4558 4
2913 4802 6
411 4058 4
1475 2600 7
283 4518 5
1597 4597 5
1204 4511 7
1182 1289 6
1276 2449 6
1142 1147 9
1601 4940 1
471 2332 4
534 2543 10
3638 4718 6
890 2548 4
704 3811 8
314 1040 9
817 1154 8
1224 1227 3
11 1010 4
3732 4996 5
2543 4552 9
71 1941 5
1129 2104 9
2726 4821 6
2114 2707 5
2503 4211 2
2142 3006 6
136 1306 7
1436 2262 6
964 4561 2
1434 4710 1
1774 1796 9
3376 4196 6
1107 2734 5
1416 2579 8
2691 4117 9
3194 4518 8
637 2407 8
855 2192 7
717 1758 8
2997 4541 6
2639 4052 3
42 4854 3
816 4347 2
1468 3281 1
3413 4682 8
566 1332 7
217 545 2
1789 2202 6
1604 1620 9
115 273 10
2580 2781 5
365 2874 8
1737 2130 10
355 583 3
1882 3183 2
627 3047 5
269 1414 5
1136 4572 7
3298 4473 2
1199 3482 3
572 2338 3
602 2488 10
609 666 8
1369 3900 1
1632 1651 9
3362 3499 4
763 4292 4
2060 2579 8
3857 4867 3
531 1177 2
742 3565 2
440 1919 6
318 3462 2
765 4906 5
1552 3300 8
2568 2884 7
1118 1350 9
2332 4111 10
2792 3583 4
1057 4384 1
1971 4945 6
169 4053 7
797 3381 7
34 1886 10
432 3802 4
2098 3726 1
2628 2740 10
167 3875 2
3594 4941 1
1577 2402 8
432 1360 4
4197 4583 8
1906 3610 3
1044 1858 7
658 1087 2
1532 1888 2
3914 4195 5
257 906 1
3810 4099 8
2307 3243 6
737 2917 3
196 1251 1
464 2301 2
923 1068 10
2219 4779 4
2377 4340 9
2370 2814 1
1602 3254 2
366 856 4
1483 1491 2
2551 2587 8
755 4814 7
3151 3759 10
1961 4948 9
4470 4804 3
1 4729 3
139 3327 2
626 3698 10
1813 2835 4
152 949 4
3365 3936 7
1163 1288 4
2325 2715 2
688 1556 7
1860 2834 8
2139 3937 9
1886 4918 3
1393 4818 5
354 4954 10
519 1127 2
1700 4031 9
703 3191 9
1167 4240 3
1728 4248 2
468 2293 1
1311 1393 8
745 3171 10
99 783 8
1147 2814 1
1618 3912 7
1421 4816 9
416 1082 7
2339 4182 10
714 2247 8
318 721 2
3497 3983 8
1082 3959 4
1289 4611 1
746 2312 2
1998 4895 6
2280 4881 9
686 4837 5
2400 3454 6
1693 3798 6
3368 3748 2
3568 3785 9
773 3239 4
1693 4903 3
1894 4982 9
913 2406 8
830 4956 2
539 1625 9
458 1486 10
1086 1369 6
853 3549 4
979 980 7
1259 3866 5
314 3635 10
622 926 1
1520 2022 2
695 1550 2
389 571 4
101 4437 6
1009 2745 10
1626 3572 7
1037 2106 9
3695 4343 10
186 2824 2
653 3520 4
884 3220 10
215 2580 5
1010 2928 3
347 2333 4
3515 3745 5
143 1449 9
163 4329 6
444 816 5
122 4324 7
540 631 8
1836 3744 5
1592 1720 9
335 3270 5
1580 4226 4
781 1807 1
4273 4370 5
28 4659 4
3342 3922 3
2041 2884 2
1106 1966 6
690 4868 6
537 1129 9
214 2819 7
189 1046 2
3584 4424 6
3137 3450 4
1597 1893 9
2039 4505 8
2067 2565 4
656 1063 5
787 4434 2
790 3423 10
1843 2886 4
2560 4827 6
538 1308 8
739 2872 7
1196 1305 5
753 3665 5
2568 4321 7
1092 1455 2
2780 3971 9
246 960 9
1019 2139 7
2374 3906 1
172 4484 8
2932 2961 7
2099 4759 10
1553 3284 10
2359 4205 3
2047 3520 10
1695 2476 8
1758 4844 2
1908 4166 10
1104 3579 9
1258 4001 3
2836 2931 1
3881 4112 9
1453 4722 7
1076 2132 10
2114 4321 6
2871 4873 9
2288 2994 10
1128 2495 10
3900 4856 1
3859 4679 3
283 2095 8
179 600 2
1413 1936 6
3294 4397 7
822 2270 2
2156 2211 4
1000 1743 8
4102 4118 3
1465 4588 9
2048 3376 3
282 1574 2
682 977 4
3246 4936 9
2275 2644 3
2334 3373 9
229 4163 8
3617 3918 6
1489 4766 9
561 1801 8
1010 3097 3
975 4901 7
2301 4900 7
3021 4494 4
1470 3545 4
1304 4050 5
4164 4593 7
2183 4660 6
749 4953 6
223 1319 4
1956 3994 3
2382 4966 9
4344 4850 10
1812 2027 1
366 1956 7
31 2363 6
120 3034 1
1731 2052 5
1656 3353 8
1625 3533 5
1949 3819 1
561 4655 3
3626 4968 3
871 1968 7
216 4562 9
3 4987 10
918 2271 3
108 915 6
500 4734 3
1224 3622 2
1663 3727 5
523 910 10
21 2767 6
1139 1563 6
3097 4914 4
652 1261 5
1047 3673 7
1743 2338 3
3190 4843 4
2133 3330 10
2631 3148 3
649 4198 3
395 867 9
1964 3228 7
1288 1698 2
1008 3114 7
3434 3546 5
158 1962 6
4018 4632 8
1800 2291 7
661 2387 7
2380 3234 6
2371 3254 2
229 2889 2
3453 3696 7
2370 2560 9
1347 3884 8
2295 3955 8
1117 4311 8
440 1016 9
640 891 2
1006 3604 7
2111 4273 7
1084 3324 1
183 1095 3
197 739 6
101 2751 5
22 1090 7
420 1751 9
528 2817 7
2235 3411 1
4578 4675 2
2170 4169 2
3109 4934 4
2725 3292 9
1454 4156 7
162 2126 10
106 538 3
1229 3159 9
3076 4071 10
885 2165 2
2149 4331 2
2563 2826 1
2946 4894 8
206 2045 6
132 1458 4
402 3421 3
2016 4873 4
1881 3055 9
3513 3521 4
718 1351 4
460 4210 5
1409 1419 7
1701 2847 4
898 2798 1
1666 3363 10
2274 3655 5
56 2978 5
28 2573 7
1126 1434 8
2868 4438 8
3255 3726 1
3643 3815 1
2379 3093 2
3038 3659 7
2132 2456 1
2467 4922 1
2381 3228 6
2031 3478 2
857 3340 2
217 1909 10
367 2656 6
4752 4812 10
225 2099 1
1555 4799 7
3001 3930 8
730 4791 10
1705 3062 4
1639 2666 1
3283 3952 8
700 2219 6
2146 2574 7
2863 4170 3
18 3609 10
2699 4767 5
618 1213 3
2286 2980 6
4040 4370 7
2153 4115 2
932 1130 6
121 437 9
538 4624 2
3916 4407 7
3232 3962 3
650 3868 9
1873 4796 9
2561 4098 4
636 3981 5
82 4889 10
2120 3142 3
1213 4717 7
1900 3119 4
956 4777 5
571 4479 1
2439 2759 5
93 4588 9
3920 4827 9
912 1296 10
3609 4424 10
1211 2258 7
1923 3616 4
422 1058 2
194 2879 7
2234 4432 7
1060 2825 2
413 2327 2
3180 4412 2
3745 4948 10
885 1644 10
1096 3326 6
3093 4765 1
2321 2672 4
3006 3266 8
4173 4480 4
1174 2121 4
196 2677 7
1640 1954 8
1253 2833 3
3510 4093 9
2753 3354 9
2459 4920 6
1156 3779 8
1767 3326 8
533 3427 6
1680 4783 1
434 1698 1
813 3788 3
289 1389 2
963 4598 4
2439 2542 10
793 4235 3
597 1286 9
3085 3264 1
486 4946 9
1735 3594 4
2912 4623 10
625 1828 8
2436 2590 6
1079 1373 10
660 1168 5
2637 2853 2
613 1014 5
161 430 5
154 4258 2
199 4280 3
996 998 9
129 2268 6
198 3854 1
250 3620 8
1370 3424 3
856 4919 7
375 3338 3
2161 3484 10
1817 2406 5
1926 3026 9
10 4698 5
1490 4267 10
922 3171 7
1079 4607 6
2695 3197 8
2265 3245 9
289 4875 2
1760 4859 4
2459 2890 10
1704 2342 2
2589 4303 7
2171 4547 3
1141 1997 4
397 1809 1
1621 2801 6
1473 4159 9
1533 1996 10
57 1968 5
3492 3690 10
1626 2167 3
194 4540 9
2550 4438 2
1443 4312 1
1981 2750 6
106 2322 4
4224 4489 9
2427 3150 2
428 1091 6
536 1704 5
3575 4066 4
792 4449 1
1588 4018 3
771 4149 6
2745 3439 10
2141 4668 6
2974 4513 3
610 4497 7
45 479 3
2095 2197 3
508 2353 9
433 1901 5
2526 4197 10
1022 3646 6
1807 4248 6
972 4961 7
713 2297 2
3311 3482 2
1219 2458 3
3493 4637 10
3292 3952 1
2318 4775 1
2174 4247 5
937 4958 5
2731 3084 4
1685 2048 6
2313 4398 5
1266 2627 5
459 2592 5
1203 1651 10
431 569 10
2931 4069 1
3855 4287 10
465 717 5
2307 2378 9
1194 3849 3
3679 4761 6
33 3925 9
2449 2708 10
3415 4879 10
2353 4963 5
14 593 9
1228 4335 5
382 2250 4
354 4649 3
2723 3308 4
2266 4082 10
1078 3965 6
2123 3275 4
731 4653 9
386 2824 10
1531 1579 10
612 2288 1
1558 1796 3
2012 4382 1
2224 4715 8
180 555 6
1555 4865 8
3236 4488 9
4113 4810 3
1310 2182 7
1876 4197 10
217 3484 4
245 1730 9
1536 3804 3
2813 3933 4
2494 3918 4
2407 3232 4
1076 4223 9
3177 4604 3
104 2892 7
1300 3578 6
1090 1286 2
1597 4162 6
998 3878 9
1243 1619 10
1471 3690 1
1326 2785 3
281 2572 8
827 3852 2
1073 3225 7
982 3049 5
2903 4326 9
604 3305 7
3651 4252 1
3707 4605 1
3052 4834 4
1249 2665 3
2717 2927 6
1340 3764 2
2865 4011 1
298 2708 8
1257 1458 3
1549 3158 4
691 4826 4
1191 3078 5
258 1768 5
1646 2265 6
670 4666 4
922 4986 7
3268 4333 8
2894 3201 1
438 1795 2
697 4864 7
626 4761 8
2670 3356 7
3407 4934 7
1957 3134 4
2031 3943 5
3326 4736 8
1883 2173 5
167 277 7
1770 2053 9
1341 2289 6
3199 3295 5
231 3214 3
208 2284 9
460 702 10
1985 4968 1
796 4600 10
1368 4102 8
1125 3323 10
1580 1872 4
1394 2228 9
3183 4020 8
1450 2297 10
2262 3036 8
822 4925 10
510 2588 2
3228 4801 5
2550 2572 2
3963 4151 10
891 1327 9
1221 2710 4
654 1401 6
1161 4558 1
1238 3586 8
1414 4117 4
243 2286 4
4298 4610 10
2874 3753 1
1178 4857 8
4001 4632 3
833 1862 7
1223 3967 2
3420 3874 9
71 1342 3
2474 2548 8
1517 4727 9
2131 2338 7
1440 4469 9
296 586 9
689 1020 9
504 829 10
143 2856 2
1074 1402 6
2684 2852 2
2396 2557 2
27 2046 7
1125 1907 10
2552 3003 2
1693 3902 10
1862 4900 8
888 4554 4
1737 4157 1
486 1980 4
1169 1732 5
1735 2145 7
547 4656 6
3158 4682 1
1042 2077 6
2927 3507 4
767 2102 7
4716 4755 7
133 1377 3
2041 2281 9
1639 3469 6
3151 4519 10
113 4073 6
2421 2587 6
42 2494 5
2672 4275 7
1093 2227 2
426 810 10
1314 4950 3
1426 1819 5
4 168 7
2765 3803 10
1561 4075 5
1257 3278 2
2563 3035 6
428 2082 1
3033 4931 9
293 1725 10
67 292 7
476 4199 9
2361 4579 8
598 2884 4
603 2023 5
4294 4576 1
128 1852 5
4368 4456 1
2804 4779 3
638 1680 7
2818 3669 5
3089 4560 1
1135 3894 3
736 4468 6
4051 4417 3
1873 2213 2
2050 4611 1
48 2788 3
1727 1814 1
3110 3645 10
2099 4233 5
868 3445 7
967 2801 1
336 2410 4
1273 2914 2
3709 3947 3
471 1520 7
3468 4142 7
837 2737 9
1896 3425 3
3249 3910 4
2960 4816 8
1891 2616 1
3896 4817 9
2425 4919 5
274 2264 8
1180 3249 8
45 4695 3
4292 4995 1
547 3584 5
1205 1398 2
2319 2481 3
615 1603 6
774 1013 7
1975 3580 4
1110 1378 4
1045 4988 4
695 2488 8
1394 4108 5
39 1310 7
377 2611 7
4278 4745 10
1302 4201 3
250 2305 4
1392 2780 5
2001 3908 3
435 1819 1
806 2567 6
2172 3309 3
393 1666 5
2071 2412 5
477 1192 3
1439 2632 4
772 912 6
1360 2159 1
905 3174 4
492 4629 8
179 1893 10
656 3959 3
4320 4608 4
1336 3954 7
2712 3244 2
991 4724 9
701 978 2
3186 4726 4
647 1436 3
364 1150 9
2599 3549 5
2787 3974 1
2762 4850 2
982 1460 6
392 2715 4
605 1003 3
2589 3928 5
3064 3998 10
2645 3279 7
862 1316 7
1203 4632 7
1822 1943 10
1129 2693 9
753 2234 1
3303 4998 3
1527 4236 1
4394 4502 4
1946 3547 8
2506 3134 6
413 4597 6
3591 4322 5
1408 2932 4
1802 1928 10
2480 2576 3
41 3776 9
2406 3042 5
421 1231 8
1394 3363 9
718 2489 10
1253 2655 3
1184 4683 9
2145 4133 1
4172 4719 5
3624 4369 8
179 1985 2
2949 3757 2
3220 4536 5
1118 4696 7
134 211 6
1619 3754 5
650 3721 8
670 3231 4
1097 2224 8
4102 4871 6
3021 3859 9
2666 4842 5
945 3039 4
87 686 1
1643 3115 9
794 4545 5
889 2511 10
197 3302 8
2069 3954 4
103 4369 3
2300 2455 8
1136 2040 8
1020 1222 6
2235 4327 10
3498 4881 7
1398 2025 10
1371 4507 2
1678 3984 5
1363 4962 8
1482 2338 4
1070 2517 4
359 1506 9
3610 4526 8
891 2989 9
472 2323 7
178 1108 3
2154 3240 9
957 4692 6
138 359 4
1942 4557 5
4179 4842 1
962 4164 7
2581 3149 4
202 2201 2
1553 2764 10
1478 4180 9
1172 1793 2
4029 4844 6
550 4742 6
878 1707 9
1742 1924 6
1966 4282 5
103 4273 9
21 3032 6
3682 3959 5
626 2759 5
946 3807 7
2683 4831 10
1564 3002 3
200 1381 1
122 2886 6
13 1903 8
1284 4042 9
3269 3499 7
920 2895 2
3980 4901 6
2641 3060 10
1139 2125 4
477 3066 6
2114 3635 7
1623 4190 2
323 1994 6
1146 4440 9
865 1247 10
774 1694 8
2684 4604 10
525 1597 9
1332 2335 5
1596 2315 2
1762 4780 10
1419 4984 8
1091 3576 8
2971 3198 8
3967 4377 1
2280 2610 5
1234 1249 3
2395 2739 4
2239 3612 5
3645 3811 8
117 2050 2
4106 4485 10
2043 4912 1
888 2733 3
2007 3440 3
1069 3199 2
4179 4333 9
3942 4915 9
603 1526 8
857 2636 1
2155 3944 7
1740 1927 8
77 1716 8
1063 4680 3
261 1390 5
3993 4197 8
603 4175 10
752 1280 5
1886 3381 3
2190 3867 10
886 4887 1
2496 3332 8
2519 2533 1
2907 4209 1
2574 4980 2
196 880 8
4279 4812 5
3430 4389 10
3395 3588 9
2282 2632 9
2509 2643 4
115 2274 9
3202 3650 9
3565 3779 7
1223 2103 8
2196 3342 4
398 1000 7
1353 3130 9
3206 4881 4
2516 4090 1
1523 2921 3
3129 4503 9
3807 3826 7
199 4733 10
372 1630 4
815 2738 3
2263 3254 7
1500 1965 2
2429 4257 9
626 945 9
290 496 4
839 2003 5
40 3859 2
612 3015 7
2163 3590 10
1353 2921 10
2690 4629 3
1561 2211 7
1076 4763 2
3095 4113 9
2037 2677 6
3014 3606 4
1654 2708 3
753 5000 9
1755 3087 9
2877 4021 4
180 548 1
667 2550 8
2503 2512 10
1312 4039 3
4517 4801 9
4402 4871 2
303 2872 6
544 1565 10
2278 2753 5
391 2320 5
1226 1844 2
2661 4823 3
1031 3011 8
2111 4051 8
4152 4762 3
1012 3653 8
2285 4135 5
794 4060 3
714 2553 1
2325 3977 3
130 526 9
1194 3521 1
1957 4604 1
1396 4574 7
1014 1559 5
2904 4514 2
703 3093 6
824 4529 10
70 2368 4
994 2987 4
2911 3891 7
3314 3364 3
1398 4620 7
2349 4861 7
844 1319 4
2725 3532 6
1244 4539 5
2403 2992 7
1161 4331 4
1033 4957 2
1683 4553 10
610 2591 4
528 1274 7
1742 2578 4
579 3431 4
1424 3844 4
1155 1521 8
3882 4508 5
3166 4085 4
68 3570 3
2606 2878 10
1744 2073 2
2836 3994 1
3506 4969 10
1199 1778 1
1901 4324 10
405 3651 6
2948 4507 7
2760 4380 3
1506 3934 9
2278 3271 1
2528 3103 1
709 4844 5
1074 3978 7
1801 1927 3
3509 4785 7
848 1787 7
237 4419 6
3431 3872 10
1526 2798 10
1872 2299 3
1237 1273 7
4252 4622 3
144 2260 6
357 3246 10
2192 3437 10
1379 4641 5
2873 4801 1
2234 4619 5
457 2551 8
836 971 2
2218 3425 7
2010 3758 2
3269 3676 6
3355 3617 5
749 3428 3
494 4694 1
4044 4371 3
1599 3861 6
2179 2279 5
2542 3756 10
1930 4541 5
3609 4974 2
83 3113 9
4791 4954 4
2474 2739 9
583 2207 8
764 3516 10
2017 2124 4
1706 2835 1
2524 3611 6
3098 3617 4
2743 3016 4
858 1420 6
181 2899 5
821 3817 2
171 4128 3
4150 4341 8
1292 3662 9
2788 4053 10
987 3500 2
123 1977 10
870 2938 10
2672 3516 3
421 4120 2
1459 2563 3
1184 1553 7
4448 4493 9
332 3160 2
2389 3096 1
852 2388 8
164 3204 1
1669 4402 8
2894 3675 5
326 1030 9
652 4254 9
2299 2709 6
2589 3883 9
2425 2510 4
976 3429 2
772 4774 1
87 2880 9
280 3053 8
1244 3749 4
1954 2885 7
1119 3383 1
637 2154 4
1459 2838 2
62 370 3
942 4965 8
552 1706 6
